"","Name_submitted","Accepted_name","Family","Order","Superorder","Group (Dicot, Monocot, Gymnosperm, Fern)","Sample reference code","Life cycle habit (annual, biennial, perennial)","Plant growth habit (aquatic, forb, graminoid,  herbaceous vine, liana, shrub, tree)","Nearctic","Neotropic","Palearctic","Afrotropic","Indo-Malay","Australasia","Oceania","Number of Biogeographic Realms","Tropical and Subtropical Moist Broadleaf Forests","Tropical and Subtropical Dry Broadleaf Forests","Tropical and Subtropical Coniferous Forests","Temperate Broadleaf and Mixed Forests","Temperate Coniferous Forests","Boreal Forests/Taiga","Tropical and Subtropical Grasslands, Savannas, and Shrublands","Temperate Grasslands, Savannas, and Shrublands","Flooded Grasslands and Savannas","Montane Grasslands and Shrublands","Tundra","Mediterranean Forests, Woodlands, and Scrub","Deserts and Xeric Shrublands","Mangroves","Number of Biomes","C (%)","S (%)","R (%)","CSR","Colour values for SigmaPlot","Growth habit (grey shade)","Growth habit (colour)","Growth habit (symbol)"
"1","Abarema cochliocarpos (Gomes) Barneby & J.W. Grimes","Abarema cochliocarpos","Fabaceae","Fabales","Rosanae","Dicot","Pinho","perennial","tree",0,1,0,0,0,0,0,1,1,0,0,0,0,0,1,0,0,0,0,0,0,0,2,22.8339263881207,61.3887427229836,15.7773308888956,"S/CSR","@rgb(58,157,40)","@rgb(255,255,255)","@rgb(128,0,0)","@symbol(3,512,0)"
"2","Abarema macradenia (Pittier) Barneby & J.W. Grimes","Jupunba macradenia","Fabaceae","Fabales","Rosanae","Dicot","Wright","perennial","tree",0,1,0,0,0,0,0,1,1,0,0,0,0,0,0,0,0,0,0,0,0,0,1,54.7589519180124,45.2410480819876,0,"CS","@rgb(140,115,0)","@rgb(255,255,255)","@rgb(128,0,0)","@symbol(3,512,0)"
"3","Abuta racemosa (Thunb.) Triana & Planch.","Abuta racemosa","Menispermaceae","Ranunculales","Ranunculanae","Dicot","Wright","perennial","liana",0,1,0,0,0,0,0,1,1,0,0,0,0,0,0,0,0,0,0,0,0,0,1,29.5945470543439,63.1220993235161,7.28335362213998,"S/CS","@rgb(75,161,19)","@rgb(128,128,128)","@rgb(128,128,128)","@symbol(3,512,0)"
"4","Abutilon theophrasti Medik.","Abutilon theophrasti","Malvaceae","Malvales","Rosanae","Dicot","Cerabolini/Pierce","annual","forb",0,0,0,0,1,0,0,1,1,1,0,0,0,0,0,0,0,1,0,0,1,0,4,66.5942835268611,14.0676981940679,19.338018279071,"C/CR","@rgb(170,36,49)","@rgb(192,192,192)","@rgb(192,192,192)","@symbol(2,512,0)"
"5","Acalypha diversifolia Jacq.","Acalypha diversifolia","Euphorbiaceae","Malpighiales","Rosanae","Dicot","Wright","perennial","shrub",0,1,0,0,0,0,0,1,1,1,1,0,0,0,1,0,0,1,0,0,1,0,6,43.5186207416452,35.9320792220485,20.5493000363063,"CS/CSR","@rgb(111,92,52)","@rgb(192,192,192)","@rgb(0,0,0)","@symbol(6,512,0)"
"6","Acalypha macrostachya Jacq.","Acalypha macrostachya","Euphorbiaceae","Malpighiales","Rosanae","Dicot","Wright","perennial","shrub",0,1,0,0,0,0,0,1,1,1,1,0,0,0,1,0,0,1,0,0,1,0,6,67.9070286440951,11.3000660254073,20.7929053304976,"C/CR","@rgb(173,29,53)","@rgb(192,192,192)","@rgb(0,0,0)","@symbol(6,512,0)"
"7","Acalypha virginica L.","Acalypha virginica","Euphorbiaceae","Malpighiales","Rosanae","Dicot","Cerabolini/Pierce","annual","forb",1,0,0,0,0,0,0,1,0,0,0,1,1,1,0,1,0,0,0,0,0,0,4,28.015624598301,30.0827548819248,41.9016205197742,"CSR","@rgb(71,77,107)","@rgb(192,192,192)","@rgb(192,192,192)","@symbol(2,512,0)"
"8","Acer campestre L.","Acer campestre","Sapindaceae","Sapindales","Rosanae","Dicot","Cerabolini/Pierce","perennial","tree",0,0,1,0,0,0,0,1,0,0,0,1,1,0,0,1,0,0,0,1,0,0,4,42.2899616471499,29.4104181593143,28.2996201935358,"CSR","@rgb(108,75,72)","@rgb(255,255,255)","@rgb(128,0,0)","@symbol(3,512,0)"
"9","Acer monspessulanum L.","Acer monspessulanum","Sapindaceae","Sapindales","Rosanae","Dicot","Díaz","perennial","tree",0,0,1,0,0,0,0,1,0,0,0,1,1,0,0,0,0,0,0,1,1,0,4,23.4860824679986,68.825891770323,7.68802576167846,"S/CS","@rgb(60,176,20)","@rgb(255,255,255)","@rgb(128,0,0)","@symbol(3,512,0)"
"10","Acer negundo L.","Acer negundo","Sapindaceae","Sapindales","Rosanae","Dicot","Cerabolini/Pierce","perennial","tree",1,1,0,0,0,0,0,2,1,1,1,1,1,1,0,1,0,0,0,0,1,0,8,50.3802345739496,23.3118171871648,26.3079482388856,"C/CSR","@rgb(128,59,67)","@rgb(255,255,255)","@rgb(128,0,0)","@symbol(3,512,0)"
"11","Acer opalus Mill.","Acer opalus","Sapindaceae","Sapindales","Rosanae","Dicot","Cerabolini/Pierce","perennial","tree",0,0,1,0,0,0,0,1,0,0,0,0,0,0,0,0,0,0,0,1,0,0,1,47.5493826267889,25.573654075573,26.8769632976382,"C/CSR","@rgb(121,65,69)","@rgb(255,255,255)","@rgb(128,0,0)","@symbol(3,512,0)"
"12","Acer platanoides L.","Acer platanoides","Sapindaceae","Sapindales","Rosanae","Dicot","Cerabolini/Pierce","perennial","tree",0,0,1,0,0,0,0,1,0,0,0,1,1,0,0,0,0,0,0,1,0,0,3,48.7565445832724,35.3133901332443,15.9300652834832,"CS/CSR","@rgb(124,90,41)","@rgb(255,255,255)","@rgb(128,0,0)","@symbol(3,512,0)"
"13","Acer pseudoplatanus L.","Acer pseudoplatanus","Sapindaceae","Sapindales","Rosanae","Dicot","Díaz","perennial","tree",0,0,1,0,0,0,0,1,0,0,0,1,1,0,0,0,0,0,0,1,0,0,3,37.5106323984026,54.9348151204904,7.554552481107,"CS","@rgb(96,140,19)","@rgb(255,255,255)","@rgb(128,0,0)","@symbol(3,512,0)"
"14","Acer saccharum Marshall","Acer saccharum","Sapindaceae","Sapindales","Rosanae","Dicot","Shipley","perennial","tree",1,1,0,0,0,0,0,2,0,0,1,1,1,0,0,1,0,0,0,0,0,0,4,27.1308181085204,56.4405570485459,16.4286248429337,"S/CSR","@rgb(69,144,42)","@rgb(255,255,255)","@rgb(128,0,0)","@symbol(3,512,0)"
"15","Aceras anthropophorum (L.) W.T. Aiton","Orchis anthropophora","Orchidaceae","Asparagales","Lilianae","Monocot","Kleyer","perennial","forb",0,0,1,0,0,0,0,1,0,0,0,1,0,0,0,0,0,0,0,1,0,0,2,41.3278781952615,0,58.6721218047385,"CR","@rgb(105,0,150)","@rgb(192,192,192)","@rgb(192,192,192)","@symbol(2,512,0)"
"16","Achillea atrata L.","Achillea atrata","Asteraceae","Asterales","Asteranae","Dicot","Caccianiga","perennial","forb",0,0,1,0,0,0,0,1,0,0,0,1,1,1,0,0,0,0,0,0,0,0,3,10.1270518108164,25.2710696573478,64.6018785318357,"R/SR","@rgb(26,64,165)","@rgb(192,192,192)","@rgb(192,192,192)","@symbol(2,512,0)"
"17","Achillea cartilaginea Ledeb.",NA,"Asteraceae","Asterales","Asteranae","Dicot","Kleyer","perennial","forb",0,0,1,0,0,0,0,1,0,0,0,1,0,1,0,0,0,0,0,0,0,0,2,23.4754056097157,26.1946057682883,50.329988621996,"R/CSR","@rgb(60,67,128)","@rgb(192,192,192)","@rgb(192,192,192)","@symbol(2,512,0)"
"18","Achillea clavenae L.","Achillea clavennae","Asteraceae","Asterales","Asteranae","Dicot","Cerabolini","perennial","forb",0,0,1,0,0,0,0,1,0,0,0,1,1,0,0,0,0,0,0,0,0,0,2,48.5466393224619,0,51.4533606775381,"CR","@rgb(124,0,131)","@rgb(192,192,192)","@rgb(192,192,192)","@symbol(2,512,0)"
"19","Achillea collina (Becker ex Rchb. f.) Heimerl","Achillea collina","Asteraceae","Asterales","Asteranae","Dicot","Kleyer","perennial","forb",0,0,1,0,0,0,0,1,0,0,0,1,1,0,0,0,0,0,0,1,0,0,3,41.0204198829952,15.7874837638998,43.192096353105,"CR/CSR","@rgb(105,40,110)","@rgb(192,192,192)","@rgb(192,192,192)","@symbol(2,512,0)"
"20","Achillea macrophylla L.","Achillea macrophylla","Asteraceae","Asterales","Asteranae","Dicot","Cerabolini/Pierce","perennial","forb",0,0,1,0,0,0,0,1,0,0,0,1,1,0,0,0,0,0,0,1,0,0,3,64.7077179107703,0,35.2922820892297,"C/CR","@rgb(165,0,90)","@rgb(192,192,192)","@rgb(192,192,192)","@symbol(2,512,0)"
"21","Achillea millefolium L.","Achillea millefolium","Asteraceae","Asterales","Asteranae","Dicot","Cerabolini/Pierce","perennial","forb",1,0,1,0,0,0,0,2,0,0,0,1,1,1,0,1,0,1,1,1,1,0,8,22.0177339375738,58.8050238475134,19.1772422149128,"S/CSR","@rgb(56,150,49)","@rgb(192,192,192)","@rgb(192,192,192)","@symbol(2,512,0)"
"22","Achillea moschata Wulfen","Achillea erba-rotta subsp. moschata","Asteraceae","Asterales","Asteranae","Dicot","Cerabolini/Pierce","perennial","forb",0,0,1,0,0,0,0,1,0,0,0,1,1,0,0,0,0,0,0,0,0,0,2,5.80086511514527,58.9390137190426,35.2601211658121,"SR","@rgb(15,150,90)","@rgb(192,192,192)","@rgb(192,192,192)","@symbol(2,512,0)"
"23","Achillea pannonica Scheele","Achillea pannonica","Asteraceae","Asterales","Asteranae","Dicot","Kleyer","perennial","forb",0,0,1,0,0,0,0,1,0,0,0,1,1,0,0,0,0,0,0,1,0,0,3,23.7914493555635,76.2085506444365,0,"S/CS","@rgb(61,194,0)","@rgb(192,192,192)","@rgb(192,192,192)","@symbol(2,512,0)"
"24","Achillea roseo-alba Ehrend.","Achillea roseo-alba","Asteraceae","Asterales","Asteranae","Dicot","Cerabolini/Pierce","perennial","forb",0,0,1,0,0,0,0,1,0,0,0,1,1,0,0,0,0,0,0,0,0,0,2,36.2031940716857,14.1106392758773,49.6861666524371,"CR/CSR","@rgb(92,36,127)","@rgb(192,192,192)","@rgb(192,192,192)","@symbol(2,512,0)"
"25","Achnatherum calamagrostis (L.) P. Beauv.","Achnatherum calamagrostis","Poaceae","Poales","Lilianae","Monocot","Cerabolini/Pierce","perennial","graminoid",0,0,1,0,0,0,0,1,0,0,0,1,1,0,0,0,0,0,0,1,0,0,3,43.3692382355552,40.8572517719196,15.7735099925252,"CS/CSR","@rgb(111,104,40)","@rgb(0,0,0)","@rgb(0,128,0)","@symbol(4,512,0)"
"26","Acinos arvensis (Lam.) Dandy","Clinopodium acinos","Lamiaceae","Lamiales","Asteranae","Dicot","Kleyer","perennial","forb",0,0,1,0,0,0,0,1,0,0,0,1,1,1,0,1,0,0,1,1,0,0,6,2.87490494473756,50.8944123873278,46.2306826679346,"SR","@rgb(7,130,118)","@rgb(192,192,192)","@rgb(192,192,192)","@symbol(2,512,0)"
"27","Aconitum lycoctonum L.","Aconitum lycoctonum","Ranunculaceae","Ranunculales","Ranunculanae","Dicot","Kleyer","perennial","forb",0,0,1,0,0,0,0,1,0,0,0,1,1,1,0,0,0,0,1,1,0,0,5,74.0277799396392,0,25.9722200603608,"C/CR","@rgb(189,0,66)","@rgb(192,192,192)","@rgb(192,192,192)","@symbol(2,512,0)"
"28","Aconitum napellus L.","Aconitum napellus","Ranunculaceae","Ranunculales","Ranunculanae","Dicot","Kleyer","perennial","forb",0,0,1,0,0,0,0,1,0,0,0,1,1,1,0,0,0,0,0,1,0,0,4,66.9032640844039,3.79554446542226,29.3011914501738,"C/CR","@rgb(171,10,75)","@rgb(192,192,192)","@rgb(192,192,192)","@symbol(2,512,0)"
"29","Aconitum nasutum Fisch. ex Rchb.","Aconitum variegatum subsp. nasutum","Ranunculaceae","Ranunculales","Ranunculanae","Dicot","Soudzilovskaia","perennial","forb",0,0,1,0,0,0,0,1,0,0,0,1,0,0,0,1,0,0,0,0,0,0,2,47.2783470949424,9.31605232694352,43.4056005781141,"CR","@rgb(121,24,111)","@rgb(192,192,192)","@rgb(192,192,192)","@symbol(2,512,0)"
"30","Acorus calamus L.","Acorus calamus","Acoraceae","Acorales","Lilianae","Monocot","Shipley","perennial","forb",1,0,1,0,1,0,0,3,1,1,0,1,1,1,0,1,1,1,0,0,0,0,8,5.82805681534955,61.1401179914769,33.0318251931735,"S/SR","@rgb(15,156,84)","@rgb(192,192,192)","@rgb(192,192,192)","@symbol(2,512,0)"
"31","Actaea spicata L.","Actaea spicata","Ranunculaceae","Ranunculales","Ranunculanae","Dicot","Kleyer","perennial","forb",0,0,1,0,0,0,0,1,0,0,0,1,1,1,0,1,0,1,1,1,0,0,7,60.9034223605167,14.8203665496473,24.276211089836,"C/CSR","@rgb(155,38,62)","@rgb(192,192,192)","@rgb(192,192,192)","@symbol(2,512,0)"
"32","Adenostyles alliariae (Gouan) A. Kern. alliariae","Adenostyles alliariae subsp. alliariae","Asteraceae","Asterales","Asteranae","Dicot","Cerabolini/Pierce","perennial","forb",0,0,1,0,0,0,0,1,0,0,0,1,1,0,0,0,0,0,0,1,0,0,3,86.6544584076351,0,13.3455415923649,"C","@rgb(221,0,34)","@rgb(192,192,192)","@rgb(192,192,192)","@symbol(2,512,0)"
"33","Adenostyles glabra (Mill.) DC.","Adenostyles alpina subsp. alpina","Asteraceae","Asterales","Asteranae","Dicot","Cerabolini/Pierce","perennial","forb",0,0,1,0,0,0,0,1,0,0,0,1,1,0,0,0,0,0,0,0,0,0,2,80.1199743678443,0,19.8800256321557,"C/CR","@rgb(204,0,51)","@rgb(192,192,192)","@rgb(192,192,192)","@symbol(2,512,0)"
"34","Adenostyles leucophylla (Willd.) Rchb.","Adenostyles leucophylla","Asteraceae","Asterales","Asteranae","Dicot","Cerabolini/Pierce","perennial","forb",0,0,1,0,0,0,0,1,0,0,0,1,1,0,0,0,0,0,0,1,0,0,3,54.0004676214674,3.77137161962711,42.2281607589055,"CR","@rgb(138,10,108)","@rgb(192,192,192)","@rgb(192,192,192)","@symbol(2,512,0)"
"35","Adiantum capillus-veneris L.","Adiantum capillus-veneris","Pteridaceae","Polypodiales",NA,"Fern","Cerabolini","perennial","forb",1,1,1,1,1,1,1,7,1,1,1,1,1,0,1,1,1,1,0,1,1,0,11,48.0008809775213,0,51.9991190224787,"CR","@rgb(122,0,133)","@rgb(192,192,192)","@rgb(192,192,192)","@symbol(2,512,0)"
"36","Adonis aestivalis L.","Adonis aestivalis","Ranunculaceae","Ranunculales","Ranunculanae","Dicot","Kleyer","annual","forb",0,0,1,0,0,0,0,1,0,0,0,1,1,0,0,1,0,1,0,1,1,0,6,12.2365309352887,0,87.7634690647113,"R","@rgb(31,0,224)","@rgb(192,192,192)","@rgb(192,192,192)","@symbol(2,512,0)"
"37","Adonis vernalis L.","Adonis vernalis","Ranunculaceae","Ranunculales","Ranunculanae","Dicot","Kleyer","perennial","forb",0,0,1,0,0,0,0,1,0,0,0,1,1,0,0,1,0,0,0,1,0,0,4,11.2603386018359,69.8858182842264,18.8538431139376,"S/SR","@rgb(29,178,48)","@rgb(192,192,192)","@rgb(192,192,192)","@symbol(2,512,0)"
"38","Adoxa moschatellina L. moschatellina","Adoxa moschatellina subsp. moschatellina","Adoxaceae","Dipsacales","Asteranae","Dicot","Cerabolini","perennial","forb",1,0,1,0,0,0,0,2,0,0,0,1,1,1,0,1,0,0,0,0,0,0,4,30.8696087619535,0,69.1303912380465,"R/CR","@rgb(79,0,176)","@rgb(192,192,192)","@rgb(192,192,192)","@symbol(2,512,0)"
"39","Aegilops geniculata Roth","Aegilops geniculata","Poaceae","Poales","Lilianae","Monocot","Wright","annual","graminoid",0,0,1,0,0,0,0,1,0,0,0,1,1,0,0,0,0,0,0,1,0,0,3,1.30723959013924,49.9705286421927,48.722231767668,"SR","@rgb(3,127,124)","@rgb(0,0,0)","@rgb(0,128,0)","@symbol(4,512,0)"
"40","Aegiphila cephalophora Standl.","Aegiphila cephalophora","Lamiaceae","Lamiales","Asteranae","Dicot","Wright","perennial","liana",0,1,0,0,0,0,0,1,1,0,0,0,0,0,0,0,0,0,0,0,0,0,1,42.2042703468965,29.9368904255502,27.8588392275533,"CSR","@rgb(108,76,71)","@rgb(128,128,128)","@rgb(128,128,128)","@symbol(3,512,0)"
"41","Aegiphila elata Sw.","Aegiphila elata","Lamiaceae","Lamiales","Asteranae","Dicot","Wright","perennial","liana",0,1,0,0,0,0,0,1,1,1,1,0,0,0,0,0,0,0,0,0,0,0,3,55.201676576663,34.7789302189152,10.0193932044218,"CS","@rgb(141,89,26)","@rgb(128,128,128)","@rgb(128,128,128)","@symbol(3,512,0)"
"42","Aegiphila panamensis Moldenke","Aegiphila panamensis","Lamiaceae","Lamiales","Asteranae","Dicot","Wright","perennial","tree",0,1,0,0,0,0,0,1,1,1,1,0,0,0,0,0,0,0,0,0,0,0,3,48.2030811440279,21.4322952653136,30.3646235906585,"C/CSR","@rgb(123,55,77)","@rgb(255,255,255)","@rgb(128,0,0)","@symbol(3,512,0)"
"43","Aegiphila pernambucensis Moldenke","Aegiphila pernambucensis","Lamiaceae","Lamiales","Asteranae","Dicot","Pinho","perennial","tree",0,1,0,0,0,0,0,1,1,0,0,0,0,0,0,0,0,0,0,0,0,0,1,56.6584278863895,41.289906668742,2.05166544486851,"CS","@rgb(144,105,5)","@rgb(255,255,255)","@rgb(128,0,0)","@symbol(3,512,0)"
"44","Aegopodium podagraria L.","Aegopodium podagraria","Apiaceae","Apiales","Asteranae","Dicot","Wright","perennial","forb",0,0,1,0,0,0,0,1,0,0,0,1,1,1,0,0,0,0,1,0,0,0,4,65.132376557421,13.5292896535914,21.3383337889877,"C/CR","@rgb(166,34,54)","@rgb(192,192,192)","@rgb(192,192,192)","@symbol(2,512,0)"
"45","Aesculus hippocastanum L.","Aesculus hippocastanum","Sapindaceae","Sapindales","Rosanae","Dicot","Cerabolini/Pierce","perennial","tree",0,0,1,0,0,0,0,1,0,0,0,1,0,0,0,0,0,0,0,1,0,0,2,76.5489674224564,12.5163339318948,10.9346986456488,"C/CS","@rgb(195,32,28)","@rgb(255,255,255)","@rgb(128,0,0)","@symbol(3,512,0)"
"46","Aetheopappus caucasicus Sosn.","Psephellus caucasicus","Asteraceae","Asterales","Asteranae","Dicot","Soudzilovskaia","perennial","forb",0,0,1,0,0,0,0,1,0,0,0,1,0,0,0,1,0,0,0,0,0,0,2,40.2242008147706,18.144635792813,41.6311633924163,"CR/CSR","@rgb(103,46,106)","@rgb(192,192,192)","@rgb(192,192,192)","@symbol(2,512,0)"
"47","Aethusa cynapium L.","Aethusa cynapium","Apiaceae","Apiales","Asteranae","Dicot","Kleyer","annual","forb",0,0,1,0,0,0,0,1,0,0,0,1,1,1,0,0,0,0,1,1,0,0,5,55.6057462194665,9.30585317067262,35.0884006098609,"CR","@rgb(142,24,89)","@rgb(192,192,192)","@rgb(192,192,192)","@symbol(2,512,0)"
"48","Agalinis brachyphylla (Cham. & Schltdl.) D'Arcy","Agalinis brachyphylla","Orobanchaceae","Lamiales","Asteranae","Dicot","Negreiros","perennial","forb",0,1,0,0,0,0,0,1,0,0,0,0,0,0,1,0,0,0,0,0,0,0,1,1.26914494866199,98.730855051338,0,"S","@rgb(3,252,0)","@rgb(192,192,192)","@rgb(192,192,192)","@symbol(2,512,0)"
"49","Agave virginica L.","Agave virginica","Asparagaceae","Asparagales","Lilianae","Monocot","Weiher","perennial","shrub",1,0,0,0,0,0,0,1,0,0,0,1,1,0,0,1,0,0,0,0,0,0,3,17.2718927360198,82.7281072639802,0,"S/CS","@rgb(44,211,0)","@rgb(192,192,192)","@rgb(0,0,0)","@symbol(6,512,0)"
"50","Agonandra brasiliensis Miers ex Benth. & Hook. f.","Agonandra brasiliensis","Opiliaceae","Santalales","Santalanae","Dicot","Pinho","perennial","shrub",0,1,0,0,0,0,0,1,1,1,0,0,0,0,1,0,0,0,0,0,1,0,4,32.9585848720488,67.0414151279512,0,"S/CS","@rgb(84,171,0)","@rgb(192,192,192)","@rgb(0,0,0)","@symbol(6,512,0)"
"51","Agoseris glauca (Pursh) Raf.","Agoseris glauca","Asteraceae","Asterales","Asteranae","Dicot","Laughlin","perennial","shrub",1,0,0,0,0,0,0,1,0,0,0,0,1,1,0,1,0,0,0,0,0,0,3,34.4362581388999,4.5617548786915,61.0019869824086,"R/CR","@rgb(88,12,156)","@rgb(192,192,192)","@rgb(0,0,0)","@symbol(6,512,0)"
"52","Agrimonia eupatoria L. eupatoria","Agrimonia eupatoria subsp. eupatoria","Rosaceae","Rosales","Rosanae","Dicot","Cerabolini","perennial","forb",0,0,1,0,0,0,0,1,0,0,0,1,1,1,0,1,0,0,0,1,0,0,5,39.2021372739101,52.341041506777,8.45682121931287,"CS","@rgb(100,133,22)","@rgb(192,192,192)","@rgb(192,192,192)","@symbol(2,512,0)"
"53","Agrimonia gryposepala Wallr.","Agrimonia gryposepala","Rosaceae","Rosales","Rosanae","Dicot","Shipley","perennial","forb",1,1,0,0,0,0,0,2,1,1,1,1,1,0,0,1,0,0,0,0,0,0,6,14.2314598507664,72.9257910761748,12.8427490730588,"S/CS","@rgb(36,186,33)","@rgb(192,192,192)","@rgb(192,192,192)","@symbol(2,512,0)"
"54","Agrimonia procera Wallr.","Agrimonia procera","Rosaceae","Rosales","Rosanae","Dicot","Kleyer","perennial","forb",0,0,1,0,0,0,0,1,0,0,0,1,1,1,0,0,0,0,1,1,0,0,5,54.2447197870467,29.858266221601,15.8970139913523,"C/CSR","@rgb(138,76,41)","@rgb(192,192,192)","@rgb(192,192,192)","@symbol(2,512,0)"
"55","Agrimonia pubescens Wallr.","Agrimonia pubescens","Rosaceae","Rosales","Rosanae","Dicot","Weiher","perennial","forb",1,0,0,0,0,0,0,1,0,0,0,1,0,0,0,1,0,0,0,0,0,0,2,43.097284193843,45.7717946601611,11.130921145996,"CS/CSR","@rgb(110,117,28)","@rgb(192,192,192)","@rgb(192,192,192)","@symbol(2,512,0)"
"56","Agropyron desertorum (Fisch. ex Link) Schult.","Agropyron desertorum","Poaceae","Poales","Lilianae","Monocot","Laughlin","perennial","graminoid",0,0,1,0,0,0,0,1,0,0,0,0,1,0,0,1,0,0,0,0,1,0,3,12.1183060741693,87.8816939258307,0,"S","@rgb(31,224,0)","@rgb(0,0,0)","@rgb(0,128,0)","@symbol(4,512,0)"
"57","Agropyron junceum (L.) Beauv.","Thinopyrum junceum","Poaceae","Poales","Lilianae","Monocot","Cerabolini","perennial","graminoid",0,0,1,0,0,0,0,1,0,0,0,1,0,0,0,0,0,0,0,1,0,0,2,31.8139933103948,68.1860066896052,0,"S/CS","@rgb(81,174,0)","@rgb(0,0,0)","@rgb(0,128,0)","@symbol(4,512,0)"
"58","Agropyron repens (L.) P. Beauv.","Elymus repens","Poaceae","Poales","Lilianae","Monocot","Reich","perennial","graminoid",0,0,1,0,0,0,0,1,0,0,0,1,1,1,0,1,0,0,0,1,1,0,6,26.0318594500573,50.8511796447039,23.1169609052388,"S/CSR","@rgb(66,130,59)","@rgb(0,0,0)","@rgb(0,128,0)","@symbol(4,512,0)"
"59","Agrostemma githago L.","Agrostemma githago","Caryophyllaceae","Caryophyllales","Caryophyllanae","Dicot","Cerabolini/Pierce","annual","forb",0,0,1,0,0,0,0,1,0,0,0,1,1,1,0,0,0,0,1,1,0,0,5,28.7562048826503,44.0158000250512,27.2279950922985,"S/CSR","@rgb(73,112,69)","@rgb(192,192,192)","@rgb(192,192,192)","@symbol(2,512,0)"
"60","Agrostis alba L.","Poa nemoralis","Poaceae","Poales","Lilianae","Monocot","Shipley","perennial","graminoid",0,0,1,0,0,0,0,1,0,0,0,1,1,0,0,0,0,0,0,1,0,0,3,19.0272687298447,44.7924635405237,36.1802677296317,"SR/CSR","@rgb(49,114,92)","@rgb(0,0,0)","@rgb(0,128,0)","@symbol(4,512,0)"
"61","Agrostis alpina Scop.","Alpagrostis alpina","Poaceae","Poales","Lilianae","Monocot","Cerabolini","perennial","graminoid",0,0,1,0,0,0,0,1,0,0,0,1,1,0,0,0,0,0,0,1,0,0,3,1.10115983866283,95.2054029381828,3.6934372231544,"S","@rgb(3,243,9)","@rgb(0,0,0)","@rgb(0,128,0)","@symbol(4,512,0)"
"62","Agrostis canina L.","Agrostis canina","Poaceae","Poales","Lilianae","Monocot","Díaz","perennial","graminoid",0,0,1,0,0,0,0,1,0,0,0,1,1,1,0,0,0,0,1,1,0,0,5,4.46065234878862,41.7538220748432,53.7855255763682,"SR","@rgb(11,106,137)","@rgb(0,0,0)","@rgb(0,128,0)","@symbol(4,512,0)"
"63","Agrostis capillaris L.","Agrostis capillaris","Poaceae","Poales","Lilianae","Monocot","Díaz","perennial","graminoid",0,0,1,0,0,0,0,1,0,0,0,1,1,1,0,0,0,0,0,1,0,0,4,5.89903322199891,52.8314448839,41.2695218941011,"SR","@rgb(15,135,105)","@rgb(0,0,0)","@rgb(0,128,0)","@symbol(4,512,0)"
"64","Agrostis gigantea Roth","Agrostis gigantea","Poaceae","Poales","Lilianae","Monocot","Kleyer","perennial","graminoid",0,0,1,0,0,0,0,1,0,0,0,1,1,1,0,1,0,1,1,1,1,0,8,12.744412018355,35.3043204894311,51.9512674922139,"SR/CSR","@rgb(32,90,132)","@rgb(0,0,0)","@rgb(0,128,0)","@symbol(4,512,0)"
"65","Agrostis mertensii Trin.","Agrostis mertensii","Poaceae","Poales","Lilianae","Monocot","Kleyer","perennial","graminoid",1,1,1,0,0,0,0,3,0,0,1,1,1,1,0,0,0,1,1,0,0,0,6,2.83801728158474,60.9069797619305,36.2550029564848,"SR","@rgb(7,155,92)","@rgb(0,0,0)","@rgb(0,128,0)","@symbol(4,512,0)"
"66","Agrostis rupestris All.","Agrostis rupestris","Poaceae","Poales","Lilianae","Monocot","Cerabolini/Pierce","perennial","graminoid",0,0,1,0,0,0,0,1,0,0,0,1,1,0,0,0,0,0,0,1,0,0,3,1.87293198907138,83.4734496033599,14.6536184075687,"S","@rgb(5,213,37)","@rgb(0,0,0)","@rgb(0,128,0)","@symbol(4,512,0)"
"67","Agrostis schraderiana Bech.","Agrostis schraderiana","Poaceae","Poales","Lilianae","Monocot","Cerabolini/Pierce","perennial","graminoid",0,0,1,0,0,0,0,1,0,0,0,1,1,0,0,0,0,0,0,0,0,0,2,8.71489262323818,60.6590883643256,30.6260190124362,"S/SR","@rgb(22,155,78)","@rgb(0,0,0)","@rgb(0,128,0)","@symbol(4,512,0)"
"68","Agrostis stolonifera L.","Agrostis stolonifera","Poaceae","Poales","Lilianae","Monocot","Díaz","perennial","graminoid",0,0,1,0,0,0,0,1,0,0,0,1,1,0,0,0,0,0,0,1,0,0,3,11.3991449407094,46.7058635333731,41.8949915259175,"SR/CSR","@rgb(29,119,107)","@rgb(0,0,0)","@rgb(0,128,0)","@symbol(4,512,0)"
"69","Agrostis tenuis Sibth.","Agrostis capillaris","Poaceae","Poales","Lilianae","Monocot","Wright","perennial","graminoid",0,0,1,0,0,0,0,1,0,0,0,1,1,1,0,0,0,0,0,1,0,0,4,11.5477770033786,49.3298676470082,39.1223553496131,"SR/CSR","@rgb(29,126,100)","@rgb(0,0,0)","@rgb(0,128,0)","@symbol(4,512,0)"
"70","Agrostis vinealis Schreb.","Agrostis vinealis","Poaceae","Poales","Lilianae","Monocot","Kleyer","perennial","graminoid",0,0,1,0,0,0,0,1,0,0,0,1,1,1,0,1,0,1,1,1,0,0,7,9.43632429165374,63.752407600529,26.8112681078172,"S/SR","@rgb(24,163,68)","@rgb(0,0,0)","@rgb(0,128,0)","@symbol(4,512,0)"
"71","Aidia densiflora (Wall.) Masam.","Aidia densiflora","Rubiaceae","Gentianales","Asteranae","Dicot","SJ Wright Pasoh","perennial","tree",0,0,0,0,1,1,0,2,1,0,0,0,0,0,0,0,0,0,0,0,0,0,1,38.2961046233155,60.5126024071716,1.1912929695129,"CS","@rgb(98,154,3)","@rgb(255,255,255)","@rgb(128,0,0)","@symbol(3,512,0)"
"72","Ailanthus altissima (Mill.) Swingle","Ailanthus altissima","Simaroubaceae","Sapindales","Rosanae","Dicot","Cerabolini/Pierce","perennial","tree",0,0,1,0,1,0,0,2,1,0,1,0,1,0,0,0,0,1,0,0,1,0,5,74.9211411869737,21.3216346517357,3.75722416129069,"C/CS","@rgb(191,54,10)","@rgb(255,255,255)","@rgb(128,0,0)","@symbol(3,512,0)"
"73","Aira praecox L.","Aira praecox","Poaceae","Poales","Lilianae","Monocot","Kleyer","annual","graminoid",0,0,1,0,0,0,0,1,0,0,0,1,1,1,0,0,0,0,1,1,0,0,5,0,56.6063389621877,43.3936610378123,"SR","@rgb(0,144,111)","@rgb(0,0,0)","@rgb(0,128,0)","@symbol(4,512,0)"
"74","Ajuga chamaepitys (L.) Schreber chamaepitys","Ajuga chamaepitys subsp. chamaepitys","Lamiaceae","Lamiales","Asteranae","Dicot","Cerabolini/Pierce","annual","forb",0,0,1,0,0,0,0,1,0,0,0,1,0,0,0,0,0,0,0,1,0,0,2,11.9221798582734,3.73466896154494,84.3431511801817,"R","@rgb(30,10,215)","@rgb(192,192,192)","@rgb(192,192,192)","@symbol(2,512,0)"
"75","Ajuga genevensis L.","Ajuga genevensis","Lamiaceae","Lamiales","Asteranae","Dicot","Kleyer","perennial","forb",0,0,1,0,0,0,0,1,0,0,0,1,1,1,0,0,0,0,0,1,0,0,4,26.1710179037578,0,73.8289820962422,"R/CR","@rgb(67,0,188)","@rgb(192,192,192)","@rgb(192,192,192)","@symbol(2,512,0)"
"76","Ajuga orientalis L.","Ajuga orientalis","Lamiaceae","Lamiales","Asteranae","Dicot","Soudzilovskaia","perennial","forb",0,0,1,0,0,0,0,1,0,0,0,1,0,0,0,1,0,0,0,1,0,0,3,32.684649494032,42.2560127121902,25.0593377937778,"CSR","@rgb(83,108,64)","@rgb(192,192,192)","@rgb(192,192,192)","@symbol(2,512,0)"
"77","Ajuga pyramidalis L.","Ajuga pyramidalis","Lamiaceae","Lamiales","Asteranae","Dicot","Kleyer","perennial","forb",0,0,1,0,0,0,0,1,0,0,0,1,1,1,0,0,0,0,1,1,0,0,5,27.1925837861933,41.1170262957272,31.6903899180795,"CSR","@rgb(69,105,81)","@rgb(192,192,192)","@rgb(192,192,192)","@symbol(2,512,0)"
"78","Ajuga reptans L.","Ajuga reptans","Lamiaceae","Lamiales","Asteranae","Dicot","Cerabolini","perennial","forb",0,0,1,0,0,0,0,1,0,0,0,1,1,1,0,1,0,0,0,1,0,0,5,23.8475713791197,16.865564335888,59.2868642849924,"R/CSR","@rgb(61,43,151)","@rgb(192,192,192)","@rgb(192,192,192)","@symbol(2,512,0)"
"79","Alangium ebenaceum (C.B. Clarke) Harms","Alangium ebenaceum","Alangiaceae","Cornales","Asteranae","Dicot","SJ Wright Pasoh","perennial","tree",0,0,0,0,1,0,0,1,1,1,0,0,0,0,0,0,0,0,0,0,0,0,2,49.718091534831,50.281908465169,0,"CS","@rgb(127,128,0)","@rgb(255,255,255)","@rgb(128,0,0)","@symbol(3,512,0)"
"80","Albizia julibrissin Durazz.","Albizia julibrissin","Fabaceae","Fabales","Rosanae","Dicot","Cerabolini/Pierce","perennial","tree",0,0,1,0,1,0,0,2,1,0,0,1,1,0,0,0,0,0,0,0,1,0,4,61.8160211569174,24.6237955311532,13.5601833119294,"C/CSR","@rgb(158,63,35)","@rgb(255,255,255)","@rgb(128,0,0)","@symbol(3,512,0)"
"81","Alcea rosea L.","Alcea rosea","Malvaceae","Malvales","Rosanae","Dicot","Kleyer","perennial","forb",0,0,1,0,0,0,0,1,0,0,0,1,0,0,0,0,0,0,0,1,0,0,2,72.5084255963379,14.1688025998886,13.3227718037735,"C/CS","@rgb(185,36,34)","@rgb(192,192,192)","@rgb(192,192,192)","@symbol(2,512,0)"
"82","Alchemilla alpina L.","Alchemilla alpina","Rosaceae","Rosales","Rosanae","Dicot","Kleyer","perennial","forb",0,0,1,0,0,0,0,1,0,0,0,1,1,1,0,0,0,0,1,1,0,0,5,15.1630160486264,66.9405270367835,17.8964569145901,"S/SR","@rgb(39,171,46)","@rgb(192,192,192)","@rgb(192,192,192)","@symbol(2,512,0)"
"83","Alchemilla caucasica Buser","Alchemilla caucasica","Rosaceae","Rosales","Rosanae","Dicot","Soudzilovskaia","perennial","forb",0,0,1,0,0,0,0,1,0,0,0,1,0,0,0,1,0,0,0,0,0,0,2,17.2759897788698,68.705627255219,14.0183829659113,"S/CS","@rgb(44,175,36)","@rgb(192,192,192)","@rgb(192,192,192)","@symbol(2,512,0)"
"84","Alchemilla glabra Neygenf.","Alchemilla glabra","Rosaceae","Rosales","Rosanae","Dicot","Kleyer","perennial","forb",0,0,1,0,0,0,0,1,0,0,0,1,1,1,0,0,0,0,1,1,0,0,5,25.4183599925217,40.1732781183925,34.4083618890859,"CSR","@rgb(65,102,88)","@rgb(192,192,192)","@rgb(192,192,192)","@symbol(2,512,0)"
"85","Alchemilla glaucescens Wallr.","Alchemilla glaucescens","Rosaceae","Rosales","Rosanae","Dicot","Cerabolini/Pierce","perennial","forb",0,0,1,0,0,0,0,1,0,0,0,1,1,1,0,0,0,0,1,1,0,0,5,32.7680307832642,42.3986127448192,24.8333564719167,"CS/CSR","@rgb(84,108,63)","@rgb(192,192,192)","@rgb(192,192,192)","@symbol(2,512,0)"
"86","Alchemilla mollis (Buser) Rothm.","Alchemilla mollis","Rosaceae","Rosales","Rosanae","Dicot","Kleyer","perennial","forb",0,0,1,0,0,0,0,1,0,0,0,1,1,1,0,0,0,0,1,0,0,0,4,60.0053347917249,24.1545897865993,15.8400754216759,"C/CSR","@rgb(153,62,40)","@rgb(192,192,192)","@rgb(192,192,192)","@symbol(2,512,0)"
"87","Alchemilla monticola Opiz","Alchemilla monticola","Rosaceae","Rosales","Rosanae","Dicot","Kleyer","perennial","forb",0,0,1,0,0,0,0,1,0,0,0,1,1,1,0,0,0,0,1,1,0,0,5,42.5764709121603,33.6769377076003,23.7465913802395,"CS/CSR","@rgb(109,86,61)","@rgb(192,192,192)","@rgb(192,192,192)","@symbol(2,512,0)"
"88","Alchemilla pentaphyllea L.","Alchemilla pentaphyllea","Rosaceae","Rosales","Rosanae","Dicot","Cerabolini/Pierce","perennial","forb",0,0,1,0,0,0,0,1,0,0,0,1,1,0,0,0,0,0,0,1,0,0,3,13.3171490786575,44.0156111769245,42.667239744418,"SR/CSR","@rgb(34,112,109)","@rgb(192,192,192)","@rgb(192,192,192)","@symbol(2,512,0)"
"89","Alchemilla propinqua Lindb. fil. ex Juz.","Alchemilla propinqua","Rosaceae","Rosales","Rosanae","Dicot","Kleyer","perennial","forb",0,0,1,0,0,0,0,1,0,0,0,1,0,1,0,0,0,0,1,0,0,0,3,39.7987953689214,32.8851233070866,27.3160813239921,"CSR","@rgb(101,84,70)","@rgb(192,192,192)","@rgb(192,192,192)","@symbol(2,512,0)"
"90","Alchemilla subcrenata Buser","Alchemilla subcrenata","Rosaceae","Rosales","Rosanae","Dicot","Kleyer","perennial","forb",0,0,1,0,0,0,0,1,0,0,0,1,1,1,0,0,0,0,1,0,0,0,4,41.006161976174,27.84825880514,31.1455792186859,"CSR","@rgb(105,71,79)","@rgb(192,192,192)","@rgb(192,192,192)","@symbol(2,512,0)"
"91","Alchemilla subglobosa G.C. Westerl.","Alchemilla subglobosa","Rosaceae","Rosales","Rosanae","Dicot","Kleyer","perennial","forb",0,0,1,0,0,0,0,1,0,0,0,1,0,1,0,0,0,0,1,0,0,0,3,38.5631207900134,31.7633667845076,29.6735124254791,"CSR","@rgb(98,81,76)","@rgb(192,192,192)","@rgb(192,192,192)","@symbol(2,512,0)"
"92","Alchemilla vulgaris L.","Alchemilla vulgaris","Rosaceae","Rosales","Rosanae","Dicot","Soudzilovskaia","perennial","forb",0,0,1,0,0,0,0,1,0,0,0,1,1,1,0,0,0,0,1,1,0,0,5,37.1576272143579,38.9892343864733,23.8531383991688,"CS/CSR","@rgb(95,99,61)","@rgb(192,192,192)","@rgb(192,192,192)","@symbol(2,512,0)"
"93","Alchemilla xanthochlora Rothm.","Alchemilla xanthochlora","Rosaceae","Rosales","Rosanae","Dicot","Kleyer","perennial","forb",0,0,1,0,0,0,0,1,0,0,0,1,1,1,0,0,0,0,0,1,0,0,4,56.3227770289858,20.1040209729103,23.5732019981039,"C/CSR","@rgb(144,51,60)","@rgb(192,192,192)","@rgb(192,192,192)","@symbol(2,512,0)"
"94","Alchornea costaricensis Pax & K. Hoffm.","Alchornea costaricensis","Euphorbiaceae","Malpighiales","Rosanae","Dicot","Wright","perennial","tree",0,1,0,0,0,0,0,1,1,1,1,0,0,0,0,0,0,0,0,0,0,0,3,33.5559942399264,52.0276769936783,14.4163287663952,"CS/CSR","@rgb(86,133,37)","@rgb(255,255,255)","@rgb(128,0,0)","@symbol(3,512,0)"
"95","Alchornea latifolia Sw.","Alchornea latifolia","Euphorbiaceae","Malpighiales","Rosanae","Dicot","Wright","perennial","tree",0,1,0,0,0,0,0,1,1,1,1,0,0,0,0,0,0,1,0,0,0,0,4,47.8124517138265,35.2936533081869,16.8938949779866,"CS/CSR","@rgb(122,90,43)","@rgb(255,255,255)","@rgb(128,0,0)","@symbol(3,512,0)"
"96","Alibertia edulis (Rich.) A. Rich. ex DC.","Alibertia edulis","Rubiaceae","Gentianales","Asteranae","Dicot","Wright","perennial","tree",0,1,0,0,0,0,0,1,1,1,1,0,0,0,1,0,0,0,0,0,0,0,4,36.8191194577323,48.4614879118593,14.7193926304085,"CS/CSR","@rgb(94,124,38)","@rgb(255,255,255)","@rgb(128,0,0)","@symbol(3,512,0)"
"97","Alibertia myrciifolia K. Schum.","Cordiera myrciifolia","Rubiaceae","Gentianales","Asteranae","Dicot","Pinho","perennial","shrub",0,1,0,0,0,0,0,1,1,1,0,0,0,0,1,0,0,0,0,0,1,0,4,41.0215782735561,58.9784217264439,0,"CS","@rgb(105,150,0)","@rgb(192,192,192)","@rgb(0,0,0)","@symbol(6,512,0)"
"98","Alisma lanceolatum With.","Alisma lanceolatum","Alismataceae","Alismatales","Lilianae","Monocot","Kleyer","perennial","forb",0,0,1,0,0,0,0,1,0,0,0,1,1,0,0,1,0,1,0,1,0,0,5,44.9234263451456,0,55.0765736548544,"CR","@rgb(115,0,140)","@rgb(192,192,192)","@rgb(192,192,192)","@symbol(2,512,0)"
"99","Alisma plantago-aquatica L.","Alisma plantago-aquatica","Alismataceae","Alismatales","Lilianae","Monocot","Kleyer","perennial","aquatic",0,0,1,0,1,0,0,2,1,0,0,1,1,1,0,0,0,1,0,1,0,0,6,71.183569686651,0,28.816430313349,"C/CR","@rgb(182,0,73)","@rgb(192,192,192)","@rgb(0,0,255)","@symbol(5,512,0)"
"100","Alliaria petiolata (M. Bieb.) Cavara & Grande","Alliaria petiolata","Brassicaceae","Brassicales","Rosanae","Dicot","Cerabolini/Pierce","biennial","forb",0,0,1,0,1,0,0,2,0,0,1,1,1,1,0,0,0,1,0,1,1,0,7,56.2453917821089,1.05596549792472,42.6986427199664,"CR","@rgb(143,3,109)","@rgb(192,192,192)","@rgb(192,192,192)","@symbol(2,512,0)"
"101","Allium carinatum L.","Allium carinatum","Amaryllidaceae","Asparagales","Lilianae","Monocot","Kleyer","perennial","forb",0,0,1,0,0,0,0,1,0,0,0,1,1,0,0,0,0,0,0,1,0,0,3,39.8963770685578,0,60.1036229314422,"CR","@rgb(102,0,153)","@rgb(192,192,192)","@rgb(192,192,192)","@symbol(2,512,0)"
"102","Allium insubricum Boiss. & Reut.","Allium insubricum","Amaryllidaceae","Asparagales","Lilianae","Monocot","Cerabolini","perennial","forb",0,0,1,0,0,0,0,1,0,0,0,0,1,0,0,0,0,0,0,0,0,0,1,53.347201722037,0,46.652798277963,"CR","@rgb(136,0,119)","@rgb(192,192,192)","@rgb(192,192,192)","@symbol(2,512,0)"
"103","Allium paradoxum (M. Bieb.) G. Don","Allium paradoxum","Amaryllidaceae","Asparagales","Lilianae","Monocot","Kleyer","perennial","forb",0,0,1,0,0,0,0,1,0,0,0,1,1,0,0,0,0,0,0,0,0,0,2,44.5998828152685,0,55.4001171847315,"CR","@rgb(114,0,141)","@rgb(192,192,192)","@rgb(192,192,192)","@symbol(2,512,0)"
"104","Allium senescens L.","Allium senescens","Amaryllidaceae","Asparagales","Lilianae","Monocot","Kleyer","perennial","forb",0,0,1,0,0,0,0,1,0,0,0,1,1,0,0,1,0,0,0,1,0,0,4,49.5979340260981,0,50.4020659739019,"CR","@rgb(126,0,129)","@rgb(192,192,192)","@rgb(192,192,192)","@symbol(2,512,0)"
"105","Allium sphaerocephalon L.","Allium sphaerocephalon","Amaryllidaceae","Asparagales","Lilianae","Monocot","Cerabolini/Pierce","perennial","forb",0,0,1,0,0,0,0,1,0,0,0,1,1,0,0,1,0,0,0,1,0,0,4,39.9547262659776,0,60.0452737340224,"CR","@rgb(102,0,153)","@rgb(192,192,192)","@rgb(192,192,192)","@symbol(2,512,0)"
"106","Allium ursinum L. ursinum","Allium ursinum","Amaryllidaceae","Asparagales","Lilianae","Monocot","Cerabolini/Pierce","perennial","forb",0,0,1,0,0,0,0,1,0,0,0,1,1,1,0,0,0,0,1,1,0,0,5,45.6581363093324,0,54.3418636906676,"CR","@rgb(116,0,139)","@rgb(192,192,192)","@rgb(192,192,192)","@symbol(2,512,0)"
"107","Allium vineale L.","Allium vineale","Amaryllidaceae","Asparagales","Lilianae","Monocot","Díaz","perennial","forb",0,0,1,0,0,0,0,1,0,0,0,1,1,0,0,0,0,0,0,1,0,0,3,48.4488647618174,4.31572517104717,47.2354100671355,"CR","@rgb(124,11,120)","@rgb(192,192,192)","@rgb(192,192,192)","@symbol(2,512,0)"
"108","Allophylus psilospermus Radlk.","Allophylus psilospermus","Sapindaceae","Sapindales","Rosanae","Dicot","Wright","perennial","tree",0,1,0,0,0,0,0,1,1,1,1,0,0,0,0,0,0,0,0,0,0,0,3,50.1981874292322,27.6842495422489,22.1175630285189,"C/CSR","@rgb(128,71,56)","@rgb(255,255,255)","@rgb(128,0,0)","@symbol(3,512,0)"
"109","Alnus cordata (Loisel.) Loisel.","Alnus cordata","Betulaceae","Fagales","Rosanae","Dicot","Cerabolini/Pierce","perennial","tree",0,0,1,0,0,0,0,1,0,0,0,1,0,0,0,0,0,0,0,1,0,0,2,42.7069363315863,34.3825153767299,22.9105482916838,"CS/CSR","@rgb(109,88,58)","@rgb(255,255,255)","@rgb(128,0,0)","@symbol(3,512,0)"
"110","Alnus glutinosa (L.) Gaertn.","Alnus glutinosa","Betulaceae","Fagales","Rosanae","Dicot","Díaz","perennial","tree",0,0,1,0,0,0,0,1,0,0,0,1,1,1,0,0,0,0,1,1,0,0,5,25.4206234392573,62.6802922062437,11.899084354499,"S/CS","@rgb(65,160,30)","@rgb(255,255,255)","@rgb(128,0,0)","@symbol(3,512,0)"
"111","Alnus incana (L.) Moench","Alnus incana","Betulaceae","Fagales","Rosanae","Dicot","Kleyer","perennial","shrub",1,0,1,0,0,0,0,2,0,0,0,1,1,1,0,1,0,0,1,1,1,0,7,40.1214095803772,35.3028520512353,24.5757383683875,"CS/CSR","@rgb(102,90,63)","@rgb(192,192,192)","@rgb(0,0,0)","@symbol(6,512,0)"
"112","Alnus viridis (Chaix) DC.","Alnus alnobetula subsp. alnobetula","Betulaceae","Fagales","Rosanae","Dicot","Kleyer","perennial","tree",1,0,1,0,0,0,0,2,0,0,0,1,1,1,0,1,0,0,1,1,0,0,6,32.8729506418469,40.357591704831,26.7694576533221,"CSR","@rgb(84,103,68)","@rgb(255,255,255)","@rgb(128,0,0)","@symbol(3,512,0)"
"113","Alopecurus aequalis Sobol.","Alopecurus aequalis","Poaceae","Poales","Lilianae","Monocot","Kleyer","perennial","graminoid",1,0,1,0,1,0,0,3,1,0,0,1,1,1,0,1,0,1,1,1,1,0,9,22.6824645080168,7.54171984951536,69.7758156424679,"R/CR","@rgb(58,19,178)","@rgb(0,0,0)","@rgb(0,128,0)","@symbol(4,512,0)"
"114","Alopecurus geniculatus L.","Alopecurus geniculatus","Poaceae","Poales","Lilianae","Monocot","Kleyer","annual","graminoid",1,0,1,0,0,0,0,2,0,0,0,1,1,1,0,1,0,0,1,1,0,0,6,13.0921763082718,27.3409410153722,59.566882676356,"R/CSR","@rgb(33,70,152)","@rgb(0,0,0)","@rgb(0,128,0)","@symbol(4,512,0)"
"115","Alopecurus pratensis L.","Alopecurus pratensis","Poaceae","Poales","Lilianae","Monocot","Kleyer","perennial","graminoid",0,0,1,0,0,0,0,1,0,0,0,1,1,1,0,0,0,0,1,1,0,0,5,11.8808161732682,58.7790219339373,29.3401618927945,"S/CSR","@rgb(30,150,75)","@rgb(0,0,0)","@rgb(0,128,0)","@symbol(4,512,0)"
"116","Alphonsea maingayi Hook. f. & Thomson","Alphonsea maingayi","Annonaceae","Magnoliales","Magnolianae","Dicot","SJ Wright Pasoh","perennial","tree",0,0,0,0,1,0,0,1,1,0,0,0,0,0,0,0,0,0,0,0,0,0,1,30.5207824817639,60.0526854481938,9.42653207004232,"S/CS","@rgb(78,153,24)","@rgb(255,255,255)","@rgb(128,0,0)","@symbol(3,512,0)"
"117","Alseis blackiana Hemsl.","Alseis blackiana","Rubiaceae","Gentianales","Asteranae","Dicot","Wright","perennial","tree",0,1,0,0,0,0,0,1,1,0,0,0,0,0,0,0,0,0,0,0,0,0,1,52.0741285372061,28.7643845744983,19.1614868882956,"C/CSR","@rgb(133,73,49)","@rgb(255,255,255)","@rgb(128,0,0)","@symbol(3,512,0)"
"118","Alseis pickelii Pilger & Schmale","Alseis pickelii","Rubiaceae","Gentianales","Asteranae","Dicot","Pinho","perennial","tree",0,1,0,0,0,0,0,1,1,1,0,0,0,0,0,0,0,0,0,0,1,0,3,51.2152772704013,28.4362179094239,20.3485048201748,"C/CSR","@rgb(131,73,52)","@rgb(255,255,255)","@rgb(128,0,0)","@symbol(3,512,0)"
"119","Althaea officinalis L.","Althaea officinalis","Malvaceae","Malvales","Rosanae","Dicot","Kleyer","perennial","forb",0,0,1,0,0,0,0,1,0,0,0,1,1,0,0,0,0,0,0,1,0,0,3,49.0417004542452,17.4940964666383,33.4642030791165,"CR/CSR","@rgb(125,45,85)","@rgb(192,192,192)","@rgb(192,192,192)","@symbol(2,512,0)"
"120","Alyssum alyssoides (L.) L.","Alyssum alyssoides","Brassicaceae","Brassicales","Rosanae","Dicot","Kleyer","perennial","forb",0,0,1,0,0,0,0,1,0,0,0,1,1,1,0,0,0,0,0,1,0,0,4,0.106887158317761,36.4964106031181,63.3967022385641,"R/SR","@rgb(0,93,162)","@rgb(192,192,192)","@rgb(192,192,192)","@symbol(2,512,0)"
"121","Alyssum montanum L.","Alyssum montanum","Brassicaceae","Brassicales","Rosanae","Dicot","Kleyer","perennial","forb",0,0,1,0,0,0,0,1,0,0,0,1,1,0,0,0,0,0,0,1,0,0,3,3.59890505042695,74.9941364600748,21.4069584894982,"S/SR","@rgb(9,191,55)","@rgb(192,192,192)","@rgb(192,192,192)","@symbol(2,512,0)"
"122","Amaioua corymbosa Kunth","Amaioua glomerulata","Rubiaceae","Gentianales","Asteranae","Dicot","Wright","perennial","tree",0,1,0,0,0,0,0,1,1,1,1,0,0,0,1,0,0,0,0,0,0,0,4,49.4860467665262,40.8912663618222,9.62268687165164,"CS","@rgb(126,104,25)","@rgb(255,255,255)","@rgb(128,0,0)","@symbol(3,512,0)"
"123","Amaranthus caudatus L.","Amaranthus caudatus","Amaranthaceae","Caryophyllales","Caryophyllanae","Dicot","Kleyer","annual","forb",0,1,0,0,0,0,0,1,1,0,0,0,0,0,0,0,0,1,0,0,0,0,2,61.2296109829366,6.09051996768849,32.679869049375,"C/CR","@rgb(156,16,83)","@rgb(192,192,192)","@rgb(192,192,192)","@symbol(2,512,0)"
"124","Amaranthus deflexus L.","Amaranthus deflexus","Amaranthaceae","Caryophyllales","Caryophyllanae","Dicot","Cerabolini/Pierce","perennial","forb",0,1,0,0,0,0,0,1,1,0,0,0,0,0,1,1,0,0,0,0,0,0,3,31.0495959541329,0,68.950404045867,"R/CR","@rgb(79,0,176)","@rgb(192,192,192)","@rgb(192,192,192)","@symbol(2,512,0)"
"125","Amaranthus lividus L.","Amaranthus blitum subsp. oleraceus","Amaranthaceae","Caryophyllales","Caryophyllanae","Dicot","Kleyer","annual","forb",0,0,1,0,0,0,0,1,0,0,0,0,1,0,0,0,0,0,0,1,0,0,2,17.0278185210157,0,82.9721814789843,"R/CR","@rgb(43,0,212)","@rgb(192,192,192)","@rgb(192,192,192)","@symbol(2,512,0)"
"126","Amaranthus powelli S. Watson","Amaranthus powellii","Amaranthaceae","Caryophyllales","Caryophyllanae","Dicot","Cerabolini/Pierce","annual","forb",1,1,0,0,0,0,0,2,1,1,1,1,1,0,0,1,0,0,0,1,1,0,8,41.4045611639184,17.1862926984199,41.4091461376617,"CR/CSR","@rgb(106,44,106)","@rgb(192,192,192)","@rgb(192,192,192)","@symbol(2,512,0)"
"127","Amaranthus retroflexus L.","Amaranthus retroflexus","Amaranthaceae","Caryophyllales","Caryophyllanae","Dicot","Kleyer","annual","forb",1,1,0,0,0,0,0,2,0,1,1,1,1,0,0,1,0,0,0,1,1,0,7,52.1419219996987,23.6913235551783,24.1667544451231,"C/CSR","@rgb(133,60,62)","@rgb(192,192,192)","@rgb(192,192,192)","@symbol(2,512,0)"
"128","Ambrosia artemisiifolia L.","Ambrosia artemisiifolia","Asteraceae","Asterales","Asteranae","Dicot","Cerabolini/Pierce","annual","forb",1,1,0,0,0,0,0,2,1,0,1,1,1,0,1,1,0,0,0,1,1,0,8,49.6635743789516,23.0421915179457,27.2942341031027,"C/CSR","@rgb(127,59,70)","@rgb(192,192,192)","@rgb(192,192,192)","@symbol(2,512,0)"
"129","Ambrosia coronopifolia Torr. & A. Gray","Ambrosia psilostachya","Asteraceae","Asterales","Asteranae","Dicot","Kleyer","perennial","forb",1,0,0,0,0,0,0,1,0,0,0,1,0,0,0,1,0,0,0,0,0,0,2,16.9808964166896,46.4502894279789,36.5688141553315,"SR/CSR","@rgb(43,118,93)","@rgb(192,192,192)","@rgb(192,192,192)","@symbol(2,512,0)"
"130","Ambrosia psilostachya DC.","Ambrosia psilostachya","Asteraceae","Asterales","Asteranae","Dicot","Buffa","perennial","forb",1,1,0,0,0,0,0,2,1,1,1,1,1,0,0,1,0,0,0,1,1,0,8,15.8954957412001,61.3399445200277,22.7645597387722,"S/CSR","@rgb(41,156,58)","@rgb(192,192,192)","@rgb(192,192,192)","@symbol(2,512,0)"
"131","Ambrosia trifida L.","Ambrosia trifida","Asteraceae","Asterales","Asteranae","Dicot","Kleyer","annual","forb",1,0,0,0,0,0,0,1,0,0,1,1,1,0,1,1,0,0,0,1,0,0,6,60.1355398010739,9.38252589299149,30.4819343059346,"C/CR","@rgb(153,24,78)","@rgb(192,192,192)","@rgb(192,192,192)","@symbol(2,512,0)"
"132","Amelanchier lamarckii F.G. Schroed.","Amelanchier lamarckii","Rosaceae","Rosales","Rosanae","Dicot","Kleyer","perennial","shrub",0,0,1,0,0,0,0,1,0,0,0,1,1,1,0,0,0,0,0,0,0,0,3,26.4065520747846,67.0303354979982,6.56311242721712,"S/CS","@rgb(67,171,17)","@rgb(192,192,192)","@rgb(0,0,0)","@symbol(6,512,0)"
"133","Amelanchier ovalis Medik.","Amelanchier ovalis","Rosaceae","Rosales","Rosanae","Dicot","Cerabolini/Pierce","perennial","tree",0,0,1,0,0,0,0,1,0,0,0,1,1,0,0,0,0,0,0,1,0,0,3,16.2382075761502,64.7323934392997,19.0293989845502,"S/CSR","@rgb(41,165,49)","@rgb(255,255,255)","@rgb(128,0,0)","@symbol(3,512,0)"
"134","Ammannia coccinea Rottb.","Ammannia coccinea","Lythraceae","Myrtales","Rosanae","Dicot","Cerabolini/Pierce","perennial","forb",1,1,0,0,0,0,0,2,1,1,1,1,1,0,1,1,0,0,0,1,1,0,9,34.4706118453257,7.77384948052979,57.7555386741445,"CR","@rgb(88,20,147)","@rgb(192,192,192)","@rgb(192,192,192)","@symbol(2,512,0)"
"135","Ammi majus L.","Ammi majus","Apiaceae","Apiales","Asteranae","Dicot","Kleyer","annual","forb",0,0,1,0,0,0,0,1,0,0,0,1,1,0,0,1,1,0,0,1,1,0,6,6.46217606109483,0,93.5378239389052,"R","@rgb(16,0,239)","@rgb(192,192,192)","@rgb(192,192,192)","@symbol(2,512,0)"
"136","Ammophila littoralis (Beauv.) Rothm.","Calamagrostis arenaria subsp. australis","Poaceae","Poales","Lilianae","Monocot","Cerabolini","perennial","graminoid",0,0,1,0,0,0,0,1,0,0,0,1,1,0,0,0,0,0,0,1,0,0,3,31.1194818226076,68.8805181773924,0,"S/CS","@rgb(79,176,0)","@rgb(0,0,0)","@rgb(0,128,0)","@symbol(4,512,0)"
"137","Amorpha canescens Pursh","Amorpha canescens","Fabaceae","Fabales","Rosanae","Dicot","Reich","perennial","shrub",1,0,0,0,0,0,0,1,0,0,0,0,0,0,0,1,0,0,0,0,0,0,1,24.0387099873371,60.0156098099586,15.9456802027043,"S/CSR","@rgb(61,153,41)","@rgb(192,192,192)","@rgb(0,0,0)","@symbol(6,512,0)"
"138","Amorpha fruticosa L.","Amorpha fruticosa","Fabaceae","Fabales","Rosanae","Dicot","Buffa","perennial","shrub",1,0,0,0,0,0,0,1,0,0,0,1,1,0,0,1,0,0,0,1,1,0,5,40.3789092757635,39.0894107514772,20.5316799727593,"CS/CSR","@rgb(103,100,52)","@rgb(192,192,192)","@rgb(0,0,0)","@symbol(6,512,0)"
"139","Amphilophium paniculatum (L.) Kunth","Amphilophium paniculatum","Bignoniaceae","Lamiales","Asteranae","Dicot","Wright","perennial","shrub",0,1,0,0,0,0,0,1,1,1,1,0,0,0,1,0,0,0,0,0,1,0,5,53.2162799598211,28.5227259730915,18.2609940670874,"C/CSR","@rgb(136,73,47)","@rgb(192,192,192)","@rgb(0,0,0)","@symbol(6,512,0)"
"140","Anacamptis pyramidalis (L.) Rich.","Anacamptis pyramidalis","Orchidaceae","Asparagales","Lilianae","Monocot","Cerabolini/Pierce2","perennial","forb",0,0,1,0,0,0,0,1,0,0,0,1,1,0,0,0,0,0,0,1,0,0,3,44.9834281109161,0,55.0165718890839,"CR","@rgb(115,0,140)","@rgb(192,192,192)","@rgb(192,192,192)","@symbol(2,512,0)"
"141","Anacardium excelsum (Bertero & Balb. ex Kunth) Skeels","Anacardium excelsum","Anacardiaceae","Sapindales","Rosanae","Dicot","Wright","perennial","tree",0,1,0,0,0,0,0,1,1,1,1,0,0,0,0,0,0,0,0,0,1,0,4,55.4683951225912,34.6087052846345,9.92289959277429,"CS","@rgb(141,88,25)","@rgb(255,255,255)","@rgb(128,0,0)","@symbol(3,512,0)"
"142","Anacardium occidentale L.","Anacardium occidentale","Anacardiaceae","Sapindales","Rosanae","Dicot","Pinho","perennial","tree",0,1,0,0,0,0,0,1,1,1,0,0,0,0,1,0,1,0,0,0,1,0,5,50.4231648015939,49.5768351984061,0,"CS","@rgb(129,126,0)","@rgb(255,255,255)","@rgb(128,0,0)","@symbol(3,512,0)"
"143","Anagallis arvensis L. arvensis","Lysimachia arvensis","Primulaceae","Ericales","Asteranae","Dicot","Cerabolini/Pierce","perennial","forb",0,0,1,1,0,0,0,2,0,0,0,1,1,1,0,1,0,1,0,1,1,0,7,6.4758693447303,0,93.5241306552697,"R","@rgb(17,0,238)","@rgb(192,192,192)","@rgb(192,192,192)","@symbol(2,512,0)"
"144","Anagallis foemina Mill.","Lysimachia foemina","Primulaceae","Ericales","Asteranae","Dicot","Cerabolini/Pierce","biennial","forb",0,0,1,1,0,0,0,2,0,0,0,1,0,0,0,0,0,0,0,1,1,0,3,10.2031883413551,0,89.7968116586449,"R","@rgb(26,0,229)","@rgb(192,192,192)","@rgb(192,192,192)","@symbol(2,512,0)"
"145","Anagallis minima (L.) E.H.L. Krause","Lysimachia minima","Primulaceae","Ericales","Asteranae","Dicot","Kleyer","annual","forb",0,0,1,0,0,0,0,1,0,0,0,1,1,1,0,0,0,0,1,1,0,0,5,0,0,100,"R","@rgb(0,0,255)","@rgb(192,192,192)","@rgb(192,192,192)","@symbol(2,512,0)"
"146","Anaphalis margaritacea (L.) Benth. & Hook. f.","Anaphalis margaritacea","Asteraceae","Asterales","Asteranae","Dicot","Shipley","perennial","forb",1,0,1,0,1,0,0,3,1,0,0,1,1,1,0,1,0,0,0,1,0,0,6,31.3745692522165,51.6186693124469,17.0067614353366,"S/CSR","@rgb(80,132,43)","@rgb(192,192,192)","@rgb(192,192,192)","@symbol(2,512,0)"
"147","Anarrhinum bellidifolium Willd.","Anarrhinum bellidifolium","Plantaginaceae","Lamiales","Asteranae","Dicot","Kleyer","perennial","forb",0,0,1,0,0,0,0,1,0,0,0,1,0,0,0,0,0,0,0,1,0,0,2,36.0989997132611,29.3260646298216,34.5749356569173,"CSR","@rgb(92,75,88)","@rgb(192,192,192)","@rgb(192,192,192)","@symbol(2,512,0)"
"148","Anaxagorea dolichocarpa Sprague & Sandwith","Anaxagorea dolichocarpa","Annonaceae","Magnoliales","Magnolianae","Dicot","Pinho","perennial","tree",0,1,0,0,0,0,0,1,1,0,0,0,0,0,1,0,0,0,0,0,0,0,2,61.4730390179049,28.7884776392935,9.73848334280159,"C/CS","@rgb(157,73,25)","@rgb(255,255,255)","@rgb(128,0,0)","@symbol(3,512,0)"
"149","Anaxagorea javanica Blume","Anaxagorea javanica","Annonaceae","Magnoliales","Magnolianae","Dicot","SJ Wright Pasoh","perennial","shrub",0,0,0,0,1,1,0,2,1,0,0,0,0,0,0,0,0,0,0,0,0,0,1,43.4259003097061,48.5887794855272,7.98532020476667,"CS","@rgb(111,124,20)","@rgb(192,192,192)","@rgb(0,0,0)","@symbol(6,512,0)"
"150","Anaxagorea panamensis Standl.","Anaxagorea panamensis","Annonaceae","Magnoliales","Magnolianae","Dicot","Wright","perennial","shrub",0,1,0,0,0,0,0,1,1,0,0,0,0,0,0,0,0,0,0,0,0,0,1,37.7158612519471,45.9221101566631,16.3620285913897,"CS/CSR","@rgb(96,117,42)","@rgb(192,192,192)","@rgb(0,0,0)","@symbol(6,512,0)"
"151","Anchusa azurea Mill.","Anchusa azurea","Boraginaceae","Boraginales","Asteranae","Dicot","Kleyer","perennial","forb",0,0,1,0,0,0,0,1,0,0,0,1,1,0,0,1,0,0,0,1,1,0,5,65.0365138989347,0,34.9634861010653,"C/CR","@rgb(166,0,89)","@rgb(192,192,192)","@rgb(192,192,192)","@symbol(2,512,0)"
"152","Anchusa officinalis L.","Anchusa officinalis","Boraginaceae","Boraginales","Asteranae","Dicot","Kleyer","perennial","forb",0,0,1,0,0,0,0,1,0,0,0,1,1,1,0,0,0,0,1,1,0,0,5,46.1663156338923,0,53.8336843661077,"CR","@rgb(118,0,137)","@rgb(192,192,192)","@rgb(192,192,192)","@symbol(2,512,0)"
"153","Andira fraxinifolia Benth.","Andira fraxinifolia","Fabaceae","Fabales","Rosanae","Dicot","Pinho","perennial","tree",0,1,0,0,0,0,0,1,1,1,0,0,0,0,1,0,0,0,0,0,1,0,4,29.9660962184885,70.0339037815115,0,"S/CS","@rgb(76,179,0)","@rgb(255,255,255)","@rgb(128,0,0)","@symbol(3,512,0)"
"154","Andira legalis (Vell.) Toledo","Andira legalis","Fabaceae","Fabales","Rosanae","Dicot","Pinho","perennial","tree",0,1,0,0,0,0,0,1,1,0,0,0,0,0,0,0,0,0,0,0,0,0,1,49.8604212434637,50.1395787565363,0,"CS","@rgb(127,128,0)","@rgb(255,255,255)","@rgb(128,0,0)","@symbol(3,512,0)"
"155","Andromeda polifolia L.","Andromeda polifolia","Ericaceae","Ericales","Asteranae","Dicot","Kleyer","perennial","shrub",1,0,1,0,0,0,0,2,0,0,0,1,1,1,0,1,0,0,1,1,0,0,6,2.27822269704454,97.7217773029555,0,"S","@rgb(6,249,0)","@rgb(192,192,192)","@rgb(0,0,0)","@symbol(6,512,0)"
"156","Andropogon distachyos L.","Andropogon distachyos","Poaceae","Poales","Lilianae","Monocot","Buffa/Nyakunga","perennial","graminoid",0,0,1,1,0,0,0,2,1,0,0,0,0,0,1,0,0,1,0,1,1,0,5,24.5877614055997,61.9389203572962,13.4733182371041,"S/CSR","@rgb(63,158,34)","@rgb(0,0,0)","@rgb(0,128,0)","@symbol(4,512,0)"
"157","Andropogon gerardii Vitman","Andropogon gerardii","Poaceae","Poales","Lilianae","Monocot","Weiher","perennial","graminoid",1,1,0,0,0,0,0,2,1,1,1,1,1,1,1,1,0,0,0,0,1,0,9,24.326085354122,52.0178003581741,23.6561142877039,"S/CSR","@rgb(62,133,60)","@rgb(0,0,0)","@rgb(0,128,0)","@symbol(4,512,0)"
"158","Andropogon virginicus L.","Andropogon virginicus","Poaceae","Poales","Lilianae","Monocot","Weiher","perennial","graminoid",1,1,0,0,0,0,0,2,1,1,1,1,1,0,1,1,0,0,0,1,0,0,8,15.83655276819,77.5066613172637,6.65678591454627,"S/CS","@rgb(40,198,17)","@rgb(0,0,0)","@rgb(0,128,0)","@symbol(4,512,0)"
"159","Androsace albana Steven","Androsace albana","Primulaceae","Ericales","Asteranae","Dicot","Soudzilovskaia","biennial","forb",0,0,1,0,0,0,0,1,0,0,0,1,0,0,0,1,0,0,0,0,0,0,2,7.92395798704809,41.7572747909741,50.3187672219778,"SR","@rgb(20,106,128)","@rgb(192,192,192)","@rgb(192,192,192)","@symbol(2,512,0)"
"160","Androsace lactea L.","Androsace lactea","Primulaceae","Ericales","Asteranae","Dicot","Kleyer","perennial","forb",0,0,1,0,0,0,0,1,0,0,0,1,1,0,0,0,0,0,0,1,0,0,3,11.89667583921,0,88.10332416079,"R","@rgb(30,0,225)","@rgb(192,192,192)","@rgb(192,192,192)","@symbol(2,512,0)"
"161","Androsace maxima L.","Androsace maxima","Primulaceae","Ericales","Asteranae","Dicot","Kleyer","annual","forb",0,0,1,0,0,0,0,1,0,0,0,1,1,0,0,1,0,0,0,1,1,0,5,10.5766501866932,0,89.4233498133068,"R","@rgb(27,0,228)","@rgb(192,192,192)","@rgb(192,192,192)","@symbol(2,512,0)"
"162","Androsace septentrionalis L.","Androsace septentrionalis","Primulaceae","Ericales","Asteranae","Dicot","Kleyer","annual","forb",1,0,1,0,0,0,0,2,0,0,1,1,1,1,0,1,0,0,1,1,1,0,8,2.49388184079204,0,97.506118159208,"R","@rgb(6,0,249)","@rgb(192,192,192)","@rgb(192,192,192)","@symbol(2,512,0)"
"163","Androsace vandellii Chiov.","Androsace alpina","Primulaceae","Ericales","Asteranae","Dicot","Caccianiga","perennial","forb",0,0,1,0,0,0,0,1,0,0,0,1,1,0,0,0,0,0,0,1,0,0,3,0,95.0129268884741,4.98707311152587,"S","@rgb(0,242,13)","@rgb(192,192,192)","@rgb(192,192,192)","@symbol(2,512,0)"
"164","Anemone canadensis L.","Anemonastrum canadense","Ranunculaceae","Ranunculales","Ranunculanae","Dicot","Weiher","perennial","forb",1,0,0,0,0,0,0,1,0,0,0,1,1,1,0,1,0,0,0,0,0,0,4,39.2055751876628,38.1108592060295,22.6835656063077,"CS/CSR","@rgb(100,97,58)","@rgb(192,192,192)","@rgb(192,192,192)","@symbol(2,512,0)"
"165","Anemone nemorosa L.","Anemonoides nemorosa","Ranunculaceae","Ranunculales","Ranunculanae","Dicot","Cerabolini/Pierce","perennial","forb",0,0,1,0,0,0,0,1,0,0,0,1,1,1,0,0,0,0,1,1,0,0,5,38.1765077270162,10.6997708947181,51.1237213782657,"CR","@rgb(97,27,130)","@rgb(192,192,192)","@rgb(192,192,192)","@symbol(2,512,0)"
"166","Anemone quinquefolia L.","Anemone quinquefolia","Ranunculaceae","Ranunculales","Ranunculanae","Dicot","Weiher","perennial","forb",1,0,0,0,0,0,0,1,0,0,0,0,1,1,0,1,0,0,0,0,0,0,3,38.2640560637132,0,61.7359439362868,"CR","@rgb(98,0,157)","@rgb(192,192,192)","@rgb(192,192,192)","@symbol(2,512,0)"
"167","Anemone ranunculoides L.","Anemonoides ranunculoides","Ranunculaceae","Ranunculales","Ranunculanae","Dicot","Kleyer","perennial","forb",0,0,1,0,0,0,0,1,0,0,0,1,1,0,0,0,0,0,0,1,0,0,3,33.0077226472767,9.67308999438104,57.3191873583422,"R/CSR","@rgb(84,25,146)","@rgb(192,192,192)","@rgb(192,192,192)","@symbol(2,512,0)"
"168","Anemone speciosa Adam ex G. Pritz.","Anemonastrum fasciculatum","Ranunculaceae","Ranunculales","Ranunculanae","Dicot","Soudzilovskaia","perennial","forb",1,0,1,0,0,0,0,2,0,0,0,1,1,1,0,1,0,1,1,1,0,0,7,42.8356815620661,28.8304047617562,28.3339136761778,"CSR","@rgb(109,74,72)","@rgb(192,192,192)","@rgb(192,192,192)","@symbol(2,512,0)"
"169","Anemone sylvestris L.","Anemonoides sylvestris","Ranunculaceae","Ranunculales","Ranunculanae","Dicot","Kleyer","perennial","forb",0,0,1,0,0,0,0,1,0,0,0,1,1,1,0,0,0,0,0,0,0,0,3,38.5616142836385,33.4250958147129,28.0132899016485,"CSR","@rgb(98,85,71)","@rgb(192,192,192)","@rgb(192,192,192)","@symbol(2,512,0)"
"170","Anethum graveolens L.","Anethum graveolens","Apiaceae","Apiales","Asteranae","Dicot","Kleyer","annual","forb",0,0,1,0,0,0,0,1,0,0,0,1,0,0,0,0,0,1,0,1,1,0,4,45.7901942227103,0.767950498335846,53.4418552789539,"CR","@rgb(117,2,136)","@rgb(192,192,192)","@rgb(192,192,192)","@symbol(2,512,0)"
"171","Angelica archangelica L.","Angelica archangelica","Apiaceae","Apiales","Asteranae","Dicot","Kleyer","perennial","forb",0,0,1,0,0,0,0,1,0,0,0,1,1,1,0,0,0,1,1,0,0,0,5,81.3620301188848,8.84040944943517,9.79756043168001,"C","@rgb(207,23,25)","@rgb(192,192,192)","@rgb(192,192,192)","@symbol(2,512,0)"
"172","Angelica sylvestris L.","Angelica sylvestris","Apiaceae","Apiales","Asteranae","Dicot","Cerabolini/Pierce","perennial","forb",0,0,1,0,0,0,0,1,0,0,0,1,1,1,0,0,0,0,1,1,0,0,5,78.7693084821694,11.7159505934558,9.51474092437483,"C/CS","@rgb(201,30,24)","@rgb(192,192,192)","@rgb(192,192,192)","@symbol(2,512,0)"
"173","Annona acuminata Saff.","Annona acuminata","Annonaceae","Magnoliales","Magnolianae","Dicot","Wright","perennial","shrub",0,1,0,0,0,0,0,1,1,0,0,0,0,0,0,0,0,0,0,0,0,0,1,29.7058981438663,48.6833868778733,21.6107149782604,"S/CSR","@rgb(76,124,55)","@rgb(192,192,192)","@rgb(0,0,0)","@symbol(6,512,0)"
"174","Annona salzmannii A. DC.","Annona salzmannii","Annonaceae","Magnoliales","Magnolianae","Dicot","Pinho","perennial","tree",0,1,0,0,0,0,0,1,1,0,0,0,0,0,0,0,0,0,0,0,0,0,1,45.2216582129827,49.776007532545,5.00233425447234,"CS","@rgb(115,127,13)","@rgb(255,255,255)","@rgb(128,0,0)","@symbol(3,512,0)"
"175","Annona spraguei Saff.","Annona spraguei","Annonaceae","Magnoliales","Magnolianae","Dicot","Wright","perennial","tree",0,1,0,0,0,0,0,1,1,0,0,0,0,0,0,0,0,0,0,0,0,0,1,58.9541313883433,25.4991177464367,15.54675086522,"C/CSR","@rgb(150,65,40)","@rgb(255,255,255)","@rgb(128,0,0)","@symbol(3,512,0)"
"176","Antennaria carpatica (Wahlenb.) Bluff & Fingerh.","Antennaria carpatica","Asteraceae","Asterales","Asteranae","Dicot","Cerabolini","perennial","forb",0,0,1,0,0,0,0,1,0,0,0,1,1,0,0,0,0,0,0,1,0,0,3,10.02032974801,76.0815219366913,13.8981483152987,"S/SR","@rgb(26,194,35)","@rgb(192,192,192)","@rgb(192,192,192)","@symbol(2,512,0)"
"177","Antennaria dioica (L.) Gaertn.","Antennaria dioica","Asteraceae","Asterales","Asteranae","Dicot","Cerabolini/Pierce","perennial","shrub",1,0,1,0,0,0,0,2,0,0,0,1,1,1,0,0,0,0,1,1,0,0,5,1.77645450484477,79.1372405505064,19.0863049446488,"S/SR","@rgb(5,202,49)","@rgb(192,192,192)","@rgb(0,0,0)","@symbol(6,512,0)"
"178","Antennaria parvifolia Nutt.","Antennaria parvifolia","Asteraceae","Asterales","Asteranae","Dicot","Laughlin","perennial","forb",1,0,0,0,0,0,0,1,0,0,0,1,1,1,0,1,0,0,0,0,0,0,4,5.22018823097347,75.2329935273264,19.5468182417002,"S/SR","@rgb(13,192,50)","@rgb(192,192,192)","@rgb(192,192,192)","@symbol(2,512,0)"
"179","Antennaria plantaginifolia (L.) Hook.","Antennaria plantaginifolia","Asteraceae","Asterales","Asteranae","Dicot","Shipley","perennial","forb",1,0,0,0,0,0,0,1,0,0,0,1,1,0,0,1,0,0,0,0,0,0,3,20.4517053774402,27.7594925246859,51.7888020978739,"R/CSR","@rgb(52,71,132)","@rgb(192,192,192)","@rgb(192,192,192)","@symbol(2,512,0)"
"180","Antennaria rosulata Rydb.","Antennaria rosulata","Asteraceae","Asterales","Asteranae","Dicot","Laughlin","perennial","forb",1,0,0,0,0,0,0,1,0,0,0,0,1,0,0,0,0,0,0,0,0,0,1,0.606910595574634,63.8878994932381,35.5051899111872,"S/SR","@rgb(2,163,91)","@rgb(192,192,192)","@rgb(192,192,192)","@symbol(2,512,0)"
"181","Anthemis arvensis L.","Anthemis arvensis","Asteraceae","Asterales","Asteranae","Dicot","Cerabolini/Pierce","annual","forb",0,0,1,0,0,0,0,1,0,0,0,1,1,1,0,0,0,0,0,1,0,0,4,13.822622703342,0,86.177377296658,"R","@rgb(35,0,220)","@rgb(192,192,192)","@rgb(192,192,192)","@symbol(2,512,0)"
"182","Anthemis cotula L.","Anthemis cotula","Asteraceae","Asterales","Asteranae","Dicot","Shipley","annual","forb",1,0,0,0,0,0,0,1,0,0,0,1,1,1,0,1,0,0,0,1,1,0,6,57.0302106200741,6.6206794890525,36.3491098908734,"CR","@rgb(145,17,93)","@rgb(192,192,192)","@rgb(192,192,192)","@symbol(2,512,0)"
"183","Anthemis cretica L.","Anthemis cretica","Asteraceae","Asterales","Asteranae","Dicot","Soudzilovskaia","perennial","forb",0,0,1,0,0,0,0,1,0,0,0,1,0,0,0,1,0,0,0,1,0,0,3,28.8729743291007,9.35809588013679,61.7689297907625,"R/CR","@rgb(74,24,158)","@rgb(192,192,192)","@rgb(192,192,192)","@symbol(2,512,0)"
"184","Anthemis marschalliana Willd.","Anthemis marschalliana","Asteraceae","Asterales","Asteranae","Dicot","Soudzilovskaia","perennial","forb",0,0,1,0,0,0,0,1,0,0,0,1,0,0,0,1,0,0,0,0,0,0,2,22.3391398786365,54.0332768851546,23.6275832362088,"S/CSR","@rgb(57,138,60)","@rgb(192,192,192)","@rgb(192,192,192)","@symbol(2,512,0)"
"185","Anthemis ruthenica M. Bieb.","Anthemis ruthenica","Asteraceae","Asterales","Asteranae","Dicot","Kleyer","biennial","forb",0,0,1,0,0,0,0,1,0,0,0,1,1,1,0,1,0,0,1,1,0,0,6,20.6547111495106,0,79.3452888504894,"R/CR","@rgb(53,0,202)","@rgb(192,192,192)","@rgb(192,192,192)","@symbol(2,512,0)"
"186","Anthemis tinctoria L.","Cota tinctoria","Asteraceae","Asterales","Asteranae","Dicot","Kleyer","annual","forb",0,0,1,0,0,0,0,1,0,0,0,1,1,1,0,0,0,0,1,1,0,0,5,15.5962917954205,43.4517519520944,40.9519562524851,"SR/CSR","@rgb(40,111,104)","@rgb(192,192,192)","@rgb(192,192,192)","@symbol(2,512,0)"
"187","Anthericum liliago L.","Anthericum liliago","Asparagaceae","Asparagales","Lilianae","Monocot","Kleyer","perennial","forb",0,0,1,0,0,0,0,1,0,0,0,1,1,0,0,0,0,0,0,1,0,0,3,65.9125371914593,0,34.0874628085407,"C/CR","@rgb(168,0,87)","@rgb(192,192,192)","@rgb(192,192,192)","@symbol(2,512,0)"
"188","Anthericum ramosum L.","Anthericum ramosum","Asparagaceae","Asparagales","Lilianae","Monocot","Cerabolini/Pierce","perennial","forb",0,0,1,0,0,0,0,1,0,0,0,1,1,0,0,0,0,0,0,1,0,0,3,45.9749444979712,22.1689252416256,31.8561302604033,"CR/CSR","@rgb(117,57,81)","@rgb(192,192,192)","@rgb(192,192,192)","@symbol(2,512,0)"
"189","Anthoxanthum aristatum Boiss.","Anthoxanthum aristatum","Poaceae","Poales","Lilianae","Monocot","Kleyer","annual","graminoid",0,0,1,0,0,0,0,1,0,0,0,1,1,1,0,0,0,0,0,1,0,0,4,14.7359464729754,31.72496445163,53.5390890753946,"R/CSR","@rgb(38,81,137)","@rgb(0,0,0)","@rgb(0,128,0)","@symbol(4,512,0)"
"190","Anthoxanthum odoratum L. nipponicum (Honda) Tzvelev","Anthoxanthum nipponicum","Poaceae","Poales","Lilianae","Monocot","Cerabolini/Pierce","perennial","graminoid",0,0,1,0,0,0,0,1,0,0,0,1,0,0,0,1,0,0,0,0,0,0,2,8.36407277123131,67.4484305628273,24.1874966659413,"S/SR","@rgb(21,172,62)","@rgb(0,0,0)","@rgb(0,128,0)","@symbol(4,512,0)"
"191","Anthriscus caucalis M. Bieb.","Anthriscus caucalis","Apiaceae","Apiales","Asteranae","Dicot","Kleyer","annual","forb",0,0,1,0,0,0,0,1,0,0,0,1,1,0,0,0,0,0,0,1,0,0,3,43.0921558968402,12.002834188472,44.9050099146878,"CR/CSR","@rgb(110,31,115)","@rgb(192,192,192)","@rgb(192,192,192)","@symbol(2,512,0)"
"192","Anthriscus cerefolium (L.) Hoffm.","Anthriscus cerefolium","Apiaceae","Apiales","Asteranae","Dicot","Kleyer","annual","forb",0,0,1,0,0,0,0,1,0,0,0,1,1,1,0,1,0,0,0,1,1,0,6,20.5189412449152,1.41642526656297,78.0646334885218,"R/CR","@rgb(52,4,199)","@rgb(192,192,192)","@rgb(192,192,192)","@symbol(2,512,0)"
"193","Anthriscus nitida (Wahlenb.) Garcke","Anthriscus nitida","Apiaceae","Apiales","Asteranae","Dicot","Kleyer","perennial","forb",0,0,1,0,0,0,0,1,0,0,0,1,1,0,0,0,0,0,0,0,0,0,2,58.8644277286337,16.772844909576,24.3627273617903,"C/CSR","@rgb(150,43,62)","@rgb(192,192,192)","@rgb(192,192,192)","@symbol(2,512,0)"
"194","Anthriscus sylvestris (L.) Hoffm.","Anthriscus sylvestris","Apiaceae","Apiales","Asteranae","Dicot","Cerabolini/Pierce","biennial","forb",0,0,1,0,1,0,0,2,1,0,0,1,1,1,0,0,0,1,1,1,0,0,7,62.0341257607205,0,37.9658742392795,"CR","@rgb(158,0,97)","@rgb(192,192,192)","@rgb(192,192,192)","@symbol(2,512,0)"
"195","Anthyllis barba-jovis L.","Anthyllis barba-jovis","Fabaceae","Fabales","Rosanae","Dicot","Cerabolini/Pierce","perennial","tree",0,0,1,0,0,0,0,1,0,0,0,1,1,0,0,0,0,0,0,1,0,0,3,42.5281063069047,57.4718936930953,0,"CS","@rgb(108,147,0)","@rgb(255,255,255)","@rgb(128,0,0)","@symbol(3,512,0)"
"196","Anthyllis vulneraria L. alpestris (Kit. ex Schult.) Asch. & Graebn.","Anthyllis vulneraria subsp. alpestris","Fabaceae","Fabales","Rosanae","Dicot","Cerabolini/Pierce","perennial","forb",0,0,1,0,0,0,0,1,0,0,0,1,1,0,0,0,0,0,0,1,0,0,3,32.0424221509188,0,67.9575778490812,"R/CR","@rgb(82,0,173)","@rgb(192,192,192)","@rgb(192,192,192)","@symbol(2,512,0)"
"197","Anthyllis vulneraria L. polyphylla (DC.) Nyman","Anthyllis vulneraria subsp. polyphylla","Fabaceae","Fabales","Rosanae","Dicot","Cerabolini/Pierce","perennial","forb",0,0,1,0,0,0,0,1,0,0,0,1,1,1,0,0,0,0,0,1,0,0,4,41.7738496144801,31.3658164314747,26.8603339540451,"CSR","@rgb(107,80,68)","@rgb(192,192,192)","@rgb(192,192,192)","@symbol(2,512,0)"
"198","Apeiba membranacea Spruce ex Benth.","Apeiba membranacea","Malvaceae","Malvales","Rosanae","Dicot","Wright","perennial","tree",0,1,0,0,0,0,0,1,1,0,0,0,0,0,0,0,0,0,0,0,0,0,1,47.6790579974155,37.0614731095838,15.2594688930006,"CS/CSR","@rgb(122,95,39)","@rgb(255,255,255)","@rgb(128,0,0)","@symbol(3,512,0)"
"199","Apeiba tibourbou Aubl.","Apeiba tibourbou","Malvaceae","Malvales","Rosanae","Dicot","Pinho","perennial","tree",0,1,0,0,0,0,0,1,1,1,0,0,0,0,1,0,0,0,0,0,1,0,4,64.6311538235714,21.1926855460983,14.1761606303303,"C/CS","@rgb(165,54,36)","@rgb(255,255,255)","@rgb(128,0,0)","@symbol(3,512,0)"
"200","Apera interrupta (L.) P. Beauv.","Apera interrupta","Poaceae","Poales","Lilianae","Monocot","Kleyer","annual","graminoid",0,0,1,0,0,0,0,1,0,0,0,1,1,0,0,0,0,0,0,1,0,0,3,0.399094898745705,47.3630296013886,52.2378754998657,"SR","@rgb(1,121,133)","@rgb(0,0,0)","@rgb(0,128,0)","@symbol(4,512,0)"
"201","Aphanes arvensis L.","Aphanes arvensis","Rosaceae","Rosales","Rosanae","Dicot","Cerabolini/Pierce","annual","forb",0,0,1,0,0,0,0,1,0,0,0,1,1,0,0,0,0,0,0,1,0,0,3,2.13956384430554,35.7429115458398,62.1175246098547,"R/SR","@rgb(5,91,158)","@rgb(192,192,192)","@rgb(192,192,192)","@symbol(2,512,0)"
"202","Aphanes inexspectata W. Lippert","Alchemilla australis","Rosaceae","Rosales","Rosanae","Dicot","Kleyer","annual","forb",0,0,1,0,0,0,0,1,0,0,0,1,1,0,0,0,0,0,0,1,0,0,3,9.37548825703252,32.6690816443271,57.9554300986403,"R/CSR","@rgb(24,83,148)","@rgb(192,192,192)","@rgb(192,192,192)","@symbol(2,512,0)"
"203","Aphelandra sinclairiana Nees","Aphelandra sinclairiana","Acanthaceae","Lamiales","Asteranae","Dicot","Wright","perennial","shrub",0,1,0,0,0,0,0,1,1,0,0,0,0,0,0,0,0,0,0,0,0,0,1,60.6342841961458,12.4474269944891,26.9182888093651,"C/CSR","@rgb(155,32,69)","@rgb(192,192,192)","@rgb(0,0,0)","@symbol(6,512,0)"
"204","Apium inundatum Rchb. f.","Apium inundatum","Apiaceae","Apiales","Asteranae","Dicot","Kleyer","perennial","forb",0,0,1,0,0,0,0,1,0,0,0,1,1,0,0,0,0,0,0,1,0,0,3,2.56330764851685,0,97.4366923514831,"R","@rgb(7,0,248)","@rgb(192,192,192)","@rgb(192,192,192)","@symbol(2,512,0)"
"205","Apium nodiflorum (L.) Lag. nodiflorum","Apium nodiflorum","Apiaceae","Apiales","Asteranae","Dicot","Cerabolini/Pierce","perennial","forb",0,0,1,0,0,0,0,1,0,0,0,1,0,0,0,0,0,0,0,1,0,0,2,40.0484891220342,0,59.9515108779658,"CR","@rgb(102,0,153)","@rgb(192,192,192)","@rgb(192,192,192)","@symbol(2,512,0)"
"206","Apocynum androsaemifolium L.","Apocynum androsaemifolium","Apocynaceae","Gentianales","Asteranae","Dicot","Shipley","perennial","forb",1,0,0,0,0,0,0,1,0,0,0,1,1,1,0,1,0,0,0,1,1,0,6,45.5802823535564,40.7653737778266,13.654343868617,"CS/CSR","@rgb(116,104,35)","@rgb(192,192,192)","@rgb(192,192,192)","@symbol(2,512,0)"
"207","Aporosa aurea Hook. f.","Aporosa aurea","Euphorbiaceae","Malpighiales","Rosanae","Dicot","SJ Wright Pasoh","perennial","tree",0,0,0,0,1,1,0,2,1,1,0,0,0,0,0,0,0,0,0,0,0,0,2,46.5765312091419,49.8046115888708,3.61885720198727,"CS","@rgb(119,127,9)","@rgb(255,255,255)","@rgb(128,0,0)","@symbol(3,512,0)"
"208","Aporosa bracteosa Pax & K. Hoffm.","Aporosa subcaudata","Euphorbiaceae","Malpighiales","Rosanae","Dicot","SJ Wright Pasoh","perennial","tree",0,0,0,0,1,0,0,1,1,0,0,0,0,0,0,0,0,0,0,0,0,0,1,34.1948246502918,59.9286919316026,5.87648341810558,"S/CS","@rgb(87,153,15)","@rgb(255,255,255)","@rgb(128,0,0)","@symbol(3,512,0)"
"209","Aporosa falcifera Hook. f.","Aporosa falcifera","Euphorbiaceae","Malpighiales","Rosanae","Dicot","SJ Wright Pasoh","perennial","tree",0,0,0,0,1,0,0,1,1,0,0,0,0,0,0,0,0,0,0,0,0,0,1,41.1236615888049,57.6537576962912,1.22258071490385,"CS","@rgb(105,147,3)","@rgb(255,255,255)","@rgb(128,0,0)","@symbol(3,512,0)"
"210","Aporosa globifera Hook. f.","Aporosa globifera","Euphorbiaceae","Malpighiales","Rosanae","Dicot","SJ Wright Pasoh","perennial","tree",0,0,0,0,1,0,0,1,1,0,0,0,0,0,0,0,0,0,0,0,0,0,1,39.6056946108023,45.7021997773245,14.6921056118732,"CS/CSR","@rgb(101,117,37)","@rgb(255,255,255)","@rgb(128,0,0)","@symbol(3,512,0)"
"211","Aporosa nigricans Hook. f.","Aporosa nigricans","Euphorbiaceae","Malpighiales","Rosanae","Dicot","SJ Wright Pasoh","perennial","tree",0,0,0,0,1,0,0,1,1,0,0,0,0,0,0,0,0,0,0,0,0,0,1,54.3914193367319,41.9077652689033,3.70081539436478,"CS","@rgb(139,107,9)","@rgb(255,255,255)","@rgb(128,0,0)","@symbol(3,512,0)"
"212","Aporosa prainiana King ex Gage","Aporosa prainiana","Euphorbiaceae","Malpighiales","Rosanae","Dicot","SJ Wright Pasoh","perennial","tree",0,0,0,0,1,0,0,1,1,0,0,0,0,0,0,0,0,0,0,0,0,0,1,51.457820609718,25.5890466228972,22.9531327673849,"C/CSR","@rgb(131,65,59)","@rgb(255,255,255)","@rgb(128,0,0)","@symbol(3,512,0)"
"213","Aposeris foetida (L.) Less.","Aposeris foetida","Asteraceae","Asterales","Asteranae","Dicot","Cerabolini/Pierce","perennial","forb",0,0,1,0,0,0,0,1,0,0,0,1,1,0,0,0,0,0,0,1,0,0,3,39.1532282648134,0,60.8467717351866,"CR","@rgb(100,0,155)","@rgb(192,192,192)","@rgb(192,192,192)","@symbol(2,512,0)"
"214","Appunia seibertii Standl.","Appunia seibertii","Rubiaceae","Gentianales","Asteranae","Dicot","Wright","perennial","shrub",0,1,0,0,0,0,0,1,1,0,0,0,0,0,0,0,0,0,0,0,0,0,1,56.0616925949999,15.0049907778586,28.9333166271415,"C/CSR","@rgb(143,38,74)","@rgb(192,192,192)","@rgb(0,0,0)","@symbol(6,512,0)"
"215","Apuleia leiocarpa (Vogel) J.F. Macbr.","Apuleia leiocarpa","Fabaceae","Fabales","Rosanae","Dicot","Pinho","perennial","tree",0,1,0,0,0,0,0,1,1,1,0,0,0,0,1,0,0,0,0,0,1,0,4,31.6113800545026,48.2695964000405,20.119023545457,"S/CSR","@rgb(81,123,51)","@rgb(255,255,255)","@rgb(128,0,0)","@symbol(3,512,0)"
"216","Aquilegia atrata W. D. J. Koch","Aquilegia atrata","Ranunculaceae","Ranunculales","Ranunculanae","Dicot","Cerabolini/Pierce","perennial","forb",0,0,1,0,0,0,0,1,0,0,0,1,1,0,0,0,0,0,0,1,0,0,3,53.108230614681,3.72129823117543,43.1704711541436,"CR","@rgb(135,9,110)","@rgb(192,192,192)","@rgb(192,192,192)","@symbol(2,512,0)"
"217","Aquilegia braunerana (Hoppe) Jav.",NA,"Ranunculaceae","Ranunculales","Ranunculanae","Dicot","Cerabolini/Pierce","perennial","forb",0,0,1,0,0,0,0,1,0,0,0,0,1,0,0,0,0,0,0,0,0,0,1,25.6424486224846,34.3115612582508,40.0459901192646,"CSR","@rgb(65,87,102)","@rgb(192,192,192)","@rgb(192,192,192)","@symbol(2,512,0)"
"218","Aquilegia vulgaris L.","Aquilegia vulgaris","Ranunculaceae","Ranunculales","Ranunculanae","Dicot","Wright","perennial","forb",0,0,1,0,0,0,0,1,0,0,0,1,1,1,0,0,0,0,1,1,0,0,5,40.9962752799783,32.0094195853119,26.9943051347098,"CSR","@rgb(105,82,69)","@rgb(192,192,192)","@rgb(192,192,192)","@symbol(2,512,0)"
"219","Arabidopsis suecica Norrl.","Arabidopsis suecica","Brassicaceae","Brassicales","Rosanae","Dicot","Kleyer","annual","forb",0,0,1,0,0,0,0,1,0,0,0,1,1,1,0,0,0,0,0,0,0,0,3,29.0295295668179,0,70.9704704331821,"R/CR","@rgb(74,0,181)","@rgb(192,192,192)","@rgb(192,192,192)","@symbol(2,512,0)"
"220","Arabidopsis thaliana (L.) Heynh.","Arabidopsis thaliana","Brassicaceae","Brassicales","Rosanae","Dicot","Cerabolini/Pierce","annual","forb",0,0,1,0,0,0,0,1,0,0,0,1,1,1,0,1,0,1,1,1,1,0,8,4.27051151891303,0,95.729488481087,"R","@rgb(11,0,244)","@rgb(192,192,192)","@rgb(192,192,192)","@symbol(2,512,0)"
"221","Arabis alpina L. alpina","Arabis alpina subsp. alpina","Brassicaceae","Brassicales","Rosanae","Dicot","Cerabolini/Pierce","perennial","forb",1,0,1,0,0,0,0,2,0,0,0,1,1,1,0,0,0,0,1,1,0,0,5,9.70238531659916,0,90.2976146834008,"R","@rgb(25,0,230)","@rgb(192,192,192)","@rgb(192,192,192)","@symbol(2,512,0)"
"222","Arabis alpina L. caucasica (Willd.) Briq.","Arabis caucasica","Brassicaceae","Brassicales","Rosanae","Dicot","Cerabolini","perennial","forb",0,0,1,0,0,0,0,1,0,0,0,1,1,0,0,0,0,0,0,1,0,0,3,40.3072740855268,35.2914844792361,24.4012414352371,"CS/CSR","@rgb(103,90,62)","@rgb(192,192,192)","@rgb(192,192,192)","@symbol(2,512,0)"
"223","Arabis caerulea Haenke","Arabis caerulea","Brassicaceae","Brassicales","Rosanae","Dicot","Caccianiga","perennial","forb",0,0,1,0,0,0,0,1,0,0,0,1,1,0,0,0,0,0,0,0,0,0,2,4.88015004239016,50.4551609813169,44.664688976293,"SR","@rgb(12,129,114)","@rgb(192,192,192)","@rgb(192,192,192)","@symbol(2,512,0)"
"224","Arabis collina Ten.","Arabis collina","Brassicaceae","Brassicales","Rosanae","Dicot","Cerabolini/Pierce2","perennial","forb",0,0,1,0,0,0,0,1,0,0,0,1,1,0,0,0,0,0,0,1,0,0,3,15.3219526021544,0,84.6780473978456,"R","@rgb(39,0,216)","@rgb(192,192,192)","@rgb(192,192,192)","@symbol(2,512,0)"
"225","Arabis glabra (L.) Bernh.","Turritis glabra","Brassicaceae","Brassicales","Rosanae","Dicot","Cerabolini/Pierce","perennial","forb",1,0,1,0,0,0,0,2,0,0,0,1,1,1,0,1,0,0,1,1,0,0,6,55.59322888965,7.45672166927706,36.950049441073,"CR","@rgb(142,19,94)","@rgb(192,192,192)","@rgb(192,192,192)","@symbol(2,512,0)"
"226","Arabis hirsuta (L.) Scop.","Arabis hirsuta","Brassicaceae","Brassicales","Rosanae","Dicot","Cerabolini/Pierce","perennial","forb",1,0,1,0,0,0,0,2,0,0,0,1,1,1,0,1,0,0,1,1,1,0,7,4.14224038037133,0,95.8577596196287,"R","@rgb(11,0,244)","@rgb(192,192,192)","@rgb(192,192,192)","@symbol(2,512,0)"
"227","Arabis lyrata L.","Arabidopsis lyrata","Brassicaceae","Brassicales","Rosanae","Dicot","Weiher","perennial","forb",1,0,1,0,1,0,0,3,1,0,0,1,1,1,0,1,0,0,1,0,0,0,6,11.084600734548,0,88.915399265452,"R","@rgb(28,0,227)","@rgb(192,192,192)","@rgb(192,192,192)","@symbol(2,512,0)"
"228","Arabis pumila Jacq.","Arabis pumila","Brassicaceae","Brassicales","Rosanae","Dicot","Caccianiga","perennial","forb",0,0,1,0,0,0,0,1,0,0,0,1,1,0,0,0,0,0,0,1,0,0,3,0.337121482578557,75.3461683247201,24.3167101927013,"S/SR","@rgb(1,192,62)","@rgb(192,192,192)","@rgb(192,192,192)","@symbol(2,512,0)"
"229","Arabis sagittata (Bertol.) DC.","Arabis sagittata","Brassicaceae","Brassicales","Rosanae","Dicot","Kleyer","perennial","forb",0,0,1,0,0,0,0,1,0,0,0,1,1,0,0,0,0,0,0,1,0,0,3,28.169946215266,0,71.830053784734,"R/CR","@rgb(72,0,183)","@rgb(192,192,192)","@rgb(192,192,192)","@symbol(2,512,0)"
"230","Arabis turrita L.","Pseudoturritis turrita","Brassicaceae","Brassicales","Rosanae","Dicot","Cerabolini/Pierce","perennial","forb",0,0,1,0,0,0,0,1,0,0,0,1,1,0,0,0,0,0,0,1,0,0,3,46.9851204522023,0,53.0148795477977,"CR","@rgb(120,0,135)","@rgb(192,192,192)","@rgb(192,192,192)","@symbol(2,512,0)"
"231","Aralia hispida Vent.","Aralia hispida","Araliaceae","Apiales","Asteranae","Dicot","Shipley","perennial","shrub",1,0,0,0,0,0,0,1,0,0,0,1,0,1,0,0,0,0,0,0,0,0,2,37.8764732164437,48.9741193064845,13.1494074770718,"CS/CSR","@rgb(97,125,34)","@rgb(192,192,192)","@rgb(0,0,0)","@symbol(6,512,0)"
"232","Arbutus unedo L.","Arbutus unedo","Ericaceae","Ericales","Asteranae","Dicot","Cerabolini/Pierce","perennial","tree",0,0,1,0,0,0,0,1,0,0,0,1,1,0,0,0,0,0,0,1,0,0,3,22.7433841269351,69.836815481614,7.41980039145092,"S/CS","@rgb(58,178,19)","@rgb(255,255,255)","@rgb(128,0,0)","@symbol(3,512,0)"
"233","Archidendron bubalinum (Jack) I.C. Nielsen","Archidendron bubalinum","Fabaceae","Fabales","Rosanae","Dicot","SJ Wright Pasoh","perennial","tree",0,0,0,0,1,0,0,1,1,0,0,0,0,0,0,0,0,0,0,0,0,0,1,38.1031578814774,55.9439574089311,5.95288470959149,"CS","@rgb(97,143,15)","@rgb(255,255,255)","@rgb(128,0,0)","@symbol(3,512,0)"
"234","Arctium lappa L.","Arctium lappa","Asteraceae","Asterales","Asteranae","Dicot","Cerabolini/Pierce","biennial","forb",0,0,1,0,1,0,0,2,1,0,0,1,1,1,0,0,0,1,0,1,1,0,7,87.2451182982887,0.395597104093399,12.3592845976179,"C","@rgb(222,1,32)","@rgb(192,192,192)","@rgb(192,192,192)","@symbol(2,512,0)"
"235","Arctium minus (Hill) Bernh.","Arctium minus","Asteraceae","Asterales","Asteranae","Dicot","Cerabolini/Pierce","biennial","forb",0,0,1,0,1,0,0,2,1,0,0,1,1,1,0,0,0,1,0,1,0,0,6,84.8978850683858,0,15.1021149316142,"C","@rgb(216,0,39)","@rgb(192,192,192)","@rgb(192,192,192)","@symbol(2,512,0)"
"236","Arctostaphylos alpina (L.) Spreng.","Arctous alpina","Ericaceae","Ericales","Asteranae","Dicot","Kleyer","perennial","shrub",0,0,1,0,0,0,0,1,0,0,0,1,1,1,0,0,0,0,1,1,0,0,5,13.2817516008609,65.4370208798018,21.2812275193374,"S/SR","@rgb(34,167,54)","@rgb(192,192,192)","@rgb(0,0,0)","@symbol(6,512,0)"
"237","Arctostaphylos uva-ursi (L.) Spreng.","Arctostaphylos uva-ursi","Ericaceae","Ericales","Asteranae","Dicot","Kleyer","perennial","shrub",1,0,1,0,0,0,0,2,0,0,0,1,1,1,0,1,0,0,1,1,0,0,6,11.3436080573168,88.6563919426832,0,"S","@rgb(29,226,0)","@rgb(192,192,192)","@rgb(0,0,0)","@symbol(6,512,0)"
"238","Ardisia bartlettii Lundell","Ardisia bartletii","Primulaceae","Ericales","Asteranae","Dicot","Wright","perennial","shrub",0,1,0,0,0,0,0,1,1,0,0,0,0,0,0,0,0,0,0,0,0,0,1,38.6283763149368,49.9273374636777,11.4442862213855,"CS/CSR","@rgb(99,127,29)","@rgb(192,192,192)","@rgb(0,0,0)","@symbol(6,512,0)"
"239","Ardisia crassa C.B. Clarke","Ardisia crassa","Myrsinaceae","Ericales","Asteranae","Dicot","SJ Wright Pasoh","perennial","tree",0,0,0,0,1,0,0,1,1,0,0,0,0,0,0,0,0,0,0,0,0,0,1,38.5718356279953,55.4377756720859,5.99038869991873,"CS","@rgb(98,141,15)","@rgb(255,255,255)","@rgb(128,0,0)","@symbol(3,512,0)"
"240","Ardisia fendleri Lundell","Ardisia fendleri","Primulaceae","Ericales","Asteranae","Dicot","Wright","perennial","shrub",0,1,0,0,0,0,0,1,1,1,1,0,0,0,0,0,0,0,0,0,0,0,3,61.2867227129699,27.6989828014677,11.0142944855624,"C/CS","@rgb(156,71,28)","@rgb(192,192,192)","@rgb(0,0,0)","@symbol(6,512,0)"
"241","Ardisia guianensis (Aubl.) Mez","Ardisia guianensis","Primulaceae","Ericales","Asteranae","Dicot","Wright","perennial","tree",0,1,0,0,0,0,0,1,1,1,0,0,0,0,0,0,0,0,0,0,0,0,2,45.0217914217689,35.0433369326639,19.9348716455672,"CS/CSR","@rgb(115,89,51)","@rgb(255,255,255)","@rgb(128,0,0)","@symbol(3,512,0)"
"242","Ardisia hulletii Mez","Ardisia hullettii","Myrsinaceae","Ericales","Asteranae","Dicot","SJ Wright Pasoh","perennial","tree",0,0,0,0,1,0,0,1,1,0,0,0,0,0,0,0,0,0,0,0,0,0,1,49.8519253888853,45.1880563714762,4.9600182396386,"CS","@rgb(127,115,13)","@rgb(255,255,255)","@rgb(128,0,0)","@symbol(3,512,0)"
"243","Ardisia kunstleri King & Gamble","Ardisia kunstleri","Myrsinaceae","Ericales","Asteranae","Dicot","SJ Wright Pasoh","perennial","shrub",0,0,0,0,1,0,0,1,1,0,0,0,0,0,0,0,0,0,0,0,0,0,1,48.4146369310631,50.2572444746656,1.32811859427123,"CS","@rgb(123,128,3)","@rgb(192,192,192)","@rgb(0,0,0)","@symbol(6,512,0)"
"244","Arenaria fendleri A. Gray","Eremogone fendleri","Caryophyllaceae","Caryophyllales","Caryophyllanae","Dicot","Laughlin","perennial","forb",1,0,0,0,0,0,0,1,0,0,1,0,1,0,0,0,0,0,0,0,0,0,2,1.15905670789327,77.9803556825801,20.8605876095266,"S/SR","@rgb(3,199,53)","@rgb(192,192,192)","@rgb(192,192,192)","@symbol(2,512,0)"
"245","Arenaria lanuginosa (Michx.) Rohrb.","Arenaria lanuginosa","Caryophyllaceae","Caryophyllales","Caryophyllanae","Dicot","Laughlin","perennial","forb",1,1,0,0,0,0,0,2,1,1,1,1,1,0,1,1,0,0,0,0,0,0,7,3.53747460634781,0,96.4625253936522,"R","@rgb(9,0,246)","@rgb(192,192,192)","@rgb(192,192,192)","@symbol(2,512,0)"
"246","Arenaria lychnidea M. Bieb.","Eremogone lychnidea","Caryophyllaceae","Caryophyllales","Caryophyllanae","Dicot","Soudzilovskaia","perennial","forb",0,0,1,0,0,0,0,1,0,0,0,1,0,0,0,1,0,0,0,0,1,0,3,4.40805845655323,70.2254683567348,25.366473186712,"S/SR","@rgb(11,179,65)","@rgb(192,192,192)","@rgb(192,192,192)","@symbol(2,512,0)"
"247","Arenaria serpyllifolia L.","Arenaria serpyllifolia","Caryophyllaceae","Caryophyllales","Caryophyllanae","Dicot","Díaz","perennial","forb",0,0,1,1,1,0,0,3,0,0,0,1,1,1,0,1,0,1,1,1,1,0,8,0,45.3810907462689,54.6189092537311,"SR","@rgb(0,116,139)","@rgb(192,192,192)","@rgb(192,192,192)","@symbol(2,512,0)"
"248","Arisaema triphyllum (L.) Schott","Arisaema triphyllum","Araceae","Alismatales","Lilianae","Monocot","Weiher","perennial","forb",1,0,0,0,0,0,0,1,0,0,0,1,1,0,0,1,0,0,0,0,0,0,3,69.117557455243,0,30.882442544757,"C/CR","@rgb(176,0,79)","@rgb(192,192,192)","@rgb(192,192,192)","@symbol(2,512,0)"
"249","Aristida dichotoma Michx.","Aristida dichotoma","Poaceae","Poales","Lilianae","Monocot","Weiher","annual","graminoid",1,0,0,0,0,0,0,1,0,0,0,1,1,0,1,1,0,0,0,0,0,0,4,4.04112932614997,78.0424679574134,17.9164027164366,"S/SR","@rgb(10,199,46)","@rgb(0,0,0)","@rgb(0,128,0)","@symbol(4,512,0)"
"250","Aristida oligantha Michx.","Aristida oligantha","Poaceae","Poales","Lilianae","Monocot","Weiher","annual","graminoid",1,0,0,0,0,0,0,1,0,0,0,1,1,0,1,1,0,0,0,1,1,0,6,5.02696095004194,60.2974758767012,34.6755631732569,"S/SR","@rgb(13,154,88)","@rgb(0,0,0)","@rgb(0,128,0)","@symbol(4,512,0)"
"251","Aristida purpurascens Poir.","Aristida purpurascens","Poaceae","Poales","Lilianae","Monocot","Weiher","perennial","graminoid",1,1,0,0,0,0,0,2,1,1,1,1,1,0,1,1,0,0,0,0,0,0,7,8.63688233672389,59.3289943251341,32.034123338142,"S/SR","@rgb(22,151,82)","@rgb(0,0,0)","@rgb(0,128,0)","@symbol(4,512,0)"
"252","Aristida purpurea Nutt.","Aristida purpurea","Poaceae","Poales","Lilianae","Monocot","Laughlin","perennial","graminoid",1,1,0,0,0,0,0,2,1,0,0,1,1,0,1,1,0,0,0,1,1,0,7,0,100,0,"S","@rgb(0,255,0)","@rgb(0,0,0)","@rgb(0,128,0)","@symbol(4,512,0)"
"253","Aristolochia clematitis L.","Aristolochia clematitis","Aristolochiaceae","Piperales","Magnolianae","Dicot","Kleyer","perennial","herbaceous vine",0,0,1,0,0,0,0,1,0,0,0,1,1,0,0,0,0,0,0,1,0,0,3,55.5808370013561,28.9128607364988,15.5063022621451,"C/CSR","@rgb(142,74,40)","@rgb(0,0,0)","@rgb(0,255,0)","@symbol(3,512,0)"
"254","Aristolochia pallida Willd.","Aristolochia pallida","Aristolochiaceae","Piperales","Magnolianae","Dicot","Cerabolini/Pierce2","perennial","forb",0,0,1,0,0,0,0,1,0,0,0,0,1,0,0,0,0,0,0,1,0,0,2,12.9009476439418,24.7461678394387,62.3528845166195,"R/CSR","@rgb(33,63,159)","@rgb(192,192,192)","@rgb(192,192,192)","@symbol(2,512,0)"
"255","Armeria maritima (Mill.) Willd.","Armeria maritima","Plumbaginaceae","Caryophyllales","Caryophyllanae","Dicot","Kleyer","perennial","shrub",1,0,1,0,0,0,0,2,0,0,0,1,1,1,0,1,0,0,1,1,0,0,6,15.6052500263413,29.9374920188739,54.4572579547848,"R/CSR","@rgb(40,76,139)","@rgb(192,192,192)","@rgb(0,0,0)","@symbol(6,512,0)"
"256","Arnica montana L.","Arnica montana","Asteraceae","Asterales","Asteranae","Dicot","Kleyer","perennial","forb",0,0,1,0,0,0,0,1,0,0,0,1,1,1,0,0,0,0,1,1,0,0,5,59.0724297040322,0,40.9275702959678,"CR","@rgb(151,0,104)","@rgb(192,192,192)","@rgb(192,192,192)","@symbol(2,512,0)"
"257","Arrabidaea candicans (Rich.) DC.","Fridericia candicans","Bignoniaceae","Lamiales","Asteranae","Dicot","Wright","perennial","liana",0,1,0,0,0,0,0,1,1,1,0,0,0,0,1,0,0,0,0,0,0,0,3,64.6131543999167,27.7789181351497,7.60792746493359,"C/CS","@rgb(165,71,19)","@rgb(128,128,128)","@rgb(128,128,128)","@symbol(3,512,0)"
"258","Arrabidaea florida DC.","Fridericia florida","Bignoniaceae","Lamiales","Asteranae","Dicot","Wright","perennial","liana",0,1,0,0,0,0,0,1,1,1,0,0,0,0,1,0,0,0,0,0,0,0,3,50.2419062084947,33.2281897643806,16.5299040271247,"CS/CSR","@rgb(128,85,42)","@rgb(128,128,128)","@rgb(128,128,128)","@symbol(3,512,0)"
"259","Arrabidaea verrucosa (Standl.) A.H. Gentry","Fridericia schumanniana","Bignoniaceae","Lamiales","Asteranae","Dicot","Wright","perennial","liana",0,1,0,0,0,0,0,1,1,1,1,0,0,0,0,0,0,1,0,0,0,0,4,52.1105004843869,35.8047596393045,12.0847398763086,"CS/CSR","@rgb(133,91,31)","@rgb(128,128,128)","@rgb(128,128,128)","@symbol(3,512,0)"
"260","Arrhenatherum elatius (L.) P. Beauv. ex J. Presl & C. Presl","Arrhenatherum elatius","Poaceae","Poales","Lilianae","Monocot","Díaz","perennial","graminoid",0,0,1,0,0,0,0,1,0,0,0,1,1,1,0,1,0,0,1,1,0,0,6,23.7618819749957,35.5200540073147,40.7180640176896,"SR/CSR","@rgb(61,91,104)","@rgb(0,0,0)","@rgb(0,128,0)","@symbol(4,512,0)"
"261","Artemisia absinthium L.","Artemisia absinthium","Asteraceae","Asterales","Asteranae","Dicot","Díaz","perennial","shrub",0,0,1,0,0,0,0,1,0,0,0,1,1,1,0,1,0,1,0,1,1,0,7,32.347600083875,23.480106275101,44.172293641024,"CR/CSR","@rgb(82,60,113)","@rgb(192,192,192)","@rgb(0,0,0)","@symbol(6,512,0)"
"262","Artemisia annua L.","Artemisia annua","Asteraceae","Asterales","Asteranae","Dicot","Kleyer","annual","forb",0,0,1,0,0,0,0,1,0,0,0,1,0,0,0,0,0,1,0,0,1,0,3,24.8869052113537,28.2752419535627,46.8378528350836,"R/CSR","@rgb(63,72,119)","@rgb(192,192,192)","@rgb(192,192,192)","@symbol(2,512,0)"
"263","Artemisia campestris L.","Artemisia campestris","Asteraceae","Asterales","Asteranae","Dicot","Kleyer","perennial","forb",1,0,1,0,0,0,0,2,0,0,0,1,1,1,0,1,0,0,0,1,1,0,6,22.2892404237198,30.413048085381,47.2977114908992,"R/CSR","@rgb(57,78,121)","@rgb(192,192,192)","@rgb(192,192,192)","@symbol(2,512,0)"
"264","Artemisia carruthii Alph. Wood ex Carruth","Artemisia carruthii","Asteraceae","Asterales","Asteranae","Dicot","Laughlin","perennial","forb",1,0,0,0,0,0,0,1,0,0,1,1,1,0,0,1,0,0,0,0,1,0,5,5.83243703376276,61.4586516342924,32.7089113319448,"S/SR","@rgb(15,157,83)","@rgb(192,192,192)","@rgb(192,192,192)","@symbol(2,512,0)"
"265","Artemisia caudata Alph. Wood ex Carruth","Artemisia campestris subsp. caudata","Asteraceae","Asterales","Asteranae","Dicot","Weiher","perennial","forb",1,1,0,0,0,0,0,2,0,0,0,1,1,1,0,1,0,0,1,1,1,0,7,29.5164046478275,49.2410196664926,21.2425756856799,"S/CSR","@rgb(75,126,54)","@rgb(192,192,192)","@rgb(192,192,192)","@symbol(2,512,0)"
"266","Artemisia dracunculus L.","Artemisia dracunculus","Asteraceae","Asterales","Asteranae","Dicot","Laughlin","perennial","shrub",1,0,1,0,1,0,0,3,1,1,0,1,1,1,0,1,0,1,0,0,1,0,8,10.6334561573028,46.8626091531915,42.5039346895057,"SR","@rgb(27,119,108)","@rgb(192,192,192)","@rgb(0,0,0)","@symbol(6,512,0)"
"267","Artemisia ludoviciana Nutt.","Artemisia ludoviciana","Asteraceae","Asterales","Asteranae","Dicot","Reich","perennial","shrub",1,1,0,0,0,0,0,2,0,1,1,1,1,0,0,1,0,0,0,1,1,0,7,12.5353688075839,65.0922264492948,22.3724047431213,"S/SR","@rgb(32,166,57)","@rgb(192,192,192)","@rgb(0,0,0)","@symbol(6,512,0)"
"268","Artemisia maritima Ledeb.","Seriphidium caerulescens subsp. gallicum","Asteraceae","Asterales","Asteranae","Dicot","Kleyer","perennial","shrub",0,0,1,0,0,0,0,1,0,0,0,1,1,0,0,0,0,0,0,1,0,0,3,37.7289057317367,24.4969809970949,37.7741132711684,"CR/CSR","@rgb(96,62,96)","@rgb(192,192,192)","@rgb(0,0,0)","@symbol(6,512,0)"
"269","Artemisia verlotiorum Lamotte","Artemisia verlotiorum","Asteraceae","Asterales","Asteranae","Dicot","Cerabolini/Pierce","perennial","forb",0,0,1,0,0,0,0,1,0,0,0,0,1,1,0,0,0,0,1,0,0,0,3,31.589559462049,59.9433002335923,8.46714030435864,"S/CS","@rgb(81,153,22)","@rgb(192,192,192)","@rgb(192,192,192)","@symbol(2,512,0)"
"270","Artemisia vulgaris L.","Artemisia vulgaris","Asteraceae","Asterales","Asteranae","Dicot","Cerabolini/Pierce","perennial","forb",0,0,1,0,1,0,0,2,1,0,0,1,1,1,0,0,0,0,1,1,0,0,6,39.0527676886099,49.6475000794406,11.2997322319496,"CS/CSR","@rgb(100,127,29)","@rgb(192,192,192)","@rgb(192,192,192)","@symbol(2,512,0)"
"271","Aruncus dioicus (Walter) Fernald","Aruncus dioicus","Rosaceae","Rosales","Rosanae","Dicot","Cerabolini/Pierce","perennial","forb",1,0,1,0,1,0,0,3,0,0,0,1,1,1,0,0,0,0,1,1,0,0,5,70.5838981322733,3.33878002770366,26.077321840023,"C/CR","@rgb(180,9,66)","@rgb(192,192,192)","@rgb(192,192,192)","@symbol(2,512,0)"
"272","Asarum canadense L.","Asarum canadense","Aristolochiaceae","Piperales","Magnolianae","Dicot","Weiher","perennial","forb",1,0,0,0,0,0,0,1,0,0,0,1,1,0,0,1,0,0,0,0,0,0,3,69.9289123070606,0,30.0710876929394,"C/CR","@rgb(178,0,77)","@rgb(192,192,192)","@rgb(192,192,192)","@symbol(2,512,0)"
"273","Asarum europaeum L.","Asarum europaeum","Aristolochiaceae","Piperales","Magnolianae","Dicot","Cerabolini/Pierce","perennial","forb",0,0,1,0,0,0,0,1,0,0,0,1,1,1,0,0,0,0,0,0,0,0,3,52.4211988254546,0,47.5788011745454,"CR","@rgb(134,0,121)","@rgb(192,192,192)","@rgb(192,192,192)","@symbol(2,512,0)"
"274","Asclepias incarnata L.","Asclepias incarnata","Apocynaceae","Gentianales","Asteranae","Dicot","Shipley","perennial","forb",1,0,0,0,0,0,0,1,0,0,0,1,1,1,0,1,0,0,0,0,0,0,4,36.0566855370646,28.2568744216034,35.686440041332,"CSR","@rgb(92,72,91)","@rgb(192,192,192)","@rgb(192,192,192)","@symbol(2,512,0)"
"275","Asclepias syriaca L.","Asclepias syriaca","Apocynaceae","Gentianales","Asteranae","Dicot","Shipley","perennial","forb",1,0,0,0,0,0,0,1,0,0,0,1,0,0,0,1,0,0,0,0,0,0,2,63.4352529856617,17.3198639136017,19.2448831007367,"C/CSR","@rgb(162,44,49)","@rgb(192,192,192)","@rgb(192,192,192)","@symbol(2,512,0)"
"276","Asclepias tuberosa L.","Asclepias tuberosa","Apocynaceae","Gentianales","Asteranae","Dicot","Reich","perennial","forb",1,0,0,0,0,0,0,1,0,0,0,1,1,0,0,1,0,0,0,0,1,0,4,30.7470181485143,28.1741949662415,41.0787868852442,"CSR","@rgb(78,72,105)","@rgb(192,192,192)","@rgb(192,192,192)","@symbol(2,512,0)"
"277","Asclepias verticillata L.","Asclepias verticillata","Apocynaceae","Gentianales","Asteranae","Dicot","Weiher","perennial","forb",1,1,0,0,0,0,0,2,0,1,1,1,1,0,1,1,0,0,0,0,1,0,7,4.85861608367593,42.2093697241266,52.9320141921974,"SR","@rgb(12,108,135)","@rgb(192,192,192)","@rgb(192,192,192)","@symbol(2,512,0)"
"278","Asclepias viridis Walter","Asclepias viridis","Apocynaceae","Gentianales","Asteranae","Dicot","Weiher","perennial","forb",1,0,0,0,0,0,0,1,0,0,0,1,1,0,1,1,0,0,0,0,0,0,4,25.5526231385742,72.4956390221116,1.95173783931419,"S/CS","@rgb(65,185,5)","@rgb(192,192,192)","@rgb(192,192,192)","@symbol(2,512,0)"
"279","Asparagus officinalis L.","Asparagus officinalis","Asparagaceae","Asparagales","Lilianae","Monocot","Kleyer","perennial","forb",0,0,1,0,0,0,0,1,0,0,0,1,1,1,0,1,0,0,0,1,0,0,5,0.349989536265202,92.5877238506903,7.06228661304451,"S","@rgb(1,236,18)","@rgb(192,192,192)","@rgb(192,192,192)","@symbol(2,512,0)"
"280","Asperugo procumbens L.","Asperugo procumbens","Boraginaceae","Boraginales","Asteranae","Dicot","Kleyer","annual","forb",0,0,1,0,0,0,0,1,0,0,0,1,1,1,0,1,0,1,1,1,1,0,8,17.2594130456849,0,82.7405869543151,"R/CR","@rgb(44,0,211)","@rgb(192,192,192)","@rgb(192,192,192)","@symbol(2,512,0)"
"281","Asperula aristata L. f. oreophila (Briq.) Hayek","Cynanchica aristata subsp. scabra","Rubiaceae","Gentianales","Asteranae","Dicot","Cerabolini/Pierce","perennial","forb",0,0,1,0,0,0,0,1,0,0,0,0,0,0,0,0,0,0,0,1,0,0,1,0.568484575386494,49.0768065385713,50.3547088860423,"SR","@rgb(1,125,128)","@rgb(192,192,192)","@rgb(192,192,192)","@symbol(2,512,0)"
"282","Asperula cynanchica L.","Cynanchica pyrenaica subsp. cynanchica","Rubiaceae","Gentianales","Asteranae","Dicot","Kleyer","perennial","forb",0,0,1,0,0,0,0,1,0,0,0,1,1,0,0,0,0,0,0,1,0,0,3,0,56.0796505314125,43.9203494685875,"SR","@rgb(0,143,112)","@rgb(192,192,192)","@rgb(192,192,192)","@symbol(2,512,0)"
"283","Asperula tinctoria L.","Asperula tinctoria","Rubiaceae","Gentianales","Asteranae","Dicot","Kleyer","perennial","forb",0,0,1,0,0,0,0,1,0,0,0,1,1,0,0,0,0,0,0,0,0,0,2,3.34051489969715,45.8345449283134,50.8249401719895,"SR","@rgb(9,117,130)","@rgb(192,192,192)","@rgb(192,192,192)","@symbol(2,512,0)"
"284","Aspidosperma discolor A. DC.","Aspidosperma discolor","Apocynaceae","Gentianales","Asteranae","Dicot","Pinho","perennial","tree",0,1,0,0,0,0,0,1,1,1,0,0,0,0,1,0,0,0,0,0,1,0,4,48.194234152486,39.356326786778,12.4494390607361,"CS/CSR","@rgb(123,100,32)","@rgb(255,255,255)","@rgb(128,0,0)","@symbol(3,512,0)"
"285","Asplenium ruta-muraria L.","Asplenium ruta-muraria","Aspleniaceae","Polypodiales",NA,"Fern","Cerabolini/Pierce","perennial","forb",1,0,1,0,1,0,0,3,1,0,0,1,1,1,0,0,0,1,1,1,1,0,8,12.571889925578,54.6244153621445,32.8036947122775,"S/CSR","@rgb(32,139,84)","@rgb(192,192,192)","@rgb(192,192,192)","@symbol(2,512,0)"
"286","Asplenium septentrionale (L.) Hoffm.","Asplenium septentrionale","Aspleniaceae","Polypodiales",NA,"Fern","Kleyer","perennial","forb",1,0,1,0,0,0,0,2,0,0,0,1,1,1,0,1,0,1,1,1,0,0,7,23.3819988242511,23.5378489747804,53.0801522009685,"R/CSR","@rgb(60,60,135)","@rgb(192,192,192)","@rgb(192,192,192)","@symbol(2,512,0)"
"287","Asplenium trichomanes L. quadrivalens D. E. Mey.","Asplenium trichomanes subsp. quadrivalens","Aspleniaceae","Polypodiales",NA,"Fern","Cerabolini","perennial","forb",0,0,1,0,0,0,0,1,0,0,0,1,1,1,0,0,0,0,1,1,0,0,5,25.7493934449808,42.2808952121838,31.9697113428354,"CSR","@rgb(66,108,82)","@rgb(192,192,192)","@rgb(192,192,192)","@symbol(2,512,0)"
"288","Asplenium viride Huds.","Asplenium viride","Aspleniaceae","Polypodiales",NA,"Fern","Cerabolini","perennial","forb",1,0,1,0,1,0,0,3,1,0,0,1,1,1,0,0,0,1,1,1,0,0,7,29.7759212027096,8.85950162516048,61.36457717213,"R/CR","@rgb(76,23,156)","@rgb(192,192,192)","@rgb(192,192,192)","@symbol(2,512,0)"
"289","Aster acuminatus Michx.","Oclemena acuminata","Asteraceae","Asterales","Asteranae","Dicot","Shipley","perennial","forb",1,0,0,0,0,0,0,1,0,0,0,1,0,0,0,0,0,0,0,0,0,0,1,8.38605418763504,68.6251071059824,22.9888387063826,"S/SR","@rgb(21,175,59)","@rgb(192,192,192)","@rgb(192,192,192)","@symbol(2,512,0)"
"290","Aster alpinus L.","Aster alpinus","Asteraceae","Asterales","Asteranae","Dicot","Soudzilovskaia","perennial","forb",1,0,1,0,0,0,0,2,0,0,0,1,1,1,0,1,0,1,1,1,0,0,7,10.0610053518006,60.7886499048453,29.1503447433541,"S/SR","@rgb(26,155,74)","@rgb(192,192,192)","@rgb(192,192,192)","@symbol(2,512,0)"
"291","Aster amellus L.","Aster amellus","Asteraceae","Asterales","Asteranae","Dicot","Cerabolini/Pierce","perennial","forb",0,0,1,0,0,0,0,1,0,0,0,1,1,0,0,0,0,0,0,1,0,0,3,25.9900036361764,43.897770190733,30.1122261730906,"S/CSR","@rgb(66,112,77)","@rgb(192,192,192)","@rgb(192,192,192)","@symbol(2,512,0)"
"292","Aster bellidiastrum (L.) Scop.","Aster bellidiastrum","Asteraceae","Asterales","Asteranae","Dicot","Kleyer","perennial","forb",0,0,1,0,0,0,0,1,0,0,0,1,1,0,0,0,0,0,0,0,0,0,2,42.2337328584847,0,57.7662671415153,"CR","@rgb(108,0,147)","@rgb(192,192,192)","@rgb(192,192,192)","@symbol(2,512,0)"
"293","Aster dumosus L.","Symphyotrichum dumosum","Asteraceae","Asterales","Asteranae","Dicot","Weiher","perennial","forb",1,0,0,0,0,0,0,1,0,0,0,1,1,0,0,1,0,0,0,0,0,0,3,6.15813175248997,90.9363906425383,2.90547760497179,"S","@rgb(16,232,7)","@rgb(192,192,192)","@rgb(192,192,192)","@symbol(2,512,0)"
"294","Aster ericoides L.","Symphyotrichum ericoides","Asteraceae","Asterales","Asteranae","Dicot","Weiher","perennial","forb",1,1,0,0,0,0,0,2,0,1,1,1,1,1,0,0,0,0,0,0,1,0,6,8.85199737138765,56.6705668197391,34.4774358088733,"SR","@rgb(23,145,88)","@rgb(192,192,192)","@rgb(192,192,192)","@symbol(2,512,0)"
"295","Aster hemisphericus Alexander","Eurybia hemispherica","Asteraceae","Asterales","Asteranae","Dicot","Weiher","perennial","forb",1,0,0,0,0,0,0,1,0,0,0,1,1,0,0,0,0,0,0,0,0,0,2,8.84426956396567,83.4289996937439,7.72673074229046,"S","@rgb(23,213,20)","@rgb(192,192,192)","@rgb(192,192,192)","@symbol(2,512,0)"
"296","Aster laevis L.","Symphyotrichum laeve","Asteraceae","Asterales","Asteranae","Dicot","Weiher","perennial","forb",1,0,0,0,0,0,0,1,0,0,1,1,1,1,0,1,0,0,0,0,0,0,5,39.0672286995951,33.8477146282061,27.0850566721989,"CSR","@rgb(100,86,69)","@rgb(192,192,192)","@rgb(192,192,192)","@symbol(2,512,0)"
"297","Aster lanceolatus Willd.","Symphyotrichum lanceolatum","Asteraceae","Asterales","Asteranae","Dicot","Shipley","perennial","forb",1,0,0,0,0,0,0,1,0,0,0,1,1,1,0,1,0,0,0,0,1,0,5,10.9343743479064,64.4891937064617,24.5764319456319,"S/SR","@rgb(28,164,63)","@rgb(192,192,192)","@rgb(192,192,192)","@symbol(2,512,0)"
"298","Aster linosyris Benth.","Galatella linosyris","Asteraceae","Asterales","Asteranae","Dicot","Kleyer","perennial","forb",0,0,1,0,0,0,0,1,0,0,0,1,1,0,0,0,0,0,0,1,0,0,3,6.50655416640415,79.2288962710198,14.2645495625761,"S/SR","@rgb(17,202,36)","@rgb(192,192,192)","@rgb(192,192,192)","@symbol(2,512,0)"
"299","Aster novae-angliae L.","Symphyotrichum novae-angliae","Asteraceae","Asterales","Asteranae","Dicot","Weiher","perennial","forb",1,0,0,0,0,0,0,1,0,0,0,1,1,0,0,1,0,0,0,0,0,0,3,18.0206681285341,46.5400494146547,35.4392824568113,"SR/CSR","@rgb(46,119,90)","@rgb(192,192,192)","@rgb(192,192,192)","@symbol(2,512,0)"
"300","Aster patens Aiton","Symphyotrichum patens","Asteraceae","Asterales","Asteranae","Dicot","Weiher","perennial","forb",1,0,0,0,0,0,0,1,0,0,0,1,1,0,1,1,0,0,0,0,0,0,4,8.00105244930092,83.9336263172129,8.06532123348619,"S","@rgb(20,214,21)","@rgb(192,192,192)","@rgb(192,192,192)","@symbol(2,512,0)"
"301","Aster pilosus Willd.","Symphyotrichum pilosum","Asteraceae","Asterales","Asteranae","Dicot","Weiher","perennial","forb",1,0,0,0,0,0,0,1,0,0,1,1,1,0,0,1,0,0,0,0,0,0,4,21.7625642196716,36.4594799754667,41.7779558048617,"SR/CSR","@rgb(55,93,107)","@rgb(192,192,192)","@rgb(192,192,192)","@symbol(2,512,0)"
"302","Aster puniceus L.","Symphyotrichum puniceum","Asteraceae","Asterales","Asteranae","Dicot","Shipley","perennial","shrub",1,0,0,0,0,0,0,1,0,0,0,1,1,1,0,1,0,0,1,0,0,0,5,35.4275817521517,40.3282923488475,24.2441258990008,"CS/CSR","@rgb(90,103,62)","@rgb(192,192,192)","@rgb(0,0,0)","@symbol(6,512,0)"
"303","Aster sagittifolius Wedem. ex Willd.","Symphyotrichum cordifolium","Asteraceae","Asterales","Asteranae","Dicot","Weiher","perennial","forb",1,0,0,0,0,0,0,1,0,0,0,1,0,0,0,1,0,0,0,0,0,0,2,18.8719811304831,36.6715240199821,44.4564948495347,"SR/CSR","@rgb(48,94,113)","@rgb(192,192,192)","@rgb(192,192,192)","@symbol(2,512,0)"
"304","Aster simplex Willd.","Symphyotrichum lanceolatum subsp. lanceolatum","Asteraceae","Asterales","Asteranae","Dicot","Shipley","perennial","forb",1,0,0,0,0,0,0,1,0,0,0,1,1,1,0,0,0,0,0,0,0,0,3,31.2305234470907,42.3203634292243,26.4491131236851,"CSR","@rgb(80,108,67)","@rgb(192,192,192)","@rgb(192,192,192)","@symbol(2,512,0)"
"305","Aster tripolium L.","Tripolium pannonicum","Asteraceae","Asterales","Asteranae","Dicot","Kleyer","perennial","forb",0,0,1,0,0,0,0,1,0,0,0,1,1,1,0,0,0,0,0,1,0,0,4,54.3845839136823,0,45.6154160863177,"CR","@rgb(139,0,116)","@rgb(192,192,192)","@rgb(192,192,192)","@symbol(2,512,0)"
"306","Aster umbellatus Mill.","Doellingeria umbellata","Asteraceae","Asterales","Asteranae","Dicot","Shipley","perennial","forb",1,0,0,0,0,0,0,1,0,0,0,1,1,1,0,1,0,0,0,0,0,0,4,48.6508649402298,4.36277943095595,46.9863556288143,"CR","@rgb(124,11,120)","@rgb(192,192,192)","@rgb(192,192,192)","@symbol(2,512,0)"
"307","Astragalus alpinus L.","Astragalus alpinus","Fabaceae","Fabales","Rosanae","Dicot","Kleyer","perennial","forb",1,0,1,0,0,0,0,2,0,0,0,1,1,1,0,0,0,1,1,1,0,0,6,12.2291083582071,13.8989986424136,73.8718929993794,"R/SR","@rgb(31,35,188)","@rgb(192,192,192)","@rgb(192,192,192)","@symbol(2,512,0)"
"308","Astragalus canadensis L.","Astragalus canadensis","Fabaceae","Fabales","Rosanae","Dicot","Weiher","perennial","forb",1,0,0,0,0,0,0,1,0,0,0,1,1,1,0,1,0,0,0,0,1,0,5,36.5172636479842,40.1828111717521,23.2999251802638,"CS/CSR","@rgb(93,102,59)","@rgb(192,192,192)","@rgb(192,192,192)","@symbol(2,512,0)"
"309","Astragalus cicer L.","Astragalus cicer","Fabaceae","Fabales","Rosanae","Dicot","Kleyer","perennial","forb",0,0,1,0,0,0,0,1,0,0,0,1,1,1,0,1,0,0,0,1,0,0,5,40.6167001728834,18.8892004586276,40.494099368489,"CR/CSR","@rgb(104,48,103)","@rgb(192,192,192)","@rgb(192,192,192)","@symbol(2,512,0)"
"310","Astragalus frigidus (L.) A. Gray","Astragalus frigidus","Fabaceae","Fabales","Rosanae","Dicot","Kleyer","perennial","forb",0,0,1,0,0,0,0,1,0,0,0,1,1,1,0,0,0,0,1,0,0,0,4,32.7187801722748,13.7328335151852,53.54838631254,"R/CSR","@rgb(83,35,137)","@rgb(192,192,192)","@rgb(192,192,192)","@symbol(2,512,0)"
"311","Astragalus humistratus A. Gray","Astragalus humistratus","Fabaceae","Fabales","Rosanae","Dicot","Laughlin","perennial","forb",1,0,0,0,0,0,0,1,0,0,1,0,1,0,0,0,0,0,0,0,0,0,2,19.3722102610831,48.9230145494987,31.7047751894182,"S/CSR","@rgb(49,125,81)","@rgb(192,192,192)","@rgb(192,192,192)","@symbol(2,512,0)"
"312","Astragalus rusbyi Greene","Astragalus rusbyi","Fabaceae","Fabales","Rosanae","Dicot","Laughlin","perennial","forb",1,0,0,0,0,0,0,1,0,0,1,0,1,0,0,0,0,0,0,0,0,0,2,28.4583284869041,17.1758854654188,54.3657860476771,"R/CSR","@rgb(73,44,139)","@rgb(192,192,192)","@rgb(192,192,192)","@symbol(2,512,0)"
"313","Astrantia major L.","Astrantia major","Apiaceae","Apiales","Asteranae","Dicot","Cerabolini/Pierce","perennial","forb",0,0,1,0,0,0,0,1,0,0,0,1,1,1,0,0,0,0,0,1,0,0,4,59.7576884165649,0,40.2423115834351,"CR","@rgb(152,0,103)","@rgb(192,192,192)","@rgb(192,192,192)","@symbol(2,512,0)"
"314","Astrantia minor L.","Astrantia minor","Apiaceae","Apiales","Asteranae","Dicot","Cerabolini","perennial","forb",0,0,1,0,0,0,0,1,0,0,0,1,1,0,0,0,0,0,0,1,0,0,3,19.1363438303388,31.5776951086561,49.2859610610051,"R/CSR","@rgb(49,81,126)","@rgb(192,192,192)","@rgb(192,192,192)","@symbol(2,512,0)"
"315","Astrocaryum standleyanum L.H. Bailey","Astrocaryum standleyanum","Arecaceae","Arecales","Lilianae","Monocot","Wright","perennial","tree",0,1,0,0,0,0,0,1,1,0,0,0,0,0,0,0,0,0,0,0,0,0,1,61.3020497392131,37.153248220504,1.54470204028287,"CS","@rgb(156,95,4)","@rgb(255,255,255)","@rgb(128,0,0)","@symbol(3,512,0)"
"316","Astronium graveolens Jacq.","Astronium graveolens","Anacardiaceae","Sapindales","Rosanae","Dicot","Wright","perennial","tree",0,1,0,0,0,0,0,1,1,1,1,0,0,0,1,0,0,0,0,0,1,0,5,53.6392407313164,34.1798383690633,12.1809208996203,"CS/CSR","@rgb(137,87,31)","@rgb(255,255,255)","@rgb(128,0,0)","@symbol(3,512,0)"
"317","Athamanta cretensis L.","Athamanta cretensis","Apiaceae","Apiales","Asteranae","Dicot","Cerabolini","perennial","forb",0,0,1,0,0,0,0,1,0,0,0,1,1,0,0,0,0,0,0,1,0,0,3,50.3437718238376,49.6562281761624,0,"CS","@rgb(128,127,0)","@rgb(192,192,192)","@rgb(192,192,192)","@symbol(2,512,0)"
"318","Athyrium distentifolium Tausch ex Opiz","Athyrium distentifolium","Woodsiaceae","Polypodiales",NA,"Fern","Kleyer","perennial","forb",0,0,1,0,0,0,0,1,0,0,0,1,1,1,0,0,0,0,1,1,0,0,5,62.31442214847,3.61404860788088,34.0715292436491,"C/CR","@rgb(159,9,87)","@rgb(192,192,192)","@rgb(192,192,192)","@symbol(2,512,0)"
"319","Athyrium filix-foemina (L.) Roth",NA,"Woodsiaceae","Polypodiales",NA,"Fern","Cerabolini/Pierce","perennial","forb",1,1,1,0,0,0,0,3,1,0,1,1,1,1,0,1,0,0,1,1,0,0,8,69.0348564257853,0,30.9651435742147,"C/CR","@rgb(176,0,79)","@rgb(192,192,192)","@rgb(192,192,192)","@symbol(2,512,0)"
"320","Atriplex calotheca (Rafn) Fr.","Atriplex prostrata subsp. calotheca","Amaranthaceae","Caryophyllales","Caryophyllanae","Dicot","Kleyer","perennial","forb",0,0,1,0,0,0,0,1,0,0,0,1,0,1,0,0,0,0,0,0,0,0,2,50.415862188678,19.2098078479727,30.3743299633494,"C/CSR","@rgb(129,49,77)","@rgb(192,192,192)","@rgb(192,192,192)","@symbol(2,512,0)"
"321","Atriplex glabriuscula Edmondston","Atriplex glabriuscula","Amaranthaceae","Caryophyllales","Caryophyllanae","Dicot","Kleyer","annual","forb",1,0,1,0,0,0,0,2,0,0,0,1,1,1,0,0,0,0,1,0,0,0,4,64.537000365487,2.59975522941053,32.8632444051025,"C/CR","@rgb(165,7,84)","@rgb(192,192,192)","@rgb(192,192,192)","@symbol(2,512,0)"
"322","Atriplex halimus L.","Atriplex halimus","Amaranthaceae","Caryophyllales","Caryophyllanae","Dicot","Díaz","perennial","shrub",0,0,1,0,0,0,0,1,0,0,0,0,0,0,0,1,0,0,0,1,1,0,3,26.0364020478402,0,73.9635979521598,"R/CR","@rgb(66,0,189)","@rgb(192,192,192)","@rgb(0,0,0)","@symbol(6,512,0)"
"323","Atriplex laciniata L.","Atriplex laciniata","Amaranthaceae","Caryophyllales","Caryophyllanae","Dicot","Kleyer","annual","forb",0,0,1,0,0,0,0,1,0,0,0,1,1,0,0,0,0,0,0,1,0,0,3,45.8066935977064,26.5188763763524,27.6744300259412,"C/CSR","@rgb(117,68,71)","@rgb(192,192,192)","@rgb(192,192,192)","@symbol(2,512,0)"
"324","Atriplex littoralis L.","Atriplex littoralis","Amaranthaceae","Caryophyllales","Caryophyllanae","Dicot","Díaz","perennial","shrub",0,0,1,0,0,0,0,1,0,0,0,1,1,1,0,0,0,0,1,1,0,0,5,56.3078147564823,0,43.6921852435177,"CR","@rgb(144,0,111)","@rgb(192,192,192)","@rgb(0,0,0)","@symbol(6,512,0)"
"325","Atriplex micrantha C.A. Mey.","Atriplex sagittata","Amaranthaceae","Caryophyllales","Caryophyllanae","Dicot","Kleyer","annual","forb",0,0,1,0,0,0,0,1,0,0,0,1,1,0,0,0,0,0,0,0,0,0,2,59.4452311200978,8.39013792000224,32.1646309598999,"C/CR","@rgb(152,21,82)","@rgb(192,192,192)","@rgb(192,192,192)","@symbol(2,512,0)"
"326","Atriplex nitens Schkuhr","Atriplex sagittata","Amaranthaceae","Caryophyllales","Caryophyllanae","Dicot","Kleyer","annual","forb",0,0,1,0,0,0,0,1,0,0,0,1,0,0,0,0,0,0,0,1,0,0,2,40.2743657782377,29.6514929832245,30.0741412385378,"CSR","@rgb(103,76,77)","@rgb(192,192,192)","@rgb(192,192,192)","@symbol(2,512,0)"
"327","Atriplex oblongifolia Waldst. & Kit.","Atriplex oblongifolia","Amaranthaceae","Caryophyllales","Caryophyllanae","Dicot","Kleyer","annual","forb",0,0,1,0,0,0,0,1,0,0,0,1,0,0,0,0,0,0,0,0,0,0,1,24.0684407510897,31.519255887606,44.4123033613042,"SR/CSR","@rgb(61,80,113)","@rgb(192,192,192)","@rgb(192,192,192)","@symbol(2,512,0)"
"328","Atriplex patula L.","Atriplex patula","Amaranthaceae","Caryophyllales","Caryophyllanae","Dicot","Díaz","annual","forb",0,0,1,0,0,0,0,1,0,0,0,1,1,1,0,0,0,0,0,1,0,0,4,50.8351798361595,0,49.1648201638405,"CR","@rgb(130,0,125)","@rgb(192,192,192)","@rgb(192,192,192)","@symbol(2,512,0)"
"329","Atriplex prostrata Boucher ex DC","Atriplex prostrata","Amaranthaceae","Caryophyllales","Caryophyllanae","Dicot","Díaz","annual","forb",1,0,1,0,0,0,0,2,0,0,0,1,1,1,0,0,0,0,1,1,0,0,5,59.6529962184349,0,40.3470037815651,"CR","@rgb(152,0,103)","@rgb(192,192,192)","@rgb(192,192,192)","@symbol(2,512,0)"
"330","Atriplex rosea L.","Atriplex rosea","Amaranthaceae","Caryophyllales","Caryophyllanae","Dicot","Kleyer","annual","forb",0,0,1,0,0,0,0,1,0,0,0,1,0,0,0,0,0,0,0,1,0,0,2,19.4358534152403,43.5186814006967,37.045465184063,"SR/CSR","@rgb(50,111,94)","@rgb(192,192,192)","@rgb(192,192,192)","@symbol(2,512,0)"
"331","Atriplex tatarica L.","Atriplex tatarica","Amaranthaceae","Caryophyllales","Caryophyllanae","Dicot","Kleyer","annual","forb",0,0,1,0,0,0,0,1,0,0,0,1,1,1,0,0,0,1,0,1,1,0,6,22.6876191753755,35.7886891309772,41.5236916936473,"SR/CSR","@rgb(58,91,106)","@rgb(192,192,192)","@rgb(192,192,192)","@symbol(2,512,0)"
"332","Atropa belladonna L.","Atropa belladonna","Solanaceae","Solanales","Asteranae","Dicot","Kleyer","perennial","shrub",0,0,1,0,0,0,0,1,0,0,0,1,1,0,0,0,0,0,0,1,0,0,3,63.5795400606296,6.96162644493574,29.4588334944347,"C/CR","@rgb(162,18,75)","@rgb(192,192,192)","@rgb(0,0,0)","@symbol(6,512,0)"
"333","Aucuba japonica Thunb.","Aucuba japonica","Garryaceae","Garryales","Asteranae","Dicot","Cerabolini/Pierce","perennial","tree",0,0,1,0,1,0,0,2,1,0,0,1,0,0,0,0,0,0,0,0,0,0,2,65.255344024285,22.4009774386289,12.3436785370861,"C/CS","@rgb(166,57,31)","@rgb(255,255,255)","@rgb(128,0,0)","@symbol(3,512,0)"
"334","Aulonemia effusa (Hack.) McClure","Aulonemia effusa","Poaceae","Poales","Lilianae","Monocot","Negreiros","perennial","graminoid",0,1,0,0,0,0,0,1,0,0,0,0,0,0,1,0,0,0,0,0,1,0,2,37.3234114806922,62.6765885193079,0,"S/CS","@rgb(95,160,0)","@rgb(0,0,0)","@rgb(0,128,0)","@symbol(4,512,0)"
"335","Avena barbata Pott ex Link","Avena barbata","Poaceae","Poales","Lilianae","Monocot","Kleyer","annual","graminoid",0,0,1,0,0,0,0,1,0,0,0,1,1,0,0,0,0,1,0,1,1,0,5,6.57184869607798,42.3729897808396,51.0551615230824,"SR","@rgb(17,108,130)","@rgb(0,0,0)","@rgb(0,128,0)","@symbol(4,512,0)"
"336","Avena fatua L.","Avena fatua","Poaceae","Poales","Lilianae","Monocot","Cerabolini/Pierce","annual","graminoid",0,0,1,0,0,0,0,1,0,0,0,1,1,0,0,1,0,0,0,1,0,0,4,40.1700246015169,19.5561003029154,40.2738750955678,"CR/CSR","@rgb(102,50,103)","@rgb(0,0,0)","@rgb(0,128,0)","@symbol(4,512,0)"
"337","Avena sativa L.","Avena sativa","Poaceae","Poales","Lilianae","Monocot","Kleyer","annual","graminoid",0,0,1,0,0,0,0,1,0,0,0,0,0,0,0,1,1,0,0,1,1,0,4,57.2045737399849,11.4431212716338,31.3523049883813,"C/CSR","@rgb(146,29,80)","@rgb(0,0,0)","@rgb(0,128,0)","@symbol(4,512,0)"
"338","Avena sterilis L. sterilis","Avena sterilis subsp. sterilis","Poaceae","Poales","Lilianae","Monocot","Cerabolini/Pierce","annual","graminoid",0,0,1,0,0,0,0,1,0,0,0,1,0,0,0,0,0,0,0,1,0,0,2,41.9929075752026,15.8356644869462,42.1714279378513,"CR/CSR","@rgb(107,40,108)","@rgb(0,0,0)","@rgb(0,128,0)","@symbol(4,512,0)"
"339","Avena strigosa Schreb.","Avena strigosa","Poaceae","Poales","Lilianae","Monocot","Kleyer","annual","graminoid",0,0,1,0,0,0,0,1,0,0,0,1,1,1,0,0,0,0,0,1,0,0,4,36.6896284891019,18.994909709554,44.3154618013441,"CR/CSR","@rgb(94,48,113)","@rgb(0,0,0)","@rgb(0,128,0)","@symbol(4,512,0)"
"340","Avenula pubescens (Huds.) Dumort.","Avenula pubescens","Poaceae","Poales","Lilianae","Monocot","Kleyer","perennial","graminoid",0,0,1,0,0,0,0,1,0,0,0,1,1,1,0,0,0,1,1,1,0,0,6,25.6339332828149,48.3066051636388,26.0594615535463,"S/CSR","@rgb(65,123,66)","@rgb(0,0,0)","@rgb(0,128,0)","@symbol(4,512,0)"
"341","Bactris acanthocarpa Mart.","Bactris acanthocarpa","Arecaceae","Arecales","Lilianae","Monocot","Pinho","perennial","tree",0,1,0,0,0,0,0,1,1,0,0,0,0,0,0,0,0,0,0,0,0,0,1,52.4322570503255,37.1968844672323,10.3708584824422,"CS","@rgb(134,95,26)","@rgb(255,255,255)","@rgb(128,0,0)","@symbol(3,512,0)"
"342","Bactris setosa Mart.","Bactris setosa","Arecaceae","Arecales","Lilianae","Monocot","Pinho","perennial","tree",0,1,0,0,0,0,0,1,1,0,0,0,0,0,1,0,0,0,0,0,0,0,2,54.3240488771644,34.9639177615942,10.7120333612414,"CS","@rgb(139,89,27)","@rgb(255,255,255)","@rgb(128,0,0)","@symbol(3,512,0)"
"343","Bahia dissecta (A. Gray) Britton","Hymenothrix dissecta","Asteraceae","Asterales","Asteranae","Dicot","Laughlin","perennial","forb",1,0,0,0,0,0,0,1,0,0,1,1,0,0,0,0,0,0,0,1,1,0,4,69.4324716433996,0,30.5675283566004,"C/CR","@rgb(177,0,78)","@rgb(192,192,192)","@rgb(192,192,192)","@symbol(2,512,0)"
"344","Baptisia alba (L.) Vent.","Baptisia alba","Fabaceae","Fabales","Rosanae","Dicot","Weiher","perennial","forb",1,0,0,0,0,0,0,1,0,0,0,1,1,0,0,1,0,0,0,0,0,0,3,36.943320911153,37.9580600893044,25.0986189995425,"CSR","@rgb(94,97,64)","@rgb(192,192,192)","@rgb(192,192,192)","@symbol(2,512,0)"
"345","Barbacenia blackii L.B.Sm.","Barbacenia blackii","Velloziaceae","Pandanales","Lilianae","Monocot","Negreiros","perennial","forb",0,1,0,0,0,0,0,1,0,0,0,0,0,0,1,0,0,0,0,0,0,0,1,45.3116655721835,54.6883344278165,0,"CS","@rgb(116,139,0)","@rgb(192,192,192)","@rgb(192,192,192)","@symbol(2,512,0)"
"346","Barbarea bracteosa Guss.","Barbarea bracteosa","Brassicaceae","Brassicales","Rosanae","Dicot","Cerabolini/Pierce","perennial","forb",0,0,1,0,0,0,0,1,0,0,0,0,1,0,0,0,0,0,0,1,0,0,2,19.4271423470234,0,80.5728576529767,"R/CR","@rgb(50,0,205)","@rgb(192,192,192)","@rgb(192,192,192)","@symbol(2,512,0)"
"347","Barbarea intermedia Boreau","Barbarea intermedia","Brassicaceae","Brassicales","Rosanae","Dicot","Kleyer","biennial","forb",0,0,1,0,0,0,0,1,0,0,0,1,1,0,0,0,0,1,0,1,0,0,4,40.9102732744321,0,59.0897267255679,"CR","@rgb(104,0,151)","@rgb(192,192,192)","@rgb(192,192,192)","@symbol(2,512,0)"
"348","Barbarea stricta Andrz.","Barbarea stricta","Brassicaceae","Brassicales","Rosanae","Dicot","Kleyer","perennial","forb",0,0,1,0,0,0,0,1,0,0,0,1,1,1,0,0,0,0,1,0,0,0,4,26.1671541606788,0,73.8328458393213,"R/CR","@rgb(67,0,188)","@rgb(192,192,192)","@rgb(192,192,192)","@symbol(2,512,0)"
"349","Barbarea vulgaris W.T. Aiton","Barbarea vulgaris","Brassicaceae","Brassicales","Rosanae","Dicot","Weiher","biennial","forb",0,0,1,0,0,0,0,1,0,0,0,1,1,1,0,0,0,1,1,1,0,0,6,17.0709405917684,1.71878760788405,81.2102718003476,"R/CR","@rgb(44,4,207)","@rgb(192,192,192)","@rgb(192,192,192)","@symbol(2,512,0)"
"350","Barringtonia macrostachya (Jack) Kurz","Barringtonia macrostachya","Lecythidaceae","Ericales","Asteranae","Dicot","SJ Wright Pasoh","perennial","tree",0,0,0,0,1,0,0,1,1,0,0,0,0,0,0,0,0,0,0,0,0,0,1,61.9192952919605,36.9031609127053,1.17754379533425,"C/CS","@rgb(158,94,3)","@rgb(255,255,255)","@rgb(128,0,0)","@symbol(3,512,0)"
"351","Bartsia alpina L.","Bartsia alpina","Orobanchaceae","Lamiales","Asteranae","Dicot","Cerabolini/Pierce","perennial","forb",1,0,1,0,0,0,0,2,0,0,0,1,1,1,0,0,0,0,1,1,0,0,5,7.30462184028399,58.5280056160523,34.1673725436637,"SR","@rgb(19,149,87)","@rgb(192,192,192)","@rgb(192,192,192)","@symbol(2,512,0)"
"352","Beilschmiedia pendula (Sw.) Hemsl.","Beilschmiedia pendula","Lauraceae","Laurales","Magnolianae","Dicot","Wright","perennial","tree",0,1,0,0,0,0,0,1,1,1,1,0,0,0,0,0,0,0,0,0,0,0,3,49.8040452191281,50.1959547808718,0,"CS","@rgb(127,128,0)","@rgb(255,255,255)","@rgb(128,0,0)","@symbol(3,512,0)"
"353","Bellidiastrum michelii Cass.","Aster bellidiastrum","Asteraceae","Asterales","Asteranae","Dicot","Cerabolini/Pierce","perennial","forb",0,0,1,0,0,0,0,1,0,0,0,1,1,0,0,0,0,0,0,1,0,0,3,34.3691174629839,0,65.6308825370161,"R/CR","@rgb(88,0,167)","@rgb(192,192,192)","@rgb(192,192,192)","@symbol(2,512,0)"
"354","Bellis perennis L.","Bellis perennis","Asteraceae","Asterales","Asteranae","Dicot","Cerabolini/Pierce","perennial","forb",0,0,1,0,0,0,0,1,0,0,0,1,1,1,0,0,0,0,0,1,0,0,4,21.1295275315623,0,78.8704724684377,"R/CR","@rgb(54,0,201)","@rgb(192,192,192)","@rgb(192,192,192)","@symbol(2,512,0)"
"355","Berberis vulgaris L. vulgaris","Berberis vulgaris subsp. vulgaris","Berberidaceae","Ranunculales","Ranunculanae","Dicot","Cerabolini/Pierce","perennial","tree",0,0,1,0,0,0,0,1,0,0,0,1,1,0,0,1,0,0,0,1,1,0,5,18.0305488900897,70.6826031362116,11.2868479736987,"S/CS","@rgb(46,180,29)","@rgb(255,255,255)","@rgb(128,0,0)","@symbol(3,512,0)"
"356","Berchemia scandens (Hill) K. Koch","Berchemia scandens","Rhamnaceae","Rosales","Rosanae","Dicot","Weiher","perennial","liana",1,1,0,0,0,0,0,2,0,0,1,1,1,0,1,1,0,0,0,0,0,0,5,11.0904309966508,80.4724898018375,8.43707920151162,"S","@rgb(28,205,22)","@rgb(128,128,128)","@rgb(128,128,128)","@symbol(3,512,0)"
"357","Berteroa incana (L.) DC.","Berteroa incana","Brassicaceae","Brassicales","Rosanae","Dicot","Kleyer","biennial","forb",0,0,1,0,0,0,0,1,0,0,0,1,1,1,0,1,0,0,1,1,0,0,6,10.8382426572489,43.2164525795785,45.9453047631727,"SR/CSR","@rgb(28,110,117)","@rgb(192,192,192)","@rgb(192,192,192)","@symbol(2,512,0)"
"358","Berula erecta (Huds.) Coville","Berula erecta","Apiaceae","Apiales","Asteranae","Dicot","Cerabolini/Pierce","perennial","aquatic",1,1,1,1,0,0,0,4,1,1,1,1,1,0,1,1,0,1,0,1,1,0,10,25.798590362593,0,74.201409637407,"R/CR","@rgb(66,0,189)","@rgb(192,192,192)","@rgb(0,0,255)","@symbol(5,512,0)"
"359","Betonica macrantha K. Koch","Betonica macrantha","Lamiaceae","Lamiales","Asteranae","Dicot","Soudzilovskaia","perennial","forb",0,0,1,0,0,0,0,1,0,0,0,1,0,1,0,1,0,0,0,0,0,0,3,46.1078736246067,33.8911998245022,20.0009265508911,"CS/CSR","@rgb(118,86,51)","@rgb(192,192,192)","@rgb(192,192,192)","@symbol(2,512,0)"
"360","Betula alleghaniensis Britton","Betula alleghaniensis","Betulaceae","Fagales","Rosanae","Dicot","Shipley","perennial","tree",1,0,0,0,0,0,0,1,0,0,0,1,0,1,0,0,0,0,0,0,0,0,2,17.8616182770631,58.4968049282997,23.6415767946373,"S/CSR","@rgb(46,149,60)","@rgb(255,255,255)","@rgb(128,0,0)","@symbol(3,512,0)"
"361","Betula litwinowii Doluch.","Betula pubescens var. litwinowii","Betulaceae","Fagales","Rosanae","Dicot","Soudzilovskaia","perennial","tree",0,0,1,0,0,0,0,1,0,0,0,1,0,0,0,1,0,0,0,0,0,0,2,31.0852398519252,48.6122709253843,20.3024892226906,"S/CSR","@rgb(79,124,52)","@rgb(255,255,255)","@rgb(128,0,0)","@symbol(3,512,0)"
"362","Betula nana L.","Betula nana","Betulaceae","Fagales","Rosanae","Dicot","Kleyer","perennial","shrub",1,0,1,0,0,0,0,2,0,0,0,1,1,1,0,0,0,0,1,0,0,0,4,2.44168116367362,85.6344176214251,11.9239012149012,"S","@rgb(6,218,30)","@rgb(192,192,192)","@rgb(0,0,0)","@symbol(6,512,0)"
"363","Betula pendula Roth","Betula pendula","Betulaceae","Fagales","Rosanae","Dicot","Díaz","perennial","tree",0,0,1,0,0,0,0,1,0,0,0,1,1,1,0,1,0,1,1,0,0,0,6,17.0379914878566,73.1805657231526,9.78144278899076,"S/CS","@rgb(43,187,25)","@rgb(255,255,255)","@rgb(128,0,0)","@symbol(3,512,0)"
"364","Betula populifolia Marshall","Betula populifolia","Betulaceae","Fagales","Rosanae","Dicot","Shipley","perennial","tree",1,0,0,0,0,0,0,1,0,0,0,1,0,1,0,0,0,0,0,0,0,0,2,15.928797622669,68.2687127019074,15.8024896754236,"S/CS","@rgb(41,174,40)","@rgb(255,255,255)","@rgb(128,0,0)","@symbol(3,512,0)"
"365","Bidens andicola Kunth","Bidens andicola","Asteraceae","Asterales","Asteranae","Dicot","Díaz","perennial","shrub",0,1,0,0,0,0,0,1,1,1,0,0,0,0,1,1,0,1,0,1,0,0,6,15.4009076498516,68.975747417981,15.6233449321674,"S/SR","@rgb(39,176,40)","@rgb(192,192,192)","@rgb(0,0,0)","@symbol(6,512,0)"
"366","Bidens cernua L.","Bidens cernua","Asteraceae","Asterales","Asteranae","Dicot","Shipley","annual","forb",1,0,1,0,0,0,0,2,0,0,0,1,1,1,0,1,0,0,1,1,0,0,6,25.9323314221986,27.4437747906642,46.6238937871372,"R/CSR","@rgb(66,70,119)","@rgb(192,192,192)","@rgb(192,192,192)","@symbol(2,512,0)"
"367","Bidens connata Muhl. ex Willd.","Bidens connata","Asteraceae","Asterales","Asteranae","Dicot","Kleyer","annual","forb",1,0,1,0,0,0,0,2,0,0,0,1,1,0,0,1,0,0,0,0,0,0,3,26.7131327396004,0,73.2868672603996,"R/CR","@rgb(68,0,187)","@rgb(192,192,192)","@rgb(192,192,192)","@symbol(2,512,0)"
"368","Bidens frondosa L.","Bidens frondosa","Asteraceae","Asterales","Asteranae","Dicot","Cerabolini/Pierce","annual","forb",1,0,0,0,0,0,0,1,0,0,0,1,1,0,0,1,0,0,0,1,1,0,5,45.5265389662891,5.61657841416288,48.856882619548,"CR","@rgb(116,14,125)","@rgb(192,192,192)","@rgb(192,192,192)","@symbol(2,512,0)"
"369","Bidens radiata Thuill.","Bidens radiata","Asteraceae","Asterales","Asteranae","Dicot","Kleyer","annual","forb",0,0,1,0,0,0,0,1,0,0,0,1,0,1,0,0,0,0,0,0,0,0,2,62.8767933306067,0,37.1232066693933,"C/CR","@rgb(160,0,95)","@rgb(192,192,192)","@rgb(192,192,192)","@symbol(2,512,0)"
"370","Bidens tripartita L. tripartita","Bidens tripartita","Asteraceae","Asterales","Asteranae","Dicot","Cerabolini/Pierce","annual","forb",1,0,1,0,1,0,0,3,1,0,0,1,1,1,0,1,0,1,0,1,1,0,8,43.9948456144973,0,56.0051543855027,"CR","@rgb(112,0,143)","@rgb(192,192,192)","@rgb(192,192,192)","@symbol(2,512,0)"
"371","Bifora radians M. Bieb.","Bifora radians","Apiaceae","Apiales","Asteranae","Dicot","Kleyer","annual","forb",0,0,1,0,0,0,0,1,0,0,0,1,1,1,0,0,0,0,0,1,0,0,4,32.6595458267657,0,67.3404541732343,"R/CR","@rgb(83,0,172)","@rgb(192,192,192)","@rgb(192,192,192)","@symbol(2,512,0)"
"372","Biscutella laevigata L.","Biscutella laevigata","Brassicaceae","Brassicales","Rosanae","Dicot","Cerabolini/Pierce","perennial","forb",0,0,1,0,0,0,0,1,0,0,0,1,1,0,0,0,0,0,0,1,0,0,3,46.6643226171173,0,53.3356773828827,"CR","@rgb(119,0,136)","@rgb(192,192,192)","@rgb(192,192,192)","@symbol(2,512,0)"
"373","Bistorta officinalis Delarbre","Bistorta officinalis","Polygonaceae","Caryophyllales","Caryophyllanae","Dicot","Cerabolini/Pierce","perennial","forb",0,0,1,0,0,0,0,1,0,0,0,1,1,0,0,0,0,1,0,1,0,0,4,45.3938819220692,30.1286648876115,24.4774531903194,"C/CSR","@rgb(116,77,62)","@rgb(192,192,192)","@rgb(192,192,192)","@symbol(2,512,0)"
"374","Bistorta vivipara (L.) Delarbre","Bistorta vivipara","Polygonaceae","Caryophyllales","Caryophyllanae","Dicot","Cerabolini/Pierce","perennial","forb",1,0,1,0,1,0,0,3,1,0,0,1,1,1,0,1,0,1,1,1,0,0,8,15.9746156154894,60.7303192195621,23.2950651649485,"S/CSR","@rgb(41,155,59)","@rgb(192,192,192)","@rgb(192,192,192)","@symbol(2,512,0)"
"375","Blackstonia perfoliata (L.) Huds.","Blackstonia perfoliata","Gentianaceae","Gentianales","Asteranae","Dicot","Kleyer","annual","forb",0,0,1,0,0,0,0,1,0,0,0,1,1,0,0,0,0,0,0,1,0,0,3,6.27147594665028,34.8529842859301,58.8755397674196,"SR","@rgb(16,89,150)","@rgb(192,192,192)","@rgb(192,192,192)","@symbol(2,512,0)"
"376","Blechnum spicant (L.) Roth","Blechnum spicant","Blechnaceae","Polypodiales",NA,"Fern","Cerabolini","perennial","forb",0,0,1,0,0,0,0,1,0,0,0,1,1,1,0,0,0,0,1,1,0,0,5,69.4036803852257,0,30.5963196147743,"C/CR","@rgb(177,0,78)","@rgb(192,192,192)","@rgb(192,192,192)","@symbol(2,512,0)"
"377","Blepharoneuron tricholepis (Torr.) Nash","Muhlenbergia tricholepis","Poaceae","Poales","Lilianae","Monocot","Laughlin","perennial","graminoid",1,0,0,0,0,0,0,1,0,0,1,0,1,0,1,0,0,0,0,0,0,0,3,2.30155150344744,97.6984484965526,0,"S","@rgb(6,249,0)","@rgb(0,0,0)","@rgb(0,128,0)","@symbol(4,512,0)"
"378","Blephilia ciliata (L.) Benth.","Blephilia ciliata","Lamiaceae","Lamiales","Asteranae","Dicot","Weiher","perennial","forb",1,0,0,0,0,0,0,1,0,0,0,1,0,0,0,1,0,0,0,0,0,0,2,8.37671852684007,74.4232074651617,17.2000740079982,"S/SR","@rgb(21,190,44)","@rgb(192,192,192)","@rgb(192,192,192)","@symbol(2,512,0)"
"379","Blysmus compressus (L.) Panz. ex Link","Blysmus compressus","Cyperaceae","Poales","Lilianae","Monocot","Kleyer","perennial","graminoid",0,0,1,0,0,0,0,1,0,0,0,1,1,0,0,0,0,1,0,1,0,0,4,14.7854023475876,62.9258099783511,22.2887876740613,"S/CSR","@rgb(38,160,57)","@rgb(0,0,0)","@rgb(0,128,0)","@symbol(4,512,0)"
"380","Blysmus rufus (Huds.) Link","Blysmus rufus","Cyperaceae","Poales","Lilianae","Monocot","Kleyer","perennial","graminoid",1,0,1,0,0,0,0,2,0,0,0,1,0,1,0,0,0,1,1,1,0,0,5,2.89602265058366,95.2983864712592,1.80559087815709,"S","@rgb(7,243,5)","@rgb(0,0,0)","@rgb(0,128,0)","@symbol(4,512,0)"
"381","Borago officinalis L.","Borago officinalis","Boraginaceae","Boraginales","Asteranae","Dicot","Kleyer","annual","forb",0,0,1,0,0,0,0,1,0,0,0,0,0,0,0,0,0,0,0,1,0,0,1,57.7435422887477,0,42.2564577112523,"CR","@rgb(147,0,108)","@rgb(192,192,192)","@rgb(192,192,192)","@symbol(2,512,0)"
"382","Borojoa panamensis Dwyer","Alibertia dwyeri","Rubiaceae","Gentianales","Asteranae","Dicot","Wright","perennial","tree",0,1,0,0,0,0,0,1,1,0,0,0,0,0,0,0,0,0,0,0,0,0,1,54.4439102153001,38.2828788985963,7.27321088610366,"CS","@rgb(139,98,19)","@rgb(255,255,255)","@rgb(128,0,0)","@symbol(3,512,0)"
"383","Bothriochloa insculpta (Hochst. ex A. Rich.) A. Camus ",NA,"Poaceae","Poales","Lilianae","Monocot","Buffa/Nyakunga","perennial","graminoid",0,0,0,1,0,0,0,1,1,0,0,0,0,0,1,0,0,1,0,0,1,0,4,10.8977240236828,47.7400559358178,41.3622200404995,"SR/CSR","@rgb(28,122,105)","@rgb(0,0,0)","@rgb(0,128,0)","@symbol(4,512,0)"
"384","Botrychium lunaria (L.) Sw.","Botrychium lunaria","Ophioglossaceae","Ophioglossales",NA,"Fern","Soudzilovskaia","perennial","forb",1,1,1,0,1,1,0,5,0,0,0,1,1,1,0,0,0,1,1,1,0,0,6,25.4243994149244,23.8482682772221,50.7273323078535,"R/CSR","@rgb(65,61,129)","@rgb(192,192,192)","@rgb(192,192,192)","@symbol(2,512,0)"
"385","Bouteloua curtipendula (Michx.) Torr.","Bouteloua curtipendula","Poaceae","Poales","Lilianae","Monocot","Laughlin","perennial","graminoid",1,1,0,0,0,0,0,2,1,1,1,1,1,0,1,1,0,0,0,1,1,0,9,15.212511475036,66.0109672316122,18.7765212933518,"S/SR","@rgb(39,168,48)","@rgb(0,0,0)","@rgb(0,128,0)","@symbol(4,512,0)"
"386","Bouteloua gracilis (Kunth) Lag. ex Griffiths","Bouteloua gracilis","Poaceae","Poales","Lilianae","Monocot","Laughlin","annual","graminoid",1,1,0,0,0,0,0,2,1,1,1,1,1,0,0,1,0,0,0,0,0,0,6,4.73592129987492,73.1019350155441,22.162143684581,"S/SR","@rgb(12,186,57)","@rgb(0,0,0)","@rgb(0,128,0)","@symbol(4,512,0)"
"387","Bouteloua hirsuta Lag.","Bouteloua hirsuta","Poaceae","Poales","Lilianae","Monocot","Reich","perennial","graminoid",1,1,0,0,0,0,0,2,1,1,0,1,1,0,0,1,0,0,0,0,1,0,6,12.7326071057373,70.5356616538395,16.7317312404232,"S/SR","@rgb(32,180,43)","@rgb(0,0,0)","@rgb(0,128,0)","@symbol(4,512,0)"
"388","Bouteloua simplex Lag.","Bouteloua simplex","Poaceae","Poales","Lilianae","Monocot","Laughlin","annual","graminoid",1,1,0,0,0,0,0,2,1,1,1,0,1,0,1,1,0,1,0,0,1,0,8,0,100,0,"S","@rgb(0,255,0)","@rgb(0,0,0)","@rgb(0,128,0)","@symbol(4,512,0)"
"389","Bowdichia virgilioides Kunth","Bowdichia virgilioides","Fabaceae","Fabales","Rosanae","Dicot","Pinho","perennial","tree",0,1,0,0,0,0,0,1,1,1,0,0,0,0,1,0,1,0,0,0,1,0,5,21.7134166294013,73.7779203346013,4.50866303599737,"S/CS","@rgb(55,188,11)","@rgb(255,255,255)","@rgb(128,0,0)","@symbol(3,512,0)"
"390","Brachypodium distachyon (L.) P. Beauv.","Brachypodium distachyon","Poaceae","Poales","Lilianae","Monocot","Wright","annual","graminoid",0,0,1,0,0,0,0,1,0,0,0,1,1,0,0,0,0,1,0,1,1,0,5,1.7221923783967,56.3162869757849,41.9615206458184,"SR","@rgb(4,144,107)","@rgb(0,0,0)","@rgb(0,128,0)","@symbol(4,512,0)"
"391","Brachypodium phoenicoides (L.) P. Beauv. ex Roem. & Schult.","Brachypodium phoenicoides","Poaceae","Poales","Lilianae","Monocot","Díaz","perennial","graminoid",0,0,1,0,0,0,0,1,0,0,0,1,0,0,0,0,0,0,0,1,1,0,3,18.2727556400924,63.2486982923467,18.478546067561,"S/CSR","@rgb(47,161,47)","@rgb(0,0,0)","@rgb(0,128,0)","@symbol(4,512,0)"
"392","Brachypodium rupestre (Host) Roem. & Schult.","Brachypodium pinnatum","Poaceae","Poales","Lilianae","Monocot","Cerabolini/Pierce","perennial","graminoid",0,0,1,0,0,0,0,1,0,0,0,1,1,0,0,1,0,0,0,1,0,0,4,23.649926525216,40.8309314387593,35.5191420360247,"SR/CSR","@rgb(60,104,91)","@rgb(0,0,0)","@rgb(0,128,0)","@symbol(4,512,0)"
"393","Brachypodium sylvaticum (Huds.) P. Beauv. sylvaticum","Brachypodium sylvaticum subsp. sylvaticum","Poaceae","Poales","Lilianae","Monocot","Cerabolini/Pierce","perennial","graminoid",0,0,1,0,1,1,0,3,1,0,0,1,1,1,0,1,0,1,0,1,0,0,7,26.3411420945904,21.406265120463,52.2525927849466,"R/CSR","@rgb(67,55,133)","@rgb(0,0,0)","@rgb(0,128,0)","@symbol(4,512,0)"
"394","Brassica elongata Ehrh.","Brassica elongata","Brassicaceae","Brassicales","Rosanae","Dicot","Kleyer","perennial","forb",0,0,1,0,0,0,0,1,0,0,0,1,0,0,0,1,0,0,0,1,0,0,3,31.5808122237968,33.9688925159058,34.4502952602975,"CSR","@rgb(81,87,88)","@rgb(192,192,192)","@rgb(192,192,192)","@symbol(2,512,0)"
"395","Brassica napus L. napus","Brassica napus","Brassicaceae","Brassicales","Rosanae","Dicot","Cerabolini","biennial","forb",0,0,1,0,0,0,0,1,0,0,0,1,0,0,0,0,0,0,0,1,0,0,2,57.9861072758633,0.262408396562338,41.7514843275743,"CR","@rgb(148,1,106)","@rgb(192,192,192)","@rgb(192,192,192)","@symbol(2,512,0)"
"396","Brassica nigra (L.) W.D.J. Koch","Mutarda nigra","Brassicaceae","Brassicales","Rosanae","Dicot","Kleyer","annual","forb",0,0,1,0,0,0,0,1,0,0,0,1,1,0,0,0,0,1,0,1,1,0,5,64.4430689100179,0,35.5569310899821,"C/CR","@rgb(164,0,91)","@rgb(192,192,192)","@rgb(192,192,192)","@symbol(2,512,0)"
"397","Brassica oleracea L.","Brassica oleracea","Brassicaceae","Brassicales","Rosanae","Dicot","Kleyer","perennial","forb",0,0,1,0,0,0,0,1,0,0,0,1,0,0,0,0,0,0,0,1,0,0,2,18.8191898461433,59.0606156358436,22.1201945180131,"S/CSR","@rgb(48,151,56)","@rgb(192,192,192)","@rgb(192,192,192)","@symbol(2,512,0)"
"398","Brassica rapa L.","Brassica rapa","Brassicaceae","Brassicales","Rosanae","Dicot","Kleyer","biennial","forb",0,0,1,0,0,0,0,1,0,0,0,1,1,0,0,0,0,0,0,1,0,0,3,57.4771125690088,0,42.5228874309912,"CR","@rgb(147,0,108)","@rgb(192,192,192)","@rgb(192,192,192)","@symbol(2,512,0)"
"399","Briza marcowiczii Woronow","Briza marcowiczii","Poaceae","Poales","Lilianae","Monocot","Soudzilovskaia","perennial","graminoid",0,0,1,0,0,0,0,1,0,0,0,1,0,0,0,1,0,0,0,0,0,0,2,10.8143672730226,45.6630061516446,43.5226265753328,"SR","@rgb(28,116,111)","@rgb(0,0,0)","@rgb(0,128,0)","@symbol(4,512,0)"
"400","Briza media L.","Briza media","Poaceae","Poales","Lilianae","Monocot","Cerabolini","perennial","graminoid",0,0,1,0,0,0,0,1,0,0,0,1,1,1,0,0,0,0,0,1,0,0,4,22.1103839041952,27.1659250328855,50.7236910629193,"R/CSR","@rgb(56,69,129)","@rgb(0,0,0)","@rgb(0,128,0)","@symbol(4,512,0)"
"401","Bromopsis variegata (M. Bieb.) Holub","Bromus variegatus","Poaceae","Poales","Lilianae","Monocot","Soudzilovskaia","perennial","graminoid",0,0,1,0,0,0,0,1,0,0,0,1,1,0,0,1,0,0,0,0,0,0,3,19.9016720223301,60.4037295889538,19.6945983887161,"S/CSR","@rgb(51,154,50)","@rgb(0,0,0)","@rgb(0,128,0)","@symbol(4,512,0)"
"402","Bromus arvensis L.","Bromus arvensis","Poaceae","Poales","Lilianae","Monocot","Kleyer","annual","graminoid",0,0,1,0,0,0,0,1,0,0,0,1,1,1,0,0,0,0,1,1,0,0,5,26.2084373501985,45.2212397116461,28.5703229381554,"S/CSR","@rgb(67,115,73)","@rgb(0,0,0)","@rgb(0,128,0)","@symbol(4,512,0)"
"403","Bromus benekenii (Lange) Trimen","Bromus benekenii","Poaceae","Poales","Lilianae","Monocot","Kleyer","perennial","graminoid",0,0,1,0,0,0,0,1,0,0,0,1,1,1,0,0,0,0,1,1,0,0,5,9.33762301941973,59.369751979398,31.2926250011823,"S/SR","@rgb(24,151,80)","@rgb(0,0,0)","@rgb(0,128,0)","@symbol(4,512,0)"
"404","Bromus ciliatus L.","Bromus ciliatus","Poaceae","Poales","Lilianae","Monocot","Laughlin","perennial","graminoid",1,1,0,0,0,0,0,2,0,0,1,1,1,1,0,1,0,0,0,0,1,0,6,11.8284280341066,48.79915751332,39.3724144525734,"SR/CSR","@rgb(30,124,100)","@rgb(0,0,0)","@rgb(0,128,0)","@symbol(4,512,0)"
"405","Bromus commutatus Schrad.","Bromus commutatus","Poaceae","Poales","Lilianae","Monocot","Kleyer","perennial","graminoid",0,0,1,0,0,0,0,1,0,0,0,1,1,1,0,0,0,0,1,1,0,0,5,26.5454319926572,29.3037774262434,44.1507905810994,"R/CSR","@rgb(68,75,113)","@rgb(0,0,0)","@rgb(0,128,0)","@symbol(4,512,0)"
"406","Bromus diandrus Roth","Bromus diandrus","Poaceae","Poales","Lilianae","Monocot","Cerabolini/Pierce","perennial","graminoid",0,0,1,0,0,0,0,1,0,0,0,0,0,0,0,0,0,0,0,1,0,0,1,22.7341309937883,38.8955004526053,38.3703685536064,"SR/CSR","@rgb(58,99,98)","@rgb(0,0,0)","@rgb(0,128,0)","@symbol(4,512,0)"
"407","Bromus erectus Huds.","Bromus erectus","Poaceae","Poales","Lilianae","Monocot","Kleyer","perennial","graminoid",0,0,1,0,0,0,0,1,0,0,0,1,1,0,0,1,0,0,0,1,0,0,4,11.809792086883,64.3940463356347,23.7961615774822,"S/SR","@rgb(30,164,61)","@rgb(0,0,0)","@rgb(0,128,0)","@symbol(4,512,0)"
"408","Bromus grossus Desf. ex DC.","Bromus grossus","Poaceae","Poales","Lilianae","Monocot","Kleyer","annual","graminoid",0,0,1,0,0,0,0,1,0,0,0,1,0,0,0,0,0,0,0,0,0,0,1,12.8949683351463,43.4628074311876,43.6422242336661,"SR/CSR","@rgb(33,111,111)","@rgb(0,0,0)","@rgb(0,128,0)","@symbol(4,512,0)"
"409","Bromus hordeaceus L. hordeaceus","Bromus hordeaceus subsp. hordeaceus","Poaceae","Poales","Lilianae","Monocot","Cerabolini/Pierce","annual","graminoid",0,0,1,0,0,0,0,1,0,0,0,1,1,0,0,0,0,0,0,1,0,0,3,17.4044979577843,47.029333921194,35.5661681210217,"SR/CSR","@rgb(44,120,91)","@rgb(0,0,0)","@rgb(0,128,0)","@symbol(4,512,0)"
"410","Bromus inermis Leyss.","Bromus inermis","Poaceae","Poales","Lilianae","Monocot","Cerabolini/Pierce","perennial","graminoid",0,0,1,0,0,0,0,1,0,0,0,1,1,1,0,1,0,1,1,1,1,0,8,37.2757916055596,38.7979608734035,23.9262475210369,"CS/CSR","@rgb(95,99,61)","@rgb(0,0,0)","@rgb(0,128,0)","@symbol(4,512,0)"
"411","Bromus japonicus Houtt.","Bromus japonicus","Poaceae","Poales","Lilianae","Monocot","Díaz","annual","graminoid",0,0,1,0,0,0,0,1,0,0,0,1,1,1,0,1,0,1,0,1,1,0,7,13.351936607057,54.8358567900755,31.8122066028675,"S/CSR","@rgb(34,140,81)","@rgb(0,0,0)","@rgb(0,128,0)","@symbol(4,512,0)"
"412","Bromus kalmii A. Gray","Bromus kalmii","Poaceae","Poales","Lilianae","Monocot","Weiher","perennial","graminoid",1,0,0,0,0,0,0,1,0,0,1,1,1,1,0,1,0,0,0,0,0,0,5,16.3828819198671,55.3687994625638,28.248318617569,"S/CSR","@rgb(42,141,72)","@rgb(0,0,0)","@rgb(0,128,0)","@symbol(4,512,0)"
"413","Bromus lanceolatus Roth","Bromus lanceolatus","Poaceae","Poales","Lilianae","Monocot","Kleyer","annual","graminoid",0,0,1,0,0,0,0,1,0,0,0,1,1,1,0,1,0,0,0,1,1,0,6,4.53456037977651,43.7541252133144,51.7113144069091,"SR","@rgb(12,112,132)","@rgb(0,0,0)","@rgb(0,128,0)","@symbol(4,512,0)"
"414","Bromus madritensis L.","Bromus madritensis","Poaceae","Poales","Lilianae","Monocot","Kleyer","annual","graminoid",0,0,1,0,0,0,0,1,0,0,0,1,1,0,0,0,0,0,0,1,1,0,4,8.04185017792905,31.1195614594316,60.8385883626394,"R/SR","@rgb(21,79,155)","@rgb(0,0,0)","@rgb(0,128,0)","@symbol(4,512,0)"
"415","Bromus racemosus L.","Bromus racemosus","Poaceae","Poales","Lilianae","Monocot","Kleyer","annual","graminoid",0,0,1,0,0,0,0,1,0,0,0,1,1,0,0,0,0,0,0,1,0,0,3,44.959202010889,6.70412283775366,48.3366751513574,"CR","@rgb(115,17,123)","@rgb(0,0,0)","@rgb(0,128,0)","@symbol(4,512,0)"
"416","Bromus ramosus Huds.","Bromus ramosus","Poaceae","Poales","Lilianae","Monocot","Díaz","perennial","graminoid",0,0,1,0,0,0,0,1,0,0,0,1,1,0,0,1,0,1,0,1,0,0,5,36.642824784236,29.9629764940458,33.3941987217183,"CSR","@rgb(93,76,85)","@rgb(0,0,0)","@rgb(0,128,0)","@symbol(4,512,0)"
"417","Bromus secalinus L.","Bromus secalinus","Poaceae","Poales","Lilianae","Monocot","Kleyer","annual","graminoid",0,0,1,0,0,0,0,1,0,0,0,1,1,1,0,0,0,0,1,1,0,0,5,31.9024237746365,42.4146807139073,25.6828955114562,"CSR","@rgb(81,108,65)","@rgb(0,0,0)","@rgb(0,128,0)","@symbol(4,512,0)"
"418","Bromus squarrosus L.","Bromus squarrosus","Poaceae","Poales","Lilianae","Monocot","Kleyer","annual","graminoid",0,0,1,0,0,0,0,1,0,0,0,1,1,1,0,1,0,0,0,1,0,0,5,35.5221777777311,16.4281189584302,48.0497032638387,"CR/CSR","@rgb(91,42,123)","@rgb(0,0,0)","@rgb(0,128,0)","@symbol(4,512,0)"
"419","Bromus sterilis L.","Bromus sterilis","Poaceae","Poales","Lilianae","Monocot","Cerabolini/Pierce","annual","graminoid",0,0,1,0,0,0,0,1,0,0,0,1,1,0,0,0,0,0,0,1,0,0,3,15.9921059012547,40.0967363060945,43.9111577926508,"SR/CSR","@rgb(41,102,112)","@rgb(0,0,0)","@rgb(0,128,0)","@symbol(4,512,0)"
"420","Brosimum alicastrum Sw.","Brosimum alicastrum","Moraceae","Rosales","Rosanae","Dicot","Wright","perennial","tree",0,1,0,0,0,0,0,1,1,1,1,0,0,0,0,0,0,0,0,0,1,0,4,36.0314598705524,55.5021337826743,8.46640634677336,"CS","@rgb(92,142,22)","@rgb(255,255,255)","@rgb(128,0,0)","@symbol(3,512,0)"
"421","Brosimum guianense (Aubl.) Huber","Brosimum guianense","Moraceae","Rosales","Rosanae","Dicot","Pinho","perennial","tree",0,1,0,0,0,0,0,1,1,1,0,0,0,0,1,0,0,0,0,0,1,0,4,36.654580680378,49.0137379301338,14.3316813894882,"CS/CSR","@rgb(93,125,37)","@rgb(255,255,255)","@rgb(128,0,0)","@symbol(3,512,0)"
"422","Brosimum utile (Kunth) Oken","Brosimum utile","Moraceae","Rosales","Rosanae","Dicot","Wright","perennial","tree",0,1,0,0,0,0,0,1,1,1,0,0,0,0,0,0,0,0,0,0,0,0,2,49.3251312954036,50.5117599508071,0.163108753789284,"CS","@rgb(126,129,0)","@rgb(255,255,255)","@rgb(128,0,0)","@symbol(3,512,0)"
"423","Broussonetia papyrifera (L.) Vent.","Broussonetia papyrifera","Moraceae","Rosales","Rosanae","Dicot","Cerabolini/Pierce","perennial","tree",0,0,1,0,1,0,0,2,1,0,0,1,1,0,0,0,0,0,0,0,0,0,3,59.0778594158914,22.4077946537876,18.514345930321,"C/CSR","@rgb(151,57,47)","@rgb(255,255,255)","@rgb(128,0,0)","@symbol(3,512,0)"
"424","Bryonia alba L.","Bryonia alba","Cucurbitaceae","Cucurbitales","Rosanae","Dicot","Kleyer","perennial","herbaceous vine",0,0,1,0,0,0,0,1,0,0,0,1,1,1,0,0,0,0,0,0,0,0,3,55.9329880602086,1.284793554457,42.7822183853344,"CR","@rgb(143,3,109)","@rgb(0,0,0)","@rgb(0,255,0)","@symbol(3,512,0)"
"425","Buchenavia tetraphylla (Aubl.) R.A. Howard","Terminalia tetraphylla","Combretaceae","Myrtales","Rosanae","Dicot","Pinho","perennial","tree",0,1,0,0,0,0,0,1,1,1,0,0,0,0,1,0,0,0,0,0,1,0,4,22.1195425682974,66.0555668780487,11.8248905536539,"S/CS","@rgb(56,168,30)","@rgb(255,255,255)","@rgb(128,0,0)","@symbol(3,512,0)"
"426","Buchnera americana L.","Buchnera americana","Orobanchaceae","Lamiales","Asteranae","Dicot","Weiher","perennial","forb",1,1,0,0,0,0,0,2,0,1,1,1,1,0,1,1,0,0,0,0,0,0,6,6.33340576814081,79.385776222485,14.2808180093742,"S/SR","@rgb(16,202,36)","@rgb(192,192,192)","@rgb(192,192,192)","@symbol(2,512,0)"
"427","Buddleja davidii Franch.","Buddleja davidii","Scrophulariaceae","Lamiales","Asteranae","Dicot","Cerabolini/Pierce","perennial","tree",0,0,1,0,1,0,0,2,1,0,0,1,1,0,0,0,0,0,0,0,0,0,3,48.2617862921584,44.5474163271256,7.19079738071601,"CS","@rgb(123,114,18)","@rgb(255,255,255)","@rgb(128,0,0)","@symbol(3,512,0)"
"428","Buglossoides arvensis (L.) I. M. Johnst.","Buglossoides arvensis","Boraginaceae","Boraginales","Asteranae","Dicot","Cerabolini/Pierce","annual","forb",0,0,1,0,1,0,0,2,0,0,0,1,1,1,0,1,0,1,0,1,1,0,7,31.6802163026359,0,68.3197836973641,"R/CR","@rgb(81,0,174)","@rgb(192,192,192)","@rgb(192,192,192)","@symbol(2,512,0)"
"429","Buglossoides purpurocaerulea (L.) I. M. Johnst.","Aegonychon purpurocaeruleum","Boraginaceae","Boraginales","Asteranae","Dicot","Cerabolini/Pierce","perennial","forb",0,0,1,0,0,0,0,1,0,0,0,1,1,0,0,0,0,0,0,1,0,0,3,26.8617075514961,17.5800902138918,55.558202234612,"R/CSR","@rgb(68,45,142)","@rgb(192,192,192)","@rgb(192,192,192)","@symbol(2,512,0)"
"430","Bulbostylis eleocharoides Kral & M.T. Strong","Bulbostylis eleocharoides","Cyperaceae","Poales","Lilianae","Monocot","Negreiros","perennial","graminoid",0,1,0,0,0,0,0,1,0,0,0,0,0,0,1,0,0,0,0,0,0,0,1,13.7890739028532,86.2109260971468,0,"S","@rgb(35,220,0)","@rgb(0,0,0)","@rgb(0,128,0)","@symbol(4,512,0)"
"431","Bulbostylis emmerichiae T. Koyama","Bulbostylis emmerichiae","Cyperaceae","Poales","Lilianae","Monocot","Negreiros","perennial","graminoid",0,1,0,0,0,0,0,1,1,0,0,0,0,0,1,0,0,0,0,0,1,0,3,6.30334864811555,93.6966513518844,0,"S","@rgb(16,239,0)","@rgb(0,0,0)","@rgb(0,128,0)","@symbol(4,512,0)"
"432","Bulbostylis lombardii Kral & M.T.Strong","Bulbostylis lombardii","Cyperaceae","Poales","Lilianae","Monocot","Negreiros","perennial","graminoid",0,1,0,0,0,0,0,1,0,0,0,0,0,0,1,0,0,0,0,0,0,0,1,1.09721052948861,98.9027894705114,0,"S","@rgb(3,252,0)","@rgb(0,0,0)","@rgb(0,128,0)","@symbol(4,512,0)"
"433","Bulbostylis paradoxa (Spreng.) Lindm.","Bulbostylis paradoxa","Cyperaceae","Poales","Lilianae","Monocot","Negreiros","perennial","graminoid",0,1,0,0,0,0,0,1,0,0,0,0,0,0,1,0,0,0,0,0,0,0,1,1.77727629916261,98.2227237008374,0,"S","@rgb(5,250,0)","@rgb(0,0,0)","@rgb(0,128,0)","@symbol(4,512,0)"
"434","Bunias orientalis L.","Bunias orientalis","Brassicaceae","Brassicales","Rosanae","Dicot","Kleyer","perennial","forb",0,0,1,0,0,0,0,1,0,0,0,1,1,1,0,0,0,0,0,0,0,0,3,65.1323360589762,0,34.8676639410238,"C/CR","@rgb(166,0,89)","@rgb(192,192,192)","@rgb(192,192,192)","@symbol(2,512,0)"
"435","Bunium bulbocastanum l.","Bunium bulbocastanum","Apiaceae","Apiales","Asteranae","Dicot","Kleyer","perennial","forb",0,0,1,0,0,0,0,1,0,0,0,1,1,0,0,0,0,0,0,1,0,0,3,45.7444140769974,0,54.2555859230026,"CR","@rgb(117,0,138)","@rgb(192,192,192)","@rgb(192,192,192)","@symbol(2,512,0)"
"436","Buphthalmum salicifolium L.","Buphthalmum salicifolium","Asteraceae","Asterales","Asteranae","Dicot","Cerabolini/Pierce","perennial","forb",0,0,1,0,0,0,0,1,0,0,0,1,1,0,0,0,0,0,0,0,0,0,2,24.3516748415752,16.6202144067461,59.0281107516787,"R/CSR","@rgb(62,42,151)","@rgb(192,192,192)","@rgb(192,192,192)","@symbol(2,512,0)"
"437","Bupleurum ranunculoides L.","Bupleurum ranunculoides","Apiaceae","Apiales","Asteranae","Dicot","Cerabolini/Pierce","perennial","forb",0,0,1,0,0,0,0,1,0,0,0,1,1,0,0,0,0,0,0,1,0,0,3,19.3387035779519,79.677597695201,0.983698726847198,"S/CS","@rgb(49,203,3)","@rgb(192,192,192)","@rgb(192,192,192)","@symbol(2,512,0)"
"438","Bupleurum rotundifolium L.","Bupleurum rotundifolium","Apiaceae","Apiales","Asteranae","Dicot","Kleyer","annual","forb",0,0,1,0,0,0,0,1,0,0,0,1,1,1,0,0,0,0,0,1,0,0,4,34.3148000940469,33.0254114732333,32.6597884327198,"CSR","@rgb(88,84,83)","@rgb(192,192,192)","@rgb(192,192,192)","@symbol(2,512,0)"
"439","Bupleurum stellatum L.","Bupleurum stellatum","Apiaceae","Apiales","Asteranae","Dicot","Cerabolini/Pierce","perennial","forb",0,0,1,0,0,0,0,1,0,0,0,0,1,0,0,0,0,0,0,1,0,0,2,12.3242145022651,60.4971952554845,27.1785902422505,"S/CSR","@rgb(31,154,69)","@rgb(192,192,192)","@rgb(192,192,192)","@symbol(2,512,0)"
"440","Bupleurum tenuissimum L.","Bupleurum tenuissimum","Apiaceae","Apiales","Asteranae","Dicot","Kleyer","annual","forb",0,0,1,0,0,0,0,1,0,0,0,1,0,0,0,0,0,0,0,1,0,0,2,5.65630103603426,14.6815321187287,79.662166845237,"R/SR","@rgb(14,37,203)","@rgb(192,192,192)","@rgb(192,192,192)","@symbol(2,512,0)"
"441","Buxus sempervirens L.","Buxus sempervirens","Buxaceae","Buxales","Buxanae","Dicot","Cerabolini/Pierce","perennial","tree",0,0,1,0,0,0,0,1,0,0,0,1,1,0,0,0,0,0,0,1,0,0,3,10.8702113964868,89.1297886035132,0,"S","@rgb(28,227,0)","@rgb(255,255,255)","@rgb(128,0,0)","@symbol(3,512,0)"
"442","Byrsonima dealbata Griseb.","Byrsonima dealbata","Malpighiaceae","Malpighiales","Rosanae","Dicot","Negreiros","perennial","shrub",0,1,0,0,0,0,0,1,0,0,0,0,0,0,1,0,0,0,0,0,0,0,1,35.8874048874776,64.1125951125224,0,"S/CS","@rgb(92,163,0)","@rgb(192,192,192)","@rgb(0,0,0)","@symbol(6,512,0)"
"443","Byrsonima sericea DC.","Byrsonima sericea","Malpighiaceae","Malpighiales","Rosanae","Dicot","Pinho","perennial","tree",0,1,0,0,0,0,0,1,1,1,0,0,0,0,1,0,0,0,0,0,1,0,4,35.6515613834235,62.7930693436555,1.55536927292102,"S/CS","@rgb(91,160,4)","@rgb(255,255,255)","@rgb(128,0,0)","@symbol(3,512,0)"
"444","Byrsonima verbascifolia (L.) DC.","Byrsonima verbascifolia","Malpighiaceae","Malpighiales","Rosanae","Dicot","Pinho","perennial","tree",0,1,0,0,0,0,0,1,1,1,0,0,0,0,1,0,0,0,0,0,1,0,4,43.6137110764689,56.3862889235311,0,"CS","@rgb(111,144,0)","@rgb(255,255,255)","@rgb(128,0,0)","@symbol(3,512,0)"
"445","Cacalia plantaginea (Raf.) Shinners","Arnoglossum plantagineum","Asteraceae","Asterales","Asteranae","Dicot","Weiher","perennial","forb",1,0,0,0,0,0,0,1,0,0,0,1,0,0,1,1,0,0,0,0,0,0,3,28.9701476987068,71.0298523012932,0,"S/CS","@rgb(74,181,0)","@rgb(192,192,192)","@rgb(192,192,192)","@symbol(2,512,0)"
"446","Caesalpinia echinata Lam.","Paubrasilia echinata","Fabaceae","Fabales","Rosanae","Dicot","Pinho","perennial","tree",0,1,0,0,0,0,0,1,1,0,0,0,0,0,0,0,0,0,0,0,0,0,1,14.4366096110755,67.5906821259955,17.972708262929,"S/SR","@rgb(37,172,46)","@rgb(255,255,255)","@rgb(128,0,0)","@symbol(3,512,0)"
"447","Calamagrostis arundinacea (L.) Roth","Calamagrostis arundinacea","Poaceae","Poales","Lilianae","Monocot","Kleyer","perennial","graminoid",0,0,1,0,1,0,0,2,1,0,0,1,1,1,0,0,0,0,1,1,0,0,6,25.0433870246448,55.4667306341895,19.4898823411657,"S/CSR","@rgb(64,141,50)","@rgb(0,0,0)","@rgb(0,128,0)","@symbol(4,512,0)"
"448","Calamagrostis canescens (Weber) Roth","Calamagrostis canescens","Poaceae","Poales","Lilianae","Monocot","Cerabolini/Pierce","perennial","graminoid",0,0,1,0,0,0,0,1,0,0,0,1,0,1,0,0,0,0,0,0,0,0,2,23.5437289796253,40.8665230319075,35.5897479884672,"SR/CSR","@rgb(60,104,91)","@rgb(0,0,0)","@rgb(0,128,0)","@symbol(4,512,0)"
"449","Calamagrostis purpurea (Trin.) Trin.","Calamagrostis purpurea","Poaceae","Poales","Lilianae","Monocot","Kleyer","perennial","graminoid",0,0,1,0,0,0,0,1,0,0,0,1,0,1,0,0,0,0,1,0,0,0,3,26.3442296592023,43.755722854268,29.9000474865298,"CSR","@rgb(67,112,76)","@rgb(0,0,0)","@rgb(0,128,0)","@symbol(4,512,0)"
"450","Calamagrostis varia (Schrad.) Host varia","Calamagrostis varia","Poaceae","Poales","Lilianae","Monocot","Cerabolini/Pierce","perennial","graminoid",0,0,1,0,0,0,0,1,0,0,0,1,1,0,0,0,0,0,0,1,0,0,3,25.5166417154054,42.3004484692703,32.1829098153243,"CSR","@rgb(65,108,82)","@rgb(0,0,0)","@rgb(0,128,0)","@symbol(4,512,0)"
"451","Calamagrostis villosa (Chaix) G. F. Gmel.","Calamagrostis villosa","Poaceae","Poales","Lilianae","Monocot","Cerabolini","perennial","graminoid",0,0,1,0,0,0,0,1,0,0,0,1,1,0,0,0,0,0,0,0,0,0,2,19.3803912458415,42.270670572913,38.3489381812455,"SR/CSR","@rgb(49,108,98)","@rgb(0,0,0)","@rgb(0,128,0)","@symbol(4,512,0)"
"452","Calamintha nepeta (L.) Savi","Clinopodium nepeta","Lamiaceae","Lamiales","Asteranae","Dicot","Cerabolini","perennial","shrub",0,0,1,0,0,0,0,1,0,0,0,1,1,0,0,0,0,0,0,1,0,0,3,11.3643053992331,82.2470896351173,6.38860496564956,"S","@rgb(29,210,16)","@rgb(192,192,192)","@rgb(0,0,0)","@symbol(6,512,0)"
"453","Calea coronopifolia Sch.Bip. ex Krasch.","Calea coronopifolia","Asteraceae","Asterales","Asteranae","Dicot","Negreiros","perennial","forb",0,1,0,0,0,0,0,1,0,0,0,0,0,0,1,0,0,0,0,0,0,0,1,8.2640842976426,91.7359157023574,0,"S","@rgb(21,234,0)","@rgb(192,192,192)","@rgb(192,192,192)","@symbol(2,512,0)"
"454","Calendula arvensis L.","Calendula arvensis","Asteraceae","Asterales","Asteranae","Dicot","Kleyer","annual","forb",0,0,1,0,0,0,0,1,0,0,0,1,1,0,0,0,0,0,0,1,0,0,3,36.1498172804769,0,63.8501827195231,"R/CR","@rgb(92,0,163)","@rgb(192,192,192)","@rgb(192,192,192)","@symbol(2,512,0)"
"455","Calepina irregularis (Asso) Thell.","Calepina irregularis","Brassicaceae","Brassicales","Rosanae","Dicot","Cerabolini/Pierce","biennial","forb",0,0,1,0,0,0,0,1,0,0,0,1,0,0,0,0,0,0,0,1,0,0,2,35.9129088309687,0,64.0870911690313,"R/CR","@rgb(92,0,163)","@rgb(192,192,192)","@rgb(192,192,192)","@symbol(2,512,0)"
"456","Calicotome spinosa (L.) Link","Calicotome spinosa","Fabaceae","Fabales","Rosanae","Dicot","Cerabolini/Pierce","perennial","tree",0,0,1,0,0,0,0,1,0,0,0,0,0,0,0,0,0,0,0,1,0,0,1,9.37271557054795,70.3848369109205,20.2424475185315,"S/SR","@rgb(24,179,52)","@rgb(255,255,255)","@rgb(128,0,0)","@symbol(3,512,0)"
"457","Calla palustris L.","Calla palustris","Araceae","Alismatales","Lilianae","Monocot","Kleyer","perennial","forb",0,0,1,0,0,0,0,1,0,0,0,1,1,1,0,0,0,0,0,0,0,0,3,64.7591695902081,0,35.2408304097919,"C/CR","@rgb(165,0,90)","@rgb(192,192,192)","@rgb(192,192,192)","@symbol(2,512,0)"
"458","Callerya atropurpurea (Wall.) A. Schott","Adinobotrys atropurpureus","Fabaceae","Fabales","Rosanae","Dicot","SJ Wright Pasoh","perennial","tree",0,0,0,0,1,0,0,1,1,1,0,0,0,0,0,0,0,0,0,0,0,0,2,52.827614344875,47.172385655125,0,"CS","@rgb(135,120,0)","@rgb(255,255,255)","@rgb(128,0,0)","@symbol(3,512,0)"
"459","Calliandra linearis Benth.","Calliandra linearis","Fabaceae","Fabales","Rosanae","Dicot","Negreiros","perennial","shrub",0,1,0,0,0,0,0,1,0,0,0,0,0,0,1,0,0,0,0,0,0,0,1,31.4682601608709,68.5317398391291,0,"S/CS","@rgb(80,175,0)","@rgb(192,192,192)","@rgb(0,0,0)","@symbol(6,512,0)"
"460","Calliandra parvifolia (Hook. & Arn.) Speg.","Calliandra parvifolia","Fabaceae","Fabales","Rosanae","Dicot","Pinho","perennial","shrub",0,1,0,0,0,0,0,1,1,1,0,0,0,0,1,0,0,0,0,0,1,0,4,7.37517225510192,60.767217615166,31.8576101297321,"S/SR","@rgb(19,155,81)","@rgb(192,192,192)","@rgb(0,0,0)","@symbol(6,512,0)"
"461","Callichlamys latifolia (Rich.) K. Schum.","Callichlamys latifolia","Bignoniaceae","Lamiales","Asteranae","Dicot","Wright","perennial","liana",0,1,0,0,0,0,0,1,1,1,0,0,0,0,1,0,0,0,0,0,0,0,3,63.6324325336398,20.6621491922267,15.7054182741335,"C/CSR","@rgb(162,53,40)","@rgb(128,128,128)","@rgb(128,128,128)","@symbol(3,512,0)"
"462","Callitriche palustris L.","Callitriche palustris","Plantaginaceae","Lamiales","Asteranae","Dicot","Kleyer","perennial","aquatic",1,0,1,0,1,0,0,3,1,0,0,1,1,1,0,1,0,1,1,1,0,0,8,2.63699312260685,0,97.3630068773931,"R","@rgb(7,0,248)","@rgb(192,192,192)","@rgb(0,0,255)","@symbol(5,512,0)"
"463","Callitriche stagnalis Scop. emend. Kutz","Callitriche stagnalis","Plantaginaceae","Lamiales","Asteranae","Dicot","Kleyer","perennial","aquatic",0,0,1,0,0,0,0,1,0,0,0,1,1,1,0,0,0,0,1,1,0,0,5,0,0,100,"R","@rgb(0,0,255)","@rgb(192,192,192)","@rgb(0,0,255)","@symbol(5,512,0)"
"464","Calluna vulgaris (L.) Hull","Calluna vulgaris","Ericaceae","Ericales","Asteranae","Dicot","Cerabolini","perennial","shrub",0,0,1,0,0,0,0,1,0,0,0,1,1,1,0,0,0,0,1,1,0,0,5,0,91.9887582628713,8.01124173712869,"S","@rgb(0,235,20)","@rgb(192,192,192)","@rgb(0,0,0)","@symbol(6,512,0)"
"465","Calophyllum brasiliense Cambess.","Calophyllum brasiliense","Calophyllaceae","Malpighiales","Rosanae","Dicot","Pinho","perennial","tree",0,1,0,0,0,0,0,1,1,1,0,0,0,0,1,0,0,0,0,0,1,0,4,55.2692122138081,32.3038116091587,12.4269761770333,"C/CSR","@rgb(141,82,32)","@rgb(255,255,255)","@rgb(128,0,0)","@symbol(3,512,0)"
"466","Calophyllum longifolium Willd.","Calophyllum longifolium","Calophyllaceae","Malpighiales","Rosanae","Dicot","Wright","perennial","tree",0,1,0,0,0,0,0,1,1,0,0,0,0,0,0,0,0,0,0,0,0,0,1,57.4456924163214,42.5543075836786,0,"CS","@rgb(146,109,0)","@rgb(255,255,255)","@rgb(128,0,0)","@symbol(3,512,0)"
"467","Caltha palustris L.","Caltha palustris","Ranunculaceae","Ranunculales","Ranunculanae","Dicot","Cornelissen","perennial","forb",1,0,1,0,0,0,0,2,0,0,0,1,1,1,0,1,0,1,1,1,0,0,7,59.125983434063,0,40.874016565937,"CR","@rgb(151,0,104)","@rgb(192,192,192)","@rgb(192,192,192)","@symbol(2,512,0)"
"468","Calystegia sepium (L.) R. Br.","Calystegia sepium","Convolvulaceae","Solanales","Asteranae","Dicot","Díaz","perennial","herbaceous vine",1,0,1,0,0,0,0,2,0,0,0,1,1,1,0,1,0,0,1,1,0,0,6,44.8469169595507,8.12342097191301,47.0296620685363,"CR","@rgb(114,21,120)","@rgb(0,0,0)","@rgb(0,255,0)","@symbol(3,512,0)"
"469","Calystegia silvatica (Kit.) Griseb.","Calystegia silvatica","Convolvulaceae","Solanales","Asteranae","Dicot","Cerabolini/Pierce","perennial","forb",1,0,1,0,0,0,0,2,0,0,0,1,0,0,0,1,0,0,0,1,0,0,3,45.1101332952571,0,54.8898667047429,"CR","@rgb(115,0,140)","@rgb(192,192,192)","@rgb(192,192,192)","@symbol(2,512,0)"
"470","Calystegia soldanella (L.) R. Br.","Calystegia soldanella","Convolvulaceae","Solanales","Asteranae","Dicot","Cerabolini","perennial","forb",0,0,1,0,0,0,0,1,0,0,0,1,1,0,0,0,0,0,0,1,0,0,3,49.4140425944038,0,50.5859574055962,"CR","@rgb(126,0,129)","@rgb(192,192,192)","@rgb(192,192,192)","@symbol(2,512,0)"
"471","Camelina microcarpa Andrz. ex DC.","Camelina microcarpa","Brassicaceae","Brassicales","Rosanae","Dicot","Kleyer","biennial","forb",1,0,1,0,0,0,0,2,0,0,0,1,1,1,0,1,0,0,0,1,0,0,5,34.9194683925523,0,65.0805316074477,"R/CR","@rgb(89,0,166)","@rgb(192,192,192)","@rgb(192,192,192)","@symbol(2,512,0)"
"472","Campanula barbata L.","Campanula barbata","Campanulaceae","Asterales","Asteranae","Dicot","Cerabolini/Pierce","perennial","forb",0,0,1,0,0,0,0,1,0,0,0,1,1,1,0,0,0,0,1,0,0,0,4,18.4398115353095,28.907140549662,52.6530479150285,"R/CSR","@rgb(47,74,134)","@rgb(192,192,192)","@rgb(192,192,192)","@symbol(2,512,0)"
"473","Campanula cenisia L.","Campanula cenisia","Campanulaceae","Asterales","Asteranae","Dicot","Caccianiga","perennial","forb",0,0,1,0,0,0,0,1,0,0,0,1,1,0,0,0,0,0,0,1,0,0,3,3.70327365877004,49.7075975410571,46.5891288001728,"SR","@rgb(9,127,119)","@rgb(192,192,192)","@rgb(192,192,192)","@symbol(2,512,0)"
"474","Campanula cervicaria L.","Campanula cervicaria","Campanulaceae","Asterales","Asteranae","Dicot","Kleyer","perennial","forb",0,0,1,0,0,0,0,1,0,0,0,1,1,1,0,0,0,0,0,0,0,0,3,21.3828150452418,39.7503968005604,38.8667881541979,"SR/CSR","@rgb(55,101,99)","@rgb(192,192,192)","@rgb(192,192,192)","@symbol(2,512,0)"
"475","Campanula cochleariifolia Lam.","Campanula cochleariifolia","Campanulaceae","Asterales","Asteranae","Dicot","Cerabolini","perennial","forb",0,0,1,0,0,0,0,1,0,0,0,1,1,0,0,0,0,0,0,1,0,0,3,3.63274266228489,29.6812151021496,66.6860422355655,"R/SR","@rgb(9,76,170)","@rgb(192,192,192)","@rgb(192,192,192)","@symbol(2,512,0)"
"476","Campanula collina M. Bieb.",NA,"Campanulaceae","Asterales","Asteranae","Dicot","Soudzilovskaia","perennial","forb",0,0,1,0,0,0,0,1,0,0,0,1,0,0,0,0,0,0,0,0,0,0,1,30.8243424763845,35.8550553769842,33.3206021466313,"CSR","@rgb(79,91,85)","@rgb(192,192,192)","@rgb(192,192,192)","@symbol(2,512,0)"
"477","Campanula excisa Schleich.","Campanula excisa","Campanulaceae","Asterales","Asteranae","Dicot","Cerabolini","perennial","forb",0,0,1,0,0,0,0,1,0,0,0,0,1,0,0,0,0,0,0,0,0,0,1,0,3.78596155802984,96.2140384419702,"R","@rgb(0,10,245)","@rgb(192,192,192)","@rgb(192,192,192)","@symbol(2,512,0)"
"478","Campanula glomerata L.","Campanula glomerata","Campanulaceae","Asterales","Asteranae","Dicot","Cerabolini/Pierce","perennial","forb",0,0,1,0,0,0,0,1,0,0,0,1,1,1,0,1,0,0,1,1,0,0,6,54.372119677981,12.4250538273268,33.2028264946922,"C/CSR","@rgb(139,32,85)","@rgb(192,192,192)","@rgb(192,192,192)","@symbol(2,512,0)"
"479","Campanula latifolia L.","Campanula latifolia","Campanulaceae","Asterales","Asteranae","Dicot","Kleyer","perennial","forb",0,0,1,0,1,0,0,2,0,1,0,1,1,1,0,0,0,1,1,1,0,0,7,44.8151663544604,0,55.1848336455396,"CR","@rgb(114,0,141)","@rgb(192,192,192)","@rgb(192,192,192)","@symbol(2,512,0)"
"480","Campanula persicifolia L.","Campanula persicifolia","Campanulaceae","Asterales","Asteranae","Dicot","Kleyer","perennial","forb",0,0,1,0,0,0,0,1,0,0,0,1,1,1,0,0,0,0,0,1,0,0,4,20.781401202722,36.7767374775691,42.441861319709,"SR/CSR","@rgb(53,94,108)","@rgb(192,192,192)","@rgb(192,192,192)","@symbol(2,512,0)"
"481","Campanula raineri Perp.","Campanula raineri","Campanulaceae","Asterales","Asteranae","Dicot","Cerabolini","perennial","forb",0,0,1,0,0,0,0,1,0,0,0,0,1,0,0,0,0,0,0,0,0,0,1,22.5303394029701,0,77.4696605970299,"R/CR","@rgb(57,0,198)","@rgb(192,192,192)","@rgb(192,192,192)","@symbol(2,512,0)"
"482","Campanula rapunculoides L.","Campanula rapunculoides","Campanulaceae","Asterales","Asteranae","Dicot","Kleyer","perennial","forb",0,0,1,0,0,0,0,1,0,0,0,1,1,1,0,0,0,0,1,1,0,0,5,35.027303866089,0,64.972696133911,"R/CR","@rgb(89,0,166)","@rgb(192,192,192)","@rgb(192,192,192)","@symbol(2,512,0)"
"483","Campanula rapunculus L.","Campanula rapunculus","Campanulaceae","Asterales","Asteranae","Dicot","Cerabolini/Pierce","perennial","forb",0,0,1,0,0,0,0,1,0,0,0,1,1,0,0,0,0,0,0,1,0,0,3,28.9947264487931,0,71.0052735512069,"R/CR","@rgb(74,0,181)","@rgb(192,192,192)","@rgb(192,192,192)","@symbol(2,512,0)"
"484","Campanula rotundifolia L. rotundifolia","Campanula rotundifolia","Campanulaceae","Asterales","Asteranae","Dicot","Cerabolini","perennial","forb",1,0,1,0,0,0,0,2,0,0,1,1,1,1,0,1,0,0,1,1,0,0,7,7.37046165089348,23.6039995772598,69.0255387718467,"R/SR","@rgb(19,60,176)","@rgb(192,192,192)","@rgb(192,192,192)","@symbol(2,512,0)"
"485","Campanula scheuchzeri Vill.","Campanula scheuchzeri","Campanulaceae","Asterales","Asteranae","Dicot","Cerabolini/Pierce","perennial","forb",0,0,1,0,0,0,0,1,0,0,0,1,1,0,0,0,0,0,0,1,0,0,3,3.12526508561379,52.280365458019,44.5943694563672,"SR","@rgb(8,133,114)","@rgb(192,192,192)","@rgb(192,192,192)","@symbol(2,512,0)"
"486","Campanula sibirica L.","Campanula sibirica","Campanulaceae","Asterales","Asteranae","Dicot","Kleyer","biennial","forb",0,0,1,0,0,0,0,1,0,0,0,1,0,1,0,1,0,1,0,1,0,0,5,18.9579901338674,48.5721431446338,32.4698667214988,"SR/CSR","@rgb(48,124,83)","@rgb(192,192,192)","@rgb(192,192,192)","@symbol(2,512,0)"
"487","Campanula spicata L.","Campanula spicata","Campanulaceae","Asterales","Asteranae","Dicot","Cerabolini/Pierce","perennial","forb",0,0,1,0,0,0,0,1,0,0,0,1,1,0,0,0,0,0,0,0,0,0,2,56.7815407751596,0,43.2184592248404,"CR","@rgb(145,0,110)","@rgb(192,192,192)","@rgb(192,192,192)","@symbol(2,512,0)"
"488","Campanula trachelium L.","Campanula trachelium","Campanulaceae","Asterales","Asteranae","Dicot","Cerabolini/Pierce","perennial","forb",0,0,1,0,0,0,0,1,0,0,0,1,1,1,0,0,0,0,0,1,0,0,4,44.0678311310348,0,55.9321688689652,"CR","@rgb(112,0,143)","@rgb(192,192,192)","@rgb(192,192,192)","@symbol(2,512,0)"
"489","Campanula tridentata Schreb.","Campanula tridentata","Campanulaceae","Asterales","Asteranae","Dicot","Soudzilovskaia","perennial","forb",0,0,1,0,0,0,0,1,0,0,0,1,1,0,0,0,0,0,0,0,0,0,2,12.2750728300447,60.3019071737175,27.4230199962378,"S/CSR","@rgb(31,154,70)","@rgb(192,192,192)","@rgb(192,192,192)","@symbol(2,512,0)"
"490","Canarium littorale Blume littorale","Canarium littorale","Burseraceae","Sapindales","Rosanae","Dicot","SJ Wright Pasoh","perennial","tree",0,0,0,0,1,0,0,1,1,0,0,0,0,0,0,0,0,0,0,0,0,0,1,56.9121769445804,43.0878230554196,0,"CS","@rgb(145,110,0)","@rgb(255,255,255)","@rgb(128,0,0)","@symbol(3,512,0)"
"491","Canarium littorale Blume rufum Leenh.","Canarium littorale","Burseraceae","Sapindales","Rosanae","Dicot","SJ Wright Pasoh","perennial","tree",0,0,0,0,1,0,0,1,1,0,0,0,0,0,0,0,0,0,0,0,0,0,1,44.1228091235681,55.8771908764319,0,"CS","@rgb(113,142,0)","@rgb(255,255,255)","@rgb(128,0,0)","@symbol(3,512,0)"
"492","Cannabis sativa L.","Cannabis sativa","Cannabaceae","Rosales","Rosanae","Dicot","Kleyer","annual","forb",0,0,0,0,1,0,0,1,1,0,0,0,0,0,0,0,0,0,0,0,0,0,1,45.2684164860566,22.71449399677,32.0170895171735,"CR/CSR","@rgb(115,58,82)","@rgb(192,192,192)","@rgb(192,192,192)","@symbol(2,512,0)"
"493","Capparis frondosa Jacq.","Morisonia frondosa","Capparaceae","Brassicales","Rosanae","Dicot","Wright","perennial","tree",0,1,0,0,0,0,0,1,1,1,1,0,0,0,0,0,0,0,0,0,0,0,3,46.2642636900539,47.7217782049591,6.01395810498706,"CS","@rgb(118,122,15)","@rgb(255,255,255)","@rgb(128,0,0)","@symbol(3,512,0)"
"494","Capsella bursa-pastoris (L.) Medik. bursa-pastoris","Capsella bursa-pastoris subsp. bursa-pastoris","Brassicaceae","Brassicales","Rosanae","Dicot","Cerabolini/Pierce","annual","forb",0,0,1,0,0,0,0,1,0,0,0,1,1,1,0,0,0,0,1,1,1,0,6,41.0547032869044,0,58.9452967130956,"CR","@rgb(105,0,150)","@rgb(192,192,192)","@rgb(192,192,192)","@symbol(2,512,0)"
"495","Capsella rubella Reut.","Capsella rubella","Brassicaceae","Brassicales","Rosanae","Dicot","Cerabolini/Pierce","annual","forb",0,0,1,0,0,0,0,1,0,0,0,1,0,0,0,0,0,0,0,1,0,0,2,38.4614720798896,0,61.5385279201104,"CR","@rgb(98,0,157)","@rgb(192,192,192)","@rgb(192,192,192)","@symbol(2,512,0)"
"496","Caragana arborescens Lam.","Caragana arborescens","Fabaceae","Fabales","Rosanae","Dicot","Kleyer","perennial","tree",0,0,1,0,0,0,0,1,0,0,0,0,0,1,0,1,0,1,0,0,0,0,3,19.6635082551839,52.5944117026193,27.7420800421968,"S/CSR","@rgb(50,134,71)","@rgb(255,255,255)","@rgb(128,0,0)","@symbol(3,512,0)"
"497","Caraipa densifolia Mart.","Caraipa densifolia","Calophyllaceae","Malpighiales","Rosanae","Dicot","Pinho","perennial","tree",0,1,0,0,0,0,0,1,1,0,0,0,0,0,1,0,0,0,0,0,0,0,2,37.6516355687573,50.5585536102944,11.7898108209484,"CS/CSR","@rgb(96,129,30)","@rgb(255,255,255)","@rgb(128,0,0)","@symbol(3,512,0)"
"498","Carapa guianensis Aubl.","Carapa guianensis","Calophyllaceae","Malpighiales","Rosanae","Dicot","Wright","perennial","tree",0,1,0,0,0,0,0,1,1,1,1,0,0,0,0,0,0,0,0,0,0,0,3,67.8508725201875,32.1491274798125,0,"C/CS","@rgb(173,82,0)","@rgb(255,255,255)","@rgb(128,0,0)","@symbol(3,512,0)"
"499","Cardamine bellidifolia L. alpina (Willd.) B. M. G. Jones","Cardamine bellidifolia subsp. alpina","Brassicaceae","Brassicales","Rosanae","Dicot","Cerabolini/Pierce","perennial","forb",0,0,1,0,0,0,0,1,0,0,0,1,1,0,0,0,0,0,0,1,0,0,3,4.64143142097239,0,95.3585685790276,"R","@rgb(12,0,243)","@rgb(192,192,192)","@rgb(192,192,192)","@symbol(2,512,0)"
"500","Cardamine bulbifera (L.) Crantz","Cardamine bulbifera","Brassicaceae","Brassicales","Rosanae","Dicot","Cerabolini/Pierce","perennial","forb",0,0,1,0,0,0,0,1,0,0,0,1,1,1,0,0,0,0,1,0,0,0,4,23.8460633828715,0,76.1539366171285,"R/CR","@rgb(61,0,194)","@rgb(192,192,192)","@rgb(192,192,192)","@symbol(2,512,0)"
"501","Cardamine heptaphylla (Vill.) O. E. Schulz","Cardamine heptaphylla","Brassicaceae","Brassicales","Rosanae","Dicot","Cerabolini/Pierce","perennial","forb",0,0,1,0,0,0,0,1,0,0,0,1,1,0,0,0,0,0,0,1,0,0,3,53.7207457052519,0,46.2792542947481,"CR","@rgb(137,0,118)","@rgb(192,192,192)","@rgb(192,192,192)","@symbol(2,512,0)"
"502","Cardamine hirsuta L.","Cardamine hirsuta","Brassicaceae","Brassicales","Rosanae","Dicot","Cerabolini/Pierce","annual","forb",0,0,1,0,1,1,0,3,1,1,0,1,1,1,0,0,0,0,1,1,0,0,7,7.1016366154244,26.2106048177905,66.6877585667851,"R/SR","@rgb(18,67,170)","@rgb(192,192,192)","@rgb(192,192,192)","@symbol(2,512,0)"
"503","Cardamine parviflora L.","Cardamine parviflora","Brassicaceae","Brassicales","Rosanae","Dicot","Kleyer","annual","forb",1,0,1,0,0,0,0,2,0,0,0,1,1,1,0,1,0,0,0,1,0,0,5,7.08992364175162,0.160234718433172,92.7498416398152,"R","@rgb(18,0,237)","@rgb(192,192,192)","@rgb(192,192,192)","@symbol(2,512,0)"
"504","Cardamine pratensis L.","Cardamine pratensis","Brassicaceae","Brassicales","Rosanae","Dicot","Díaz","perennial","forb",1,0,1,0,0,0,0,2,0,0,0,1,1,1,0,0,0,0,1,1,0,0,5,36.9683889812507,10.8805734875658,52.1510375311834,"CR/CSR","@rgb(94,28,133)","@rgb(192,192,192)","@rgb(192,192,192)","@symbol(2,512,0)"
"505","Cardamine resedifolia L.","Cardamine resedifolia","Brassicaceae","Brassicales","Rosanae","Dicot","Cerabolini/Pierce","annual","forb",0,0,1,0,0,0,0,1,0,0,0,1,1,0,0,0,0,0,0,1,0,0,3,3.96479306637781,62.4110381172168,33.6241688164054,"S/SR","@rgb(10,159,86)","@rgb(192,192,192)","@rgb(192,192,192)","@symbol(2,512,0)"
"506","Cardaminopsis arenosa (L.) Hayek","Arabidopsis arenosa","Brassicaceae","Brassicales","Rosanae","Dicot","Kleyer","perennial","forb",0,0,1,0,0,0,0,1,0,0,0,1,1,1,0,0,0,0,1,0,0,0,4,9.81468890255432,24.9486610883167,65.2366500091289,"R/SR","@rgb(25,64,166)","@rgb(192,192,192)","@rgb(192,192,192)","@symbol(2,512,0)"
"507","Cardaminopsis halleri (L.) Hayek","Arabidopsis halleri","Brassicaceae","Brassicales","Rosanae","Dicot","Kleyer","perennial","forb",0,0,1,0,0,0,0,1,0,0,0,1,1,0,0,0,0,0,0,0,0,0,2,14.4016728895233,14.788354297949,70.8099728125277,"R/SR","@rgb(37,38,181)","@rgb(192,192,192)","@rgb(192,192,192)","@symbol(2,512,0)"
"508","Cardaminopsis petraea (L.) Hiitonen","Arabidopsis lyrata subsp. petraea","Brassicaceae","Brassicales","Rosanae","Dicot","Kleyer","perennial","forb",0,0,1,0,0,0,0,1,0,0,0,1,0,1,0,0,0,0,0,0,0,0,2,3.88097885508447,0,96.1190211449155,"R","@rgb(10,0,245)","@rgb(192,192,192)","@rgb(192,192,192)","@symbol(2,512,0)"
"509","Cardaria draba (L.) Desv.","Lepidium draba","Brassicaceae","Brassicales","Rosanae","Dicot","Díaz","perennial","forb",0,0,1,0,0,0,0,1,0,0,0,1,1,1,0,1,0,1,0,1,1,0,7,57.1074195275949,0,42.8925804724051,"CR","@rgb(146,0,109)","@rgb(192,192,192)","@rgb(192,192,192)","@symbol(2,512,0)"
"510","Carduus acanthoides L.","Carduus acanthoides","Asteraceae","Asterales","Asteranae","Dicot","Kleyer","biennial","forb",0,0,1,0,0,0,0,1,1,0,0,1,1,1,0,1,0,0,0,1,0,0,6,65.704983409647,0,34.295016590353,"C/CR","@rgb(168,0,87)","@rgb(192,192,192)","@rgb(192,192,192)","@symbol(2,512,0)"
"511","Carduus defloratus L.","Carduus defloratus","Asteraceae","Asterales","Asteranae","Dicot","Cerabolini","perennial","forb",0,0,1,0,0,0,0,1,0,0,0,1,1,0,0,0,0,0,0,1,0,0,3,75.034321240016,0,24.965678759984,"C/CR","@rgb(191,0,64)","@rgb(192,192,192)","@rgb(192,192,192)","@symbol(2,512,0)"
"512","Carex acuta L.","Carex acuta","Cyperaceae","Poales","Lilianae","Monocot","Kleyer","perennial","graminoid",0,0,1,0,0,0,0,1,0,0,0,1,0,1,0,0,0,0,0,0,0,0,2,36.4326717540196,51.1551563372186,12.4121719087619,"CS/CSR","@rgb(93,130,32)","@rgb(0,0,0)","@rgb(0,128,0)","@symbol(4,512,0)"
"513","Carex acutiformis Ehrh.","Carex acutiformis","Cyperaceae","Poales","Lilianae","Monocot","Cerabolini","perennial","graminoid",0,0,1,0,0,0,0,1,0,0,0,1,1,1,0,0,0,0,0,1,0,0,4,51.9216867531458,25.8034099567541,22.2749032901001,"C/CSR","@rgb(132,66,57)","@rgb(0,0,0)","@rgb(0,128,0)","@symbol(4,512,0)"
"514","Carex alba Scop.","Carex alba","Cyperaceae","Poales","Lilianae","Monocot","Cerabolini/Pierce","perennial","graminoid",0,0,1,0,0,0,0,1,0,0,0,1,1,0,0,0,0,0,0,1,0,0,3,5.54896428179644,57.8945282552742,36.5565074629294,"SR","@rgb(14,148,93)","@rgb(0,0,0)","@rgb(0,128,0)","@symbol(4,512,0)"
"515","Carex appropinquata Schumach.","Carex appropinquata","Cyperaceae","Poales","Lilianae","Monocot","Kleyer","perennial","graminoid",0,0,1,0,0,0,0,1,0,0,0,1,1,1,0,0,0,0,1,0,0,0,4,22.3154763726757,52.4483918265846,25.2361318007397,"S/CSR","@rgb(57,134,64)","@rgb(0,0,0)","@rgb(0,128,0)","@symbol(4,512,0)"
"516","Carex aquatilis Wahlenb.","Carex aquatilis","Cyperaceae","Poales","Lilianae","Monocot","Kleyer","perennial","graminoid",1,0,1,0,0,0,0,2,0,0,0,1,1,1,0,1,0,0,1,0,0,0,5,31.1412583201709,65.291752275392,3.56698940443715,"S/CS","@rgb(79,166,9)","@rgb(0,0,0)","@rgb(0,128,0)","@symbol(4,512,0)"
"517","Carex arenaria L.","Carex arenaria","Cyperaceae","Poales","Lilianae","Monocot","Kleyer","perennial","graminoid",0,0,1,0,0,0,0,1,0,0,0,1,0,0,0,0,0,0,0,0,0,0,1,22.6738485208923,55.0299002147924,22.2962512643153,"S/CSR","@rgb(58,140,57)","@rgb(0,0,0)","@rgb(0,128,0)","@symbol(4,512,0)"
"518","Carex atrata L.","Carex atrata","Cyperaceae","Poales","Lilianae","Monocot","Soudzilovskaia","perennial","graminoid",0,0,1,0,0,0,0,1,0,0,0,1,1,1,0,1,0,0,1,1,0,0,6,17.2620943621306,57.9470905975964,24.790815040273,"S/CSR","@rgb(44,148,63)","@rgb(0,0,0)","@rgb(0,128,0)","@symbol(4,512,0)"
"519","Carex atrofusca Schkuhr","Carex atrofusca","Cyperaceae","Poales","Lilianae","Monocot","Kleyer","perennial","graminoid",1,0,1,0,0,0,0,2,0,0,0,0,1,1,0,0,0,1,1,0,0,0,4,5.91610777963761,58.1517327224352,35.9321594979272,"SR","@rgb(15,148,92)","@rgb(0,0,0)","@rgb(0,128,0)","@symbol(4,512,0)"
"520","Carex baldensis L.","Carex baldensis","Cyperaceae","Poales","Lilianae","Monocot","Cerabolini","perennial","graminoid",0,0,1,0,0,0,0,1,0,0,0,0,1,0,0,0,0,0,0,0,0,0,1,29.6995445968187,62.772463547563,7.52799185561828,"S/CS","@rgb(76,160,19)","@rgb(0,0,0)","@rgb(0,128,0)","@symbol(4,512,0)"
"521","Carex bicknellii Britton","Carex bicknellii","Cyperaceae","Poales","Lilianae","Monocot","Weiher","perennial","graminoid",1,0,0,0,0,0,0,1,0,0,0,1,0,0,0,1,0,0,0,0,0,0,2,14.792330151701,51.3109978333346,33.8966720149645,"SR/CSR","@rgb(38,131,86)","@rgb(0,0,0)","@rgb(0,128,0)","@symbol(4,512,0)"
"522","Carex bigelowii Torr. ex Schwein.","Carex bigelowii","Cyperaceae","Poales","Lilianae","Monocot","Kleyer","perennial","graminoid",1,0,1,0,0,0,0,2,0,0,0,1,1,1,0,0,0,0,1,0,0,0,4,13.47802339559,65.4820114726263,21.0399651317838,"S/SR","@rgb(34,167,54)","@rgb(0,0,0)","@rgb(0,128,0)","@symbol(4,512,0)"
"523","Carex brevior (Dewey) Mack. ex Lunell","Carex brevior","Cyperaceae","Poales","Lilianae","Monocot","Weiher","perennial","graminoid",1,0,0,0,0,0,0,1,0,0,0,1,1,0,0,1,0,0,0,0,0,0,3,12.5693151800885,57.4972017337889,29.9334830861225,"S/CSR","@rgb(32,147,76)","@rgb(0,0,0)","@rgb(0,128,0)","@symbol(4,512,0)"
"524","Carex brizoides L.","Carex brizoides","Cyperaceae","Poales","Lilianae","Monocot","Kleyer","perennial","graminoid",0,0,1,0,0,0,0,1,0,0,0,1,1,0,0,0,0,0,0,0,0,0,2,19.7064395392665,52.5062754754486,27.7872849852849,"S/CSR","@rgb(50,134,71)","@rgb(0,0,0)","@rgb(0,128,0)","@symbol(4,512,0)"
"525","Carex buxbaumii Wahlenb.","Carex buxbaumii","Cyperaceae","Poales","Lilianae","Monocot","Kleyer","perennial","graminoid",1,0,1,0,0,0,0,2,0,0,0,1,1,1,0,1,0,0,1,0,0,0,5,51.331763271685,42.826662342747,5.84157438556795,"CS","@rgb(131,109,15)","@rgb(0,0,0)","@rgb(0,128,0)","@symbol(4,512,0)"
"526","Carex caespitosa L.",NA,"Cyperaceae","Poales","Lilianae","Monocot","Kleyer","perennial","graminoid",0,0,1,0,0,0,0,1,0,0,0,1,1,1,0,0,0,0,0,0,0,0,3,30.9577539080312,41.7885028064681,27.2537432855007,"CSR","@rgb(79,107,69)","@rgb(0,0,0)","@rgb(0,128,0)","@symbol(4,512,0)"
"527","Carex capillaris L.","Carex capillaris","Cyperaceae","Poales","Lilianae","Monocot","Kleyer","perennial","graminoid",1,0,1,0,0,0,0,2,0,0,0,1,1,0,0,0,0,0,1,1,0,0,4,0.800577605267199,85.3524014739516,13.8470209207812,"S","@rgb(2,218,35)","@rgb(0,0,0)","@rgb(0,128,0)","@symbol(4,512,0)"
"528","Carex caryophyllea Latourr.","Carex caryophyllea","Cyperaceae","Poales","Lilianae","Monocot","Cerabolini","perennial","graminoid",0,0,1,0,0,0,0,1,0,0,0,1,1,1,0,0,0,0,0,1,0,0,4,7.95761645137928,68.9558852110339,23.0864983375868,"S/SR","@rgb(20,176,59)","@rgb(0,0,0)","@rgb(0,128,0)","@symbol(4,512,0)"
"529","Carex cherokeensis Schwein.","Carex cherokeensis","Cyperaceae","Poales","Lilianae","Monocot","Weiher","perennial","graminoid",1,0,0,0,0,0,0,1,0,0,0,1,1,0,1,1,0,0,0,0,0,0,4,25.3235231720563,32.47844337634,42.1980334516037,"CSR","@rgb(65,83,108)","@rgb(0,0,0)","@rgb(0,128,0)","@symbol(4,512,0)"
"530","Carex chordorrhiza Ehrh. ex L. f.","Carex chordorrhiza","Cyperaceae","Poales","Lilianae","Monocot","Kleyer","perennial","graminoid",1,0,1,0,0,0,0,2,0,0,0,1,1,1,0,1,0,0,1,0,0,0,5,4.87968153910834,62.7486768573009,32.3716416035907,"S/SR","@rgb(12,160,83)","@rgb(0,0,0)","@rgb(0,128,0)","@symbol(4,512,0)"
"531","Carex curta Gooden.","Carex curta","Cyperaceae","Poales","Lilianae","Monocot","Kleyer","perennial","graminoid",1,0,1,0,0,1,0,3,0,0,0,1,1,0,0,1,0,1,0,1,0,0,5,14.9742923135327,44.8117174181361,40.2139902683311,"SR/CSR","@rgb(38,114,103)","@rgb(0,0,0)","@rgb(0,128,0)","@symbol(4,512,0)"
"532","Carex curvula All. curvula","Carex curvula subsp. curvula","Cyperaceae","Poales","Lilianae","Monocot","Cerabolini/Pierce","perennial","graminoid",0,0,1,0,0,0,0,1,0,0,0,1,1,0,0,0,0,0,0,1,0,0,3,5.96935949638719,94.0306405036128,0,"S","@rgb(15,240,0)","@rgb(0,0,0)","@rgb(0,128,0)","@symbol(4,512,0)"
"533","Carex curvula All. rosae Gilomen","Carex curvula subsp. rosae","Cyperaceae","Poales","Lilianae","Monocot","Cerabolini","perennial","graminoid",0,0,1,0,0,0,0,1,0,0,0,1,1,0,0,0,0,0,0,1,0,0,3,11.9403260578111,69.911944288593,18.1477296535959,"S/SR","@rgb(30,178,46)","@rgb(0,0,0)","@rgb(0,128,0)","@symbol(4,512,0)"
"534","Carex davalliana Sm.","Carex davalliana","Cyperaceae","Poales","Lilianae","Monocot","Kleyer","perennial","graminoid",0,0,1,0,0,0,0,1,0,0,0,1,1,0,0,0,0,0,0,1,0,0,3,7.09488447530647,82.8362731916769,10.0688423330167,"S","@rgb(18,211,26)","@rgb(0,0,0)","@rgb(0,128,0)","@symbol(4,512,0)"
"535","Carex demissa Hornem.","Carex demissa","Cyperaceae","Poales","Lilianae","Monocot","Cerabolini","perennial","graminoid",0,0,1,0,0,0,0,1,0,0,0,1,1,1,0,0,0,0,1,1,0,0,5,16.3581578419892,44.3963304490094,39.2455117090013,"SR/CSR","@rgb(42,113,100)","@rgb(0,0,0)","@rgb(0,128,0)","@symbol(4,512,0)"
"536","Carex digitata L.","Carex digitata","Cyperaceae","Poales","Lilianae","Monocot","Cerabolini/Pierce","perennial","graminoid",0,0,1,0,0,0,0,1,0,0,0,1,1,1,0,0,0,0,1,1,0,0,5,13.0787530215737,40.734717372893,46.1865296055334,"SR/CSR","@rgb(33,104,118)","@rgb(0,0,0)","@rgb(0,128,0)","@symbol(4,512,0)"
"537","Carex dioica L.","Carex dioica","Cyperaceae","Poales","Lilianae","Monocot","Kleyer","perennial","graminoid",0,0,1,0,0,0,0,1,0,0,0,1,1,1,0,0,0,0,1,0,0,0,4,0,86.2548388627685,13.7451611372315,"S","@rgb(0,220,35)","@rgb(0,0,0)","@rgb(0,128,0)","@symbol(4,512,0)"
"538","Carex distans L.","Carex distans","Cyperaceae","Poales","Lilianae","Monocot","Kleyer","perennial","graminoid",0,0,1,0,0,0,0,1,0,0,0,1,1,0,0,0,0,0,0,1,0,0,3,12.1979278501378,55.7130771277705,32.0889950220917,"S/CSR","@rgb(31,142,82)","@rgb(0,0,0)","@rgb(0,128,0)","@symbol(4,512,0)"
"539","Carex divulsa Stokes","Carex divulsa","Cyperaceae","Poales","Lilianae","Monocot","Cerabolini","perennial","graminoid",0,0,1,0,0,0,0,1,0,0,0,1,1,0,0,0,0,0,0,1,0,0,3,15.9246442501393,47.2014777062669,36.8738780435938,"SR/CSR","@rgb(41,120,94)","@rgb(0,0,0)","@rgb(0,128,0)","@symbol(4,512,0)"
"540","Carex echinata Murray","Carex echinata","Cyperaceae","Poales","Lilianae","Monocot","Cerabolini","perennial","graminoid",1,0,1,0,1,1,0,4,0,0,0,1,1,1,0,0,0,1,1,1,0,0,6,5.55013836031251,83.1416061304724,11.3082555092151,"S","@rgb(14,212,29)","@rgb(0,0,0)","@rgb(0,128,0)","@symbol(4,512,0)"
"541","Carex elata All. elata","Carex elata subsp. elata","Cyperaceae","Poales","Lilianae","Monocot","Cerabolini","perennial","graminoid",0,0,1,0,0,0,0,1,0,0,0,1,1,1,0,0,0,0,0,1,0,0,4,13.3469575840735,69.6804048979949,16.9726375179316,"S/SR","@rgb(34,178,43)","@rgb(0,0,0)","@rgb(0,128,0)","@symbol(4,512,0)"
"542","Carex elongata L.","Carex elongata","Cyperaceae","Poales","Lilianae","Monocot","Kleyer","perennial","graminoid",0,0,1,0,0,0,0,1,0,0,0,1,0,1,0,0,0,0,0,0,0,0,2,20.9129379587513,32.3496326146949,46.7374294265539,"SR/CSR","@rgb(53,82,119)","@rgb(0,0,0)","@rgb(0,128,0)","@symbol(4,512,0)"
"543","Carex extensa Gooden.","Carex extensa","Cyperaceae","Poales","Lilianae","Monocot","Kleyer","perennial","graminoid",0,0,1,0,0,0,0,1,0,0,0,1,0,0,0,0,0,0,0,1,0,0,2,7.79736052375678,92.2026394762432,0,"S","@rgb(20,235,0)","@rgb(0,0,0)","@rgb(0,128,0)","@symbol(4,512,0)"
"544","Carex ferruginea Scop. austroalpina (Bech.) W. Dietr.","Carex austroalpina","Cyperaceae","Poales","Lilianae","Monocot","Cerabolini","perennial","graminoid",0,0,1,0,0,0,0,1,0,0,0,1,1,0,0,0,0,0,0,0,0,0,2,15.5507411720622,73.310555063012,11.1387037649258,"S/CS","@rgb(40,187,28)","@rgb(0,0,0)","@rgb(0,128,0)","@symbol(4,512,0)"
"545","Carex ferruginea Scop. ferruginea","Carex ferruginea","Cyperaceae","Poales","Lilianae","Monocot","Cerabolini","perennial","graminoid",0,0,1,0,0,0,0,1,0,0,0,1,1,0,0,0,0,0,0,0,0,0,2,13.7102609531477,65.0102783929193,21.2794606539329,"S/SR","@rgb(35,166,54)","@rgb(0,0,0)","@rgb(0,128,0)","@symbol(4,512,0)"
"546","Carex firma Host","Carex firma","Cyperaceae","Poales","Lilianae","Monocot","Cerabolini","perennial","graminoid",0,0,1,0,0,0,0,1,0,0,0,1,1,0,0,0,0,0,0,0,0,0,2,3.6522702872608,86.9402798372953,9.40744987544386,"S","@rgb(9,222,24)","@rgb(0,0,0)","@rgb(0,128,0)","@symbol(4,512,0)"
"547","Carex flacca Schreb.","Carex flacca","Cyperaceae","Poales","Lilianae","Monocot","Cerabolini","perennial","graminoid",0,0,1,0,0,0,0,1,0,0,0,1,1,0,0,0,0,0,0,1,0,0,3,33.2615723115381,56.5797090602279,10.1587186282339,"S/CSR","@rgb(85,144,26)","@rgb(0,0,0)","@rgb(0,128,0)","@symbol(4,512,0)"
"548","Carex flava L.","Carex flava","Cyperaceae","Poales","Lilianae","Monocot","Cerabolini","perennial","graminoid",1,0,1,0,0,0,0,2,0,0,0,1,1,1,0,0,0,0,1,1,0,0,5,12.472475699797,78.3363429683311,9.19118133187197,"S/CS","@rgb(32,200,23)","@rgb(0,0,0)","@rgb(0,128,0)","@symbol(4,512,0)"
"549","Carex foenea Willd.","Carex foenea","Cyperaceae","Poales","Lilianae","Monocot","Weiher","perennial","graminoid",1,0,0,0,0,0,0,1,0,0,0,1,1,1,0,1,0,0,0,0,0,0,4,14.2639457617291,51.6097068080665,34.1263474302044,"SR/CSR","@rgb(36,132,87)","@rgb(0,0,0)","@rgb(0,128,0)","@symbol(4,512,0)"
"550","Carex frigida All.","Carex frigida","Cyperaceae","Poales","Lilianae","Monocot","Cerabolini","perennial","graminoid",0,0,1,0,0,0,0,1,0,0,0,1,1,0,0,0,0,0,0,1,0,0,3,23.8487535576772,47.5629536166501,28.5882928256727,"S/CSR","@rgb(61,121,73)","@rgb(0,0,0)","@rgb(0,128,0)","@symbol(4,512,0)"
"551","Carex fritschii Waisb.","Carex fritschii","Cyperaceae","Poales","Lilianae","Monocot","Cerabolini","perennial","graminoid",0,0,1,0,0,0,0,1,0,0,0,1,1,0,0,0,0,0,0,0,0,0,2,17.2022610586486,62.0732384456436,20.7245004957078,"S/CSR","@rgb(44,158,53)","@rgb(0,0,0)","@rgb(0,128,0)","@symbol(4,512,0)"
"552","Carex fuscula d'Urv.","Carex fuscula","Cyperaceae","Poales","Lilianae","Monocot","Díaz","perennial","graminoid",0,1,0,0,0,0,0,1,1,0,0,0,0,0,1,1,0,0,0,0,0,0,3,10.5164307863578,72.4182346603114,17.0653345533308,"S/SR","@rgb(27,185,44)","@rgb(0,0,0)","@rgb(0,128,0)","@symbol(4,512,0)"
"553","Carex geophila Mack.","Carex geophila","Cyperaceae","Poales","Lilianae","Monocot","Laughlin","perennial","graminoid",1,1,0,0,0,0,0,2,0,0,1,0,1,0,0,0,0,0,0,0,1,0,3,7.06101404824141,88.0488959281844,4.89009002357421,"S","@rgb(18,225,12)","@rgb(0,0,0)","@rgb(0,128,0)","@symbol(4,512,0)"
"554","Carex hallerana Asso","Carex halleriana","Cyperaceae","Poales","Lilianae","Monocot","Wright","perennial","graminoid",0,0,1,0,0,0,0,1,0,0,0,1,0,0,0,0,0,0,0,1,0,0,2,9.36761989560144,72.1302196321712,18.5021604722274,"S/SR","@rgb(24,184,47)","@rgb(0,0,0)","@rgb(0,128,0)","@symbol(4,512,0)"
"555","Carex hirta L.","Carex hirta","Cyperaceae","Poales","Lilianae","Monocot","Cerabolini","perennial","graminoid",0,0,1,0,0,0,0,1,0,0,0,1,1,1,0,0,0,0,0,1,0,0,4,19.6710635191096,20.3380149287295,59.9909215521609,"R/CSR","@rgb(50,52,153)","@rgb(0,0,0)","@rgb(0,128,0)","@symbol(4,512,0)"
"556","Carex hostiana DC.","Carex hostiana","Cyperaceae","Poales","Lilianae","Monocot","Kleyer","perennial","graminoid",0,0,1,0,0,0,0,1,0,0,0,1,1,1,0,0,0,0,1,0,0,0,4,6.00275781311674,71.403103281482,22.5941389054012,"S/SR","@rgb(15,182,58)","@rgb(0,0,0)","@rgb(0,128,0)","@symbol(4,512,0)"
"557","Carex houghtoniana Torr. ex Dewey","Carex houghtoniana","Cyperaceae","Poales","Lilianae","Monocot","Weiher","perennial","graminoid",1,0,0,0,0,0,0,1,0,0,0,1,1,1,0,1,0,0,0,0,0,0,4,23.7439144029451,47.5325399478335,28.7235456492213,"S/CSR","@rgb(61,121,73)","@rgb(0,0,0)","@rgb(0,128,0)","@symbol(4,512,0)"
"558","Carex humilis Leyss.","Carex humilis","Cyperaceae","Poales","Lilianae","Monocot","Cerabolini","perennial","graminoid",0,0,1,0,0,0,0,1,0,0,0,1,1,0,0,0,0,0,0,1,0,0,3,15.6514933768465,55.5694181985929,28.7790884245605,"S/CSR","@rgb(40,142,73)","@rgb(0,0,0)","@rgb(0,128,0)","@symbol(4,512,0)"
"559","Carex lachenalii Schkuhr","Carex lachenalii","Cyperaceae","Poales","Lilianae","Monocot","Cerabolini","perennial","graminoid",1,0,1,0,0,1,0,3,0,0,0,1,1,1,0,0,0,0,1,1,0,0,5,4.31448641528032,63.0237550611786,32.6617585235411,"S/SR","@rgb(11,161,83)","@rgb(0,0,0)","@rgb(0,128,0)","@symbol(4,512,0)"
"560","Carex lasiocarpa Ehrh.","Carex lasiocarpa","Cyperaceae","Poales","Lilianae","Monocot","Kleyer","perennial","graminoid",1,0,1,0,0,0,0,2,0,0,0,1,1,1,0,1,0,0,1,1,0,0,6,23.2610974576313,72.5114108546358,4.22749168773286,"S/CS","@rgb(59,185,11)","@rgb(0,0,0)","@rgb(0,128,0)","@symbol(4,512,0)"
"561","Carex ligerica J. Gay","Carex colchica","Cyperaceae","Poales","Lilianae","Monocot","Kleyer","perennial","graminoid",0,0,1,0,0,0,0,1,0,0,0,1,0,0,0,1,0,0,0,0,0,0,2,10.1270372321421,69.7950402434707,20.0779225243871,"S/SR","@rgb(26,178,51)","@rgb(0,0,0)","@rgb(0,128,0)","@symbol(4,512,0)"
"562","Carex limosa L.","Carex limosa","Cyperaceae","Poales","Lilianae","Monocot","Kleyer","perennial","graminoid",1,0,1,0,0,0,0,2,0,0,0,1,1,1,0,1,0,0,1,1,0,0,6,4.31944497470191,57.4090574744336,38.2714975508645,"SR","@rgb(11,146,98)","@rgb(0,0,0)","@rgb(0,128,0)","@symbol(4,512,0)"
"563","Carex liparocarpos Gaudin liparocarpos","Carex liparocarpos subsp. liparocarpos","Cyperaceae","Poales","Lilianae","Monocot","Cerabolini","perennial","graminoid",0,0,1,0,0,0,0,1,0,0,0,1,0,0,0,0,0,0,0,1,0,0,2,7.80151972272752,62.1985355384578,29.9999447388147,"S/SR","@rgb(20,159,76)","@rgb(0,0,0)","@rgb(0,128,0)","@symbol(4,512,0)"
"564","Carex magellanica Lam.","Carex magellanica","Cyperaceae","Poales","Lilianae","Monocot","Kleyer","perennial","graminoid",1,1,1,0,0,0,0,3,0,0,0,1,1,1,0,1,0,0,1,0,0,0,5,10.0757772913974,46.146296865254,43.7779258433486,"SR","@rgb(26,118,112)","@rgb(0,0,0)","@rgb(0,128,0)","@symbol(4,512,0)"
"565","Carex meadii Dewey","Carex meadii","Cyperaceae","Poales","Lilianae","Monocot","Weiher","perennial","graminoid",1,0,0,0,0,0,0,1,0,0,1,1,1,1,0,1,0,0,0,0,0,0,5,6.06258794247865,85.2704174824536,8.66699457506775,"S","@rgb(15,217,22)","@rgb(0,0,0)","@rgb(0,128,0)","@symbol(4,512,0)"
"566","Carex montana L.","Carex montana","Cyperaceae","Poales","Lilianae","Monocot","Cerabolini","perennial","graminoid",0,0,1,0,0,0,0,1,0,0,0,1,1,0,0,0,0,0,0,1,0,0,3,11.6238144246272,61.745974617485,26.6302109578877,"S/SR","@rgb(30,157,68)","@rgb(0,0,0)","@rgb(0,128,0)","@symbol(4,512,0)"
"567","Carex mucronata All.","Carex mucronata","Cyperaceae","Poales","Lilianae","Monocot","Cerabolini","perennial","graminoid",0,0,1,0,0,0,0,1,0,0,0,1,1,0,0,0,0,0,0,0,0,0,2,7.18628736092122,92.8137126390788,0,"S","@rgb(18,237,0)","@rgb(0,0,0)","@rgb(0,128,0)","@symbol(4,512,0)"
"568","Carex muhlenbergii Kunth ex Boott","Carex vulpinoidea","Cyperaceae","Poales","Lilianae","Monocot","Weiher","perennial","graminoid",1,0,0,0,0,0,0,1,0,0,1,1,1,1,1,1,0,0,0,1,0,0,7,17.2299893017503,60.0145241337815,22.7554865644681,"S/CSR","@rgb(44,153,58)","@rgb(0,0,0)","@rgb(0,128,0)","@symbol(4,512,0)"
"569","Carex nigra (L.) Reichard","Carex nigra","Cyperaceae","Poales","Lilianae","Monocot","Soudzilovskaia","perennial","graminoid",1,0,1,0,0,0,0,2,0,0,0,1,1,1,0,1,0,0,1,1,0,0,6,15.6259162625902,60.94555715,23.4285265874098,"S/CSR","@rgb(40,155,60)","@rgb(0,0,0)","@rgb(0,128,0)","@symbol(4,512,0)"
"570","Carex norvegica Retz.","Carex norvegica","Cyperaceae","Poales","Lilianae","Monocot","Kleyer","perennial","graminoid",1,0,1,0,0,0,0,2,0,0,0,1,1,1,0,0,0,0,1,0,0,0,4,4.32905202380446,60.4476543357587,35.2232936404369,"S/SR","@rgb(11,154,90)","@rgb(0,0,0)","@rgb(0,128,0)","@symbol(4,512,0)"
"571","Carex oreophila C.A. Mey.","Carex oreophila","Cyperaceae","Poales","Lilianae","Monocot","Soudzilovskaia","perennial","graminoid",0,0,1,0,0,0,0,1,0,0,0,0,0,0,0,1,0,0,0,0,0,0,1,7.70259845193911,64.2505291339797,28.0468724140812,"S/SR","@rgb(20,164,72)","@rgb(0,0,0)","@rgb(0,128,0)","@symbol(4,512,0)"
"572","Carex ornithopoda Willd.","Carex ornithopoda","Cyperaceae","Poales","Lilianae","Monocot","Cerabolini","perennial","graminoid",0,0,1,0,0,0,0,1,0,0,0,1,1,1,0,0,0,0,1,1,0,0,5,8.3079031109922,70.9869661425074,20.7051307465004,"S/SR","@rgb(21,181,53)","@rgb(0,0,0)","@rgb(0,128,0)","@symbol(4,512,0)"
"573","Carex ovalis Gooden.","Carex leporina","Cyperaceae","Poales","Lilianae","Monocot","Cerabolini","perennial","graminoid",1,0,1,0,0,0,0,2,0,0,0,1,1,1,0,0,0,0,0,1,0,0,4,14.140751640606,50.6190877875007,35.2401605718933,"SR/CSR","@rgb(36,129,90)","@rgb(0,0,0)","@rgb(0,128,0)","@symbol(4,512,0)"
"574","Carex pallescens L.","Carex pallescens","Cyperaceae","Poales","Lilianae","Monocot","Cerabolini/Pierce","perennial","graminoid",1,0,1,0,0,0,0,2,0,0,0,1,1,1,0,0,0,0,1,1,0,0,5,31.5446660163898,28.0689176768836,40.3864163067267,"CSR","@rgb(80,72,103)","@rgb(0,0,0)","@rgb(0,128,0)","@symbol(4,512,0)"
"575","Carex panicea L.","Carex panicea","Cyperaceae","Poales","Lilianae","Monocot","Wright","perennial","graminoid",0,0,1,0,0,0,0,1,0,0,0,1,1,1,0,0,0,0,1,1,0,0,5,12.1389598522447,58.8615578090757,28.9994823386796,"S/CSR","@rgb(31,150,74)","@rgb(0,0,0)","@rgb(0,128,0)","@symbol(4,512,0)"
"576","Carex paniculata L.","Carex paniculata","Cyperaceae","Poales","Lilianae","Monocot","Kleyer","perennial","graminoid",0,0,1,0,0,0,0,1,0,0,0,1,1,1,0,0,0,0,0,1,0,0,4,36.2999523949882,45.1870702602945,18.5129773447173,"CS/CSR","@rgb(93,115,47)","@rgb(0,0,0)","@rgb(0,128,0)","@symbol(4,512,0)"
"577","Carex pauciflora Lightf.","Carex pauciflora","Cyperaceae","Poales","Lilianae","Monocot","Kleyer","perennial","graminoid",1,0,1,0,0,0,0,2,0,0,0,1,1,1,0,1,0,0,1,0,0,0,5,2.26773241984939,64.6012608292584,33.1310067508922,"S/SR","@rgb(6,165,84)","@rgb(0,0,0)","@rgb(0,128,0)","@symbol(4,512,0)"
"578","Carex paupercula Michx.","Carex magellanica subsp. irrigua","Cyperaceae","Poales","Lilianae","Monocot","Cerabolini","perennial","graminoid",1,0,1,0,0,0,0,2,0,0,0,1,1,1,0,1,0,0,1,0,0,0,5,7.47485837022775,67.7418329880531,24.7833086417191,"S/SR","@rgb(19,173,63)","@rgb(0,0,0)","@rgb(0,128,0)","@symbol(4,512,0)"
"579","Carex pedunculata Muhl. ex Willd.","Carex pedunculata","Cyperaceae","Poales","Lilianae","Monocot","Weiher","perennial","graminoid",1,0,0,0,0,0,0,1,0,0,0,1,1,1,0,0,0,0,0,0,0,0,3,13.5801927129877,46.4837862015474,39.9360210854649,"SR/CSR","@rgb(35,119,102)","@rgb(0,0,0)","@rgb(0,128,0)","@symbol(4,512,0)"
"580","Carex pensylvanica Lam.","Carex pensylvanica","Cyperaceae","Poales","Lilianae","Monocot","Weiher","perennial","graminoid",1,0,0,0,0,0,0,1,0,0,0,1,1,0,0,1,0,0,0,0,0,0,3,15.0432941067464,34.9308242443912,50.0258816488624,"SR/CSR","@rgb(38,89,128)","@rgb(0,0,0)","@rgb(0,128,0)","@symbol(4,512,0)"
"581","Carex pilosa Scop.","Carex pilosa","Cyperaceae","Poales","Lilianae","Monocot","Kleyer","perennial","graminoid",0,0,1,0,0,0,0,1,0,0,0,1,1,0,0,0,0,0,0,0,0,0,2,38.6079349135172,34.70047890885,26.6915861776327,"CSR","@rgb(98,88,68)","@rgb(0,0,0)","@rgb(0,128,0)","@symbol(4,512,0)"
"582","Carex pilulifera L. pilulifera","Carex pilulifera subsp. pilulifera","Cyperaceae","Poales","Lilianae","Monocot","Cerabolini/Pierce","perennial","graminoid",0,0,1,0,0,0,0,1,0,0,0,1,0,0,0,0,0,0,0,1,0,0,2,13.8141192685932,48.5355825506258,37.650298180781,"SR/CSR","@rgb(35,124,96)","@rgb(0,0,0)","@rgb(0,128,0)","@symbol(4,512,0)"
"583","Carex pseudocyperus L.","Carex pseudocyperus","Cyperaceae","Poales","Lilianae","Monocot","Kleyer","perennial","graminoid",1,1,1,0,0,1,0,4,1,0,0,1,1,1,1,1,0,0,0,1,1,0,8,34.1626640631785,34.2191741457881,31.6181617910334,"CSR","@rgb(87,87,81)","@rgb(0,0,0)","@rgb(0,128,0)","@symbol(4,512,0)"
"584","Carex pulicaris L.","Carex pulicaris","Cyperaceae","Poales","Lilianae","Monocot","Kleyer","perennial","graminoid",0,0,1,0,0,0,0,1,0,0,0,1,1,1,0,0,0,0,1,0,0,0,4,3.05354309697715,96.9464569030228,0,"S","@rgb(8,247,0)","@rgb(0,0,0)","@rgb(0,128,0)","@symbol(4,512,0)"
"585","Carex punctata Gaudin","Carex punctata","Cyperaceae","Poales","Lilianae","Monocot","Kleyer","perennial","graminoid",0,0,1,0,0,0,0,1,0,0,0,1,1,0,0,0,0,0,0,1,0,0,3,18.0941093478013,43.0936883071288,38.8122023450699,"SR/CSR","@rgb(46,110,99)","@rgb(0,0,0)","@rgb(0,128,0)","@symbol(4,512,0)"
"586","Carex pyrenaica Wahlenb.","Carex pyrenaica","Cyperaceae","Poales","Lilianae","Monocot","Soudzilovskaia","perennial","graminoid",1,0,1,0,0,0,0,2,0,0,0,1,1,1,0,1,0,0,1,1,0,0,6,4.33102357595442,64.4598005864673,31.2091758375783,"S/SR","@rgb(11,164,80)","@rgb(0,0,0)","@rgb(0,128,0)","@symbol(4,512,0)"
"587","Carex remota L.","Carex remota","Cyperaceae","Poales","Lilianae","Monocot","Cerabolini","perennial","graminoid",0,0,1,0,1,0,0,2,1,0,0,1,1,1,0,0,0,1,0,1,0,0,6,13.2575714708465,11.4048816031873,75.3375469259662,"R/CR","@rgb(34,29,192)","@rgb(0,0,0)","@rgb(0,128,0)","@symbol(4,512,0)"
"588","Carex richardsonii R. Br. ex Richardson","Carex richardsonii","Cyperaceae","Poales","Lilianae","Monocot","Weiher","perennial","graminoid",1,0,0,0,0,0,0,1,0,0,0,1,1,1,0,1,0,0,0,0,0,0,4,11.785738214851,54.4012599673093,33.8130018178397,"S/CSR","@rgb(30,139,86)","@rgb(0,0,0)","@rgb(0,128,0)","@symbol(4,512,0)"
"589","Carex riparia Curtis","Carex riparia","Cyperaceae","Poales","Lilianae","Monocot","Kleyer","perennial","graminoid",0,0,1,0,0,0,0,1,0,0,0,1,1,0,0,0,0,0,0,1,0,0,3,51.5813893834484,43.1133992827145,5.30521133383701,"CS","@rgb(132,110,14)","@rgb(0,0,0)","@rgb(0,128,0)","@symbol(4,512,0)"
"590","Carex rostrata Stokes","Carex rostrata","Cyperaceae","Poales","Lilianae","Monocot","Cornelissen","perennial","graminoid",1,0,1,0,0,0,0,2,0,0,0,1,1,1,0,0,0,0,1,1,0,0,5,38.9515560180995,39.7428492739385,21.305594707962,"CS/CSR","@rgb(99,101,54)","@rgb(0,0,0)","@rgb(0,128,0)","@symbol(4,512,0)"
"591","Carex rupestris All.","Carex rupestris","Cyperaceae","Poales","Lilianae","Monocot","Cerabolini","perennial","graminoid",1,0,1,0,0,0,0,2,0,0,0,1,1,1,0,0,0,0,1,0,0,0,4,1.81357730768885,98.1864226923112,0,"S","@rgb(5,250,0)","@rgb(0,0,0)","@rgb(0,128,0)","@symbol(4,512,0)"
"592","Carex sartwellii Dewey","Carex sartwellii","Cyperaceae","Poales","Lilianae","Monocot","Weiher","perennial","graminoid",1,0,0,0,0,0,0,1,0,0,0,1,1,1,0,1,0,0,0,0,0,0,4,13.3187160566895,57.4135068553303,29.2677770879802,"S/CSR","@rgb(34,146,75)","@rgb(0,0,0)","@rgb(0,128,0)","@symbol(4,512,0)"
"593","Carex saxatilis L.","Carex saxatilis","Cyperaceae","Poales","Lilianae","Monocot","Kleyer","perennial","graminoid",1,0,1,0,0,0,0,2,0,0,0,1,1,1,0,0,0,0,1,0,0,0,4,14.8667021049208,70.4993754242047,14.6339224708745,"S/CS","@rgb(38,180,37)","@rgb(0,0,0)","@rgb(0,128,0)","@symbol(4,512,0)"
"594","Carex scandinavica E. W. Davies","Carex oederi var. oederi","Cyperaceae","Poales","Lilianae","Monocot","Kleyer","perennial","graminoid",1,0,1,0,0,0,0,2,0,0,0,1,1,1,0,0,0,0,1,1,0,0,5,19.6383542655378,57.5505383174042,22.811107417058,"S/CSR","@rgb(50,147,58)","@rgb(0,0,0)","@rgb(0,128,0)","@symbol(4,512,0)"
"595","Carex sempervirens Vill.","Carex sempervirens","Cyperaceae","Poales","Lilianae","Monocot","Cerabolini/Pierce","perennial","graminoid",0,0,1,0,0,0,0,1,0,0,0,1,1,0,0,0,0,0,0,1,0,0,3,14.8062574400329,71.7448332711461,13.448909288821,"S/CS","@rgb(38,183,34)","@rgb(0,0,0)","@rgb(0,128,0)","@symbol(4,512,0)"
"596","Carex siccata Dewey","Carex siccata","Cyperaceae","Poales","Lilianae","Monocot","Weiher","perennial","graminoid",1,0,0,0,0,0,0,1,0,0,1,1,1,1,0,1,0,0,0,0,0,0,5,11.1588568336793,58.0406586325441,30.8004845337766,"S/CSR","@rgb(28,148,79)","@rgb(0,0,0)","@rgb(0,128,0)","@symbol(4,512,0)"
"597","Carex sparganioides Dewey","Carex sparganioides","Cyperaceae","Poales","Lilianae","Monocot","Weiher","perennial","graminoid",1,0,0,0,0,0,0,1,0,0,0,1,0,0,0,1,0,0,0,0,0,0,2,26.9776404902518,25.9026021426619,47.1197573670863,"R/CSR","@rgb(69,66,120)","@rgb(0,0,0)","@rgb(0,128,0)","@symbol(4,512,0)"
"598","Carex spicata Huds.","Carex spicata","Cyperaceae","Poales","Lilianae","Monocot","Cerabolini","perennial","graminoid",0,0,1,0,0,0,0,1,0,0,0,1,1,1,0,0,0,0,1,1,0,0,5,15.9110114275785,27.8014594683305,56.287529104091,"R/CSR","@rgb(41,71,144)","@rgb(0,0,0)","@rgb(0,128,0)","@symbol(4,512,0)"
"599","Carex sylvatica Huds. sylvatica","Carex sylvatica subsp. sylvatica","Cyperaceae","Poales","Lilianae","Monocot","Cerabolini/Pierce","perennial","graminoid",0,0,1,0,0,0,0,1,0,0,0,1,0,0,0,0,0,0,0,1,0,0,2,38.3901542388523,23.0387594697545,38.5710862913932,"CR/CSR","@rgb(98,59,98)","@rgb(0,0,0)","@rgb(0,128,0)","@symbol(4,512,0)"
"600","Carex tomentosa L.","Carex tomentosa","Cyperaceae","Poales","Lilianae","Monocot","Kleyer","perennial","graminoid",0,0,1,0,0,0,0,1,0,0,0,1,1,0,0,0,0,0,0,1,0,0,3,13.772704109931,61.7197682313273,24.5075276587418,"S/CSR","@rgb(35,157,62)","@rgb(0,0,0)","@rgb(0,128,0)","@symbol(4,512,0)"
"601","Carex trinervis Degland","Carex trinervis","Cyperaceae","Poales","Lilianae","Monocot","Kleyer","perennial","graminoid",0,0,1,0,0,0,0,1,0,0,0,1,0,0,0,0,0,0,0,0,0,0,1,25.7661526018835,46.5892822204219,27.6445651776947,"S/CSR","@rgb(66,119,70)","@rgb(0,0,0)","@rgb(0,128,0)","@symbol(4,512,0)"
"602","Carex umbrosa Host umbrosa","Carex umbrosa subsp. umbrosa","Cyperaceae","Poales","Lilianae","Monocot","Cerabolini/Pierce","perennial","graminoid",0,0,1,0,0,0,0,1,0,0,0,1,0,0,0,0,0,0,0,1,0,0,2,19.5590068816104,41.1748650641764,39.2661280542133,"SR/CSR","@rgb(50,105,100)","@rgb(0,0,0)","@rgb(0,128,0)","@symbol(4,512,0)"
"603","Carex vaginata Tausch","Carex vaginata","Cyperaceae","Poales","Lilianae","Monocot","Cornelissen","perennial","graminoid",1,0,1,0,0,0,0,2,0,0,0,1,1,1,0,0,0,0,1,0,0,0,4,12.5600266026817,55.3557779411471,32.0841954561711,"S/CSR","@rgb(32,141,82)","@rgb(0,0,0)","@rgb(0,128,0)","@symbol(4,512,0)"
"604","Carex vesicaria L.","Carex vesicaria","Cyperaceae","Poales","Lilianae","Monocot","Cerabolini","perennial","graminoid",1,0,1,0,0,0,0,2,0,0,0,1,1,1,0,1,0,0,1,1,0,0,6,29.1071877552497,66.3054428280957,4.58736941665458,"S/CS","@rgb(74,169,12)","@rgb(0,0,0)","@rgb(0,128,0)","@symbol(4,512,0)"
"605","Carex vulpina L.","Carex vulpina","Cyperaceae","Poales","Lilianae","Monocot","Kleyer","perennial","graminoid",0,0,1,0,0,0,0,1,0,0,0,1,0,1,0,0,0,0,0,1,0,0,3,28.3849071530294,47.6009902124617,24.0141026345089,"S/CSR","@rgb(72,121,61)","@rgb(0,0,0)","@rgb(0,128,0)","@symbol(4,512,0)"
"606","Carex vulpinoidea Michx.","Carex vulpinoidea","Cyperaceae","Poales","Lilianae","Monocot","Weiher","perennial","graminoid",1,0,0,0,0,0,0,1,0,0,1,1,1,1,1,1,0,0,0,1,0,0,7,16.9317725872949,52.9825607755884,30.0856666371167,"S/CSR","@rgb(43,135,77)","@rgb(0,0,0)","@rgb(0,128,0)","@symbol(4,512,0)"
"607","Carex xerantica L.H. Bailey","Carex xerantica","Cyperaceae","Poales","Lilianae","Monocot","Weiher","perennial","graminoid",1,0,0,0,0,0,0,1,0,0,0,0,1,1,0,1,0,0,0,0,0,0,3,21.7774537473037,62.3354910646638,15.8870551880325,"S/CSR","@rgb(56,159,41)","@rgb(0,0,0)","@rgb(0,128,0)","@symbol(4,512,0)"
"608","Carlina acaulis L.","Carlina acaulis","Asteraceae","Asterales","Asteranae","Dicot","Cerabolini/Pierce","perennial","graminoid",0,0,1,0,0,0,0,1,0,0,0,1,1,0,0,0,0,0,0,1,0,0,3,44.4474728615715,18.8641860533954,36.6883410850332,"CR/CSR","@rgb(113,48,94)","@rgb(0,0,0)","@rgb(0,128,0)","@symbol(4,512,0)"
"609","Carlina vulgaris L. vulgaris","Carlina vulgaris subsp. vulgaris","Asteraceae","Asterales","Asteranae","Dicot","Cerabolini","biennial","graminoid",0,0,1,0,0,0,0,1,0,0,0,1,1,1,0,0,0,0,0,1,0,0,4,58.719106565378,0,41.280893434622,"CR","@rgb(150,0,105)","@rgb(0,0,0)","@rgb(0,128,0)","@symbol(4,512,0)"
"610","Carpinus betulus L.","Carpinus betulus","Betulaceae","Fagales","Rosanae","Dicot","Kleyer","perennial","tree",0,0,1,0,0,0,0,1,0,0,0,1,0,0,0,0,0,0,0,0,0,0,1,35.7405113734575,33.3255059898053,30.9339826367372,"CSR","@rgb(91,85,79)","@rgb(255,255,255)","@rgb(128,0,0)","@symbol(3,512,0)"
"611","Carthamus tinctorius L.","Carthamus tinctorius","Asteraceae","Asterales","Asteranae","Dicot","Kleyer","annual","forb",0,0,1,0,0,0,0,1,0,0,0,0,0,0,0,0,0,0,0,0,1,0,1,70.1836108034895,0,29.8163891965105,"C/CR","@rgb(179,0,76)","@rgb(192,192,192)","@rgb(192,192,192)","@symbol(2,512,0)"
"612","Carum carvi L.","Carum carvi","Apiaceae","Apiales","Asteranae","Dicot","Kleyer","perennial","forb",0,0,1,0,0,0,0,1,0,0,0,1,1,0,0,0,0,0,0,1,0,0,3,31.9258201498345,29.0593897623354,39.01479008783,"CSR","@rgb(81,74,99)","@rgb(192,192,192)","@rgb(192,192,192)","@symbol(2,512,0)"
"613","Carum caucasicum Boiss.","Carum caucasicum","Apiaceae","Apiales","Asteranae","Dicot","Soudzilovskaia","perennial","forb",0,0,1,0,0,0,0,1,0,0,0,1,1,0,0,0,0,1,0,0,0,0,3,29.8748808561252,55.3542044421222,14.7709147017526,"S/CSR","@rgb(76,141,38)","@rgb(192,192,192)","@rgb(192,192,192)","@symbol(2,512,0)"
"614","Carum meifolium Boiss.","Carum meifolium","Apiaceae","Apiales","Asteranae","Dicot","Soudzilovskaia","perennial","forb",0,0,1,0,0,0,0,1,0,0,0,1,0,0,0,0,0,0,0,0,0,0,1,22.8814098496038,40.1336270274309,36.9849631229653,"SR/CSR","@rgb(58,102,94)","@rgb(192,192,192)","@rgb(192,192,192)","@symbol(2,512,0)"
"615","Casearia aculeata Jacq.","Casearia aculeata","Salicaceae","Malpighiales","Rosanae","Dicot","Wright","perennial","tree",0,1,0,0,0,0,0,1,1,1,1,0,0,0,1,0,1,0,0,0,0,0,5,30.454976995248,48.0319101677333,21.5131128370187,"S/CSR","@rgb(78,122,55)","@rgb(255,255,255)","@rgb(128,0,0)","@symbol(3,512,0)"
"616","Casearia arborea (Rich.) Urb.","Casearia arborea","Salicaceae","Malpighiales","Rosanae","Dicot","Wright","perennial","tree",0,1,0,0,0,0,0,1,1,1,1,0,0,0,1,0,0,0,0,0,0,0,4,39.7434927568694,36.3444682831319,23.9120389599988,"CS/CSR","@rgb(101,93,61)","@rgb(255,255,255)","@rgb(128,0,0)","@symbol(3,512,0)"
"617","Casearia commersoniana Cambess.","Piparea dentata","Salicaceae","Malpighiales","Rosanae","Dicot","Wright","perennial","tree",0,1,0,0,0,0,0,1,1,1,1,0,0,0,1,0,0,0,0,0,1,0,5,44.1983333556647,44.5231614041683,11.278505240167,"CS/CSR","@rgb(113,114,29)","@rgb(255,255,255)","@rgb(128,0,0)","@symbol(3,512,0)"
"618","Casearia guianensis (Aubl.) Urb.","Casearia guianensis","Salicaceae","Malpighiales","Rosanae","Dicot","Wright","perennial","tree",0,1,0,0,0,0,0,1,1,1,0,0,0,0,0,0,0,0,0,0,1,0,3,43.8890998328221,29.3112181872859,26.799681979892,"C/CSR","@rgb(112,75,68)","@rgb(255,255,255)","@rgb(128,0,0)","@symbol(3,512,0)"
"619","Casearia javitensis Kunth","Piparea multiflora","Salicaceae","Malpighiales","Rosanae","Dicot","Pinho","perennial","tree",0,1,0,0,0,0,0,1,1,1,0,0,0,0,1,0,0,0,0,0,1,0,4,43.6004865938923,48.0434851740022,8.35602823210554,"CS","@rgb(111,123,21)","@rgb(255,255,255)","@rgb(128,0,0)","@symbol(3,512,0)"
"620","Casearia sylvestris Sw.","Casearia sylvestris","Salicaceae","Malpighiales","Rosanae","Dicot","Pinho","perennial","tree",0,1,0,0,0,0,0,1,1,1,0,0,0,0,1,0,1,0,0,0,1,0,5,30.587147753614,50.8466479198285,18.5662043265575,"S/CSR","@rgb(78,130,47)","@rgb(255,255,255)","@rgb(128,0,0)","@symbol(3,512,0)"
"621","Cassandra calyculata (L.) D. Don","Chamaedaphne calyculata","Ericaceae","Ericales","Asteranae","Dicot","Shipley","perennial","shrub",1,0,1,0,0,0,0,2,0,0,0,1,1,1,0,0,0,0,1,0,0,0,4,8.2790363164303,90.663523046098,1.05744063747169,"S","@rgb(21,231,3)","@rgb(192,192,192)","@rgb(0,0,0)","@symbol(6,512,0)"
"622","Cassipourea elliptica (Sw.) Poir.","Cassipourea elliptica","Rhizophoraceae","Malpighiales","Rosanae","Dicot","Wright","perennial","tree",0,1,0,0,0,0,0,1,1,1,1,0,0,0,0,0,0,0,0,0,0,0,3,38.0787375817086,53.99893199779,7.92233042050141,"CS","@rgb(97,138,20)","@rgb(255,255,255)","@rgb(128,0,0)","@symbol(3,512,0)"
"623","Castanea sativa Mill.","Castanea sativa","Fagaceae","Fagales","Rosanae","Dicot","Cornelissen","perennial","tree",0,0,1,0,0,0,0,1,0,0,0,1,1,0,0,0,0,0,0,1,0,0,3,36.1572804483026,56.6067509077683,7.23596864392914,"CS","@rgb(92,144,18)","@rgb(255,255,255)","@rgb(128,0,0)","@symbol(3,512,0)"
"624","Castilleja austromontana Standl. & Blumer","Castilleja nelsonii","Orobanchaceae","Lamiales","Asteranae","Dicot","Laughlin","perennial","forb",1,0,0,0,0,0,0,1,0,0,1,0,1,0,0,0,0,0,0,0,0,0,2,8.9917462920992,64.5843833420967,26.4238703658041,"S/SR","@rgb(23,165,67)","@rgb(192,192,192)","@rgb(192,192,192)","@symbol(2,512,0)"
"625","Castilleja integra A. Gray","Castilleja integra","Orobanchaceae","Lamiales","Asteranae","Dicot","Laughlin","perennial","shrub",1,0,0,0,0,0,0,1,0,0,1,0,1,0,0,1,0,0,0,0,1,0,4,11.1059500822842,59.4478292985935,29.4462206191223,"S/CSR","@rgb(28,152,75)","@rgb(192,192,192)","@rgb(0,0,0)","@symbol(6,512,0)"
"626","Catabrosa aquatica (L.) P. Beauv.","Catabrosa aquatica","Poaceae","Poales","Lilianae","Monocot","Díaz","perennial","graminoid",1,1,1,0,0,0,0,3,0,0,0,1,1,1,0,1,0,1,1,1,1,0,8,6.30981811226971,0,93.6901818877303,"R","@rgb(16,0,239)","@rgb(0,0,0)","@rgb(0,128,0)","@symbol(4,512,0)"
"627","Catabrosella variegata (Boiss.) Tzvelev","Catabrosella variegata","Poaceae","Poales","Lilianae","Monocot","Soudzilovskaia","perennial","graminoid",0,0,1,0,0,0,0,1,0,0,0,1,1,0,0,0,0,0,0,1,0,0,3,13.3792500945315,59.0052082118117,27.6155416936568,"S/CSR","@rgb(34,150,70)","@rgb(0,0,0)","@rgb(0,128,0)","@symbol(4,512,0)"
"628","Catananche caerulea L.","Catananche caerulea","Asteraceae","Asterales","Asteranae","Dicot","Wright","perennial","forb",0,0,1,0,0,0,0,1,0,0,0,1,1,0,0,0,0,0,0,1,0,0,3,44.5171598316121,0,55.4828401683879,"CR","@rgb(114,0,141)","@rgb(192,192,192)","@rgb(192,192,192)","@symbol(2,512,0)"
"629","Caulophyllum thalictroides (L.) Michx.","Caulophyllum thalictroides","Berberidaceae","Ranunculales","Ranunculanae","Dicot","Weiher","perennial","forb",1,0,0,0,0,0,0,1,0,0,0,1,0,0,0,1,0,0,0,0,0,0,2,36.5030644582365,17.7301522246877,45.7667833170758,"CR/CSR","@rgb(93,45,117)","@rgb(192,192,192)","@rgb(192,192,192)","@symbol(2,512,0)"
"630","Cavanillesia platanifolia (Bonpl.) Kunth","Cavanillesia platanifolia","Malvaceae","Malvales","Rosanae","Dicot","Wright","perennial","tree",0,1,0,0,0,0,0,1,1,0,0,0,0,0,0,0,0,0,0,0,0,0,1,79.1902097845937,7.65532014292404,13.1544700724823,"C/CR","@rgb(202,20,34)","@rgb(255,255,255)","@rgb(128,0,0)","@symbol(3,512,0)"
"631","Cayaponia granatensis Cogn.","Cayaponia granatensis","Cucurbitaceae","Cucurbitales","Rosanae","Dicot","Wright","annual","herbaceous vine",0,1,0,0,0,0,0,1,1,1,0,0,0,0,1,0,0,0,0,0,0,0,3,67.6930189251912,24.585600667546,7.72138040726276,"C/CS","@rgb(173,63,20)","@rgb(0,0,0)","@rgb(0,255,0)","@symbol(3,512,0)"
"632","Ceanothus fendleri A. Gray","Ceanothus fendleri","Rhamnaceae","Rosales","Rosanae","Dicot","Laughlin","perennial","shrub",1,0,0,0,0,0,0,1,0,1,1,0,1,0,0,0,0,0,0,0,1,0,4,5.72501958997717,76.2867612079898,17.988219202033,"S/SR","@rgb(15,195,46)","@rgb(192,192,192)","@rgb(0,0,0)","@symbol(6,512,0)"
"633","Cecropia insignis Liebm.","Cecropia insignis","Urticaceae","Rosales","Rosanae","Dicot","Wright","perennial","tree",0,1,0,0,0,0,0,1,1,0,0,0,0,0,0,0,0,0,0,0,0,0,1,83.3385404726839,16.6614595273161,0,"C/CS","@rgb(213,42,0)","@rgb(255,255,255)","@rgb(128,0,0)","@symbol(3,512,0)"
"634","Cecropia longipes Pittier","Cecropia longipes","Urticaceae","Rosales","Rosanae","Dicot","Wright","perennial","tree",0,1,0,0,0,0,0,1,1,0,0,0,0,0,0,0,0,0,0,0,0,0,1,88.6796945030765,3.96615406997896,7.35415142694458,"C","@rgb(226,10,19)","@rgb(255,255,255)","@rgb(128,0,0)","@symbol(3,512,0)"
"635","Cecropia obtusifolia Bertol.","Cecropia obtusifolia","Urticaceae","Rosales","Rosanae","Dicot","Wright","perennial","tree",0,1,0,0,0,0,0,1,1,1,1,0,0,0,0,0,0,0,0,0,0,0,3,83.1318889446849,13.0831607463022,3.78495030901297,"C","@rgb(212,33,10)","@rgb(255,255,255)","@rgb(128,0,0)","@symbol(3,512,0)"
"636","Cedrela odorata L.","Cedrela odorata","Meliaceae","Sapindales","Rosanae","Dicot","Wright","perennial","shrub",0,1,0,0,0,0,0,1,1,1,1,0,0,0,1,0,0,0,0,0,1,0,5,68.6476994433346,16.8196174681957,14.5326830884697,"C/CS","@rgb(175,43,37)","@rgb(192,192,192)","@rgb(0,0,0)","@symbol(6,512,0)"
"637","Cedrus deodara (Roxb. ex D. Don) G. Don","Cedrus deodara","Pinaceae","Pinales",NA,"Gymnosperm","Cerabolini/Pierce","perennial","tree",0,0,1,0,1,0,0,2,1,0,0,1,1,0,0,0,0,1,0,0,0,0,4,0.882664920408475,99.1173350795915,0,"S","@rgb(2,253,0)","@rgb(255,255,255)","@rgb(128,0,0)","@symbol(3,512,0)"
"638","Ceiba pentandra (L.) Gaertn.","Ceiba pentandra","Malvaceae","Malvales","Rosanae","Dicot","Wright","perennial","shrub",0,1,0,1,0,0,0,2,1,1,1,0,0,0,1,0,0,0,0,0,0,0,4,43.7679529972443,47.3416599842518,8.89038701850388,"CS","@rgb(112,121,23)","@rgb(192,192,192)","@rgb(0,0,0)","@symbol(6,512,0)"
"639","Celtis australis L.","Celtis australis","Cannabaceae","Rosales","Rosanae","Dicot","Cerabolini/Pierce","perennial","tree",0,0,1,0,0,0,0,1,0,0,0,1,1,0,0,0,0,0,0,1,0,0,3,41.0439616767436,37.9869936866383,20.9690446366181,"CS/CSR","@rgb(105,97,53)","@rgb(255,255,255)","@rgb(128,0,0)","@symbol(3,512,0)"
"640","Celtis iguanaeus L.","Celtis iguanaea","Cannabaceae","Rosales","Rosanae","Dicot","Wright","perennial","tree",0,1,0,0,0,0,0,1,1,1,1,0,0,0,1,0,1,0,0,0,1,0,6,40.0166886127275,19.9333332458099,40.0499781414626,"CR/CSR","@rgb(102,51,102)","@rgb(255,255,255)","@rgb(128,0,0)","@symbol(3,512,0)"
"641","Celtis schippii Standl.","Celtis schippii","Cannabaceae","Rosales","Rosanae","Dicot","Wright","perennial","tree",0,1,0,0,0,0,0,1,1,1,0,0,0,0,0,0,0,0,0,0,0,0,2,42.3662255391983,41.9480032104138,15.6857712503879,"CS/CSR","@rgb(108,107,40)","@rgb(255,255,255)","@rgb(128,0,0)","@symbol(3,512,0)"
"642","Cenchrus longispinus (Hack.) Fernald","Cenchrus longispinus","Poaceae","Poales","Lilianae","Monocot","Buffa","annual","graminoid",1,0,0,0,0,0,0,1,0,0,0,1,1,0,0,1,0,0,0,1,0,0,4,17.2099177195432,50.7177325098786,32.0723497705782,"S/CSR","@rgb(44,129,82)","@rgb(0,0,0)","@rgb(0,128,0)","@symbol(4,512,0)"
"643","Centaurea aspera L.","Centaurea aspera","Asteraceae","Asterales","Asteranae","Dicot","Díaz","perennial","forb",0,0,1,0,0,0,0,1,0,0,0,1,1,0,0,0,0,0,0,1,0,0,3,48.8812931513181,0,51.1187068486819,"CR","@rgb(125,0,130)","@rgb(192,192,192)","@rgb(192,192,192)","@symbol(2,512,0)"
"644","Centaurea calcitrapa L.","Centaurea calcitrapa","Asteraceae","Asterales","Asteranae","Dicot","Kleyer","perennial","forb",0,0,1,0,0,0,0,1,0,0,0,1,0,0,0,0,0,0,0,1,0,0,2,48.8299943229461,0.0463110178086538,51.1236946592453,"CR","@rgb(125,0,130)","@rgb(192,192,192)","@rgb(192,192,192)","@symbol(2,512,0)"
"645","Centaurea cheiranthifolia Willd.","Centaurea cheiranthifolia","Asteraceae","Asterales","Asteranae","Dicot","Soudzilovskaia","perennial","forb",0,0,1,0,0,0,0,1,0,0,0,1,0,0,0,1,0,0,0,0,0,0,2,56.9698308281937,0,43.0301691718063,"CR","@rgb(145,0,110)","@rgb(192,192,192)","@rgb(192,192,192)","@symbol(2,512,0)"
"646","Centaurea cyanus L.","Centaurea cyanus","Asteraceae","Asterales","Asteranae","Dicot","Kleyer","annual","forb",0,0,1,0,0,0,0,1,0,0,0,1,1,1,0,0,0,0,1,1,0,0,5,40.1901454057884,9.47670360709482,50.3331509871168,"CR","@rgb(102,24,128)","@rgb(192,192,192)","@rgb(192,192,192)","@symbol(2,512,0)"
"647","Centaurea diffusa Lam.","Centaurea diffusa","Asteraceae","Asterales","Asteranae","Dicot","Laughlin","perennial","forb",0,0,1,0,0,0,0,1,0,0,0,1,0,0,0,1,0,0,0,1,0,0,3,25.2707177759174,38.095624066159,36.6336581579235,"CSR","@rgb(64,97,93)","@rgb(192,192,192)","@rgb(192,192,192)","@symbol(2,512,0)"
"648","Centaurea jacea L. gaudinii (Boiss. & Reut.) Gremli","Centaurea jacea subsp. gaudinii","Asteraceae","Asterales","Asteranae","Dicot","Cerabolini/Pierce","perennial","forb",0,0,1,0,0,0,0,1,0,0,0,0,1,0,0,0,0,0,0,1,0,0,2,39.1854187758456,24.3529802211833,36.4616010029711,"CR/CSR","@rgb(100,62,93)","@rgb(192,192,192)","@rgb(192,192,192)","@symbol(2,512,0)"
"649","Centaurea maculosa Lam.","Centaurea stoebe subsp. stoebe","Asteraceae","Asterales","Asteranae","Dicot","Weiher","perennial","forb",0,0,1,0,0,0,0,1,0,0,0,1,0,0,0,0,0,0,0,1,0,0,2,18.4588216830635,48.6446757859858,32.8965025309506,"SR/CSR","@rgb(47,124,84)","@rgb(192,192,192)","@rgb(192,192,192)","@symbol(2,512,0)"
"650","Centaurea nigra L.","Centaurea nigra","Asteraceae","Asterales","Asteranae","Dicot","Shipley","perennial","forb",0,0,1,0,0,0,0,1,0,0,0,1,1,1,0,0,0,0,1,1,0,0,5,26.2264999096441,55.2336960383638,18.5398040519921,"S/CSR","@rgb(67,141,47)","@rgb(192,192,192)","@rgb(192,192,192)","@symbol(2,512,0)"
"651","Centaurea nigrescens Willd. nigrescens","Centaurea nigrescens subsp. nigrescens","Asteraceae","Asterales","Asteranae","Dicot","Cerabolini/Pierce","perennial","forb",0,0,1,0,0,0,0,1,0,0,0,1,1,0,0,0,0,0,0,0,0,0,2,46.2088913954026,8.77049345895066,45.0206151456467,"CR","@rgb(118,22,115)","@rgb(192,192,192)","@rgb(192,192,192)","@symbol(2,512,0)"
"652","Centaurea phrygia L.","Centaurea phrygia","Asteraceae","Asterales","Asteranae","Dicot","Kleyer","perennial","forb",0,0,1,0,0,0,0,1,0,0,0,1,1,1,0,0,0,0,0,0,0,0,3,57.087785633136,0,42.912214366864,"CR","@rgb(146,0,109)","@rgb(192,192,192)","@rgb(192,192,192)","@symbol(2,512,0)"
"653","Centaurea rhaetica Moritzi","Centaurea rhaetica","Asteraceae","Asterales","Asteranae","Dicot","Cerabolini/Pierce","perennial","forb",0,0,1,0,0,0,0,1,0,0,0,0,1,0,0,0,0,0,0,0,0,0,1,13.0847997389822,49.4111647955059,37.5040354655119,"SR/CSR","@rgb(33,126,96)","@rgb(192,192,192)","@rgb(192,192,192)","@symbol(2,512,0)"
"654","Centaurea scabiosa L.","Centaurea scabiosa","Asteraceae","Asterales","Asteranae","Dicot","Cerabolini/Pierce","perennial","forb",0,0,1,0,0,0,0,1,0,0,0,1,1,1,0,1,0,0,1,1,0,0,6,54.4389423308027,22.1360213634259,23.4250363057714,"C/CSR","@rgb(139,56,60)","@rgb(192,192,192)","@rgb(192,192,192)","@symbol(2,512,0)"
"655","Centaurea solstitialis L.","Centaurea solstitialis","Asteraceae","Asterales","Asteranae","Dicot","Kleyer","annual","forb",0,0,1,0,0,0,0,1,0,0,0,1,0,0,0,0,0,0,0,1,0,0,2,29.2286822794734,13.1876637486993,57.5836539718273,"R/CSR","@rgb(75,34,147)","@rgb(192,192,192)","@rgb(192,192,192)","@symbol(2,512,0)"
"656","Centaurea stoebe L.","Centaurea stoebe","Asteraceae","Asterales","Asteranae","Dicot","Kleyer","perennial","forb",0,0,1,0,0,0,0,1,0,0,0,1,1,0,0,0,0,0,0,0,0,0,2,32.8881189783618,1.19829584277433,65.9135851788639,"R/CR","@rgb(84,3,168)","@rgb(192,192,192)","@rgb(192,192,192)","@symbol(2,512,0)"
"657","Centaurea uniflora Turra nervosa (Willd.) Bonnier & Layens","Centaurea nervosa","Asteraceae","Asterales","Asteranae","Dicot","Cerabolini","perennial","forb",0,0,1,0,0,0,0,1,0,0,0,1,1,0,0,0,0,0,0,0,0,0,2,18.2314042737503,48.7248901975352,33.0437055287145,"SR/CSR","@rgb(46,124,84)","@rgb(192,192,192)","@rgb(192,192,192)","@symbol(2,512,0)"
"658","Centaurium erythraea Rafn erythraea","Centaurium erythraea subsp. erythraea","Gentianaceae","Gentianales","Asteranae","Dicot","Cerabolini/Pierce","perennial","forb",0,0,1,0,0,0,0,1,0,0,0,1,1,0,0,0,0,0,0,1,1,0,4,23.2707077636856,15.8920408967609,60.8372513395535,"R/CSR","@rgb(59,41,155)","@rgb(192,192,192)","@rgb(192,192,192)","@symbol(2,512,0)"
"659","Centaurium littorale (Turner) Gilmour","Centaurium littorale","Gentianaceae","Gentianales","Asteranae","Dicot","Kleyer","biennial","forb",0,0,1,0,0,0,0,1,0,0,0,1,1,1,0,0,0,0,0,0,0,0,3,1.00163609808511,44.3717106657388,54.6266532361761,"SR","@rgb(3,113,139)","@rgb(192,192,192)","@rgb(192,192,192)","@symbol(2,512,0)"
"660","Centaurium pulchellum (Sw.) Druce","Centaurium pulchellum","Gentianaceae","Gentianales","Asteranae","Dicot","Kleyer","annual","forb",0,0,1,0,1,0,0,2,0,0,0,1,1,1,0,0,1,1,0,1,1,0,7,0,10.2615646986702,89.7384353013298,"R","@rgb(0,26,229)","@rgb(192,192,192)","@rgb(192,192,192)","@symbol(2,512,0)"
"661","Centranthus ruber (L.) DC.","Valeriana rubra","Caprifoliaceae","Dipsacales","Asteranae","Dicot","Kleyer","perennial","shrub",0,0,1,0,0,0,0,1,0,0,0,0,0,0,0,0,0,0,0,1,0,0,1,55.6143418643815,0,44.3856581356185,"CR","@rgb(142,0,113)","@rgb(192,192,192)","@rgb(0,0,0)","@symbol(6,512,0)"
"662","Cephalanthera damasonium (Mill.) Druce","Cephalanthera damasonium","Orchidaceae","Asparagales","Lilianae","Monocot","Kleyer","perennial","forb",0,0,1,0,0,0,0,1,0,0,0,1,1,0,0,0,0,0,0,1,0,0,3,40.7717502352412,1.22728676159452,58.0009630031643,"CR","@rgb(104,3,148)","@rgb(192,192,192)","@rgb(192,192,192)","@symbol(2,512,0)"
"663","Cephalanthera longifolia (L.) Fritsch","Cephalanthera longifolia","Orchidaceae","Asparagales","Lilianae","Monocot","Cerabolini/Pierce","perennial","forb",0,0,1,0,1,0,0,2,1,0,0,1,1,1,0,0,0,0,1,1,0,0,6,45.7727031577804,0.846762147042381,53.3805346951772,"CR","@rgb(117,2,136)","@rgb(192,192,192)","@rgb(192,192,192)","@symbol(2,512,0)"
"664","Cephalotaxus fortunei Hook.","Cephalotaxus fortunei","Taxodiaceae","Pinales",NA,"Gymnosperm","Cerabolini","perennial","shrub",0,0,1,0,1,0,0,2,1,0,0,1,1,0,0,0,0,0,0,0,0,0,3,9.93708316351608,90.0629168364839,0,"S","@rgb(25,230,0)","@rgb(192,192,192)","@rgb(0,0,0)","@symbol(6,512,0)"
"665","Cerastium alpinum L.","Cerastium alpinum","Caryophyllaceae","Caryophyllales","Caryophyllanae","Dicot","Kleyer","perennial","forb",1,0,1,0,0,0,0,2,0,0,0,1,1,1,0,0,0,0,1,1,0,0,5,2.12419312069881,26.5010561795239,71.3747506997773,"R/SR","@rgb(5,68,182)","@rgb(192,192,192)","@rgb(192,192,192)","@symbol(2,512,0)"
"666","Cerastium arvense L.","Cerastium arvense","Caryophyllaceae","Caryophyllales","Caryophyllanae","Dicot","Weiher","perennial","forb",1,1,1,0,1,0,0,4,1,1,1,1,1,1,1,1,0,1,1,1,0,0,11,3.51729599985024,41.6049801012659,54.8777238988839,"SR","@rgb(9,106,140)","@rgb(192,192,192)","@rgb(192,192,192)","@symbol(2,512,0)"
"667","Cerastium brachypetalum Desp. ex Pers. brachypetalum","Cerastium brachypetalum subsp. brachypetalum","Caryophyllaceae","Caryophyllales","Caryophyllanae","Dicot","Cerabolini/Pierce","annual","forb",0,0,1,0,0,0,0,1,0,0,0,1,0,0,0,0,0,0,0,1,0,0,2,11.0434125309816,0,88.9565874690184,"R","@rgb(28,0,227)","@rgb(192,192,192)","@rgb(192,192,192)","@symbol(2,512,0)"
"668","Cerastium cerastoides (L.) Britton","Cerastium cerastoides","Caryophyllaceae","Caryophyllales","Caryophyllanae","Dicot","Kleyer","perennial","forb",1,0,1,0,1,0,0,3,0,0,0,1,1,1,0,0,0,1,1,1,0,0,6,0,30.894604418291,69.105395581709,"R/SR","@rgb(0,79,176)","@rgb(192,192,192)","@rgb(192,192,192)","@symbol(2,512,0)"
"669","Cerastium fontanum Baumg.","Cerastium fontanum","Caryophyllaceae","Caryophyllales","Caryophyllanae","Dicot","Díaz","perennial","forb",0,0,1,0,0,0,0,1,0,0,0,1,1,1,0,1,0,1,1,1,1,0,8,10.4741683277654,12.3172396205174,77.2085920517172,"R/SR","@rgb(27,31,197)","@rgb(192,192,192)","@rgb(192,192,192)","@symbol(2,512,0)"
"670","Cerastium glomeratum Thuill.","Cerastium glomeratum","Caryophyllaceae","Caryophyllales","Caryophyllanae","Dicot","Cerabolini/Pierce","annual","forb",0,0,1,0,1,0,0,2,0,0,0,1,1,1,0,0,0,1,1,1,1,0,7,13.4539678694951,0,86.5460321305049,"R","@rgb(34,0,221)","@rgb(192,192,192)","@rgb(192,192,192)","@symbol(2,512,0)"
"671","Cerastium holosteoides Fr.","Cerastium holosteoides","Caryophyllaceae","Caryophyllales","Caryophyllanae","Dicot","Cerabolini/Pierce","perennial","forb",0,0,1,0,1,0,0,2,0,0,1,1,1,0,0,0,0,1,0,1,1,0,6,13.3079957015864,0,86.6920042984136,"R","@rgb(34,0,221)","@rgb(192,192,192)","@rgb(192,192,192)","@symbol(2,512,0)"
"672","Cerastium latifolium L.","Cerastium latifolium","Caryophyllaceae","Caryophyllales","Caryophyllanae","Dicot","Cerabolini","perennial","forb",0,0,1,0,0,0,0,1,0,0,0,1,1,0,0,0,0,0,0,0,0,0,2,16.051935800966,0,83.948064199034,"R","@rgb(41,0,214)","@rgb(192,192,192)","@rgb(192,192,192)","@symbol(2,512,0)"
"673","Cerastium ligusticum Viv.","Cerastium ligusticum","Caryophyllaceae","Caryophyllales","Caryophyllanae","Dicot","Cerabolini/Pierce","perennial","forb",0,0,1,0,0,0,0,1,0,0,0,1,0,0,0,0,0,0,0,1,0,0,2,3.40288573904708,0,96.5971142609529,"R","@rgb(9,0,246)","@rgb(192,192,192)","@rgb(192,192,192)","@symbol(2,512,0)"
"674","Cerastium pedunculatum Gaudin","Cerastium pedunculatum","Caryophyllaceae","Caryophyllales","Caryophyllanae","Dicot","Cerabolini/Pierce","perennial","forb",0,0,1,0,0,0,0,1,0,0,0,0,1,0,0,0,0,0,0,0,0,0,1,3.56333634019687,0,96.4366636598031,"R","@rgb(9,0,246)","@rgb(192,192,192)","@rgb(192,192,192)","@symbol(2,512,0)"
"675","Cerastium pumilum Curtis","Cerastium pumilum","Caryophyllaceae","Caryophyllales","Caryophyllanae","Dicot","Kleyer","annual","forb",0,0,1,0,0,0,0,1,0,0,0,1,1,0,0,0,0,0,0,1,0,0,3,0,0,100,"R","@rgb(0,0,255)","@rgb(192,192,192)","@rgb(192,192,192)","@symbol(2,512,0)"
"676","Cerastium purpurascens Adams","Cerastium purpurascens","Caryophyllaceae","Caryophyllales","Caryophyllanae","Dicot","Soudzilovskaia","perennial","forb",0,0,1,0,0,0,0,1,0,0,0,1,0,0,0,1,0,0,0,0,1,0,3,18.6267058573853,10.5877257193298,70.7855684232849,"R/CR","@rgb(47,27,181)","@rgb(192,192,192)","@rgb(192,192,192)","@symbol(2,512,0)"
"677","Cerastium semidecandrum L.","Cerastium semidecandrum","Caryophyllaceae","Caryophyllales","Caryophyllanae","Dicot","Cerabolini/Pierce","annual","forb",0,0,1,0,0,0,0,1,0,0,0,1,1,0,0,0,0,0,0,1,0,0,3,6.31520966990882,45.2392264855346,48.4455638445566,"SR","@rgb(16,115,124)","@rgb(192,192,192)","@rgb(192,192,192)","@symbol(2,512,0)"
"678","Cerastium tomentosum L.","Cerastium tomentosum","Caryophyllaceae","Caryophyllales","Caryophyllanae","Dicot","Kleyer","annual","forb",0,0,1,0,0,0,0,1,0,0,0,1,1,0,0,0,0,0,0,1,0,0,3,7.77132011387489,43.9506504880361,48.278029398089,"SR","@rgb(20,112,123)","@rgb(192,192,192)","@rgb(192,192,192)","@symbol(2,512,0)"
"679","Cerastium uniflorum Clairv.","Cerastium uniflorum","Caryophyllaceae","Caryophyllales","Caryophyllanae","Dicot","Cerabolini/Pierce","perennial","forb",0,0,1,0,0,0,0,1,0,0,0,0,1,0,0,0,0,0,0,0,0,0,1,6.61248681720632,0,93.3875131827937,"R","@rgb(17,0,238)","@rgb(192,192,192)","@rgb(192,192,192)","@symbol(2,512,0)"
"680","Cerastium vulgare Hartm.","Cerastium holosteoides","Caryophyllaceae","Caryophyllales","Caryophyllanae","Dicot","Weiher","perennial","forb",0,0,1,0,1,0,0,2,1,1,0,1,1,1,0,1,0,1,1,1,1,0,10,10.3711905544686,0,89.6288094455314,"R","@rgb(26,0,229)","@rgb(192,192,192)","@rgb(192,192,192)","@symbol(2,512,0)"
"681","Ceratochloa cathartica (Vahl) Herter","Bromus catharticus","Poaceae","Poales","Lilianae","Monocot","Cerabolini/Pierce","perennial","graminoid",0,1,0,0,0,0,0,1,1,0,0,1,0,0,1,1,1,1,0,0,0,0,6,31.2962389971686,45.3726865162854,23.331074486546,"S/CSR","@rgb(80,116,59)","@rgb(0,0,0)","@rgb(0,128,0)","@symbol(4,512,0)"
"682","Ceratophyllum demersum L.","Ceratophyllum demersum","Ceratophyllaceae","Ceratophyllales","Ceratophyllanae","Dicot","Kleyer","perennial","aquatic",1,1,1,1,1,1,1,7,1,1,1,1,1,1,1,1,1,1,0,1,1,1,13,23.8812717190573,0,76.1187282809427,"R/CR","@rgb(61,0,194)","@rgb(192,192,192)","@rgb(0,0,255)","@symbol(5,512,0)"
"683","Ceratostigma plumbaginoides Bunge","Ceratostigma plumbaginoides","Plumbaginaceae","Caryophyllales","Caryophyllanae","Dicot","Cerabolini","perennial","forb",0,0,1,0,0,0,0,1,0,0,0,1,0,0,0,0,0,0,0,0,0,0,1,23.2327692269663,37.1303293416896,39.636901431344,"SR/CSR","@rgb(59,95,101)","@rgb(192,192,192)","@rgb(192,192,192)","@symbol(2,512,0)"
"684","Cercis canadensis L.","Cercis canadensis","Fabaceae","Fabales","Rosanae","Dicot","Weiher","perennial","shrub",1,1,0,0,0,0,0,2,1,1,1,1,1,0,1,1,0,0,0,1,0,0,8,12.4900738338499,71.9838183616572,15.5261078044929,"S/SR","@rgb(32,184,40)","@rgb(192,192,192)","@rgb(0,0,0)","@symbol(6,512,0)"
"685","Cercis siliquastrum L. siliquastrum","Cercis siliquastrum subsp. siliquastrum","Fabaceae","Fabales","Rosanae","Dicot","Cerabolini/Pierce","perennial","tree",0,0,1,0,0,0,0,1,0,0,0,1,0,0,0,0,0,0,0,1,0,0,2,44.8562030660465,41.5831702062979,13.5606267276556,"CS/CSR","@rgb(114,106,35)","@rgb(255,255,255)","@rgb(128,0,0)","@symbol(3,512,0)"
"686","Cerinthe minor L. minor","Cerinthe minor subsp. minor","Boraginaceae","Boraginales","Asteranae","Dicot","Cerabolini/Pierce","perennial","forb",0,0,1,0,0,0,0,1,0,0,0,1,1,0,0,0,0,0,0,1,0,0,3,40.2600250852057,0.675016929956033,59.0649579848382,"CR","@rgb(103,2,151)","@rgb(192,192,192)","@rgb(192,192,192)","@symbol(2,512,0)"
"687","Cespedesia spathulata (Ruiz & Pav.) Planch.","Cespedesia spathulata","Ochnaceae","Malpighiales","Rosanae","Dicot","Wright","perennial","tree",0,1,0,0,0,0,0,1,1,1,0,0,0,0,1,0,0,0,0,0,0,0,3,79.5113523844948,19.1593290995269,1.32931851597826,"C/CS","@rgb(203,49,3)","@rgb(255,255,255)","@rgb(128,0,0)","@symbol(3,512,0)"
"688","Cestrum megalophyllum Dunal","Cestrum megalophyllum","Solanaceae","Solanales","Asteranae","Dicot","Wright","perennial","tree",0,1,0,0,0,0,0,1,1,1,1,0,0,0,1,0,0,0,0,0,0,0,4,58.0760649351596,26.1232837100095,15.800651354831,"C/CSR","@rgb(148,67,40)","@rgb(255,255,255)","@rgb(128,0,0)","@symbol(3,512,0)"
"689","Ceterach officinarum Willd. officinarum","Asplenium ceterach","Aspleniaceae","Polypodiales",NA,"Fern","Cerabolini","perennial","forb",0,0,1,1,0,0,0,2,0,0,0,1,1,0,0,0,0,1,0,1,1,0,5,33.2192813337503,66.639898557304,0.140820108945738,"S/CS","@rgb(85,170,0)","@rgb(192,192,192)","@rgb(192,192,192)","@symbol(2,512,0)"
"690","Chaenorhinum minus (L.) Lange","Chaenorhinum minus","Plantaginaceae","Lamiales","Asteranae","Dicot","Kleyer","annual","forb",0,0,1,0,0,0,0,1,0,0,0,1,0,1,0,0,0,0,0,1,0,0,3,3.90127241087229,0,96.0987275891277,"R","@rgb(10,0,245)","@rgb(192,192,192)","@rgb(192,192,192)","@symbol(2,512,0)"
"691","Chaerophyllum bulbosum L.","Chaerophyllum bulbosum","Apiaceae","Apiales","Asteranae","Dicot","Kleyer","perennial","forb",0,0,1,0,0,0,0,1,0,0,0,1,0,1,0,0,0,0,0,0,0,0,2,57.9303436330063,26.2995358060068,15.7701205609869,"C/CSR","@rgb(148,67,40)","@rgb(192,192,192)","@rgb(192,192,192)","@symbol(2,512,0)"
"692","Chaerophyllum hirsutum L.","Chaerophyllum hirsutum","Apiaceae","Apiales","Asteranae","Dicot","Cerabolini/Pierce","perennial","forb",0,0,1,0,0,0,0,1,0,0,0,1,1,0,0,0,0,0,0,1,0,0,3,44.7345328784079,15.0904675936341,40.174999527958,"CR/CSR","@rgb(114,38,102)","@rgb(192,192,192)","@rgb(192,192,192)","@symbol(2,512,0)"
"693","Chaerophyllum roseum M. Bieb.","Chaerophyllum roseum","Apiaceae","Apiales","Asteranae","Dicot","Soudzilovskaia","perennial","forb",0,0,1,0,0,0,0,1,0,0,0,1,0,0,0,0,0,0,0,0,0,0,1,29.8017738637577,45.3758782346734,24.8223479015689,"S/CSR","@rgb(76,116,63)","@rgb(192,192,192)","@rgb(192,192,192)","@symbol(2,512,0)"
"694","Chaetocarpus myrsinites Baill.","Chaetocarpus myrsinites","Euphorbiaceae","Malpighiales","Rosanae","Dicot","Pinho","perennial","tree",0,1,0,0,0,0,0,1,1,0,0,0,0,0,1,0,0,0,0,0,0,0,2,41.8680477993929,53.8631054163789,4.2688467842282,"CS","@rgb(107,137,11)","@rgb(255,255,255)","@rgb(128,0,0)","@symbol(3,512,0)"
"695","Chaetopappa ericoides (Torr.) G.L. Nesom","Chaetopappa ericoides","Asteraceae","Asterales","Asteranae","Dicot","Laughlin","perennial","shrub",1,0,0,0,0,0,0,1,0,0,1,0,1,0,0,1,0,0,0,0,1,0,4,0,63.1273123223684,36.8726876776316,"S/SR","@rgb(0,161,94)","@rgb(192,192,192)","@rgb(0,0,0)","@symbol(6,512,0)"
"696","Chamaecrista desvauxii var. langsdorffii (Kunth ex Vogel) H.S. Irwin & Barneby","Chamaecrista langsdorffii","Fabaceae","Fabales","Rosanae","Dicot","Negreiros","perennial","shrub",0,1,0,0,0,0,0,1,1,1,0,0,0,0,1,0,0,0,0,0,1,0,4,15.543845528375,76.6753578275561,7.78079664406885,"S/CS","@rgb(40,196,20)","@rgb(192,192,192)","@rgb(0,0,0)","@symbol(6,512,0)"
"697","Chamaecrista ensiformis (Vell.) H.S. Irwin & Barneby","Chamaecrista ensiformis","Fabaceae","Fabales","Rosanae","Dicot","Pinho","perennial","tree",0,1,0,0,0,0,0,1,1,1,0,0,0,0,1,0,0,0,0,0,1,0,4,32.1990681273272,51.0222628399398,16.7786690327331,"S/CSR","@rgb(82,130,43)","@rgb(255,255,255)","@rgb(128,0,0)","@symbol(3,512,0)"
"698","Chamaecrista fasciculata (Michx.) Greene","Chamaecrista fasciculata","Fabaceae","Fabales","Rosanae","Dicot","Weiher","annual","forb",1,1,0,0,0,0,0,2,1,1,1,1,1,0,1,1,0,0,0,0,0,0,7,7.45760096401716,92.5423990359828,0,"S","@rgb(19,236,0)","@rgb(192,192,192)","@rgb(192,192,192)","@symbol(2,512,0)"
"699","Chamaecrista ochnacea var. purpurascens (Benth.) H.S. Irwin & Barneby","Chamaecrista ochnacea var. purpurascens","Fabaceae","Fabales","Rosanae","Dicot","Negreiros","perennial","shrub",0,1,0,0,0,0,0,1,0,0,0,0,0,0,1,0,0,0,0,0,0,0,1,38.7036307608978,61.2963692391022,0,"CS","@rgb(99,156,0)","@rgb(192,192,192)","@rgb(0,0,0)","@symbol(6,512,0)"
"700","Chamaecrista papillata H.S. Irwin & Barneby","Chamaecrista arrojadoana","Fabaceae","Fabales","Rosanae","Dicot","Negreiros","perennial","shrub",0,1,0,0,0,0,0,1,0,0,0,0,0,0,1,0,0,0,0,0,0,0,1,21.4473027581916,78.5526972418084,0,"S/CS","@rgb(55,200,0)","@rgb(192,192,192)","@rgb(0,0,0)","@symbol(6,512,0)"
"701","Chamaesciadium acaule (M. Bieb.) C.A. Mey.","Chamaesciadium acaule","Apiaceae","Apiales","Asteranae","Dicot","Soudzilovskaia","perennial","forb",0,0,1,0,0,0,0,1,0,0,0,1,0,0,0,1,0,0,0,0,1,0,3,14.4868450582512,72.5617126289011,12.9514423128477,"S/CS","@rgb(37,185,33)","@rgb(192,192,192)","@rgb(192,192,192)","@symbol(2,512,0)"
"702","Chamaesyce fendleri (Torr. & A. Gray) Small","Euphorbia fendleri","Euphorbiaceae","Malpighiales","Rosanae","Dicot","Laughlin","perennial","shrub",1,0,0,0,0,0,0,1,0,0,1,0,1,0,0,1,0,0,0,1,0,0,4,0,78.0926845154019,21.9073154845981,"S/SR","@rgb(0,199,56)","@rgb(192,192,192)","@rgb(0,0,0)","@symbol(6,512,0)"
"703","Chamerion angustifolium (L.) Holub","Epilobium angustifolium","Onagraceae","Myrtales","Rosanae","Dicot","Díaz","perennial","forb",1,0,1,0,1,0,0,3,1,1,0,1,1,1,0,1,0,1,1,1,1,0,10,39.1210750909054,30.68990378868,30.1890211204146,"CSR","@rgb(100,78,77)","@rgb(192,192,192)","@rgb(192,192,192)","@symbol(2,512,0)"
"704","Chamguava schippii (Standl.) L.R. Landrum","Chamguava schippii","Myrtaceae","Myrtales","Rosanae","Dicot","Wright","perennial","tree",0,1,0,0,0,0,0,1,1,0,0,0,0,0,0,0,0,0,0,0,0,0,1,38.7724307931587,50.4239472050745,10.8036220017668,"CS","@rgb(99,129,28)","@rgb(255,255,255)","@rgb(128,0,0)","@symbol(3,512,0)"
"705","Chamorchis alpina (L.) Rich.","Chamorchis alpina","Orchidaceae","Asparagales","Lilianae","Monocot","Cerabolini","perennial","forb",0,0,1,0,0,0,0,1,0,0,0,1,1,1,0,0,0,0,1,0,0,0,4,21.3629422047497,0,78.6370577952503,"R/CR","@rgb(54,0,201)","@rgb(192,192,192)","@rgb(192,192,192)","@symbol(2,512,0)"
"706","Champereia manillana (Blume) Merr.","Champereia manillana","Opiliaceae","Santalales","Santalanae","Dicot","SJ Wright Pasoh","perennial","tree",0,0,0,0,1,1,0,2,1,1,0,0,0,0,0,0,0,0,0,0,0,0,2,32.7507396376777,57.9098024054632,9.33945795685901,"S/CSR","@rgb(84,148,24)","@rgb(255,255,255)","@rgb(128,0,0)","@symbol(3,512,0)"
"707","Chelidonium majus L.","Chelidonium majus","Papaveraceae","Ranunculales","Ranunculanae","Dicot","Cerabolini/Pierce","biennial","forb",0,0,1,0,0,0,0,1,0,0,0,1,1,1,0,0,0,0,0,1,0,0,4,49.3875984131968,17.7016921024447,32.9107094843585,"CR/CSR","@rgb(126,45,84)","@rgb(192,192,192)","@rgb(192,192,192)","@symbol(2,512,0)"
"708","Chenopodium album L. album","Chenopodium album var. album","Amaranthaceae","Caryophyllales","Caryophyllanae","Dicot","Cerabolini/Pierce","annual","forb",0,0,1,0,0,0,0,1,0,0,0,1,1,1,0,0,0,0,1,1,0,0,5,30.5325739961541,34.1036573608328,35.3637686430131,"CSR","@rgb(78,87,90)","@rgb(192,192,192)","@rgb(192,192,192)","@symbol(2,512,0)"
"709","Chenopodium ambrosioides L.","Dysphania ambrosioides","Amaranthaceae","Caryophyllales","Caryophyllanae","Dicot","Kleyer","annual","forb",0,1,0,0,0,0,0,1,1,1,1,0,0,0,0,0,0,0,0,0,1,1,5,37.1799294359152,1.91523010954434,60.9048404545405,"CR","@rgb(95,5,155)","@rgb(192,192,192)","@rgb(192,192,192)","@symbol(2,512,0)"
"710","Chenopodium bonus-henricus L.","Chenopodium bonus-henricus","Amaranthaceae","Caryophyllales","Caryophyllanae","Dicot","Cerabolini/Pierce","annual","forb",0,0,1,0,0,0,0,1,0,0,0,1,1,1,0,0,0,0,0,1,0,0,4,52.1020261680376,6.33716246375277,41.5608113682097,"CR","@rgb(133,16,106)","@rgb(192,192,192)","@rgb(192,192,192)","@symbol(2,512,0)"
"711","Chenopodium ficifolium Sm.","Chenopodium ficifolium","Amaranthaceae","Caryophyllales","Caryophyllanae","Dicot","Kleyer","annual","forb",0,0,1,0,1,0,0,2,1,0,0,1,1,1,0,0,0,0,0,1,1,0,6,30.0486251032202,30.3732088843213,39.5781660124584,"CSR","@rgb(77,77,101)","@rgb(192,192,192)","@rgb(192,192,192)","@symbol(2,512,0)"
"712","Chenopodium fremontii S. Watson","Chenopodium fremontii","Amaranthaceae","Caryophyllales","Caryophyllanae","Dicot","Laughlin","annual","forb",1,1,0,0,0,0,0,2,0,1,1,0,1,0,0,1,0,0,0,1,1,0,6,30.4145396134187,19.2481230143657,50.3373373722156,"R/CSR","@rgb(78,49,128)","@rgb(192,192,192)","@rgb(192,192,192)","@symbol(2,512,0)"
"713","Chenopodium glaucum L.","Chenopodium glaucum","Amaranthaceae","Caryophyllales","Caryophyllanae","Dicot","Kleyer","annual","forb",0,0,1,0,0,0,0,1,1,0,0,1,1,1,0,0,0,1,0,1,1,0,7,20.7450175124437,0,79.2549824875563,"R/CR","@rgb(53,0,202)","@rgb(192,192,192)","@rgb(192,192,192)","@symbol(2,512,0)"
"714","Chenopodium hybridum L.","Chenopodium hybridum","Amaranthaceae","Caryophyllales","Caryophyllanae","Dicot","Kleyer","annual","forb",0,0,1,0,0,0,0,1,0,0,0,1,1,1,0,0,0,1,0,1,0,0,5,43.9425743150113,0,56.0574256849887,"CR","@rgb(112,0,143)","@rgb(192,192,192)","@rgb(192,192,192)","@symbol(2,512,0)"
"715","Chenopodium rubrum L.","Chenopodium rubrum","Amaranthaceae","Caryophyllales","Caryophyllanae","Dicot","Kleyer","annual","forb",1,0,1,0,0,0,0,2,0,0,0,1,1,1,0,1,0,0,0,1,1,0,6,48.0310921695788,0,51.9689078304212,"CR","@rgb(122,0,133)","@rgb(192,192,192)","@rgb(192,192,192)","@symbol(2,512,0)"
"716","Chenopodium urbicum L.","Chenopodium urbicum","Amaranthaceae","Caryophyllales","Caryophyllanae","Dicot","Kleyer","annual","forb",1,0,1,0,0,0,0,2,0,0,0,1,1,1,0,1,0,0,0,1,1,0,6,32.6108343894959,43.6707040175906,23.7184615929135,"CS/CSR","@rgb(83,111,60)","@rgb(192,192,192)","@rgb(192,192,192)","@symbol(2,512,0)"
"717","Chimarrhis parviflora Standl.","Chimarrhis parviflora","Rubiaceae","Gentianales","Asteranae","Dicot","Wright","perennial","tree",0,1,0,0,0,0,0,1,1,0,0,0,0,0,0,0,0,0,0,0,0,0,1,64.3404159089469,21.8456753856584,13.8139087053948,"C/CS","@rgb(164,56,35)","@rgb(255,255,255)","@rgb(128,0,0)","@symbol(3,512,0)"
"718","Chondrilla juncea L.","Chondrilla juncea","Asteraceae","Asterales","Asteranae","Dicot","Kleyer","perennial","forb",0,0,1,0,0,0,0,1,0,0,0,1,1,0,0,0,0,0,0,1,0,0,3,47.4652041172417,15.4743010743141,37.0604948084443,"CR/CSR","@rgb(121,39,95)","@rgb(192,192,192)","@rgb(192,192,192)","@symbol(2,512,0)"
"719","Chrysanthemum leucanthemum L.","Leucanthemum vulgare","Asteraceae","Asterales","Asteranae","Dicot","Shipley","perennial","forb",0,0,1,0,0,0,0,1,0,0,0,1,1,1,0,1,0,1,1,1,0,0,7,19.8741975783485,55.4876233946688,24.6381790269827,"S/CSR","@rgb(51,141,63)","@rgb(192,192,192)","@rgb(192,192,192)","@symbol(2,512,0)"
"720","Chrysochlamys eclipes L.O. Williams","Chrysochlamys eclipes","Clusiaceae","Malpighiales","Rosanae","Dicot","Wright","perennial","shrub",0,1,0,0,0,0,0,1,1,0,0,0,0,0,0,0,0,0,0,0,0,0,1,70.3043882797535,28.0351579064925,1.66045381375404,"C/CS","@rgb(179,71,4)","@rgb(192,192,192)","@rgb(0,0,0)","@symbol(6,512,0)"
"721","Chrysophyllum argenteum Jacq.","Chrysophyllum argenteum","Sapotaceae","Ericales","Asteranae","Dicot","Wright","perennial","tree",0,1,0,0,0,0,0,1,1,1,1,0,0,0,1,0,0,0,0,0,0,0,4,47.948793756283,40.9802157559449,11.0709904877721,"CS/CSR","@rgb(122,104,28)","@rgb(255,255,255)","@rgb(128,0,0)","@symbol(3,512,0)"
"722","Chrysophyllum cainito L.","Chrysophyllum cainito","Sapotaceae","Ericales","Asteranae","Dicot","Wright","perennial","tree",0,1,0,0,0,0,0,1,1,1,1,0,0,0,0,0,0,0,0,0,0,0,3,35.6466929267347,56.9118730213262,7.44143405193906,"CS","@rgb(91,145,19)","@rgb(255,255,255)","@rgb(128,0,0)","@symbol(3,512,0)"
"723","Chrysophyllum rufum Mart.","Chrysophyllum rufum","Sapotaceae","Ericales","Asteranae","Dicot","Pinho","perennial","tree",0,1,0,0,0,0,0,1,1,1,0,0,0,0,1,0,0,0,0,0,1,0,4,35.1128836787585,60.2562387667145,4.63087755452707,"S/CS","@rgb(90,154,12)","@rgb(255,255,255)","@rgb(128,0,0)","@symbol(3,512,0)"
"724","Chrysopogon gryllus (L.) Trin.","Chrysopogon gryllus","Poaceae","Poales","Lilianae","Monocot","Cerabolini/Pierce","perennial","graminoid",0,0,1,0,1,0,0,2,0,0,1,1,1,1,0,0,0,1,0,1,1,0,7,24.2513361254336,47.2314779186844,28.5171859558821,"S/CSR","@rgb(62,120,73)","@rgb(0,0,0)","@rgb(0,128,0)","@symbol(4,512,0)"
"725","Chrysopsis camporum Greene","Heterotheca camporum","Asteraceae","Asterales","Asteranae","Dicot","Weiher","perennial","forb",1,0,0,0,0,0,0,1,0,0,0,1,0,0,0,1,0,0,0,0,0,0,2,10.2813168230343,89.7186831769657,0,"S","@rgb(26,229,0)","@rgb(192,192,192)","@rgb(192,192,192)","@symbol(2,512,0)"
"726","Chrysosplenium alternifolium L.","Chrysosplenium alternifolium","Saxifragaceae","Saxifragales","Myrothamnanae","Dicot","Cerabolini","perennial","forb",0,0,1,0,0,0,0,1,0,0,0,1,1,1,0,0,0,0,1,0,0,0,4,22.2709685502161,0,77.7290314497839,"R/CR","@rgb(57,0,198)","@rgb(192,192,192)","@rgb(192,192,192)","@symbol(2,512,0)"
"727","Cicendia filiformis (L.) Delarbre","Cicendia filiformis","Gentianaceae","Gentianales","Asteranae","Dicot","Kleyer","annual","forb",0,0,1,0,0,0,0,1,0,0,0,1,0,0,0,0,0,0,0,1,0,0,2,0,35.1598534529046,64.8401465470954,"R/SR","@rgb(0,90,165)","@rgb(192,192,192)","@rgb(192,192,192)","@symbol(2,512,0)"
"728","Cicerbita alpina (L.) Wallr.","Cicerbita alpina","Asteraceae","Asterales","Asteranae","Dicot","Kleyer","perennial","forb",0,0,1,0,0,0,0,1,0,0,0,1,1,1,0,0,0,0,1,0,0,0,4,65.2437363230725,0,34.7562636769275,"C/CR","@rgb(166,0,89)","@rgb(192,192,192)","@rgb(192,192,192)","@symbol(2,512,0)"
"729","Cicerbita racemosa (Willd.) Beauverd","Cicerbita racemosa","Asteraceae","Asterales","Asteranae","Dicot","Soudzilovskaia","perennial","forb",0,0,1,0,0,0,0,1,0,0,0,1,1,0,0,1,0,0,0,0,0,0,3,43.0214141511463,1.06357165022237,55.9150141986314,"CR","@rgb(110,3,143)","@rgb(192,192,192)","@rgb(192,192,192)","@symbol(2,512,0)"
"730","Cichorium intybus L.","Cichorium intybus","Asteraceae","Asterales","Asteranae","Dicot","Shipley","perennial","forb",0,0,1,0,0,0,0,1,0,0,0,1,1,1,0,1,0,0,0,1,0,0,5,36.5511914750405,41.678693819387,21.7701147055726,"CS/CSR","@rgb(93,106,56)","@rgb(192,192,192)","@rgb(192,192,192)","@symbol(2,512,0)"
"731","Cicuta virosa L.","Cicuta virosa","Apiaceae","Apiales","Asteranae","Dicot","Kleyer","perennial","forb",1,0,1,0,0,0,0,2,0,0,0,1,1,1,0,0,0,0,1,0,0,0,4,78.9319262027682,0,21.0680737972318,"C/CR","@rgb(201,0,54)","@rgb(192,192,192)","@rgb(192,192,192)","@symbol(2,512,0)"
"732","Cinnamomum glanduliferum (Wall.) Meisn.","Cinnamomum glanduliferum","Lauraceae","Laurales","Magnolianae","Dicot","Cerabolini","perennial","forb",0,0,1,0,1,0,0,2,1,0,1,0,1,0,0,0,0,0,0,0,0,0,3,46.8564627804833,42.5494840085834,10.5940532109333,"CS","@rgb(119,109,27)","@rgb(192,192,192)","@rgb(192,192,192)","@symbol(2,512,0)"
"733","Cinnamomum triplinerve (Ruiz & Pav.) Kosterm.","Aiouea montana","Lauraceae","Laurales","Magnolianae","Dicot","Wright","perennial","tree",0,1,0,0,0,0,0,1,1,1,1,0,0,0,0,0,0,0,0,0,0,0,3,49.5986637267615,45.4004358370807,5.00090043615778,"CS","@rgb(126,116,13)","@rgb(255,255,255)","@rgb(128,0,0)","@symbol(3,512,0)"
"734","Circaea alpina L.","Circaea alpina","Onagraceae","Myrtales","Rosanae","Dicot","Kleyer","perennial","forb",1,0,1,0,1,0,0,3,1,0,1,1,1,1,0,0,0,1,1,0,0,0,7,22.9472418399603,6.65383548369492,70.3989226763447,"R/CR","@rgb(59,17,180)","@rgb(192,192,192)","@rgb(192,192,192)","@symbol(2,512,0)"
"735","Circaea lutetiana L. lutetiana","Circaea lutetiana","Onagraceae","Myrtales","Rosanae","Dicot","Cerabolini/Pierce","perennial","forb",0,0,1,0,0,0,0,1,0,0,0,1,1,0,0,0,0,0,0,1,0,0,3,42.799137661927,0,57.200862338073,"CR","@rgb(109,0,146)","@rgb(192,192,192)","@rgb(192,192,192)","@symbol(2,512,0)"
"736","Cirsium acaule Scop.","Cirsium acaule","Asteraceae","Asterales","Asteranae","Dicot","Kleyer","perennial","forb",0,0,1,0,0,0,0,1,0,0,0,1,1,0,0,0,0,0,0,1,0,0,3,74.290019234223,7.38535108608801,18.324629679689,"C/CR","@rgb(189,19,47)","@rgb(192,192,192)","@rgb(192,192,192)","@symbol(2,512,0)"
"737","Cirsium alsophilum (Pollini) Soldano","Cirsium alsophilum","Asteraceae","Asterales","Asteranae","Dicot","Cerabolini/Pierce","perennial","forb",0,0,1,0,0,0,0,1,0,0,0,0,1,0,0,0,0,0,0,0,0,0,1,82.445625002157,0,17.554374997843,"C/CR","@rgb(210,0,45)","@rgb(192,192,192)","@rgb(192,192,192)","@symbol(2,512,0)"
"738","Cirsium discolor (Muhl. ex Willd.) Spreng.","Cirsium discolor","Asteraceae","Asterales","Asteranae","Dicot","Weiher","perennial","forb",1,0,0,0,0,0,0,1,0,0,0,1,1,1,0,1,0,0,0,0,0,0,4,57.0699359029142,42.9300640970858,0,"CS","@rgb(146,109,0)","@rgb(192,192,192)","@rgb(192,192,192)","@symbol(2,512,0)"
"739","Cirsium dissectum (L.) Hill","Cirsium dissectum","Asteraceae","Asterales","Asteranae","Dicot","Wright","perennial","forb",0,0,1,0,0,0,0,1,0,0,0,1,1,0,0,0,0,0,0,1,0,0,3,55.9427194620589,0,44.0572805379411,"CR","@rgb(143,0,112)","@rgb(192,192,192)","@rgb(192,192,192)","@symbol(2,512,0)"
"740","Cirsium erisithales (Jacq.) Scop.","Cirsium erisithales","Asteraceae","Asterales","Asteranae","Dicot","Cerabolini/Pierce","perennial","forb",0,0,1,0,0,0,0,1,0,0,0,1,1,0,0,0,0,0,0,1,0,0,3,80.081844323572,0,19.918155676428,"C/CR","@rgb(204,0,51)","@rgb(192,192,192)","@rgb(192,192,192)","@symbol(2,512,0)"
"741","Cirsium helenioides (L.) Hill","Cirsium helenioides","Asteraceae","Asterales","Asteranae","Dicot","Kleyer","perennial","forb",0,0,1,0,0,0,0,1,0,0,0,1,1,1,0,0,0,0,1,0,0,0,4,70.3847815991426,0,29.6152184008574,"C/CR","@rgb(179,0,76)","@rgb(192,192,192)","@rgb(192,192,192)","@symbol(2,512,0)"
"742","Cirsium oleraceum Scop.","Cirsium oleraceum","Asteraceae","Asterales","Asteranae","Dicot","Kleyer","perennial","forb",0,0,1,0,0,0,0,1,0,0,0,1,1,1,0,0,0,0,0,0,0,0,3,57.3331055570949,0,42.666894442905,"CR","@rgb(146,0,109)","@rgb(192,192,192)","@rgb(192,192,192)","@symbol(2,512,0)"
"743","Cirsium pannonicum (L. f.) Link","Cirsium pannonicum","Asteraceae","Asterales","Asteranae","Dicot","Cerabolini/Pierce","perennial","forb",0,0,1,0,0,0,0,1,0,0,0,1,1,0,0,0,0,0,0,1,0,0,3,63.4833597731192,9.9937551080502,26.5228851188306,"C/CR","@rgb(162,25,68)","@rgb(192,192,192)","@rgb(192,192,192)","@symbol(2,512,0)"
"744","Cirsium simplex C.A. Mey.","Cirsium simplex","Asteraceae","Asterales","Asteranae","Dicot","Soudzilovskaia","perennial","forb",0,0,1,0,0,0,0,1,0,0,0,1,1,0,0,1,0,0,0,0,0,0,3,60.1243872950138,0,39.8756127049862,"CR","@rgb(153,0,102)","@rgb(192,192,192)","@rgb(192,192,192)","@symbol(2,512,0)"
"745","Cirsium tuberosum All.","Cirsium tuberosum","Asteraceae","Asterales","Asteranae","Dicot","Kleyer","perennial","forb",0,0,1,0,0,0,0,1,0,0,0,1,1,0,0,0,0,0,0,1,0,0,3,84.4973966437493,5.98230786516584,9.52029549108489,"C","@rgb(215,15,24)","@rgb(192,192,192)","@rgb(192,192,192)","@symbol(2,512,0)"
"746","Cirsium vulgare (Savi) Ten.","Cirsium vulgare","Asteraceae","Asterales","Asteranae","Dicot","Kleyer","perennial","forb",0,0,1,0,0,0,0,1,0,0,0,1,1,1,0,0,0,0,0,1,0,0,4,79.0485147496477,0,20.9514852503523,"C/CR","@rgb(202,0,53)","@rgb(192,192,192)","@rgb(192,192,192)","@symbol(2,512,0)"
"747","Cirsium wheeleri (A. Gray) Petr.","Cirsium wheeleri","Asteraceae","Asterales","Asteranae","Dicot","Laughlin","perennial","forb",1,0,0,0,0,0,0,1,0,0,1,0,1,0,0,0,0,0,0,0,1,0,3,66.8528846953613,33.1471153046387,0,"C/CS","@rgb(170,85,0)","@rgb(192,192,192)","@rgb(192,192,192)","@symbol(2,512,0)"
"748","Cistus albidus L.","Cistus albidus","Cistaceae","Malvales","Rosanae","Dicot","Cerabolini/Pierce","perennial","tree",0,0,1,0,0,0,0,1,0,0,0,1,0,0,0,0,0,0,0,1,0,0,2,37.151977392632,0,62.848022607368,"R/CR","@rgb(95,0,160)","@rgb(255,255,255)","@rgb(128,0,0)","@symbol(3,512,0)"
"749","Cistus clusii Dunal","Cistus clusii","Cistaceae","Malvales","Rosanae","Dicot","Cornelissen","perennial","shrub",0,0,1,0,0,0,0,1,0,0,0,0,0,0,0,0,0,0,0,1,0,0,1,0,65.031353531933,34.968646468067,"S/SR","@rgb(0,166,89)","@rgb(192,192,192)","@rgb(0,0,0)","@symbol(6,512,0)"
"750","Cistus creticus L. eriocephalus (Viv.) Greuter & Burdet","Cistus creticus subsp. eriocephalus","Cistaceae","Malvales","Rosanae","Dicot","Cerabolini/Pierce","perennial","tree",0,0,1,0,0,0,0,1,0,0,0,0,0,0,0,0,0,0,0,1,0,0,1,11.7472866994386,88.2527133005614,0,"S","@rgb(30,225,0)","@rgb(255,255,255)","@rgb(128,0,0)","@symbol(3,512,0)"
"751","Cistus ladanifer L.","Cistus ladanifer","Cistaceae","Malvales","Rosanae","Dicot","Wright","perennial","shrub",0,0,1,0,0,0,0,1,0,0,0,1,0,0,0,0,0,0,0,1,0,0,2,9.17329191937811,90.8267080806219,0,"S","@rgb(23,232,0)","@rgb(192,192,192)","@rgb(0,0,0)","@symbol(6,512,0)"
"752","Cistus laurifolius L.","Cistus laurifolius","Cistaceae","Malvales","Rosanae","Dicot","Wright","perennial","shrub",0,0,1,0,0,0,0,1,0,0,0,1,1,0,0,0,0,0,0,1,0,0,3,11.891649697721,62.6388506076316,25.4694996946475,"S/SR","@rgb(30,160,65)","@rgb(192,192,192)","@rgb(0,0,0)","@symbol(6,512,0)"
"753","Cistus monspeliensis L.","Cistus monspeliensis","Cistaceae","Malvales","Rosanae","Dicot","Cerabolini/Pierce","perennial","tree",0,0,1,0,0,0,0,1,0,0,0,1,0,0,0,0,0,0,0,1,0,0,2,11.2720120976582,88.7279879023418,0,"S","@rgb(29,226,0)","@rgb(255,255,255)","@rgb(128,0,0)","@symbol(3,512,0)"
"754","Cistus salvifolius L.","Cistus salviifolius","Cistaceae","Malvales","Rosanae","Dicot","Cerabolini/Pierce","perennial","tree",0,0,1,0,0,0,0,1,0,0,0,1,0,0,0,0,0,0,0,1,0,0,2,36.956167021994,63.043832978006,0,"S/CS","@rgb(94,161,0)","@rgb(255,255,255)","@rgb(128,0,0)","@symbol(3,512,0)"
"755","Cladium mariscus (L.) Pohl","Cladium mariscus","Cyperaceae","Poales","Lilianae","Monocot","Cerabolini","perennial","graminoid",1,1,1,1,1,1,1,7,1,1,1,1,1,0,1,1,1,1,0,1,1,0,11,54.6128702941559,45.3871297058441,0,"CS","@rgb(139,116,0)","@rgb(0,0,0)","@rgb(0,128,0)","@symbol(4,512,0)"
"756","Claytonia perfoliata Donn ex Willd.","Claytonia perfoliata","Montiaceae","Caryophyllales","Caryophyllanae","Dicot","Kleyer","perennial","forb",1,1,0,0,0,0,0,2,0,1,1,0,1,0,0,1,0,0,0,1,1,0,6,21.4910950518757,0,78.5089049481243,"R/CR","@rgb(55,0,200)","@rgb(192,192,192)","@rgb(192,192,192)","@symbol(2,512,0)"
"757","Claytonia virginica L.","Claytonia virginica","Montiaceae","Caryophyllales","Caryophyllanae","Dicot","Weiher","perennial","forb",1,0,0,0,0,0,0,1,0,0,0,1,1,0,0,1,0,0,0,0,0,0,3,26.9606945211468,0,73.0393054788532,"R/CR","@rgb(69,0,186)","@rgb(192,192,192)","@rgb(192,192,192)","@symbol(2,512,0)"
"758","Cleistanthus maingayi Hook. f.","Cleistanthus maingayi","Euphorbiaceae","Malpighiales","Rosanae","Dicot","SJ Wright Pasoh","perennial","tree",0,0,0,0,1,0,0,1,1,0,0,0,0,0,0,0,0,0,0,0,0,0,1,44.3935719053623,39.1922495835929,16.4141785110449,"CS/CSR","@rgb(113,100,42)","@rgb(255,255,255)","@rgb(128,0,0)","@symbol(3,512,0)"
"759","Clematis alpina (L.) Mill.","Clematis alpina","Ranunculaceae","Ranunculales","Ranunculanae","Dicot","Cerabolini/Pierce","perennial","liana",0,0,1,0,0,0,0,1,0,0,0,1,1,1,0,0,0,0,0,0,0,0,3,44.914228525505,23.8509798730139,31.2347916014812,"C/CSR","@rgb(115,61,80)","@rgb(128,128,128)","@rgb(128,128,128)","@symbol(3,512,0)"
"760","Clematis flammula L.","Clematis flammula","Ranunculaceae","Ranunculales","Ranunculanae","Dicot","Cerabolini/Pierce","perennial","liana",0,0,1,0,0,0,0,1,0,0,0,1,0,0,0,0,0,0,0,1,0,0,2,41.1052181947041,24.5075673744369,34.387214430859,"CR/CSR","@rgb(105,62,88)","@rgb(128,128,128)","@rgb(128,128,128)","@symbol(3,512,0)"
"761","Clematis recta L.","Clematis recta","Ranunculaceae","Ranunculales","Ranunculanae","Dicot","Cerabolini/Pierce","perennial","liana",0,0,1,0,0,0,0,1,0,0,0,1,1,0,0,0,0,0,0,1,0,0,3,47.2789681855948,19.0308364519901,33.6901953624152,"CR/CSR","@rgb(121,49,86)","@rgb(128,128,128)","@rgb(128,128,128)","@symbol(3,512,0)"
"762","Clematis vitalba L.","Clematis vitalba","Ranunculaceae","Ranunculales","Ranunculanae","Dicot","Cerabolini/Pierce","perennial","liana",0,0,1,0,0,0,0,1,0,0,0,1,1,0,0,0,0,0,0,1,0,0,3,58.2431659801585,4.60364327683794,37.1531907430035,"CR","@rgb(149,12,95)","@rgb(128,128,128)","@rgb(128,128,128)","@symbol(3,512,0)"
"763","Clematis viticella L.","Clematis viticella","Ranunculaceae","Ranunculales","Ranunculanae","Dicot","Kleyer","perennial","liana",0,0,1,0,0,0,0,1,0,0,0,1,1,0,0,0,0,0,0,1,0,0,3,59.0039888175271,40.996011182473,0,"CS","@rgb(150,105,0)","@rgb(128,128,128)","@rgb(128,128,128)","@symbol(3,512,0)"
"764","Clidemia dentata Pav. ex D. Don","Miconia dentata","Melastomataceae","Myrtales","Rosanae","Dicot","Wright","perennial","shrub",0,1,0,0,0,0,0,1,1,1,1,0,0,0,0,0,0,0,0,0,0,0,3,41.7977082650653,35.916616175884,22.2856755590507,"CS/CSR","@rgb(107,92,57)","@rgb(192,192,192)","@rgb(0,0,0)","@symbol(6,512,0)"
"765","Clidemia octona (Bonpl.) L.O. Williams","Miconia octona","Melastomataceae","Myrtales","Rosanae","Dicot","Wright","annual","forb",0,1,0,0,0,0,0,1,1,1,1,0,0,0,1,0,0,0,0,0,0,0,4,47.9495998767707,28.3071151168999,23.7432850063293,"C/CSR","@rgb(122,72,61)","@rgb(192,192,192)","@rgb(192,192,192)","@symbol(2,512,0)"
"766","Clidemia septuplinervia Cogn.","Miconia trichocalyx","Melastomataceae","Myrtales","Rosanae","Dicot","Wright","perennial","shrub",0,1,0,0,0,0,0,1,1,1,1,0,0,0,0,0,0,0,0,0,0,0,3,48.929661458385,20.3454453638762,30.7248931777388,"C/CSR","@rgb(125,52,78)","@rgb(192,192,192)","@rgb(0,0,0)","@symbol(6,512,0)"
"767","Clinopodium vulgare L. vulgare","Clinopodium vulgare subsp. vulgare","Melastomataceae","Myrtales","Rosanae","Dicot","Cerabolini/Pierce","perennial","forb",1,0,1,0,0,0,0,2,0,0,1,1,1,1,0,0,0,0,1,1,0,0,6,24.7244115746949,30.412698982431,44.8628894428741,"R/CSR","@rgb(63,78,114)","@rgb(192,192,192)","@rgb(192,192,192)","@symbol(2,512,0)"
"768","Clusia nemorosa G. Mey.","Clusia nemorosa","Clusiaceae","Malpighiales","Rosanae","Dicot","Pinho","perennial","tree",0,1,0,0,0,0,0,1,1,1,0,0,0,0,1,0,0,0,0,0,1,0,4,69.6244188629254,30.3755811370746,0,"C/CS","@rgb(178,77,0)","@rgb(255,255,255)","@rgb(128,0,0)","@symbol(3,512,0)"
"769","Cnicus benedictus L.","Centaurea benedicta","Asteraceae","Asterales","Asteranae","Dicot","Kleyer","annual","forb",0,0,1,0,0,0,0,1,0,0,0,1,0,0,0,1,0,0,0,1,1,0,4,47.4826851966265,0,52.5173148033735,"CR","@rgb(121,0,134)","@rgb(192,192,192)","@rgb(192,192,192)","@symbol(2,512,0)"
"770","Cnidium dubium Thell.","Kadenia dubia","Apiaceae","Apiales","Asteranae","Dicot","Kleyer","perennial","forb",0,0,1,0,0,0,0,1,0,0,0,1,0,0,0,0,0,0,0,0,0,0,1,36.7867074123203,28.9743900258368,34.2389025618429,"CSR","@rgb(94,74,87)","@rgb(192,192,192)","@rgb(192,192,192)","@symbol(2,512,0)"
"771","Coccoloba alnifolia Casar.","Coccoloba alnifolia","Polygonaceae","Caryophyllales","Caryophyllanae","Dicot","Pinho","perennial","tree",0,1,0,0,0,0,0,1,1,1,0,0,0,0,0,0,0,0,0,0,1,0,3,68.2448426362663,31.2555597569634,0.499597606770299,"C/CS","@rgb(174,80,1)","@rgb(255,255,255)","@rgb(128,0,0)","@symbol(3,512,0)"
"772","Coccoloba cereifera Schwacke","Coccoloba cereifera","Polygonaceae","Caryophyllales","Caryophyllanae","Dicot","Negreiros","perennial","shrub",0,1,0,0,0,0,0,1,0,0,0,0,0,0,1,0,0,0,0,0,0,0,1,52.2981470696876,47.7018529303124,0,"CS","@rgb(133,122,0)","@rgb(192,192,192)","@rgb(0,0,0)","@symbol(6,512,0)"
"773","Coccoloba coronata Jacq.","Coccoloba coronata","Polygonaceae","Caryophyllales","Caryophyllanae","Dicot","Wright","perennial","tree",0,1,0,0,0,0,0,1,1,1,1,0,0,0,0,0,0,0,0,0,0,0,3,55.5066747144135,22.5187471888934,21.9745780966931,"C/CSR","@rgb(142,57,56)","@rgb(255,255,255)","@rgb(128,0,0)","@symbol(3,512,0)"
"774","Coccoloba laevis Casar.","Coccoloba laevis","Polygonaceae","Caryophyllales","Caryophyllanae","Dicot","Pinho","perennial","tree",0,1,0,0,0,0,0,1,1,1,0,0,0,0,0,0,0,0,0,0,1,0,3,59.9447512404645,39.5880102656085,0.467238493926937,"CS","@rgb(153,101,1)","@rgb(255,255,255)","@rgb(128,0,0)","@symbol(3,512,0)"
"775","Coccoloba manzinellensis Beurl.","Coccoloba manzinellensis","Polygonaceae","Caryophyllales","Caryophyllanae","Dicot","Wright","perennial","tree",0,1,0,0,0,0,0,1,1,0,0,0,0,0,0,0,0,0,0,0,0,0,1,67.2779090042946,29.7896079918734,2.93248300383199,"C/CS","@rgb(172,76,7)","@rgb(255,255,255)","@rgb(128,0,0)","@symbol(3,512,0)"
"776","Coccoloba mollis Casar.","Coccoloba mollis","Polygonaceae","Caryophyllales","Caryophyllanae","Dicot","Pinho","perennial","tree",0,1,0,0,0,0,0,1,1,1,0,0,0,0,1,0,0,0,0,0,1,0,4,62.8309428636552,27.3451828773835,9.82387425896123,"C/CS","@rgb(160,70,25)","@rgb(255,255,255)","@rgb(128,0,0)","@symbol(3,512,0)"
"777","Coccoloba parimensis Benth.","Coccoloba excelsa","Polygonaceae","Caryophyllales","Caryophyllanae","Dicot","Wright","perennial","liana",0,1,0,0,0,0,0,1,1,0,0,0,0,0,1,0,0,0,0,0,1,0,3,50.5720806543904,44.1652132158045,5.26270612980512,"CS","@rgb(129,113,13)","@rgb(128,128,128)","@rgb(128,128,128)","@symbol(3,512,0)"
"778","Cochlearia danica L.","Cochlearia danica","Brassicaceae","Brassicales","Rosanae","Dicot","Díaz","annual","forb",0,0,1,0,0,0,0,1,0,0,0,1,1,0,0,0,0,0,0,0,0,0,2,9.56246611108425,0,90.4375338889158,"R","@rgb(24,0,231)","@rgb(192,192,192)","@rgb(192,192,192)","@symbol(2,512,0)"
"779","Cochlospermum regium (Schrank) Pilg.","Cochlospermum regium","Bixaceae","Malvales","Rosanae","Dicot","Pinho","perennial","shrub",0,1,0,0,0,0,0,1,1,1,0,0,0,0,1,0,1,0,0,0,1,0,5,59.4241059966158,30.1936640891338,10.3822299142504,"C/CSR","@rgb(152,77,26)","@rgb(192,192,192)","@rgb(0,0,0)","@symbol(6,512,0)"
"780","Coeloglossum viride (L.) Hartm.","Dactylorhiza viridis","Orchidaceae","Asparagales","Lilianae","Monocot","Soudzilovskaia","perennial","forb",1,0,1,0,1,0,0,3,1,0,0,1,1,1,0,1,0,1,1,1,0,0,8,34.5985551178638,0,65.4014448821362,"R/CR","@rgb(88,0,167)","@rgb(192,192,192)","@rgb(192,192,192)","@symbol(2,512,0)"
"781","Coffea arabica L.","Coffea arabica","Rubiaceae","Gentianales","Asteranae","Dicot","Shipley","perennial","shrub",0,0,0,1,0,0,0,1,0,0,0,0,0,0,0,0,0,1,0,0,1,0,2,18.2804325962417,60.5318428916337,21.1877245121246,"S/CSR","@rgb(47,154,54)","@rgb(192,192,192)","@rgb(0,0,0)","@symbol(6,512,0)"
"782","Cojoba catenata (Donn. Sm.) Britton & Rose","Cojoba catenata","Fabaceae","Fabales","Rosanae","Dicot","Wright","perennial","tree",0,1,0,0,0,0,0,1,1,0,0,0,0,0,0,0,0,0,0,0,0,0,1,58.46670421374,33.5841294543116,7.94916633194845,"CS","@rgb(149,86,20)","@rgb(255,255,255)","@rgb(128,0,0)","@symbol(3,512,0)"
"783","Colchicum autumnale L.","Colchicum autumnale","Colchicaceae","Liliales","Lilianae","Monocot","Kleyer","perennial","forb",0,0,1,0,0,0,0,1,0,0,0,1,1,0,0,0,0,0,0,1,0,0,3,68.2479021627365,0,31.7520978372635,"C/CR","@rgb(174,0,81)","@rgb(192,192,192)","@rgb(192,192,192)","@symbol(2,512,0)"
"784","Cologania angustifolia Kunth","Cologania angustifolia","Fabaceae","Fabales","Rosanae","Dicot","Laughlin","perennial","forb",1,1,0,0,0,0,0,2,1,1,1,0,1,0,0,1,0,0,0,0,1,0,6,22.9663674275363,44.2738847174857,32.759747854978,"SR/CSR","@rgb(59,113,84)","@rgb(192,192,192)","@rgb(192,192,192)","@symbol(2,512,0)"
"785","Colubrina glandulosa Perkins","Colubrina glandulosa","Rhamnaceae","Rosales","Rosanae","Dicot","Wright","perennial","tree",0,1,0,0,0,0,0,1,1,1,0,0,0,0,1,0,0,0,0,0,0,0,3,56.7468048484154,28.0011978604957,15.2519972910889,"C/CSR","@rgb(145,71,39)","@rgb(255,255,255)","@rgb(128,0,0)","@symbol(3,512,0)"
"786","Colutea arborescens L.","Colutea arborescens","Fabaceae","Fabales","Rosanae","Dicot","Kleyer","perennial","shrub",0,0,1,0,0,0,0,1,0,0,0,1,1,0,0,0,0,0,0,1,0,0,3,33.7180003756708,42.5620235685097,23.7199760558195,"CS/CSR","@rgb(86,109,60)","@rgb(192,192,192)","@rgb(0,0,0)","@symbol(6,512,0)"
"787","Combretum laxum Jacq.","Combretum laxum","Combretaceae","Myrtales","Rosanae","Dicot","Wright","perennial","liana",0,1,0,0,0,0,0,1,1,1,1,0,0,0,1,0,1,0,0,0,1,0,6,40.7455505270636,59.2544494729364,0,"CS","@rgb(104,151,0)","@rgb(128,128,128)","@rgb(128,128,128)","@symbol(3,512,0)"
"788","Commelina benghalensis L.","Commelina benghalensis","Commelinaceae","Commelinales","Lilianae","Monocot","Buffa/Nyakunga","perennial","forb",0,0,1,1,1,0,0,3,1,1,0,1,0,0,1,0,1,1,0,1,1,0,8,45.5613421959712,0,54.4386578040288,"CR","@rgb(116,0,139)","@rgb(192,192,192)","@rgb(192,192,192)","@symbol(2,512,0)"
"789","Commelina communis L.","Commelina communis","Commelinaceae","Commelinales","Lilianae","Monocot","Cerabolini/Pierce","annual","forb",1,0,1,0,0,0,0,2,1,0,0,1,0,0,0,0,0,0,0,0,0,0,2,33.2046854071398,0,66.7953145928602,"R/CR","@rgb(85,0,170)","@rgb(192,192,192)","@rgb(192,192,192)","@symbol(2,512,0)"
"790","Commelina petersii Hassk.","Commelina petersii","Commelinaceae","Commelinales","Lilianae","Monocot","Buffa/Nyakunga","perennial","forb",0,0,0,1,0,0,0,1,1,0,0,0,0,0,1,0,0,0,0,0,1,0,3,31.4553279745554,0,68.5446720254446,"R/CR","@rgb(80,0,175)","@rgb(192,192,192)","@rgb(192,192,192)","@symbol(2,512,0)"
"791","Conium maculatum L.","Conium maculatum","Apiaceae","Apiales","Asteranae","Dicot","Kleyer","biennial","forb",0,0,1,0,0,0,0,1,0,0,0,1,1,1,0,0,0,0,0,1,1,0,5,64.1238455761566,13.0962775117139,22.7798769121295,"C/CR","@rgb(164,33,58)","@rgb(192,192,192)","@rgb(192,192,192)","@symbol(2,512,0)"
"792","Connarus turczaninowii Triana","Connarus turczaninowii","Connaraceae","Oxalidales","Rosanae","Dicot","Kleyer","perennial","liana",0,1,0,0,0,0,0,1,1,0,0,0,0,0,0,0,0,0,0,0,0,1,2,52.3620662551528,45.009729546479,2.62820419836825,"CS","@rgb(134,115,7)","@rgb(128,128,128)","@rgb(128,128,128)","@symbol(3,512,0)"
"793","Conostegia bracteata Triana","Miconia conobracteata","Melastomataceae","Myrtales","Rosanae","Dicot","Wright","perennial","shrub",0,1,0,0,0,0,0,1,1,0,0,0,0,0,0,0,0,0,0,0,0,0,1,48.5008215440563,30.3368456482299,21.1623328077137,"C/CSR","@rgb(124,77,54)","@rgb(192,192,192)","@rgb(0,0,0)","@symbol(6,512,0)"
"794","Conostegia cinnamomea (Beurl.) Wurdack","Miconia cinnamomea","Melastomataceae","Myrtales","Rosanae","Dicot","Wright","perennial","shrub",0,1,0,0,0,0,0,1,1,1,0,0,0,0,0,0,0,0,0,0,0,0,2,40.3623543835007,30.7203989604406,28.9172466560587,"CSR","@rgb(103,78,74)","@rgb(192,192,192)","@rgb(0,0,0)","@symbol(6,512,0)"
"795","Conringia orientalis (L.) C. Presl","Conringia orientalis","Brassicaceae","Brassicales","Rosanae","Dicot","Kleyer","annual","forb",0,0,1,0,0,0,0,1,0,0,0,1,1,1,0,0,0,0,0,1,0,0,4,56.8079157886039,0,43.1920842113961,"CR","@rgb(145,0,110)","@rgb(192,192,192)","@rgb(192,192,192)","@symbol(2,512,0)"
"796","Consolida regalis Gray","Delphinium consolida","Ranunculaceae","Ranunculales","Ranunculanae","Dicot","Cerabolini/Pierce","annual","forb",0,0,1,0,0,0,0,1,0,0,0,1,1,1,0,0,0,0,0,1,0,0,4,20.3906204110215,36.9309768986323,42.6784026903462,"SR/CSR","@rgb(52,94,109)","@rgb(192,192,192)","@rgb(192,192,192)","@symbol(2,512,0)"
"797","Convallaria majalis L.","Convallaria majalis","Asparagaceae","Asparagales","Lilianae","Monocot","Cerabolini/Pierce","perennial","forb",1,0,1,0,0,0,0,2,0,0,0,1,1,1,0,1,0,0,1,1,0,0,6,44.8965882958708,14.1083976545271,40.995014049602,"CR/CSR","@rgb(114,36,105)","@rgb(192,192,192)","@rgb(192,192,192)","@symbol(2,512,0)"
"798","Convolvulus arvensis L.","Convolvulus arvensis","Convolvulaceae","Solanales","Asteranae","Dicot","Siefert","perennial","liana",0,0,1,0,0,0,0,1,0,0,0,1,0,0,0,1,0,0,0,1,1,0,4,30.5827633401676,6.67304732713119,62.7441893327012,"R/CR","@rgb(78,17,160)","@rgb(128,128,128)","@rgb(128,128,128)","@symbol(3,512,0)"
"799","Conyza bonariensis (L.) Cronquist","Erigeron bonariensis","Asteraceae","Asterales","Asteranae","Dicot","Pinho","biennial","forb",0,1,0,0,0,0,0,1,1,1,0,0,0,0,1,0,1,0,0,0,1,0,5,26.2644232722609,56.2476042824464,17.4879724452926,"S/CSR","@rgb(67,143,45)","@rgb(192,192,192)","@rgb(192,192,192)","@symbol(2,512,0)"
"800","Conyza canadensis (L.) Cronquist","Erigeron canadensis","Asteraceae","Asterales","Asteranae","Dicot","Weiher","perennial","forb",1,1,0,0,0,0,0,2,1,1,1,1,1,1,0,1,0,0,0,1,0,0,8,9.98092326076252,42.2798940630964,47.7391826761411,"SR","@rgb(25,108,122)","@rgb(192,192,192)","@rgb(192,192,192)","@symbol(2,512,0)"
"801","Copaifera duckei Dwyer","Copaifera duckei","Fabaceae","Fabales","Rosanae","Dicot","Pinho","perennial","tree",0,1,0,0,0,0,0,1,1,0,0,0,0,0,1,0,0,0,0,0,0,0,2,26.2997327424159,58.7863682215907,14.9138990359934,"S/CSR","@rgb(67,150,38)","@rgb(255,255,255)","@rgb(128,0,0)","@symbol(3,512,0)"
"802","Cordia alliodora (Ruiz & Pav.) Oken","Cordia alliodora","Boraginaceae","Boraginales","Asteranae","Dicot","Wright","perennial","tree",0,1,0,0,0,0,0,1,0,1,1,0,0,0,1,0,1,0,0,0,1,0,5,33.7242268009658,48.3753774509193,17.9003957481149,"CS/CSR","@rgb(86,123,46)","@rgb(255,255,255)","@rgb(128,0,0)","@symbol(3,512,0)"
"803","Cordia bicolor A. DC.","Cordia bicolor","Boraginaceae","Boraginales","Asteranae","Dicot","Wright","perennial","tree",0,1,0,0,0,0,0,1,1,1,0,0,0,0,1,0,0,0,0,0,1,0,4,39.044638913639,50.3423110108398,10.6130500755211,"CS","@rgb(100,128,27)","@rgb(255,255,255)","@rgb(128,0,0)","@symbol(3,512,0)"
"804","Cordia lasiocalyx Pittier","Cordia lasiocalyx","Boraginaceae","Boraginales","Asteranae","Dicot","Wright","perennial","tree",0,1,0,0,0,0,0,1,1,0,0,0,0,0,0,0,0,0,0,0,0,0,1,37.3800384096385,47.2873308411479,15.3326307492136,"CS/CSR","@rgb(95,121,39)","@rgb(255,255,255)","@rgb(128,0,0)","@symbol(3,512,0)"
"805","Cordia superba Cham.","Cordia superba","Boraginaceae","Boraginales","Asteranae","Dicot","Pinho","perennial","tree",0,1,0,0,0,0,0,1,1,0,0,0,0,0,1,0,0,0,0,0,0,0,2,57.416718446219,31.4297856368576,11.1534959169234,"C/CSR","@rgb(146,80,28)","@rgb(255,255,255)","@rgb(128,0,0)","@symbol(3,512,0)"
"806","Coreopsis palmata Nutt.","Coreopsis palmata","Asteraceae","Asterales","Asteranae","Dicot","Reich","perennial","forb",1,0,0,0,0,0,0,1,0,0,0,1,0,0,0,1,0,0,0,0,0,0,2,14.9569307817891,71.6507058899816,13.3923633282294,"S/CS","@rgb(38,183,34)","@rgb(192,192,192)","@rgb(192,192,192)","@symbol(2,512,0)"
"807","Coreopsis tinctoria Nutt.","Coreopsis tinctoria","Asteraceae","Asterales","Asteranae","Dicot","Laughlin","annual","forb",1,1,0,0,0,0,0,2,0,0,1,1,1,0,0,1,0,0,0,0,0,1,5,52.4372501572991,0,47.5627498427009,"CR","@rgb(134,0,121)","@rgb(192,192,192)","@rgb(192,192,192)","@symbol(2,512,0)"
"808","Coriandrum sativum L.","Coriandrum sativum","Apiaceae","Apiales","Asteranae","Dicot","Kleyer","annual","forb",0,0,1,0,0,0,0,1,0,0,0,1,1,1,0,0,0,0,0,1,0,0,4,29.1493492834202,0,70.8506507165798,"R/CR","@rgb(74,0,181)","@rgb(192,192,192)","@rgb(192,192,192)","@symbol(2,512,0)"
"809","Coriaria myrtifolia L.","Coriaria myrtifolia","Coriariaceae","Cucurbitales","Rosanae","Dicot","Cerabolini/Pierce","perennial","tree",0,0,1,0,0,0,0,1,0,0,0,1,0,0,0,0,0,0,0,1,0,0,2,28.9038596839119,49.9690115963706,21.1271287197175,"S/CSR","@rgb(74,127,54)","@rgb(255,255,255)","@rgb(128,0,0)","@symbol(3,512,0)"
"810","Corispermum intermedium Schweigg.","Corispermum intermedium","Amaranthaceae","Caryophyllales","Caryophyllanae","Dicot","Kleyer","annual","forb",0,0,1,0,0,0,0,1,0,0,0,1,0,0,0,0,0,0,0,0,0,0,1,21.0769779146163,6.76334795645669,72.159674128927,"R/CR","@rgb(54,17,184)","@rgb(192,192,192)","@rgb(192,192,192)","@symbol(2,512,0)"
"811","Cornus drummondii C.A. Mey.","Cornus drummondii","Cornaceae","Cornales","Asteranae","Dicot","Weiher","perennial","tree",1,0,0,0,0,0,0,1,0,0,0,1,1,0,1,1,0,0,0,0,0,0,4,21.091817754008,74.8286458312188,4.07953641477318,"S/CS","@rgb(54,191,10)","@rgb(255,255,255)","@rgb(128,0,0)","@symbol(3,512,0)"
"812","Cornus mas L.","Cornus mas","Cornaceae","Cornales","Asteranae","Dicot","Cerabolini/Pierce","perennial","tree",0,0,1,0,0,0,0,1,0,0,0,1,1,0,0,1,0,0,0,1,0,0,4,21.6721860324296,50.4380164104108,27.8897975571595,"S/CSR","@rgb(55,129,71)","@rgb(255,255,255)","@rgb(128,0,0)","@symbol(3,512,0)"
"813","Cornus rugosa Lam.","Cornus rugosa","Cornaceae","Cornales","Asteranae","Dicot","Weiher","perennial","tree",1,0,0,0,0,0,0,1,0,0,0,1,0,0,0,1,0,0,0,0,0,0,2,35.7516320769905,48.5830127220797,15.6653552009298,"CS/CSR","@rgb(91,124,40)","@rgb(255,255,255)","@rgb(128,0,0)","@symbol(3,512,0)"
"814","Cornus sanguinea L.","Cornus sanguinea","Cornaceae","Cornales","Asteranae","Dicot","Cerabolini/Pierce","perennial","tree",0,0,1,0,0,0,0,1,0,0,0,1,1,1,0,0,0,0,0,1,0,0,4,43.093100762833,41.1590003893728,15.7478988477942,"CS/CSR","@rgb(110,105,40)","@rgb(255,255,255)","@rgb(128,0,0)","@symbol(3,512,0)"
"815","Cornus stolonifera Michx.","Cornus sericea","Cornaceae","Cornales","Asteranae","Dicot","Shipley","perennial","tree",1,0,0,0,0,0,0,1,0,0,1,1,1,1,0,1,0,0,0,1,1,0,7,21.8851774777727,63.7590292270986,14.3557932951287,"S/CS","@rgb(56,163,37)","@rgb(255,255,255)","@rgb(128,0,0)","@symbol(3,512,0)"
"816","Cornus suecica L.","Cornus suecica","Cornaceae","Cornales","Asteranae","Dicot","Kleyer","perennial","shrub",1,0,1,0,0,0,0,2,0,0,0,1,1,1,0,0,0,0,1,0,0,0,4,17.2256499753053,7.7465295986291,75.0278204260656,"R/CR","@rgb(44,20,191)","@rgb(192,192,192)","@rgb(0,0,0)","@symbol(6,512,0)"
"817","Coronilla coronata L.","Coronilla coronata","Fabaceae","Fabales","Rosanae","Dicot","Cerabolini/Pierce","perennial","forb",0,0,1,0,0,0,0,1,0,0,0,1,1,0,0,0,0,0,0,1,0,0,3,38.045434010636,36.3521412525606,25.6024247368034,"CSR","@rgb(97,93,65)","@rgb(192,192,192)","@rgb(192,192,192)","@symbol(2,512,0)"
"818","Coronilla emerus L.","Hippocrepis emerus","Fabaceae","Fabales","Rosanae","Dicot","Kleyer","perennial","shrub",0,0,1,0,0,0,0,1,0,0,0,1,0,0,0,0,0,0,0,1,0,0,2,27.8295527066605,9.99716403109346,62.173283262246,"R/CR","@rgb(71,25,159)","@rgb(192,192,192)","@rgb(0,0,0)","@symbol(6,512,0)"
"819","Coronilla vaginalis Lam.","Coronilla vaginalis","Fabaceae","Fabales","Rosanae","Dicot","Cerabolini/Pierce","perennial","forb",0,0,1,0,0,0,0,1,0,0,0,1,1,0,0,0,0,0,0,0,0,0,2,27.0580507209452,17.240841348494,55.7011079305608,"R/CSR","@rgb(69,44,142)","@rgb(192,192,192)","@rgb(192,192,192)","@symbol(2,512,0)"
"820","Coronilla varia L.","Coronilla varia","Fabaceae","Fabales","Rosanae","Dicot","Kleyer","perennial","forb",0,0,1,0,0,0,0,1,0,0,0,1,1,0,0,1,0,0,0,1,0,0,4,38.536437085379,4.27597045552356,57.1875924590975,"CR","@rgb(98,11,146)","@rgb(192,192,192)","@rgb(192,192,192)","@symbol(2,512,0)"
"821","Coronopus squamatus (Forssk.) Asch.","Lepidium coronopus","Brassicaceae","Brassicales","Rosanae","Dicot","Kleyer","biennial","forb",0,0,1,0,0,0,0,1,0,0,0,1,0,0,0,0,0,0,0,1,0,0,2,2.32493526836373,0,97.6750647316363,"R","@rgb(6,0,249)","@rgb(192,192,192)","@rgb(192,192,192)","@symbol(2,512,0)"
"822","Corrigiola litoralis L.","Corrigiola litoralis","Caryophyllaceae","Caryophyllales","Caryophyllanae","Dicot","Kleyer","annual","forb",0,0,1,1,0,0,0,2,1,0,0,1,0,0,1,0,0,1,0,1,1,0,6,0,0,100,"R","@rgb(0,0,255)","@rgb(192,192,192)","@rgb(192,192,192)","@symbol(2,512,0)"
"823","Corydalis cava Schweigger & Korte","Corydalis cava","Papaveraceae","Ranunculales","Ranunculanae","Dicot","Kleyer","perennial","forb",0,0,1,0,0,0,0,1,0,0,0,1,1,0,0,0,0,0,0,1,0,0,3,49.2289730826975,0,50.7710269173025,"CR","@rgb(126,0,129)","@rgb(192,192,192)","@rgb(192,192,192)","@symbol(2,512,0)"
"824","Corydalis conorhiza Ledeb","Corydalis conorhiza","Papaveraceae","Ranunculales","Ranunculanae","Dicot","Soudzilovskaia","perennial","forb",0,0,1,0,0,0,0,1,0,0,0,1,1,0,0,0,0,0,0,0,0,0,2,37.5060808374266,15.3830511396339,47.1108680229395,"CR/CSR","@rgb(96,39,120)","@rgb(192,192,192)","@rgb(192,192,192)","@symbol(2,512,0)"
"825","Corydalis solida (L.) Clairv.","Corydalis solida","Papaveraceae","Ranunculales","Ranunculanae","Dicot","Kleyer","perennial","forb",0,0,1,0,0,0,0,1,0,0,0,1,1,1,0,0,0,0,0,1,0,0,4,36.6695954171242,0,63.3304045828758,"R/CR","@rgb(94,0,161)","@rgb(192,192,192)","@rgb(192,192,192)","@symbol(2,512,0)"
"826","Corylus avellana L.","Corylus avellana","Betulaceae","Fagales","Rosanae","Dicot","Cornelissen","perennial","tree",0,0,1,0,0,0,0,1,0,0,0,1,1,1,0,0,0,0,1,1,0,0,5,28.7545320293357,59.2959864054882,11.9494815651761,"S/CSR","@rgb(73,151,30)","@rgb(255,255,255)","@rgb(128,0,0)","@symbol(3,512,0)"
"827","Corynephorus canescens (L.) P. Beauv.","Corynephorus canescens","Poaceae","Poales","Lilianae","Monocot","Kleyer","annual","graminoid",0,0,1,0,0,0,0,1,0,0,0,1,0,0,0,0,0,0,0,1,0,0,2,0.749982028758496,74.8941793015673,24.3558386696742,"S/SR","@rgb(2,191,62)","@rgb(0,0,0)","@rgb(0,128,0)","@symbol(4,512,0)"
"828","Cosmos parviflorus (Jacq.) Pers.","Cosmos parviflorus","Asteraceae","Asterales","Asteranae","Dicot","Laughlin","annual","forb",1,1,0,0,0,0,0,2,0,1,1,0,1,0,0,0,0,0,0,0,1,0,4,27.8772735108326,0,72.1227264891674,"R/CR","@rgb(71,0,184)","@rgb(192,192,192)","@rgb(192,192,192)","@symbol(2,512,0)"
"829","Cotinus coggygria Scop.","Cotinus coggygria","Anacardiaceae","Sapindales","Rosanae","Dicot","Cerabolini/Pierce","perennial","tree",0,0,1,0,1,0,0,2,1,0,1,1,1,0,0,1,0,0,0,1,0,0,6,30.9680736464725,57.3990397083869,11.6328866451406,"S/CSR","@rgb(79,146,30)","@rgb(255,255,255)","@rgb(128,0,0)","@symbol(3,512,0)"
"830","Cotoneaster horizontalis Decne.","Cotoneaster horizontalis","Rosaceae","Rosales","Rosanae","Dicot","Kleyer","perennial","shrub",0,0,1,0,1,0,0,2,1,0,0,1,1,0,0,0,0,1,0,0,0,0,4,1.66484794945902,92.6680548505718,5.66709719996918,"S","@rgb(4,236,14)","@rgb(192,192,192)","@rgb(0,0,0)","@symbol(6,512,0)"
"831","Cotoneaster integerrimus Medik.","Cotoneaster integerrimus","Rosaceae","Rosales","Rosanae","Dicot","Wright","perennial","shrub",0,0,1,0,0,0,0,1,0,0,0,1,1,1,0,1,0,1,1,1,1,0,8,16.946607396957,68.1747643904429,14.8786282126001,"S/CS","@rgb(43,174,38)","@rgb(192,192,192)","@rgb(0,0,0)","@symbol(6,512,0)"
"832","Cotula coronopifolia L.","Cotula coronopifolia","Asteraceae","Asterales","Asteranae","Dicot","Kleyer","perennial","forb",0,0,0,1,0,0,0,1,1,0,0,0,0,0,0,0,0,1,0,1,1,0,4,13.5281793097477,0,86.4718206902523,"R","@rgb(34,0,221)","@rgb(192,192,192)","@rgb(192,192,192)","@symbol(2,512,0)"
"833","Coussarea curvigemmia Dwyer","Coussarea suaveolens","Rubiaceae","Gentianales","Asteranae","Dicot","Wright","perennial","tree",0,1,0,0,0,0,0,1,1,0,0,0,0,0,0,0,0,0,0,0,0,0,1,47.502321536244,25.7469769770775,26.7507014866785,"C/CSR","@rgb(121,66,68)","@rgb(255,255,255)","@rgb(128,0,0)","@symbol(3,512,0)"
"834","Coutarea hexandra (Jacq.) K. Schum.","Coutarea hexandra","Rubiaceae","Gentianales","Asteranae","Dicot","Pinho","perennial","tree",0,1,0,0,0,0,0,1,1,1,0,0,0,0,1,0,0,0,0,0,1,0,4,54.5795224640184,41.5848674385921,3.83561009738948,"CS","@rgb(139,106,10)","@rgb(255,255,255)","@rgb(128,0,0)","@symbol(3,512,0)"
"835","Crataegus laevigata (Poir.) DC.","Crataegus laevigata","Rosaceae","Rosales","Rosanae","Dicot","Kleyer","perennial","tree",0,0,1,0,0,0,0,1,0,0,0,1,1,1,0,0,0,0,0,1,0,0,4,18.7752785745742,55.9321023035506,25.2926191218751,"S/CSR","@rgb(48,143,64)","@rgb(255,255,255)","@rgb(128,0,0)","@symbol(3,512,0)"
"836","Crataegus monogyna Jacq.","Crataegus monogyna","Rosaceae","Rosales","Rosanae","Dicot","Cerabolini/Pierce","perennial","tree",0,0,1,0,0,0,0,1,0,0,0,1,1,1,0,0,0,0,0,1,0,0,4,19.2166089304342,80.7833910695658,0,"S/CS","@rgb(49,206,0)","@rgb(255,255,255)","@rgb(128,0,0)","@symbol(3,512,0)"
"837","Crataegus submollis Sarg.","Crataegus submollis","Rosaceae","Rosales","Rosanae","Dicot","Cerabolini/Pierce","perennial","tree",1,0,0,0,0,0,0,1,0,0,0,1,0,0,0,0,0,0,0,0,0,0,1,42.8407816959668,36.3229156006976,20.8363027033355,"CS/CSR","@rgb(109,93,53)","@rgb(255,255,255)","@rgb(128,0,0)","@symbol(3,512,0)"
"838","Crepis aurea (L.) Cass. aurea","Crepis aurea subsp. aurea","Asteraceae","Asterales","Asteranae","Dicot","Cerabolini","perennial","forb",0,0,1,0,0,0,0,1,0,0,0,0,1,0,0,0,0,0,0,0,0,0,1,18.3151097575552,27.3226546566981,54.3622355857467,"R/CSR","@rgb(47,70,139)","@rgb(192,192,192)","@rgb(192,192,192)","@symbol(2,512,0)"
"839","Crepis capillaris (L.) Wallr.","Crepis capillaris","Asteraceae","Asterales","Asteranae","Dicot","Cerabolini/Pierce","biennial","forb",0,0,1,0,0,0,0,1,0,0,0,1,1,0,0,0,0,0,0,1,0,0,3,36.3314090999367,0,63.6685909000633,"R/CR","@rgb(93,0,162)","@rgb(192,192,192)","@rgb(192,192,192)","@symbol(2,512,0)"
"840","Crepis foetida L.","Crepis foetida","Asteraceae","Asterales","Asteranae","Dicot","Díaz","perennial","forb",0,0,1,0,0,0,0,1,0,0,0,1,1,0,0,0,0,1,0,1,1,0,5,39.1173860525453,0,60.8826139474547,"CR","@rgb(100,0,155)","@rgb(192,192,192)","@rgb(192,192,192)","@symbol(2,512,0)"
"841","Crepis froelichiana DC.","Crepis froelichiana","Asteraceae","Asterales","Asteranae","Dicot","Cerabolini/Pierce","perennial","forb",0,0,1,0,0,0,0,1,0,0,0,1,1,0,0,0,0,0,0,0,0,0,2,37.2946618999674,17.7734030141537,44.9319350858788,"CR/CSR","@rgb(95,45,115)","@rgb(192,192,192)","@rgb(192,192,192)","@symbol(2,512,0)"
"842","Crepis glabra Boiss.","Crepis caucasica","Asteraceae","Asterales","Asteranae","Dicot","Soudzilovskaia","perennial","forb",0,0,1,0,0,0,0,1,0,0,0,1,1,0,0,1,0,0,0,0,0,0,3,42.8863930541957,0,57.1136069458043,"CR","@rgb(109,0,146)","@rgb(192,192,192)","@rgb(192,192,192)","@symbol(2,512,0)"
"843","Crepis jacquinii Tausch kerneri (Rech. f.) Merxm.","Crepis jacquinii subsp. kerneri","Asteraceae","Asterales","Asteranae","Dicot","Cerabolini","perennial","forb",0,0,1,0,0,0,0,1,0,0,0,0,1,0,0,0,0,0,0,0,0,0,1,17.2868212918887,59.5264728606687,23.1867058474425,"S/CSR","@rgb(44,152,59)","@rgb(192,192,192)","@rgb(192,192,192)","@symbol(2,512,0)"
"844","Crepis pyrenaica Greuter","Crepis pyrenaica","Asteraceae","Asterales","Asteranae","Dicot","Kleyer","perennial","forb",0,0,1,0,0,0,0,1,0,0,0,1,1,0,0,0,0,0,0,1,0,0,3,44.6799693754478,11.9422927536416,43.3777378709106,"CR/CSR","@rgb(114,30,111)","@rgb(192,192,192)","@rgb(192,192,192)","@symbol(2,512,0)"
"845","Crepis setosa Haller f.","Crepis setosa","Asteraceae","Asterales","Asteranae","Dicot","Cerabolini/Pierce","biennial","forb",0,0,1,0,0,0,0,1,0,0,0,1,0,0,0,0,0,0,0,1,0,0,2,49.0434019587731,0,50.9565980412269,"CR","@rgb(125,0,130)","@rgb(192,192,192)","@rgb(192,192,192)","@symbol(2,512,0)"
"846","Crepis tectorum L.","Crepis tectorum","Asteraceae","Asterales","Asteranae","Dicot","Weiher","annual","forb",0,0,1,0,0,0,0,1,0,0,0,1,1,1,0,0,0,0,1,1,0,0,5,21.3113465370303,0,78.6886534629697,"R/CR","@rgb(54,0,201)","@rgb(192,192,192)","@rgb(192,192,192)","@symbol(2,512,0)"
"847","Crepis vesicaria L. taraxacifolia (Thuill.) Thell.","Crepis vesicaria subsp. taraxacifolia","Asteraceae","Asterales","Asteranae","Dicot","Cerabolini/Pierce","biennial","forb",0,0,1,0,0,0,0,1,0,0,0,1,0,0,0,0,0,0,0,1,0,0,2,53.5897294578539,0,46.4102705421461,"CR","@rgb(137,0,118)","@rgb(192,192,192)","@rgb(192,192,192)","@symbol(2,512,0)"
"848","Crotalaria sagittalis L.","Crotalaria sagittalis","Fabaceae","Fabales","Rosanae","Dicot","Weiher","perennial","shrub",1,1,0,0,0,0,0,2,1,1,1,1,1,0,1,1,0,0,0,0,0,0,7,6.10892490554162,85.2860124209893,8.60506267346907,"S","@rgb(16,217,22)","@rgb(192,192,192)","@rgb(0,0,0)","@symbol(6,512,0)"
"849","Croton argyratus Blume","Croton argyratus","Euphorbiaceae","Malpighiales","Rosanae","Dicot","SJ Wright Pasoh","perennial","tree",0,0,0,0,1,1,0,2,1,0,0,0,0,0,1,0,0,0,0,0,0,0,2,33.9808910566702,66.0191089433298,0,"S/CS","@rgb(87,168,0)","@rgb(255,255,255)","@rgb(128,0,0)","@symbol(3,512,0)"
"850","Croton capitatus Michx.","Croton capitatus","Euphorbiaceae","Malpighiales","Rosanae","Dicot","Weiher","perennial","forb",1,1,0,0,0,0,0,2,0,0,1,1,1,0,1,1,0,0,0,0,0,0,5,12.7221341202071,77.2210668098866,10.0567990699063,"S/CS","@rgb(32,197,26)","@rgb(192,192,192)","@rgb(192,192,192)","@symbol(2,512,0)"
"851","Cruciata glabra (L.) Ehrend. glabra","Cruciata glabra subsp. glabra","Rubiaceae","Gentianales","Asteranae","Dicot","Cerabolini/Pierce","perennial","forb",0,0,1,0,0,0,0,1,0,0,0,1,0,0,0,0,0,0,0,1,0,0,2,4.15724008588485,15.4694581714458,80.3733017426693,"R/SR","@rgb(11,39,205)","@rgb(192,192,192)","@rgb(192,192,192)","@symbol(2,512,0)"
"852","Cruciata laevipes Opiz","Cruciata laevipes","Rubiaceae","Gentianales","Asteranae","Dicot","Soudzilovskaia","perennial","forb",0,0,1,0,0,0,0,1,0,0,0,1,1,1,0,1,0,0,0,1,0,0,5,0.0422162442060841,44.1696649309918,55.7881188248021,"SR","@rgb(0,113,142)","@rgb(192,192,192)","@rgb(192,192,192)","@symbol(2,512,0)"
"853","Cucurbita pepo L.","Cucurbita pepo","Cucurbitaceae","Cucurbitales","Rosanae","Dicot","Kleyer","annual","herbaceous vine",0,1,0,0,0,0,0,1,1,1,1,0,0,0,0,0,0,0,0,0,0,0,3,86.2997180045497,0,13.7002819954502,"C","@rgb(220,0,35)","@rgb(0,0,0)","@rgb(0,255,0)","@symbol(3,512,0)"
"854","Cupania cinerea Poepp.","Cupania cinerea","Sapindaceae","Sapindales","Rosanae","Dicot","Wright","perennial","tree",0,1,0,0,0,0,0,1,1,1,1,0,0,0,0,0,1,0,0,0,0,0,4,76.5706457633287,21.4987183078641,1.93063592880723,"C/CS","@rgb(195,55,5)","@rgb(255,255,255)","@rgb(128,0,0)","@symbol(3,512,0)"
"855","Cupania impressinervia Acev.-Rodr.","Cupania impressinervia","Sapindaceae","Sapindales","Rosanae","Dicot","Pinho","perennial","tree",0,1,0,0,0,0,0,1,1,0,0,0,0,0,0,0,0,0,0,0,0,0,1,47.5708443768524,43.2300931140934,9.19906250905424,"CS","@rgb(121,110,23)","@rgb(255,255,255)","@rgb(128,0,0)","@symbol(3,512,0)"
"856","Cupania latifolia Kunth","Cupania latifolia","Sapindaceae","Sapindales","Rosanae","Dicot","Wright","perennial","tree",0,1,0,0,0,0,0,1,1,1,0,0,0,0,0,0,0,0,0,0,0,0,2,71.9128196966911,26.9617226037646,1.12545769954425,"C/CS","@rgb(183,69,3)","@rgb(255,255,255)","@rgb(128,0,0)","@symbol(3,512,0)"
"857","Cupania rufescens Triana & Planch.","Cupania rufescens","Sapindaceae","Sapindales","Rosanae","Dicot","Wright","perennial","tree",0,1,0,0,0,0,0,1,1,1,1,0,0,0,0,0,0,0,0,0,0,0,3,75.5327151160882,22.2333863274851,2.23389855642669,"C/CS","@rgb(193,57,6)","@rgb(255,255,255)","@rgb(128,0,0)","@symbol(3,512,0)"
"858","Cupania seemannii Triana & Planch.","Cupania seemannii","Sapindaceae","Sapindales","Rosanae","Dicot","Wright","perennial","tree",0,1,0,0,0,0,0,1,1,0,0,0,0,0,0,0,0,0,0,0,0,0,1,68.7836378402123,25.3707569041291,5.8456052556586,"C/CS","@rgb(175,65,15)","@rgb(255,255,255)","@rgb(128,0,0)","@symbol(3,512,0)"
"859","Cuphea ericoides Cham. & Schltdl. var. ericoides","Cuphea ericoides","Lythraceae","Myrtales","Rosanae","Dicot","Negreiros","perennial","shrub",0,1,0,0,0,0,0,1,0,0,0,0,0,0,1,0,0,0,0,0,1,0,2,0,100,0,"S","@rgb(0,255,0)","@rgb(192,192,192)","@rgb(0,0,0)","@symbol(6,512,0)"
"860","Curatella americana L.","Curatella americana","Dilleniaceae","Dilleniales","Dillenianae","Dicot","Pinho","perennial","tree",0,1,0,0,0,0,0,1,1,1,0,0,0,0,1,0,0,0,0,0,1,0,4,63.1826532271207,36.8173467728793,0,"C/CS","@rgb(161,94,0)","@rgb(255,255,255)","@rgb(128,0,0)","@symbol(3,512,0)"
"861","Cyanus segetum Hill","Centaurea cyanus","Asteraceae","Asterales","Asteranae","Dicot","Cerabolini/Pierce","biennial","forb",0,0,1,0,0,0,0,1,0,0,0,1,0,0,0,0,0,0,0,1,0,0,2,21.9124374329294,0,78.0875625670706,"R/CR","@rgb(56,0,199)","@rgb(192,192,192)","@rgb(192,192,192)","@symbol(2,512,0)"
"862","Cyclamen purpurascens Mill.","Cyclamen purpurascens","Primulaceae","Ericales","Asteranae","Dicot","Cerabolini/Pierce","perennial","forb",0,0,1,0,0,0,0,1,0,0,0,1,1,0,0,0,0,0,0,1,0,0,3,40.5819588518985,0,59.4180411481015,"CR","@rgb(103,0,152)","@rgb(192,192,192)","@rgb(192,192,192)","@symbol(2,512,0)"
"863","Cydista aequinoctialis (L.) Miers","Bignonia aequinoctialis","Bignoniaceae","Lamiales","Asteranae","Dicot","Wright","perennial","liana",0,1,0,0,0,0,0,1,1,1,1,0,0,0,1,0,0,0,0,0,1,0,5,46.1141678255176,51.1440549618157,2.74177721266667,"CS","@rgb(118,130,7)","@rgb(128,128,128)","@rgb(128,128,128)","@symbol(3,512,0)"
"864","Cynanchum nigrum Cav.","Gonolobus niger","Apocynaceae","Gentianales","Asteranae","Dicot","Siefert","perennial","liana",0,0,1,0,0,0,0,1,0,0,0,1,1,1,0,1,0,1,0,1,1,0,7,29.4866475650204,37.4395647992692,33.0737876357105,"CSR","@rgb(75,95,84)","@rgb(128,128,128)","@rgb(128,128,128)","@symbol(3,512,0)"
"865","Cynodon dactylon (L.) Pers.","Cynodon dactylon","Poaceae","Poales","Lilianae","Monocot","Kleyer","perennial","graminoid",0,0,1,1,0,0,0,2,1,0,0,0,0,0,1,0,1,1,0,1,1,0,6,11.9685864399168,41.5187301346288,46.5126834254544,"SR/CSR","@rgb(31,106,119)","@rgb(0,0,0)","@rgb(0,128,0)","@symbol(4,512,0)"
"866","Cynoglossum officinale L.","Cynoglossum officinale","Boraginaceae","Boraginales","Asteranae","Dicot","Kleyer","biennial","forb",0,0,1,0,0,0,0,1,0,0,0,1,1,1,0,0,0,0,0,1,0,0,4,45.4350883555824,0,54.5649116444176,"CR","@rgb(116,0,139)","@rgb(192,192,192)","@rgb(192,192,192)","@symbol(2,512,0)"
"867","Cynometra malaccensis Meeuwen","Cynometra malaccensis","Fabaceae","Fabales","Rosanae","Dicot","SJ Wright Pasoh","perennial","tree",0,0,0,0,1,0,0,1,1,0,0,0,0,0,0,0,0,0,0,0,0,0,1,63.403618939471,36.596381060529,0,"C/CS","@rgb(162,93,0)","@rgb(255,255,255)","@rgb(128,0,0)","@symbol(3,512,0)"
"868","Cynosurus cristatus L.","Cynosurus cristatus","Poaceae","Poales","Lilianae","Monocot","Kleyer","perennial","graminoid",0,0,1,0,0,0,0,1,0,0,0,1,1,1,0,0,0,0,0,1,0,0,4,15.0545491465367,42.1165689105196,42.8288819429437,"SR/CSR","@rgb(38,107,109)","@rgb(0,0,0)","@rgb(0,128,0)","@symbol(4,512,0)"
"869","Cyperus difformis L.","Cyperus difformis","Cyperaceae","Poales","Lilianae","Monocot","Cerabolini/Pierce","annual","graminoid",0,0,1,1,1,1,0,4,1,1,0,1,1,0,1,1,1,1,0,1,1,1,11,32.7521937171957,0,67.2478062828043,"R/CR","@rgb(84,0,171)","@rgb(0,0,0)","@rgb(0,128,0)","@symbol(4,512,0)"
"870","Cyperus flavescens L.","Cyperus flavescens","Cyperaceae","Poales","Lilianae","Monocot","Kleyer","annual","graminoid",0,0,0,1,0,0,0,1,1,0,0,0,0,0,1,0,0,1,0,0,0,0,3,11.5433534251153,0,88.4566465748847,"R","@rgb(29,0,226)","@rgb(0,0,0)","@rgb(0,128,0)","@symbol(4,512,0)"
"871","Cyperus fuscus L.","Cyperus fuscus","Cyperaceae","Poales","Lilianae","Monocot","Kleyer","annual","graminoid",0,0,1,0,0,0,0,1,0,0,0,1,1,0,0,0,0,0,0,1,1,0,4,10.8196097624361,0,89.1803902375639,"R","@rgb(28,0,227)","@rgb(0,0,0)","@rgb(0,128,0)","@symbol(4,512,0)"
"872","Cyperus longus L.","Cyperus longus","Cyperaceae","Poales","Lilianae","Monocot","Kleyer","perennial","graminoid",0,0,1,1,0,0,0,2,0,0,0,1,0,0,1,0,1,1,0,1,1,0,6,30.4522195948513,29.986431801475,39.5613486036737,"CSR","@rgb(78,76,101)","@rgb(0,0,0)","@rgb(0,128,0)","@symbol(4,512,0)"
"873","Cyrtomium fortunei J. Sm.","Cyrtomium fortunei","Dryopteridaceae","Polypodiales",NA,"Fern","Cerabolini","perennial","forb",0,0,1,0,1,0,0,2,1,0,0,1,1,0,0,0,0,0,0,0,0,0,3,79.4828400821185,0,20.5171599178814,"C/CR","@rgb(203,0,52)","@rgb(192,192,192)","@rgb(192,192,192)","@symbol(2,512,0)"
"874","Cyrtopodium parviflorum Lindl.","Cyrtopodium parviflorum","Orchidaceae","Asparagales","Lilianae","Monocot","Negreiros","perennial","forb",0,1,0,0,0,0,0,1,1,0,0,0,0,0,1,0,0,0,0,0,1,0,3,43.9942698564338,43.6289370231417,12.3767931204246,"CS/CSR","@rgb(112,111,32)","@rgb(192,192,192)","@rgb(192,192,192)","@symbol(2,512,0)"
"875","Cystopteris fragilis (L.) Bernh.","Cystopteris fragilis","Cystopteridaceae","Polypodiales",NA,"Fern","Cerabolini","perennial","forb",1,1,1,1,1,1,0,6,1,1,1,1,1,1,0,1,0,1,1,1,1,0,11,31.1180047026309,0,68.8819952973691,"R/CR","@rgb(79,0,176)","@rgb(192,192,192)","@rgb(192,192,192)","@symbol(2,512,0)"
"876","Cytisophyllum sessilifolius (L.) O. Lang","Cytisophyllum sessilifolium","Fabaceae","Fabales","Rosanae","Dicot","Cerabolini/Pierce","perennial","tree",0,0,1,0,0,0,0,1,0,0,0,1,1,0,0,0,0,0,0,1,0,0,3,13.6603806666208,44.2650166098224,42.0746027235568,"SR/CSR","@rgb(35,113,107)","@rgb(255,255,255)","@rgb(128,0,0)","@symbol(3,512,0)"
"877","Cytisus emeriflorus Rchb.","Cytisus emeriflorus","Fabaceae","Fabales","Rosanae","Dicot","Cerabolini/Pierce","perennial","tree",0,0,1,0,0,0,0,1,0,0,0,0,1,0,0,0,0,0,0,0,0,0,1,9.29442615136277,48.6062396587852,42.099334189852,"SR","@rgb(24,124,107)","@rgb(255,255,255)","@rgb(128,0,0)","@symbol(3,512,0)"
"878","Cytisus hirsutus L. hirsutus","Chamaecytisus hirsutus","Fabaceae","Fabales","Rosanae","Dicot","Cerabolini/Pierce","perennial","shrub",0,0,1,0,0,0,0,1,0,0,0,1,1,0,0,0,0,0,0,1,0,0,3,27.9095435299965,10.1079994145746,61.9824570554288,"R/CR","@rgb(71,26,158)","@rgb(192,192,192)","@rgb(0,0,0)","@symbol(6,512,0)"
"879","Cytisus nigricans L. nigricans","Cytisus nigricans subsp. nigricans","Fabaceae","Fabales","Rosanae","Dicot","Cerabolini/Pierce","perennial","tree",0,0,1,0,0,0,0,1,0,0,0,1,1,0,0,0,0,0,0,0,0,0,2,13.9344400588345,59.3607534331528,26.7048065080127,"S/CSR","@rgb(36,151,68)","@rgb(255,255,255)","@rgb(128,0,0)","@symbol(3,512,0)"
"880","Cytisus purpureus Scop.","Chamaecytisus purpureus","Fabaceae","Fabales","Rosanae","Dicot","Cerabolini/Pierce","perennial","shrub",0,0,1,0,0,0,0,1,0,0,0,1,1,0,0,0,0,0,0,0,0,0,2,10.8101995310944,50.3561494020062,38.8336510668994,"SR","@rgb(28,128,99)","@rgb(192,192,192)","@rgb(0,0,0)","@symbol(6,512,0)"
"881","Cytisus scoparius (L.) Link","Cytisus scoparius","Fabaceae","Fabales","Rosanae","Dicot","Cornelissen","perennial","shrub",0,0,1,0,0,0,0,1,0,0,0,1,1,0,0,0,0,0,0,1,0,0,3,0,84.4995259620997,15.5004740379004,"S","@rgb(0,215,40)","@rgb(192,192,192)","@rgb(0,0,0)","@symbol(6,512,0)"
"882","Dacryodes laxa (A.W. Benn.) H.J. Lam","Dacryodes laxa","Burseraceae","Sapindales","Rosanae","Dicot","SJ Wright Pasoh","perennial","tree",0,0,0,0,1,0,0,1,1,0,0,0,0,0,0,0,0,0,0,0,0,0,1,56.0781110002393,43.9218889997607,0,"CS","@rgb(143,112,0)","@rgb(255,255,255)","@rgb(128,0,0)","@symbol(3,512,0)"
"883","Dacryodes rostrata (Blume) H.J. Lam","Dacryodes rostrata","Burseraceae","Sapindales","Rosanae","Dicot","SJ Wright Pasoh","perennial","tree",0,0,0,0,1,0,0,1,1,0,0,0,0,0,0,0,0,0,0,0,0,0,1,39.7435451579063,60.2564548420937,0,"CS","@rgb(101,154,0)","@rgb(255,255,255)","@rgb(128,0,0)","@symbol(3,512,0)"
"884","Dacryodes rugosa H.J. Lam","Dacryodes rugosa","Burseraceae","Sapindales","Rosanae","Dicot","SJ Wright Pasoh","perennial","tree",0,0,0,0,1,0,0,1,1,0,0,0,0,0,0,0,0,0,0,0,0,0,1,47.0096969326717,52.9903030673283,0,"CS","@rgb(120,135,0)","@rgb(255,255,255)","@rgb(128,0,0)","@symbol(3,512,0)"
"885","Dactylis glomerata L. glomerata","Dactylis glomerata subsp. glomerata","Poaceae","Poales","Lilianae","Monocot","Cerabolini/Pierce","perennial","graminoid",0,0,1,0,0,0,0,1,0,0,0,1,1,1,0,1,0,1,1,1,0,0,7,43.6999572545587,27.9357951893977,28.3642475560436,"CSR","@rgb(111,71,72)","@rgb(0,0,0)","@rgb(0,128,0)","@symbol(4,512,0)"
"886","Dalea candida Willd.","Dalea candida","Fabaceae","Fabales","Rosanae","Dicot","Weiher","perennial","shrub",1,0,0,0,0,0,0,1,0,1,1,1,1,0,0,1,0,0,0,0,1,0,6,15.4216239639078,79.7899671595206,4.78840887657163,"S/CS","@rgb(39,203,12)","@rgb(192,192,192)","@rgb(0,0,0)","@symbol(6,512,0)"
"887","Dalea polygonoides A. Gray","Dalea polygonoides","Fabaceae","Fabales","Rosanae","Dicot","Laughlin","annual","forb",1,0,0,0,0,0,0,1,0,0,1,0,1,0,0,0,0,0,0,0,1,0,3,19.6799006648825,38.4843345911671,41.8357647439504,"SR/CSR","@rgb(50,98,107)","@rgb(192,192,192)","@rgb(192,192,192)","@symbol(2,512,0)"
"888","Dalea purpurea Vent.","Dalea purpurea","Fabaceae","Fabales","Rosanae","Dicot","Weiher","perennial","forb",1,0,0,0,0,0,0,1,0,1,1,1,1,0,0,1,0,0,0,0,0,0,5,4.98325917574982,83.2399610562666,11.7767797679836,"S","@rgb(13,212,30)","@rgb(192,192,192)","@rgb(192,192,192)","@symbol(2,512,0)"
"889","Danthonia decumbens (L.) DC. decumbens","Danthonia decumbens","Poaceae","Poales","Lilianae","Monocot","Cerabolini","perennial","graminoid",0,0,1,0,0,0,0,1,0,0,0,1,1,0,0,0,0,0,0,0,0,0,2,13.231841144568,76.028941750547,10.739217104885,"S/CS","@rgb(34,194,27)","@rgb(0,0,0)","@rgb(0,128,0)","@symbol(4,512,0)"
"890","Danthonia spicata (L.) P. Beauv. ex Roem. & Schult.","Danthonia spicata","Poaceae","Poales","Lilianae","Monocot","Shipley","perennial","graminoid",1,0,0,0,0,0,0,1,0,0,1,1,1,1,0,1,0,0,0,0,0,0,5,18.6351431474918,77.193450834684,4.1714060178243,"S/CS","@rgb(48,197,11)","@rgb(0,0,0)","@rgb(0,128,0)","@symbol(4,512,0)"
"891","Daphne cneorum L.","Daphne cneorum","Thymelaeaceae","Malvales","Rosanae","Dicot","Cerabolini","perennial","shrub",0,0,1,0,0,0,0,1,0,0,0,1,1,0,0,0,0,0,0,1,0,0,3,3.19053959015209,71.2970797192336,25.5123806906143,"S/SR","@rgb(8,182,65)","@rgb(192,192,192)","@rgb(0,0,0)","@symbol(6,512,0)"
"892","Daphne gnidium L.","Daphne gnidium","Thymelaeaceae","Malvales","Rosanae","Dicot","Cerabolini/Pierce","perennial","tree",0,0,1,0,0,0,0,1,0,0,0,1,0,0,0,0,0,0,0,1,0,0,2,8.46793389702895,52.8041123019096,38.7279538010615,"SR","@rgb(22,135,99)","@rgb(255,255,255)","@rgb(128,0,0)","@symbol(3,512,0)"
"893","Daphne laureola L.","Daphne laureola","Thymelaeaceae","Malvales","Rosanae","Dicot","Cerabolini/Pierce","perennial","tree",0,0,1,0,0,0,0,1,0,0,0,1,1,0,0,0,0,0,0,1,0,0,3,43.7022839814618,48.9616808722603,7.33603514627797,"CS","@rgb(111,125,19)","@rgb(255,255,255)","@rgb(128,0,0)","@symbol(3,512,0)"
"894","Daphne mezereum L.","Daphne mezereum","Thymelaeaceae","Malvales","Rosanae","Dicot","Cerabolini/Pierce","perennial","tree",0,0,1,0,0,0,0,1,0,0,0,1,1,1,0,0,0,0,1,1,0,0,5,31.9716275925954,8.04977074272244,59.9786016646822,"R/CR","@rgb(82,21,153)","@rgb(255,255,255)","@rgb(128,0,0)","@symbol(3,512,0)"
"895","Datura stramonium L.","Datura stramonium","Solanaceae","Solanales","Asteranae","Dicot","Kleyer","annual","forb",1,1,0,0,0,0,0,2,1,1,1,0,0,0,0,0,0,0,0,0,1,0,4,72.6186583842185,0,27.3813416157815,"C/CR","@rgb(185,0,70)","@rgb(192,192,192)","@rgb(192,192,192)","@symbol(2,512,0)"
"896","Daucus carota L.","Daucus carota","Apiaceae","Apiales","Asteranae","Dicot","Shipley","biennial","forb",0,0,1,0,0,0,0,1,0,0,0,0,0,0,0,1,0,1,0,0,1,0,3,29.1960206538621,41.311816550138,29.4921627959999,"CSR","@rgb(74,105,75)","@rgb(192,192,192)","@rgb(192,192,192)","@symbol(2,512,0)"
"897","Davilla nitida (Vahl) Kubitzk","Davilla nitida","Dilleniaceae","Dilleniales","Dillenianae","Dicot","Wright","perennial","liana",0,1,0,0,0,0,0,1,1,1,1,0,0,0,1,0,0,0,0,0,0,0,4,39.354795776849,48.6966572446673,11.9485469784838,"CS/CSR","@rgb(100,124,30)","@rgb(128,128,128)","@rgb(128,128,128)","@symbol(3,512,0)"
"898","Declieuxia fruticosa (Willd. ex Roem. & Schult.) Kuntze","Declieuxia fruticosa","Rubiaceae","Gentianales","Asteranae","Dicot","Negreiros","perennial","shrub",0,1,0,0,0,0,0,1,1,1,1,0,0,0,1,0,1,0,0,0,1,0,6,20.3706948444245,79.6293051555755,0,"S/CS","@rgb(52,203,0)","@rgb(192,192,192)","@rgb(0,0,0)","@symbol(6,512,0)"
"899","Dendropanax arboreus (L.) Decne. & Planch.","Dendropanax arboreus","Araliaceae","Apiales","Asteranae","Dicot","Wright","perennial","shrub",0,1,0,0,0,0,0,1,1,1,1,0,0,0,1,0,0,0,0,0,0,0,4,57.1798760440566,34.8903737596118,7.92975019633153,"CS","@rgb(146,89,20)","@rgb(192,192,192)","@rgb(0,0,0)","@symbol(6,512,0)"
"900","Dennstaedtia punctilobula (Michx.) T. Moore","Dennstaedtia punctilobula","Dennstaedtiaceae","Polypodiales",NA,"Fern","Siefert","perennial","forb",1,0,0,0,0,0,0,1,0,0,0,1,0,1,0,0,0,0,0,0,0,0,2,22.7144793387185,31.4726335758811,45.8128870854004,"R/CSR","@rgb(58,80,117)","@rgb(192,192,192)","@rgb(192,192,192)","@symbol(2,512,0)"
"901","Deschampsia cespitosa (L.) P. Beauv.","Deschampsia cespitosa","Poaceae","Poales","Lilianae","Monocot","Soudzilovskaia","perennial","graminoid",1,0,1,0,1,0,0,3,1,0,0,1,1,1,0,1,0,1,1,1,1,0,9,13.4554225614985,66.4743878065608,20.0701896319407,"S/SR","@rgb(34,170,51)","@rgb(0,0,0)","@rgb(0,128,0)","@symbol(4,512,0)"
"902","Deschampsia flexuosa (L.) Trin.","Avenella flexuosa","Poaceae","Poales","Lilianae","Monocot","Wright","perennial","graminoid",1,0,1,0,0,0,0,2,0,0,0,1,1,1,0,0,0,0,1,1,0,0,5,1.66393830580654,68.1535083022871,30.1825533919064,"S/SR","@rgb(4,174,77)","@rgb(0,0,0)","@rgb(0,128,0)","@symbol(4,512,0)"
"903","Deschampsia setacea (Huds.) Hack.","Deschampsia setacea","Poaceae","Poales","Lilianae","Monocot","Kleyer","perennial","graminoid",0,0,1,0,0,0,0,1,0,0,0,1,1,0,0,0,0,0,0,0,0,0,2,0,71.0360401502875,28.9639598497125,"S/SR","@rgb(0,181,74)","@rgb(0,0,0)","@rgb(0,128,0)","@symbol(4,512,0)"
"904","Descurainia sophia (L.) Webb ex Prantl","Descurainia sophia","Brassicaceae","Brassicales","Rosanae","Dicot","Kleyer","biennial","forb",0,0,1,0,1,0,0,2,0,0,1,1,1,1,0,0,0,1,1,1,1,0,8,31.1274224616802,1.00473043496112,67.8678471033587,"R/CR","@rgb(79,3,173)","@rgb(192,192,192)","@rgb(192,192,192)","@symbol(2,512,0)"
"905","Desmanthus illinoensis (Michx.) MacMill. ex B.L. Rob. & Fernald","Desmanthus illinoensis","Fabaceae","Fabales","Rosanae","Dicot","Weiher","perennial","shrub",1,0,0,0,0,0,0,1,0,0,1,1,1,0,1,1,0,0,0,0,1,0,6,8.63069808202002,72.3485601895144,19.0207417284656,"S/SR","@rgb(22,184,49)","@rgb(192,192,192)","@rgb(0,0,0)","@symbol(6,512,0)"
"906","Desmazeria rigida (L.) Tutin","Catapodium rigidum","Poaceae","Poales","Lilianae","Monocot","Wright","annual","graminoid",0,0,1,0,0,0,0,1,0,0,0,1,0,0,0,0,0,0,0,1,0,0,2,0.138116298341077,60.5160607333693,39.3458229682896,"SR","@rgb(0,154,100)","@rgb(0,0,0)","@rgb(0,128,0)","@symbol(4,512,0)"
"907","Desmodium canadense (L.) DC.","Desmodium canadense","Fabaceae","Fabales","Rosanae","Dicot","Weiher","perennial","forb",1,0,0,0,0,0,0,1,0,0,0,1,1,0,0,1,0,0,0,0,0,0,3,27.2575938510098,47.3191768726638,25.4232292763264,"S/CSR","@rgb(70,121,65)","@rgb(192,192,192)","@rgb(192,192,192)","@symbol(2,512,0)"
"908","Desmodium ciliare (Muhl. ex Willd.) DC.","Desmodium ciliare","Fabaceae","Fabales","Rosanae","Dicot","Weiher","perennial","forb",1,0,0,0,0,0,0,1,0,0,0,1,1,0,1,1,0,0,0,0,0,0,4,7.85925087842971,82.6525643976175,9.48818472395277,"S","@rgb(20,211,24)","@rgb(192,192,192)","@rgb(192,192,192)","@symbol(2,512,0)"
"909","Desmodium illinoense A. Gray","Desmodium illinoense","Fabaceae","Fabales","Rosanae","Dicot","Weiher","perennial","forb",1,0,0,0,0,0,0,1,0,0,0,1,0,0,0,1,0,0,0,0,0,0,2,36.5814558552676,40.6017780041512,22.8167661405812,"CS/CSR","@rgb(93,104,58)","@rgb(192,192,192)","@rgb(192,192,192)","@symbol(2,512,0)"
"910","Desmopsis panamensis (B.L. Rob.) Saff.","Desmopsis panamensis","Annonaceae","Magnoliales","Magnolianae","Dicot","Wright","perennial","tree",0,1,0,0,0,0,0,1,1,0,0,0,0,0,0,0,0,0,0,0,0,0,1,46.6857137982989,38.8176834117115,14.4966027899896,"CS/CSR","@rgb(119,99,37)","@rgb(255,255,255)","@rgb(128,0,0)","@symbol(3,512,0)"
"911","Deutzia crenata Siebold & Zuccarini","Deutzia crenata","Hydrangeaceae","Cornales","Asteranae","Dicot","Cerabolini/Pierce","perennial","tree",0,0,1,0,0,0,0,1,0,0,0,1,0,0,0,0,0,0,0,0,0,0,1,36.6974206376412,44.3709461930844,18.9316331692744,"CS/CSR","@rgb(94,113,48)","@rgb(255,255,255)","@rgb(128,0,0)","@symbol(3,512,0)"
"912","Dialium guianense (Aubl.) Sandwith","Dialium guianense","Fabaceae","Fabales","Rosanae","Dicot","Pinho","perennial","tree",0,1,0,0,0,0,0,1,1,1,0,0,0,0,1,0,0,0,0,0,1,0,4,32.7570904574495,34.9244514788546,32.3184580636959,"CSR","@rgb(84,89,82)","@rgb(255,255,255)","@rgb(128,0,0)","@symbol(3,512,0)"
"913","Dialium platysepalum Baker","Dialium platysepalum","Fabaceae","Fabales","Rosanae","Dicot","SJ Wright Pasoh","perennial","tree",0,0,0,0,1,0,0,1,1,0,0,0,0,0,0,0,0,0,0,0,0,0,1,41.8003727050968,53.7978424059496,4.40178488895359,"CS","@rgb(107,137,11)","@rgb(255,255,255)","@rgb(128,0,0)","@symbol(3,512,0)"
"914","Dianthus armeria L.","Dianthus armeria","Caryophyllaceae","Caryophyllales","Caryophyllanae","Dicot","Kleyer","annual","forb",0,0,1,0,0,0,0,1,0,0,0,1,0,0,0,0,0,0,0,1,0,0,2,24.3538399001144,28.9628425216238,46.6833175782618,"R/CSR","@rgb(62,74,119)","@rgb(192,192,192)","@rgb(192,192,192)","@symbol(2,512,0)"
"915","Dianthus barbatus L.","Dianthus barbatus","Caryophyllaceae","Caryophyllales","Caryophyllanae","Dicot","Kleyer","perennial","forb",0,0,1,0,0,0,0,1,0,0,0,1,1,1,0,0,0,0,0,1,0,0,4,36.1676225876498,33.6621419206972,30.170235491653,"CSR","@rgb(92,86,77)","@rgb(192,192,192)","@rgb(192,192,192)","@symbol(2,512,0)"
"916","Dianthus carthusianorum L.","Dianthus carthusianorum","Caryophyllaceae","Caryophyllales","Caryophyllanae","Dicot","Cerabolini","perennial","forb",0,0,1,0,0,0,0,1,0,0,0,1,1,0,0,0,0,0,0,1,0,0,3,16.1484642036286,61.4157309825165,22.4358048138549,"S/CSR","@rgb(41,157,57)","@rgb(192,192,192)","@rgb(192,192,192)","@symbol(2,512,0)"
"917","Dianthus gratianopolitanus Vill.","Dianthus gratianopolitanus","Caryophyllaceae","Caryophyllales","Caryophyllanae","Dicot","Kleyer","perennial","forb",0,0,1,0,0,0,0,1,0,0,0,1,1,0,0,0,0,0,0,0,0,0,2,6.6503343021193,57.2471393685133,36.1025263293674,"SR","@rgb(17,146,92)","@rgb(192,192,192)","@rgb(192,192,192)","@symbol(2,512,0)"
"918","Dianthus seguieri Vill.","Dianthus seguieri","Caryophyllaceae","Caryophyllales","Caryophyllanae","Dicot","Cerabolini/Pierce","perennial","forb",0,0,1,0,0,0,0,1,0,0,0,1,1,0,0,0,0,0,0,1,0,0,3,10.1442753084629,64.9820347378121,24.873689953725,"S/SR","@rgb(26,166,63)","@rgb(192,192,192)","@rgb(192,192,192)","@symbol(2,512,0)"
"919","Dianthus superbus L.","Dianthus superbus","Caryophyllaceae","Caryophyllales","Caryophyllanae","Dicot","Kleyer","perennial","forb",0,0,1,0,1,0,0,2,1,0,0,1,1,1,0,0,0,0,1,1,0,0,6,19.6141734064953,22.2630893088353,58.1227372846693,"R/CSR","@rgb(50,57,148)","@rgb(192,192,192)","@rgb(192,192,192)","@symbol(2,512,0)"
"920","Dianthus sylvestris Wulfen","Dianthus sylvestris","Caryophyllaceae","Caryophyllales","Caryophyllanae","Dicot","Cerabolini/Pierce","perennial","forb",0,0,1,0,0,0,0,1,0,0,0,1,1,0,0,0,0,0,0,1,0,0,3,15.0278748872391,84.9721251127609,0,"S","@rgb(38,217,0)","@rgb(192,192,192)","@rgb(192,192,192)","@symbol(2,512,0)"
"921","Diapensia lapponica L.","Diapensia lapponica","Diapensiaceae","Ericales","Asteranae","Dicot","Kleyer","perennial","forb",1,0,1,0,0,0,0,2,0,0,0,1,0,1,0,0,0,0,1,0,0,0,3,0,100,0,"S","@rgb(0,255,0)","@rgb(192,192,192)","@rgb(192,192,192)","@symbol(2,512,0)"
"922","Dichanthelium ensifolium (Baldwin ex Elliott) Gould","Dichanthelium ensifolium","Poaceae","Poales","Lilianae","Monocot","Weiher","perennial","graminoid",1,1,0,0,0,0,0,2,0,0,1,0,0,0,0,0,0,0,0,0,0,0,1,8.66762184405827,42.0749042927181,49.2574738632236,"SR","@rgb(22,107,126)","@rgb(0,0,0)","@rgb(0,128,0)","@symbol(4,512,0)"
"923","Dichanthelium linearifolium (Scribn.) Gould","Dichanthelium linearifolium","Poaceae","Poales","Lilianae","Monocot","Weiher","perennial","graminoid",1,0,0,0,0,0,0,1,0,0,0,1,1,0,0,1,0,0,0,0,0,0,3,13.6618358309811,53.781089170371,32.5570749986479,"S/CSR","@rgb(35,137,83)","@rgb(0,0,0)","@rgb(0,128,0)","@symbol(4,512,0)"
"924","Dichanthelium oligosanthes (Schult.) Gould","Dichanthelium oligosanthes","Poaceae","Poales","Lilianae","Monocot","Weiher","perennial","graminoid",1,1,0,0,0,0,0,2,1,0,1,1,1,0,0,1,0,0,0,0,0,0,5,14.424899654516,48.8191955435541,36.7559048019299,"SR/CSR","@rgb(37,124,94)","@rgb(0,0,0)","@rgb(0,128,0)","@symbol(4,512,0)"
"925","Dichanthium ischaemum (L.) Roberty","Bothriochloa ischaemum","Poaceae","Poales","Lilianae","Monocot","Wright","perennial","graminoid",0,0,1,0,0,0,0,1,0,0,0,1,0,0,0,0,0,0,0,1,0,0,2,9.36834124621703,50.3428930176177,40.2887657361653,"SR","@rgb(24,128,103)","@rgb(0,0,0)","@rgb(0,128,0)","@symbol(4,512,0)"
"926","Dictamnus albus L.","Dictamnus albus","Rutaceae","Sapindales","Rosanae","Dicot","Cerabolini/Pierce","perennial","forb",0,0,1,0,1,0,0,2,0,0,0,1,1,0,0,0,0,1,0,0,0,0,3,53.991699929422,35.4267602869024,10.5815397836757,"CS","@rgb(138,90,27)","@rgb(192,192,192)","@rgb(192,192,192)","@symbol(2,512,0)"
"927","Digitalis grandiflora Mill.","Digitalis grandiflora","Plantaginaceae","Lamiales","Asteranae","Dicot","Kleyer","biennial","forb",0,0,1,0,0,0,0,1,0,0,0,1,1,0,0,0,0,0,0,0,0,0,2,50.9337748423665,7.718093516946,41.3481316406875,"CR","@rgb(130,20,105)","@rgb(192,192,192)","@rgb(192,192,192)","@symbol(2,512,0)"
"928","Digitalis lutea L.","Digitalis lutea","Plantaginaceae","Lamiales","Asteranae","Dicot","Kleyer","perennial","forb",0,0,1,0,0,0,0,1,0,0,0,1,1,0,0,0,0,0,0,1,0,0,3,57.6367637066016,3.08689734961,39.2763389437884,"CR","@rgb(147,8,100)","@rgb(192,192,192)","@rgb(192,192,192)","@symbol(2,512,0)"
"929","Digitaria ischaemum (Schreb.) Muhl.","Digitaria ischaemum","Poaceae","Poales","Lilianae","Monocot","Kleyer","annual","graminoid",0,0,1,0,0,0,0,1,0,0,0,1,1,0,0,0,0,1,0,1,0,0,4,9.50774477200187,3.64797906121679,86.8442761667813,"R","@rgb(24,9,221)","@rgb(0,0,0)","@rgb(0,128,0)","@symbol(4,512,0)"
"930","Digitaria milanjiana (Rendle) Stapf",NA,"Poaceae","Poales","Lilianae","Monocot","Buffa/Nyakunga","perennial","graminoid",0,0,0,1,0,0,0,1,1,0,0,0,0,0,1,0,1,1,0,0,0,1,5,34.9507709419015,30.204881974102,34.8443470839965,"CSR","@rgb(89,77,89)","@rgb(0,0,0)","@rgb(0,128,0)","@symbol(4,512,0)"
"931","Digitaria sanguinalis (L.) Scop.","Digitaria sanguinalis","Poaceae","Poales","Lilianae","Monocot","Cerabolini/Pierce","annual","graminoid",0,0,1,0,1,0,0,2,1,0,0,1,1,0,0,0,0,1,0,1,1,0,6,38.7315983367143,0,61.2684016632857,"CR","@rgb(99,0,156)","@rgb(0,0,0)","@rgb(0,128,0)","@symbol(4,512,0)"
"932","Diospyros apiculata Hiern","Diospyros apiculata","Ebenaceae","Ericales","Asteranae","Dicot","SJ Wright Pasoh","perennial","tree",0,0,0,0,1,0,0,1,1,1,0,0,0,0,0,0,0,0,0,0,0,0,2,40.4174887680313,54.5692804175547,5.0132308144139,"CS","@rgb(103,139,13)","@rgb(255,255,255)","@rgb(128,0,0)","@symbol(3,512,0)"
"933","Diospyros artanthifolia Mart.","Diospyros artanthifolia","Ebenaceae","Ericales","Asteranae","Dicot","Wright","perennial","tree",0,1,0,0,0,0,0,1,1,1,0,0,0,0,0,0,0,0,0,0,0,0,2,36.1184866459888,58.5158893761428,5.36562397786837,"CS","@rgb(92,149,14)","@rgb(255,255,255)","@rgb(128,0,0)","@symbol(3,512,0)"
"934","Diospyros lotus L.","Diospyros lotus","Ebenaceae","Ericales","Asteranae","Dicot","Cerabolini/Pierce","perennial","tree",0,0,1,0,1,0,0,2,1,0,0,1,1,0,0,0,0,1,0,0,1,0,5,44.6636721630615,52.439140582931,2.89718725400756,"CS","@rgb(114,134,7)","@rgb(255,255,255)","@rgb(128,0,0)","@symbol(3,512,0)"
"935","Diospyros nutans King & Gamble","Diospyros nutans","Ebenaceae","Ericales","Asteranae","Dicot","SJ Wright Pasoh","perennial","shrub",0,0,0,0,1,0,0,1,1,0,0,0,0,0,0,0,0,0,0,0,0,0,1,33.4424301840728,60.4119091169243,6.14566069900281,"S/CS","@rgb(85,154,16)","@rgb(192,192,192)","@rgb(0,0,0)","@symbol(6,512,0)"
"936","Diospyros scortechinii King & Gamble","Diospyros scortechinii","Ebenaceae","Ericales","Asteranae","Dicot","SJ Wright Pasoh","perennial","tree",0,0,0,0,1,0,0,1,1,0,0,0,0,0,0,0,0,0,0,0,0,0,1,26.7759363036589,71.4018036858653,1.82226001047576,"S/CS","@rgb(68,182,5)","@rgb(255,255,255)","@rgb(128,0,0)","@symbol(3,512,0)"
"937","Diospyros venosa Wall. ex A. DC.","Diospyros venosa","Ebenaceae","Ericales","Asteranae","Dicot","SJ Wright Pasoh","perennial","tree",0,0,0,0,1,0,0,1,1,0,0,0,0,0,0,0,0,0,0,0,0,0,1,32.1914564537647,67.7894192765482,0.0191242696871039,"S/CS","@rgb(82,173,0)","@rgb(255,255,255)","@rgb(128,0,0)","@symbol(3,512,0)"
"938","Diospyros virginiana L.","Diospyros virginiana","Ebenaceae","Ericales","Asteranae","Dicot","Weiher","perennial","tree",1,0,0,0,0,0,0,1,0,0,1,1,1,0,0,1,0,0,0,1,0,0,5,12.7725681874267,80.6373654015444,6.59006641102892,"S","@rgb(33,206,17)","@rgb(255,255,255)","@rgb(128,0,0)","@symbol(3,512,0)"
"939","Diphasiastrum alpinum (L.) Holub","Lycopodium alpinum","Lycopodiaceae","Lycopodiales",NA,"Fern","Kleyer","perennial","shrub",1,0,1,0,0,0,0,2,0,0,0,1,1,1,0,0,0,0,1,0,0,0,4,7.22136391018783,83.7452847304398,9.03335135937235,"S","@rgb(18,214,23)","@rgb(192,192,192)","@rgb(0,0,0)","@symbol(6,512,0)"
"940","Diphasiastrum complanatum (L.) Holub","Lycopodium complanatum","Lycopodiaceae","Lycopodiales",NA,"Fern","Kleyer","perennial","shrub",1,0,1,0,0,0,0,2,0,0,0,1,1,1,0,1,0,0,1,1,0,0,6,12.0749321991597,87.9250678008403,0,"S","@rgb(31,224,0)","@rgb(192,192,192)","@rgb(0,0,0)","@symbol(6,512,0)"
"941","Diplospora malaccensis Hook. f.","Discospermum malaccense","Rubiaceae","Gentianales","Asteranae","Dicot","SJ Wright Pasoh","perennial","tree",0,0,0,0,1,0,0,1,1,0,0,0,0,0,0,0,0,0,0,0,0,0,1,59.8515361411567,38.418360840873,1.73010301797028,"CS","@rgb(153,98,4)","@rgb(255,255,255)","@rgb(128,0,0)","@symbol(3,512,0)"
"942","Diplotaxis muralis (L.) DC.","Diplotaxis muralis","Brassicaceae","Brassicales","Rosanae","Dicot","Kleyer","biennial","forb",0,0,1,0,0,0,0,1,0,0,0,1,1,1,0,0,0,0,0,1,0,0,4,39.2363455058144,0,60.7636544941856,"CR","@rgb(100,0,155)","@rgb(192,192,192)","@rgb(192,192,192)","@symbol(2,512,0)"
"943","Diplusodon orbicularis Koehne","Diplusodon orbicularis","Lythraceae","Myrtales","Rosanae","Dicot","Negreiros","perennial","shrub",0,1,0,0,0,0,0,1,0,0,0,0,0,0,1,0,0,0,0,0,0,0,1,4.54124866398664,95.4587513360134,0,"S","@rgb(12,243,0)","@rgb(192,192,192)","@rgb(0,0,0)","@symbol(6,512,0)"
"944","Dipsacus pilosus L.","Dipsacus pilosus","Caprifoliaceae","Dipsacales","Asteranae","Dicot","Kleyer","biennial","forb",0,0,1,0,0,0,0,1,0,0,0,1,0,0,0,0,0,0,0,0,0,0,1,56.1004001809066,0,43.8995998190934,"CR","@rgb(143,0,112)","@rgb(192,192,192)","@rgb(192,192,192)","@symbol(2,512,0)"
"945","Dipsacus strigosus Willd. ex Roem. & Schult.","Dipsacus strigosus","Caprifoliaceae","Dipsacales","Asteranae","Dicot","Kleyer","biennial","forb",0,0,1,0,0,0,0,1,0,0,0,1,0,0,0,0,0,0,0,0,0,0,1,70.8569102476436,18.3971863542309,10.7459033981255,"C/CS","@rgb(181,47,27)","@rgb(192,192,192)","@rgb(192,192,192)","@symbol(2,512,0)"
"946","Dipterocarpus cornutus Dyer","Dipterocarpus cornutus","Dipterocarpaceae","Malvales","Rosanae","Dicot","SJ Wright Pasoh","perennial","tree",0,0,0,0,1,0,0,1,1,0,0,0,0,0,0,0,0,0,0,0,0,0,1,32.780318324936,64.8271442310247,2.39253744403933,"S/CS","@rgb(84,165,6)","@rgb(255,255,255)","@rgb(128,0,0)","@symbol(3,512,0)"
"947","Dipteryx oleifera Benth.","Dipteryx oleifera","Fabaceae","Fabales","Rosanae","Dicot","Wright","perennial","tree",0,1,0,0,0,0,0,1,1,1,0,0,0,0,0,0,0,0,0,0,0,0,2,73.5922419049489,20.356459634263,6.0512984607881,"C/CS","@rgb(188,52,15)","@rgb(255,255,255)","@rgb(128,0,0)","@symbol(3,512,0)"
"948","Dittrichia viscosa (L.) Greuter","Dittrichia viscosa","Asteraceae","Asterales","Asteranae","Dicot","Cerabolini","perennial","shrub",0,0,1,0,0,0,0,1,0,0,0,1,0,0,0,0,0,0,0,1,0,0,2,45.3763378739019,0,54.6236621260981,"CR","@rgb(116,0,139)","@rgb(192,192,192)","@rgb(0,0,0)","@symbol(6,512,0)"
"949","Dolichorrhiza caucasica (M.Bieb.) Galushko",NA,"Asteraceae","Asterales","Asteranae","Dicot","Soudzilovskaia","perennial","shrub",0,0,1,0,0,0,0,1,0,0,0,1,0,0,0,0,0,0,0,0,0,0,1,40.8884193310191,0,59.1115806689809,"CR","@rgb(104,0,151)","@rgb(192,192,192)","@rgb(0,0,0)","@symbol(6,512,0)"
"950","Dolichos oliveri Schweinf.",NA,"Fabaceae","Fabales","Rosanae","Dicot","Buffa/Nyakunga","perennial","shrub",0,0,0,1,0,0,0,1,1,0,0,0,0,0,1,0,0,1,0,0,0,0,3,63.8473566778217,25.4721163630342,10.680526959144,"C/CS","@rgb(163,65,27)","@rgb(192,192,192)","@rgb(0,0,0)","@symbol(6,512,0)"
"951","Doliocarpus major J.F. Gmel.","Doliocarpus major","Dilleniaceae","Dilleniales","Dillenianae","Dicot","Wright","perennial","liana",0,1,0,0,0,0,0,1,1,1,0,0,0,0,1,0,0,0,0,0,0,0,3,39.2396702989452,47.7180092448832,13.0423204561716,"CS/CSR","@rgb(100,122,33)","@rgb(128,128,128)","@rgb(128,128,128)","@symbol(3,512,0)"
"952","Doliocarpus olivaceus Sprague & R.O. Williams ex Standl.",NA,"Dilleniaceae","Dilleniales","Dillenianae","Dicot","Wright","perennial","liana",0,1,0,0,0,0,0,1,1,0,0,0,0,0,0,0,0,0,0,0,0,0,1,50.4728287905015,40.0048333519067,9.5223378575918,"CS","@rgb(129,102,24)","@rgb(128,128,128)","@rgb(128,128,128)","@symbol(3,512,0)"
"953","Doronicum clusii (All.) Tausch","Doronicum clusii","Asteraceae","Asterales","Asteranae","Dicot","Cerabolini","perennial","forb",0,0,1,0,0,0,0,1,0,0,0,1,1,0,0,0,0,0,0,0,0,0,2,36.5052499590337,0,63.4947500409663,"R/CR","@rgb(93,0,162)","@rgb(192,192,192)","@rgb(192,192,192)","@symbol(2,512,0)"
"954","Doronicum grandiflorum Lam.","Doronicum grandiflorum","Asteraceae","Asterales","Asteranae","Dicot","Cerabolini","perennial","forb",0,0,1,0,0,0,0,1,0,0,0,1,1,0,0,0,0,0,0,1,0,0,3,39.2930038931367,0,60.7069961068633,"CR","@rgb(100,0,155)","@rgb(192,192,192)","@rgb(192,192,192)","@symbol(2,512,0)"
"955","Dorycnium herbaceum Vill.","Lotus herbaceus","Fabaceae","Fabales","Rosanae","Dicot","Cerabolini/Pierce","perennial","shrub",0,0,1,0,0,0,0,1,0,0,0,1,1,0,0,0,0,0,0,1,0,0,3,9.91702617475217,51.4763501593082,38.6066236659397,"SR","@rgb(25,131,98)","@rgb(192,192,192)","@rgb(0,0,0)","@symbol(6,512,0)"
"956","Draba aizoides L.","Draba aizoides","Brassicaceae","Brassicales","Rosanae","Dicot","Kleyer","perennial","forb",0,0,1,0,0,0,0,1,0,0,0,1,1,0,0,0,0,0,0,1,0,0,3,0,66.3829851683801,33.6170148316199,"S/SR","@rgb(0,169,86)","@rgb(192,192,192)","@rgb(192,192,192)","@symbol(2,512,0)"
"957","Draba asprella Greene","Draba asprella","Brassicaceae","Brassicales","Rosanae","Dicot","Laughlin","perennial","forb",1,0,0,0,0,0,0,1,0,0,0,0,1,0,0,0,0,0,0,0,0,0,1,5.1385982954619,38.9489046565215,55.9124970480166,"SR","@rgb(13,99,143)","@rgb(192,192,192)","@rgb(192,192,192)","@symbol(2,512,0)"
"958","Draba dubia Suter","Draba dubia","Brassicaceae","Brassicales","Rosanae","Dicot","Caccianiga","perennial","forb",0,0,1,0,0,0,0,1,0,0,0,1,1,0,0,0,0,0,0,1,0,0,3,0,85.0423326777331,14.9576673222669,"S","@rgb(0,217,38)","@rgb(192,192,192)","@rgb(192,192,192)","@symbol(2,512,0)"
"959","Draba hispida Willd.","Draba hispida","Brassicaceae","Brassicales","Rosanae","Dicot","Soudzilovskaia","perennial","forb",0,0,1,0,0,0,0,1,0,0,0,1,1,0,0,0,0,0,0,0,0,0,2,0.666691913985805,0,99.3333080860142,"R","@rgb(2,0,253)","@rgb(192,192,192)","@rgb(192,192,192)","@symbol(2,512,0)"
"960","Dracaena sanderiana Sander","Dracaena braunii","Asparagaceae","Asparagales","Lilianae","Monocot","Shipley","perennial","forb",0,0,0,1,0,0,0,1,1,0,0,0,0,0,1,0,0,0,0,0,0,0,2,23.4365377110309,54.2893414299917,22.2741208589774,"S/CSR","@rgb(60,138,57)","@rgb(192,192,192)","@rgb(192,192,192)","@symbol(2,512,0)"
"961","Drosera anglica Huds.","Drosera anglica","Droseraceae","Caryophyllales","Caryophyllanae","Dicot","Kleyer","perennial","forb",1,0,1,0,0,0,1,3,1,0,0,1,1,1,0,1,0,0,1,1,0,0,7,7.57443249684055,0,92.4255675031594,"R","@rgb(19,0,236)","@rgb(192,192,192)","@rgb(192,192,192)","@symbol(2,512,0)"
"962","Drosera intermedia Hayne","Drosera intermedia","Droseraceae","Caryophyllales","Caryophyllanae","Dicot","Kleyer","perennial","forb",1,1,1,0,0,0,0,3,1,0,0,1,1,1,0,0,0,0,0,1,0,0,5,0,12.4729068137917,87.5270931862083,"R","@rgb(0,32,223)","@rgb(192,192,192)","@rgb(192,192,192)","@symbol(2,512,0)"
"963","Drosera rotundifolia L.","Drosera rotundifolia","Droseraceae","Caryophyllales","Caryophyllanae","Dicot","Kleyer","perennial","forb",1,0,1,0,0,0,0,2,0,0,0,1,1,1,0,1,0,0,1,1,0,0,6,3.65702923493707,0,96.3429707650629,"R","@rgb(9,0,246)","@rgb(192,192,192)","@rgb(192,192,192)","@symbol(2,512,0)"
"964","Dryas octopetala L.","Dryas octopetala","Rosaceae","Rosales","Rosanae","Dicot","Cornelissen","perennial","shrub",1,0,1,0,0,0,0,2,0,0,0,1,1,1,0,0,0,1,1,0,0,0,5,7.46664326379202,80.6270850133552,11.9062717228528,"S","@rgb(19,206,30)","@rgb(192,192,192)","@rgb(0,0,0)","@symbol(6,512,0)"
"965","Dryopteris affinis (Lowe) Fraser-Jenk.","Dryopteris affinis","Dryopteridaceae","Polypodiales",NA,"Fern","Cerabolini/Pierce","perennial","forb",0,0,1,0,0,0,0,1,0,0,0,1,1,1,0,0,0,0,1,1,0,0,5,71.7004977502222,6.79730377328953,21.5021984764883,"C/CR","@rgb(183,17,55)","@rgb(192,192,192)","@rgb(192,192,192)","@symbol(2,512,0)"
"966","Dryopteris carthusiana (Vill.) H. P. Fuchs","Dryopteris carthusiana","Dryopteridaceae","Polypodiales",NA,"Fern","Cerabolini","perennial","forb",1,0,1,0,0,0,0,2,0,0,0,1,1,1,0,1,0,0,1,1,0,0,6,73.4480926541415,9.49788299808406,17.0540243477744,"C/CR","@rgb(187,24,43)","@rgb(192,192,192)","@rgb(192,192,192)","@symbol(2,512,0)"
"967","Dryopteris dilatata (Hoffm.) A. Gray","Dryopteris dilatata","Dryopteridaceae","Polypodiales",NA,"Fern","Cerabolini/Pierce","perennial","forb",0,0,1,0,0,0,0,1,0,0,0,1,1,1,0,0,0,0,1,1,0,0,5,42.3743055445118,18.7327151611208,38.8929792943674,"CR/CSR","@rgb(108,48,99)","@rgb(192,192,192)","@rgb(192,192,192)","@symbol(2,512,0)"
"968","Dryopteris expansa (Presl.) Fraser-Jenk. & Jermy","Dryopteris expansa","Dryopteridaceae","Polypodiales",NA,"Fern","Cerabolini/Pierce","perennial","forb",1,0,1,0,0,0,0,2,0,0,0,1,1,1,0,0,0,0,1,1,0,0,5,32.6485603098117,26.2147613266823,41.136678363506,"CSR","@rgb(83,67,105)","@rgb(192,192,192)","@rgb(192,192,192)","@symbol(2,512,0)"
"969","Dryopteris filix-mas (L.) Schott","Dryopteris filix-mas","Dryopteridaceae","Polypodiales",NA,"Fern","Cerabolini/Pierce","perennial","forb",1,0,1,0,0,0,0,2,0,0,1,1,1,1,0,0,0,0,1,1,1,0,7,70.8946004994274,7.8582710755502,21.2471284250224,"C/CR","@rgb(181,20,54)","@rgb(192,192,192)","@rgb(192,192,192)","@symbol(2,512,0)"
"970","Dryopteris remota (A. Braun) Hayek","Dryopteris remota","Dryopteridaceae","Polypodiales",NA,"Fern","Kleyer","perennial","forb",0,0,1,0,0,0,0,1,0,0,0,1,1,0,0,0,0,0,0,0,0,0,2,66.5526650794633,0,33.4473349205367,"C/CR","@rgb(170,0,85)","@rgb(192,192,192)","@rgb(192,192,192)","@symbol(2,512,0)"
"971","Drypetes standleyi G.L. Webster","Drypetes standleyi","Putranjivaceae","Malpighiales","Rosanae","Dicot","Wright","perennial","tree",0,1,0,0,0,0,0,1,1,1,0,0,0,0,0,0,0,0,0,0,0,0,2,37.7827643873709,56.140837731529,6.07639788110014,"CS","@rgb(96,143,15)","@rgb(255,255,255)","@rgb(128,0,0)","@symbol(3,512,0)"
"972","Duguetia gardneriana Mart.","Duguetia gardneriana","Annonaceae","Magnoliales","Magnolianae","Dicot","Pinho","perennial","tree",0,1,0,0,0,0,0,1,1,0,0,0,0,0,1,0,0,0,0,0,0,0,2,46.8687536343182,52.0333788136415,1.09786755204029,"CS","@rgb(120,133,3)","@rgb(255,255,255)","@rgb(128,0,0)","@symbol(3,512,0)"
"973","Echeandia flavescens (Schult. & Schult. f.) Cruden","Echeandia flavescens","Asparagaceae","Asparagales","Lilianae","Monocot","Laughlin","perennial","forb",1,1,0,0,0,0,0,2,0,1,1,0,1,0,0,0,0,0,0,0,1,0,4,38.3070728994141,0,61.6929271005859,"CR","@rgb(98,0,157)","@rgb(192,192,192)","@rgb(192,192,192)","@symbol(2,512,0)"
"974","Echinochloa crusgalli (L.) P. Beauv.",NA,"Poaceae","Poales","Lilianae","Monocot","Cerabolini/Pierce","annual","graminoid",0,0,1,1,1,0,0,3,1,0,0,1,1,0,1,0,0,1,0,1,1,0,7,47.514226559772,13.9141623363154,38.5716111039126,"CR/CSR","@rgb(121,35,98)","@rgb(0,0,0)","@rgb(0,128,0)","@symbol(4,512,0)"
"975","Echinolaena inflexa (Poir.) Chase","Echinolaena inflexa","Poaceae","Poales","Lilianae","Monocot","Negreiros","perennial","graminoid",0,1,0,0,0,0,0,1,1,0,0,0,0,0,1,0,0,0,0,0,1,0,3,15.941504938426,77.9497489926293,6.10874606894471,"S/CS","@rgb(41,199,16)","@rgb(0,0,0)","@rgb(0,128,0)","@symbol(4,512,0)"
"976","Echinops exaltatus Schrad.","Echinops exaltatus","Asteraceae","Asterales","Asteranae","Dicot","Kleyer","perennial","forb",0,0,1,0,0,0,0,1,0,0,0,1,1,1,0,0,0,0,0,0,0,0,3,54.7406325203253,33.1460809920001,12.1132864876747,"C/CSR","@rgb(140,85,31)","@rgb(192,192,192)","@rgb(192,192,192)","@symbol(2,512,0)"
"977","Echinops ritro L.","Echinops ritro","Asteraceae","Asterales","Asteranae","Dicot","Cerabolini/Pierce","perennial","forb",0,0,1,0,0,0,0,1,0,0,0,1,1,0,0,1,0,1,0,1,0,0,5,78.0609413166307,11.9638217899338,9.97523689343549,"C/CS","@rgb(199,31,25)","@rgb(192,192,192)","@rgb(192,192,192)","@symbol(2,512,0)"
"978","Echium vulgare L.","Echium vulgare","Boraginaceae","Boraginales","Asteranae","Dicot","Cerabolini","perennial","forb",0,0,1,0,0,0,0,1,0,0,0,1,1,1,0,1,0,0,1,1,0,0,6,65.910700732428,4.24559051544073,29.8437087521313,"C/CR","@rgb(168,11,76)","@rgb(192,192,192)","@rgb(192,192,192)","@symbol(2,512,0)"
"979","Egeria densa Planch.","Elodea densa","Hydrocharitaceae","Alismatales","Lilianae","Monocot","Cerabolini/Pierce","perennial","aquatic",0,1,0,0,0,0,0,1,1,1,0,0,0,0,1,0,1,0,0,0,1,0,5,5.07680333178495,0,94.9231966682151,"R","@rgb(13,0,242)","@rgb(192,192,192)","@rgb(0,0,255)","@symbol(5,512,0)"
"980","Elaeagnus pungens Thunb.","Elaeagnus pungens","Elaeagnaceae","Rosales","Rosanae","Dicot","Cerabolini/Pierce","perennial","tree",0,0,1,0,1,0,0,2,1,0,0,1,0,0,0,0,0,0,0,0,0,0,2,36.2682699604112,51.9907374405928,11.740992598996,"CS/CSR","@rgb(92,133,30)","@rgb(255,255,255)","@rgb(128,0,0)","@symbol(3,512,0)"
"981","Elatine hexandra DC.","Elatine hexandra","Elatinaceae","Malpighiales","Rosanae","Dicot","Kleyer","annual","aquatic",0,0,1,0,0,0,0,1,0,0,0,1,1,0,0,0,0,0,0,1,0,0,3,0,29.3395883172866,70.6604116827134,"R/SR","@rgb(0,75,180)","@rgb(192,192,192)","@rgb(0,0,255)","@symbol(5,512,0)"
"982","Elatine hydropiper L.","Elatine hydropiper","Elatinaceae","Malpighiales","Rosanae","Dicot","Kleyer","annual","aquatic",0,0,1,0,0,0,0,1,0,0,0,1,0,1,0,0,0,0,0,0,0,0,2,0,0,100,"R","@rgb(0,0,255)","@rgb(192,192,192)","@rgb(0,0,255)","@symbol(5,512,0)"
"983","Eleocharis acicularis (L.) Roem. & Schult.","Eleocharis acicularis","Cyperaceae","Poales","Lilianae","Monocot","Kleyer","perennial","graminoid",1,1,1,0,1,0,1,5,1,1,1,1,1,1,0,1,0,1,1,1,0,1,11,0,0,100,"R","@rgb(0,0,255)","@rgb(0,0,0)","@rgb(0,128,0)","@symbol(4,512,0)"
"984","Eleocharis mamillata H. Lindb. austriaca (Hayek) Strandh.","Eleocharis mamillata subsp. austriaca","Cyperaceae","Poales","Lilianae","Monocot","Cerabolini","perennial","graminoid",0,0,1,0,0,0,0,1,0,0,0,1,1,1,0,0,0,0,0,0,0,0,3,8.87044793096024,0,91.1295520690398,"R","@rgb(23,0,232)","@rgb(0,0,0)","@rgb(0,128,0)","@symbol(4,512,0)"
"985","Eleocharis multicaulis (Sm.) Desv.","Eleocharis multicaulis","Cyperaceae","Poales","Lilianae","Monocot","Kleyer","perennial","graminoid",0,0,1,0,0,0,0,1,0,0,0,1,1,0,0,0,0,0,0,1,0,0,3,15.1554643214131,84.8445356785869,0,"S","@rgb(39,216,0)","@rgb(0,0,0)","@rgb(0,128,0)","@symbol(4,512,0)"
"986","Eleocharis obtusa (Willd.) Schult.","Eleocharis obtusa","Cyperaceae","Poales","Lilianae","Monocot","Cerabolini","perennial","graminoid",1,0,0,0,0,0,1,2,1,0,0,1,1,0,1,1,0,0,0,1,0,0,6,23.0912456441301,38.8693244019409,38.039429953929,"SR/CSR","@rgb(59,99,97)","@rgb(0,0,0)","@rgb(0,128,0)","@symbol(4,512,0)"
"987","Eleocharis ovata (Roth) Roem. & Schult.","Eleocharis ovata","Cyperaceae","Poales","Lilianae","Monocot","Cerabolini","annual","graminoid",1,0,1,0,0,0,0,2,0,0,0,1,1,0,0,1,0,0,0,1,1,0,5,9.85847209234607,52.3847328580077,37.7567950496463,"SR","@rgb(25,134,96)","@rgb(0,0,0)","@rgb(0,128,0)","@symbol(4,512,0)"
"988","Eleocharis palustris (L.) Roem. & Schult. palustris","Eleocharis palustris subsp. palustris","Cyperaceae","Poales","Lilianae","Monocot","Cerabolini","perennial","graminoid",1,0,1,0,0,0,0,2,0,0,0,1,1,1,0,1,0,1,1,1,1,0,8,45.6774008126045,0,54.3225991873955,"CR","@rgb(116,0,139)","@rgb(0,0,0)","@rgb(0,128,0)","@symbol(4,512,0)"
"989","Eleocharis quinqueflora (Hartmann) O. Schwarz","Eleocharis quinqueflora","Cyperaceae","Poales","Lilianae","Monocot","Kleyer","perennial","graminoid",1,1,1,0,0,0,0,3,0,0,0,1,1,1,0,1,0,1,1,1,1,0,8,4.1649301051045,95.8350698948955,0,"S","@rgb(11,244,0)","@rgb(0,0,0)","@rgb(0,128,0)","@symbol(4,512,0)"
"990","Eleusine indica (L.) Gaertn.","Eleusine indica","Poaceae","Poales","Lilianae","Monocot","Kleyer","annual","graminoid",0,0,1,1,1,0,0,3,1,1,0,1,0,0,1,0,0,1,0,1,1,1,8,15.7172140305345,33.9641861261347,50.3185998433308,"SR/CSR","@rgb(40,87,128)","@rgb(0,0,0)","@rgb(0,128,0)","@symbol(4,512,0)"
"991","Elodea canadensis Michx.","Elodea canadensis","Hydrocharitaceae","Alismatales","Lilianae","Monocot","Kleyer","perennial","aquatic",1,0,0,0,0,0,0,1,0,0,0,1,1,0,0,1,0,0,0,1,0,0,4,2.40025675648591,45.396922231909,52.2028210116051,"SR","@rgb(6,116,133)","@rgb(192,192,192)","@rgb(0,0,255)","@symbol(5,512,0)"
"992","Elymus canadensis L.","Elymus canadensis","Poaceae","Poales","Lilianae","Monocot","Weiher","perennial","graminoid",1,1,0,0,0,0,0,2,0,0,1,1,1,1,0,1,0,0,0,1,1,0,7,28.0838666061886,50.0280698058267,21.8880635879848,"S/CSR","@rgb(72,128,56)","@rgb(0,0,0)","@rgb(0,128,0)","@symbol(4,512,0)"
"993","Elymus elymoides (Raf.) Swezey","Elymus elymoides","Poaceae","Poales","Lilianae","Monocot","Laughlin","perennial","graminoid",1,0,0,0,0,0,0,1,0,0,1,1,1,0,0,1,0,0,0,0,1,0,5,15.397653192829,67.2563164459239,17.3460303612471,"S/SR","@rgb(39,172,44)","@rgb(0,0,0)","@rgb(0,128,0)","@symbol(4,512,0)"
"994","Elymus farctus (Viv.) Runemark ex Melderis","Thinopyrum junceum","Poaceae","Poales","Lilianae","Monocot","Buffa","perennial","graminoid",0,0,1,0,0,0,0,1,0,0,0,1,1,0,0,0,0,0,0,1,1,0,4,18.9601675174088,76.0079621505656,5.03187033202554,"S/CS","@rgb(48,194,13)","@rgb(0,0,0)","@rgb(0,128,0)","@symbol(4,512,0)"
"995","Elymus repens (L.) Gould","Elymus repens","Poaceae","Poales","Lilianae","Monocot","Kleyer","perennial","graminoid",0,0,1,0,0,0,0,1,0,0,0,1,1,1,0,1,0,1,1,1,1,0,8,30.9838006232497,36.2808633548549,32.7353360218954,"CSR","@rgb(79,93,83)","@rgb(0,0,0)","@rgb(0,128,0)","@symbol(4,512,0)"
"996","Elymus trachycaulus (Link) Gould ex Shinners","Elymus violaceus","Poaceae","Poales","Lilianae","Monocot","Laughlin","perennial","graminoid",1,1,0,0,0,0,0,2,0,1,1,1,1,1,0,1,0,0,1,0,1,0,8,12.9011806863863,48.1451295293653,38.9536897842483,"SR/CSR","@rgb(33,123,99)","@rgb(0,0,0)","@rgb(0,128,0)","@symbol(4,512,0)"
"997","Elytrigia repens (L.) Desv. ex Nevski","Elymus repens","Poaceae","Poales","Lilianae","Monocot","Díaz","perennial","graminoid",0,0,1,0,0,0,0,1,0,0,0,1,1,1,0,0,0,0,1,0,0,0,4,20.1210990817619,48.2320617804133,31.6468391378248,"S/CSR","@rgb(51,123,81)","@rgb(0,0,0)","@rgb(0,128,0)","@symbol(4,512,0)"
"998","Emerus major Mill.","Hippocrepis emerus subsp. emerus","Fabaceae","Fabales","Rosanae","Dicot","Cerabolini/Pierce","perennial","tree",0,0,1,0,0,0,0,1,0,0,0,1,0,0,0,0,0,0,0,1,0,0,2,28.0036667068408,24.3863704036743,47.6099628894849,"R/CSR","@rgb(71,62,121)","@rgb(255,255,255)","@rgb(128,0,0)","@symbol(3,512,0)"
"999","Empetrum nigrum L.","Empetrum nigrum","Ericaceae","Ericales","Asteranae","Dicot","Cornelissen","perennial","shrub",1,0,1,0,0,0,0,2,0,0,0,1,1,1,0,0,0,0,1,0,0,0,4,0,100,0,"S","@rgb(0,255,0)","@rgb(192,192,192)","@rgb(0,0,0)","@symbol(6,512,0)"
"1000","Enicosanthum fuscum (King) Airy Shaw","Monoon fuscum","Annonaceae","Magnoliales","Magnolianae","Dicot","SJ Wright Pasoh","perennial","tree",0,0,0,0,1,0,0,1,1,0,0,0,0,0,0,0,0,0,0,0,0,0,1,60.1536769238218,35.3836613623241,4.46266171385412,"CS","@rgb(153,90,11)","@rgb(255,255,255)","@rgb(128,0,0)","@symbol(3,512,0)"
"1001","Epilobium alpestre (Jacq.) Krock.","Epilobium alpestre","Onagraceae","Myrtales","Rosanae","Dicot","Kleyer","perennial","forb",0,0,1,0,0,0,0,1,0,0,0,1,1,0,0,0,0,0,0,0,0,0,2,18.7175863110822,24.5717826332197,56.7106310556981,"R/CSR","@rgb(48,63,145)","@rgb(192,192,192)","@rgb(192,192,192)","@symbol(2,512,0)"
"1002","Epilobium anagallidifolium Lam.","Epilobium anagallidifolium","Onagraceae","Myrtales","Rosanae","Dicot","Kleyer","perennial","forb",1,0,1,0,0,0,0,2,0,0,0,1,1,1,0,0,0,0,1,1,0,0,5,0,58.9677700310565,41.0322299689435,"SR","@rgb(0,150,105)","@rgb(192,192,192)","@rgb(192,192,192)","@symbol(2,512,0)"
"1003","Epilobium angustifolium L.","Epilobium angustifolium","Onagraceae","Myrtales","Rosanae","Dicot","Cerabolini/Pierce","perennial","forb",1,0,1,0,0,0,0,2,0,0,0,1,1,1,0,1,0,1,1,1,0,0,7,34.6426294023371,17.1045091559592,48.2528614417038,"CR/CSR","@rgb(88,44,123)","@rgb(192,192,192)","@rgb(192,192,192)","@symbol(2,512,0)"
"1004","Epilobium brachycarpum C. Presl","Epilobium brachycarpum","Onagraceae","Myrtales","Rosanae","Dicot","Laughlin","annual","forb",1,0,0,0,0,0,0,1,0,0,0,1,1,0,0,1,0,0,0,1,0,0,4,6.70674450003726,5.87026835490811,87.4229871450546,"R","@rgb(17,15,223)","@rgb(192,192,192)","@rgb(192,192,192)","@symbol(2,512,0)"
"1005","Epilobium ciliatum Raf.","Epilobium ciliatum","Onagraceae","Myrtales","Rosanae","Dicot","Kleyer","perennial","forb",1,1,1,0,0,0,0,3,1,0,1,1,1,1,0,1,0,1,1,1,1,0,10,19.3089130857331,0,80.6910869142669,"R/CR","@rgb(49,0,206)","@rgb(192,192,192)","@rgb(192,192,192)","@symbol(2,512,0)"
"1006","Epilobium coloratum Biehler","Epilobium coloratum","Onagraceae","Myrtales","Rosanae","Dicot","Weiher","perennial","forb",1,0,0,0,0,0,0,1,0,0,0,1,1,1,0,1,0,0,0,0,0,0,4,11.3260752295214,43.5463396739578,45.1275850965208,"SR/CSR","@rgb(29,111,115)","@rgb(192,192,192)","@rgb(192,192,192)","@symbol(2,512,0)"
"1007","Epilobium dodonaei Vill.","Epilobium dodonaei","Onagraceae","Myrtales","Rosanae","Dicot","Kleyer","perennial","forb",0,0,1,0,0,0,0,1,0,0,0,1,1,0,0,0,0,0,0,1,0,0,3,17.963420619009,59.2843277213684,22.7522516596226,"S/CSR","@rgb(46,151,58)","@rgb(192,192,192)","@rgb(192,192,192)","@symbol(2,512,0)"
"1008","Epilobium fleischeri Hochst.","Epilobium fleischeri","Onagraceae","Myrtales","Rosanae","Dicot","Cerabolini/Pierce","perennial","forb",0,0,1,0,0,0,0,1,0,0,0,1,1,0,0,0,0,0,0,0,0,0,2,8.45177382994453,59.3250101756707,32.2232159943848,"S/SR","@rgb(22,151,82)","@rgb(192,192,192)","@rgb(192,192,192)","@symbol(2,512,0)"
"1009","Epilobium glandulosum Lehm.","Epilobium ciliatum subsp. glandulosum","Onagraceae","Myrtales","Rosanae","Dicot","Shipley","perennial","forb",1,1,1,0,0,0,0,3,1,1,1,1,1,1,0,1,0,1,0,1,1,0,10,3.24379498648347,72.5350532239947,24.2211517895219,"S/SR","@rgb(8,185,62)","@rgb(192,192,192)","@rgb(192,192,192)","@symbol(2,512,0)"
"1010","Epilobium hirsutum L.","Epilobium hirsutum","Onagraceae","Myrtales","Rosanae","Dicot","Díaz","perennial","forb",0,0,1,1,1,0,0,3,1,1,0,1,1,0,1,0,0,1,0,1,1,0,8,35.5736150039571,20.084841889416,44.3415431066269,"CR/CSR","@rgb(91,51,113)","@rgb(192,192,192)","@rgb(192,192,192)","@symbol(2,512,0)"
"1011","Epilobium montanum L.","Epilobium montanum","Onagraceae","Myrtales","Rosanae","Dicot","Díaz","perennial","forb",0,0,1,0,0,0,0,1,0,0,0,1,1,1,0,0,0,0,1,1,0,0,5,35.390068830199,25.538771449995,39.071159719806,"CSR","@rgb(90,65,100)","@rgb(192,192,192)","@rgb(192,192,192)","@symbol(2,512,0)"
"1012","Epilobium nutans F.W. Schmidt","Epilobium nutans","Onagraceae","Myrtales","Rosanae","Dicot","Kleyer","perennial","forb",0,0,1,0,0,0,0,1,0,0,0,1,1,0,0,0,0,0,0,1,0,0,3,10.1583454392657,30.5488751406513,59.292779420083,"R/CSR","@rgb(26,78,151)","@rgb(192,192,192)","@rgb(192,192,192)","@symbol(2,512,0)"
"1013","Epilobium palustre L.","Epilobium palustre","Onagraceae","Myrtales","Rosanae","Dicot","Kleyer","perennial","forb",1,0,1,0,0,0,0,2,0,0,0,1,1,1,0,1,0,1,1,1,0,0,7,34.0541283845756,0,65.9458716154245,"R/CR","@rgb(87,0,168)","@rgb(192,192,192)","@rgb(192,192,192)","@symbol(2,512,0)"
"1014","Epipactis atrorubens (Hoffm. ex Bernh.) Besser","Epipactis atrorubens","Orchidaceae","Asparagales","Lilianae","Monocot","Kleyer","perennial","forb",0,0,1,0,0,0,0,1,0,0,0,1,1,1,0,0,0,0,1,1,0,0,5,35.9993628220548,24.076190709394,39.9244464685512,"CR/CSR","@rgb(92,61,102)","@rgb(192,192,192)","@rgb(192,192,192)","@symbol(2,512,0)"
"1015","Epipactis helleborine (L.) Crantz","Epipactis helleborine","Orchidaceae","Asparagales","Lilianae","Monocot","Kleyer","perennial","forb",0,0,1,0,1,0,0,2,1,0,1,1,1,1,0,0,0,1,1,1,0,0,8,23.8681887856527,46.1484205581532,29.983390656194,"S/CSR","@rgb(61,118,76)","@rgb(192,192,192)","@rgb(192,192,192)","@symbol(2,512,0)"
"1016","Epipactis palustris (L.) Crantz","Epipactis palustris","Orchidaceae","Asparagales","Lilianae","Monocot","Kleyer","perennial","forb",0,0,1,0,0,0,0,1,0,0,0,1,1,1,0,0,0,0,0,1,0,0,4,26.4580357977097,16.5789028547796,56.9630613475108,"R/CSR","@rgb(67,42,145)","@rgb(192,192,192)","@rgb(192,192,192)","@symbol(2,512,0)"
"1017","Epiprinus malayanus Griff.","Epiprinus malayanus","Euphorbiaceae","Malpighiales","Rosanae","Dicot","SJ Wright Pasoh","perennial","tree",0,0,0,0,1,0,0,1,1,0,0,0,0,0,0,0,0,0,0,0,0,0,1,66.3103104774672,33.6896895225328,0,"C/CS","@rgb(169,86,0)","@rgb(255,255,255)","@rgb(128,0,0)","@symbol(3,512,0)"
"1018","Equisetum arvense L.","Equisetum arvense","Equisetaceae","Equisetales",NA,"Fern","Shipley","perennial","forb",1,0,1,0,0,0,0,2,0,0,0,1,1,0,0,0,0,0,1,0,0,0,3,14.7096212181703,63.7651951154542,21.5251836663755,"S/CSR","@rgb(38,163,55)","@rgb(192,192,192)","@rgb(192,192,192)","@symbol(2,512,0)"
"1019","Equisetum fluviatile L.","Equisetum fluviatile","Equisetaceae","Equisetales",NA,"Fern","Kleyer","perennial","forb",1,0,1,0,0,0,0,2,0,0,0,1,1,1,0,0,0,0,1,1,0,0,5,15.770139848662,84.229860151338,0,"S","@rgb(40,215,0)","@rgb(192,192,192)","@rgb(192,192,192)","@symbol(2,512,0)"
"1020","Equisetum sylvaticum L.","Equisetum sylvaticum","Equisetaceae","Equisetales",NA,"Fern","Kleyer","perennial","forb",1,0,1,0,0,0,0,2,0,0,0,1,1,1,0,1,0,0,1,0,0,0,5,12.8959682947217,47.203983684897,39.9000480203813,"SR/CSR","@rgb(33,120,102)","@rgb(192,192,192)","@rgb(192,192,192)","@symbol(2,512,0)"
"1021","Equisetum telmateia Ehrh.","Equisetum telmateia","Equisetaceae","Equisetales",NA,"Fern","Cerabolini","perennial","forb",0,0,1,0,0,0,0,1,0,0,0,1,1,0,0,0,0,0,0,1,0,0,3,18.2761378079425,12.048458087276,69.6754041047815,"R/CR","@rgb(47,31,178)","@rgb(192,192,192)","@rgb(192,192,192)","@symbol(2,512,0)"
"1022","Eragrostis mexicana (Hornem.) Link","Eragrostis mexicana","Poaceae","Poales","Lilianae","Monocot","Laughlin","annual","graminoid",1,1,0,0,0,0,0,2,1,1,1,0,1,0,1,1,0,1,0,1,1,0,9,12.8160250643447,36.2636288540088,50.9203460816465,"SR/CSR","@rgb(33,92,130)","@rgb(0,0,0)","@rgb(0,128,0)","@symbol(4,512,0)"
"1023","Eragrostis minor Host","Eragrostis minor","Poaceae","Poales","Lilianae","Monocot","Cerabolini/Pierce","annual","graminoid",0,0,1,1,1,0,0,3,1,1,0,1,1,0,0,1,0,1,0,1,1,0,8,19.9850537786559,27.5422717560471,52.472674465297,"R/CSR","@rgb(51,70,134)","@rgb(0,0,0)","@rgb(0,128,0)","@symbol(4,512,0)"
"1024","Eragrostis pectinacea (Michx.) Nees","Eragrostis pectinacea","Poaceae","Poales","Lilianae","Monocot","Shipley","annual","graminoid",1,1,0,0,0,0,0,2,1,1,1,1,1,0,0,1,0,0,0,0,1,0,7,21.4881811734823,48.0021888614554,30.5096299650623,"S/CSR","@rgb(55,122,78)","@rgb(0,0,0)","@rgb(0,128,0)","@symbol(4,512,0)"
"1025","Eragrostis spectabilis (Pursh) Steud.","Eragrostis spectabilis","Poaceae","Poales","Lilianae","Monocot","Weiher","perennial","graminoid",1,0,0,0,0,0,0,1,1,0,1,1,1,0,0,1,0,0,0,0,0,0,5,14.3230433537364,65.528601081191,20.1483555650726,"S/SR","@rgb(37,167,51)","@rgb(0,0,0)","@rgb(0,128,0)","@symbol(4,512,0)"
"1026","Erica arborea L.","Erica arborea","Ericaceae","Ericales","Asteranae","Dicot","Cerabolini","perennial","shrub",0,0,1,1,0,0,0,2,1,0,0,1,0,0,1,0,1,1,0,1,1,0,7,0,75.7823691574838,24.2176308425162,"S/SR","@rgb(0,193,62)","@rgb(192,192,192)","@rgb(0,0,0)","@symbol(6,512,0)"
"1027","Erica cinerea L.","Erica cinerea","Ericaceae","Ericales","Asteranae","Dicot","Cornelissen","perennial","shrub",0,0,1,0,0,0,0,1,0,0,0,1,1,1,0,0,0,0,1,1,0,0,5,0,93.9101497721513,6.08985022784872,"S","@rgb(0,239,16)","@rgb(192,192,192)","@rgb(0,0,0)","@symbol(6,512,0)"
"1028","Erica scoparia L. scoparia","Erica scoparia","Ericaceae","Ericales","Asteranae","Dicot","Cerabolini/Pierce","perennial","tree",0,0,1,0,0,0,0,1,0,0,0,1,0,0,0,0,0,0,0,1,0,0,2,0,100,0,"S","@rgb(0,255,0)","@rgb(255,255,255)","@rgb(128,0,0)","@symbol(3,512,0)"
"1029","Erica tetralix L.","Erica tetralix","Ericaceae","Ericales","Asteranae","Dicot","Kleyer","perennial","shrub",0,0,1,0,0,0,0,1,0,0,0,1,1,1,0,0,0,0,1,1,0,0,5,0,100,0,"S","@rgb(0,255,0)","@rgb(192,192,192)","@rgb(0,0,0)","@symbol(6,512,0)"
"1030","Erigeron alpinus L.","Erigeron alpinus","Asteraceae","Asterales","Asteranae","Dicot","Soudzilovskaia","perennial","forb",0,0,1,1,1,0,0,3,1,1,0,1,1,1,0,0,0,0,1,1,1,0,8,16.6713031579307,43.446431495795,39.8822653462743,"SR/CSR","@rgb(43,111,102)","@rgb(192,192,192)","@rgb(192,192,192)","@symbol(2,512,0)"
"1031","Erigeron annuus (L.) Desf.","Erigeron annuus","Asteraceae","Asterales","Asteranae","Dicot","Cerabolini/Pierce","annual","forb",1,0,0,0,0,0,0,1,0,0,0,1,1,1,0,1,0,0,0,1,0,0,5,41.2664472364883,12.9456400617756,45.7879127017362,"CR/CSR","@rgb(105,33,117)","@rgb(192,192,192)","@rgb(192,192,192)","@symbol(2,512,0)"
"1032","Erigeron borealis (Vierh.) Simmons","Erigeron borealis","Asteraceae","Asterales","Asteranae","Dicot","Kleyer","perennial","forb",0,0,1,0,0,0,0,1,0,0,0,0,0,1,0,0,0,0,1,0,0,0,2,13.4194773341326,0,86.5805226658674,"R","@rgb(34,0,221)","@rgb(192,192,192)","@rgb(192,192,192)","@symbol(2,512,0)"
"1033","Erigeron canadensis L.","Erigeron canadensis","Asteraceae","Asterales","Asteranae","Dicot","Cerabolini/Pierce","annual","forb",1,1,0,0,0,0,0,2,1,1,1,1,1,1,0,1,0,0,0,1,1,0,9,19.3110603083901,43.3135494595336,37.3753902320763,"SR/CSR","@rgb(49,110,95)","@rgb(192,192,192)","@rgb(192,192,192)","@symbol(2,512,0)"
"1034","Erigeron caucasicus Steven","Erigeron caucasicus","Asteraceae","Asterales","Asteranae","Dicot","Soudzilovskaia","perennial","forb",0,0,1,0,0,0,0,1,0,0,0,1,0,0,0,1,0,0,0,0,0,0,2,29.5773565336624,18.1291429213084,52.2935005450292,"R/CSR","@rgb(75,46,133)","@rgb(192,192,192)","@rgb(192,192,192)","@symbol(2,512,0)"
"1035","Erigeron divergens Torr. & A. Gray","Erigeron divergens","Asteraceae","Asterales","Asteranae","Dicot","Laughlin","biennial","forb",1,0,0,0,0,0,0,1,0,0,1,0,1,0,0,1,0,0,0,1,1,0,5,7.24585019420714,29.9683511317873,62.7857986740055,"R/SR","@rgb(18,76,160)","@rgb(192,192,192)","@rgb(192,192,192)","@symbol(2,512,0)"
"1036","Erigeron flagellaris A. Gray","Erigeron flagellaris","Asteraceae","Asterales","Asteranae","Dicot","Laughlin","biennial","forb",1,0,0,0,0,0,0,1,0,0,1,0,1,0,0,1,0,0,0,0,1,0,4,5.25012018793079,57.8282533449937,36.9216264670755,"SR","@rgb(13,147,94)","@rgb(192,192,192)","@rgb(192,192,192)","@symbol(2,512,0)"
"1037","Erigeron formosissimus Greene","Erigeron formosissimus","Asteraceae","Asterales","Asteranae","Dicot","Laughlin","perennial","forb",1,0,0,0,0,0,0,1,0,0,0,0,1,0,0,1,0,0,0,0,0,0,2,14.4701078669024,52.2010611586309,33.3288309744667,"S/CSR","@rgb(37,133,85)","@rgb(192,192,192)","@rgb(192,192,192)","@symbol(2,512,0)"
"1038","Erigeron karvinskianus DC.","Erigeron karvinskianus","Asteraceae","Asterales","Asteranae","Dicot","Cerabolini/Pierce","perennial","forb",1,1,0,1,0,0,0,3,1,1,1,0,0,0,1,0,0,1,0,0,0,0,5,14.4168648972901,18.0435688675554,67.5395662351545,"R/SR","@rgb(37,46,172)","@rgb(192,192,192)","@rgb(192,192,192)","@symbol(2,512,0)"
"1039","Erigeron speciosus (Lindl.) DC.","Erigeron speciosus","Asteraceae","Asterales","Asteranae","Dicot","Laughlin","perennial","forb",1,0,0,0,0,0,0,1,0,0,0,1,1,0,0,1,0,0,0,0,1,0,4,22.8497828046859,40.0381971341431,37.1120200611711,"SR/CSR","@rgb(58,102,95)","@rgb(192,192,192)","@rgb(192,192,192)","@symbol(2,512,0)"
"1040","Erigeron strigosus Muhl. ex Willd.","Erigeron strigosus","Asteraceae","Asterales","Asteranae","Dicot","Weiher","perennial","forb",1,0,0,0,0,0,0,1,0,0,0,1,1,1,1,1,0,0,0,1,0,0,6,13.419990593443,44.4704237424775,42.1095856640795,"SR/CSR","@rgb(34,113,107)","@rgb(192,192,192)","@rgb(192,192,192)","@symbol(2,512,0)"
"1041","Erigeron uniflorus L.","Erigeron uniflorus","Asteraceae","Asterales","Asteranae","Dicot","Cerabolini/Pierce","perennial","forb",1,0,1,0,0,0,0,2,0,0,0,1,1,1,0,0,0,0,1,1,0,0,5,2.6785211872918,20.8718896014642,76.449589211244,"R/SR","@rgb(7,53,195)","@rgb(192,192,192)","@rgb(192,192,192)","@symbol(2,512,0)"
"1042","Eriobotrya japonica (Thunb.) Lindl.","Eriobotrya japonica","Rosaceae","Rosales","Rosanae","Dicot","Cerabolini/Pierce","perennial","tree",0,0,1,0,0,0,0,1,0,0,0,1,0,0,0,0,0,0,0,0,0,0,1,54.5599992387006,45.4400007612994,0,"CS","@rgb(139,116,0)","@rgb(255,255,255)","@rgb(128,0,0)","@symbol(3,512,0)"
"1043","Eriogonum alatum Torr.","Eriogonum alatum","Polygonaceae","Caryophyllales","Caryophyllanae","Dicot","Laughlin","perennial","shrub",1,0,0,0,0,0,0,1,0,0,1,0,1,0,0,1,0,0,0,0,0,0,3,27.0849118164138,72.9150881835862,0,"S/CS","@rgb(69,186,0)","@rgb(192,192,192)","@rgb(0,0,0)","@symbol(6,512,0)"
"1044","Eriogonum pharnaceoides Torr.","Eriogonum pharnaceoides","Polygonaceae","Caryophyllales","Caryophyllanae","Dicot","Laughlin","annual","forb",1,0,0,0,0,0,0,1,0,0,1,0,1,0,0,0,0,0,0,0,0,0,2,11.1695981188477,46.7271831997576,42.1032186813946,"SR/CSR","@rgb(28,119,107)","@rgb(192,192,192)","@rgb(192,192,192)","@symbol(2,512,0)"
"1045","Eriogonum racemosum Nutt.","Eriogonum racemosum","Polygonaceae","Caryophyllales","Caryophyllanae","Dicot","Laughlin","perennial","shrub",1,0,0,0,0,0,0,1,0,0,0,0,1,0,0,0,0,0,0,0,0,0,1,29.6294893675692,70.3705106324308,0,"S/CS","@rgb(76,179,0)","@rgb(192,192,192)","@rgb(0,0,0)","@symbol(6,512,0)"
"1046","Eriope arenaria Harley","Eriope arenaria","Lamiaceae","Lamiales","Asteranae","Dicot","Negreiros","perennial","forb",0,1,0,0,0,0,0,1,0,0,0,0,0,0,1,0,0,0,0,0,0,0,1,1.36572438748025,87.3878214988087,11.2464541137111,"S","@rgb(3,223,29)","@rgb(192,192,192)","@rgb(192,192,192)","@symbol(2,512,0)"
"1047","Eriophorum angustifolium Honck.","Eriophorum angustifolium","Cyperaceae","Poales","Lilianae","Monocot","Cornelissen","perennial","graminoid",1,0,1,0,0,0,0,2,0,0,0,1,1,1,0,0,0,0,1,1,0,0,5,30.3503566978025,63.4018175715762,6.24782573062138,"S/CS","@rgb(77,162,16)","@rgb(0,0,0)","@rgb(0,128,0)","@symbol(4,512,0)"
"1048","Eriophorum latifolium Hoppe","Eriophorum latifolium","Cyperaceae","Poales","Lilianae","Monocot","Kleyer","perennial","graminoid",0,0,1,0,0,0,0,1,0,0,0,1,1,1,0,0,0,0,1,1,0,0,5,16.457690816535,59.638217248226,23.9040919352389,"S/CSR","@rgb(42,152,61)","@rgb(0,0,0)","@rgb(0,128,0)","@symbol(4,512,0)"
"1049","Eriophorum scheuchzeri Hoppe","Eriophorum scheuchzeri","Cyperaceae","Poales","Lilianae","Monocot","Cerabolini","perennial","graminoid",1,0,1,0,0,0,0,2,0,0,0,1,1,1,0,0,0,1,1,0,0,0,5,34.0061848401949,38.960581650203,27.0332335096021,"CSR","@rgb(87,99,69)","@rgb(0,0,0)","@rgb(0,128,0)","@symbol(4,512,0)"
"1050","Eriophorum vaginatum L.","Eriophorum vaginatum","Cyperaceae","Poales","Lilianae","Monocot","Soudzilovskaia","perennial","graminoid",1,0,1,0,0,0,0,2,0,0,0,1,1,1,0,0,0,0,1,1,0,0,5,16.1924686216466,76.1308603386584,7.67667103969503,"S/CS","@rgb(41,194,20)","@rgb(0,0,0)","@rgb(0,128,0)","@symbol(4,512,0)"
"1051","Eriotheca macrophylla (K. Schum.) A. Robyns","Eriotheca macrophylla","Malvaceae","Malvales","Rosanae","Dicot","Pinho","perennial","tree",0,1,0,0,0,0,0,1,1,0,0,0,0,0,0,0,0,0,0,0,0,0,1,60.9949348659162,31.6441563144464,7.36090881963733,"C/CS","@rgb(156,81,19)","@rgb(255,255,255)","@rgb(128,0,0)","@symbol(3,512,0)"
"1052","Eritrichium caucasicum Grossh.","Eritrichium caucasicum","Boraginaceae","Boraginales","Asteranae","Dicot","Soudzilovskaia","perennial","forb",0,0,1,0,0,0,0,1,0,0,0,1,0,0,0,1,0,0,0,0,0,0,2,5.51394651732722,77.8334531940153,16.6526002886575,"S/SR","@rgb(14,198,42)","@rgb(192,192,192)","@rgb(192,192,192)","@symbol(2,512,0)"
"1053","Erodium lebelii Jord.","Erodium lebelii","Geraniaceae","Geraniales","Rosanae","Dicot","Kleyer","annual","forb",0,0,1,0,0,0,0,1,0,0,0,1,0,0,0,0,0,0,0,0,0,0,1,17.2946601102612,46.606928644587,36.0984112451518,"SR/CSR","@rgb(44,119,92)","@rgb(192,192,192)","@rgb(192,192,192)","@symbol(2,512,0)"
"1054","Erophila verna (L.) DC. praecox (Steven) Walp.","Draba praecox","Brassicaceae","Brassicales","Rosanae","Dicot","Cerabolini/Pierce","annual","forb",0,0,1,0,0,0,0,1,0,0,0,1,1,1,0,0,0,1,1,1,1,0,7,4.80076316362938,0,95.1992368363706,"R","@rgb(12,0,243)","@rgb(192,192,192)","@rgb(192,192,192)","@symbol(2,512,0)"
"1055","Erucastrum nasturtiifolium O.E. Schulz","Erucastrum nasturtiifolium","Brassicaceae","Brassicales","Rosanae","Dicot","Kleyer","perennial","forb",0,0,1,0,0,0,0,1,0,0,0,1,1,0,0,0,0,0,0,1,0,0,3,52.2599497621159,32.3297259163337,15.4103243215504,"C/CSR","@rgb(133,82,39)","@rgb(192,192,192)","@rgb(192,192,192)","@symbol(2,512,0)"
"1056","Eryngium campestre L.","Eryngium campestre","Apiaceae","Apiales","Asteranae","Dicot","Kleyer","perennial","forb",0,0,1,0,0,0,0,1,0,0,0,1,0,0,0,1,0,0,0,1,0,0,3,81.3045185774091,18.6954814225909,0,"C/CS","@rgb(207,48,0)","@rgb(192,192,192)","@rgb(192,192,192)","@symbol(2,512,0)"
"1057","Eryngium yuccifolium Michx.","Eryngium yuccifolium","Apiaceae","Apiales","Asteranae","Dicot","Kleyer","perennial","forb",1,0,0,0,0,0,0,1,0,0,0,1,1,0,1,1,0,0,0,0,0,0,4,23.626987355491,76.373012644509,0,"S/CS","@rgb(60,195,0)","@rgb(192,192,192)","@rgb(192,192,192)","@symbol(2,512,0)"
"1058","Erysimum cheiranthoides L.","Erysimum cheiranthoides","Brassicaceae","Brassicales","Rosanae","Dicot","Kleyer","biennial","forb",1,0,1,0,0,0,0,2,0,0,0,1,1,1,0,1,0,0,1,0,0,0,5,9.12533893931318,70.9295573142949,19.945103746392,"S/SR","@rgb(23,181,51)","@rgb(192,192,192)","@rgb(192,192,192)","@symbol(2,512,0)"
"1059","Erysimum hieraciifolium L.","Erysimum odoratum","Brassicaceae","Brassicales","Rosanae","Dicot","Kleyer","perennial","forb",0,0,1,0,0,0,0,1,0,0,0,1,0,0,0,0,0,0,0,0,0,0,1,14.8933816577657,44.7209159419942,40.3857024002401,"SR/CSR","@rgb(38,114,103)","@rgb(192,192,192)","@rgb(192,192,192)","@symbol(2,512,0)"
"1060","Erysimum odoratum Ehrh.","Erysimum odoratum","Brassicaceae","Brassicales","Rosanae","Dicot","Kleyer","perennial","forb",0,0,1,0,0,0,0,1,0,0,0,1,0,0,0,0,0,0,0,0,0,0,1,22.5457157118897,4.24598676316196,73.2082975249483,"R/CR","@rgb(57,11,187)","@rgb(192,192,192)","@rgb(192,192,192)","@symbol(2,512,0)"
"1061","Erythrina costaricensis Micheli","Erythrina costaricensis","Fabaceae","Fabales","Rosanae","Dicot","Wright","perennial","tree",0,1,0,0,0,0,0,1,1,1,0,0,0,0,1,0,0,0,0,0,0,0,3,77.0116793417014,2.09094805431828,20.8973726039803,"C/CR","@rgb(196,5,53)","@rgb(255,255,255)","@rgb(128,0,0)","@symbol(3,512,0)"
"1062","Erythronium dens-canis L.","Erythronium dens-canis","Liliaceae","Liliales","Lilianae","Monocot","Cerabolini/Pierce","perennial","forb",0,0,1,0,0,0,0,1,0,0,0,1,0,0,0,0,0,0,0,1,0,0,2,58.0096905776665,0,41.9903094223335,"CR","@rgb(148,0,107)","@rgb(192,192,192)","@rgb(192,192,192)","@symbol(2,512,0)"
"1063","Erythroxylum macrophyllum Cav.","Erythroxylum macrophyllum","Erythroxylaceae","Malpighiales","Rosanae","Dicot","Wright","perennial","tree",0,1,0,0,0,0,0,1,1,1,1,0,0,0,1,0,0,0,0,0,0,0,4,61.5468471078632,36.8293887220956,1.62376417004119,"CS","@rgb(157,94,4)","@rgb(255,255,255)","@rgb(128,0,0)","@symbol(3,512,0)"
"1064","Erythroxylum panamense Turcz.","Erythroxylum panamense","Erythroxylaceae","Malpighiales","Rosanae","Dicot","Wright","perennial","tree",0,1,0,0,0,0,0,1,1,0,0,0,0,0,0,0,0,0,0,0,0,0,1,29.8530252258829,44.2955734775906,25.8514012965265,"S/CSR","@rgb(76,113,66)","@rgb(255,255,255)","@rgb(128,0,0)","@symbol(3,512,0)"
"1065","Eschweilera ovata (Cambess.) Miers","Eschweilera ovata","Lecythidaceae","Ericales","Asteranae","Dicot","Pinho","perennial","tree",0,1,0,0,0,0,0,1,1,1,0,0,0,0,1,0,0,0,0,0,1,0,4,44.2479798187071,50.2446957027032,5.50732447858975,"CS","@rgb(113,128,14)","@rgb(255,255,255)","@rgb(128,0,0)","@symbol(3,512,0)"
"1066","Eugenia candolleana DC.","Eugenia candolleana","Myrtaceae","Myrtales","Rosanae","Dicot","Pinho","perennial","shrub",0,1,0,0,0,0,0,1,1,1,0,0,0,0,1,0,0,0,0,0,1,0,4,35.4424531776446,44.3719002062414,20.185646616114,"CS/CSR","@rgb(90,113,51)","@rgb(192,192,192)","@rgb(0,0,0)","@symbol(6,512,0)"
"1067","Eugenia coloradensis Standl.","Eugenia florida","Myrtaceae","Myrtales","Rosanae","Dicot","Wright","perennial","tree",0,1,0,0,0,0,0,1,1,0,0,0,0,0,0,0,0,0,0,0,0,0,1,44.3467585197588,50.1876737898657,5.46556769037545,"CS","@rgb(113,128,14)","@rgb(255,255,255)","@rgb(128,0,0)","@symbol(3,512,0)"
"1068","Eugenia galalonensis C.Wright ex Griseb.) Krug & Urb.","Eugenia galalonensis","Myrtaceae","Myrtales","Rosanae","Dicot","Wright","perennial","tree",1,1,0,0,0,0,0,2,1,1,1,0,0,0,0,0,0,0,0,0,1,0,4,30.298579508668,55.6531685111747,14.0482519801573,"S/CSR","@rgb(77,142,36)","@rgb(255,255,255)","@rgb(128,0,0)","@symbol(3,512,0)"
"1069","Eugenia nesiotica","Eugenia nesiotica","Myrtaceae","Myrtales","Rosanae","Dicot","Wright","perennial","tree",0,1,0,0,0,0,0,1,1,1,0,0,0,0,0,0,0,0,0,0,0,0,2,18.0441393496912,55.784038543217,26.1718221070919,"S/CSR","@rgb(46,142,67)","@rgb(255,255,255)","@rgb(128,0,0)","@symbol(3,512,0)"
"1070","Eugenia oerstediana","Eugenia oerstediana","Myrtaceae","Myrtales","Rosanae","Dicot","Wright","perennial","tree",0,1,0,0,0,0,0,1,1,1,1,0,0,0,0,0,0,0,0,0,1,0,4,20.7516529368187,59.3047817380721,19.9435653251092,"S/CSR","@rgb(53,151,51)","@rgb(255,255,255)","@rgb(128,0,0)","@symbol(3,512,0)"
"1071","Eugenia punicifolia","Eugenia punicifolia","Myrtaceae","Myrtales","Rosanae","Dicot","Pinho","perennial","tree",0,1,0,0,0,0,0,1,1,1,0,0,0,0,1,0,0,0,0,0,1,0,4,13.6704770866421,86.3295229133579,0,"S","@rgb(35,220,0)","@rgb(255,255,255)","@rgb(128,0,0)","@symbol(3,512,0)"
"1072","Euonymus europaeus L.","Euonymus europaeus","Celastraceae","Celastrales","Rosanae","Dicot","Cerabolini/Pierce","perennial","tree",0,0,1,0,0,0,0,1,0,0,0,1,1,1,0,0,0,0,0,1,0,0,4,29.4469415093568,51.4092685614587,19.1437899291844,"S/CSR","@rgb(75,131,49)","@rgb(255,255,255)","@rgb(128,0,0)","@symbol(3,512,0)"
"1073","Euonymus japonicus L. f.","Euonymus fortunei var. fortunei","Celastraceae","Celastrales","Rosanae","Dicot","Cerabolini/Pierce","perennial","tree",0,0,1,0,0,0,0,1,0,0,0,1,0,0,0,0,0,0,0,0,0,0,1,29.1047551356769,70.8952448643231,0,"S/CS","@rgb(74,181,0)","@rgb(255,255,255)","@rgb(128,0,0)","@symbol(3,512,0)"
"1074","Eupatorium cannabinum L.","Eupatorium cannabinum","Asteraceae","Asterales","Asteranae","Dicot","Cerabolini/Pierce","perennial","forb",0,0,1,0,0,0,0,1,0,0,0,1,1,1,0,0,0,0,0,1,0,0,4,51.89924557919,16.2496660785892,31.8510883422208,"C/CSR","@rgb(132,41,81)","@rgb(192,192,192)","@rgb(192,192,192)","@symbol(2,512,0)"
"1075","Eupatorium coelestinum L.","Conoclinium coelestinum","Asteraceae","Asterales","Asteranae","Dicot","Weiher","perennial","forb",1,0,0,0,0,0,0,1,0,0,0,1,1,0,0,0,0,0,0,0,0,0,2,12.4481466866963,69.5858803259254,17.9659729873783,"S/SR","@rgb(32,177,46)","@rgb(192,192,192)","@rgb(192,192,192)","@symbol(2,512,0)"
"1076","Eupatorium maculatum L.","Eutrochium maculatum","Asteraceae","Asterales","Asteranae","Dicot","Shipley","perennial","forb",1,0,0,0,0,0,0,1,0,0,0,1,0,1,0,0,0,0,0,0,1,0,3,44.8732648616788,37.4189485729822,17.707786565339,"CS/CSR","@rgb(114,95,45)","@rgb(192,192,192)","@rgb(192,192,192)","@symbol(2,512,0)"
"1077","Eupatorium perfoliatum L.","Eupatorium perfoliatum","Asteraceae","Asterales","Asteranae","Dicot","Shipley","perennial","forb",1,0,0,0,0,0,0,1,0,0,0,1,1,0,0,1,0,0,0,0,0,0,3,41.3756549105707,45.2071815985302,13.417163490899,"CS/CSR","@rgb(106,115,34)","@rgb(192,192,192)","@rgb(192,192,192)","@symbol(2,512,0)"
"1078","Eupatorium rugosum Houtt.","Ageratina altissima","Asteraceae","Asterales","Asteranae","Dicot","Wright","perennial","forb",1,1,0,0,0,0,0,2,1,1,1,1,0,0,1,1,1,0,0,0,0,0,7,32.0419997463615,17.5740847720072,50.3839154816313,"R/CSR","@rgb(82,45,128)","@rgb(192,192,192)","@rgb(192,192,192)","@symbol(2,512,0)"
"1079","Euphorbia amygdaloides L.","Euphorbia amygdaloides","Euphorbiaceae","Malpighiales","Rosanae","Dicot","Kleyer","perennial","forb",0,0,1,0,0,0,0,1,0,0,0,1,1,0,0,0,0,0,0,1,0,0,3,14.9184105877707,47.3552161349378,37.7263732772915,"SR/CSR","@rgb(38,121,96)","@rgb(192,192,192)","@rgb(192,192,192)","@symbol(2,512,0)"
"1080","Euphorbia brachycera Engelm.","Euphorbia brachycera","Euphorbiaceae","Malpighiales","Rosanae","Dicot","Laughlin","perennial","forb",1,1,0,0,0,0,0,2,1,1,1,0,1,0,0,1,0,0,0,0,1,0,6,5.5915490751787,68.6600457464727,25.7484051783486,"S/SR","@rgb(14,175,66)","@rgb(192,192,192)","@rgb(192,192,192)","@symbol(2,512,0)"
"1081","Euphorbia brittingeri Opiz ex Samp.","Euphorbia verrucosa","Euphorbiaceae","Malpighiales","Rosanae","Dicot","Cerabolini/Pierce","perennial","shrub",0,0,1,0,0,0,0,1,0,0,0,1,0,0,0,0,0,0,0,1,0,0,2,7.2711994302203,43.0440937745868,49.6847067951929,"SR","@rgb(19,110,127)","@rgb(192,192,192)","@rgb(0,0,0)","@symbol(6,512,0)"
"1082","Euphorbia characias L.","Euphorbia characias","Euphorbiaceae","Malpighiales","Rosanae","Dicot","Cerabolini","perennial","shrub",0,0,1,0,0,0,0,1,0,0,0,1,0,0,0,0,0,0,0,1,0,0,2,26.0295701435076,68.6273041035766,5.34312575291575,"S/CS","@rgb(66,175,14)","@rgb(192,192,192)","@rgb(0,0,0)","@symbol(6,512,0)"
"1083","Euphorbia corollata Engelm.","Euphorbia corollata","Euphorbiaceae","Malpighiales","Rosanae","Dicot","Weiher","perennial","forb",1,0,0,0,0,0,0,1,0,0,0,1,1,0,1,1,0,0,0,0,0,0,4,6.70487477606136,83.5931202342991,9.70200498963958,"S","@rgb(17,213,25)","@rgb(192,192,192)","@rgb(192,192,192)","@symbol(2,512,0)"
"1084","Euphorbia cyparissias L.","Euphorbia cyparissias","Euphorbiaceae","Malpighiales","Rosanae","Dicot","Cerabolini/Pierce","perennial","forb",0,0,1,0,0,0,0,1,0,0,0,1,1,1,0,0,0,0,0,1,0,0,4,0,55.1824918195555,44.8175081804445,"SR","@rgb(0,141,114)","@rgb(192,192,192)","@rgb(192,192,192)","@symbol(2,512,0)"
"1085","Euphorbia dendroides L.","Euphorbia dendroides","Euphorbiaceae","Malpighiales","Rosanae","Dicot","Cerabolini/Pierce","perennial","tree",0,0,1,0,0,0,0,1,0,0,0,0,0,0,0,0,0,0,0,1,0,0,1,16.4796920813273,50.2987447537161,33.2215631649566,"SR/CSR","@rgb(42,128,85)","@rgb(255,255,255)","@rgb(128,0,0)","@symbol(3,512,0)"
"1086","Euphorbia dulcis L.","Euphorbia dulcis","Euphorbiaceae","Malpighiales","Rosanae","Dicot","Cerabolini/Pierce","perennial","forb",0,0,1,0,0,0,0,1,0,0,0,1,1,0,0,0,0,0,0,1,0,0,3,11.2207860557101,23.7069973967409,65.072216547549,"R/SR","@rgb(29,60,166)","@rgb(192,192,192)","@rgb(192,192,192)","@symbol(2,512,0)"
"1087","Euphorbia esula L.","Euphorbia esula","Euphorbiaceae","Malpighiales","Rosanae","Dicot","Kleyer","perennial","forb",0,0,1,0,1,0,0,2,1,0,0,1,1,1,0,1,0,0,1,1,0,0,7,6.15070287769326,31.1098952042579,62.7394019180489,"R/SR","@rgb(16,79,160)","@rgb(192,192,192)","@rgb(192,192,192)","@symbol(2,512,0)"
"1088","Euphorbia falcata L. falcata","Euphorbia falcata subsp. falcata","Euphorbiaceae","Malpighiales","Rosanae","Dicot","Cerabolini/Pierce","annual","forb",0,0,1,0,0,0,0,1,0,0,0,1,1,0,0,1,0,1,0,1,1,0,6,3.18901078243286,34.3061188656628,62.5048703519043,"R/SR","@rgb(8,87,159)","@rgb(192,192,192)","@rgb(192,192,192)","@symbol(2,512,0)"
"1089","Euphorbia helioscopia L. helioscopia","Euphorbia helioscopia subsp. helioscopia","Euphorbiaceae","Malpighiales","Rosanae","Dicot","Cerabolini/Pierce","annual","forb",0,0,1,0,0,0,0,1,0,0,0,1,0,0,0,0,0,0,0,1,0,0,2,22.9761737533155,0,77.0238262466845,"R/CR","@rgb(59,0,196)","@rgb(192,192,192)","@rgb(192,192,192)","@symbol(2,512,0)"
"1090","Euphorbia lathyris L.","Euphorbia lathyris","Euphorbiaceae","Malpighiales","Rosanae","Dicot","Kleyer","biennial","forb",0,0,1,0,0,0,0,1,0,0,0,1,1,0,0,0,0,1,0,0,0,0,3,40.9383914377562,8.24262822880663,50.8189803334372,"CR","@rgb(104,21,130)","@rgb(192,192,192)","@rgb(192,192,192)","@symbol(2,512,0)"
"1091","Euphorbia nutans Lag.","Euphorbia nutans","Euphorbiaceae","Malpighiales","Rosanae","Dicot","Weiher","perennial","forb",1,1,0,0,0,0,0,2,1,1,1,1,1,0,1,1,0,0,0,1,1,0,9,5.00881381535189,80.4151092612133,14.5760769234348,"S/SR","@rgb(13,205,37)","@rgb(192,192,192)","@rgb(192,192,192)","@symbol(2,512,0)"
"1092","Euphorbia palustris L.","Euphorbia palustris","Euphorbiaceae","Malpighiales","Rosanae","Dicot","Kleyer","perennial","forb",0,0,1,0,0,0,0,1,0,0,0,1,0,1,0,1,0,0,0,1,0,0,4,17.5107436607423,54.0504506761367,28.4388056631209,"S/CSR","@rgb(45,138,73)","@rgb(192,192,192)","@rgb(192,192,192)","@symbol(2,512,0)"
"1093","Euphorbia paralias L.","Euphorbia paralias","Euphorbiaceae","Malpighiales","Rosanae","Dicot","Cerabolini","perennial","forb",0,0,1,0,0,0,0,1,0,0,0,1,0,0,0,0,0,0,0,1,0,0,2,5.75772933858026,74.4780403424446,19.7642303189751,"S/SR","@rgb(15,190,50)","@rgb(192,192,192)","@rgb(192,192,192)","@symbol(2,512,0)"
"1094","Euphorbia peplis L.","Euphorbia peplis","Euphorbiaceae","Malpighiales","Rosanae","Dicot","Cerabolini","annual","forb",0,0,1,0,0,0,0,1,0,0,0,1,0,0,0,0,0,0,0,1,1,0,3,19.0583909987565,4.54758260165286,76.3940263995906,"R/CR","@rgb(49,12,195)","@rgb(192,192,192)","@rgb(192,192,192)","@symbol(2,512,0)"
"1095","Euphorbia segetalis L.","Euphorbia segetalis","Euphorbiaceae","Malpighiales","Rosanae","Dicot","Kleyer","annual","forb",0,0,1,0,0,0,0,1,0,0,0,1,0,0,0,0,0,0,0,1,0,0,2,1.96460327099682,28.7781219161892,69.257274812814,"R/SR","@rgb(5,73,177)","@rgb(192,192,192)","@rgb(192,192,192)","@symbol(2,512,0)"
"1096","Euphorbia seguieriana Neck.","Euphorbia seguieriana","Euphorbiaceae","Malpighiales","Rosanae","Dicot","Kleyer","perennial","shrub",0,0,1,0,0,0,0,1,0,0,0,1,1,0,0,1,0,0,0,1,0,0,4,4.67334831257929,60.3970214765073,34.9296302109134,"S/SR","@rgb(12,154,89)","@rgb(192,192,192)","@rgb(0,0,0)","@symbol(6,512,0)"
"1097","Euphorbia serpyllifolia Pers.","Euphorbia serpyllifolia","Euphorbiaceae","Malpighiales","Rosanae","Dicot","Laughlin","annual","forb",1,1,0,0,0,0,0,2,1,1,1,1,1,0,0,1,0,0,0,1,1,0,8,1.86977171929174,0,98.1302282807083,"R","@rgb(5,0,250)","@rgb(192,192,192)","@rgb(192,192,192)","@symbol(2,512,0)"
"1098","Euphorbia serrulata Thuill.","Euphorbia stricta","Euphorbiaceae","Malpighiales","Rosanae","Dicot","Kleyer","annual","forb",0,0,1,0,0,0,0,1,0,0,0,1,0,0,0,0,0,0,0,0,0,0,1,8.28721981720458,31.5654565591649,60.1473236236305,"R/SR","@rgb(21,80,153)","@rgb(192,192,192)","@rgb(192,192,192)","@symbol(2,512,0)"
"1099","Euphorbia spinosa L. ligustica (Fiori) Pignatti","Euphorbia spinosa subsp. ligustica","Euphorbiaceae","Malpighiales","Rosanae","Dicot","Cerabolini","perennial","shrub",0,0,1,0,0,0,0,1,0,0,0,0,0,0,0,0,0,0,0,1,0,0,1,1.0770080380489,63.1837279793079,35.7392639826432,"S/SR","@rgb(3,161,91)","@rgb(192,192,192)","@rgb(0,0,0)","@symbol(6,512,0)"
"1100","Euphorbia variabilis Ces.","Euphorbia variabilis","Euphorbiaceae","Malpighiales","Rosanae","Dicot","Cerabolini/Pierce","perennial","forb",0,0,1,0,0,0,0,1,0,0,0,1,1,0,0,0,0,0,0,1,0,0,3,10.8674049173659,46.7742783989032,42.3583166837308,"SR/CSR","@rgb(28,119,108)","@rgb(192,192,192)","@rgb(192,192,192)","@symbol(2,512,0)"
"1101","Euphrasia frigida Pugsley","Euphrasia frigida","Orobanchaceae","Lamiales","Asteranae","Dicot","Cornelissen","annual","forb",1,0,1,0,0,0,0,2,0,0,0,1,1,1,0,0,0,0,1,0,0,0,4,0.71930982364725,71.0360309921721,28.2446591841807,"S/SR","@rgb(2,181,72)","@rgb(192,192,192)","@rgb(192,192,192)","@symbol(2,512,0)"
"1102","Euphrasia minima Jacq. ex DC.","Euphrasia minima","Orobanchaceae","Lamiales","Asteranae","Dicot","Cerabolini/Pierce","perennial","forb",0,0,1,0,0,0,0,1,0,0,0,1,1,0,0,0,0,0,0,1,0,0,3,1.97644858113586,13.9088341787537,84.1147172401105,"R","@rgb(5,35,214)","@rgb(192,192,192)","@rgb(192,192,192)","@symbol(2,512,0)"
"1103","Euphrasia nemorosa Wettst.","Euphrasia nemorosa","Orobanchaceae","Lamiales","Asteranae","Dicot","Kleyer","annual","forb",1,0,1,0,0,0,0,2,0,0,0,1,1,1,0,1,0,0,1,1,0,0,6,1.69597031770814,48.2623292920306,50.0417003902612,"SR","@rgb(4,123,128)","@rgb(192,192,192)","@rgb(192,192,192)","@symbol(2,512,0)"
"1104","Euphrasia officinalis L. rostkoviana (Hayne) Towns.","Euphrasia officinalis subsp. pratensis","Orobanchaceae","Lamiales","Asteranae","Dicot","Cerabolini","perennial","forb",0,0,1,0,0,0,0,1,0,0,0,1,1,1,0,0,0,0,0,1,0,0,4,3.27600104795181,55.6486687059718,41.0753302460764,"SR","@rgb(8,142,105)","@rgb(192,192,192)","@rgb(192,192,192)","@symbol(2,512,0)"
"1105","Euphrasia ossica Juz.","Euphrasia ossica","Orobanchaceae","Lamiales","Asteranae","Dicot","Soudzilovskaia","annual","forb",0,0,1,0,0,0,0,1,0,0,0,1,0,0,0,0,0,0,0,0,0,0,1,1.53670736437912,24.1882090572622,74.2750835783587,"R/SR","@rgb(4,62,189)","@rgb(192,192,192)","@rgb(192,192,192)","@symbol(2,512,0)"
"1106","Euphrasia stricta Kunth","Neobartsia stricta","Orobanchaceae","Lamiales","Asteranae","Dicot","Kleyer","annual","forb",0,0,1,0,0,0,0,1,0,0,0,1,1,1,0,0,0,0,1,1,0,0,5,0.898959966727214,44.4618806874624,54.6391593458104,"SR","@rgb(2,113,139)","@rgb(192,192,192)","@rgb(192,192,192)","@symbol(2,512,0)"
"1107","Eustachys paspaloides (Vahl) Lanza & Mattei","Eustachys paspaloides","Poaceae","Poales","Lilianae","Monocot","Buffa/Nyakunga","perennial","graminoid",0,0,0,1,0,0,0,1,1,0,0,0,0,0,1,0,0,1,0,0,1,0,4,11.9291819929123,22.8780717830467,65.1927462240411,"R/SR","@rgb(30,58,166)","@rgb(0,0,0)","@rgb(0,128,0)","@symbol(4,512,0)"
"1108","Euterpe edulis Mart.","Euterpe edulis","Arecaceae","Arecales","Lilianae","Monocot","Pinho","perennial","tree",0,1,0,0,0,0,0,1,1,0,0,0,0,0,1,0,0,0,0,0,0,0,2,45.8184864828872,38.2032821477328,15.97823136938,"CS/CSR","@rgb(117,97,41)","@rgb(255,255,255)","@rgb(128,0,0)","@symbol(3,512,0)"
"1109","Euthamia graminifolia (L.) Nutt.","Euthamia graminifolia","Asteraceae","Asterales","Asteranae","Dicot","Siefert","perennial","forb",1,0,0,0,0,0,0,1,0,0,0,1,1,1,0,1,0,0,0,0,0,0,4,12.2506577136618,67.3170585262,20.4322837601383,"S/SR","@rgb(31,172,52)","@rgb(192,192,192)","@rgb(192,192,192)","@symbol(2,512,0)"
"1110","Evolvulus lithospermoides Mart.","Evolvulus lithospermoides","Convolvulaceae","Solanales","Asteranae","Dicot","Negreiros","perennial","forb",0,1,0,0,0,0,0,1,0,0,0,0,0,0,1,0,0,0,0,0,0,0,1,6.11492724144989,70.3149170094909,23.5701557490592,"S/SR","@rgb(16,179,60)","@rgb(192,192,192)","@rgb(192,192,192)","@symbol(2,512,0)"
"1111","Fagus sylvatica L.","Fagus sylvatica","Fagaceae","Fagales","Rosanae","Dicot","Cornelissen","perennial","tree",0,0,1,0,0,0,0,1,0,0,0,1,1,1,0,0,0,0,0,1,0,0,4,22.7721990828256,63.5945208998404,13.633280017334,"S/CS","@rgb(58,162,35)","@rgb(255,255,255)","@rgb(128,0,0)","@symbol(3,512,0)"
"1112","Falcaria vulgaris Bernh.","Falcaria vulgaris","Apiaceae","Apiales","Asteranae","Dicot","Kleyer","perennial","forb",0,0,1,0,0,0,0,1,0,0,0,1,0,0,0,0,0,0,0,1,0,0,2,77.4341472164124,10.817198591039,11.7486541925486,"C/CR","@rgb(197,28,30)","@rgb(192,192,192)","@rgb(192,192,192)","@symbol(2,512,0)"
"1113","Fallopia baldschuanica (Regel) Holub","Fallopia baldschuanica","Polygonaceae","Caryophyllales","Caryophyllanae","Dicot","Cerabolini/Pierce","perennial","liana",0,0,1,0,0,0,0,1,0,0,0,1,1,0,0,1,0,0,0,0,0,0,3,44.3850267592278,1.79777539777036,53.8171978430018,"CR","@rgb(113,5,137)","@rgb(128,128,128)","@rgb(128,128,128)","@symbol(3,512,0)"
"1114","Fallopia dumetorum (L.) Holub","Fallopia dumetorum","Polygonaceae","Caryophyllales","Caryophyllanae","Dicot","Kleyer","perennial","herbaceous vine",0,0,1,0,0,0,0,1,0,0,0,1,1,1,0,0,0,1,0,1,1,0,6,33.312208656226,19.9510008275181,46.7367905162559,"CR/CSR","@rgb(85,51,119)","@rgb(0,0,0)","@rgb(0,255,0)","@symbol(3,512,0)"
"1115","Fallopia japonica (Houtt.) Ronse Decr.","Reynoutria japonica","Polygonaceae","Caryophyllales","Caryophyllanae","Dicot","Cerabolini/Pierce","perennial","forb",0,0,1,0,1,0,0,2,1,0,0,1,1,0,0,0,0,0,0,0,0,0,3,56.9728070639346,25.3308545283259,17.6963384077395,"C/CSR","@rgb(145,65,45)","@rgb(192,192,192)","@rgb(192,192,192)","@symbol(2,512,0)"
"1116","Faramea occidentalis (L.) A. Rich","Faramea occidentalis","Rubiaceae","Gentianales","Asteranae","Dicot","Wright","perennial","shrub",0,1,0,0,0,0,0,1,1,1,1,0,0,0,1,0,0,0,0,0,0,0,4,41.8580667577024,46.5749674388017,11.5669658034959,"CS/CSR","@rgb(107,119,29)","@rgb(192,192,192)","@rgb(0,0,0)","@symbol(6,512,0)"
"1117","Festuca altissima All.","Festuca altissima","Poaceae","Poales","Lilianae","Monocot","Kleyer","perennial","graminoid",0,0,1,0,0,0,0,1,0,0,0,1,1,1,0,0,0,0,1,1,0,0,5,33.8997564274929,30.5684222356157,35.5318213368914,"CSR","@rgb(86,78,91)","@rgb(0,0,0)","@rgb(0,128,0)","@symbol(4,512,0)"
"1118","Festuca arizonica Vasey","Festuca arizonica","Poaceae","Poales","Lilianae","Monocot","Laughlin","perennial","graminoid",1,0,0,0,0,0,0,1,0,0,1,0,1,0,0,0,0,0,0,0,0,0,2,6.41588840655714,77.6865123232643,15.8975992701785,"S/SR","@rgb(16,198,41)","@rgb(0,0,0)","@rgb(0,128,0)","@symbol(4,512,0)"
"1119","Festuca arundinacea Schreb. arundinacea",NA,"Poaceae","Poales","Lilianae","Monocot","Cerabolini/Pierce","perennial","graminoid",0,0,1,0,0,0,0,1,0,0,0,1,1,0,0,0,0,0,0,1,0,0,3,38.4012705912496,24.0128721583429,37.5858572504075,"CR/CSR","@rgb(98,61,96)","@rgb(0,0,0)","@rgb(0,128,0)","@symbol(4,512,0)"
"1120","Festuca brevipila R. Tracey","Festuca trachyphylla","Poaceae","Poales","Lilianae","Monocot","Kleyer","perennial","graminoid",0,0,1,0,0,0,0,1,0,0,0,1,1,1,0,0,0,0,0,0,0,0,3,6.43601892014533,93.5639810798547,0,"S","@rgb(16,239,0)","@rgb(0,0,0)","@rgb(0,128,0)","@symbol(4,512,0)"
"1121","Festuca brunnescens (Tzvelev) Galushko","Festuca brunnescens","Poaceae","Poales","Lilianae","Monocot","Soudzilovskaia","perennial","graminoid",0,0,1,0,0,0,0,1,0,0,0,1,0,0,0,1,0,0,0,0,0,0,2,5.98463589569647,83.1966753840014,10.8186887203021,"S","@rgb(15,212,28)","@rgb(0,0,0)","@rgb(0,128,0)","@symbol(4,512,0)"
"1122","Festuca gigantea Krock.","Patzkea paniculata subsp. paniculata","Poaceae","Poales","Lilianae","Monocot","Díaz","perennial","graminoid",0,0,1,0,0,0,0,1,0,0,0,1,1,1,0,0,0,1,0,1,0,0,5,42.4548043205893,19.7854377636812,37.7597579157295,"CR/CSR","@rgb(108,50,96)","@rgb(0,0,0)","@rgb(0,128,0)","@symbol(4,512,0)"
"1123","Festuca halleri All.","Festuca halleri","Poaceae","Poales","Lilianae","Monocot","Cerabolini/Pierce","perennial","graminoid",0,0,1,0,0,0,0,1,0,0,0,1,1,0,0,0,0,0,0,0,0,0,2,2.0615266023165,93.1682759310897,4.77019746659384,"S","@rgb(5,238,12)","@rgb(0,0,0)","@rgb(0,128,0)","@symbol(4,512,0)"
"1124","Festuca ovina L.","Festuca ovina","Poaceae","Poales","Lilianae","Monocot","Díaz","perennial","graminoid",0,0,1,0,0,0,0,1,0,0,0,1,1,1,0,0,0,1,1,1,0,0,6,1.91255900780003,73.3219747668691,24.7654662253308,"S/SR","@rgb(5,187,63)","@rgb(0,0,0)","@rgb(0,128,0)","@symbol(4,512,0)"
"1125","Festuca pallens Host","Festuca pallens","Poaceae","Poales","Lilianae","Monocot","Kleyer","perennial","graminoid",0,0,1,0,0,0,0,1,0,0,0,1,1,0,0,0,0,0,0,0,0,0,2,7.22946081656856,92.7705391834314,0,"S","@rgb(18,237,0)","@rgb(0,0,0)","@rgb(0,128,0)","@symbol(4,512,0)"
"1126","Festuca paniculata (L.) Schinz & Thell. paniculata","Patzkea paniculata","Poaceae","Poales","Lilianae","Monocot","Cerabolini","perennial","graminoid",0,0,1,0,0,0,0,1,0,0,0,1,1,0,0,0,0,0,0,1,0,0,3,23.5725655459274,56.1489689574429,20.2784654966297,"S/CSR","@rgb(60,143,52)","@rgb(0,0,0)","@rgb(0,128,0)","@symbol(4,512,0)"
"1127","Festuca psammophila (Hack. ex Čelak.) Fritsch","Festuca psammophila","Poaceae","Poales","Lilianae","Monocot","Kleyer","perennial","graminoid",0,0,1,0,0,0,0,1,0,0,0,1,0,0,0,0,0,0,0,0,0,0,1,5.56759665582947,94.4324033441705,0,"S","@rgb(14,241,0)","@rgb(0,0,0)","@rgb(0,128,0)","@symbol(4,512,0)"
"1128","Festuca quadriflora Honck.","Festuca quadriflora","Poaceae","Poales","Lilianae","Monocot","Cerabolini","annual","graminoid",0,0,1,0,0,0,0,1,0,0,0,1,1,0,0,0,0,0,0,1,0,0,3,2.03296517146793,93.9141854985067,4.05284933002533,"S","@rgb(5,239,10)","@rgb(0,0,0)","@rgb(0,128,0)","@symbol(4,512,0)"
"1129","Festuca rubra L.","Festuca rubra","Poaceae","Poales","Lilianae","Monocot","Cerabolini/Pierce","perennial","graminoid",1,0,1,0,1,0,0,3,1,0,0,1,1,1,0,1,0,1,1,1,0,0,8,10.4088549783315,35.7003321851825,53.890812836486,"SR","@rgb(27,91,137)","@rgb(0,0,0)","@rgb(0,128,0)","@symbol(4,512,0)"
"1130","Festuca rupicola Heuff.","Festuca rupicola","Poaceae","Poales","Lilianae","Monocot","Cerabolini/Pierce2","perennial","graminoid",0,0,1,0,0,0,0,1,0,0,0,1,1,0,0,1,0,0,0,1,0,0,4,7.17308441262896,78.4747596142385,14.3521559731326,"S/SR","@rgb(18,200,37)","@rgb(0,0,0)","@rgb(0,128,0)","@symbol(4,512,0)"
"1131","Festuca ticinensis (Markgr.-Dann.) Markgr.-Dann.","Festuca ticinensis","Poaceae","Poales","Lilianae","Monocot","Cerabolini","perennial","graminoid",0,0,1,0,0,0,0,1,0,0,0,0,1,0,0,0,0,0,0,0,0,0,1,1.98670988771892,78.7534847915661,19.259805320715,"S/SR","@rgb(5,201,49)","@rgb(0,0,0)","@rgb(0,128,0)","@symbol(4,512,0)"
"1132","Festuca varia Haenke","Festuca varia","Poaceae","Poales","Lilianae","Monocot","Soudzilovskaia","perennial","graminoid",0,0,1,0,0,0,0,1,0,0,0,1,1,0,0,0,0,0,0,1,0,0,3,13.4367444756232,86.5632555243768,0,"S","@rgb(34,221,0)","@rgb(0,0,0)","@rgb(0,128,0)","@symbol(4,512,0)"
"1133","Festuca vivipara (L.) Sm.","Festuca vivipara","Poaceae","Poales","Lilianae","Monocot","Kleyer","perennial","graminoid",1,0,1,0,0,0,0,2,0,0,0,1,1,1,0,0,0,0,1,0,0,0,4,1.68136338475925,91.4287502550574,6.88988636018337,"S","@rgb(4,233,18)","@rgb(0,0,0)","@rgb(0,128,0)","@symbol(4,512,0)"
"1134","Ficus benjaminea Salzm. ex Miq.","Ficus hirsuta","Moraceae","Rosales","Rosanae","Dicot","Shipley","perennial","shrub",0,0,0,0,1,1,0,2,1,1,0,0,0,0,1,0,0,0,0,0,1,0,4,20.2045710053457,53.9243918386803,25.871037155974,"S/CSR","@rgb(52,138,66)","@rgb(192,192,192)","@rgb(0,0,0)","@symbol(6,512,0)"
"1135","Ficus bullenei I.M. Johnst.","Ficus bullenei","Moraceae","Rosales","Rosanae","Dicot","Wright","perennial","tree",0,1,0,0,0,0,0,1,1,0,0,0,0,0,0,0,0,0,0,0,0,0,1,51.2727428324791,6.99633181086749,41.7309253566535,"CR","@rgb(131,18,106)","@rgb(255,255,255)","@rgb(128,0,0)","@symbol(3,512,0)"
"1136","Ficus carica L.","Ficus carica","Moraceae","Rosales","Rosanae","Dicot","Cerabolini/Pierce","perennial","tree",0,0,1,0,0,0,0,1,0,0,0,1,0,0,0,1,0,0,0,1,1,0,4,67.329230449311,24.5235423906777,8.14722716001128,"C/CS","@rgb(172,63,21)","@rgb(255,255,255)","@rgb(128,0,0)","@symbol(3,512,0)"
"1137","Ficus citrifolia Mill.","Ficus citrifolia","Moraceae","Rosales","Rosanae","Dicot","Wright","perennial","tree",0,1,0,0,0,0,0,1,1,1,1,0,0,0,1,0,0,0,0,0,1,0,5,51.4736881819726,13.9205778329903,34.605733985037,"CR/CSR","@rgb(131,35,88)","@rgb(255,255,255)","@rgb(128,0,0)","@symbol(3,512,0)"
"1138","Ficus costaricana (Liebm.) Miq.","Ficus costaricana","Moraceae","Rosales","Rosanae","Dicot","Wright","perennial","shrub",0,1,0,0,0,0,0,1,1,1,1,0,0,0,0,0,0,0,0,0,0,0,3,37.3422604528823,60.9112143641548,1.74652518296294,"CS","@rgb(95,155,4)","@rgb(192,192,192)","@rgb(0,0,0)","@symbol(6,512,0)"
"1139","Ficus insipida Willd.","Ficus insipida","Moraceae","Rosales","Rosanae","Dicot","Wright","perennial","tree",1,1,0,0,0,0,0,2,1,1,1,0,0,0,1,0,0,0,0,0,1,0,5,73.784395449391,19.6903058154617,6.52529873514728,"C/CS","@rgb(188,50,17)","@rgb(255,255,255)","@rgb(128,0,0)","@symbol(3,512,0)"
"1140","Ficus maxima Mill.","Ficus maxima","Moraceae","Rosales","Rosanae","Dicot","Wright","perennial","tree",0,1,0,0,0,0,0,1,1,1,1,0,0,0,1,0,1,0,0,0,1,0,6,59.655044279098,29.9803446061832,10.3646111147187,"C/CSR","@rgb(152,76,26)","@rgb(255,255,255)","@rgb(128,0,0)","@symbol(3,512,0)"
"1141","Ficus obtusifolia Kunth","Ficus obtusifolia","Moraceae","Rosales","Rosanae","Dicot","Wright","perennial","tree",0,1,0,0,0,0,0,1,1,1,1,0,0,0,1,0,1,0,0,0,1,0,6,57.2094513313124,42.7905486686876,0,"CS","@rgb(146,109,0)","@rgb(255,255,255)","@rgb(128,0,0)","@symbol(3,512,0)"
"1142","Ficus popenoei Standl.","Ficus popenoei","Moraceae","Rosales","Rosanae","Dicot","Wright","perennial","shrub",0,1,0,0,0,0,0,1,1,1,1,0,0,0,0,0,0,0,0,0,0,0,3,48.0798358240292,39.7238309409599,12.1963332350109,"CS/CSR","@rgb(123,101,31)","@rgb(192,192,192)","@rgb(0,0,0)","@symbol(6,512,0)"
"1143","Ficus tonduzii Standl.","Ficus tonduzii","Moraceae","Rosales","Rosanae","Dicot","Wright","perennial","tree",0,1,0,0,0,0,0,1,1,1,1,0,0,0,0,0,0,0,0,0,0,0,3,74.3285885115819,23.6997554623829,1.97165602603525,"C/CS","@rgb(190,60,5)","@rgb(255,255,255)","@rgb(128,0,0)","@symbol(3,512,0)"
"1144","Ficus trigonata L.","Ficus trigonata","Moraceae","Rosales","Rosanae","Dicot","Wright","perennial","tree",0,1,0,0,0,0,0,1,1,1,1,0,0,0,1,0,1,0,0,0,0,0,5,58.8688772490694,41.1311227509306,0,"CS","@rgb(150,105,0)","@rgb(255,255,255)","@rgb(128,0,0)","@symbol(3,512,0)"
"1145","Ficus yoponensis Desv.","Ficus yoponensis","Moraceae","Rosales","Rosanae","Dicot","Wright","perennial","tree",0,1,0,0,0,0,0,1,1,1,1,0,0,0,0,0,0,0,0,0,1,0,4,47.0266384765389,51.5536791254646,1.4196823979965,"CS","@rgb(120,131,4)","@rgb(255,255,255)","@rgb(128,0,0)","@symbol(3,512,0)"
"1146","Filaginella uliginosa (L.) Opiz","Gnaphalium uliginosum","Asteraceae","Asterales","Asteranae","Dicot","Kleyer","annual","forb",1,0,1,0,0,0,0,2,0,0,0,1,0,1,0,0,0,0,1,1,0,0,4,5.81299378084359,0,94.1870062191564,"R","@rgb(15,0,240)","@rgb(192,192,192)","@rgb(192,192,192)","@symbol(2,512,0)"
"1147","Filago minima (Sm.) Pers.","Logfia minima","Asteraceae","Asterales","Asteranae","Dicot","Cerabolini","annual","forb",0,0,1,0,0,0,0,1,0,0,0,1,1,0,0,0,0,0,0,1,0,0,3,0,58.1815530653051,41.8184469346949,"SR","@rgb(0,148,107)","@rgb(192,192,192)","@rgb(192,192,192)","@symbol(2,512,0)"
"1148","Filago pyramidata L.","Filago pyramidata","Asteraceae","Asterales","Asteranae","Dicot","Díaz","annual","forb",0,0,1,0,0,0,0,1,0,0,0,1,1,0,0,1,0,0,0,1,1,0,5,1.06681014424413,49.4307779132838,49.5024119424721,"SR","@rgb(3,126,126)","@rgb(192,192,192)","@rgb(192,192,192)","@symbol(2,512,0)"
"1149","Filipendula ulmaria (L.) Maxim.","Filipendula ulmaria","Asteraceae","Asterales","Asteranae","Dicot","Cerabolini/Pierce","perennial","forb",0,0,1,0,0,0,0,1,0,0,0,1,1,1,0,0,0,0,1,1,0,0,5,63.3747377933054,16.644461873916,19.9808003327787,"C/CSR","@rgb(162,42,51)","@rgb(192,192,192)","@rgb(192,192,192)","@symbol(2,512,0)"
"1150","Filipendula vulgaris Moench","Filipendula vulgaris","Rosaceae","Rosales","Rosanae","Dicot","Wright","perennial","forb",0,0,1,0,0,0,0,1,0,0,0,1,1,1,0,1,0,0,0,1,0,0,5,30.5759178097477,49.5652288004174,19.858853389835,"S/CSR","@rgb(78,126,51)","@rgb(192,192,192)","@rgb(192,192,192)","@symbol(2,512,0)"
"1151","Fimbristylis puberula (Michx.) Vahl","Fimbristylis puberula","Cyperaceae","Poales","Lilianae","Monocot","Weiher","perennial","graminoid",1,0,0,0,0,0,0,1,0,0,1,0,1,0,1,1,0,0,0,0,0,0,4,8.85035208700292,73.5033340717879,17.6463138412091,"S/SR","@rgb(23,187,45)","@rgb(0,0,0)","@rgb(0,128,0)","@symbol(4,512,0)"
"1152","Flourensia campestris Griseb.","Flourensia campestris","Asteraceae","Asterales","Asteranae","Dicot","Díaz","perennial","shrub",0,1,0,0,0,0,0,1,0,0,0,0,0,0,1,1,0,0,0,0,0,0,2,31.6707114757002,68.3292885242998,0,"S/CS","@rgb(81,174,0)","@rgb(192,192,192)","@rgb(0,0,0)","@symbol(6,512,0)"
"1153","Foeniculum vulgare Mill.","Foeniculum vulgare","Apiaceae","Apiales","Asteranae","Dicot","Díaz","perennial","forb",0,0,1,0,0,0,0,1,0,0,0,0,0,0,0,0,0,0,0,1,0,0,1,77.3179183549322,22.6820816450678,0,"C/CS","@rgb(197,58,0)","@rgb(192,192,192)","@rgb(192,192,192)","@symbol(2,512,0)"
"1154","Forsteronia viridescens S.F. Blake","Forsteronia acouci","Apocynaceae","Gentianales","Asteranae","Dicot","Wright","perennial","liana",0,1,0,0,0,0,0,1,1,0,0,0,0,0,0,0,0,0,0,0,0,0,1,55.0460532745449,37.5371353469743,7.41681137848087,"CS","@rgb(140,96,19)","@rgb(128,128,128)","@rgb(128,128,128)","@symbol(3,512,0)"
"1155","Fragaria americana (Porter) Britton","Fragaria vesca subsp. americana","Rosaceae","Rosales","Rosanae","Dicot","Shipley","perennial","forb",1,0,0,0,0,0,0,1,0,0,0,1,1,1,0,1,0,0,0,0,0,0,4,10.349263296836,65.0430347775787,24.6077019255854,"S/SR","@rgb(26,166,63)","@rgb(192,192,192)","@rgb(192,192,192)","@symbol(2,512,0)"
"1156","Fragaria moschata Duchesne","Fragaria moschata","Rosaceae","Rosales","Rosanae","Dicot","Cerabolini/Pierce","perennial","forb",0,0,1,0,0,0,0,1,0,0,0,1,1,1,0,0,0,0,0,0,0,0,3,38.9726732931887,2.2098573010882,58.8174694057231,"CR","@rgb(99,6,150)","@rgb(192,192,192)","@rgb(192,192,192)","@symbol(2,512,0)"
"1157","Fragaria vesca L. vesca","Fragaria vesca subsp. vesca","Rosaceae","Rosales","Rosanae","Dicot","Cerabolini/Pierce","perennial","forb",0,0,1,0,0,0,0,1,0,0,0,1,1,1,0,0,0,0,1,1,0,0,5,38.5849546884807,18.7536547394953,42.661390572024,"CR/CSR","@rgb(98,48,109)","@rgb(192,192,192)","@rgb(192,192,192)","@symbol(2,512,0)"
"1158","Fragaria virginiana Mill.","Fragaria virginiana","Rosaceae","Rosales","Rosanae","Dicot","Shipley","perennial","forb",1,0,0,0,0,0,0,1,0,0,0,1,1,1,0,1,0,0,1,1,1,0,7,27.382811369132,61.7960371768287,10.8211514540394,"S/CS","@rgb(70,158,28)","@rgb(192,192,192)","@rgb(192,192,192)","@symbol(2,512,0)"
"1159","Fragaria viridis Mill.","Fragaria viridis","Rosaceae","Rosales","Rosanae","Dicot","Kleyer","perennial","forb",0,0,1,0,0,0,0,1,0,0,0,1,1,1,0,0,0,0,0,1,0,0,4,22.812113360636,57.2946957295161,19.8931909098479,"S/CSR","@rgb(58,146,51)","@rgb(192,192,192)","@rgb(192,192,192)","@symbol(2,512,0)"
"1160","Frangula alnus Mill.","Frangula alnus","Rhamnaceae","Rosales","Rosanae","Dicot","Cornelissen","perennial","tree",0,0,1,0,0,0,0,1,0,0,0,1,1,1,0,0,0,0,1,1,0,0,5,13.7796662732413,67.3973215474581,18.8230121793006,"S/SR","@rgb(35,172,48)","@rgb(255,255,255)","@rgb(128,0,0)","@symbol(3,512,0)"
"1161","Fraxinus americana L.","Fraxinus americana","Oleaceae","Santalales","Santalanae","Dicot","Wright","perennial","tree",1,0,0,0,0,0,0,1,0,0,1,1,1,0,0,1,0,0,0,0,0,0,4,27.0988791251764,53.1905766450216,19.7105442298019,"S/CSR","@rgb(69,136,50)","@rgb(255,255,255)","@rgb(128,0,0)","@symbol(3,512,0)"
"1162","Fraxinus angustifolia Vahl oxycarpa (Willd.) Franco & Rocha Alfonso","Fraxinus angustifolia subsp. oxycarpa","Oleaceae","Lamiales","Asteranae","Dicot","Cerabolini/Pierce","perennial","tree",0,0,1,0,0,0,0,1,0,0,0,1,0,0,0,0,0,0,0,1,0,0,2,50.4798591662634,41.7650877617403,7.75505307199636,"CS","@rgb(129,107,20)","@rgb(255,255,255)","@rgb(128,0,0)","@symbol(3,512,0)"
"1163","Fraxinus excelsior L. excelsior","Fraxinus excelsior subsp. excelsior","Oleaceae","Lamiales","Asteranae","Dicot","Cerabolini","perennial","tree",0,0,1,0,0,0,0,1,0,0,0,1,1,1,0,0,0,0,0,1,0,0,4,62.0022311683737,27.5701158098656,10.4276530217607,"C/CS","@rgb(158,70,27)","@rgb(255,255,255)","@rgb(128,0,0)","@symbol(3,512,0)"
"1164","Fraxinus ornus L. ornus","Fraxinus ornus subsp. ornus","Oleaceae","Lamiales","Asteranae","Dicot","Cerabolini","perennial","tree",0,0,1,0,0,0,0,1,0,0,0,1,1,0,0,0,0,0,0,1,0,0,3,45.4760618631973,38.9307483179813,15.5931898188214,"CS/CSR","@rgb(116,99,40)","@rgb(255,255,255)","@rgb(128,0,0)","@symbol(3,512,0)"
"1165","Fritillaria collina Adams","Fritillaria collina","Liliaceae","Liliales","Lilianae","Monocot","Soudzilovskaia","perennial","forb",0,0,1,0,0,0,0,1,0,0,0,1,0,0,0,0,0,0,0,0,0,0,1,29.169695039035,0,70.830304960965,"R/CR","@rgb(74,0,181)","@rgb(192,192,192)","@rgb(192,192,192)","@symbol(2,512,0)"
"1166","Fritillaria meleagris L.","Fritillaria meleagris","Liliaceae","Liliales","Lilianae","Monocot","Kleyer","perennial","forb",0,0,1,0,0,0,0,1,0,0,0,1,0,1,0,0,0,0,0,1,0,0,3,32.958994875392,0,67.041005124608,"R/CR","@rgb(84,0,171)","@rgb(192,192,192)","@rgb(192,192,192)","@symbol(2,512,0)"
"1167","Fumana laevipes (L.) Spach","Fumana laevipes","Cistaceae","Malvales","Rosanae","Dicot","Cerabolini","perennial","shrub",0,0,1,0,0,0,0,1,0,0,0,1,0,0,0,0,1,0,0,1,0,0,3,1.40006260595257,61.5515841011224,37.0483532929251,"SR","@rgb(4,157,94)","@rgb(192,192,192)","@rgb(0,0,0)","@symbol(6,512,0)"
"1168","Fumana procumbens Gren. & Godr.","Fumana procumbens","Cistaceae","Malvales","Rosanae","Dicot","Kleyer","perennial","shrub",0,0,1,0,0,0,0,1,0,0,0,1,1,0,0,0,0,0,0,1,0,0,3,0,100,0,"S","@rgb(0,255,0)","@rgb(192,192,192)","@rgb(0,0,0)","@symbol(6,512,0)"
"1169","Fumana thymifolia (L.) Spach ex Webb","Fumana thymifolia","Cistaceae","Malvales","Rosanae","Dicot","Cerabolini","perennial","shrub",0,0,1,0,0,0,0,1,0,0,0,1,0,0,0,0,1,0,0,1,1,0,4,0,100,0,"S","@rgb(0,255,0)","@rgb(192,192,192)","@rgb(0,0,0)","@symbol(6,512,0)"
"1170","Fumaria officinalis L.","Fumaria officinalis","Papaveraceae","Ranunculales","Ranunculanae","Dicot","Cerabolini/Pierce","annual","forb",0,0,1,0,0,0,0,1,0,0,0,1,1,1,0,0,0,0,1,1,0,0,5,32.8617637911434,0,67.1382362088566,"R/CR","@rgb(84,0,171)","@rgb(192,192,192)","@rgb(192,192,192)","@symbol(2,512,0)"
"1171","Fumaria parviflora Lam.","Fumaria parviflora","Papaveraceae","Ranunculales","Ranunculanae","Dicot","Kleyer","annual","forb",0,0,1,0,0,0,0,1,0,0,0,1,0,0,0,0,0,1,0,1,0,0,3,33.6603595580694,0,66.3396404419306,"R/CR","@rgb(86,0,169)","@rgb(192,192,192)","@rgb(192,192,192)","@symbol(2,512,0)"
"1172","Fumaria vaillantii Loisel.","Fumaria vaillantii","Papaveraceae","Ranunculales","Ranunculanae","Dicot","Kleyer","perennial","forb",0,0,1,0,0,0,0,1,0,0,0,1,1,0,0,1,0,1,0,1,0,0,5,9.82691183191146,0,90.1730881680886,"R","@rgb(25,0,230)","@rgb(192,192,192)","@rgb(192,192,192)","@symbol(2,512,0)"
"1173","Gagea spathacea Salisb.","Gagea spathacea","Liliaceae","Liliales","Lilianae","Monocot","Kleyer","perennial","forb",0,0,1,0,0,0,0,1,0,0,0,1,0,0,0,0,0,0,0,0,0,0,1,18.3078367776528,0,81.6921632223472,"R/CR","@rgb(47,0,208)","@rgb(192,192,192)","@rgb(192,192,192)","@symbol(2,512,0)"
"1174","Galactia volubilis (L.) Britton","Galactia volubilis","Fabaceae","Fabales","Rosanae","Dicot","Weiher","perennial","herbaceous vine",1,0,0,0,0,0,0,1,0,0,0,1,1,0,1,1,0,0,0,0,0,0,4,8.2357981225461,83.266965723775,8.49723615367893,"S","@rgb(21,212,22)","@rgb(0,0,0)","@rgb(0,255,0)","@symbol(3,512,0)"
"1175","Galanthus nivalis L.","Galanthus nivalis","Amaryllidaceae","Asparagales","Lilianae","Monocot","Kleyer","perennial","forb",0,0,1,0,0,0,0,1,0,0,0,1,1,0,0,0,0,0,0,1,0,0,3,42.5847991283875,0,57.4152008716125,"CR","@rgb(109,0,146)","@rgb(192,192,192)","@rgb(192,192,192)","@symbol(2,512,0)"
"1176","Galatella linosyris (L.) Rchb. f.","Galatella linosyris","Asteraceae","Asterales","Asteranae","Dicot","Cerabolini/Pierce","perennial","forb",0,0,1,0,0,0,0,1,0,0,0,1,1,0,0,0,0,0,0,1,0,0,3,5.45646021833774,82.2476051321957,12.2959346494666,"S","@rgb(14,210,31)","@rgb(192,192,192)","@rgb(192,192,192)","@symbol(2,512,0)"
"1177","Galearia fulva (Tul.) Miq.","Galearia fulva","Pandaceae","Malpighiales","Rosanae","Dicot","SJ Wright Pasoh","perennial","tree",0,0,0,0,1,0,0,1,1,0,0,0,0,0,0,0,0,0,0,0,0,0,1,37.672251172065,58.3882628764622,3.93948595147274,"CS","@rgb(96,149,10)","@rgb(255,255,255)","@rgb(128,0,0)","@symbol(3,512,0)"
"1178","Galega officinalis L.","Galega officinalis","Fabaceae","Fabales","Rosanae","Dicot","Kleyer","perennial","shrub",0,0,1,0,0,0,0,1,0,0,0,1,1,0,0,0,0,0,0,1,0,0,3,58.0367769793322,0,41.9632230206677,"CR","@rgb(148,0,107)","@rgb(192,192,192)","@rgb(0,0,0)","@symbol(6,512,0)"
"1179","Galeopsis angustifolia Ehrh. ex Hoffm.","Galeopsis angustifolia","Lamiaceae","Lamiales","Asteranae","Dicot","Kleyer","annual","forb",0,0,1,0,0,0,0,1,0,0,0,1,1,0,0,0,0,0,0,1,0,0,3,3.95153362902956,58.2772902718573,37.7711760991132,"SR","@rgb(10,149,96)","@rgb(192,192,192)","@rgb(192,192,192)","@symbol(2,512,0)"
"1180","Galeopsis ladanum L.","Galeopsis ladanum","Lamiaceae","Lamiales","Asteranae","Dicot","Kleyer","annual","forb",0,0,1,0,0,0,0,1,0,0,0,1,1,1,0,0,0,0,1,1,0,0,5,27.5788655418206,23.0917508965353,49.3293835616441,"R/CSR","@rgb(70,59,126)","@rgb(192,192,192)","@rgb(192,192,192)","@symbol(2,512,0)"
"1181","Galeopsis segetum Neck.","Galeopsis segetum","Lamiaceae","Lamiales","Asteranae","Dicot","Cerabolini/Pierce","annual","forb",0,0,1,0,0,0,0,1,0,0,0,1,1,0,0,0,0,0,0,1,0,0,3,42.0278265515348,23.4844875179915,34.4876859304736,"CR/CSR","@rgb(107,60,88)","@rgb(192,192,192)","@rgb(192,192,192)","@symbol(2,512,0)"
"1182","Galeopsis tetrahit L.","Galeopsis tetrahit","Lamiaceae","Lamiales","Asteranae","Dicot","Cerabolini/Pierce","annual","forb",0,0,1,0,0,0,0,1,0,0,0,1,1,1,0,0,0,0,1,1,0,0,5,33.1006391099907,0,66.8993608900093,"R/CR","@rgb(84,0,171)","@rgb(192,192,192)","@rgb(192,192,192)","@symbol(2,512,0)"
"1183","Galianthe peruviana (Pers.) E.L. Cabral","Galianthe peruviana","Rubiaceae","Gentianales","Asteranae","Dicot","Negreiros","perennial","shrub",0,1,0,0,0,0,0,1,1,1,0,0,0,0,1,0,0,1,0,0,0,0,4,0.666829467066736,99.3331705329333,0,"S","@rgb(2,253,0)","@rgb(192,192,192)","@rgb(0,0,0)","@symbol(6,512,0)"
"1184","Galinsoga ciliata (Raf.) S. F. Blake","Galinsoga quadriradiata","Asteraceae","Asterales","Asteranae","Dicot","Cerabolini/Pierce","annual","forb",0,1,0,0,0,0,0,1,1,1,1,0,0,0,0,0,0,0,0,0,1,0,4,31.9305631821563,0,68.0694368178437,"R/CR","@rgb(81,0,174)","@rgb(192,192,192)","@rgb(192,192,192)","@symbol(2,512,0)"
"1185","Galinsoga parviflora Cav.","Galinsoga parviflora","Asteraceae","Asterales","Asteranae","Dicot","Kleyer","annual","forb",1,1,0,0,0,0,0,2,1,1,1,0,1,0,1,1,0,1,0,1,1,0,9,15.2246377786343,31.1514418317057,53.6239203896599,"R/CSR","@rgb(39,79,137)","@rgb(192,192,192)","@rgb(192,192,192)","@symbol(2,512,0)"
"1186","Galium album Mill.","Galium album","Rubiaceae","Gentianales","Asteranae","Dicot","Kleyer","perennial","forb",0,0,1,0,0,0,0,1,0,0,0,1,1,0,0,0,0,0,0,1,0,0,3,4.45971152748192,35.4128416973526,60.1274467751655,"SR","@rgb(11,90,153)","@rgb(192,192,192)","@rgb(192,192,192)","@symbol(2,512,0)"
"1187","Galium aparine L.","Galium aparine","Rubiaceae","Gentianales","Asteranae","Dicot","Cerabolini/Pierce","annual","forb",1,0,1,0,1,0,0,3,1,0,0,1,1,1,0,1,0,1,1,1,1,0,9,13.6882900834695,0,86.3117099165305,"R","@rgb(35,0,220)","@rgb(192,192,192)","@rgb(192,192,192)","@symbol(2,512,0)"
"1188","Galium boreale L.","Galium boreale","Rubiaceae","Gentianales","Asteranae","Dicot","Reich","perennial","forb",1,0,1,0,0,0,0,2,0,0,0,1,1,1,0,1,0,1,1,1,1,0,8,5.37932358600989,50.6558875816141,43.964788832376,"SR","@rgb(14,129,112)","@rgb(192,192,192)","@rgb(192,192,192)","@symbol(2,512,0)"
"1189","Galium glaucum L.","Galium glaucum","Rubiaceae","Gentianales","Asteranae","Dicot","Kleyer","perennial","forb",0,0,1,0,0,0,0,1,0,0,0,1,0,0,0,0,0,0,0,1,0,0,2,3.87235263144504,49.105535736236,47.0221116323189,"SR","@rgb(10,125,120)","@rgb(192,192,192)","@rgb(192,192,192)","@symbol(2,512,0)"
"1190","Galium lucidum All. lucidum","Galium lucidum subsp. lucidum","Rubiaceae","Gentianales","Asteranae","Dicot","Cerabolini/Pierce","perennial","forb",0,0,1,0,0,0,0,1,0,0,0,1,0,0,0,0,0,0,0,1,0,0,2,1.9942142577562,19.471041842927,78.5347438993168,"R/SR","@rgb(5,50,200)","@rgb(192,192,192)","@rgb(192,192,192)","@symbol(2,512,0)"
"1191","Galium mollugo L.","Galium mollugo","Rubiaceae","Gentianales","Asteranae","Dicot","Siefert","perennial","forb",0,0,1,0,0,0,0,1,0,0,0,1,1,1,0,1,0,0,1,1,0,0,6,10.5303096538379,28.0357983812466,61.4338919649155,"R/SR","@rgb(27,71,157)","@rgb(192,192,192)","@rgb(192,192,192)","@symbol(2,512,0)"
"1192","Galium mollugo L. erectum Syme","Galium album subsp. album","Rubiaceae","Gentianales","Asteranae","Dicot","Cerabolini","perennial","forb",0,0,1,0,0,0,0,1,0,0,0,1,1,1,0,0,0,0,1,1,0,0,5,0.362943868827251,78.0917661298961,21.5452900012767,"S/SR","@rgb(1,199,55)","@rgb(192,192,192)","@rgb(192,192,192)","@symbol(2,512,0)"
"1193","Galium montis-arerae Merxm. & Ehrend.","Galium montis-arerae","Rubiaceae","Gentianales","Asteranae","Dicot","Cerabolini","perennial","forb",0,0,1,0,0,0,0,1,0,0,0,0,1,0,0,0,0,0,0,0,0,0,1,0,0,100,"R","@rgb(0,0,255)","@rgb(192,192,192)","@rgb(192,192,192)","@symbol(2,512,0)"
"1194","Galium obtusum Bigelow","Galium obtusum","Rubiaceae","Gentianales","Asteranae","Dicot","Weiher","perennial","forb",1,0,0,0,0,0,0,1,0,0,0,1,1,0,0,1,0,0,0,0,0,0,3,6.34792183898428,32.5418711017007,61.110207059315,"R/SR","@rgb(16,83,156)","@rgb(192,192,192)","@rgb(192,192,192)","@symbol(2,512,0)"
"1195","Galium odoratum (L.) Scop.","Galium odoratum","Rubiaceae","Gentianales","Asteranae","Dicot","Cerabolini/Pierce","perennial","forb",0,0,1,0,0,0,0,1,0,0,0,1,1,1,0,0,0,0,1,1,0,0,5,11.3360785254069,0,88.6639214745931,"R","@rgb(29,0,226)","@rgb(192,192,192)","@rgb(192,192,192)","@symbol(2,512,0)"
"1196","Galium palustre L.","Galium palustre","Rubiaceae","Gentianales","Asteranae","Dicot","Shipley","perennial","forb",1,0,1,0,0,0,0,2,0,0,0,1,1,1,0,1,0,0,0,1,1,0,6,2.42262746275121,44.5413587419406,53.0360137953081,"SR","@rgb(6,114,135)","@rgb(192,192,192)","@rgb(192,192,192)","@symbol(2,512,0)"
"1197","Galium parisiense L.","Galium parisiense","Rubiaceae","Gentianales","Asteranae","Dicot","Kleyer","annual","forb",0,0,1,0,0,0,0,1,0,0,0,1,0,0,0,0,0,0,0,1,0,0,2,0,27.8049285274633,72.1950714725367,"R/SR","@rgb(0,71,184)","@rgb(192,192,192)","@rgb(192,192,192)","@symbol(2,512,0)"
"1198","Galium rotundifolium L.","Galium rotundifolium","Rubiaceae","Gentianales","Asteranae","Dicot","Kleyer","perennial","forb",0,0,1,0,0,0,0,1,0,0,0,1,1,0,0,0,0,0,0,1,0,0,3,8.05795696465911,0,91.9420430353409,"R","@rgb(21,0,234)","@rgb(192,192,192)","@rgb(192,192,192)","@symbol(2,512,0)"
"1199","Galium saxatile L.","Galium saxatile","Rubiaceae","Gentianales","Asteranae","Dicot","Díaz","perennial","forb",0,0,1,0,0,0,0,1,0,0,0,1,1,1,0,0,0,0,1,1,0,0,5,0,22.8419941066393,77.1580058933607,"R/SR","@rgb(0,58,197)","@rgb(192,192,192)","@rgb(192,192,192)","@symbol(2,512,0)"
"1200","Galium sylvaticum L.","Galium sylvaticum","Rubiaceae","Gentianales","Asteranae","Dicot","Cerabolini/Pierce","perennial","forb",0,0,1,0,0,0,0,1,0,0,0,1,1,0,0,0,0,0,0,1,0,0,3,14.990016011765,0,85.009983988235,"R","@rgb(38,0,217)","@rgb(192,192,192)","@rgb(192,192,192)","@symbol(2,512,0)"
"1201","Galium tricornutum Dandy","Galium tricornutum","Rubiaceae","Gentianales","Asteranae","Dicot","Kleyer","annual","forb",0,0,1,0,0,0,0,1,0,0,0,1,0,1,0,0,0,0,0,1,1,0,4,8.24120748210015,30.4530094131174,61.3057831047825,"R/SR","@rgb(21,78,156)","@rgb(192,192,192)","@rgb(192,192,192)","@symbol(2,512,0)"
"1202","Galium uliginosum L.","Galium uliginosum","Rubiaceae","Gentianales","Asteranae","Dicot","Shipley","perennial","forb",0,0,1,0,0,0,0,1,0,0,0,1,1,1,0,0,0,0,1,1,0,0,5,4.85015349570508,48.2949580880782,46.8548884162167,"SR","@rgb(12,123,119)","@rgb(192,192,192)","@rgb(192,192,192)","@symbol(2,512,0)"
"1203","Galium verrucosum Huds.","Galium verrucosum","Rubiaceae","Gentianales","Asteranae","Dicot","Kleyer","annual","forb",0,0,1,0,0,0,0,1,0,0,0,0,0,0,0,0,0,0,0,1,0,0,1,4.28182264558423,18.3180274639346,77.4001498904812,"R/SR","@rgb(11,47,197)","@rgb(192,192,192)","@rgb(192,192,192)","@symbol(2,512,0)"
"1204","Galium verum L.","Galium verum","Rubiaceae","Gentianales","Asteranae","Dicot","Díaz","perennial","herbaceous vine",0,0,1,0,0,0,0,1,0,0,0,1,1,1,0,1,0,1,1,1,0,0,7,1.28209905026649,71.8316722254267,26.8862287243068,"S/SR","@rgb(3,183,69)","@rgb(0,0,0)","@rgb(0,255,0)","@symbol(3,512,0)"
"1205","Garcinia intermedia (Pittier) Hammel","Garcinia intermedia","Clusiaceae","Malpighiales","Rosanae","Dicot","Wright","perennial","tree",0,1,0,0,0,0,0,1,1,1,1,0,0,0,0,0,0,0,0,0,0,0,3,48.000281179462,51.999718820538,0,"CS","@rgb(122,133,0)","@rgb(255,255,255)","@rgb(128,0,0)","@symbol(3,512,0)"
"1206","Garcinia madruno (Kunth) Hammel","Garcinia madruno","Clusiaceae","Malpighiales","Rosanae","Dicot","Wright","perennial","tree",0,1,0,0,0,0,0,1,1,1,0,0,0,0,1,0,0,0,0,0,0,0,3,48.9477227974543,51.0522772025457,0,"CS","@rgb(125,130,0)","@rgb(255,255,255)","@rgb(128,0,0)","@symbol(3,512,0)"
"1207","Garcinia malaccensis Hook. f. ex T. Anderson","Garcinia mangostana var. malaccensis","Guttiferae","Malpighiales","Rosanae","Dicot","SJ Wright Pasoh","perennial","tree",0,0,0,0,1,0,0,1,1,0,0,0,0,0,0,0,0,0,0,0,0,0,1,40.2122520787716,59.7877479212284,0,"CS","@rgb(103,152,0)","@rgb(255,255,255)","@rgb(128,0,0)","@symbol(3,512,0)"
"1208","Gaylussacia riedelii Meisn.","Gaylussacia riedelii","Ericaceae","Ericales","Asteranae","Dicot","Negreiros","perennial","shrub",0,1,0,0,0,0,0,1,0,0,0,0,0,0,1,0,0,0,0,0,0,0,1,18.2763559747871,81.7236440252129,0,"S/CS","@rgb(47,208,0)","@rgb(192,192,192)","@rgb(0,0,0)","@symbol(6,512,0)"
"1209","Genipa americana L.","Genipa americana","Rubiaceae","Gentianales","Asteranae","Dicot","Wright","perennial","tree",0,1,0,0,0,0,0,1,1,1,1,0,0,0,1,0,1,0,0,0,1,0,6,69.7578428901097,21.2827285435835,8.9594285663068,"C/CS","@rgb(178,54,23)","@rgb(255,255,255)","@rgb(128,0,0)","@symbol(3,512,0)"
"1210","Genista anglica L.","Genista anglica","Fabaceae","Fabales","Rosanae","Dicot","Kleyer","perennial","shrub",0,0,1,0,0,0,0,1,0,0,0,1,1,0,0,0,0,0,0,1,0,0,3,0,79.8877237923224,20.1122762076776,"S/SR","@rgb(0,204,51)","@rgb(192,192,192)","@rgb(0,0,0)","@symbol(6,512,0)"
"1211","Genista germanica L.","Genista germanica","Fabaceae","Fabales","Rosanae","Dicot","Cerabolini","perennial","shrub",0,0,1,0,0,0,0,1,0,0,0,1,1,0,0,0,0,0,0,1,0,0,3,1.99458666945403,45.0764092875127,52.9290040430332,"SR","@rgb(5,115,135)","@rgb(192,192,192)","@rgb(0,0,0)","@symbol(6,512,0)"
"1212","Genista pilosa L.","Genista pilosa","Fabaceae","Fabales","Rosanae","Dicot","Kleyer","perennial","shrub",0,0,1,0,0,0,0,1,0,0,0,1,1,0,0,0,0,0,0,1,0,0,3,0,80.2595063649334,19.7404936350666,"S/SR","@rgb(0,205,50)","@rgb(192,192,192)","@rgb(0,0,0)","@symbol(6,512,0)"
"1213","Genista tinctoria L.","Genista tinctoria","Fabaceae","Fabales","Rosanae","Dicot","Wright","perennial","shrub",0,0,1,0,0,0,0,1,0,0,0,1,1,1,0,0,0,0,0,1,0,0,4,7.48836612151737,54.5970797997098,37.9145540787729,"SR","@rgb(19,139,97)","@rgb(192,192,192)","@rgb(0,0,0)","@symbol(6,512,0)"
"1214","Gentiana acaulis L.","Gentiana acaulis","Gentianaceae","Gentianales","Asteranae","Dicot","Cerabolini/Pierce","perennial","forb",0,0,1,0,0,0,0,1,0,0,0,1,1,0,0,0,0,0,0,1,0,0,3,13.2123002598524,81.8105507679633,4.97714897218427,"S","@rgb(34,209,13)","@rgb(192,192,192)","@rgb(192,192,192)","@symbol(2,512,0)"
"1215","Gentiana alpina Vill.","Gentiana alpina","Gentianaceae","Gentianales","Asteranae","Dicot","Caccianiga","perennial","forb",0,0,1,0,0,0,0,1,0,0,0,1,0,0,0,0,0,0,0,0,0,0,1,9.13619670474326,71.6735568230036,19.1902464722531,"S/SR","@rgb(23,183,49)","@rgb(192,192,192)","@rgb(192,192,192)","@symbol(2,512,0)"
"1216","Gentiana andrewsii Griseb.","Gentiana andrewsii","Gentianaceae","Gentianales","Asteranae","Dicot","Weiher","perennial","forb",1,0,0,0,0,0,0,1,0,0,0,1,1,0,0,1,0,0,0,0,0,0,3,37.6821307447429,34.7990960314928,27.5187732237643,"CSR","@rgb(96,89,70)","@rgb(192,192,192)","@rgb(192,192,192)","@symbol(2,512,0)"
"1217","Gentiana asclepiadea L.","Gentiana asclepiadea","Gentianaceae","Gentianales","Asteranae","Dicot","Cerabolini/Pierce","perennial","forb",0,0,1,0,0,0,0,1,0,0,0,1,1,0,0,0,0,0,0,1,0,0,3,36.6618851648691,0,63.3381148351308,"R/CR","@rgb(93,0,162)","@rgb(192,192,192)","@rgb(192,192,192)","@symbol(2,512,0)"
"1218","Gentiana bavarica L.","Gentiana bavarica","Gentianaceae","Gentianales","Asteranae","Dicot","Cerabolini","perennial","forb",0,0,1,0,0,0,0,1,0,0,0,0,1,0,0,0,0,0,0,0,0,0,1,0,66.0050517743965,33.9949482256034,"S/SR","@rgb(0,168,87)","@rgb(192,192,192)","@rgb(192,192,192)","@symbol(2,512,0)"
"1219","Gentiana biebersteinii Bunge","Gentianella biebersteinii","Gentianaceae","Gentianales","Asteranae","Dicot","Soudzilovskaia","perennial","forb",0,0,1,0,0,0,0,1,0,0,0,1,0,0,0,1,0,0,0,0,0,0,2,13.6635266966143,12.598082510308,73.7383907930777,"R/CR","@rgb(35,32,188)","@rgb(192,192,192)","@rgb(192,192,192)","@symbol(2,512,0)"
"1220","Gentiana brachyphylla Vill.","Gentiana brachyphylla","Gentianaceae","Gentianales","Asteranae","Dicot","Cerabolini/Pierce","perennial","forb",0,0,1,0,0,0,0,1,0,0,0,1,1,0,0,0,0,0,0,1,0,0,3,0,66.5919860502878,33.4080139497122,"S/SR","@rgb(0,170,85)","@rgb(192,192,192)","@rgb(192,192,192)","@symbol(2,512,0)"
"1221","Gentiana clusii Perr. et Song.","Gentiana clusii","Gentianaceae","Gentianales","Asteranae","Dicot","Cerabolini/Pierce","perennial","forb",0,0,1,0,0,0,0,1,0,0,0,1,1,0,0,0,0,0,0,1,0,0,3,41.7248556852634,55.2758488945154,2.9992954202212,"CS","@rgb(106,141,8)","@rgb(192,192,192)","@rgb(192,192,192)","@symbol(2,512,0)"
"1222","Gentiana lutea L.","Gentiana lutea","Gentianaceae","Gentianales","Asteranae","Dicot","Kleyer","perennial","forb",0,0,1,0,0,0,0,1,0,0,0,1,1,0,0,0,0,0,0,1,0,0,3,77.8308530515774,13.2965140286819,8.87263291974064,"C/CS","@rgb(198,34,23)","@rgb(192,192,192)","@rgb(192,192,192)","@symbol(2,512,0)"
"1223","Gentiana nivalis L.","Gentiana nivalis","Gentianaceae","Gentianales","Asteranae","Dicot","Kleyer","perennial","forb",1,0,1,0,0,0,0,2,0,0,0,1,1,1,0,0,0,0,1,0,0,0,4,0,0,100,"R","@rgb(0,0,255)","@rgb(192,192,192)","@rgb(192,192,192)","@symbol(2,512,0)"
"1224","Gentiana pneumonanthe L. pneumonanthe","Gentiana pneumonanthe","Gentianaceae","Gentianales","Asteranae","Dicot","Cerabolini","perennial","forb",0,0,1,0,0,0,0,1,0,0,0,1,1,1,0,0,0,0,0,1,0,0,4,11.9183027324566,40.8835487422132,47.1981485253302,"SR/CSR","@rgb(30,104,120)","@rgb(192,192,192)","@rgb(192,192,192)","@symbol(2,512,0)"
"1225","Gentiana punctata L.","Gentiana punctata","Gentianaceae","Gentianales","Asteranae","Dicot","Cerabolini/Pierce","perennial","forb",0,0,1,0,0,0,0,1,0,0,0,1,1,0,0,0,0,0,0,0,0,0,2,60.2282185501458,2.96821730625572,36.8035641435985,"CR","@rgb(154,8,94)","@rgb(192,192,192)","@rgb(192,192,192)","@symbol(2,512,0)"
"1226","Gentiana purpurea L.","Gentiana purpurea","Gentianaceae","Gentianales","Asteranae","Dicot","Cerabolini/Pierce","perennial","forb",0,0,1,0,0,0,0,1,0,0,0,1,1,1,0,0,0,0,1,0,0,0,4,46.3429147536868,30.5202199788252,23.136865267488,"C/CSR","@rgb(118,78,59)","@rgb(192,192,192)","@rgb(192,192,192)","@symbol(2,512,0)"
"1227","Gentiana pyrenaica L.","Gentiana pyrenaica","Gentianaceae","Gentianales","Asteranae","Dicot","Soudzilovskaia","perennial","forb",0,0,1,0,0,0,0,1,0,0,0,1,1,0,0,0,0,0,0,0,0,0,2,0.69892688987559,60.1984228934568,39.1026502166676,"SR","@rgb(2,154,100)","@rgb(192,192,192)","@rgb(192,192,192)","@symbol(2,512,0)"
"1228","Gentiana septemfida Pall.","Gentiana septemfida","Gentianaceae","Gentianales","Asteranae","Dicot","Soudzilovskaia","perennial","forb",0,0,1,0,0,0,0,1,0,0,0,1,1,1,0,1,0,0,0,0,0,0,4,13.9117893233098,21.3582618447683,64.729948831922,"R/SR","@rgb(35,54,165)","@rgb(192,192,192)","@rgb(192,192,192)","@symbol(2,512,0)"
"1229","Gentiana verna L.","Gentiana verna","Gentianaceae","Gentianales","Asteranae","Dicot","Soudzilovskaia","perennial","forb",0,0,1,0,0,0,0,1,0,0,0,1,1,0,0,1,0,0,0,1,0,0,4,10.8448927946589,64.9927053500666,24.1624018552744,"S/SR","@rgb(28,166,62)","@rgb(192,192,192)","@rgb(192,192,192)","@symbol(2,512,0)"
"1230","Gentianella insubrica (Kunz) Holub","Gentianella insubrica","Gentianaceae","Gentianales","Asteranae","Dicot","Cerabolini","biennial","forb",0,0,1,0,0,0,0,1,0,0,0,0,1,0,0,0,0,0,0,0,0,0,1,19.7812439617405,0,80.2187560382595,"R/CR","@rgb(50,0,205)","@rgb(192,192,192)","@rgb(192,192,192)","@symbol(2,512,0)"
"1231","Geranium caespitosum E. James","Geranium caespitosum","Geraniaceae","Geraniales","Rosanae","Dicot","Laughlin","perennial","forb",1,0,0,0,0,0,0,1,0,0,1,0,1,0,0,0,0,0,0,0,0,0,2,39.0865803674185,51.6422806473077,9.27113898527384,"CS","@rgb(100,132,24)","@rgb(192,192,192)","@rgb(192,192,192)","@symbol(2,512,0)"
"1232","Geranium dissectum L.","Geranium dissectum","Geraniaceae","Geraniales","Rosanae","Dicot","Cerabolini/Pierce","biennial","forb",0,0,1,0,0,0,0,1,0,0,0,1,0,0,0,0,0,0,0,1,0,0,2,18.6855700682696,25.0788828692558,56.2355470624746,"R/CSR","@rgb(48,64,143)","@rgb(192,192,192)","@rgb(192,192,192)","@symbol(2,512,0)"
"1233","Geranium gymnocaulon DC.","Geranium gymnocaulon","Geraniaceae","Geraniales","Rosanae","Dicot","Soudzilovskaia","perennial","forb",0,0,1,0,0,0,0,1,0,0,0,1,1,0,0,1,0,0,0,0,0,0,3,35.0340887157244,40.7216989102754,24.2442123740003,"CS/CSR","@rgb(89,104,62)","@rgb(192,192,192)","@rgb(192,192,192)","@symbol(2,512,0)"
"1234","Geranium lucidum L.","Geranium lucidum","Geraniaceae","Geraniales","Rosanae","Dicot","Díaz","biennial","forb",0,0,1,0,0,0,0,1,0,0,0,1,1,1,0,0,0,1,1,1,1,0,7,31.801861578533,16.0681994433944,52.1299389780726,"R/CSR","@rgb(81,41,133)","@rgb(192,192,192)","@rgb(192,192,192)","@symbol(2,512,0)"
"1235","Geranium maculatum L.","Geranium maculatum","Geraniaceae","Geraniales","Rosanae","Dicot","Weiher","perennial","forb",1,0,0,0,0,0,0,1,0,0,0,1,1,0,0,1,0,0,0,0,0,0,3,51.8907312676042,6.92508269707416,41.1841860353216,"CR","@rgb(132,18,105)","@rgb(192,192,192)","@rgb(192,192,192)","@symbol(2,512,0)"
"1236","Geranium molle L.","Geranium molle","Geraniaceae","Geraniales","Rosanae","Dicot","Cerabolini/Pierce","biennial","forb",0,0,1,0,0,0,0,1,0,0,0,1,1,0,0,0,0,0,0,1,0,0,3,23.9851609849238,32.8222433606632,43.192595654413,"SR/CSR","@rgb(61,84,110)","@rgb(192,192,192)","@rgb(192,192,192)","@symbol(2,512,0)"
"1237","Geranium nodosum L.","Geranium nodosum","Geraniaceae","Geraniales","Rosanae","Dicot","Cerabolini/Pierce","perennial","forb",0,0,1,0,0,0,0,1,0,0,0,1,1,0,0,0,0,0,0,1,0,0,3,55.2689957736989,5.94809503673344,38.7829091895677,"CR","@rgb(141,15,99)","@rgb(192,192,192)","@rgb(192,192,192)","@symbol(2,512,0)"
"1238","Geranium palustre L.","Geranium palustre","Geraniaceae","Geraniales","Rosanae","Dicot","Kleyer","perennial","forb",0,0,1,0,0,0,0,1,0,0,0,1,1,1,0,0,0,0,0,0,0,0,3,51.1784546309588,22.0422777801737,26.7792675888675,"C/CSR","@rgb(131,56,68)","@rgb(192,192,192)","@rgb(192,192,192)","@symbol(2,512,0)"
"1239","Geranium phaeum L.","Geranium phaeum","Geraniaceae","Geraniales","Rosanae","Dicot","Kleyer","perennial","forb",0,0,1,0,0,0,0,1,0,0,0,1,1,0,0,0,0,0,0,0,0,0,2,64.2496195145609,0,35.7503804854391,"C/CR","@rgb(164,0,91)","@rgb(192,192,192)","@rgb(192,192,192)","@symbol(2,512,0)"
"1240","Geranium pratense L. pratense","Geranium pratense","Geraniaceae","Geraniales","Rosanae","Dicot","Cerabolini","perennial","forb",0,0,1,0,0,0,0,1,0,0,0,1,1,1,0,0,0,1,1,1,0,0,6,55.6693266680994,17.9151170113965,26.4155563205041,"C/CSR","@rgb(142,46,67)","@rgb(192,192,192)","@rgb(192,192,192)","@symbol(2,512,0)"
"1241","Geranium richardsonii Fisch. & Trautv.","Geranium richardsonii","Geraniaceae","Geraniales","Rosanae","Dicot","Laughlin","perennial","forb",1,0,0,0,0,0,0,1,0,0,1,0,1,1,0,0,0,0,0,1,0,0,4,54.10675899048,14.8606446012923,31.0325964082277,"C/CSR","@rgb(138,38,79)","@rgb(192,192,192)","@rgb(192,192,192)","@symbol(2,512,0)"
"1242","Geranium robertianum L.","Geranium robertianum","Geraniaceae","Geraniales","Rosanae","Dicot","Cerabolini/Pierce","biennial","forb",0,0,1,0,1,0,0,2,1,0,0,1,1,1,0,0,0,0,1,1,0,0,6,22.235726635586,9.51984676784759,68.2444265965664,"R/CR","@rgb(57,24,174)","@rgb(192,192,192)","@rgb(192,192,192)","@symbol(2,512,0)"
"1243","Geranium rotundifolium L.","Geranium rotundifolium","Geraniaceae","Geraniales","Rosanae","Dicot","Díaz","annual","forb",0,0,1,0,0,0,0,1,0,0,0,1,1,1,0,1,0,1,0,1,1,0,7,23.4090609543589,29.8940065508683,46.6969324947728,"R/CSR","@rgb(60,76,119)","@rgb(192,192,192)","@rgb(192,192,192)","@symbol(2,512,0)"
"1244","Geranium sanguineum L.","Geranium sanguineum","Geraniaceae","Geraniales","Rosanae","Dicot","Cerabolini/Pierce","perennial","forb",0,0,1,0,0,0,0,1,0,0,0,1,1,1,0,0,0,0,0,1,0,0,4,22.0872494356042,55.3159058792196,22.5968446851762,"S/CSR","@rgb(56,141,58)","@rgb(192,192,192)","@rgb(192,192,192)","@symbol(2,512,0)"
"1245","Geranium sylvaticum L.","Geranium sylvaticum","Geraniaceae","Geraniales","Rosanae","Dicot","Soudzilovskaia","perennial","forb",0,0,1,0,0,0,0,1,0,0,0,1,1,1,0,1,0,0,1,1,0,0,6,35.5144630050102,31.024380740739,33.4611562542508,"CSR","@rgb(91,79,85)","@rgb(192,192,192)","@rgb(192,192,192)","@symbol(2,512,0)"
"1246","Geum canadense Jacq.","Geum canadense","Rosaceae","Rosales","Rosanae","Dicot","Weiher","perennial","forb",1,1,0,0,0,0,0,2,0,0,1,1,1,0,1,1,0,0,0,0,0,0,5,41.3378090561657,27.7952298670062,30.8669610768281,"CSR","@rgb(105,71,79)","@rgb(192,192,192)","@rgb(192,192,192)","@symbol(2,512,0)"
"1247","Geum macrophyllum Willd.","Geum macrophyllum","Rosaceae","Rosales","Rosanae","Dicot","Shipley","perennial","forb",1,0,1,0,0,0,0,2,0,0,0,1,1,1,0,0,0,0,0,0,1,0,4,11.5175584474458,62.8920083504755,25.5904332020787,"S/SR","@rgb(29,160,65)","@rgb(192,192,192)","@rgb(192,192,192)","@symbol(2,512,0)"
"1248","Geum montanum L.","Geum montanum","Rosaceae","Rosales","Rosanae","Dicot","Cerabolini/Pierce","perennial","forb",0,0,1,0,0,0,0,1,0,0,0,1,1,0,0,0,0,0,0,1,0,0,3,28.6714879609728,56.4265221868833,14.9019898521439,"S/CSR","@rgb(73,144,38)","@rgb(192,192,192)","@rgb(192,192,192)","@symbol(2,512,0)"
"1249","Geum reptans L.","Geum reptans","Rosaceae","Rosales","Rosanae","Dicot","Cerabolini/Pierce","perennial","forb",0,0,1,0,0,0,0,1,0,0,0,1,1,0,0,0,0,0,0,0,0,0,2,28.733764116031,71.266235883969,0,"S/CS","@rgb(73,182,0)","@rgb(192,192,192)","@rgb(192,192,192)","@symbol(2,512,0)"
"1250","Geum rivale L.","Geum rivale","Rosaceae","Rosales","Rosanae","Dicot","Soudzilovskaia","perennial","forb",1,0,1,0,0,0,0,2,0,0,0,1,1,1,0,1,0,0,1,1,0,0,6,49.0889183150073,27.0531402666654,23.8579414183273,"C/CSR","@rgb(125,69,61)","@rgb(192,192,192)","@rgb(192,192,192)","@symbol(2,512,0)"
"1251","Geum urbanum L.","Geum urbanum","Rosaceae","Rosales","Rosanae","Dicot","Cerabolini/Pierce","perennial","forb",0,0,1,0,0,0,0,1,0,0,0,1,1,1,0,0,0,0,1,1,0,0,5,48.1120669730578,29.6614648222916,22.2264682046505,"C/CSR","@rgb(123,76,57)","@rgb(192,192,192)","@rgb(192,192,192)","@symbol(2,512,0)"
"1252","Ginkgo biloba L.","Ginkgo biloba","Ginkgoaceae","Ginkgoales",NA,"Gymnosperm","Cornelissen","perennial","tree",0,0,1,0,1,0,0,2,1,0,0,1,0,0,0,0,0,0,0,0,0,0,2,33.5941758306067,15.4484380133114,50.957386156082,"CR/CSR","@rgb(86,39,130)","@rgb(255,255,255)","@rgb(128,0,0)","@symbol(3,512,0)"
"1253","Gironniera parvifolia Planch.","Gironniera parvifolia","Ulmaceae","Rosales","Rosanae","Dicot","SJ Wright Pasoh","perennial","tree",0,0,0,0,1,0,0,1,1,0,0,0,0,0,0,0,0,0,0,0,0,0,1,21.8215919704429,64.323369086504,13.855038943053,"S/CS","@rgb(56,164,35)","@rgb(255,255,255)","@rgb(128,0,0)","@symbol(3,512,0)"
"1254","Gladiolus palustris Gaudin","Gladiolus palustris","Iridaceae","Asparagales","Lilianae","Monocot","Cerabolini/Pierce","perennial","forb",0,0,1,0,0,0,0,1,0,0,0,1,1,0,0,0,0,0,0,1,0,0,3,40.5921194480248,33.1327892200841,26.2750913318911,"CSR","@rgb(104,84,67)","@rgb(192,192,192)","@rgb(192,192,192)","@symbol(2,512,0)"
"1255","Glaucium flavum Crantz","Glaucium flavum","Papaveraceae","Ranunculales","Ranunculanae","Dicot","Kleyer","biennial","forb",0,0,1,0,0,0,0,1,0,0,0,1,0,0,0,0,0,0,0,1,0,0,2,71.9509493906375,0,28.0490506093625,"C/CR","@rgb(183,0,72)","@rgb(192,192,192)","@rgb(192,192,192)","@symbol(2,512,0)"
"1256","Glaux maritima L.","Lysimachia maritima","Primulaceae","Ericales","Asteranae","Dicot","Shipley","perennial","forb",1,0,1,0,0,0,0,2,0,0,0,1,1,1,0,0,0,1,1,1,1,0,7,28.2140535488501,18.959935136831,52.8260113143189,"R/CSR","@rgb(72,48,135)","@rgb(192,192,192)","@rgb(192,192,192)","@symbol(2,512,0)"
"1257","Glechoma hederacea L.","Glechoma hederacea","Lamiaceae","Lamiales","Asteranae","Dicot","Weiher","perennial","forb",0,0,1,0,0,0,0,1,0,0,0,1,1,1,0,0,0,0,1,1,0,0,5,16.6020992182214,0,83.3979007817786,"R/CR","@rgb(42,0,213)","@rgb(192,192,192)","@rgb(192,192,192)","@symbol(2,512,0)"
"1258","Gleditsia triacanthos L.","Gleditsia triacanthos","Fabaceae","Fabales","Rosanae","Dicot","Cerabolini/Pierce","perennial","tree",1,0,0,0,0,0,0,1,0,0,1,1,1,0,1,1,0,0,0,1,1,0,7,61.8160211569174,24.6237955311532,13.5601833119294,"C/CSR","@rgb(158,63,35)","@rgb(255,255,255)","@rgb(128,0,0)","@symbol(3,512,0)"
"1259","Globularia alypum L.","Globularia alypum","Plantaginaceae","Lamiales","Asteranae","Dicot","Cornelissen","perennial","shrub",0,0,1,0,0,0,0,1,0,0,0,0,0,0,0,0,0,0,0,1,0,0,1,4.23651344036723,0,95.7634865596328,"R","@rgb(11,0,244)","@rgb(192,192,192)","@rgb(0,0,0)","@symbol(6,512,0)"
"1260","Globularia bisnagarica L.","Globularia bisnagarica","Plantaginaceae","Lamiales","Asteranae","Dicot","Cerabolini/Pierce","perennial","forb",0,0,1,0,0,0,0,1,0,0,0,1,0,0,0,0,0,0,0,1,0,0,2,18.8770342982025,65.3078477038983,15.8151179978992,"S/CS","@rgb(48,167,40)","@rgb(192,192,192)","@rgb(192,192,192)","@symbol(2,512,0)"
"1261","Globularia cordifolia L.","Globularia cordifolia","Plantaginaceae","Lamiales","Asteranae","Dicot","Cerabolini/Pierce","perennial","shrub",0,0,1,0,0,0,0,1,0,0,0,1,1,0,0,0,0,0,0,1,0,0,3,2.88249525980075,97.1175047401993,0,"S","@rgb(7,248,0)","@rgb(192,192,192)","@rgb(0,0,0)","@symbol(6,512,0)"
"1262","Globularia nudicaulis L.","Globularia nudicaulis","Plantaginaceae","Lamiales","Asteranae","Dicot","Cerabolini/Pierce","perennial","forb",0,0,1,0,0,0,0,1,0,0,0,1,1,0,0,0,0,0,0,1,0,0,3,37.0164355020556,42.5486674288791,20.4348970690653,"CS/CSR","@rgb(94,108,52)","@rgb(192,192,192)","@rgb(192,192,192)","@symbol(2,512,0)"
"1263","Globularia punctata Lapeyr.","Globularia bisnagarica","Plantaginaceae","Lamiales","Asteranae","Dicot","Cerabolini/Pierce2","perennial","forb",0,0,1,0,0,0,0,1,0,0,0,1,1,0,0,1,0,0,0,1,0,0,4,26.8731664577359,68.989202786361,4.13763075590317,"S/CS","@rgb(69,176,11)","@rgb(192,192,192)","@rgb(192,192,192)","@symbol(2,512,0)"
"1264","Glyceria fluitans (L.) R. Br.","Glyceria fluitans","Poaceae","Poales","Lilianae","Monocot","Díaz","perennial","graminoid",0,0,1,0,0,0,0,1,0,0,0,1,1,1,0,0,0,0,0,1,0,0,4,20.3895027843933,35.8190846480606,43.7914125675461,"SR/CSR","@rgb(52,91,112)","@rgb(0,0,0)","@rgb(0,128,0)","@symbol(4,512,0)"
"1265","Glyceria plicata (Fr.) Fr.","Glyceria notata","Poaceae","Poales","Lilianae","Monocot","Kleyer","perennial","graminoid",0,0,1,0,0,0,0,1,0,0,0,1,1,0,0,0,0,0,0,1,0,0,3,22.5015875582519,19.3060657704636,58.1923466712845,"R/CSR","@rgb(57,49,148)","@rgb(0,0,0)","@rgb(0,128,0)","@symbol(4,512,0)"
"1266","Gnaphalium hoppeanum Koch","Omalotheca hoppeana","Asteraceae","Asterales","Asteranae","Dicot","Caccianiga","perennial","forb",0,0,1,0,0,0,0,1,0,0,0,1,1,0,0,0,0,0,0,1,0,0,3,2.65581251621693,75.7350950404621,21.6090924433209,"S/SR","@rgb(7,193,55)","@rgb(192,192,192)","@rgb(192,192,192)","@symbol(2,512,0)"
"1267","Gnaphalium luteoalbum L.","Pseudognaphalium luteoalbum","Asteraceae","Asterales","Asteranae","Dicot","Kleyer","annual","forb",0,0,1,1,1,1,0,4,1,1,0,1,1,0,1,1,0,1,0,1,1,0,9,7.9243148455298,15.3897455218242,76.685939632646,"R/SR","@rgb(20,39,196)","@rgb(192,192,192)","@rgb(192,192,192)","@symbol(2,512,0)"
"1268","Gnaphalium obtusifolium L.","Pseudognaphalium obtusifolium","Asteraceae","Asterales","Asteranae","Dicot","Shipley","annual","forb",1,0,0,0,0,0,0,1,0,0,0,1,1,0,0,1,0,0,0,0,0,0,3,22.4632857636981,0,77.5367142363019,"R/CR","@rgb(57,0,198)","@rgb(192,192,192)","@rgb(192,192,192)","@symbol(2,512,0)"
"1269","Gnaphalium purpureum L.","Gamochaeta purpurea","Asteraceae","Asterales","Asteranae","Dicot","Weiher","biennial","forb",1,1,0,0,0,0,0,2,1,1,1,1,1,0,1,1,0,0,0,1,1,0,9,19.0366667359994,80.9633332640006,0,"S/CS","@rgb(49,206,0)","@rgb(192,192,192)","@rgb(192,192,192)","@symbol(2,512,0)"
"1270","Gnaphalium supinum L.","Gnaphalium supinum","Asteraceae","Asterales","Asteranae","Dicot","Cerabolini/Pierce","perennial","forb",1,0,1,0,0,0,0,2,0,0,0,1,1,1,0,0,0,0,1,1,0,0,5,0,64.4687554862157,35.5312445137843,"S/SR","@rgb(0,164,91)","@rgb(192,192,192)","@rgb(192,192,192)","@symbol(2,512,0)"
"1271","Gomphrena incana Mart.","Gomphrena incana","Amaranthaceae","Caryophyllales","Caryophyllanae","Dicot","Negreiros","perennial","forb",0,1,0,0,0,0,0,1,0,0,0,0,0,0,1,0,0,0,0,0,0,0,1,39.3263796928555,60.6736203071445,0,"CS","@rgb(100,155,0)","@rgb(192,192,192)","@rgb(192,192,192)","@symbol(2,512,0)"
"1272","Gonocaryum gracile Miq.","Gonocaryum gracile","Icacinaceae","Boraginales","Asteranae","Dicot","SJ Wright Pasoh","perennial","tree",0,0,0,0,1,0,0,1,1,0,0,0,0,0,0,0,0,0,0,0,0,0,1,43.3668959640774,51.7859561566749,4.84714787924764,"CS","@rgb(111,132,12)","@rgb(255,255,255)","@rgb(128,0,0)","@symbol(3,512,0)"
"1273","Gratiola officinalis L.","Gratiola officinalis","Plantaginaceae","Lamiales","Asteranae","Dicot","Kleyer","perennial","forb",0,0,1,0,0,0,0,1,0,0,0,1,0,0,0,0,0,0,0,1,0,0,2,11.5906616739716,16.4388557436632,71.9704825823652,"R/SR","@rgb(30,42,184)","@rgb(192,192,192)","@rgb(192,192,192)","@symbol(2,512,0)"
"1274","Groenlandia densa (L.) Fourr.","Groenlandia densa","Potamogetonaceae","Alismatales","Lilianae","Monocot","Kleyer","perennial","aquatic",0,0,1,0,0,0,0,1,0,0,0,1,1,0,0,0,0,0,0,1,0,0,3,2.79660549380698,21.7017548846889,75.5016396215041,"R/SR","@rgb(7,55,193)","@rgb(192,192,192)","@rgb(0,0,255)","@symbol(5,512,0)"
"1275","Guapira standleyana Woodson","Guapira myrtiflora","Nyctaginaceae","Caryophyllales","Caryophyllanae","Dicot","Wright","perennial","tree",0,1,0,0,0,0,0,1,1,0,0,0,0,0,0,0,0,0,0,0,0,0,1,52.7815711165611,28.1765761797172,19.0418527037217,"C/CSR","@rgb(135,72,49)","@rgb(255,255,255)","@rgb(128,0,0)","@symbol(3,512,0)"
"1276","Guarea bullata Radlk.","Guarea bullata","Meliaceae","Sapindales","Rosanae","Dicot","Wright","perennial","tree",0,1,0,0,0,0,0,1,1,1,0,0,0,0,0,0,0,0,0,0,0,0,2,66.3581119836607,31.49516703935,2.14672097698931,"C/CS","@rgb(169,80,5)","@rgb(255,255,255)","@rgb(128,0,0)","@symbol(3,512,0)"
"1277","Guarea grandifolia DC.","Guarea guidonia","Meliaceae","Sapindales","Rosanae","Dicot","Wright","perennial","tree",0,1,0,0,0,0,0,1,1,1,1,0,0,0,0,0,0,0,0,0,0,0,3,79.7195145297797,15.7635477436808,4.51693772653951,"C/CS","@rgb(203,40,12)","@rgb(255,255,255)","@rgb(128,0,0)","@symbol(3,512,0)"
"1278","Guarea guidonia (L.) Sleumer","Guarea guidonia","Meliaceae","Sapindales","Rosanae","Dicot","Wright","perennial","tree",0,1,0,0,0,0,0,1,1,1,0,0,0,0,1,0,1,0,0,0,1,0,5,70.2669146291202,23.129669200187,6.60341617069288,"C/CS","@rgb(179,59,17)","@rgb(255,255,255)","@rgb(128,0,0)","@symbol(3,512,0)"
"1279","Guatteria dumetorum R.E. Fr.","Guatteria lucens","Annonaceae","Magnoliales","Magnolianae","Dicot","Wright","perennial","tree",0,1,0,0,0,0,0,1,1,1,0,0,0,0,0,0,0,0,0,0,0,0,2,42.3017506454208,45.0188352081964,12.6794141463828,"CS/CSR","@rgb(108,115,32)","@rgb(255,255,255)","@rgb(128,0,0)","@symbol(3,512,0)"
"1280","Guatteria schomburgkiana Mart.","Guatteria schomburgkiana","Annonaceae","Magnoliales","Magnolianae","Dicot","Pinho","perennial","tree",0,1,0,0,0,0,0,1,1,0,0,0,0,0,0,0,0,0,0,0,0,0,1,41.9789696113826,50.8035501702894,7.21748021832798,"CS","@rgb(107,130,18)","@rgb(255,255,255)","@rgb(128,0,0)","@symbol(3,512,0)"
"1281","Guazuma ulmifolia Lam.","Guazuma ulmifolia","Malvaceae","Malvales","Rosanae","Dicot","Pinho","perennial","tree",0,1,0,0,0,0,0,1,1,1,0,0,0,0,1,0,0,0,0,0,1,0,4,44.3181529498683,35.7771670116489,19.9046800384828,"CS/CSR","@rgb(113,91,51)","@rgb(255,255,255)","@rgb(128,0,0)","@symbol(3,512,0)"
"1282","Guettarda foliacea Standl.","Guettarda foliacea","Rubiaceae","Gentianales","Asteranae","Dicot","Wright","perennial","tree",0,1,0,0,0,0,0,1,1,1,0,0,0,0,0,0,0,0,0,0,0,0,2,43.1667928317156,32.8794199184685,23.953787249816,"CS/CSR","@rgb(110,84,61)","@rgb(255,255,255)","@rgb(128,0,0)","@symbol(3,512,0)"
"1283","Guettarda platypoda DC.","Guettarda platypoda","Rubiaceae","Gentianales","Asteranae","Dicot","Pinho","perennial","shrub",0,1,0,0,0,0,0,1,1,1,0,0,0,0,0,0,0,0,0,0,1,0,3,35.9793903316409,64.0206096683591,0,"S/CS","@rgb(92,163,0)","@rgb(192,192,192)","@rgb(0,0,0)","@symbol(6,512,0)"
"1284","Gustavia superba (Kunth) O. Berg","Gustavia superba","Lecythidaceae","Ericales","Asteranae","Dicot","Wright","perennial","tree",0,1,0,0,0,0,0,1,1,0,0,0,0,0,0,0,0,0,0,0,0,0,1,67.2854605923083,19.5062654042521,13.2082740034397,"C/CS","@rgb(172,50,34)","@rgb(255,255,255)","@rgb(128,0,0)","@symbol(3,512,0)"
"1285","Gymnacranthera forbesii Warb.","Gymnacranthera forbesii","Myristicaceae","Magnoliales","Magnolianae","Dicot","SJ Wright Pasoh","perennial","tree",0,0,0,0,1,0,0,1,1,0,0,0,0,0,0,0,0,0,0,0,0,0,1,35.3047473049781,64.6952526950219,0,"S/CS","@rgb(90,165,0)","@rgb(255,255,255)","@rgb(128,0,0)","@symbol(3,512,0)"
"1286","Gymnadenia conopsea (L.) R. Br.","Gymnadenia conopsea","Orchidaceae","Asparagales","Lilianae","Monocot","Kleyer","perennial","forb",0,0,1,0,0,0,0,1,0,0,0,1,1,1,0,0,0,0,1,1,0,0,5,58.0367800661368,0,41.9632199338632,"CR","@rgb(148,0,107)","@rgb(192,192,192)","@rgb(192,192,192)","@symbol(2,512,0)"
"1287","Gymnadenia odoratissima (L.) Rich.","Gymnadenia odoratissima","Orchidaceae","Asparagales","Lilianae","Monocot","Kleyer","perennial","forb",0,0,1,0,0,0,0,1,0,0,0,1,1,0,0,0,0,0,0,1,0,0,3,30.5625819231199,0,69.4374180768801,"R/CR","@rgb(78,0,177)","@rgb(192,192,192)","@rgb(192,192,192)","@symbol(2,512,0)"
"1288","Gymnocarpium dryopteris (L.) Newman","Gymnocarpium dryopteris","Cystopteridaceae","Polypodiales",NA,"Fern","Cerabolini/Pierce","perennial","forb",1,0,1,0,0,0,0,2,0,0,0,1,1,1,0,1,0,0,1,1,0,0,6,33.0915831759813,10.498151468142,56.4102653558767,"R/CSR","@rgb(84,27,144)","@rgb(192,192,192)","@rgb(192,192,192)","@symbol(2,512,0)"
"1289","Gypsophila perfoliata L.","Gypsophila perfoliata","Caryophyllaceae","Caryophyllales","Caryophyllanae","Dicot","Kleyer","perennial","forb",0,0,1,0,0,0,0,1,0,0,0,1,0,0,0,0,0,0,0,1,0,0,2,60.4246950674123,0,39.5753049325877,"CR","@rgb(154,0,101)","@rgb(192,192,192)","@rgb(192,192,192)","@symbol(2,512,0)"
"1290","Gypsophila repens L.","Gypsophila repens","Caryophyllaceae","Caryophyllales","Caryophyllanae","Dicot","Kleyer","perennial","forb",0,0,1,0,0,0,0,1,0,0,0,1,1,0,0,0,0,0,0,1,0,0,3,11.6796394546715,0,88.3203605453285,"R","@rgb(30,0,225)","@rgb(192,192,192)","@rgb(192,192,192)","@symbol(2,512,0)"
"1291","Halimione pedunculata (L.) Aellen","Atriplex pedunculata","Amaranthaceae","Caryophyllales","Caryophyllanae","Dicot","Kleyer","annual","forb",0,0,1,0,0,0,0,1,0,0,0,1,0,0,0,0,0,0,0,0,0,0,1,22.0015224299184,2.52074864309645,75.4777289269851,"R/CR","@rgb(56,6,192)","@rgb(192,192,192)","@rgb(192,192,192)","@symbol(2,512,0)"
"1292","Hamelia axillaris Sw.","Hamelia axillaris","Rubiaceae","Gentianales","Asteranae","Dicot","Wright","perennial","shrub",0,1,0,0,0,0,0,1,1,1,1,0,0,0,0,0,0,0,0,0,1,0,4,39.6858885956549,33.2316911399763,27.0824202643689,"CSR","@rgb(101,85,69)","@rgb(192,192,192)","@rgb(0,0,0)","@symbol(6,512,0)"
"1293","Hampea appendiculata (Donn. Sm.) Standl.","Hampea appendiculata","Malvaceae","Malvales","Rosanae","Dicot","Wright","perennial","tree",0,1,0,0,0,0,0,1,1,1,0,0,0,0,0,0,0,0,0,0,0,0,2,65.6755217730818,22.3366976140722,11.987780612846,"C/CS","@rgb(167,57,31)","@rgb(255,255,255)","@rgb(128,0,0)","@symbol(3,512,0)"
"1294","Hancornia speciosa Gomes","Hancornia speciosa","Apocynaceae","Gentianales","Asteranae","Dicot","Pinho","perennial","tree",0,1,0,0,0,0,0,1,1,1,0,0,0,0,1,0,0,0,0,0,1,0,4,24.5681612641905,73.58962762556,1.84221111024953,"S/CS","@rgb(63,188,5)","@rgb(255,255,255)","@rgb(128,0,0)","@symbol(3,512,0)"
"1295","Handroanthus impetiginosus (Mart. ex DC.) Mattos","Handroanthus impetiginosus","Bignoniaceae","Lamiales","Asteranae","Dicot","Pinho","perennial","tree",0,1,0,0,0,0,0,1,1,1,0,0,0,0,1,0,1,0,0,0,1,0,5,45.2612293715203,41.8683511974425,12.8704194310371,"CS/CSR","@rgb(115,107,33)","@rgb(255,255,255)","@rgb(128,0,0)","@symbol(3,512,0)"
"1296","Handroanthus serratifolius (Vahl) S. O. Grose","Handroanthus serratifolius","Bignoniaceae","Lamiales","Asteranae","Dicot","Pinho","perennial","tree",0,1,0,0,0,0,0,1,1,1,0,0,0,0,1,0,1,0,0,0,1,0,5,43.066082026926,17.4296349031114,39.5042830699626,"CR/CSR","@rgb(110,44,101)","@rgb(255,255,255)","@rgb(128,0,0)","@symbol(3,512,0)"
"1297","Hasseltia floribunda Kunth","Hasseltia floribunda","Salicaceae","Malpighiales","Rosanae","Dicot","Wright","perennial","tree",0,1,0,0,0,0,0,1,1,1,0,0,0,0,0,0,0,0,0,0,0,0,2,50.947302843114,31.5476224619173,17.5050746949687,"C/CSR","@rgb(130,80,45)","@rgb(255,255,255)","@rgb(128,0,0)","@symbol(3,512,0)"
"1298","Hebe franciscana (Eastw.) Souster","Veronica franciscana","Plantaginaceae","Lamiales","Asteranae","Dicot","Cornelissen","perennial","shrub",0,0,0,0,0,1,0,1,0,0,0,1,0,0,0,0,0,0,0,0,0,0,1,15.0737706660172,76.7545472446487,8.17168208933405,"S/CS","@rgb(38,196,21)","@rgb(192,192,192)","@rgb(0,0,0)","@symbol(6,512,0)"
"1299","Hedeoma hispida Pursh","Hedeoma hispida","Lamiaceae","Lamiales","Asteranae","Dicot","Weiher","annual","forb",1,0,0,0,0,0,0,1,0,0,0,1,1,0,1,1,0,0,0,0,0,0,4,1.39212018415405,42.5803674324197,56.0275123834262,"SR","@rgb(4,109,143)","@rgb(192,192,192)","@rgb(192,192,192)","@symbol(2,512,0)"
"1300","Hedera helix L.","Hedera helix","Araliaceae","Apiales","Asteranae","Dicot","Cerabolini/Pierce","perennial","liana",0,0,1,0,0,0,0,1,0,0,0,1,1,0,0,0,0,0,0,1,0,0,3,36.0754176340392,12.9990276207589,50.9255547452019,"CR/CSR","@rgb(92,33,130)","@rgb(128,128,128)","@rgb(128,128,128)","@symbol(3,512,0)"
"1301","Hedyotis nigricans (Lam.) Fosberg","Stenaria nigricans","Rubiaceae","Gentianales","Asteranae","Dicot","Weiher","perennial","shrub",1,0,0,0,0,0,0,1,0,0,1,1,1,0,0,1,0,0,0,0,0,0,4,0,74.6085942369971,25.3914057630029,"S/SR","@rgb(0,190,65)","@rgb(192,192,192)","@rgb(0,0,0)","@symbol(6,512,0)"
"1302","Hedyotis purpurea (L.) Torr. & A. Gray","Houstonia purpurea","Rubiaceae","Gentianales","Asteranae","Dicot","Weiher","perennial","forb",1,0,0,0,0,0,0,1,0,0,0,1,0,0,0,1,0,0,0,0,0,0,2,3.25965808648232,61.6779119544626,35.062429959055,"S/SR","@rgb(8,157,89)","@rgb(192,192,192)","@rgb(192,192,192)","@symbol(2,512,0)"
"1303","Hedysarum caucasicum M. Bieb.","Hedysarum caucasicum","Fabaceae","Fabales","Rosanae","Dicot","Soudzilovskaia","perennial","forb",0,0,1,0,0,0,0,1,0,0,0,1,0,0,0,1,0,0,0,0,0,0,2,39.5666458379154,22.8478748860161,37.5854792760685,"CR/CSR","@rgb(101,58,96)","@rgb(192,192,192)","@rgb(192,192,192)","@symbol(2,512,0)"
"1304","Hedysarum hedysaroides (L.) Schinz & Thell.","Hedysarum hedysaroides","Fabaceae","Fabales","Rosanae","Dicot","Cerabolini","perennial","forb",1,0,1,0,0,0,0,2,0,0,0,1,1,1,0,1,0,0,1,1,0,0,6,35.6942281043537,25.0642607219343,39.241511173712,"CSR","@rgb(91,64,100)","@rgb(192,192,192)","@rgb(192,192,192)","@symbol(2,512,0)"
"1305","Heisteria acuminata (Bonpl.) Engl.","Heisteria acuminata","Olacaceae","Santalales","Santalanae","Dicot","Wright","perennial","tree",0,1,0,0,0,0,0,1,1,1,1,0,0,0,0,0,0,0,0,0,0,0,3,41.0970343350303,49.2637306135474,9.63923505142235,"CS","@rgb(105,126,25)","@rgb(255,255,255)","@rgb(128,0,0)","@symbol(3,512,0)"
"1306","Heisteria concinna Standl.","Heisteria concinna","Olacaceae","Santalales","Santalanae","Dicot","Wright","perennial","tree",0,1,0,0,0,0,0,1,1,1,0,0,0,0,0,0,0,0,0,0,0,0,2,43.7223344671814,56.136026838525,0.141638694293588,"CS","@rgb(111,143,0)","@rgb(255,255,255)","@rgb(128,0,0)","@symbol(3,512,0)"
"1307","Helenium autumnale L.","Helenium autumnale","Asteraceae","Asterales","Asteranae","Dicot","Weiher","perennial","forb",1,0,0,0,0,0,0,1,0,0,0,1,1,1,0,1,0,0,0,0,1,0,5,9.87078948987231,85.5060402358601,4.6231702742676,"S","@rgb(25,218,12)","@rgb(192,192,192)","@rgb(192,192,192)","@symbol(2,512,0)"
"1308","Helianthella quinquenervis (Hook.) A. Gray","Helianthella quinquenervis","Asteraceae","Asterales","Asteranae","Dicot","Laughlin","perennial","forb",1,0,0,0,0,0,0,1,0,0,1,0,1,0,0,0,0,0,0,0,0,0,2,53.0906272184114,11.1648471556938,35.7445256258949,"CR/CSR","@rgb(135,28,91)","@rgb(192,192,192)","@rgb(192,192,192)","@symbol(2,512,0)"
"1309","Helianthemum apenninum (L.) Mill.","Helianthemum apenninum","Cistaceae","Malvales","Rosanae","Dicot","Cerabolini","perennial","shrub",0,0,1,0,0,0,0,1,0,0,0,1,1,0,0,0,0,0,0,1,0,0,3,3.22710911409358,96.7728908859064,0,"S","@rgb(8,247,0)","@rgb(192,192,192)","@rgb(0,0,0)","@symbol(6,512,0)"
"1310","Helianthemum bicknellii Fernald","Crocanthemum bicknellii","Cistaceae","Malvales","Rosanae","Dicot","Reich","perennial","forb",1,0,0,0,0,0,0,1,0,0,0,1,0,1,0,0,0,0,0,0,0,0,2,6.87812654120402,53.1493719912576,39.9725014675384,"SR","@rgb(18,136,102)","@rgb(192,192,192)","@rgb(192,192,192)","@symbol(2,512,0)"
"1311","Helianthemum hirtum Mill.","Helianthemum hirtum","Cistaceae","Malvales","Rosanae","Dicot","Cornelissen","perennial","shrub",0,0,1,0,0,0,0,1,0,0,0,0,0,0,0,0,0,0,0,1,0,0,1,1.88189428569127,57.8374358281457,40.280669886163,"SR","@rgb(5,147,103)","@rgb(192,192,192)","@rgb(0,0,0)","@symbol(6,512,0)"
"1312","Helianthemum nummularium (L.) Mill. obscurum (Celak.) Holub","Helianthemum nummularium subsp. obscurum","Cistaceae","Malvales","Rosanae","Dicot","Cerabolini/Pierce","perennial","shrub",0,0,1,0,0,0,0,1,0,0,0,1,1,0,0,0,0,0,0,1,0,0,3,11.7755729150892,68.8748966167547,19.349530468156,"S/SR","@rgb(30,176,49)","@rgb(192,192,192)","@rgb(0,0,0)","@symbol(6,512,0)"
"1313","Helianthemum oelandicum (L.) Dum. Cours. italicum (L.) Ces.","Helianthemum oelandicum subsp. italicum","Cistaceae","Malvales","Rosanae","Dicot","Cerabolini/Pierce","perennial","shrub",0,0,1,0,0,0,0,1,0,0,0,1,1,0,0,0,0,0,0,1,0,0,3,6.49102464175063,81.5443722516749,11.9646031065745,"S","@rgb(17,208,31)","@rgb(192,192,192)","@rgb(0,0,0)","@symbol(6,512,0)"
"1314","Helianthemum squamatum (L.) Pers.","Helianthemum squamatum","Cistaceae","Malvales","Rosanae","Dicot","Cornelissen","perennial","shrub",0,0,1,0,0,0,0,1,0,0,0,0,0,0,0,0,0,0,0,1,0,0,1,0,54.5162102156804,45.4837897843196,"SR","@rgb(0,139,116)","@rgb(192,192,192)","@rgb(0,0,0)","@symbol(6,512,0)"
"1315","Helianthus annuus L.","Helianthus annuus","Asteraceae","Asterales","Asteranae","Dicot","Kleyer","annual","forb",1,0,0,0,0,0,0,1,0,1,1,1,1,0,1,1,0,0,0,1,1,0,8,77.2468406189853,0,22.7531593810147,"C/CR","@rgb(197,0,58)","@rgb(192,192,192)","@rgb(192,192,192)","@symbol(2,512,0)"
"1316","Helianthus grosseserratus M. Martens","Helianthus grosseserratus","Asteraceae","Asterales","Asteranae","Dicot","Weiher","perennial","forb",1,0,0,0,0,0,0,1,0,0,0,1,1,0,0,1,0,0,0,0,0,0,3,37.7373553944928,33.3951088234691,28.8675357820381,"CSR","@rgb(96,85,74)","@rgb(192,192,192)","@rgb(192,192,192)","@symbol(2,512,0)"
"1317","Helianthus hirsutus Raf.","Helianthus hirsutus","Asteraceae","Asterales","Asteranae","Dicot","Weiher","perennial","forb",1,0,0,0,0,0,0,1,0,0,1,1,1,0,0,1,0,0,0,0,0,0,4,15.6302848046116,77.6965560855552,6.67315910983321,"S/CS","@rgb(40,198,17)","@rgb(192,192,192)","@rgb(192,192,192)","@symbol(2,512,0)"
"1318","Helianthus occidentalis Riddell","Helianthus occidentalis","Asteraceae","Asterales","Asteranae","Dicot","Weiher","perennial","forb",1,0,0,0,0,0,0,1,0,0,0,1,1,0,1,1,0,0,0,0,0,0,4,37.4051100157016,43.535378218186,19.0595117661124,"CS/CSR","@rgb(95,111,49)","@rgb(192,192,192)","@rgb(192,192,192)","@symbol(2,512,0)"
"1319","Helianthus tuberosus L.","Helianthus tuberosus","Asteraceae","Asterales","Asteranae","Dicot","Kleyer","perennial","forb",1,0,0,0,0,0,0,1,0,0,0,1,1,0,0,1,0,0,0,0,0,0,3,71.7430137594783,0,28.2569862405217,"C/CR","@rgb(183,0,72)","@rgb(192,192,192)","@rgb(192,192,192)","@symbol(2,512,0)"
"1320","Helichrysum arenarium (L.) Moench","Helichrysum arenarium","Asteraceae","Asterales","Asteranae","Dicot","Kleyer","perennial","forb",0,0,1,0,0,0,0,1,0,0,0,1,0,0,0,0,0,0,0,0,0,0,1,20.6888194278201,39.1744960162003,40.1366845559796,"SR/CSR","@rgb(53,100,102)","@rgb(192,192,192)","@rgb(192,192,192)","@symbol(2,512,0)"
"1321","Helichrysum stoechas (L.) Moench","Helichrysum stoechas","Asteraceae","Asterales","Asteranae","Dicot","Pausas","perennial","shrub",0,0,1,0,0,0,0,1,0,0,0,1,0,0,0,0,0,0,0,1,0,0,2,0,76.4309775622322,23.5690224377677,"S/SR","@rgb(0,195,60)","@rgb(192,192,192)","@rgb(0,0,0)","@symbol(6,512,0)"
"1322","Helicostylis tomentosa (Poepp. & Endl.) Rusby","Helicostylis tomentosa","Moraceae","Rosales","Rosanae","Dicot","Pinho","perennial","tree",0,1,0,0,0,0,0,1,1,1,0,0,0,0,0,0,0,0,0,0,1,0,3,46.450920591717,35.8317470554845,17.7173323527985,"CS/CSR","@rgb(118,91,45)","@rgb(255,255,255)","@rgb(128,0,0)","@symbol(3,512,0)"
"1323","Helictotrichon pubescens (Huds.) Pilg.","Avenula pubescens","Poaceae","Poales","Lilianae","Monocot","Díaz","perennial","graminoid",0,0,1,0,0,0,0,1,0,0,0,1,1,1,0,0,0,0,1,1,0,0,5,16.887487420238,55.6182748399278,27.4942377398341,"S/CSR","@rgb(43,142,70)","@rgb(0,0,0)","@rgb(0,128,0)","@symbol(4,512,0)"
"1324","Helictotrichon versicolor (Vill.) Pilg.","Helictochloa versicolor","Poaceae","Poales","Lilianae","Monocot","Soudzilovskaia","perennial","graminoid",0,0,1,0,0,0,0,1,0,0,0,1,1,0,0,0,0,0,0,1,0,0,3,13.1822671942799,86.1775424069861,0.640190398733948,"S","@rgb(34,220,2)","@rgb(0,0,0)","@rgb(0,128,0)","@symbol(4,512,0)"
"1325","Heliomeris multiflora Nutt.","Heliomeris multiflora","Asteraceae","Asterales","Asteranae","Dicot","Laughlin","perennial","shrub",1,0,0,0,0,0,0,1,0,1,1,0,1,0,0,0,0,0,0,0,1,0,4,18.4888652128268,44.9300007548553,36.5811340323179,"SR/CSR","@rgb(47,115,93)","@rgb(192,192,192)","@rgb(0,0,0)","@symbol(6,512,0)"
"1326","Heliopsis helianthoides (L.) Sweet","Heliopsis helianthoides","Asteraceae","Asterales","Asteranae","Dicot","Weiher","perennial","forb",1,0,0,0,0,0,0,1,0,0,0,1,1,0,0,1,0,0,0,0,1,0,4,45.5903884364995,16.9629734564507,37.4466381070498,"CR/CSR","@rgb(116,43,95)","@rgb(192,192,192)","@rgb(192,192,192)","@symbol(2,512,0)"
"1327","Heliotropium tenellum Torr.","Euploca tenella","Boraginaceae","Boraginales","Asteranae","Dicot","Weiher","annual","forb",1,0,0,0,0,0,0,1,0,0,1,1,0,0,0,1,0,0,0,0,0,0,3,1.96217644348295,52.013718719736,46.024104836781,"SR","@rgb(5,133,117)","@rgb(192,192,192)","@rgb(192,192,192)","@symbol(2,512,0)"
"1328","Helleborus foetidus L.","Helleborus foetidus","Ranunculaceae","Ranunculales","Ranunculanae","Dicot","Kleyer","perennial","forb",0,0,1,0,0,0,0,1,0,0,0,1,1,0,0,0,0,0,0,1,0,0,3,79.5483190237104,7.22135896707415,13.2303220092155,"C/CR","@rgb(203,18,34)","@rgb(192,192,192)","@rgb(192,192,192)","@symbol(2,512,0)"
"1329","Helleborus niger L.","Helleborus niger","Ranunculaceae","Ranunculales","Ranunculanae","Dicot","Cerabolini/Pierce","perennial","forb",0,0,1,0,0,0,0,1,0,0,0,1,1,0,0,0,0,0,0,0,0,0,2,80.2945587981532,16.2333854176305,3.47205578421631,"C/CS","@rgb(205,41,9)","@rgb(192,192,192)","@rgb(192,192,192)","@symbol(2,512,0)"
"1330","Helleborus viridis L. viridis","Helleborus viridis subsp. viridis","Ranunculaceae","Ranunculales","Ranunculanae","Dicot","Cerabolini","perennial","forb",0,0,1,0,0,0,0,1,0,0,0,1,0,0,0,0,0,0,0,0,0,0,1,80.8760335264606,0.343562537781256,18.7804039357581,"C/CR","@rgb(206,1,48)","@rgb(192,192,192)","@rgb(192,192,192)","@symbol(2,512,0)"
"1331","Henriettea succosa (Aubl.) DC.","Henriettea succosa","Melastomataceae","Myrtales","Rosanae","Dicot","Pinho","perennial","tree",0,1,0,0,0,0,0,1,1,1,0,0,0,0,0,0,0,0,0,0,1,0,3,61.2532463895888,17.9772617865277,20.7694918238835,"C/CSR","@rgb(156,46,53)","@rgb(255,255,255)","@rgb(128,0,0)","@symbol(3,512,0)"
"1332","Hepatica nobilis Schreb.","Hepatica nobilis","Ranunculaceae","Ranunculales","Ranunculanae","Dicot","Cerabolini/Pierce","perennial","forb",0,0,1,0,0,0,0,1,0,0,0,1,1,1,0,0,0,0,0,1,0,0,4,43.2260455328295,30.9166550957488,25.8572993714217,"CSR","@rgb(110,79,66)","@rgb(192,192,192)","@rgb(192,192,192)","@symbol(2,512,0)"
"1333","Heracleum mantegazzianum Sommier & Levier","Heracleum mantegazzianum","Apiaceae","Apiales","Asteranae","Dicot","Kleyer","perennial","forb",0,0,1,0,0,0,0,1,0,0,0,0,0,0,0,1,0,0,0,0,0,0,1,73.2796907326244,3.98073225372434,22.7395770136512,"C/CR","@rgb(187,10,58)","@rgb(192,192,192)","@rgb(192,192,192)","@symbol(2,512,0)"
"1334","Heracleum sphondylium L.","Heracleum sphondylium","Apiaceae","Apiales","Asteranae","Dicot","Díaz","perennial","forb",0,0,1,0,0,0,0,1,0,0,0,1,1,1,0,0,0,0,1,1,0,0,5,82.7516077562474,6.7850428546906,10.463349389062,"C","@rgb(211,17,27)","@rgb(192,192,192)","@rgb(192,192,192)","@symbol(2,512,0)"
"1335","Herniaria glabra L.","Herniaria glabra","Caryophyllaceae","Caryophyllales","Caryophyllanae","Dicot","Kleyer","annual","forb",0,0,1,0,0,0,0,1,0,0,0,1,1,0,0,0,0,0,0,1,0,0,3,0,27.8417605415058,72.1582394584942,"R/SR","@rgb(0,71,184)","@rgb(192,192,192)","@rgb(192,192,192)","@symbol(2,512,0)"
"1336","Herniaria hirsuta L.","Herniaria hirsuta","Caryophyllaceae","Caryophyllales","Caryophyllanae","Dicot","Díaz","annual","forb",0,0,1,0,0,0,0,1,0,0,0,1,1,0,0,1,0,1,0,1,1,0,6,0,30.8260650588974,69.1739349411026,"R/SR","@rgb(0,79,176)","@rgb(192,192,192)","@rgb(192,192,192)","@symbol(2,512,0)"
"1337","Herrania purpurea (Pittier) R.E. Schult.","Herrania purpurea","Malvaceae","Malvales","Rosanae","Dicot","Wright","perennial","tree",0,1,0,0,0,0,0,1,1,1,0,0,0,0,0,0,0,0,0,0,0,0,2,78.2079918254425,16.6812171218242,5.11079105273334,"C/CS","@rgb(199,43,13)","@rgb(255,255,255)","@rgb(128,0,0)","@symbol(3,512,0)"
"1338","Hesperis matronalis L.","Hesperis matronalis","Brassicaceae","Brassicales","Rosanae","Dicot","Kleyer","perennial","forb",0,0,1,0,0,0,0,1,0,0,0,1,1,0,0,1,0,0,0,1,0,0,4,21.7654443305352,0,78.2345556694648,"R/CR","@rgb(56,0,199)","@rgb(192,192,192)","@rgb(192,192,192)","@symbol(2,512,0)"
"1339","Hesperostipa comata (Trin. & Rupr.) Barkworth","Hesperostipa comata","Poaceae","Poales","Lilianae","Monocot","Laughlin","perennial","graminoid",1,0,0,0,0,0,0,1,0,0,0,1,0,0,0,1,0,0,0,0,1,0,3,4.77920904044993,95.2207909595501,0,"S","@rgb(12,243,0)","@rgb(0,0,0)","@rgb(0,128,0)","@symbol(4,512,0)"
"1340","Heteranthera limosa (Sw.) Willd.","Heteranthera limosa","Pontederiaceae","Commelinales","Lilianae","Monocot","Cerabolini/Pierce","annual","aquatic",1,1,0,0,0,0,0,2,1,1,1,0,0,0,1,0,1,0,0,0,0,0,5,28.5202110658033,0,71.4797889341967,"R/CR","@rgb(73,0,182)","@rgb(192,192,192)","@rgb(0,0,255)","@symbol(5,512,0)"
"1341","Heteranthera reniformis Ruiz & Pav.","Heteranthera reniformis","Pontederiaceae","Commelinales","Lilianae","Monocot","Cerabolini/Pierce","perennial","aquatic",1,1,0,0,0,0,0,2,1,1,1,0,0,0,1,0,1,0,0,0,1,0,6,29.4513389335466,0,70.5486610664534,"R/CR","@rgb(75,0,180)","@rgb(192,192,192)","@rgb(0,0,255)","@symbol(5,512,0)"
"1342","Heterotheca villosa (Pursh) Shinners","Heterotheca villosa","Asteraceae","Asterales","Asteranae","Dicot","Laughlin","perennial","shrub",1,0,0,0,0,0,0,1,0,0,1,1,1,0,0,1,0,0,0,0,0,0,4,10.8529006201629,61.4951737782427,27.6519256015944,"S/SR","@rgb(28,157,71)","@rgb(192,192,192)","@rgb(0,0,0)","@symbol(6,512,0)"
"1343","Heuchera richardsonii R. Br.","Heuchera richardsonii","Saxifragaceae","Saxifragales","Myrothamnanae","Dicot","Weiher","perennial","forb",1,0,0,0,0,0,0,1,0,0,0,1,1,1,0,1,0,0,0,0,0,0,4,46.8529970987791,52.6494258264776,0.497577074743324,"CS","@rgb(119,134,1)","@rgb(192,192,192)","@rgb(192,192,192)","@symbol(2,512,0)"
"1344","Hibiscus syriacus L.","Hibiscus syriacus","Malvaceae","Malvales","Rosanae","Dicot","Cerabolini","perennial","shrub",0,0,1,0,1,0,0,2,1,0,0,0,1,0,0,0,0,0,0,0,0,0,2,34.216762407663,44.4120411335873,21.3711964587497,"CS/CSR","@rgb(87,113,54)","@rgb(192,192,192)","@rgb(0,0,0)","@symbol(6,512,0)"
"1345","Hieracium acuminatum Jord.","Hieracium lachenalii subsp. acuminatum","Asteraceae","Asterales","Asteranae","Dicot","Kleyer","perennial","forb",0,0,1,0,0,0,0,1,0,0,0,1,0,0,0,0,0,0,0,0,0,0,1,40.1839693393475,0,59.8160306606525,"CR","@rgb(102,0,153)","@rgb(192,192,192)","@rgb(192,192,192)","@symbol(2,512,0)"
"1346","Hieracium alpinum L.","Hieracium alpinum","Asteraceae","Asterales","Asteranae","Dicot","Cerabolini","perennial","forb",0,0,1,0,0,0,0,1,0,0,0,1,1,1,0,0,0,0,1,0,0,0,4,27.1706513356575,14.955238487716,57.8741101766265,"R/CSR","@rgb(69,38,148)","@rgb(192,192,192)","@rgb(192,192,192)","@symbol(2,512,0)"
"1347","Hieracium amplexicaule L.","Hieracium amplexicaule","Asteraceae","Asterales","Asteranae","Dicot","Kleyer","perennial","forb",0,0,1,0,0,0,0,1,0,0,0,1,1,0,0,0,0,0,0,1,0,0,3,62.8804202354244,0,37.1195797645756,"C/CR","@rgb(160,0,95)","@rgb(192,192,192)","@rgb(192,192,192)","@symbol(2,512,0)"
"1348","Hieracium angustifolium Hoppe","Pilosella glacialis","Asteraceae","Asterales","Asteranae","Dicot","Cerabolini/Pierce","perennial","forb",0,0,1,0,0,0,0,1,0,0,0,0,1,0,0,0,0,0,0,0,0,0,1,9.5623044207329,59.1760188100174,31.2616767692496,"S/CSR","@rgb(24,151,80)","@rgb(192,192,192)","@rgb(192,192,192)","@symbol(2,512,0)"
"1349","Hieracium aurantiacum L.","Pilosella aurantiaca","Asteraceae","Asterales","Asteranae","Dicot","Kleyer","perennial","forb",0,0,1,0,0,0,0,1,0,0,0,1,1,1,0,0,0,0,1,0,0,0,4,12.4970375704535,65.4435761534111,22.0593862761353,"S/SR","@rgb(32,167,56)","@rgb(192,192,192)","@rgb(192,192,192)","@symbol(2,512,0)"
"1350","Hieracium bifidum Kit. ex Hornem","Hieracium bifidum","Asteraceae","Asterales","Asteranae","Dicot","Cerabolini","perennial","forb",0,0,1,0,0,0,0,1,0,0,0,1,1,1,0,0,0,0,1,1,0,0,5,25.9029261399244,32.6616779506816,41.435395909394,"CSR","@rgb(66,83,106)","@rgb(192,192,192)","@rgb(192,192,192)","@symbol(2,512,0)"
"1351","Hieracium cymosum L.","Pilosella cymosa","Asteraceae","Asterales","Asteranae","Dicot","Kleyer","perennial","forb",0,0,1,0,0,0,0,1,0,0,0,1,0,1,0,0,0,0,1,1,0,0,4,51.4587555525544,0,48.5412444474457,"CR","@rgb(131,0,124)","@rgb(192,192,192)","@rgb(192,192,192)","@symbol(2,512,0)"
"1352","Hieracium echioides Lumn.","Pilosella echioides","Asteraceae","Asterales","Asteranae","Dicot","Kleyer","perennial","forb",0,0,1,0,0,0,0,1,0,0,0,1,0,0,0,0,0,0,0,0,0,0,1,37.2425324507106,10.1636395007554,52.593828048534,"CR","@rgb(95,26,134)","@rgb(192,192,192)","@rgb(192,192,192)","@symbol(2,512,0)"
"1353","Hieracium fendleri Sch. Bip.","Hieracium fendleri","Asteraceae","Asterales","Asteranae","Dicot","Laughlin","perennial","forb",1,0,0,0,0,0,0,1,0,1,1,0,1,0,0,0,0,0,0,1,0,0,4,41.9955447742402,0,58.0044552257598,"CR","@rgb(107,0,148)","@rgb(192,192,192)","@rgb(192,192,192)","@symbol(2,512,0)"
"1354","Hieracium floribundum Wimm. & Grab.","Pilosella floribunda","Asteraceae","Asterales","Asteranae","Dicot","Kleyer","perennial","forb",0,0,1,0,0,0,0,1,0,0,0,1,0,1,0,0,0,0,0,0,0,0,2,30.037553031725,0,69.962446968275,"R/CR","@rgb(77,0,178)","@rgb(192,192,192)","@rgb(192,192,192)","@symbol(2,512,0)"
"1355","Hieracium glaucinum Jord.","Hieracium glaucinum","Asteraceae","Asterales","Asteranae","Dicot","Kleyer","perennial","forb",0,0,1,0,0,0,0,1,0,0,0,1,1,0,0,0,0,0,0,1,0,0,3,59.6771262336123,0,40.3228737663877,"CR","@rgb(152,0,103)","@rgb(192,192,192)","@rgb(192,192,192)","@symbol(2,512,0)"
"1356","Hieracium humile Jacq.","Hieracium humile","Asteraceae","Asterales","Asteranae","Dicot","Kleyer","perennial","forb",0,0,1,0,0,0,0,1,0,0,0,1,1,0,0,0,0,0,0,1,0,0,3,39.5630843057247,1.63241674213416,58.8044989521412,"CR","@rgb(101,4,150)","@rgb(192,192,192)","@rgb(192,192,192)","@symbol(2,512,0)"
"1357","Hieracium intybaceum All.",NA,"Asteraceae","Asterales","Asteranae","Dicot","Cerabolini/Pierce","perennial","forb",0,0,1,0,0,0,0,1,0,0,0,1,1,0,0,0,0,0,0,0,0,0,2,32.5735406917257,13.4180235017271,54.0084358065472,"R/CSR","@rgb(83,34,138)","@rgb(192,192,192)","@rgb(192,192,192)","@symbol(2,512,0)"
"1358","Hieracium lactucella Wallr.","Pilosella lactucella","Asteraceae","Asterales","Asteranae","Dicot","Kleyer","perennial","forb",0,0,1,0,0,0,0,1,0,0,0,1,1,1,0,0,0,0,1,1,0,0,5,26.3461696109868,0,73.6538303890132,"R/CR","@rgb(67,0,188)","@rgb(192,192,192)","@rgb(192,192,192)","@symbol(2,512,0)"
"1359","Hieracium laevigatum Willd.","Hieracium laevigatum","Asteraceae","Asterales","Asteranae","Dicot","Cerabolini/Pierce","perennial","forb",0,0,1,0,0,0,0,1,0,0,0,1,1,1,0,0,0,0,1,1,0,0,5,26.8349459208488,3.29358175507306,69.8714723240781,"R/CR","@rgb(68,8,178)","@rgb(192,192,192)","@rgb(192,192,192)","@symbol(2,512,0)"
"1360","Hieracium maculatum Sm.","Hieracium maculatum","Asteraceae","Asterales","Asteranae","Dicot","Kleyer","perennial","forb",0,0,1,0,0,0,0,1,0,0,0,1,1,0,0,0,0,0,0,1,0,0,3,51.8499460420707,6.19702952841878,41.9530244295105,"CR","@rgb(132,16,107)","@rgb(192,192,192)","@rgb(192,192,192)","@symbol(2,512,0)"
"1361","Hieracium murorum L.","Hieracium murorum","Asteraceae","Asterales","Asteranae","Dicot","Cerabolini/Pierce","perennial","forb",0,0,1,0,0,0,0,1,0,0,0,1,1,1,0,0,0,0,1,1,0,0,5,46.0383154899653,0,53.9616845100347,"CR","@rgb(117,0,138)","@rgb(192,192,192)","@rgb(192,192,192)","@symbol(2,512,0)"
"1362","Hieracium pilosella L.","Pilosella officinarum","Asteraceae","Asterales","Asteranae","Dicot","Cerabolini/Pierce","perennial","forb",0,0,1,0,0,0,0,1,0,0,0,1,1,1,0,0,0,0,1,1,0,0,5,22.6772368034853,36.0016462234392,41.3211169730755,"SR/CSR","@rgb(58,92,105)","@rgb(192,192,192)","@rgb(192,192,192)","@symbol(2,512,0)"
"1363","Hieracium piloselloides Vill.","Pilosella piloselloides","Asteraceae","Asterales","Asteranae","Dicot","Cerabolini/Pierce","perennial","forb",0,0,1,0,0,0,0,1,0,0,0,1,1,0,0,0,0,0,0,1,0,0,3,36.0863516281034,23.8980247688115,40.0156236030851,"CR/CSR","@rgb(92,61,102)","@rgb(192,192,192)","@rgb(192,192,192)","@symbol(2,512,0)"
"1364","Hieracium porrifolium L.","Hieracium porrifolium","Asteraceae","Asterales","Asteranae","Dicot","Cerabolini/Pierce","perennial","forb",0,0,1,0,0,0,0,1,0,0,0,0,1,0,0,0,0,0,0,0,0,0,1,31.4025742216016,30.2388681159904,38.358557662408,"CSR","@rgb(80,77,98)","@rgb(192,192,192)","@rgb(192,192,192)","@symbol(2,512,0)"
"1365","Hieracium pratense Tausch","Pilosella caespitosa subsp. caespitosa","Asteraceae","Asterales","Asteranae","Dicot","Siefert","perennial","forb",0,0,1,0,0,0,0,1,0,0,0,1,1,0,0,1,0,0,0,0,1,0,4,39.7760543809433,18.5198128308762,41.7041327881805,"CR/CSR","@rgb(101,47,106)","@rgb(192,192,192)","@rgb(192,192,192)","@symbol(2,512,0)"
"1366","Hieracium prenanthoides Vill.","Hieracium prenanthoides","Asteraceae","Asterales","Asteranae","Dicot","Soudzilovskaia","perennial","forb",0,0,1,0,0,0,0,1,0,0,0,1,1,0,0,1,0,0,0,1,0,0,4,29.2748206627845,29.8210012187282,40.9041781184873,"CSR","@rgb(75,76,104)","@rgb(192,192,192)","@rgb(192,192,192)","@symbol(2,512,0)"
"1367","Hieracium racemosum Waldst. & Kit. ex Willd.","Hieracium racemosum","Asteraceae","Asterales","Asteranae","Dicot","Cerabolini/Pierce","perennial","forb",0,0,1,0,0,0,0,1,0,0,0,1,1,0,0,0,0,0,0,1,0,0,3,42.0029511479762,0,57.9970488520238,"CR","@rgb(107,0,148)","@rgb(192,192,192)","@rgb(192,192,192)","@symbol(2,512,0)"
"1368","Hieracium sabaudum L.","Hieracium sabaudum","Asteraceae","Asterales","Asteranae","Dicot","Cerabolini/Pierce","perennial","forb",0,0,1,0,0,0,0,1,0,0,0,1,1,0,0,0,0,0,0,1,0,0,3,36.6093600788317,19.784622334085,43.6060175870833,"CR/CSR","@rgb(93,50,111)","@rgb(192,192,192)","@rgb(192,192,192)","@symbol(2,512,0)"
"1369","Hieracium scabrum Michx.","Hieracium scabrum","Asteraceae","Asterales","Asteranae","Dicot","Shipley","perennial","forb",1,0,0,0,0,0,0,1,0,0,0,1,0,1,0,1,0,0,0,0,0,0,3,7.902506342052,73.5570815969786,18.5404120609694,"S/SR","@rgb(20,188,47)","@rgb(192,192,192)","@rgb(192,192,192)","@symbol(2,512,0)"
"1370","Hieracium tenuiflorum Arv.-Touv.","Hieracium tenuiflorum","Asteraceae","Asterales","Asteranae","Dicot","Cerabolini/Pierce","perennial","forb",0,0,1,0,0,0,0,1,0,0,0,0,1,0,0,0,0,0,0,1,0,0,2,27.1562169682499,2.96435063081,69.8794324009401,"R/CR","@rgb(69,8,178)","@rgb(192,192,192)","@rgb(192,192,192)","@symbol(2,512,0)"
"1371","Hieracium umbellatum L.","Hieracium umbellatum","Asteraceae","Asterales","Asteranae","Dicot","Kleyer","perennial","forb",1,0,1,0,0,0,0,2,0,0,0,1,1,1,0,1,0,1,1,1,0,0,7,35.2281898540719,4.8619530425222,59.9098571034059,"CR","@rgb(90,12,153)","@rgb(192,192,192)","@rgb(192,192,192)","@symbol(2,512,0)"
"1372","Hieracium villosum Jacq.","Hieracium villosum","Asteraceae","Asterales","Asteranae","Dicot","Cerabolini","perennial","forb",0,0,1,0,0,0,0,1,0,0,0,1,1,0,0,0,0,0,0,1,0,0,3,29.3219469207911,22.3072701864776,48.3707828927313,"R/CSR","@rgb(75,57,123)","@rgb(192,192,192)","@rgb(192,192,192)","@symbol(2,512,0)"
"1373","Hieracium vulgatum Fr.","Hieracium lachenalii subsp. lachenalii","Asteraceae","Asterales","Asteranae","Dicot","Kleyer","perennial","forb",1,0,1,0,0,0,0,2,0,0,0,1,1,1,0,0,0,0,1,1,0,0,5,42.5464379893208,0,57.4535620106792,"CR","@rgb(108,0,147)","@rgb(192,192,192)","@rgb(192,192,192)","@symbol(2,512,0)"
"1374","Hierochloe odorata (L.) P. Beauv.","Anthoxanthum nitens","Poaceae","Poales","Lilianae","Monocot","Kleyer","perennial","graminoid",1,0,1,0,0,0,0,2,0,0,0,1,1,1,0,1,0,0,1,0,0,0,5,0.862770643896462,18.2803243529006,80.856905003203,"R/SR","@rgb(2,47,206)","@rgb(0,0,0)","@rgb(0,128,0)","@symbol(4,512,0)"
"1375","Himantoglossum hircinum (L.) Spreng.","Himantoglossum hircinum","Orchidaceae","Asparagales","Lilianae","Monocot","Kleyer","perennial","forb",0,0,1,0,0,0,0,1,0,0,0,1,0,0,0,0,0,0,0,1,0,0,2,63.1821553574128,0,36.8178446425872,"C/CR","@rgb(161,0,94)","@rgb(192,192,192)","@rgb(192,192,192)","@symbol(2,512,0)"
"1376","Himatanthus bracteatus (A. DC.) Woodson","Himatanthus bracteatus","Apocynaceae","Gentianales","Asteranae","Dicot","Pinho","perennial","tree",0,1,0,0,0,0,0,1,1,0,0,0,0,0,0,0,0,0,0,0,0,0,1,64.5205503737255,30.0773151359181,5.40213449035645,"C/CS","@rgb(165,77,14)","@rgb(255,255,255)","@rgb(128,0,0)","@symbol(3,512,0)"
"1377","Hippocrepis comosa L.","Hippocrepis comosa","Fabaceae","Fabales","Rosanae","Dicot","Cerabolini/Pierce","perennial","forb",0,0,1,0,0,0,0,1,0,0,0,1,1,0,0,0,0,0,0,1,0,0,3,13.3540111147924,50.4008113900287,36.2451774951789,"SR/CSR","@rgb(34,129,92)","@rgb(192,192,192)","@rgb(192,192,192)","@symbol(2,512,0)"
"1378","Hippophae fluviatilis (Soest) Rivas Mart.","Hippophae rhamnoides subsp. rhamnoides","Elaeagnaceae","Rosales","Rosanae","Dicot","Cerabolini/Pierce","perennial","tree",0,0,1,0,0,0,0,1,0,0,0,1,1,1,0,0,0,0,0,1,0,0,4,36.2682699604112,51.9907374405928,11.740992598996,"CS/CSR","@rgb(92,133,30)","@rgb(255,255,255)","@rgb(128,0,0)","@symbol(3,512,0)"
"1379","Hippophae rhamnoides L.","Hippophae rhamnoides","Elaeagnaceae","Rosales","Rosanae","Dicot","Cornelissen","perennial","tree",0,0,1,0,0,0,0,1,1,0,0,1,1,1,0,0,0,1,0,1,1,0,7,6.35799613988667,82.8024628750713,10.839540985042,"S","@rgb(16,211,28)","@rgb(255,255,255)","@rgb(128,0,0)","@symbol(3,512,0)"
"1380","Hippuris vulgaris L.","Hippuris vulgaris","Plantaginaceae","Lamiales","Asteranae","Dicot","Kleyer","perennial","aquatic",1,0,1,0,1,0,0,3,1,0,0,1,1,1,0,1,0,1,1,1,0,0,8,1.93501642464627,0,98.0649835753537,"R","@rgb(5,0,250)","@rgb(192,192,192)","@rgb(0,0,255)","@symbol(5,512,0)"
"1381","Hiraea faginea (Sw.) Nied.","Hiraea faginea","Malpighiaceae","Malpighiales","Rosanae","Dicot","Wright","perennial","liana",0,1,0,0,0,0,0,1,1,0,0,0,0,0,0,0,0,0,0,0,0,0,1,42.6135723691201,41.5339077432549,15.8525198876249,"CS/CSR","@rgb(109,106,40)","@rgb(128,128,128)","@rgb(128,128,128)","@symbol(3,512,0)"
"1382","Hiraea grandifolia Standl. & L.O. Williams","Hiraea grandifolia","Malpighiaceae","Malpighiales","Rosanae","Dicot","Wright","perennial","liana",0,1,0,0,0,0,0,1,1,0,0,0,0,0,0,0,0,0,0,0,0,0,1,60.8483334740907,32.8984690637964,6.25319746211292,"C/CS","@rgb(155,84,16)","@rgb(128,128,128)","@rgb(128,128,128)","@symbol(3,512,0)"
"1383","Hiraea reclinata Jacq.","Hiraea reclinata","Malpighiaceae","Malpighiales","Rosanae","Dicot","Wright","perennial","liana",0,1,0,0,0,0,0,1,1,1,1,0,0,0,0,0,0,0,0,0,1,0,4,46.5710751399423,41.0802825606506,12.348642299407,"CS/CSR","@rgb(119,105,31)","@rgb(128,128,128)","@rgb(128,128,128)","@symbol(3,512,0)"
"1384","Hiraea smilacina Standl.","Hiraea smilacina","Malpighiaceae","Malpighiales","Rosanae","Dicot","Wright","perennial","liana",0,1,0,0,0,0,0,1,1,0,0,0,0,0,0,0,0,0,0,0,0,0,1,50.1187753440278,31.4959596740289,18.3852649819433,"C/CSR","@rgb(128,80,47)","@rgb(128,128,128)","@rgb(128,128,128)","@symbol(3,512,0)"
"1385","Hirschfeldia incana (L.) Lagr.-Fossat","Hirschfeldia incana","Brassicaceae","Brassicales","Rosanae","Dicot","Kleyer","perennial","forb",0,0,1,0,0,0,0,1,0,0,0,0,0,0,0,0,0,0,0,1,0,0,1,68.5626161584169,0,31.4373838415831,"C/CR","@rgb(175,0,80)","@rgb(192,192,192)","@rgb(192,192,192)","@symbol(2,512,0)"
"1386","Hirtella americana L.","Hirtella americana","Chrysobalanaceae","Malpighiales","Rosanae","Dicot","Wright","perennial","tree",0,1,0,0,0,0,0,1,1,1,1,0,0,0,1,0,0,0,0,0,0,0,4,44.2649118342203,47.8376861225306,7.89740204324907,"CS","@rgb(113,122,20)","@rgb(255,255,255)","@rgb(128,0,0)","@symbol(3,512,0)"
"1387","Hirtella ciliata Mart. & Zucc.","Hirtella ciliata","Chrysobalanaceae","Malpighiales","Rosanae","Dicot","Pinho","perennial","tree",0,1,0,0,0,0,0,1,1,1,0,0,0,0,1,0,0,0,0,0,1,0,4,28.2264066619827,71.7735933380173,0,"S/CS","@rgb(72,183,0)","@rgb(255,255,255)","@rgb(128,0,0)","@symbol(3,512,0)"
"1388","Hirtella racemosa Lam.","Hirtella racemosa","Chrysobalanaceae","Malpighiales","Rosanae","Dicot","Pinho","perennial","tree",0,1,0,0,0,0,0,1,1,1,0,0,0,0,1,0,0,0,0,0,1,0,4,30.5701055177255,68.9819268937675,0.447967588506923,"S/CS","@rgb(78,176,1)","@rgb(255,255,255)","@rgb(128,0,0)","@symbol(3,512,0)"
"1389","Hirtella triandra Sw.","Hirtella triandra","Chrysobalanaceae","Malpighiales","Rosanae","Dicot","Wright","perennial","tree",0,1,0,0,0,0,0,1,1,0,0,0,0,0,0,0,0,0,0,0,0,0,1,31.3486886757803,53.0692869788998,15.5820243453199,"S/CSR","@rgb(80,135,40)","@rgb(255,255,255)","@rgb(128,0,0)","@symbol(3,512,0)"
"1390","Holcus lanatus L.","Holcus lanatus","Poaceae","Poales","Lilianae","Monocot","Louault","perennial","graminoid",0,0,1,0,0,0,0,1,0,0,0,1,1,1,0,0,0,0,1,1,0,0,5,20.0595842076552,28.8151284895607,51.1252873027841,"R/CSR","@rgb(51,73,130)","@rgb(0,0,0)","@rgb(0,128,0)","@symbol(4,512,0)"
"1391","Holcus mollis L.","Holcus mollis","Poaceae","Poales","Lilianae","Monocot","Díaz","perennial","graminoid",0,0,1,0,0,0,0,1,0,0,0,1,1,1,0,0,0,0,1,1,0,0,5,24.0331146294954,21.5323450492929,54.4345403212117,"R/CSR","@rgb(61,55,139)","@rgb(0,0,0)","@rgb(0,128,0)","@symbol(4,512,0)"
"1392","Holosteum umbellatum L.","Holosteum umbellatum","Caryophyllaceae","Caryophyllales","Caryophyllanae","Dicot","Kleyer","annual","forb",0,0,1,0,0,0,0,1,0,0,0,1,1,0,0,0,0,0,0,1,1,0,4,2.10068082768066,0,97.8993191723193,"R","@rgb(5,0,250)","@rgb(192,192,192)","@rgb(192,192,192)","@symbol(2,512,0)"
"1393","Homogyne alpina (L.) Cass.","Homogyne alpina","Asteraceae","Asterales","Asteranae","Dicot","Cerabolini/Pierce","perennial","forb",0,0,1,0,0,0,0,1,0,0,0,1,1,0,0,0,0,0,0,1,0,0,3,24.8933383144205,73.9153581758531,1.1913035097264,"S/CS","@rgb(63,188,3)","@rgb(192,192,192)","@rgb(192,192,192)","@symbol(2,512,0)"
"1394","Honckenya peploides (L.) Ehrh.","Honckenya peploides","Caryophyllaceae","Caryophyllales","Caryophyllanae","Dicot","Kleyer","perennial","forb",1,0,1,0,0,0,0,2,0,0,0,1,1,1,0,0,0,0,1,0,0,0,4,5.17733285106995,23.5064684151487,71.3161987337814,"R/SR","@rgb(13,60,182)","@rgb(192,192,192)","@rgb(192,192,192)","@symbol(2,512,0)"
"1395","Hordelymus europaeus (L.) Jess. ex Harz","Hordelymus europaeus","Poaceae","Poales","Lilianae","Monocot","Kleyer","perennial","graminoid",0,0,1,0,0,0,0,1,0,0,0,1,1,0,0,0,0,0,0,1,0,0,3,37.3629209252693,13.7774255266425,48.8596535480881,"CR/CSR","@rgb(95,35,125)","@rgb(0,0,0)","@rgb(0,128,0)","@symbol(4,512,0)"
"1396","Hordeum distichon L.","Hordeum distichon","Poaceae","Poales","Lilianae","Monocot","Kleyer","annual","graminoid",0,0,1,0,0,0,0,1,0,0,0,1,0,0,0,0,0,0,0,0,0,0,1,44.0517357817563,5.60347584139319,50.3447883768505,"CR","@rgb(112,14,128)","@rgb(0,0,0)","@rgb(0,128,0)","@symbol(4,512,0)"
"1397","Hordeum hexastichum L.","Hordeum vulgare subsp. vulgare","Poaceae","Poales","Lilianae","Monocot","Cerabolini/Pierce","annual","graminoid",0,0,1,0,0,0,0,1,0,0,0,0,0,0,0,0,0,0,0,1,0,0,1,30.2917104820356,38.6786559878343,31.0296335301301,"CSR","@rgb(77,99,79)","@rgb(0,0,0)","@rgb(0,128,0)","@symbol(4,512,0)"
"1398","Hordeum marinum Huds.","Hordeum marinum","Poaceae","Poales","Lilianae","Monocot","Kleyer","annual","graminoid",0,0,1,0,0,0,0,1,0,0,0,1,0,0,0,1,0,0,0,1,1,0,4,1.08533388641576,30.5808577342843,68.3338083793,"R/SR","@rgb(3,78,174)","@rgb(0,0,0)","@rgb(0,128,0)","@symbol(4,512,0)"
"1399","Hordeum murinum L. murinum","Hordeum murinum subsp. murinum","Poaceae","Poales","Lilianae","Monocot","Cerabolini/Pierce","annual","graminoid",0,0,1,0,0,0,0,1,0,0,0,1,1,0,0,0,0,0,0,1,0,0,3,19.4685995451044,26.0531018134322,54.4782986414634,"R/CSR","@rgb(50,66,139)","@rgb(0,0,0)","@rgb(0,128,0)","@symbol(4,512,0)"
"1400","Hordeum vulgare L.","Hordeum vulgare","Poaceae","Poales","Lilianae","Monocot","Kleyer","annual","graminoid",0,0,1,0,0,0,0,1,0,0,0,0,0,0,0,1,0,0,0,1,1,0,3,52.098844309813,6.73553021637865,41.1656254738084,"CR","@rgb(133,17,105)","@rgb(0,0,0)","@rgb(0,128,0)","@symbol(4,512,0)"
"1401","Horminum pyrenaicum L.","Horminum pyrenaicum","Lamiaceae","Lamiales","Asteranae","Dicot","Cerabolini/Pierce","perennial","forb",0,0,1,0,0,0,0,1,0,0,0,1,1,0,0,0,0,0,0,0,0,0,2,51.2682677557486,15.4492504255252,33.2824818187263,"CR/CSR","@rgb(131,39,85)","@rgb(192,192,192)","@rgb(192,192,192)","@symbol(2,512,0)"
"1402","Hornungia alpina (L.) O. Appel brevicaulis (Spreng.) O. Appel","Hornungia alpina subsp. brevicaulis","Brassicaceae","Brassicales","Rosanae","Dicot","Cerabolini/Pierce","perennial","forb",0,0,1,0,0,0,0,1,0,0,0,0,1,0,0,0,0,0,0,0,0,0,1,1.23297069556195,0,98.767029304438,"R","@rgb(3,0,252)","@rgb(192,192,192)","@rgb(192,192,192)","@symbol(2,512,0)"
"1403","Hottonia palustris L.","Hottonia palustris","Primulaceae","Ericales","Asteranae","Dicot","Cerabolini/Pierce","perennial","aquatic",0,0,1,0,0,0,0,1,0,0,0,1,0,0,0,0,0,0,0,0,0,0,1,12.2586326657368,12.7322406138693,75.0091267203939,"R/SR","@rgb(31,32,191)","@rgb(192,192,192)","@rgb(0,0,255)","@symbol(5,512,0)"
"1404","Houstonia longifolia Gaertn.","Houstonia longifolia","Rubiaceae","Gentianales","Asteranae","Dicot","Weiher","perennial","forb",1,0,0,0,0,0,0,1,0,0,0,1,0,0,0,1,0,0,0,0,0,0,2,5.32686450123907,31.4490189991918,63.2241164995692,"R/SR","@rgb(14,80,161)","@rgb(192,192,192)","@rgb(192,192,192)","@symbol(2,512,0)"
"1405","Houstonia wrightii A. Gray","Houstonia wrightii","Rubiaceae","Gentianales","Asteranae","Dicot","Laughlin","perennial","forb",1,1,0,0,0,0,0,2,1,1,1,0,1,0,0,0,0,0,0,0,0,0,4,4.14282330722051,0,95.8571766927795,"R","@rgb(11,0,244)","@rgb(192,192,192)","@rgb(192,192,192)","@symbol(2,512,0)"
"1406","Humiriastrum diguense (Cuatrec.) Cuatrec.","Humiriastrum diguense","Humiriaceae","Malpighiales","Rosanae","Dicot","Wright","perennial","tree",0,1,0,0,0,0,0,1,1,0,0,0,0,0,0,0,0,0,0,0,0,0,1,25.6029905321872,74.3970094678128,0,"S/CS","@rgb(65,190,0)","@rgb(255,255,255)","@rgb(128,0,0)","@symbol(3,512,0)"
"1407","Huperzia selago (L.) Bernh. ex Schrank & Mart.","Huperzia selago","Lycopodiaceae","Lycopodiales",NA,"Fern","Kleyer","perennial","forb",1,0,1,0,0,0,0,2,0,0,0,1,1,1,0,0,0,0,1,1,0,0,5,0,81.2717016572115,18.7282983427885,"S/SR","@rgb(0,207,48)","@rgb(192,192,192)","@rgb(192,192,192)","@symbol(2,512,0)"
"1408","Hura crepitans L.","Hura crepitans","Euphorbiaceae","Malpighiales","Rosanae","Dicot","Wright","perennial","tree",1,1,0,0,0,0,0,2,1,1,1,0,1,0,1,0,0,0,0,0,1,0,6,52.9933957660746,33.6350234099509,13.3715808239746,"CS/CSR","@rgb(135,86,34)","@rgb(255,255,255)","@rgb(128,0,0)","@symbol(3,512,0)"
"1409","Hyacinthoides non-scripta (L.) Chouard","Hyacinthoides non-scripta","Asparagaceae","Asparagales","Lilianae","Monocot","Díaz","perennial","forb",0,0,1,0,0,0,0,1,0,0,0,1,1,1,0,0,0,0,1,1,0,0,5,60.6457218577337,0,39.3542781422663,"CR","@rgb(155,0,100)","@rgb(192,192,192)","@rgb(192,192,192)","@symbol(2,512,0)"
"1410","Hyalopoa pontica (Balansa) Tzvelev","Hyalopoa pontica","Poaceae","Poales","Lilianae","Monocot","Soudzilovskaia","perennial","graminoid",0,0,1,0,0,0,0,1,0,0,0,1,1,0,0,1,0,0,0,0,0,0,3,13.1333456206533,38.5323561992007,48.334298180146,"SR/CSR","@rgb(33,98,123)","@rgb(0,0,0)","@rgb(0,128,0)","@symbol(4,512,0)"
"1411","Hybanthus prunifolius (Humb. & Bonpl. ex Schult.) Schulze-Menz","Pombalia prunifolia","Violaceae","Malpighiales","Rosanae","Dicot","Wright","perennial","shrub",0,1,0,0,0,0,0,1,1,1,0,0,0,0,1,0,0,0,0,0,1,0,4,38.3819040434093,44.4835547246002,17.1345412319906,"CS/CSR","@rgb(98,113,44)","@rgb(192,192,192)","@rgb(0,0,0)","@symbol(6,512,0)"
"1412","Hydrocharis morsus-ranae L.","Hydrocharis morsus-ranae","Hydrocharitaceae","Alismatales","Lilianae","Monocot","Cerabolini/Pierce","perennial","aquatic",0,0,1,0,0,0,0,1,0,0,0,1,0,1,0,0,0,0,0,1,0,0,3,36.9899266432012,0,63.0100733567988,"R/CR","@rgb(94,0,161)","@rgb(192,192,192)","@rgb(0,0,255)","@symbol(5,512,0)"
"1413","Hydrocotyle vulgaris L.","Hydrocotyle vulgaris","Araliaceae","Apiales","Asteranae","Dicot","Kleyer","perennial","forb",0,0,1,0,0,0,0,1,0,0,0,1,1,0,0,0,0,0,0,1,0,0,3,25.5659241553031,0,74.4340758446969,"R/CR","@rgb(65,0,190)","@rgb(192,192,192)","@rgb(192,192,192)","@symbol(2,512,0)"
"1414","Hydrophyllum virginianum L.","Hydrophyllum virginianum","Boraginaceae","Boraginales","Asteranae","Dicot","Weiher","perennial","forb",1,0,0,0,0,0,0,1,0,0,0,1,1,0,0,1,0,0,0,0,0,0,3,56.4134463852969,0,43.5865536147031,"CR","@rgb(144,0,111)","@rgb(192,192,192)","@rgb(192,192,192)","@symbol(2,512,0)"
"1415","Hymenaea courbaril L.","Hymenaea courbaril","Fabaceae","Fabales","Rosanae","Dicot","Pinho","perennial","tree",0,1,0,0,0,0,0,1,1,1,0,0,0,0,1,0,1,0,0,0,1,0,5,48.9113225510719,37.7777295591034,13.3109478898247,"CS/CSR","@rgb(125,96,34)","@rgb(255,255,255)","@rgb(128,0,0)","@symbol(3,512,0)"
"1416","Hymenopappus mexicanus A. Gray","Hymenopappus mexicanus","Asteraceae","Asterales","Asteranae","Dicot","Laughlin","perennial","forb",1,0,0,0,0,0,0,1,0,0,1,0,1,0,0,0,0,0,0,0,0,0,2,55.9717354097938,0,44.0282645902062,"CR","@rgb(143,0,112)","@rgb(192,192,192)","@rgb(192,192,192)","@symbol(2,512,0)"
"1417","Hymenoxys richardsonii (Hook.) Cockerell","Hymenoxys richardsonii","Asteraceae","Asterales","Asteranae","Dicot","Laughlin","perennial","shrub",1,0,0,0,0,0,0,1,0,0,0,0,1,0,0,1,0,0,0,0,1,0,3,30.5165997652508,56.7307652141904,12.7526350205588,"S/CSR","@rgb(78,145,33)","@rgb(192,192,192)","@rgb(0,0,0)","@symbol(6,512,0)"
"1418","Hyoscyamus niger L.","Hyoscyamus niger","Solanaceae","Solanales","Asteranae","Dicot","Wright","biennial","forb",0,0,1,0,0,0,0,1,0,0,0,1,1,1,0,1,0,1,1,1,1,0,8,58.6778014588426,0,41.3221985411574,"CR","@rgb(150,0,105)","@rgb(192,192,192)","@rgb(192,192,192)","@symbol(2,512,0)"
"1419","Hypericum canadense L.","Hypericum canadense","Hypericaceae","Malpighiales","Rosanae","Dicot","Weiher","annual","forb",1,0,0,0,0,0,0,1,0,0,0,1,1,1,0,0,0,0,0,0,0,0,3,12.1091446975383,43.4970110219539,44.3938442805078,"SR/CSR","@rgb(31,111,113)","@rgb(192,192,192)","@rgb(192,192,192)","@symbol(2,512,0)"
"1420","Hypericum elodes L.","Hypericum elodes","Hypericaceae","Malpighiales","Rosanae","Dicot","Kleyer","perennial","forb",0,0,1,0,0,0,0,1,0,0,0,1,0,0,0,0,0,0,0,1,0,0,2,5.944220861817,24.9550210531918,69.1007580849912,"R/SR","@rgb(15,64,176)","@rgb(192,192,192)","@rgb(192,192,192)","@symbol(2,512,0)"
"1421","Hypericum hirsutum L.","Hypericum hirsutum","Hypericaceae","Malpighiales","Rosanae","Dicot","Díaz","perennial","forb",0,0,1,0,0,0,0,1,0,0,0,1,1,1,0,1,0,0,1,1,0,0,6,17.6744446425677,39.4454287992505,42.8801265581818,"SR/CSR","@rgb(45,101,109)","@rgb(192,192,192)","@rgb(192,192,192)","@symbol(2,512,0)"
"1422","Hypericum humifusum L.","Hypericum humifusum","Hypericaceae","Malpighiales","Rosanae","Dicot","Cerabolini/Pierce","perennial","forb",0,0,1,0,0,0,0,1,0,0,0,1,1,0,0,0,0,0,0,1,0,0,3,4.82530448253368,7.46659921899252,87.7080962984738,"R","@rgb(12,19,224)","@rgb(192,192,192)","@rgb(192,192,192)","@symbol(2,512,0)"
"1423","Hypericum linarioides Bosse","Hypericum linarioides","Hypericaceae","Malpighiales","Rosanae","Dicot","Díaz","perennial","forb",0,0,1,0,0,0,0,1,0,0,0,1,1,0,0,1,0,0,0,1,0,0,4,4.61031232150884,53.9728338207728,41.4168538577184,"SR","@rgb(12,138,106)","@rgb(192,192,192)","@rgb(192,192,192)","@symbol(2,512,0)"
"1424","Hypericum montanum L.","Hypericum montanum","Hypericaceae","Malpighiales","Rosanae","Dicot","Cerabolini/Pierce","perennial","forb",0,0,1,0,0,0,0,1,0,0,0,1,1,1,0,0,0,0,1,1,0,0,5,17.3308818072933,40.8497497110121,41.8193684816946,"SR/CSR","@rgb(44,104,107)","@rgb(192,192,192)","@rgb(192,192,192)","@symbol(2,512,0)"
"1425","Hypericum perforatum L.","Hypericum perforatum","Hypericaceae","Malpighiales","Rosanae","Dicot","Cerabolini/Pierce","perennial","forb",0,0,1,0,1,0,0,2,0,0,1,1,1,1,0,1,0,1,1,1,1,0,9,8.14525228001359,21.5820378646802,70.2727098553062,"R/SR","@rgb(21,55,179)","@rgb(192,192,192)","@rgb(192,192,192)","@symbol(2,512,0)"
"1426","Hypericum sphaero Michx.",NA,"Hypericaceae","Malpighiales","Rosanae","Dicot","Weiher","perennial","shrub",1,0,0,0,0,0,0,1,0,0,0,1,1,0,0,1,0,0,0,0,0,0,3,5.83269806258107,79.8438887722964,14.3234131651225,"S/SR","@rgb(15,204,37)","@rgb(192,192,192)","@rgb(0,0,0)","@symbol(6,512,0)"
"1427","Hypericum tetrapterum Fr.","Hypericum tetrapterum","Hypericaceae","Malpighiales","Rosanae","Dicot","Cerabolini","perennial","forb",0,0,1,0,0,0,0,1,0,0,0,1,1,0,0,0,0,0,0,1,0,0,3,7.01365989031524,38.9621545050905,54.0241856045942,"SR","@rgb(18,99,138)","@rgb(192,192,192)","@rgb(192,192,192)","@symbol(2,512,0)"
"1428","Hypochaeris glabra L.","Hypochaeris glabra","Asteraceae","Asterales","Asteranae","Dicot","Kleyer","annual","forb",0,0,1,0,0,0,0,1,0,0,0,1,0,0,0,0,0,0,0,1,0,0,2,15.3931402076776,0,84.6068597923224,"R","@rgb(39,0,216)","@rgb(192,192,192)","@rgb(192,192,192)","@symbol(2,512,0)"
"1429","Hypochoeris maculata L.","Hypochaeris maculata","Asteraceae","Asterales","Asteranae","Dicot","Cerabolini","perennial","forb",0,0,1,0,0,0,0,1,0,0,0,1,1,1,0,0,0,1,1,1,0,0,6,71.147018588405,0,28.852981411595,"C/CR","@rgb(181,0,74)","@rgb(192,192,192)","@rgb(192,192,192)","@symbol(2,512,0)"
"1430","Hypochoeris radicata L.","Hypochaeris radicata","Asteraceae","Asterales","Asteranae","Dicot","Cerabolini/Pierce","perennial","forb",0,0,1,0,0,0,0,1,0,0,0,1,1,0,0,0,0,0,0,1,0,0,3,63.1333314848252,0,36.8666685151748,"C/CR","@rgb(161,0,94)","@rgb(192,192,192)","@rgb(192,192,192)","@symbol(2,512,0)"
"1431","Hyptis complicata A. St.-Hil. ex Benth.","Hyptis complicata","Lamiaceae","Lamiales","Asteranae","Dicot","Negreiros","perennial","shrub",0,1,0,0,0,0,0,1,0,0,0,0,0,0,1,0,0,0,0,0,0,0,1,20.753747148837,79.246252851163,0,"S/CS","@rgb(53,202,0)","@rgb(192,192,192)","@rgb(0,0,0)","@symbol(6,512,0)"
"1432","Hyptis fruticosa Salzm. ex Benth.","Eplingiella fruticosa","Lamiaceae","Lamiales","Asteranae","Dicot","Pinho","perennial","shrub",0,1,0,0,0,0,0,1,1,1,0,0,0,0,0,0,0,0,0,0,1,0,3,14.9641786588013,79.4001430534308,5.63567828776783,"S/CS","@rgb(38,202,14)","@rgb(192,192,192)","@rgb(0,0,0)","@symbol(6,512,0)"
"1433","Hyssopus officinalis L.","Hyssopus officinalis","Lamiaceae","Lamiales","Asteranae","Dicot","Kleyer","perennial","shrub",0,0,1,0,0,0,0,1,0,0,0,1,1,1,0,0,0,0,0,1,0,0,4,13.3092359435976,29.0752391462843,57.6155249101181,"R/CSR","@rgb(34,74,147)","@rgb(192,192,192)","@rgb(0,0,0)","@symbol(6,512,0)"
"1434","Iberis sempervirens L.","Iberis sempervirens","Brassicaceae","Brassicales","Rosanae","Dicot","Cerabolini","perennial","shrub",0,0,1,0,0,0,0,1,0,0,0,1,1,0,0,0,0,0,0,1,0,0,3,24.7421287244796,66.0668377236586,9.1910335518618,"S/CS","@rgb(63,168,23)","@rgb(192,192,192)","@rgb(0,0,0)","@symbol(6,512,0)"
"1435","Iberis umbellata L.","Iberis umbellata","Brassicaceae","Brassicales","Rosanae","Dicot","Kleyer","annual","forb",0,0,1,0,0,0,0,1,0,0,0,1,0,0,0,0,0,0,0,1,0,0,2,23.9356011999137,0,76.0643988000863,"R/CR","@rgb(61,0,194)","@rgb(192,192,192)","@rgb(192,192,192)","@symbol(2,512,0)"
"1436","Ilex aquifolium L.","Ilex aquifolium","Aquifoliaceae","Aquifoliales","Asteranae","Dicot","Cerabolini/Pierce","perennial","tree",0,0,1,0,0,0,0,1,0,0,0,1,1,0,0,0,0,0,0,1,0,0,3,45.1045626426437,54.8954373573563,0,"CS","@rgb(115,140,0)","@rgb(255,255,255)","@rgb(128,0,0)","@symbol(3,512,0)"
"1437","Illecebrum verticillatum L.","Illecebrum verticillatum","Caryophyllaceae","Caryophyllales","Caryophyllanae","Dicot","Kleyer","annual","forb",0,0,1,0,0,0,0,1,0,0,0,1,0,0,0,0,0,0,0,1,0,0,2,0,0,100,"R","@rgb(0,0,255)","@rgb(192,192,192)","@rgb(192,192,192)","@symbol(2,512,0)"
"1438","Impatiens balfourii Hook. f.","Impatiens balfourii","Balsaminaceae","Ericales","Asteranae","Dicot","Cerabolini/Pierce","perennial","forb",0,0,0,0,1,0,0,1,0,0,0,1,0,0,0,0,0,0,0,0,0,0,1,46.8637271977031,0,53.1362728022969,"CR","@rgb(120,0,135)","@rgb(192,192,192)","@rgb(192,192,192)","@symbol(2,512,0)"
"1439","Impatiens capensis Meerb.","Impatiens capensis","Balsaminaceae","Ericales","Asteranae","Dicot","Shipley","annual","forb",1,0,0,0,0,0,0,1,0,0,0,1,1,1,0,1,0,0,0,0,0,0,4,31.4936099469635,21.8062608923657,46.7001291606708,"R/CSR","@rgb(80,56,119)","@rgb(192,192,192)","@rgb(192,192,192)","@symbol(2,512,0)"
"1440","Impatiens noli-tangere L.","Impatiens noli-tangere","Balsaminaceae","Ericales","Asteranae","Dicot","Wright","annual","forb",1,0,1,0,0,0,0,2,1,0,0,1,1,1,0,1,0,0,1,0,0,0,6,33.4922966148617,0,66.5077033851383,"R/CR","@rgb(85,0,170)","@rgb(192,192,192)","@rgb(192,192,192)","@symbol(2,512,0)"
"1441","Impatiens pallida Nutt.","Impatiens pallida","Balsaminaceae","Ericales","Asteranae","Dicot","Shipley","perennial","forb",1,0,0,0,0,0,0,1,0,0,0,1,0,0,0,1,0,0,0,0,0,0,2,11.9291685326293,56.5926077165366,31.4782237508342,"S/CSR","@rgb(30,144,80)","@rgb(192,192,192)","@rgb(192,192,192)","@symbol(2,512,0)"
"1442","Impatiens parviflora DC.","Impatiens parviflora","Balsaminaceae","Ericales","Asteranae","Dicot","Cerabolini/Pierce","annual","forb",0,0,1,0,0,0,0,1,0,0,0,0,0,0,0,1,0,1,0,0,1,0,3,38.8567536185762,0,61.1432463814238,"CR","@rgb(99,0,156)","@rgb(192,192,192)","@rgb(192,192,192)","@symbol(2,512,0)"
"1443","Indigofera arrecta Hochst. ex A. Rich.","Indigofera arrecta","Fabaceae","Fabales","Rosanae","Dicot","Buffa/Nyakunga","perennial","shrub",0,0,0,1,0,0,0,1,1,0,0,0,0,0,1,0,1,1,0,0,0,1,5,28.7045079387114,37.9787461179326,33.316745943356,"CSR","@rgb(73,97,85)","@rgb(192,192,192)","@rgb(0,0,0)","@symbol(6,512,0)"
"1444","Inga acuminata Benth.","Inga acuminata","Fabaceae","Fabales","Rosanae","Dicot","Wright","perennial","tree",0,1,0,0,0,0,0,1,1,1,0,0,0,0,0,0,0,0,0,0,0,0,2,48.1493347178273,38.795925621081,13.0547396610917,"CS/CSR","@rgb(123,99,33)","@rgb(255,255,255)","@rgb(128,0,0)","@symbol(3,512,0)"
"1445","Inga capitata Desv.","Inga capitata","Fabaceae","Fabales","Rosanae","Dicot","Pinho","perennial","tree",0,1,0,0,0,0,0,1,1,0,0,0,0,0,0,0,0,0,0,0,0,0,1,42.0729140120722,46.646895304932,11.2801906829958,"CS/CSR","@rgb(107,119,29)","@rgb(255,255,255)","@rgb(128,0,0)","@symbol(3,512,0)"
"1446","Inga cayennensis Sagot ex Benth.","Inga cayennensis","Fabaceae","Fabales","Rosanae","Dicot","Pinho","perennial","tree",0,1,0,0,0,0,0,1,1,0,0,0,0,0,1,0,0,0,0,0,0,0,2,38.5050586055351,48.8600818768107,12.6348595176542,"CS/CSR","@rgb(98,125,32)","@rgb(255,255,255)","@rgb(128,0,0)","@symbol(3,512,0)"
"1447","Inga cocleensis Pittier","Inga cocleensis","Fabaceae","Fabales","Rosanae","Dicot","Wright","perennial","tree",0,1,0,0,0,0,0,1,1,1,0,0,0,0,0,0,0,0,0,0,0,0,2,65.2671610182905,28.6908788549656,6.04196012674389,"C/CS","@rgb(166,73,15)","@rgb(255,255,255)","@rgb(128,0,0)","@symbol(3,512,0)"
"1448","Inga goldmanii Pittier","Inga goldmanii","Fabaceae","Fabales","Rosanae","Dicot","Wright","perennial","tree",0,1,0,0,0,0,0,1,1,0,1,0,0,0,0,0,0,0,0,0,0,0,2,74.3581217919282,19.9746299603939,5.66724824767792,"C/CS","@rgb(190,51,14)","@rgb(255,255,255)","@rgb(128,0,0)","@symbol(3,512,0)"
"1449","Inga laurina (Sw.) Willd.","Inga laurina","Fabaceae","Fabales","Rosanae","Dicot","Wright","perennial","tree",0,1,0,0,0,0,0,1,1,1,1,0,0,0,1,0,0,0,0,0,1,0,5,47.2721263542743,46.8120505192372,5.91582312648853,"CS","@rgb(121,119,15)","@rgb(255,255,255)","@rgb(128,0,0)","@symbol(3,512,0)"
"1450","Inga marginata Willd.","Inga marginata","Fabaceae","Fabales","Rosanae","Dicot","Wright","perennial","tree",0,1,0,0,0,0,0,1,1,1,0,0,0,0,1,0,1,0,0,0,0,0,4,45.8537173055383,45.4131216727637,8.73316102169804,"CS","@rgb(117,116,22)","@rgb(255,255,255)","@rgb(128,0,0)","@symbol(3,512,0)"
"1451","Inga mucuna Walp. & Duchass.","Inga mucuna","Fabaceae","Fabales","Rosanae","Dicot","Wright","perennial","tree",0,1,0,0,0,0,0,1,1,0,0,0,0,0,0,0,0,0,0,0,0,0,1,73.8949377496931,15.4358133306693,10.6692489196376,"C/CS","@rgb(188,39,27)","@rgb(255,255,255)","@rgb(128,0,0)","@symbol(3,512,0)"
"1452","Inga nobilis Willd.","Inga nobilis","Fabaceae","Fabales","Rosanae","Dicot","Wright","perennial","tree",0,1,0,0,0,0,0,1,1,1,0,0,0,0,1,0,1,0,0,0,0,0,4,60.572545420712,33.5701515328534,5.85730304643467,"C/CS","@rgb(154,86,15)","@rgb(255,255,255)","@rgb(128,0,0)","@symbol(3,512,0)"
"1453","Inga pezizifera Benth.","Inga pezizifera","Fabaceae","Fabales","Rosanae","Dicot","Wright","perennial","tree",0,1,0,0,0,0,0,1,1,0,0,0,0,0,0,0,0,0,0,0,0,0,1,59.6407843884516,29.9799614267249,10.3792541848235,"C/CSR","@rgb(152,76,26)","@rgb(255,255,255)","@rgb(128,0,0)","@symbol(3,512,0)"
"1454","Inga punctata Willd.","Inga punctata","Fabaceae","Fabales","Rosanae","Dicot","Wright","perennial","tree",0,1,0,0,0,0,0,1,1,1,1,0,0,0,1,0,0,0,0,0,0,0,4,58.7261902325245,37.0828703607468,4.1909394067287,"CS","@rgb(150,95,11)","@rgb(255,255,255)","@rgb(128,0,0)","@symbol(3,512,0)"
"1455","Inga ruiziana G. Don","Inga ruiziana","Fabaceae","Fabales","Rosanae","Dicot","Wright","perennial","tree",0,1,0,0,0,0,0,1,1,1,0,0,0,0,0,0,0,0,0,0,0,0,2,73.7906803324841,21.9882338848447,4.22108578267115,"C/CS","@rgb(188,56,11)","@rgb(255,255,255)","@rgb(128,0,0)","@symbol(3,512,0)"
"1456","Inga sapindoides Willd.","Inga sapindoides","Fabaceae","Fabales","Rosanae","Dicot","Wright","perennial","tree",0,1,0,0,0,0,0,1,1,1,1,0,0,0,0,0,0,0,0,0,1,0,4,66.3156004612344,25.7093166897575,7.9750828490081,"C/CS","@rgb(169,66,20)","@rgb(255,255,255)","@rgb(128,0,0)","@symbol(3,512,0)"
"1457","Inga spectabilis (Vahl) Willd.","Inga spectabilis","Fabaceae","Fabales","Rosanae","Dicot","Wright","perennial","tree",0,1,0,0,0,0,0,1,1,1,0,0,0,0,0,0,0,0,0,0,0,0,2,73.5818010519769,23.1156974424345,3.30250150558857,"C/CS","@rgb(188,59,8)","@rgb(255,255,255)","@rgb(128,0,0)","@symbol(3,512,0)"
"1458","Inga thibaudiana DC.","Inga thibaudiana","Fabaceae","Fabales","Rosanae","Dicot","Wright","perennial","tree",0,1,0,0,0,0,0,1,1,1,1,0,0,0,1,0,0,0,0,0,0,0,4,58.1500334809016,34.0851941945249,7.76477232457353,"CS","@rgb(148,87,20)","@rgb(255,255,255)","@rgb(128,0,0)","@symbol(3,512,0)"
"1459","Inga umbellifera (Vahl) Steud.","Inga umbellifera","Fabaceae","Fabales","Rosanae","Dicot","Wright","perennial","tree",0,1,0,0,0,0,0,1,1,1,0,0,0,0,1,0,0,0,0,0,0,0,3,55.5847160582387,35.5635367842707,8.85174715749071,"CS","@rgb(142,91,23)","@rgb(255,255,255)","@rgb(128,0,0)","@symbol(3,512,0)"
"1460","Inula britannica L.","Pentanema britannica","Asteraceae","Asterales","Asteranae","Dicot","Kleyer","perennial","forb",0,0,1,0,0,0,0,1,0,0,0,1,1,1,0,1,0,0,0,1,0,0,5,50.0596187775216,0,49.9403812224784,"CR","@rgb(128,0,127)","@rgb(192,192,192)","@rgb(192,192,192)","@symbol(2,512,0)"
"1461","Inula helenium L.","Inula helenium","Asteraceae","Asterales","Asteranae","Dicot","Kleyer","perennial","forb",0,0,1,0,0,0,0,1,0,0,0,1,1,0,0,1,0,0,0,0,0,0,3,84.0893664893423,9.24573574430322,6.66489776635452,"C","@rgb(214,24,17)","@rgb(192,192,192)","@rgb(192,192,192)","@symbol(2,512,0)"
"1462","Inula hirta L.","Pentanema hirtum","Asteraceae","Asterales","Asteranae","Dicot","Cerabolini/Pierce","perennial","forb",0,0,1,0,0,0,0,1,0,0,0,1,1,0,0,0,0,0,0,1,0,0,3,18.1669075235335,64.9686123846559,16.8644800918106,"S/CSR","@rgb(46,166,43)","@rgb(192,192,192)","@rgb(192,192,192)","@symbol(2,512,0)"
"1463","Inula salicina L.","Pentanema salicinum","Asteraceae","Asterales","Asteranae","Dicot","Kleyer","perennial","forb",0,0,1,0,0,0,0,1,0,0,0,1,1,1,0,0,0,0,0,1,0,0,4,21.8529886381796,33.492023637987,44.6549877238334,"SR/CSR","@rgb(56,85,114)","@rgb(192,192,192)","@rgb(192,192,192)","@symbol(2,512,0)"
"1464","Ipomopsis aggregata (Pursh) V.E. Grant","Ipomopsis aggregata","Polemoniaceae","Ericales","Asteranae","Dicot","Laughlin","perennial","forb",1,0,0,0,0,0,0,1,0,0,1,0,1,0,0,0,0,0,0,0,1,0,3,45.3469688509311,0,54.6530311490689,"CR","@rgb(116,0,139)","@rgb(192,192,192)","@rgb(192,192,192)","@symbol(2,512,0)"
"1465","Ipomopsis multiflora (Nutt.) V.E. Grant","Ipomopsis multiflora","Polemoniaceae","Ericales","Asteranae","Dicot","Laughlin","perennial","shrub",1,0,0,0,0,0,0,1,0,0,1,0,1,0,0,0,0,0,0,0,0,0,2,5.36138951728043,34.9760165055823,59.6625939771373,"SR","@rgb(14,89,152)","@rgb(192,192,192)","@rgb(0,0,0)","@symbol(6,512,0)"
"1466","Iris foetidissima L.","Iris foetidissima","Iridaceae","Asparagales","Lilianae","Monocot","Kleyer","perennial","forb",0,0,1,0,0,0,0,1,0,0,0,1,0,0,0,0,0,0,0,1,0,0,2,60.7250801045838,37.780854122503,1.49406577291323,"CS","@rgb(155,96,4)","@rgb(192,192,192)","@rgb(192,192,192)","@symbol(2,512,0)"
"1467","Iris graminea L.","Iris graminea","Iridaceae","Asparagales","Lilianae","Monocot","Cerabolini","perennial","forb",0,0,1,0,0,0,0,1,0,0,0,1,1,1,0,0,0,0,0,1,0,0,4,54.6462888203213,33.3841164462259,11.9695947334527,"C/CSR","@rgb(139,85,31)","@rgb(192,192,192)","@rgb(192,192,192)","@symbol(2,512,0)"
"1468","Iris missouriensis Nutt.","Iris missouriensis","Iridaceae","Asparagales","Lilianae","Monocot","Laughlin","perennial","forb",1,0,0,0,0,0,0,1,0,0,1,0,1,0,0,1,0,0,0,1,0,0,4,48.9027522379203,51.0972477620797,0,"CS","@rgb(125,130,0)","@rgb(192,192,192)","@rgb(192,192,192)","@symbol(2,512,0)"
"1469","Iris pseudacorus L.","Iris pseudacorus","Iridaceae","Asparagales","Lilianae","Monocot","Kleyer","perennial","forb",0,0,1,0,0,0,0,1,0,0,0,1,1,1,0,0,0,0,0,1,0,0,4,81.9026305358182,4.246408349443,13.8509611147388,"C","@rgb(209,11,35)","@rgb(192,192,192)","@rgb(192,192,192)","@symbol(2,512,0)"
"1470","Iris sibirica L.","Iris sibirica","Iridaceae","Asparagales","Lilianae","Monocot","Kleyer","perennial","forb",0,0,1,0,0,0,0,1,0,0,0,1,1,1,0,0,0,0,0,0,0,0,3,36.5004411790338,38.4922962852618,25.0072625357043,"CSR","@rgb(93,98,64)","@rgb(192,192,192)","@rgb(192,192,192)","@symbol(2,512,0)"
"1471","Isatis tinctoria L.","Isatis tinctoria","Brassicaceae","Brassicales","Rosanae","Dicot","Kleyer","perennial","forb",0,0,1,0,0,0,0,1,0,0,0,1,0,1,0,0,0,0,0,1,1,0,4,57.8311892018797,0,42.1688107981203,"CR","@rgb(147,0,108)","@rgb(192,192,192)","@rgb(192,192,192)","@symbol(2,512,0)"
"1472","Ischaemum afrum (J.F. Gmel.) Dandy","Ischaemum afrum","Poaceae","Poales","Lilianae","Monocot","Buffa/Nyakunga","perennial","graminoid",0,0,0,1,0,0,0,1,1,0,0,0,0,0,1,0,1,1,0,0,1,0,5,14.9099960856145,76.8586692959363,8.23133461844917,"S/CS","@rgb(38,196,21)","@rgb(0,0,0)","@rgb(0,128,0)","@symbol(4,512,0)"
"1473","Isopyrum biternatum (Raf.) Torr. & A. Gray","Enemion biternatum","Ranunculaceae","Ranunculales","Ranunculanae","Dicot","Weiher","perennial","forb",1,0,0,0,0,0,0,1,0,0,0,1,1,0,0,1,0,0,0,0,0,0,3,18.2273940317894,9.97497175494886,71.7976342132617,"R/CR","@rgb(46,25,183)","@rgb(192,192,192)","@rgb(192,192,192)","@symbol(2,512,0)"
"1474","Iva xanthiifolia Nutt.","Cyclachaena xanthiifolia","Asteraceae","Asterales","Asteranae","Dicot","Kleyer","annual","forb",1,0,0,0,0,0,0,1,0,0,0,0,1,0,0,1,0,0,0,0,0,0,2,71.2874913756104,0.220283502095013,28.4922251222946,"C/CR","@rgb(182,1,73)","@rgb(192,192,192)","@rgb(192,192,192)","@symbol(2,512,0)"
"1475","Ixonanthes icosandra W.D.Jacks.","Ixonanthes icosandra","Ixonanthaceae","Malpighiales","Rosanae","Dicot","SJ Wright Pasoh","perennial","tree",0,0,0,0,1,0,0,1,1,0,0,0,0,0,0,0,0,0,0,0,0,0,1,22.8590695069526,75.1162450761355,2.02468541691194,"S/CS","@rgb(58,192,5)","@rgb(255,255,255)","@rgb(128,0,0)","@symbol(3,512,0)"
"1476","Ixora lobbii Loudon","Ixora lobbii","Rubiaceae","Gentianales","Asteranae","Dicot","SJ Wright Pasoh","perennial","shrub",0,0,0,0,1,0,0,1,1,0,0,0,0,0,0,0,0,0,0,0,0,0,1,43.7664804136714,56.2335195863286,0,"CS","@rgb(112,143,0)","@rgb(192,192,192)","@rgb(0,0,0)","@symbol(6,512,0)"
"1477","Jacaranda copaia (Aubl.) D. Don","Jacaranda copaia","Bignoniaceae","Lamiales","Asteranae","Dicot","Wright","perennial","tree",0,1,0,0,0,0,0,1,1,1,1,0,0,0,1,0,0,0,0,0,0,0,4,75.3782374676177,20.5949269097021,4.02683562268026,"C/CS","@rgb(192,53,10)","@rgb(255,255,255)","@rgb(128,0,0)","@symbol(3,512,0)"
"1478","Jacaranda racemosa Cham.","Jacaranda racemosa","Bignoniaceae","Lamiales","Asteranae","Dicot","Negreiros","perennial","shrub",0,1,0,0,0,0,0,1,0,0,0,0,0,0,1,0,0,0,0,0,0,0,1,23.6134089898947,72.1448408368743,4.24175017323096,"S/CS","@rgb(60,184,11)","@rgb(192,192,192)","@rgb(0,0,0)","@symbol(6,512,0)"
"1479","Jasione montana L.","Jasione montana","Campanulaceae","Asterales","Asteranae","Dicot","Cerabolini/Pierce","perennial","forb",0,0,1,0,0,0,0,1,0,0,0,1,1,1,0,0,0,0,1,1,0,0,5,0,49.4516734316984,50.5483265683016,"SR","@rgb(0,126,129)","@rgb(192,192,192)","@rgb(192,192,192)","@symbol(2,512,0)"
"1480","Juglans regia L.","Juglans regia","Juglandaceae","Fagales","Rosanae","Dicot","Cerabolini/Pierce","perennial","tree",0,0,1,0,0,0,0,1,0,0,0,1,0,0,0,1,0,1,0,1,1,0,5,73.1595908304465,21.4452901119525,5.39511905760099,"C/CS","@rgb(187,55,14)","@rgb(255,255,255)","@rgb(128,0,0)","@symbol(3,512,0)"
"1481","Juncus alpinoarticulatus Chaix","Juncus alpinoarticulatus","Juncaceae","Poales","Lilianae","Monocot","Cerabolini","perennial","graminoid",1,0,1,0,0,0,0,2,0,0,0,1,1,1,0,1,0,0,1,1,0,0,6,6.31631302433697,31.0251497120384,62.6585372636246,"R/SR","@rgb(16,79,160)","@rgb(0,0,0)","@rgb(0,128,0)","@symbol(4,512,0)"
"1482","Juncus alpinus Vill.","Juncus alpinoarticulatus","Juncaceae","Poales","Lilianae","Monocot","Kleyer","perennial","graminoid",1,0,1,0,0,0,0,2,0,0,0,1,1,1,0,1,0,0,0,1,0,0,5,4.90374278339329,68.095119198712,27.0011380178947,"S/SR","@rgb(13,174,69)","@rgb(0,0,0)","@rgb(0,128,0)","@symbol(4,512,0)"
"1483","Juncus articulatus L.","Juncus articulatus","Juncaceae","Poales","Lilianae","Monocot","Cerabolini","perennial","graminoid",1,0,1,0,1,0,0,3,1,0,1,1,1,1,0,1,0,1,0,1,1,0,9,15.802202244208,64.946560545951,19.251237209841,"S/CSR","@rgb(40,166,49)","@rgb(0,0,0)","@rgb(0,128,0)","@symbol(4,512,0)"
"1484","Juncus atratus Krock.","Juncus atratus","Juncaceae","Poales","Lilianae","Monocot","Kleyer","perennial","graminoid",0,0,1,0,0,0,0,1,0,0,0,1,0,0,0,0,0,0,0,1,0,0,2,33.8063447609292,58.661512973754,7.53214226531676,"CS","@rgb(86,150,19)","@rgb(0,0,0)","@rgb(0,128,0)","@symbol(4,512,0)"
"1485","Juncus biglumis L.","Juncus biglumis","Juncaceae","Poales","Lilianae","Monocot","Kleyer","perennial","graminoid",1,0,1,0,0,0,0,2,0,0,0,0,1,1,0,0,0,0,1,0,0,0,3,0,67.437224963542,32.562775036458,"S/SR","@rgb(0,172,83)","@rgb(0,0,0)","@rgb(0,128,0)","@symbol(4,512,0)"
"1486","Juncus bulbosus L.","Juncus bulbosus","Juncaceae","Poales","Lilianae","Monocot","Cerabolini/Pierce","perennial","aquatic",0,0,1,0,0,0,0,1,0,0,0,1,1,1,0,0,0,0,1,1,0,0,5,5.26549501165529,50.1553905159588,44.5791144723859,"SR","@rgb(13,128,114)","@rgb(192,192,192)","@rgb(0,0,255)","@symbol(5,512,0)"
"1487","Juncus castaneus Sm.","Juncus castaneus","Juncaceae","Poales","Lilianae","Monocot","Kleyer","perennial","graminoid",1,0,1,0,0,0,0,2,0,0,0,0,1,1,0,0,0,1,1,0,0,0,4,13.4210205445391,61.1908941068083,25.3880853486526,"S/CSR","@rgb(34,156,65)","@rgb(0,0,0)","@rgb(0,128,0)","@symbol(4,512,0)"
"1488","Juncus conglomeratus L.","Juncus conglomeratus","Juncaceae","Poales","Lilianae","Monocot","Cerabolini","perennial","graminoid",0,0,1,0,0,0,0,1,0,0,0,1,1,1,0,0,1,0,1,1,0,0,6,19.9307823911787,80.0692176088213,0,"S/CS","@rgb(51,204,0)","@rgb(0,0,0)","@rgb(0,128,0)","@symbol(4,512,0)"
"1489","Juncus effusus L.","Juncus effusus","Juncaceae","Poales","Lilianae","Monocot","Kleyer","perennial","graminoid",1,1,1,1,1,0,0,5,1,1,1,1,1,1,0,1,0,0,1,1,0,0,9,38.4839146641987,61.5160853358013,0,"CS","@rgb(98,157,0)","@rgb(0,0,0)","@rgb(0,128,0)","@symbol(4,512,0)"
"1490","Juncus filiformis L.","Juncus filiformis","Juncaceae","Poales","Lilianae","Monocot","Cerabolini/Pierce","perennial","graminoid",1,0,1,0,0,0,0,2,0,0,0,1,1,1,0,0,0,0,1,1,0,0,5,23.0277402731902,76.7962639211216,0.175995805688194,"S/CS","@rgb(59,196,0)","@rgb(0,0,0)","@rgb(0,128,0)","@symbol(4,512,0)"
"1491","Juncus gerardi Loisel.","Juncus gerardi","Juncaceae","Poales","Lilianae","Monocot","Kleyer","perennial","graminoid",1,0,1,0,0,0,0,2,0,0,0,1,0,1,0,1,0,0,0,1,0,0,4,9.38472307699818,67.9803363305543,22.6349405924475,"S/SR","@rgb(24,173,58)","@rgb(0,0,0)","@rgb(0,128,0)","@symbol(4,512,0)"
"1492","Juncus inflexus L.","Juncus inflexus","Juncaceae","Poales","Lilianae","Monocot","Kleyer","perennial","graminoid",0,0,1,1,0,0,0,2,0,0,0,1,0,0,0,1,0,1,0,1,1,0,5,32.5635040215444,67.4364959784556,0,"S/CS","@rgb(83,172,0)","@rgb(0,0,0)","@rgb(0,128,0)","@symbol(4,512,0)"
"1493","Juncus jacquinii L.","Juncus jacquinii","Juncaceae","Poales","Lilianae","Monocot","Cerabolini/Pierce","perennial","graminoid",0,0,1,0,0,0,0,1,0,0,0,0,1,0,0,0,0,0,0,0,0,0,1,12.3902298768177,87.6097701231822,0,"S","@rgb(32,223,0)","@rgb(0,0,0)","@rgb(0,128,0)","@symbol(4,512,0)"
"1494","Juncus maritimus Lam.","Juncus maritimus","Juncaceae","Poales","Lilianae","Monocot","Díaz","perennial","graminoid",0,0,1,0,0,0,0,1,0,0,0,1,1,0,0,0,0,0,0,1,0,0,3,25.9093944305357,74.0906055694643,0,"S/CS","@rgb(66,189,0)","@rgb(0,0,0)","@rgb(0,128,0)","@symbol(4,512,0)"
"1495","Juncus minutulus (Albert & Jahand.) Prain","Juncus minutulus","Juncaceae","Poales","Lilianae","Monocot","Kleyer","annual","graminoid",0,0,1,0,0,0,0,1,0,0,0,1,0,1,0,0,0,0,1,1,0,0,4,0,55.4960135318375,44.5039864681625,"SR","@rgb(0,142,113)","@rgb(0,0,0)","@rgb(0,128,0)","@symbol(4,512,0)"
"1496","Juncus ranarius Nees","Juncus ranarius","Juncaceae","Poales","Lilianae","Monocot","Kleyer","annual","graminoid",0,0,1,0,0,0,0,1,0,0,0,1,0,1,0,0,0,0,1,1,0,0,4,0,25.9418070240646,74.0581929759354,"R/SR","@rgb(0,66,189)","@rgb(0,0,0)","@rgb(0,128,0)","@symbol(4,512,0)"
"1497","Juncus sphaerocarpus Nees","Juncus sphaerocarpus","Juncaceae","Poales","Lilianae","Monocot","Kleyer","annual","graminoid",0,0,1,0,0,0,0,1,0,0,0,1,0,0,0,0,0,0,0,1,0,0,2,0.135054641203747,59.7016296179229,40.1633157408733,"SR","@rgb(0,152,102)","@rgb(0,0,0)","@rgb(0,128,0)","@symbol(4,512,0)"
"1498","Juncus squarrosus L.","Juncus squarrosus","Juncaceae","Poales","Lilianae","Monocot","Kleyer","perennial","graminoid",0,0,1,0,0,0,0,1,0,0,0,1,1,1,0,0,0,0,1,1,0,0,5,3.88045978006062,96.1195402199394,0,"S","@rgb(10,245,0)","@rgb(0,0,0)","@rgb(0,128,0)","@symbol(4,512,0)"
"1499","Juncus subnodulosus Schrank","Juncus subnodulosus","Juncaceae","Poales","Lilianae","Monocot","Wright","perennial","graminoid",0,0,1,0,0,0,0,1,0,0,0,1,1,0,0,0,0,0,0,1,0,0,3,71.5364166063381,28.4635833936619,0,"C/CS","@rgb(182,73,0)","@rgb(0,0,0)","@rgb(0,128,0)","@symbol(4,512,0)"
"1500","Juncus tenageia Ehrh. ex L. f.","Juncus tenageia","Juncaceae","Poales","Lilianae","Monocot","Kleyer","annual","aquatic",0,0,1,0,0,0,0,1,0,0,0,1,0,0,0,0,0,0,0,1,0,0,2,2.01809268439261,0,97.9819073156074,"R","@rgb(5,0,250)","@rgb(192,192,192)","@rgb(0,0,255)","@symbol(5,512,0)"
"1501","Juncus tenuis Willd.","Juncus tenuis","Juncaceae","Poales","Lilianae","Monocot","Cerabolini","perennial","graminoid",1,1,0,0,0,0,0,2,1,1,1,1,1,1,1,1,0,0,0,1,1,0,10,6.67844106859528,65.7677774565984,27.5537814748063,"S/SR","@rgb(17,168,70)","@rgb(0,0,0)","@rgb(0,128,0)","@symbol(4,512,0)"
"1502","Juncus trifidus L. trifidus","Oreojuncus trifidus","Juncaceae","Poales","Lilianae","Monocot","Cerabolini/Pierce","perennial","graminoid",1,0,1,0,0,0,0,2,0,0,0,1,1,1,0,0,0,0,1,1,0,0,5,5.78362485988138,94.2163751401186,0,"S","@rgb(15,240,0)","@rgb(0,0,0)","@rgb(0,128,0)","@symbol(4,512,0)"
"1503","Juniperus communis L.","Juniperus communis","Cupressaceae","Cupressales",NA,"Gymnosperm","Soudzilovskaia","perennial","shrub",1,0,1,0,0,0,0,2,0,0,0,1,1,1,0,1,0,1,1,1,1,0,8,0,86.6143343397517,13.3856656602483,"S","@rgb(0,221,34)","@rgb(192,192,192)","@rgb(0,0,0)","@symbol(6,512,0)"
"1504","Juniperus oxycedrus L. oxycedrus","Juniperus oxycedrus var. oxycedrus","Cupressaceae","Cupressales",NA,"Gymnosperm","Cerabolini/Pierce","perennial","tree",0,0,1,0,0,0,0,1,0,0,0,1,1,0,0,1,0,0,0,1,1,0,5,1.28875957802461,85.5054553112659,13.2057851107095,"S","@rgb(3,218,34)","@rgb(255,255,255)","@rgb(128,0,0)","@symbol(3,512,0)"
"1505","Juniperus virginiana L.","Juniperus virginiana","Cupressaceae","Cupressales",NA,"Gymnosperm","Weiher","perennial","tree",1,0,0,0,0,0,0,1,0,0,1,1,1,0,1,1,0,0,0,0,0,0,5,4.91716618948917,95.0828338105108,0,"S","@rgb(13,242,0)","@rgb(255,255,255)","@rgb(128,0,0)","@symbol(3,512,0)"
"1506","Jurinea cyanoides Rchb.","Jurinea cyanoides","Asteraceae","Asterales","Asteranae","Dicot","Kleyer","perennial","forb",0,0,1,0,0,0,0,1,0,0,0,1,0,0,0,0,0,0,0,0,0,0,1,45.1175735267739,54.8824264732261,0,"CS","@rgb(115,140,0)","@rgb(192,192,192)","@rgb(192,192,192)","@symbol(2,512,0)"
"1507","Justicia graciliflora (Standl.) D.N. Gibson","Justicia graciliflora","Acanthaceae","Lamiales","Asteranae","Dicot","Wright","perennial","liana",0,1,0,0,0,0,0,1,1,0,0,0,0,0,0,0,0,0,0,0,0,0,1,47.7337694260993,20.1460265272868,32.1202040466139,"C/CSR","@rgb(122,51,82)","@rgb(128,128,128)","@rgb(128,128,128)","@symbol(3,512,0)"
"1508","Kalmia angustifolia L.","Kalmia angustifolia","Ericaceae","Ericales","Asteranae","Dicot","Shipley","perennial","shrub",1,0,0,0,0,0,0,1,0,0,0,1,1,1,0,0,0,0,0,0,0,0,3,10.0212703622219,89.9787296377782,0,"S","@rgb(26,229,0)","@rgb(192,192,192)","@rgb(0,0,0)","@symbol(6,512,0)"
"1509","Kemulariella caucasica Tamansch.","Kemulariella caucasica","Asteraceae","Asterales","Asteranae","Dicot","Soudzilovskaia","perennial","forb",0,0,1,0,0,0,0,1,0,0,0,1,0,0,0,1,0,0,0,0,0,0,2,25.6692468062586,28.2629835022733,46.0677696914682,"R/CSR","@rgb(65,72,117)","@rgb(192,192,192)","@rgb(192,192,192)","@symbol(2,512,0)"
"1510","Kernera saxatilis (L.) Rchb. saxatilis (L.) R. Sweet","Kernera saxatilis subsp. saxatilis","Brassicaceae","Brassicales","Rosanae","Dicot","Cerabolini/Pierce","perennial","forb",0,0,1,0,0,0,0,1,0,0,0,1,1,0,0,0,0,0,0,1,0,0,3,0.508710304203372,0,99.4912896957966,"R","@rgb(1,0,254)","@rgb(192,192,192)","@rgb(192,192,192)","@symbol(2,512,0)"
"1511","Kerria japonica (L.) DC.","Kerria japonica","Rosaceae","Rosales","Rosanae","Dicot","Cerabolini","perennial","shrub",0,0,1,0,1,0,0,2,1,0,0,1,1,0,0,0,0,0,0,0,0,0,3,27.8727313499339,39.0807708046762,33.0464978453899,"CSR","@rgb(71,100,84)","@rgb(192,192,192)","@rgb(0,0,0)","@symbol(6,512,0)"
"1512","Kickxia spuria (L.) Dumort.","Kickxia spuria","Plantaginaceae","Lamiales","Asteranae","Dicot","Díaz","annual","forb",0,0,1,0,0,0,0,1,0,0,0,1,1,1,0,0,0,0,0,1,1,0,5,33.9971749634113,7.60011515058213,58.4027098860066,"CR","@rgb(87,19,149)","@rgb(192,192,192)","@rgb(192,192,192)","@symbol(2,512,0)"
"1513","Knautia arvensis (L.) Coult.","Knautia arvensis","Caprifoliaceae","Dipsacales","Asteranae","Dicot","Cerabolini/Pierce","perennial","forb",0,0,1,0,0,0,0,1,0,0,0,1,1,1,0,0,0,0,1,1,0,0,5,70.2666056642896,5.66031156791181,24.0730827677986,"C/CR","@rgb(179,14,61)","@rgb(192,192,192)","@rgb(192,192,192)","@symbol(2,512,0)"
"1514","Knautia drymeia Heuff.","Knautia drymeia","Caprifoliaceae","Dipsacales","Asteranae","Dicot","Cerabolini/Pierce","perennial","forb",0,0,1,0,0,0,0,1,0,0,0,1,1,1,0,0,0,0,1,1,0,0,5,57.1034048117296,0,42.8965951882705,"CR","@rgb(146,0,109)","@rgb(192,192,192)","@rgb(192,192,192)","@symbol(2,512,0)"
"1515","Knautia transalpina (Christ) Dalla Torre","Knautia transalpina","Caprifoliaceae","Dipsacales","Asteranae","Dicot","Cerabolini/Pierce","perennial","forb",0,0,1,0,0,0,0,1,0,0,0,0,1,0,0,0,0,0,0,0,0,0,1,67.083217387993,8.60279603661017,24.3139865753968,"C/CR","@rgb(171,22,62)","@rgb(192,192,192)","@rgb(192,192,192)","@symbol(2,512,0)"
"1516","Knautia velutina Briq.","Knautia velutina","Caprifoliaceae","Dipsacales","Asteranae","Dicot","Cerabolini/Pierce","perennial","forb",0,0,1,0,0,0,0,1,0,0,0,0,1,0,0,0,0,0,0,0,0,0,1,68.981935740594,0,31.018064259406,"C/CR","@rgb(176,0,79)","@rgb(192,192,192)","@rgb(192,192,192)","@symbol(2,512,0)"
"1517","Knema furfuracea (Hook. f. & Thomson) Warb.","Knema furfuracea","Myristicaceae","Magnoliales","Magnolianae","Dicot","SJ Wright Pasoh","perennial","tree",0,0,0,0,1,0,0,1,1,0,0,0,0,0,0,0,0,0,0,0,0,0,1,47.1580315106502,46.1731903899843,6.66877809936555,"CS","@rgb(120,118,17)","@rgb(255,255,255)","@rgb(128,0,0)","@symbol(3,512,0)"
"1518","Knema laurina Warb. ","Knema laurina","Myristicaceae","Magnoliales","Magnolianae","Dicot","SJ Wright Pasoh","perennial","tree",0,0,0,0,1,0,0,1,1,0,0,0,0,0,0,0,0,0,0,0,0,0,1,36.5906725666321,63.4093274333679,0,"S/CS","@rgb(93,162,0)","@rgb(255,255,255)","@rgb(128,0,0)","@symbol(3,512,0)"
"1519","Knema patentinervia (J.Sinclair) W.J.de Wilde","Knema patentinervia","Myristicaceae","Magnoliales","Magnolianae","Dicot","SJ Wright Pasoh","perennial","tree",0,0,0,0,1,0,0,1,1,0,0,0,0,0,0,0,0,0,0,0,0,0,1,66.1755497689786,33.8244502310214,0,"C/CS","@rgb(169,86,0)","@rgb(255,255,255)","@rgb(128,0,0)","@symbol(3,512,0)"
"1520","Knema scortechinii J. Sincl.","Knema scortechinii","Myristicaceae","Magnoliales","Magnolianae","Dicot","SJ Wright Pasoh","perennial","tree",0,0,0,0,1,0,0,1,1,0,0,0,0,0,0,0,0,0,0,0,0,0,1,38.8470045734096,52.8645732962065,8.28842213038391,"CS","@rgb(99,135,21)","@rgb(255,255,255)","@rgb(128,0,0)","@symbol(3,512,0)"
"1521","Kobresia myosuroides (Vill.) Fiori","Carex myosuroides","Cyperaceae","Poales","Lilianae","Monocot","Cerabolini/Pierce","perennial","graminoid",1,0,1,0,0,0,0,2,0,0,0,1,1,1,0,1,0,1,1,1,0,0,7,5.0926696487506,94.9073303512494,0,"S","@rgb(13,242,0)","@rgb(0,0,0)","@rgb(0,128,0)","@symbol(4,512,0)"
"1522","Koeleria cristata (L.) Roem. & Schult.","Rostraria cristata","Poaceae","Poales","Lilianae","Monocot","Cerabolini/Pierce","perennial","graminoid",1,0,1,0,0,0,0,2,0,0,1,1,1,0,0,1,0,1,0,1,1,0,7,26.4895147190011,53.1803412945018,20.330143986497,"S/CSR","@rgb(68,136,52)","@rgb(0,0,0)","@rgb(0,128,0)","@symbol(4,512,0)"
"1523","Koeleria glauca (Spreng.) DC.","Koeleria glauca","Poaceae","Poales","Lilianae","Monocot","Kleyer","perennial","graminoid",0,0,1,0,0,0,0,1,0,0,0,1,0,0,0,0,0,0,0,1,0,0,2,8.17181316058216,78.8962059143307,12.9319809250871,"S/SR","@rgb(21,201,33)","@rgb(0,0,0)","@rgb(0,128,0)","@symbol(4,512,0)"
"1524","Koeleria macrantha (Ledeb.) Schult.","Koeleria macrantha","Poaceae","Poales","Lilianae","Monocot","Weiher","perennial","graminoid",1,1,1,0,0,0,0,3,0,0,1,1,1,1,0,1,0,1,0,1,0,0,7,14.2059444810218,72.8482069628181,12.9458485561601,"S/CS","@rgb(36,186,33)","@rgb(0,0,0)","@rgb(0,128,0)","@symbol(4,512,0)"
"1525","Laburnum alpinum (Mill.) Bercht. & J. Presl","Laburnum alpinum","Fabaceae","Fabales","Rosanae","Dicot","Cerabolini/Pierce","perennial","tree",0,0,1,0,0,0,0,1,0,0,0,1,1,0,0,0,0,0,0,1,0,0,3,41.0822729795291,40.047194415503,18.8705326049679,"CS/CSR","@rgb(105,102,48)","@rgb(255,255,255)","@rgb(128,0,0)","@symbol(3,512,0)"
"1526","Laburnum anagyroides Medik. anagyroides","Laburnum anagyroidis","Fabaceae","Fabales","Rosanae","Dicot","Cerabolini","perennial","tree",0,0,1,0,0,0,0,1,0,0,0,1,1,0,0,0,0,0,0,1,0,0,3,42.0308039641476,28.4074823320052,29.5617137038472,"CSR","@rgb(107,72,75)","@rgb(255,255,255)","@rgb(128,0,0)","@symbol(3,512,0)"
"1527","Lacistema aggregatum (P.J. Bergius) Rusby","Lacistema aggregatum","Lacistemataceae","Malpighiales","Rosanae","Dicot","Wright","perennial","tree",0,1,0,0,0,0,0,1,1,1,1,0,0,0,1,0,0,0,0,0,0,0,4,42.533906518688,32.2981569424974,25.1679365388146,"CSR","@rgb(108,82,64)","@rgb(255,255,255)","@rgb(128,0,0)","@symbol(3,512,0)"
"1528","Lacmellea panamensis (Woodson) Markgr.","Lacmellea panamensis","Apocynaceae","Gentianales","Asteranae","Dicot","Wright","perennial","tree",0,1,0,0,0,0,0,1,1,0,0,0,0,0,0,0,0,0,0,0,0,0,1,33.4295451833582,49.3438631265769,17.2265916900649,"CS/CSR","@rgb(85,126,44)","@rgb(255,255,255)","@rgb(128,0,0)","@symbol(3,512,0)"
"1529","Lactuca alpina (L.) A. Gray","Cicerbita alpina","Asteraceae","Asterales","Asteranae","Dicot","Cerabolini/Pierce","perennial","forb",0,0,1,0,0,0,0,1,0,0,0,1,1,1,0,0,0,0,1,1,0,0,5,68.5772955803998,0,31.4227044196002,"C/CR","@rgb(175,0,80)","@rgb(192,192,192)","@rgb(192,192,192)","@symbol(2,512,0)"
"1530","Lactuca canadensis L.","Lactuca canadensis","Asteraceae","Asterales","Asteranae","Dicot","Weiher","biennial","forb",1,0,0,0,0,0,0,1,0,0,0,1,1,0,0,1,0,0,0,0,0,0,3,43.4843272436338,12.5989880629428,43.9166846934234,"CR/CSR","@rgb(111,32,112)","@rgb(192,192,192)","@rgb(192,192,192)","@symbol(2,512,0)"
"1531","Lactuca perennis L.","Lactuca perennis","Asteraceae","Asterales","Asteranae","Dicot","Kleyer","perennial","forb",0,0,1,0,0,0,0,1,0,0,0,1,1,0,0,0,0,0,0,1,0,0,3,55.1523885494448,0,44.8476114505552,"CR","@rgb(141,0,114)","@rgb(192,192,192)","@rgb(192,192,192)","@symbol(2,512,0)"
"1532","Lactuca serriola L.","Lactuca serriola","Asteraceae","Asterales","Asteranae","Dicot","Cerabolini/Pierce","biennial","forb",0,0,1,0,1,0,0,2,0,0,0,1,1,0,0,1,0,1,0,1,1,0,6,57.8611049319235,9.35770956416514,32.7811855039113,"C/CSR","@rgb(148,24,84)","@rgb(192,192,192)","@rgb(192,192,192)","@symbol(2,512,0)"
"1533","Lactuca tatarica (L.) C.A. Mey.","Lactuca tatarica","Asteraceae","Asterales","Asteranae","Dicot","Kleyer","perennial","forb",0,0,1,0,0,0,0,1,0,0,0,1,1,0,0,0,0,0,0,1,0,0,3,52.5447129035227,0,47.4552870964773,"CR","@rgb(134,0,121)","@rgb(192,192,192)","@rgb(192,192,192)","@symbol(2,512,0)"
"1534","Lactuca virosa L.","Lactuca virosa","Asteraceae","Asterales","Asteranae","Dicot","Kleyer","biennial","forb",0,0,1,0,0,0,0,1,0,0,0,1,1,0,0,0,0,0,0,1,0,0,3,65.2274625690059,3.17062066036936,31.6019167706247,"C/CR","@rgb(166,8,81)","@rgb(192,192,192)","@rgb(192,192,192)","@symbol(2,512,0)"
"1535","Laennecia schiedeana (Less.) G.L. Nesom","Laennecia schiedeana","Asteraceae","Asterales","Asteranae","Dicot","Laughlin","annual","forb",1,1,0,0,0,0,0,2,1,1,1,0,1,0,0,0,0,0,0,0,1,0,5,21.1479154236626,5.45103244144601,73.4010521348914,"R/CR","@rgb(54,14,187)","@rgb(192,192,192)","@rgb(192,192,192)","@symbol(2,512,0)"
"1536","Laetia procera (Poepp.) Eichler","Laetia procera","Salicaceae","Malpighiales","Rosanae","Dicot","Wright","perennial","tree",0,1,0,0,0,0,0,1,1,0,0,0,0,0,0,0,0,0,0,0,0,0,1,40.4643922720318,47.4885588608415,12.0470488671267,"CS/CSR","@rgb(103,121,31)","@rgb(255,255,255)","@rgb(128,0,0)","@symbol(3,512,0)"
"1537","Laetia thamnia L.","Laetia thamnia","Salicaceae","Malpighiales","Rosanae","Dicot","Wright","perennial","tree",0,1,0,0,0,0,0,1,1,1,1,0,0,0,0,0,0,0,0,0,0,0,3,33.3574094367721,49.9572504127649,16.685340150463,"CS/CSR","@rgb(85,127,43)","@rgb(255,255,255)","@rgb(128,0,0)","@symbol(3,512,0)"
"1538","Lafoensia punicifolia DC.","Lafoensia punicifolia","Lythraceae","Myrtales","Rosanae","Dicot","Wright","perennial","tree",0,1,0,0,0,0,0,1,1,1,1,0,0,0,0,0,0,0,0,0,0,0,3,26.6402608387522,69.6253044898179,3.73443467142987,"S/CS","@rgb(68,178,10)","@rgb(255,255,255)","@rgb(128,0,0)","@symbol(3,512,0)"
"1539","Lagenocarpus alboniger (A.St.-Hil.) C.B.Clarke","Lagenocarpus alboniger","Cyperaceae","Poales","Lilianae","Monocot","Negreiros","perennial","graminoid",0,1,0,0,0,0,0,1,0,0,0,0,0,0,1,0,0,0,0,0,0,0,1,17.5596630387298,82.4403369612702,0,"S/CS","@rgb(45,210,0)","@rgb(0,0,0)","@rgb(0,128,0)","@symbol(4,512,0)"
"1540","Lagenocarpus tenuifolius (Boeck.) C.B.Clarke","Lagenocarpus rigidus subsp. tenuifolius","Cyperaceae","Poales","Lilianae","Monocot","Negreiros","perennial","graminoid",0,1,0,0,0,0,0,1,0,0,0,0,0,0,1,0,0,0,0,0,0,0,1,12.1471005511971,87.8528994488029,0,"S","@rgb(31,224,0)","@rgb(0,0,0)","@rgb(0,128,0)","@symbol(4,512,0)"
"1541","Lagenocarpus velutinus Nees","Lagenocarpus velutinus","Cyperaceae","Poales","Lilianae","Monocot","Negreiros","perennial","graminoid",0,1,0,0,0,0,0,1,0,0,0,0,0,0,1,0,0,0,0,0,0,0,1,24.4290444210403,75.5709555789597,0,"S/CS","@rgb(62,193,0)","@rgb(0,0,0)","@rgb(0,128,0)","@symbol(4,512,0)"
"1542","Lagurus ovatus L.","Lagurus ovatus","Poaceae","Poales","Lilianae","Monocot","Cerabolini","annual","graminoid",0,0,1,0,0,0,0,1,0,0,0,1,1,1,0,0,0,0,0,1,0,0,4,14.5777440424553,16.7286036904171,68.6936522671276,"R/SR","@rgb(37,43,175)","@rgb(0,0,0)","@rgb(0,128,0)","@symbol(4,512,0)"
"1543","Lamiastrum galeobdolon (L.) Ehrend. & Polatschek","Lamium galeobdolon","Lamiaceae","Lamiales","Asteranae","Dicot","Díaz","perennial","forb",0,0,1,0,0,0,0,1,0,0,0,1,1,1,0,0,0,0,0,1,0,0,4,28.5379863514066,37.3617933702073,34.1002202783861,"CSR","@rgb(73,95,87)","@rgb(192,192,192)","@rgb(192,192,192)","@symbol(2,512,0)"
"1544","Lamium album L. album","Lamium album subsp. album","Lamiaceae","Lamiales","Asteranae","Dicot","Cerabolini/Pierce","perennial","forb",0,0,1,0,1,0,0,2,0,0,0,1,1,1,0,0,0,1,0,1,0,0,5,29.2616661079447,9.75301442604968,60.9853194660056,"R/CR","@rgb(75,25,156)","@rgb(192,192,192)","@rgb(192,192,192)","@symbol(2,512,0)"
"1545","Lamium amplexicaule L.","Lamium amplexicaule","Lamiaceae","Lamiales","Asteranae","Dicot","Cerabolini/Pierce","biennial","forb",0,0,1,0,1,0,0,2,1,0,0,1,1,1,0,1,0,1,1,1,1,0,9,8.95466096540803,0,91.045339034592,"R","@rgb(23,0,232)","@rgb(192,192,192)","@rgb(192,192,192)","@symbol(2,512,0)"
"1546","Lamium galeobdolon L.","Lamium galeobdolon","Lamiaceae","Lamiales","Asteranae","Dicot","Cerabolini/Pierce","perennial","forb",0,0,1,0,0,0,0,1,0,0,0,1,1,0,0,0,0,0,0,0,0,0,2,40.0024444152039,0,59.9975555847962,"CR","@rgb(102,0,153)","@rgb(192,192,192)","@rgb(192,192,192)","@symbol(2,512,0)"
"1547","Lamium maculatum L.","Lamium maculatum","Lamiaceae","Lamiales","Asteranae","Dicot","Cerabolini/Pierce","perennial","forb",0,0,1,0,0,0,0,1,0,0,0,1,1,0,0,0,0,0,0,1,0,0,3,19.9757111239908,33.2312436669764,46.7930452090328,"SR/CSR","@rgb(51,85,119)","@rgb(192,192,192)","@rgb(192,192,192)","@symbol(2,512,0)"
"1548","Lamium purpureum L.","Lamium purpureum","Lamiaceae","Lamiales","Asteranae","Dicot","Cerabolini/Pierce","annual","forb",0,0,1,0,0,0,0,1,0,0,0,1,1,1,0,0,0,0,1,1,0,0,5,22.3440768177118,19.7137158197244,57.9422073625638,"R/CSR","@rgb(57,50,148)","@rgb(192,192,192)","@rgb(192,192,192)","@symbol(2,512,0)"
"1549","Lantana camara L.","Lantana camara","Verbenaceae","Lamiales","Asteranae","Dicot","Pinho","perennial","shrub",0,1,0,0,0,0,0,1,1,1,0,0,0,0,1,0,0,0,0,0,1,0,4,34.5362377895999,46.4222281415776,19.0415340688225,"CS/CSR","@rgb(88,118,49)","@rgb(192,192,192)","@rgb(0,0,0)","@symbol(6,512,0)"
"1550","Laphangium luteoalbum (L.) Tzvelev","Pseudognaphalium luteoalbum","Asteraceae","Asterales","Asteranae","Dicot","Cerabolini/Pierce","annual","forb",0,0,1,1,1,1,0,4,1,1,0,1,0,0,1,1,1,1,0,1,1,0,9,9.66188319509201,0,90.338116804908,"R","@rgb(25,0,230)","@rgb(192,192,192)","@rgb(192,192,192)","@symbol(2,512,0)"
"1551","Lappula deflexa (Wahlenb.) Caruel","Hackelia deflexa","Boraginaceae","Boraginales","Asteranae","Dicot","Kleyer","perennial","forb",0,0,1,0,0,0,0,1,0,0,0,1,1,1,0,0,0,0,1,0,0,0,4,51.3440725282235,0,48.6559274717765,"CR","@rgb(131,0,124)","@rgb(192,192,192)","@rgb(192,192,192)","@symbol(2,512,0)"
"1552","Lappula squarrosa (Retz.) Dumort.","Lappula squarrosa","Boraginaceae","Boraginales","Asteranae","Dicot","Kleyer","biennial","forb",0,0,1,0,0,0,0,1,0,0,0,1,1,0,0,0,0,1,0,1,0,0,4,28.4228649724506,0,71.5771350275494,"R/CR","@rgb(72,0,183)","@rgb(192,192,192)","@rgb(192,192,192)","@symbol(2,512,0)"
"1553","Lapsana communis L. communis","Lapsana communis subsp. communis","Asteraceae","Asterales","Asteranae","Dicot","Cerabolini/Pierce","annual","forb",0,0,1,0,0,0,0,1,0,0,0,1,0,1,0,0,0,0,0,1,0,0,3,48.1694871103896,1.59028651930922,50.2402263703012,"CR","@rgb(123,4,128)","@rgb(192,192,192)","@rgb(192,192,192)","@symbol(2,512,0)"
"1554","Larix decidua Mill.","Larix decidua","Pinaceae","Pinales",NA,"Gymnosperm","Cornelissen","perennial","tree",0,0,1,0,0,0,0,1,0,0,0,1,1,0,0,0,0,0,0,0,0,0,2,0,99.1561264128929,0.84387358710705,"S","@rgb(0,253,2)","@rgb(255,255,255)","@rgb(128,0,0)","@symbol(3,512,0)"
"1555","Larrea divaricata Cav.","Larrea divaricata","Zygophyllaceae","Zygophyllales","Rosanae","Dicot","Díaz","perennial","shrub",1,1,0,0,0,0,0,2,0,0,0,0,0,0,1,1,0,1,0,0,1,0,4,1.02088650375617,98.9791134962438,0,"S","@rgb(3,252,0)","@rgb(192,192,192)","@rgb(0,0,0)","@symbol(6,512,0)"
"1556","Laserpitium halleri Crantz halleri","Laserpitium halleri subsp. halleri","Apiaceae","Apiales","Asteranae","Dicot","Cerabolini/Pierce","perennial","forb",0,0,1,0,0,0,0,1,0,0,0,0,1,0,0,0,0,0,0,1,0,0,2,70.2133576309085,24.7853593578081,5.00128301128341,"C/CS","@rgb(179,63,13)","@rgb(192,192,192)","@rgb(192,192,192)","@symbol(2,512,0)"
"1557","Laserpitium latifolium L.","Laserpitium latifolium","Apiaceae","Apiales","Asteranae","Dicot","Cerabolini","perennial","forb",0,0,1,0,0,0,0,1,0,0,0,1,1,1,0,0,0,0,0,1,0,0,4,81.7331045977057,6.21707140104771,12.0498240012466,"C","@rgb(208,16,31)","@rgb(192,192,192)","@rgb(192,192,192)","@symbol(2,512,0)"
"1558","Laserpitium nitidum Zanted.","Laserpitium nitidum","Apiaceae","Apiales","Asteranae","Dicot","Cerabolini/Pierce","perennial","forb",0,0,1,0,0,0,0,1,0,0,0,0,1,0,0,0,0,0,0,0,0,0,1,60.997952394723,25.3276057449544,13.6744418603226,"C/CSR","@rgb(156,65,35)","@rgb(192,192,192)","@rgb(192,192,192)","@symbol(2,512,0)"
"1559","Laserpitium prutenicum L.","Silphiodaucus prutenicus","Apiaceae","Apiales","Asteranae","Dicot","Kleyer","biennial","forb",0,0,1,0,0,0,0,1,0,0,0,1,1,0,0,0,0,0,0,1,0,0,3,59.7079093102284,23.3397769612418,16.9523137285298,"C/CSR","@rgb(152,60,43)","@rgb(192,192,192)","@rgb(192,192,192)","@symbol(2,512,0)"
"1560","Laserpitium siler L.","Siler montanum","Apiaceae","Apiales","Asteranae","Dicot","Cerabolini/Pierce","perennial","forb",0,0,1,0,0,0,0,1,0,0,0,1,1,0,0,0,0,0,0,1,0,0,3,60.624169001387,32.8076679953476,6.56816300326539,"C/CS","@rgb(155,84,17)","@rgb(192,192,192)","@rgb(192,192,192)","@symbol(2,512,0)"
"1561","Lathyrus cicera L.","Lathyrus cicera","Fabaceae","Fabales","Rosanae","Dicot","Díaz","annual","herbaceous vine",0,0,1,0,0,0,0,1,0,0,0,1,0,0,0,1,0,1,0,1,1,0,5,20.4014105502823,42.1765733335809,37.4220161161368,"SR/CSR","@rgb(52,108,95)","@rgb(0,0,0)","@rgb(0,255,0)","@symbol(3,512,0)"
"1562","Lathyrus heterophyllus L.","Lathyrus heterophyllus","Fabaceae","Fabales","Rosanae","Dicot","Kleyer","perennial","forb",0,0,1,0,0,0,0,1,0,0,0,1,1,0,0,0,0,0,0,1,0,0,3,53.9821486307771,19.1265920238905,26.8912593453324,"C/CSR","@rgb(138,49,69)","@rgb(192,192,192)","@rgb(192,192,192)","@symbol(2,512,0)"
"1563","Lathyrus hirsutus L.","Lathyrus hirsutus","Fabaceae","Fabales","Rosanae","Dicot","Cerabolini/Pierce","annual","forb",0,0,1,0,0,0,0,1,0,0,0,1,1,0,0,1,0,1,0,1,1,0,6,23.2055062599436,25.2671178854162,51.5273758546402,"R/CSR","@rgb(59,64,131)","@rgb(192,192,192)","@rgb(192,192,192)","@symbol(2,512,0)"
"1564","Lathyrus nissolia L.","Lathyrus nissolia","Fabaceae","Fabales","Rosanae","Dicot","Kleyer","annual","forb",0,0,1,0,0,0,0,1,0,0,0,1,0,0,0,0,0,0,0,1,0,0,2,37.1997944457886,23.1871201819527,39.6130853722587,"CR/CSR","@rgb(95,59,101)","@rgb(192,192,192)","@rgb(192,192,192)","@symbol(2,512,0)"
"1565","Lathyrus odoratus L.","Lathyrus odoratus","Fabaceae","Fabales","Rosanae","Dicot","Kleyer","annual","herbaceous vine",0,0,1,0,0,0,0,1,0,0,0,0,0,0,0,0,0,0,0,1,0,0,1,38.2670155249167,19.7115803895491,42.0214040855343,"CR/CSR","@rgb(98,50,107)","@rgb(0,0,0)","@rgb(0,255,0)","@symbol(3,512,0)"
"1566","Lathyrus palustris L.","Lathyrus palustris","Fabaceae","Fabales","Rosanae","Dicot","Kleyer","perennial","herbaceous vine",1,0,1,0,0,0,0,2,0,0,0,1,1,1,0,1,0,0,1,1,0,0,6,44.1497793921647,1.11069998293462,54.7395206249007,"CR","@rgb(113,3,140)","@rgb(0,0,0)","@rgb(0,255,0)","@symbol(3,512,0)"
"1567","Lathyrus pratensis L.","Lathyrus pratensis","Fabaceae","Fabales","Rosanae","Dicot","Wright","perennial","forb",0,0,1,0,0,0,0,1,0,0,0,1,1,1,0,1,0,1,1,1,0,0,7,17.748097966172,49.1437816833107,33.1081203505173,"SR/CSR","@rgb(45,125,84)","@rgb(192,192,192)","@rgb(192,192,192)","@symbol(2,512,0)"
"1568","Lathyrus sylvestris L. sylvestris","Lathyrus sylvestris","Fabaceae","Fabales","Rosanae","Dicot","Cerabolini","perennial","forb",0,0,1,0,0,0,0,1,0,0,0,1,1,1,0,0,0,0,1,1,0,0,5,41.2493098558339,22.032222024529,36.7184681196371,"CR/CSR","@rgb(105,56,94)","@rgb(192,192,192)","@rgb(192,192,192)","@symbol(2,512,0)"
"1569","Lathyrus tuberosus L.","Lathyrus tuberosus","Fabaceae","Fabales","Rosanae","Dicot","Kleyer","perennial","herbaceous vine",0,0,1,0,0,0,0,1,0,0,0,1,1,0,0,1,0,1,0,1,0,0,5,15.0805843580124,21.5127257313511,63.4066899106365,"R/CSR","@rgb(38,55,162)","@rgb(0,0,0)","@rgb(0,255,0)","@symbol(3,512,0)"
"1570","Lathyrus vernus (L.) Bernh.","Lathyrus vernus","Fabaceae","Fabales","Rosanae","Dicot","Cerabolini/Pierce","perennial","forb",0,0,1,0,0,0,0,1,0,0,0,1,1,1,0,0,0,0,1,1,0,0,5,40.3411685717547,0,59.6588314282453,"CR","@rgb(103,0,152)","@rgb(192,192,192)","@rgb(192,192,192)","@symbol(2,512,0)"
"1571","Laurus nobilis L.","Laurus nobilis","Lauraceae","Laurales","Magnolianae","Dicot","Cerabolini/Pierce","perennial","tree",0,0,1,0,0,0,0,1,0,0,0,0,0,0,0,0,0,0,0,1,0,0,1,31.2084484308794,68.7915515691206,0,"S/CS","@rgb(80,175,0)","@rgb(255,255,255)","@rgb(128,0,0)","@symbol(3,512,0)"
"1572","Lavandula angustifolia Mill.","Lavandula angustifolia","Lamiaceae","Lamiales","Asteranae","Dicot","Cornelissen","perennial","shrub",0,0,1,0,0,0,0,1,0,0,0,1,1,0,0,0,0,0,0,1,0,0,3,5.55264857501056,0,94.4473514249894,"R","@rgb(14,0,241)","@rgb(192,192,192)","@rgb(0,0,0)","@symbol(6,512,0)"
"1573","Lavandula latifolia Medik.","Lavandula latifolia","Lamiaceae","Lamiales","Asteranae","Dicot","Cornelissen","perennial","shrub",0,0,1,0,0,0,0,1,0,0,0,1,0,0,0,0,0,0,0,1,0,0,2,16.3753521487724,0,83.6246478512276,"R/CR","@rgb(42,0,213)","@rgb(192,192,192)","@rgb(0,0,0)","@symbol(6,512,0)"
"1574","Lavandula stoechas L. stoechas","Lavandula stoechas subsp. stoechas","Lamiaceae","Lamiales","Asteranae","Dicot","Cerabolini/Pierce","perennial","tree",0,0,1,0,0,0,0,1,0,0,0,0,0,0,0,0,0,0,0,1,0,0,1,43.0000412679377,56.9999587320623,0,"CS","@rgb(110,145,0)","@rgb(255,255,255)","@rgb(128,0,0)","@symbol(3,512,0)"
"1575","Lavoisiera confertiflora Naudin","Microlicia congestiflora","Melastomataceae","Myrtales","Rosanae","Dicot","Negreiros","perennial","shrub",0,1,0,0,0,0,0,1,0,0,0,0,0,0,1,0,0,0,0,0,0,0,1,11.067035284066,85.3621249554958,3.57083976043822,"S","@rgb(28,218,9)","@rgb(192,192,192)","@rgb(0,0,0)","@symbol(6,512,0)"
"1576","Leandra dichotoma (Pav. ex D. Don) Cogn.","Miconia sulcicaulis","Melastomataceae","Myrtales","Rosanae","Dicot","Wright","perennial","shrub",0,1,0,0,0,0,0,1,1,1,1,0,0,0,0,0,0,0,0,0,0,0,3,47.7634895778295,16.2428499027379,35.9936605194326,"CR/CSR","@rgb(122,41,92)","@rgb(192,192,192)","@rgb(0,0,0)","@symbol(6,512,0)"
"1577","Lecythis pisonis Cambess.","Lecythis pisonis","Lecythidaceae","Ericales","Asteranae","Dicot","Pinho","perennial","tree",0,1,0,0,0,0,0,1,1,0,0,0,0,0,0,0,0,0,0,0,0,0,1,46.8289704910267,53.1710295089733,0,"CS","@rgb(119,136,0)","@rgb(255,255,255)","@rgb(128,0,0)","@symbol(3,512,0)"
"1578","Ledum groenlandicum Oeder","Rhododendron groenlandicum","Ericaceae","Ericales","Asteranae","Dicot","Shipley","perennial","shrub",1,0,0,0,0,0,0,1,0,0,0,1,1,1,0,1,0,0,1,0,0,0,5,7.97817574988921,78.5232227940884,13.4986014560224,"S/SR","@rgb(20,200,34)","@rgb(192,192,192)","@rgb(0,0,0)","@symbol(6,512,0)"
"1579","Legousia hybrida (L.) Delarbre","Legousia hybrida","Campanulaceae","Asterales","Asteranae","Dicot","Kleyer","annual","forb",0,0,1,0,0,0,0,1,0,0,0,1,1,0,0,0,0,0,0,1,0,0,3,0,0,100,"R","@rgb(0,0,255)","@rgb(192,192,192)","@rgb(192,192,192)","@symbol(2,512,0)"
"1580","Legousia speculum-veneris (L.) Chaix","Legousia speculum-veneris","Campanulaceae","Asterales","Asteranae","Dicot","Cerabolini/Pierce","perennial","forb",0,0,1,0,0,0,0,1,0,0,0,1,0,0,0,0,0,0,0,1,0,0,2,6.45280923766645,0,93.5471907623335,"R","@rgb(16,0,239)","@rgb(192,192,192)","@rgb(192,192,192)","@symbol(2,512,0)"
"1581","Leiothrix crassifolia (Bong.) Ruhland","Leiothrix crassifolia","Eriocaulaceae","Poales","Lilianae","Monocot","Negreiros","perennial","forb",0,1,0,0,0,0,0,1,0,0,0,0,0,0,1,0,0,0,0,0,0,0,1,11.721719587044,54.0064076440399,34.2718727689161,"SR/CSR","@rgb(30,138,87)","@rgb(192,192,192)","@rgb(192,192,192)","@symbol(2,512,0)"
"1582","Lembotropis nigricans (L.) Griseb.","Cytisus nigricans","Fabaceae","Fabales","Rosanae","Dicot","Kleyer","perennial","shrub",0,0,1,0,0,0,0,1,0,0,0,1,1,0,0,0,0,0,0,0,0,0,2,10.8683513300849,55.664927291369,33.4667213785461,"S/CSR","@rgb(28,142,85)","@rgb(192,192,192)","@rgb(0,0,0)","@symbol(6,512,0)"
"1583","Lemna gibba L.","Lemna gibba","Araceae","Alismatales","Lilianae","Monocot","Kleyer","perennial","aquatic",1,1,1,1,0,0,0,4,1,1,1,1,1,0,1,1,1,1,0,1,1,0,11,0,0,100,"R","@rgb(0,0,255)","@rgb(192,192,192)","@rgb(0,0,255)","@symbol(5,512,0)"
"1584","Lemna minor L.","Lemna minor","Araceae","Alismatales","Lilianae","Monocot","Díaz","perennial","aquatic",1,1,1,1,1,0,0,5,1,1,1,1,1,1,1,1,0,1,1,1,1,0,12,0,0,100,"R","@rgb(0,0,255)","@rgb(192,192,192)","@rgb(0,0,255)","@symbol(5,512,0)"
"1585","Lemna trisulca L.","Lemna trisulca","Araceae","Alismatales","Lilianae","Monocot","Kleyer","perennial","aquatic",1,0,1,1,1,1,0,5,1,0,1,1,1,1,1,1,0,0,0,1,0,0,8,0,0,100,"R","@rgb(0,0,255)","@rgb(192,192,192)","@rgb(0,0,255)","@symbol(5,512,0)"
"1586","Leontodon autumnalis L.","Scorzoneroides autumnalis","Asteraceae","Asterales","Asteranae","Dicot","Shipley","perennial","forb",0,0,1,0,0,0,0,1,0,0,0,1,1,1,0,0,0,0,1,1,0,0,5,16.9686530195731,42.2449288050884,40.7864181753385,"SR/CSR","@rgb(43,108,104)","@rgb(192,192,192)","@rgb(192,192,192)","@symbol(2,512,0)"
"1587","Leontodon hispidus L.","Leontodon hispidus","Asteraceae","Asterales","Asteranae","Dicot","Cerabolini/Pierce","perennial","forb",0,0,1,0,0,0,0,1,0,0,0,1,1,1,0,1,0,0,0,1,0,0,5,45.9301187675024,0,54.0698812324976,"CR","@rgb(117,0,138)","@rgb(192,192,192)","@rgb(192,192,192)","@symbol(2,512,0)"
"1588","Leontodon incanus (L.) Schrank tenuiflorus (Gaudin) Hegi","Leontodon tenuiflorus","Asteraceae","Asterales","Asteranae","Dicot","Cerabolini/Pierce","perennial","forb",0,0,1,0,0,0,0,1,0,0,0,0,1,0,0,0,0,0,0,0,0,0,1,41.015472946155,23.3536928541784,35.6308341996667,"CR/CSR","@rgb(105,60,91)","@rgb(192,192,192)","@rgb(192,192,192)","@symbol(2,512,0)"
"1589","Leontodon montanus Lam. melanotrichus (Vierh.) Widder ex Pittoni","Scorzoneroides montana subsp. breviscapa","Asteraceae","Asterales","Asteranae","Dicot","Cerabolini","perennial","forb",0,0,1,0,0,0,0,1,0,0,0,0,1,0,0,0,0,0,0,0,0,0,1,41.5937168482127,13.1458254535196,45.2604576982678,"CR/CSR","@rgb(106,34,115)","@rgb(192,192,192)","@rgb(192,192,192)","@symbol(2,512,0)"
"1590","Leontodon pyrenaicus Gouan","Scorzoneroides pyrenaica","Asteraceae","Asterales","Asteranae","Dicot","Kleyer","perennial","forb",0,0,1,0,0,0,0,1,0,0,0,1,0,0,0,0,0,0,0,1,0,0,2,32.7742291699905,0,67.2257708300095,"R/CR","@rgb(84,0,171)","@rgb(192,192,192)","@rgb(192,192,192)","@symbol(2,512,0)"
"1591","Leontodon taraxacoides Hoppe & Hornsch.","Leontodon taraxacoides","Asteraceae","Asterales","Asteranae","Dicot","Kleyer","perennial","forb",0,0,1,0,0,0,0,1,0,0,0,1,0,0,0,0,0,0,0,1,0,0,2,30.6519454710672,6.66344297994091,62.6846115489919,"R/CR","@rgb(78,17,160)","@rgb(192,192,192)","@rgb(192,192,192)","@symbol(2,512,0)"
"1592","Leonurus marrubiastrum L.","Chaiturus marrubiastrum","Lamiaceae","Lamiales","Asteranae","Dicot","Kleyer","biennial","forb",0,0,1,0,0,0,0,1,0,0,0,1,0,0,0,0,0,0,0,0,0,0,1,38.2692144416595,28.1978639797506,33.5329215785899,"CSR","@rgb(98,72,86)","@rgb(192,192,192)","@rgb(192,192,192)","@symbol(2,512,0)"
"1593","Leopoldia comosa (L.) Parl.","Leopoldia comosa","Asparagaceae","Asparagales","Lilianae","Monocot","Cerabolini/Pierce2","perennial","forb",0,0,1,0,0,0,0,1,0,0,0,1,1,0,0,0,1,0,0,1,0,0,4,67.1980702956621,0,32.8019297043379,"C/CR","@rgb(171,0,84)","@rgb(192,192,192)","@rgb(192,192,192)","@symbol(2,512,0)"
"1594","Lepidium campestre (L.) W.T. Aiton","Lepidium campestre","Brassicaceae","Brassicales","Rosanae","Dicot","Kleyer","biennial","forb",0,0,1,0,0,0,0,1,0,0,0,1,1,0,0,0,0,0,0,1,0,0,3,25.490482500506,22.8881275567347,51.6213899427593,"R/CSR","@rgb(65,58,132)","@rgb(192,192,192)","@rgb(192,192,192)","@symbol(2,512,0)"
"1595","Lepidium densiflorum Schrad.","Lepidium densiflorum","Brassicaceae","Brassicales","Rosanae","Dicot","Laughlin","biennial","forb",1,0,1,0,0,0,0,2,0,0,1,1,1,1,0,1,0,0,0,1,1,0,7,11.3921257954235,0,88.6078742045765,"R","@rgb(29,0,226)","@rgb(192,192,192)","@rgb(192,192,192)","@symbol(2,512,0)"
"1596","Lepidium latifolium L.","Lepidium latifolium","Brassicaceae","Brassicales","Rosanae","Dicot","Kleyer","perennial","forb",0,0,1,0,0,0,0,1,0,0,0,1,0,0,0,1,0,1,0,1,1,0,5,64.7091360288944,1.71936833161591,33.5714956394897,"C/CR","@rgb(165,4,86)","@rgb(192,192,192)","@rgb(192,192,192)","@symbol(2,512,0)"
"1597","Lepidium ruderale L.","Lepidium ruderale","Brassicaceae","Brassicales","Rosanae","Dicot","Wright","biennial","forb",0,0,1,0,0,0,0,1,0,0,0,1,1,1,0,0,0,0,0,0,0,0,3,11.9231326439692,0,88.0768673560308,"R","@rgb(30,0,225)","@rgb(192,192,192)","@rgb(192,192,192)","@symbol(2,512,0)"
"1598","Lepidium sativum L.","Lepidium sativum","Brassicaceae","Brassicales","Rosanae","Dicot","Kleyer","annual","forb",0,0,1,1,1,0,0,3,0,0,1,1,0,0,0,0,0,1,0,0,1,0,4,32.6835026480649,0,67.3164973519351,"R/CR","@rgb(83,0,172)","@rgb(192,192,192)","@rgb(192,192,192)","@symbol(2,512,0)"
"1599","Lepidium virginicum L.","Lepidium virginicum","Brassicaceae","Brassicales","Rosanae","Dicot","Cerabolini/Pierce","perennial","forb",1,1,0,0,0,0,0,2,1,1,1,1,1,0,1,1,0,0,0,1,1,0,9,9.1824812274268,29.3272679053846,61.4902508671886,"R/SR","@rgb(23,75,157)","@rgb(192,192,192)","@rgb(192,192,192)","@symbol(2,512,0)"
"1600","Lepisanthes senegalensis (Juss. ex Poir.) Leenh.","Lepisanthes senegalensis","Sapindaceae","Sapindales","Rosanae","Dicot","SJ Wright Pasoh","perennial","tree",0,0,0,1,1,1,0,3,1,1,0,0,0,0,1,0,0,0,0,0,0,0,3,59.7683119150038,40.0090020539192,0.222686031077074,"CS","@rgb(152,102,1)","@rgb(255,255,255)","@rgb(128,0,0)","@symbol(3,512,0)"
"1601","Lepisanthes tetraphylla Radlk.","Lepisanthes tetraphylla","Sapindaceae","Sapindales","Rosanae","Dicot","SJ Wright Pasoh","perennial","tree",0,0,0,0,1,0,0,1,1,1,0,0,0,0,0,0,0,0,0,0,0,0,2,59.0517900484082,36.4276219133631,4.52058803822873,"CS","@rgb(151,93,12)","@rgb(255,255,255)","@rgb(128,0,0)","@symbol(3,512,0)"
"1602","Lespedeza capitata Michx.","Lespedeza capitata","Fabaceae","Fabales","Rosanae","Dicot","Weiher","perennial","forb",1,0,0,0,0,0,0,1,0,0,0,1,1,0,0,1,0,0,0,0,0,0,3,16.5260146883272,63.2927994290135,20.1811858826592,"S/CSR","@rgb(42,161,51)","@rgb(192,192,192)","@rgb(192,192,192)","@symbol(2,512,0)"
"1603","Lespedeza cuneata (Dum. Cours.) G. Don","Lespedeza cuneata","Fabaceae","Fabales","Rosanae","Dicot","Weiher","perennial","shrub",0,0,1,0,1,1,0,3,1,0,0,1,1,0,0,0,0,0,0,0,0,0,3,2.93525036472847,64.3381403708705,32.726609264401,"S/SR","@rgb(7,164,83)","@rgb(192,192,192)","@rgb(0,0,0)","@symbol(6,512,0)"
"1604","Lessingianthus psilophyllus (DC.) H. Rob.","Lessingianthus psilophyllus","Asteraceae","Asterales","Asteranae","Dicot","Negreiros","perennial","shrub",0,1,0,0,0,0,0,1,1,0,0,0,0,0,1,0,0,0,0,0,0,0,2,6.10416844178196,93.895831558218,0,"S","@rgb(16,239,0)","@rgb(192,192,192)","@rgb(0,0,0)","@symbol(6,512,0)"
"1605","Leucanthemopsis alpina (L.) Heywood","Leucanthemopsis alpina","Asteraceae","Asterales","Asteranae","Dicot","Cerabolini/Pierce","perennial","forb",0,0,1,0,0,0,0,1,0,0,0,1,1,0,0,0,0,0,0,1,0,0,3,5.24403293898662,0,94.7559670610134,"R","@rgb(13,0,242)","@rgb(192,192,192)","@rgb(192,192,192)","@symbol(2,512,0)"
"1606","Leucanthemum heterophyllum (Willd.) DC.","Leucanthemum heterophyllum","Asteraceae","Asterales","Asteranae","Dicot","Cerabolini/Pierce","perennial","forb",0,0,1,0,0,0,0,1,0,0,0,1,1,0,0,0,0,0,0,0,0,0,2,38.3748764015876,0,61.6251235984123,"CR","@rgb(98,0,157)","@rgb(192,192,192)","@rgb(192,192,192)","@symbol(2,512,0)"
"1607","Leucanthemum ircutianum Turcz. ex DC. ircutianum","Leucanthemum ircutianum subsp. ircutianum","Asteraceae","Asterales","Asteranae","Dicot","Cerabolini/Pierce","perennial","forb",0,0,1,0,0,0,0,1,0,0,0,1,0,0,0,0,0,0,0,0,0,0,1,45.4421463448158,15.4011677448208,39.1566859103634,"CR/CSR","@rgb(116,39,100)","@rgb(192,192,192)","@rgb(192,192,192)","@symbol(2,512,0)"
"1608","Leucanthemum vulgare Lam.","Leucanthemum vulgare","Asteraceae","Asterales","Asteranae","Dicot","Cerabolini/Pierce2","perennial","forb",0,0,1,0,0,0,0,1,0,0,0,1,1,1,0,1,0,0,1,1,0,0,6,20.8492525992474,0,79.1507474007526,"R/CR","@rgb(53,0,202)","@rgb(192,192,192)","@rgb(192,192,192)","@symbol(2,512,0)"
"1609","Leucojum aestivum L.","Leucojum aestivum","Amaryllidaceae","Asparagales","Lilianae","Monocot","Kleyer","perennial","forb",0,0,1,0,0,0,0,1,0,0,0,1,0,0,0,0,0,0,0,1,0,0,2,66.6160516352655,0,33.3839483647345,"C/CR","@rgb(170,0,85)","@rgb(192,192,192)","@rgb(192,192,192)","@symbol(2,512,0)"
"1610","Leucojum vernum L.","Leucojum vernum","Amaryllidaceae","Asparagales","Lilianae","Monocot","Cerabolini/Pierce","perennial","forb",0,0,1,0,0,0,0,1,0,0,0,1,1,0,0,0,0,0,0,0,0,0,2,47.7294403667175,0,52.2705596332825,"CR","@rgb(122,0,133)","@rgb(192,192,192)","@rgb(192,192,192)","@symbol(2,512,0)"
"1611","Liatris aspera Michx.","Liatris aspera","Asteraceae","Asterales","Asteranae","Dicot","Reich","perennial","forb",1,0,0,0,0,0,0,1,0,0,0,1,1,0,0,1,0,0,0,0,0,0,3,20.3208910021971,45.0072504588313,34.6718585389716,"SR/CSR","@rgb(52,115,88)","@rgb(192,192,192)","@rgb(192,192,192)","@symbol(2,512,0)"
"1612","Liatris cylindracea Michx.","Liatris cylindracea","Asteraceae","Asterales","Asteranae","Dicot","Weiher","perennial","forb",1,0,0,0,0,0,0,1,0,0,0,1,0,0,0,1,0,0,0,0,0,0,2,13.8999094828404,71.7343051231826,14.3657853939771,"S/SR","@rgb(35,183,37)","@rgb(192,192,192)","@rgb(192,192,192)","@symbol(2,512,0)"
"1613","Liatris pycnostachya Michx.","Liatris pycnostachya","Asteraceae","Asterales","Asteranae","Dicot","Weiher","perennial","forb",1,0,0,0,0,0,0,1,0,0,0,1,1,0,1,1,0,0,0,0,0,0,4,39.1545364721566,60.8454635278434,0,"CS","@rgb(100,155,0)","@rgb(192,192,192)","@rgb(192,192,192)","@symbol(2,512,0)"
"1614","Liatris squarrosa (L.) Michx.","Liatris squarrosa","Asteraceae","Asterales","Asteranae","Dicot","Weiher","perennial","forb",1,0,0,0,0,0,0,1,0,0,0,1,1,0,1,1,0,0,0,0,0,0,4,11.9301857289215,73.942930642579,14.1268836284995,"S/SR","@rgb(30,189,36)","@rgb(192,192,192)","@rgb(192,192,192)","@symbol(2,512,0)"
"1615","Liatris squarrulosa Michx.","Liatris squarrulosa","Asteraceae","Asterales","Asteranae","Dicot","Weiher","perennial","forb",1,0,0,0,0,0,0,1,0,0,0,1,1,0,0,0,0,0,0,0,0,0,2,15.2645603329426,84.7354396670574,0,"S","@rgb(39,216,0)","@rgb(192,192,192)","@rgb(192,192,192)","@symbol(2,512,0)"
"1616","Licania hypoleuca Benth.","Licania hypoleuca","Chrysobalanaceae","Malpighiales","Rosanae","Dicot","Wright","perennial","tree",0,1,0,0,0,0,0,1,1,0,1,0,0,0,1,0,0,0,0,0,0,0,3,25.5313972149586,61.118640998056,13.3499617869854,"S/CSR","@rgb(65,156,34)","@rgb(255,255,255)","@rgb(128,0,0)","@symbol(3,512,0)"
"1617","Licania octandra (Hoffmanns. ex Roem. & Schult.) Kuntze","Leptobalanus octandrus","Chrysobalanaceae","Malpighiales","Rosanae","Dicot","Pinho","perennial","tree",0,1,0,0,0,0,0,1,1,1,0,0,0,0,1,0,0,0,0,0,1,0,4,27.2570271177766,72.7429728822234,0,"S/CS","@rgb(70,185,0)","@rgb(255,255,255)","@rgb(128,0,0)","@symbol(3,512,0)"
"1618","Licania platypus (Hemsl.) Fritsch","Moquilea platypus","Chrysobalanaceae","Malpighiales","Rosanae","Dicot","Wright","perennial","tree",0,1,0,0,0,0,0,1,1,1,1,0,0,0,0,0,0,0,0,0,0,0,3,48.1647342283914,43.0169230417056,8.81834272990302,"CS","@rgb(123,110,22)","@rgb(255,255,255)","@rgb(128,0,0)","@symbol(3,512,0)"
"1619","Ligularia sibirica (L.) Cass.","Ligularia sibirica","Asteraceae","Asterales","Asteranae","Dicot","Soudzilovskaia","perennial","forb",0,0,1,0,0,0,0,1,0,0,0,1,1,0,0,1,0,1,0,0,0,0,4,53.142385072823,20.2507556906716,26.6068592365054,"C/CSR","@rgb(136,52,68)","@rgb(192,192,192)","@rgb(192,192,192)","@symbol(2,512,0)"
"1620","Ligusticum mutellina (L.) Crantz","Mutellina purpurea","Apiaceae","Apiales","Asteranae","Dicot","Cerabolini/Pierce","perennial","forb",0,0,1,0,0,0,0,1,0,0,0,1,1,0,0,0,0,0,0,0,0,0,2,22.1742535868796,46.0102078832697,31.8155385298506,"SR/CSR","@rgb(57,117,81)","@rgb(192,192,192)","@rgb(192,192,192)","@symbol(2,512,0)"
"1621","Ligustrum lucidum Aiton","Ligustrum lucidum","Oleaceae","Lamiales","Asteranae","Dicot","Cerabolini/Pierce","perennial","tree",0,0,1,0,1,0,0,2,1,0,0,1,1,0,0,0,0,0,0,0,0,0,3,42.7319797038633,57.2680202961367,0,"CS","@rgb(109,146,0)","@rgb(255,255,255)","@rgb(128,0,0)","@symbol(3,512,0)"
"1622","Ligustrum ovalifolium Hassk.","Ligustrum ovalifolium","Oleaceae","Lamiales","Asteranae","Dicot","Cerabolini/Pierce","perennial","tree",0,0,1,0,0,0,0,1,0,0,0,1,0,0,0,0,0,0,0,0,0,0,1,31.9713382728088,53.4790066827137,14.5496550444775,"S/CSR","@rgb(82,136,37)","@rgb(255,255,255)","@rgb(128,0,0)","@symbol(3,512,0)"
"1623","Ligustrum sinense Lour.","Ligustrum sinense","Oleaceae","Lamiales","Asteranae","Dicot","Cerabolini/Pierce","perennial","tree",0,0,1,0,1,0,0,2,1,0,0,1,1,0,0,0,0,0,0,0,0,0,3,19.9370378781413,63.9037232683361,16.1592388535226,"S/CSR","@rgb(51,163,41)","@rgb(255,255,255)","@rgb(128,0,0)","@symbol(3,512,0)"
"1624","Ligustrum vulgare L.","Ligustrum vulgare","Oleaceae","Lamiales","Asteranae","Dicot","Cornelissen","perennial","shrub",0,0,1,0,0,0,0,1,0,0,0,1,1,1,0,1,0,0,0,1,1,0,6,11.7606454868243,77.0651113517245,11.1742431614512,"S/CS","@rgb(30,197,28)","@rgb(192,192,192)","@rgb(0,0,0)","@symbol(6,512,0)"
"1625","Lilium bulbiferum L. croceum (Chaix) Jan","Lilium bulbiferum","Liliaceae","Liliales","Lilianae","Monocot","Cerabolini/Pierce","perennial","forb",0,0,1,0,0,0,0,1,0,0,0,1,1,0,0,0,0,0,0,1,0,0,3,35.661498302891,0,64.338501697109,"R/CR","@rgb(91,0,164)","@rgb(192,192,192)","@rgb(192,192,192)","@symbol(2,512,0)"
"1626","Lilium martagon L.","Lilium martagon","Liliaceae","Liliales","Lilianae","Monocot","Cerabolini/Pierce","perennial","forb",0,0,1,0,0,0,0,1,0,0,0,1,1,0,0,0,0,0,0,1,0,0,3,47.0369000580519,0,52.9630999419481,"CR","@rgb(120,0,135)","@rgb(192,192,192)","@rgb(192,192,192)","@symbol(2,512,0)"
"1627","Limonium vulgare Mill.","Limonium vulgare","Plumbaginaceae","Caryophyllales","Caryophyllanae","Dicot","Kleyer","perennial","forb",0,0,1,0,0,0,0,1,0,0,0,1,0,0,0,1,0,0,0,1,0,0,3,73.8871992244714,20.0377660816555,6.07503469387317,"C/CS","@rgb(188,51,15)","@rgb(192,192,192)","@rgb(192,192,192)","@symbol(2,512,0)"
"1628","Linaria dalmatica (L.) Mill.","Linaria dalmatica","Plantaginaceae","Lamiales","Asteranae","Dicot","Laughlin","perennial","forb",0,0,1,0,0,0,0,1,0,0,0,1,0,0,0,0,0,1,0,1,0,0,3,28.283177366325,39.5170492001666,32.1997734335084,"CSR","@rgb(72,101,82)","@rgb(192,192,192)","@rgb(192,192,192)","@symbol(2,512,0)"
"1629","Linaria repens (L.) Mill.","Linaria repens","Plantaginaceae","Lamiales","Asteranae","Dicot","Kleyer","annual","forb",0,0,1,0,0,0,0,1,0,0,0,1,1,1,0,0,0,0,0,1,0,0,4,17.6931836593087,0,82.3068163406913,"R/CR","@rgb(45,0,210)","@rgb(192,192,192)","@rgb(192,192,192)","@symbol(2,512,0)"
"1630","Linaria vulgaris Mill.","Linaria vulgaris","Plantaginaceae","Lamiales","Asteranae","Dicot","Shipley","perennial","forb",0,0,1,0,0,0,0,1,0,0,0,1,1,1,0,0,0,1,1,1,1,0,7,15.8671959107033,21.5293481007339,62.6034559885627,"R/CSR","@rgb(40,55,160)","@rgb(192,192,192)","@rgb(192,192,192)","@symbol(2,512,0)"
"1631","Lindackeria laurina C. Presl","Lindackeria laurina","Achariaceae","Malpighiales","Rosanae","Dicot","Wright","perennial","tree",0,1,0,0,0,0,0,1,1,0,1,0,0,0,0,0,0,0,0,0,0,0,2,59.2199615267238,34.6203225269087,6.15971594636749,"CS","@rgb(151,88,16)","@rgb(255,255,255)","@rgb(128,0,0)","@symbol(3,512,0)"
"1632","Lindernia dubia (L.) Pennell","Lindernia dubia","Linderniaceae","Lamiales","Asteranae","Dicot","Cerabolini/Pierce","biennial","forb",1,1,0,0,0,0,0,2,1,1,1,1,1,0,1,1,1,0,0,1,0,0,9,11.5491536789194,0,88.4508463210806,"R","@rgb(29,0,226)","@rgb(192,192,192)","@rgb(192,192,192)","@symbol(2,512,0)"
"1633","Linnaea borealis L.","Linnaea borealis","Caprifoliaceae","Dipsacales","Asteranae","Dicot","Wright","perennial","forb",1,0,1,0,0,0,0,2,0,0,0,1,1,1,0,1,0,0,1,0,0,0,5,5.68321840855743,42.0954946610088,52.2212869304338,"SR","@rgb(14,107,133)","@rgb(192,192,192)","@rgb(192,192,192)","@symbol(2,512,0)"
"1634","Linum australe A. Heller","Linum australe","Linaceae","Malpighiales","Rosanae","Dicot","Laughlin","annual","forb",1,1,0,0,0,0,0,2,0,1,1,0,1,0,0,1,0,0,0,0,0,0,4,0,83.1430883638922,16.8569116361078,"S/SR","@rgb(0,212,43)","@rgb(192,192,192)","@rgb(192,192,192)","@symbol(2,512,0)"
"1635","Linum austriacum L.","Linum austriacum","Linaceae","Malpighiales","Rosanae","Dicot","Kleyer","perennial","forb",0,0,1,0,0,0,0,1,0,0,0,1,1,0,0,1,0,0,0,1,0,0,4,1.06637067515449,38.7226540296682,60.2109752951773,"SR","@rgb(3,99,154)","@rgb(192,192,192)","@rgb(192,192,192)","@symbol(2,512,0)"
"1636","Linum catharticum L.","Linum catharticum","Linaceae","Malpighiales","Rosanae","Dicot","Díaz","perennial","forb",1,0,0,0,0,0,0,1,0,0,0,1,1,1,0,1,0,0,1,1,0,0,6,0.0819295455265156,36.2394925472884,63.6785779071851,"R/SR","@rgb(0,92,162)","@rgb(192,192,192)","@rgb(192,192,192)","@symbol(2,512,0)"
"1637","Linum lewisii Pursh","Linum lewisii","Linaceae","Malpighiales","Rosanae","Dicot","Laughlin","perennial","shrub",1,0,0,0,0,0,0,1,0,0,0,0,1,1,0,1,0,0,1,1,1,0,6,0,81.6315605700653,18.3684394299347,"S/SR","@rgb(0,208,47)","@rgb(192,192,192)","@rgb(0,0,0)","@symbol(6,512,0)"
"1638","Linum medium (Planch.) Britton","Linum medium","Linaceae","Malpighiales","Rosanae","Dicot","Weiher","perennial","forb",1,0,0,0,0,0,0,1,0,0,1,1,1,0,0,1,0,0,0,0,0,0,4,0,0,100,"R","@rgb(0,0,255)","@rgb(192,192,192)","@rgb(192,192,192)","@symbol(2,512,0)"
"1639","Linum perenne L.","Linum perenne","Linaceae","Malpighiales","Rosanae","Dicot","Kleyer","perennial","shrub",0,0,1,0,0,0,0,1,0,0,0,1,1,0,0,0,0,0,0,0,0,0,2,1.16535774442422,21.2420738512015,77.5925684043742,"R/SR","@rgb(3,54,198)","@rgb(192,192,192)","@rgb(0,0,0)","@symbol(6,512,0)"
"1640","Linum suffruticosum L.","Linum suffruticosum","Linaceae","Malpighiales","Rosanae","Dicot","Díaz","perennial","shrub",0,0,1,0,0,0,0,1,0,0,0,1,0,0,0,0,0,0,0,1,0,0,2,0,59.6020840484969,40.3979159515031,"SR","@rgb(0,152,103)","@rgb(192,192,192)","@rgb(0,0,0)","@symbol(6,512,0)"
"1641","Linum tenuifolium L.","Linum tenuifolium","Linaceae","Malpighiales","Rosanae","Dicot","Cerabolini/Pierce","perennial","forb",0,0,1,0,0,0,0,1,0,0,0,1,1,0,0,0,0,0,0,1,0,0,3,0.290349698637414,65.9178919150663,33.7917583862963,"S/SR","@rgb(1,168,86)","@rgb(192,192,192)","@rgb(192,192,192)","@symbol(2,512,0)"
"1642","Linum usitatissimum L.","Linum usitatissimum","Linaceae","Malpighiales","Rosanae","Dicot","Kleyer","annual","forb",0,0,1,0,0,0,0,1,0,0,0,1,0,0,0,0,0,1,0,1,1,0,4,1.92286998841928,12.8721669563933,85.2049630551874,"R","@rgb(5,33,217)","@rgb(192,192,192)","@rgb(192,192,192)","@symbol(2,512,0)"
"1643","Liparis loeselii (L.) Rich.","Liparis loeselii","Orchidaceae","Asparagales","Lilianae","Monocot","Kleyer","perennial","forb",1,0,1,0,0,0,0,2,0,0,0,1,1,0,0,1,0,0,0,0,0,0,3,30.4275647509704,0,69.5724352490296,"R/CR","@rgb(78,0,177)","@rgb(192,192,192)","@rgb(192,192,192)","@symbol(2,512,0)"
"1644","Listera cordata (L.) R. Br.","Neottia cordata","Orchidaceae","Asparagales","Lilianae","Monocot","Soudzilovskaia","perennial","forb",1,0,1,0,0,0,0,2,0,0,0,1,1,1,0,0,0,0,1,1,0,0,5,15.0314031270335,0,84.9685968729665,"R","@rgb(38,0,217)","@rgb(192,192,192)","@rgb(192,192,192)","@symbol(2,512,0)"
"1645","Listera ovata (L.) R. Br.","Neottia ovata","Orchidaceae","Asparagales","Lilianae","Monocot","Kleyer","perennial","forb",0,0,1,0,0,0,0,1,0,0,0,1,1,1,0,0,0,1,1,1,1,0,7,52.7840975987164,0,47.2159024012836,"CR","@rgb(135,0,120)","@rgb(192,192,192)","@rgb(192,192,192)","@symbol(2,512,0)"
"1646","Lithocarpus curtisii (King ex Hook. f.) A. Camus","Lithocarpus curtisii","Fagaceae","Fagales","Rosanae","Dicot","SJ Wright Pasoh","perennial","tree",0,0,0,0,1,0,0,1,1,0,0,0,0,0,0,0,0,0,0,0,0,0,1,63.5350955413181,36.4649044586819,0,"C/CS","@rgb(162,93,0)","@rgb(255,255,255)","@rgb(128,0,0)","@symbol(3,512,0)"
"1647","Lithospermum arvense L.","Buglossoides arvensis","Boraginaceae","Boraginales","Asteranae","Dicot","Kleyer","annual","forb",0,0,1,0,0,0,0,1,0,0,0,1,1,1,0,1,0,1,0,1,1,0,7,15.7961050125939,8.78443159424017,75.419463393166,"R/CR","@rgb(40,22,192)","@rgb(192,192,192)","@rgb(192,192,192)","@symbol(2,512,0)"
"1648","Lithospermum multiflorum Torr. ex A. Gray","Lithospermum multiflorum","Boraginaceae","Boraginales","Asteranae","Dicot","Laughlin","perennial","forb",1,0,0,0,0,0,0,1,0,0,1,0,1,0,0,0,0,0,0,0,0,0,2,13.8916101480824,65.9132317687053,20.1951580832122,"S/SR","@rgb(35,168,51)","@rgb(192,192,192)","@rgb(192,192,192)","@symbol(2,512,0)"
"1649","Lithraea molleoides (Vell.) Engl.","Lithraea molleoides","Anacardiaceae","Sapindales","Rosanae","Dicot","Díaz","perennial","tree",0,1,0,0,0,0,0,1,1,1,0,0,0,0,1,0,0,0,0,0,0,0,3,22.8163318734186,77.1836681265814,0,"S/CS","@rgb(58,197,0)","@rgb(255,255,255)","@rgb(128,0,0)","@symbol(3,512,0)"
"1650","Litsea magnifica Boerl.",NA,"Lauraceae","Laurales","Magnolianae","Dicot","SJ Wright Pasoh","perennial","tree",0,0,0,0,1,0,0,1,1,0,0,0,0,0,0,0,0,0,0,0,0,0,1,41.8125059862457,51.8494644198425,6.33802959391184,"CS","@rgb(107,132,16)","@rgb(255,255,255)","@rgb(128,0,0)","@symbol(3,512,0)"
"1651","Lloydia serotina (L.) Salisb. ex Rchb.","Gagea serotina","Liliaceae","Liliales","Lilianae","Monocot","Soudzilovskaia","perennial","forb",1,0,1,0,0,0,0,2,0,0,0,1,1,1,0,0,0,1,1,0,0,0,5,34.6837141093866,0,65.3162858906134,"R/CR","@rgb(88,0,167)","@rgb(192,192,192)","@rgb(192,192,192)","@symbol(2,512,0)"
"1652","Lobelia inflata L.","Lobelia inflata","Campanulaceae","Asterales","Asteranae","Dicot","Shipley","perennial","forb",1,0,0,0,0,0,0,1,0,0,0,1,1,0,0,1,0,0,0,0,0,0,3,11.5179701972487,45.8272231960235,42.6548066067278,"SR/CSR","@rgb(29,117,109)","@rgb(192,192,192)","@rgb(192,192,192)","@symbol(2,512,0)"
"1653","Lobelia spicata Lam.","Lobelia spicata","Campanulaceae","Asterales","Asteranae","Dicot","Weiher","perennial","forb",1,0,0,0,0,0,0,1,0,0,0,1,1,0,0,1,0,0,0,0,0,0,3,4.35661677094121,65.26957215851,30.3738110705489,"S/SR","@rgb(11,166,77)","@rgb(192,192,192)","@rgb(192,192,192)","@symbol(2,512,0)"
"1654","Logfia arvensis (L.) Holub","Filago arvensis","Asteraceae","Asterales","Asteranae","Dicot","Kleyer","annual","forb",0,0,1,0,0,0,0,1,0,0,0,1,0,1,0,0,0,0,1,1,0,0,4,3.99526580629843,29.9910222961256,66.013711897576,"R/SR","@rgb(10,76,168)","@rgb(192,192,192)","@rgb(192,192,192)","@symbol(2,512,0)"
"1655","Logfia minima (Sm.) Dumort.","Logfia minima","Asteraceae","Asterales","Asteranae","Dicot","Kleyer","annual","forb",0,0,1,0,0,0,0,1,0,0,0,1,1,1,0,0,0,0,1,1,0,0,5,0,59.2711110931678,40.7288889068322,"SR","@rgb(0,151,104)","@rgb(192,192,192)","@rgb(192,192,192)","@symbol(2,512,0)"
"1656","Lolium perenne L.","Lolium perenne","Poaceae","Poales","Lilianae","Monocot","Cerabolini","perennial","graminoid",0,0,1,0,0,0,0,1,0,0,0,1,1,1,0,0,0,1,1,1,1,0,7,21.6827638622325,0,78.3172361377675,"R/CR","@rgb(55,0,200)","@rgb(0,0,0)","@rgb(0,128,0)","@symbol(4,512,0)"
"1657","Lolium remotum Schrank","Lolium remotum","Poaceae","Poales","Lilianae","Monocot","Kleyer","annual","graminoid",0,0,0,0,1,0,0,1,0,0,0,1,0,0,0,0,0,0,0,0,0,0,1,43.5368369086267,2.64175686804687,53.8214062233264,"CR","@rgb(111,7,137)","@rgb(0,0,0)","@rgb(0,128,0)","@symbol(4,512,0)"
"1658","Lolium rigidum Gaudin","Lolium rigidum","Poaceae","Poales","Lilianae","Monocot","Kleyer","annual","graminoid",0,0,1,0,0,0,0,1,0,0,0,1,0,0,0,1,0,1,0,1,1,0,5,8.70764354032431,44.961687090822,46.3306693688537,"SR","@rgb(22,115,118)","@rgb(0,0,0)","@rgb(0,128,0)","@symbol(4,512,0)"
"1659","Lolium temulentum L.","Lolium temulentum","Poaceae","Poales","Lilianae","Monocot","Kleyer","annual","graminoid",0,0,1,0,1,0,0,2,0,1,0,1,1,1,0,0,0,1,0,1,1,0,7,32.9050295549648,27.4238377956822,39.671132649353,"CSR","@rgb(84,70,101)","@rgb(0,0,0)","@rgb(0,128,0)","@symbol(4,512,0)"
"1660","Lomelosia argentea Greuter & Burdet","Lomelosia argentea","Caprifoliaceae","Dipsacales","Asteranae","Dicot","Buffa","perennial","forb",0,0,1,0,0,0,0,1,0,0,0,1,1,0,0,0,0,0,0,0,0,0,2,7.86750559662677,92.1324944033732,0,"S","@rgb(20,235,0)","@rgb(192,192,192)","@rgb(192,192,192)","@symbol(2,512,0)"
"1661","Lomelosia graminifolia (L.) Greuter & Burdet graminifolia","Lomelosia graminifolia subsp. graminifolia","Caprifoliaceae","Dipsacales","Asteranae","Dicot","Cerabolini/Pierce","perennial","forb",0,0,1,0,0,0,0,1,0,0,0,1,0,0,0,0,0,0,0,1,0,0,2,29.6897323546522,30.6169134463178,39.69335419903,"CSR","@rgb(76,78,101)","@rgb(192,192,192)","@rgb(192,192,192)","@symbol(2,512,0)"
"1662","Lonchocarpus heptaphyllus (Poir.) DC.","Lonchocarpus heptaphyllus","Fabaceae","Fabales","Rosanae","Dicot","Wright","perennial","tree",0,1,0,0,0,0,0,1,1,0,1,0,0,0,0,0,0,0,0,0,0,0,2,66.6534936156106,24.2728742248576,9.07363215953183,"C/CS","@rgb(170,62,23)","@rgb(255,255,255)","@rgb(128,0,0)","@symbol(3,512,0)"
"1663","Lonicera alpigena L. alpigena","Lonicera alpigena subsp. alpigena","Caprifoliaceae","Dipsacales","Asteranae","Dicot","Cerabolini/Pierce","perennial","tree",0,0,1,0,0,0,0,1,0,0,0,1,1,0,0,0,0,0,0,1,0,0,3,42.9099697434032,23.7817419329681,33.3082883236287,"CR/CSR","@rgb(109,61,85)","@rgb(255,255,255)","@rgb(128,0,0)","@symbol(3,512,0)"
"1664","Lonicera caerulea L. caerulea","Lonicera caerulea subsp. caerulea","Caprifoliaceae","Dipsacales","Asteranae","Dicot","Cerabolini/Pierce","perennial","tree",1,0,1,0,0,0,0,2,0,0,0,1,1,1,0,0,0,1,0,1,1,0,6,18.287644731731,49.3649151858715,32.3474400823975,"S/CSR","@rgb(47,126,82)","@rgb(255,255,255)","@rgb(128,0,0)","@symbol(3,512,0)"
"1665","Lonicera caprifolium L.","Lonicera caprifolium","Caprifoliaceae","Dipsacales","Asteranae","Dicot","Cerabolini/Pierce","perennial","liana",0,0,1,0,0,0,0,1,0,0,0,1,0,1,0,0,0,0,0,1,0,0,3,31.6742456794838,43.0267013726987,25.2990529478174,"CSR","@rgb(81,110,65)","@rgb(128,128,128)","@rgb(128,128,128)","@symbol(3,512,0)"
"1666","Lonicera implexa Aiton","Lonicera implexa","Caprifoliaceae","Dipsacales","Asteranae","Dicot","Cerabolini/Pierce","perennial","liana",0,0,1,0,0,0,0,1,0,0,0,0,0,0,0,0,0,0,0,1,0,0,1,20.7354732280569,79.2645267719431,0,"S/CS","@rgb(53,202,0)","@rgb(128,128,128)","@rgb(128,128,128)","@symbol(3,512,0)"
"1667","Lonicera japonica Thunb.","Lonicera japonica","Caprifoliaceae","Dipsacales","Asteranae","Dicot","Cerabolini/Pierce","perennial","liana",0,0,1,0,1,0,0,2,1,0,0,1,0,0,0,0,0,0,0,0,0,0,2,34.0336166524074,51.305326689287,14.6610566583056,"CS/CSR","@rgb(87,131,37)","@rgb(128,128,128)","@rgb(128,128,128)","@symbol(3,512,0)"
"1668","Lonicera nigra L.","Lonicera nigra","Caprifoliaceae","Dipsacales","Asteranae","Dicot","Cerabolini/Pierce","perennial","tree",0,0,1,0,0,0,0,1,0,0,0,1,1,0,0,0,0,0,0,1,0,0,3,19.310452453551,57.3905382092311,23.2990093372179,"S/CSR","@rgb(49,146,59)","@rgb(255,255,255)","@rgb(128,0,0)","@symbol(3,512,0)"
"1669","Lonicera periclymenum L.","Lonicera periclymenum","Caprifoliaceae","Dipsacales","Asteranae","Dicot","Cornelissen","perennial","liana",0,0,1,0,0,0,0,1,0,0,0,1,1,1,0,0,0,0,1,1,0,0,5,12.6995131594341,72.8206374960495,14.4798493445163,"S/SR","@rgb(32,186,37)","@rgb(128,128,128)","@rgb(128,128,128)","@symbol(3,512,0)"
"1670","Lonicera xylosteum L.","Lonicera xylosteum","Caprifoliaceae","Dipsacales","Asteranae","Dicot","Cerabolini/Pierce","perennial","tree",0,0,1,0,0,0,0,1,0,0,0,1,1,1,0,0,0,0,1,1,0,0,5,34.0336166524074,51.305326689287,14.6610566583056,"CS/CSR","@rgb(87,131,37)","@rgb(255,255,255)","@rgb(128,0,0)","@symbol(3,512,0)"
"1671","Lotus corniculatus L. alpinus (DC.) Rothm.","Lotus alpinus","Fabaceae","Fabales","Rosanae","Dicot","Cerabolini/Pierce","perennial","forb",0,0,1,0,0,0,0,1,0,0,0,1,1,0,0,0,0,0,0,1,0,0,3,4.05407741069829,44.8390316591136,51.1068909301881,"SR","@rgb(10,114,130)","@rgb(192,192,192)","@rgb(192,192,192)","@symbol(2,512,0)"
"1672","Lotus corniculatus L. corniculatus","Lotus corniculatus subsp. corniculatus","Fabaceae","Fabales","Rosanae","Dicot","Cerabolini/Pierce","perennial","forb",0,0,1,0,0,0,0,1,0,0,0,1,1,1,0,1,0,1,1,1,1,0,8,14.212432571844,18.9810729440664,66.8064944840896,"R/SR","@rgb(36,48,170)","@rgb(192,192,192)","@rgb(192,192,192)","@symbol(2,512,0)"
"1673","Lotus pedunculatus Cav.","Lotus pedunculatus","Fabaceae","Fabales","Rosanae","Dicot","Cerabolini","perennial","forb",0,0,1,0,0,0,0,1,0,0,0,1,1,1,0,0,0,0,0,1,0,0,4,23.8289794911755,48.3139396012909,27.8570809075336,"S/CSR","@rgb(61,123,71)","@rgb(192,192,192)","@rgb(192,192,192)","@symbol(2,512,0)"
"1674","Lotus tenuis Waldst. & Kit. ex Willd.","Lotus tenuis","Fabaceae","Fabales","Rosanae","Dicot","Díaz","perennial","forb",0,0,1,0,0,0,0,1,0,0,0,1,1,0,0,1,0,1,0,1,1,0,6,24.6216537089922,0,75.3783462910078,"R/CR","@rgb(63,0,192)","@rgb(192,192,192)","@rgb(192,192,192)","@symbol(2,512,0)"
"1675","Lotus wrightii (A. Gray) Greene","Acmispon wrightii","Fabaceae","Fabales","Rosanae","Dicot","Laughlin","perennial","forb",1,1,0,0,0,0,0,2,0,1,1,0,1,0,0,1,0,0,0,0,1,0,5,18.6159203645558,9.75957491807314,71.624504717371,"R/CR","@rgb(47,25,183)","@rgb(192,192,192)","@rgb(192,192,192)","@symbol(2,512,0)"
"1676","Lozania pittieri (S.F. Blake) L.B. Sm.","Lozania pittieri","Lacistemataceae","Malpighiales","Rosanae","Dicot","Wright","perennial","tree",0,1,0,0,0,0,0,1,1,0,0,0,0,0,0,0,0,0,0,0,0,0,1,43.8231760976506,24.1992109577442,31.9776129446052,"CR/CSR","@rgb(112,62,82)","@rgb(255,255,255)","@rgb(128,0,0)","@symbol(3,512,0)"
"1677","Ludwigia palustris (L.) Elliott","Ludwigia palustris","Onagraceae","Myrtales","Rosanae","Dicot","Kleyer","perennial","forb",1,1,1,1,0,0,0,4,1,1,1,1,1,0,1,1,1,1,0,1,1,0,11,13.0240113612867,23.9497226326988,63.0262660060144,"R/SR","@rgb(33,61,161)","@rgb(192,192,192)","@rgb(192,192,192)","@symbol(2,512,0)"
"1678","Luehea seemannii Triana & Planch.","Luehea seemannii","Malvaceae","Malvales","Rosanae","Dicot","Wright","perennial","tree",0,1,0,0,0,0,0,1,1,1,1,0,0,0,0,0,0,0,0,0,0,0,3,42.0379637458116,48.0671886928501,9.89484756133832,"CS","@rgb(107,123,25)","@rgb(255,255,255)","@rgb(128,0,0)","@symbol(3,512,0)"
"1679","Lunaria annua L.","Lunaria annua","Brassicaceae","Brassicales","Rosanae","Dicot","Kleyer","biennial","forb",0,0,1,0,0,0,0,1,0,0,0,1,0,0,0,0,0,0,0,1,0,0,2,59.3910564538287,0,40.6089435461713,"CR","@rgb(151,0,104)","@rgb(192,192,192)","@rgb(192,192,192)","@symbol(2,512,0)"
"1680","Lunaria rediviva L.","Lunaria rediviva","Brassicaceae","Brassicales","Rosanae","Dicot","Kleyer","perennial","forb",0,0,1,0,0,0,0,1,0,0,0,1,1,0,0,0,0,0,0,1,0,0,3,61.4482162669307,0,38.5517837330693,"CR","@rgb(157,0,98)","@rgb(192,192,192)","@rgb(192,192,192)","@symbol(2,512,0)"
"1681","Lupinus albus L.","Lupinus albus","Fabaceae","Fabales","Rosanae","Dicot","Kleyer","annual","forb",0,0,1,0,0,0,0,1,0,0,0,1,0,0,0,0,0,0,0,1,0,0,2,69.0981869638677,0,30.9018130361323,"C/CR","@rgb(176,0,79)","@rgb(192,192,192)","@rgb(192,192,192)","@symbol(2,512,0)"
"1682","Lupinus argenteus Pursh","Lupinus argenteus","Fabaceae","Fabales","Rosanae","Dicot","Laughlin","perennial","shrub",1,0,0,0,0,0,0,1,0,0,1,0,1,0,0,1,0,0,0,0,1,0,4,60.4133804377295,0,39.5866195622705,"CR","@rgb(154,0,101)","@rgb(192,192,192)","@rgb(0,0,0)","@symbol(6,512,0)"
"1683","Lupinus kingii S. Watson","Lupinus kingii","Fabaceae","Fabales","Rosanae","Dicot","Laughlin","annual","forb",1,0,0,0,0,0,0,1,0,0,0,0,1,0,0,0,0,0,0,0,0,0,1,31.196488872095,0,68.803511127905,"R/CR","@rgb(80,0,175)","@rgb(192,192,192)","@rgb(192,192,192)","@symbol(2,512,0)"
"1684","Lupinus luteus L.","Lupinus luteus","Fabaceae","Fabales","Rosanae","Dicot","Kleyer","annual","forb",0,0,1,0,0,0,0,1,0,0,0,0,0,0,0,0,0,0,0,1,0,0,1,58.480353611438,0,41.519646388562,"CR","@rgb(149,0,106)","@rgb(192,192,192)","@rgb(192,192,192)","@symbol(2,512,0)"
"1685","Lupinus perennis L.","Lupinus perennis","Fabaceae","Fabales","Rosanae","Dicot","Weiher","perennial","forb",1,0,0,0,0,0,0,1,0,0,0,1,1,0,0,1,0,0,0,0,0,0,3,59.119593481953,0,40.880406518047,"CR","@rgb(151,0,104)","@rgb(192,192,192)","@rgb(192,192,192)","@symbol(2,512,0)"
"1686","Lupinus polyphyllus Lindl.","Lupinus polyphyllus","Fabaceae","Fabales","Rosanae","Dicot","Kleyer","perennial","forb",1,0,0,0,0,0,0,1,0,0,0,0,1,1,0,0,0,0,1,1,1,0,5,67.4212532890378,6.07730563249412,26.5014410784681,"C/CR","@rgb(172,15,68)","@rgb(192,192,192)","@rgb(192,192,192)","@symbol(2,512,0)"
"1687","Luronium natans (L.) Raf.","Luronium natans","Alismataceae","Alismatales","Lilianae","Monocot","Kleyer","perennial","aquatic",0,0,1,0,0,0,0,1,0,0,0,1,0,0,0,0,0,0,0,1,0,0,2,13.649672198752,0,86.350327801248,"R","@rgb(35,0,220)","@rgb(192,192,192)","@rgb(0,0,255)","@symbol(5,512,0)"
"1688","Luzula alpinopilosa (Chaix) Breistr. alpinopilosa","Luzula alpinopilosa subsp. alpinopilosa","Juncaceae","Poales","Lilianae","Monocot","Cerabolini/Pierce","perennial","graminoid",0,0,1,0,0,0,0,1,0,0,0,1,1,0,0,0,0,0,0,1,0,0,3,20.9465426205422,10.5266595211913,68.5267978582664,"R/CR","@rgb(53,27,175)","@rgb(0,0,0)","@rgb(0,128,0)","@symbol(4,512,0)"
"1689","Luzula campestris (L.) DC.","Luzula campestris","Juncaceae","Poales","Lilianae","Monocot","Kleyer","perennial","graminoid",0,0,1,0,0,0,0,1,0,0,0,1,1,1,0,0,0,0,1,1,0,0,5,15.7373728590743,47.8593643560672,36.4032627848585,"SR/CSR","@rgb(40,122,93)","@rgb(0,0,0)","@rgb(0,128,0)","@symbol(4,512,0)"
"1690","Luzula forsteri (Sm.) DC.","Luzula forsteri","Juncaceae","Poales","Lilianae","Monocot","Cerabolini/Pierce","perennial","graminoid",0,0,1,0,0,0,0,1,0,0,0,1,1,0,0,0,0,0,0,1,0,0,3,14.04019213002,47.3337298807524,38.6260779892276,"SR/CSR","@rgb(36,121,98)","@rgb(0,0,0)","@rgb(0,128,0)","@symbol(4,512,0)"
"1691","Luzula lutea (All.) DC. lutea","Luzula lactea var. lactea","Juncaceae","Poales","Lilianae","Monocot","Cerabolini/Pierce","perennial","graminoid",0,0,1,0,0,0,0,1,0,0,0,1,1,0,0,0,0,0,0,1,0,0,3,13.2881210488545,71.7718309484297,14.9400480027158,"S/SR","@rgb(34,183,38)","@rgb(0,0,0)","@rgb(0,128,0)","@symbol(4,512,0)"
"1692","Luzula multiflora (Ehrh.) Lej.","Luzula multiflora","Juncaceae","Poales","Lilianae","Monocot","Soudzilovskaia","perennial","graminoid",1,0,1,0,1,0,0,3,1,0,0,1,1,1,0,1,0,1,1,1,1,0,9,9.73767554840045,47.317759328426,42.9445651231735,"SR","@rgb(25,121,110)","@rgb(0,0,0)","@rgb(0,128,0)","@symbol(4,512,0)"
"1693","Luzula nivea (L.) DC.","Luzula nivea","Juncaceae","Poales","Lilianae","Monocot","Cerabolini/Pierce","perennial","graminoid",0,0,1,0,0,0,0,1,0,0,0,1,1,0,0,0,0,0,0,1,0,0,3,19.2601323681352,40.2126533743522,40.5272142575126,"SR/CSR","@rgb(49,103,103)","@rgb(0,0,0)","@rgb(0,128,0)","@symbol(4,512,0)"
"1694","Luzula pilosa (L.) Willd.","Luzula pilosa","Juncaceae","Poales","Lilianae","Monocot","Cerabolini/Pierce","perennial","graminoid",0,0,1,0,0,0,0,1,0,0,0,1,1,1,0,0,0,0,1,0,0,0,4,27.5363501963034,18.8034381090812,53.6602116946154,"R/CSR","@rgb(70,48,137)","@rgb(0,0,0)","@rgb(0,128,0)","@symbol(4,512,0)"
"1695","Luzula sudetica (Willd.) Schult.","Luzula sudetica","Juncaceae","Poales","Lilianae","Monocot","Cerabolini/Pierce","perennial","graminoid",0,0,1,0,0,0,0,1,0,0,0,1,1,1,0,0,0,0,1,1,0,0,5,13.7418047385462,29.8814396168491,56.3767556446047,"R/CSR","@rgb(35,76,144)","@rgb(0,0,0)","@rgb(0,128,0)","@symbol(4,512,0)"
"1696","Luzula sylvatica (Huds.) Gaudin sylvatica","Luzula sylvatica subsp. sylvatica","Juncaceae","Poales","Lilianae","Monocot","Cerabolini/Pierce","perennial","graminoid",0,0,1,0,0,0,0,1,0,0,0,1,1,0,0,0,0,0,0,1,0,0,3,28.6393843207123,25.6392652626471,45.7213504166405,"R/CSR","@rgb(73,65,117)","@rgb(0,0,0)","@rgb(0,128,0)","@symbol(4,512,0)"
"1697","Lycium barbarum L.","Lycium barbarum","Solanaceae","Solanales","Asteranae","Dicot","Kleyer","perennial","shrub",0,0,1,0,0,0,0,1,0,0,0,1,1,0,0,0,0,1,0,0,0,0,3,57.445454131463,0,42.554545868537,"CR","@rgb(146,0,109)","@rgb(192,192,192)","@rgb(0,0,0)","@symbol(6,512,0)"
"1698","Lycopodiella inundata (L.) Holub","Lycopodiella inundata","Lycopodiaceae","Lycopodiales",NA,"Fern","Kleyer","perennial","forb",1,0,1,0,0,0,0,2,0,0,0,1,1,1,0,0,0,0,1,1,0,0,5,0,0,100,"R","@rgb(0,0,255)","@rgb(192,192,192)","@rgb(192,192,192)","@symbol(2,512,0)"
"1699","Lycopodium annotinum L.","Lycopodium annotinum","Lycopodiaceae","Lycopodiales",NA,"Fern","Kleyer","perennial","forb",1,0,1,0,1,0,0,3,1,0,0,1,1,1,0,1,0,0,1,0,0,0,6,0,64.1141634109238,35.8858365890762,"S/SR","@rgb(0,163,92)","@rgb(192,192,192)","@rgb(192,192,192)","@symbol(2,512,0)"
"1700","Lycopodium clavatum L.","Lycopodium clavatum","Lycopodiaceae","Lycopodiales",NA,"Fern","Kleyer","perennial","forb",1,1,1,1,1,0,0,5,1,1,1,1,1,1,1,1,0,1,1,1,1,0,12,0,68.7457510550472,31.2542489449528,"S/SR","@rgb(0,175,80)","@rgb(192,192,192)","@rgb(192,192,192)","@symbol(2,512,0)"
"1701","Lycopus americanus Muhl. ex W.P.C. Barton","Lycopus americanus","Lamiaceae","Lamiales","Asteranae","Dicot","Shipley","perennial","forb",1,0,0,0,0,0,0,1,0,0,0,1,1,1,0,1,0,0,0,0,0,0,4,16.8677331218893,32.1317310384304,51.0005358396803,"R/CSR","@rgb(43,82,130)","@rgb(192,192,192)","@rgb(192,192,192)","@symbol(2,512,0)"
"1702","Lycopus europaeus L.","Lycopus europaeus","Lamiaceae","Lamiales","Asteranae","Dicot","Kleyer","perennial","forb",0,0,1,0,0,0,0,1,0,0,0,1,1,1,0,0,0,1,0,1,1,0,6,34.1304924118091,0,65.8695075881909,"R/CR","@rgb(87,0,168)","@rgb(192,192,192)","@rgb(192,192,192)","@symbol(2,512,0)"
"1703","Lysimachia nummularia L.","Lysimachia nummularia","Primulaceae","Ericales","Asteranae","Dicot","Kleyer","perennial","herbaceous vine",0,0,1,0,0,0,0,1,0,0,0,1,1,0,0,0,0,0,0,0,0,0,2,12.4783326378707,32.1609919021186,55.3606754600107,"R/CSR","@rgb(32,82,141)","@rgb(0,0,0)","@rgb(0,255,0)","@symbol(3,512,0)"
"1704","Lysimachia thyrsiflora L.","Lysimachia thyrsiflora","Primulaceae","Ericales","Asteranae","Dicot","Kleyer","perennial","forb",0,0,1,0,0,0,0,1,0,0,0,1,1,1,0,0,0,0,1,0,0,0,4,32.49269835075,15.1930210483734,52.3142806008767,"R/CSR","@rgb(83,39,133)","@rgb(192,192,192)","@rgb(192,192,192)","@symbol(2,512,0)"
"1705","Lysimachia vulgaris L.","Lysimachia vulgaris","Primulaceae","Ericales","Asteranae","Dicot","Kleyer","perennial","forb",0,0,1,0,0,0,0,1,0,0,0,1,1,1,0,0,0,0,0,1,0,0,4,32.9782426061788,26.0899658600704,40.9317915337508,"CSR","@rgb(84,67,104)","@rgb(192,192,192)","@rgb(192,192,192)","@symbol(2,512,0)"
"1706","Lythrum hyssopifolia L.","Lythrum hyssopifolia","Lythraceae","Myrtales","Rosanae","Dicot","Kleyer","biennial","forb",1,1,1,0,0,1,0,4,0,0,0,1,1,0,1,1,1,1,0,1,1,0,8,0,38.853249763785,61.146750236215,"SR","@rgb(0,99,156)","@rgb(192,192,192)","@rgb(192,192,192)","@symbol(2,512,0)"
"1707","Lythrum salicaria L.","Lythrum salicaria","Lythraceae","Myrtales","Rosanae","Dicot","Shipley","perennial","shrub",0,0,1,0,0,0,0,1,1,0,0,1,1,1,0,1,0,1,0,1,1,0,8,15.8825074327171,65.9726248278572,18.1448677394257,"S/SR","@rgb(41,168,46)","@rgb(192,192,192)","@rgb(0,0,0)","@symbol(6,512,0)"
"1708","Macaranga lowii King ex Hook. f.","Macaranga lowii","Euphorbiaceae","Malpighiales","Rosanae","Dicot","SJ Wright Pasoh","perennial","tree",0,0,0,0,1,0,0,1,1,1,0,0,0,0,0,0,0,0,0,0,0,0,2,64.5232347805728,35.4767652194272,0,"C/CS","@rgb(165,90,0)","@rgb(255,255,255)","@rgb(128,0,0)","@symbol(3,512,0)"
"1709","Machaeranthera canescens (Pursh) A. Gray","Dieteria canescens","Asteraceae","Asterales","Asteranae","Dicot","Laughlin","perennial","forb",1,0,0,0,0,0,0,1,0,0,1,0,1,0,0,1,0,0,0,1,0,0,4,9.50785861388567,81.6073029206489,8.88483846546539,"S","@rgb(24,208,23)","@rgb(192,192,192)","@rgb(192,192,192)","@symbol(2,512,0)"
"1710","Machaeranthera gracilis (Nutt.) Shinners","Xanthisma gracile","Asteraceae","Asterales","Asteranae","Dicot","Laughlin","annual","forb",1,0,0,0,0,0,0,1,0,0,1,0,1,0,0,0,0,0,0,0,1,0,3,0,57.7533741605405,42.2466258394595,"SR","@rgb(0,147,108)","@rgb(192,192,192)","@rgb(192,192,192)","@symbol(2,512,0)"
"1711","Machaerium hirtum (Vell.) Stellfeld","Machaerium hirtum","Fabaceae","Fabales","Rosanae","Dicot","Pinho","perennial","tree",0,1,0,0,0,0,0,1,1,1,0,0,0,0,1,0,1,0,0,0,1,0,5,10.2667955745096,77.9124451707193,11.8207592547711,"S/SR","@rgb(26,199,30)","@rgb(255,255,255)","@rgb(128,0,0)","@symbol(3,512,0)"
"1712","Machaerium kegelii Meisn.","Machaerium kegelii","Fabaceae","Fabales","Rosanae","Dicot","Wright","perennial","liana",0,1,0,0,0,0,0,1,1,1,0,0,0,0,1,0,0,0,0,0,0,0,3,64.609452267827,35.390547732173,0,"C/CS","@rgb(165,90,0)","@rgb(128,128,128)","@rgb(128,128,128)","@symbol(3,512,0)"
"1713","Machaerium seemanni Benth. ex Seem.","Machaerium seemannii","Fabaceae","Fabales","Rosanae","Dicot","Wright","perennial","liana",0,1,0,0,0,0,0,1,1,1,1,0,0,0,1,0,0,0,0,0,0,0,4,37.7404624552622,45.9454029567166,16.3141345880212,"CS/CSR","@rgb(96,117,42)","@rgb(128,128,128)","@rgb(128,128,128)","@symbol(3,512,0)"
"1714","Maclura tinctoria (L.) D. Don ex Steud.","Maclura tinctoria","Moraceae","Rosales","Rosanae","Dicot","Wright","perennial","tree",0,1,0,0,0,0,0,1,1,1,1,0,0,0,1,0,1,0,0,0,1,0,6,37.7982594864321,41.0916961192357,21.1100443943322,"CS/CSR","@rgb(96,105,54)","@rgb(255,255,255)","@rgb(128,0,0)","@symbol(3,512,0)"
"1715","Macrocnemum roseum (Ruiz & Pav.) Wedd.","Macrocnemum roseum","Rubiaceae","Gentianales","Asteranae","Dicot","Wright","perennial","tree",0,1,0,0,0,0,0,1,1,1,0,0,0,0,1,0,0,0,0,0,0,0,3,58.822056322126,20.8866630749445,20.2912806029294,"C/CSR","@rgb(150,53,52)","@rgb(255,255,255)","@rgb(128,0,0)","@symbol(3,512,0)"
"1716","Madhuca malaccensis (C.B. Clarke) H.J. Lam","Madhuca malaccensis","Sapotaceae","Ericales","Asteranae","Dicot","SJ Wright Pasoh","perennial","tree",0,0,0,0,1,0,0,1,1,0,0,0,0,0,0,0,0,0,0,0,0,0,1,24.0471694922867,66.8187505564948,9.13407995121846,"S/CS","@rgb(61,170,23)","@rgb(255,255,255)","@rgb(128,0,0)","@symbol(3,512,0)"
"1717","Mahonia aquifolium (Pursh) Nutt.","Berberis aquifolium","Berberidaceae","Ranunculales","Ranunculanae","Dicot","Cerabolini/Pierce","perennial","tree",1,0,0,0,0,0,0,1,0,0,0,0,1,0,0,0,0,0,0,1,0,0,2,47.8747687425802,52.1252312574198,0,"CS","@rgb(122,133,0)","@rgb(255,255,255)","@rgb(128,0,0)","@symbol(3,512,0)"
"1718","Maianthemum bifolium (L.) Schmidt","Maianthemum bifolium","Asparagaceae","Asparagales","Lilianae","Monocot","Cerabolini/Pierce","perennial","forb",0,0,1,0,0,0,0,1,0,0,0,1,1,1,0,0,0,1,1,0,0,0,5,30.019607872896,30.5534886278769,39.4269034992272,"CSR","@rgb(77,78,101)","@rgb(192,192,192)","@rgb(192,192,192)","@symbol(2,512,0)"
"1719","Maianthemum canadense Desf.","Maianthemum canadense","Asparagaceae","Asparagales","Lilianae","Monocot","Reich","perennial","forb",1,0,0,0,0,0,0,1,0,0,0,1,1,1,0,1,0,0,0,0,0,0,4,20.0079771499859,52.6608940758177,27.3311287741964,"S/CSR","@rgb(51,134,70)","@rgb(192,192,192)","@rgb(192,192,192)","@symbol(2,512,0)"
"1720","Malpighia romeroana Cuatrec.","Malpighia romeroana","Malpighiaceae","Malpighiales","Rosanae","Dicot","Wright","perennial","shrub",0,1,0,0,0,0,0,1,1,0,0,0,0,0,0,0,0,0,0,0,0,0,1,48.1011941364527,22.6956304801226,29.2031753834247,"C/CSR","@rgb(123,58,74)","@rgb(192,192,192)","@rgb(0,0,0)","@symbol(6,512,0)"
"1721","Malus sylvestris Mill.","Malus sylvestris","Rosaceae","Rosales","Rosanae","Dicot","Cerabolini/Pierce","perennial","tree",0,0,1,0,0,0,0,1,0,0,0,1,1,1,0,0,0,0,1,1,0,0,5,27.2116888099263,68.2825012216986,4.50580996837517,"S/CS","@rgb(69,174,11)","@rgb(255,255,255)","@rgb(128,0,0)","@symbol(3,512,0)"
"1722","Malva alcea L.","Malva alcea","Malvaceae","Malvales","Rosanae","Dicot","Kleyer","perennial","forb",0,0,1,0,0,0,0,1,0,0,0,1,1,0,0,0,0,0,0,1,0,0,3,40.8721174538119,0,59.1278825461881,"CR","@rgb(104,0,151)","@rgb(192,192,192)","@rgb(192,192,192)","@symbol(2,512,0)"
"1723","Malva neglecta Wallr.","Malva neglecta","Malvaceae","Malvales","Rosanae","Dicot","Díaz","biennial","forb",0,0,1,0,0,0,0,1,0,0,0,1,1,1,0,1,0,1,0,1,1,0,7,21.9479628364615,28.2732061525998,49.7788310109388,"R/CSR","@rgb(56,72,127)","@rgb(192,192,192)","@rgb(192,192,192)","@symbol(2,512,0)"
"1724","Malva pusilla Sm.","Malva pusilla","Malvaceae","Malvales","Rosanae","Dicot","Kleyer","biennial","forb",0,0,1,0,0,0,0,1,0,0,0,1,0,1,0,1,0,0,1,1,1,0,6,56.3773331425747,0,43.6226668574253,"CR","@rgb(144,0,111)","@rgb(192,192,192)","@rgb(192,192,192)","@symbol(2,512,0)"
"1725","Malva sylvestris L.","Malva sylvestris","Malvaceae","Malvales","Rosanae","Dicot","Kleyer","perennial","forb",0,0,1,0,0,0,0,1,0,0,0,1,1,1,0,0,0,1,0,1,1,0,6,67.4461307068529,1.94913330002092,30.6047359931262,"C/CR","@rgb(172,5,78)","@rgb(192,192,192)","@rgb(192,192,192)","@symbol(2,512,0)"
"1726","Malva verticillata L.","Malva verticillata","Malvaceae","Malvales","Rosanae","Dicot","Kleyer","annual","forb",0,0,1,0,0,0,0,1,1,0,0,1,1,0,0,0,0,1,0,0,0,0,4,70.0964092529524,4.22648988688391,25.6771008601637,"C/CR","@rgb(179,11,65)","@rgb(192,192,192)","@rgb(192,192,192)","@symbol(2,512,0)"
"1727","Manilkara bidentata (A. DC.) A. Chev.","Manilkara bidentata","Sapotaceae","Ericales","Asteranae","Dicot","Wright","perennial","tree",0,1,0,0,0,0,0,1,1,0,0,0,0,0,1,0,0,0,0,0,0,0,2,44.5517865819803,55.4482134180197,0,"CS","@rgb(114,141,0)","@rgb(255,255,255)","@rgb(128,0,0)","@symbol(3,512,0)"
"1728","Manilkara salzmannii (A. DC.) H.J. Lam","Manilkara salzmannii","Sapotaceae","Ericales","Asteranae","Dicot","Pinho","perennial","tree",0,1,0,0,0,0,0,1,1,0,0,0,0,0,0,0,0,0,0,0,0,0,1,40.5721099054789,51.4193979606881,8.00849213383298,"CS","@rgb(103,131,20)","@rgb(255,255,255)","@rgb(128,0,0)","@symbol(3,512,0)"
"1729","Maquira guianensis Aubl.","Maquira guianensis","Moraceae","Rosales","Rosanae","Dicot","Wright","perennial","tree",0,1,0,0,0,0,0,1,1,0,0,0,0,0,0,0,0,0,0,0,0,0,1,50.066454780516,36.8892044469348,13.0443407725492,"CS/CSR","@rgb(128,94,33)","@rgb(255,255,255)","@rgb(128,0,0)","@symbol(3,512,0)"
"1730","Maranthes panamensis (Standl.) Prance & F. White","Maranthes panamensis","Chrysobalanaceae","Malpighiales","Rosanae","Dicot","Wright","perennial","tree",0,1,0,0,0,0,0,1,1,1,0,0,0,0,0,0,0,0,0,0,0,0,2,33.2451114030497,66.7548885969503,0,"S/CS","@rgb(85,170,0)","@rgb(255,255,255)","@rgb(128,0,0)","@symbol(3,512,0)"
"1731","Marcetia acerosa DC.","Marcetia acerosa","Melastomataceae","Myrtales","Rosanae","Dicot","Negreiros","perennial","shrub",0,1,0,0,0,0,0,1,0,0,0,0,0,0,1,0,0,0,0,0,0,0,1,0,100,0,"S","@rgb(0,255,0)","@rgb(192,192,192)","@rgb(0,0,0)","@symbol(6,512,0)"
"1732","Marcetia taxifolia (A. St.-Hil.) DC.","Marcetia taxifolia","Melastomataceae","Myrtales","Rosanae","Dicot","Negreiros","perennial","shrub",0,1,0,0,0,0,0,1,1,0,0,0,0,0,1,0,0,0,0,0,1,0,3,0,63.5475425290899,36.4524574709101,"S/SR","@rgb(0,162,93)","@rgb(192,192,192)","@rgb(0,0,0)","@symbol(6,512,0)"
"1733","Margaritaria nobilis L. f.","Margaritaria nobilis","Phyllanthaceae","Malpighiales","Rosanae","Dicot","Wright","perennial","tree",0,1,0,0,0,0,0,1,1,1,1,0,0,0,1,0,0,0,0,0,1,0,5,40.7081786029792,41.864986341325,17.4268350556958,"CS/CSR","@rgb(104,107,44)","@rgb(255,255,255)","@rgb(128,0,0)","@symbol(3,512,0)"
"1734","Marila laxiflora Rusby","Marila laxiflora","Calophyllaceae","Malpighiales","Rosanae","Dicot","Wright","perennial","tree",0,1,0,0,0,0,0,1,1,0,0,0,0,0,0,0,0,0,0,0,0,0,1,52.357157378712,38.1273905938285,9.51545202745957,"CS","@rgb(134,97,24)","@rgb(255,255,255)","@rgb(128,0,0)","@symbol(3,512,0)"
"1735","Maripa panamensis Hemsl.","Maripa panamensis","Convolvulaceae","Solanales","Asteranae","Dicot","Wright","perennial","liana",0,1,0,0,0,0,0,1,1,1,0,0,0,0,0,0,0,0,0,0,0,0,2,51.5177416952485,39.7373797916742,8.74487851307731,"CS","@rgb(131,101,22)","@rgb(128,128,128)","@rgb(128,128,128)","@symbol(3,512,0)"
"1736","Marrubium vulgare L.","Marrubium vulgare","Lamiaceae","Lamiales","Asteranae","Dicot","Wright","perennial","forb",0,0,1,0,0,0,0,1,0,0,0,1,1,1,0,0,0,1,0,1,1,0,6,15.8862111532742,66.7980013223919,17.3157875243338,"S/SR","@rgb(41,170,44)","@rgb(192,192,192)","@rgb(192,192,192)","@symbol(2,512,0)"
"1737","Marsilea quadrifolia L.","Marsilea quadrifolia","Marsileaceae","Salviniales",NA,"Fern","Cerabolini/Pierce","perennial","aquatic",0,0,1,0,0,0,0,1,0,0,0,1,1,0,0,0,0,0,0,1,0,0,3,17.8226119147616,28.9057958627243,53.271592222514,"R/CSR","@rgb(45,74,136)","@rgb(192,192,192)","@rgb(0,0,255)","@symbol(5,512,0)"
"1738","Martinella obovata (Kunth) Bureau & K. Schum.","Martinella obovata","Bignoniaceae","Lamiales","Asteranae","Dicot","Wright","perennial","liana",0,1,0,0,0,0,0,1,0,1,0,0,0,0,1,0,0,0,0,0,1,0,3,61.6693490984501,31.3095069030443,7.02114399850556,"C/CS","@rgb(157,80,18)","@rgb(128,128,128)","@rgb(128,128,128)","@symbol(3,512,0)"
"1739","Mascagnia hiraea (Gaertn.) Fawc. & Rendle","Adelphia hiraea","Malpighiaceae","Malpighiales","Rosanae","Dicot","Wright","perennial","shrub",0,1,0,0,0,0,0,1,1,0,0,0,0,0,0,0,0,0,0,0,0,0,1,44.2367904418351,50.2405552186211,5.52265433954374,"CS","@rgb(113,128,14)","@rgb(192,192,192)","@rgb(0,0,0)","@symbol(6,512,0)"
"1740","Matricaria caucasica (Willd.) Poir.","Tripleurospermum caucasicum","Asteraceae","Asterales","Asteranae","Dicot","Soudzilovskaia","perennial","forb",0,0,1,0,0,0,0,1,0,0,0,1,0,0,0,0,0,0,0,1,0,0,2,19.9414240573639,0,80.0585759426361,"R/CR","@rgb(51,0,204)","@rgb(192,192,192)","@rgb(192,192,192)","@symbol(2,512,0)"
"1741","Matricaria chamomilla L.","Matricaria chamomilla","Asteraceae","Asterales","Asteranae","Dicot","Cerabolini","annual","forb",0,0,1,0,0,0,0,1,0,0,0,1,1,1,0,0,0,0,0,1,0,0,4,74.4200220490469,11.6138113901806,13.9661665607724,"C/CR","@rgb(190,30,36)","@rgb(192,192,192)","@rgb(192,192,192)","@symbol(2,512,0)"
"1742","Matricaria matricarioides (Less.) Porter ex Britton","Tanacetum bipinnatum subsp. bipinnatum","Asteraceae","Asterales","Asteranae","Dicot","Shipley","annual","forb",1,0,1,0,0,0,0,2,0,0,0,1,1,1,0,1,0,0,0,1,1,0,6,15.7225997856671,44.1231441889218,40.1542560254111,"SR/CSR","@rgb(40,113,102)","@rgb(192,192,192)","@rgb(192,192,192)","@symbol(2,512,0)"
"1743","Matteuccia struthiopteris (L.) Tod.","Onoclea struthiopteris","Onocleaceae","Polypodiales",NA,"Fern","Cerabolini","perennial","forb",1,0,1,0,0,0,0,2,0,0,0,1,1,1,0,1,0,0,1,0,0,0,5,67.797675804052,0,32.202324195948,"C/CR","@rgb(173,0,82)","@rgb(192,192,192)","@rgb(192,192,192)","@symbol(2,512,0)"
"1744","Matthiola incana (L.) W.T. Aiton","Matthiola incana","Brassicaceae","Brassicales","Rosanae","Dicot","Kleyer","perennial","shrub",0,0,1,0,0,0,0,1,0,0,0,0,0,0,0,0,0,0,0,1,0,0,1,33.1964931227303,0,66.8035068772697,"R/CR","@rgb(85,0,170)","@rgb(192,192,192)","@rgb(0,0,0)","@symbol(6,512,0)"
"1745","Maytenus erythroxylon Reissek","Maytenus erythroxylon","Celastraceae","Celastrales","Rosanae","Dicot","Pinho","perennial","tree",0,1,0,0,0,0,0,1,1,1,0,0,0,0,0,0,0,0,0,0,1,0,3,35.6133999322361,64.3866000677639,0,"S/CS","@rgb(91,164,0)","@rgb(255,255,255)","@rgb(128,0,0)","@symbol(3,512,0)"
"1746","Maytenus schippii Lundell","Maytenus schippii","Celastraceae","Celastrales","Rosanae","Dicot","Wright","perennial","tree",0,1,0,0,0,0,0,1,1,1,1,0,0,0,0,0,0,0,0,0,0,0,3,47.1837129673993,47.3014150553146,5.51487197728611,"CS","@rgb(120,121,14)","@rgb(255,255,255)","@rgb(128,0,0)","@symbol(3,512,0)"
"1747","Maytenus vitis-idaea Griseb.","Maytenus vitis-idaea","Celastraceae","Celastrales","Rosanae","Dicot","Díaz","perennial","shrub",0,1,0,0,0,0,0,1,0,1,0,0,0,0,1,0,1,0,0,0,0,0,3,27.0868506613113,72.9131493386887,0,"S/CS","@rgb(69,186,0)","@rgb(192,192,192)","@rgb(0,0,0)","@symbol(6,512,0)"
"1748","Mecardonia acuminata (Walter) Small","Mecardonia acuminata","Plantaginaceae","Lamiales","Asteranae","Dicot","Weiher","perennial","shrub",1,0,0,0,0,0,0,1,0,0,1,1,1,0,1,0,0,0,0,0,0,0,4,3.92941932448205,80.7747751841439,15.2958054913741,"S/SR","@rgb(10,206,39)","@rgb(192,192,192)","@rgb(0,0,0)","@symbol(6,512,0)"
"1749","Medicago arabica (L.) Huds.","Medicago arabica","Fabaceae","Fabales","Rosanae","Dicot","Kleyer","annual","forb",0,0,1,0,0,0,0,1,0,0,0,1,0,0,0,0,0,0,0,1,0,0,2,27.6200499116055,6.34848985560566,66.0314602327889,"R/CR","@rgb(70,16,168)","@rgb(192,192,192)","@rgb(192,192,192)","@symbol(2,512,0)"
"1750","Medicago littoralis Rohde","Medicago littoralis","Fabaceae","Fabales","Rosanae","Dicot","Cerabolini","annual","forb",0,0,1,0,0,0,0,1,0,0,0,1,0,0,0,0,0,0,0,1,1,0,3,6.10083346941415,70.8072678950608,23.091898635525,"S/SR","@rgb(16,181,59)","@rgb(192,192,192)","@rgb(192,192,192)","@symbol(2,512,0)"
"1751","Medicago lupulina L.","Medicago lupulina","Fabaceae","Fabales","Rosanae","Dicot","Shipley","perennial","forb",0,0,1,0,1,0,0,2,1,0,0,1,1,1,0,1,0,1,0,1,1,0,8,16.1067396629938,29.6313759699629,54.2618843670433,"R/CSR","@rgb(41,76,138)","@rgb(192,192,192)","@rgb(192,192,192)","@symbol(2,512,0)"
"1752","Medicago marina L.","Medicago marina","Fabaceae","Fabales","Rosanae","Dicot","Buffa","perennial","forb",0,0,1,0,0,0,0,1,0,0,0,1,0,0,0,0,0,0,0,1,0,0,2,9.59638923985059,69.6226701936935,20.7809405664559,"S/SR","@rgb(24,178,53)","@rgb(192,192,192)","@rgb(192,192,192)","@symbol(2,512,0)"
"1753","Medicago minima (L.) Bartal.","Medicago minima","Fabaceae","Fabales","Rosanae","Dicot","Kleyer","annual","forb",0,0,1,1,0,0,0,2,0,0,0,1,1,0,0,1,0,1,0,1,1,0,6,3.3170575608452,46.2924191951912,50.3905232439636,"SR","@rgb(8,118,128)","@rgb(192,192,192)","@rgb(192,192,192)","@symbol(2,512,0)"
"1754","Medicago polymorpha L.","Medicago polymorpha","Fabaceae","Fabales","Rosanae","Dicot","Kleyer","perennial","forb",0,0,1,0,0,0,0,1,0,0,0,1,1,0,0,1,0,1,0,1,1,0,6,21.6940057383133,23.9499898499853,54.3560044117014,"R/CSR","@rgb(55,61,139)","@rgb(192,192,192)","@rgb(192,192,192)","@symbol(2,512,0)"
"1755","Medicago sativa L.","Medicago sativa","Fabaceae","Fabales","Rosanae","Dicot","Weiher","perennial","forb",0,0,1,0,0,0,0,1,0,0,0,1,1,0,0,1,0,1,0,1,1,0,6,14.8660092754884,45.1651800205279,39.9688107039836,"SR/CSR","@rgb(38,115,102)","@rgb(192,192,192)","@rgb(192,192,192)","@symbol(2,512,0)"
"1756","Meiogyne monosperma (Hook. f. & Thomson) Heusden","Meiogyne monosperma","Annonaceae","Magnoliales","Magnolianae","Dicot","SJ Wright Pasoh","perennial","tree",0,0,0,0,1,0,0,1,1,0,0,0,0,0,0,0,0,0,0,0,0,0,1,40.2346991158714,55.4635565145841,4.30174436954441,"CS","@rgb(103,141,11)","@rgb(255,255,255)","@rgb(128,0,0)","@symbol(3,512,0)"
"1757","Melampyrum arvense L.","Melampyrum arvense","Orobanchaceae","Lamiales","Asteranae","Dicot","Kleyer","annual","forb",0,0,1,0,0,0,0,1,0,0,0,1,1,1,0,0,0,0,0,1,0,0,4,24.8217202336829,8.48619346852832,66.6920862977887,"R/CR","@rgb(63,22,170)","@rgb(192,192,192)","@rgb(192,192,192)","@symbol(2,512,0)"
"1758","Melampyrum cristatum L.","Melampyrum cristatum","Orobanchaceae","Lamiales","Asteranae","Dicot","Kleyer","annual","forb",0,0,1,0,0,0,0,1,0,0,0,1,1,1,0,0,0,0,0,1,0,0,4,21.5348353725364,14.4287992571914,64.0363653702722,"R/CR","@rgb(55,37,163)","@rgb(192,192,192)","@rgb(192,192,192)","@symbol(2,512,0)"
"1759","Melampyrum nemorosum L.","Melampyrum nemorosum","Orobanchaceae","Lamiales","Asteranae","Dicot","Kleyer","annual","forb",0,0,1,0,0,0,0,1,0,0,0,1,1,1,0,0,0,0,0,1,0,0,4,22.8879770423099,0,77.1120229576901,"R/CR","@rgb(58,0,197)","@rgb(192,192,192)","@rgb(192,192,192)","@symbol(2,512,0)"
"1760","Melampyrum pratense L.","Melampyrum pratense","Orobanchaceae","Lamiales","Asteranae","Dicot","Cerabolini/Pierce","annual","forb",0,0,1,0,0,0,0,1,0,0,0,1,1,1,0,0,0,0,1,1,0,0,5,33.9768360310969,33.1671049771377,32.8560589917653,"CSR","@rgb(87,85,84)","@rgb(192,192,192)","@rgb(192,192,192)","@symbol(2,512,0)"
"1761","Melampyrum sylvaticum L.","Melampyrum sylvaticum","Orobanchaceae","Lamiales","Asteranae","Dicot","Kleyer","perennial","forb",0,0,1,0,0,0,0,1,0,0,0,1,1,1,0,0,0,0,1,1,0,0,5,17.1159964963713,0,82.8840035036287,"R/CR","@rgb(44,0,211)","@rgb(192,192,192)","@rgb(192,192,192)","@symbol(2,512,0)"
"1762","Melica ciliata L. ciliata","Melica ciliata","Poaceae","Poales","Lilianae","Monocot","Cerabolini/Pierce","perennial","graminoid",0,0,1,0,0,0,0,1,0,0,0,1,1,0,0,0,0,0,0,1,0,0,3,15.0902679280002,62.5202081747488,22.389523897251,"S/CSR","@rgb(38,159,57)","@rgb(0,0,0)","@rgb(0,128,0)","@symbol(4,512,0)"
"1763","Melica nutans L.","Melica nutans","Poaceae","Poales","Lilianae","Monocot","Cerabolini/Pierce","perennial","graminoid",0,0,1,0,0,0,0,1,0,0,0,1,1,1,0,0,0,0,1,1,0,0,5,15.7123319631321,31.7479796004985,52.5396884363694,"R/CSR","@rgb(40,81,134)","@rgb(0,0,0)","@rgb(0,128,0)","@symbol(4,512,0)"
"1764","Melica uniflora Retz","Melica uniflora","Poaceae","Poales","Lilianae","Monocot","Cerabolini","perennial","graminoid",0,0,1,0,0,0,0,1,0,0,0,1,1,0,0,0,0,0,0,1,0,0,3,17.1073176871113,31.1251907015616,51.7674916113271,"R/CSR","@rgb(44,79,132)","@rgb(0,0,0)","@rgb(0,128,0)","@symbol(4,512,0)"
"1765","Melilotus albus Medik.","Melilotus albus","Fabaceae","Fabales","Rosanae","Dicot","Cerabolini/Pierce","perennial","forb",0,0,1,0,1,0,0,2,1,0,1,1,1,0,0,1,0,1,0,1,1,0,8,33.4754863825164,32.9579322063724,33.5665814111113,"CSR","@rgb(85,84,86)","@rgb(192,192,192)","@rgb(192,192,192)","@symbol(2,512,0)"
"1766","Melinis minutiflora P. Beauv.","Melinis minutiflora","Poaceae","Poales","Lilianae","Monocot","Negreiros","perennial","graminoid",0,0,0,1,0,0,0,1,1,0,0,0,0,0,1,0,0,1,0,0,0,0,3,26.4037904819251,55.2925285355197,18.3036809825552,"S/CSR","@rgb(67,141,47)","@rgb(0,0,0)","@rgb(0,128,0)","@symbol(4,512,0)"
"1767","Melinis repens (Willd.) Zizka","Melinis repens","Poaceae","Poales","Lilianae","Monocot","Negreiros","perennial","graminoid",0,0,0,1,0,0,0,1,1,0,0,0,0,0,1,0,1,1,0,1,1,0,6,20.4251709383186,51.0465988178725,28.5282302438089,"S/CSR","@rgb(52,130,73)","@rgb(0,0,0)","@rgb(0,128,0)","@symbol(4,512,0)"
"1768","Melittis melissophyllum L.","Melittis melissophyllum","Lamiaceae","Lamiales","Asteranae","Dicot","Kleyer","perennial","forb",0,0,1,0,0,0,0,1,0,0,0,1,1,0,0,0,0,0,0,1,0,0,3,38.1218619607583,0,61.8781380392417,"CR","@rgb(97,0,158)","@rgb(192,192,192)","@rgb(192,192,192)","@symbol(2,512,0)"
"1769","Memecylon minutiflorum Miq.","Memecylon minutiflorum","Melastomataceae","Myrtales","Rosanae","Dicot","SJ Wright Pasoh","perennial","tree",0,0,0,0,1,1,0,2,1,1,0,0,0,0,0,0,0,0,0,0,0,0,2,35.0635742901076,64.9364257098924,0,"S/CS","@rgb(89,166,0)","@rgb(255,255,255)","@rgb(128,0,0)","@symbol(3,512,0)"
"1770","Mendoncia gracilis Turrill","Mendoncia costaricana","Acanthaceae","Lamiales","Asteranae","Dicot","Wright","perennial","herbaceous vine",0,1,0,0,0,0,0,1,1,0,0,0,0,0,0,0,0,0,0,0,0,0,1,51.563146516792,24.3141270717305,24.1227264114775,"C/CSR","@rgb(131,62,62)","@rgb(0,0,0)","@rgb(0,255,0)","@symbol(3,512,0)"
"1771","Mentha aquatica L.","Mentha aquatica","Lamiaceae","Lamiales","Asteranae","Dicot","Díaz","perennial","forb",0,0,1,0,0,0,0,1,0,0,0,1,1,1,0,1,0,0,1,1,0,0,6,34.7773499822163,13.5566929521866,51.6659570655971,"CR/CSR","@rgb(89,35,132)","@rgb(192,192,192)","@rgb(192,192,192)","@symbol(2,512,0)"
"1772","Mentha arvensis L.","Mentha arvensis","Lamiaceae","Lamiales","Asteranae","Dicot","Kleyer","perennial","forb",0,0,1,0,1,0,0,2,0,0,0,1,1,1,0,0,0,0,1,1,1,0,6,20.4039530880944,7.35018119059014,72.2458657213155,"R/CR","@rgb(52,19,184)","@rgb(192,192,192)","@rgb(192,192,192)","@symbol(2,512,0)"
"1773","Mentha badensis C.C. Gmel.","Mentha arvensis","Lamiaceae","Lamiales","Asteranae","Dicot","Shipley","perennial","forb",1,1,1,0,1,0,0,4,1,1,1,1,1,1,0,1,0,1,1,1,1,0,11,31.4730106190271,41.8303427600162,26.6966466209567,"CSR","@rgb(80,107,68)","@rgb(192,192,192)","@rgb(192,192,192)","@symbol(2,512,0)"
"1774","Mentha longifolia (L.) Huds.","Mentha longifolia","Lamiaceae","Lamiales","Asteranae","Dicot","Kleyer","perennial","forb",0,0,1,1,0,0,0,2,0,0,0,1,1,0,1,1,0,1,0,1,1,0,7,39.6887440311011,14.2952224510134,46.0160335178855,"CR/CSR","@rgb(101,36,117)","@rgb(192,192,192)","@rgb(192,192,192)","@symbol(2,512,0)"
"1775","Mentha pulegium L.","Mentha pulegium","Lamiaceae","Lamiales","Asteranae","Dicot","Kleyer","perennial","forb",0,0,1,1,0,0,0,2,1,0,0,1,1,0,0,0,0,0,0,1,0,0,4,11.4512089721945,12.422584139596,76.1262068882096,"R/SR","@rgb(29,32,194)","@rgb(192,192,192)","@rgb(192,192,192)","@symbol(2,512,0)"
"1776","Mentha suaveolens Ehrh.","Mentha suaveolens","Lamiaceae","Lamiales","Asteranae","Dicot","Kleyer","perennial","forb",0,0,1,0,0,0,0,1,0,0,0,1,0,0,0,0,0,0,0,1,0,0,2,35.7608792059323,13.106627466789,51.1324933272786,"CR/CSR","@rgb(91,33,130)","@rgb(192,192,192)","@rgb(192,192,192)","@symbol(2,512,0)"
"1777","Menyanthes trifoliata L.","Menyanthes trifoliata","Menyanthaceae","Asterales","Asteranae","Dicot","Kleyer","perennial","forb",1,0,1,0,0,0,0,2,0,0,0,1,1,1,0,1,0,0,1,1,0,0,6,50.8590241531203,12.8632213726912,36.2777544741885,"CR/CSR","@rgb(130,33,93)","@rgb(192,192,192)","@rgb(192,192,192)","@symbol(2,512,0)"
"1778","Mercurialis annua L.","Mercurialis annua","Euphorbiaceae","Malpighiales","Rosanae","Dicot","Cerabolini/Pierce","annual","forb",0,0,1,0,0,0,0,1,0,0,0,1,1,0,0,0,0,0,0,1,0,0,3,29.4027664991686,6.69987918228264,63.8973543185487,"R/CR","@rgb(75,17,163)","@rgb(192,192,192)","@rgb(192,192,192)","@symbol(2,512,0)"
"1779","Mercurialis perennis L.","Mercurialis perennis","Euphorbiaceae","Malpighiales","Rosanae","Dicot","Cerabolini/Pierce","perennial","forb",0,0,1,0,0,0,0,1,0,0,0,1,1,1,0,0,0,0,0,1,0,0,4,38.5347652786509,0,61.4652347213491,"CR","@rgb(98,0,157)","@rgb(192,192,192)","@rgb(192,192,192)","@symbol(2,512,0)"
"1780","Mesosetum exaratum (Trin.) Chase","Mesosetum exaratum","Poaceae","Poales","Lilianae","Monocot","Negreiros","perennial","graminoid",0,1,0,0,0,0,0,1,0,0,0,0,0,0,1,0,0,0,0,0,0,0,1,2.29428559428818,97.7057144057118,0,"S","@rgb(6,249,0)","@rgb(0,0,0)","@rgb(0,128,0)","@symbol(4,512,0)"
"1781","Mesosetum loliiforme (Hochst.) Chase","Mesosetum loliiforme","Poaceae","Poales","Lilianae","Monocot","Negreiros","perennial","graminoid",0,1,0,0,0,0,0,1,1,1,0,0,0,0,1,0,1,0,0,0,1,0,5,19.9564179992785,62.1941316733644,17.8494503273572,"S/CSR","@rgb(51,159,46)","@rgb(0,0,0)","@rgb(0,128,0)","@symbol(4,512,0)"
"1782","Mespilus germanica L.","Mespilus germanica","Rosaceae","Rosales","Rosanae","Dicot","Cerabolini/Pierce","perennial","tree",0,0,1,0,0,0,0,1,0,0,0,1,0,0,0,0,0,0,0,0,1,0,2,28.145604681318,44.1481605737751,27.7062347449069,"S/CSR","@rgb(72,113,71)","@rgb(255,255,255)","@rgb(128,0,0)","@symbol(3,512,0)"
"1783","Mesua 'cornerii'",NA,"Guttiferae","Malpighiales","Rosanae","Dicot","SJ Wright Pasoh","perennial","tree",0,0,0,0,1,0,0,1,1,0,0,0,0,0,0,0,0,0,0,0,0,0,1,60.2538414643769,39.7461585356231,0,"CS","@rgb(154,101,0)","@rgb(255,255,255)","@rgb(128,0,0)","@symbol(3,512,0)"
"1784","Mesua ferrea L.","Mesua ferrea","Guttiferae","Malpighiales","Rosanae","Dicot","SJ Wright Pasoh","perennial","tree",0,0,0,0,1,0,0,1,1,1,0,0,0,0,0,0,0,0,0,0,0,0,2,26.5086710319679,69.8286163659309,3.66271260210115,"S/CS","@rgb(68,178,9)","@rgb(255,255,255)","@rgb(128,0,0)","@symbol(3,512,0)"
"1785","Miconia affinis DC.","Miconia affinis","Melastomataceae","Myrtales","Rosanae","Dicot","Wright","perennial","shrub",0,1,0,0,0,0,0,1,1,1,1,0,0,0,1,0,0,0,0,0,0,0,4,52.029646810551,31.48622639955,16.484126789899,"C/CSR","@rgb(133,80,42)","@rgb(192,192,192)","@rgb(0,0,0)","@symbol(6,512,0)"
"1786","Miconia albicans (Sw.) Steud.","Miconia albicans","Melastomataceae","Myrtales","Rosanae","Dicot","Pinho","perennial","tree",0,1,0,0,0,0,0,1,1,1,0,0,0,0,1,0,0,0,0,0,1,0,4,48.0135670653919,51.9864329346081,0,"CS","@rgb(122,133,0)","@rgb(255,255,255)","@rgb(128,0,0)","@symbol(3,512,0)"
"1787","Miconia argentea (Sw.) DC.","Miconia argentea","Melastomataceae","Myrtales","Rosanae","Dicot","Wright","perennial","tree",0,1,0,0,0,0,0,1,1,1,1,0,0,0,0,0,0,0,0,0,0,0,3,64.6974961342657,30.1472345626413,5.15526930309302,"C/CS","@rgb(165,77,13)","@rgb(255,255,255)","@rgb(128,0,0)","@symbol(3,512,0)"
"1788","Miconia dorsiloba Gleason","Miconia dorsiloba","Melastomataceae","Myrtales","Rosanae","Dicot","Wright","perennial","tree",0,1,0,0,0,0,0,1,1,0,0,0,0,0,0,0,0,0,0,0,0,0,1,51.1430352732361,28.5194958216905,20.3374689050734,"C/CSR","@rgb(130,73,52)","@rgb(255,255,255)","@rgb(128,0,0)","@symbol(3,512,0)"
"1789","Miconia elata (Sw.) DC.","Miconia elata","Melastomataceae","Myrtales","Rosanae","Dicot","Wright","perennial","tree",0,1,0,0,0,0,0,1,1,1,1,0,0,0,1,0,0,0,0,0,0,0,4,74.0282540022152,24.3178696219391,1.65387637584567,"C/CS","@rgb(189,62,4)","@rgb(255,255,255)","@rgb(128,0,0)","@symbol(3,512,0)"
"1790","Miconia hondurensis Donn. Sm.","Miconia hondurensis","Melastomataceae","Myrtales","Rosanae","Dicot","Wright","perennial","tree",0,1,0,0,0,0,0,1,1,1,1,0,0,0,0,0,0,0,0,0,0,0,3,59.4817590810812,29.5502608271102,10.9679800918087,"C/CSR","@rgb(152,75,28)","@rgb(255,255,255)","@rgb(128,0,0)","@symbol(3,512,0)"
"1791","Miconia impetiolaris (Sw.) D. Don ex DC.","Miconia impetiolaris","Melastomataceae","Myrtales","Rosanae","Dicot","Wright","perennial","shrub",0,1,0,0,0,0,0,1,1,1,1,0,0,0,1,0,0,0,0,0,0,0,4,70.6765935482155,20.629534148595,8.69387230318952,"C/CS","@rgb(180,53,22)","@rgb(192,192,192)","@rgb(0,0,0)","@symbol(6,512,0)"
"1792","Miconia minutiflora (Bonpl.) DC.","Miconia minutiflora","Melastomataceae","Myrtales","Rosanae","Dicot","Wright","perennial","shrub",0,1,0,0,0,0,0,1,1,1,1,0,0,0,1,0,0,0,0,0,0,0,4,43.7170920471439,54.0542781590666,2.22862979378955,"CS","@rgb(111,138,6)","@rgb(192,192,192)","@rgb(0,0,0)","@symbol(6,512,0)"
"1793","Miconia nervosa (Sm.) Triana","Miconia nervosa","Melastomataceae","Myrtales","Rosanae","Dicot","Wright","perennial","shrub",0,1,0,0,0,0,0,1,1,1,0,0,0,0,1,0,0,0,0,0,1,0,4,52.5164251154003,29.9406848075797,17.54289007702,"C/CSR","@rgb(134,76,45)","@rgb(192,192,192)","@rgb(0,0,0)","@symbol(6,512,0)"
"1794","Miconia prasina (Sw.) DC.","Miconia prasina","Melastomataceae","Myrtales","Rosanae","Dicot","Wright","perennial","tree",0,1,0,0,0,0,0,1,1,1,1,0,0,0,1,0,1,0,0,0,1,0,6,59.1207178172858,32.914472875355,7.9648093073592,"C/CS","@rgb(151,84,20)","@rgb(255,255,255)","@rgb(128,0,0)","@symbol(3,512,0)"
"1795","Microcos lanceolata (Miq.) Burret","Microcos lanceolata","Tiliaceae","Malvales","Rosanae","Dicot","SJ Wright Pasoh","perennial","tree",0,0,0,0,1,0,0,1,1,0,0,0,0,0,0,0,0,0,0,0,0,0,1,27.887536785947,66.4217560802115,5.69070713384153,"S/CS","@rgb(71,169,15)","@rgb(255,255,255)","@rgb(128,0,0)","@symbol(3,512,0)"
"1796","Microdesmis casearifolia Planch.","Microdesmis caseariifolia","Euphorbiaceae","Malpighiales","Rosanae","Dicot","SJ Wright Pasoh","perennial","tree",0,0,0,0,1,0,0,1,1,1,0,0,0,0,0,0,0,0,0,0,0,0,2,62.8672211794188,37.1327788205812,0,"C/CS","@rgb(160,95,0)","@rgb(255,255,255)","@rgb(128,0,0)","@symbol(3,512,0)"
"1797","Micropyrum tenellum (L.) Link","Festuca lachenalii","Poaceae","Poales","Lilianae","Monocot","Cerabolini","perennial","graminoid",0,0,1,0,0,0,0,1,0,0,0,1,0,0,0,0,0,0,0,1,0,0,2,0.970878226346142,29.0806907109881,69.9484310626658,"R/SR","@rgb(2,74,178)","@rgb(0,0,0)","@rgb(0,128,0)","@symbol(4,512,0)"
"1798","Milium effusum L.","Milium effusum","Poaceae","Poales","Lilianae","Monocot","Cerabolini/Pierce","perennial","graminoid",1,0,1,0,0,0,0,2,0,0,0,1,1,1,0,0,0,1,1,1,0,0,6,34.2511739660438,16.1206299173383,49.628196116618,"CR/CSR","@rgb(87,41,127)","@rgb(0,0,0)","@rgb(0,128,0)","@symbol(4,512,0)"
"1799","Mimulus guttatus Fisch. ex DC.","Erythranthe guttata","Phrymaceae","Lamiales","Asteranae","Dicot","Kleyer","perennial","forb",1,0,0,0,0,0,0,1,0,1,1,0,1,1,0,1,0,0,1,1,1,0,8,36.0542155629999,0,63.9457844370001,"R/CR","@rgb(92,0,163)","@rgb(192,192,192)","@rgb(192,192,192)","@symbol(2,512,0)"
"1800","Mimulus ringens L.","Mimulus ringens","Phrymaceae","Lamiales","Asteranae","Dicot","Shipley","perennial","forb",1,0,0,0,0,0,0,1,0,0,0,1,1,1,0,1,0,0,0,0,1,0,5,22.2844319877229,17.1407953798511,60.5747726324261,"R/CSR","@rgb(57,44,154)","@rgb(192,192,192)","@rgb(192,192,192)","@symbol(2,512,0)"
"1801","Minaria ditassoides (Silveira) T.U.P. Konno & Rapini","Minaria ditassoides","Apocynaceae","Gentianales","Asteranae","Dicot","Negreiros","perennial","shrub",0,1,0,0,0,0,0,1,0,0,0,0,0,0,1,0,0,0,0,0,0,0,1,2.35492390654154,97.6450760934585,0,"S","@rgb(6,249,0)","@rgb(192,192,192)","@rgb(0,0,0)","@symbol(6,512,0)"
"1802","Minuartia aizoides Bornm.","Pseudocherleria aizoides","Caryophyllaceae","Caryophyllales","Caryophyllanae","Dicot","Soudzilovskaia","perennial","forb",0,0,1,0,0,0,0,1,0,0,0,1,0,0,0,1,0,0,0,0,0,0,2,4.66436351539521,34.9775110530554,60.3581254315494,"R/SR","@rgb(12,89,154)","@rgb(192,192,192)","@rgb(192,192,192)","@symbol(2,512,0)"
"1803","Minuartia circassica (Albov) Woronow ex Grossh.","Minuartia circassica","Caryophyllaceae","Caryophyllales","Caryophyllanae","Dicot","Soudzilovskaia","perennial","forb",0,0,1,0,0,0,0,1,0,0,0,1,0,0,0,1,0,0,0,0,0,0,2,0,78.3012638873125,21.6987361126875,"S/SR","@rgb(0,200,55)","@rgb(192,192,192)","@rgb(192,192,192)","@symbol(2,512,0)"
"1804","Minuartia hybrida (Vill.) Schischk.","Minuartia hybrida","Caryophyllaceae","Caryophyllales","Caryophyllanae","Dicot","Kleyer","annual","forb",0,0,1,0,0,0,0,1,0,0,0,1,0,0,0,0,0,0,0,1,0,0,2,0,65.7535085851702,34.2464914148298,"S/SR","@rgb(0,168,87)","@rgb(192,192,192)","@rgb(192,192,192)","@symbol(2,512,0)"
"1805","Minuartia recurva (All.) Schinz & Thell","Minuartia recurva","Caryophyllaceae","Caryophyllales","Caryophyllanae","Dicot","Soudzilovskaia","perennial","forb",0,0,1,0,0,0,0,1,0,0,0,1,0,0,0,0,0,0,0,0,0,0,1,0.332774557208527,85.7887110437219,13.8785143990696,"S","@rgb(1,219,35)","@rgb(192,192,192)","@rgb(192,192,192)","@symbol(2,512,0)"
"1806","Minuartia verna (L.) Hiern","Minuartia verna","Caryophyllaceae","Caryophyllales","Caryophyllanae","Dicot","Kleyer","perennial","forb",0,0,1,0,0,0,0,1,0,0,0,1,1,0,0,0,0,0,0,1,0,0,3,0,52.9020529999058,47.0979470000942,"SR","@rgb(0,135,120)","@rgb(192,192,192)","@rgb(192,192,192)","@symbol(2,512,0)"
"1807","Mirabilis decipiens (Standl.) Standl.","Mirabilis decipiens","Nyctaginaceae","Caryophyllales","Caryophyllanae","Dicot","Laughlin","perennial","forb",1,0,0,0,0,0,0,1,0,0,0,0,1,0,0,0,0,0,0,0,0,0,1,36.6781588656506,0,63.3218411343494,"R/CR","@rgb(94,0,161)","@rgb(192,192,192)","@rgb(192,192,192)","@symbol(2,512,0)"
"1808","Misopates orontium (L.) Raf.","Misopates orontium","Plantaginaceae","Lamiales","Asteranae","Dicot","Kleyer","annual","forb",0,0,1,1,1,0,0,3,1,0,0,1,1,0,0,0,0,1,0,1,1,0,6,15.4540679842917,0,84.5459320157083,"R","@rgb(39,0,216)","@rgb(192,192,192)","@rgb(192,192,192)","@symbol(2,512,0)"
"1809","Mitella diphylla L.","Mitella diphylla","Saxifragaceae","Saxifragales","Myrothamnanae","Dicot","Weiher","perennial","forb",1,0,0,0,0,0,0,1,0,0,0,1,1,0,0,1,0,0,0,0,0,0,3,46.902061707761,0,53.097938292239,"CR","@rgb(120,0,135)","@rgb(192,192,192)","@rgb(192,192,192)","@symbol(2,512,0)"
"1810","Moehringia ciliata (Scop.) Dalla Torre","Moehringia ciliata","Caryophyllaceae","Caryophyllales","Caryophyllanae","Dicot","Caccianiga","perennial","forb",0,0,1,0,0,0,0,1,0,0,0,1,1,0,0,0,0,0,0,0,0,0,2,0,75.9699058760292,24.0300941239708,"S/SR","@rgb(0,194,61)","@rgb(192,192,192)","@rgb(192,192,192)","@symbol(2,512,0)"
"1811","Moehringia trinervia (L.) Clairv.","Moehringia trinervia","Caryophyllaceae","Caryophyllales","Caryophyllanae","Dicot","Cerabolini/Pierce","perennial","forb",0,0,1,0,1,0,0,2,1,0,0,1,1,1,0,0,0,0,1,1,0,0,6,11.2357240944608,0,88.7642759055392,"R","@rgb(29,0,226)","@rgb(192,192,192)","@rgb(192,192,192)","@symbol(2,512,0)"
"1812","Molinia caerulea (L.) Moench caerulea","Molinia caerulea","Poaceae","Poales","Lilianae","Monocot","Cerabolini/Pierce","perennial","graminoid",0,0,1,0,0,0,0,1,0,0,0,1,1,1,0,0,0,0,1,1,0,0,5,15.6899357035437,65.274707017163,19.0353572792934,"S/SR","@rgb(40,166,49)","@rgb(0,0,0)","@rgb(0,128,0)","@symbol(4,512,0)"
"1813","Molopospermum peloponnesiacum (L.) W. D. J. Koch bauhinii I. Ullmann","Molopospermum peloponnesiacum subsp. bauhinii","Apiaceae","Apiales","Asteranae","Dicot","Cerabolini/Pierce","perennial","forb",0,0,1,0,0,0,0,1,0,0,0,1,1,0,0,0,0,0,0,1,0,0,3,83.2642064104738,10.0858547746638,6.64993881486237,"C","@rgb(212,26,17)","@rgb(192,192,192)","@rgb(192,192,192)","@symbol(2,512,0)"
"1814","Monarda fistulosa L.","Monarda fistulosa","Lamiaceae","Lamiales","Asteranae","Dicot","Siefert","perennial","forb",1,0,0,0,0,0,0,1,0,0,0,1,1,0,0,1,0,0,0,0,1,0,4,26.5402293374517,39.4934970048322,33.9662736577161,"CSR","@rgb(68,101,87)","@rgb(192,192,192)","@rgb(192,192,192)","@symbol(2,512,0)"
"1815","Monarda punctata L.","Monarda punctata","Lamiaceae","Lamiales","Asteranae","Dicot","Weiher","perennial","shrub",1,0,0,0,0,0,0,1,0,0,0,1,1,0,1,1,0,0,0,0,0,0,4,24.9199309857202,35.7612576631884,39.3188113510913,"SR/CSR","@rgb(64,91,100)","@rgb(192,192,192)","@rgb(0,0,0)","@symbol(6,512,0)"
"1816","Moneses uniflora (L.) A. Gray","Moneses uniflora","Ericaceae","Ericales","Asteranae","Dicot","Wright","perennial","forb",1,0,1,0,0,0,0,2,0,0,0,1,1,1,0,0,0,0,1,1,0,0,5,16.273711697212,46.9869656337093,36.7393226690787,"SR/CSR","@rgb(41,120,94)","@rgb(192,192,192)","@rgb(192,192,192)","@symbol(2,512,0)"
"1817","Monocarpia marginalis (Scheff.) J. Sinclair","Monocarpia maingayi","Annonaceae","Magnoliales","Magnolianae","Dicot","SJ Wright Pasoh","perennial","tree",0,0,0,0,1,0,0,1,1,0,0,0,0,0,0,0,0,0,0,0,0,0,1,46.1840338363062,53.8159661636938,0,"CS","@rgb(118,137,0)","@rgb(255,255,255)","@rgb(128,0,0)","@symbol(3,512,0)"
"1818","Montia fontana L.","Montia fontana","Montiaceae","Caryophyllales","Caryophyllanae","Dicot","Kleyer","annual","forb",1,1,1,1,1,1,0,6,1,0,0,1,1,1,1,1,0,1,1,1,1,0,10,0,0,100,"R","@rgb(0,0,255)","@rgb(192,192,192)","@rgb(192,192,192)","@symbol(2,512,0)"
"1819","Morus alba L.","Morus alba","Moraceae","Rosales","Rosanae","Dicot","Cerabolini/Pierce","perennial","tree",0,0,1,0,0,0,0,1,0,0,0,1,0,0,0,0,0,1,0,0,0,0,2,49.5462612081646,39.6704544532976,10.7832843385378,"CS","@rgb(126,101,27)","@rgb(255,255,255)","@rgb(128,0,0)","@symbol(3,512,0)"
"1820","Mosannona garwoodii Chatrou & Welzenis","Mosannona garwoodii","Annonaceae","Magnoliales","Magnolianae","Dicot","Wright","perennial","tree",0,1,0,0,0,0,0,1,1,0,0,0,0,0,0,0,0,0,0,0,0,0,1,32.6974557565282,54.733501399821,12.5690428436508,"S/CSR","@rgb(83,140,32)","@rgb(255,255,255)","@rgb(128,0,0)","@symbol(3,512,0)"
"1821","Mouriri myrtilloides (Sw.) Poir.","Mouriri myrtilloides","Melastomataceae","Myrtales","Rosanae","Dicot","Wright","perennial","shrub",0,1,0,0,0,0,0,1,1,1,1,0,0,0,1,0,0,0,0,0,0,0,4,23.1569417201438,66.6555138944394,10.1875443854169,"S/CS","@rgb(59,170,26)","@rgb(192,192,192)","@rgb(0,0,0)","@symbol(6,512,0)"
"1822","Muhlenbergia minutissima (Steud.) Swallen","Muhlenbergia minutissima","Poaceae","Poales","Lilianae","Monocot","Laughlin","annual","graminoid",1,1,0,0,0,0,0,2,0,1,1,0,1,0,0,1,0,0,0,0,1,0,5,0.831083066837898,43.3274539569401,55.841462976222,"SR","@rgb(2,110,142)","@rgb(0,0,0)","@rgb(0,128,0)","@symbol(4,512,0)"
"1823","Muhlenbergia montana (Nutt.) Hitchc.","Muhlenbergia montana","Poaceae","Poales","Lilianae","Monocot","Laughlin","perennial","graminoid",1,1,0,0,0,0,0,2,1,1,1,0,1,0,0,0,0,0,0,0,1,0,5,6.78203231977898,93.217967680221,0,"S","@rgb(17,238,0)","@rgb(0,0,0)","@rgb(0,128,0)","@symbol(4,512,0)"
"1824","Muhlenbergia ramulosa (Kunth) Swallen","Muhlenbergia ramulosa","Poaceae","Poales","Lilianae","Monocot","Laughlin","annual","graminoid",1,1,0,0,0,0,0,2,1,1,1,0,1,0,0,0,0,0,0,0,0,0,4,0,100,0,"S","@rgb(0,255,0)","@rgb(0,0,0)","@rgb(0,128,0)","@symbol(4,512,0)"
"1825","Muhlenbergia rigens (Benth.) Hitchc.","Muhlenbergia rigens","Poaceae","Poales","Lilianae","Monocot","Laughlin","perennial","graminoid",1,1,0,0,0,0,0,2,0,1,1,1,1,0,0,1,0,0,0,1,1,0,7,11.3165719290211,88.6834280709789,0,"S","@rgb(29,226,0)","@rgb(0,0,0)","@rgb(0,128,0)","@symbol(4,512,0)"
"1826","Muhlenbergia schreberi J. F. Gmel.","Muhlenbergia schreberi","Poaceae","Poales","Lilianae","Monocot","Cerabolini/Pierce","perennial","graminoid",1,1,0,0,0,0,0,2,1,0,1,1,1,0,0,1,0,0,0,0,1,0,6,4.99859347591271,52.6995235458436,42.3018829782437,"SR","@rgb(13,134,108)","@rgb(0,0,0)","@rgb(0,128,0)","@symbol(4,512,0)"
"1827","Muhlenbergia wrightii Vasey ex J.M. Coult.","Muhlenbergia wrightii","Poaceae","Poales","Lilianae","Monocot","Laughlin","perennial","graminoid",1,0,0,0,0,0,0,1,0,0,1,0,1,0,0,1,0,0,0,0,0,0,3,7.26501112332073,74.432605480652,18.3023833960272,"S/SR","@rgb(19,190,47)","@rgb(0,0,0)","@rgb(0,128,0)","@symbol(4,512,0)"
"1828","Munroa squarrosa (Nutt.) Torr.","Munroa squarrosa","Poaceae","Poales","Lilianae","Monocot","Laughlin","annual","graminoid",1,0,0,0,0,0,0,1,0,0,1,0,1,0,0,1,0,0,0,0,0,0,3,0.311936304541732,67.8616422757851,31.8264214196731,"S/SR","@rgb(1,173,81)","@rgb(0,0,0)","@rgb(0,128,0)","@symbol(4,512,0)"
"1829","Muscari botryoides (L.) Mill.","Muscari botryoides","Asparagaceae","Asparagales","Lilianae","Monocot","Kleyer","perennial","forb",0,0,1,0,0,0,0,1,0,0,0,1,1,0,0,1,0,0,0,1,0,0,4,41.3469776745601,0,58.65302232544,"CR","@rgb(105,0,150)","@rgb(192,192,192)","@rgb(192,192,192)","@symbol(2,512,0)"
"1830","Myagrum perfoliatum L.","Myagrum perfoliatum","Brassicaceae","Brassicales","Rosanae","Dicot","Kleyer","annual","forb",0,0,1,0,0,0,0,1,0,0,0,1,0,0,0,0,0,0,0,1,0,0,2,37.5121340000173,0,62.4878659999827,"CR","@rgb(96,0,159)","@rgb(192,192,192)","@rgb(192,192,192)","@symbol(2,512,0)"
"1831","Mycelis muralis (L.) Dumort.","Lactuca muralis","Asteraceae","Asterales","Asteranae","Dicot","Wright","annual","forb",0,0,1,0,0,0,0,1,0,0,0,1,1,1,0,0,0,0,1,1,0,0,5,29.1268890212322,11.2577433580459,59.6153676207219,"R/CSR","@rgb(74,29,152)","@rgb(192,192,192)","@rgb(192,192,192)","@symbol(2,512,0)"
"1832","Myosotis alpestris F.W. Schmidt","Myosotis alpestris","Boraginaceae","Boraginales","Asteranae","Dicot","Soudzilovskaia","perennial","forb",0,0,1,0,0,0,0,1,0,0,0,1,1,0,0,1,0,0,0,0,0,0,3,20.5898924007387,24.6945514323465,54.7155561669148,"R/CSR","@rgb(53,63,140)","@rgb(192,192,192)","@rgb(192,192,192)","@symbol(2,512,0)"
"1833","Myosotis arvensis (L.) Hill arvensis","Myosotis arvensis subsp. arvensis","Boraginaceae","Boraginales","Asteranae","Dicot","Cerabolini/Pierce","annual","forb",0,0,1,0,0,0,0,1,0,0,0,1,1,1,0,1,0,0,1,1,0,0,6,14.8076037261738,0,85.1923962738262,"R","@rgb(38,0,217)","@rgb(192,192,192)","@rgb(192,192,192)","@symbol(2,512,0)"
"1834","Myosotis discolor Pers. ex Murray","Myosotis discolor","Boraginaceae","Boraginales","Asteranae","Dicot","Kleyer","perennial","forb",0,0,1,0,0,0,0,1,0,0,0,1,1,1,0,0,0,0,0,1,0,0,4,5.63808212810673,4.07692923112766,90.2849886407656,"R","@rgb(14,10,230)","@rgb(192,192,192)","@rgb(192,192,192)","@symbol(2,512,0)"
"1835","Myosotis laxa Lehm.","Myosotis laxa","Boraginaceae","Boraginales","Asteranae","Dicot","Kleyer","perennial","forb",1,1,0,0,0,0,0,2,0,0,0,1,1,1,0,1,0,0,0,1,0,0,5,13.4615537997092,0,86.5384462002908,"R","@rgb(34,0,221)","@rgb(192,192,192)","@rgb(192,192,192)","@symbol(2,512,0)"
"1836","Myosotis rehsteineri Wartm.","Myosotis rehsteineri","Boraginaceae","Boraginales","Asteranae","Dicot","Kleyer","perennial","forb",0,0,1,0,0,0,0,1,0,0,0,1,1,0,0,0,0,0,0,0,0,0,2,8.48532027589411,9.32217002958463,82.1925096945213,"R","@rgb(22,24,210)","@rgb(192,192,192)","@rgb(192,192,192)","@symbol(2,512,0)"
"1837","Myosotis scorpioides L.","Myosotis scorpioides","Boraginaceae","Boraginales","Asteranae","Dicot","Kleyer","perennial","forb",0,0,1,0,0,0,0,1,0,0,0,1,1,1,0,0,0,0,0,0,0,0,3,33.6104844288714,0,66.3895155711286,"R/CR","@rgb(86,0,169)","@rgb(192,192,192)","@rgb(192,192,192)","@symbol(2,512,0)"
"1838","Myosotis stricta Link ex Roem. & Schult.","Myosotis stricta","Boraginaceae","Boraginales","Asteranae","Dicot","Kleyer","annual","forb",0,0,1,0,0,0,0,1,0,0,0,1,1,1,0,0,0,0,1,1,0,0,5,2.57867111579067,11.8941722920316,85.5271565921777,"R","@rgb(7,30,218)","@rgb(192,192,192)","@rgb(192,192,192)","@symbol(2,512,0)"
"1839","Myosotis sylvatica Hoffm. sylvatica","Myosotis sylvatica subsp. sylvatica","Boraginaceae","Boraginales","Asteranae","Dicot","Cerabolini/Pierce","perennial","forb",0,0,1,0,1,0,0,2,0,0,0,1,1,0,0,0,0,1,0,0,0,0,3,20.3646359480873,0,79.6353640519127,"R/CR","@rgb(52,0,203)","@rgb(192,192,192)","@rgb(192,192,192)","@symbol(2,512,0)"
"1840","Myosoton aquaticum (L.) Moench","Stellaria aquatica","Caryophyllaceae","Caryophyllales","Caryophyllanae","Dicot","Kleyer","perennial","forb",0,0,1,0,1,0,0,2,1,0,1,1,1,1,0,0,0,1,0,0,0,0,6,24.4550845898737,0,75.5449154101263,"R/CR","@rgb(62,0,193)","@rgb(192,192,192)","@rgb(192,192,192)","@symbol(2,512,0)"
"1841","Myosurus minimus L.","Ranunculus minimus","Ranunculaceae","Ranunculales","Ranunculanae","Dicot","Kleyer","annual","forb",1,0,1,0,0,0,0,2,0,0,1,1,1,1,0,1,0,0,0,1,1,0,7,11.3541305810813,0,88.6458694189187,"R","@rgb(29,0,226)","@rgb(192,192,192)","@rgb(192,192,192)","@symbol(2,512,0)"
"1842","Myrcia gatunensis Standl.","Myrcia splendens","Myrtaceae","Myrtales","Rosanae","Dicot","Wright","perennial","tree",0,1,0,0,0,0,0,1,1,1,0,0,0,0,0,0,0,0,0,0,0,0,2,34.9373110934945,51.6691647958976,13.3935241106079,"CS/CSR","@rgb(89,132,34)","@rgb(255,255,255)","@rgb(128,0,0)","@symbol(3,512,0)"
"1843","Myrcia guianensis (Aubl.) DC.","Myrcia guianensis","Myrtaceae","Myrtales","Rosanae","Dicot","Pinho","perennial","tree",0,1,0,0,0,0,0,1,1,1,0,0,0,0,1,0,0,0,0,0,1,0,4,26.5932246755009,67.4065011874861,6.00027413701303,"S/CS","@rgb(68,172,15)","@rgb(255,255,255)","@rgb(128,0,0)","@symbol(3,512,0)"
"1844","Myrcia multiflora (Lam.) DC.","Myrcia multiflora","Myrtaceae","Myrtales","Rosanae","Dicot","Pinho","perennial","tree",0,1,0,0,0,0,0,1,1,1,0,0,0,0,1,0,0,0,0,0,1,0,4,13.7830638058343,86.2169361941657,0,"S","@rgb(35,220,0)","@rgb(255,255,255)","@rgb(128,0,0)","@symbol(3,512,0)"
"1845","Myrcia sylvatica (G. Mey.) DC.","Myrcia sylvatica","Myrtaceae","Myrtales","Rosanae","Dicot","Pinho","perennial","tree",0,1,0,0,0,0,0,1,1,1,0,0,0,0,1,0,0,0,0,0,1,0,4,32.7769934345697,67.2230065654303,0,"S/CS","@rgb(84,171,0)","@rgb(255,255,255)","@rgb(128,0,0)","@symbol(3,512,0)"
"1846","Myrcia tomentosa (Aubl.) DC.","Myrcia tomentosa","Myrtaceae","Myrtales","Rosanae","Dicot","Pinho","perennial","tree",0,1,0,0,0,0,0,1,1,1,0,0,0,0,1,0,0,0,0,0,1,0,4,32.3093207658945,67.6906792341055,0,"S/CS","@rgb(82,173,0)","@rgb(255,255,255)","@rgb(128,0,0)","@symbol(3,512,0)"
"1847","Myrica gale L.","Myrica gale","Myrtaceae","Myrtales","Rosanae","Dicot","Wright","perennial","tree",1,0,1,0,0,0,0,2,0,0,0,1,1,1,0,0,0,0,1,1,0,0,5,7.99946009419519,82.7949550730974,9.20558483270741,"S","@rgb(20,211,23)","@rgb(255,255,255)","@rgb(128,0,0)","@symbol(3,512,0)"
"1848","Myricaria germanica (L.) Desv.","Myricaria germanica","Tamaricaceae","Caryophyllales","Caryophyllanae","Dicot","Cerabolini/Pierce","perennial","tree",0,0,1,0,0,0,0,1,0,0,0,1,1,1,0,0,0,0,1,1,0,0,5,0,32.3444039218258,67.6555960781742,"R/SR","@rgb(0,82,173)","@rgb(255,255,255)","@rgb(128,0,0)","@symbol(3,512,0)"
"1849","Myriophyllum alterniflorum DC.","Myriophyllum alterniflorum","Haloragaceae","Saxifragales","Myrothamnanae","Dicot","Kleyer","perennial","aquatic",1,0,1,0,0,0,0,2,0,0,0,1,1,1,0,0,0,0,1,1,0,0,5,0,19.2568687366783,80.7431312633217,"R/SR","@rgb(0,49,206)","@rgb(192,192,192)","@rgb(0,0,255)","@symbol(5,512,0)"
"1850","Myriophyllum aquaticum (Velloso) Verdc.","Myriophyllum aquaticum","Haloragaceae","Saxifragales","Myrothamnanae","Dicot","Cerabolini/Pierce","perennial","aquatic",0,1,0,0,0,0,0,1,1,0,0,0,0,0,1,1,1,0,0,0,0,0,4,11.167637551644,0,88.832362448356,"R","@rgb(28,0,227)","@rgb(192,192,192)","@rgb(0,0,255)","@symbol(5,512,0)"
"1851","Myriophyllum spicatum L.","Myriophyllum spicatum","Haloragaceae","Saxifragales","Myrothamnanae","Dicot","Cerabolini/Pierce","perennial","aquatic",0,0,1,0,1,0,0,2,1,0,0,1,1,1,0,0,0,1,0,1,1,0,7,6.32572632559855,0,93.6742736744015,"R","@rgb(16,0,239)","@rgb(192,192,192)","@rgb(0,0,255)","@symbol(5,512,0)"
"1852","Myrospermum frutescens Jacq.","Myrospermum frutescens","Fabaceae","Fabales","Rosanae","Dicot","Wright","perennial","tree",0,1,0,0,0,0,0,1,1,1,1,0,0,0,1,0,0,0,0,0,0,0,4,41.6878301514857,42.3005680653698,16.0116017831445,"CS/CSR","@rgb(106,108,41)","@rgb(255,255,255)","@rgb(128,0,0)","@symbol(3,512,0)"
"1853","Myrsine guianensis (Aubl.) Kuntze","Myrsine guianensis","Primulaceae","Ericales","Asteranae","Dicot","Pinho","perennial","tree",0,1,0,0,0,0,0,1,1,1,0,0,0,0,1,0,0,0,0,0,1,0,4,62.3150536763508,37.6849463236492,0,"CS","@rgb(159,96,0)","@rgb(255,255,255)","@rgb(128,0,0)","@symbol(3,512,0)"
"1854","Najas marina L. marina","Najas marina subsp. marina","Hydrocharitaceae","Alismatales","Lilianae","Monocot","Cerabolini/Pierce","annual","aquatic",1,1,1,1,1,1,0,6,1,0,0,1,1,1,1,1,1,1,0,1,1,1,11,7.12136458241175,0,92.8786354175882,"R","@rgb(18,0,237)","@rgb(192,192,192)","@rgb(0,0,255)","@symbol(5,512,0)"
"1855","Najas minor All.","Najas minor","Hydrocharitaceae","Alismatales","Lilianae","Monocot","Kleyer","annual","aquatic",0,0,1,0,0,0,0,1,0,0,0,1,0,0,0,1,0,0,0,1,1,0,4,0,0,100,"R","@rgb(0,0,255)","@rgb(192,192,192)","@rgb(0,0,255)","@symbol(5,512,0)"
"1856","Nama dichotoma (Ruiz & Pav.) Choisy","Nama dichotoma","Boraginaceae","Boraginales","Asteranae","Dicot","Laughlin","annual","forb",1,1,0,0,0,0,0,2,1,1,1,0,1,0,0,0,0,1,0,0,1,0,6,0.225049936986776,0,99.7749500630132,"R","@rgb(1,0,254)","@rgb(192,192,192)","@rgb(192,192,192)","@symbol(2,512,0)"
"1857","Nardus stricta L.","Nardus stricta","Poaceae","Poales","Lilianae","Monocot","Kleyer","perennial","graminoid",0,0,1,0,0,0,0,1,0,0,0,1,1,1,0,0,0,0,1,1,0,0,5,4.7668000103047,90.5245771969151,4.70862279278023,"S","@rgb(12,231,12)","@rgb(0,0,0)","@rgb(0,128,0)","@symbol(4,512,0)"
"1858","Nasturtium officinale R. Br. officinale","Nasturtium officinale","Brassicaceae","Brassicales","Rosanae","Dicot","Cerabolini/Pierce","perennial","aquatic",0,0,1,0,0,0,0,1,0,0,0,1,1,0,0,1,0,0,0,1,0,0,4,11.7288938862229,0,88.2711061137771,"R","@rgb(30,0,225)","@rgb(192,192,192)","@rgb(0,0,255)","@symbol(5,512,0)"
"1859","Nectandra cissiflora Nees","Nectandra cissiflora","Lauraceae","Laurales","Magnolianae","Dicot","Wright","perennial","tree",0,1,0,0,0,0,0,1,1,1,0,0,0,0,1,0,0,0,0,0,0,0,3,57.1835167600069,38.3387718873959,4.4777113525972,"CS","@rgb(146,98,11)","@rgb(255,255,255)","@rgb(128,0,0)","@symbol(3,512,0)"
"1860","Nectandra lineata (Kunth) Rohwer","Nectandra lineata","Lauraceae","Laurales","Magnolianae","Dicot","Wright","perennial","tree",0,1,0,0,0,0,0,1,1,1,0,0,0,0,0,0,0,0,0,0,0,0,2,49.5146985756402,38.8774136334933,11.6078877908665,"CS/CSR","@rgb(126,99,30)","@rgb(255,255,255)","@rgb(128,0,0)","@symbol(3,512,0)"
"1861","Nectandra purpurea (Ruiz & Pav.) Mez","Damburneya purpurea","Lauraceae","Laurales","Magnolianae","Dicot","Wright","perennial","tree",0,1,0,0,0,0,0,1,1,1,0,0,0,0,1,0,0,0,0,0,0,0,3,42.2229990332129,57.7770009667871,0,"CS","@rgb(108,147,0)","@rgb(255,255,255)","@rgb(128,0,0)","@symbol(3,512,0)"
"1862","Neea amplifolia Donn. Sm.","Neea amplifolia","Nyctaginaceae","Caryophyllales","Caryophyllanae","Dicot","Wright","perennial","shrub",0,1,0,0,0,0,0,1,1,1,0,0,0,0,1,0,0,0,0,0,0,0,3,71.6253463767486,5.45168466016705,22.9229689630844,"C/CR","@rgb(183,14,58)","@rgb(192,192,192)","@rgb(0,0,0)","@symbol(6,512,0)"
"1863","Nelumbo nucifera Gaertn.","Nelumbo nucifera","Nelumbonaceae","Proteales","Proteanae","Dicot","Cerabolini/Pierce","perennial","aquatic",0,0,1,0,1,1,0,3,1,1,0,1,1,0,1,0,0,0,0,0,1,0,6,91.9020046182692,1.0897601704803,7.00823521125049,"C","@rgb(234,3,18)","@rgb(192,192,192)","@rgb(0,0,255)","@symbol(5,512,0)"
"1864","Neobalanocarpus heimii (King) P.S. Ashton","Neobalanocarpus heimii","Dipterocarpaceae","Malvales","Rosanae","Dicot","SJ Wright Pasoh","perennial","tree",0,0,0,0,1,0,0,1,1,0,0,0,0,0,0,0,0,0,0,0,0,0,1,28.0213100119926,67.2774274124961,4.70126257551138,"S/CS","@rgb(71,172,12)","@rgb(255,255,255)","@rgb(128,0,0)","@symbol(3,512,0)"
"1865","Neoscortechinia kingii (Hook. f.) Pax & K. Hoffm.","Neoscortechinia kingii","Euphorbiaceae","Malpighiales","Rosanae","Dicot","SJ Wright Pasoh","perennial","tree",0,0,0,0,1,0,0,1,1,0,0,0,0,0,0,0,0,0,0,0,0,0,1,33.6235773596245,66.3764226403755,0,"S/CS","@rgb(86,169,0)","@rgb(255,255,255)","@rgb(128,0,0)","@symbol(3,512,0)"
"1866","Nepeta cataria L.","Nepeta cataria","Lamiaceae","Lamiales","Asteranae","Dicot","Kleyer","perennial","forb",0,0,1,0,1,0,0,2,0,0,0,1,1,0,0,0,0,1,0,1,1,0,5,18.48062120222,17.8942037653323,63.6251750324477,"R/CSR","@rgb(47,46,162)","@rgb(192,192,192)","@rgb(192,192,192)","@symbol(2,512,0)"
"1867","Nephelium costatum Hiern","Nephelium costatum","Sapindaceae","Sapindales","Rosanae","Dicot","SJ Wright Pasoh","perennial","tree",0,0,0,0,1,0,0,1,1,0,0,0,0,0,0,0,0,0,0,0,0,0,1,51.5207289144668,48.4792710855332,0,"CS","@rgb(131,124,0)","@rgb(255,255,255)","@rgb(128,0,0)","@symbol(3,512,0)"
"1868","Neptunia lutea (Leavenw.) Benth.","Neptunia lutea","Fabaceae","Fabales","Rosanae","Dicot","Weiher","perennial","forb",1,0,0,0,0,0,0,1,0,0,1,1,1,0,1,1,0,0,0,0,0,0,5,4.78662573330505,73.2592683579747,21.9541059087203,"S/SR","@rgb(12,187,56)","@rgb(192,192,192)","@rgb(192,192,192)","@symbol(2,512,0)"
"1869","Nerium oleander L.","Nerium oleander","Apocynaceae","Gentianales","Asteranae","Dicot","Cerabolini/Pierce","perennial","tree",0,0,1,1,1,0,0,3,0,0,0,1,0,0,0,1,0,0,0,1,1,0,4,35.5043075954431,64.4956924045569,0,"S/CS","@rgb(91,164,0)","@rgb(255,255,255)","@rgb(128,0,0)","@symbol(3,512,0)"
"1870","Nicandra physalodes (L.) Gaertn.","Nicandra physalodes","Solanaceae","Solanales","Asteranae","Dicot","Kleyer","annual","forb",0,1,0,0,0,0,0,1,1,1,0,0,0,0,0,0,0,1,0,0,1,0,4,69.476876504932,0.193365652395071,30.329757842673,"C/CR","@rgb(177,0,77)","@rgb(192,192,192)","@rgb(192,192,192)","@symbol(2,512,0)"
"1871","Nicotiana rustica L.","Nicotiana rustica","Solanaceae","Solanales","Asteranae","Dicot","Kleyer","annual","forb",0,1,0,0,0,0,0,1,1,1,0,0,0,0,0,0,0,1,0,0,0,0,3,77.1486711408853,0,22.8513288591147,"C/CR","@rgb(197,0,58)","@rgb(192,192,192)","@rgb(192,192,192)","@symbol(2,512,0)"
"1872","Nigella arvensis L.","Nigella arvensis","Ranunculaceae","Ranunculales","Ranunculanae","Dicot","Kleyer","annual","forb",0,0,1,0,0,0,0,1,0,0,0,1,0,0,0,1,0,0,0,1,1,0,4,16.2792826461861,12.0668577094956,71.6538596443182,"R/CR","@rgb(42,31,183)","@rgb(192,192,192)","@rgb(192,192,192)","@symbol(2,512,0)"
"1873","Nigella damascena L.","Nigella damascena","Ranunculaceae","Ranunculales","Ranunculanae","Dicot","Kleyer","annual","forb",0,0,1,0,0,0,0,1,0,0,0,1,0,0,0,0,0,0,0,1,0,0,2,42.651934940257,8.07269240669924,49.2753726530438,"CR","@rgb(109,21,126)","@rgb(192,192,192)","@rgb(192,192,192)","@symbol(2,512,0)"
"1874","Noccaea montana (L.) F.K. Mey.","Noccaea montana","Brassicaceae","Brassicales","Rosanae","Dicot","Laughlin","perennial","forb",1,0,1,0,0,0,0,2,0,0,0,1,1,0,0,0,0,0,0,0,1,0,3,16.3447362165012,0,83.6552637834988,"R/CR","@rgb(42,0,213)","@rgb(192,192,192)","@rgb(192,192,192)","@symbol(2,512,0)"
"1875","Nonea pulla (L.) DC.","Nonea pulla","Boraginaceae","Boraginales","Asteranae","Dicot","Kleyer","perennial","forb",0,0,1,0,0,0,0,1,0,0,0,1,0,0,0,1,0,0,0,1,0,0,3,50.0260087061982,0,49.9739912938018,"CR","@rgb(128,0,127)","@rgb(192,192,192)","@rgb(192,192,192)","@symbol(2,512,0)"
"1876","Nuphar lutea (L.) Sm.","Nuphar lutea","Nymphaeaceae","Nymphaeales","Nymphaeanae","Dicot","Cerabolini/Pierce","perennial","aquatic",0,0,1,0,0,0,0,1,0,0,0,1,1,1,0,1,0,0,0,1,0,0,5,88.7657095994104,9.61406256992527,1.62022783066432,"C","@rgb(226,25,4)","@rgb(192,192,192)","@rgb(0,0,255)","@symbol(5,512,0)"
"1877","Nymphaea marliacea Wildsmith",NA,"Nymphaeaceae","Nymphaeales","Nymphaeanae","Dicot","Cerabolini/Pierce","perennial","aquatic",0,0,1,0,0,0,0,1,0,0,0,1,0,0,0,0,0,0,0,0,0,0,1,90.9145511596529,2.13025056258285,6.9551982777643,"C","@rgb(232,5,18)","@rgb(192,192,192)","@rgb(0,0,255)","@symbol(5,512,0)"
"1878","Nymphaea odorata Aiton","Nymphaea odorata","Nymphaeaceae","Nymphaeales","Nymphaeanae","Dicot","Cerabolini/Pierce","perennial","aquatic",1,1,0,0,0,0,0,2,1,0,1,1,1,1,1,1,0,0,0,1,0,0,8,87.3588773725273,6.31652291568173,6.32459971179093,"C","@rgb(223,16,16)","@rgb(192,192,192)","@rgb(0,0,255)","@symbol(5,512,0)"
"1879","Nymphoides peltata (S. G. Gmel.) Kuntze","Nymphoides peltata","Menyanthaceae","Asterales","Asteranae","Dicot","Cerabolini/Pierce","perennial","aquatic",0,0,1,0,1,0,0,2,1,0,0,1,1,0,0,0,0,0,0,0,0,0,3,64.2510736898813,0,35.7489263101187,"C/CR","@rgb(164,0,91)","@rgb(192,192,192)","@rgb(0,0,255)","@symbol(5,512,0)"
"1880","Ochanostachys amentacea Mast.","Ochanostachys amentacea","Olacaceae","Santalales","Santalanae","Dicot","SJ Wright Pasoh","perennial","tree",0,0,0,0,1,0,0,1,1,0,0,0,0,0,0,0,0,0,0,0,0,0,1,40.1541600383984,49.3499802848817,10.4958596767199,"CS","@rgb(102,126,27)","@rgb(255,255,255)","@rgb(128,0,0)","@symbol(3,512,0)"
"1881","Ochroma pyramidale (Cav. ex Lam.) Urb.","Ochroma pyramidale","Malvaceae","Malvales","Rosanae","Dicot","Wright","perennial","tree",0,1,0,0,0,0,0,1,1,1,1,0,0,0,1,0,0,0,0,0,0,0,4,79.0444676337041,18.7789821107985,2.17655025549743,"C/CS","@rgb(202,48,6)","@rgb(255,255,255)","@rgb(128,0,0)","@symbol(3,512,0)"
"1882","Ocotea canaliculata (Rich.) Mez","Ocotea canaliculata","Lauraceae","Laurales","Magnolianae","Dicot","Pinho","perennial","tree",0,1,0,0,0,0,0,1,1,0,0,0,0,0,0,0,0,0,0,0,0,0,1,48.3874077122494,51.6125922877506,0,"CS","@rgb(123,132,0)","@rgb(255,255,255)","@rgb(128,0,0)","@symbol(3,512,0)"
"1883","Ocotea cernua (Nees) Mez","Ocotea leptobotra","Lauraceae","Laurales","Magnolianae","Dicot","Wright","perennial","tree",0,1,0,0,0,0,0,1,1,1,1,0,0,0,1,0,1,0,0,0,0,0,5,41.1407492709584,47.918494551994,10.9407561770476,"CS/CSR","@rgb(105,122,28)","@rgb(255,255,255)","@rgb(128,0,0)","@symbol(3,512,0)"
"1884","Ocotea indecora (Schott) Mez","Ocotea indecora","Lauraceae","Laurales","Magnolianae","Dicot","Pinho","perennial","tree",0,1,0,0,0,0,0,1,1,0,0,0,0,0,0,0,0,0,0,0,0,0,1,35.1331669763413,61.121901287328,3.74493173633071,"S/CS","@rgb(90,156,10)","@rgb(255,255,255)","@rgb(128,0,0)","@symbol(3,512,0)"
"1885","Ocotea ira Mez & Pittier","Ocotea insularis","Lauraceae","Laurales","Magnolianae","Dicot","Wright","perennial","tree",0,1,0,0,0,0,0,1,1,0,0,0,0,0,0,0,0,0,0,0,0,0,1,67.4908168695765,32.5091831304235,0,"C/CS","@rgb(172,83,0)","@rgb(255,255,255)","@rgb(128,0,0)","@symbol(3,512,0)"
"1886","Ocotea notata (Nees & Mart.) Mez","Ocotea notata","Lauraceae","Laurales","Magnolianae","Dicot","Pinho","perennial","tree",0,1,0,0,0,0,0,1,1,0,0,0,0,0,0,0,0,0,0,0,0,0,1,41.6432499367389,58.3567500632611,0,"CS","@rgb(106,149,0)","@rgb(255,255,255)","@rgb(128,0,0)","@symbol(3,512,0)"
"1887","Ocotea oblonga (Meisn.) Mez","Ocotea oblonga","Lauraceae","Laurales","Magnolianae","Dicot","Wright","perennial","tree",0,1,0,0,0,0,0,1,1,1,1,0,0,0,0,0,0,0,0,0,0,0,3,42.2115927224205,50.5721227910851,7.21628448649437,"CS","@rgb(108,129,18)","@rgb(255,255,255)","@rgb(128,0,0)","@symbol(3,512,0)"
"1888","Ocotea puberula (Rich.) Nees","Ocotea puberula","Lauraceae","Laurales","Magnolianae","Dicot","Wright","perennial","tree",0,1,0,0,0,0,0,1,1,1,0,0,0,0,1,0,1,0,0,0,0,0,4,44.8904191869424,41.4991438228957,13.6104369901619,"CS/CSR","@rgb(114,106,35)","@rgb(255,255,255)","@rgb(128,0,0)","@symbol(3,512,0)"
"1889","Ocotea whitei Woodson","Ocotea whitei","Lauraceae","Laurales","Magnolianae","Dicot","Wright","perennial","tree",0,1,0,0,0,0,0,1,1,0,0,0,0,0,0,0,0,0,0,0,0,0,1,35.9584141298949,61.1357704073794,2.9058154627257,"S/CS","@rgb(92,156,7)","@rgb(255,255,255)","@rgb(128,0,0)","@symbol(3,512,0)"
"1890","Odontites luteus (L.) Clairv.","Odontites luteus","Orobanchaceae","Lamiales","Asteranae","Dicot","Cerabolini/Pierce","annual","forb",0,0,1,0,0,0,0,1,0,0,0,1,1,0,0,0,0,0,0,1,0,0,3,2.94826742263389,48.2642155528807,48.7875170244854,"SR","@rgb(8,123,124)","@rgb(192,192,192)","@rgb(192,192,192)","@symbol(2,512,0)"
"1891","Odontites verna Dumort.",NA,"Orobanchaceae","Lamiales","Asteranae","Dicot","Kleyer","annual","forb",0,0,1,0,0,0,0,1,0,0,0,1,1,1,0,0,0,0,0,1,0,0,4,9.28701147268157,25.0872246793004,65.625763848018,"R/SR","@rgb(24,64,167)","@rgb(192,192,192)","@rgb(192,192,192)","@symbol(2,512,0)"
"1892","Oenanthe aquatica (L.) Poir.","Oenanthe aquatica","Apiaceae","Apiales","Asteranae","Dicot","Kleyer","perennial","aquatic",0,0,1,0,0,0,0,1,0,0,0,1,1,1,0,0,0,0,0,1,0,0,4,62.5085800648943,0,37.4914199351057,"C/CR","@rgb(159,0,96)","@rgb(192,192,192)","@rgb(0,0,255)","@symbol(5,512,0)"
"1893","Oenanthe fistulosa L.","Oenanthe fistulosa","Apiaceae","Apiales","Asteranae","Dicot","Kleyer","perennial","aquatic",0,0,1,0,0,0,0,1,0,0,0,1,0,0,0,0,0,0,0,1,0,0,2,23.3066676110652,0,76.6933323889348,"R/CR","@rgb(59,0,196)","@rgb(192,192,192)","@rgb(0,0,255)","@symbol(5,512,0)"
"1894","Oenanthe lachenalii Gmel.","Oenanthe lachenalii","Apiaceae","Apiales","Asteranae","Dicot","Kleyer","perennial","aquatic",0,0,1,0,0,0,0,1,0,0,0,1,0,0,0,0,0,0,0,1,0,0,2,48.6132418350208,21.2048849145916,30.1818732503876,"C/CSR","@rgb(124,54,77)","@rgb(192,192,192)","@rgb(0,0,255)","@symbol(5,512,0)"
"1895","Oenocarpus mapora H. Karst.","Oenocarpus mapora","Arecaceae","Arecales","Lilianae","Monocot","Wright","perennial","tree",0,1,0,0,0,0,0,1,1,1,0,0,0,0,0,0,0,0,0,0,0,0,2,76.7092809498256,23.2907190501744,0,"C/CS","@rgb(196,59,0)","@rgb(255,255,255)","@rgb(128,0,0)","@symbol(3,512,0)"
"1896","Oenothera ammophila Focke","Oenothera oakesiana","Onagraceae","Myrtales","Rosanae","Dicot","Kleyer","biennial","forb",0,0,1,0,0,0,0,1,0,0,0,1,1,0,0,0,0,0,0,0,0,0,2,55.7799673247472,0,44.2200326752528,"CR","@rgb(142,0,113)","@rgb(192,192,192)","@rgb(192,192,192)","@symbol(2,512,0)"
"1897","Oenothera biennis L.","Oenothera biennis","Onagraceae","Myrtales","Rosanae","Dicot","Kleyer","annual","forb",1,0,0,0,0,0,0,1,0,0,0,1,1,1,0,1,0,0,0,0,0,0,4,37.4179162786226,44.3561212745269,18.2259624468505,"CS/CSR","@rgb(95,113,46)","@rgb(192,192,192)","@rgb(192,192,192)","@symbol(2,512,0)"
"1898","Oenothera glazioviana Micheli","Oenothera glazioviana","Onagraceae","Myrtales","Rosanae","Dicot","Cerabolini/Pierce","biennial","forb",0,0,1,0,0,0,0,1,0,0,0,1,0,0,0,0,0,0,0,1,0,0,2,59.9223634244136,29.9365172386848,10.1411193369016,"C/CS","@rgb(153,76,26)","@rgb(192,192,192)","@rgb(192,192,192)","@symbol(2,512,0)"
"1899","Oenothera parviflora L.","Oenothera parviflora","Onagraceae","Myrtales","Rosanae","Dicot","Kleyer","biennial","forb",1,0,0,0,0,0,0,1,0,0,0,1,0,1,0,1,0,0,0,0,0,0,3,30.9204167056645,16.594135547724,52.4854477466115,"R/CSR","@rgb(79,42,134)","@rgb(192,192,192)","@rgb(192,192,192)","@symbol(2,512,0)"
"1900","Oenothera perennis L.","Oenothera perennis","Onagraceae","Myrtales","Rosanae","Dicot","Shipley","perennial","forb",1,0,0,0,0,0,0,1,0,0,0,1,1,1,0,1,0,0,0,0,0,0,4,2.04632564497426,72.2650873493945,25.6885870056312,"S/SR","@rgb(5,184,66)","@rgb(192,192,192)","@rgb(192,192,192)","@symbol(2,512,0)"
"1901","Oenothera pubescens Willd. ex Spreng.","Oenothera pubescens","Onagraceae","Myrtales","Rosanae","Dicot","Laughlin","perennial","forb",1,1,0,0,0,0,0,2,1,1,1,0,1,0,0,0,0,0,0,0,0,0,4,22.9925362903034,0,77.0074637096966,"R/CR","@rgb(59,0,196)","@rgb(192,192,192)","@rgb(192,192,192)","@symbol(2,512,0)"
"1902","Oenothera stucchii Soldano","Oenothera biennis","Onagraceae","Myrtales","Rosanae","Dicot","Cerabolini/Pierce","perennial","forb",0,0,1,0,0,0,0,1,0,0,0,1,0,0,0,0,0,0,0,1,0,0,2,58.2483686230737,29.895432404337,11.8561989725893,"C/CSR","@rgb(149,76,30)","@rgb(192,192,192)","@rgb(192,192,192)","@symbol(2,512,0)"
"1903","Omalotheca norvegica (Gunnerus) Sch. Bip. & F.W. Schultz","Omalotheca norvegica","Asteraceae","Asterales","Asteranae","Dicot","Kleyer","perennial","forb",1,0,1,0,0,0,0,2,0,0,0,1,1,1,0,0,0,0,1,1,0,0,5,17.6808409605755,38.9226129218785,43.396546117546,"SR/CSR","@rgb(45,99,111)","@rgb(192,192,192)","@rgb(192,192,192)","@symbol(2,512,0)"
"1904","Omalotheca supina (L.) DC.","Omalotheca supina","Asteraceae","Asterales","Asteranae","Dicot","Kleyer","perennial","forb",1,0,1,0,0,0,0,2,0,0,0,1,1,1,0,0,0,0,1,1,0,0,5,0,53.6729601160782,46.3270398839218,"SR","@rgb(0,137,118)","@rgb(192,192,192)","@rgb(192,192,192)","@symbol(2,512,0)"
"1905","Omphalea diandra L.","Omphalea diandra","Euphorbiaceae","Malpighiales","Rosanae","Dicot","Wright","perennial","liana",0,1,0,0,0,0,0,1,1,1,0,0,0,0,0,0,0,0,0,0,0,0,2,71.3425155299071,21.3130302715851,7.34445419850783,"C/CS","@rgb(182,54,19)","@rgb(128,128,128)","@rgb(128,128,128)","@symbol(3,512,0)"
"1906","Omphalodes verna Moench","Omphalodes verna","Boraginaceae","Boraginales","Asteranae","Dicot","Kleyer","annual","forb",0,0,1,0,0,0,0,1,0,0,0,1,1,1,0,0,0,0,0,0,0,0,3,41.1651486377573,20.8027972540674,38.0320541081754,"CR/CSR","@rgb(105,53,97)","@rgb(192,192,192)","@rgb(192,192,192)","@symbol(2,512,0)"
"1907","Onobrychis viciifolia Scop.","Onobrychis viciifolia","Fabaceae","Fabales","Rosanae","Dicot","Kleyer","perennial","forb",0,0,1,0,0,0,0,1,0,0,0,1,0,0,0,0,0,0,0,0,0,0,1,30.9714944694459,38.4349251411763,30.5935803893778,"CSR","@rgb(79,98,78)","@rgb(192,192,192)","@rgb(192,192,192)","@symbol(2,512,0)"
"1908","Onoclea sensibilis L.","Onoclea sensibilis","Onocleaceae","Polypodiales",NA,"Fern","Shipley","perennial","forb",1,0,0,0,0,0,0,1,0,0,0,1,1,1,0,1,0,0,0,0,0,0,4,52.8768368253601,15.1626968235593,31.9604663510806,"C/CSR","@rgb(135,39,81)","@rgb(192,192,192)","@rgb(192,192,192)","@symbol(2,512,0)"
"1909","Ononis repens L.","Ononis spinosa subsp. procurrens","Fabaceae","Fabales","Rosanae","Dicot","Wright","perennial","forb",0,0,1,0,0,0,0,1,0,0,0,1,1,0,0,0,0,0,0,1,0,0,3,3.6617319418985,42.6526372463807,53.6856308117208,"SR","@rgb(9,109,137)","@rgb(192,192,192)","@rgb(192,192,192)","@symbol(2,512,0)"
"1910","Ononis spinosa L. spinosa","Ononis spinosa subsp. spinosa","Fabaceae","Fabales","Rosanae","Dicot","Cerabolini","perennial","shrub",0,0,1,0,0,0,0,1,0,0,0,1,0,0,0,0,0,0,0,1,0,0,2,10.7130455331874,38.260075875226,51.0268785915866,"SR","@rgb(27,98,130)","@rgb(192,192,192)","@rgb(0,0,0)","@symbol(6,512,0)"
"1911","Ononis variegata L.","Ononis variegata","Fabaceae","Fabales","Rosanae","Dicot","Cerabolini","perennial","shrub",0,0,1,0,0,0,0,1,0,0,0,0,0,0,0,0,0,0,0,1,0,0,1,16.9070479318343,0,83.0929520681657,"R/CR","@rgb(43,0,212)","@rgb(192,192,192)","@rgb(0,0,0)","@symbol(6,512,0)"
"1912","Onopordum acanthium L.","Onopordum acanthium","Asteraceae","Asterales","Asteranae","Dicot","Kleyer","biennial","forb",0,0,1,0,0,0,0,1,0,0,0,1,1,0,0,1,0,1,0,1,1,0,6,61.4537133216882,22.6594216059842,15.8868650723277,"C/CSR","@rgb(157,58,41)","@rgb(192,192,192)","@rgb(192,192,192)","@symbol(2,512,0)"
"1913","Ophrys benacensis (Reisigl) P. Delforge ","Ophrys flavicans","Orchidaceae","Asparagales","Lilianae","Monocot","Cerabolini/Pierce2","perennial","forb",0,0,1,0,0,0,0,1,0,0,0,0,1,0,0,0,0,0,0,1,0,0,2,28.7158461445166,0,71.2841538554834,"R/CR","@rgb(73,0,182)","@rgb(192,192,192)","@rgb(192,192,192)","@symbol(2,512,0)"
"1914","Ophrys fuciflora Moench","Ophrys fuciflora","Orchidaceae","Asparagales","Lilianae","Monocot","Kleyer","biennial","forb",0,0,1,0,0,0,0,1,0,0,0,1,1,0,0,0,0,0,0,1,0,0,3,38.8322741016861,0,61.1677258983139,"CR","@rgb(99,0,156)","@rgb(192,192,192)","@rgb(192,192,192)","@symbol(2,512,0)"
"1915","Ophrys sphegodes Mill.","Ophrys sphegodes","Orchidaceae","Asparagales","Lilianae","Monocot","Kleyer","perennial","forb",0,0,1,0,0,0,0,1,0,0,0,1,0,0,0,0,0,0,0,1,0,0,2,31.7193397380445,0,68.2806602619555,"R/CR","@rgb(81,0,174)","@rgb(192,192,192)","@rgb(192,192,192)","@symbol(2,512,0)"
"1916","Orchis mascula L.","Orchis mascula","Orchidaceae","Asparagales","Lilianae","Monocot","Kleyer","perennial","forb",0,0,1,0,0,0,0,1,0,0,0,1,1,1,0,0,0,0,1,1,0,0,5,65.5615522381873,0,34.4384477618127,"C/CR","@rgb(167,0,88)","@rgb(192,192,192)","@rgb(192,192,192)","@symbol(2,512,0)"
"1917","Orchis militaris L.","Orchis militaris","Orchidaceae","Asparagales","Lilianae","Monocot","Kleyer","perennial","forb",0,0,1,0,0,0,0,1,0,0,0,1,1,0,0,0,0,0,0,1,0,0,3,68.1155127780983,0,31.8844872219017,"C/CR","@rgb(174,0,81)","@rgb(192,192,192)","@rgb(192,192,192)","@symbol(2,512,0)"
"1918","Orchis morio L.","Anacamptis morio","Orchidaceae","Asparagales","Lilianae","Monocot","Kleyer","perennial","forb",0,0,1,0,0,0,0,1,0,0,0,1,1,0,0,0,0,0,0,1,0,0,3,25.2063569843404,0,74.7936430156596,"R/CR","@rgb(64,0,191)","@rgb(192,192,192)","@rgb(192,192,192)","@symbol(2,512,0)"
"1919","Orchis purpurea Huds.","Orchis purpurea","Orchidaceae","Asparagales","Lilianae","Monocot","Kleyer","perennial","forb",0,0,1,0,0,0,0,1,0,0,0,1,1,0,0,1,0,0,0,1,0,0,4,64.3899810427744,0,35.6100189572256,"C/CR","@rgb(164,0,91)","@rgb(192,192,192)","@rgb(192,192,192)","@symbol(2,512,0)"
"1920","Orchis simia Vill.","Neotinea tridentata subsp. tridentata","Orchidaceae","Asparagales","Lilianae","Monocot","Kleyer","perennial","forb",0,0,1,0,0,0,0,1,0,0,0,1,0,0,0,1,0,0,0,1,0,0,3,55.9116139875765,0,44.0883860124235,"CR","@rgb(143,0,112)","@rgb(192,192,192)","@rgb(192,192,192)","@symbol(2,512,0)"
"1921","Orchis ustulata L.","Neotinea ustulata","Orchidaceae","Asparagales","Lilianae","Monocot","Kleyer","perennial","forb",0,0,1,0,0,0,0,1,0,0,0,1,1,0,0,0,0,0,0,1,0,0,3,47.4010400026221,0,52.5989599973779,"CR","@rgb(121,0,134)","@rgb(192,192,192)","@rgb(192,192,192)","@symbol(2,512,0)"
"1922","Oreochloa disticha (Wulfen) Link","Oreochloa disticha","Poaceae","Poales","Lilianae","Monocot","Cerabolini/Pierce","perennial","graminoid",0,0,1,0,0,0,0,1,0,0,0,1,1,0,0,0,0,0,0,1,0,0,3,1.63214291116993,98.3678570888301,0,"S","@rgb(4,251,0)","@rgb(0,0,0)","@rgb(0,128,0)","@symbol(4,512,0)"
"1923","Origanum vulgare L. vulgare","Origanum vulgare subsp. vulgare","Lamiaceae","Lamiales","Asteranae","Dicot","Cerabolini","perennial","forb",0,0,1,0,0,0,0,1,0,0,0,1,1,0,0,0,0,0,0,1,0,0,3,5.11325972739445,69.9786757262537,24.9080645463519,"S/SR","@rgb(13,178,64)","@rgb(192,192,192)","@rgb(192,192,192)","@symbol(2,512,0)"
"1924","Orlaya grandiflora Hoffm.","Orlaya grandiflora","Apiaceae","Apiales","Asteranae","Dicot","Kleyer","annual","forb",0,0,1,0,0,0,0,1,0,0,0,1,1,0,0,1,0,0,0,0,0,0,3,47.7635089323018,15.2737020676096,36.9627890000886,"CR/CSR","@rgb(122,39,94)","@rgb(192,192,192)","@rgb(192,192,192)","@symbol(2,512,0)"
"1925","Ormosia amazonica Ducke","Ormosia amazonica","Fabaceae","Fabales","Rosanae","Dicot","Wright","perennial","tree",0,1,0,0,0,0,0,1,1,0,0,0,0,0,0,0,0,0,0,0,0,0,1,70.4509432449592,29.5490567550408,0,"C/CS","@rgb(180,75,0)","@rgb(255,255,255)","@rgb(128,0,0)","@symbol(3,512,0)"
"1926","Ormosia coccinea (Aubl.) Jacks.","Ormosia coccinea","Fabaceae","Fabales","Rosanae","Dicot","Wright","perennial","tree",0,1,0,0,0,0,0,1,1,1,0,0,0,0,1,0,0,0,0,0,0,0,3,77.6605950441155,22.3394049558845,0,"C/CS","@rgb(198,57,0)","@rgb(255,255,255)","@rgb(128,0,0)","@symbol(3,512,0)"
"1927","Ormosia macrocalyx Ducke","Ormosia macrocalyx","Fabaceae","Fabales","Rosanae","Dicot","Wright","perennial","tree",0,1,0,0,0,0,0,1,1,1,1,0,0,0,0,0,0,0,0,0,0,0,3,75.5031127275084,17.936875231353,6.56001204113859,"C/CS","@rgb(193,46,17)","@rgb(255,255,255)","@rgb(128,0,0)","@symbol(3,512,0)"
"1928","Ornithogalum umbellatum L.","Ornithogalum umbellatum","Asparagaceae","Asparagales","Lilianae","Monocot","Cerabolini/Pierce2","perennial","forb",0,0,1,0,0,0,0,1,0,0,0,1,1,1,0,1,0,0,1,1,0,0,6,59.6611844450104,0,40.3388155549896,"CR","@rgb(152,0,103)","@rgb(192,192,192)","@rgb(192,192,192)","@symbol(2,512,0)"
"1929","Ornithopus perpusillus L.","Ornithopus perpusillus","Fabaceae","Fabales","Rosanae","Dicot","Cerabolini/Pierce","perennial","forb",0,0,1,0,0,0,0,1,0,0,0,1,0,0,0,0,0,0,0,1,0,0,2,7.96767226838534,23.6613350558173,68.3709926757974,"R/SR","@rgb(20,60,174)","@rgb(192,192,192)","@rgb(192,192,192)","@symbol(2,512,0)"
"1930","Orthilia secunda (L.) House","Orthilia secunda","Ericaceae","Ericales","Asteranae","Dicot","Soudzilovskaia","perennial","forb",1,1,1,0,0,0,0,3,1,1,1,1,1,1,0,1,0,1,1,1,1,0,11,14.2422529574862,60.7003701105744,25.0573769319394,"S/CSR","@rgb(36,155,64)","@rgb(192,192,192)","@rgb(192,192,192)","@symbol(2,512,0)"
"1931","Oryza sativa L.","Oryza sativa","Poaceae","Poales","Lilianae","Monocot","Cerabolini/Pierce","annual","graminoid",0,0,1,0,1,0,0,2,1,0,0,1,0,0,0,0,0,0,0,0,0,0,2,37.8822889373961,37.1307035942185,24.9870074683854,"CS/CSR","@rgb(97,95,64)","@rgb(0,0,0)","@rgb(0,128,0)","@symbol(4,512,0)"
"1932","Osmunda regalis L.","Osmunda regalis","Osmundaceae","Osmundales",NA,"Fern","Kleyer","perennial","forb",1,1,1,0,0,0,0,3,1,1,1,1,1,1,1,1,0,0,0,1,0,0,9,84.0133896596477,12.0258663082888,3.96074403206354,"C","@rgb(214,31,10)","@rgb(192,192,192)","@rgb(192,192,192)","@symbol(2,512,0)"
"1933","Ostrya carpinifolia Scop.","Ostrya carpinifolia","Betulaceae","Fagales","Rosanae","Dicot","Cerabolini","perennial","tree",0,0,1,0,0,0,0,1,0,0,0,1,1,0,0,0,0,0,0,1,0,0,3,30.1096946822881,54.080168402196,15.8101369155159,"S/CSR","@rgb(77,138,40)","@rgb(255,255,255)","@rgb(128,0,0)","@symbol(3,512,0)"
"1934","Ostrya virginiana (Mill.) K. Koch","Ostrya virginiana","Betulaceae","Fagales","Rosanae","Dicot","Shipley","perennial","tree",1,1,0,0,0,0,0,2,1,1,1,1,0,0,0,0,0,0,0,0,1,0,5,19.1810656847962,53.730807058171,27.0881272570329,"S/CSR","@rgb(49,137,69)","@rgb(255,255,255)","@rgb(128,0,0)","@symbol(3,512,0)"
"1935","Osyris alba L.","Osyris alba","Santalaceae","Santalales","Santalanae","Dicot","Cerabolini","perennial","shrub",0,0,1,0,0,0,0,1,0,0,0,1,0,0,0,0,0,0,0,1,0,0,2,3.40520842347608,49.8547253118574,46.7400662646665,"SR","@rgb(9,127,119)","@rgb(192,192,192)","@rgb(0,0,0)","@symbol(6,512,0)"
"1936","Otanthus maritimus (L.) Hoffmanns. & Link","Achillea maritima","Asteraceae","Asterales","Asteranae","Dicot","Cerabolini","perennial","forb",0,0,1,0,0,0,0,1,0,0,0,1,0,0,0,0,0,0,0,1,0,0,2,23.9688762748207,0,76.0311237251793,"R/CR","@rgb(61,0,194)","@rgb(192,192,192)","@rgb(192,192,192)","@symbol(2,512,0)"
"1937","Ouratea hexasperma (A. St.-Hil.) Baill.","Ouratea hexasperma","Ochnaceae","Malpighiales","Rosanae","Dicot","Pinho","perennial","tree",0,1,0,0,0,0,0,1,1,0,0,0,0,0,1,0,0,0,0,0,0,0,2,34.6162123998234,65.3837876001766,0,"S/CS","@rgb(88,167,0)","@rgb(255,255,255)","@rgb(128,0,0)","@symbol(3,512,0)"
"1938","Ouratea lucens (Kunth) Engl.","Ouratea lucens","Ochnaceae","Malpighiales","Rosanae","Dicot","Wright","perennial","tree",0,1,0,0,0,0,0,1,1,1,1,0,0,0,0,0,0,0,0,0,0,0,3,42.1317166260807,56.3088261114626,1.55945726245666,"CS","@rgb(107,144,4)","@rgb(255,255,255)","@rgb(128,0,0)","@symbol(3,512,0)"
"1939","Oxalis acetosella L.","Oxalis acetosella","Oxalidaceae","Oxalidales","Rosanae","Dicot","Cerabolini/Pierce","perennial","forb",0,0,1,0,1,0,0,2,0,0,0,1,1,1,0,0,0,0,1,1,0,0,5,22.397289535542,0,77.602710464458,"R/CR","@rgb(57,0,198)","@rgb(192,192,192)","@rgb(192,192,192)","@symbol(2,512,0)"
"1940","Oxalis alpina (Rose) Rose ex R. Knuth","Oxalis alpina","Oxalidaceae","Oxalidales","Rosanae","Dicot","Laughlin","perennial","forb",1,1,0,0,0,0,0,2,1,1,1,0,1,0,0,0,0,0,0,0,1,0,5,10.0847418698712,0,89.9152581301288,"R","@rgb(26,0,229)","@rgb(192,192,192)","@rgb(192,192,192)","@symbol(2,512,0)"
"1941","Oxalis corniculata L.","Oxalis corniculata","Oxalidaceae","Oxalidales","Rosanae","Dicot","Kleyer","annual","forb",1,1,1,1,1,0,1,6,1,1,1,1,1,0,1,1,0,1,0,1,1,0,10,7.19881440554378,0,92.8011855944562,"R","@rgb(18,0,237)","@rgb(192,192,192)","@rgb(192,192,192)","@symbol(2,512,0)"
"1942","Oxalis stricta L.","Oxalis stricta","Oxalidaceae","Oxalidales","Rosanae","Dicot","Cerabolini/Pierce","perennial","forb",1,0,1,0,0,0,0,2,1,0,0,1,1,0,0,1,0,0,0,0,0,0,4,23.2121147473457,0,76.7878852526543,"R/CR","@rgb(59,0,196)","@rgb(192,192,192)","@rgb(192,192,192)","@symbol(2,512,0)"
"1943","Oxyria digyna (L.) Hill","Oxyria digyna","Polygonaceae","Caryophyllales","Caryophyllanae","Dicot","Cerabolini/Pierce","perennial","forb",1,0,1,0,1,0,0,3,0,0,0,1,1,1,0,1,0,1,1,1,1,0,8,22.097156370388,0,77.902843629612,"R/CR","@rgb(56,0,199)","@rgb(192,192,192)","@rgb(192,192,192)","@symbol(2,512,0)"
"1944","Oxytropis campestris (L.) DC.","Oxytropis campestris","Fabaceae","Fabales","Rosanae","Dicot","Cerabolini","perennial","forb",1,0,1,0,0,0,0,2,0,0,0,1,1,1,0,1,0,0,1,1,0,0,6,31.4818969389705,30.1881533015918,38.3299497594378,"CSR","@rgb(80,77,98)","@rgb(192,192,192)","@rgb(192,192,192)","@symbol(2,512,0)"
"1945","Oxytropis kubanensis Leskov","Oxytropis kubanensis","Fabaceae","Fabales","Rosanae","Dicot","Soudzilovskaia","perennial","forb",0,0,1,0,0,0,0,1,0,0,0,1,0,0,0,0,0,0,0,0,0,0,1,25.3555432231896,54.9244253012411,19.7200314755693,"S/CSR","@rgb(65,140,50)","@rgb(192,192,192)","@rgb(192,192,192)","@symbol(2,512,0)"
"1946","Oxytropis lambertii Pursh","Oxytropis lambertii","Fabaceae","Fabales","Rosanae","Dicot","Laughlin","perennial","forb",1,0,0,0,0,0,0,1,0,0,1,0,1,0,0,1,0,0,0,0,1,0,4,44.4972925378846,52.7435118126145,2.75919564950094,"CS","@rgb(113,134,7)","@rgb(192,192,192)","@rgb(192,192,192)","@symbol(2,512,0)"
"1947","Pachira quinata (Jacq.) W.S. Alverson","Bombax ceiba","Malvaceae","Malvales","Rosanae","Dicot","Wright","perennial","tree",0,1,0,0,0,0,0,1,1,1,1,0,0,0,1,0,0,0,0,0,0,0,4,67.2085298691046,22.2629722390563,10.5284978918392,"C/CS","@rgb(171,57,27)","@rgb(255,255,255)","@rgb(128,0,0)","@symbol(3,512,0)"
"1948","Pachira sessilis Benth.","Pachira sessilis","Malvaceae","Malvales","Rosanae","Dicot","Wright","perennial","tree",0,1,0,0,0,0,0,1,1,1,0,0,0,0,0,0,0,0,0,0,0,0,2,66.4766120666456,23.1930999356659,10.3302879976885,"C/CS","@rgb(170,59,26)","@rgb(255,255,255)","@rgb(128,0,0)","@symbol(3,512,0)"
"1949","Paeonia officinalis L. officinalis","Paeonia officinalis subsp. officinalis","Paeoniaceae","Saxifragales","Myrothamnanae","Dicot","Cerabolini/Pierce","perennial","forb",0,0,1,0,0,0,0,1,0,0,0,0,1,0,0,0,0,0,0,0,0,0,1,67.7984710573225,27.3337507645951,4.86777817808237,"C/CS","@rgb(173,70,12)","@rgb(192,192,192)","@rgb(192,192,192)","@symbol(2,512,0)"
"1950","Paepalanthus geniculatus Kunth","Paepalanthus geniculatus","Eriocaulaceae","Poales","Lilianae","Monocot","Negreiros","perennial","forb",0,1,0,0,0,0,0,1,0,0,0,0,0,0,1,0,0,0,0,0,0,0,1,14.2769841956153,80.3576577453014,5.36535805908333,"S/CS","@rgb(36,205,14)","@rgb(192,192,192)","@rgb(192,192,192)","@symbol(2,512,0)"
"1951","Paepalanthus nigrescens Silveira","Paepalanthus nigrescens","Eriocaulaceae","Poales","Lilianae","Monocot","Negreiros","perennial","forb",0,1,0,0,0,0,0,1,0,0,0,0,0,0,1,0,0,0,0,0,0,0,1,27.2007921192579,58.0358574122718,14.7633504684703,"S/CSR","@rgb(69,148,38)","@rgb(192,192,192)","@rgb(192,192,192)","@symbol(2,512,0)"
"1952","Palicourea guianensis Aubl.","Palicourea guianensis","Rubiaceae","Gentianales","Asteranae","Dicot","Wright","perennial","shrub",0,1,0,0,0,0,0,1,1,1,1,0,0,0,1,0,0,0,0,0,0,0,4,50.7949299107591,34.4998865366198,14.7051835526212,"CS/CSR","@rgb(130,88,37)","@rgb(192,192,192)","@rgb(0,0,0)","@symbol(6,512,0)"
"1953","Panicum capillare L.","Panicum capillare","Poaceae","Poales","Lilianae","Monocot","Shipley","annual","graminoid",1,0,0,0,0,0,0,1,0,0,0,1,1,0,0,1,0,0,0,1,1,0,5,31.1402319820087,46.2985707032712,22.5611973147201,"S/CSR","@rgb(79,118,58)","@rgb(0,0,0)","@rgb(0,128,0)","@symbol(4,512,0)"
"1954","Panicum cyanescens Nees","Trichanthecium cyanescens","Poaceae","Poales","Lilianae","Monocot","Negreiros","perennial","graminoid",0,1,0,0,0,0,0,1,1,1,1,0,0,0,1,0,0,0,0,0,1,0,5,7.81212957797174,81.1956937560883,10.99217666594,"S","@rgb(20,207,28)","@rgb(0,0,0)","@rgb(0,128,0)","@symbol(4,512,0)"
"1955","Panicum dichotomiflorum Michx.","Panicum dichotomiflorum","Poaceae","Poales","Lilianae","Monocot","Cerabolini/Pierce","annual","graminoid",1,1,0,0,0,0,0,2,1,1,0,1,1,0,1,1,1,0,0,1,1,1,10,61.2847249750135,14.5621676516284,24.1531073733581,"C/CSR","@rgb(156,37,62)","@rgb(0,0,0)","@rgb(0,128,0)","@symbol(4,512,0)"
"1956","Panicum flexile (Gatt.) Scribn.","Panicum flexile","Poaceae","Poales","Lilianae","Monocot","Weiher","annual","graminoid",1,0,0,0,0,0,0,1,0,0,0,1,1,0,0,1,0,0,0,0,0,0,3,6.73520104151326,67.3987419225596,25.8660570359272,"S/SR","@rgb(17,172,66)","@rgb(0,0,0)","@rgb(0,128,0)","@symbol(4,512,0)"
"1957","Panicum gattingeri Nash","Panicum gattingeri","Poaceae","Poales","Lilianae","Monocot","Cerabolini","annual","graminoid",1,0,0,0,0,0,0,1,0,0,0,1,0,0,0,1,0,0,0,0,0,0,2,2.88731435453938,50.3617368594315,46.7509487860291,"SR","@rgb(7,128,119)","@rgb(0,0,0)","@rgb(0,128,0)","@symbol(4,512,0)"
"1958","Panicum lindheimeri Nash","Dichanthelium lindheimeri","Poaceae","Poales","Lilianae","Monocot","Weiher","perennial","graminoid",1,0,0,0,0,0,0,1,0,0,0,1,0,0,0,0,0,0,0,0,0,0,1,3.11498958188271,66.9227100963069,29.9623003218104,"S/SR","@rgb(8,171,76)","@rgb(0,0,0)","@rgb(0,128,0)","@symbol(4,512,0)"
"1959","Panicum virgatum L.","Panicum virgatum","Poaceae","Poales","Lilianae","Monocot","Weiher","perennial","graminoid",1,1,0,0,0,0,0,2,1,1,1,1,1,0,1,1,0,0,0,1,1,0,9,17.0355920689994,57.0604778202032,25.9039301107975,"S/CSR","@rgb(43,146,66)","@rgb(0,0,0)","@rgb(0,128,0)","@symbol(4,512,0)"
"1960","Papaver apulum Ten.","Roemeria apula","Papaveraceae","Ranunculales","Ranunculanae","Dicot","Cerabolini/Pierce","annual","forb",0,0,1,0,0,0,0,1,0,0,0,1,0,0,0,0,0,0,0,1,0,0,2,24.4833535367739,7.4950546793397,68.0215917838864,"R/CR","@rgb(62,19,173)","@rgb(192,192,192)","@rgb(192,192,192)","@symbol(2,512,0)"
"1961","Papaver rhaeticum Leresche","Oreomecon alpina subsp. alpina","Papaveraceae","Ranunculales","Ranunculanae","Dicot","Cerabolini","perennial","forb",0,0,1,0,0,0,0,1,0,0,0,1,1,0,0,0,0,0,0,1,0,0,3,21.9676620325617,0,78.0323379674383,"R/CR","@rgb(56,0,199)","@rgb(192,192,192)","@rgb(192,192,192)","@symbol(2,512,0)"
"1962","Papaver rhoeas L. rhoeas","Papaver rhoeas subsp. rhoeas","Papaveraceae","Ranunculales","Ranunculanae","Dicot","Cerabolini/Pierce","annual","forb",0,0,1,0,0,0,0,1,0,0,0,1,1,1,0,0,0,0,0,1,0,0,4,34.6861013201371,0,65.3138986798629,"R/CR","@rgb(88,0,167)","@rgb(192,192,192)","@rgb(192,192,192)","@symbol(2,512,0)"
"1963","Papaver somniferum L.","Papaver somniferum","Papaveraceae","Ranunculales","Ranunculanae","Dicot","Kleyer","annual","forb",0,0,1,0,0,0,0,1,0,0,0,0,0,0,0,0,0,0,0,1,0,0,1,59.3414159585086,4.00247290707809,36.6561111344133,"CR","@rgb(151,10,93)","@rgb(192,192,192)","@rgb(192,192,192)","@symbol(2,512,0)"
"1964","Paragonia pyramidata (Rich.) Bureau","Tanaecium pyramidatum","Bignoniaceae","Lamiales","Asteranae","Dicot","Wright","perennial","liana",0,1,0,0,0,0,0,1,1,1,1,0,0,0,1,0,0,1,0,0,0,0,5,64.7131017803267,21.7624528904807,13.5244453291926,"C/CS","@rgb(165,55,34)","@rgb(128,128,128)","@rgb(128,128,128)","@symbol(3,512,0)"
"1965","Parapholis strigosa (Dumort.) C.E. Hubb.","Parapholis strigosa","Poaceae","Poales","Lilianae","Monocot","Kleyer","annual","graminoid",0,0,1,0,0,0,0,1,0,0,0,1,0,0,0,0,0,0,0,1,0,0,2,0,54.9456489970032,45.0543510029968,"SR","@rgb(0,140,115)","@rgb(0,0,0)","@rgb(0,128,0)","@symbol(4,512,0)"
"1966","Parietaria judaica L.","Parietaria judaica","Urticaceae","Rosales","Rosanae","Dicot","Cerabolini/Pierce","perennial","forb",0,0,1,0,0,0,0,1,0,0,0,1,0,0,0,1,0,1,0,1,1,0,5,20.4178053765765,6.88332682601992,72.6988677974036,"R/CR","@rgb(52,18,185)","@rgb(192,192,192)","@rgb(192,192,192)","@symbol(2,512,0)"
"1967","Parietaria officinalis L.","Parietaria officinalis","Urticaceae","Rosales","Rosanae","Dicot","Cerabolini/Pierce","perennial","forb",0,0,1,0,0,0,0,1,0,0,0,1,1,0,0,1,0,0,0,1,1,0,5,34.2366159598381,17.566231788268,48.1971522518939,"CR/CSR","@rgb(87,45,123)","@rgb(192,192,192)","@rgb(192,192,192)","@symbol(2,512,0)"
"1968","Paris quadrifolia L.","Paris quadrifolia","Melanthiaceae","Liliales","Lilianae","Monocot","Cerabolini/Pierce","perennial","forb",0,0,1,0,0,0,0,1,0,0,0,1,1,1,0,1,0,0,1,1,0,0,6,48.4730790385357,0,51.5269209614643,"CR","@rgb(124,0,131)","@rgb(192,192,192)","@rgb(192,192,192)","@symbol(2,512,0)"
"1969","Parnassia palustris L. palustris","Parnassia palustris var. palustris","Celastraceae","Celastrales","Rosanae","Dicot","Cerabolini/Pierce","perennial","forb",1,0,1,0,0,0,0,2,0,0,0,1,1,1,0,1,0,1,1,1,0,0,7,20.9619658757374,18.8051220220273,60.2329121022353,"R/CSR","@rgb(53,48,154)","@rgb(192,192,192)","@rgb(192,192,192)","@symbol(2,512,0)"
"1970","Paropsia vareciformis Mast.","Paropsia vareciformis","Flacourtiaceae","Malpighiales","Rosanae","Dicot","SJ Wright Pasoh","perennial","tree",0,0,0,0,1,0,0,1,1,0,0,0,0,0,0,0,0,0,0,0,0,0,1,32.1909866013477,66.2483412015642,1.56067219708808,"S/CS","@rgb(82,169,4)","@rgb(255,255,255)","@rgb(128,0,0)","@symbol(3,512,0)"
"1971","Parthenocissus inserta (A. Kern.) Fritsch","Parthenocissus quinquefolia","Vitaceae","Vitales","Rosanae","Dicot","Kleyer","perennial","shrub",1,0,0,0,0,0,0,1,0,0,0,1,1,0,0,1,0,0,0,1,1,0,5,66.468139900144,15.6005905757559,17.9312695241001,"C/CR","@rgb(169,40,46)","@rgb(192,192,192)","@rgb(0,0,0)","@symbol(6,512,0)"
"1972","Parthenocissus quinquefolia (L.) Planch.","Parthenocissus quinquefolia","Vitaceae","Vitales","Rosanae","Dicot","Cerabolini/Pierce","perennial","liana",1,1,0,0,0,0,0,2,1,1,1,1,1,0,1,1,0,0,0,1,1,0,9,66.2319290397405,13.0569506162472,20.7111203440123,"C/CR","@rgb(169,33,53)","@rgb(128,128,128)","@rgb(128,128,128)","@symbol(3,512,0)"
"1973","Parthenocissus tricuspidata (Siebold & Zucc.) Planch.","Parthenocissus tricuspidata","Vitaceae","Vitales","Rosanae","Dicot","Cerabolini/Pierce","perennial","liana",0,0,1,0,1,0,0,2,1,0,0,1,1,0,0,0,0,0,0,0,0,0,3,55.1481084096199,31.409446098569,13.4424454918111,"C/CSR","@rgb(141,80,34)","@rgb(128,128,128)","@rgb(128,128,128)","@symbol(3,512,0)"
"1974","Pascopyrum smithii (Rydb.) Barkworth & D.R. Dewey","Elymus smithii","Poaceae","Poales","Lilianae","Monocot","Laughlin","perennial","graminoid",1,0,0,0,0,0,0,1,0,0,0,1,1,0,0,1,0,0,0,0,1,0,4,22.2707989970304,67.2293735566407,10.4998274463289,"S/CS","@rgb(57,171,27)","@rgb(0,0,0)","@rgb(0,128,0)","@symbol(4,512,0)"
"1975","Paspalum dilatatum Poir.","Paspalum dilatatum","Poaceae","Poales","Lilianae","Monocot","Cerabolini/Pierce","perennial","graminoid",0,1,0,0,0,0,0,1,1,1,0,0,0,0,1,1,1,1,0,0,0,0,6,33.6765858918701,26.0591080034945,40.2643061046354,"CSR","@rgb(86,66,103)","@rgb(0,0,0)","@rgb(0,128,0)","@symbol(4,512,0)"
"1976","Paspalum erianthum Nees ex Trin.","Paspalum erianthum","Poaceae","Poales","Lilianae","Monocot","Negreiros","perennial","graminoid",0,1,0,0,0,0,0,1,1,1,1,0,0,0,1,0,0,0,0,0,1,0,5,24.8730208290654,75.1269791709346,0,"S/CS","@rgb(63,192,0)","@rgb(0,0,0)","@rgb(0,128,0)","@symbol(4,512,0)"
"1977","Paspalum floridanum Michx.","Paspalum floridanum","Poaceae","Poales","Lilianae","Monocot","Weiher","perennial","graminoid",1,0,0,0,0,0,0,1,0,0,0,1,1,0,1,1,0,0,0,0,0,0,4,4.47357969167977,73.2695299917233,22.256890316597,"S/SR","@rgb(11,187,57)","@rgb(0,0,0)","@rgb(0,128,0)","@symbol(4,512,0)"
"1978","Paspalum pectinatum Nees ex Trin.","Paspalum pectinatum","Poaceae","Poales","Lilianae","Monocot","Negreiros","perennial","graminoid",0,1,0,0,0,0,0,1,1,1,1,0,0,0,1,0,1,0,0,0,0,0,5,20.1285667948677,79.8714332051323,0,"S/CS","@rgb(51,204,0)","@rgb(0,0,0)","@rgb(0,128,0)","@symbol(4,512,0)"
"1979","Passiflora vitifolia Kunth","Passiflora vitifolia","Passifloraceae","Malpighiales","Rosanae","Dicot","Wright","perennial","liana",0,1,0,0,0,0,0,1,1,1,0,0,0,0,1,0,0,0,0,0,0,0,3,50.7406111966887,17.8713467691603,31.388042034151,"C/CSR","@rgb(129,46,80)","@rgb(128,128,128)","@rgb(128,128,128)","@symbol(3,512,0)"
"1980","Pastinaca sativa L. sylvestris (Mill.) Rouy & E. G. Cam.","Pastinaca sativa subsp. sativa","Apiaceae","Apiales","Asteranae","Dicot","Cerabolini/Pierce","perennial","forb",0,0,1,0,0,0,0,1,0,0,0,1,0,0,0,0,0,0,0,1,0,0,2,62.6893784882687,16.1205984436141,21.1900230681171,"C/CSR","@rgb(160,41,54)","@rgb(192,192,192)","@rgb(192,192,192)","@symbol(2,512,0)"
"1981","Paullinia baileyi Standl.","Paullinia baileyi","Sapindaceae","Sapindales","Rosanae","Dicot","Wright","perennial","liana",0,1,0,0,0,0,0,1,1,0,0,0,0,0,0,0,0,0,0,0,0,0,1,73.2256794579492,16.3588731100066,10.4154474320442,"C/CS","@rgb(187,42,27)","@rgb(128,128,128)","@rgb(128,128,128)","@symbol(3,512,0)"
"1982","Paullinia fibrigera Radlk.","Paullinia clavigera var. clavigera","Sapindaceae","Sapindales","Rosanae","Dicot","Wright","perennial","liana",0,1,0,0,0,0,0,1,1,0,0,0,0,0,0,0,0,0,0,0,0,0,1,52.3866364504545,45.2255848776151,2.38777867193046,"CS","@rgb(134,115,6)","@rgb(128,128,128)","@rgb(128,128,128)","@symbol(3,512,0)"
"1983","Paullinia rugosa Benth. ex Radlk.","Paullinia rugosa","Sapindaceae","Sapindales","Rosanae","Dicot","Wright","perennial","liana",0,1,0,0,0,0,0,1,1,1,0,0,0,0,0,0,0,0,0,0,0,0,2,74.4425434477078,20.2458197802473,5.31163677204489,"C/CS","@rgb(190,52,14)","@rgb(128,128,128)","@rgb(128,128,128)","@symbol(3,512,0)"
"1984","Paullinia turbacensis Kunth","Paullinia turbacensis","Sapindaceae","Sapindales","Rosanae","Dicot","Wright","perennial","liana",0,1,0,0,0,0,0,1,1,0,0,0,0,0,0,0,0,0,0,0,0,0,1,54.1311831089696,31.6179142257432,14.2509026652872,"C/CSR","@rgb(138,81,36)","@rgb(128,128,128)","@rgb(128,128,128)","@symbol(3,512,0)"
"1985","Paulownia tomentosa (Thunb.) Steud.","Paulownia tomentosa","Paulowniaceae","Lamiales","Asteranae","Dicot","Cerabolini/Pierce","perennial","tree",0,0,1,0,0,0,0,1,1,0,0,1,1,0,0,0,0,1,0,0,0,0,4,84.1648934747371,2.6642146904659,13.170891834797,"C","@rgb(215,7,34)","@rgb(255,255,255)","@rgb(128,0,0)","@symbol(3,512,0)"
"1986","Payena lucida A. DC.","Payena lucida","Sapotaceae","Ericales","Asteranae","Dicot","SJ Wright Pasoh","perennial","tree",0,0,0,0,1,0,0,1,1,0,0,0,0,0,0,0,0,0,0,0,0,0,1,31.0622306625835,59.821500327278,9.11626901013848,"S/CS","@rgb(79,153,23)","@rgb(255,255,255)","@rgb(128,0,0)","@symbol(3,512,0)"
"1987","Pedicularis caucasica M. Bieb.","Pedicularis caucasica","Orobanchaceae","Lamiales","Asteranae","Dicot","Soudzilovskaia","perennial","forb",0,0,1,0,0,0,0,1,0,0,0,1,0,0,0,1,0,0,0,0,0,0,2,13.5433020161164,63.345943521818,23.1107544620655,"S/SR","@rgb(35,162,59)","@rgb(192,192,192)","@rgb(192,192,192)","@symbol(2,512,0)"
"1988","Pedicularis comosa L.","Pedicularis comosa","Orobanchaceae","Lamiales","Asteranae","Dicot","Soudzilovskaia","perennial","forb",0,0,1,0,0,0,0,1,0,0,0,1,1,0,0,0,0,0,0,1,0,0,3,27.3074245111602,48.8689777745164,23.8235977143235,"S/CSR","@rgb(70,125,61)","@rgb(192,192,192)","@rgb(192,192,192)","@symbol(2,512,0)"
"1989","Pedicularis condensata M. Bieb.","Pedicularis condensata","Orobanchaceae","Lamiales","Asteranae","Dicot","Soudzilovskaia","perennial","forb",0,0,1,0,0,0,0,1,0,0,0,1,1,0,0,1,0,0,0,0,0,0,3,35.9172582546427,34.4629910013179,29.6197507440394,"CSR","@rgb(92,88,76)","@rgb(192,192,192)","@rgb(192,192,192)","@symbol(2,512,0)"
"1990","Pedicularis gyroflexa Vill.","Pedicularis gyroflexa","Orobanchaceae","Lamiales","Asteranae","Dicot","Cerabolini/Pierce","perennial","forb",0,0,1,0,0,0,0,1,0,0,0,0,1,0,0,0,0,0,0,1,0,0,2,23.3253533208093,59.2917565923283,17.3828900868624,"S/CSR","@rgb(59,151,44)","@rgb(192,192,192)","@rgb(192,192,192)","@symbol(2,512,0)"
"1991","Pedicularis kerneri Dalla Torre","Pedicularis kerneri","Orobanchaceae","Lamiales","Asteranae","Dicot","Cerabolini/Pierce","perennial","forb",0,0,1,0,0,0,0,1,0,0,0,1,1,0,0,0,0,0,0,1,0,0,3,19.6653445273941,75.073649713612,5.26100575899396,"S/CS","@rgb(50,191,13)","@rgb(192,192,192)","@rgb(192,192,192)","@symbol(2,512,0)"
"1992","Pedicularis lapponica L.","Pedicularis lapponica","Orobanchaceae","Lamiales","Asteranae","Dicot","Cornelissen","perennial","forb",1,0,1,0,0,0,0,2,0,0,0,0,0,0,0,0,0,0,1,0,0,0,1,12.5864000349906,29.9917175881186,57.4218823768909,"R/CSR","@rgb(32,76,146)","@rgb(192,192,192)","@rgb(192,192,192)","@symbol(2,512,0)"
"1993","Pedicularis nordmanniana Bunge","Pedicularis nordmanniana","Orobanchaceae","Lamiales","Asteranae","Dicot","Soudzilovskaia","perennial","forb",0,0,1,0,0,0,0,1,0,0,0,1,1,0,0,0,0,0,0,0,0,0,2,20.5116087101514,24.0924999653751,55.3958913244736,"R/CSR","@rgb(52,61,141)","@rgb(192,192,192)","@rgb(192,192,192)","@symbol(2,512,0)"
"1994","Pedicularis oederi Vahl","Pedicularis oederi","Orobanchaceae","Lamiales","Asteranae","Dicot","Kleyer","perennial","forb",1,0,1,0,1,0,0,3,0,0,0,1,1,1,0,0,0,1,1,0,0,0,5,23.2113584812006,0,76.7886415187994,"R/CR","@rgb(59,0,196)","@rgb(192,192,192)","@rgb(192,192,192)","@symbol(2,512,0)"
"1995","Pedicularis palustris L.","Pedicularis palustris","Orobanchaceae","Lamiales","Asteranae","Dicot","Kleyer","perennial","forb",1,0,1,0,0,0,0,2,0,0,0,1,1,1,0,0,0,0,1,0,0,0,4,23.3300030060538,0,76.6699969939462,"R/CR","@rgb(59,0,196)","@rgb(192,192,192)","@rgb(192,192,192)","@symbol(2,512,0)"
"1996","Pedicularis rostratocapitata Crantz","Pedicularis rostratocapitata","Orobanchaceae","Lamiales","Asteranae","Dicot","Cerabolini","perennial","forb",0,0,1,0,0,0,0,1,0,0,0,1,1,0,0,0,0,0,0,0,0,0,2,23.3623037903718,48.6841927471821,27.9535034624461,"S/CSR","@rgb(60,124,71)","@rgb(192,192,192)","@rgb(192,192,192)","@symbol(2,512,0)"
"1997","Pedicularis verticillata L.","Pedicularis verticillata","Orobanchaceae","Lamiales","Asteranae","Dicot","Cerabolini","perennial","forb",1,0,1,0,1,0,0,3,1,0,0,1,1,1,0,0,0,1,1,0,0,0,6,12.4622893121608,22.5314034516746,65.0063072361647,"R/SR","@rgb(32,57,166)","@rgb(192,192,192)","@rgb(192,192,192)","@symbol(2,512,0)"
"1998","Pellaea cymbiformis J. Prado","Hemionitis cymbiformis","Pteridaceae","Polypodiales",NA,"Fern","Negreiros","perennial","forb",0,1,0,0,0,0,0,1,0,0,0,0,0,0,1,0,0,0,0,0,0,0,1,27.7083657810089,72.291634218991,0,"S/CS","@rgb(71,184,0)","@rgb(192,192,192)","@rgb(192,192,192)","@symbol(2,512,0)"
"1999","Pennisetum ciliare (L.) Link","Cenchrus ciliaris","Poaceae","Poales","Lilianae","Monocot","Buffa/Nyakunga","perennial","graminoid",0,0,1,1,0,0,0,2,1,1,0,0,0,0,1,0,1,1,0,1,1,1,8,16.4706044805207,67.3718879804619,16.1575075390174,"S/CS","@rgb(42,172,41)","@rgb(0,0,0)","@rgb(0,128,0)","@symbol(4,512,0)"
"2000","Pennisetum mezianum Leeke","Cenchrus mezianus","Poaceae","Poales","Lilianae","Monocot","Buffa/Nyakunga","perennial","graminoid",0,0,0,1,0,0,0,1,1,0,0,0,0,0,1,0,0,0,0,0,1,0,3,13.7833547564835,19.2123735111756,67.0042717323409,"R/SR","@rgb(35,49,171)","@rgb(0,0,0)","@rgb(0,128,0)","@symbol(4,512,0)"
"2001","Penstemon barbatus (Cav.) Roth","Penstemon barbatus","Plantaginaceae","Lamiales","Asteranae","Dicot","Laughlin","perennial","forb",1,1,0,0,0,0,0,2,1,1,1,0,1,0,0,0,0,0,0,0,1,0,5,39.5471006342292,43.2526950180907,17.2002043476801,"CS/CSR","@rgb(101,110,44)","@rgb(192,192,192)","@rgb(192,192,192)","@symbol(2,512,0)"
"2002","Penstemon linarioides A. Gray","Penstemon linarioides","Plantaginaceae","Lamiales","Asteranae","Dicot","Laughlin","perennial","shrub",1,0,0,0,0,0,0,1,0,0,1,0,1,0,0,0,0,0,0,0,1,0,3,0,100,0,"S","@rgb(0,255,0)","@rgb(192,192,192)","@rgb(0,0,0)","@symbol(6,512,0)"
"2003","Penstemon virgatus A. Gray","Penstemon virgatus","Plantaginaceae","Lamiales","Asteranae","Dicot","Laughlin","perennial","forb",1,0,0,0,0,0,0,1,0,0,0,0,1,0,0,1,0,0,0,0,1,0,3,21.0769504709964,78.9230495290036,0,"S/CS","@rgb(54,201,0)","@rgb(192,192,192)","@rgb(192,192,192)","@symbol(2,512,0)"
"2004","Pentaglottis sempervirens Tausch",NA,"Boraginaceae","Boraginales","Asteranae","Dicot","Kleyer","perennial","forb",0,0,1,0,0,0,0,1,0,0,0,1,0,0,0,0,0,0,0,1,0,0,2,77.9710758135384,0,22.0289241864616,"C/CR","@rgb(199,0,56)","@rgb(192,192,192)","@rgb(192,192,192)","@symbol(2,512,0)"
"2005","Pentagonia macrophylla Benth.","Pentagonia macrophylla","Rubiaceae","Gentianales","Asteranae","Dicot","Wright","perennial","tree",0,1,0,0,0,0,0,1,1,0,0,0,0,0,0,0,0,0,0,0,0,0,1,90.5377971307842,6.25676109771091,3.20544177150494,"C","@rgb(231,16,8)","@rgb(255,255,255)","@rgb(128,0,0)","@symbol(3,512,0)"
"2006","Pentaspadon motleyi Hook. f.","Pentaspadon motleyi","Anacardiaceae","Sapindales","Rosanae","Dicot","SJ Wright Pasoh","perennial","tree",0,0,0,0,1,1,0,2,1,0,0,0,0,0,0,0,0,0,0,0,0,0,1,43.0138269657919,56.9861730342081,0,"CS","@rgb(110,145,0)","@rgb(255,255,255)","@rgb(128,0,0)","@symbol(3,512,0)"
"2007","Penthorum sedoides L.","Penthorum sedoides","Penthoraceae","Saxifragales","Myrothamnanae","Dicot","Shipley","perennial","forb",1,0,0,0,0,0,0,1,0,0,0,1,1,0,0,1,0,0,0,0,0,0,3,15.1461212407955,28.2378057874248,56.6160729717797,"R/CSR","@rgb(39,72,144)","@rgb(192,192,192)","@rgb(192,192,192)","@symbol(2,512,0)"
"2008","Pera glabrata (Schott) Poepp. ex Baill.","Pera glabrata","Euphorbiaceae","Malpighiales","Rosanae","Dicot","Pinho","perennial","tree",0,1,0,0,0,0,0,1,1,1,0,0,0,0,1,0,0,0,0,0,1,0,4,37.4095242569375,62.5904757430625,0,"S/CS","@rgb(95,160,0)","@rgb(255,255,255)","@rgb(128,0,0)","@symbol(3,512,0)"
"2009","Perebea xanthochyma H. Karst.","Perebea xanthochyma","Moraceae","Rosales","Rosanae","Dicot","Wright","perennial","tree",0,1,0,0,0,0,0,1,1,1,0,0,0,0,1,0,0,0,0,0,0,0,3,53.6319382255097,38.6885451297624,7.67951664472788,"CS","@rgb(137,99,20)","@rgb(255,255,255)","@rgb(128,0,0)","@symbol(3,512,0)"
"2010","Periploca graeca L.","Periploca graeca","Apocynaceae","Gentianales","Asteranae","Dicot","Cerabolini/Pierce","perennial","liana",0,0,1,0,0,0,0,1,0,0,0,1,1,0,0,1,0,0,0,1,1,0,5,48.4674993205503,20.4661535633466,31.0663471161031,"C/CSR","@rgb(124,52,79)","@rgb(128,128,128)","@rgb(128,128,128)","@symbol(3,512,0)"
"2011","Persicaria amphibia (L.) Delarbre","Persicaria amphibia","Polygonaceae","Caryophyllales","Caryophyllanae","Dicot","Cerabolini/Pierce","perennial","aquatic",1,0,1,1,1,0,0,4,1,0,0,1,1,1,0,1,0,1,0,1,1,0,8,34.9214751681529,9.54763575306174,55.5308890787853,"CR","@rgb(89,24,142)","@rgb(192,192,192)","@rgb(0,0,255)","@symbol(5,512,0)"
"2012","Persicaria dubia (Stein.) Fourr.","Persicaria mitis","Polygonaceae","Caryophyllales","Caryophyllanae","Dicot","Cerabolini/Pierce","annual","aquatic",0,0,1,0,0,0,0,1,0,0,0,1,0,0,0,0,0,0,0,0,0,0,1,23.9073704797399,0,76.0926295202601,"R/CR","@rgb(61,0,194)","@rgb(192,192,192)","@rgb(0,0,255)","@symbol(5,512,0)"
"2013","Persicaria hydropiper (L.) Delarbre","Persicaria hydropiper","Polygonaceae","Caryophyllales","Caryophyllanae","Dicot","Cerabolini/Pierce","annual","aquatic",0,0,1,0,1,1,0,3,1,0,0,1,1,1,1,1,0,1,0,1,1,0,9,22.6045711759501,0,77.3954288240499,"R/CR","@rgb(58,0,197)","@rgb(192,192,192)","@rgb(0,0,255)","@symbol(5,512,0)"
"2014","Persicaria lapathifolia (L.) Delarbre lapathifolia","Persicaria lapathifolia","Polygonaceae","Caryophyllales","Caryophyllanae","Dicot","Cerabolini/Pierce","annual","forb",0,0,1,0,1,0,0,2,1,0,0,1,1,1,0,1,0,1,1,1,0,0,8,40.1679694651301,47.921585786152,11.9104447487178,"CS/CSR","@rgb(102,122,30)","@rgb(192,192,192)","@rgb(192,192,192)","@symbol(2,512,0)"
"2015","Petasites albus (L.) Gaertn.","Petasites albus","Asteraceae","Asterales","Asteranae","Dicot","Kleyer","perennial","forb",0,0,1,0,0,0,0,1,0,0,0,1,1,1,0,0,0,0,0,1,0,0,4,77.1802155164631,0,22.8197844835369,"C/CR","@rgb(197,0,58)","@rgb(192,192,192)","@rgb(192,192,192)","@symbol(2,512,0)"
"2016","Petasites spurius Miq.","Petasites japonicus subsp. japonicus","Asteraceae","Asterales","Asteranae","Dicot","Kleyer","perennial","forb",0,0,1,0,0,0,0,1,0,0,0,1,0,0,0,0,0,0,0,0,0,0,1,97.137148073276,0.974572129696933,1.88827979702708,"C","@rgb(248,2,5)","@rgb(192,192,192)","@rgb(192,192,192)","@symbol(2,512,0)"
"2017","Petrea volubilis L.","Petrea volubilis","Verbenaceae","Lamiales","Asteranae","Dicot","Wright","perennial","liana",0,1,0,0,0,0,0,1,1,1,1,0,0,0,1,0,0,0,0,0,0,0,4,48.5783419965378,43.1411368488953,8.28052115456689,"CS","@rgb(124,110,21)","@rgb(128,128,128)","@rgb(128,128,128)","@symbol(3,512,0)"
"2018","Petrorhagia prolifera (L.) P. W. Ball & Heywood","Petrorhagia prolifera","Caryophyllaceae","Caryophyllales","Caryophyllanae","Dicot","Cerabolini/Pierce","annual","forb",0,0,1,0,0,0,0,1,0,0,0,1,1,0,0,0,0,0,0,1,0,0,3,9.71215260866836,64.6277034193974,25.6601439719342,"S/SR","@rgb(25,165,65)","@rgb(192,192,192)","@rgb(192,192,192)","@symbol(2,512,0)"
"2019","Peucedanum cervaria (L.) Lapeyr.","Peucedanum cervaria","Apiaceae","Apiales","Asteranae","Dicot","Cerabolini/Pierce","perennial","forb",0,0,1,0,0,0,0,1,0,0,0,1,1,0,0,0,0,0,0,1,0,0,3,58.2304569254488,28.0641217571118,13.7054213174394,"C/CSR","@rgb(148,72,35)","@rgb(192,192,192)","@rgb(192,192,192)","@symbol(2,512,0)"
"2020","Peucedanum officinale L.","Peucedanum officinale","Apiaceae","Apiales","Asteranae","Dicot","Kleyer","perennial","forb",0,0,1,0,0,0,0,1,0,0,0,1,0,0,0,0,0,0,0,1,0,0,2,62.1960917424164,37.5327614316026,0.271146825981038,"CS","@rgb(159,96,1)","@rgb(192,192,192)","@rgb(192,192,192)","@symbol(2,512,0)"
"2021","Peucedanum oreoselinum Moench","Peucedanum oreoselinum","Apiaceae","Apiales","Asteranae","Dicot","Kleyer","perennial","forb",0,0,1,0,0,0,0,1,0,0,0,1,1,0,0,0,0,0,0,1,0,0,3,49.5117699513459,33.1843258957269,17.3039041529273,"CS/CSR","@rgb(126,85,44)","@rgb(192,192,192)","@rgb(192,192,192)","@symbol(2,512,0)"
"2022","Peucedanum ostruthium (L.) W. D. J. Koch","Peucedanum ostruthium","Apiaceae","Apiales","Asteranae","Dicot","Cerabolini/Pierce","perennial","forb",0,0,1,0,0,0,0,1,0,0,0,1,1,0,0,0,0,0,0,1,0,0,3,66.2346181425098,17.0957005534437,16.6696813040464,"C/CS","@rgb(169,44,43)","@rgb(192,192,192)","@rgb(192,192,192)","@symbol(2,512,0)"
"2023","Peucedanum palustre (L.) Moench","Peucedanum palustre","Apiaceae","Apiales","Asteranae","Dicot","Kleyer","perennial","forb",0,0,1,0,0,0,0,1,0,0,0,1,0,1,0,0,0,0,0,0,0,0,2,61.9381071657687,17.6603614181188,20.4015314161125,"C/CSR","@rgb(158,45,52)","@rgb(192,192,192)","@rgb(192,192,192)","@symbol(2,512,0)"
"2024","Phacelia tanacetifolia Benth.","Phacelia tanacetifolia","Boraginaceae","Boraginales","Asteranae","Dicot","Kleyer","annual","forb",1,0,0,0,0,0,0,1,0,0,0,0,1,0,0,1,0,0,0,1,1,0,4,54.1719875119525,0,45.8280124880475,"CR","@rgb(138,0,117)","@rgb(192,192,192)","@rgb(192,192,192)","@symbol(2,512,0)"
"2025","Phaeanthus ophthalmica J. Sincl.",NA,"Annonaceae","Magnoliales","Magnolianae","Dicot","SJ Wright Pasoh","perennial","shrub",0,0,0,0,1,0,0,1,1,0,0,0,0,0,0,0,0,0,0,0,0,0,1,50.0245034948343,49.0478187375709,0.927677767594831,"CS","@rgb(128,125,2)","@rgb(192,192,192)","@rgb(0,0,0)","@symbol(6,512,0)"
"2026","Phagnalon saxatile (L.) Cass.","Phagnalon saxatile","Asteraceae","Asterales","Asteranae","Dicot","Cerabolini","perennial","shrub",0,0,1,0,0,0,0,1,0,0,0,1,1,0,0,0,0,0,0,1,0,0,3,10.9201622877023,74.4516930287173,14.6281446835804,"S/SR","@rgb(28,190,37)","@rgb(192,192,192)","@rgb(0,0,0)","@symbol(6,512,0)"
"2027","Phalaris arundinacea L. arundinacea","Phalaris arundinacea","Poaceae","Poales","Lilianae","Monocot","Cerabolini/Pierce","perennial","graminoid",1,0,1,0,1,0,0,3,1,0,0,1,1,1,0,1,0,1,1,1,1,0,9,35.7248493016989,35.6147595213477,28.6603911769534,"CSR","@rgb(91,91,73)","@rgb(0,0,0)","@rgb(0,128,0)","@symbol(4,512,0)"
"2028","Phalaris canariensis L.","Phalaris canariensis","Poaceae","Poales","Lilianae","Monocot","Kleyer","annual","graminoid",0,0,1,0,0,0,0,1,0,0,0,1,0,0,0,0,0,0,0,1,0,0,2,42.50758241298,25.9644259444793,31.5279916425407,"CSR","@rgb(108,66,80)","@rgb(0,0,0)","@rgb(0,128,0)","@symbol(4,512,0)"
"2029","Phaseolus vulgaris L.","Phaseolus vulgaris","Fabaceae","Fabales","Rosanae","Dicot","Kleyer","annual","herbaceous vine",1,1,0,0,0,0,0,2,1,1,1,0,0,0,0,0,0,1,0,0,1,0,5,57.6625432111795,19.4430649197512,22.8943918690693,"C/CSR","@rgb(147,50,58)","@rgb(0,0,0)","@rgb(0,255,0)","@symbol(3,512,0)"
"2030","Phegopteris connectilis (Michx.) Watt","Phegopteris connectilis","Thelypteridaceae","Polypodiales",NA,"Fern","Cerabolini/Pierce","perennial","forb",1,0,1,0,1,0,0,3,1,0,0,1,1,1,0,1,0,0,1,1,0,0,7,50.4450338503722,3.63355168719456,45.9214144624332,"CR","@rgb(129,9,117)","@rgb(192,192,192)","@rgb(192,192,192)","@symbol(2,512,0)"
"2031","Phillyrea angustifolia L.","Phillyrea angustifolia","Oleaceae","Lamiales","Asteranae","Dicot","Pausas","perennial","shrub",0,0,1,0,0,0,0,1,0,0,0,1,0,0,0,0,0,0,0,1,0,0,2,12.4304627862591,87.5695372137409,0,"S","@rgb(32,223,0)","@rgb(192,192,192)","@rgb(0,0,0)","@symbol(6,512,0)"
"2032","Phillyrea latifolia L.","Phillyrea latifolia","Oleaceae","Lamiales","Asteranae","Dicot","Peñuelas","perennial","shrub",0,0,1,0,0,0,0,1,0,0,0,1,1,0,0,0,0,0,0,1,0,0,3,30.6759361699931,69.3240638300068,0,"S/CS","@rgb(78,177,0)","@rgb(192,192,192)","@rgb(0,0,0)","@symbol(6,512,0)"
"2033","Philodendron cordatum Kunth ex Schott","Philodendron cordatum","Araceae","Alismatales","Lilianae","Monocot","Shipley","perennial","liana",0,1,0,0,0,0,0,1,1,0,0,0,0,0,0,0,0,0,0,0,0,0,1,39.216177253301,0,60.783822746699,"CR","@rgb(100,0,155)","@rgb(128,128,128)","@rgb(128,128,128)","@symbol(3,512,0)"
"2034","Phleum alpinum L.","Phleum alpinum","Poaceae","Poales","Lilianae","Monocot","Soudzilovskaia","perennial","graminoid",1,1,1,0,0,0,0,3,0,0,0,1,1,1,0,1,0,1,1,1,1,0,8,9.71763090256626,65.6524131930059,24.6299559044279,"S/SR","@rgb(25,167,63)","@rgb(0,0,0)","@rgb(0,128,0)","@symbol(4,512,0)"
"2035","Phleum arenarium L.","Phleum arenarium","Poaceae","Poales","Lilianae","Monocot","Cerabolini","annual","graminoid",0,0,1,0,0,0,0,1,0,0,0,1,0,1,0,0,0,0,0,1,0,0,3,5.48838998863525,75.1453247901489,19.3662852212158,"S/SR","@rgb(14,192,49)","@rgb(0,0,0)","@rgb(0,128,0)","@symbol(4,512,0)"
"2036","Phleum phleoides (L.) H. Karst.","Phleum phleoides","Poaceae","Poales","Lilianae","Monocot","Kleyer","perennial","graminoid",0,0,1,0,0,0,0,1,0,0,0,1,1,1,0,1,0,0,0,1,0,0,5,11.0418382048801,66.0446959722448,22.9134658228751,"S/SR","@rgb(28,168,58)","@rgb(0,0,0)","@rgb(0,128,0)","@symbol(4,512,0)"
"2037","Phleum pratense L.","Phleum pratense","Poaceae","Poales","Lilianae","Monocot","Cerabolini","perennial","graminoid",0,0,1,0,0,0,0,1,0,0,0,1,1,1,0,1,0,0,1,1,0,0,6,26.8610668354108,30.9483127150872,42.190620449502,"CSR","@rgb(68,79,108)","@rgb(0,0,0)","@rgb(0,128,0)","@symbol(4,512,0)"
"2038","Phleum rhaeticum (Humphries) Rauschert","Phleum alpinum","Poaceae","Poales","Lilianae","Monocot","Cerabolini/Pierce","perennial","graminoid",0,0,1,0,0,0,0,1,0,0,0,1,1,0,0,0,0,0,0,0,0,0,2,20.5693577846169,57.233215952983,22.1974262624001,"S/CSR","@rgb(52,146,57)","@rgb(0,0,0)","@rgb(0,128,0)","@symbol(4,512,0)"
"2039","Phlox divaricata L.","Phlox divaricata","Polemoniaceae","Ericales","Asteranae","Dicot","Weiher","perennial","forb",1,0,0,0,0,0,0,1,0,0,0,1,1,0,1,1,0,0,0,0,0,0,4,18.6173040120951,14.3976428359564,66.9850531519484,"R/CR","@rgb(47,37,171)","@rgb(192,192,192)","@rgb(192,192,192)","@symbol(2,512,0)"
"2040","Phlox speciosa Pursh","Phlox speciosa","Polemoniaceae","Ericales","Asteranae","Dicot","Laughlin","perennial","shrub",1,0,0,0,0,0,0,1,0,0,0,0,1,0,0,1,0,0,0,1,1,0,4,9.94714748517086,85.0300040625446,5.02284845228456,"S","@rgb(25,217,13)","@rgb(192,192,192)","@rgb(0,0,0)","@symbol(6,512,0)"
"2041","Phragmites australis (Cav.) Trin. ex Steud. australis","Phragmites australis subsp. australis","Poaceae","Poales","Lilianae","Monocot","Cerabolini","perennial","graminoid",1,1,1,1,1,1,0,6,1,1,1,1,1,1,1,1,1,1,1,1,1,1,14,39.4100710341256,37.8042951232427,22.7856338426316,"CS/CSR","@rgb(100,96,58)","@rgb(0,0,0)","@rgb(0,128,0)","@symbol(4,512,0)"
"2042","Phryganocydia corymbosa (Vent.) Bureau ex K. Schum.","Bignonia corymbosa","Bignoniaceae","Lamiales","Asteranae","Dicot","Wright","perennial","liana",0,1,0,0,0,0,0,1,1,1,0,0,0,0,1,0,1,0,0,0,1,0,5,53.7651227871063,38.6203019856164,7.61457522727728,"CS","@rgb(137,98,19)","@rgb(128,128,128)","@rgb(128,128,128)","@symbol(3,512,0)"
"2043","Phyllodoce caerulea (L.) Bab.","Phyllodoce caerulea","Ericaceae","Ericales","Asteranae","Dicot","Kleyer","perennial","shrub",1,0,1,0,0,0,0,2,0,0,0,1,1,1,0,0,0,0,1,0,0,0,4,0,99.8986703845973,0.101329615402704,"S","@rgb(0,255,0)","@rgb(192,192,192)","@rgb(0,0,0)","@symbol(6,512,0)"
"2044","Physalis heterophylla Nees","Physalis heterophylla","Solanaceae","Solanales","Asteranae","Dicot","Weiher","perennial","forb",1,0,0,0,0,0,0,1,0,0,0,1,1,0,0,1,0,0,0,0,1,0,4,51.5807476288778,6.86579413399426,41.553458237128,"CR","@rgb(132,18,106)","@rgb(192,192,192)","@rgb(192,192,192)","@symbol(2,512,0)"
"2045","Physoplexis comosa (L.) Schur","Physoplexis comosa","Campanulaceae","Asterales","Asteranae","Dicot","Cerabolini/Pierce","perennial","forb",0,0,1,0,0,0,0,1,0,0,0,0,1,0,0,0,0,0,0,0,0,0,1,31.4471063729616,25.1104203835787,43.4424732434597,"CSR","@rgb(80,64,111)","@rgb(192,192,192)","@rgb(192,192,192)","@symbol(2,512,0)"
"2046","Phyteuma betonicifolium Vill.","Phyteuma betonicifolium","Campanulaceae","Asterales","Asteranae","Dicot","Cerabolini/Pierce","perennial","forb",0,0,1,0,0,0,0,1,0,0,0,1,1,0,0,0,0,0,0,1,0,0,3,40.2098866908064,0,59.7901133091936,"CR","@rgb(103,0,152)","@rgb(192,192,192)","@rgb(192,192,192)","@symbol(2,512,0)"
"2047","Phyteuma globulariifolium Sternb. & Hoppe","Phyteuma globulariifolium","Campanulaceae","Asterales","Asteranae","Dicot","Cerabolini/Pierce","perennial","forb",0,0,1,0,0,0,0,1,0,0,0,1,1,0,0,0,0,0,0,1,0,0,3,3.31517310964567,41.7599206470566,54.9249062432978,"SR","@rgb(8,106,140)","@rgb(192,192,192)","@rgb(192,192,192)","@symbol(2,512,0)"
"2048","Phyteuma hemisphaericum L.","Phyteuma hemisphaericum","Campanulaceae","Asterales","Asteranae","Dicot","Cerabolini/Pierce","perennial","forb",0,0,1,0,0,0,0,1,0,0,0,1,1,0,0,0,0,0,0,1,0,0,3,2.94115621749095,31.9753837926924,65.0834599898166,"R/SR","@rgb(7,82,166)","@rgb(192,192,192)","@rgb(192,192,192)","@symbol(2,512,0)"
"2049","Phyteuma nigrum F.W. Schmidt","Phyteuma nigrum","Campanulaceae","Asterales","Asteranae","Dicot","Kleyer","perennial","forb",0,0,1,0,0,0,0,1,0,0,0,1,1,0,0,0,0,0,0,0,0,0,2,34.2219607733308,0,65.7780392266692,"R/CR","@rgb(87,0,168)","@rgb(192,192,192)","@rgb(192,192,192)","@symbol(2,512,0)"
"2050","Phyteuma orbiculare L.","Phyteuma orbiculare","Campanulaceae","Asterales","Asteranae","Dicot","Cerabolini","perennial","forb",0,0,1,0,0,0,0,1,0,0,0,1,1,0,0,0,0,0,0,1,0,0,3,14.9624336902967,54.7754129498281,30.2621533598752,"S/CSR","@rgb(38,140,77)","@rgb(192,192,192)","@rgb(192,192,192)","@symbol(2,512,0)"
"2051","Phyteuma ovatum Honck. ovatum","Phyteuma ovatum subsp. ovatum","Campanulaceae","Asterales","Asteranae","Dicot","Cerabolini/Pierce","perennial","forb",0,0,1,0,0,0,0,1,0,0,0,1,1,0,0,0,0,0,0,1,0,0,3,35.9853253656454,0,64.0146746343546,"R/CR","@rgb(92,0,163)","@rgb(192,192,192)","@rgb(192,192,192)","@symbol(2,512,0)"
"2052","Phyteuma scheuchzeri All. columnae (Gaudin) Bech.","Phyteuma scheuchzeri subsp. columnae","Campanulaceae","Asterales","Asteranae","Dicot","Cerabolini/Pierce","perennial","forb",0,0,1,0,0,0,0,1,0,0,0,0,1,0,0,0,0,0,0,0,0,0,1,33.4447053074464,22.8324399024604,43.7228547900932,"CR/CSR","@rgb(85,58,111)","@rgb(192,192,192)","@rgb(192,192,192)","@symbol(2,512,0)"
"2053","Phyteuma spicatum L.","Phyteuma spicatum","Campanulaceae","Asterales","Asteranae","Dicot","Cerabolini/Pierce","perennial","forb",0,0,1,0,0,0,0,1,0,0,0,1,1,1,0,0,0,0,1,1,0,0,5,49.8158348729955,0,50.1841651270044,"CR","@rgb(127,0,128)","@rgb(192,192,192)","@rgb(192,192,192)","@symbol(2,512,0)"
"2054","Phytolacca americana L.","Phytolacca americana","Phytolaccaceae","Caryophyllales","Caryophyllanae","Dicot","Cerabolini","perennial","forb",1,1,0,0,0,0,0,2,1,0,1,1,1,0,1,1,1,0,0,1,0,0,8,56.7549928233175,0,43.2450071766825,"CR","@rgb(145,0,110)","@rgb(192,192,192)","@rgb(192,192,192)","@symbol(2,512,0)"
"2055","Phytolacca esculenta Van Houtte","Phytolacca esculenta","Phytolaccaceae","Caryophyllales","Caryophyllanae","Dicot","Kleyer","perennial","forb",0,0,1,0,1,0,0,2,1,0,0,1,1,0,0,0,0,0,0,0,0,0,3,75.1021737328805,0,24.8978262671195,"C/CR","@rgb(192,0,63)","@rgb(192,192,192)","@rgb(192,192,192)","@symbol(2,512,0)"
"2056","Picea abies (L.) H. Karst.","Picea abies","Pinaceae","Pinales",NA,"Gymnosperm","Cornelissen","perennial","tree",0,0,1,0,0,0,0,1,0,0,0,1,1,1,0,0,0,0,1,0,0,0,4,0,100,0,"S","@rgb(0,255,0)","@rgb(255,255,255)","@rgb(128,0,0)","@symbol(3,512,0)"
"2057","Picea orientalis (L.) Peterm.","Picea orientalis","Pinaceae","Pinales",NA,"Gymnosperm","Soudzilovskaia","perennial","tree",0,0,1,0,0,0,0,1,0,0,0,1,1,0,0,0,0,0,0,0,0,0,2,0,100,0,"S","@rgb(0,255,0)","@rgb(255,255,255)","@rgb(128,0,0)","@symbol(3,512,0)"
"2058","Picramnia latifolia Tul.","Picramnia latifolia","Picramniaceae","Picramniales","Rosanae","Dicot","Wright","perennial","tree",0,1,0,0,0,0,0,1,1,1,0,0,0,0,1,0,0,0,0,0,0,0,3,60.2912153751137,33.6508297161283,6.05795490875801,"C/CS","@rgb(154,86,15)","@rgb(255,255,255)","@rgb(128,0,0)","@symbol(3,512,0)"
"2059","Picris echioides L.","Helminthotheca echioides","Asteraceae","Asterales","Asteranae","Dicot","Díaz","annual","forb",0,0,1,0,0,0,0,1,0,0,0,1,1,1,0,0,0,0,0,1,0,0,4,55.502089326868,0,44.497910673132,"CR","@rgb(142,0,113)","@rgb(192,192,192)","@rgb(192,192,192)","@symbol(2,512,0)"
"2060","Picris hieracioides L.","Picris hieracioides","Asteraceae","Asterales","Asteranae","Dicot","Siefert","perennial","forb",0,0,1,0,1,0,0,2,1,0,0,1,1,1,0,1,0,1,0,1,1,0,8,39.2365771946815,8.1985950213264,52.5648277839921,"CR","@rgb(100,21,134)","@rgb(192,192,192)","@rgb(192,192,192)","@symbol(2,512,0)"
"2061","Pilea involucrata (Sims) Urb.","Pilea pubescens","Urticaceae","Rosales","Rosanae","Dicot","Shipley","perennial","forb",0,1,0,0,0,0,0,1,1,1,1,0,0,0,0,0,0,0,0,0,0,0,3,26.3824515418794,6.09474135814823,67.5228070999724,"R/CR","@rgb(67,16,172)","@rgb(192,192,192)","@rgb(192,192,192)","@symbol(2,512,0)"
"2062","Pilosella officinarum F.W. Schultz & Sch. Bip.","Pilosella officinarum","Asteraceae","Asterales","Asteranae","Dicot","Díaz","perennial","forb",0,0,1,0,0,0,0,1,0,0,0,1,1,1,0,1,0,0,1,1,0,0,6,9.111957191416,21.2464316258293,69.6416111827547,"R/SR","@rgb(23,54,178)","@rgb(192,192,192)","@rgb(192,192,192)","@symbol(2,512,0)"
"2063","Pilularia globulifera L.","Pilularia globulifera","Marsileaceae","Salviniales",NA,"Fern","Kleyer","perennial","aquatic",0,0,1,0,0,0,0,1,0,0,0,1,1,1,0,0,0,0,0,1,0,0,4,0.387142551045244,0,99.6128574489548,"R","@rgb(1,0,254)","@rgb(192,192,192)","@rgb(0,0,255)","@symbol(5,512,0)"
"2064","Pimelodendron griffithianum (J. Mueller-Arg. in Alph. de Candolle) Benth.","Pimelodendron griffithianum","Euphorbiaceae","Malpighiales","Rosanae","Dicot","SJ Wright Pasoh","perennial","tree",0,0,0,0,1,0,0,1,1,0,0,0,0,0,0,0,0,0,0,0,0,0,1,35.74666976593,56.5212135277457,7.73211670632431,"CS","@rgb(91,144,20)","@rgb(255,255,255)","@rgb(128,0,0)","@symbol(3,512,0)"
"2065","Pimpinella alpestris (Spreng.) Spreng.","Pimpinella saxifraga subsp. saxifraga","Apiaceae","Apiales","Asteranae","Dicot","Cerabolini","perennial","forb",0,0,1,0,0,0,0,1,0,0,0,0,1,0,0,0,0,0,0,0,0,0,1,12.8935072900396,55.9107840510074,31.195708658953,"S/CSR","@rgb(33,143,80)","@rgb(192,192,192)","@rgb(192,192,192)","@symbol(2,512,0)"
"2066","Pimpinella major (L.) Huds.","Pimpinella major","Apiaceae","Apiales","Asteranae","Dicot","Cerabolini","perennial","forb",0,0,1,0,0,0,0,1,0,0,0,1,1,1,0,0,0,0,0,1,0,0,4,48.9841692717744,16.0568310332272,34.9589996949984,"CR/CSR","@rgb(125,41,89)","@rgb(192,192,192)","@rgb(192,192,192)","@symbol(2,512,0)"
"2067","Pinguicula alpina L.","Pinguicula alpina","Lentibulariaceae","Lamiales","Asteranae","Dicot","Kleyer","perennial","forb",0,0,1,0,1,0,0,2,1,0,0,1,1,1,0,1,0,1,1,0,0,0,7,5.67071836587034,0,94.3292816341297,"R","@rgb(14,0,241)","@rgb(192,192,192)","@rgb(192,192,192)","@symbol(2,512,0)"
"2068","Pinguicula vulgaris L.","Pinguicula vulgaris","Lentibulariaceae","Lamiales","Asteranae","Dicot","Kleyer","perennial","forb",1,0,1,0,0,0,0,2,0,0,0,1,1,1,0,1,0,0,1,1,0,0,6,11.4139746695465,0,88.5860253304535,"R","@rgb(29,0,226)","@rgb(192,192,192)","@rgb(192,192,192)","@symbol(2,512,0)"
"2069","Pinus cembra L.","Pinus cembra","Pinaceae","Pinales",NA,"Gymnosperm","Cerabolini/Pierce","perennial","tree",0,0,1,0,0,0,0,1,0,0,0,1,1,0,0,0,0,0,0,0,0,0,2,4.25716424405969,95.7428357559403,0,"S","@rgb(11,244,0)","@rgb(255,255,255)","@rgb(128,0,0)","@symbol(3,512,0)"
"2070","Pinus halepensis Mill.","Pinus halepensis","Pinaceae","Pinales",NA,"Gymnosperm","Cerabolini/Pierce","perennial","tree",0,0,1,1,0,0,0,2,0,0,0,1,0,0,0,0,0,1,0,1,0,0,3,2.3669498440071,97.6330501559929,0,"S","@rgb(6,249,0)","@rgb(255,255,255)","@rgb(128,0,0)","@symbol(3,512,0)"
"2071","Pinus mugo Turra mugo","Pinus mugo","Pinaceae","Pinales",NA,"Gymnosperm","Cerabolini","perennial","tree",0,0,1,0,0,0,0,1,0,0,0,1,1,0,0,0,0,0,0,0,0,0,2,2.12806022919589,97.8719397708041,0,"S","@rgb(5,250,0)","@rgb(255,255,255)","@rgb(128,0,0)","@symbol(3,512,0)"
"2072","Pinus mugo Turra uncinata (Ramond ex A. DC.) Domin","Pinus uncinata","Pinaceae","Pinales",NA,"Gymnosperm","Cerabolini/Pierce","perennial","tree",0,0,1,0,0,0,0,1,0,0,0,1,1,0,0,0,0,0,0,1,0,0,3,1.2019672824573,98.7980327175427,0,"S","@rgb(3,252,0)","@rgb(255,255,255)","@rgb(128,0,0)","@symbol(3,512,0)"
"2073","Pinus ponderosa P. Lawson & C. Lawson","Pinus ponderosa","Pinaceae","Pinales",NA,"Gymnosperm","Laughlin","perennial","tree",1,0,0,0,0,0,0,1,0,0,1,0,1,0,0,1,0,0,0,1,1,0,5,8.99934347272442,91.0006565272756,0,"S","@rgb(23,232,0)","@rgb(255,255,255)","@rgb(128,0,0)","@symbol(3,512,0)"
"2074","Pinus rigida Mill.","Pinus rigida","Pinaceae","Pinales",NA,"Gymnosperm","Cerabolini","perennial","shrub",1,0,0,0,0,0,0,1,0,0,0,1,1,0,0,0,0,0,0,0,0,0,2,7.21480150873678,92.7851984912632,0,"S","@rgb(18,237,0)","@rgb(192,192,192)","@rgb(0,0,0)","@symbol(6,512,0)"
"2075","Pinus strobus L.","Pinus strobus","Pinaceae","Pinales",NA,"Gymnosperm","Cerabolini","perennial","tree",1,1,0,0,0,0,0,2,1,0,1,1,1,1,0,0,0,0,0,0,0,0,5,7.18087451195874,92.8191254880413,0,"S","@rgb(18,237,0)","@rgb(255,255,255)","@rgb(128,0,0)","@symbol(3,512,0)"
"2076","Pinus sylvestris L.","Pinus sylvestris","Pinaceae","Pinales",NA,"Gymnosperm","Wright","perennial","tree",0,0,1,0,0,0,0,1,0,0,0,1,1,1,0,0,0,0,1,1,0,0,5,2.62855610957239,97.3714438904276,0,"S","@rgb(7,248,0)","@rgb(255,255,255)","@rgb(128,0,0)","@symbol(3,512,0)"
"2077","Piper aequale Vahl","Piper aequale","Piperaceae","Piperales","Magnolianae","Dicot","Wright","perennial","shrub",0,1,0,0,0,0,0,1,1,1,0,0,0,0,1,0,0,0,0,0,0,0,3,51.2235601632354,26.5039332449418,22.2725065918228,"C/CSR","@rgb(131,68,57)","@rgb(192,192,192)","@rgb(0,0,0)","@symbol(6,512,0)"
"2078","Piper arboreum Aubl.","Piper arboreum","Piperaceae","Piperales","Magnolianae","Dicot","Wright","perennial","tree",0,1,0,0,0,0,0,1,1,1,1,0,0,0,1,0,0,0,0,0,1,0,5,63.8937402051133,9.06132372682741,27.0449360680593,"C/CR","@rgb(163,23,69)","@rgb(255,255,255)","@rgb(128,0,0)","@symbol(3,512,0)"
"2079","Piper colonense C. DC.","Piper colonense","Piperaceae","Piperales","Magnolianae","Dicot","Wright","perennial","shrub",0,1,0,0,0,0,0,1,1,1,1,0,0,0,0,0,0,0,0,0,0,0,3,54.3106904577467,19.8357379235205,25.8535716187328,"C/CSR","@rgb(138,51,66)","@rgb(192,192,192)","@rgb(0,0,0)","@symbol(6,512,0)"
"2080","Piper cordulatum C. DC.","Piper cordulatum","Piperaceae","Piperales","Magnolianae","Dicot","Wright","perennial","shrub",0,1,0,0,0,0,0,1,1,0,0,0,0,0,0,0,0,0,0,0,0,0,1,65.0019227615894,19.4314972604718,15.5665799779388,"C/CS","@rgb(166,50,40)","@rgb(192,192,192)","@rgb(0,0,0)","@symbol(6,512,0)"
"2081","Piper multiplinervium C. DC.","Piper multiplinervium","Piperaceae","Piperales","Magnolianae","Dicot","Wright","perennial","liana",0,1,0,0,0,0,0,1,1,1,1,0,0,0,0,0,0,0,0,0,0,0,3,63.2720001578091,4.51019195118305,32.2178078910078,"C/CR","@rgb(161,12,82)","@rgb(128,128,128)","@rgb(128,128,128)","@symbol(3,512,0)"
"2082","Piper perlasense Yunck.","Piper perlasense","Piperaceae","Piperales","Magnolianae","Dicot","Wright","perennial","shrub",0,1,0,0,0,0,0,1,1,0,0,0,0,0,0,0,0,0,0,0,0,0,1,42.3613167266462,27.8871427707981,29.7515405025557,"CSR","@rgb(108,71,76)","@rgb(192,192,192)","@rgb(0,0,0)","@symbol(6,512,0)"
"2083","Piper reticulatum L.","Piper reticulatum","Piperaceae","Piperales","Magnolianae","Dicot","Wright","perennial","tree",0,1,0,0,0,0,0,1,1,1,0,0,0,0,0,0,0,0,0,0,1,0,3,61.8626017417587,25.360366816837,12.7770314414043,"C/CSR","@rgb(158,65,33)","@rgb(255,255,255)","@rgb(128,0,0)","@symbol(3,512,0)"
"2084","Piper schiedeanum Steud.","Piper schiedeanum","Piperaceae","Piperales","Magnolianae","Dicot","Wright","perennial","shrub",0,1,0,0,0,0,0,1,1,1,1,0,0,0,0,0,0,0,0,0,0,0,3,71.2504649842152,6.35039273558105,22.3991422802038,"C/CR","@rgb(182,16,57)","@rgb(192,192,192)","@rgb(0,0,0)","@symbol(6,512,0)"
"2085","Piptatherum miliaceum (L.) Coss. miliaceum","Piptatherum miliaceum","Poaceae","Poales","Lilianae","Monocot","Cerabolini","perennial","graminoid",0,0,1,0,0,0,0,1,0,0,0,0,0,0,0,0,0,0,0,1,0,0,1,19.6443604369609,36.6847667533958,43.6708728096433,"SR/CSR","@rgb(50,94,111)","@rgb(0,0,0)","@rgb(0,128,0)","@symbol(4,512,0)"
"2086","Pistacia lentiscus L.","Pistacia lentiscus","Anacardiaceae","Sapindales","Rosanae","Dicot","Cerabolini/Pierce","perennial","tree",0,0,1,0,0,0,0,1,0,0,0,1,0,0,0,0,0,0,0,1,0,0,2,29.4271079034824,70.5728920965176,0,"S/CS","@rgb(75,180,0)","@rgb(255,255,255)","@rgb(128,0,0)","@symbol(3,512,0)"
"2087","Pistacia terebinthus L.","Pistacia terebinthus","Anacardiaceae","Sapindales","Rosanae","Dicot","Cerabolini/Pierce","perennial","tree",0,0,1,0,0,0,0,1,0,0,0,1,1,0,0,0,0,0,0,1,0,0,3,53.148461525664,31.8457703204337,15.0057681539023,"C/CSR","@rgb(136,81,38)","@rgb(255,255,255)","@rgb(128,0,0)","@symbol(3,512,0)"
"2088","Pityrocarpa moniliformis (Benth.) Luckow & R. W. Jobson","Pityrocarpa moniliformis","Fabaceae","Fabales","Rosanae","Dicot","Pinho","perennial","tree",0,1,0,0,0,0,0,1,1,1,0,0,0,0,0,0,0,0,0,0,1,0,3,8.23795099262442,91.7620490073756,0,"S","@rgb(21,234,0)","@rgb(255,255,255)","@rgb(128,0,0)","@symbol(3,512,0)"
"2089","Plantago alpina L.","Plantago alpina","Plantaginaceae","Lamiales","Asteranae","Dicot","Cerabolini","perennial","forb",0,0,1,0,0,0,0,1,0,0,0,1,1,0,0,0,0,0,0,1,0,0,3,16.9492546350784,34.4712999856161,48.5794453793056,"SR/CSR","@rgb(43,88,124)","@rgb(192,192,192)","@rgb(192,192,192)","@symbol(2,512,0)"
"2090","Plantago arenaria Waldst. & Kit.","Plantago indica","Plantaginaceae","Lamiales","Asteranae","Dicot","Kleyer","annual","forb",0,0,1,0,0,0,0,1,0,0,0,1,1,0,0,1,0,0,0,1,0,0,4,19.4855902030092,0,80.5144097969908,"R/CR","@rgb(50,0,205)","@rgb(192,192,192)","@rgb(192,192,192)","@symbol(2,512,0)"
"2091","Plantago argyraea E. Morris","Plantago argyrea","Plantaginaceae","Lamiales","Asteranae","Dicot","Laughlin","annual","forb",1,0,0,0,0,0,0,1,0,0,0,0,1,0,0,0,0,0,0,0,0,0,1,12.4698344227587,66.7484170785517,20.7817484986896,"S/SR","@rgb(32,170,53)","@rgb(192,192,192)","@rgb(192,192,192)","@symbol(2,512,0)"
"2092","Plantago atrata Hoppe","Plantago atrata","Plantaginaceae","Lamiales","Asteranae","Dicot","Soudzilovskaia","perennial","forb",0,0,1,0,0,0,0,1,0,0,0,1,1,0,0,1,0,0,0,1,0,0,4,39.6232587445398,41.046400964676,19.3303402907843,"CS/CSR","@rgb(101,105,49)","@rgb(192,192,192)","@rgb(192,192,192)","@symbol(2,512,0)"
"2093","Plantago coronopus L.","Plantago coronopus","Plantaginaceae","Lamiales","Asteranae","Dicot","Díaz","biennial","forb",0,0,1,0,0,0,0,1,0,0,0,1,1,0,0,0,0,0,0,1,1,0,4,32.3546550987251,0,67.6453449012749,"R/CR","@rgb(83,0,172)","@rgb(192,192,192)","@rgb(192,192,192)","@symbol(2,512,0)"
"2094","Plantago lanceolata L.","Plantago lanceolata","Plantaginaceae","Lamiales","Asteranae","Dicot","Cerabolini","perennial","forb",0,0,1,1,0,0,0,2,0,0,0,1,1,1,0,1,0,1,1,1,1,0,8,71.8211642898895,0,28.1788357101105,"C/CR","@rgb(183,0,72)","@rgb(192,192,192)","@rgb(192,192,192)","@symbol(2,512,0)"
"2095","Plantago major L.","Plantago major","Plantaginaceae","Lamiales","Asteranae","Dicot","Cerabolini","perennial","forb",0,0,1,0,1,0,0,2,1,0,0,1,1,1,0,0,0,1,1,1,0,0,7,40.5764192029752,15.8631336212998,43.560447175725,"CR/CSR","@rgb(103,40,111)","@rgb(192,192,192)","@rgb(192,192,192)","@symbol(2,512,0)"
"2096","Plantago media L.","Plantago media","Plantaginaceae","Lamiales","Asteranae","Dicot","Wright","perennial","forb",0,0,1,0,0,0,0,1,0,0,0,1,1,1,0,0,0,0,1,1,0,0,5,61.5846751050356,0,38.4153248949644,"CR","@rgb(157,0,98)","@rgb(192,192,192)","@rgb(192,192,192)","@symbol(2,512,0)"
"2097","Plantago rugelii Decne.","Plantago rugelii","Plantaginaceae","Lamiales","Asteranae","Dicot","Shipley","perennial","forb",1,0,0,0,0,0,0,1,0,0,0,1,1,0,0,1,0,0,0,0,0,0,3,63.2896955546367,20.7181807675589,15.9921236778044,"C/CSR","@rgb(161,53,41)","@rgb(192,192,192)","@rgb(192,192,192)","@symbol(2,512,0)"
"2098","Platanthera bifolia (L.) Rich.","Platanthera bifolia","Orchidaceae","Asparagales","Lilianae","Monocot","Kleyer","perennial","forb",0,0,1,0,0,0,0,1,0,0,0,1,1,1,0,0,0,0,1,1,0,0,5,50.0929074643422,0,49.9070925356578,"CR","@rgb(128,0,127)","@rgb(192,192,192)","@rgb(192,192,192)","@symbol(2,512,0)"
"2099","Platycladus orientalis (L.) Franco","Platycladus orientalis","Cupressaceae","Cupressales",NA,"Gymnosperm","Cerabolini/Pierce","perennial","tree",0,0,1,0,0,0,0,1,0,0,0,1,1,0,0,0,0,0,0,0,0,0,2,0,100,0,"S","@rgb(0,255,0)","@rgb(255,255,255)","@rgb(128,0,0)","@symbol(3,512,0)"
"2100","Platymiscium pinnatum (Jacq.) Dugand","Platymiscium pinnatum","Fabaceae","Fabales","Rosanae","Dicot","Wright","perennial","tree",0,1,0,0,0,0,0,1,1,1,0,0,0,0,0,0,0,0,0,0,1,0,3,66.7295137522258,22.9459395261056,10.3245467216686,"C/CS","@rgb(170,59,26)","@rgb(255,255,255)","@rgb(128,0,0)","@symbol(3,512,0)"
"2101","Platypodium elegans Vogel","Platypodium elegans","Fabaceae","Fabales","Rosanae","Dicot","Wright","perennial","tree",0,1,0,0,0,0,0,1,1,1,0,0,0,0,1,0,1,0,0,0,1,0,5,44.3484464688815,32.1913888780848,23.4601646530337,"CS/CSR","@rgb(113,82,60)","@rgb(255,255,255)","@rgb(128,0,0)","@symbol(3,512,0)"
"2102","Pleonotoma variabilis (Jacq.) Miers","Pleonotoma variabilis","Bignoniaceae","Lamiales","Asteranae","Dicot","Wright","perennial","liana",0,1,0,0,0,0,0,1,1,1,0,0,0,0,1,0,0,0,0,0,0,0,3,59.1296670673474,31.4497045678826,9.42062836477001,"C/CS","@rgb(151,80,24)","@rgb(128,128,128)","@rgb(128,128,128)","@symbol(3,512,0)"
"2103","Poa alpina L. alpina","Poa alpina","Poaceae","Poales","Lilianae","Monocot","Cerabolini/Pierce","perennial","graminoid",1,0,1,0,0,0,0,2,0,0,0,1,1,1,0,0,0,1,1,1,0,0,6,15.1803211247709,78.1509776180785,6.66870125715058,"S/CS","@rgb(39,199,17)","@rgb(0,0,0)","@rgb(0,128,0)","@symbol(4,512,0)"
"2104","Poa annua L.","Poa annua","Poaceae","Poales","Lilianae","Monocot","Cerabolini/Pierce","annual","graminoid",0,0,1,1,1,0,0,3,1,0,0,1,1,1,1,0,0,1,1,1,1,0,9,8.17784198457564,3.42407111567227,88.3980868997521,"R","@rgb(21,9,225)","@rgb(0,0,0)","@rgb(0,128,0)","@symbol(4,512,0)"
"2105","Poa bulbosa L.","Poa bulbosa","Poaceae","Poales","Lilianae","Monocot","Kleyer","perennial","graminoid",0,0,1,1,0,0,0,2,0,0,0,1,1,1,0,1,0,1,0,1,1,0,7,0,39.64463958857,60.35536041143,"SR","@rgb(0,101,154)","@rgb(0,0,0)","@rgb(0,128,0)","@symbol(4,512,0)"
"2106","Poa chaixi Vill.","Poa chaixii","Poaceae","Poales","Lilianae","Monocot","Cerabolini/Pierce","perennial","graminoid",0,0,1,0,0,0,0,1,0,0,0,1,1,0,0,0,0,0,0,1,0,0,3,14.5580379714516,61.1385920616225,24.3033699669259,"S/CSR","@rgb(37,156,62)","@rgb(0,0,0)","@rgb(0,128,0)","@symbol(4,512,0)"
"2107","Poa compressa L.","Poa compressa","Poaceae","Poales","Lilianae","Monocot","Shipley","perennial","graminoid",0,0,1,0,0,0,0,1,0,0,0,1,1,1,0,1,0,0,0,1,0,0,5,11.4262079618448,60.0968140014976,28.4769780366577,"S/CSR","@rgb(29,153,73)","@rgb(0,0,0)","@rgb(0,128,0)","@symbol(4,512,0)"
"2108","Poa fendleriana (Steud.) Vasey","Poa fendleriana","Poaceae","Poales","Lilianae","Monocot","Laughlin","perennial","graminoid",1,0,0,0,0,0,0,1,0,0,1,0,1,0,0,1,0,0,0,0,1,0,4,7.82258252887373,92.1774174711263,0,"S","@rgb(20,235,0)","@rgb(0,0,0)","@rgb(0,128,0)","@symbol(4,512,0)"
"2109","Poa glauca Vahl","Poa glauca","Poaceae","Poales","Lilianae","Monocot","Kleyer","perennial","graminoid",1,0,1,0,0,0,0,2,0,0,0,1,1,1,0,1,0,1,1,0,1,0,7,9.25888992044682,47.3546027210736,43.3865073584796,"SR","@rgb(24,121,111)","@rgb(0,0,0)","@rgb(0,128,0)","@symbol(4,512,0)"
"2110","Poa laxa Haenke laxa","Festuca subverticillata","Poaceae","Poales","Lilianae","Monocot","Cerabolini","perennial","graminoid",0,0,1,0,0,0,0,1,0,0,0,1,1,1,0,0,0,0,1,1,0,0,5,11.6950785752779,57.6708790821497,30.6340423425724,"S/CSR","@rgb(30,147,78)","@rgb(0,0,0)","@rgb(0,128,0)","@symbol(4,512,0)"
"2111","Poa nemoralis L.","Poa nemoralis","Poaceae","Poales","Lilianae","Monocot","Cerabolini/Pierce","perennial","graminoid",1,0,1,0,0,0,0,2,0,0,0,1,1,1,0,1,0,1,1,1,0,0,7,6.93184835250406,32.427585449722,60.640566197774,"R/SR","@rgb(18,83,155)","@rgb(0,0,0)","@rgb(0,128,0)","@symbol(4,512,0)"
"2112","Poa palustris L.","Poa palustris","Poaceae","Poales","Lilianae","Monocot","Shipley","perennial","graminoid",1,0,1,0,0,0,0,2,0,0,0,1,1,1,0,1,0,1,1,1,1,0,8,12.9926845771974,49.6182262134449,37.3890892093577,"SR/CSR","@rgb(33,127,95)","@rgb(0,0,0)","@rgb(0,128,0)","@symbol(4,512,0)"
"2113","Poa pratensis L.","Poa pratensis","Poaceae","Poales","Lilianae","Monocot","Cerabolini","perennial","graminoid",1,0,1,0,0,0,0,2,0,0,1,1,1,1,0,1,0,1,1,1,1,0,9,12.3623904402586,0,87.6376095597414,"R","@rgb(32,0,223)","@rgb(0,0,0)","@rgb(0,128,0)","@symbol(4,512,0)"
"2114","Poa trivialis L.","Poa trivialis","Poaceae","Poales","Lilianae","Monocot","Shipley","perennial","graminoid",0,0,1,0,0,0,0,1,0,0,0,1,1,1,0,1,0,1,1,1,1,0,8,32.2197461057248,35.5903600198944,32.1898938743808,"CSR","@rgb(82,91,82)","@rgb(0,0,0)","@rgb(0,128,0)","@symbol(4,512,0)"
"2115","Podocarpus macrophyllus (Thunb.) Sweet","Podocarpus macrophyllus","Podocarpaceae","Podocarpales",NA,"Gymnosperm","Shipley","perennial","tree",0,0,1,0,1,0,0,2,1,0,0,1,0,0,0,0,0,0,0,0,0,0,2,13.164924656907,86.835075343093,0,"S","@rgb(34,221,0)","@rgb(255,255,255)","@rgb(128,0,0)","@symbol(3,512,0)"
"2116","Pogonophora schomburgkiana Miers ex Benth.","Pogonophora schomburgkiana","Euphorbiaceae","Malpighiales","Rosanae","Dicot","Pinho","perennial","tree",0,1,0,0,0,0,0,1,1,1,0,0,0,0,1,0,0,0,0,0,1,0,4,48.4420332609017,33.6676772543064,17.8902894847919,"CS/CSR","@rgb(124,86,46)","@rgb(255,255,255)","@rgb(128,0,0)","@symbol(3,512,0)"
"2117","Polygala alpestris Rchb.","Polygala alpestris","Polygalaceae","Fabales","Rosanae","Dicot","Cerabolini","perennial","forb",0,0,1,0,0,0,0,1,0,0,0,1,1,0,0,0,0,0,0,1,0,0,3,2.29690293232785,37.8133838395215,59.8897132281507,"SR","@rgb(6,96,153)","@rgb(192,192,192)","@rgb(192,192,192)","@symbol(2,512,0)"
"2118","Polygala amarella Crantz","Polygala amarella","Polygalaceae","Fabales","Rosanae","Dicot","Kleyer","perennial","forb",0,0,1,0,0,0,0,1,0,0,0,1,1,1,0,0,0,0,1,0,0,0,4,5.98879254476847,26.0076226362328,68.0035848189987,"R/SR","@rgb(15,66,173)","@rgb(192,192,192)","@rgb(192,192,192)","@symbol(2,512,0)"
"2119","Polygala chamaebuxus L.","Polygaloides chamaebuxus","Polygalaceae","Fabales","Rosanae","Dicot","Cerabolini/Pierce","perennial","shrub",0,0,1,0,0,0,0,1,0,0,0,1,1,0,0,0,0,0,0,0,0,0,2,17.4106409582487,69.3213278202115,13.2680312215398,"S/CS","@rgb(44,177,34)","@rgb(192,192,192)","@rgb(0,0,0)","@symbol(6,512,0)"
"2120","Polygala glochidata Kunth.",NA,"Polygalaceae","Fabales","Rosanae","Dicot","Negreiros","annual","forb",1,1,0,0,0,0,0,2,1,1,1,0,0,0,1,0,0,0,0,0,1,0,5,0,80.6916724033679,19.3083275966321,"S/SR","@rgb(0,206,49)","@rgb(192,192,192)","@rgb(192,192,192)","@symbol(2,512,0)"
"2121","Polygala grandiflora Walter","Asemeia grandiflora","Polygalaceae","Fabales","Rosanae","Dicot","Weiher","annual","forb",1,1,0,0,0,0,0,2,1,0,0,1,1,0,0,0,0,0,0,0,0,0,3,2.62414028543825,79.5503286889724,17.8255310255894,"S/SR","@rgb(7,203,45)","@rgb(192,192,192)","@rgb(192,192,192)","@symbol(2,512,0)"
"2122","Polygala nicaeensis W. D. J. Koch carniolica (A. Kern.) Graebn.","Polygala nicaeensis subsp. carniolica","Polygalaceae","Fabales","Rosanae","Dicot","Cerabolini/Pierce","perennial","forb",0,0,1,0,0,0,0,1,0,0,0,1,1,0,0,0,0,0,0,1,0,0,3,8.89931121248739,9.63469181341687,81.4659969740957,"R","@rgb(23,25,208)","@rgb(192,192,192)","@rgb(192,192,192)","@symbol(2,512,0)"
"2123","Polygala polygama Walter","Polygala polygama","Polygalaceae","Fabales","Rosanae","Dicot","Weiher","biennial","forb",1,0,0,0,0,0,0,1,0,0,0,1,1,0,1,1,0,0,0,0,0,0,4,1.76663097054421,50.9906016751738,47.2427673542819,"SR","@rgb(5,130,120)","@rgb(192,192,192)","@rgb(192,192,192)","@symbol(2,512,0)"
"2124","Polygala serpyllifolia Hose","Polygala serpyllifolia","Polygalaceae","Fabales","Rosanae","Dicot","Kleyer","perennial","forb",0,0,1,0,0,0,0,1,0,0,0,1,1,1,0,0,0,0,1,1,0,0,5,0.152890332513965,29.6815121836357,70.1655974838503,"R/SR","@rgb(0,76,179)","@rgb(192,192,192)","@rgb(192,192,192)","@symbol(2,512,0)"
"2125","Polygala vulgaris L.","Polygala vulgaris","Polygalaceae","Fabales","Rosanae","Dicot","Kleyer","perennial","forb",0,0,1,0,0,0,0,1,0,0,0,1,1,1,0,0,0,0,1,1,0,0,5,2.5893933520276,66.6950535242368,30.7155531237356,"S/SR","@rgb(7,170,78)","@rgb(192,192,192)","@rgb(192,192,192)","@symbol(2,512,0)"
"2126","Polygonatum multiflorum (L.) All.","Polygonatum multiflorum","Asparagaceae","Asparagales","Lilianae","Monocot","Cerabolini/Pierce","perennial","forb",0,0,1,0,0,0,0,1,0,0,0,1,1,1,0,0,0,0,0,1,0,0,4,42.4319776360716,0,57.5680223639284,"CR","@rgb(108,0,147)","@rgb(192,192,192)","@rgb(192,192,192)","@symbol(2,512,0)"
"2127","Polygonatum odoratum (Mill.) Druce","Polygonatum odoratum","Asparagaceae","Asparagales","Lilianae","Monocot","Cerabolini/Pierce","perennial","forb",0,0,1,0,1,0,0,2,1,0,0,1,1,1,0,1,0,1,1,1,0,0,8,54.7251352475173,9.64686005746199,35.6280046950207,"CR","@rgb(140,25,91)","@rgb(192,192,192)","@rgb(192,192,192)","@symbol(2,512,0)"
"2128","Polygonatum verticillatum (L.) All.","Polygonatum verticillatum","Asparagaceae","Asparagales","Lilianae","Monocot","Cerabolini/Pierce","perennial","forb",0,0,1,0,1,0,0,2,0,0,0,1,1,1,0,0,0,1,1,1,0,0,6,22.1246505978823,0,77.8753494021177,"R/CR","@rgb(56,0,199)","@rgb(192,192,192)","@rgb(192,192,192)","@symbol(2,512,0)"
"2129","Polygonum affine D. Don","Polygonum affine","Polygonaceae","Caryophyllales","Caryophyllanae","Dicot","Shipley","perennial","shrub",1,0,0,0,0,0,0,1,0,0,0,0,1,0,0,0,0,0,0,0,0,0,1,19.5818684446792,32.6794447174586,47.7386868378622,"SR/CSR","@rgb(50,83,122)","@rgb(192,192,192)","@rgb(0,0,0)","@symbol(6,512,0)"
"2130","Polygonum amphibium L.","Persicaria amphibia","Polygonaceae","Caryophyllales","Caryophyllanae","Dicot","Kleyer","perennial","forb",1,0,1,1,1,0,0,4,1,0,0,1,1,1,0,1,0,1,0,1,1,0,8,43.0895977280953,33.513963194624,23.3964390772807,"CS/CSR","@rgb(110,85,60)","@rgb(192,192,192)","@rgb(192,192,192)","@symbol(2,512,0)"
"2131","Polygonum aviculare L.","Polygonum aviculare","Polygonaceae","Caryophyllales","Caryophyllanae","Dicot","Kleyer","perennial","forb",0,0,1,0,0,0,0,1,1,0,1,1,1,1,0,1,0,1,1,1,1,0,10,15.2574392095726,29.7340268359371,55.0085339544903,"R/CSR","@rgb(39,76,140)","@rgb(192,192,192)","@rgb(192,192,192)","@symbol(2,512,0)"
"2132","Polygonum bistorta L.","Bistorta officinalis","Polygonaceae","Caryophyllales","Caryophyllanae","Dicot","Wright","perennial","forb",0,0,1,0,0,0,0,1,0,0,0,1,1,0,0,0,0,0,0,1,0,0,3,62.1099729670998,4.55988083506365,33.3301461978366,"C/CR","@rgb(158,12,85)","@rgb(192,192,192)","@rgb(192,192,192)","@symbol(2,512,0)"
"2133","Polygonum douglasii Greene","Polygonum douglasii","Polygonaceae","Caryophyllales","Caryophyllanae","Dicot","Laughlin","annual","forb",1,0,0,0,0,0,0,1,0,0,0,1,1,0,0,1,0,0,0,1,0,0,4,4.5686693611051,75.2066955878682,20.2246350510267,"S/SR","@rgb(12,192,52)","@rgb(192,192,192)","@rgb(192,192,192)","@symbol(2,512,0)"
"2134","Polygonum hydropiper L.","Persicaria hydropiper","Polygonaceae","Caryophyllales","Caryophyllanae","Dicot","Shipley","annual","forb",1,0,1,0,0,0,0,2,0,0,0,1,1,0,0,1,0,0,0,1,0,0,4,33.4496130872072,22.1202696588258,44.430117253967,"CR/CSR","@rgb(85,56,113)","@rgb(192,192,192)","@rgb(192,192,192)","@symbol(2,512,0)"
"2135","Polygonum maritimum L.","Polygonum maritimum","Polygonaceae","Caryophyllales","Caryophyllanae","Dicot","Cerabolini","perennial","shrub",0,0,1,0,0,0,0,1,0,0,0,1,0,0,0,0,0,0,0,1,0,0,2,8.76311147363276,88.706634118987,2.53025440738024,"S","@rgb(22,226,6)","@rgb(192,192,192)","@rgb(0,0,0)","@symbol(6,512,0)"
"2136","Polygonum minus Huds.","Persicaria minor","Polygonaceae","Caryophyllales","Caryophyllanae","Dicot","Kleyer","perennial","forb",0,0,1,0,0,0,0,1,0,0,0,1,1,1,0,0,0,0,0,1,0,0,4,16.7086488040527,9.90717704983278,73.3841741461145,"R/CR","@rgb(43,25,187)","@rgb(192,192,192)","@rgb(192,192,192)","@symbol(2,512,0)"
"2137","Polygonum mite Schrank","Persicaria mitis","Polygonaceae","Caryophyllales","Caryophyllanae","Dicot","Kleyer","perennial","forb",0,0,1,0,0,0,0,1,0,0,0,1,1,0,0,0,0,0,0,1,0,0,3,20.5072956583385,3.17233896110816,76.3203653805534,"R/CR","@rgb(52,8,195)","@rgb(192,192,192)","@rgb(192,192,192)","@symbol(2,512,0)"
"2138","Polygonum persicaria L.","Persicaria maculosa","Polygonaceae","Caryophyllales","Caryophyllanae","Dicot","Shipley","perennial","forb",0,0,1,0,0,0,0,1,0,0,0,1,1,0,0,0,0,0,0,1,0,0,3,18.5282705033059,55.0451727276691,26.426556769025,"S/CSR","@rgb(47,140,67)","@rgb(192,192,192)","@rgb(192,192,192)","@symbol(2,512,0)"
"2139","Polygonum sagittatum L.","Persicaria sagittata","Polygonaceae","Caryophyllales","Caryophyllanae","Dicot","Shipley","perennial","herbaceous vine",1,0,0,0,0,0,0,1,0,0,0,1,1,0,0,1,0,0,0,0,0,0,3,11.1970320029898,56.1971753209869,32.6057926760233,"S/CSR","@rgb(29,143,83)","@rgb(0,0,0)","@rgb(0,255,0)","@symbol(3,512,0)"
"2140","Polygonum scandens L.","Fallopia scandens","Polygonaceae","Caryophyllales","Caryophyllanae","Dicot","Weiher","perennial","herbaceous vine",1,0,0,0,0,0,0,1,0,0,0,1,1,0,0,1,0,0,0,0,0,0,3,12.0305888652389,2.38642565451657,85.5829854802446,"R","@rgb(31,6,218)","@rgb(0,0,0)","@rgb(0,255,0)","@symbol(3,512,0)"
"2141","Polygonum viviparum L.","Bistorta vivipara","Polygonaceae","Caryophyllales","Caryophyllanae","Dicot","Kleyer","perennial","forb",1,0,1,0,1,0,0,3,1,0,0,1,1,1,0,1,0,1,1,1,0,0,8,18.812577879122,48.0997275145762,33.0876946063018,"SR/CSR","@rgb(48,123,84)","@rgb(192,192,192)","@rgb(192,192,192)","@symbol(2,512,0)"
"2142","Polypodium interjectum Shivas","Polypodium interjectum","Polypodiaceae","Polypodiales",NA,"Fern","Kleyer","perennial","forb",0,0,1,0,0,0,0,1,0,0,0,1,1,0,0,0,0,0,0,1,0,0,3,48.3715505293176,37.9110982530778,13.7173512176046,"CS/CSR","@rgb(123,97,35)","@rgb(192,192,192)","@rgb(192,192,192)","@symbol(2,512,0)"
"2143","Polypodium vulgare L.","Polypodium vulgare","Polypodiaceae","Polypodiales",NA,"Fern","Cerabolini/Pierce","perennial","forb",0,0,1,1,0,0,0,2,0,0,0,1,1,1,0,0,0,1,1,1,0,0,6,46.06845367371,31.3639122582763,22.5676340680137,"C/CSR","@rgb(117,80,58)","@rgb(192,192,192)","@rgb(192,192,192)","@symbol(2,512,0)"
"2144","Polystichum aculeatum (L.) Roth","Polystichum aculeatum","Dryopteridaceae","Polypodiales",NA,"Fern","Cerabolini","perennial","forb",0,0,1,0,0,0,0,1,0,0,0,1,1,1,0,0,0,0,1,1,0,0,5,69.9791204219431,16.3385236573409,13.6823559207159,"C/CS","@rgb(178,42,35)","@rgb(192,192,192)","@rgb(192,192,192)","@symbol(2,512,0)"
"2145","Polystichum lonchitis (L.) Roth","Polystichum lonchitis","Dryopteridaceae","Polypodiales",NA,"Fern","Kleyer","perennial","forb",1,0,1,0,0,0,0,2,0,0,0,1,1,1,0,1,0,0,1,1,0,0,6,59.7947688842253,40.2052311157747,0,"CS","@rgb(152,103,0)","@rgb(192,192,192)","@rgb(192,192,192)","@symbol(2,512,0)"
"2146","Popowia pisocarpa (Blume) Endl.","Popowia pisocarpa","Annonaceae","Magnoliales","Magnolianae","Dicot","SJ Wright Pasoh","perennial","tree",0,0,0,0,1,0,0,1,1,0,0,0,0,0,0,0,0,0,0,0,0,0,1,38.3242537885237,58.1366801795576,3.53906603191871,"CS","@rgb(98,148,9)","@rgb(255,255,255)","@rgb(128,0,0)","@symbol(3,512,0)"
"2147","Populus alba L.","Populus alba","Salicaceae","Malpighiales","Rosanae","Dicot","Cerabolini/Pierce","perennial","tree",0,0,1,0,0,0,0,1,0,0,0,1,1,0,0,1,0,0,0,1,1,0,5,39.6709033136119,52.7578114183598,7.57128526802827,"CS","@rgb(101,135,19)","@rgb(255,255,255)","@rgb(128,0,0)","@symbol(3,512,0)"
"2148","Populus canadensis Moench",NA,"Salicaceae","Malpighiales","Rosanae","Dicot","Cerabolini/Pierce","perennial","tree",1,0,0,0,0,0,0,1,0,0,0,1,1,0,0,1,0,0,0,1,0,0,4,46.0415224931033,50.7579931241914,3.2004843827053,"CS","@rgb(117,129,8)","@rgb(255,255,255)","@rgb(128,0,0)","@symbol(3,512,0)"
"2149","Populus nigra L.","Populus nigra","Salicaceae","Malpighiales","Rosanae","Dicot","Kleyer","perennial","tree",0,0,1,0,0,0,0,1,0,0,0,1,1,0,0,1,0,1,0,1,1,0,6,41.8886170430606,54.0035360255692,4.10784693137022,"CS","@rgb(107,138,10)","@rgb(255,255,255)","@rgb(128,0,0)","@symbol(3,512,0)"
"2150","Populus tremula L.","Populus tremula","Salicaceae","Malpighiales","Rosanae","Dicot","Cornelissen","perennial","tree",0,0,1,0,0,0,0,1,0,0,0,1,1,1,0,1,0,1,1,1,1,0,8,32.0933923125272,55.5410494580909,12.3655582293819,"S/CSR","@rgb(82,142,32)","@rgb(255,255,255)","@rgb(128,0,0)","@symbol(3,512,0)"
"2151","Populus tremuloides Michx.","Populus tremuloides","Salicaceae","Malpighiales","Rosanae","Dicot","Wright","perennial","tree",1,1,0,0,0,0,0,2,0,0,1,1,1,1,0,1,0,0,1,1,1,0,8,25.5314278740329,56.7565518251139,17.7120203008532,"S/CSR","@rgb(65,145,45)","@rgb(255,255,255)","@rgb(128,0,0)","@symbol(3,512,0)"
"2152","Porterandia anisophylla (Jack ex Roxb.) Ridl.","Porterandia anisophylla","Rubiaceae","Gentianales","Asteranae","Dicot","SJ Wright Pasoh","perennial","tree",0,0,0,0,1,0,0,1,1,0,0,0,0,0,0,0,0,0,0,0,0,0,1,28.5582458863343,65.0732033319768,6.36855078168889,"S/CS","@rgb(73,166,16)","@rgb(255,255,255)","@rgb(128,0,0)","@symbol(3,512,0)"
"2153","Portulaca grandiflora Hook.","Portulaca grandiflora","Portulacaceae","Caryophyllales","Caryophyllanae","Dicot","Díaz","annual","forb",0,1,0,0,0,0,0,1,1,0,0,0,0,0,1,1,1,0,0,0,1,0,5,4.86007605692367,81.7184031285934,13.421520814483,"S","@rgb(12,208,34)","@rgb(192,192,192)","@rgb(192,192,192)","@symbol(2,512,0)"
"2154","Posoqueria latifolia (Rudge) Schult.","Posoqueria latifolia","Rubiaceae","Gentianales","Asteranae","Dicot","Wright","perennial","tree",1,1,0,0,0,0,0,2,1,1,1,0,0,0,1,0,0,0,0,0,1,0,5,64.1109390509044,29.7162650120655,6.17279593703012,"C/CS","@rgb(163,76,16)","@rgb(255,255,255)","@rgb(128,0,0)","@symbol(3,512,0)"
"2155","Potamogeton acutifolius Link in Roem. & Schult.","Potamogeton acutifolius","Potamogetonaceae","Alismatales","Lilianae","Monocot","Kleyer","perennial","aquatic",0,0,1,0,0,0,0,1,0,0,0,1,0,0,0,0,0,0,0,0,0,0,1,3.46080742085159,37.0544999802625,59.4846925988859,"SR","@rgb(9,94,152)","@rgb(192,192,192)","@rgb(0,0,255)","@symbol(5,512,0)"
"2156","Potamogeton alpinus Balb.","Potamogeton alpinus","Potamogetonaceae","Alismatales","Lilianae","Monocot","Kleyer","perennial","aquatic",1,0,1,0,1,0,0,3,1,0,0,1,1,1,0,1,0,1,1,1,1,0,9,19.3785549959857,0.891361737816507,79.7300832661978,"R/CR","@rgb(49,2,203)","@rgb(192,192,192)","@rgb(0,0,255)","@symbol(5,512,0)"
"2157","Potamogeton compressus L.","Potamogeton compressus","Potamogetonaceae","Alismatales","Lilianae","Monocot","Kleyer","perennial","aquatic",0,0,1,0,0,0,0,1,0,0,0,1,0,1,0,0,0,0,0,0,0,0,2,8.68180210169572,0,91.3181978983043,"R","@rgb(22,0,233)","@rgb(192,192,192)","@rgb(0,0,255)","@symbol(5,512,0)"
"2158","Potamogeton crispus L.","Potamogeton crispus","Potamogetonaceae","Alismatales","Lilianae","Monocot","Cerabolini/Pierce","perennial","aquatic",0,0,1,0,1,1,0,3,0,0,0,1,1,0,1,1,0,1,0,1,1,0,7,17.1236681162649,16.6295607812548,66.2467711024804,"R/CR","@rgb(44,42,169)","@rgb(192,192,192)","@rgb(0,0,255)","@symbol(5,512,0)"
"2159","Potamogeton gramineus L.","Potamogeton gramineus","Potamogetonaceae","Alismatales","Lilianae","Monocot","Kleyer","perennial","aquatic",1,0,1,0,0,0,0,2,0,0,0,1,1,1,0,1,0,0,1,1,1,0,7,18.9567206650723,11.5631304057256,69.4801489292021,"R/CR","@rgb(48,29,177)","@rgb(192,192,192)","@rgb(0,0,255)","@symbol(5,512,0)"
"2160","Potamogeton lucens L.","Potamogeton lucens","Potamogetonaceae","Alismatales","Lilianae","Monocot","Kleyer","perennial","aquatic",0,0,1,0,1,0,0,2,1,0,0,1,1,1,0,0,0,1,0,1,0,0,6,32.0970643440354,5.85667863650525,62.0462570194593,"R/CR","@rgb(82,15,158)","@rgb(192,192,192)","@rgb(0,0,255)","@symbol(5,512,0)"
"2161","Potamogeton natans L.","Potamogeton natans","Potamogetonaceae","Alismatales","Lilianae","Monocot","Cerabolini/Pierce","perennial","aquatic",1,0,1,0,0,0,0,2,0,0,0,1,1,1,0,1,0,1,1,1,0,0,7,47.2686605924129,9.09618869990466,43.6351507076825,"CR","@rgb(121,23,111)","@rgb(192,192,192)","@rgb(0,0,255)","@symbol(5,512,0)"
"2162","Potamogeton nodosus Poir.","Potamogeton nodosus","Potamogetonaceae","Alismatales","Lilianae","Monocot","Cerabolini/Pierce","perennial","aquatic",1,1,1,1,1,1,0,6,1,1,1,1,1,0,1,1,0,1,0,1,1,1,11,51.4060447444032,13.4708830953065,35.1230721602903,"CR/CSR","@rgb(131,34,90)","@rgb(192,192,192)","@rgb(0,0,255)","@symbol(5,512,0)"
"2163","Potamogeton obtusifolius Mert. & W.D.J. Koch","Potamogeton obtusifolius","Potamogetonaceae","Alismatales","Lilianae","Monocot","Kleyer","perennial","aquatic",1,0,1,0,0,0,0,2,0,0,0,1,1,1,0,1,0,0,0,0,0,0,4,6.4702367383825,27.3138019380214,66.2159613235961,"R/SR","@rgb(16,70,169)","@rgb(192,192,192)","@rgb(0,0,255)","@symbol(5,512,0)"
"2164","Potamogeton pectinatus L.","Stuckenia pectinata","Potamogetonaceae","Alismatales","Lilianae","Monocot","Cerabolini/Pierce","perennial","aquatic",1,1,1,1,1,1,0,6,1,1,1,1,1,1,1,1,1,1,0,1,1,1,13,2.44749664021203,0,97.552503359788,"R","@rgb(6,0,249)","@rgb(192,192,192)","@rgb(0,0,255)","@symbol(5,512,0)"
"2165","Potamogeton perfoliatus L.","Potamogeton perfoliatus","Potamogetonaceae","Alismatales","Lilianae","Monocot","Cerabolini/Pierce","perennial","aquatic",0,0,1,1,0,1,0,3,0,0,0,1,1,1,1,1,0,1,1,1,1,0,9,24.9072753063486,0,75.0927246936514,"R/CR","@rgb(64,0,191)","@rgb(192,192,192)","@rgb(0,0,255)","@symbol(5,512,0)"
"2166","Potamogeton polygonifolius Pourr.","Potamogeton polygonifolius","Potamogetonaceae","Alismatales","Lilianae","Monocot","Cerabolini/Pierce","perennial","aquatic",0,0,1,0,0,0,0,1,0,0,0,1,1,0,0,0,0,0,0,1,0,0,3,28.9402858647878,54.9162978254236,16.1434163097886,"S/CSR","@rgb(74,140,41)","@rgb(192,192,192)","@rgb(0,0,255)","@symbol(5,512,0)"
"2167","Potamogeton pusillus L.","Potamogeton pusillus","Potamogetonaceae","Alismatales","Lilianae","Monocot","Kleyer","perennial","aquatic",1,1,1,1,1,1,0,6,1,1,1,1,1,1,1,1,1,1,1,1,1,0,13,0.450776833954141,42.5395256886084,57.0096974774374,"SR","@rgb(1,108,145)","@rgb(192,192,192)","@rgb(0,0,255)","@symbol(5,512,0)"
"2168","Potamogeton trichoides Cham. & Schltdl.","Potamogeton trichoides","Potamogetonaceae","Alismatales","Lilianae","Monocot","Kleyer","perennial","aquatic",0,0,1,1,0,0,0,2,0,0,0,1,1,0,1,0,1,1,0,1,0,0,6,0,27.0667478324072,72.9332521675928,"R/SR","@rgb(0,69,186)","@rgb(192,192,192)","@rgb(0,0,255)","@symbol(5,512,0)"
"2169","Potentilla alba L.","Potentilla alba","Rosaceae","Rosales","Rosanae","Dicot","Cerabolini/Pierce","perennial","forb",0,0,1,0,0,0,0,1,0,0,0,1,1,0,0,0,0,0,0,0,0,0,2,33.0920666151884,40.8890817209154,26.0188516638961,"CSR","@rgb(84,104,66)","@rgb(192,192,192)","@rgb(192,192,192)","@symbol(2,512,0)"
"2170","Potentilla anglica Laichard.","Potentilla anglica","Rosaceae","Rosales","Rosanae","Dicot","Kleyer","perennial","forb",0,0,1,0,0,0,0,1,0,0,0,1,1,0,0,0,0,0,0,1,0,0,3,20.5502314111248,35.6643191680268,43.7854494208484,"SR/CSR","@rgb(52,91,112)","@rgb(192,192,192)","@rgb(192,192,192)","@symbol(2,512,0)"
"2171","Potentilla anserina L.","Potentilla anserina","Rosaceae","Rosales","Rosanae","Dicot","Shipley","perennial","forb",1,0,1,0,0,0,0,2,0,0,0,1,1,1,0,1,0,1,1,1,1,0,8,67.5032576120808,16.2269679011392,16.26977448678,"C/CR","@rgb(172,41,41)","@rgb(192,192,192)","@rgb(192,192,192)","@symbol(2,512,0)"
"2172","Potentilla argentea L.","Potentilla argentea","Rosaceae","Rosales","Rosanae","Dicot","Weiher","perennial","forb",0,0,1,0,0,0,0,1,0,0,0,1,1,0,0,0,0,0,0,1,0,0,3,11.6955611956171,64.475337904894,23.8291008994889,"S/SR","@rgb(30,164,61)","@rgb(192,192,192)","@rgb(192,192,192)","@symbol(2,512,0)"
"2173","Potentilla aurea L.","Potentilla aurea","Rosaceae","Rosales","Rosanae","Dicot","Cerabolini/Pierce","perennial","forb",0,0,1,0,0,0,0,1,0,0,0,1,1,0,0,0,0,0,0,1,0,0,3,15.6160614630364,42.7431084413033,41.6408300956603,"SR/CSR","@rgb(40,109,106)","@rgb(192,192,192)","@rgb(192,192,192)","@symbol(2,512,0)"
"2174","Potentilla brauniana Hoppe","Potentilla brauniana","Rosaceae","Rosales","Rosanae","Dicot","Caccianiga","perennial","forb",0,0,1,0,0,0,0,1,0,0,0,1,1,0,0,0,0,0,0,1,0,0,3,4.96412978692806,69.2175774668842,25.8182927461878,"S/SR","@rgb(13,177,66)","@rgb(192,192,192)","@rgb(192,192,192)","@symbol(2,512,0)"
"2175","Potentilla caulescens L.","Potentilla caulescens","Rosaceae","Rosales","Rosanae","Dicot","Cerabolini/Pierce","perennial","forb",0,0,1,0,0,0,0,1,0,0,0,1,1,0,0,0,0,0,0,1,0,0,3,28.6862605892546,34.4522603708071,36.8614790399383,"CSR","@rgb(73,88,94)","@rgb(192,192,192)","@rgb(192,192,192)","@symbol(2,512,0)"
"2176","Potentilla cinerea ex Vill.","Potentilla cinerea","Rosaceae","Rosales","Rosanae","Dicot","Kleyer","perennial","forb",0,0,1,0,0,0,0,1,0,0,0,1,0,0,0,0,0,0,0,1,0,0,2,13.0505681601452,73.4313777195309,13.5180541203239,"S/SR","@rgb(33,187,34)","@rgb(192,192,192)","@rgb(192,192,192)","@symbol(2,512,0)"
"2177","Potentilla crantzii (Crantz) Beck ex Fritsch","Potentilla crantzii","Rosaceae","Rosales","Rosanae","Dicot","Soudzilovskaia","perennial","forb",0,0,1,0,0,0,0,1,0,0,0,1,1,1,0,1,0,1,1,1,0,0,7,12.7631353271283,65.1688650345299,22.0679996383418,"S/SR","@rgb(33,166,56)","@rgb(192,192,192)","@rgb(192,192,192)","@symbol(2,512,0)"
"2178","Potentilla crinita A. Gray","Potentilla crinita","Rosaceae","Rosales","Rosanae","Dicot","Laughlin","perennial","forb",1,0,0,0,0,0,0,1,0,0,0,0,1,0,0,0,0,0,0,0,1,0,2,20.6529548396609,73.6690131228238,5.67803203751535,"S/CS","@rgb(53,188,14)","@rgb(192,192,192)","@rgb(192,192,192)","@symbol(2,512,0)"
"2179","Potentilla erecta (L.) Raeusch.","Potentilla erecta","Rosaceae","Rosales","Rosanae","Dicot","Cerabolini/Pierce","perennial","forb",0,0,1,0,0,0,0,1,0,0,0,1,1,1,0,0,0,0,1,1,0,0,5,16.4815521680684,50.5166361017543,33.0018117301773,"SR/CSR","@rgb(42,129,84)","@rgb(192,192,192)","@rgb(192,192,192)","@symbol(2,512,0)"
"2180","Potentilla gelida C.A. Mey.","Potentilla crantzii","Rosaceae","Rosales","Rosanae","Dicot","Soudzilovskaia","perennial","forb",0,0,1,0,0,0,0,1,0,0,0,1,1,1,0,1,0,1,1,0,1,0,7,12.2932780252899,64.7090136228947,22.9977083518154,"S/SR","@rgb(31,165,59)","@rgb(192,192,192)","@rgb(192,192,192)","@symbol(2,512,0)"
"2181","Potentilla heptaphylla L.","Potentilla heptaphylla","Rosaceae","Rosales","Rosanae","Dicot","Kleyer","perennial","forb",0,0,1,0,0,0,0,1,0,0,0,1,1,0,0,0,0,0,0,0,0,0,2,21.6754118534385,61.0306896630873,17.2938984834742,"S/CSR","@rgb(55,156,44)","@rgb(192,192,192)","@rgb(192,192,192)","@symbol(2,512,0)"
"2182","Potentilla hippiana Lehm.","Potentilla hippiana","Rosaceae","Rosales","Rosanae","Dicot","Laughlin","perennial","forb",1,0,0,0,0,0,0,1,0,0,1,1,1,1,0,1,0,0,0,0,0,0,5,26.7995583802434,68.1463732936982,5.05406832605833,"S/CS","@rgb(68,174,13)","@rgb(192,192,192)","@rgb(192,192,192)","@symbol(2,512,0)"
"2183","Potentilla indica (Jacks.) Th. Wolf","Potentilla indica","Rosaceae","Rosales","Rosanae","Dicot","Cerabolini/Pierce","perennial","forb",0,0,1,0,1,0,0,2,1,0,0,1,1,0,0,0,0,1,0,0,1,0,5,28.2569562558632,51.1905021616744,20.5525415824623,"S/CSR","@rgb(72,131,52)","@rgb(192,192,192)","@rgb(192,192,192)","@symbol(2,512,0)"
"2184","Potentilla intermedia L.","Potentilla intermedia","Rosaceae","Rosales","Rosanae","Dicot","Kleyer","perennial","forb",0,0,1,0,0,0,0,1,0,0,0,1,0,0,0,0,0,0,0,0,0,0,1,23.272136092494,47.9656186285593,28.7622452789468,"S/CSR","@rgb(59,122,73)","@rgb(192,192,192)","@rgb(192,192,192)","@symbol(2,512,0)"
"2185","Potentilla nivea L.","Potentilla nivea","Rosaceae","Rosales","Rosanae","Dicot","Soudzilovskaia","perennial","forb",1,0,1,0,0,0,0,2,0,0,0,1,1,1,0,0,0,1,1,0,0,0,5,14.9238823527478,63.1576443474755,21.9184732997767,"S/CSR","@rgb(38,161,56)","@rgb(192,192,192)","@rgb(192,192,192)","@symbol(2,512,0)"
"2186","Potentilla norvegica L.","Potentilla norvegica","Rosaceae","Rosales","Rosanae","Dicot","Shipley","perennial","forb",1,0,1,0,0,0,0,2,0,0,0,1,1,1,0,1,0,0,1,1,1,0,7,32.1712984283504,43.5365692482121,24.2921323234376,"CS/CSR","@rgb(82,111,62)","@rgb(192,192,192)","@rgb(192,192,192)","@symbol(2,512,0)"
"2187","Potentilla palustris (L.) Scop.","Comarum palustre","Rosaceae","Rosales","Rosanae","Dicot","Kleyer","perennial","forb",1,0,1,0,0,0,0,2,0,0,0,1,1,1,0,1,0,1,1,1,0,0,7,32.0849257555208,41.406134151058,26.5089400934212,"CSR","@rgb(82,106,68)","@rgb(192,192,192)","@rgb(192,192,192)","@symbol(2,512,0)"
"2188","Potentilla pusilla Host","Potentilla pusilla","Rosaceae","Rosales","Rosanae","Dicot","Cerabolini/Pierce","perennial","forb",0,0,1,0,0,0,0,1,0,0,0,1,1,0,0,0,0,0,0,1,0,0,3,21.4648321448177,62.3196594699507,16.2155083852316,"S/CSR","@rgb(55,159,41)","@rgb(192,192,192)","@rgb(192,192,192)","@symbol(2,512,0)"
"2189","Potentilla recta L.","Potentilla recta","Rosaceae","Rosales","Rosanae","Dicot","Weiher","perennial","shrub",0,0,1,0,0,0,0,1,0,0,0,1,1,1,0,0,0,0,1,1,0,0,5,25.5614784244555,51.8020137537189,22.6365078218256,"S/CSR","@rgb(65,132,58)","@rgb(192,192,192)","@rgb(0,0,0)","@symbol(6,512,0)"
"2190","Potentilla reptans L.","Potentilla reptans","Rosaceae","Rosales","Rosanae","Dicot","Cerabolini/Pierce","perennial","forb",0,0,1,0,1,0,0,2,0,0,0,1,1,0,0,0,0,1,0,1,1,0,5,40.7237672749735,20.2992183727727,38.9770143522538,"CR/CSR","@rgb(104,52,99)","@rgb(192,192,192)","@rgb(192,192,192)","@symbol(2,512,0)"
"2191","Potentilla rupestris L.","Drymocallis rupestris","Rosaceae","Rosales","Rosanae","Dicot","Kleyer","perennial","forb",0,0,1,0,0,0,0,1,0,0,0,1,1,0,0,0,0,0,0,1,0,0,3,16.6634749780642,52.6812482988207,30.6552767231151,"S/CSR","@rgb(42,134,78)","@rgb(192,192,192)","@rgb(192,192,192)","@symbol(2,512,0)"
"2192","Potentilla simplex Michx.","Potentilla simplex","Rosaceae","Rosales","Rosanae","Dicot","Weiher","perennial","forb",1,0,0,0,0,0,0,1,0,0,0,1,1,1,0,1,0,0,0,0,0,0,4,16.7293259810024,50.9359227588631,32.3347512601345,"S/CSR","@rgb(43,130,82)","@rgb(192,192,192)","@rgb(192,192,192)","@symbol(2,512,0)"
"2193","Potentilla subviscosa Greene","Potentilla subviscosa","Rosaceae","Rosales","Rosanae","Dicot","Laughlin","perennial","forb",1,0,0,0,0,0,0,1,0,0,1,0,1,0,0,0,0,0,0,0,0,0,2,14.6414280427444,63.8590895871817,21.4994823700739,"S/CSR","@rgb(37,163,55)","@rgb(192,192,192)","@rgb(192,192,192)","@symbol(2,512,0)"
"2194","Potentilla tabernaemontani Asch.","Potentilla tabernaemontani","Rosaceae","Rosales","Rosanae","Dicot","Cerabolini/Pierce2","perennial","forb",0,0,1,0,0,0,0,1,0,0,0,1,1,1,0,0,0,0,0,1,0,0,4,23.9003113364644,59.2022933334961,16.8973953300395,"S/CSR","@rgb(61,151,43)","@rgb(192,192,192)","@rgb(192,192,192)","@symbol(2,512,0)"
"2195","Poulsenia armata (Miq.) Standl.","Poulsenia armata","Moraceae","Rosales","Rosanae","Dicot","Wright","perennial","tree",0,1,0,0,0,0,0,1,1,1,0,0,0,0,1,0,0,0,0,0,1,0,4,68.4129630283847,28.2276892289534,3.35934774266185,"C/CS","@rgb(174,72,9)","@rgb(255,255,255)","@rgb(128,0,0)","@symbol(3,512,0)"
"2196","Pourouma bicolor Mart.","Pourouma bicolor","Urticaceae","Rosales","Rosanae","Dicot","Wright","perennial","tree",0,1,0,0,0,0,0,1,1,1,1,0,0,0,1,0,0,0,0,0,0,0,4,76.456058028305,21.3285593621319,2.21538260956304,"C/CS","@rgb(195,54,6)","@rgb(255,255,255)","@rgb(128,0,0)","@symbol(3,512,0)"
"2197","Pouteria bangii (Rusby) T.D. Penn.","Pouteria bangii","Sapotaceae","Ericales","Asteranae","Dicot","Pinho","perennial","tree",0,1,0,0,0,0,0,1,1,0,0,0,0,0,0,0,0,0,0,0,0,0,1,40.0797240116005,45.7673060181793,14.1529699702202,"CS/CSR","@rgb(102,117,36)","@rgb(255,255,255)","@rgb(128,0,0)","@symbol(3,512,0)"
"2198","Pouteria fossicola Cronquist","Pouteria fossicola","Sapotaceae","Ericales","Asteranae","Dicot","Wright","perennial","tree",0,1,0,0,0,0,0,1,1,0,0,0,0,0,0,0,0,0,0,0,0,0,1,54.2757159059274,36.8946903199822,8.82959377409035,"CS","@rgb(138,94,23)","@rgb(255,255,255)","@rgb(128,0,0)","@symbol(3,512,0)"
"2199","Pouteria gardneri (Mart. & Miq.) Baehni","Pouteria gardneri","Sapotaceae","Ericales","Asteranae","Dicot","Pinho","perennial","tree",0,1,0,0,0,0,0,1,1,1,0,0,0,0,1,0,0,0,0,0,0,0,3,35.6639869038367,52.8243860401241,11.5116270560391,"CS/CSR","@rgb(91,135,29)","@rgb(255,255,255)","@rgb(128,0,0)","@symbol(3,512,0)"
"2200","Pouteria glomerata (Miq.) Radlk.","Pouteria glomerata","Sapotaceae","Ericales","Asteranae","Dicot","Pinho","perennial","tree",0,1,0,0,0,0,0,1,1,0,0,0,0,0,1,0,0,0,0,0,0,0,2,49.4753416785922,44.3978976877298,6.12676063367802,"CS","@rgb(126,113,16)","@rgb(255,255,255)","@rgb(128,0,0)","@symbol(3,512,0)"
"2201","Pouteria reticulata (Engl.) Eyma","Pouteria reticulata","Sapotaceae","Ericales","Asteranae","Dicot","Wright","perennial","tree",0,1,0,0,0,0,0,1,1,1,0,0,0,0,1,0,0,0,0,0,0,0,3,34.6237665987238,52.7671485806505,12.6090848206256,"CS/CSR","@rgb(88,135,32)","@rgb(255,255,255)","@rgb(128,0,0)","@symbol(3,512,0)"
"2202","Pouteria stipitata Cronquist","Pouteria stipitata","Sapotaceae","Ericales","Asteranae","Dicot","Wright","perennial","tree",0,1,0,0,0,0,0,1,1,0,0,0,0,0,0,0,0,0,0,0,0,0,1,29.9849754348118,58.950638749033,11.0643858161552,"S/CSR","@rgb(76,150,28)","@rgb(255,255,255)","@rgb(128,0,0)","@symbol(3,512,0)"
"2203","Prenanthes purpurea L.","Prenanthes purpurea","Asteraceae","Asterales","Asteranae","Dicot","Cerabolini/Pierce","perennial","forb",0,0,1,0,0,0,0,1,0,0,0,1,1,0,0,0,0,0,0,1,0,0,3,50.6736174952577,0,49.3263825047423,"CR","@rgb(129,0,126)","@rgb(192,192,192)","@rgb(192,192,192)","@symbol(2,512,0)"
"2204","Prestelia eriopus Sch. Bip.","Prestelia eriopus","Asteraceae","Asterales","Asteranae","Dicot","Negreiros","perennial","shrub",0,1,0,0,0,0,0,1,0,0,0,0,0,0,1,0,0,0,0,0,0,0,1,12.7916044468843,87.2083955531157,0,"S","@rgb(33,222,0)","@rgb(192,192,192)","@rgb(0,0,0)","@symbol(6,512,0)"
"2205","Primula algida Adams","Primula algida","Primulaceae","Ericales","Asteranae","Dicot","Shipley","perennial","forb",0,0,1,0,0,0,0,1,0,0,0,1,1,0,0,1,0,1,0,0,1,0,5,53.9949502440727,19.9303991524771,26.0746506034502,"C/CSR","@rgb(138,51,66)","@rgb(192,192,192)","@rgb(192,192,192)","@symbol(2,512,0)"
"2206","Primula auriculata Lam.","Primula auriculata","Primulaceae","Ericales","Asteranae","Dicot","Soudzilovskaia","perennial","forb",0,0,1,0,0,0,0,1,0,0,0,1,1,0,0,1,0,0,0,0,0,0,3,44.5340455519766,0,55.4659544480234,"CR","@rgb(114,0,141)","@rgb(192,192,192)","@rgb(192,192,192)","@symbol(2,512,0)"
"2207","Primula elatior Hill","Primula elatior","Primulaceae","Ericales","Asteranae","Dicot","Kleyer","perennial","forb",0,0,1,0,0,0,0,1,0,0,0,1,1,0,0,0,0,0,0,1,0,0,3,56.4999150542669,0,43.5000849457331,"CR","@rgb(144,0,111)","@rgb(192,192,192)","@rgb(192,192,192)","@symbol(2,512,0)"
"2208","Primula farinosa L.","Primula farinosa","Primulaceae","Ericales","Asteranae","Dicot","Kleyer","perennial","forb",0,0,1,0,0,0,0,1,0,0,0,1,1,1,0,0,0,1,0,1,0,0,5,17.9588382308843,8.84085874060746,73.2003030285082,"R/CR","@rgb(46,23,187)","@rgb(192,192,192)","@rgb(192,192,192)","@symbol(2,512,0)"
"2209","Primula glaucescens Moretti","Primula glaucescens","Primulaceae","Ericales","Asteranae","Dicot","Cerabolini/Pierce","perennial","forb",0,0,1,0,0,0,0,1,0,0,0,0,1,0,0,0,0,0,0,0,0,0,1,45.6097875161676,35.4684054628407,18.9218070209916,"CS/CSR","@rgb(116,90,48)","@rgb(192,192,192)","@rgb(192,192,192)","@symbol(2,512,0)"
"2210","Primula glutinosa Wulfen","Primula glutinosa","Primulaceae","Ericales","Asteranae","Dicot","Cerabolini/Pierce","perennial","forb",0,0,1,0,0,0,0,1,0,0,0,0,1,0,0,0,0,0,0,0,0,0,1,21.4290221945728,0,78.5709778054272,"R/CR","@rgb(55,0,200)","@rgb(192,192,192)","@rgb(192,192,192)","@symbol(2,512,0)"
"2211","Primula hirsuta All.","Primula hirsuta","Primulaceae","Ericales","Asteranae","Dicot","Cerabolini/Pierce","perennial","forb",0,0,1,0,0,0,0,1,0,0,0,1,1,0,0,0,0,0,0,1,0,0,3,29.0428838764255,0,70.9571161235745,"R/CR","@rgb(74,0,181)","@rgb(192,192,192)","@rgb(192,192,192)","@symbol(2,512,0)"
"2212","Primula integrifolia L.","Primula integrifolia","Primulaceae","Ericales","Asteranae","Dicot","Cerabolini/Pierce","perennial","forb",0,0,1,0,0,0,0,1,0,0,0,1,1,0,0,0,0,0,0,1,0,0,3,11.9168200761413,6.6352516024166,81.4479283214421,"R","@rgb(30,17,208)","@rgb(192,192,192)","@rgb(192,192,192)","@symbol(2,512,0)"
"2213","Primula latifolia Lapeyr.","Primula latifolia","Primulaceae","Ericales","Asteranae","Dicot","Caccianiga","perennial","forb",0,0,1,0,0,0,0,1,0,0,0,1,1,0,0,0,0,0,0,1,0,0,3,42.9185662281824,0,57.0814337718176,"CR","@rgb(109,0,146)","@rgb(192,192,192)","@rgb(192,192,192)","@symbol(2,512,0)"
"2214","Primula ruprechtii Kusn.","Primula ruprechtii","Primulaceae","Ericales","Asteranae","Dicot","Soudzilovskaia","perennial","forb",0,0,1,0,0,0,0,1,0,0,0,1,0,0,0,1,0,0,0,0,0,0,2,59.1837197713601,15.6023564950786,25.2139237335613,"C/CSR","@rgb(151,40,64)","@rgb(192,192,192)","@rgb(192,192,192)","@symbol(2,512,0)"
"2215","Primula veris L.","Primula veris","Primulaceae","Ericales","Asteranae","Dicot","Cerabolini","perennial","forb",0,0,1,0,0,0,0,1,0,0,0,1,1,1,0,0,0,0,0,1,0,0,4,36.4940369972481,54.4011673608179,9.10479564193398,"CS","@rgb(93,139,23)","@rgb(192,192,192)","@rgb(192,192,192)","@symbol(2,512,0)"
"2216","Primula vulgaris Huds. vulgaris","Primula vulgaris subsp. vulgaris","Primulaceae","Ericales","Asteranae","Dicot","Cerabolini/Pierce","perennial","forb",0,0,1,0,0,0,0,1,0,0,0,1,1,0,0,0,0,0,0,1,0,0,3,56.2538217855485,0,43.7461782144515,"CR","@rgb(143,0,112)","@rgb(192,192,192)","@rgb(192,192,192)","@symbol(2,512,0)"
"2217","Prionostemma aspera (Lam.) Miers","Prionostemma aspera","Celastraceae","Celastrales","Rosanae","Dicot","Wright","perennial","tree",0,1,0,0,0,0,0,1,1,1,0,0,0,0,1,0,0,0,0,0,0,0,3,50.1773055935145,43.6686443737571,6.15405003272837,"CS","@rgb(128,111,16)","@rgb(255,255,255)","@rgb(128,0,0)","@symbol(3,512,0)"
"2218","Prioria copaifera Griseb.","Prioria copaifera","Fabaceae","Fabales","Rosanae","Dicot","Wright","perennial","tree",0,1,0,0,0,0,0,1,1,0,0,0,0,0,0,0,0,0,0,0,0,0,1,52.3567150050697,45.6953719322367,1.94791306269354,"CS","@rgb(134,117,5)","@rgb(255,255,255)","@rgb(128,0,0)","@symbol(3,512,0)"
"2219","Protium confusum (Rose) Pittier","Protium confusum","Burseraceae","Sapindales","Rosanae","Dicot","Wright","perennial","tree",0,1,0,0,0,0,0,1,1,0,0,0,0,0,0,0,0,0,0,0,0,0,1,58.3392400929364,32.9542819668319,8.70647794023164,"C/CSR","@rgb(149,84,22)","@rgb(255,255,255)","@rgb(128,0,0)","@symbol(3,512,0)"
"2220","Protium costaricense (Rose) Engl.","Protium costaricense","Burseraceae","Sapindales","Rosanae","Dicot","Wright","perennial","tree",0,1,0,0,0,0,0,1,1,0,0,0,0,0,0,0,0,0,0,0,0,0,1,58.5914593865381,31.3905686741192,10.0179719393427,"C/CSR","@rgb(149,80,26)","@rgb(255,255,255)","@rgb(128,0,0)","@symbol(3,512,0)"
"2221","Protium heptaphyllum (Aubl.) Marchand","Protium heptaphyllum","Burseraceae","Sapindales","Rosanae","Dicot","Pinho","perennial","tree",0,1,0,0,0,0,0,1,1,1,0,0,0,0,1,0,0,0,0,0,1,0,4,35.680191838049,53.8469359395732,10.4728722223778,"CS","@rgb(91,137,27)","@rgb(255,255,255)","@rgb(128,0,0)","@symbol(3,512,0)"
"2222","Protium neglectum Swart","Protium tenuifolium subsp. tenuifolium","Burseraceae","Sapindales","Rosanae","Dicot","Pinho","perennial","tree",0,1,0,0,0,0,0,1,1,0,0,0,0,0,0,0,0,0,0,0,0,0,1,49.481573660567,37.5857773141808,12.9326490252521,"CS/CSR","@rgb(126,96,33)","@rgb(255,255,255)","@rgb(128,0,0)","@symbol(3,512,0)"
"2223","Protium panamense (Rose) I.M. Johnst.","Protium panamense","Burseraceae","Sapindales","Rosanae","Dicot","Wright","perennial","tree",0,1,0,0,0,0,0,1,1,1,0,0,0,0,0,0,0,0,0,0,0,0,2,74.4636247121054,24.9851027688271,0.551272519067541,"C/CS","@rgb(190,64,1)","@rgb(255,255,255)","@rgb(128,0,0)","@symbol(3,512,0)"
"2224","Protium tenuifolium (Engl.) Engl.","Protium tenuifolium","Burseraceae","Sapindales","Rosanae","Dicot","Wright","perennial","tree",0,1,0,0,0,0,0,1,1,1,0,0,0,0,1,0,0,0,0,0,0,0,3,67.9742931129034,29.023461098077,3.00224578901961,"C/CS","@rgb(173,74,8)","@rgb(255,255,255)","@rgb(128,0,0)","@symbol(3,512,0)"
"2225","Prunella grandiflora (L.) Scholler",NA,"Lamiaceae","Lamiales","Asteranae","Dicot","Cerabolini/Pierce","perennial","forb",0,0,1,0,0,0,0,1,0,0,0,1,1,0,0,0,0,0,0,1,0,0,3,43.1403952602166,19.1053400550287,37.7542646847548,"CR/CSR","@rgb(110,49,96)","@rgb(192,192,192)","@rgb(192,192,192)","@symbol(2,512,0)"
"2226","Prunella vulgaris L.","Prunella vulgaris","Lamiaceae","Lamiales","Asteranae","Dicot","Shipley","perennial","forb",1,0,1,0,1,0,0,3,0,0,0,1,1,0,0,1,0,1,0,1,1,0,6,12.5451597626635,53.985720252798,33.4691199845385,"S/CSR","@rgb(32,138,85)","@rgb(192,192,192)","@rgb(192,192,192)","@symbol(2,512,0)"
"2227","Prunus avium L. avium","Prunus avium","Rosaceae","Rosales","Rosanae","Dicot","Cerabolini","perennial","tree",0,0,1,0,0,0,0,1,0,0,0,1,1,0,0,0,0,0,0,1,0,0,3,35.0259911424732,39.6279393327896,25.3460695247371,"CSR","@rgb(89,101,65)","@rgb(255,255,255)","@rgb(128,0,0)","@symbol(3,512,0)"
"2228","Prunus cerasifera Ehrh.","Prunus cerasifera","Rosaceae","Rosales","Rosanae","Dicot","Cerabolini/Pierce","perennial","tree",0,0,1,0,0,0,0,1,0,0,0,1,1,0,0,1,0,0,0,1,0,0,4,25.4665346164177,50.2486800866045,24.2847852969778,"S/CSR","@rgb(65,128,62)","@rgb(255,255,255)","@rgb(128,0,0)","@symbol(3,512,0)"
"2229","Prunus cerasus L.","Prunus cerasus","Rosaceae","Rosales","Rosanae","Dicot","Kleyer","perennial","shrub",0,0,1,0,0,0,0,1,0,0,0,1,0,0,0,0,0,0,0,0,0,0,1,31.6822211202401,43.1864929255783,25.1312859541816,"CSR","@rgb(81,110,64)","@rgb(192,192,192)","@rgb(0,0,0)","@symbol(6,512,0)"
"2230","Prunus domestica L.","Prunus domestica","Rosaceae","Rosales","Rosanae","Dicot","Cerabolini/Pierce","perennial","tree",0,0,1,0,0,0,0,1,0,0,0,1,1,0,0,0,0,0,0,1,0,0,3,27.0037748543984,65.9999340061627,6.99629113943892,"S/CS","@rgb(69,168,18)","@rgb(255,255,255)","@rgb(128,0,0)","@symbol(3,512,0)"
"2231","Prunus laurocerasus L.","Prunus laurocerasus","Rosaceae","Rosales","Rosanae","Dicot","Cerabolini/Pierce","perennial","tree",0,0,1,0,0,0,0,1,0,0,0,1,0,0,0,0,0,0,0,1,0,0,2,45.1795536618793,54.8204463381207,0,"CS","@rgb(115,140,0)","@rgb(255,255,255)","@rgb(128,0,0)","@symbol(3,512,0)"
"2232","Prunus lusitanica L.","Prunus lusitanica","Rosaceae","Rosales","Rosanae","Dicot","Cornelissen","perennial","tree",0,0,1,0,0,0,0,1,0,0,0,1,1,0,0,0,0,0,0,1,0,0,3,32.487192278332,67.512807721668,0,"S/CS","@rgb(83,172,0)","@rgb(255,255,255)","@rgb(128,0,0)","@symbol(3,512,0)"
"2233","Prunus mahaleb L.","Prunus mahaleb","Rosaceae","Rosales","Rosanae","Dicot","Kleyer","perennial","shrub",0,0,1,0,0,0,0,1,0,0,0,1,1,0,0,1,0,0,0,1,0,0,4,22.1881675619918,54.1957290372722,23.616103400736,"S/CSR","@rgb(57,138,60)","@rgb(192,192,192)","@rgb(0,0,0)","@symbol(6,512,0)"
"2234","Prunus padus L.","Prunus padus","Rosaceae","Rosales","Rosanae","Dicot","Cerabolini/Pierce","perennial","tree",0,0,1,0,0,0,0,1,0,0,0,1,1,1,0,1,0,1,1,1,0,0,7,31.484370267585,45.5060698998199,23.009559832595,"S/CSR","@rgb(80,116,59)","@rgb(255,255,255)","@rgb(128,0,0)","@symbol(3,512,0)"
"2235","Prunus persica (L.) Batsch","Prunus persica","Rosaceae","Rosales","Rosanae","Dicot","Cerabolini/Pierce","perennial","tree",0,0,1,0,0,0,0,1,0,0,0,0,0,0,0,0,0,1,0,0,0,0,1,36.1722503797857,53.5147621841342,10.3129874360801,"CS","@rgb(92,136,26)","@rgb(255,255,255)","@rgb(128,0,0)","@symbol(3,512,0)"
"2236","Prunus serotina Ehrh.","Prunus serotina","Rosaceae","Rosales","Rosanae","Dicot","Cerabolini","perennial","tree",1,1,0,0,0,0,0,2,1,1,1,1,1,0,1,1,0,1,0,0,1,0,9,39.5434237731856,49.7439660140467,10.7126102127677,"CS","@rgb(101,127,27)","@rgb(255,255,255)","@rgb(128,0,0)","@symbol(3,512,0)"
"2237","Prunus spinosa L.","Prunus spinosa","Rosaceae","Rosales","Rosanae","Dicot","Cerabolini","perennial","tree",0,0,1,0,0,0,0,1,0,0,0,1,1,1,0,0,0,0,0,1,0,0,4,16.2608248188714,37.8146184528264,45.9245567283022,"SR/CSR","@rgb(41,96,117)","@rgb(255,255,255)","@rgb(128,0,0)","@symbol(3,512,0)"
"2238","Pseudobombax septenatum (Jacq.) Dugand","Pseudobombax septenatum","Malvaceae","Malvales","Rosanae","Dicot","Wright","perennial","tree",0,1,0,0,0,0,0,1,1,1,0,0,0,0,1,0,0,0,0,0,1,0,4,76.5734332693579,12.964507808014,10.4620589226281,"C/CS","@rgb(195,33,27)","@rgb(255,255,255)","@rgb(128,0,0)","@symbol(3,512,0)"
"2239","Pseudocymopterus montanus (A. Gray) J.M. Coult. & Rose","Cymopterus lemmonii","Apiaceae","Apiales","Asteranae","Dicot","Laughlin","perennial","forb",1,0,0,0,0,0,0,1,0,1,1,0,1,0,0,0,0,0,0,0,1,0,4,33.8993979301048,34.1217017109139,31.9789003589813,"CSR","@rgb(86,87,82)","@rgb(192,192,192)","@rgb(192,192,192)","@symbol(2,512,0)"
"2240","Pseudognaphalium macounii (Greene) Kartesz","Pseudognaphalium macounii","Asteraceae","Asterales","Asteranae","Dicot","Laughlin","biennial","forb",1,1,0,0,0,0,0,2,0,1,1,1,1,0,0,0,0,0,0,0,1,0,5,23.6672559012386,0,76.3327440987615,"R/CR","@rgb(60,0,195)","@rgb(192,192,192)","@rgb(192,192,192)","@symbol(2,512,0)"
"2241","Pseudolysimachion spicatum (L.) Opiz spicatum","Veronica spicata","Plantaginaceae","Lamiales","Asteranae","Dicot","Cerabolini/Pierce","perennial","forb",0,0,1,0,0,0,0,1,0,0,0,1,1,1,0,1,0,1,0,1,0,0,6,7.9874673449703,70.2255225766405,21.7870100783892,"S/SR","@rgb(20,179,56)","@rgb(192,192,192)","@rgb(192,192,192)","@symbol(2,512,0)"
"2242","Pseudovaria macrophylla  (Oliv.) Merr.","Pseuduvaria macrophylla","Annonaceae","Magnoliales","Magnolianae","Dicot","SJ Wright Pasoh","perennial","tree",0,0,0,0,1,0,0,1,1,0,0,0,0,0,0,0,0,0,0,0,0,0,1,71.1283358731245,24.1360697976597,4.73559432921577,"C/CS","@rgb(181,62,12)","@rgb(255,255,255)","@rgb(128,0,0)","@symbol(3,512,0)"
"2243","Psidium friedrichsthalianum (O. Berg) Nied.","Psidium friedrichsthalianum","Myrtaceae","Myrtales","Rosanae","Dicot","Wright","perennial","tree",0,1,0,0,0,0,0,1,1,1,1,0,0,0,0,0,0,0,0,0,0,0,3,34.7402232688894,43.0314867011022,22.2282900300084,"CS/CSR","@rgb(89,110,57)","@rgb(255,255,255)","@rgb(128,0,0)","@symbol(3,512,0)"
"2244","Psidium guineense Sw.","Psidium guineense","Myrtaceae","Myrtales","Rosanae","Dicot","Pinho","perennial","tree",0,1,0,0,0,0,0,1,1,1,0,0,0,0,1,0,0,0,0,0,1,0,4,41.1190593908857,39.5993137433074,19.2816268658069,"CS/CSR","@rgb(105,101,49)","@rgb(255,255,255)","@rgb(128,0,0)","@symbol(3,512,0)"
"2245","Psychotria acuminata Benth.","Palicourea acuminata","Rubiaceae","Gentianales","Asteranae","Dicot","Wright","perennial","shrub",0,1,0,0,0,0,0,1,1,1,1,0,0,0,1,0,0,0,0,0,0,0,4,37.4194362837051,30.0469129173796,32.5336507989152,"CSR","@rgb(95,77,83)","@rgb(192,192,192)","@rgb(0,0,0)","@symbol(6,512,0)"
"2246","Psychotria chagrensis Standl.","Psychotria chagrensis","Rubiaceae","Gentianales","Asteranae","Dicot","Wright","perennial","shrub",0,1,0,0,0,0,0,1,1,1,1,0,0,0,0,0,0,0,0,0,0,0,3,40.0363625749468,9.22230491693406,50.7413325081192,"CR","@rgb(102,24,129)","@rgb(192,192,192)","@rgb(0,0,0)","@symbol(6,512,0)"
"2247","Psychotria deflexa DC.","Palicourea deflexa","Rubiaceae","Gentianales","Asteranae","Dicot","Wright","perennial","shrub",0,1,0,0,0,0,0,1,1,1,1,0,0,0,1,0,0,0,0,0,0,0,4,39.6116260163067,31.8844562984641,28.5039176852292,"CSR","@rgb(101,81,73)","@rgb(192,192,192)","@rgb(0,0,0)","@symbol(6,512,0)"
"2248","Psychotria graciliflora Benth.","Psychotria biaristata","Rubiaceae","Gentianales","Asteranae","Dicot","Wright","perennial","shrub",1,1,0,0,0,0,0,2,1,1,1,0,0,0,0,0,0,0,0,0,0,0,3,19.6416950155496,21.4705235596697,58.8877814247807,"R/CSR","@rgb(50,55,150)","@rgb(192,192,192)","@rgb(0,0,0)","@symbol(6,512,0)"
"2249","Psychotria grandis Sw.","Psychotria grandis","Rubiaceae","Gentianales","Asteranae","Dicot","Wright","perennial","tree",0,1,0,0,0,0,0,1,1,1,1,0,0,0,0,0,0,0,0,0,0,0,3,75.4246171226252,11.6443043447444,12.9310785326303,"C/CR","@rgb(192,30,33)","@rgb(255,255,255)","@rgb(128,0,0)","@symbol(3,512,0)"
"2250","Psychotria horizontalis Sw.","Psychotria horizontalis","Rubiaceae","Gentianales","Asteranae","Dicot","Wright","perennial","shrub",0,1,0,0,0,0,0,1,1,1,0,0,0,0,1,0,0,0,0,0,1,0,4,43.13629175279,39.9190788512666,16.9446293959434,"CS/CSR","@rgb(110,102,43)","@rgb(192,192,192)","@rgb(0,0,0)","@symbol(6,512,0)"
"2251","Psychotria limonensis K. Krause","Psychotria limonensis","Rubiaceae","Gentianales","Asteranae","Dicot","Wright","perennial","tree",0,1,0,0,0,0,0,1,1,1,1,0,0,0,0,0,0,0,0,0,0,0,3,78.8454282613447,0.889889458971676,20.2646822796836,"C/CR","@rgb(201,2,52)","@rgb(255,255,255)","@rgb(128,0,0)","@symbol(3,512,0)"
"2252","Psychotria marginata Sw.","Psychotria marginata","Rubiaceae","Gentianales","Asteranae","Dicot","Wright","perennial","shrub",0,1,0,0,0,0,0,1,1,1,1,0,0,0,0,0,0,0,0,0,0,0,3,50.8002483744956,32.9383511905454,16.261400434959,"C/CSR","@rgb(130,84,41)","@rgb(192,192,192)","@rgb(0,0,0)","@symbol(6,512,0)"
"2253","Psychotria pittieri Standl.","Palicourea cyanococca","Rubiaceae","Gentianales","Asteranae","Dicot","Wright","perennial","shrub",0,1,0,0,0,0,0,1,1,0,0,0,0,0,0,0,0,0,0,0,0,0,1,29.0215317720355,36.8612212732075,34.117246954757,"CSR","@rgb(74,94,87)","@rgb(192,192,192)","@rgb(0,0,0)","@symbol(6,512,0)"
"2254","Psychotria racemosa Rich.","Palicourea racemosa","Rubiaceae","Gentianales","Asteranae","Dicot","Wright","perennial","shrub",0,1,0,0,0,0,0,1,1,1,0,0,0,0,1,0,0,0,0,0,0,0,3,47.1965654357783,22.9930103155112,29.8104242487106,"C/CSR","@rgb(120,59,76)","@rgb(192,192,192)","@rgb(0,0,0)","@symbol(6,512,0)"
"2255","Psychotria tenuifolia Sw.","Psychotria tenuifolia","Rubiaceae","Gentianales","Asteranae","Dicot","Wright","perennial","shrub",0,1,0,0,0,0,0,1,1,1,1,0,0,0,0,0,0,0,0,0,0,0,3,52.2244285486508,33.0108935726382,14.764677878711,"C/CSR","@rgb(133,84,38)","@rgb(192,192,192)","@rgb(0,0,0)","@symbol(6,512,0)"
"2256","Pteridium aquilinum (L.) Kuhn","Pteridium aquilinum","Dennstaedtiaceae","Polypodiales",NA,"Fern","Díaz","perennial","forb",1,1,1,1,1,1,1,7,1,1,1,1,1,1,1,1,1,1,1,1,1,1,14,80.8856881736798,13.3594690408235,5.75484278549672,"C","@rgb(206,34,15)","@rgb(192,192,192)","@rgb(192,192,192)","@symbol(2,512,0)"
"2257","Pteris cretica L.","Pteris cretica","Pteridaceae","Polypodiales",NA,"Fern","Cerabolini","perennial","forb",1,1,1,1,1,1,1,7,1,1,1,1,1,0,1,1,1,0,0,1,1,0,10,63.0263970018905,16.3657997116763,20.6078032864332,"C/CSR","@rgb(161,42,53)","@rgb(192,192,192)","@rgb(192,192,192)","@symbol(2,512,0)"
"2258","Pterocarpus rohrii Vahl","Pterocarpus rohrii","Fabaceae","Fabales","Rosanae","Dicot","Wright","perennial","tree",0,1,0,0,0,0,0,1,1,1,1,0,0,0,1,0,1,0,0,0,0,0,5,57.2815333536795,20.9039297795445,21.814536866776,"C/CSR","@rgb(146,53,56)","@rgb(255,255,255)","@rgb(128,0,0)","@symbol(3,512,0)"
"2259","Ptychopyxis costata Miq.","Ptychopyxis costata","Euphorbiaceae","Malpighiales","Rosanae","Dicot","SJ Wright Pasoh","perennial","tree",0,0,0,0,1,0,0,1,1,0,0,0,0,0,0,0,0,0,0,0,0,0,1,43.2005301060122,51.7355511998638,5.06391869412401,"CS","@rgb(110,132,13)","@rgb(255,255,255)","@rgb(128,0,0)","@symbol(3,512,0)"
"2260","Puccinellia distans (Jacq.) Parl.","Puccinellia distans","Poaceae","Poales","Lilianae","Monocot","Díaz","perennial","graminoid",0,0,1,0,0,0,0,1,0,0,0,1,1,1,0,0,0,1,1,1,1,0,7,12.3342064379139,16.1383397970475,71.5274537650386,"R/SR","@rgb(31,41,182)","@rgb(0,0,0)","@rgb(0,128,0)","@symbol(4,512,0)"
"2261","Puccinellia maritima (Huds.) Parl.","Puccinellia maritima","Poaceae","Poales","Lilianae","Monocot","Kleyer","perennial","graminoid",0,0,1,0,0,0,0,1,0,0,0,1,1,1,0,0,0,0,1,1,0,0,5,0,39.4485771942571,60.5514228057429,"SR","@rgb(0,101,154)","@rgb(0,0,0)","@rgb(0,128,0)","@symbol(4,512,0)"
"2262","Pueraria lobata (Willd.) Ohwi","Pueraria montana var. lobata","Fabaceae","Fabales","Rosanae","Dicot","Cerabolini/Pierce","perennial","liana",0,0,1,0,1,1,0,3,1,0,0,1,1,0,0,0,0,0,0,0,0,1,4,61.8580068515492,20.4845648971182,17.6574282513327,"C/CSR","@rgb(158,52,45)","@rgb(128,128,128)","@rgb(128,128,128)","@symbol(3,512,0)"
"2263","Pulicaria vulgaris Gaertn.","Pulicaria vulgaris","Asteraceae","Asterales","Asteranae","Dicot","Kleyer","annual","forb",0,0,1,0,0,0,0,1,0,0,0,1,0,0,0,0,0,0,0,1,1,0,3,19.8340097730563,0,80.1659902269437,"R/CR","@rgb(51,0,204)","@rgb(192,192,192)","@rgb(192,192,192)","@symbol(2,512,0)"
"2264","Pulmonaria angustifolia L.","Pulmonaria angustifolia","Boraginaceae","Boraginales","Asteranae","Dicot","Cerabolini/Pierce","perennial","forb",0,0,1,0,0,0,0,1,0,0,0,1,1,0,0,0,0,0,0,0,0,0,2,82.6910719994111,3.17649789976779,14.1324301008211,"C","@rgb(211,8,36)","@rgb(192,192,192)","@rgb(192,192,192)","@symbol(2,512,0)"
"2265","Pulmonaria obscura Dumort.","Pulmonaria obscura","Boraginaceae","Boraginales","Asteranae","Dicot","Kleyer","perennial","forb",0,0,1,0,0,0,0,1,0,0,0,1,1,1,0,0,0,0,0,0,0,0,3,57.5855263211188,0,42.4144736788812,"CR","@rgb(147,0,108)","@rgb(192,192,192)","@rgb(192,192,192)","@symbol(2,512,0)"
"2266","Pulmonaria officinalis L.","Pulmonaria officinalis","Boraginaceae","Boraginales","Asteranae","Dicot","Cerabolini/Pierce","perennial","forb",0,0,1,0,0,0,0,1,0,0,0,1,1,0,0,0,0,0,0,0,0,0,2,56.5593755537882,0,43.4406244462118,"CR","@rgb(144,0,111)","@rgb(192,192,192)","@rgb(192,192,192)","@symbol(2,512,0)"
"2267","Pulsatilla albana (Stev.) Bercht. & J. Presl","Pulsatilla albana","Ranunculaceae","Ranunculales","Ranunculanae","Dicot","Soudzilovskaia","perennial","forb",0,0,1,0,0,0,0,1,0,0,0,1,1,0,0,1,0,0,0,0,0,0,3,25.3005292554835,59.8072924705792,14.8921782739373,"S/CSR","@rgb(65,153,38)","@rgb(192,192,192)","@rgb(192,192,192)","@symbol(2,512,0)"
"2268","Pulsatilla alpina (L.) Delarbre apiifolia (Scop.) Nyman","Pulsatilla alpina subsp. apiifolia","Ranunculaceae","Ranunculales","Ranunculanae","Dicot","Cerabolini/Pierce","perennial","forb",0,0,1,0,0,0,0,1,0,0,0,1,1,0,0,0,0,0,0,0,0,0,2,41.6827038967099,29.9534621568317,28.3638339464584,"CSR","@rgb(106,76,72)","@rgb(192,192,192)","@rgb(192,192,192)","@symbol(2,512,0)"
"2269","Pulsatilla alpina (L.) Delarbre austroalpina D. M. Moser","Pulsatilla alpina subsp. austroalpina","Ranunculaceae","Ranunculales","Ranunculanae","Dicot","Cerabolini/Pierce","perennial","forb",0,0,1,0,0,0,0,1,0,0,0,0,1,0,0,0,0,0,0,0,0,0,1,45.9144835956458,12.9265888156273,41.1589275887268,"CR/CSR","@rgb(117,33,105)","@rgb(192,192,192)","@rgb(192,192,192)","@symbol(2,512,0)"
"2270","Pulsatilla aurea Juz.","Pulsatilla aurea","Ranunculaceae","Ranunculales","Ranunculanae","Dicot","Soudzilovskaia","perennial","forb",0,0,1,0,0,0,0,1,0,0,0,1,0,0,0,1,0,0,0,0,0,0,2,54.3654928156187,30.0015555011741,15.6329516832073,"C/CSR","@rgb(139,77,40)","@rgb(192,192,192)","@rgb(192,192,192)","@symbol(2,512,0)"
"2271","Pulsatilla montana (Hoppe) Rchb. montana","Pulsatilla montana","Ranunculaceae","Ranunculales","Ranunculanae","Dicot","Cerabolini/Pierce","perennial","forb",0,0,1,0,0,0,0,1,0,0,0,1,1,0,0,0,0,0,0,0,0,0,2,28.4006487841728,41.3228436390637,30.2765075767635,"CSR","@rgb(72,105,77)","@rgb(192,192,192)","@rgb(192,192,192)","@symbol(2,512,0)"
"2272","Pulsatilla pratensis (L.) Mill.","Pulsatilla pratensis","Ranunculaceae","Ranunculales","Ranunculanae","Dicot","Kleyer","perennial","forb",0,0,1,0,0,0,0,1,0,0,0,1,1,1,0,0,0,0,0,0,0,0,3,41.1632297205885,58.8367702794115,0,"CS","@rgb(105,150,0)","@rgb(192,192,192)","@rgb(192,192,192)","@symbol(2,512,0)"
"2273","Pulsatilla vernalis (L.) Mill.","Pulsatilla vernalis","Ranunculaceae","Ranunculales","Ranunculanae","Dicot","Kleyer","perennial","forb",0,0,1,0,0,0,0,1,0,0,0,1,1,1,0,0,0,0,1,0,0,0,4,30.8987954426504,67.0829433365509,2.01826122079874,"S/CS","@rgb(79,171,5)","@rgb(192,192,192)","@rgb(192,192,192)","@symbol(2,512,0)"
"2274","Pulsatilla vulgaris Mill.","Pulsatilla vulgaris","Ranunculaceae","Ranunculales","Ranunculanae","Dicot","Kleyer","perennial","forb",0,0,1,0,0,0,0,1,0,0,0,1,1,0,0,0,0,0,0,0,0,0,2,55.1958468299671,41.9679603993795,2.8361927706534,"CS","@rgb(141,107,7)","@rgb(192,192,192)","@rgb(192,192,192)","@symbol(2,512,0)"
"2275","Pycnanthemum tenuifolium Schrad.","Pycnanthemum tenuifolium","Lamiaceae","Lamiales","Asteranae","Dicot","Weiher","perennial","forb",1,0,0,0,0,0,0,1,0,0,0,1,1,0,1,1,0,0,0,0,0,0,4,2.3340459943177,80.6247178946351,17.0412361110472,"S/SR","@rgb(6,206,43)","@rgb(192,192,192)","@rgb(192,192,192)","@symbol(2,512,0)"
"2276","Pyrola elliptica Nutt.","Pyrola elliptica","Ericaceae","Ericales","Asteranae","Dicot","Shipley","perennial","shrub",1,0,0,0,0,0,0,1,0,0,0,1,1,1,0,1,0,0,0,0,0,0,4,10.6690754828935,76.3265293721397,13.0043951449668,"S/SR","@rgb(27,195,33)","@rgb(192,192,192)","@rgb(0,0,0)","@symbol(6,512,0)"
"2277","Pyrola minor L.","Pyrola minor","Ericaceae","Ericales","Asteranae","Dicot","Kleyer","perennial","shrub",1,0,1,0,0,0,0,2,0,0,0,1,1,1,0,1,0,0,1,1,1,0,7,13.2113320293052,51.6416649605098,35.147003010185,"SR/CSR","@rgb(34,132,90)","@rgb(192,192,192)","@rgb(0,0,0)","@symbol(6,512,0)"
"2278","Pyrola rotundifolia L.","Pyrola rotundifolia","Ericaceae","Ericales","Asteranae","Dicot","Wright","perennial","shrub",1,0,1,0,0,0,0,2,0,0,0,1,1,1,0,1,0,1,1,1,0,0,7,33.419348472186,37.0206385283139,29.5600129995001,"CSR","@rgb(85,94,75)","@rgb(192,192,192)","@rgb(0,0,0)","@symbol(6,512,0)"
"2279","Quararibea amazonica Ulbr.","Quararibea amazonica","Malvaceae","Malvales","Rosanae","Dicot","Wright","perennial","tree",0,1,0,0,0,0,0,1,1,0,0,0,0,0,0,0,0,0,0,0,0,0,1,49.2266785392324,38.3159428669635,12.4573785938041,"CS/CSR","@rgb(126,98,32)","@rgb(255,255,255)","@rgb(128,0,0)","@symbol(3,512,0)"
"2280","Quassia amara L.","Quassia amara","Simaroubaceae","Sapindales","Rosanae","Dicot","Wright","perennial","tree",0,1,0,0,0,0,0,1,1,1,1,0,0,0,0,0,0,0,0,0,0,0,3,56.0718958531419,30.9170651388675,13.0110390079907,"C/CSR","@rgb(143,79,33)","@rgb(255,255,255)","@rgb(128,0,0)","@symbol(3,512,0)"
"2281","Quercus cerris L.","Quercus cerris","Fagaceae","Fagales","Rosanae","Dicot","Cornelissen","perennial","tree",0,0,1,0,0,0,0,1,0,0,0,1,1,0,0,0,0,0,0,1,0,0,3,28.9519667718263,68.0220538075537,3.02597942061998,"S/CS","@rgb(74,173,8)","@rgb(255,255,255)","@rgb(128,0,0)","@symbol(3,512,0)"
"2282","Quercus coccifera L.","Quercus coccifera","Fagaceae","Fagales","Rosanae","Dicot","Wright","perennial","shrub",0,0,1,0,0,0,0,1,0,0,0,1,0,0,0,0,0,0,0,1,0,0,2,9.37845948912621,90.6215405108738,0,"S","@rgb(24,231,0)","@rgb(192,192,192)","@rgb(0,0,0)","@symbol(6,512,0)"
"2283","Quercus gambelii Nutt","Quercus gambelii","Fagaceae","Fagales","Rosanae","Dicot","Laughlin","perennial","shrub",1,0,0,0,0,0,0,1,0,0,0,0,1,0,0,0,0,0,0,0,1,0,2,33.0757494498007,60.9940651730894,5.93018537710992,"S/CS","@rgb(84,156,15)","@rgb(192,192,192)","@rgb(0,0,0)","@symbol(6,512,0)"
"2284","Quercus ilex L.","Quercus ilex","Fagaceae","Fagales","Rosanae","Dicot","Cerabolini/Pierce","perennial","tree",0,0,1,0,0,0,0,1,0,0,0,1,0,0,0,0,0,0,0,1,0,0,2,25.3883755058511,63.9462551973392,10.6653692968097,"S/CS","@rgb(65,163,27)","@rgb(255,255,255)","@rgb(128,0,0)","@symbol(3,512,0)"
"2285","Quercus petraea (Matt.) Liebl.","Quercus petraea","Fagaceae","Fagales","Rosanae","Dicot","Cornelissen","perennial","tree",0,0,1,0,0,0,0,1,0,0,0,1,1,1,0,1,0,0,0,1,0,0,5,28.1447860841564,63.2275960246163,8.62761789122723,"S/CS","@rgb(72,161,22)","@rgb(255,255,255)","@rgb(128,0,0)","@symbol(3,512,0)"
"2286","Quercus pubescens Willd.","Quercus pubescens","Fagaceae","Fagales","Rosanae","Dicot","Kleyer","perennial","tree",0,0,1,0,0,0,0,1,0,0,0,1,1,0,0,1,0,0,0,1,0,0,4,34.2590982504351,63.8622393718411,1.87866237772379,"S/CS","@rgb(87,163,5)","@rgb(255,255,255)","@rgb(128,0,0)","@symbol(3,512,0)"
"2287","Quercus pubescens Willd. pubescens","Quercus pubescens subsp. pubescens","Fagaceae","Fagales","Rosanae","Dicot","Cerabolini","perennial","tree",0,0,1,0,0,0,0,1,0,0,0,1,0,0,0,0,0,0,0,1,0,0,2,31.2791055610592,67.7213429370077,0.999551501933033,"S/CS","@rgb(80,173,3)","@rgb(255,255,255)","@rgb(128,0,0)","@symbol(3,512,0)"
"2288","Quercus robur L.","Quercus robur","Fagaceae","Fagales","Rosanae","Dicot","Wright","perennial","tree",0,0,1,0,0,0,0,1,0,0,0,1,1,1,0,0,0,0,0,1,0,0,4,27.1542773142608,63.2957471796158,9.54997550612341,"S/CS","@rgb(69,161,24)","@rgb(255,255,255)","@rgb(128,0,0)","@symbol(3,512,0)"
"2289","Quercus rubra L.","Quercus rubra","Fagaceae","Fagales","Rosanae","Dicot","Wright","perennial","tree",1,0,0,0,0,0,0,1,0,0,0,1,1,0,0,1,0,0,0,0,0,0,3,32.718367958912,57.3097113243667,9.97192071672134,"S/CSR","@rgb(83,146,25)","@rgb(255,255,255)","@rgb(128,0,0)","@symbol(3,512,0)"
"2290","Quercus suber L.","Quercus suber","Fagaceae","Fagales","Rosanae","Dicot","Cerabolini/Pierce","perennial","tree",0,0,1,0,0,0,0,1,0,0,0,1,0,0,0,0,0,0,0,1,0,0,2,26.3523145503488,66.4475245520037,7.20016089764755,"S/CS","@rgb(67,169,18)","@rgb(255,255,255)","@rgb(128,0,0)","@symbol(3,512,0)"
"2291","Quercus virgiliana (Ten.) Ten.","Quercus pubescens subsp. pubescens","Fagaceae","Fagales","Rosanae","Dicot","Cerabolini/Pierce","perennial","tree",0,0,1,0,0,0,0,1,0,0,0,1,0,0,0,0,0,0,0,1,0,0,2,36.4926586383157,56.7534966700244,6.75384469165994,"CS","@rgb(93,145,17)","@rgb(255,255,255)","@rgb(128,0,0)","@symbol(3,512,0)"
"2292","Radiola linoides Roth","Radiola linoides","Linaceae","Malpighiales","Rosanae","Dicot","Kleyer","annual","forb",0,0,1,1,0,0,0,2,1,0,0,1,1,0,0,0,0,1,0,1,0,0,5,0,36.2299970302968,63.7700029697032,"R/SR","@rgb(0,92,163)","@rgb(192,192,192)","@rgb(192,192,192)","@symbol(2,512,0)"
"2293","Randia armata (Sw.) DC.","Randia armata","Rubiaceae","Gentianales","Asteranae","Dicot","Wright","perennial","tree",1,1,0,0,0,0,0,2,1,1,1,0,0,0,1,0,1,0,0,0,1,0,6,48.5801852000324,34.5679020832431,16.8519127167245,"CS/CSR","@rgb(124,88,43)","@rgb(255,255,255)","@rgb(128,0,0)","@symbol(3,512,0)"
"2294","Ranunculus aconitifolius L.","Ranunculus aconitifolius","Ranunculaceae","Ranunculales","Ranunculanae","Dicot","Kleyer","perennial","forb",0,0,1,0,0,0,0,1,0,0,0,1,1,0,0,0,0,0,0,1,0,0,3,72.5091773136789,0,27.4908226863211,"C/CR","@rgb(185,0,70)","@rgb(192,192,192)","@rgb(192,192,192)","@symbol(2,512,0)"
"2295","Ranunculus acris L. acris","Ranunculus acris subsp. acris","Ranunculaceae","Ranunculales","Ranunculanae","Dicot","Cerabolini/Pierce","perennial","forb",1,0,1,0,0,0,0,2,0,0,0,1,1,1,0,0,0,0,1,1,0,0,5,53.2687673916556,5.46511261987136,41.2661199884731,"CR","@rgb(136,14,105)","@rgb(192,192,192)","@rgb(192,192,192)","@symbol(2,512,0)"
"2296","Ranunculus alpestris L.","Ranunculus alpestris","Ranunculaceae","Ranunculales","Ranunculanae","Dicot","Cerabolini","perennial","forb",0,0,1,0,0,0,0,1,0,0,0,1,1,0,0,0,0,0,0,1,0,0,3,16.5581509928058,42.1181309537506,41.3237180534436,"SR/CSR","@rgb(42,107,105)","@rgb(192,192,192)","@rgb(192,192,192)","@symbol(2,512,0)"
"2297","Ranunculus aquatilis L.","Ranunculus aquatilis","Ranunculaceae","Ranunculales","Ranunculanae","Dicot","Cerabolini/Pierce","perennial","aquatic",1,1,1,0,0,0,0,3,1,1,1,1,1,1,0,1,0,1,1,1,1,0,11,11.1060121065508,0,88.8939878934492,"R","@rgb(28,0,227)","@rgb(192,192,192)","@rgb(0,0,255)","@symbol(5,512,0)"
"2298","Ranunculus arvensis L.","Ranunculus arvensis","Ranunculaceae","Ranunculales","Ranunculanae","Dicot","Cerabolini/Pierce","biennial","forb",0,0,1,0,1,0,0,2,1,0,0,1,1,0,0,0,0,1,0,1,1,0,6,22.9385766525412,5.27929170224297,71.7821316452159,"R/CR","@rgb(58,13,183)","@rgb(192,192,192)","@rgb(192,192,192)","@symbol(2,512,0)"
"2299","Ranunculus bulbosus L.","Ranunculus bulbosus","Ranunculaceae","Ranunculales","Ranunculanae","Dicot","Cerabolini/Pierce","perennial","forb",0,0,1,0,0,0,0,1,0,0,0,1,1,1,0,0,0,0,0,1,0,0,4,41.1959249759163,23.7327370324116,35.0713379916721,"CR/CSR","@rgb(105,61,89)","@rgb(192,192,192)","@rgb(192,192,192)","@symbol(2,512,0)"
"2300","Ranunculus circinatus Sibth.","Ranunculus circinatus","Ranunculaceae","Ranunculales","Ranunculanae","Dicot","Kleyer","perennial","forb",0,0,1,0,0,0,0,1,0,0,0,1,1,1,0,0,0,0,0,0,0,0,3,4.01586059127929,0,95.9841394087207,"R","@rgb(10,0,245)","@rgb(192,192,192)","@rgb(192,192,192)","@symbol(2,512,0)"
"2301","Ranunculus crassifolius Grossh.","Ranunculus crassifolius","Ranunculaceae","Ranunculales","Ranunculanae","Dicot","Soudzilovskaia","perennial","forb",0,0,1,0,0,0,0,1,0,0,0,1,0,0,0,0,0,0,0,0,0,0,1,26.4083848280397,16.1726504414947,57.4189647304656,"R/CSR","@rgb(67,41,146)","@rgb(192,192,192)","@rgb(192,192,192)","@symbol(2,512,0)"
"2302","Ranunculus fascicularis Muhl. ex Bigelow","Ranunculus fascicularis","Ranunculaceae","Ranunculales","Ranunculanae","Dicot","Weiher","perennial","forb",1,0,0,0,0,0,0,1,0,0,0,1,1,0,0,1,0,0,0,0,0,0,3,23.0779925395679,13.4419975262509,63.4800099341811,"R/CR","@rgb(59,34,162)","@rgb(192,192,192)","@rgb(192,192,192)","@symbol(2,512,0)"
"2303","Ranunculus ficaria L.","Ranunculus ficaria","Ranunculaceae","Ranunculales","Ranunculanae","Dicot","Cerabolini/Pierce","perennial","forb",0,0,1,0,0,0,0,1,0,0,0,1,1,1,0,0,0,0,0,1,0,0,4,33.4619451664765,0,66.5380548335235,"R/CR","@rgb(85,0,170)","@rgb(192,192,192)","@rgb(192,192,192)","@symbol(2,512,0)"
"2304","Ranunculus flammula L.","Ranunculus flammula","Ranunculaceae","Ranunculales","Ranunculanae","Dicot","Kleyer","perennial","forb",1,0,1,0,0,0,0,2,0,0,0,1,1,1,0,0,0,0,1,1,1,0,6,32.1684012839182,8.25055959074399,59.5810391253378,"R/CR","@rgb(82,21,152)","@rgb(192,192,192)","@rgb(192,192,192)","@symbol(2,512,0)"
"2305","Ranunculus fluitans Lam.","Ranunculus fluitans","Ranunculaceae","Ranunculales","Ranunculanae","Dicot","Cerabolini/Pierce","perennial","aquatic",0,0,1,0,0,0,0,1,0,0,0,1,1,0,0,0,0,0,0,1,0,0,3,32.6154559338309,0,67.3845440661691,"R/CR","@rgb(83,0,172)","@rgb(192,192,192)","@rgb(0,0,255)","@symbol(5,512,0)"
"2306","Ranunculus glacialis L.","Ranunculus glacialis","Ranunculaceae","Ranunculales","Ranunculanae","Dicot","Cerabolini/Pierce","perennial","forb",1,0,1,0,0,0,0,2,0,0,0,0,0,1,0,0,0,0,1,0,0,0,2,40.6402015351706,0,59.3597984648294,"CR","@rgb(104,0,151)","@rgb(192,192,192)","@rgb(192,192,192)","@symbol(2,512,0)"
"2307","Ranunculus hybridus Biria","Ranunculus hybridus","Ranunculaceae","Ranunculales","Ranunculanae","Dicot","Cerabolini","perennial","forb",0,0,1,0,0,0,0,1,0,0,0,1,1,0,0,0,0,0,0,0,0,0,2,32.7750721219492,41.00523570283,26.2196921752208,"CSR","@rgb(84,105,67)","@rgb(192,192,192)","@rgb(192,192,192)","@symbol(2,512,0)"
"2308","Ranunculus kuepferi Greuter & Burdet kuepferi","Ranunculus kuepferi","Ranunculaceae","Ranunculales","Ranunculanae","Dicot","Cerabolini/Pierce","perennial","forb",0,0,1,0,0,0,0,1,0,0,0,0,1,0,0,0,0,0,0,0,0,0,1,22.2229503717932,55.0748454223886,22.7022042058181,"S/CSR","@rgb(57,140,58)","@rgb(192,192,192)","@rgb(192,192,192)","@symbol(2,512,0)"
"2309","Ranunculus lingua L.","Ranunculus lingua","Ranunculaceae","Ranunculales","Ranunculanae","Dicot","Kleyer","perennial","forb",0,0,1,0,0,0,0,1,0,0,0,1,1,1,0,0,0,0,0,1,0,0,4,58.3744659440641,20.6948313718922,20.9307026840437,"C/CSR","@rgb(149,53,53)","@rgb(192,192,192)","@rgb(192,192,192)","@symbol(2,512,0)"
"2310","Ranunculus montanus Willd.","Ranunculus montanus","Ranunculaceae","Ranunculales","Ranunculanae","Dicot","Cerabolini/Pierce","perennial","forb",0,0,1,0,0,0,0,1,0,0,0,1,1,0,0,0,0,0,0,0,0,0,2,38.4656919437825,14.8144384464731,46.7198696097444,"CR/CSR","@rgb(98,38,119)","@rgb(192,192,192)","@rgb(192,192,192)","@symbol(2,512,0)"
"2311","Ranunculus oreophilus M. Bieb.","Ranunculus breyninus","Ranunculaceae","Ranunculales","Ranunculanae","Dicot","Soudzilovskaia","perennial","forb",0,0,1,0,0,0,0,1,0,0,0,1,0,0,0,0,0,0,0,0,0,0,1,28.3682023881023,31.302884444608,40.3289131672897,"CSR","@rgb(72,80,103)","@rgb(192,192,192)","@rgb(192,192,192)","@symbol(2,512,0)"
"2312","Ranunculus peltatus Schrank","Ranunculus peltatus","Ranunculaceae","Ranunculales","Ranunculanae","Dicot","Kleyer","annual","forb",0,0,1,0,0,0,0,1,0,0,0,1,1,1,0,0,0,0,1,1,0,0,5,15.672590006895,0,84.327409993105,"R","@rgb(40,0,215)","@rgb(192,192,192)","@rgb(192,192,192)","@symbol(2,512,0)"
"2313","Ranunculus penicillatus Bab.","Ranunculus penicillatus","Ranunculaceae","Ranunculales","Ranunculanae","Dicot","Díaz","perennial","aquatic",0,0,1,0,0,0,0,1,0,0,0,1,1,0,0,0,0,0,0,1,0,0,3,2.2303824743134,0,97.7696175256866,"R","@rgb(6,0,249)","@rgb(192,192,192)","@rgb(0,0,255)","@symbol(5,512,0)"
"2314","Ranunculus platanifolius L.","Ranunculus platanifolius","Ranunculaceae","Ranunculales","Ranunculanae","Dicot","Cerabolini/Pierce","perennial","forb",0,0,1,0,0,0,0,1,0,0,0,1,1,1,0,0,0,0,1,1,0,0,5,76.7366968021699,6.30733027217622,16.9559729256539,"C/CR","@rgb(196,16,43)","@rgb(192,192,192)","@rgb(192,192,192)","@symbol(2,512,0)"
"2315","Ranunculus polyanthemos L.","Ranunculus polyanthemos","Ranunculaceae","Ranunculales","Ranunculanae","Dicot","Kleyer","perennial","forb",0,0,1,0,0,0,0,1,0,0,0,1,1,1,0,0,0,0,1,1,0,0,5,55.9302534144937,12.6890505751877,31.3806960103186,"C/CSR","@rgb(143,32,80)","@rgb(192,192,192)","@rgb(192,192,192)","@symbol(2,512,0)"
"2316","Ranunculus repens L.","Ranunculus repens","Ranunculaceae","Ranunculales","Ranunculanae","Dicot","Díaz","perennial","forb",0,0,1,0,0,0,0,1,0,0,0,1,1,0,0,1,0,0,0,1,0,0,4,46.1780830231749,5.9568779028254,47.8650390739997,"CR","@rgb(118,15,122)","@rgb(192,192,192)","@rgb(192,192,192)","@symbol(2,512,0)"
"2317","Ranunculus reptans L.","Ranunculus reptans","Ranunculaceae","Ranunculales","Ranunculanae","Dicot","Kleyer","perennial","forb",1,0,1,0,0,0,0,2,0,0,0,1,1,1,0,1,0,0,1,0,0,0,5,6.22434123428184,52.9434343029112,40.8322244628069,"SR","@rgb(16,135,104)","@rgb(192,192,192)","@rgb(192,192,192)","@symbol(2,512,0)"
"2318","Ranunculus sardous Crantz","Ranunculus sardous","Ranunculaceae","Ranunculales","Ranunculanae","Dicot","Kleyer","perennial","forb",0,0,1,0,0,0,0,1,0,0,0,1,1,0,0,0,0,0,0,1,0,0,3,31.1352608952116,0,68.8647391047884,"R/CR","@rgb(79,0,176)","@rgb(192,192,192)","@rgb(192,192,192)","@symbol(2,512,0)"
"2319","Ranunculus sceleratus L.","Ranunculus sceleratus","Ranunculaceae","Ranunculales","Ranunculanae","Dicot","Cerabolini/Pierce","perennial","forb",1,0,1,0,1,0,0,3,0,0,0,1,1,1,0,1,0,1,0,1,1,0,7,46.315871443033,0,53.684128556967,"CR","@rgb(118,0,137)","@rgb(192,192,192)","@rgb(192,192,192)","@symbol(2,512,0)"
"2320","Ranunculus septentrionalis Poir.","Ranunculus carolinianus","Ranunculaceae","Ranunculales","Ranunculanae","Dicot","Weiher","perennial","forb",1,0,0,0,0,0,0,1,0,0,0,1,0,1,0,1,0,0,0,0,0,0,3,28.0394460898486,23.7501135402294,48.210440369922,"R/CSR","@rgb(72,61,123)","@rgb(192,192,192)","@rgb(192,192,192)","@symbol(2,512,0)"
"2321","Ranunculus serpens Schrank","Ranunculus serpens","Ranunculaceae","Ranunculales","Ranunculanae","Dicot","Kleyer","perennial","forb",0,0,1,0,0,0,0,1,0,0,0,1,1,0,0,0,0,0,0,1,0,0,3,53.6370015540025,0,46.3629984459975,"CR","@rgb(137,0,118)","@rgb(192,192,192)","@rgb(192,192,192)","@symbol(2,512,0)"
"2322","Ranunculus thora L.","Ranunculus thora","Ranunculaceae","Ranunculales","Ranunculanae","Dicot","Cerabolini/Pierce","perennial","forb",0,0,1,0,0,0,0,1,0,0,0,1,1,0,0,0,0,0,0,1,0,0,3,58.5143521589351,17.364444894265,24.1212029468,"C/CSR","@rgb(149,44,62)","@rgb(192,192,192)","@rgb(192,192,192)","@symbol(2,512,0)"
"2323","Ranunculus trichophyllus Chaix eradicatus (Laest.) C. D. K. Cook","Ranunculus confervoides","Ranunculaceae","Ranunculales","Ranunculanae","Dicot","Cerabolini/Pierce","perennial","aquatic",1,0,1,0,0,0,0,2,0,0,0,1,1,1,0,1,0,0,0,0,1,0,5,27.2665997436333,0,72.7334002563667,"R/CR","@rgb(70,0,185)","@rgb(192,192,192)","@rgb(0,0,255)","@symbol(5,512,0)"
"2324","Ranunculus trichophyllus Chaix trichophyllus","Ranunculus trichophyllus","Ranunculaceae","Ranunculales","Ranunculanae","Dicot","Cerabolini/Pierce","perennial","aquatic",1,1,1,1,1,0,0,5,0,1,1,1,1,1,0,0,0,1,1,1,1,0,9,6.43694091433357,23.7120865704168,69.8509725152497,"R/SR","@rgb(16,60,178)","@rgb(192,192,192)","@rgb(0,0,255)","@symbol(5,512,0)"
"2325","Raphanus raphanistrum L.","Raphanus raphanistrum","Brassicaceae","Brassicales","Rosanae","Dicot","Cerabolini","biennial","forb",0,0,1,0,0,0,0,1,0,0,0,0,1,0,0,0,0,0,0,1,1,0,3,77.1716853324692,0,22.8283146675308,"C/CR","@rgb(197,0,58)","@rgb(192,192,192)","@rgb(192,192,192)","@symbol(2,512,0)"
"2326","Raphanus sativus L.","Raphanus raphanistrum subsp. sativus","Brassicaceae","Brassicales","Rosanae","Dicot","Kleyer","biennial","forb",0,0,1,0,1,0,0,2,1,0,0,1,0,0,0,0,0,0,0,0,0,0,2,62.3500127040259,0,37.6499872959741,"CR","@rgb(159,0,96)","@rgb(192,192,192)","@rgb(192,192,192)","@symbol(2,512,0)"
"2327","Ratibida pinnata (Vent.) Barnhart","Ratibida pinnata","Asteraceae","Asterales","Asteranae","Dicot","Weiher","perennial","forb",1,0,0,0,0,0,0,1,0,0,0,1,1,0,0,1,0,0,0,0,0,0,3,40.6739672418832,44.1010276794794,15.2250050786374,"CS/CSR","@rgb(104,112,39)","@rgb(192,192,192)","@rgb(192,192,192)","@symbol(2,512,0)"
"2328","Rauvolfia littoralis Rusby","Rauvolfia littoralis","Apocynaceae","Gentianales","Asteranae","Dicot","Wright","perennial","tree",0,1,0,0,0,0,0,1,1,0,0,0,0,0,1,0,0,0,0,0,1,0,3,60.222258524972,4.78361942287566,34.9941220521523,"C/CR","@rgb(154,12,89)","@rgb(255,255,255)","@rgb(128,0,0)","@symbol(3,512,0)"
"2329","Reichardia picroides (L.) Roth","Reichardia picroides","Asteraceae","Asterales","Asteranae","Dicot","Cerabolini","perennial","forb",0,0,1,0,0,0,0,1,0,0,0,1,0,0,0,0,0,0,0,1,0,0,2,44.2283506542649,0,55.7716493457351,"CR","@rgb(113,0,142)","@rgb(192,192,192)","@rgb(192,192,192)","@symbol(2,512,0)"
"2330","Reseda alba L.","Reseda alba","Resedaceae","Brassicales","Rosanae","Dicot","Kleyer","annual","forb",0,0,1,0,0,0,0,1,0,0,0,1,0,0,0,0,0,0,0,1,1,0,3,36.4032621373538,0,63.5967378626462,"R/CR","@rgb(93,0,162)","@rgb(192,192,192)","@rgb(192,192,192)","@symbol(2,512,0)"
"2331","Reseda luteola L.","Reseda luteola","Resedaceae","Brassicales","Rosanae","Dicot","Kleyer","biennial","forb",0,0,1,0,0,0,0,1,0,0,0,1,0,0,0,1,0,0,0,1,1,0,4,52.981778429144,0.493848800506551,46.5243727703494,"CR","@rgb(135,1,119)","@rgb(192,192,192)","@rgb(192,192,192)","@symbol(2,512,0)"
"2332","Retama sphaerocarpa (L.) Boiss.","Retama sphaerocarpa","Fabaceae","Fabales","Rosanae","Dicot","Cornelissen","perennial","shrub",0,0,1,0,0,0,0,1,0,0,0,0,0,0,0,0,0,0,0,1,0,0,1,0.195660399640829,0,99.8043396003592,"R","@rgb(0,0,255)","@rgb(192,192,192)","@rgb(0,0,0)","@symbol(6,512,0)"
"2333","Rhamnus alaternus L. alaternus","Rhamnus alaternus subsp. alaternus","Rhamnaceae","Rosales","Rosanae","Dicot","Cerabolini/Pierce","perennial","tree",0,0,1,0,0,0,0,1,0,0,0,1,0,0,0,0,0,0,0,1,0,0,2,19.9100598617233,80.0899401382767,0,"S/CS","@rgb(51,204,0)","@rgb(255,255,255)","@rgb(128,0,0)","@symbol(3,512,0)"
"2334","Rhamnus cathartica L.","Rhamnus cathartica","Rhamnaceae","Rosales","Rosanae","Dicot","Cerabolini/Pierce","perennial","tree",0,0,1,0,0,0,0,1,0,0,0,1,1,1,0,1,0,0,0,1,0,0,5,26.6471903149167,52.0109300590368,21.3418796260465,"S/CSR","@rgb(68,133,54)","@rgb(255,255,255)","@rgb(128,0,0)","@symbol(3,512,0)"
"2335","Rhamnus frangula L.","Frangula alnus","Rhamnaceae","Rosales","Rosanae","Dicot","Shipley","perennial","tree",0,0,1,0,0,0,0,1,0,0,0,1,1,1,0,1,0,0,1,0,0,0,5,17.1771395588209,55.9299540053291,26.89290643585,"S/CSR","@rgb(44,143,69)","@rgb(255,255,255)","@rgb(128,0,0)","@symbol(3,512,0)"
"2336","Rhamnus lycioides L.","Rhamnus lycioides","Rhamnaceae","Rosales","Rosanae","Dicot","Cornelissen","perennial","shrub",0,0,1,0,0,0,0,1,0,0,0,0,0,0,0,0,0,0,0,1,0,0,1,0.893242896295177,61.9946809266599,37.1120761770449,"SR","@rgb(2,158,95)","@rgb(192,192,192)","@rgb(0,0,0)","@symbol(6,512,0)"
"2337","Rhamnus saxatilis Jacq. saxatilis","Rhamnus saxatilis subsp. saxatilis","Rhamnaceae","Rosales","Rosanae","Dicot","Cerabolini/Pierce","perennial","shrub",0,0,1,0,0,0,0,1,0,0,0,1,1,0,0,0,0,0,0,1,0,0,3,7.3520213044825,85.621334021353,7.0266446741645,"S","@rgb(19,218,18)","@rgb(192,192,192)","@rgb(0,0,0)","@symbol(6,512,0)"
"2338","Rhinanthus alectorolophus (Scop.) Pollich","Rhinanthus alectorolophus","Orobanchaceae","Lamiales","Asteranae","Dicot","Cerabolini/Pierce2","annual","forb",0,0,1,0,0,0,0,1,0,0,0,1,1,0,0,0,0,0,0,1,0,0,3,23.3399807174002,29.6385261353949,47.0214931472048,"R/CSR","@rgb(60,76,120)","@rgb(192,192,192)","@rgb(192,192,192)","@symbol(2,512,0)"
"2339","Rhinanthus glacialis Personnat glacialis",NA,"Orobanchaceae","Lamiales","Asteranae","Dicot","Cerabolini","annual","forb",0,0,1,0,0,0,0,1,0,0,0,0,1,0,0,0,0,0,0,0,0,0,1,5.9662790289791,40.0863791653822,53.9473418056387,"SR","@rgb(15,102,138)","@rgb(192,192,192)","@rgb(192,192,192)","@symbol(2,512,0)"
"2340","Rhinanthus minor","Rhinanthus minor","Orobanchaceae","Lamiales","Asteranae","Dicot","Soudzilovskaia","annual","forb",1,0,1,0,0,0,0,2,0,0,0,1,1,1,0,1,0,0,1,1,0,0,6,9.38884043176658,44.5960659409556,46.0150936272778,"SR","@rgb(24,114,117)","@rgb(192,192,192)","@rgb(192,192,192)","@symbol(2,512,0)"
"2341","Rhodiola rosea L.","Rhodiola rosea","Crassulaceae","Saxifragales","Myrothamnanae","Dicot","Cornelissen","perennial","forb",1,0,1,0,0,0,0,2,0,0,0,1,1,1,0,0,0,0,1,0,0,0,4,16.9553529932163,0,83.0446470067837,"R/CR","@rgb(43,0,212)","@rgb(192,192,192)","@rgb(192,192,192)","@symbol(2,512,0)"
"2342","Rhododendron caucasicum Pall.","Rhododendron caucasicum","Ericaceae","Ericales","Asteranae","Dicot","Soudzilovskaia","perennial","shrub",0,0,1,0,0,0,0,1,0,0,0,1,0,0,0,1,0,0,0,0,0,0,2,40.1986925745802,59.8013074254198,0,"CS","@rgb(103,152,0)","@rgb(192,192,192)","@rgb(0,0,0)","@symbol(6,512,0)"
"2343","Rhododendron ferrugineum L.","Rhododendron ferrugineum","Ericaceae","Ericales","Asteranae","Dicot","Cerabolini","perennial","shrub",0,0,1,0,0,0,0,1,0,0,0,1,1,0,0,0,0,0,0,1,0,0,3,9.29941263387368,90.7005873661263,0,"S","@rgb(24,231,0)","@rgb(192,192,192)","@rgb(0,0,0)","@symbol(6,512,0)"
"2344","Rhododendron hirsutum L.","Rhododendron hirsutum","Ericaceae","Ericales","Asteranae","Dicot","Cerabolini","perennial","shrub",0,0,1,0,0,0,0,1,0,0,0,1,1,0,0,0,0,0,0,0,0,0,2,5.63048502390829,84.9919941473701,9.37752082872163,"S","@rgb(14,217,24)","@rgb(192,192,192)","@rgb(0,0,0)","@symbol(6,512,0)"
"2345","Rhododendron ponticum L.","Rhododendron ponticum","Ericaceae","Ericales","Asteranae","Dicot","Cornelissen","perennial","shrub",0,0,1,0,0,0,0,1,0,0,0,1,1,0,0,0,0,0,0,1,0,0,3,27.0062230309156,72.9937769690844,0,"S/CS","@rgb(69,186,0)","@rgb(192,192,192)","@rgb(0,0,0)","@symbol(6,512,0)"
"2346","Rhodothamnus chamaecistus (L.) Rchb.","Rhodothamnus chamaecistus","Ericaceae","Ericales","Asteranae","Dicot","Cerabolini","perennial","shrub",0,0,1,0,0,0,0,1,0,0,0,0,1,0,0,0,0,0,0,0,0,0,1,0.246565509999553,99.7534344900004,0,"S","@rgb(1,254,0)","@rgb(192,192,192)","@rgb(0,0,0)","@symbol(6,512,0)"
"2347","Rhus glabra L.","Rhus glabra","Anacardiaceae","Sapindales","Rosanae","Dicot","Reich","perennial","shrub",1,0,0,0,0,0,0,1,0,0,0,1,1,0,0,1,0,0,0,0,1,0,4,44.6234083682146,45.2734801423936,10.1031114893918,"CS","@rgb(114,115,26)","@rgb(192,192,192)","@rgb(0,0,0)","@symbol(6,512,0)"
"2348","Rhus typhina L.","Rhus typhina","Anacardiaceae","Sapindales","Rosanae","Dicot","Cerabolini/Pierce","perennial","tree",1,0,0,0,0,0,0,1,0,0,0,1,0,0,0,1,0,0,0,0,0,0,2,67.4008903572519,23.5890423993496,9.01006724339844,"C/CS","@rgb(172,60,23)","@rgb(255,255,255)","@rgb(128,0,0)","@symbol(3,512,0)"
"2349","Rhynchosia elegans A. Rich.","Rhynchosia elegans","Fabaceae","Fabales","Rosanae","Dicot","Buffa/Nyakunga","perennial","herbaceous vine",0,0,0,1,0,0,0,1,1,0,0,0,0,0,1,0,0,1,0,0,0,0,3,36.6123413024255,18.2627653535516,45.124893344023,"CR/CSR","@rgb(93,47,115)","@rgb(0,0,0)","@rgb(0,255,0)","@symbol(3,512,0)"
"2350","Rhynchosia pyramidalis (Lam.) Urb","Rhynchosia pyramidalis","Fabaceae","Fabales","Rosanae","Dicot","Wright","perennial","liana",0,1,0,0,0,0,0,1,1,1,1,0,0,0,1,0,0,0,0,0,0,0,4,47.2515446221071,30.8267164602506,21.9217389176423,"C/CSR","@rgb(120,79,56)","@rgb(128,128,128)","@rgb(128,128,128)","@symbol(3,512,0)"
"2351","Rhynchospora alba (L.) Vahl","Rhynchospora alba","Cyperaceae","Poales","Lilianae","Monocot","Cerabolini","perennial","graminoid",1,0,1,0,0,0,0,2,0,0,0,1,1,1,0,0,0,0,1,1,0,0,5,8.9991975912385,48.9995459843559,42.0012564244056,"SR","@rgb(23,125,107)","@rgb(0,0,0)","@rgb(0,128,0)","@symbol(4,512,0)"
"2352","Rhynchospora ciliolata Boeck.","Rhynchospora ciliolata","Cyperaceae","Poales","Lilianae","Monocot","Negreiros","perennial","graminoid",0,1,0,0,0,0,0,1,0,0,0,0,0,0,1,0,0,0,0,0,1,0,2,5.43197399284136,94.5680260071587,0,"S","@rgb(14,241,0)","@rgb(0,0,0)","@rgb(0,128,0)","@symbol(4,512,0)"
"2353","Rhynchospora fusca (L.) W.T. Aiton","Rhynchospora fusca","Cyperaceae","Poales","Lilianae","Monocot","Kleyer","perennial","graminoid",1,0,1,0,0,0,0,2,0,0,0,1,1,1,0,0,0,0,0,0,0,0,3,12.0443885307527,72.1037980240625,15.8518134451848,"S/SR","@rgb(31,184,40)","@rgb(0,0,0)","@rgb(0,128,0)","@symbol(4,512,0)"
"2354","Rhynchospora riedeliana C.B. Clarke","Rhynchospora riedeliana","Cyperaceae","Poales","Lilianae","Monocot","Negreiros","perennial","graminoid",0,1,0,0,0,0,0,1,1,0,0,0,0,0,1,0,0,0,0,0,0,0,2,15.9232795187839,84.0767204812161,0,"S","@rgb(41,214,0)","@rgb(0,0,0)","@rgb(0,128,0)","@symbol(4,512,0)"
"2355","Rhynchospora tenuis Willd. ex Link austrobrasiliensis T. Koyama","Rhynchospora tenuis subsp. austrobrasiliensis","Cyperaceae","Poales","Lilianae","Monocot","Negreiros","perennial","graminoid",0,1,0,0,0,0,0,1,1,0,0,0,0,0,1,0,1,0,0,0,1,0,4,3.54790343481891,95.8831415487471,0.568955016434033,"S","@rgb(9,245,1)","@rgb(0,0,0)","@rgb(0,128,0)","@symbol(4,512,0)"
"2356","Rhynchospora terminalis (Nees) Steud.","Rhynchospora terminalis","Cyperaceae","Poales","Lilianae","Monocot","Negreiros","perennial","graminoid",0,1,0,0,0,0,0,1,0,1,0,0,0,0,1,0,0,0,0,0,0,0,2,5.40017380390072,94.5998261960993,0,"S","@rgb(14,241,0)","@rgb(0,0,0)","@rgb(0,128,0)","@symbol(4,512,0)"
"2357","Ribes nigrum L.","Ribes nigrum","Grossulariaceae","Saxifragales","Myrothamnanae","Dicot","Cornelissen","perennial","shrub",0,0,1,0,0,0,0,1,0,0,0,1,1,1,0,0,0,1,1,0,0,0,5,30.053602057752,55.3815134062552,14.5648845359928,"S/CSR","@rgb(77,141,37)","@rgb(192,192,192)","@rgb(0,0,0)","@symbol(6,512,0)"
"2358","Ribes rubrum L.","Ribes rubrum","Grossulariaceae","Saxifragales","Myrothamnanae","Dicot","Kleyer","perennial","shrub",0,0,1,0,0,0,0,1,0,0,0,1,0,0,0,0,0,0,0,0,0,0,1,42.2434097564968,27.7319050727561,30.0246851707471,"CSR","@rgb(108,71,77)","@rgb(192,192,192)","@rgb(0,0,0)","@symbol(6,512,0)"
"2359","Ribes uva-crispa L.","Ribes uva-crispa","Grossulariaceae","Saxifragales","Myrothamnanae","Dicot","Cornelissen","perennial","shrub",0,0,1,0,0,0,0,1,0,0,0,1,1,1,0,1,0,1,1,1,0,0,7,15.9070345081053,68.9227826796451,15.1701828122496,"S/CS","@rgb(41,176,39)","@rgb(192,192,192)","@rgb(0,0,0)","@symbol(6,512,0)"
"2360","Richterago arenaria (Baker) Roque","Richterago arenaria","Asteraceae","Asterales","Asteranae","Dicot","Negreiros","perennial","forb",0,1,0,0,0,0,0,1,0,0,0,0,0,0,1,0,0,0,0,0,0,0,1,49.2406050123721,50.7593949876279,0,"CS","@rgb(126,129,0)","@rgb(192,192,192)","@rgb(192,192,192)","@symbol(2,512,0)"
"2361","Richterago polymorpha (Less.) Cabrera","Richterago polymorpha","Asteraceae","Asterales","Asteranae","Dicot","Negreiros","perennial","forb",0,1,0,0,0,0,0,1,0,0,0,0,0,0,1,0,0,0,0,0,0,0,1,42.5921966470775,57.4078033529225,0,"CS","@rgb(109,146,0)","@rgb(192,192,192)","@rgb(192,192,192)","@symbol(2,512,0)"
"2362","Richterago polyphylla (Baker) Ferreyra","Richterago polyphylla","Asteraceae","Asterales","Asteranae","Dicot","Negreiros","perennial","shrub",0,1,0,0,0,0,0,1,0,0,0,0,0,0,1,0,0,0,0,0,0,0,1,10.9413932114854,89.0586067885146,0,"S","@rgb(28,227,0)","@rgb(192,192,192)","@rgb(0,0,0)","@symbol(6,512,0)"
"2363","Rinorea anguifera Kuntze","Rinorea anguifera","Violaceae","Malpighiales","Rosanae","Dicot","SJ Wright Pasoh","perennial","tree",0,0,0,0,1,0,0,1,1,0,0,0,0,0,0,0,0,0,0,0,0,0,1,35.7810774327566,64.2189225672434,0,"S/CS","@rgb(91,164,0)","@rgb(255,255,255)","@rgb(128,0,0)","@symbol(3,512,0)"
"2364","Rinorea sylvatica (Seem.) Kuntze","Rinorea sylvatica","Violaceae","Malpighiales","Rosanae","Dicot","Wright","perennial","shrub",0,1,0,0,0,0,0,1,1,0,0,0,0,0,0,0,0,0,0,0,0,0,1,34.8688295044328,42.747529451078,22.3836410444892,"CS/CSR","@rgb(89,109,57)","@rgb(192,192,192)","@rgb(0,0,0)","@symbol(6,512,0)"
"2365","Robinia pseudacacia L.","Robinia pseudoacacia","Fabaceae","Fabales","Rosanae","Dicot","Cerabolini","perennial","tree",0,0,1,0,0,0,0,1,0,0,0,1,1,1,0,0,0,0,0,1,0,0,4,47.8789345162566,41.4078265779128,10.7132389058306,"CS","@rgb(122,106,27)","@rgb(255,255,255)","@rgb(128,0,0)","@symbol(3,512,0)"
"2366","Rorippa palustris (L.) Besser","Rorippa palustris","Brassicaceae","Brassicales","Rosanae","Dicot","Kleyer","annual","forb",1,1,1,1,1,1,0,6,1,0,1,1,1,1,0,1,0,1,1,1,1,0,10,41.6280858666211,0,58.3719141333789,"CR","@rgb(106,0,149)","@rgb(192,192,192)","@rgb(192,192,192)","@symbol(2,512,0)"
"2367","Rorippa sylvestris (L.) Besser","Rorippa sylvestris","Brassicaceae","Brassicales","Rosanae","Dicot","Kleyer","perennial","forb",0,0,1,0,0,0,0,1,0,0,0,1,1,0,0,0,0,0,0,1,0,0,3,20.712553865186,0,79.287446134814,"R/CR","@rgb(53,0,202)","@rgb(192,192,192)","@rgb(192,192,192)","@symbol(2,512,0)"
"2368","Rosa agrestis Savi","Rosa agrestis","Rosaceae","Rosales","Rosanae","Dicot","Cerabolini/Pierce","perennial","tree",0,0,1,0,0,0,0,1,0,0,0,1,1,0,0,0,0,0,0,1,0,0,3,30.5247347795666,51.8234197568844,17.651845463549,"S/CSR","@rgb(78,132,45)","@rgb(255,255,255)","@rgb(128,0,0)","@symbol(3,512,0)"
"2369","Rosa arvensis Huds.","Rosa arvensis","Rosaceae","Rosales","Rosanae","Dicot","Cerabolini/Pierce","perennial","tree",0,0,1,0,0,0,0,1,0,0,0,1,0,0,0,0,0,0,0,1,0,0,2,20.9994720182379,41.7468010048533,37.2537269769088,"SR/CSR","@rgb(54,106,95)","@rgb(255,255,255)","@rgb(128,0,0)","@symbol(3,512,0)"
"2370","Rosa canina L.","Rosa canina","Rosaceae","Rosales","Rosanae","Dicot","Wright","perennial","shrub",0,0,1,0,0,0,0,1,0,0,0,1,1,1,0,0,0,0,0,1,0,0,4,16.587182606772,50.1953055846778,33.2175118085503,"SR/CSR","@rgb(42,128,85)","@rgb(192,192,192)","@rgb(0,0,0)","@symbol(6,512,0)"
"2371","Rosa dumalis Bechst.","Rosa dumalis","Rosaceae","Rosales","Rosanae","Dicot","Cerabolini/Pierce","perennial","tree",0,0,1,0,0,0,0,1,0,0,0,1,1,1,0,0,0,0,1,1,0,0,5,30.2811148688924,68.4842225841469,1.2346625469607,"S/CS","@rgb(77,175,3)","@rgb(255,255,255)","@rgb(128,0,0)","@symbol(3,512,0)"
"2372","Rosa elliptica Tausch ex Tratt.",NA,"Rosaceae","Rosales","Rosanae","Dicot","Kleyer","perennial","shrub",0,0,1,0,0,0,0,1,0,0,0,1,1,0,0,0,0,0,0,1,0,0,3,23.1139080249976,69.4041615206477,7.48193045435473,"S/CS","@rgb(59,177,19)","@rgb(192,192,192)","@rgb(0,0,0)","@symbol(6,512,0)"
"2373","Rosa gallica L.","Rosa gallica","Rosaceae","Rosales","Rosanae","Dicot","Cerabolini","perennial","shrub",0,0,1,0,0,0,0,1,0,0,0,1,1,0,0,0,0,0,0,1,0,0,3,13.4455285933006,86.5544714066994,0,"S","@rgb(34,221,0)","@rgb(192,192,192)","@rgb(0,0,0)","@symbol(6,512,0)"
"2374","Rosa jundzillii Besser","Rosa marginata","Rosaceae","Rosales","Rosanae","Dicot","Kleyer","perennial","shrub",0,0,1,0,0,0,0,1,0,0,0,1,0,0,0,0,0,0,0,0,0,0,1,24.5566977372874,52.2494064058627,23.1938958568499,"S/CSR","@rgb(63,133,59)","@rgb(192,192,192)","@rgb(0,0,0)","@symbol(6,512,0)"
"2375","Rosa micrantha Borrer","Rosa micrantha","Rosaceae","Rosales","Rosanae","Dicot","Wright","perennial","shrub",0,0,1,0,0,0,0,1,0,0,0,1,1,0,0,0,0,0,0,1,0,0,3,20.3220635918011,70.7753491091034,8.90258729909556,"S/CS","@rgb(52,180,23)","@rgb(192,192,192)","@rgb(0,0,0)","@symbol(6,512,0)"
"2376","Rosa multiflora Thunb.","Rosa multiflora","Rosaceae","Rosales","Rosanae","Dicot","Cerabolini/Pierce","perennial","tree",0,0,1,0,1,0,0,2,1,0,0,1,1,0,0,0,0,0,0,0,0,0,3,43.3571744107869,30.650109782625,25.9927158065881,"CSR","@rgb(111,78,66)","@rgb(255,255,255)","@rgb(128,0,0)","@symbol(3,512,0)"
"2377","Rosa pendulina L.","Rosa pendulina","Rosaceae","Rosales","Rosanae","Dicot","Kleyer","perennial","shrub",0,0,1,0,0,0,0,1,0,0,0,1,1,0,0,0,0,0,0,1,0,0,3,29.5693393454248,45.5767372055441,24.8539234490312,"S/CSR","@rgb(75,116,63)","@rgb(192,192,192)","@rgb(0,0,0)","@symbol(6,512,0)"
"2378","Rosa rubiginosa L.","Rosa rubiginosa","Rosaceae","Rosales","Rosanae","Dicot","Kleyer","perennial","shrub",0,0,1,0,0,0,0,1,0,0,0,1,1,1,0,0,0,0,0,1,0,0,4,22.1045277510859,72.0155149163743,5.87995733253978,"S/CS","@rgb(56,184,15)","@rgb(192,192,192)","@rgb(0,0,0)","@symbol(6,512,0)"
"2379","Rosa rugosa Thunb.","Rosa rugosa","Rosaceae","Rosales","Rosanae","Dicot","Kleyer","perennial","shrub",0,0,1,0,0,0,0,1,0,0,0,1,1,1,0,0,0,0,0,0,0,0,3,48.5661630304928,48.2993353239449,3.13450164556235,"CS","@rgb(124,123,8)","@rgb(192,192,192)","@rgb(0,0,0)","@symbol(6,512,0)"
"2380","Rosa woodsii Lindl.","Rosa woodsii","Rosaceae","Rosales","Rosanae","Dicot","Laughlin","perennial","shrub",1,0,0,0,0,0,0,1,0,0,0,1,1,1,0,1,0,0,0,1,1,0,6,18.419309001174,63.4419640844104,18.1387269144157,"S/CSR","@rgb(47,162,46)","@rgb(192,192,192)","@rgb(0,0,0)","@symbol(6,512,0)"
"2381","Rosenbergiodendron formosum (Jacq.) Fagerl.","Rosenbergiodendron formosum","Rubiaceae","Gentianales","Asteranae","Dicot","Wright","perennial","tree",0,1,0,0,0,0,0,1,1,0,0,0,0,0,0,0,0,0,0,0,0,0,1,26.2167744071813,44.7452198135411,29.0380057792776,"S/CSR","@rgb(67,114,74)","@rgb(255,255,255)","@rgb(128,0,0)","@symbol(3,512,0)"
"2382","Rosmarinus officinalis L.","Rosmarinus officinalis","Lamiaceae","Lamiales","Asteranae","Dicot","Cerabolini/Pierce","perennial","shrub",0,0,1,0,0,0,0,1,0,0,0,0,0,0,0,0,0,0,0,1,0,0,1,3.55144520564402,96.448554794356,0,"S","@rgb(9,246,0)","@rgb(192,192,192)","@rgb(0,0,0)","@symbol(6,512,0)"
"2383","Rothmannia macrophylla (Hook. f.) Bremek.","Singaporandia macrophylla","Rubiaceae","Gentianales","Asteranae","Dicot","SJ Wright Pasoh","perennial","tree",0,0,0,0,1,0,0,1,1,0,0,0,0,0,0,0,0,0,0,0,0,0,1,34.8017046729389,45.7752998703785,19.4229954566826,"CS/CSR","@rgb(89,117,50)","@rgb(255,255,255)","@rgb(128,0,0)","@symbol(3,512,0)"
"2384","Roupala montana Aubl.","Roupala montana","Proteaceae","Proteales","Proteanae","Dicot","Pinho","perennial","tree",0,1,0,0,0,0,0,1,1,1,0,0,0,0,1,0,0,0,0,0,1,0,4,36.6192300778473,63.3807699221527,0,"S/CS","@rgb(93,162,0)","@rgb(255,255,255)","@rgb(128,0,0)","@symbol(3,512,0)"
"2385","Rourea glabra Kunth","Rourea glabra","Connaraceae","Oxalidales","Rosanae","Dicot","Wright","perennial","shrub",0,1,0,0,0,0,0,1,1,1,1,0,0,0,1,0,0,0,0,0,0,0,4,57.4152652514787,33.870433800306,8.7143009482153,"CS","@rgb(146,86,22)","@rgb(192,192,192)","@rgb(0,0,0)","@symbol(6,512,0)"
"2386","Rubia peregrina L.","Rubia peregrina","Rubiaceae","Gentianales","Asteranae","Dicot","Wright","perennial","liana",0,0,1,0,0,0,0,1,0,0,0,1,1,0,0,0,0,0,0,1,0,0,3,12.6137961015519,52.6967570084452,34.6894468900029,"SR/CSR","@rgb(32,134,88)","@rgb(128,128,128)","@rgb(128,128,128)","@symbol(3,512,0)"
"2387","Rubia tinctorum L.","Rubia tinctorum","Rubiaceae","Gentianales","Asteranae","Dicot","Kleyer","perennial","forb",0,0,1,0,0,0,0,1,0,0,0,1,0,0,0,1,0,0,0,1,1,0,4,38.8379085802407,10.1936102132015,50.9684812065578,"CR","@rgb(99,26,130)","@rgb(192,192,192)","@rgb(192,192,192)","@symbol(2,512,0)"
"2388","Rubus allegheniensis Porter","Rubus allegheniensis","Rosaceae","Rosales","Rosanae","Dicot","Shipley","perennial","shrub",1,0,0,0,0,0,0,1,0,0,0,1,1,0,0,1,0,0,0,0,0,0,3,27.9681614247859,49.229365025847,22.8024735493672,"S/CSR","@rgb(71,126,58)","@rgb(192,192,192)","@rgb(0,0,0)","@symbol(6,512,0)"
"2389","Rubus bushii L.H. Bailey","Rubus pensilvanicus","Rosaceae","Rosales","Rosanae","Dicot","Weiher","perennial","shrub",1,0,0,0,0,0,0,1,0,0,0,1,1,0,0,1,0,0,0,0,0,0,3,13.6430473042632,66.9020631238042,19.4548895719326,"S/SR","@rgb(35,171,50)","@rgb(192,192,192)","@rgb(0,0,0)","@symbol(6,512,0)"
"2390","Rubus caesius L.","Rubus caesius","Rosaceae","Rosales","Rosanae","Dicot","Cerabolini/Pierce","perennial","tree",0,0,1,0,0,0,0,1,0,0,0,1,1,1,0,1,0,0,0,1,0,0,5,52.2933002309285,20.956919034357,26.7497807347145,"C/CSR","@rgb(133,53,68)","@rgb(255,255,255)","@rgb(128,0,0)","@symbol(3,512,0)"
"2391","Rubus chamaemorus L.","Rubus chamaemorus","Rosaceae","Rosales","Rosanae","Dicot","Cornelissen","perennial","shrub",1,0,1,0,0,0,0,2,0,0,0,1,1,1,0,0,0,0,1,0,0,0,4,36.8634860140944,44.0106429360329,19.1258710498727,"CS/CSR","@rgb(94,112,49)","@rgb(192,192,192)","@rgb(0,0,0)","@symbol(6,512,0)"
"2392","Rubus corylifolius Sm.",NA,"Rosaceae","Rosales","Rosanae","Dicot","Kleyer","perennial","shrub",0,0,1,0,0,0,0,1,0,0,0,1,0,0,0,0,0,0,0,1,0,0,2,53.9689837614312,28.5104430047401,17.5205732338288,"C/CSR","@rgb(138,73,45)","@rgb(192,192,192)","@rgb(0,0,0)","@symbol(6,512,0)"
"2393","Rubus fruticosus L.","Rubus fruticosus","Rosaceae","Rosales","Rosanae","Dicot","Wright","perennial","shrub",0,0,1,0,0,0,0,1,0,0,0,1,1,0,0,0,0,0,0,0,0,0,2,21.7472796966826,65.3491842628269,12.9035360404904,"S/CS","@rgb(55,167,33)","@rgb(192,192,192)","@rgb(0,0,0)","@symbol(6,512,0)"
"2394","Rubus idaeus L.","Rubus idaeus","Rosaceae","Rosales","Rosanae","Dicot","Cerabolini/Pierce","perennial","tree",1,0,1,0,0,0,0,2,0,0,0,1,1,1,0,1,0,1,1,1,1,0,8,52.3119469913397,24.3191806008216,23.3688724078387,"C/CSR","@rgb(133,62,60)","@rgb(255,255,255)","@rgb(128,0,0)","@symbol(3,512,0)"
"2395","Rubus occidentalis L.","Rubus occidentalis","Rosaceae","Rosales","Rosanae","Dicot","Weiher","perennial","shrub",1,0,0,0,0,0,0,1,0,0,0,1,1,0,0,1,0,0,0,0,0,0,3,30.8906940576161,42.293688341789,26.8156176005949,"CSR","@rgb(79,108,68)","@rgb(192,192,192)","@rgb(0,0,0)","@symbol(6,512,0)"
"2396","Rubus phoenicolasius Maxim.","Rubus phoenicolasius","Rosaceae","Rosales","Rosanae","Dicot","Cerabolini/Pierce","perennial","tree",0,0,1,0,0,0,0,1,0,0,0,1,1,0,0,0,0,1,0,0,0,0,3,51.2597187493072,23.8899011997505,24.8503800509423,"C/CSR","@rgb(131,61,63)","@rgb(255,255,255)","@rgb(128,0,0)","@symbol(3,512,0)"
"2397","Rubus praecox Bertol.","Rubus praecox","Rosaceae","Rosales","Rosanae","Dicot","Cerabolini/Pierce","perennial","tree",0,0,1,0,0,0,0,1,0,0,0,1,1,0,0,0,0,0,0,1,0,0,3,53.8314800638716,36.7706164635751,9.39790347255334,"CS","@rgb(137,94,24)","@rgb(255,255,255)","@rgb(128,0,0)","@symbol(3,512,0)"
"2398","Rubus saxatilis L.","Rubus saxatilis","Rosaceae","Rosales","Rosanae","Dicot","Soudzilovskaia","perennial","shrub",0,0,1,0,0,0,0,1,0,0,0,1,1,1,0,1,0,1,1,1,0,0,7,35.8392425014208,39.3628605122952,24.797896986284,"CS/CSR","@rgb(91,100,63)","@rgb(192,192,192)","@rgb(0,0,0)","@symbol(6,512,0)"
"2399","Rubus ulmifolius Schott","Rubus ulmifolius","Rosaceae","Rosales","Rosanae","Dicot","Cerabolini/Pierce","perennial","tree",0,0,1,0,0,0,0,1,0,0,0,1,1,0,0,0,0,0,0,1,0,0,3,51.9346970340098,40.5652088600481,7.50009410594207,"CS","@rgb(132,103,19)","@rgb(255,255,255)","@rgb(128,0,0)","@symbol(3,512,0)"
"2400","Rudbeckia hirta L.","Rudbeckia hirta","Asteraceae","Asterales","Asteranae","Dicot","Weiher","perennial","forb",1,0,0,0,0,0,0,1,0,0,0,1,1,0,1,1,0,0,0,0,0,0,4,12.2252164740583,69.2469798570916,18.52780366885,"S/SR","@rgb(31,177,47)","@rgb(192,192,192)","@rgb(192,192,192)","@symbol(2,512,0)"
"2401","Ruellia humilis Nutt.","Ruellia humilis","Acanthaceae","Lamiales","Asteranae","Dicot","Weiher","perennial","forb",1,0,0,0,0,0,0,1,0,0,0,1,1,0,1,1,0,0,0,0,0,0,4,14.7283962439114,77.9506342349212,7.32096952116743,"S/CS","@rgb(38,199,19)","@rgb(192,192,192)","@rgb(192,192,192)","@symbol(2,512,0)"
"2402","Rumex acetosa L. acetosa","Rumex acetosa subsp. acetosa","Polygonaceae","Caryophyllales","Caryophyllanae","Dicot","Cerabolini/Pierce","perennial","forb",0,0,1,0,1,0,0,2,1,0,0,1,1,1,0,0,0,1,1,1,0,0,7,54.3483930107818,0,45.6516069892182,"CR","@rgb(139,0,116)","@rgb(192,192,192)","@rgb(192,192,192)","@symbol(2,512,0)"
"2403","Rumex acetosella L. acetosella","Rumex acetosella subsp. acetosella","Polygonaceae","Caryophyllales","Caryophyllanae","Dicot","Cerabolini/Pierce","perennial","forb",0,0,1,0,0,0,0,1,0,0,0,1,1,1,0,0,0,0,1,1,0,0,5,24.5201205085624,0,75.4798794914376,"R/CR","@rgb(63,0,192)","@rgb(192,192,192)","@rgb(192,192,192)","@symbol(2,512,0)"
"2404","Rumex alpestris Jacq.","Rumex alpestris","Polygonaceae","Caryophyllales","Caryophyllanae","Dicot","Kleyer","perennial","forb",0,0,1,0,0,0,0,1,0,0,0,1,1,1,0,0,0,0,0,1,0,0,4,55.9860767132736,0,44.0139232867264,"CR","@rgb(143,0,112)","@rgb(192,192,192)","@rgb(192,192,192)","@symbol(2,512,0)"
"2405","Rumex alpinus L.","Rumex alpinus","Polygonaceae","Caryophyllales","Caryophyllanae","Dicot","Kleyer","perennial","forb",0,0,1,0,0,0,0,1,0,0,0,1,1,0,0,0,0,0,0,1,0,0,3,90.2999825689503,0,9.70001743104966,"C","@rgb(230,0,25)","@rgb(192,192,192)","@rgb(192,192,192)","@symbol(2,512,0)"
"2406","Rumex aquaticus L.","Rumex aquaticus","Polygonaceae","Caryophyllales","Caryophyllanae","Dicot","Kleyer","perennial","aquatic",0,0,1,0,0,0,0,1,0,0,0,1,1,1,0,0,0,0,1,0,0,0,4,80.4689658875654,0,19.5310341124346,"C/CR","@rgb(205,0,50)","@rgb(192,192,192)","@rgb(0,0,255)","@symbol(5,512,0)"
"2407","Rumex crispus L.","Rumex crispus","Polygonaceae","Caryophyllales","Caryophyllanae","Dicot","Cerabolini/Pierce","perennial","forb",0,0,1,0,1,0,0,2,0,0,0,1,1,1,0,1,0,1,1,1,1,0,8,71.4257642747219,0,28.5742357252781,"C/CR","@rgb(182,0,73)","@rgb(192,192,192)","@rgb(192,192,192)","@symbol(2,512,0)"
"2408","Rumex hydrolapathum Huds.","Rumex hydrolapathum","Polygonaceae","Caryophyllales","Caryophyllanae","Dicot","Kleyer","perennial","forb",0,0,1,0,0,0,0,1,0,0,0,1,0,1,0,0,0,0,0,0,0,0,2,85.0830730819565,0,14.9169269180436,"C","@rgb(217,0,38)","@rgb(192,192,192)","@rgb(192,192,192)","@symbol(2,512,0)"
"2409","Rumex maritimus L.","Rumex maritimus","Polygonaceae","Caryophyllales","Caryophyllanae","Dicot","Kleyer","biennial","forb",1,1,1,0,1,0,0,4,1,1,0,1,1,1,0,1,0,0,0,1,1,0,8,28.5773635497107,0,71.4226364502893,"R/CR","@rgb(73,0,182)","@rgb(192,192,192)","@rgb(192,192,192)","@symbol(2,512,0)"
"2410","Rumex palustris Sm.","Rumex palustris","Polygonaceae","Caryophyllales","Caryophyllanae","Dicot","Kleyer","perennial","forb",0,0,1,0,0,0,0,1,0,0,0,1,0,0,0,1,0,0,0,1,0,0,3,41.0664714423952,13.4447227949123,45.4888057626925,"CR/CSR","@rgb(105,34,116)","@rgb(192,192,192)","@rgb(192,192,192)","@symbol(2,512,0)"
"2411","Rumex scutatus L.","Rumex scutatus","Polygonaceae","Caryophyllales","Caryophyllanae","Dicot","Cerabolini","perennial","forb",0,0,1,0,0,0,0,1,0,0,0,1,1,0,0,1,0,0,0,1,0,0,4,34.0474890670331,0,65.9525109329669,"R/CR","@rgb(87,0,168)","@rgb(192,192,192)","@rgb(192,192,192)","@symbol(2,512,0)"
"2412","Rumex stenophyllus Ledeb.","Rumex stenophyllus","Polygonaceae","Caryophyllales","Caryophyllanae","Dicot","Kleyer","perennial","forb",0,0,1,0,0,0,0,1,0,0,0,1,0,0,0,0,0,0,0,0,0,0,1,63.7746819498138,0,36.2253180501862,"C/CR","@rgb(163,0,92)","@rgb(192,192,192)","@rgb(192,192,192)","@symbol(2,512,0)"
"2413","Rumex thyrsiflorus Fingerh.","Rumex thyrsiflorus","Polygonaceae","Caryophyllales","Caryophyllanae","Dicot","Kleyer","perennial","forb",0,0,1,0,0,0,0,1,0,0,0,1,0,1,0,1,0,1,1,0,1,0,6,58.605680198499,0,41.394319801501,"CR","@rgb(149,0,106)","@rgb(192,192,192)","@rgb(192,192,192)","@symbol(2,512,0)"
"2414","Ruppia cirrhosa (Petagna) Grande","Ruppia cirrhosa","Ruppiaceae","Alismatales","Lilianae","Monocot","Kleyer","perennial","aquatic",0,0,1,1,0,0,0,2,1,0,0,1,0,1,0,0,0,1,0,1,1,0,6,2.81652726879093,21.1752070317866,76.0082656994225,"R/SR","@rgb(7,54,194)","@rgb(192,192,192)","@rgb(0,0,255)","@symbol(5,512,0)"
"2415","Ruppia maritima L.","Ruppia maritima","Ruppiaceae","Alismatales","Lilianae","Monocot","Kleyer","perennial","aquatic",1,1,1,1,1,1,1,7,1,1,1,1,1,1,1,1,1,1,1,1,1,1,14,1.66655739366185,20.6263251917432,77.7071174145949,"R/SR","@rgb(4,53,198)","@rgb(192,192,192)","@rgb(0,0,255)","@symbol(5,512,0)"
"2416","Ruscus aculeatus L.","Ruscus aculeatus","Asparagaceae","Asparagales","Lilianae","Monocot","Cerabolini/Pierce","perennial","shrub",0,0,1,0,0,0,0,1,0,0,0,1,0,0,0,0,0,0,0,1,0,0,2,11.3770945650371,88.6229054349629,0,"S","@rgb(29,226,0)","@rgb(192,192,192)","@rgb(0,0,0)","@symbol(6,512,0)"
"2417","Ruta graveolens L.","Ruta graveolens","Rutaceae","Sapindales","Rosanae","Dicot","Cerabolini/Pierce","perennial","forb",0,0,1,0,0,0,0,1,0,0,0,1,0,0,0,0,0,0,0,1,0,0,2,27.6456493515659,66.1275805822769,6.22677006615711,"S/CS","@rgb(70,169,16)","@rgb(192,192,192)","@rgb(192,192,192)","@symbol(2,512,0)"
"2418","Sabatia angularis (L.) Pursh","Sabatia angularis","Gentianaceae","Gentianales","Asteranae","Dicot","Weiher","perennial","forb",1,0,0,0,0,0,0,1,0,0,0,1,1,0,1,1,0,0,0,0,0,0,4,5.02103695021938,77.2467363667723,17.7322266830083,"S/SR","@rgb(13,197,45)","@rgb(192,192,192)","@rgb(192,192,192)","@symbol(2,512,0)"
"2419","Saccharum officinarum L.","Saccharum officinarum","Poaceae","Poales","Lilianae","Monocot","Pinho","perennial","graminoid",0,0,0,0,0,1,0,1,1,0,0,0,0,0,0,0,0,0,0,0,0,0,1,68.8947532442507,23.4078364408684,7.69741031488092,"C/CS","@rgb(176,60,20)","@rgb(0,0,0)","@rgb(0,128,0)","@symbol(4,512,0)"
"2420","Sacoglottis mattogrossensis Malme","Sacoglottis mattogrossensis","Humiriaceae","Malpighiales","Rosanae","Dicot","Pinho","perennial","tree",0,1,0,0,0,0,0,1,1,1,0,0,0,0,1,0,0,0,0,0,0,0,3,36.4750834029636,63.5249165970364,0,"S/CS","@rgb(93,162,0)","@rgb(255,255,255)","@rgb(128,0,0)","@symbol(3,512,0)"
"2421","Sagina apetala Ard.","Sagina apetala","Caryophyllaceae","Caryophyllales","Caryophyllanae","Dicot","Kleyer","annual","forb",0,0,1,0,0,0,0,1,0,0,0,1,1,0,0,0,0,0,0,1,0,0,3,0,49.4790612753766,50.5209387246233,"SR","@rgb(0,126,129)","@rgb(192,192,192)","@rgb(192,192,192)","@symbol(2,512,0)"
"2422","Sagina nodosa (L.) Fenzl","Sagina nodosa","Caryophyllaceae","Caryophyllales","Caryophyllanae","Dicot","Kleyer","perennial","forb",1,0,1,0,0,0,0,2,0,0,0,1,1,1,0,0,0,0,1,0,0,0,4,0.588884574997381,62.2691916647459,37.1419237602568,"S/SR","@rgb(2,159,95)","@rgb(192,192,192)","@rgb(192,192,192)","@symbol(2,512,0)"
"2423","Sagittaria sagittifolia L.","Sagittaria sagittifolia","Alismataceae","Alismatales","Lilianae","Monocot","Kleyer","perennial","forb",0,0,1,0,0,0,0,1,0,0,0,1,0,1,0,1,0,0,0,1,0,0,4,60.1300439972609,0,39.8699560027391,"CR","@rgb(153,0,102)","@rgb(192,192,192)","@rgb(192,192,192)","@symbol(2,512,0)"
"2424","Salix alba L.","Salix alba","Salicaceae","Malpighiales","Rosanae","Dicot","Kleyer","perennial","tree",0,0,1,0,0,0,0,1,0,0,0,1,1,0,0,1,0,1,0,1,0,0,5,25.3378541342213,63.3506134725818,11.3115323931969,"S/CS","@rgb(65,162,29)","@rgb(255,255,255)","@rgb(128,0,0)","@symbol(3,512,0)"
"2425","Salix appendiculata Vill.","Salix appendiculata","Salicaceae","Malpighiales","Rosanae","Dicot","Kleyer","perennial","shrub",0,0,1,0,0,0,0,1,0,0,0,1,1,0,0,0,0,0,0,0,0,0,2,26.1576164896965,52.6578392586441,21.1845442516594,"S/CSR","@rgb(67,134,54)","@rgb(192,192,192)","@rgb(0,0,0)","@symbol(6,512,0)"
"2426","Salix caesia Vill.","Salix caesia","Salicaceae","Malpighiales","Rosanae","Dicot","Cerabolini/Pierce","perennial","tree",0,0,1,0,0,0,0,1,0,0,0,1,1,0,0,0,0,1,0,0,0,0,3,12.4590029447507,54.2655567244269,33.2754403308223,"S/CSR","@rgb(32,138,85)","@rgb(255,255,255)","@rgb(128,0,0)","@symbol(3,512,0)"
"2427","Salix caprea L.","Salix caprea","Salicaceae","Malpighiales","Rosanae","Dicot","Cornelissen","perennial","shrub",0,0,1,0,0,0,0,1,0,0,0,1,1,1,0,0,0,0,1,1,0,0,5,23.4561433048694,64.3854149759635,12.1584417191671,"S/CS","@rgb(60,164,31)","@rgb(192,192,192)","@rgb(0,0,0)","@symbol(6,512,0)"
"2428","Salix cinerea L.","Salix cinerea","Salicaceae","Malpighiales","Rosanae","Dicot","Cerabolini/Pierce","perennial","tree",0,0,1,0,0,0,0,1,0,0,0,1,1,1,0,0,0,0,0,1,0,0,4,31.474840429007,52.8682643952011,15.6568951757919,"S/CSR","@rgb(80,135,40)","@rgb(255,255,255)","@rgb(128,0,0)","@symbol(3,512,0)"
"2429","Salix eleagnos Scop. eleagnos","Salix eleagnos","Salicaceae","Malpighiales","Rosanae","Dicot","Cerabolini/Pierce","perennial","tree",0,0,1,0,0,0,0,1,0,0,0,1,1,0,0,0,0,0,0,0,0,0,2,22.2628403962818,63.6358604768759,14.1012991268423,"S/CS","@rgb(57,162,36)","@rgb(255,255,255)","@rgb(128,0,0)","@symbol(3,512,0)"
"2430","Salix glauca L.","Salix glauca","Salicaceae","Malpighiales","Rosanae","Dicot","Wright","perennial","shrub",1,0,1,0,0,0,0,2,0,0,0,1,1,1,0,0,0,0,1,0,0,0,4,18.2940526065965,74.878186265631,6.82776112777242,"S/CS","@rgb(47,191,17)","@rgb(192,192,192)","@rgb(0,0,0)","@symbol(6,512,0)"
"2431","Salix helvetica Vill.","Salix helvetica","Salicaceae","Malpighiales","Rosanae","Dicot","Cerabolini","perennial","shrub",0,0,1,0,0,0,0,1,0,0,0,1,1,0,0,0,0,0,0,0,0,0,2,18.1145267303662,42.6822235582658,39.203249711368,"SR/CSR","@rgb(46,109,100)","@rgb(192,192,192)","@rgb(0,0,0)","@symbol(6,512,0)"
"2432","Salix herbacea L.","Salix herbacea","Salicaceae","Malpighiales","Rosanae","Dicot","Kleyer","perennial","shrub",1,0,1,0,0,0,0,2,0,0,0,1,1,1,0,0,0,0,1,1,0,0,5,4.58371160240213,74.8921855312691,20.5241028663288,"S/SR","@rgb(12,191,52)","@rgb(192,192,192)","@rgb(0,0,0)","@symbol(6,512,0)"
"2433","Salix kazbekensis A.K. Skvortsov","Salix kazbekensis","Salicaceae","Malpighiales","Rosanae","Dicot","Soudzilovskaia","perennial","tree",0,0,1,0,0,0,0,1,0,0,0,1,0,0,0,1,0,0,0,0,0,0,2,13.8671742970591,64.8276417703688,21.3051839325721,"S/SR","@rgb(35,165,54)","@rgb(255,255,255)","@rgb(128,0,0)","@symbol(3,512,0)"
"2434","Salix lanata L.","Salix lanata","Salicaceae","Malpighiales","Rosanae","Dicot","Kleyer","perennial","shrub",0,0,1,0,0,0,0,1,0,0,0,1,0,1,0,0,0,0,1,0,0,0,3,31.5466096891965,68.4533903108035,0,"S/CS","@rgb(80,175,0)","@rgb(192,192,192)","@rgb(0,0,0)","@symbol(6,512,0)"
"2435","Salix lapponum L.","Salix lapponum","Salicaceae","Malpighiales","Rosanae","Dicot","Cornelissen","perennial","shrub",0,0,1,0,0,0,0,1,0,0,0,1,1,1,0,0,0,0,1,0,0,0,4,16.1518635323384,79.0357284604947,4.81240800716686,"S/CS","@rgb(41,202,12)","@rgb(192,192,192)","@rgb(0,0,0)","@symbol(6,512,0)"
"2436","Salix myrsinifolia Salisb.","Salix myrsinifolia","Salicaceae","Malpighiales","Rosanae","Dicot","Cerabolini/Pierce","perennial","tree",0,0,1,0,0,0,0,1,0,0,0,1,1,1,0,0,0,0,1,0,0,0,4,19.6371527282047,40.907381445464,39.4554658263313,"SR/CSR","@rgb(50,104,101)","@rgb(255,255,255)","@rgb(128,0,0)","@symbol(3,512,0)"
"2437","Salix myrsinites L.","Salix myrsinites","Salicaceae","Malpighiales","Rosanae","Dicot","Kleyer","perennial","shrub",0,0,1,0,0,0,0,1,0,0,0,1,0,1,0,0,0,0,1,0,0,0,3,15.8669061953204,84.1330938046796,0,"S","@rgb(40,215,0)","@rgb(192,192,192)","@rgb(0,0,0)","@symbol(6,512,0)"
"2438","Salix pentandra L.","Salix pentandra","Salicaceae","Malpighiales","Rosanae","Dicot","Cerabolini/Pierce","perennial","tree",0,0,1,0,0,0,0,1,0,0,0,1,1,1,0,0,0,1,1,1,1,0,7,23.2975880817133,58.2387026736698,18.4637092446169,"S/CSR","@rgb(59,149,47)","@rgb(255,255,255)","@rgb(128,0,0)","@symbol(3,512,0)"
"2439","Salix purpurea L.","Salix purpurea","Salicaceae","Malpighiales","Rosanae","Dicot","Cerabolini/Pierce","perennial","tree",0,0,1,0,0,0,0,1,0,0,0,1,1,0,0,0,0,0,0,1,0,0,3,17.7203658821553,71.5104938186873,10.7691402991573,"S/CS","@rgb(45,182,27)","@rgb(255,255,255)","@rgb(128,0,0)","@symbol(3,512,0)"
"2440","Salix repens L.","Salix repens","Salicaceae","Malpighiales","Rosanae","Dicot","Kleyer","perennial","forb",0,0,1,0,0,0,0,1,0,0,0,1,1,1,0,0,0,0,1,1,0,0,5,4.45820804971187,76.9917638144817,18.5500281358064,"S/SR","@rgb(11,196,47)","@rgb(192,192,192)","@rgb(192,192,192)","@symbol(2,512,0)"
"2441","Salix reticulata L.","Salix reticulata","Salicaceae","Malpighiales","Rosanae","Dicot","Kleyer","perennial","shrub",1,0,1,0,0,0,0,2,0,0,0,1,1,1,0,0,0,0,1,0,0,0,4,10.538602501747,89.4613974982531,0,"S","@rgb(27,228,0)","@rgb(192,192,192)","@rgb(0,0,0)","@symbol(6,512,0)"
"2442","Salix retusa L.","Salix retusa","Salicaceae","Malpighiales","Rosanae","Dicot","Cerabolini","perennial","shrub",0,0,1,0,0,0,0,1,0,0,0,1,1,0,0,0,0,0,0,1,0,0,3,1.25415532388413,72.5285145352634,26.2173301408525,"S/SR","@rgb(3,185,67)","@rgb(192,192,192)","@rgb(0,0,0)","@symbol(6,512,0)"
"2443","Salix rosmarinifolia L.","Salix rosmarinifolia","Salicaceae","Malpighiales","Rosanae","Dicot","Cerabolini","perennial","shrub",0,0,1,0,0,0,0,1,0,0,0,1,1,1,0,0,0,0,0,0,0,0,3,9.75321581757595,73.4202984683038,16.8264857141203,"S/SR","@rgb(25,187,43)","@rgb(192,192,192)","@rgb(0,0,0)","@symbol(6,512,0)"
"2444","Salix starkeana Willd.","Salix starkeana","Salicaceae","Malpighiales","Rosanae","Dicot","Kleyer","perennial","shrub",0,0,1,0,0,0,0,1,0,0,0,1,0,1,0,0,0,0,1,0,0,0,3,11.1965561004844,76.9803700008026,11.823073898713,"S/SR","@rgb(29,196,30)","@rgb(192,192,192)","@rgb(0,0,0)","@symbol(6,512,0)"
"2445","Salix triandra L.","Salix triandra","Salicaceae","Malpighiales","Rosanae","Dicot","Kleyer","perennial","shrub",0,0,1,0,0,0,0,1,0,0,0,1,1,1,0,0,0,1,1,1,0,0,6,19.6815726896406,72.573054822153,7.74537248820636,"S/CS","@rgb(50,185,20)","@rgb(192,192,192)","@rgb(0,0,0)","@symbol(6,512,0)"
"2446","Salix waldsteiniana Willd.","Salix waldsteiniana","Salicaceae","Malpighiales","Rosanae","Dicot","Cerabolini/Pierce","perennial","tree",0,0,1,0,0,0,0,1,0,0,0,1,1,0,0,0,0,0,0,0,0,0,2,12.8701719919332,55.0891732666763,32.0406547413906,"S/CSR","@rgb(33,140,82)","@rgb(255,255,255)","@rgb(128,0,0)","@symbol(3,512,0)"
"2447","Salvia glutinosa L.","Salvia glutinosa","Lamiaceae","Lamiales","Asteranae","Dicot","Kleyer","perennial","forb",0,0,1,0,0,0,0,1,0,0,0,1,1,0,0,0,0,0,0,1,0,0,3,57.9030197219605,0,42.0969802780395,"CR","@rgb(148,0,107)","@rgb(192,192,192)","@rgb(192,192,192)","@symbol(2,512,0)"
"2448","Salvia lyrata L.","Salvia lyrata","Lamiaceae","Lamiales","Asteranae","Dicot","Weiher","perennial","forb",1,0,0,0,0,0,0,1,0,0,0,1,1,0,1,1,0,0,0,0,0,0,4,18.7506814464132,68.2043458178428,13.044972735744,"S/CS","@rgb(48,174,33)","@rgb(192,192,192)","@rgb(192,192,192)","@symbol(2,512,0)"
"2449","Salvia nemorosa L.","Salvia nemorosa","Lamiaceae","Lamiales","Asteranae","Dicot","Kleyer","perennial","forb",0,0,1,0,0,0,0,1,0,0,0,1,1,0,0,1,0,0,0,0,1,0,4,41.666219100085,9.12155025324773,49.2122306466673,"CR","@rgb(106,23,125)","@rgb(192,192,192)","@rgb(192,192,192)","@symbol(2,512,0)"
"2450","Salvia officinalis L.","Salvia officinalis","Lamiaceae","Lamiales","Asteranae","Dicot","Kleyer","perennial","shrub",0,0,1,0,0,0,0,1,0,0,0,0,0,0,0,0,0,0,0,1,0,0,1,27.6294630852978,38.8934040518634,33.4771328628388,"CSR","@rgb(70,99,85)","@rgb(192,192,192)","@rgb(0,0,0)","@symbol(6,512,0)"
"2451","Salvia pratensis L.","Salvia pratensis","Lamiaceae","Lamiales","Asteranae","Dicot","Cerabolini/Pierce","perennial","forb",0,0,1,0,0,0,0,1,0,0,0,1,1,0,0,0,0,0,0,1,0,0,3,47.2414406713227,0,52.7585593286773,"CR","@rgb(120,0,135)","@rgb(192,192,192)","@rgb(192,192,192)","@symbol(2,512,0)"
"2452","Salvia verticillata L.","Salvia verticillata","Lamiaceae","Lamiales","Asteranae","Dicot","Kleyer","perennial","forb",0,0,1,0,0,0,0,1,0,0,0,1,1,0,0,1,0,0,0,1,0,0,4,52.6166247872804,25.5106175437433,21.8727576689764,"C/CSR","@rgb(134,65,56)","@rgb(192,192,192)","@rgb(192,192,192)","@symbol(2,512,0)"
"2453","Salvinia natans (L.) All.","Salvinia natans","Salviniaceae","Salviniales",NA,"Fern","Kleyer","perennial","aquatic",0,0,1,0,1,0,0,2,1,0,0,1,1,0,0,0,0,0,0,1,0,0,4,1.28863720287513,0,98.7113627971249,"R","@rgb(3,0,252)","@rgb(192,192,192)","@rgb(0,0,255)","@symbol(5,512,0)"
"2454","Salzmannia nitida DC.","Salzmannia nitida","Rubiaceae","Gentianales","Asteranae","Dicot","Pinho","perennial","shrub",0,1,0,0,0,0,0,1,1,0,0,0,0,0,0,0,0,0,0,0,0,0,1,23.8065855474461,76.1934144525539,0,"S/CS","@rgb(61,194,0)","@rgb(192,192,192)","@rgb(0,0,0)","@symbol(6,512,0)"
"2455","Sambucus ebulus L.","Sambucus ebulus","Adoxaceae","Dipsacales","Asteranae","Dicot","Kleyer","perennial","forb",0,0,1,0,0,0,0,1,0,0,0,1,1,0,0,1,0,0,0,1,0,0,4,81.7561698007612,2.27018066740668,15.9736495318321,"C/CR","@rgb(208,6,41)","@rgb(192,192,192)","@rgb(192,192,192)","@symbol(2,512,0)"
"2456","Sambucus nigra L.","Sambucus nigra","Adoxaceae","Dipsacales","Asteranae","Dicot","Cerabolini","perennial","shrub",0,0,1,0,0,0,0,1,0,0,0,1,1,1,0,0,0,0,0,1,0,0,4,62.9273933024481,16.9660077088812,20.1065989886707,"C/CSR","@rgb(160,43,51)","@rgb(192,192,192)","@rgb(0,0,0)","@symbol(6,512,0)"
"2457","Sambucus racemosa L.","Sambucus racemosa","Adoxaceae","Dipsacales","Asteranae","Dicot","Cerabolini","perennial","shrub",1,0,1,0,0,0,0,2,0,0,0,1,1,1,0,1,0,0,1,1,0,0,6,70.6313047816068,10.5884560197968,18.7802391985963,"C/CR","@rgb(180,27,48)","@rgb(192,192,192)","@rgb(0,0,0)","@symbol(6,512,0)"
"2458","Samolus valerandi L.","Samolus valerandi","Primulaceae","Ericales","Asteranae","Dicot","Díaz","perennial","forb",1,1,1,1,0,1,0,5,1,1,0,1,1,0,1,1,1,1,0,1,1,0,10,22.4471601512537,8.11805336093581,69.4347864878105,"R/CR","@rgb(57,21,177)","@rgb(192,192,192)","@rgb(192,192,192)","@symbol(2,512,0)"
"2459","Sanguisorba dodecandra Moretti","Sanguisorba dodecandra","Rosaceae","Rosales","Rosanae","Dicot","Cerabolini","perennial","forb",0,0,1,0,0,0,0,1,0,0,0,0,1,0,0,0,0,0,0,0,0,0,1,64.8449712938796,16.5669426739073,18.5880860322131,"C/CSR","@rgb(165,42,47)","@rgb(192,192,192)","@rgb(192,192,192)","@symbol(2,512,0)"
"2460","Sanguisorba minor Scop. minor","Sanguisorba minor subsp. minor","Rosaceae","Rosales","Rosanae","Dicot","Cerabolini/Pierce","perennial","forb",0,0,1,0,0,0,0,1,0,0,0,1,1,0,0,0,0,0,0,1,0,0,3,25.5310269662587,43.9843175712422,30.4846554624991,"S/CSR","@rgb(65,112,78)","@rgb(192,192,192)","@rgb(192,192,192)","@symbol(2,512,0)"
"2461","Sanguisorba officinalis L.","Sanguisorba officinalis","Rosaceae","Rosales","Rosanae","Dicot","Wright","perennial","forb",1,0,1,0,0,0,0,2,1,0,0,1,1,1,0,1,0,1,1,1,0,0,8,25.4939652031144,41.5784526428117,32.9275821540739,"CSR","@rgb(65,106,84)","@rgb(192,192,192)","@rgb(192,192,192)","@symbol(2,512,0)"
"2462","Santiria apiculata Benn.","Santiria apiculata","Burseraceae","Sapindales","Rosanae","Dicot","SJ Wright Pasoh","perennial","tree",0,0,0,0,1,1,0,2,1,0,0,0,0,0,0,0,0,0,0,0,0,0,1,55.5571177438195,39.4133848751485,5.02949738103194,"CS","@rgb(142,101,13)","@rgb(255,255,255)","@rgb(128,0,0)","@symbol(3,512,0)"
"2463","Santolina chamaecyparissus L.","Santolina chamaecyparissus","Asteraceae","Asterales","Asteranae","Dicot","Cornelissen","perennial","shrub",0,0,1,0,0,0,0,1,0,0,0,1,1,0,0,0,0,0,0,1,0,0,3,0,0,100,"R","@rgb(0,0,255)","@rgb(192,192,192)","@rgb(0,0,0)","@symbol(6,512,0)"
"2464","Sapium glandulosum (L.) Morong","Sapium glandulosum","Euphorbiaceae","Malpighiales","Rosanae","Dicot","Wright","perennial","shrub",0,1,0,0,0,0,0,1,1,1,1,0,0,0,1,0,0,0,0,0,1,0,5,58.4747277967134,30.8373450531235,10.6879271501631,"C/CSR","@rgb(149,79,27)","@rgb(192,192,192)","@rgb(0,0,0)","@symbol(6,512,0)"
"2465","Saponaria ocymoides L.","Saponaria ocymoides","Caryophyllaceae","Caryophyllales","Caryophyllanae","Dicot","Cerabolini/Pierce","perennial","forb",0,0,1,0,0,0,0,1,0,0,0,1,1,0,0,0,0,0,0,1,0,0,3,2.18886688095613,42.2299389538679,55.5811941651759,"SR","@rgb(6,108,142)","@rgb(192,192,192)","@rgb(192,192,192)","@symbol(2,512,0)"
"2466","Saponaria officinalis L.","Saponaria officinalis","Caryophyllaceae","Caryophyllales","Caryophyllanae","Dicot","Cerabolini/Pierce","perennial","forb",0,0,1,0,0,0,0,1,0,0,0,1,1,0,0,0,0,0,0,1,0,0,3,48.0383865217629,9.34674183068286,42.6148716475542,"CR","@rgb(122,24,109)","@rgb(192,192,192)","@rgb(192,192,192)","@symbol(2,512,0)"
"2467","Sarracenia purpurea L.","Sarracenia purpurea","Sarraceniaceae","Ericales","Asteranae","Dicot","Kleyer","perennial","forb",1,0,0,0,0,0,0,1,0,0,0,1,1,1,0,1,0,0,0,0,0,0,4,65.4242948989449,15.6503579292344,18.9253471718207,"C/CR","@rgb(167,40,48)","@rgb(192,192,192)","@rgb(192,192,192)","@symbol(2,512,0)"
"2468","Satureja hortensis L.","Satureja hortensis","Lamiaceae","Lamiales","Asteranae","Dicot","Kleyer","perennial","forb",0,0,1,0,0,0,0,1,0,0,0,1,1,0,0,1,0,0,0,1,0,0,4,6.63883066200104,0,93.361169337999,"R","@rgb(17,0,238)","@rgb(192,192,192)","@rgb(192,192,192)","@symbol(2,512,0)"
"2469","Satureja montana L. montana","Satureja montana subsp. montana","Lamiaceae","Lamiales","Asteranae","Dicot","Cerabolini","perennial","forb",0,0,1,0,0,0,0,1,0,0,0,1,1,0,0,0,0,0,0,1,0,0,3,5.32696584060409,55.8894687275763,38.7835654318196,"SR","@rgb(14,143,99)","@rgb(192,192,192)","@rgb(192,192,192)","@symbol(2,512,0)"
"2470","Saussurea alpina (L.) DC.","Saussurea alpina","Asteraceae","Asterales","Asteranae","Dicot","Kleyer","perennial","forb",0,0,1,0,0,0,0,1,0,0,0,1,1,1,0,0,0,0,1,0,0,0,4,30.0980787527542,31.5384251030187,38.3634961442271,"CSR","@rgb(77,80,98)","@rgb(192,192,192)","@rgb(192,192,192)","@symbol(2,512,0)"
"2471","Saxifraga aizoides L.","Saxifraga aizoides","Saxifragaceae","Saxifragales","Myrothamnanae","Dicot","Cerabolini/Pierce","perennial","forb",1,0,1,0,0,0,0,2,0,0,0,1,1,1,0,0,0,0,1,1,0,0,5,0,66.5949643279597,33.4050356720403,"S/SR","@rgb(0,170,85)","@rgb(192,192,192)","@rgb(192,192,192)","@symbol(2,512,0)"
"2472","Saxifraga androsacea L.","Saxifraga androsacea","Saxifragaceae","Saxifragales","Myrothamnanae","Dicot","Cerabolini","perennial","forb",0,0,1,0,0,0,0,1,0,0,0,1,1,0,0,0,0,1,0,1,0,0,4,0.723423290809826,0,99.2765767091902,"R","@rgb(2,0,253)","@rgb(192,192,192)","@rgb(192,192,192)","@symbol(2,512,0)"
"2473","Saxifraga aphylla Sternb.","Saxifraga aphylla","Saxifragaceae","Saxifragales","Myrothamnanae","Dicot","Caccianiga","perennial","forb",0,0,1,0,0,0,0,1,0,0,0,1,1,0,0,0,0,0,0,0,0,0,2,1.24396500147889,59.2817690076723,39.4742659908489,"SR","@rgb(3,151,101)","@rgb(192,192,192)","@rgb(192,192,192)","@symbol(2,512,0)"
"2474","Saxifraga caesia L.","Saxifraga caesia","Saxifragaceae","Saxifragales","Myrothamnanae","Dicot","Cerabolini","perennial","forb",0,0,1,0,0,0,0,1,0,0,0,1,1,0,0,0,0,0,0,1,0,0,3,0,100,0,"S","@rgb(0,255,0)","@rgb(192,192,192)","@rgb(192,192,192)","@symbol(2,512,0)"
"2475","Saxifraga cuneifolia L.","Saxifraga cuneifolia","Saxifragaceae","Saxifragales","Myrothamnanae","Dicot","Cerabolini/Pierce","perennial","forb",0,0,1,0,0,0,0,1,0,0,0,1,1,0,0,0,0,0,0,1,0,0,3,23.6647602456497,0,76.3352397543503,"R/CR","@rgb(60,0,195)","@rgb(192,192,192)","@rgb(192,192,192)","@symbol(2,512,0)"
"2476","Saxifraga exarata Vill.","Saxifraga exarata","Saxifragaceae","Saxifragales","Myrothamnanae","Dicot","Caccianiga","perennial","forb",0,0,1,0,0,0,0,1,0,0,0,1,1,0,0,0,0,0,0,1,0,0,3,0,90.5494797413453,9.45052025865469,"S","@rgb(0,231,24)","@rgb(192,192,192)","@rgb(192,192,192)","@symbol(2,512,0)"
"2477","Saxifraga paniculata Mill.","Saxifraga paniculata","Saxifragaceae","Saxifragales","Myrothamnanae","Dicot","Kleyer","perennial","forb",1,0,1,0,0,0,0,2,0,0,0,1,1,1,0,0,0,0,1,1,0,0,5,10.180298772815,89.819701227185,0,"S","@rgb(26,229,0)","@rgb(192,192,192)","@rgb(192,192,192)","@symbol(2,512,0)"
"2478","Saxifraga seguieri Spreng.","Saxifraga seguieri","Saxifragaceae","Saxifragales","Myrothamnanae","Dicot","Cerabolini","perennial","forb",0,0,1,0,0,0,0,1,0,0,0,0,1,0,0,0,0,0,0,0,0,0,1,0,0,100,"R","@rgb(0,0,255)","@rgb(192,192,192)","@rgb(192,192,192)","@symbol(2,512,0)"
"2479","Saxifraga stellaris L. engleri P. Fourn.","Micranthes stellaris subsp. robusta","Saxifragaceae","Saxifragales","Myrothamnanae","Dicot","Cerabolini","perennial","forb",1,0,1,0,0,0,0,2,0,0,0,1,1,1,0,0,0,0,1,1,0,0,5,10.4652319857367,0,89.5347680142633,"R","@rgb(27,0,228)","@rgb(192,192,192)","@rgb(192,192,192)","@symbol(2,512,0)"
"2480","Saxifraga tridactylites L.","Saxifraga tridactylites","Saxifragaceae","Saxifragales","Myrothamnanae","Dicot","Cerabolini","perennial","forb",0,0,1,0,0,0,0,1,0,0,0,1,1,1,0,0,0,0,0,1,0,0,4,2.33629095949678,0,97.6637090405032,"R","@rgb(6,0,249)","@rgb(192,192,192)","@rgb(192,192,192)","@symbol(2,512,0)"
"2481","Scabiosa atropurpurea L.","Scabiosa atropurpurea","Caprifoliaceae","Dipsacales","Asteranae","Dicot","Kleyer","perennial","forb",0,0,1,0,0,0,0,1,0,0,0,1,0,0,0,0,0,0,0,1,0,0,2,46.9676123142206,30.6485225381321,22.3838651476473,"C/CSR","@rgb(120,78,57)","@rgb(192,192,192)","@rgb(192,192,192)","@symbol(2,512,0)"
"2482","Scabiosa canescens Waldst.","Scabiosa canescens","Caprifoliaceae","Dipsacales","Asteranae","Dicot","Kleyer","perennial","forb",0,0,1,0,0,0,0,1,0,0,0,1,1,0,0,0,0,0,0,0,0,0,2,34.2144646645474,60.40998252887,5.37555280658264,"S/CS","@rgb(87,154,14)","@rgb(192,192,192)","@rgb(192,192,192)","@symbol(2,512,0)"
"2483","Scabiosa caucasica M. Bieb.","Lomelosia caucasica","Caprifoliaceae","Dipsacales","Asteranae","Dicot","Soudzilovskaia","perennial","forb",0,0,1,0,0,0,0,1,0,0,0,1,0,0,0,1,0,0,0,0,0,0,2,51.4823084969001,28.0122305284548,20.5054609746451,"C/CSR","@rgb(131,71,52)","@rgb(192,192,192)","@rgb(192,192,192)","@symbol(2,512,0)"
"2484","Scabiosa columbaria L. columbaria","Scabiosa columbaria subsp. columbaria","Caprifoliaceae","Dipsacales","Asteranae","Dicot","Cerabolini/Pierce","perennial","forb",0,0,1,1,0,0,0,2,1,0,0,1,1,0,1,0,1,1,0,1,1,0,8,27.8253924870375,42.0928049563109,30.0818025566516,"CSR","@rgb(71,107,77)","@rgb(192,192,192)","@rgb(192,192,192)","@symbol(2,512,0)"
"2485","Scabiosa ochroleuca L.","Scabiosa ochroleuca","Caprifoliaceae","Dipsacales","Asteranae","Dicot","Kleyer","perennial","forb",0,0,1,0,0,0,0,1,0,0,0,1,1,0,0,1,0,1,0,1,0,0,5,22.8950293102374,63.89471862366,13.2102520661026,"S/CS","@rgb(58,163,34)","@rgb(192,192,192)","@rgb(192,192,192)","@symbol(2,512,0)"
"2486","Scabiosa rutifolia Vahl","Pycnocomon rutifolium","Caprifoliaceae","Dipsacales","Asteranae","Dicot","Cerabolini","perennial","forb",0,0,1,0,0,0,0,1,0,0,0,0,0,0,0,0,0,0,0,1,0,0,1,16.4365858157983,83.5634141842017,0,"S/CS","@rgb(42,213,0)","@rgb(192,192,192)","@rgb(192,192,192)","@symbol(2,512,0)"
"2487","Scandix pecten-veneris L.","Scandix pecten-veneris","Apiaceae","Apiales","Asteranae","Dicot","Kleyer","annual","forb",0,0,1,0,0,0,0,1,0,0,0,1,1,0,0,1,0,1,0,1,1,0,6,46.2643278298309,0,53.7356721701691,"CR","@rgb(118,0,137)","@rgb(192,192,192)","@rgb(192,192,192)","@symbol(2,512,0)"
"2488","Scaphocalyx spathacea Ridl.","Scaphocalyx spathacea","Flacourtiaceae","Malpighiales","Rosanae","Dicot","SJ Wright Pasoh","perennial","tree",0,0,0,0,1,0,0,1,1,0,0,0,0,0,0,0,0,0,0,0,0,0,1,54.5544448943733,44.0925265009043,1.35302860472247,"CS","@rgb(139,112,3)","@rgb(255,255,255)","@rgb(128,0,0)","@symbol(3,512,0)"
"2489","Scheuchzeria palustris L.","Scheuchzeria palustris","Scheuchzeriaceae","Alismatales","Lilianae","Monocot","Kleyer","perennial","forb",1,0,1,0,0,0,0,2,0,0,0,1,1,1,0,1,0,0,1,0,0,0,5,27.5229480190264,70.0370681113417,2.43998386963192,"S/CS","@rgb(70,179,6)","@rgb(192,192,192)","@rgb(192,192,192)","@symbol(2,512,0)"
"2490","Schizachyrium scoparium (Michx.) Nash","Schizachyrium scoparium","Poaceae","Poales","Lilianae","Monocot","Weiher","perennial","graminoid",1,1,0,0,0,0,0,2,1,1,1,1,1,0,1,1,0,0,0,0,1,0,8,15.8605937370416,58.7646006402265,25.3748056227319,"S/CSR","@rgb(40,150,65)","@rgb(0,0,0)","@rgb(0,128,0)","@symbol(4,512,0)"
"2491","Schizachyrium tenerum Nees","Andropogon tener","Poaceae","Poales","Lilianae","Monocot","Negreiros","perennial","graminoid",1,1,0,0,0,0,0,2,1,1,1,0,0,0,1,1,1,0,0,0,1,0,7,4.77364077406258,95.2263592259374,0,"S","@rgb(12,243,0)","@rgb(0,0,0)","@rgb(0,128,0)","@symbol(4,512,0)"
"2492","Schizolobium parahyba (Vell.) S.F. Blake","Schizolobium parahyba","Fabaceae","Fabales","Rosanae","Dicot","Wright","perennial","tree",0,1,0,0,0,0,0,1,1,1,0,0,0,0,1,0,0,0,0,0,0,0,3,75.657134588322,13.871262942439,10.471602469239,"C/CS","@rgb(193,35,27)","@rgb(255,255,255)","@rgb(128,0,0)","@symbol(3,512,0)"
"2493","Schoenoplectus lacustris (L.) Palla","Schoenoplectus lacustris","Cyperaceae","Poales","Lilianae","Monocot","Cerabolini","perennial","aquatic",0,0,1,0,0,0,0,1,0,0,0,1,1,1,0,1,0,1,0,1,0,0,6,91.5709352395741,8.42906476042591,0,"C","@rgb(234,21,0)","@rgb(192,192,192)","@rgb(0,0,255)","@symbol(5,512,0)"
"2494","Schoenoplectus mucronatus (L.) Palla","Schoenoplectiella mucronata","Cyperaceae","Poales","Lilianae","Monocot","Cerabolini","perennial","graminoid",0,0,1,1,1,1,0,4,1,1,0,1,1,0,1,1,0,1,0,1,0,0,8,30.1784396352052,64.0377245754739,5.78383578932084,"S/CS","@rgb(77,163,15)","@rgb(0,0,0)","@rgb(0,128,0)","@symbol(4,512,0)"
"2495","Schoenus ferrugineus L.","Schoenus ferrugineus","Cyperaceae","Poales","Lilianae","Monocot","Kleyer","perennial","graminoid",0,0,1,0,0,0,0,1,0,0,0,1,1,1,0,0,0,0,0,0,0,0,3,7.68225906237341,92.3177409376266,0,"S","@rgb(20,235,0)","@rgb(0,0,0)","@rgb(0,128,0)","@symbol(4,512,0)"
"2496","Schoenus nigricans L.","Schoenus nigricans","Cyperaceae","Poales","Lilianae","Monocot","Cerabolini","perennial","graminoid",1,1,1,1,0,0,0,4,1,0,1,1,1,0,1,0,0,1,0,1,1,0,8,16.5014205888174,71.8826312669704,11.6159481442122,"S/CS","@rgb(42,183,30)","@rgb(0,0,0)","@rgb(0,128,0)","@symbol(4,512,0)"
"2497","Scilla autumnalis L.","Prospero autumnale","Asparagaceae","Asparagales","Lilianae","Monocot","Kleyer","perennial","forb",0,0,1,0,0,0,0,1,0,0,0,1,0,0,0,0,0,0,0,1,0,0,2,27.6981757753879,0,72.3018242246121,"R/CR","@rgb(71,0,184)","@rgb(192,192,192)","@rgb(192,192,192)","@symbol(2,512,0)"
"2498","Scilla bifolia L.","Scilla bifolia","Asparagaceae","Asparagales","Lilianae","Monocot","Kleyer","perennial","forb",0,0,1,0,0,0,0,1,0,0,0,1,1,0,0,0,0,0,0,1,0,0,3,39.4366611783074,0,60.5633388216926,"CR","@rgb(101,0,154)","@rgb(192,192,192)","@rgb(192,192,192)","@symbol(2,512,0)"
"2499","Scilla siberica Haw.","Scilla siberica","Asparagaceae","Asparagales","Lilianae","Monocot","Kleyer","perennial","forb",0,0,1,0,0,0,0,1,0,0,0,1,0,0,0,0,0,0,0,0,1,0,2,28.7212549546043,0,71.2787450453957,"R/CR","@rgb(73,0,182)","@rgb(192,192,192)","@rgb(192,192,192)","@symbol(2,512,0)"
"2500","Scirpus atrocinctus Fernald","Scirpus atrocinctus","Cyperaceae","Poales","Lilianae","Monocot","Shipley","perennial","graminoid",1,0,0,0,0,0,0,1,0,0,0,1,1,1,0,0,0,0,0,0,0,0,3,38.357109324739,57.3665635361945,4.2763271390665,"CS","@rgb(98,146,11)","@rgb(0,0,0)","@rgb(0,128,0)","@symbol(4,512,0)"
"2501","Scirpus cespitosus L.","Trichophorum cespitosum","Cyperaceae","Poales","Lilianae","Monocot","Kleyer","perennial","graminoid",1,0,1,0,0,0,0,2,0,0,0,1,1,1,0,1,0,0,1,1,0,0,6,10.5362779860818,66.3585534115236,23.1051686023945,"S/SR","@rgb(27,169,59)","@rgb(0,0,0)","@rgb(0,128,0)","@symbol(4,512,0)"
"2502","Scirpus fluitans L.","Isolepis fluitans","Cyperaceae","Poales","Lilianae","Monocot","Kleyer","perennial","aquatic",0,0,1,1,1,1,0,4,1,0,0,1,1,0,1,1,0,1,0,1,1,0,8,0,27.0319528231804,72.9680471768196,"R/SR","@rgb(0,69,186)","@rgb(192,192,192)","@rgb(0,0,255)","@symbol(5,512,0)"
"2503","Scirpus hudsonianus (Michx.) Fernald","Trichophorum alpinum","Cyperaceae","Poales","Lilianae","Monocot","Kleyer","perennial","graminoid",1,0,1,0,0,0,0,2,0,0,0,1,1,1,0,1,0,0,1,0,0,0,5,8.25712092947703,91.742879070523,0,"S","@rgb(21,234,0)","@rgb(0,0,0)","@rgb(0,128,0)","@symbol(4,512,0)"
"2504","Scirpus lacustris L.","Schoenoplectus lacustris","Cyperaceae","Poales","Lilianae","Monocot","Kleyer","perennial","graminoid",0,0,1,1,1,0,0,3,1,0,0,1,1,1,0,1,0,1,0,1,1,0,8,83.3753235045879,0,16.6246764954121,"C/CR","@rgb(213,0,42)","@rgb(0,0,0)","@rgb(0,128,0)","@symbol(4,512,0)"
"2505","Scirpus maritimus L.","Bolboschoenus maritimus","Cyperaceae","Poales","Lilianae","Monocot","Díaz","perennial","graminoid",1,1,1,1,1,0,1,6,1,1,1,1,1,1,1,1,1,1,1,1,1,1,14,38.4237002894914,48.0232623532811,13.5530373572275,"CS/CSR","@rgb(98,122,35)","@rgb(0,0,0)","@rgb(0,128,0)","@symbol(4,512,0)"
"2506","Scirpus rubrotinctus Fernald","Scirpus microcarpus","Cyperaceae","Poales","Lilianae","Monocot","Shipley","perennial","graminoid",1,0,0,0,0,0,0,1,0,0,0,1,1,1,0,1,0,0,0,1,1,0,6,52.8360082061515,39.8468720776792,7.3171197161693,"CS","@rgb(135,102,19)","@rgb(0,0,0)","@rgb(0,128,0)","@symbol(4,512,0)"
"2507","Scirpus setaceus L.","Isolepis setacea","Cyperaceae","Poales","Lilianae","Monocot","Kleyer","perennial","graminoid",0,0,1,1,1,0,0,3,1,0,0,1,1,0,0,0,0,1,0,1,1,0,6,6.15402747369759,5.60072853163342,88.245243994669,"R","@rgb(16,14,225)","@rgb(0,0,0)","@rgb(0,128,0)","@symbol(4,512,0)"
"2508","Scirpus sylvaticus L.","Scirpus sylvaticus","Cyperaceae","Poales","Lilianae","Monocot","Kleyer","perennial","graminoid",0,0,1,0,0,0,0,1,0,0,0,1,1,1,0,1,0,0,0,1,0,0,5,52.7508868371155,27.0654410946976,20.1836720681869,"C/CSR","@rgb(135,69,51)","@rgb(0,0,0)","@rgb(0,128,0)","@symbol(4,512,0)"
"2509","Scleranthus annuus L.","Scleranthus annuus","Caryophyllaceae","Caryophyllales","Caryophyllanae","Dicot","Kleyer","annual","forb",0,0,1,0,0,0,0,1,0,0,0,1,1,1,0,1,0,0,1,1,0,0,6,0,0.689906596946303,99.3100934030537,"R","@rgb(0,2,253)","@rgb(192,192,192)","@rgb(192,192,192)","@symbol(2,512,0)"
"2510","Scleranthus perennis L.","Scleranthus perennis","Caryophyllaceae","Caryophyllales","Caryophyllanae","Dicot","Kleyer","perennial","forb",0,0,1,0,0,0,0,1,0,0,0,1,0,1,0,0,0,0,0,1,0,0,3,0,44.7558823967452,55.2441176032548,"SR","@rgb(0,114,141)","@rgb(192,192,192)","@rgb(192,192,192)","@symbol(2,512,0)"
"2511","Scleria oligantha Michx.","Scleria oligantha","Cyperaceae","Poales","Lilianae","Monocot","Weiher","perennial","graminoid",1,1,0,0,0,0,0,2,0,1,1,1,1,0,0,0,0,0,0,0,0,0,4,12.2569185337661,73.5290369640492,14.2140445021847,"S/SR","@rgb(31,187,36)","@rgb(0,0,0)","@rgb(0,128,0)","@symbol(4,512,0)"
"2512","Scorzonera austriaca Willd.","Scorzonera austriaca","Asteraceae","Asterales","Asteranae","Dicot","Cerabolini/Pierce","perennial","forb",0,0,1,0,0,0,0,1,0,0,0,1,1,0,0,0,0,1,0,1,0,0,4,46.7481355646957,29.4786124146272,23.7732520206771,"C/CSR","@rgb(119,75,61)","@rgb(192,192,192)","@rgb(192,192,192)","@symbol(2,512,0)"
"2513","Scorzonera cana O. Hoffm.","Scorzonera cana","Asteraceae","Asterales","Asteranae","Dicot","Soudzilovskaia","perennial","forb",0,0,1,0,0,0,0,1,0,0,0,1,0,0,0,1,0,0,0,0,0,0,2,22.351808423732,31.2328707898139,46.4153207864541,"R/CSR","@rgb(57,80,118)","@rgb(192,192,192)","@rgb(192,192,192)","@symbol(2,512,0)"
"2514","Scorzonera hispanica L.","Scorzonera hispanica","Asteraceae","Asterales","Asteranae","Dicot","Kleyer","perennial","forb",0,0,1,0,0,0,0,1,0,0,0,1,1,0,0,1,0,0,0,1,0,0,4,51.3414792926416,30.7616018455647,17.8969188617937,"C/CSR","@rgb(131,78,46)","@rgb(192,192,192)","@rgb(192,192,192)","@symbol(2,512,0)"
"2515","Scorzonera humilis L.","Scorzonera humilis","Asteraceae","Asterales","Asteranae","Dicot","Kleyer","perennial","forb",0,0,1,0,0,0,0,1,0,0,0,1,1,1,0,0,0,0,0,1,0,0,4,58.0800221523905,9.35434938593688,32.5656284616726,"C/CSR","@rgb(148,24,83)","@rgb(192,192,192)","@rgb(192,192,192)","@symbol(2,512,0)"
"2516","Scorzonera laciniata L.","Scorzonera laciniata","Asteraceae","Asterales","Asteranae","Dicot","Díaz","perennial","forb",0,0,1,0,0,0,0,1,0,0,0,1,1,0,0,0,0,0,0,1,0,0,3,25.7288958641505,28.9540180278273,45.3170861080223,"R/CSR","@rgb(66,74,116)","@rgb(192,192,192)","@rgb(192,192,192)","@symbol(2,512,0)"
"2517","Scrophularia canina L.","Scrophularia canina","Scrophulariaceae","Lamiales","Asteranae","Dicot","Kleyer","perennial","forb",0,0,1,0,0,0,0,1,0,0,0,1,1,0,0,0,0,0,0,1,0,0,3,35.853569418361,1.08806668511363,63.0583638965254,"R/CR","@rgb(91,3,161)","@rgb(192,192,192)","@rgb(192,192,192)","@symbol(2,512,0)"
"2518","Scrophularia lanceolata Pursh","Scrophularia lanceolata","Scrophulariaceae","Lamiales","Asteranae","Dicot","Weiher","perennial","forb",1,0,0,0,0,0,0,1,0,0,0,1,1,0,0,1,0,0,0,0,1,0,4,42.3094407637561,20.8725584709394,36.8180007653045,"CR/CSR","@rgb(108,53,94)","@rgb(192,192,192)","@rgb(192,192,192)","@symbol(2,512,0)"
"2519","Scrophularia nodosa L.","Scrophularia nodosa","Scrophulariaceae","Lamiales","Asteranae","Dicot","Cerabolini/Pierce","perennial","forb",0,0,1,0,0,0,0,1,0,0,0,1,1,1,0,0,0,0,1,1,0,0,5,44.9414473096603,0,55.0585526903397,"CR","@rgb(115,0,140)","@rgb(192,192,192)","@rgb(192,192,192)","@symbol(2,512,0)"
"2520","Scrophularia umbrosa L.","Scrophularia oblongifolia","Scrophulariaceae","Lamiales","Asteranae","Dicot","Kleyer","perennial","forb",0,0,1,0,0,0,0,1,0,0,0,1,0,0,0,0,0,0,0,1,0,0,2,49.7028924934617,0,50.2971075065383,"CR","@rgb(127,0,128)","@rgb(192,192,192)","@rgb(192,192,192)","@symbol(2,512,0)"
"2521","Scrophularia vernalis L.","Scrophularia vernalis","Scrophulariaceae","Lamiales","Asteranae","Dicot","Kleyer","perennial","forb",0,0,1,0,0,0,0,1,0,0,0,1,1,0,0,0,0,0,0,0,0,0,2,53.5011238108478,7.24560250614876,39.2532736830035,"CR","@rgb(136,18,100)","@rgb(192,192,192)","@rgb(192,192,192)","@symbol(2,512,0)"
"2522","Scutellaria galericulata L.","Scutellaria galericulata","Lamiaceae","Lamiales","Asteranae","Dicot","Kleyer","perennial","forb",1,0,1,0,0,0,0,2,0,0,0,1,1,1,0,1,0,1,1,1,1,0,8,14.7237502452294,23.3117663619778,61.9644833927927,"R/CSR","@rgb(38,59,158)","@rgb(192,192,192)","@rgb(192,192,192)","@symbol(2,512,0)"
"2523","Scutellaria hastifolia L.","Scutellaria hastifolia","Lamiaceae","Lamiales","Asteranae","Dicot","Kleyer","perennial","forb",0,0,1,0,0,0,0,1,0,0,0,1,0,1,0,0,0,0,0,0,0,0,2,6.72974431857303,29.1765648891018,64.0936907923252,"R/SR","@rgb(17,74,163)","@rgb(192,192,192)","@rgb(192,192,192)","@symbol(2,512,0)"
"2524","Scutellaria lateriflora L.","Scutellaria lateriflora","Lamiaceae","Lamiales","Asteranae","Dicot","Shipley","perennial","forb",1,0,0,0,0,0,0,1,0,0,0,1,1,1,0,1,0,0,0,0,0,0,4,13.7264481237083,39.5841936460282,46.6893582302634,"SR/CSR","@rgb(35,101,119)","@rgb(192,192,192)","@rgb(192,192,192)","@symbol(2,512,0)"
"2525","Scutellaria minor Huds.","Scutellaria minor","Lamiaceae","Lamiales","Asteranae","Dicot","Kleyer","perennial","forb",0,0,1,0,0,0,0,1,0,0,0,1,0,0,0,0,0,0,0,1,0,0,2,4.27149499124182,34.7930697401995,60.9354352685587,"R/SR","@rgb(11,89,155)","@rgb(192,192,192)","@rgb(192,192,192)","@symbol(2,512,0)"
"2526","Scutellaria parvula Michx.","Scutellaria parvula","Lamiaceae","Lamiales","Asteranae","Dicot","Reich","perennial","forb",1,0,0,0,0,0,0,1,0,0,0,1,0,0,0,1,0,0,0,0,0,0,2,3.41737177520506,59.8982859025421,36.6843423222528,"SR","@rgb(9,153,94)","@rgb(192,192,192)","@rgb(192,192,192)","@symbol(2,512,0)"
"2527","Securigera varia (L.) Lassen","Coronilla varia","Fabaceae","Fabales","Rosanae","Dicot","Cerabolini/Pierce","perennial","forb",0,0,1,0,0,0,0,1,0,0,0,1,1,0,0,1,0,0,0,1,1,0,5,21.8786648340066,0,78.1213351659934,"R/CR","@rgb(56,0,199)","@rgb(192,192,192)","@rgb(192,192,192)","@symbol(2,512,0)"
"2528","Sedum tenellum M. Bieb.","Sedum tenellum","Crassulaceae","Saxifragales","Myrothamnanae","Dicot","Soudzilovskaia","perennial","forb",0,0,1,0,0,0,0,1,0,0,0,1,0,0,0,1,0,0,0,1,0,0,3,0,66.893760068502,33.106239931498,"S/SR","@rgb(0,171,84)","@rgb(192,192,192)","@rgb(192,192,192)","@symbol(2,512,0)"
"2529","Selaginella selaginoides (L.) P. Beauv. ex Mart. & Schrank","Selaginella selaginoides","Selaginellaceae","Selaginellales",NA,"Fern","Kleyer","perennial","forb",1,0,1,0,0,0,0,2,0,0,0,1,1,1,0,1,0,0,1,1,0,0,6,0,58.041444150678,41.958555849322,"SR","@rgb(0,148,107)","@rgb(192,192,192)","@rgb(192,192,192)","@symbol(2,512,0)"
"2530","Selinum carvifolia (L.) L.","Selinum carvifolia","Apiaceae","Apiales","Asteranae","Dicot","Cerabolini","perennial","forb",0,0,1,0,0,0,0,1,0,0,0,1,1,1,0,0,0,0,0,1,0,0,4,17.8258235151052,49.4752763999731,32.6989000849217,"SR/CSR","@rgb(45,126,83)","@rgb(192,192,192)","@rgb(192,192,192)","@symbol(2,512,0)"
"2531","Senecio alpinus (L.) Scop.","Jacobaea alpina","Asteraceae","Asterales","Asteranae","Dicot","Cerabolini/Pierce","perennial","forb",0,0,1,0,0,0,0,1,0,0,0,1,1,0,0,0,0,0,0,0,0,0,2,60.4660303021605,8.0827896111102,31.4511800867293,"C/CR","@rgb(154,21,80)","@rgb(192,192,192)","@rgb(192,192,192)","@symbol(2,512,0)"
"2532","Senecio aquaticus Hill.","Jacobaea aquatica","Asteraceae","Asterales","Asteranae","Dicot","Kleyer","perennial","forb",0,0,1,0,0,0,0,1,0,0,0,1,1,1,0,0,0,0,0,1,0,0,4,50.2335063723267,0,49.7664936276733,"CR","@rgb(128,0,127)","@rgb(192,192,192)","@rgb(192,192,192)","@symbol(2,512,0)"
"2533","Senecio aurantiacus (Hoppe ex Willd.) Less.","Tephroseris integrifolia subsp. aurantiaca","Asteraceae","Asterales","Asteranae","Dicot","Soudzilovskaia","perennial","forb",0,0,1,0,0,0,0,1,0,0,0,1,0,0,0,0,0,0,0,0,0,0,1,43.266279841261,0,56.7337201587391,"CR","@rgb(110,0,145)","@rgb(192,192,192)","@rgb(192,192,192)","@symbol(2,512,0)"
"2534","Senecio eremophilus Richardson","Senecio eremophilus","Asteraceae","Asterales","Asteranae","Dicot","Laughlin","perennial","shrub",1,0,0,0,0,0,0,1,0,0,1,1,1,1,0,1,0,0,0,0,1,0,6,36.9850597805423,0,63.0149402194577,"R/CR","@rgb(94,0,161)","@rgb(192,192,192)","@rgb(0,0,0)","@symbol(6,512,0)"
"2535","Senecio germanicus Wallr.","Senecio nemorensis subsp. jacquinianus","Asteraceae","Asterales","Asteranae","Dicot","Kleyer","perennial","forb",0,0,1,0,0,0,0,1,0,0,0,1,1,0,0,0,0,0,0,0,0,0,2,60.5968327188658,0,39.4031672811342,"CR","@rgb(155,0,100)","@rgb(192,192,192)","@rgb(192,192,192)","@symbol(2,512,0)"
"2536","Senecio halleri Dandy","Jacobaea uniflora","Asteraceae","Asterales","Asteranae","Dicot","Cerabolini","perennial","forb",0,0,1,0,0,0,0,1,0,0,0,0,1,0,0,0,0,0,0,0,0,0,1,16.5204771314442,57.3215060941799,26.1580167743759,"S/CSR","@rgb(42,146,67)","@rgb(192,192,192)","@rgb(192,192,192)","@symbol(2,512,0)"
"2537","Senecio inaequidens DC.","Senecio inaequidens","Asteraceae","Asterales","Asteranae","Dicot","Buffa","perennial","shrub",0,0,0,1,0,0,0,1,1,0,0,0,0,0,1,0,0,1,0,1,1,0,5,32.4881003188141,0,67.5118996811859,"R/CR","@rgb(83,0,172)","@rgb(192,192,192)","@rgb(0,0,0)","@symbol(6,512,0)"
"2538","Senecio incanus L. incanus","Jacobaea incana","Asteraceae","Asterales","Asteranae","Dicot","Cerabolini/Pierce","perennial","forb",0,0,1,0,0,0,0,1,0,0,0,0,1,0,0,0,0,0,0,0,0,0,1,18.0311366144961,78.8507525051535,3.11811088035035,"S/CS","@rgb(46,201,8)","@rgb(192,192,192)","@rgb(192,192,192)","@symbol(2,512,0)"
"2539","Senecio kolenatianus C.A. Mey.","Senecio kolenatianus","Asteraceae","Asterales","Asteranae","Dicot","Soudzilovskaia","perennial","forb",0,0,1,0,0,0,0,1,0,0,0,1,0,0,0,1,0,0,0,0,0,0,2,48.6558675586581,0,51.344132441342,"CR","@rgb(124,0,131)","@rgb(192,192,192)","@rgb(192,192,192)","@symbol(2,512,0)"
"2540","Senecio nemorensis L.","Senecio nemorensis","Asteraceae","Asterales","Asteranae","Dicot","Kleyer","perennial","forb",0,0,1,0,1,0,0,2,1,0,0,1,1,0,0,0,0,0,0,1,0,0,4,58.8184362256283,0,41.1815637743717,"CR","@rgb(150,0,105)","@rgb(192,192,192)","@rgb(192,192,192)","@symbol(2,512,0)"
"2541","Senecio paludosus L.","Jacobaea paludosa","Asteraceae","Asterales","Asteranae","Dicot","Kleyer","perennial","forb",0,0,1,0,0,0,0,1,0,0,0,1,1,0,0,0,0,0,0,1,0,0,3,57.7514942760577,0,42.2485057239423,"CR","@rgb(147,0,108)","@rgb(192,192,192)","@rgb(192,192,192)","@symbol(2,512,0)"
"2542","Senecio pauperculus Michx.","Packera paupercula","Asteraceae","Asterales","Asteranae","Dicot","Weiher","perennial","forb",1,0,0,0,0,0,0,1,0,0,0,1,1,1,0,0,0,0,0,0,0,0,3,11.9676150345676,0,88.0323849654324,"R","@rgb(31,0,224)","@rgb(192,192,192)","@rgb(192,192,192)","@symbol(2,512,0)"
"2543","Senecio squalidus L.","Senecio squalidus","Asteraceae","Asterales","Asteranae","Dicot","Kleyer","perennial","forb",0,0,1,0,0,0,0,1,0,0,0,1,1,0,0,0,0,0,0,1,0,0,3,43.9561747044467,0,56.0438252955533,"CR","@rgb(112,0,143)","@rgb(192,192,192)","@rgb(192,192,192)","@symbol(2,512,0)"
"2544","Senecio taraxacifolius (M. Bieb.) DC.","Turanecio taraxacifolius","Asteraceae","Asterales","Asteranae","Dicot","Soudzilovskaia","perennial","forb",0,0,1,0,0,0,0,1,0,0,0,1,0,0,0,0,0,0,0,0,0,0,1,56.0066565337944,0,43.9933434662056,"CR","@rgb(143,0,112)","@rgb(192,192,192)","@rgb(192,192,192)","@symbol(2,512,0)"
"2545","Senecio vernalis Waldst. & Kit.","Senecio vernalis","Asteraceae","Asterales","Asteranae","Dicot","Kleyer","annual","forb",0,0,1,0,0,0,0,1,0,0,0,1,1,0,0,1,0,0,0,1,1,0,5,48.0539807860023,0,51.9460192139977,"CR","@rgb(123,0,132)","@rgb(192,192,192)","@rgb(192,192,192)","@symbol(2,512,0)"
"2546","Senecio vulgaris L.","Senecio vulgaris","Asteraceae","Asterales","Asteranae","Dicot","Cerabolini/Pierce","biennial","forb",0,0,1,0,0,0,0,1,1,0,0,1,1,1,0,0,0,1,1,1,0,0,7,39.2198519296545,0,60.7801480703455,"CR","@rgb(100,0,155)","@rgb(192,192,192)","@rgb(192,192,192)","@symbol(2,512,0)"
"2547","Senna aphylla (Cav.) H.S. Irwin & Barneby","Senna aphylla","Fabaceae","Fabales","Rosanae","Dicot","Díaz","perennial","shrub",0,1,0,0,0,0,0,1,0,1,0,0,0,0,0,1,0,1,0,0,0,0,3,11.0175369534759,88.9824630465241,0,"S","@rgb(28,227,0)","@rgb(192,192,192)","@rgb(0,0,0)","@symbol(6,512,0)"
"2548","Senna dariensis (Britton & Rose) H.S. Irwin & Barneby","Senna dariensis","Fabaceae","Fabales","Rosanae","Dicot","Wright","perennial","shrub",0,1,0,0,0,0,0,1,1,1,0,0,0,0,0,0,0,0,0,0,0,0,2,64.5245853468338,21.5369441510963,13.9384705020699,"C/CS","@rgb(165,55,36)","@rgb(192,192,192)","@rgb(0,0,0)","@symbol(6,512,0)"
"2549","Senna georgica H.S. Irwin & Barneby","Senna georgica","Fabaceae","Fabales","Rosanae","Dicot","Pinho","perennial","tree",0,1,0,0,0,0,0,1,1,1,0,0,0,0,1,0,0,0,0,0,1,0,4,34.4294437243685,42.4700594528762,23.1004968227553,"CS/CSR","@rgb(88,108,59)","@rgb(255,255,255)","@rgb(128,0,0)","@symbol(3,512,0)"
"2550","Senna macranthera (DC. ex Collad.) H.S. Irwin & Barneby","Senna macranthera","Fabaceae","Fabales","Rosanae","Dicot","Pinho","perennial","tree",0,1,0,0,0,0,0,1,1,1,0,0,0,0,1,0,0,0,0,0,1,0,4,18.7213061553049,56.9177661863251,24.3609276583699,"S/CSR","@rgb(48,145,62)","@rgb(255,255,255)","@rgb(128,0,0)","@symbol(3,512,0)"
"2551","Serapias vomeracea (Burm. f.) Briq.","Serapias vomeracea","Orchidaceae","Asparagales","Lilianae","Monocot","Cerabolini/Pierce2","perennial","forb",0,0,1,0,0,0,0,1,0,0,0,1,1,0,0,0,0,0,0,1,0,0,3,45.5839175339947,0,54.4160824660053,"CR","@rgb(116,0,139)","@rgb(192,192,192)","@rgb(192,192,192)","@symbol(2,512,0)"
"2552","Serjania circumvallata Radlk.","Serjania circumvallata","Sapindaceae","Sapindales","Rosanae","Dicot","Wright","perennial","liana",0,1,0,0,0,0,0,1,1,0,0,0,0,0,0,0,0,0,0,0,0,0,1,65.0002306994533,23.5430892809332,11.4566800196135,"C/CS","@rgb(166,60,29)","@rgb(128,128,128)","@rgb(128,128,128)","@symbol(3,512,0)"
"2553","Serjania mexicana (L.) Willd.","Serjania mexicana","Sapindaceae","Sapindales","Rosanae","Dicot","Wright","perennial","liana",1,1,0,0,0,0,0,2,1,1,1,0,0,0,1,0,0,0,0,0,0,0,4,60.1374711561674,30.3272193550678,9.53530948876488,"C/CS","@rgb(153,77,24)","@rgb(128,128,128)","@rgb(128,128,128)","@symbol(3,512,0)"
"2554","Serjania paucidentata DC.","Serjania paucidentata","Sapindaceae","Sapindales","Rosanae","Dicot","Wright","perennial","liana",0,1,0,0,0,0,0,1,1,0,0,0,0,0,0,0,0,0,0,0,0,0,1,50.8297938964815,35.5204965935129,13.6497095100055,"CS/CSR","@rgb(130,91,35)","@rgb(128,128,128)","@rgb(128,128,128)","@symbol(3,512,0)"
"2555","Serjania trachygona Radlk.","Serjania trachygona","Sapindaceae","Sapindales","Rosanae","Dicot","Wright","perennial","liana",0,1,0,0,0,0,0,1,1,0,0,0,0,0,0,0,0,0,0,0,0,0,1,49.9397039120801,41.4748061825022,8.58548990541763,"CS","@rgb(127,106,22)","@rgb(128,128,128)","@rgb(128,128,128)","@symbol(3,512,0)"
"2556","Serratula tinctoria L.","Serratula tinctoria","Asteraceae","Asterales","Asteranae","Dicot","Cerabolini/Pierce","perennial","forb",0,0,1,0,0,0,0,1,0,0,0,1,1,0,0,0,0,0,0,1,0,0,3,77.1206597227281,0.852544426934058,22.0267958503379,"C/CR","@rgb(197,2,56)","@rgb(192,192,192)","@rgb(192,192,192)","@symbol(2,512,0)"
"2557","Seseli alpinum M. Bieb.","Lomatocarum alpinum","Apiaceae","Apiales","Asteranae","Dicot","Soudzilovskaia","perennial","forb",0,0,1,0,0,0,0,1,0,0,0,1,0,0,0,1,0,0,0,0,0,0,2,27.1185107573153,44.157104079132,28.7243851635527,"S/CSR","@rgb(69,113,73)","@rgb(192,192,192)","@rgb(192,192,192)","@symbol(2,512,0)"
"2558","Seseli libanotis (L.) W.D.J. Koch","Seseli libanotis","Apiaceae","Apiales","Asteranae","Dicot","Kleyer","perennial","forb",0,0,1,0,0,0,0,1,0,0,0,1,1,1,0,0,0,0,0,1,0,0,4,70.4336341305124,2.86203133236628,26.7043345371213,"C/CR","@rgb(180,7,68)","@rgb(192,192,192)","@rgb(192,192,192)","@symbol(2,512,0)"
"2559","Seseli tortuosum L.","Seseli tortuosum","Apiaceae","Apiales","Asteranae","Dicot","Cerabolini","biennial","forb",0,0,1,0,0,0,0,1,0,0,0,1,0,0,0,1,0,0,0,1,0,0,3,45.6575624128711,54.3424375871289,0,"CS","@rgb(116,139,0)","@rgb(192,192,192)","@rgb(192,192,192)","@symbol(2,512,0)"
"2560","Sesleria albicans Kit. ex Schult.","Sesleria albicans","Poaceae","Poales","Lilianae","Monocot","Kleyer","perennial","graminoid",0,0,1,0,0,0,0,1,0,0,0,1,1,1,0,0,0,0,0,1,0,0,4,23.016915798893,48.4135938670105,28.5694903340965,"S/CSR","@rgb(59,123,73)","@rgb(0,0,0)","@rgb(0,128,0)","@symbol(4,512,0)"
"2561","Sesleria caerulea (L.) Ard. caerulea","Sesleria caerulea","Poaceae","Poales","Lilianae","Monocot","Cerabolini","perennial","graminoid",0,0,1,0,0,0,0,1,0,0,0,1,1,0,0,0,0,0,0,1,0,0,3,22.4941794760171,66.8605692853863,10.6452512385966,"S/CS","@rgb(57,170,27)","@rgb(0,0,0)","@rgb(0,128,0)","@symbol(4,512,0)"
"2562","Setaria faberi R.A.W. Herrm.","Setaria faberi","Poaceae","Poales","Lilianae","Monocot","Weiher","annual","graminoid",0,0,1,0,0,0,0,1,0,0,0,1,1,1,0,0,0,0,0,1,0,0,4,35.7295806229467,38.0217475534307,26.2486718236227,"CSR","@rgb(91,97,67)","@rgb(0,0,0)","@rgb(0,128,0)","@symbol(4,512,0)"
"2563","Setaria glauca (L.) P. Beauv.","Cenchrus americanus","Poaceae","Poales","Lilianae","Monocot","Weiher","annual","graminoid",0,0,0,1,0,0,0,1,0,0,0,0,0,0,1,0,0,0,0,0,1,0,2,23.8612636917754,40.3897710544683,35.7489652537562,"SR/CSR","@rgb(61,103,91)","@rgb(0,0,0)","@rgb(0,128,0)","@symbol(4,512,0)"
"2564","Setaria italica (L.) P. Beauv.","Setaria italica","Poaceae","Poales","Lilianae","Monocot","Kleyer","annual","graminoid",0,0,1,0,1,0,0,2,1,0,0,1,0,0,0,0,0,0,0,0,0,0,2,53.3751700930042,16.2906473076259,30.3341825993699,"C/CSR","@rgb(136,42,77)","@rgb(0,0,0)","@rgb(0,128,0)","@symbol(4,512,0)"
"2565","Setaria pumila (Poir.) Roem. & Schult.","Setaria pumila","Poaceae","Poales","Lilianae","Monocot","Cerabolini/Pierce","annual","graminoid",0,0,1,1,1,1,0,4,1,0,0,1,1,0,1,1,1,1,0,1,1,1,10,33.9299149757909,21.2785708189715,44.7915142052377,"CR/CSR","@rgb(87,54,114)","@rgb(0,0,0)","@rgb(0,128,0)","@symbol(4,512,0)"
"2566","Setaria sphacelata (Schumach.) Stapf & C.E. Hubb. ex M.B. Moss","Setaria sphacelata","Poaceae","Poales","Lilianae","Monocot","Buffa/Nyakunga","perennial","graminoid",0,0,0,1,0,0,0,1,1,0,0,0,0,0,1,0,1,1,0,1,1,1,7,31.3159712723044,44.9424287924207,23.7415999352749,"S/CSR","@rgb(80,115,61)","@rgb(0,0,0)","@rgb(0,128,0)","@symbol(4,512,0)"
"2567","Setaria verticillata (L.) P. Beauv.","Setaria verticillata","Poaceae","Poales","Lilianae","Monocot","Cerabolini","annual","graminoid",0,0,1,0,0,0,0,1,0,0,0,1,1,1,0,0,0,0,0,1,0,0,4,25.2280617541696,33.1737945007909,41.5981437450395,"CSR","@rgb(64,85,106)","@rgb(0,0,0)","@rgb(0,128,0)","@symbol(4,512,0)"
"2568","Setaria viridis (L.) P. Beauv.","Setaria viridis","Poaceae","Poales","Lilianae","Monocot","Kleyer","annual","graminoid",0,0,1,0,1,0,0,2,1,1,0,1,1,1,0,1,0,1,0,1,1,0,9,27.2971612252396,38.9734234402796,33.7294153344807,"CSR","@rgb(70,99,86)","@rgb(0,0,0)","@rgb(0,128,0)","@symbol(4,512,0)"
"2569","Shorea acuminata Dyer","Shorea acuminata","Dipterocarpaceae","Malvales","Rosanae","Dicot","SJ Wright Pasoh","perennial","tree",0,0,0,0,1,0,0,1,1,0,0,0,0,0,0,0,0,0,0,0,0,0,1,56.2008029243476,43.353516330079,0.445680745573457,"CS","@rgb(143,111,1)","@rgb(255,255,255)","@rgb(128,0,0)","@symbol(3,512,0)"
"2570","Shorea bracteolata Dyer","Shorea bracteolata","Dipterocarpaceae","Malvales","Rosanae","Dicot","SJ Wright Pasoh","perennial","tree",0,0,0,0,1,0,0,1,1,0,0,0,0,0,0,0,0,0,0,0,0,0,1,26.0936717307834,68.4032142202367,5.50311404897982,"S/CS","@rgb(67,174,14)","@rgb(255,255,255)","@rgb(128,0,0)","@symbol(3,512,0)"
"2571","Shorea lepidota Blume","Shorea lepidota","Dipterocarpaceae","Malvales","Rosanae","Dicot","SJ Wright Pasoh","perennial","tree",0,0,0,0,1,0,0,1,1,0,0,0,0,0,0,0,0,0,0,0,0,0,1,40.5127846178031,59.4872153821969,0,"CS","@rgb(103,152,0)","@rgb(255,255,255)","@rgb(128,0,0)","@symbol(3,512,0)"
"2572","Shorea leprosula Miq. ","Shorea leprosula","Dipterocarpaceae","Malvales","Rosanae","Dicot","SJ Wright Pasoh","perennial","tree",0,0,0,0,1,0,0,1,1,0,0,0,0,0,0,0,0,0,0,0,0,0,1,38.5766761975578,61.4233238024422,0,"CS","@rgb(98,157,0)","@rgb(255,255,255)","@rgb(128,0,0)","@symbol(3,512,0)"
"2573","Shorea macroptera Dyer","Shorea macroptera","Dipterocarpaceae","Malvales","Rosanae","Dicot","SJ Wright Pasoh","perennial","tree",0,0,0,0,1,0,0,1,1,0,0,0,0,0,0,0,0,0,0,0,0,0,1,33.8907856658889,66.1092143341111,0,"S/CS","@rgb(86,169,0)","@rgb(255,255,255)","@rgb(128,0,0)","@symbol(3,512,0)"
"2574","Shorea maxwelliana King","Shorea maxwelliana","Dipterocarpaceae","Malvales","Rosanae","Dicot","SJ Wright Pasoh","perennial","tree",0,0,0,0,1,0,0,1,1,0,0,0,0,0,0,0,0,0,0,0,0,0,1,36.892790628934,63.1072093710659,0,"S/CS","@rgb(94,161,0)","@rgb(255,255,255)","@rgb(128,0,0)","@symbol(3,512,0)"
"2575","Shorea ovalis Blume","Shorea ovalis","Dipterocarpaceae","Malvales","Rosanae","Dicot","SJ Wright Pasoh","perennial","tree",0,0,0,0,1,0,0,1,1,0,0,0,0,0,0,0,0,0,0,0,0,0,1,28.0216558949073,67.5858208774703,4.39252322762238,"S/CS","@rgb(71,172,11)","@rgb(255,255,255)","@rgb(128,0,0)","@symbol(3,512,0)"
"2576","Shorea pauciflora King","Shorea pauciflora","Dipterocarpaceae","Malvales","Rosanae","Dicot","SJ Wright Pasoh","perennial","tree",0,0,0,0,1,0,0,1,1,0,0,0,0,0,0,0,0,0,0,0,0,0,1,45.7397778943957,53.6634400842782,0.596782021326123,"CS","@rgb(117,137,2)","@rgb(255,255,255)","@rgb(128,0,0)","@symbol(3,512,0)"
"2577","Sibbaldia procumbens L.","Sibbaldia procumbens","Rosaceae","Rosales","Rosanae","Dicot","Kleyer","perennial","forb",1,0,1,0,0,0,0,2,0,0,0,1,1,1,0,0,0,1,1,1,1,0,7,7.90351054969347,69.2083389585679,22.8881504917387,"S/SR","@rgb(20,176,58)","@rgb(192,192,192)","@rgb(192,192,192)","@symbol(2,512,0)"
"2578","Sicyos angulatus L.","Sicyos angulatus","Cucurbitaceae","Cucurbitales","Rosanae","Dicot","Cerabolini","annual","forb",1,1,0,0,0,0,0,2,0,0,1,1,1,0,0,1,0,0,0,0,0,0,4,59.9093069865896,0,40.0906930134104,"CR","@rgb(153,0,102)","@rgb(192,192,192)","@rgb(192,192,192)","@symbol(2,512,0)"
"2579","Sigesbeckia orientalis L.","Sigesbeckia orientalis","Asteraceae","Asterales","Asteranae","Dicot","Kleyer","annual","forb",0,0,1,1,1,1,0,4,1,0,1,1,1,0,1,1,0,1,0,1,1,0,9,64.2363332735197,0,35.7636667264803,"C/CR","@rgb(164,0,91)","@rgb(192,192,192)","@rgb(192,192,192)","@symbol(2,512,0)"
"2580","Silene acaulis (L.) Jacq.","Silene acaulis","Caryophyllaceae","Caryophyllales","Caryophyllanae","Dicot","Kleyer","perennial","forb",1,0,1,0,0,0,0,2,0,0,0,1,1,1,0,0,0,0,1,1,0,0,5,0,27.3430675713366,72.6569324286634,"R/SR","@rgb(0,70,185)","@rgb(192,192,192)","@rgb(192,192,192)","@symbol(2,512,0)"
"2581","Silene alba (Mill.) E.H.L. Krause","Silene latifolia subsp. alba","Caryophyllaceae","Caryophyllales","Caryophyllanae","Dicot","Weiher","perennial","forb",0,0,1,0,0,0,0,1,0,0,0,1,1,0,0,0,0,0,0,1,0,0,3,30.9248168493167,0,69.0751831506833,"R/CR","@rgb(79,0,176)","@rgb(192,192,192)","@rgb(192,192,192)","@symbol(2,512,0)"
"2582","Silene armeria L.","Silene armeria","Caryophyllaceae","Caryophyllales","Caryophyllanae","Dicot","Kleyer","annual","forb",0,0,1,0,0,0,0,1,0,0,0,1,1,0,0,0,0,0,0,1,0,0,3,22.2120710984763,0,77.7879289015237,"R/CR","@rgb(57,0,198)","@rgb(192,192,192)","@rgb(192,192,192)","@symbol(2,512,0)"
"2583","Silene chlorantha (Willd.) Ehrh.","Silene chlorantha","Caryophyllaceae","Caryophyllales","Caryophyllanae","Dicot","Kleyer","perennial","forb",0,0,1,0,0,0,0,1,0,0,0,1,0,0,0,1,0,0,0,0,0,0,2,19.576343358431,61.8174478500194,18.6062087915496,"S/CSR","@rgb(50,158,47)","@rgb(192,192,192)","@rgb(192,192,192)","@symbol(2,512,0)"
"2584","Silene colorata Poiret canescens (Ten.) Cif. et Giac.","Silene colorata subsp. colorata","Caryophyllaceae","Caryophyllales","Caryophyllanae","Dicot","Cerabolini","annual","forb",0,0,1,1,0,0,0,2,0,0,0,1,0,0,0,0,0,0,0,1,1,0,3,17.5732735913482,0,82.4267264086518,"R/CR","@rgb(45,0,210)","@rgb(192,192,192)","@rgb(192,192,192)","@symbol(2,512,0)"
"2585","Silene cretica L.","Silene cretica","Caryophyllaceae","Caryophyllales","Caryophyllanae","Dicot","Kleyer","annual","forb",0,0,1,0,0,0,0,1,0,0,0,0,0,0,0,0,0,0,0,1,0,0,1,25.0856124354618,0,74.9143875645382,"R/CR","@rgb(64,0,191)","@rgb(192,192,192)","@rgb(192,192,192)","@symbol(2,512,0)"
"2586","Silene dichotoma Ehrh.","Silene dichotoma","Caryophyllaceae","Caryophyllales","Caryophyllanae","Dicot","Kleyer","annual","forb",0,0,1,0,0,0,0,1,0,0,0,1,0,0,0,1,0,0,0,1,0,0,3,39.2392216237484,0,60.7607783762516,"CR","@rgb(100,0,155)","@rgb(192,192,192)","@rgb(192,192,192)","@symbol(2,512,0)"
"2587","Silene dioica (L.) Clairv.","Silene dioica","Caryophyllaceae","Caryophyllales","Caryophyllanae","Dicot","Díaz","perennial","forb",0,0,1,0,0,0,0,1,0,0,0,1,1,0,0,0,0,0,0,0,0,0,2,49.5614835319946,0,50.4385164680054,"CR","@rgb(126,0,129)","@rgb(192,192,192)","@rgb(192,192,192)","@symbol(2,512,0)"
"2588","Silene elisabethae Jan","Silene elisabethae","Caryophyllaceae","Caryophyllales","Caryophyllanae","Dicot","Cerabolini","perennial","forb",0,0,1,0,0,0,0,1,0,0,0,0,1,0,0,0,0,0,0,0,0,0,1,50.1215851243033,14.0563307520129,35.8220841236838,"CR/CSR","@rgb(128,36,91)","@rgb(192,192,192)","@rgb(192,192,192)","@symbol(2,512,0)"
"2589","Silene flos-cuculi (L.) Clairv.","Silene flos-cuculi","Caryophyllaceae","Caryophyllales","Caryophyllanae","Dicot","Cerabolini/Pierce","perennial","forb",0,0,1,0,0,0,0,1,0,0,0,1,1,1,0,0,0,0,1,1,0,0,5,42.1690798838185,5.81393562163582,52.0169844945457,"CR","@rgb(108,15,133)","@rgb(192,192,192)","@rgb(192,192,192)","@symbol(2,512,0)"
"2590","Silene gallica L.","Silene gallica","Caryophyllaceae","Caryophyllales","Caryophyllanae","Dicot","Kleyer","biennial","forb",0,0,1,0,0,0,0,1,0,0,0,1,1,0,0,0,0,0,0,1,0,0,3,22.9325545147115,6.01334877771619,71.0540967075723,"R/CR","@rgb(58,15,181)","@rgb(192,192,192)","@rgb(192,192,192)","@symbol(2,512,0)"
"2591","Silene italica (L.) Pers.","Silene italica","Caryophyllaceae","Caryophyllales","Caryophyllanae","Dicot","Díaz","perennial","forb",0,0,1,0,0,0,0,1,0,0,0,1,1,0,0,1,0,0,0,1,0,0,4,33.1785847062339,32.6765153554135,34.1448999383526,"CSR","@rgb(85,83,87)","@rgb(192,192,192)","@rgb(192,192,192)","@symbol(2,512,0)"
"2592","Silene linicola C.C. Gmel.","Silene linicola","Caryophyllaceae","Caryophyllales","Caryophyllanae","Dicot","Kleyer","annual","forb",0,0,1,0,0,0,0,1,0,0,0,1,0,0,0,0,0,0,0,0,0,0,1,29.6151371160828,0,70.3848628839172,"R/CR","@rgb(76,0,179)","@rgb(192,192,192)","@rgb(192,192,192)","@symbol(2,512,0)"
"2593","Silene nivea (Nutt.) Muhl. ex Otth","Silene nivea","Caryophyllaceae","Caryophyllales","Caryophyllanae","Dicot","Shipley","perennial","forb",1,0,0,0,0,0,0,1,0,0,0,1,0,0,0,1,0,0,0,0,0,0,2,8.49405127630835,14.3596924624242,77.1462562612675,"R/SR","@rgb(22,37,197)","@rgb(192,192,192)","@rgb(192,192,192)","@symbol(2,512,0)"
"2594","Silene nutans L. nutans","Silene nutans subsp. nutans","Caryophyllaceae","Caryophyllales","Caryophyllanae","Dicot","Cerabolini/Pierce","perennial","forb",0,0,1,0,0,0,0,1,0,0,0,1,1,1,0,0,0,0,0,1,0,0,4,40.3569388031096,1.98282907026699,57.6602321266234,"CR","@rgb(103,5,147)","@rgb(192,192,192)","@rgb(192,192,192)","@symbol(2,512,0)"
"2595","Silene otites (L.) Wibel","Silene otites","Caryophyllaceae","Caryophyllales","Caryophyllanae","Dicot","Cerabolini/Pierce","perennial","forb",0,0,1,0,0,0,0,1,0,0,0,1,1,0,0,1,0,0,0,1,0,0,4,29.4067814197276,66.7171685345124,3.87605004575997,"S/CS","@rgb(75,170,10)","@rgb(192,192,192)","@rgb(192,192,192)","@symbol(2,512,0)"
"2596","Silene rupestris L.","Silene rupestris","Caryophyllaceae","Caryophyllales","Caryophyllanae","Dicot","Kleyer","perennial","forb",0,0,1,0,0,0,0,1,0,0,0,1,1,1,0,0,0,0,1,1,0,0,5,8.33971937796294,13.3508221432345,78.3094584788026,"R/SR","@rgb(21,34,200)","@rgb(192,192,192)","@rgb(192,192,192)","@symbol(2,512,0)"
"2597","Silene saxatilis Sims","Silene saxatilis","Caryophyllaceae","Caryophyllales","Caryophyllanae","Dicot","Soudzilovskaia","perennial","forb",0,0,1,0,0,0,0,1,0,0,0,1,1,0,0,1,0,0,0,0,0,0,3,20.3505303370156,24.4971748866459,55.1522947763384,"R/CSR","@rgb(52,62,141)","@rgb(192,192,192)","@rgb(192,192,192)","@symbol(2,512,0)"
"2598","Silene vulgaris (Moench) Garcke vulgaris","Silene vulgaris subsp. vulgaris","Caryophyllaceae","Caryophyllales","Caryophyllanae","Dicot","Cerabolini/Pierce","perennial","forb",0,0,1,0,0,0,0,1,0,0,0,1,1,1,0,1,0,1,1,1,0,0,7,45.2032711453144,0,54.7967288546856,"CR","@rgb(115,0,140)","@rgb(192,192,192)","@rgb(192,192,192)","@symbol(2,512,0)"
"2599","Silphium laciniatum L.","Silphium laciniatum","Asteraceae","Asterales","Asteranae","Dicot","Weiher","perennial","forb",1,0,0,0,0,0,0,1,0,0,0,1,1,0,0,1,0,0,0,0,0,0,3,37.0925292109361,62.9074707890639,0,"S/CS","@rgb(95,160,0)","@rgb(192,192,192)","@rgb(192,192,192)","@symbol(2,512,0)"
"2600","Silphium terebinthinaceum Jacq.","Silphium terebinthinaceum","Asteraceae","Asterales","Asteranae","Dicot","Weiher","perennial","forb",1,0,0,0,0,0,0,1,0,0,0,1,0,0,0,1,0,0,0,0,0,0,2,51.0630892425697,48.9369107574303,0,"CS","@rgb(130,125,0)","@rgb(192,192,192)","@rgb(192,192,192)","@symbol(2,512,0)"
"2601","Simarouba amara Aubl.","Simarouba amara","Simaroubaceae","Sapindales","Rosanae","Dicot","Wright","perennial","tree",0,1,0,0,0,0,0,1,1,1,1,0,0,0,1,0,1,0,0,0,1,0,6,56.4966134229926,33.0132084619473,10.4901781150601,"C/CSR","@rgb(144,84,27)","@rgb(255,255,255)","@rgb(128,0,0)","@symbol(3,512,0)"
"2602","Sinapis alba L.","Sinapis alba","Brassicaceae","Brassicales","Rosanae","Dicot","Kleyer","annual","forb",0,0,1,0,0,0,0,1,0,0,0,1,1,1,0,0,0,0,1,1,0,0,5,61.0005133787658,0,38.9994866212342,"CR","@rgb(156,0,99)","@rgb(192,192,192)","@rgb(192,192,192)","@symbol(2,512,0)"
"2603","Sindora coriacea (Baker) Prain","Sindora coriacea","Fabaceae","Fabales","Rosanae","Dicot","SJ Wright Pasoh","perennial","tree",0,0,0,0,1,0,0,1,1,0,0,0,0,0,0,0,0,0,0,0,0,0,1,36.9333592927439,62.9649310327138,0.101709674542251,"S/CS","@rgb(94,161,0)","@rgb(255,255,255)","@rgb(128,0,0)","@symbol(3,512,0)"
"2604","Siparuna guianensis Aubl.","Siparuna guianensis","Siparunaceae","Laurales","Magnolianae","Dicot","Wright","perennial","tree",0,1,0,0,0,0,0,1,1,1,0,0,0,0,1,0,0,0,0,0,0,0,3,66.388353640357,17.7135970844319,15.898049275211,"C/CS","@rgb(169,45,41)","@rgb(255,255,255)","@rgb(128,0,0)","@symbol(3,512,0)"
"2605","Siparuna pauciflora","Siparuna pauciflora","Siparunaceae","Laurales","Magnolianae","Dicot","Wright","perennial","tree",0,1,0,0,0,0,0,1,1,0,0,0,0,0,0,0,0,0,0,0,0,0,1,76.5532527116285,7.88305341917462,15.5636938691969,"C/CR","@rgb(195,20,40)","@rgb(255,255,255)","@rgb(128,0,0)","@symbol(3,512,0)"
"2606","Siphanthera arenaria (DC.) Cogn.","Siphanthera arenaria","Melastomataceae","Myrtales","Rosanae","Dicot","Negreiros","perennial","forb",0,1,0,0,0,0,0,1,1,0,0,0,0,0,1,0,0,0,0,0,0,0,2,0,100,0,"S","@rgb(0,255,0)","@rgb(192,192,192)","@rgb(192,192,192)","@symbol(2,512,0)"
"2607","Sisymbrium altissimum L.","Sisymbrium altissimum","Brassicaceae","Brassicales","Rosanae","Dicot","Kleyer","biennial","forb",0,0,1,0,0,0,0,1,0,0,0,1,0,0,0,1,0,1,0,1,1,0,5,65.0578209201337,0,34.9421790798662,"C/CR","@rgb(166,0,89)","@rgb(192,192,192)","@rgb(192,192,192)","@symbol(2,512,0)"
"2608","Sisymbrium loeselii L.","Sisymbrium loeselii","Brassicaceae","Brassicales","Rosanae","Dicot","Kleyer","annual","forb",0,0,1,0,1,0,0,2,0,0,0,1,1,0,0,1,0,1,0,1,1,0,6,47.9502759400013,17.3313163753929,34.7184076846058,"CR/CSR","@rgb(122,44,89)","@rgb(192,192,192)","@rgb(192,192,192)","@symbol(2,512,0)"
"2609","Sisyrinchium albidum Raf.","Sisyrinchium albidum","Iridaceae","Asparagales","Lilianae","Monocot","Weiher","perennial","forb",1,0,0,0,0,0,0,1,0,0,0,1,1,0,0,1,0,0,0,0,0,0,3,9.93324789545709,71.4866435026062,18.5801086019367,"S/SR","@rgb(25,182,47)","@rgb(192,192,192)","@rgb(192,192,192)","@symbol(2,512,0)"
"2610","Sisyrinchium pendulum Ravenna","Sisyrinchium pendulum","Iridaceae","Asparagales","Lilianae","Monocot","Weiher","perennial","forb",0,1,0,0,0,0,0,1,1,0,0,0,0,0,0,0,0,0,0,0,0,0,1,15.6526627044264,63.0833717145159,21.2639655810577,"S/CSR","@rgb(40,161,54)","@rgb(192,192,192)","@rgb(192,192,192)","@symbol(2,512,0)"
"2611","Sium latifolium L.","Sium latifolium","Apiaceae","Apiales","Asteranae","Dicot","Kleyer","perennial","aquatic",0,0,1,0,0,0,0,1,0,0,0,1,0,1,0,0,0,0,0,1,0,0,3,64.1598287938897,0,35.8401712061103,"C/CR","@rgb(164,0,91)","@rgb(192,192,192)","@rgb(0,0,255)","@symbol(5,512,0)"
"2612","Sloanea guianensis (Aubl.) Benth.","Sloanea guianensis","Elaeocarpaceae","Oxalidales","Rosanae","Dicot","Pinho","perennial","tree",0,1,0,0,0,0,0,1,1,0,0,0,0,0,1,0,0,0,0,0,0,0,2,37.6399388455231,50.4193460869224,11.9407150675545,"CS/CSR","@rgb(96,129,30)","@rgb(255,255,255)","@rgb(128,0,0)","@symbol(3,512,0)"
"2613","Sloanea terniflora (DC.) Standl.","Sloanea terniflora","Elaeocarpaceae","Oxalidales","Rosanae","Dicot","Wright","perennial","tree",0,1,0,0,0,0,0,1,1,1,1,0,0,0,1,0,0,0,0,0,0,0,4,31.6111767335885,57.923731473524,10.4650917928875,"S/CSR","@rgb(81,148,27)","@rgb(255,255,255)","@rgb(128,0,0)","@symbol(3,512,0)"
"2614","Smilax lasioneura Hook.","Smilax lasioneura","Smilacaceae","Liliales","Lilianae","Monocot","Weiher","perennial","herbaceous vine",1,0,0,0,0,0,0,1,0,0,0,1,0,0,0,1,0,0,0,0,0,0,2,40.4552020920067,23.1819599418109,36.3628379661823,"CR/CSR","@rgb(103,59,93)","@rgb(0,0,0)","@rgb(0,255,0)","@symbol(3,512,0)"
"2615","Smyrnium perfoliatum L.","Smyrnium perfoliatum","Apiaceae","Apiales","Asteranae","Dicot","Kleyer","biennial","forb",0,0,1,0,0,0,0,1,0,0,0,1,0,0,0,1,0,0,0,1,0,0,3,48.0639333515429,22.5395336820583,29.3965329663988,"C/CSR","@rgb(123,57,75)","@rgb(192,192,192)","@rgb(192,192,192)","@symbol(2,512,0)"
"2616","Solanum asperum Rich.","Solanum asperum","Solanaceae","Solanales","Asteranae","Dicot","Wright","perennial","shrub",0,1,0,0,0,0,0,1,1,1,0,0,0,0,1,0,0,0,0,0,0,0,3,36.450989136606,28.3683906014919,35.1806202619021,"CSR","@rgb(93,72,90)","@rgb(192,192,192)","@rgb(0,0,0)","@symbol(6,512,0)"
"2617","Solanum circinatum Bohs","Solanum splendens","Solanaceae","Solanales","Asteranae","Dicot","Wright","perennial","shrub",0,1,0,0,0,0,0,1,1,1,0,0,0,0,1,0,0,0,0,0,0,0,3,68.1341274255274,11.6229227591026,20.24294981537,"C/CR","@rgb(174,30,52)","@rgb(192,192,192)","@rgb(0,0,0)","@symbol(6,512,0)"
"2618","Solanum dulcamara L.","Solanum dulcamara","Solanaceae","Solanales","Asteranae","Dicot","Cerabolini/Pierce","perennial","tree",0,0,1,0,1,0,0,2,0,0,0,1,1,1,0,1,0,1,0,1,1,0,7,38.7729494746847,1.83237468004409,59.3946758452713,"CR","@rgb(99,5,151)","@rgb(255,255,255)","@rgb(128,0,0)","@symbol(3,512,0)"
"2619","Solanum hayesii Fernald","Solanum hayesii","Solanaceae","Solanales","Asteranae","Dicot","Wright","perennial","tree",0,1,0,0,0,0,0,1,1,1,0,0,0,0,0,0,0,0,0,0,0,0,2,74.8871206450299,14.2374235435997,10.8754558113704,"C/CS","@rgb(191,36,28)","@rgb(255,255,255)","@rgb(128,0,0)","@symbol(3,512,0)"
"2620","Solanum lancaeifolium Jacq.","Solanum lanceifolium","Solanaceae","Solanales","Asteranae","Dicot","Wright","perennial","herbaceous vine",1,1,0,0,0,0,0,2,1,1,1,0,0,0,0,0,0,0,0,0,1,0,4,57.0415946901077,29.5694776871417,13.3889276227506,"C/CSR","@rgb(145,75,34)","@rgb(0,0,0)","@rgb(0,255,0)","@symbol(3,512,0)"
"2621","Solanum paludosum Moric.","Solanum paludosum","Solanaceae","Solanales","Asteranae","Dicot","Pinho","perennial","shrub",0,1,0,0,0,0,0,1,1,0,0,0,0,0,0,0,0,0,0,0,0,0,1,39.7481196774968,57.3184846762448,2.9333956462584,"CS","@rgb(101,146,7)","@rgb(192,192,192)","@rgb(0,0,0)","@symbol(6,512,0)"
"2622","Solanum paniculatum L.","Solanum paniculatum","Solanaceae","Solanales","Asteranae","Dicot","Pinho","perennial","shrub",0,1,0,0,0,0,0,1,1,1,0,0,0,0,1,0,0,0,0,0,1,0,4,57.1404616522915,36.8370414763369,6.02249687137159,"CS","@rgb(146,94,15)","@rgb(192,192,192)","@rgb(0,0,0)","@symbol(6,512,0)"
"2623","Solanum steyermarkii Carvalho","Solanum steyermarkii","Solanaceae","Solanales","Asteranae","Dicot","Wright","perennial","shrub",0,1,0,0,0,0,0,1,1,0,0,0,0,0,0,0,0,0,0,0,0,0,1,45.1179514317218,24.3337513244582,30.54829724382,"C/CSR","@rgb(115,62,78)","@rgb(192,192,192)","@rgb(0,0,0)","@symbol(6,512,0)"
"2624","Solanum tuberosum L.","Solanum tuberosum","Solanaceae","Solanales","Asteranae","Dicot","Kleyer","perennial","forb",0,1,0,0,0,0,0,1,1,0,0,0,0,0,0,0,0,1,0,0,0,0,2,73.3125206720655,0,26.6874793279345,"C/CR","@rgb(187,0,68)","@rgb(192,192,192)","@rgb(192,192,192)","@symbol(2,512,0)"
"2625","Soldanella alpina L.","Soldanella alpina","Primulaceae","Ericales","Asteranae","Dicot","Cerabolini","perennial","forb",0,0,1,0,0,0,0,1,0,0,0,1,1,0,0,0,0,0,0,1,0,0,3,19.9615742343501,72.0639486482418,7.97447711740812,"S/CS","@rgb(51,184,20)","@rgb(192,192,192)","@rgb(192,192,192)","@symbol(2,512,0)"
"2626","Soldanella pusilla Baumg. alpicola (F. K. Mey.) Chrtek","Soldanella pusilla subsp. alpicola","Primulaceae","Ericales","Asteranae","Dicot","Cerabolini/Pierce","perennial","forb",0,0,1,0,0,0,0,1,0,0,0,0,1,0,0,0,0,0,0,0,0,0,1,6.4466056772382,61.103844105507,32.4495502172548,"S/SR","@rgb(16,156,83)","@rgb(192,192,192)","@rgb(192,192,192)","@symbol(2,512,0)"
"2627","Solidago canadensis L.","Solidago canadensis","Asteraceae","Asterales","Asteranae","Dicot","Cerabolini/Pierce","perennial","forb",1,0,0,0,0,0,0,1,0,0,0,1,1,1,0,1,0,0,1,0,0,0,5,36.7313797145692,40.2170183032718,23.051601982159,"CS/CSR","@rgb(94,103,59)","@rgb(192,192,192)","@rgb(192,192,192)","@symbol(2,512,0)"
"2628","Solidago gigantea Aiton serotina (O. Kuntze) McNeill","Solidago gigantea","Asteraceae","Asterales","Asteranae","Dicot","Cerabolini/Pierce","perennial","forb",1,0,0,0,0,0,0,1,0,0,0,1,1,1,0,1,0,0,0,0,1,0,5,31.8069238569522,54.0724747756934,14.1206013673544,"S/CSR","@rgb(81,138,36)","@rgb(192,192,192)","@rgb(192,192,192)","@symbol(2,512,0)"
"2629","Solidago graminifolia (L.) Salisb.","Euthamia graminifolia","Asteraceae","Asterales","Asteranae","Dicot","Shipley","perennial","forb",1,0,0,0,0,0,0,1,0,0,0,1,1,1,0,1,0,0,0,0,0,0,4,25.9913597060218,68.7103116493266,5.29832864465165,"S/CS","@rgb(66,175,14)","@rgb(192,192,192)","@rgb(192,192,192)","@symbol(2,512,0)"
"2630","Solidago juncea Aiton","Solidago juncea","Asteraceae","Asterales","Asteranae","Dicot","Siefert","perennial","forb",1,0,0,0,0,0,0,1,0,0,0,1,0,1,0,1,0,0,0,0,0,0,3,33.7208164133197,49.9550536272812,16.3241299593991,"CS/CSR","@rgb(86,127,42)","@rgb(192,192,192)","@rgb(192,192,192)","@symbol(2,512,0)"
"2631","Solidago nana Nutt.","Solidago nana","Asteraceae","Asterales","Asteranae","Dicot","Laughlin","perennial","forb",1,0,0,0,0,0,0,1,0,0,0,0,1,0,0,1,0,0,0,0,0,0,2,11.0895438584527,74.2426671776584,14.6677889638889,"S/SR","@rgb(28,189,37)","@rgb(192,192,192)","@rgb(192,192,192)","@symbol(2,512,0)"
"2632","Solidago nemoralis Aiton","Solidago nemoralis","Asteraceae","Asterales","Asteranae","Dicot","Reich","perennial","forb",1,0,0,0,0,0,0,1,0,0,0,1,1,0,0,1,0,0,0,0,0,0,3,19.8099288327319,46.7642563518094,33.4258148154587,"SR/CSR","@rgb(51,119,85)","@rgb(192,192,192)","@rgb(192,192,192)","@symbol(2,512,0)"
"2633","Solidago rigida L.","Solidago rigida","Asteraceae","Asterales","Asteranae","Dicot","Weiher","perennial","forb",1,0,0,0,0,0,0,1,0,0,0,1,1,0,0,1,0,0,0,0,0,0,3,53.6161306736493,39.2175303917852,7.16633893456547,"CS","@rgb(137,100,18)","@rgb(192,192,192)","@rgb(192,192,192)","@symbol(2,512,0)"
"2634","Solidago rugosa Mill.","Solidago rugosa","Asteraceae","Asterales","Asteranae","Dicot","Shipley","perennial","forb",1,0,0,0,0,0,0,1,0,0,0,1,1,1,0,1,0,0,0,0,0,0,4,26.0512638513281,42.3413400820723,31.6073960665996,"CSR","@rgb(66,108,81)","@rgb(192,192,192)","@rgb(192,192,192)","@symbol(2,512,0)"
"2635","Solidago sciaphila E.S. Steele","Solidago sciaphila","Asteraceae","Asterales","Asteranae","Dicot","Shipley","perennial","forb",1,0,0,0,0,0,0,1,0,0,0,0,0,0,0,1,0,0,0,0,0,0,1,22.5424158112177,30.3439562339123,47.11362795487,"R/CSR","@rgb(57,77,120)","@rgb(192,192,192)","@rgb(192,192,192)","@symbol(2,512,0)"
"2636","Solidago velutina DC.","Solidago velutina","Asteraceae","Asterales","Asteranae","Dicot","Laughlin","perennial","shrub",1,1,0,0,0,0,0,2,0,1,1,0,1,1,0,1,0,0,0,1,1,0,7,16.5611762848246,71.0100572160247,12.4287664991507,"S/CS","@rgb(42,181,32)","@rgb(192,192,192)","@rgb(0,0,0)","@symbol(6,512,0)"
"2637","Solidago virgaurea L. virgaurea","Solidago virgaurea subsp. virgaurea","Asteraceae","Asterales","Asteranae","Dicot","Cerabolini/Pierce","perennial","forb",0,0,1,0,1,0,0,2,0,0,1,1,1,1,0,0,0,1,1,1,1,0,8,31.1221817819259,46.8586747362306,22.0191434818435,"S/CSR","@rgb(79,119,56)","@rgb(192,192,192)","@rgb(192,192,192)","@symbol(2,512,0)"
"2638","Sonchus arvensis L.","Sonchus arvensis","Asteraceae","Asterales","Asteranae","Dicot","Shipley","perennial","forb",0,0,1,0,1,0,0,2,1,0,0,1,1,1,0,1,0,1,1,1,0,0,8,13.1063966408865,56.8632557326579,30.0303476264556,"S/CSR","@rgb(33,145,77)","@rgb(192,192,192)","@rgb(192,192,192)","@symbol(2,512,0)"
"2639","Sonchus asper (L.) Hill asper","Sonchus asper subsp. asper","Asteraceae","Asterales","Asteranae","Dicot","Cerabolini/Pierce","perennial","forb",0,0,1,1,1,0,0,3,1,1,1,1,1,1,1,1,1,1,1,1,1,0,13,78.600173760438,0,21.3998262395621,"C/CR","@rgb(200,0,55)","@rgb(192,192,192)","@rgb(192,192,192)","@symbol(2,512,0)"
"2640","Sonchus oleraceus L.","Sonchus oleraceus","Asteraceae","Asterales","Asteranae","Dicot","Kleyer","perennial","forb",0,0,1,1,1,0,0,3,1,1,1,1,1,1,1,1,1,1,1,1,1,0,13,60.2979073711509,0,39.7020926288491,"CR","@rgb(154,0,101)","@rgb(192,192,192)","@rgb(192,192,192)","@symbol(2,512,0)"
"2641","Sonchus palustris L.","Sonchus palustris","Asteraceae","Asterales","Asteranae","Dicot","Kleyer","perennial","forb",0,0,1,0,0,0,0,1,0,0,0,1,0,1,0,1,0,1,0,1,0,0,5,55.501114300351,8.98498874582197,35.513896953827,"CR","@rgb(142,23,91)","@rgb(192,192,192)","@rgb(192,192,192)","@symbol(2,512,0)"
"2642","Sorbaria sorbifolia (L.) A. Braun","Sorbaria sorbifolia","Rosaceae","Rosales","Rosanae","Dicot","Cerabolini/Pierce","perennial","tree",0,0,1,0,0,0,0,1,0,0,0,1,1,1,0,0,0,1,0,0,0,0,4,64.0493615591974,20.6915696001933,15.2590688406092,"C/CSR","@rgb(163,53,39)","@rgb(255,255,255)","@rgb(128,0,0)","@symbol(3,512,0)"
"2643","Sorbus aria (L.) Crantz","Sorbus aria","Rosaceae","Rosales","Rosanae","Dicot","Cerabolini/Pierce","perennial","tree",0,0,1,0,0,0,0,1,0,0,0,1,1,1,0,0,0,0,0,1,0,0,4,39.9149383580287,45.1095053843571,14.9755562576142,"CS/CSR","@rgb(102,115,38)","@rgb(255,255,255)","@rgb(128,0,0)","@symbol(3,512,0)"
"2644","Sorbus aucuparia L.","Sorbus aucuparia","Rosaceae","Rosales","Rosanae","Dicot","Cerabolini/Pierce","perennial","tree",0,0,1,0,0,0,0,1,0,0,0,1,1,1,0,1,0,0,1,1,0,0,6,53.0060489573427,39.2878937722233,7.706057270434,"CS","@rgb(135,100,20)","@rgb(255,255,255)","@rgb(128,0,0)","@symbol(3,512,0)"
"2645","Sorbus intermedia (Ehrh.) Pers.","Sorbus intermedia","Rosaceae","Rosales","Rosanae","Dicot","Kleyer","perennial","tree",0,0,1,0,0,0,0,1,0,0,0,1,1,1,0,0,0,0,0,0,0,0,3,39.215680277612,51.8476618253124,8.93665789707554,"CS","@rgb(100,132,23)","@rgb(255,255,255)","@rgb(128,0,0)","@symbol(3,512,0)"
"2646","Sorbus torminalis (L.) Crantz","Sorbus torminalis","Rosaceae","Rosales","Rosanae","Dicot","Kleyer","perennial","tree",0,0,1,0,0,0,0,1,0,0,0,1,1,0,0,0,0,0,0,1,0,0,3,47.0056978088541,24.7612540756493,28.2330481154966,"C/CSR","@rgb(120,63,72)","@rgb(255,255,255)","@rgb(128,0,0)","@symbol(3,512,0)"
"2647","Sorghastrum nutans (L.) Nash","Sorghastrum nutans","Poaceae","Poales","Lilianae","Monocot","Reich","perennial","graminoid",1,1,0,0,0,0,0,2,0,1,1,1,1,0,0,1,0,0,0,0,0,0,5,23.8121439540294,58.8798809666241,17.3079750793465,"S/CSR","@rgb(61,150,44)","@rgb(0,0,0)","@rgb(0,128,0)","@symbol(4,512,0)"
"2648","Sorghum bicolor (L.) Moench","Sorghum bicolor","Poaceae","Poales","Lilianae","Monocot","Cerabolini/Pierce","annual","graminoid",0,0,0,1,0,0,0,1,0,0,0,0,0,0,1,0,1,0,0,0,0,0,2,58.417332539865,26.4836760883699,15.0989913717651,"C/CSR","@rgb(149,68,39)","@rgb(0,0,0)","@rgb(0,128,0)","@symbol(4,512,0)"
"2649","Sorghum halepense (L.) Pers.","Sorghum halepense","Poaceae","Poales","Lilianae","Monocot","Cerabolini/Pierce","perennial","graminoid",0,0,1,0,1,0,0,2,1,1,0,0,0,0,0,1,0,1,0,1,1,0,6,56.8574809942667,18.9818415112432,24.1606774944901,"C/CSR","@rgb(145,48,62)","@rgb(0,0,0)","@rgb(0,128,0)","@symbol(4,512,0)"
"2650","Sorghum purpureosericeum (Hochst. ex A. Rich.) Asch. & Schweinf.","Sarga purpureosericea","Poaceae","Poales","Lilianae","Monocot","Buffa/Nyakunga","annual","graminoid",0,0,0,1,1,0,0,2,1,1,0,0,0,0,1,0,0,0,0,0,0,1,4,26.8421374238345,42.2300055506768,30.9278570254887,"CSR","@rgb(68,108,79)","@rgb(0,0,0)","@rgb(0,128,0)","@symbol(4,512,0)"
"2651","Sorocea affinis Hemsl.","Sorocea affinis","Moraceae","Rosales","Rosanae","Dicot","Wright","perennial","shrub",0,1,0,0,0,0,0,1,1,1,0,0,0,0,0,0,0,0,0,0,0,0,2,31.289506377523,46.3591590076689,22.3513346148081,"S/CSR","@rgb(80,118,57)","@rgb(192,192,192)","@rgb(0,0,0)","@symbol(6,512,0)"
"2652","Spachea membranacea Cuatrec.","Spachea membranacea","Malpighiaceae","Malpighiales","Rosanae","Dicot","Wright","perennial","tree",0,1,0,0,0,0,0,1,1,0,0,0,0,0,0,0,0,0,0,0,0,0,1,49.7275006080982,24.5270074933156,25.7454918985861,"C/CSR","@rgb(127,63,66)","@rgb(255,255,255)","@rgb(128,0,0)","@symbol(3,512,0)"
"2653","Sparganium emersum Rehmann","Sparganium emersum","Typhaceae","Poales","Lilianae","Monocot","Cerabolini/Pierce","perennial","aquatic",1,0,1,0,0,0,0,2,0,0,0,1,1,1,0,1,0,0,1,1,1,0,7,51.1384797778726,0,48.8615202221274,"CR","@rgb(130,0,125)","@rgb(192,192,192)","@rgb(0,0,255)","@symbol(5,512,0)"
"2654","Sparganium erectum L.","Sparganium erectum","Typhaceae","Poales","Lilianae","Monocot","Díaz","perennial","forb",0,0,1,0,0,0,0,1,0,0,0,1,1,1,0,1,0,1,1,1,0,0,7,78.6320287699397,0,21.3679712300603,"C/CR","@rgb(201,0,54)","@rgb(192,192,192)","@rgb(192,192,192)","@symbol(2,512,0)"
"2655","Sparganium minimum (L.) Fr.","Sparganium natans","Typhaceae","Poales","Lilianae","Monocot","Kleyer","perennial","aquatic",1,0,1,0,0,0,0,2,0,0,0,1,1,1,0,0,0,0,1,1,0,0,5,22.4367515545675,0,77.5632484454324,"R/CR","@rgb(57,0,198)","@rgb(192,192,192)","@rgb(0,0,255)","@symbol(5,512,0)"
"2656","Sparganium natans L.","Sparganium natans","Typhaceae","Poales","Lilianae","Monocot","Cerabolini/Pierce","perennial","aquatic",1,0,1,0,0,0,0,2,0,0,0,1,1,1,0,0,0,0,1,1,0,0,5,46.7560660890437,20.5602555013117,32.6836784096446,"CR/CSR","@rgb(119,52,83)","@rgb(192,192,192)","@rgb(0,0,255)","@symbol(5,512,0)"
"2657","Spartina anglica C.E. Hubb.","Sporobolus anglicus","Poaceae","Poales","Lilianae","Monocot","Kleyer","perennial","graminoid",0,0,1,0,0,0,0,1,0,0,0,1,0,0,0,0,0,0,0,0,0,0,1,34.0521791264685,65.9478208735315,0,"S/CS","@rgb(87,168,0)","@rgb(0,0,0)","@rgb(0,128,0)","@symbol(4,512,0)"
"2658","Spartina versicolor Fabre","Sporobolus versicolor","Poaceae","Poales","Lilianae","Monocot","Buffa","perennial","graminoid",0,0,1,0,0,0,0,1,0,0,0,1,0,0,0,0,0,0,0,1,0,0,2,30.1045360237886,68.4553265355854,1.44013744062596,"S/CS","@rgb(77,175,4)","@rgb(0,0,0)","@rgb(0,128,0)","@symbol(4,512,0)"
"2659","Spartium junceum L.","Spartium junceum","Fabaceae","Fabales","Rosanae","Dicot","Cerabolini/Pierce","perennial","tree",0,0,1,0,0,0,0,1,0,0,0,1,0,0,0,0,0,0,0,1,0,0,2,22.1536493540053,0,77.8463506459947,"R/CR","@rgb(56,0,199)","@rgb(255,255,255)","@rgb(128,0,0)","@symbol(3,512,0)"
"2660","Specularia perfoliata (L.) A. DC.","Triodanis perfoliata","Campanulaceae","Asterales","Asteranae","Dicot","Weiher","annual","forb",1,1,0,0,0,0,0,2,1,1,1,1,1,0,1,1,1,1,0,1,1,0,11,7.99427818216123,10.2213609957114,81.7843608221273,"R","@rgb(20,26,209)","@rgb(192,192,192)","@rgb(192,192,192)","@symbol(2,512,0)"
"2661","Spergula arvensis L.","Spergula arvensis","Caryophyllaceae","Caryophyllales","Caryophyllanae","Dicot","Cerabolini/Pierce","annual","forb",0,0,1,0,0,0,0,1,0,0,0,1,1,1,0,0,0,0,1,1,0,0,5,20.9368633048579,0,79.0631366951421,"R/CR","@rgb(53,0,202)","@rgb(192,192,192)","@rgb(192,192,192)","@symbol(2,512,0)"
"2662","Spergularia echinosperma (Celak.) Asch. & Graebn.","Spergularia echinosperma","Caryophyllaceae","Caryophyllales","Caryophyllanae","Dicot","Kleyer","annual","forb",0,0,1,0,0,0,0,1,0,0,0,1,0,0,0,0,0,0,0,0,0,0,1,0,0,100,"R","@rgb(0,0,255)","@rgb(192,192,192)","@rgb(192,192,192)","@symbol(2,512,0)"
"2663","Spergularia media (L.) C. Presl","Spergularia media","Caryophyllaceae","Caryophyllales","Caryophyllanae","Dicot","Kleyer","perennial","forb",0,0,1,0,0,0,0,1,0,0,0,1,1,1,0,0,0,0,0,1,0,0,4,0,0,100,"R","@rgb(0,0,255)","@rgb(192,192,192)","@rgb(192,192,192)","@symbol(2,512,0)"
"2664","Spergularia rubra (L.) J. Presl & C. Presl","Spergularia rubra","Caryophyllaceae","Caryophyllales","Caryophyllanae","Dicot","Wright","biennial","forb",0,0,1,0,1,0,0,2,0,0,0,1,1,1,0,0,0,1,1,1,1,0,7,0,0,100,"R","@rgb(0,0,255)","@rgb(192,192,192)","@rgb(192,192,192)","@symbol(2,512,0)"
"2665","Spigelia aceifolia Woodson","Spigelia aceifolia","Loganiaceae","Gentianales","Asteranae","Dicot","Negreiros","perennial","shrub",0,1,0,0,0,0,0,1,0,0,0,0,0,0,1,0,0,0,0,0,0,0,1,0,100,0,"S","@rgb(0,255,0)","@rgb(192,192,192)","@rgb(0,0,0)","@symbol(6,512,0)"
"2666","Spiraea japonica L.","Kerria japonica","Rosaceae","Rosales","Rosanae","Dicot","Cerabolini/Pierce","perennial","tree",0,0,1,0,1,0,0,2,1,0,0,1,1,0,0,0,0,0,0,0,0,0,3,30.1762546409717,35.6383532304916,34.1853921285367,"CSR","@rgb(77,91,87)","@rgb(255,255,255)","@rgb(128,0,0)","@symbol(3,512,0)"
"2667","Spiraea latifolia (Aiton) Borkh.","Spiraea alba var. latifolia","Rosaceae","Rosales","Rosanae","Dicot","Shipley","perennial","shrub",1,0,0,0,0,0,0,1,0,0,0,1,0,0,0,0,0,0,0,0,0,0,1,31.3154713477586,58.1596437633252,10.5248848889162,"S/CSR","@rgb(80,148,27)","@rgb(192,192,192)","@rgb(0,0,0)","@symbol(6,512,0)"
"2668","Spiraea salicifolia L.","Spiraea salicifolia","Rosaceae","Rosales","Rosanae","Dicot","Kleyer","perennial","shrub",0,0,1,0,0,0,0,1,0,0,0,1,1,1,0,0,0,0,0,0,0,0,3,17.7484781125164,59.7322054529684,22.5193164345151,"S/CSR","@rgb(45,152,57)","@rgb(192,192,192)","@rgb(0,0,0)","@symbol(6,512,0)"
"2669","Spiraea tomentosa L.","Spiraea tomentosa","Rosaceae","Rosales","Rosanae","Dicot","Shipley","perennial","shrub",1,0,0,0,0,0,0,1,0,0,0,1,1,0,0,1,0,0,0,0,0,0,3,4.96325512966923,84.9555361805894,10.0812086897413,"S","@rgb(13,217,26)","@rgb(192,192,192)","@rgb(0,0,0)","@symbol(6,512,0)"
"2670","Spirodela polyrrhiza (L.) Schleid.",NA,"Araceae","Alismatales","Lilianae","Monocot","Cerabolini/Pierce","perennial","aquatic",1,0,1,1,1,1,0,5,1,1,0,1,1,1,1,1,1,1,0,1,1,1,12,2.03444298214307,0,97.9655570178569,"R","@rgb(5,0,250)","@rgb(192,192,192)","@rgb(0,0,255)","@symbol(5,512,0)"
"2671","Spondias mombin L.","Spondias mombin","Anacardiaceae","Sapindales","Rosanae","Dicot","Wright","perennial","tree",0,1,0,0,0,0,0,1,1,1,1,0,0,0,1,0,1,0,0,0,0,0,5,72.2417917638546,21.3356530946312,6.42255514151416,"C/CS","@rgb(184,54,16)","@rgb(255,255,255)","@rgb(128,0,0)","@symbol(3,512,0)"
"2672","Spondias radlkoferi Donn. Sm.","Spondias radlkoferi","Anacardiaceae","Sapindales","Rosanae","Dicot","Wright","perennial","tree",0,1,0,0,0,0,0,1,1,1,1,0,0,0,0,0,0,0,0,0,0,0,3,66.5222499323061,21.9147509416084,11.5629991260855,"C/CS","@rgb(170,56,29)","@rgb(255,255,255)","@rgb(128,0,0)","@symbol(3,512,0)"
"2673","Sporobolus clandenstinus (Biehler) Hitchc.","Sporobolus clandestinus","Poaceae","Poales","Lilianae","Monocot","Weiher","perennial","graminoid",1,0,0,0,0,0,0,1,0,0,1,1,1,0,1,1,0,0,0,0,0,0,5,8.34754837476156,82.2674002847209,9.38505134051753,"S","@rgb(21,210,24)","@rgb(0,0,0)","@rgb(0,128,0)","@symbol(4,512,0)"
"2674","Sporobolus heterolepis (A. Gray) A. Gray","Sporobolus heterolepis","Poaceae","Poales","Lilianae","Monocot","Weiher","perennial","graminoid",1,0,0,0,0,0,0,1,0,0,0,1,1,0,0,1,0,0,0,0,0,0,3,14.3394947872323,66.2557770105936,19.4047282021741,"S/SR","@rgb(37,169,49)","@rgb(0,0,0)","@rgb(0,128,0)","@symbol(4,512,0)"
"2675","Sporobolus interruptus Vasey","Sporobolus interruptus","Poaceae","Poales","Lilianae","Monocot","Laughlin","perennial","graminoid",1,0,0,0,0,0,0,1,0,0,0,0,1,0,0,0,0,0,0,0,0,0,1,8.40449314065262,87.0645894739643,4.53091738538309,"S","@rgb(21,222,12)","@rgb(0,0,0)","@rgb(0,128,0)","@symbol(4,512,0)"
"2676","Sporobolus vaginiflorus (Torr. ex A. Gray) Alph. Wood","Sporobolus vaginiflorus","Poaceae","Poales","Lilianae","Monocot","Weiher","annual","graminoid",1,0,0,0,0,0,0,1,0,0,0,1,1,0,0,1,0,0,0,0,0,0,3,1.77893762011522,53.012915370134,45.2081470097508,"SR","@rgb(5,135,115)","@rgb(0,0,0)","@rgb(0,128,0)","@symbol(4,512,0)"
"2677","Sporobolus virginicus (L.) Kunth","Sporobolus virginicus","Poaceae","Poales","Lilianae","Monocot","Cerabolini","perennial","graminoid",1,1,0,1,1,1,1,6,1,0,0,1,0,0,1,1,1,0,0,1,1,1,8,12.3684744461843,67.4485633641031,20.1829621897126,"S/SR","@rgb(32,172,51)","@rgb(0,0,0)","@rgb(0,128,0)","@symbol(4,512,0)"
"2678","Stachys alopecuros (L.) Benth. alopecuros","Stachys alopecuros","Lamiaceae","Lamiales","Asteranae","Dicot","Cerabolini/Pierce","perennial","forb",0,0,1,0,0,0,0,1,0,0,0,1,1,0,0,0,0,0,0,1,0,0,3,55.9607753899771,2.81463076448042,41.2245938455425,"CR","@rgb(143,7,105)","@rgb(192,192,192)","@rgb(192,192,192)","@symbol(2,512,0)"
"2679","Stachys officinalis (L.) Trevis.","Stachys officinalis","Lamiaceae","Lamiales","Asteranae","Dicot","Cerabolini/Pierce","perennial","forb",0,0,1,0,0,0,0,1,0,0,0,1,1,0,0,0,0,0,0,1,0,0,3,30.5091239556577,20.7737344203138,48.7171416240286,"R/CSR","@rgb(78,53,124)","@rgb(192,192,192)","@rgb(192,192,192)","@symbol(2,512,0)"
"2680","Stachys recta L.","Stachys recta","Lamiaceae","Lamiales","Asteranae","Dicot","Cerabolini/Pierce","perennial","forb",0,0,1,0,0,0,0,1,0,0,0,1,1,0,0,1,0,0,0,1,0,0,4,32.1402046803568,19.1177210751453,48.7420742444979,"R/CSR","@rgb(82,49,124)","@rgb(192,192,192)","@rgb(192,192,192)","@symbol(2,512,0)"
"2681","Stachys sylvatica L.","Stachys sylvatica","Lamiaceae","Lamiales","Asteranae","Dicot","Cerabolini/Pierce","perennial","forb",0,0,1,0,0,0,0,1,0,0,0,1,1,1,0,0,0,0,1,1,1,0,6,44.1868899686956,0,55.8131100313043,"CR","@rgb(113,0,142)","@rgb(192,192,192)","@rgb(192,192,192)","@symbol(2,512,0)"
"2682","Stachys tenuifolia Willd.","Stachys tenuifolia","Lamiaceae","Lamiales","Asteranae","Dicot","Shipley","perennial","forb",1,0,0,0,0,0,0,1,0,0,0,1,1,0,0,1,0,0,0,0,0,0,3,24.3879729150352,53.557282631557,22.0547444534078,"S/CSR","@rgb(62,137,56)","@rgb(192,192,192)","@rgb(192,192,192)","@symbol(2,512,0)"
"2683","Staphylea pinnata L.","Staphylea pinnata","Staphyleaceae","Crossosomatales","Rosanae","Dicot","Kleyer","perennial","tree",0,0,1,0,0,0,0,1,0,0,0,1,1,0,0,1,0,0,0,0,0,0,3,53.38769885683,16.3212905621494,30.2910105810206,"C/CSR","@rgb(136,42,77)","@rgb(255,255,255)","@rgb(128,0,0)","@symbol(3,512,0)"
"2684","Stellaria graminea L.","Stellaria graminea","Caryophyllaceae","Caryophyllales","Caryophyllanae","Dicot","Shipley","perennial","forb",0,0,1,0,0,0,0,1,0,0,0,1,1,1,0,0,0,1,1,1,0,0,6,14.4583672752864,12.4617379338442,73.0798947908694,"R/CR","@rgb(37,32,186)","@rgb(192,192,192)","@rgb(192,192,192)","@symbol(2,512,0)"
"2685","Stellaria media (L.) Vill. media","Stellaria media subsp. media","Caryophyllaceae","Caryophyllales","Caryophyllanae","Dicot","Cerabolini/Pierce","perennial","forb",0,0,1,0,1,0,0,2,1,0,1,1,1,1,0,1,0,1,1,1,1,0,10,5.03016821050422,0,94.9698317894958,"R","@rgb(13,0,242)","@rgb(192,192,192)","@rgb(192,192,192)","@symbol(2,512,0)"
"2686","Stellaria neglecta Weihe","Stellaria neglecta","Caryophyllaceae","Caryophyllales","Caryophyllanae","Dicot","Cerabolini/Pierce","perennial","forb",0,0,1,0,1,0,0,2,1,0,0,1,1,0,0,0,0,0,0,1,0,0,4,18.8237062600087,0,81.1762937399913,"R/CR","@rgb(48,0,207)","@rgb(192,192,192)","@rgb(192,192,192)","@symbol(2,512,0)"
"2687","Stellaria nemorum L.","Stellaria nemorum","Caryophyllaceae","Caryophyllales","Caryophyllanae","Dicot","Cerabolini/Pierce","perennial","forb",0,0,1,0,0,0,0,1,0,0,0,1,1,1,0,0,0,0,1,1,0,0,5,26.58509866063,4.48179645896742,68.9331048804026,"R/CR","@rgb(68,11,176)","@rgb(192,192,192)","@rgb(192,192,192)","@symbol(2,512,0)"
"2688","Stellaria uliginosa Murray","Stellaria uliginosa","Caryophyllaceae","Caryophyllales","Caryophyllanae","Dicot","Díaz","annual","forb",1,0,1,0,1,0,0,3,1,0,0,1,1,1,0,0,0,1,1,1,1,0,8,4.96147707498149,0,95.0385229250185,"R","@rgb(13,0,242)","@rgb(192,192,192)","@rgb(192,192,192)","@symbol(2,512,0)"
"2689","Stemmadenia grandiflora (Jacq.) Miers","Tabernaemontana grandiflora","Apocynaceae","Gentianales","Asteranae","Dicot","Wright","perennial","tree",0,1,0,0,0,0,0,1,1,1,1,0,0,0,1,0,0,0,0,0,1,0,5,43.4311930313086,3.88308905668059,52.6857179120108,"CR","@rgb(111,10,134)","@rgb(255,255,255)","@rgb(128,0,0)","@symbol(3,512,0)"
"2690","Sterculia apetala (Jacq.) H. Karst.","Sterculia apetala","Malvaceae","Malvales","Rosanae","Dicot","Wright","perennial","tree",0,1,0,0,0,0,0,1,1,1,1,0,0,0,1,0,1,0,0,0,0,0,5,78.7910707058883,18.335872467775,2.87305682633669,"C/CS","@rgb(201,47,7)","@rgb(255,255,255)","@rgb(128,0,0)","@symbol(3,512,0)"
"2691","Stigmaphyllon lindenianum A. Juss.","Stigmaphyllon lindenianum","Malpighiaceae","Malpighiales","Rosanae","Dicot","Wright","perennial","liana",0,1,0,0,0,0,0,1,1,1,1,0,0,0,0,0,0,0,0,0,0,0,3,59.6486070714133,0,40.3513929285867,"CR","@rgb(152,0,103)","@rgb(128,128,128)","@rgb(128,128,128)","@symbol(3,512,0)"
"2692","Stipa capillata L.","Stipa capillata","Poaceae","Poales","Lilianae","Monocot","Kleyer","perennial","graminoid",0,0,1,0,0,0,0,1,0,0,0,1,1,0,0,1,0,1,0,1,0,0,5,11.0643826325123,88.9356173674877,0,"S","@rgb(28,227,0)","@rgb(0,0,0)","@rgb(0,128,0)","@symbol(4,512,0)"
"2693","Stipa pulcherrima K. Koch","Stipa pulcherrima","Poaceae","Poales","Lilianae","Monocot","Kleyer","perennial","graminoid",0,0,1,0,0,0,0,1,0,0,0,1,1,0,0,1,0,0,0,1,0,0,4,13.3161406366546,86.6838593633454,0,"S","@rgb(34,221,0)","@rgb(0,0,0)","@rgb(0,128,0)","@symbol(4,512,0)"
"2694","Stipa spartea Trin.","Hesperostipa spartea","Poaceae","Poales","Lilianae","Monocot","Weiher","perennial","graminoid",1,0,0,0,0,0,0,1,0,0,0,1,1,1,0,1,0,0,0,0,0,0,4,26.4977375482262,73.5022624517738,0,"S/CS","@rgb(68,187,0)","@rgb(0,0,0)","@rgb(0,128,0)","@symbol(4,512,0)"
"2695","Stizophyllum inaequilaterum Bureau & K. Schum.","Stizophyllum inaequilaterum","Bignoniaceae","Lamiales","Asteranae","Dicot","Wright","perennial","liana",0,1,0,0,0,0,0,1,1,1,0,0,0,0,0,0,0,0,0,0,0,0,2,42.5175991526462,31.3845316467763,26.0978692005775,"CSR","@rgb(108,80,67)","@rgb(128,128,128)","@rgb(128,128,128)","@symbol(3,512,0)"
"2696","Stratiotes aloides L.","Stratiotes aloides","Hydrocharitaceae","Alismatales","Lilianae","Monocot","Kleyer","perennial","aquatic",0,0,1,0,0,0,0,1,0,0,0,1,0,1,0,1,0,0,0,0,0,0,3,57.8449925430332,0,42.1550074569668,"CR","@rgb(148,0,107)","@rgb(192,192,192)","@rgb(0,0,255)","@symbol(5,512,0)"
"2697","Strychnos panamensis Seem.","Strychnos panamensis","Loganiaceae","Gentianales","Asteranae","Dicot","Wright","perennial","liana",0,1,0,0,0,0,0,1,1,1,1,0,0,0,0,0,0,0,0,0,0,0,3,32.473583347277,56.585929060664,10.9404875920589,"S/CSR","@rgb(83,144,28)","@rgb(128,128,128)","@rgb(128,128,128)","@symbol(3,512,0)"
"2698","Strychnos toxifera R.H. Schomb. ex Lindl.","Strychnos toxifera","Loganiaceae","Gentianales","Asteranae","Dicot","Wright","perennial","tree",0,1,0,0,0,0,0,1,1,0,0,0,0,0,0,0,0,0,0,0,0,0,1,45.0167351535009,41.1811053319546,13.8021595145445,"CS/CSR","@rgb(115,105,35)","@rgb(255,255,255)","@rgb(128,0,0)","@symbol(3,512,0)"
"2699","Stryphnodendron pulcherrimum (Willd.) Hochr.","Stryphnodendron pulcherrimum","Fabaceae","Fabales","Rosanae","Dicot","Pinho","perennial","tree",0,1,0,0,0,0,0,1,1,0,0,0,0,0,0,0,0,0,0,0,0,0,1,14.6375244949762,38.7365539304723,46.6259215745515,"SR/CSR","@rgb(37,99,119)","@rgb(255,255,255)","@rgb(128,0,0)","@symbol(3,512,0)"
"2700","Stylogyne turbacensis (Kunth) Mez","Stylogyne turbacensis","Primulaceae","Ericales","Asteranae","Dicot","Wright","perennial","shrub",0,1,0,0,0,0,0,1,1,1,1,0,0,0,0,0,0,0,0,0,1,0,4,63.0325620353988,36.9674379646012,0,"C/CS","@rgb(161,94,0)","@rgb(192,192,192)","@rgb(0,0,0)","@symbol(6,512,0)"
"2701","Succisa pratensis Moench","Succisa pratensis","Caprifoliaceae","Dipsacales","Asteranae","Dicot","Cerabolini","annual","forb",0,0,1,0,0,0,0,1,0,0,0,1,1,1,0,0,0,0,1,1,0,0,5,35.5237357658013,33.4202877105284,31.0559765236702,"CSR","@rgb(91,85,79)","@rgb(192,192,192)","@rgb(192,192,192)","@symbol(2,512,0)"
"2702","Swartzia simplex Spreng.","Swartzia simplex","Fabaceae","Fabales","Rosanae","Dicot","Wright","perennial","tree",0,1,0,0,0,0,0,1,1,1,1,0,0,0,0,0,0,0,0,0,0,0,3,47.7743781866469,47.1026027408857,5.12301907246735,"CS","@rgb(122,120,13)","@rgb(255,255,255)","@rgb(128,0,0)","@symbol(3,512,0)"
"2703","Swertia iberica Fisch. & C.A. Mey.","Swertia iberica","Gentianaceae","Gentianales","Asteranae","Dicot","Soudzilovskaia","perennial","forb",0,0,1,0,0,0,0,1,0,0,0,1,1,0,0,0,0,0,0,0,1,0,3,62.9171496881352,0,37.0828503118648,"C/CR","@rgb(160,0,95)","@rgb(192,192,192)","@rgb(192,192,192)","@symbol(2,512,0)"
"2704","Symphonia globulifera L. f.","Symphonia globulifera","Clusiaceae","Malpighiales","Rosanae","Dicot","Pinho","perennial","tree",0,1,0,1,0,0,0,2,1,0,0,0,0,0,0,0,0,0,0,0,0,0,1,38.9301840719273,35.004929732209,26.0648861958637,"CSR","@rgb(99,89,66)","@rgb(255,255,255)","@rgb(128,0,0)","@symbol(3,512,0)"
"2705","Symphoricarpos albus (L.) S.F. Blake","Symphoricarpos albus","Caprifoliaceae","Dipsacales","Asteranae","Dicot","Kleyer","perennial","shrub",1,0,0,0,0,0,0,1,0,0,0,1,1,1,0,1,0,0,0,1,1,0,6,25.4053305795427,49.6553721653254,24.9392972551319,"S/CSR","@rgb(65,127,64)","@rgb(192,192,192)","@rgb(0,0,0)","@symbol(6,512,0)"
"2706","Symphyotrichum ascendens (Lindl.) G.L. Nesom","Symphyotrichum ascendens","Asteraceae","Asterales","Asteranae","Dicot","Laughlin","perennial","forb",1,1,0,0,0,0,0,2,0,0,1,0,1,1,0,1,0,0,1,1,1,0,7,15.9862464266895,73.0913751180744,10.9223784552361,"S/CS","@rgb(41,186,28)","@rgb(192,192,192)","@rgb(192,192,192)","@symbol(2,512,0)"
"2707","Symphyotrichum falcatum (Lindl.) G.L. Nesom","Symphyotrichum falcatum","Asteraceae","Asterales","Asteranae","Dicot","Laughlin","perennial","forb",1,0,0,0,0,0,0,1,0,0,1,1,1,0,0,1,0,0,0,0,1,0,5,9.5682168019439,46.254708496782,44.1770747012741,"SR","@rgb(24,118,113)","@rgb(192,192,192)","@rgb(192,192,192)","@symbol(2,512,0)"
"2708","Symphyotrichum oolentangiense (Riddell) G.L. Nesom","Symphyotrichum oolentangiense","Asteraceae","Asterales","Asteranae","Dicot","Weiher","perennial","forb",1,1,0,0,0,0,0,2,1,0,1,1,1,0,0,1,0,0,0,0,0,0,5,28.1121467624979,51.2553417197388,20.6325115177633,"S/CSR","@rgb(72,131,53)","@rgb(192,192,192)","@rgb(192,192,192)","@symbol(2,512,0)"
"2709","Symphytum officinale L.","Symphytum officinale","Boraginaceae","Boraginales","Asteranae","Dicot","Kleyer","perennial","forb",0,0,1,0,0,0,0,1,0,0,0,1,1,0,0,1,0,0,0,1,0,0,4,69.7166745310186,0,30.2833254689814,"C/CR","@rgb(178,0,77)","@rgb(192,192,192)","@rgb(192,192,192)","@symbol(2,512,0)"
"2710","Symphytum tuberosum L. angustifolium (A. Kern.) Nyman","Symphytum tuberosum subsp. angustifolium","Boraginaceae","Boraginales","Asteranae","Dicot","Cerabolini/Pierce","perennial","forb",0,0,1,0,0,0,0,1,0,0,0,1,0,0,0,0,0,0,0,1,0,0,2,44.8902093925421,0,55.1097906074579,"CR","@rgb(114,0,141)","@rgb(192,192,192)","@rgb(192,192,192)","@symbol(2,512,0)"
"2711","Syngonanthus cipoensis Ruhland","Comanthera cipoensis","Eriocaulaceae","Poales","Lilianae","Monocot","Negreiros","perennial","forb",0,1,0,0,0,0,0,1,0,0,0,0,0,0,1,0,0,0,0,0,0,0,1,17.2843407660327,82.7156592339673,0,"S/CS","@rgb(44,211,0)","@rgb(192,192,192)","@rgb(192,192,192)","@symbol(2,512,0)"
"2712","Syringa vulgaris L.","Syringa vulgaris","Oleaceae","Lamiales","Asteranae","Dicot","Kleyer","perennial","shrub",0,0,1,0,0,0,0,1,0,0,0,1,0,0,0,0,0,0,0,1,0,0,2,36.8346363496855,50.8292776863735,12.336085963941,"CS/CSR","@rgb(94,130,31)","@rgb(192,192,192)","@rgb(0,0,0)","@symbol(6,512,0)"
"2713","Syzygium scortechinii (King) Chantaran. & J. Parn.","Syzygium scortechinii","Myrtaceae","Myrtales","Rosanae","Dicot","SJ Wright Pasoh","perennial","tree",0,0,0,0,1,0,0,1,1,1,0,0,0,0,0,0,0,0,0,0,0,0,2,44.2891749079401,55.7108250920599,0,"CS","@rgb(113,142,0)","@rgb(255,255,255)","@rgb(128,0,0)","@symbol(3,512,0)"
"2714","Tabebuia guayacan (Seem.) Hemsl.","Handroanthus guayacan","Bignoniaceae","Lamiales","Asteranae","Dicot","Wright","perennial","tree",0,1,0,0,0,0,0,1,1,0,0,0,0,0,0,0,0,0,0,0,0,0,1,58.0198535393119,31.1378336784514,10.8423127822367,"C/CSR","@rgb(148,79,28)","@rgb(255,255,255)","@rgb(128,0,0)","@symbol(3,512,0)"
"2715","Tabebuia rosea (Bertol.) DC.","Tabebuia rosea","Bignoniaceae","Lamiales","Asteranae","Dicot","Wright","perennial","tree",0,1,0,0,0,0,0,1,1,1,1,0,0,0,0,0,0,0,0,0,0,0,3,81.7198971095844,9.61846869703915,8.66163419337644,"C","@rgb(208,25,22)","@rgb(255,255,255)","@rgb(128,0,0)","@symbol(3,512,0)"
"2716","Tabebuia roseoalba (Ridl.) Sandwith","Tabebuia roseoalba","Bignoniaceae","Lamiales","Asteranae","Dicot","Pinho","perennial","tree",0,1,0,0,0,0,0,1,1,1,0,0,0,0,1,0,1,0,0,0,1,0,5,45.0263512194454,34.168925636255,20.8047231442996,"CS/CSR","@rgb(115,87,53)","@rgb(255,255,255)","@rgb(128,0,0)","@symbol(3,512,0)"
"2717","Tabernaemontana arborea Rose","Tabernaemontana arborea","Apocynaceae","Gentianales","Asteranae","Dicot","Wright","perennial","tree",0,1,0,0,0,0,0,1,1,1,0,0,0,0,0,0,0,0,0,0,0,0,2,50.0873956314804,22.4116072922262,27.5009970762934,"C/CSR","@rgb(128,57,70)","@rgb(255,255,255)","@rgb(128,0,0)","@symbol(3,512,0)"
"2718","Tabernaemontana flavicans Willd. ex Roem. & Schult.","Tabernaemontana flavicans","Apocynaceae","Gentianales","Asteranae","Dicot","Pinho","perennial","tree",0,1,0,0,0,0,0,1,1,0,0,0,0,0,1,0,0,0,0,0,0,0,2,67.1210344590474,12.4092939318427,20.4696716091099,"C/CR","@rgb(171,32,52)","@rgb(255,255,255)","@rgb(128,0,0)","@symbol(3,512,0)"
"2719","Tachigali densiflora (Benth.) L.F. Gomes da Silva & H.C. Lima","Tachigali densiflora","Fabaceae","Fabales","Rosanae","Dicot","Pinho","perennial","tree",0,1,0,0,0,0,0,1,1,0,0,0,0,0,0,0,0,0,0,0,0,0,1,48.0225228439267,45.8772586386698,6.10021851740346,"CS","@rgb(122,117,16)","@rgb(255,255,255)","@rgb(128,0,0)","@symbol(3,512,0)"
"2720","Tachigali versicolor Standl. & L.O. Williams","Tachigali versicolor","Fabaceae","Fabales","Rosanae","Dicot","Wright","perennial","tree",0,1,0,0,0,0,0,1,1,0,0,0,0,0,0,0,0,0,0,0,0,0,1,68.9489983073815,24.9705343629353,6.0804673296832,"C/CS","@rgb(176,64,16)","@rgb(255,255,255)","@rgb(128,0,0)","@symbol(3,512,0)"
"2721","Talisia nervosa Radlk.","Talisia nervosa","Sapindaceae","Sapindales","Rosanae","Dicot","Wright","perennial","tree",0,1,0,0,0,0,0,1,1,1,0,0,0,0,0,0,0,0,0,0,0,0,2,73.8222179286719,26.1777820713281,0,"C/CS","@rgb(188,67,0)","@rgb(255,255,255)","@rgb(128,0,0)","@symbol(3,512,0)"
"2722","Talisia princeps Oliv.","Talisia princeps","Sapindaceae","Sapindales","Rosanae","Dicot","Wright","perennial","tree",0,1,0,0,0,0,0,1,1,0,0,0,0,0,0,0,0,0,0,0,0,0,1,72.8674375407912,25.9397763338184,1.1927861253904,"C/CS","@rgb(186,66,3)","@rgb(255,255,255)","@rgb(128,0,0)","@symbol(3,512,0)"
"2723","Tamus communis L.","Dioscorea communis","Dioscoreaceae","Dioscoreales","Lilianae","Monocot","Cerabolini","perennial","forb",0,0,1,0,0,0,0,1,0,0,0,1,1,0,0,0,1,0,0,1,0,0,4,48.5509947087011,0,51.4490052912989,"CR","@rgb(124,0,131)","@rgb(192,192,192)","@rgb(192,192,192)","@symbol(2,512,0)"
"2724","Tanacetum corymbosum (L.) Sch. Bip.","Tanacetum corymbosum","Asteraceae","Asterales","Asteranae","Dicot","Cerabolini/Pierce","perennial","forb",0,0,1,0,0,0,0,1,0,0,0,1,1,0,0,0,0,0,0,1,0,0,3,64.2404647309795,0,35.7595352690205,"C/CR","@rgb(164,0,91)","@rgb(192,192,192)","@rgb(192,192,192)","@symbol(2,512,0)"
"2725","Tanacetum parthenium (L.) Sch. Bip","Tanacetum parthenium","Asteraceae","Asterales","Asteranae","Dicot","Díaz","perennial","forb",0,0,1,0,0,0,0,1,0,0,0,1,0,0,0,1,0,0,0,1,0,0,3,39.7909978994661,3.24226541089153,56.9667366896424,"CR","@rgb(101,8,145)","@rgb(192,192,192)","@rgb(192,192,192)","@symbol(2,512,0)"
"2726","Tanacetum vulgare L.","Tanacetum vulgare","Asteraceae","Asterales","Asteranae","Dicot","Shipley","perennial","forb",0,0,1,0,0,0,0,1,0,0,0,1,1,1,0,0,0,1,1,1,0,0,6,57.9466138244961,21.5591449942802,20.4942411812238,"C/CSR","@rgb(148,55,52)","@rgb(192,192,192)","@rgb(192,192,192)","@symbol(2,512,0)"
"2727","Tapirira guianensis Aubl.","Tapirira guianensis","Anacardiaceae","Sapindales","Rosanae","Dicot","Pinho","perennial","tree",0,1,0,0,0,0,0,1,1,1,0,0,0,0,1,0,1,0,0,0,1,0,5,46.1136077524925,45.975782807704,7.91060943980352,"CS","@rgb(118,117,20)","@rgb(255,255,255)","@rgb(128,0,0)","@symbol(3,512,0)"
"2728","Taraxacum confusum Schischk.","Taraxacum confusum","Asteraceae","Asterales","Asteranae","Dicot","Soudzilovskaia","perennial","forb",0,0,1,0,0,0,0,1,0,0,0,1,0,0,0,1,0,0,0,0,1,0,3,50.7466356270783,0,49.2533643729217,"CR","@rgb(129,0,126)","@rgb(192,192,192)","@rgb(192,192,192)","@symbol(2,512,0)"
"2729","Taraxacum erythrospermum Andrz. ex Besser","Taraxacum erythrospermum","Asteraceae","Asterales","Asteranae","Dicot","Kleyer","perennial","forb",0,0,1,0,0,0,0,1,0,0,0,1,1,1,0,1,0,0,1,1,0,0,6,28.0719311622369,0.858007887901268,71.0700609498619,"R/CR","@rgb(72,2,181)","@rgb(192,192,192)","@rgb(192,192,192)","@symbol(2,512,0)"
"2730","Taraxacum fulvum Raunk.","Taraxacum fulvum","Asteraceae","Asterales","Asteranae","Dicot","Cerabolini","perennial","forb",0,0,1,0,0,0,0,1,0,0,0,1,0,1,0,0,0,0,0,1,0,0,3,35.1686742381075,0,64.8313257618925,"R/CR","@rgb(90,0,165)","@rgb(192,192,192)","@rgb(192,192,192)","@symbol(2,512,0)"
"2731","Taraxacum laevigatum (Willd.) DC.","Taraxacum erythrospermum","Asteraceae","Asterales","Asteranae","Dicot","Shipley","perennial","forb",0,0,1,0,0,0,0,1,0,0,0,1,1,0,0,0,0,0,0,1,0,0,3,11.3718078269518,63.3440953452598,25.2840968277884,"S/SR","@rgb(29,162,64)","@rgb(192,192,192)","@rgb(192,192,192)","@symbol(2,512,0)"
"2732","Taraxacum officinale F.H. Wigg.","Taraxacum officinale","Asteraceae","Asterales","Asteranae","Dicot","Weiher","perennial","forb",0,0,1,0,0,0,0,1,0,0,0,1,1,1,0,1,0,0,1,1,0,0,6,57.7770374303352,0.571671810845553,41.6512907588193,"CR","@rgb(147,1,106)","@rgb(192,192,192)","@rgb(192,192,192)","@symbol(2,512,0)"
"2733","Taraxacum schroeteranum Hand.-Mazz.","Taraxacum schroeterianum","Asteraceae","Asterales","Asteranae","Dicot","Cerabolini","perennial","forb",0,0,1,0,0,0,0,1,0,0,0,1,1,0,0,0,0,0,0,1,0,0,3,19.7492558040681,0,80.250744195932,"R/CR","@rgb(50,0,205)","@rgb(192,192,192)","@rgb(192,192,192)","@symbol(2,512,0)"
"2734","Taraxacum stevenii DC.","Taraxacum stevenii","Asteraceae","Asterales","Asteranae","Dicot","Soudzilovskaia","perennial","forb",0,0,1,0,0,0,0,1,0,0,0,1,1,0,0,1,0,1,0,1,0,0,5,26.2669919206316,0,73.7330080793684,"R/CR","@rgb(67,0,188)","@rgb(192,192,192)","@rgb(192,192,192)","@symbol(2,512,0)"
"2735","Tatianyx arnacites (Trin.) Zuloaga & Soderstr.","Tatianyx arnacites","Poaceae","Poales","Lilianae","Monocot","Negreiros","perennial","graminoid",0,1,0,0,0,0,0,1,0,0,0,0,0,0,1,0,0,0,0,0,0,0,1,9.17622322705616,90.8237767729438,0,"S","@rgb(23,232,0)","@rgb(0,0,0)","@rgb(0,128,0)","@symbol(4,512,0)"
"2736","Taxus baccata L.","Taxus baccata","Taxaceae","Pinales",NA,"Gymnosperm","Cornelissen","perennial","tree",0,0,1,0,0,0,0,1,0,0,0,1,1,1,0,1,0,1,0,1,0,0,6,1.70475053616744,98.2952494638325,0,"S","@rgb(4,251,0)","@rgb(255,255,255)","@rgb(128,0,0)","@symbol(3,512,0)"
"2737","Teesdalia nudicaulis (L.) R. Br.","Teesdalia nudicaulis","Brassicaceae","Brassicales","Rosanae","Dicot","Cerabolini/Pierce","annual","forb",0,0,1,0,0,0,0,1,0,0,0,1,1,0,0,0,0,0,0,1,0,0,3,10.6242214799079,0,89.3757785200921,"R","@rgb(27,0,228)","@rgb(192,192,192)","@rgb(192,192,192)","@symbol(2,512,0)"
"2738","Tephrosia virginiana (L.) Pers.","Tephrosia virginiana","Fabaceae","Fabales","Rosanae","Dicot","Weiher","perennial","shrub",1,0,0,0,0,0,0,1,0,0,0,1,1,0,0,1,0,0,0,0,0,0,3,55.5599991738999,26.5769429587694,17.8630578673308,"C/CSR","@rgb(142,68,46)","@rgb(192,192,192)","@rgb(0,0,0)","@symbol(6,512,0)"
"2739","Terminalia amazonia (J.F. Gmel.) Exell","Terminalia amazonia","Combretaceae","Myrtales","Rosanae","Dicot","Wright","perennial","tree",0,1,0,0,0,0,0,1,1,1,1,0,0,0,1,0,0,0,0,0,0,0,4,31.4618715800051,56.4115252255345,12.1266031944604,"S/CSR","@rgb(80,144,31)","@rgb(255,255,255)","@rgb(128,0,0)","@symbol(3,512,0)"
"2740","Terminalia oblonga (Ruiz & Pav.) Steud.","Terminalia oblonga","Combretaceae","Myrtales","Rosanae","Dicot","Wright","perennial","tree",0,1,0,0,0,0,0,1,1,1,1,0,0,0,0,0,0,0,0,0,0,0,3,34.5847596535474,41.3577541823726,24.05748616408,"CS/CSR","@rgb(88,105,61)","@rgb(255,255,255)","@rgb(128,0,0)","@symbol(3,512,0)"
"2741","Tetracera breyniana Schltdl.","Tetracera breyniana","Dilleniaceae","Dilleniales","Dillenianae","Dicot","Pinho","perennial","tree",0,1,0,0,0,0,0,1,1,0,0,0,0,0,0,0,0,0,0,0,0,0,1,38.9613787168522,61.0386212831478,0,"CS","@rgb(99,156,0)","@rgb(255,255,255)","@rgb(128,0,0)","@symbol(3,512,0)"
"2742","Tetracera hydrophila Triana & Planch.","Tetracera hydrophila","Dilleniaceae","Dilleniales","Dillenianae","Dicot","Wright","perennial","liana",0,1,0,0,0,0,0,1,1,1,0,0,0,0,0,0,0,0,0,0,0,0,2,52.5964495463476,40.5027326048916,6.90081784876076,"CS","@rgb(134,103,18)","@rgb(128,128,128)","@rgb(128,128,128)","@symbol(3,512,0)"
"2743","Tetragastris panamensis (Engl.) Kuntze","Protium stevensonii","Burseraceae","Sapindales","Rosanae","Dicot","Wright","perennial","tree",0,1,0,0,0,0,0,1,1,1,1,0,0,0,1,0,0,0,0,0,0,0,4,58.1701002318589,41.8298997681411,0,"CS","@rgb(148,107,0)","@rgb(255,255,255)","@rgb(128,0,0)","@symbol(3,512,0)"
"2744","Tetragonolobus maritimus Roth","Lotus maritimus","Fabaceae","Fabales","Rosanae","Dicot","Kleyer","perennial","forb",0,0,1,0,0,0,0,1,0,0,0,1,1,0,0,1,0,0,0,1,0,0,4,23.8271530569686,30.7619177951175,45.4109291479139,"R/CSR","@rgb(61,78,116)","@rgb(192,192,192)","@rgb(192,192,192)","@symbol(2,512,0)"
"2745","Tetrapterys microphylla Nied.","Tetrapterys microphylla","Malpighiaceae","Malpighiales","Rosanae","Dicot","Negreiros","perennial","shrub",0,1,0,0,0,0,0,1,0,0,0,0,0,0,1,0,0,0,0,0,1,0,2,10.0241550740791,89.9758449259209,0,"S","@rgb(26,229,0)","@rgb(192,192,192)","@rgb(0,0,0)","@symbol(6,512,0)"
"2746","Tetrathylacium johansenii Standl.","Tetrathylacium johansenii","Salicaceae","Malpighiales","Rosanae","Dicot","Wright","perennial","tree",1,1,0,0,0,0,0,2,1,1,1,0,0,0,0,0,0,0,0,0,0,0,3,45.0211151554467,40.7865675905067,14.1923172540466,"CS/CSR","@rgb(115,104,36)","@rgb(255,255,255)","@rgb(128,0,0)","@symbol(3,512,0)"
"2747","Teucrium botrys L.","Teucrium botrys","Lamiaceae","Lamiales","Asteranae","Dicot","Kleyer","annual","forb",0,0,1,0,0,0,0,1,0,0,0,1,1,0,0,0,0,0,0,1,0,0,3,14.2643101216381,0,85.7356898783619,"R","@rgb(36,0,219)","@rgb(192,192,192)","@rgb(192,192,192)","@symbol(2,512,0)"
"2748","Teucrium canadense L.","Teucrium canadense","Lamiaceae","Lamiales","Asteranae","Dicot","Weiher","perennial","forb",1,1,0,0,0,0,0,2,1,0,1,1,1,0,1,1,0,0,0,0,0,0,6,27.9105404517907,39.73878173825,32.3506778099593,"CSR","@rgb(71,101,82)","@rgb(192,192,192)","@rgb(192,192,192)","@symbol(2,512,0)"
"2749","Teucrium capitatum L. capitatum","Teucrium capitatum subsp. capitatum","Lamiaceae","Lamiales","Asteranae","Dicot","Cerabolini","perennial","shrub",0,0,1,0,0,0,0,1,0,0,0,0,0,0,0,0,0,0,0,1,0,0,1,6.65462801092357,79.9642875487247,13.3810844403517,"S/SR","@rgb(17,204,34)","@rgb(192,192,192)","@rgb(0,0,0)","@symbol(6,512,0)"
"2750","Teucrium chamaedrys L. chamaedrys","Teucrium chamaedrys subsp. chamaedrys","Lamiaceae","Lamiales","Asteranae","Dicot","Cerabolini/Pierce","perennial","shrub",0,0,1,0,0,0,0,1,0,0,0,1,1,0,0,1,0,0,0,1,0,0,4,10.6126878774281,71.3932745082213,17.9940376143506,"S/SR","@rgb(27,182,46)","@rgb(192,192,192)","@rgb(0,0,0)","@symbol(6,512,0)"
"2751","Teucrium montanum L.","Teucrium montanum","Lamiaceae","Lamiales","Asteranae","Dicot","Cerabolini/Pierce","perennial","forb",0,0,1,0,0,0,0,1,0,0,0,1,1,0,0,0,0,0,0,1,0,0,3,1.81243833595466,76.0854410474623,22.1021206165831,"S/SR","@rgb(5,194,56)","@rgb(192,192,192)","@rgb(192,192,192)","@symbol(2,512,0)"
"2752","Teucrium polium L.","Teucrium polium","Lamiaceae","Lamiales","Asteranae","Dicot","Pausas","perennial","shrub",0,0,1,0,0,0,0,1,0,0,0,1,0,0,0,1,0,0,0,1,1,0,4,0,72.1344769873195,27.8655230126805,"S/SR","@rgb(0,184,71)","@rgb(192,192,192)","@rgb(0,0,0)","@symbol(6,512,0)"
"2753","Teucrium scordium L.","Teucrium scordium","Lamiaceae","Lamiales","Asteranae","Dicot","Kleyer","perennial","forb",0,0,1,0,0,0,0,1,0,0,0,1,1,0,0,0,0,1,0,1,1,0,5,13.5256086234794,4.45145895508775,82.0229324214329,"R","@rgb(34,11,209)","@rgb(192,192,192)","@rgb(192,192,192)","@symbol(2,512,0)"
"2754","Teucrium scorodonia L.","Teucrium scorodonia","Lamiaceae","Lamiales","Asteranae","Dicot","Cerabolini/Pierce","annual","forb",0,0,1,0,0,0,0,1,0,0,0,1,1,0,0,0,0,0,0,1,0,0,3,36.6404527862412,9.23027015961761,54.1292770541412,"CR","@rgb(93,24,138)","@rgb(192,192,192)","@rgb(192,192,192)","@symbol(2,512,0)"
"2755","Thalictrum alpinum L.","Thalictrum alpinum","Ranunculaceae","Ranunculales","Ranunculanae","Dicot","Kleyer","perennial","forb",1,0,1,0,1,0,0,3,0,0,0,1,1,1,0,0,0,1,1,1,1,0,7,5.25059944981554,75.5240539699727,19.2253465802118,"S/SR","@rgb(13,193,49)","@rgb(192,192,192)","@rgb(192,192,192)","@symbol(2,512,0)"
"2756","Thalictrum aquilegiifolium L.","Thalictrum aquilegiifolium","Ranunculaceae","Ranunculales","Ranunculanae","Dicot","Kleyer","perennial","forb",0,0,1,0,0,0,0,1,0,0,0,1,1,0,0,0,0,1,0,1,0,0,4,74.2099663375356,6.95509635876458,18.8349373036999,"C/CR","@rgb(189,18,48)","@rgb(192,192,192)","@rgb(192,192,192)","@symbol(2,512,0)"
"2757","Thalictrum dioicum L.","Thalictrum dioicum","Ranunculaceae","Ranunculales","Ranunculanae","Dicot","Weiher","perennial","forb",1,0,0,0,0,0,0,1,0,0,0,1,1,0,0,1,0,0,0,0,0,0,3,16.180851009914,20.5692615360808,63.2498874540052,"R/CSR","@rgb(41,52,161)","@rgb(192,192,192)","@rgb(192,192,192)","@symbol(2,512,0)"
"2758","Thalictrum exaltatum Gaudin exaltatum","Thalictrum simplex subsp. simplex","Ranunculaceae","Ranunculales","Ranunculanae","Dicot","Cerabolini/Pierce","perennial","forb",0,0,1,0,0,0,0,1,0,0,0,1,1,0,0,0,0,0,0,1,0,0,3,62.5925329888935,30.3555809366012,7.05188607450527,"C/CS","@rgb(160,77,18)","@rgb(192,192,192)","@rgb(192,192,192)","@symbol(2,512,0)"
"2759","Thalictrum fendleri Engelm. ex A. Gray","Thalictrum fendleri","Ranunculaceae","Ranunculales","Ranunculanae","Dicot","Laughlin","perennial","forb",1,0,0,0,0,0,0,1,0,1,1,0,1,0,0,0,0,0,0,1,1,0,5,53.7810196145095,33.0116385462626,13.207341839228,"C/CSR","@rgb(137,84,34)","@rgb(192,192,192)","@rgb(192,192,192)","@symbol(2,512,0)"
"2760","Thalictrum minus L.","Thalictrum minus","Ranunculaceae","Ranunculales","Ranunculanae","Dicot","Kleyer","perennial","forb",0,0,1,0,1,0,0,2,1,0,0,1,1,1,0,1,0,1,0,1,0,0,7,55.2581600584869,28.4661822540572,16.275657687456,"C/CSR","@rgb(141,73,42)","@rgb(192,192,192)","@rgb(192,192,192)","@symbol(2,512,0)"
"2761","Thelypteris palustris Schott","Thelypteris palustris","Thelypteridaceae","Polypodiales",NA,"Fern","Cerabolini","perennial","forb",1,0,1,0,0,0,0,2,0,0,0,1,1,1,0,1,0,0,0,1,0,0,5,62.9027248912383,2.37554518823721,34.7217299205244,"C/CR","@rgb(160,6,89)","@rgb(192,192,192)","@rgb(192,192,192)","@symbol(2,512,0)"
"2762","Themeda triandra Forssk.","Themeda triandra","Poaceae","Poales","Lilianae","Monocot","Buffa/Nyakunga","perennial","graminoid",0,0,1,1,1,1,0,4,1,1,0,1,1,0,1,1,0,1,0,1,1,0,9,19.4829445539426,67.5277207878131,12.9893346582443,"S/CS","@rgb(50,172,33)","@rgb(0,0,0)","@rgb(0,128,0)","@symbol(4,512,0)"
"2763","Theobroma cacao L.","Theobroma cacao","Malvaceae","Malvales","Rosanae","Dicot","Wright","perennial","tree",0,1,0,0,0,0,0,1,1,0,0,0,0,0,0,0,0,0,0,0,0,0,1,58.0804389337342,29.2121412763328,12.707419789933,"C/CSR","@rgb(148,74,32)","@rgb(255,255,255)","@rgb(128,0,0)","@symbol(3,512,0)"
"2764","Thesium bavarum Schrank","Thesium bavarum","Santalaceae","Santalales","Santalanae","Dicot","Cerabolini/Pierce","perennial","forb",0,0,1,0,0,0,0,1,0,0,0,1,1,0,0,0,0,0,0,1,0,0,3,14.9331817409267,44.187232988296,40.8795852707773,"SR/CSR","@rgb(38,113,104)","@rgb(192,192,192)","@rgb(192,192,192)","@symbol(2,512,0)"
"2765","Thesium linophyllon L.","Thesium linophyllon","Santalaceae","Santalales","Santalanae","Dicot","Kleyer","perennial","forb",0,0,1,0,0,0,0,1,0,0,0,1,1,0,0,0,0,0,0,1,0,0,3,3.47661358254121,28.7750399544069,67.7483464630519,"R/SR","@rgb(9,73,173)","@rgb(192,192,192)","@rgb(192,192,192)","@symbol(2,512,0)"
"2766","Thesium pyrenaicum Pourr.","Thesium pyrenaicum","Santalaceae","Santalales","Santalanae","Dicot","Kleyer","perennial","forb",0,0,1,0,0,0,0,1,0,0,0,1,1,0,0,0,0,0,0,1,0,0,3,5.5291825689476,17.0660218446412,77.4047955864112,"R/SR","@rgb(14,44,197)","@rgb(192,192,192)","@rgb(192,192,192)","@symbol(2,512,0)"
"2767","Thevetia ahouai (L.) A. DC.","Thevetia ahouai","Apocynaceae","Gentianales","Asteranae","Dicot","Wright","perennial","tree",0,1,0,0,0,0,0,1,1,1,0,0,0,0,0,0,0,0,0,0,0,0,2,73.3558759478561,4.44533837028335,22.1987856818605,"C/CR","@rgb(187,11,57)","@rgb(255,255,255)","@rgb(128,0,0)","@symbol(3,512,0)"
"2768","Thinouia myriantha Triana & Planch.","Thinouia myriantha","Sapindaceae","Sapindales","Rosanae","Dicot","Wright","perennial","tree",0,1,0,0,0,0,0,1,1,1,1,0,0,0,0,0,0,0,0,0,0,0,3,50.9740182709176,43.3812183082206,5.64476342086184,"CS","@rgb(130,111,14)","@rgb(255,255,255)","@rgb(128,0,0)","@symbol(3,512,0)"
"2769","Thlaspi alliaceum L.","Mummenhoffia alliacea","Brassicaceae","Brassicales","Rosanae","Dicot","Cerabolini/Pierce","annual","forb",0,0,1,1,0,0,0,2,1,0,0,1,0,0,0,0,0,1,0,1,0,0,4,13.0152744462682,0,86.9847255537318,"R","@rgb(33,0,222)","@rgb(192,192,192)","@rgb(192,192,192)","@symbol(2,512,0)"
"2770","Thlaspi arvense L.","Thlaspi arvense","Brassicaceae","Brassicales","Rosanae","Dicot","Díaz","annual","forb",0,0,1,0,1,0,0,2,1,0,0,1,1,1,0,1,0,1,1,1,1,0,9,18.7238478042758,0,81.2761521957242,"R/CR","@rgb(48,0,207)","@rgb(192,192,192)","@rgb(192,192,192)","@symbol(2,512,0)"
"2771","Thlaspi montanum L.","Noccaea montana","Brassicaceae","Brassicales","Rosanae","Dicot","Kleyer","perennial","forb",0,0,1,0,0,0,0,1,0,0,0,1,1,0,0,0,0,0,0,0,0,0,2,12.6417321198645,0,87.3582678801355,"R","@rgb(32,0,223)","@rgb(192,192,192)","@rgb(192,192,192)","@symbol(2,512,0)"
"2772","Thlaspi rotundifolium (L.) Gaudin","Noccaea rotundifolia","Brassicaceae","Brassicales","Rosanae","Dicot","Caccianiga","perennial","forb",0,0,1,0,0,0,0,1,0,0,0,1,1,0,0,0,0,0,0,0,0,0,2,3.15375875745264,96.8462412425474,0,"S","@rgb(8,247,0)","@rgb(192,192,192)","@rgb(192,192,192)","@symbol(2,512,0)"
"2773","Thymus glabrescens Willd. decipiens (Heinr. Braun) Domin","Thymus oenipontanus","Lamiaceae","Lamiales","Asteranae","Dicot","Cerabolini","perennial","shrub",0,0,1,0,0,0,0,1,0,0,0,1,1,0,0,0,0,0,0,0,0,0,2,0.266374197740964,74.308684045048,25.424941757211,"S/SR","@rgb(1,189,65)","@rgb(192,192,192)","@rgb(0,0,0)","@symbol(6,512,0)"
"2774","Thymus nummularius M. Bieb.","Thymus nummularius","Lamiaceae","Lamiales","Asteranae","Dicot","Soudzilovskaia","perennial","shrub",0,0,1,0,0,0,0,1,0,0,0,1,0,0,0,0,0,0,0,0,0,0,1,4.66302243999517,55.8714904771488,39.465487082856,"SR","@rgb(12,142,101)","@rgb(192,192,192)","@rgb(0,0,0)","@symbol(6,512,0)"
"2775","Thymus praecox Opiz","Thymus praecox","Lamiaceae","Lamiales","Asteranae","Dicot","Kleyer","perennial","shrub",0,0,1,0,0,0,0,1,0,0,0,1,1,1,0,0,0,0,1,1,0,0,5,0,69.1425786901039,30.8574213098961,"S/SR","@rgb(0,176,79)","@rgb(192,192,192)","@rgb(0,0,0)","@symbol(6,512,0)"
"2776","Thymus pulegioides L. pulegioides","Thymus pulegioides subsp. pulegioides","Lamiaceae","Lamiales","Asteranae","Dicot","Cerabolini","perennial","shrub",0,0,1,0,0,0,0,1,0,0,0,1,1,1,0,0,0,0,0,1,0,0,4,0,76.7739616907084,23.2260383092916,"S/SR","@rgb(0,196,59)","@rgb(192,192,192)","@rgb(0,0,0)","@symbol(6,512,0)"
"2777","Thymus serpyllum L.","Thymus serpyllum","Lamiaceae","Lamiales","Asteranae","Dicot","Kleyer","perennial","shrub",0,0,1,0,0,0,0,1,0,0,0,1,1,1,0,0,0,0,1,0,0,0,4,0,95.7147871022424,4.28521289775756,"S","@rgb(0,244,11)","@rgb(192,192,192)","@rgb(0,0,0)","@symbol(6,512,0)"
"2778","Thymus vulgaris L.","Thymus vulgaris","Lamiaceae","Lamiales","Asteranae","Dicot","Wright","perennial","shrub",0,0,1,0,0,0,0,1,0,0,0,1,1,0,0,0,0,0,0,1,0,0,3,0,87.7882344011501,12.2117655988499,"S","@rgb(0,224,31)","@rgb(192,192,192)","@rgb(0,0,0)","@symbol(6,512,0)"
"2779","Thyrsodium spruceanum Benth.","Thyrsodium spruceanum","Anacardiaceae","Sapindales","Rosanae","Dicot","Pinho","perennial","tree",0,1,0,0,0,0,0,1,1,0,0,0,0,0,0,0,0,0,0,0,0,0,1,45.0338906330253,46.0662397302368,8.89986963673797,"CS","@rgb(115,117,23)","@rgb(255,255,255)","@rgb(128,0,0)","@symbol(3,512,0)"
"2780","Tilia × europaea L.",NA,"Malvaceae","Malvales","Rosanae","Dicot","Cornelissen","perennial","tree",0,0,1,0,0,0,0,1,0,0,0,1,1,1,0,0,0,0,0,1,0,0,4,16.3471694273096,30.7876526456641,52.8651779270262,"R/CSR","@rgb(42,79,135)","@rgb(255,255,255)","@rgb(128,0,0)","@symbol(3,512,0)"
"2781","Tilia cordata Mill.","Tilia cordata","Malvaceae","Malvales","Rosanae","Dicot","Cerabolini/Pierce","perennial","tree",0,0,1,0,0,0,0,1,0,0,0,1,1,1,0,0,0,0,1,1,0,0,5,40.7809876384978,44.6433491103045,14.5756632511977,"CS/CSR","@rgb(104,114,37)","@rgb(255,255,255)","@rgb(128,0,0)","@symbol(3,512,0)"
"2782","Tilia platyphyllos Scop.","Tilia platyphyllos","Malvaceae","Malvales","Rosanae","Dicot","Cerabolini/Pierce","perennial","tree",0,0,1,0,0,0,0,1,0,0,0,1,1,0,0,0,0,0,0,1,0,0,3,49.1449988729846,27.026702699008,23.8282984280074,"C/CSR","@rgb(125,69,61)","@rgb(255,255,255)","@rgb(128,0,0)","@symbol(3,512,0)"
"2783","Tocoyena formosa (Cham. & Schltdl.) K. Schum.","Tocoyena formosa","Rubiaceae","Gentianales","Asteranae","Dicot","Pinho","perennial","shrub",0,1,0,0,0,0,0,1,1,1,0,0,0,0,1,0,0,0,0,0,1,0,4,60.2093100552075,34.060590301971,5.73009964282146,"C/CS","@rgb(154,87,15)","@rgb(192,192,192)","@rgb(0,0,0)","@symbol(6,512,0)"
"2784","Tocoyena pittieri (Standl.) Standl.","Tocoyena pittieri","Rubiaceae","Gentianales","Asteranae","Dicot","Wright","perennial","tree",0,1,0,0,0,0,0,1,1,1,0,0,0,0,0,0,0,0,0,0,0,0,2,74.6090700974721,17.772105079516,7.6188248230119,"C/CS","@rgb(190,45,19)","@rgb(255,255,255)","@rgb(128,0,0)","@symbol(3,512,0)"
"2785","Tofieldia calyculata (L.) Wahlenb.","Tofieldia calyculata","Tofieldiaceae","Alismatales","Lilianae","Monocot","Cerabolini/Pierce","perennial","forb",0,0,1,0,0,0,0,1,0,0,0,1,1,0,0,0,0,0,0,0,0,0,2,17.4906795570384,69.5380508207612,12.9712696222004,"S/CS","@rgb(45,177,33)","@rgb(192,192,192)","@rgb(192,192,192)","@symbol(2,512,0)"
"2786","Tofieldia pusilla (Michx.) Pers.","Tofieldia pusilla","Tofieldiaceae","Alismatales","Lilianae","Monocot","Kleyer","perennial","forb",1,0,1,0,0,0,0,2,0,0,0,1,1,1,0,0,0,0,1,0,0,0,4,3.41984248576411,66.0611218575941,30.5190356566418,"S/SR","@rgb(9,168,78)","@rgb(192,192,192)","@rgb(192,192,192)","@symbol(2,512,0)"
"2787","Tolpis staticifolia (All.) Sch. Bip.","Tolpis staticifolia","Asteraceae","Asterales","Asteranae","Dicot","Cerabolini/Pierce","perennial","forb",0,0,1,0,0,0,0,1,0,0,0,1,1,0,0,0,0,0,0,0,0,0,2,39.8796284787266,0,60.1203715212734,"CR","@rgb(102,0,153)","@rgb(192,192,192)","@rgb(192,192,192)","@symbol(2,512,0)"
"2788","Tordylium maximum L.","Tordylium maximum","Apiaceae","Apiales","Asteranae","Dicot","Kleyer","biennial","forb",0,0,1,0,0,0,0,1,0,0,0,1,1,0,0,0,0,0,0,1,0,0,3,53.4807051130336,20.5549476130464,25.9643472739201,"C/CSR","@rgb(136,52,66)","@rgb(192,192,192)","@rgb(192,192,192)","@symbol(2,512,0)"
"2789","Torilis arvensis (Huds.) Link","Torilis arvensis","Apiaceae","Apiales","Asteranae","Dicot","Kleyer","annual","forb",0,0,1,1,0,0,0,2,1,0,0,1,0,0,0,1,0,1,0,1,1,0,6,29.9807534816266,18.2268600299645,51.7923864884089,"R/CSR","@rgb(76,46,132)","@rgb(192,192,192)","@rgb(192,192,192)","@symbol(2,512,0)"
"2790","Torilis nodosa (L.) Gaertn.","Torilis nodosa","Apiaceae","Apiales","Asteranae","Dicot","Kleyer","annual","forb",0,0,1,0,0,0,0,1,0,0,0,1,0,0,0,1,0,1,0,1,1,0,5,6.32974609395263,72.3457278495258,21.3245260565216,"S/SR","@rgb(16,184,54)","@rgb(192,192,192)","@rgb(192,192,192)","@symbol(2,512,0)"
"2791","Tovomita longifolia (Rich.) Hochr.","Tovomita longifolia","Clusiaceae","Malpighiales","Rosanae","Dicot","Wright","perennial","tree",0,1,0,0,0,0,0,1,1,1,0,0,0,0,1,0,0,0,0,0,0,0,3,53.5037034726653,42.6431244767796,3.85317205055505,"CS","@rgb(136,109,10)","@rgb(255,255,255)","@rgb(128,0,0)","@symbol(3,512,0)"
"2792","Townsendia exscapa (Richardson) Porter","Townsendia exscapa","Asteraceae","Asterales","Asteranae","Dicot","Laughlin","perennial","forb",1,0,0,0,0,0,0,1,0,0,1,0,1,0,0,1,0,0,0,0,0,0,3,3.67227214084492,78.8765367166698,17.4511911424853,"S/SR","@rgb(9,201,45)","@rgb(192,192,192)","@rgb(192,192,192)","@symbol(2,512,0)"
"2793","Toxicodendron radicans (L.) Kuntze","Toxicodendron radicans","Anacardiaceae","Sapindales","Rosanae","Dicot","Weiher","perennial","forb",1,1,0,0,0,0,0,2,1,1,1,1,1,0,1,1,0,0,0,0,1,0,8,26.5513936622894,60.3168295195296,13.131776818181,"S/CSR","@rgb(68,154,33)","@rgb(192,192,192)","@rgb(192,192,192)","@symbol(2,512,0)"
"2794","Trachomitum venetum (L.) Woodson","Apocynum venetum","Apocynaceae","Gentianales","Asteranae","Dicot","Buffa","perennial","shrub",0,0,1,0,0,0,0,1,0,0,0,0,0,0,0,1,0,1,0,0,1,0,3,13.8095815327083,66.0059421741413,20.1844762931504,"S/SR","@rgb(35,168,51)","@rgb(192,192,192)","@rgb(0,0,0)","@symbol(6,512,0)"
"2795","Trachycarpus fortunei (Hook.) H. Wendl.","Trachycarpus fortunei","Arecaceae","Arecales","Lilianae","Monocot","Cerabolini/Pierce","perennial","tree",0,0,1,0,1,0,0,2,1,0,0,1,1,0,0,0,0,0,0,0,0,0,3,77.9025856392772,22.0974143607228,0,"C/CS","@rgb(199,56,0)","@rgb(255,255,255)","@rgb(128,0,0)","@symbol(3,512,0)"
"2796","Trachypogon spicatus (L.f.) Kuntze","Trachypogon spicatus","Poaceae","Poales","Lilianae","Monocot","Negreiros","perennial","graminoid",1,1,0,1,0,0,0,3,1,1,1,0,0,0,1,0,1,1,0,1,1,0,8,7.60230740657076,92.3976925934292,0,"S","@rgb(19,236,0)","@rgb(0,0,0)","@rgb(0,128,0)","@symbol(4,512,0)"
"2797","Tradescantia ohiensis Raf.","Tradescantia ohiensis","Commelinaceae","Commelinales","Lilianae","Monocot","Weiher","perennial","forb",1,0,0,0,0,0,0,1,0,0,1,1,1,0,1,1,0,0,0,0,0,0,5,51.2083666849033,0,48.7916333150967,"CR","@rgb(131,0,124)","@rgb(192,192,192)","@rgb(192,192,192)","@symbol(2,512,0)"
"2798","Tragia impedita Prain","Tragia impedita","Euphorbiaceae","Malpighiales","Rosanae","Dicot","Buffa/Nyakunga","perennial","shrub",0,0,0,1,0,0,0,1,0,0,0,0,0,0,1,0,0,0,0,0,0,0,1,25.7204588254347,41.3752350228409,32.9043061517243,"CSR","@rgb(66,106,84)","@rgb(192,192,192)","@rgb(0,0,0)","@symbol(6,512,0)"
"2799","Tragopogon dubius Scop.","Tragopogon dubius","Asteraceae","Asterales","Asteranae","Dicot","Laughlin","perennial","forb",0,0,1,0,0,0,0,1,0,0,0,1,1,0,0,0,0,0,0,1,0,0,3,22.1684647270084,34.2110991161676,43.620436156824,"SR/CSR","@rgb(57,87,111)","@rgb(192,192,192)","@rgb(192,192,192)","@symbol(2,512,0)"
"2800","Tragopogon porrifolius L.","Tragopogon porrifolius","Asteraceae","Asterales","Asteranae","Dicot","Cerabolini/Pierce","biennial","forb",0,0,1,0,0,0,0,1,0,0,0,1,0,0,0,1,0,0,0,1,1,0,4,41.2527036528958,11.3967894838494,47.3505068632548,"CR/CSR","@rgb(105,29,121)","@rgb(192,192,192)","@rgb(192,192,192)","@symbol(2,512,0)"
"2801","Tragopogon pratensis L.","Tragopogon pratensis","Asteraceae","Asterales","Asteranae","Dicot","Kleyer","perennial","forb",0,0,1,0,0,0,0,1,0,0,0,1,1,1,0,1,0,1,0,1,0,0,6,28.1179765545871,16.0906272685341,55.7913961768787,"R/CSR","@rgb(72,41,142)","@rgb(192,192,192)","@rgb(192,192,192)","@symbol(2,512,0)"
"2802","Trapa natans L.","Trapa natans","Lythraceae","Myrtales","Rosanae","Dicot","Kleyer","perennial","aquatic",0,0,1,1,1,0,0,3,1,0,0,1,0,0,1,1,1,1,0,1,0,0,7,33.06685635352,41.6414932923386,25.2916503541414,"CSR","@rgb(84,106,64)","@rgb(192,192,192)","@rgb(0,0,255)","@symbol(5,512,0)"
"2803","Trattinnickia aspera (Standl.) Swart","Trattinnickia aspera","Burseraceae","Sapindales","Rosanae","Dicot","Wright","perennial","tree",0,1,0,0,0,0,0,1,1,0,0,0,0,0,0,0,0,0,0,0,0,0,1,76.6467756142873,21.4507789128172,1.90244547289547,"C/CS","@rgb(195,55,5)","@rgb(255,255,255)","@rgb(128,0,0)","@symbol(3,512,0)"
"2804","Traunsteinera sphaerica (Biebl) Schltr.","Traunsteinera sphaerica","Orchidaceae","Asparagales","Lilianae","Monocot","Soudzilovskaia","perennial","forb",0,0,1,0,0,0,0,1,0,0,0,1,1,0,0,0,0,0,0,0,0,0,2,42.2467668826258,0,57.7532331173742,"CR","@rgb(108,0,147)","@rgb(192,192,192)","@rgb(192,192,192)","@symbol(2,512,0)"
"2805","Trema micrantha (L.) Blume",NA,"Cannabaceae","Rosales","Rosanae","Dicot","Wright","perennial","shrub",0,1,0,0,0,0,0,1,1,1,1,0,0,0,1,0,1,0,0,0,1,0,6,41.6380510866596,38.6376470599185,19.7243018534219,"CS/CSR","@rgb(106,99,50)","@rgb(192,192,192)","@rgb(0,0,0)","@symbol(6,512,0)"
"2806","Trichanthera gigantea (Bonpl.) Nees","Trichanthera gigantea","Acanthaceae","Lamiales","Asteranae","Dicot","Wright","perennial","tree",0,1,0,0,0,0,0,1,1,1,0,0,0,0,1,0,0,0,0,0,0,0,3,66.2968774132965,1.30191994181998,32.4012026448835,"C/CR","@rgb(169,3,83)","@rgb(255,255,255)","@rgb(128,0,0)","@symbol(3,512,0)"
"2807","Trichilia pallida Sw.","Trichilia pallida","Meliaceae","Sapindales","Rosanae","Dicot","Wright","perennial","tree",0,1,0,0,0,0,0,1,1,1,0,0,0,0,1,0,1,0,0,0,0,0,4,66.8762666415505,24.6775092377628,8.44622412068665,"C/CS","@rgb(171,63,22)","@rgb(255,255,255)","@rgb(128,0,0)","@symbol(3,512,0)"
"2808","Trichilia poeppigii C. DC.","Trichilia poeppigii","Meliaceae","Sapindales","Rosanae","Dicot","Wright","perennial","tree",0,1,0,0,0,0,0,1,1,0,0,0,0,0,0,0,0,0,0,0,0,0,1,46.7033224075015,32.1874133124109,21.1092642800877,"CS/CSR","@rgb(119,82,54)","@rgb(255,255,255)","@rgb(128,0,0)","@symbol(3,512,0)"
"2809","Trichilia tuberculata (Triana & Planch.) C. DC.","Trichilia tuberculata","Meliaceae","Sapindales","Rosanae","Dicot","Wright","perennial","tree",0,1,0,0,0,0,0,1,1,1,0,0,0,0,0,0,0,0,0,0,0,0,2,59.7565500550635,36.4279516046667,3.81549834026978,"CS","@rgb(152,93,10)","@rgb(255,255,255)","@rgb(128,0,0)","@symbol(3,512,0)"
"2810","Trichophorum caespitosum (L.) Hartm.","Trichophorum cespitosum","Cyperaceae","Poales","Lilianae","Monocot","Cerabolini","perennial","graminoid",1,0,1,0,0,0,0,2,0,0,0,1,1,1,0,0,0,0,1,0,0,0,4,1.18938966632764,98.8106103336723,0,"S","@rgb(3,252,0)","@rgb(0,0,0)","@rgb(0,128,0)","@symbol(4,512,0)"
"2811","Trichospermum galeottii (Turcz.) Kosterm.","Trichospermum galeottii","Malvaceae","Malvales","Rosanae","Dicot","Wright","perennial","tree",0,1,0,0,0,0,0,1,1,1,1,0,0,0,0,0,0,0,0,0,0,0,3,38.3713353253644,51.3497885061681,10.2788761684675,"CS","@rgb(98,131,26)","@rgb(255,255,255)","@rgb(128,0,0)","@symbol(3,512,0)"
"2812","Tridens flavus (L.) Hitchc.","Tridens flavus","Poaceae","Poales","Lilianae","Monocot","Weiher","perennial","graminoid",1,0,0,0,0,0,0,1,0,0,1,1,1,0,1,1,0,0,0,0,0,0,5,17.4987145836758,75.1735419919687,7.3277434243555,"S/CS","@rgb(45,192,19)","@rgb(0,0,0)","@rgb(0,128,0)","@symbol(4,512,0)"
"2813","Trientalis europaea L.","Lysimachia europaea","Primulaceae","Ericales","Asteranae","Dicot","Kleyer","perennial","forb",0,0,1,0,0,0,0,1,0,0,0,1,1,1,0,0,0,0,1,0,0,0,4,10.7337227901265,33.7237691568339,55.5425080530396,"R/CSR","@rgb(27,86,142)","@rgb(192,192,192)","@rgb(192,192,192)","@symbol(2,512,0)"
"2814","Trifolium alpestre Crantz","Trifolium medium","Fabaceae","Fabales","Rosanae","Dicot","Kleyer","perennial","forb",0,0,1,0,0,0,0,1,0,0,0,1,1,0,0,1,0,0,0,1,0,0,4,22.1106765093324,68.4417429038558,9.44758058681178,"S/CS","@rgb(56,175,24)","@rgb(192,192,192)","@rgb(192,192,192)","@symbol(2,512,0)"
"2815","Trifolium arvense L. arvense","Trifolium arvense","Fabaceae","Fabales","Rosanae","Dicot","Cerabolini/Pierce","perennial","forb",0,0,1,1,0,0,0,2,0,0,0,1,1,1,0,1,0,1,1,1,1,0,8,6.4494152787025,53.1326792064329,40.4179055148646,"SR","@rgb(16,135,103)","@rgb(192,192,192)","@rgb(192,192,192)","@symbol(2,512,0)"
"2816","Trifolium aureum Pollich","Trifolium aureum","Fabaceae","Fabales","Rosanae","Dicot","Kleyer","biennial","forb",0,0,1,0,0,0,0,1,0,0,0,1,1,1,0,1,0,0,1,1,0,0,6,12.7183214016392,40.2558525288752,47.0258260694856,"SR/CSR","@rgb(32,103,120)","@rgb(192,192,192)","@rgb(192,192,192)","@symbol(2,512,0)"
"2817","Trifolium badium Schreb.","Trifolium badium","Fabaceae","Fabales","Rosanae","Dicot","Cerabolini/Pierce","perennial","forb",0,0,1,0,0,0,0,1,0,0,0,1,1,0,0,1,0,0,0,1,0,0,4,15.8577695017741,44.2906726904053,39.8515578078206,"SR/CSR","@rgb(40,113,102)","@rgb(192,192,192)","@rgb(192,192,192)","@symbol(2,512,0)"
"2818","Trifolium campestre Schreb.","Trifolium campestre","Fabaceae","Fabales","Rosanae","Dicot","Cerabolini/Pierce","biennial","forb",0,0,1,1,0,0,0,2,0,0,0,1,1,1,0,1,0,1,0,1,1,0,7,5.00696602954529,32.7299305403663,62.2631034300884,"R/SR","@rgb(13,83,159)","@rgb(192,192,192)","@rgb(192,192,192)","@symbol(2,512,0)"
"2819","Trifolium fragiferum L.","Trifolium fragiferum","Fabaceae","Fabales","Rosanae","Dicot","Díaz","perennial","forb",0,0,1,0,0,0,0,1,0,0,0,1,1,1,0,1,0,1,0,1,1,0,7,22.6415181063651,29.8745776690604,47.4839042245745,"R/CSR","@rgb(58,76,121)","@rgb(192,192,192)","@rgb(192,192,192)","@symbol(2,512,0)"
"2820","Trifolium hybridum L.","Trifolium hybridum","Fabaceae","Fabales","Rosanae","Dicot","Shipley","perennial","forb",0,0,1,0,0,0,0,1,0,0,0,1,1,0,0,1,0,0,0,1,0,0,4,45.4495767580109,25.7635858358495,28.7868374061396,"C/CSR","@rgb(116,66,73)","@rgb(192,192,192)","@rgb(192,192,192)","@symbol(2,512,0)"
"2821","Trifolium incarnatum L.","Trifolium incarnatum","Fabaceae","Fabales","Rosanae","Dicot","Kleyer","annual","forb",0,0,1,0,0,0,0,1,0,0,0,1,1,0,0,0,0,0,0,1,0,0,3,36.862020307349,12.4591252386423,50.6788544540087,"CR/CSR","@rgb(94,32,129)","@rgb(192,192,192)","@rgb(192,192,192)","@symbol(2,512,0)"
"2822","Trifolium longipes Nutt.","Trifolium longipes","Fabaceae","Fabales","Rosanae","Dicot","Laughlin","perennial","forb",1,0,0,0,0,0,0,1,0,0,0,0,1,0,0,0,0,0,0,1,1,0,3,13.0963345864208,39.0932766743243,47.8103887392549,"SR/CSR","@rgb(33,100,122)","@rgb(192,192,192)","@rgb(192,192,192)","@symbol(2,512,0)"
"2823","Trifolium micranthum Viv.","Trifolium micranthum","Fabaceae","Fabales","Rosanae","Dicot","Kleyer","annual","forb",0,0,1,0,0,0,0,1,0,0,0,1,0,0,0,0,0,0,0,1,0,0,2,2.21584866874939,28.9819967577852,68.8021545734654,"R/SR","@rgb(6,74,175)","@rgb(192,192,192)","@rgb(192,192,192)","@symbol(2,512,0)"
"2824","Trifolium montanum L. montanum","Trifolium montanum subsp. montanum","Fabaceae","Fabales","Rosanae","Dicot","Cerabolini/Pierce","perennial","forb",0,0,1,0,0,0,0,1,0,0,0,1,1,1,0,1,0,0,0,1,0,0,5,29.4661622651833,22.3605852540271,48.1732524807895,"R/CSR","@rgb(75,57,123)","@rgb(192,192,192)","@rgb(192,192,192)","@symbol(2,512,0)"
"2825","Trifolium pallescens Schreb.","Trifolium pallescens","Fabaceae","Fabales","Rosanae","Dicot","Cerabolini/Pierce","perennial","forb",0,0,1,0,0,0,0,1,0,0,0,1,1,0,0,0,0,0,0,1,0,0,3,8.97600547691944,62.1312546179754,28.8927399051051,"S/SR","@rgb(23,158,74)","@rgb(192,192,192)","@rgb(192,192,192)","@symbol(2,512,0)"
"2826","Trifolium polyphyllum C.A. Mey.","Trifolium polyphyllum","Fabaceae","Fabales","Rosanae","Dicot","Soudzilovskaia","perennial","forb",0,0,1,0,0,0,0,1,0,0,0,1,0,0,0,0,0,0,0,0,0,0,1,17.624076635624,49.6314146681894,32.7445086961866,"SR/CSR","@rgb(45,127,83)","@rgb(192,192,192)","@rgb(192,192,192)","@symbol(2,512,0)"
"2827","Trifolium pratense L. pratense","Trifolium pratense subsp. pratense","Fabaceae","Fabales","Rosanae","Dicot","Cerabolini/Pierce","perennial","forb",0,0,1,0,0,0,0,1,0,0,0,1,1,1,0,1,0,0,1,1,0,0,6,30.9022341619508,19.0308262501425,50.0669395879067,"R/CSR","@rgb(79,49,128)","@rgb(192,192,192)","@rgb(192,192,192)","@symbol(2,512,0)"
"2828","Trifolium repens L. repens","Trifolium repens subsp. repens","Fabaceae","Fabales","Rosanae","Dicot","Cerabolini/Pierce","perennial","forb",0,0,1,0,0,0,0,1,0,0,0,1,1,1,0,1,1,0,1,1,1,0,8,36.1849449128482,1.63373881548957,62.1813162716622,"R/CR","@rgb(92,4,159)","@rgb(192,192,192)","@rgb(192,192,192)","@symbol(2,512,0)"
"2829","Trifolium resupinatum L.","Trifolium resupinatum","Fabaceae","Fabales","Rosanae","Dicot","Kleyer","annual","forb",0,0,1,0,0,0,0,1,0,0,0,1,1,0,0,1,0,1,0,1,1,0,6,16.0871639731351,5.89726304968885,78.0155729771761,"R/CR","@rgb(41,15,199)","@rgb(192,192,192)","@rgb(192,192,192)","@symbol(2,512,0)"
"2830","Trifolium rubens L.","Trifolium rubens","Fabaceae","Fabales","Rosanae","Dicot","Cerabolini/Pierce","perennial","forb",0,0,1,0,0,0,0,1,0,0,0,1,1,0,0,0,0,0,0,1,0,0,3,31.9482545426403,47.7559356897323,20.2958097676274,"S/CSR","@rgb(81,122,52)","@rgb(192,192,192)","@rgb(192,192,192)","@symbol(2,512,0)"
"2831","Trifolium spadiceum L.","Trifolium spadiceum","Fabaceae","Fabales","Rosanae","Dicot","Kleyer","biennial","forb",0,0,1,0,0,0,0,1,0,0,0,1,1,1,0,1,0,0,0,1,0,0,5,11.5327486732687,24.5496317240166,63.9176196027147,"R/SR","@rgb(29,63,163)","@rgb(192,192,192)","@rgb(192,192,192)","@symbol(2,512,0)"
"2832","Trifolium striatum L.","Trifolium striatum","Fabaceae","Fabales","Rosanae","Dicot","Kleyer","annual","forb",0,0,1,0,0,0,0,1,0,0,0,1,0,0,0,1,0,0,0,1,1,0,4,13.094618396644,53.8626382181619,33.0427433851942,"S/CSR","@rgb(33,137,84)","@rgb(192,192,192)","@rgb(192,192,192)","@symbol(2,512,0)"
"2833","Trigonella foenum-graecum L.","Trigonella foenum-graecum","Fabaceae","Fabales","Rosanae","Dicot","Kleyer","annual","forb",0,0,1,0,0,0,0,1,0,0,0,0,0,0,0,1,0,1,0,0,1,0,3,33.7527210697472,11.3450458612246,54.9022330690282,"R/CSR","@rgb(86,29,140)","@rgb(192,192,192)","@rgb(192,192,192)","@symbol(2,512,0)"
"2834","Trillium cernuum L","Trillium cernuum","Melanthiaceae","Liliales","Lilianae","Monocot","Weiher","perennial","forb",1,0,0,0,0,0,0,1,0,0,0,1,0,1,0,1,0,0,0,0,0,0,3,54.4039360287219,0,45.5960639712781,"CR","@rgb(139,0,116)","@rgb(192,192,192)","@rgb(192,192,192)","@symbol(2,512,0)"
"2835","Trillium flexipes Raf.","Trillium flexipes","Melanthiaceae","Liliales","Lilianae","Monocot","Weiher","perennial","forb",1,0,0,0,0,0,0,1,0,0,0,1,0,0,0,1,0,0,0,0,0,0,2,60.4816515787206,0,39.5183484212794,"CR","@rgb(154,0,101)","@rgb(192,192,192)","@rgb(192,192,192)","@symbol(2,512,0)"
"2836","Trinia glauca (L.) Dumort. glauca","Trinia glauca subsp. glauca","Apiaceae","Apiales","Asteranae","Dicot","Cerabolini/Pierce","perennial","forb",0,0,1,0,0,0,0,1,0,0,0,1,1,0,0,0,0,0,0,1,0,0,3,32.5439485870761,65.7651303886288,1.69092102429503,"S/CS","@rgb(83,168,4)","@rgb(192,192,192)","@rgb(192,192,192)","@symbol(2,512,0)"
"2837","Triplaris cumingiana Fisch. & C.A. Mey. ex C.A. Mey.","Triplaris cumingiana","Polygonaceae","Caryophyllales","Caryophyllanae","Dicot","Wright","perennial","tree",0,1,0,0,0,0,0,1,1,1,0,0,0,0,0,0,0,0,0,0,0,0,2,61.2617505902327,27.13043506774,11.6078143420273,"C/CS","@rgb(156,69,30)","@rgb(255,255,255)","@rgb(128,0,0)","@symbol(3,512,0)"
"2838","Trisetaria flavescens (L.) Baumg. flavescens","Trisetum flavescens","Poaceae","Poales","Lilianae","Monocot","Cerabolini","perennial","graminoid",0,0,1,0,0,0,0,1,0,0,0,1,0,0,0,0,0,0,0,1,0,0,2,12.2751192052566,34.3115824622997,53.4132983324438,"SR/CSR","@rgb(31,87,136)","@rgb(0,0,0)","@rgb(0,128,0)","@symbol(4,512,0)"
"2839","Trisetum flavescens (L.) P. Beauv.","Trisetum flavescens","Poaceae","Poales","Lilianae","Monocot","Soudzilovskaia","perennial","graminoid",0,0,1,0,0,0,0,1,0,0,0,1,1,1,0,0,0,0,1,1,0,0,5,12.5609055474164,52.4274705088518,35.0116239437318,"SR/CSR","@rgb(32,134,89)","@rgb(0,0,0)","@rgb(0,128,0)","@symbol(4,512,0)"
"2840","Triticum aestivum L.","Triticum aestivum","Poaceae","Poales","Lilianae","Monocot","Kleyer","annual","graminoid",0,0,1,0,0,0,0,1,0,0,0,1,0,0,0,1,0,0,0,0,1,0,3,39.2800523816278,22.810724454366,37.9092231640062,"CR/CSR","@rgb(100,58,97)","@rgb(0,0,0)","@rgb(0,128,0)","@symbol(4,512,0)"
"2841","Trollius europaeus L.","Trollius europaeus","Ranunculaceae","Ranunculales","Ranunculanae","Dicot","Cerabolini/Pierce","perennial","forb",0,0,1,0,0,0,0,1,0,0,0,1,1,1,0,0,0,0,1,1,0,0,5,52.3926649207019,30.1328353974601,17.4744996818379,"C/CSR","@rgb(134,77,45)","@rgb(192,192,192)","@rgb(192,192,192)","@symbol(2,512,0)"
"2842","Tropaeolum majus L.","Tropaeolum majus","Tropaeolaceae","Brassicales","Rosanae","Dicot","Kleyer","perennial","herbaceous vine",0,1,0,0,0,0,0,1,1,0,0,0,0,0,0,0,0,1,0,0,0,0,2,58.2258228406521,0,41.774177159348,"CR","@rgb(148,0,107)","@rgb(0,0,0)","@rgb(0,255,0)","@symbol(3,512,0)"
"2843","Trophis caucana (Pittier) C.C. Berg","Trophis caucana","Moraceae","Rosales","Rosanae","Dicot","Wright","perennial","tree",0,1,0,0,0,0,0,1,1,0,0,0,0,0,0,0,0,0,0,0,0,0,1,49.1080775171279,30.1828762266205,20.7090462562516,"C/CSR","@rgb(125,77,53)","@rgb(255,255,255)","@rgb(128,0,0)","@symbol(3,512,0)"
"2844","Trophis racemosa (L.) Urb.","Trophis racemosa","Moraceae","Rosales","Rosanae","Dicot","Wright","perennial","shrub",1,1,0,0,0,0,0,2,1,1,1,0,0,0,0,0,0,0,0,0,1,0,4,42.5669362518347,42.5951228714922,14.8379408766731,"CS/CSR","@rgb(109,109,38)","@rgb(192,192,192)","@rgb(0,0,0)","@symbol(6,512,0)"
"2845","Turgenia latifolia (L.) Hoffm.","Turgenia latifolia","Apiaceae","Apiales","Asteranae","Dicot","Kleyer","annual","forb",0,0,1,0,0,0,0,1,0,0,0,1,1,0,0,1,0,1,0,1,1,0,6,54.2665084620336,0,45.7334915379664,"CR","@rgb(138,0,117)","@rgb(192,192,192)","@rgb(192,192,192)","@symbol(2,512,0)"
"2846","Turpinia occidentalis (Sw.) G. Don","Turpinia occidentalis","Staphyleaceae","Crossosomatales","Rosanae","Dicot","Wright","perennial","tree",0,1,0,0,0,0,0,1,1,1,1,0,0,0,0,0,0,0,0,0,0,0,3,61.7316533377991,22.3213547762746,15.9469918859263,"C/CSR","@rgb(157,57,41)","@rgb(255,255,255)","@rgb(128,0,0)","@symbol(3,512,0)"
"2847","Tussilago farfara L.","Tussilago farfara","Asteraceae","Asterales","Asteranae","Dicot","Shipley","perennial","forb",0,0,1,0,0,0,0,1,0,0,0,1,1,1,0,1,0,1,1,1,1,0,8,91.6174788383613,1.19719012082018,7.18533104081857,"C","@rgb(234,3,18)","@rgb(192,192,192)","@rgb(192,192,192)","@symbol(2,512,0)"
"2848","Typha angustifolia L.","Typha angustifolia","Typhaceae","Poales","Lilianae","Monocot","Kleyer","perennial","forb",1,0,1,0,0,0,0,2,0,0,0,1,1,1,0,1,0,1,0,1,0,0,6,65.6782708038856,34.3217291961144,0,"C/CS","@rgb(167,88,0)","@rgb(192,192,192)","@rgb(192,192,192)","@symbol(2,512,0)"
"2849","Typha latifolia L.","Typha latifolia","Typhaceae","Poales","Lilianae","Monocot","Kleyer","perennial","forb",1,1,1,1,0,0,0,4,1,1,1,1,1,1,1,1,0,1,0,1,1,0,11,86.3031150125924,10.247787600132,3.44909738727564,"C","@rgb(220,26,9)","@rgb(192,192,192)","@rgb(192,192,192)","@symbol(2,512,0)"
"2850","Ulex europaeus L.","Ulex europaeus","Fabaceae","Fabales","Rosanae","Dicot","Díaz","perennial","shrub",0,0,1,0,0,0,0,1,0,0,0,1,1,0,0,0,0,0,0,1,0,0,3,0.960193188758434,98.4081316242946,0.631675186946963,"S","@rgb(2,251,2)","@rgb(192,192,192)","@rgb(0,0,0)","@symbol(6,512,0)"
"2851","Ulex gallii Planch.","Ulex gallii","Fabaceae","Fabales","Rosanae","Dicot","Cornelissen","perennial","shrub",0,0,1,0,0,0,0,1,0,0,0,1,1,0,0,0,0,0,0,1,0,0,3,0.543187646492144,99.4568123535079,0,"S","@rgb(1,254,0)","@rgb(192,192,192)","@rgb(0,0,0)","@symbol(6,512,0)"
"2852","Ulmus glabra Huds.","Ulmus glabra","Ulmaceae","Rosales","Rosanae","Dicot","Cornelissen","perennial","tree",0,0,1,0,0,0,0,1,0,0,0,1,1,1,0,0,0,0,1,1,0,0,5,29.2491081408372,60.7373819349956,10.0135099241671,"S/CS","@rgb(75,155,26)","@rgb(255,255,255)","@rgb(128,0,0)","@symbol(3,512,0)"
"2853","Ulmus laevis Pall.","Ulmus laevis","Ulmaceae","Rosales","Rosanae","Dicot","Kleyer","perennial","tree",0,0,1,0,0,0,0,1,0,0,0,1,1,1,0,1,0,0,0,0,0,0,4,42.0783448469132,16.3380105613325,41.5836445917543,"CR/CSR","@rgb(107,42,106)","@rgb(255,255,255)","@rgb(128,0,0)","@symbol(3,512,0)"
"2854","Ulmus minor Mill.","Ulmus minor","Ulmaceae","Rosales","Rosanae","Dicot","Cerabolini/Pierce","perennial","tree",0,0,1,0,0,0,0,1,0,0,0,1,1,0,0,0,0,0,0,1,0,0,3,36.4005177471412,45.6747202901355,17.9247619627233,"CS/CSR","@rgb(93,116,46)","@rgb(255,255,255)","@rgb(128,0,0)","@symbol(3,512,0)"
"2855","Uncaria tomentosa (Willd.) DC.","Uncaria tomentosa","Rubiaceae","Gentianales","Asteranae","Dicot","Wright","perennial","liana",0,1,0,0,0,0,0,1,1,1,1,0,0,0,1,0,0,0,0,0,0,0,4,53.8135276027368,39.8330188882969,6.35345350896628,"CS","@rgb(137,102,16)","@rgb(128,128,128)","@rgb(128,128,128)","@symbol(3,512,0)"
"2856","Unonopsis pittieri Saff.","Unonopsis pittieri","Annonaceae","Magnoliales","Magnolianae","Dicot","Wright","perennial","tree",0,1,0,0,0,0,0,1,1,0,0,0,0,0,0,0,0,0,0,0,0,0,1,50.855468080925,38.1213794979496,11.0231524211254,"CS/CSR","@rgb(130,97,28)","@rgb(255,255,255)","@rgb(128,0,0)","@symbol(3,512,0)"
"2857","Urera baccifera (L.) Gaudich. ex Wedd.","Urera baccifera","Urticaceae","Rosales","Rosanae","Dicot","Wright","perennial","tree",0,1,0,0,0,0,0,1,1,1,1,0,0,0,1,0,1,0,0,0,0,0,5,83.0792889428939,0,16.9207110571061,"C/CR","@rgb(212,0,43)","@rgb(255,255,255)","@rgb(128,0,0)","@symbol(3,512,0)"
"2858","Urochloa decumbens (Stapf) R.D. Webster","Urochloa eminii","Poaceae","Poales","Lilianae","Monocot","Negreiros","perennial","graminoid",0,0,0,1,0,0,0,1,1,0,0,0,0,0,1,0,1,1,0,0,0,0,4,35.0546746319358,43.5868063559103,21.3585190121539,"CS/CSR","@rgb(89,111,54)","@rgb(0,0,0)","@rgb(0,128,0)","@symbol(4,512,0)"
"2859","Urophyllum glabrum Jack ex Wall.","Urophyllum glabrum","Rubiaceae","Gentianales","Asteranae","Dicot","SJ Wright Pasoh","perennial","tree",0,0,0,0,1,0,0,1,1,0,0,0,0,0,0,0,0,0,0,0,0,0,1,33.312942954027,66.6870570459729,0,"S/CS","@rgb(85,170,0)","@rgb(255,255,255)","@rgb(128,0,0)","@symbol(3,512,0)"
"2860","Urophyllum hirsutum (Wight) Hook. f.","Urophyllum hirsutum","Rubiaceae","Gentianales","Asteranae","Dicot","SJ Wright Pasoh","perennial","tree",0,0,0,0,1,0,0,1,1,0,0,0,0,0,0,0,0,0,0,0,0,0,1,40.134325453037,45.1757266969515,14.6899478500115,"CS/CSR","@rgb(102,115,37)","@rgb(255,255,255)","@rgb(128,0,0)","@symbol(3,512,0)"
"2861","Urtica dioica L. dioica","Urtica dioica subsp. dioica","Urticaceae","Rosales","Rosanae","Dicot","Cerabolini/Pierce","perennial","forb",0,0,1,0,1,0,0,2,0,0,0,1,1,1,0,1,0,1,1,1,1,0,8,44.7933090644435,34.3289311042406,20.8777598313159,"CS/CSR","@rgb(114,88,53)","@rgb(192,192,192)","@rgb(192,192,192)","@symbol(2,512,0)"
"2862","Urtica kioviensis Rogow.","Urtica kioviensis","Urticaceae","Rosales","Rosanae","Dicot","Kleyer","perennial","forb",0,0,1,0,0,0,0,1,0,0,0,1,0,0,0,0,0,0,0,1,0,0,2,37.3106272816396,7.88493100452396,54.8044417138364,"CR","@rgb(95,20,140)","@rgb(192,192,192)","@rgb(192,192,192)","@symbol(2,512,0)"
"2863","Utricularia australis R. Br.","Utricularia australis","Lentibulariaceae","Lamiales","Asteranae","Dicot","Kleyer","perennial","aquatic",0,0,1,1,1,1,0,4,1,0,0,1,1,1,1,1,0,1,0,1,1,0,9,7.69377958723587,0,92.3062204127641,"R","@rgb(20,0,235)","@rgb(192,192,192)","@rgb(0,0,255)","@symbol(5,512,0)"
"2864","Utricularia vulgaris L.","Utricularia vulgaris","Lentibulariaceae","Lamiales","Asteranae","Dicot","Kleyer","perennial","aquatic",0,0,1,0,0,0,0,1,0,0,0,1,1,1,0,1,0,1,1,1,0,0,7,10.1526031868149,0,89.8473968131851,"R","@rgb(26,0,229)","@rgb(192,192,192)","@rgb(0,0,255)","@symbol(5,512,0)"
"2865","Uvularia grandiflora Sm.","Uvularia grandiflora","Colchicaceae","Liliales","Lilianae","Monocot","Weiher","perennial","forb",1,0,0,0,0,0,0,1,0,0,0,1,0,0,0,1,0,0,0,0,0,0,2,39.6758370419189,5.57206206454399,54.7521008935371,"CR","@rgb(101,14,140)","@rgb(192,192,192)","@rgb(192,192,192)","@symbol(2,512,0)"
"2866","Vaccaria hispanica (Mill.) Rauschert","Vaccaria hispanica","Caryophyllaceae","Caryophyllales","Caryophyllanae","Dicot","Kleyer","annual","forb",0,0,1,0,0,0,0,1,0,0,0,1,1,1,0,1,0,1,0,1,1,0,7,61.0149746019774,1.89863262867831,37.0863927693443,"CR","@rgb(156,5,95)","@rgb(192,192,192)","@rgb(192,192,192)","@symbol(2,512,0)"
"2867","Vaccinium angustifolium Aiton","Vaccinium angustifolium","Ericaceae","Ericales","Asteranae","Dicot","Reich","perennial","shrub",1,0,0,0,0,0,0,1,0,0,0,1,0,1,0,0,0,0,0,0,0,0,2,11.3451194533431,40.6070360324074,48.0478445142495,"SR/CSR","@rgb(29,104,123)","@rgb(192,192,192)","@rgb(0,0,0)","@symbol(6,512,0)"
"2868","Vaccinium corymbosum L.","Vaccinium corymbosum","Ericaceae","Ericales","Asteranae","Dicot","Wright","perennial","shrub",1,0,0,0,0,0,0,1,0,0,0,1,1,0,0,1,0,0,0,1,0,0,4,34.6523984670267,63.036600128131,2.3110014048423,"S/CS","@rgb(88,161,6)","@rgb(192,192,192)","@rgb(0,0,0)","@symbol(6,512,0)"
"2869","Vaccinium myrtillus L.","Vaccinium myrtillus","Ericaceae","Ericales","Asteranae","Dicot","Cerabolini/Pierce","perennial","shrub",1,0,1,0,0,0,0,2,0,0,0,1,1,1,0,0,0,0,1,1,0,0,5,13.1518218099889,43.5567448648838,43.2914333251273,"SR/CSR","@rgb(34,111,110)","@rgb(192,192,192)","@rgb(0,0,0)","@symbol(6,512,0)"
"2870","Vaccinium oxycoccos L.","Vaccinium oxycoccos","Ericaceae","Ericales","Asteranae","Dicot","Cornelissen","perennial","shrub",1,0,1,0,0,0,0,2,0,0,0,1,1,1,0,0,0,0,1,0,0,0,4,0,95.1786347480028,4.82136525199717,"S","@rgb(0,243,12)","@rgb(192,192,192)","@rgb(0,0,0)","@symbol(6,512,0)"
"2871","Vaccinium uliginosum L. microphyllum (Lange) Tolm.","Vaccinium uliginosum subsp. uliginosum","Ericaceae","Ericales","Asteranae","Dicot","Cerabolini","perennial","shrub",1,0,1,0,0,0,0,2,0,0,0,1,1,1,0,0,0,0,1,1,0,0,5,0,100,0,"S","@rgb(0,255,0)","@rgb(192,192,192)","@rgb(0,0,0)","@symbol(6,512,0)"
"2872","Vaccinium uliginosum L. uliginosum","Vaccinium uliginosum subsp. uliginosum","Ericaceae","Ericales","Asteranae","Dicot","Cerabolini","perennial","shrub",0,0,1,0,0,0,0,1,0,0,0,1,1,1,0,1,0,0,1,0,0,0,5,10.723695528703,63.5790461646675,25.6972583066296,"S/SR","@rgb(27,162,66)","@rgb(192,192,192)","@rgb(0,0,0)","@symbol(6,512,0)"
"2873","Vaccinium vitis-idaea L.","Vaccinium vitis-idaea","Ericaceae","Ericales","Asteranae","Dicot","Cornelissen","perennial","shrub",1,0,1,0,0,0,0,2,0,0,0,1,1,1,0,0,0,0,1,0,0,0,4,3.35870266348847,96.6412973365115,0,"S","@rgb(9,246,0)","@rgb(192,192,192)","@rgb(0,0,0)","@symbol(6,512,0)"
"2874","Valeriana alpestris Steven","Valeriana alpestris","Caprifoliaceae","Dipsacales","Asteranae","Dicot","Soudzilovskaia","perennial","forb",0,0,1,0,0,0,0,1,0,0,0,1,0,0,0,0,0,0,0,0,0,0,1,33.6678273281577,9.91950729725202,56.4126653745903,"R/CSR","@rgb(86,25,144)","@rgb(192,192,192)","@rgb(192,192,192)","@symbol(2,512,0)"
"2875","Valeriana officinalis L.","Valeriana officinalis","Caprifoliaceae","Dipsacales","Asteranae","Dicot","Cerabolini/Pierce","perennial","forb",0,0,1,0,1,0,0,2,1,0,0,1,1,1,0,1,0,1,0,1,0,0,7,80.3746837274761,0,19.6253162725239,"C/CR","@rgb(205,0,50)","@rgb(192,192,192)","@rgb(192,192,192)","@symbol(2,512,0)"
"2876","Valeriana pratensis (Benth.) Steud.","Valeriana galeottiana","Caprifoliaceae","Dipsacales","Asteranae","Dicot","Kleyer","perennial","forb",0,1,0,0,0,0,0,1,0,1,1,0,0,0,0,0,0,0,0,0,0,0,2,50.409645119511,0,49.590354880489,"CR","@rgb(129,0,126)","@rgb(192,192,192)","@rgb(192,192,192)","@symbol(2,512,0)"
"2877","Valeriana tripteris L.","Valeriana tripteris","Caprifoliaceae","Dipsacales","Asteranae","Dicot","Cerabolini/Pierce","perennial","forb",0,0,1,0,0,0,0,1,0,0,0,1,1,0,0,0,0,0,0,1,0,0,3,34.0499497860581,0,65.9500502139419,"R/CR","@rgb(87,0,168)","@rgb(192,192,192)","@rgb(192,192,192)","@symbol(2,512,0)"
"2878","Valerianella coronata DC.","Valerianella coronata","Caprifoliaceae","Dipsacales","Asteranae","Dicot","Kleyer","annual","forb",0,0,1,0,0,0,0,1,0,0,0,1,0,0,0,1,0,0,0,1,0,0,3,24.9669513546195,0,75.0330486453805,"R/CR","@rgb(64,0,191)","@rgb(192,192,192)","@rgb(192,192,192)","@symbol(2,512,0)"
"2879","Valerianella dentata (L.) Pollich","Valeriana dentata","Caprifoliaceae","Dipsacales","Asteranae","Dicot","Kleyer","annual","forb",0,0,1,0,0,0,0,1,0,0,0,1,1,1,0,1,0,0,0,1,0,0,5,9.49096189467303,32.4460999392734,58.0629381660536,"R/CSR","@rgb(24,83,148)","@rgb(192,192,192)","@rgb(192,192,192)","@symbol(2,512,0)"
"2880","Valerianella locusta (L.) Laterr.","Valeriana locusta","Caprifoliaceae","Dipsacales","Asteranae","Dicot","Cerabolini/Pierce","annual","forb",0,0,1,0,0,0,0,1,0,0,0,1,1,1,0,0,0,0,0,1,0,0,4,12.898496372487,0,87.101503627513,"R","@rgb(33,0,222)","@rgb(192,192,192)","@rgb(192,192,192)","@symbol(2,512,0)"
"2881","Valerianella rimosa Bastard","Valeriana rimosa","Caprifoliaceae","Dipsacales","Asteranae","Dicot","Cerabolini/Pierce","annual","forb",0,0,1,0,0,0,0,1,0,0,0,1,1,0,0,0,0,0,0,1,0,0,3,35.1099205831548,0,64.8900794168452,"R/CR","@rgb(90,0,165)","@rgb(192,192,192)","@rgb(192,192,192)","@symbol(2,512,0)"
"2882","Vallisneria americana Michx.","Vallisneria americana","Hydrocharitaceae","Alismatales","Lilianae","Monocot","Cerabolini/Pierce","perennial","aquatic",1,1,0,0,0,0,0,2,1,1,0,1,1,0,1,1,0,0,0,0,0,1,7,68.4390606967572,0,31.5609393032428,"C/CR","@rgb(175,0,80)","@rgb(192,192,192)","@rgb(0,0,255)","@symbol(5,512,0)"
"2883","Vallisneria spiralis L.","Vallisneria spiralis","Hydrocharitaceae","Alismatales","Lilianae","Monocot","Cerabolini/Pierce","perennial","aquatic",0,0,1,1,1,0,0,3,1,0,0,1,0,0,1,0,1,1,0,1,0,0,6,41.1109951915963,0,58.8890048084037,"CR","@rgb(105,0,150)","@rgb(192,192,192)","@rgb(0,0,255)","@symbol(5,512,0)"
"2884","Vatica bella Slooten","Vatica bella","Dipterocarpaceae","Malvales","Rosanae","Dicot","SJ Wright Pasoh","perennial","tree",0,0,0,0,1,0,0,1,1,0,0,0,0,0,0,0,0,0,0,0,0,0,1,30.2406120521622,69.7593879478378,0,"S/CS","@rgb(77,178,0)","@rgb(255,255,255)","@rgb(128,0,0)","@symbol(3,512,0)"
"2885","Vellozia caruncularis Mart. ex Seub.","Vellozia caruncularis","Velloziaceae","Pandanales","Lilianae","Monocot","Negreiros","perennial","forb",0,1,0,0,0,0,0,1,0,0,0,0,0,0,1,0,0,0,0,0,0,0,1,19.2156031060884,80.7843968939116,0,"S/CS","@rgb(49,206,0)","@rgb(192,192,192)","@rgb(192,192,192)","@symbol(2,512,0)"
"2886","Vellozia epidendroides Mart. ex Schult. & Schult.f.","Vellozia epidendroides","Velloziaceae","Pandanales","Lilianae","Monocot","Negreiros","perennial","forb",0,1,0,0,0,0,0,1,0,0,0,0,0,0,1,0,0,0,0,0,0,0,1,10.4255925305185,89.5744074694815,0,"S","@rgb(27,228,0)","@rgb(192,192,192)","@rgb(192,192,192)","@symbol(2,512,0)"
"2887","Vellozia resinosa Mart.","Vellozia resinosa","Velloziaceae","Pandanales","Lilianae","Monocot","Negreiros","perennial","forb",0,1,0,0,0,0,0,1,0,0,0,0,0,0,1,0,0,0,0,0,0,0,1,33.7568427033589,66.2431572966411,0,"S/CS","@rgb(86,169,0)","@rgb(192,192,192)","@rgb(192,192,192)","@symbol(2,512,0)"
"2888","Vellozia variabilis Mart. ex Schult. f.","Vellozia alutacea","Velloziaceae","Pandanales","Lilianae","Monocot","Negreiros","perennial","forb",0,1,0,0,0,0,0,1,0,0,0,0,0,0,1,0,0,0,0,0,1,0,2,40.0986062134624,59.9013937865376,0,"CS","@rgb(102,153,0)","@rgb(192,192,192)","@rgb(192,192,192)","@symbol(2,512,0)"
"2889","Veratrum album L.","Veratrum album","Melanthiaceae","Liliales","Lilianae","Monocot","Soudzilovskaia","perennial","forb",0,0,1,0,0,0,0,1,0,0,0,1,1,0,0,0,0,0,0,1,0,0,3,70.2551805905195,0,29.7448194094805,"C/CR","@rgb(179,0,76)","@rgb(192,192,192)","@rgb(192,192,192)","@symbol(2,512,0)"
"2890","Veratrum lobelianum Bernh.","Veratrum lobelianum","Melanthiaceae","Liliales","Lilianae","Monocot","Cerabolini/Pierce","perennial","forb",0,0,1,0,0,0,0,1,0,0,0,1,1,1,0,0,0,1,1,0,0,0,5,74.2698979859798,13.5334750131233,12.1966270008969,"C/CS","@rgb(189,35,31)","@rgb(192,192,192)","@rgb(192,192,192)","@symbol(2,512,0)"
"2891","Veratrum nigrum L.","Veratrum nigrum","Melanthiaceae","Liliales","Lilianae","Monocot","Cerabolini/Pierce","perennial","forb",0,0,1,0,0,0,0,1,0,0,0,1,1,0,0,0,0,1,0,0,0,0,3,75.0612678697899,15.8641582494608,9.07457388074928,"C/CS","@rgb(191,40,23)","@rgb(192,192,192)","@rgb(192,192,192)","@symbol(2,512,0)"
"2892","Verbascum densiflorum Bertol.","Verbascum densiflorum","Scrophulariaceae","Lamiales","Asteranae","Dicot","Kleyer","biennial","forb",0,0,1,0,0,0,0,1,0,0,0,1,1,0,0,1,0,0,0,1,0,0,4,75.0797472841126,8.66759063387669,16.2526620820107,"C/CR","@rgb(191,22,41)","@rgb(192,192,192)","@rgb(192,192,192)","@symbol(2,512,0)"
"2893","Verbascum lychnitis L.","Verbascum lychnitis","Scrophulariaceae","Lamiales","Asteranae","Dicot","Cerabolini/Pierce","biennial","forb",0,0,1,0,0,0,0,1,0,0,0,1,1,0,0,1,0,0,0,1,0,0,4,67.6758705569393,8.74370116109646,23.5804282819643,"C/CR","@rgb(173,22,60)","@rgb(192,192,192)","@rgb(192,192,192)","@symbol(2,512,0)"
"2894","Verbascum phlomoides L.","Verbascum phlomoides","Scrophulariaceae","Lamiales","Asteranae","Dicot","Kleyer","biennial","forb",0,0,1,0,0,0,0,1,0,0,0,1,1,0,0,0,0,0,0,1,0,0,3,54.608781382242,21.7576605132848,23.6335581044733,"C/CSR","@rgb(139,55,60)","@rgb(192,192,192)","@rgb(192,192,192)","@symbol(2,512,0)"
"2895","Verbascum sinuatum L.","Verbascum sinuatum","Scrophulariaceae","Lamiales","Asteranae","Dicot","Cerabolini","biennial","forb",0,0,1,0,0,0,0,1,0,0,0,1,0,0,0,0,0,0,0,1,1,0,3,80.5909088818571,17.213078115167,2.19601300297583,"C/CS","@rgb(206,44,6)","@rgb(192,192,192)","@rgb(192,192,192)","@symbol(2,512,0)"
"2896","Verbascum thapsus L.","Verbascum thapsus","Scrophulariaceae","Lamiales","Asteranae","Dicot","Wright","biennial","forb",0,0,1,0,1,0,0,2,1,0,0,1,1,1,0,0,0,1,1,1,1,0,8,63.7952981991524,17.1885290851441,19.0161727157036,"C/CSR","@rgb(163,44,48)","@rgb(192,192,192)","@rgb(192,192,192)","@symbol(2,512,0)"
"2897","Verbena bracteata Lag. & Rodr.","Verbena bracteata","Verbenaceae","Lamiales","Asteranae","Dicot","Laughlin","perennial","forb",1,0,0,0,0,0,0,1,0,0,1,1,1,0,0,1,0,0,0,1,1,0,6,14.5405938378048,44.8365365705703,40.6228695916249,"SR/CSR","@rgb(37,114,104)","@rgb(192,192,192)","@rgb(192,192,192)","@symbol(2,512,0)"
"2898","Verbena hastata L.","Verbena hastata","Verbenaceae","Lamiales","Asteranae","Dicot","Shipley","perennial","forb",1,0,0,0,0,0,0,1,0,0,0,1,1,0,0,1,0,0,0,0,0,0,3,26.3204209749658,52.9145633867296,20.7650156383046,"S/CSR","@rgb(67,135,53)","@rgb(192,192,192)","@rgb(192,192,192)","@symbol(2,512,0)"
"2899","Verbena officinalis L.","Verbena officinalis","Verbenaceae","Lamiales","Asteranae","Dicot","Kleyer","annual","forb",1,1,1,1,1,1,0,6,1,1,1,1,1,0,1,1,0,1,0,1,1,0,10,23.9341036313585,49.9044230322011,26.1614733364404,"S/CSR","@rgb(61,127,67)","@rgb(192,192,192)","@rgb(192,192,192)","@symbol(2,512,0)"
"2900","Verbena stricta Vent.","Verbena stricta","Verbenaceae","Lamiales","Asteranae","Dicot","Weiher","perennial","forb",1,0,0,0,0,0,0,1,0,0,0,1,1,0,0,1,0,0,0,0,0,0,3,29.1148699487769,53.4426381194476,17.4424919317755,"S/CSR","@rgb(74,136,44)","@rgb(192,192,192)","@rgb(192,192,192)","@symbol(2,512,0)"
"2901","Verbena urticifolia L.","Verbena urticifolia","Verbenaceae","Lamiales","Asteranae","Dicot","Weiher","perennial","forb",1,0,0,0,0,0,0,1,0,0,0,1,1,0,0,1,0,0,0,0,0,0,3,33.2042087027186,50.119137578228,16.6766537190534,"CS/CSR","@rgb(85,128,43)","@rgb(192,192,192)","@rgb(192,192,192)","@symbol(2,512,0)"
"2902","Vernonia galamensis (Cass.) Less.","Vernonia galamensis","Asteraceae","Asterales","Asteranae","Dicot","Buffa/Nyakunga","annual","forb",0,0,0,1,0,0,0,1,1,0,0,0,0,0,1,0,0,0,0,0,0,0,2,35.8860612047154,0,64.1139387952846,"R/CR","@rgb(92,0,163)","@rgb(192,192,192)","@rgb(192,192,192)","@symbol(2,512,0)"
"2903","Veronica alpina L.","Veronica alpina","Plantaginaceae","Lamiales","Asteranae","Dicot","Cerabolini/Pierce","perennial","forb",1,0,1,0,0,0,0,2,0,0,0,1,1,1,0,0,0,1,1,1,0,0,6,4.54761954822123,13.5221991443946,81.9301813073841,"R","@rgb(12,34,209)","@rgb(192,192,192)","@rgb(192,192,192)","@symbol(2,512,0)"
"2904","Veronica anagallis-aquatica L.","Veronica anagallis-aquatica","Plantaginaceae","Lamiales","Asteranae","Dicot","Díaz","perennial","forb",1,1,1,1,1,0,0,5,1,1,0,1,1,1,1,1,1,1,0,1,1,0,11,22.7386704674151,0,77.2613295325849,"R/CR","@rgb(58,0,197)","@rgb(192,192,192)","@rgb(192,192,192)","@symbol(2,512,0)"
"2905","Veronica anagalloides Guss.","Veronica anagalloides","Plantaginaceae","Lamiales","Asteranae","Dicot","Kleyer","annual","forb",0,0,1,0,0,0,0,1,0,0,0,1,1,0,0,1,0,0,0,1,0,0,4,15.0504249709403,47.48067929255,37.4688957365096,"SR/CSR","@rgb(38,121,96)","@rgb(192,192,192)","@rgb(192,192,192)","@symbol(2,512,0)"
"2906","Veronica arvensis L.","Veronica arvensis","Plantaginaceae","Lamiales","Asteranae","Dicot","Cerabolini/Pierce","annual","forb",0,0,1,0,1,0,0,2,0,0,0,1,1,1,0,1,0,1,1,1,1,0,8,3.32282494358542,11.9772075598913,84.6999674965233,"R","@rgb(8,31,216)","@rgb(192,192,192)","@rgb(192,192,192)","@symbol(2,512,0)"
"2907","Veronica austriaca L.","Veronica austriaca","Plantaginaceae","Lamiales","Asteranae","Dicot","Kleyer","perennial","forb",0,0,1,0,0,0,0,1,0,0,0,1,1,0,0,1,0,0,0,1,0,0,4,17.3952401766955,26.1275390364589,56.4772207868456,"R/CSR","@rgb(44,67,144)","@rgb(192,192,192)","@rgb(192,192,192)","@symbol(2,512,0)"
"2908","Veronica beccabunga L.","Veronica beccabunga","Plantaginaceae","Lamiales","Asteranae","Dicot","Cerabolini/Pierce","perennial","aquatic",0,0,1,0,0,0,0,1,0,0,0,1,1,1,0,1,0,1,0,1,1,0,7,9.8053317961021,0,90.1946682038979,"R","@rgb(25,0,230)","@rgb(192,192,192)","@rgb(0,0,255)","@symbol(5,512,0)"
"2909","Veronica bellidioides L.","Veronica bellidioides","Plantaginaceae","Lamiales","Asteranae","Dicot","Cerabolini/Pierce","perennial","forb",0,0,1,0,0,0,0,1,0,0,0,1,1,0,0,0,0,0,0,1,0,0,3,8.76570722459221,91.2342927754078,0,"S","@rgb(22,233,0)","@rgb(192,192,192)","@rgb(192,192,192)","@symbol(2,512,0)"
"2910","Veronica catenata Pennell","Veronica catenata","Plantaginaceae","Lamiales","Asteranae","Dicot","Kleyer","perennial","forb",1,0,1,0,0,0,0,2,0,0,0,1,1,0,0,1,0,0,0,1,1,0,5,15.3892356690442,0,84.6107643309558,"R","@rgb(39,0,216)","@rgb(192,192,192)","@rgb(192,192,192)","@symbol(2,512,0)"
"2911","Veronica chamaedrys L.","Veronica chamaedrys","Plantaginaceae","Lamiales","Asteranae","Dicot","Díaz","perennial","forb",0,0,1,0,0,0,0,1,0,0,0,1,1,1,0,1,0,0,1,1,0,0,6,11.6257650272275,37.8547445524782,50.5194904202944,"SR/CSR","@rgb(30,97,129)","@rgb(192,192,192)","@rgb(192,192,192)","@symbol(2,512,0)"
"2912","Veronica fruticans Jacq.","Veronica fruticans","Plantaginaceae","Lamiales","Asteranae","Dicot","Kleyer","perennial","shrub",0,0,1,0,0,0,0,1,0,0,0,1,1,1,0,0,0,0,1,1,0,0,5,0,58.6676609213489,41.3323390786511,"SR","@rgb(0,150,105)","@rgb(192,192,192)","@rgb(0,0,0)","@symbol(6,512,0)"
"2913","Veronica gentianoides Vahl","Veronica gentianoides","Plantaginaceae","Lamiales","Asteranae","Dicot","Soudzilovskaia","perennial","forb",0,0,1,0,0,0,0,1,0,0,0,1,1,1,0,1,0,0,0,0,0,0,4,46.0521561919183,23.9102190867124,30.0376247213693,"C/CSR","@rgb(117,61,77)","@rgb(192,192,192)","@rgb(192,192,192)","@symbol(2,512,0)"
"2914","Veronica hederifolia L.","Veronica hederifolia","Plantaginaceae","Lamiales","Asteranae","Dicot","Kleyer","annual","forb",0,0,1,0,0,0,0,1,0,0,0,1,1,1,0,1,0,0,0,1,0,0,5,18.390492201621,0,81.609507798379,"R/CR","@rgb(47,0,208)","@rgb(192,192,192)","@rgb(192,192,192)","@symbol(2,512,0)"
"2915","Veronica longifolia L.","Veronica longifolia","Plantaginaceae","Lamiales","Asteranae","Dicot","Kleyer","perennial","forb",0,0,1,0,0,0,0,1,0,0,0,1,1,1,0,1,0,1,1,0,0,0,6,36.3161536971333,28.8808075714915,34.8030387313752,"CSR","@rgb(93,74,89)","@rgb(192,192,192)","@rgb(192,192,192)","@symbol(2,512,0)"
"2916","Veronica officinalis L.","Veronica officinalis","Plantaginaceae","Lamiales","Asteranae","Dicot","Shipley","perennial","forb",0,0,1,0,0,0,0,1,0,0,0,1,1,1,0,1,0,0,1,1,0,0,6,3.48341632273337,69.4756677995154,27.0409158777512,"S/SR","@rgb(9,177,69)","@rgb(192,192,192)","@rgb(192,192,192)","@symbol(2,512,0)"
"2917","Veronica peregrina L.","Veronica peregrina","Plantaginaceae","Lamiales","Asteranae","Dicot","Kleyer","annual","forb",1,1,0,0,0,0,0,2,1,1,1,1,1,1,0,1,1,1,0,1,1,0,11,3.29226840782009,0,96.7077315921799,"R","@rgb(8,0,247)","@rgb(192,192,192)","@rgb(192,192,192)","@symbol(2,512,0)"
"2918","Veronica persica Poir.","Veronica persica","Plantaginaceae","Lamiales","Asteranae","Dicot","Cerabolini/Pierce","annual","forb",0,0,1,0,0,0,0,1,0,0,0,1,0,0,0,1,0,0,0,0,0,0,2,4.44176971476441,12.8399515114899,82.7182787737457,"R","@rgb(11,33,211)","@rgb(192,192,192)","@rgb(192,192,192)","@symbol(2,512,0)"
"2919","Veronica polita Fr.","Veronica polita","Plantaginaceae","Lamiales","Asteranae","Dicot","Díaz","annual","forb",0,0,1,0,1,0,0,2,0,0,0,1,1,0,0,1,0,1,0,1,1,0,6,1.37969425753101,0,98.620305742469,"R","@rgb(4,0,251)","@rgb(192,192,192)","@rgb(192,192,192)","@symbol(2,512,0)"
"2920","Veronica prostrata L.","Veronica prostrata","Plantaginaceae","Lamiales","Asteranae","Dicot","Kleyer","perennial","forb",0,0,1,0,0,0,0,1,0,0,0,1,1,0,0,1,0,0,0,1,0,0,4,5.63810168736811,27.0446806654112,67.3172176472207,"R/SR","@rgb(14,69,172)","@rgb(192,192,192)","@rgb(192,192,192)","@symbol(2,512,0)"
"2921","Veronica scutellata L.","Veronica scutellata","Plantaginaceae","Lamiales","Asteranae","Dicot","Kleyer","perennial","forb",1,0,1,0,0,0,0,2,0,0,0,1,1,1,0,1,0,0,1,1,1,0,7,4.92611961619617,26.9065750784651,68.1673053053387,"R/SR","@rgb(13,69,174)","@rgb(192,192,192)","@rgb(192,192,192)","@symbol(2,512,0)"
"2922","Veronica spicata L.","Veronica spicata","Plantaginaceae","Lamiales","Asteranae","Dicot","Wright","perennial","forb",0,0,1,0,0,0,0,1,0,0,0,1,1,0,0,1,0,0,0,1,0,0,4,15.7063044553586,72.1483553319141,12.1453402127272,"S/CS","@rgb(40,184,31)","@rgb(192,192,192)","@rgb(192,192,192)","@symbol(2,512,0)"
"2923","Veronica triphyllos L.","Veronica triphyllos","Plantaginaceae","Lamiales","Asteranae","Dicot","Kleyer","annual","forb",0,0,1,0,0,0,0,1,0,0,0,1,1,0,0,0,0,0,0,1,0,0,3,2.1386524927309,0,97.8613475072691,"R","@rgb(5,0,250)","@rgb(192,192,192)","@rgb(192,192,192)","@symbol(2,512,0)"
"2924","Veronica urticifolia Jacq.","Veronica urticifolia","Plantaginaceae","Lamiales","Asteranae","Dicot","Cerabolini/Pierce","perennial","forb",0,0,1,0,0,0,0,1,0,0,0,1,1,0,0,0,0,0,0,1,0,0,3,29.2404140437036,0,70.7595859562964,"R/CR","@rgb(75,0,180)","@rgb(192,192,192)","@rgb(192,192,192)","@symbol(2,512,0)"
"2925","Veronicastrum virginicum (L.) Farw.","Veronicastrum virginicum","Plantaginaceae","Lamiales","Asteranae","Dicot","Weiher","perennial","forb",1,0,0,0,0,0,0,1,0,0,0,1,0,0,0,1,0,0,0,0,0,0,2,27.9105023501392,65.4043988950785,6.68509875478232,"S/CS","@rgb(71,167,17)","@rgb(192,192,192)","@rgb(192,192,192)","@symbol(2,512,0)"
"2926","Viburnum lantana L.","Viburnum lantana","Adoxaceae","Dipsacales","Asteranae","Dicot","Díaz","perennial","shrub",0,0,1,0,0,0,0,1,0,0,0,1,1,1,0,1,0,0,0,1,0,0,5,48.0107968221012,25.780266828777,26.2089363491218,"C/CSR","@rgb(122,66,67)","@rgb(192,192,192)","@rgb(0,0,0)","@symbol(6,512,0)"
"2927","Viburnum opulus L.","Viburnum opulus","Adoxaceae","Dipsacales","Asteranae","Dicot","Cerabolini","perennial","tree",0,0,1,0,0,0,0,1,0,0,0,1,1,1,0,0,0,0,1,1,0,0,5,38.6764491800389,32.0422252232265,29.2813255967347,"CSR","@rgb(99,82,75)","@rgb(255,255,255)","@rgb(128,0,0)","@symbol(3,512,0)"
"2928","Viburnum tinus L. tinus","Viburnum tinus","Adoxaceae","Dipsacales","Asteranae","Dicot","Cerabolini/Pierce","perennial","tree",0,0,1,0,0,0,0,1,0,0,0,0,0,0,0,0,0,0,0,1,0,0,1,35.0000147828234,47.6292560914535,17.3707291257232,"CS/CSR","@rgb(89,121,44)","@rgb(255,255,255)","@rgb(128,0,0)","@symbol(3,512,0)"
"2929","Vicia americana Muhl. ex Willd.","Vicia americana","Fabaceae","Fabales","Rosanae","Dicot","Weiher","perennial","forb",1,1,0,0,0,0,0,2,1,1,1,1,1,1,0,1,0,0,0,1,1,0,9,23.3361201146867,18.825141612159,57.8387382731543,"R/CSR","@rgb(60,48,147)","@rgb(192,192,192)","@rgb(192,192,192)","@symbol(2,512,0)"
"2930","Vicia articulata Hornem.","Vicia articulata","Fabaceae","Fabales","Rosanae","Dicot","Kleyer","annual","herbaceous vine",0,0,1,0,0,0,0,1,0,0,0,0,0,0,0,0,0,0,0,1,0,0,1,27.3240030246613,1.96726147352677,70.7087355018119,"R/CR","@rgb(70,5,180)","@rgb(0,0,0)","@rgb(0,255,0)","@symbol(3,512,0)"
"2931","Vicia cassubica L.","Vicia cassubica","Fabaceae","Fabales","Rosanae","Dicot","Kleyer","perennial","forb",0,0,1,0,0,0,0,1,0,0,0,1,1,1,0,0,0,0,0,1,0,0,4,33.1375390358575,44.5762066940922,22.2862542700503,"CS/CSR","@rgb(85,114,57)","@rgb(192,192,192)","@rgb(192,192,192)","@symbol(2,512,0)"
"2932","Vicia cracca L.","Vicia cracca","Fabaceae","Fabales","Rosanae","Dicot","Cerabolini/Pierce","perennial","forb",0,0,1,0,0,0,0,1,0,0,0,1,1,1,0,1,0,1,1,1,1,0,8,22.0202863438098,36.9668559529795,41.0128577032107,"SR/CSR","@rgb(56,94,105)","@rgb(192,192,192)","@rgb(192,192,192)","@symbol(2,512,0)"
"2933","Vicia ervilia (L.) Willd.","Vicia ervilia","Fabaceae","Fabales","Rosanae","Dicot","Kleyer","annual","herbaceous vine",0,0,1,0,0,0,0,1,0,0,0,1,0,0,0,1,0,1,0,1,0,0,4,26.3087974386489,13.6409386208807,60.0502639404704,"R/CSR","@rgb(67,35,153)","@rgb(0,0,0)","@rgb(0,255,0)","@symbol(3,512,0)"
"2934","Vicia faba L.","Vicia faba","Fabaceae","Fabales","Rosanae","Dicot","Kleyer","annual","herbaceous vine",0,0,1,0,0,0,0,1,0,0,0,0,0,0,0,1,0,0,0,1,0,0,2,65.4639051289218,0,34.5360948710782,"C/CR","@rgb(167,0,88)","@rgb(0,0,0)","@rgb(0,255,0)","@symbol(3,512,0)"
"2935","Vicia grandiflora Scop.","Vicia grandiflora","Fabaceae","Fabales","Rosanae","Dicot","Kleyer","annual","herbaceous vine",0,0,1,0,0,0,0,1,0,0,0,1,1,0,0,0,0,0,0,1,1,0,4,13.1234298673738,34.7964539268447,52.0801162057815,"SR/CSR","@rgb(33,89,133)","@rgb(0,0,0)","@rgb(0,255,0)","@symbol(3,512,0)"
"2936","Vicia pulchella Kunth","Vicia pulchella","Fabaceae","Fabales","Rosanae","Dicot","Laughlin","perennial","herbaceous vine",1,1,0,0,0,0,0,2,1,1,1,0,1,0,0,0,0,0,0,1,0,0,5,21.5905815005149,24.347907879506,54.0615106199791,"R/CSR","@rgb(55,62,138)","@rgb(0,0,0)","@rgb(0,255,0)","@symbol(3,512,0)"
"2937","Vicia sativa L.","Vicia sativa","Fabaceae","Fabales","Rosanae","Dicot","Kleyer","annual","herbaceous vine",0,0,1,0,1,0,0,2,1,0,0,1,1,1,1,1,0,1,0,1,1,0,9,11.1436726489515,44.7296693133572,44.1266580376913,"SR/CSR","@rgb(28,114,113)","@rgb(0,0,0)","@rgb(0,255,0)","@symbol(3,512,0)"
"2938","Vicia tenuifolia Roth","Vicia tenuifolia","Fabaceae","Fabales","Rosanae","Dicot","Kleyer","perennial","forb",0,0,1,0,0,0,0,1,0,0,0,1,1,1,0,1,0,1,0,1,1,0,7,37.7639482635694,18.9461841800068,43.2898675564239,"CR/CSR","@rgb(96,48,110)","@rgb(192,192,192)","@rgb(192,192,192)","@symbol(2,512,0)"
"2939","Vicia villosa Roth","Vicia villosa","Fabaceae","Fabales","Rosanae","Dicot","Cerabolini/Pierce","biennial","forb",0,0,1,0,0,0,0,1,0,0,0,1,1,0,0,1,0,1,0,1,0,0,5,12.8265277940166,39.7330765156692,47.4403956903143,"SR/CSR","@rgb(33,101,121)","@rgb(192,192,192)","@rgb(192,192,192)","@symbol(2,512,0)"
"2940","Vinca minor L.","Vinca minor","Apocynaceae","Gentianales","Asteranae","Dicot","Cerabolini/Pierce","perennial","forb",0,0,1,0,0,0,0,1,0,0,0,1,1,0,0,1,0,0,0,1,0,0,4,16.083092554544,35.3518206620642,48.5650867833918,"SR/CSR","@rgb(41,90,124)","@rgb(192,192,192)","@rgb(192,192,192)","@symbol(2,512,0)"
"2941","Vincetoxicum hirundinaria Medik. hirundinaria","Vincetoxicum hirundinaria subsp. hirundinaria","Apocynaceae","Gentianales","Asteranae","Dicot","Cerabolini/Pierce","perennial","forb",0,0,1,0,1,0,0,2,0,0,1,1,1,0,0,1,0,1,0,1,1,0,7,40.5484104236102,15.7594699331262,43.6921196432636,"CR/CSR","@rgb(103,40,111)","@rgb(192,192,192)","@rgb(192,192,192)","@symbol(2,512,0)"
"2942","Viola alba Besser dehnhardtii (Ten.) W. Becker","Viola alba subsp. dehnhardtii","Violaceae","Malpighiales","Rosanae","Dicot","Cerabolini","perennial","forb",0,0,1,0,0,0,0,1,0,0,0,1,0,0,0,0,0,0,0,1,0,0,2,28.1262917622377,12.9526882211182,58.9210200166441,"R/CSR","@rgb(72,33,150)","@rgb(192,192,192)","@rgb(192,192,192)","@symbol(2,512,0)"
"2943","Viola altaica Ker Gawl.","Viola altaica","Violaceae","Malpighiales","Rosanae","Dicot","Soudzilovskaia","perennial","forb",0,0,1,0,0,0,0,1,0,0,0,1,1,0,0,0,0,0,0,0,0,0,2,12.462459269288,49.9343809656684,37.6031597650436,"SR/CSR","@rgb(32,127,96)","@rgb(192,192,192)","@rgb(192,192,192)","@symbol(2,512,0)"
"2944","Viola arvensis Murray","Viola arvensis","Violaceae","Malpighiales","Rosanae","Dicot","Cerabolini/Pierce","annual","forb",0,0,1,0,0,0,0,1,0,0,0,1,1,1,0,1,0,0,0,1,0,0,5,6.6873458459434,26.8786452732088,66.4340088808478,"R/SR","@rgb(17,69,169)","@rgb(192,192,192)","@rgb(192,192,192)","@symbol(2,512,0)"
"2945","Viola biflora L.","Viola biflora","Violaceae","Malpighiales","Rosanae","Dicot","Kleyer","perennial","forb",1,0,1,0,1,0,0,3,1,0,0,1,1,1,0,0,0,1,1,1,0,0,7,8.40873880129632,0,91.5912611987037,"R","@rgb(21,0,234)","@rgb(192,192,192)","@rgb(192,192,192)","@symbol(2,512,0)"
"2946","Viola calcarata L.","Viola calcarata","Violaceae","Malpighiales","Rosanae","Dicot","Cerabolini/Pierce","perennial","forb",0,0,1,0,0,0,0,1,0,0,0,1,1,0,0,0,0,0,0,1,0,0,3,5.30580156418486,36.1624121140443,58.5317863217708,"SR","@rgb(14,92,149)","@rgb(192,192,192)","@rgb(192,192,192)","@symbol(2,512,0)"
"2947","Viola canadensis L.","Viola canadensis","Violaceae","Malpighiales","Rosanae","Dicot","Laughlin","perennial","forb",1,0,0,0,0,0,0,1,0,0,1,1,1,1,0,1,0,0,0,0,0,0,5,25.919417926574,16.6273164950479,57.4532655783781,"R/CSR","@rgb(66,42,147)","@rgb(192,192,192)","@rgb(192,192,192)","@symbol(2,512,0)"
"2948","Viola comollia Messara","Viola comollia","Violaceae","Malpighiales","Rosanae","Dicot","Caccianiga","perennial","forb",0,0,1,0,0,0,0,1,0,0,0,1,1,0,0,0,0,0,0,0,0,0,2,1.65389155629147,81.2377822802892,17.1083261634194,"S/SR","@rgb(4,207,44)","@rgb(192,192,192)","@rgb(192,192,192)","@symbol(2,512,0)"
"2949","Viola dubyana Burnat ex Gremli","Viola dubyana","Violaceae","Malpighiales","Rosanae","Dicot","Cerabolini","perennial","forb",0,0,1,0,0,0,0,1,0,0,0,0,1,0,0,0,0,0,0,0,0,0,1,0.0284829951240655,43.0839134528408,56.8876035520351,"SR","@rgb(0,110,145)","@rgb(192,192,192)","@rgb(192,192,192)","@symbol(2,512,0)"
"2950","Viola hirta L.","Viola hirta","Violaceae","Malpighiales","Rosanae","Dicot","Cerabolini/Pierce","perennial","forb",0,0,1,0,0,0,0,1,0,0,0,1,1,1,0,0,0,0,0,1,0,0,4,34.5370503589495,26.3651071503954,39.0978424906551,"CSR","@rgb(88,67,100)","@rgb(192,192,192)","@rgb(192,192,192)","@symbol(2,512,0)"
"2951","Viola mirabilis L.","Viola mirabilis","Violaceae","Malpighiales","Rosanae","Dicot","Kleyer","perennial","forb",0,0,1,0,0,0,0,1,0,0,0,1,1,1,0,0,0,0,1,1,0,0,5,48.5719711693491,0.710904528870977,50.7171243017799,"CR","@rgb(124,2,129)","@rgb(192,192,192)","@rgb(192,192,192)","@symbol(2,512,0)"
"2952","Viola odorata L.","Viola odorata","Violaceae","Malpighiales","Rosanae","Dicot","Cerabolini/Pierce","perennial","forb",0,0,1,0,0,0,0,1,0,0,0,1,1,1,0,0,0,0,0,1,0,0,4,43.1139597151183,27.7401847014046,29.1458555834771,"CSR","@rgb(110,71,74)","@rgb(192,192,192)","@rgb(192,192,192)","@symbol(2,512,0)"
"2953","Viola palustris L.","Viola palustris","Violaceae","Malpighiales","Rosanae","Dicot","Kleyer","perennial","forb",1,0,1,0,0,0,0,2,0,0,0,1,1,1,0,1,0,0,1,1,0,0,6,22.1415223680321,3.55640759093225,74.3020700410356,"R/CR","@rgb(56,9,189)","@rgb(192,192,192)","@rgb(192,192,192)","@symbol(2,512,0)"
"2954","Viola persicifolia Schreb.","Viola elatior","Violaceae","Malpighiales","Rosanae","Dicot","Kleyer","perennial","forb",0,0,1,0,0,0,0,1,0,0,0,1,0,1,0,0,0,0,0,1,0,0,3,18.9303744469093,11.8767213174331,69.1929042356576,"R/CR","@rgb(48,30,176)","@rgb(192,192,192)","@rgb(192,192,192)","@symbol(2,512,0)"
"2955","Viola pubescens Aiton","Viola pubescens","Violaceae","Malpighiales","Rosanae","Dicot","Weiher","perennial","forb",1,0,0,0,0,0,0,1,0,0,0,1,0,1,0,1,0,0,0,0,0,0,3,38.1672393959882,0,61.8327606040118,"CR","@rgb(97,0,158)","@rgb(192,192,192)","@rgb(192,192,192)","@symbol(2,512,0)"
"2956","Viola reichenbachiana Jord. ex Boreau","Viola reichenbachiana","Violaceae","Malpighiales","Rosanae","Dicot","Cerabolini/Pierce","perennial","forb",0,0,1,0,0,0,0,1,0,0,0,1,1,0,0,0,0,0,0,1,0,0,3,18.1265985133132,16.7473128588254,65.1260886278614,"R/CSR","@rgb(46,43,166)","@rgb(192,192,192)","@rgb(192,192,192)","@symbol(2,512,0)"
"2957","Viola riviniana Rchb.","Viola riviniana","Violaceae","Malpighiales","Rosanae","Dicot","Cerabolini/Pierce","perennial","forb",0,0,1,0,0,0,0,1,0,0,0,1,1,1,0,0,0,0,1,1,0,0,5,27.0861827768116,22.8815417693839,50.0322754538045,"R/CSR","@rgb(69,58,128)","@rgb(192,192,192)","@rgb(192,192,192)","@symbol(2,512,0)"
"2958","Viola sagittata Aiton","Viola sagittata","Violaceae","Malpighiales","Rosanae","Dicot","Reich","perennial","forb",1,0,0,0,0,0,0,1,0,0,0,1,0,0,0,1,0,0,0,0,0,0,2,38.0719171965738,35.8333156180523,26.0947671853739,"CSR","@rgb(97,91,67)","@rgb(192,192,192)","@rgb(192,192,192)","@symbol(2,512,0)"
"2959","Viola sororia Willd.","Viola sororia","Violaceae","Malpighiales","Rosanae","Dicot","Weiher","perennial","forb",1,0,0,0,0,0,0,1,0,0,1,1,1,1,1,1,0,0,0,1,1,0,8,44.7426188523147,0,55.2573811476853,"CR","@rgb(114,0,141)","@rgb(192,192,192)","@rgb(192,192,192)","@symbol(2,512,0)"
"2960","Viola tricolor L.","Viola tricolor","Violaceae","Malpighiales","Rosanae","Dicot","Kleyer","annual","forb",0,0,1,0,0,0,0,1,0,0,0,1,1,1,0,1,0,0,1,1,0,0,6,4.82538990406461,0.695533612431321,94.4790764835041,"R","@rgb(12,2,241)","@rgb(192,192,192)","@rgb(192,192,192)","@symbol(2,512,0)"
"2961","Virola elongata (Benth.) Warb.","Virola elongata","Myristicaceae","Magnoliales","Magnolianae","Dicot","Wright","perennial","tree",0,1,0,0,0,0,0,1,1,1,0,0,0,0,0,0,0,0,0,0,0,0,2,48.7529853150427,44.0127561653959,7.23425851956139,"CS","@rgb(124,112,18)","@rgb(255,255,255)","@rgb(128,0,0)","@symbol(3,512,0)"
"2962","Virola multiflora (Standl.) A.C. Sm.","Virola multiflora","Myristicaceae","Magnoliales","Magnolianae","Dicot","Wright","perennial","tree",0,1,0,0,0,0,0,1,1,0,0,0,0,0,0,0,0,0,0,0,0,0,1,37.2425950124441,57.825449108793,4.93195587876288,"CS","@rgb(95,147,13)","@rgb(255,255,255)","@rgb(128,0,0)","@symbol(3,512,0)"
"2963","Virola sebifera Aubl.","Virola sebifera","Myristicaceae","Magnoliales","Magnolianae","Dicot","Wright","perennial","tree",0,1,0,0,0,0,0,1,1,0,0,0,0,0,1,0,0,0,0,0,0,0,2,51.9931789624828,39.8955621395552,8.11125889796196,"CS","@rgb(133,102,21)","@rgb(255,255,255)","@rgb(128,0,0)","@symbol(3,512,0)"
"2964","Virola surinamensis (Rol. ex Rottb.) Warb.","Virola surinamensis","Myristicaceae","Magnoliales","Magnolianae","Dicot","Wright","perennial","tree",0,1,0,0,0,0,0,1,1,0,0,0,0,0,1,0,0,0,0,0,0,0,2,59.3803237222191,29.9603261804714,10.6593500973095,"C/CSR","@rgb(151,76,27)","@rgb(255,255,255)","@rgb(128,0,0)","@symbol(3,512,0)"
"2965","Vismia baccifera (L.) Triana & Planch.","Vismia baccifera","Hypericaceae","Malpighiales","Rosanae","Dicot","Wright","perennial","tree",0,1,0,0,0,0,0,1,1,1,0,0,0,0,1,0,0,0,0,0,0,0,3,54.7413477783799,33.0417725737988,12.2168796478213,"C/CSR","@rgb(140,84,31)","@rgb(255,255,255)","@rgb(128,0,0)","@symbol(3,512,0)"
"2966","Vismia billbergiana Beurl.","Vismia billbergiana","Hypericaceae","Malpighiales","Rosanae","Dicot","Wright","perennial","tree",0,1,0,0,0,0,0,1,1,0,0,0,0,0,0,0,0,0,0,0,0,0,1,39.9546620903744,37.7457009000904,22.2996370095352,"CS/CSR","@rgb(102,96,57)","@rgb(255,255,255)","@rgb(128,0,0)","@symbol(3,512,0)"
"2967","Vismia guianensis (Aubl.) Pers.","Vismia guianensis","Hypericaceae","Malpighiales","Rosanae","Dicot","Pinho","perennial","tree",0,1,0,0,0,0,0,1,1,1,0,0,0,0,1,0,0,0,0,0,1,0,4,38.5374645257168,61.4625354742832,0,"CS","@rgb(98,157,0)","@rgb(255,255,255)","@rgb(128,0,0)","@symbol(3,512,0)"
"2968","Vitex rufescens A. Juss.","Vitex rufescens","Lamiaceae","Lamiales","Asteranae","Dicot","Pinho","perennial","tree",0,1,0,0,0,0,0,1,1,1,0,0,0,0,1,0,0,0,0,0,1,0,4,43.7142450184064,53.5904013433334,2.69535363826022,"CS","@rgb(111,137,7)","@rgb(255,255,255)","@rgb(128,0,0)","@symbol(3,512,0)"
"2969","Vitis riparia Michx.","Vitis riparia","Vitaceae","Vitales","Rosanae","Dicot","Cerabolini/Pierce","perennial","liana",1,0,0,0,0,0,0,1,0,0,0,1,1,0,0,1,0,0,0,0,0,0,3,69.0368064102148,9.81990312376428,21.1432904660209,"C/CR","@rgb(176,25,54)","@rgb(128,128,128)","@rgb(128,128,128)","@symbol(3,512,0)"
"2970","Vitis vinifera L.","Vitis vinifera","Vitaceae","Vitales","Rosanae","Dicot","Kleyer","perennial","liana",0,0,1,0,0,0,0,1,0,0,0,1,1,0,0,1,0,1,0,1,1,0,6,72.5082985459949,0,27.4917014540051,"C/CR","@rgb(185,0,70)","@rgb(128,128,128)","@rgb(128,128,128)","@symbol(3,512,0)"
"2971","Vochysia ferruginea Mart.","Vochysia ferruginea","Vochysiaceae","Myrtales","Rosanae","Dicot","Wright","perennial","tree",0,1,0,0,0,0,0,1,1,1,0,0,0,0,1,0,0,0,0,0,0,0,3,43.0761157599169,51.9043554212125,5.0195288188706,"CS","@rgb(110,132,13)","@rgb(255,255,255)","@rgb(128,0,0)","@symbol(3,512,0)"
"2972","Vochysia pygmaea Bong.","Vochysia pygmaea","Vochysiaceae","Myrtales","Rosanae","Dicot","Negreiros","perennial","shrub",0,1,0,0,0,0,0,1,0,0,0,0,0,0,1,0,0,0,0,0,0,0,1,18.5582953720206,81.4417046279794,0,"S/CS","@rgb(47,208,0)","@rgb(192,192,192)","@rgb(0,0,0)","@symbol(6,512,0)"
"2973","Vulpia ciliata Dumort.","Festuca ambigua","Poaceae","Poales","Lilianae","Monocot","Kleyer","annual","graminoid",0,0,1,0,0,0,0,1,0,0,0,1,0,0,0,0,0,0,0,1,0,0,2,0.260091368038627,52.4855205017976,47.2543881301637,"SR","@rgb(1,134,120)","@rgb(0,0,0)","@rgb(0,128,0)","@symbol(4,512,0)"
"2974","Vulpia membranacea (L.) Link","Festuca membranacea","Poaceae","Poales","Lilianae","Monocot","Cerabolini","annual","graminoid",0,0,1,0,0,0,0,1,0,0,0,1,0,0,0,0,1,0,0,1,0,0,3,1.01614684152678,57.5869038943357,41.3969492641375,"SR","@rgb(3,147,106)","@rgb(0,0,0)","@rgb(0,128,0)","@symbol(4,512,0)"
"2975","Vulpia myuros (L.) C. C. Gmel.","Festuca myuros","Poaceae","Poales","Lilianae","Monocot","Cerabolini/Pierce","annual","graminoid",0,0,1,0,0,0,0,1,0,0,0,1,1,0,0,0,0,1,0,1,1,0,5,9.42055610263229,42.7835763470833,47.7958675502844,"SR","@rgb(24,109,122)","@rgb(0,0,0)","@rgb(0,128,0)","@symbol(4,512,0)"
"2976","Wolffia arrhiza (L.) Horkel ex Wimm.","Wolffia arrhiza","Araceae","Alismatales","Lilianae","Monocot","Kleyer","perennial","aquatic",0,1,1,1,0,0,0,3,1,0,0,1,0,0,1,0,0,1,0,1,0,0,5,0,0,100,"R","@rgb(0,0,255)","@rgb(192,192,192)","@rgb(0,0,255)","@symbol(5,512,0)"
"2977","Xanthium albinum H. Scholz","Xanthium orientale","Asteraceae","Asterales","Asteranae","Dicot","Kleyer","annual","forb",0,0,1,0,0,0,0,1,0,0,0,1,0,0,0,0,0,0,0,0,0,0,1,82.9856016958918,7.45825301805252,9.5561452860557,"C","@rgb(212,19,24)","@rgb(192,192,192)","@rgb(192,192,192)","@symbol(2,512,0)"
"2978","Xanthium orientale L. italicum (Moretti) Greuter","Xanthium orientale","Asteraceae","Asterales","Asteranae","Dicot","Cerabolini/Pierce","perennial","forb",0,0,1,0,0,0,0,1,0,0,0,1,0,0,0,0,0,0,0,1,0,0,2,68.4267485539656,10.921129156687,20.6521222893474,"C/CR","@rgb(174,28,53)","@rgb(192,192,192)","@rgb(192,192,192)","@symbol(2,512,0)"
"2979","Xanthium strumarium L.","Xanthium strumarium","Asteraceae","Asterales","Asteranae","Dicot","Kleyer","annual","forb",1,1,1,0,1,0,0,4,1,1,1,1,1,0,1,1,0,1,0,1,1,1,11,54.0599059252389,19.1148434519739,26.8252506227872,"C/CSR","@rgb(138,49,68)","@rgb(192,192,192)","@rgb(192,192,192)","@symbol(2,512,0)"
"2980","Xanthophyllum eurhynchum Miq.","Xanthophyllum eurhynchum","Polygalaceae","Fabales","Rosanae","Dicot","SJ Wright Pasoh","perennial","tree",0,0,0,0,1,0,0,1,1,0,0,0,0,0,0,0,0,0,0,0,0,0,1,35.0701170900292,56.8849156696831,8.04496724028775,"CS","@rgb(89,145,21)","@rgb(255,255,255)","@rgb(128,0,0)","@symbol(3,512,0)"
"2981","Xanthophyllum griffithii Hook.f. ex A.W.Benn.","Xanthophyllum griffithii","Polygalaceae","Fabales","Rosanae","Dicot","SJ Wright Pasoh","perennial","tree",0,0,0,0,1,0,0,1,1,0,0,0,0,0,0,0,0,0,0,0,0,0,1,33.7476027599305,62.4884862817698,3.76391095829974,"S/CS","@rgb(86,159,10)","@rgb(255,255,255)","@rgb(128,0,0)","@symbol(3,512,0)"
"2982","Xeranthemum cylindraceum Sm.","Xeranthemum cylindraceum","Asteraceae","Asterales","Asteranae","Dicot","Cerabolini/Pierce","perennial","forb",0,0,1,0,0,0,0,1,0,0,0,1,0,0,0,0,0,0,0,1,0,0,2,18.336700046804,12.4177817813388,69.2455181718571,"R/CR","@rgb(47,32,177)","@rgb(192,192,192)","@rgb(192,192,192)","@symbol(2,512,0)"
"2983","Xeranthemum inapertum Mill.","Xeranthemum inapertum","Asteraceae","Asterales","Asteranae","Dicot","Wright","perennial","forb",0,0,1,0,0,0,0,1,0,0,0,1,1,0,0,0,0,0,0,1,0,0,3,11.3908890174081,17.6838649055359,70.925246077056,"R/SR","@rgb(29,45,181)","@rgb(192,192,192)","@rgb(192,192,192)","@symbol(2,512,0)"
"2984","Xerolekia speciosissima (L.) Anderb.","Buphthalmum speciosissimum","Asteraceae","Asterales","Asteranae","Dicot","Cerabolini/Pierce","perennial","forb",0,0,1,0,0,0,0,1,0,0,0,1,0,0,0,0,0,0,0,0,0,0,1,62.1297679029039,0,37.8702320970961,"CR","@rgb(158,0,97)","@rgb(192,192,192)","@rgb(192,192,192)","@symbol(2,512,0)"
"2985","Xerospermum noronhianum (Blume) Blume","Xerospermum noronhianum","Sapindaceae","Sapindales","Rosanae","Dicot","SJ Wright Pasoh","perennial","tree",0,0,0,0,1,0,0,1,1,1,0,0,0,0,0,0,0,0,0,0,0,0,2,69.7586596832536,30.2413403167464,0,"C/CS","@rgb(178,77,0)","@rgb(255,255,255)","@rgb(128,0,0)","@symbol(3,512,0)"
"2986","Ximenia americana L.","Ximenia americana","Ximeniaceae","Santalales","Santalanae","Dicot","Pinho","perennial","tree",0,1,0,0,0,0,0,1,1,1,0,0,0,0,1,0,0,0,0,0,1,0,4,21.9709317894395,78.0290682105605,0,"S/CS","@rgb(56,199,0)","@rgb(255,255,255)","@rgb(128,0,0)","@symbol(3,512,0)"
"2987","Xylopia frutescens Aubl.","Xylopia frutescens","Annonaceae","Magnoliales","Magnolianae","Dicot","Pinho","perennial","tree",0,1,0,0,0,0,0,1,1,0,0,0,0,0,1,0,0,0,0,0,0,0,2,17.7864898429917,67.9523262817202,14.2611838752881,"S/CS","@rgb(45,173,36)","@rgb(255,255,255)","@rgb(128,0,0)","@symbol(3,512,0)"
"2988","Xylopia laevigata (Mart.) R.E. Fr.","Xylopia laevigata","Annonaceae","Magnoliales","Magnolianae","Dicot","Pinho","perennial","tree",0,1,0,0,0,0,0,1,1,1,0,0,0,0,1,0,0,0,0,0,1,0,4,27.2432119111484,69.6031284135162,3.15365967533541,"S/CS","@rgb(69,177,8)","@rgb(255,255,255)","@rgb(128,0,0)","@symbol(3,512,0)"
"2989","Xylopia macrantha Triana & Planch.","Xylopia macrantha","Annonaceae","Magnoliales","Magnolianae","Dicot","Wright","perennial","tree",0,1,0,0,0,0,0,1,1,0,0,0,0,0,0,0,0,0,0,0,0,0,1,34.4489879108432,56.1802686806958,9.37074340846102,"CS","@rgb(88,143,24)","@rgb(255,255,255)","@rgb(128,0,0)","@symbol(3,512,0)"
"2990","Xylopia malayana Hook. f. & Thomson malayana","Xylopia malayana","Annonaceae","Magnoliales","Magnolianae","Dicot","SJ Wright Pasoh","perennial","tree",0,0,0,0,1,1,0,2,1,0,0,0,0,0,0,0,0,0,0,0,0,0,1,22.2306205107414,77.7693794892586,0,"S/CS","@rgb(57,198,0)","@rgb(255,255,255)","@rgb(128,0,0)","@symbol(3,512,0)"
"2991","Xylosma oligandra Donn. Sm.","Xylosma oligandra","Salicaceae","Malpighiales","Rosanae","Dicot","Wright","perennial","shrub",0,1,0,0,0,0,0,1,1,0,0,0,0,0,0,0,0,0,0,0,0,0,1,43.6720561980053,32.0027947157473,24.3251490862474,"CS/CSR","@rgb(111,82,62)","@rgb(192,192,192)","@rgb(0,0,0)","@symbol(6,512,0)"
"2992","Xyris melanopoda L.B.Sm. & Downs","Xyris melanopoda","Xyridaceae","Poales","Lilianae","Monocot","Negreiros","perennial","forb",0,1,0,0,0,0,0,1,0,0,0,0,0,0,1,0,0,0,0,0,0,0,1,12.9008722602654,87.0991277397346,0,"S","@rgb(33,222,0)","@rgb(192,192,192)","@rgb(192,192,192)","@symbol(2,512,0)"
"2993","Xyris minarum Seub.","Xyris minarum","Xyridaceae","Poales","Lilianae","Monocot","Negreiros","perennial","forb",0,1,0,0,0,0,0,1,0,0,0,0,0,0,1,0,0,0,0,0,0,0,1,0.851646154263773,99.1483538457362,0,"S","@rgb(2,253,0)","@rgb(192,192,192)","@rgb(192,192,192)","@symbol(2,512,0)"
"2994","Xyris nubigena Kunth","Xyris nubigena","Xyridaceae","Poales","Lilianae","Monocot","Negreiros","perennial","forb",0,1,0,0,0,0,0,1,0,0,0,0,0,0,1,0,0,0,0,0,0,0,1,23.1078862767559,63.3563844836024,13.5357292396417,"S/CS","@rgb(59,162,35)","@rgb(192,192,192)","@rgb(192,192,192)","@symbol(2,512,0)"
"2995","Xyris obtusiuscula L.A. Nilsson","Xyris obtusiuscula","Xyridaceae","Poales","Lilianae","Monocot","Negreiros","perennial","forb",0,1,0,0,0,0,0,1,0,0,0,0,0,0,1,0,0,0,0,0,0,0,1,7.55023630479307,92.4497636952069,0,"S","@rgb(19,236,0)","@rgb(192,192,192)","@rgb(192,192,192)","@symbol(2,512,0)"
"2996","Xyris pilosa Kunth","Xyris pilosa","Xyridaceae","Poales","Lilianae","Monocot","Negreiros","perennial","forb",0,1,0,0,0,0,0,1,0,0,0,0,0,0,1,0,0,0,0,0,0,0,1,15.3255007607282,84.6744992392718,0,"S","@rgb(39,216,0)","@rgb(192,192,192)","@rgb(192,192,192)","@symbol(2,512,0)"
"2997","Zannichellia palustris L.","Zannichellia palustris","Potamogetonaceae","Alismatales","Lilianae","Monocot","Kleyer","perennial","aquatic",1,1,1,0,1,1,0,5,1,1,1,1,1,1,0,1,0,1,0,1,1,0,10,0,0,100,"R","@rgb(0,0,255)","@rgb(192,192,192)","@rgb(0,0,255)","@symbol(5,512,0)"
"2998","Zanthoxylum acuminatum (Sw.) Sw.","Zanthoxylum acuminatum","Rutaceae","Sapindales","Rosanae","Dicot","Wright","perennial","tree",0,1,0,0,0,0,0,1,1,0,0,0,0,0,0,0,0,0,0,0,0,0,1,70.3394372814568,28.4388253641727,1.22173735437045,"C/CS","@rgb(179,73,3)","@rgb(255,255,255)","@rgb(128,0,0)","@symbol(3,512,0)"
"2999","Zanthoxylum ekmanii (Urb.) Alain","Zanthoxylum ekmanii","Rutaceae","Sapindales","Rosanae","Dicot","Wright","perennial","tree",0,1,0,0,0,0,0,1,1,0,0,0,0,0,0,0,0,0,0,0,0,0,1,81.3389079812314,15.4888589634395,3.17223305532906,"C/CS","@rgb(207,39,8)","@rgb(255,255,255)","@rgb(128,0,0)","@symbol(3,512,0)"
"3000","Zanthoxylum panamense P. Wilson","Zanthoxylum panamense","Rutaceae","Sapindales","Rosanae","Dicot","Wright","perennial","tree",0,1,0,0,0,0,0,1,1,0,0,0,0,0,0,0,0,0,0,0,0,0,1,66.9640135079627,21.6687773294899,11.3672091625475,"C/CS","@rgb(171,55,29)","@rgb(255,255,255)","@rgb(128,0,0)","@symbol(3,512,0)"
"3001","Zea mays L.","Zea mays","Poaceae","Poales","Lilianae","Monocot","Cerabolini/Pierce","annual","graminoid",1,1,0,0,0,0,0,2,1,1,1,0,0,0,0,0,0,0,0,0,1,0,4,82.9726287601512,8.61445010579472,8.41292113405405,"C","@rgb(212,22,21)","@rgb(0,0,0)","@rgb(0,128,0)","@symbol(4,512,0)"
"3002","Zinnia peruviana (L.) L.","Zinnia peruviana","Asteraceae","Asterales","Asteranae","Dicot","Díaz","annual","forb",0,1,1,0,0,0,0,2,1,1,1,0,0,0,1,1,0,0,0,0,0,0,5,18.4948057760546,68.1066231343448,13.3985710896006,"S/CS","@rgb(47,174,34)","@rgb(192,192,192)","@rgb(192,192,192)","@symbol(2,512,0)"
"3003","Zizia aurea Koch","Zizia aurea","Apiaceae","Apiales","Asteranae","Dicot","Weiher","perennial","forb",1,0,0,0,0,0,0,1,0,0,0,1,1,0,0,1,0,0,0,0,0,0,3,53.3226138494032,31.8725867421164,14.8047994084804,"C/CSR","@rgb(136,81,38)","@rgb(192,192,192)","@rgb(192,192,192)","@symbol(2,512,0)"
"3004","Zuelania guidonia (Sw.) Britton & Millsp.","Casearia laetioides","Salicaceae","Malpighiales","Rosanae","Dicot","Wright","perennial","tree",1,1,0,0,0,0,0,2,1,1,1,0,0,0,0,0,0,0,0,0,0,0,3,52.1907763708326,31.8421558101647,15.9670678190028,"C/CSR","@rgb(133,81,41)","@rgb(255,255,255)","@rgb(128,0,0)","@symbol(3,512,0)"
"3005","Adelia triloba (Müll. Arg.) Hemsl.",NA,"Euphorbiaceae","Malpighiales","Rosanae","Dicot","Wright","perennial","tree",0,1,0,0,0,0,0,1,1,1,1,0,0,0,0,0,0,0,0,0,0,0,3,33.5931622726292,38.7464428652226,27.6603948621482,"CSR","@rgb(86,99,71)","@rgb(255,255,255)","@rgb(128,0,0)","@symbol(3,512,0)"
"3006","Agrostis hyemalis (Walter) Britton, Sterns & Poggenb.",NA,"Poaceae","Poales","Lilianae","Monocot","Siefert","perennial","graminoid",1,0,0,0,0,0,0,1,0,0,1,1,1,0,0,1,0,0,0,0,1,0,5,4.94018497914031,79.2517069598953,15.8081080609644,"S/SR","@rgb(13,202,40)","@rgb(0,0,0)","@rgb(0,128,0)","@symbol(4,512,0)"
"3007","Allophylus edulis (A. St.-Hil., A. Juss. & Cambess.) Hieron. ex Niederl.",NA,"Sapindaceae","Sapindales","Rosanae","Dicot","Pinho","perennial","tree",0,1,0,0,0,0,0,1,1,1,0,0,0,0,1,0,1,0,0,0,1,0,5,37.5652928747574,54.575808980472,7.85889814477061,"CS","@rgb(96,139,20)","@rgb(255,255,255)","@rgb(128,0,0)","@symbol(3,512,0)"
"3008","Anacamptis morio (L.) R.M.Bateman, Pridgeon & M.W.Chase",NA,"Orchidaceae","Asparagales","Lilianae","Monocot","Cerabolini/Pierce2","perennial","forb",0,0,1,0,0,0,0,1,0,0,0,1,1,0,0,0,0,0,0,1,0,0,3,25.736755131972,0,74.263244868028,"R/CR","@rgb(66,0,189)","@rgb(192,192,192)","@rgb(192,192,192)","@symbol(2,512,0)"
"3009","Anthoxanthum alpinum Á. Löve & D. Löve",NA,"Poaceae","Poales","Lilianae","Monocot","Kleyer","perennial","graminoid",0,0,1,0,0,0,0,1,0,0,0,1,1,1,0,0,0,0,0,1,0,0,4,8.66608811455684,60.0021485586135,31.3317633268297,"S/SR","@rgb(22,153,80)","@rgb(0,0,0)","@rgb(0,128,0)","@symbol(4,512,0)"
"3010","Aporosa microstachya (Tul.) Müll. Arg.",NA,"Euphorbiaceae","Malpighiales","Rosanae","Dicot","SJ Wright Pasoh","perennial","tree",0,0,0,0,1,0,0,1,1,0,0,0,0,0,0,0,0,0,0,0,0,0,1,38.6231779745565,50.5365164758204,10.840305549623,"CS/CSR","@rgb(98,129,28)","@rgb(255,255,255)","@rgb(128,0,0)","@symbol(3,512,0)"
"3011","Arnoseris minima (L.) Schweigg. & Körte",NA,"Asteraceae","Asterales","Asteranae","Dicot","Kleyer","annual","forb",0,0,1,0,0,0,0,1,0,0,0,1,1,0,0,0,0,0,0,1,0,0,3,35.0583520609481,0,64.9416479390519,"R/CR","@rgb(89,0,166)","@rgb(192,192,192)","@rgb(192,192,192)","@symbol(2,512,0)"
"3012","Aspidosperma spruceanum Benth. ex Müll. Arg.",NA,"Apocynaceae","Gentianales","Asteranae","Dicot","Pinho","perennial","tree",0,1,0,0,0,0,0,1,1,0,0,0,0,0,1,0,0,0,0,0,0,0,2,57.4274170459315,42.5725829540685,0,"CS","@rgb(146,109,0)","@rgb(255,255,255)","@rgb(128,0,0)","@symbol(3,512,0)"
"3013","Avenula versicolor (Vill.) M. Laínz",NA,"Poaceae","Poales","Lilianae","Monocot","Cerabolini/Pierce","perennial","graminoid",0,0,1,0,0,0,0,1,0,0,0,1,1,0,0,0,0,0,0,1,0,0,3,14.6397408058658,85.2312891647909,0.128970029343251,"S","@rgb(37,217,0)","@rgb(0,0,0)","@rgb(0,128,0)","@symbol(4,512,0)"
"3014","Baccaurea parviflora (Müll. Arg.) Müll. Arg. ",NA,"Euphorbiaceae","Malpighiales","Rosanae","Dicot","SJ Wright Pasoh","perennial","tree",0,0,0,0,1,0,0,1,1,0,0,0,0,0,0,0,0,0,0,0,0,0,1,41.9888623181676,49.4312394191867,8.5798982626457,"CS","@rgb(107,126,22)","@rgb(255,255,255)","@rgb(128,0,0)","@symbol(3,512,0)"
"3015","Baccaurea racemosa (Reinw.) Müll. Arg.",NA,"Euphorbiaceae","Malpighiales","Rosanae","Dicot","SJ Wright Pasoh","perennial","tree",0,0,0,0,1,0,0,1,1,0,0,0,0,0,0,0,0,0,0,0,0,0,1,46.5849817662661,47.8704654285039,5.54455280522998,"CS","@rgb(119,122,14)","@rgb(255,255,255)","@rgb(128,0,0)","@symbol(3,512,0)"
"3016","Bellardiochloa variegata (Lam.) Kerguélen variegata",NA,"Poaceae","Poales","Lilianae","Monocot","Cerabolini","perennial","graminoid",0,0,1,0,0,0,0,1,0,0,0,1,1,0,0,0,0,0,0,1,0,0,3,11.323491106579,70.8471329152277,17.8293759781933,"S/SR","@rgb(29,181,45)","@rgb(0,0,0)","@rgb(0,128,0)","@symbol(4,512,0)"
"3017","Callitriche hamulata Kütz. ex W.D.J. Koch",NA,"Plantaginaceae","Lamiales","Asteranae","Dicot","Kleyer","perennial","aquatic",0,0,1,0,0,0,0,1,0,0,0,1,1,1,0,0,0,0,1,1,0,0,5,0.970962280155922,25.5170676526965,73.5119700671476,"R/SR","@rgb(2,65,187)","@rgb(192,192,192)","@rgb(0,0,255)","@symbol(5,512,0)"
"3018","Callitriche platycarpa Kütz.",NA,"Plantaginaceae","Lamiales","Asteranae","Dicot","Kleyer","perennial","aquatic",0,0,1,0,0,0,0,1,0,0,0,1,1,0,0,0,0,0,0,0,0,0,2,0.141538451537018,0,99.858461548463,"R","@rgb(0,0,255)","@rgb(192,192,192)","@rgb(0,0,255)","@symbol(5,512,0)"
"3019","Capsella grandiflora (Fauché & Chaub.) Boiss.",NA,"Brassicaceae","Brassicales","Rosanae","Dicot","Cerabolini","perennial","forb",0,0,1,0,0,0,0,1,0,0,0,0,0,0,0,0,0,0,0,1,0,0,1,23.9793800008325,0,76.0206199991675,"R/CR","@rgb(61,0,194)","@rgb(192,192,192)","@rgb(192,192,192)","@symbol(2,512,0)"
"3020","Castilla elastica Sessé",NA,"Moraceae","Rosales","Rosanae","Dicot","Wright","perennial","tree",0,1,0,0,0,0,0,1,1,1,1,0,0,0,0,0,0,0,0,0,0,0,3,67.7679977946399,21.1937569015328,11.0382453038274,"C/CS","@rgb(173,54,28)","@rgb(255,255,255)","@rgb(128,0,0)","@symbol(3,512,0)"
"3021","Cecropia pachystachya Trécul",NA,"Urticaceae","Rosales","Rosanae","Dicot","Pinho","perennial","tree",0,1,0,0,0,0,0,1,1,1,0,0,0,0,1,0,1,0,0,0,1,0,5,79.7621978421181,10.5037183202936,9.73408383758826,"C","@rgb(203,27,25)","@rgb(255,255,255)","@rgb(128,0,0)","@symbol(3,512,0)"
"3022","Centaurea deusta Ten. splendens (Arcang.) Matthäs & Pignatti",NA,"Asteraceae","Asterales","Asteranae","Dicot","Cerabolini/Pierce","biennial","forb",0,0,1,0,0,0,0,1,0,0,0,1,0,0,0,0,0,0,0,1,0,0,2,51.6025574738854,29.8470534017945,18.5503891243202,"C/CSR","@rgb(132,76,47)","@rgb(192,192,192)","@rgb(192,192,192)","@symbol(2,512,0)"
"3023","Ceratocapnos claviculata (L.) Lidén",NA,"Papaveraceae","Ranunculales","Ranunculanae","Dicot","Kleyer","annual","forb",0,0,1,0,0,0,0,1,0,0,0,1,1,0,0,0,0,0,0,1,0,0,3,13.0357180759029,0,86.9642819240971,"R","@rgb(33,0,222)","@rgb(192,192,192)","@rgb(192,192,192)","@symbol(2,512,0)"
"3024","Coptis groenlandica (O.F. Müll.) Fernald",NA,"Ranunculaceae","Ranunculales","Ranunculanae","Dicot","Shipley","perennial","forb",1,0,1,0,0,0,0,2,0,0,0,1,1,1,0,0,0,0,1,0,0,0,4,7.7210616997779,74.0176510053999,18.2612872948222,"S/SR","@rgb(20,189,47)","@rgb(192,192,192)","@rgb(192,192,192)","@symbol(2,512,0)"
"3025","Croton billbergianus Müll. Arg.",NA,"Euphorbiaceae","Malpighiales","Rosanae","Dicot","Wright","perennial","tree",0,1,0,0,0,0,0,1,1,1,1,0,0,0,0,0,0,0,0,0,0,0,3,59.0443842875327,23.9257882185889,17.0298274938785,"C/CSR","@rgb(151,61,43)","@rgb(255,255,255)","@rgb(128,0,0)","@symbol(3,512,0)"
"3026","Cyanus triumfetti (All.) Dostál ex A. & D. Löve",NA,"Asteraceae","Asterales","Asteranae","Dicot","Cerabolini/Pierce","perennial","forb",0,0,1,0,0,0,0,1,0,0,0,0,1,0,0,0,0,0,0,1,0,0,2,45.2470390943791,0,54.7529609056209,"CR","@rgb(115,0,140)","@rgb(192,192,192)","@rgb(192,192,192)","@symbol(2,512,0)"
"3027","Cymbalaria muralis G. Gaertn., B. Mey. & Scherb. muralis",NA,"Plantaginaceae","Lamiales","Asteranae","Dicot","Cerabolini","annual","forb",0,0,1,0,0,0,0,1,0,0,0,1,0,0,0,0,0,0,0,1,0,0,2,18.8849972833436,0,81.1150027166564,"R/CR","@rgb(48,0,207)","@rgb(192,192,192)","@rgb(192,192,192)","@symbol(2,512,0)"
"3028","Dactylorhiza euxina (Nevski) H. Baumann & Künkele",NA,"Orchidaceae","Asparagales","Lilianae","Monocot","Soudzilovskaia","perennial","forb",0,0,1,0,0,0,0,1,0,0,0,1,0,0,0,1,0,0,0,0,0,0,2,35.3346253896741,0,64.6653746103259,"R/CR","@rgb(90,0,165)","@rgb(192,192,192)","@rgb(192,192,192)","@symbol(2,512,0)"
"3029","Dactylorhiza incarnata (L.) Soó",NA,"Orchidaceae","Asparagales","Lilianae","Monocot","Kleyer","perennial","forb",0,0,1,0,0,0,0,1,0,0,0,1,1,1,0,0,0,0,1,1,0,0,5,58.1594606606665,0,41.8405393393335,"CR","@rgb(148,0,107)","@rgb(192,192,192)","@rgb(192,192,192)","@symbol(2,512,0)"
"3030","Dactylorhiza maculata (L.) Soó",NA,"Orchidaceae","Asparagales","Lilianae","Monocot","Wright","perennial","forb",0,0,1,0,0,0,0,1,0,0,0,1,1,1,0,0,0,0,1,1,0,0,5,49.7996404321441,0,50.2003595678559,"CR","@rgb(127,0,128)","@rgb(192,192,192)","@rgb(192,192,192)","@symbol(2,512,0)"
"3031","Dactylorhiza sambucina (L.) Soó",NA,"Orchidaceae","Asparagales","Lilianae","Monocot","Kleyer","perennial","forb",0,0,1,0,0,0,0,1,0,0,0,1,1,1,0,0,0,0,0,1,0,0,4,40.2859920421244,0,59.7140079578756,"CR","@rgb(103,0,152)","@rgb(192,192,192)","@rgb(192,192,192)","@symbol(2,512,0)"
"3032","Dactylorhiza sphagnicola (Höppner) Aver.",NA,"Orchidaceae","Asparagales","Lilianae","Monocot","Kleyer","perennial","forb",0,0,1,0,0,0,0,1,0,0,0,1,0,1,0,0,0,0,0,0,0,0,2,51.07575317459,0,48.92424682541,"CR","@rgb(130,0,125)","@rgb(192,192,192)","@rgb(192,192,192)","@symbol(2,512,0)"
"3033","Dactylorhiza traunsteineri (Saut. ex Rchb. f.) Soó",NA,"Orchidaceae","Asparagales","Lilianae","Monocot","Kleyer","perennial","forb",0,0,1,0,0,0,0,1,0,0,0,1,1,1,0,0,0,0,0,0,0,0,3,33.8240089227482,0,66.1759910772518,"R/CR","@rgb(86,0,169)","@rgb(192,192,192)","@rgb(192,192,192)","@symbol(2,512,0)"
"3034","Elymus athericus (Link) Kerguélen",NA,"Poaceae","Poales","Lilianae","Monocot","Cerabolini","perennial","graminoid",0,0,1,0,0,0,0,1,0,0,0,1,0,0,0,0,0,0,0,1,0,0,2,32.4310668191299,49.9893253071399,17.5796078737301,"S/CSR","@rgb(83,127,45)","@rgb(0,0,0)","@rgb(0,128,0)","@symbol(4,512,0)"
"3035","Erodium cicutarium (L.) L'Hér.",NA,"Geraniaceae","Geraniales","Rosanae","Dicot","Cerabolini/Pierce","biennial","forb",0,0,1,0,0,0,0,1,0,0,0,1,1,1,0,1,0,1,1,1,1,0,8,35.4150071960411,0,64.5849928039589,"R/CR","@rgb(90,0,165)","@rgb(192,192,192)","@rgb(192,192,192)","@symbol(2,512,0)"
"3036","Erodium moschatum (L.) L'Hér. ex Aiton",NA,"Geraniaceae","Geraniales","Rosanae","Dicot","Kleyer","biennial","forb",0,0,1,0,0,0,0,1,0,0,0,1,0,0,0,0,0,0,0,1,0,0,2,63.79590748743,0,36.20409251257,"C/CR","@rgb(163,0,92)","@rgb(192,192,192)","@rgb(192,192,192)","@symbol(2,512,0)"
"3037","Fallopia convolvulus (L.) Á. Löve",NA,"Polygonaceae","Caryophyllales","Caryophyllanae","Dicot","Díaz","annual","forb",0,0,1,0,0,0,0,1,0,0,0,1,1,1,0,0,0,1,1,1,1,0,7,42.3433432179445,17.5395845437588,40.1170722382966,"CR/CSR","@rgb(108,45,102)","@rgb(192,192,192)","@rgb(192,192,192)","@symbol(2,512,0)"
"3038","Hieronyma alchorneoides Allemão",NA,"Phyllanthaceae","Malpighiales","Rosanae","Dicot","Wright","perennial","tree",0,1,0,0,0,0,0,1,1,1,1,0,0,0,1,0,0,0,0,0,1,0,5,67.1321756528358,24.183517732208,8.68430661495614,"C/CS","@rgb(171,62,22)","@rgb(255,255,255)","@rgb(128,0,0)","@symbol(3,512,0)"
"3039","Homolepis longispicula (Döll) Chase",NA,"Poaceae","Poales","Lilianae","Monocot","Negreiros","perennial","graminoid",0,1,0,0,0,0,0,1,0,0,0,0,0,0,1,0,0,0,0,0,0,0,1,26.3677315959523,73.6322684040477,0,"S/CS","@rgb(67,188,0)","@rgb(0,0,0)","@rgb(0,128,0)","@symbol(4,512,0)"
"3040","Hopea dryobalanoides Miq., Sum.",NA,"Dipterocarpaceae","Malvales","Rosanae","Dicot","SJ Wright Pasoh","perennial","tree",0,0,0,0,1,0,0,1,1,0,0,0,0,0,0,0,0,0,0,0,0,0,1,39.6397079712188,60.3602920287812,0,"CS","@rgb(101,154,0)","@rgb(255,255,255)","@rgb(128,0,0)","@symbol(3,512,0)"
"3041","Kalmia procumbens (L.) Gift, Kron, & Stevens ex Galasso, Banfi & F. Conti",NA,"Ericaceae","Ericales","Asteranae","Dicot","Cerabolini/Pierce","perennial","shrub",1,0,1,0,0,0,0,2,0,0,0,1,1,1,0,0,0,0,1,1,0,0,5,0,100,0,"S","@rgb(0,255,0)","@rgb(192,192,192)","@rgb(0,0,0)","@symbol(6,512,0)"
"3042","Lansium domesticum Corrêa",NA,"Meliaceae","Sapindales","Rosanae","Dicot","SJ Wright Pasoh","perennial","tree",0,0,0,0,1,1,0,2,1,0,0,0,0,0,0,0,0,0,0,0,0,0,1,47.8155601776127,52.1844398223873,0,"CS","@rgb(122,133,0)","@rgb(255,255,255)","@rgb(128,0,0)","@symbol(3,512,0)"
"3043","Linaria angustissima (Loisel.) Borbás",NA,"Plantaginaceae","Lamiales","Asteranae","Dicot","Cerabolini/Pierce","perennial","forb",0,0,1,0,0,0,0,1,0,0,0,1,1,0,0,0,0,0,0,1,0,0,3,20.7203468658448,53.4306451890233,25.8490079451319,"S/CSR","@rgb(53,136,66)","@rgb(192,192,192)","@rgb(192,192,192)","@symbol(2,512,0)"
"3044","Luzula spicata (L.) DC. mutabilis Chrtek & Kriša",NA,"Juncaceae","Poales","Lilianae","Monocot","Cerabolini/Pierce","perennial","graminoid",0,0,1,0,0,0,0,1,0,0,0,1,1,0,0,0,0,0,0,1,0,0,3,1.18929597046375,96.4949706728135,2.31573335672273,"S","@rgb(3,246,6)","@rgb(0,0,0)","@rgb(0,128,0)","@symbol(4,512,0)"
"3045","Lychnophora rupestris Semir & Leitão",NA,"Asteraceae","Asterales","Asteranae","Dicot","Negreiros","perennial","shrub",0,1,0,0,0,0,0,1,0,0,0,0,0,0,1,0,0,0,0,0,0,0,1,0.0988469629207678,99.9011530370792,0,"S","@rgb(0,255,0)","@rgb(192,192,192)","@rgb(0,0,0)","@symbol(6,512,0)"
"3046","Mallotus penangensis Müll. Arg.",NA,"Euphorbiaceae","Malpighiales","Rosanae","Dicot","SJ Wright Pasoh","perennial","tree",0,0,0,0,1,1,0,2,1,1,0,0,0,0,0,0,0,0,0,0,0,0,2,62.5747984154643,33.9357460298792,3.4894555546565,"C/CS","@rgb(160,87,9)","@rgb(255,255,255)","@rgb(128,0,0)","@symbol(3,512,0)"
"3047","Maranta noctiflora Regel & Körn.",NA,"Marantaceae","Zingiberales","Lilianae","Monocot","Pinho","perennial","forb",0,1,0,0,0,0,0,1,1,0,0,0,0,0,0,0,0,0,0,0,0,0,1,35.661317856746,33.1585708973987,31.1801112458552,"CSR","@rgb(91,85,80)","@rgb(192,192,192)","@rgb(192,192,192)","@symbol(2,512,0)"
"3048","Neotinea tridentata (Scop.) R.M. Bateman, Pridgeon & M.W. Chase",NA,"Orchidaceae","Asparagales","Lilianae","Monocot","Cerabolini/Pierce2","perennial","forb",0,0,1,0,0,0,0,1,0,0,0,1,1,0,0,0,0,0,0,1,0,0,3,51.0523476057442,0,48.9476523942558,"CR","@rgb(130,0,125)","@rgb(192,192,192)","@rgb(192,192,192)","@symbol(2,512,0)"
"3049","Neotinea ustulata R.M.Bateman, Pridgeon & M.W.Chase",NA,"Orchidaceae","Asparagales","Lilianae","Monocot","Cerabolini/Pierce2","perennial","forb",0,0,1,0,0,0,0,1,0,0,0,1,1,0,0,0,0,0,0,1,0,0,3,34.550199778236,0,65.449800221764,"R/CR","@rgb(88,0,167)","@rgb(192,192,192)","@rgb(192,192,192)","@symbol(2,512,0)"
"3050","Oenothera erythrosepala (Borbás) Borbás",NA,"Onagraceae","Myrtales","Rosanae","Dicot","Kleyer","biennial","forb",0,0,1,0,0,0,0,1,0,0,0,1,0,0,0,0,0,0,0,1,0,0,2,63.3576549385399,0,36.6423450614601,"C/CR","@rgb(162,0,93)","@rgb(192,192,192)","@rgb(192,192,192)","@symbol(2,512,0)"
"3051","Oenothera rosea L'Hér. ex Aiton",NA,"Onagraceae","Myrtales","Rosanae","Dicot","Kleyer","perennial","forb",1,1,0,0,0,0,0,2,1,1,1,0,0,0,0,0,0,1,0,1,1,0,6,15.1044405516505,19.8204921264729,65.0750673218767,"R/SR","@rgb(39,51,166)","@rgb(192,192,192)","@rgb(192,192,192)","@symbol(2,512,0)"
"3052","Packera multilobata (Torr. & A. Gray) W.A. Weber & Á. Löve",NA,"Asteraceae","Asterales","Asteranae","Dicot","Laughlin","perennial","forb",1,0,0,0,0,0,0,1,0,0,1,0,1,0,0,0,0,0,0,0,1,0,3,33.5428629618267,34.5497174869251,31.9074195512483,"CSR","@rgb(86,88,81)","@rgb(192,192,192)","@rgb(192,192,192)","@symbol(2,512,0)"
"3053","Picea sitchensis (Bong.) Carrière",NA,"Pinaceae","Pinales",NA,"Gymnosperm","Cornelissen","perennial","tree",1,0,1,0,0,0,0,2,0,0,0,1,1,1,0,0,0,0,0,0,0,0,3,0,100,0,"S","@rgb(0,255,0)","@rgb(255,255,255)","@rgb(128,0,0)","@symbol(3,512,0)"
"3054","Platanus hispanica Mill. ex Münchh.",NA,"Platanaceae","Proteales","Proteanae","Dicot","Cerabolini","perennial","tree",0,0,1,0,0,0,0,1,0,0,0,1,0,0,0,0,0,0,0,1,0,0,2,52.0120217936111,33.820167194615,14.1678110117739,"CS/CSR","@rgb(133,86,36)","@rgb(255,255,255)","@rgb(128,0,0)","@symbol(3,512,0)"
"3055","Primula auricula L. ciliata (Moretti) Lüdi",NA,"Primulaceae","Ericales","Asteranae","Dicot","Cerabolini/Pierce","perennial","forb",0,0,1,0,0,0,0,1,0,0,0,1,1,0,0,0,0,0,0,0,0,0,2,67.2693378479237,0,32.7306621520763,"C/CR","@rgb(172,0,83)","@rgb(192,192,192)","@rgb(192,192,192)","@symbol(2,512,0)"
"3056","Pseudorchis albida (L.) Á. Löve & D. Löve",NA,"Orchidaceae","Asparagales","Lilianae","Monocot","Kleyer","perennial","forb",1,0,1,0,0,0,0,2,0,0,0,1,1,1,0,0,0,0,1,1,0,0,5,36.5716454178553,0,63.4283545821447,"R/CR","@rgb(93,0,162)","@rgb(192,192,192)","@rgb(192,192,192)","@symbol(2,512,0)"
"3057","Reynoutria x bohemica Chrtek & Chrtková",NA,"Polygonaceae","Caryophyllales","Caryophyllanae","Dicot","Cerabolini","perennial","forb",0,0,1,0,0,0,0,1,0,0,0,1,0,0,0,0,0,0,0,0,0,0,1,77.9775955360639,0,22.0224044639361,"C/CR","@rgb(199,0,56)","@rgb(192,192,192)","@rgb(192,192,192)","@symbol(2,512,0)"
"3058","Schefflera morototoni (Aubl.) Maguire, Steyerm. & Frodin",NA,"Araliaceae","Apiales","Asteranae","Dicot","Pinho","perennial","tree",0,1,0,0,0,0,0,1,1,1,0,0,0,0,1,0,1,0,0,0,1,0,5,55.8984415060817,26.9570524709986,17.1445060229197,"C/CSR","@rgb(143,69,44)","@rgb(255,255,255)","@rgb(128,0,0)","@symbol(3,512,0)"
"3059","Scirpoides holoschoenus (L.) Soják",NA,"Cyperaceae","Poales","Lilianae","Monocot","Cerabolini","perennial","graminoid",0,0,1,0,0,0,0,1,0,0,0,1,1,0,0,1,0,1,0,1,0,0,5,18.5604672242609,81.4395327757391,0,"S/CS","@rgb(47,208,0)","@rgb(0,0,0)","@rgb(0,128,0)","@symbol(4,512,0)"
"3060","Scorzoneroides helvetica (Mérat) Holub",NA,"Asteraceae","Asterales","Asteranae","Dicot","Cerabolini/Pierce","perennial","forb",0,0,1,0,0,0,0,1,0,0,0,0,1,0,0,0,0,0,0,0,0,0,1,22.9075710977241,48.8760059776533,28.2164229246226,"S/CSR","@rgb(58,125,72)","@rgb(192,192,192)","@rgb(192,192,192)","@symbol(2,512,0)"
"3061","Sebastiania ditassoides (Didr.) Müll. Arg.",NA,"Euphorbiaceae","Malpighiales","Rosanae","Dicot","Negreiros","perennial","shrub",0,1,0,0,0,0,0,1,0,0,0,0,0,0,1,0,0,0,0,0,1,0,2,0.112184411734527,99.8878155882655,0,"S","@rgb(0,255,0)","@rgb(192,192,192)","@rgb(0,0,0)","@symbol(6,512,0)"
"3062","Senecio ovatus (G. Gaertn., B. Mey. & Scherb.) Willd. alpestris (Gaudin) Herborg",NA,"Asteraceae","Asterales","Asteranae","Dicot","Cerabolini/Pierce","perennial","forb",0,0,1,0,0,0,0,1,0,0,0,1,1,0,0,0,0,0,0,0,0,0,2,53.1678359643369,0,46.8321640356631,"CR","@rgb(136,0,119)","@rgb(192,192,192)","@rgb(192,192,192)","@symbol(2,512,0)"
"3063","Stellaria pallida (Dumort.) Crép.",NA,"Caryophyllaceae","Caryophyllales","Caryophyllanae","Dicot","Cerabolini/Pierce","perennial","forb",0,0,1,0,0,0,0,1,0,0,0,1,1,0,0,0,0,1,0,1,1,0,5,3.7805348693817,0,96.2194651306183,"R","@rgb(10,0,245)","@rgb(192,192,192)","@rgb(192,192,192)","@symbol(2,512,0)"
"3064","Thalictrum dasycarpum Fisch. & Avé-Lall.",NA,"Ranunculaceae","Ranunculales","Ranunculanae","Dicot","Weiher","perennial","forb",1,0,0,0,0,0,0,1,0,0,0,1,1,1,1,1,0,0,0,0,0,0,5,21.3016987643121,38.0143436550735,40.6839575806144,"SR/CSR","@rgb(54,97,104)","@rgb(192,192,192)","@rgb(192,192,192)","@symbol(2,512,0)"
"3065","Thymus polytrichus A. Kern. ex Borbás",NA,"Lamiaceae","Lamiales","Asteranae","Dicot","Cornelissen","perennial","shrub",0,0,1,0,0,0,0,1,0,0,0,1,1,0,0,0,0,0,0,0,0,0,2,0,85.4935421144279,14.5064578855721,"S","@rgb(0,218,37)","@rgb(192,192,192)","@rgb(0,0,0)","@symbol(6,512,0)"
"3066","Thymus pulegioides L. carniolicus (Borbás) P. A. Schmidt",NA,"Lamiaceae","Lamiales","Asteranae","Dicot","Cerabolini","perennial","shrub",0,0,1,0,0,0,0,1,0,0,0,1,1,0,0,0,0,0,0,0,0,0,2,1.49379169709648,85.1216152306683,13.3845930722352,"S","@rgb(4,217,34)","@rgb(192,192,192)","@rgb(0,0,0)","@symbol(6,512,0)"
"3067","Trigonostemon malaccanus Müll. Arg.",NA,"Euphorbiaceae","Malpighiales","Rosanae","Dicot","SJ Wright Pasoh","perennial","tree",0,0,0,0,1,0,0,1,1,0,0,0,0,0,0,0,0,0,0,0,0,0,1,53.9889767896158,34.7449304698281,11.2660927405562,"CS/CSR","@rgb(138,89,29)","@rgb(255,255,255)","@rgb(128,0,0)","@symbol(3,512,0)"
"3068","Viola canina L. ruppii (All.) Schübl. & G. Martens",NA,"Violaceae","Malpighiales","Rosanae","Dicot","Cerabolini/Pierce","perennial","forb",0,0,1,0,0,0,0,1,0,0,0,1,1,1,0,0,0,0,1,1,0,0,5,17.9214805250329,17.6139301272441,64.464589347723,"R/CSR","@rgb(46,45,164)","@rgb(192,192,192)","@rgb(192,192,192)","@symbol(2,512,0)"
