"","Name_submitted","Accepted_name","status","Native_L1","Native_L2","Native_L3","Native_L4","Established_L1","Established_L2","Established_L3","Established_L4","Invasive_L1","Invasive_L2","Invasive_L3","Invasive_L4"
"141","Acer negundo","Acer negundo","invasive",",7,8,",",78,76,73,75,80,74,79,77,71,72,",",ALA,ARI,ARK,CAL,COL,CNT,GUA,HON,IDA,ILL,INI,IOW,KAN,KTY,LOU,MAI,MAS,MXC,MXG,MXE,MXN,MXT,MXS,MIC,MIN,MSI,MSO,MNT,NEB,NEV,NWJ,NWM,NWY,NCA,NDA,OHI,OKL,ORE,RHO,SAS,SDA,TEN,TEX,UTA,VER,VRG,WAS,WYO,ABT,MAN,ONT,,DEL,FLA,GEO,MRY,NWH,PEN,SCA,WVA,WIS,",",,ABT-OO,ALA-OO,ARI-OO,ARK-OO,CAL-OO,CNT-OO,COL-OO,DEL-OO,FLA-OO,GEO-OO,GUA-OO,HON-OO,IDA-OO,ILL-OO,INI-OO,IOW-OO,KAN-OO,KTY-OO,LOU-OO,MAI-OO,MAN-OO,MAS-OO,MIC-OO,MIN-OO,MNT-OO,MRY-OO,MSI-OO,MSO-OO,MXC-OO,MXE-OO,MXG-OO,MXN-OO,MXS-OO,MXT-OO,NCA-OO,NDA-OO,NEB-OO,NEV-OO,NWH-OO,NWJ-OO,NWM-OO,NWY-OO,OHI-OO,OKL-OO,ONT-OO,ORE-OO,PEN-OO,RHO-OO,SAS-OO,SCA-OO,SDA-OO,TEN-OO,TEX-OO,UTA-OO,VER-OO,VRG-OO,WAS-OO,WIS-OO,WVA-OO,WYO-OO,",",1,8,5,7,3,2,3,",",13,85,50,11,71,72,70,36,12,14,10,38,51,31,30,76,73,77,27,34,33,21,83,75,",",ALB,AGE,NSW,SOA,VIC,WAU,BGM,BUL,ABT,BRC,NBR,NSC,PEI,QUE,YUK,CHM,CZE,SPA,BLT,COR,FRA,GRB,GRC,HUN,ITA,JAP,UKR,NET,POL,ROM,KHA,RUW,RUC,ALT,IRK,KRA,WSB,BRY,TVA,YUG,SWE,URU,ARI,CAL,COL,IDA,MNT,NWM,ORE,UTA,WAS,WYO,OFS,TVL,NAT,CPP,TUR,TCS,AUT,AZO,BOL,NZS,GER,MAI,,BLR,",",ALB-OO,AGE-BA,AGE-LP,NSW-NS,SOA-OO,VIC-OO,WAU-WA,BGM-BE,BUL-OO,ABT-OO,BRC-OO,NBR-OO,NSC-OO,PEI-OO,QUE-OO,YUK-OO,CHM-HJ,CZE-CZ,SPA-SP,BLT-ES,COR-OO,FRA-FR,GRB-OO,GRC-OO,HUN-OO,ITA-IT,BLT-LI,BLT-LA,UKR-MO,NET-OO,POL-OO,ROM-OO,KHA-OO,RUW-OO,RUC-OO,ALT-OO,IRK-OO,KRA-OO,WSB-OO,BRY-OO,TVA-OO,CZE-SK,YUG-SL,SWE-OO,UKR-UK,URU-OO,ARI-OO,CAL-OO,COL-OO,IDA-OO,MNT-OO,NWM-OO,ORE-OO,UTA-OO,WAS-OO,WYO-OO,OFS-OO,TVL-GA,NAT-OO,TVL-MP,CPP-WC,TCS-AR,AUT-AU,AZO-OO,BOL-OO,NZS-OO,GER-OO,,AUT-OO,BGM-OO,BLR-OO,FRA-OO,ITA-OO,MAI-OO,NSW-OO,YUG-BH,YUG-MA,YUG-MN,YUG-SE,",",1,3,7,5,8,",",11,12,30,10,14,72,75,73,50,51,85,33,13,",",AUT,BGM,CZE,FRA,GER,HUN,POL,WSB,SWE,UKR,NBR,NSC,PEI,QUE,MAI,ORE,WAS,NSW,VIC,,TCS,BLR,YUG,GRC,ITA,BLT,",",,AUT-OO,BGM-OO,BLR-OO,BLT-LA,CZE-CZ,FRA-OO,GER-OO,GRC-OO,HUN-OO,ITA-OO,MAI-OO,NBR-OO,NSC-OO,NSW-OO,ORE-OO,PEI-OO,POL-OO,QUE-OO,SWE-OO,TCS-AR,UKR-MO,VIC-OO,WAS-OO,WSB-OO,YUG-BH,YUG-MA,YUG-MN,YUG-SE,YUG-SL,"
"146","Acer platanoides","Acer platanoides","invasive",",3,1,4,7,",",34,13,11,14,10,12,32,33,40,78,",",AFG,ALB,AUT,BLT,BLR,BGM,BUL,RUC,CZE,RUE,FIN,FRA,GER,GRC,HUN,IRN,ITA,KGZ,KRY,NCS,NOR,PAK,POL,ROM,RUS,SPA,SWE,SWI,TZK,TCS,TUR,TUE,UKR,UZB,YUG,GEO,TKM,CYP,COR,",",,AFG-OO,ALB-OO,AUT-AU,BGM-BE,BLR-OO,BLT-ES,BLT-LA,BLT-LI,BUL-OO,COR-OO,CYP-OO,CZE-CZ,CZE-SL,FIN-OO,FRA-FR,FRA-MO,GEO-OO,GER-OO,GRC-OO,HUN-OO,IRN-OO,ITA-IT,ITA-SM,KGZ-OO,KRY-OO,NCS-OO,NOR-OO,PAK-OO,POL-OO,ROM-OO,RUC-OO,RUE-OO,RUS-OO,SPA-SP,SWE-OO,SWI-OO,TCS-AR,TCS-AZ,TKM-OO,TUE-OO,TUR-OO,TZK-OO,UKR-MO,UKR-UK,UZB-OO,YUG-BH,YUG-CR,YUG-MA,YUG-SE,YUG-SL,",",7,1,",",71,72,12,10,14,11,73,75,78,74,76,,",",BRC,NBR,NSC,ONT,PEI,QUE,SPA,COR,GRB,IRE,BLT,NET,COL,CNT,WDC,DEL,IDA,ILL,INI,KTY,MAS,MRY,MAI,MIC,MIN,MNT,NCA,NWH,NWJ,NWY,OHI,ORE,PEN,RHO,TEN,UTA,VRG,VER,WAS,WIS,WVA,,",",BRC-OO,NBR-OO,NSC-OO,ONT-OO,PEI-OO,QUE-OO,SPA-SP,COR-OO,GRB-OO,IRE-NI,IRE-IR,BLT-LA,NET-OO,COL-OO,CNT-OO,WDC-OO,DEL-OO,IDA-OO,ILL-OO,INI-OO,KTY-OO,MAS-OO,MRY-OO,MAI-OO,MIC-OO,MIN-OO,MNT-OO,NCA-OO,NWH-OO,NWJ-OO,NWY-OO,OHI-OO,ORE-OO,PEN-OO,RHO-OO,TEN-OO,UTA-OO,VRG-OO,VER-OO,WAS-OO,WIS-OO,WVA-OO,,",",1,7,",",10,72,,75,78,74,14,",",GRB,,ONT,QUE,CNT,NWJ,NWY,VER,VRG,WIS,BLT,",",,BLT-LA,CNT-OO,GRB-OO,NWJ-OO,NWY-OO,ONT-OO,QUE-OO,VER-OO,VRG-OO,WIS-OO,"
"359","Agropyron cristatum","Agropyron cristatum","invasive",",3,1,2,7,4,",",34,13,30,31,11,14,36,20,32,38,37,33,12,78,40,10,",",AFG,ALB,ALT,AMU,AUT,BUL,BRY,RUC,CHN,CTA,CZE,RUE,EGY,GRC,HUN,CHI,IRN,IRQ,IRK,ITA,KAM,KAZ,KHA,KGZ,KOR,KRA,KRY,MAG,CHM,,MON,MOR,NCS,RUW,PRM,CHQ,ROM,RUS,SPA,TZK,TCS,TUR,TUE,TKM,TVA,UKR,UZB,WSB,CHX,YAK,YUG,GEO,JAP,PAK,BGM,DEN,FIN,FRA,GER,NET,NOR,POL,POR,RUN,SWE,",",,AFG-OO,ALB-OO,ALT-OO,AMU-OO,AUT-AU,BGM-OO,BRY-OO,BUL-OO,CHI-NX,CHM-HJ,CHN-GS,CHN-HB,CHN-SA,CHQ-OO,CHX-OO,CTA-OO,CZE-CZ,CZE-SL,DEN-OO,EGY-OO,FIN-OO,FRA-OO,GEO-OO,GER-OO,GRC-OO,HUN-OO,IRK-OO,IRN-OO,IRQ-OO,ITA-IT,JAP-OO,KAM-OO,KAZ-OO,KGZ-OO,KHA-OO,KOR-NK,KOR-SK,KRA-OO,KRY-OO,MAG-OO,MON-OO,MOR-MO,NCS-OO,NET-OO,NOR-OO,PAK-OO,POL-OO,POR-OO,PRM-OO,ROM-OO,RUC-OO,RUE-OO,RUN-OO,RUS-OO,RUW-OO,SPA-SP,SWE-OO,TCS-AR,TCS-AZ,TKM-OO,TUE-OO,TUR-OO,TVA-OO,TZK-OO,UKR-UK,UZB-OO,WSB-OO,YAK-OO,YUG-MA,",",7,8,1,3,6,",",71,72,70,85,14,11,31,76,73,78,74,75,77,,63,83,",",ABT,BRC,LAB,MAN,NSC,NWT,ONT,QUE,SAS,YUK,CLS,BLT,POL,KHA,RUC,UKR,ASK,ARI,CAL,COL,DEL,IOW,IDA,ILL,INI,KAN,KTY,MAS,MIC,MIN,MSO,MNT,NDA,NEB,NWH,NWM,NEV,NWY,OHI,OKL,ORE,SDA,TEX,UTA,WAS,WIS,WYO,,HAW,TEN,VRG,PER,",",ABT-OO,BRC-OO,LAB-OO,MAN-OO,NSC-OO,NWT-OO,ONT-OO,QUE-OO,SAS-OO,YUK-OO,CLS-MG,BLT-LI,POL-OO,KHA-OO,RUC-OO,UKR-UK,ASK-OO,ARI-OO,CAL-OO,COL-OO,DEL-OO,IOW-OO,IDA-OO,ILL-OO,INI-OO,KAN-OO,KTY-OO,MAS-OO,MIC-OO,MIN-OO,MSO-OO,MNT-OO,NDA-OO,NEB-OO,NWH-OO,NWM-OO,NEV-OO,NWY-OO,OHI-OO,OKL-OO,ORE-OO,SDA-OO,TEX-OO,UTA-OO,WAS-OO,WIS-OO,WYO-OO,,HAW-OO,PER-OO,TEN-OO,VRG-OO,",",7,6,8,",",,76,73,63,74,75,77,78,83,",",,ARI,CAL,COL,HAW,IDA,ILL,IOW,KAN,MAS,MIN,MSO,MNT,NEB,NEV,NWM,NWY,NDA,ORE,SDA,TEN,TEX,UTA,VRG,WAS,WYO,PER,",",,ARI-OO,CAL-OO,COL-OO,HAW-OO,IDA-OO,ILL-OO,IOW-OO,KAN-OO,MAS-OO,MIN-OO,MNT-OO,MSO-OO,NDA-OO,NEB-OO,NEV-OO,NWM-OO,NWY-OO,ORE-OO,PER-OO,SDA-OO,TEN-OO,TEX-OO,UTA-OO,VRG-OO,WAS-OO,WYO-OO,"
"367","Agrostis capillaris","Agrostis capillaris","invasive",",3,1,2,7,",",34,13,30,11,14,36,12,10,32,33,20,78,21,",",AFG,ALB,ALT,AUT,BLT,BLR,BGM,BUL,BRY,RUC,CHN,CHS,COR,CZE,DEN,RUE,FIN,FRA,FOR,GER,GRB,GRC,HUN,ICE,CHI,IRN,IRE,IRK,ITA,KAZ,KRA,KRY,NET,NCS,RUN,RUW,NOR,POL,POR,ROM,RUS,SPA,SWE,SWI,TCS,TUR,UKR,WSB,CHX,YUG,TUN,,GEO,CNY,",",,AFG-OO,ALB-OO,ALT-OO,AUT-AU,AUT-LI,BGM-BE,BGM-LU,BLR-OO,BLT-ES,BLT-LA,BLT-LI,BRY-OO,BUL-OO,CHI-NX,CHN-SX,CHS-HE,CHX-OO,CNY-OO,COR-OO,CZE-CZ,CZE-SL,DEN-OO,FIN-OO,FOR-OO,FRA-FR,GEO-OO,GER-OO,GRC-OO,HUN-OO,ICE-OO,IRE-IR,IRK-OO,IRN-OO,ITA-IT,KAZ-OO,KRA-OO,KRY-OO,NCS-OO,NET-OO,NOR-OO,POL-OO,POR-OO,ROM-OO,RUC-OO,RUE-OO,RUN-OO,RUS-OO,RUW-OO,SPA-SP,SWE-OO,SWI-OO,TCS-AR,TCS-AZ,TUN-OO,TUR-OO,UKR-MO,UKR-UK,WSB-OO,YUG-SE,YUG-SL,",",8,5,7,9,4,3,2,1,6,",",85,50,84,71,72,70,80,90,40,38,51,31,28,10,78,76,73,75,63,74,83,,",",AGE,AGW,AGS,NSW,SOA,TAS,VIC,WAU,BZS,BRC,LAB,NBR,NFL,NSC,ONT,PEI,QUE,YUK,CLS,CLC,COS,CRZ,KEG,GNL,WHM,IND,JAP,ATP,CTM,KHA,KUR,SGE,STH,TDC,SWE,ASK,ALA,ARI,CAL,COL,CNT,WDC,HAW,IOW,IDA,ILL,INI,KTY,MAS,MRY,MAI,MIC,MSO,MSI,MNT,NCA,NWH,NWJ,NEV,NWY,OHI,ORE,PEN,RHO,SCA,TEN,UTA,VRG,VER,WAS,WVA,WYO,GAL,NZN,NZS,GRB,,",",AGE-BA,AGW-ME,AGS-NE,AGS-RN,AGS-SC,AGS-TF,NSW-NS,SOA-OO,TAS-OO,VIC-OO,WAU-WA,BZS-RS,BRC-OO,LAB-OO,NBR-OO,NFL-NE,NSC-OO,ONT-OO,PEI-OO,QUE-OO,YUK-OO,CLS-LL,CLC-LA,CLC-CO,CLC-MA,CLS-MG,CLC-BI,CLC-VA,COS-OO,CRZ-OO,KEG-OO,GNL-OO,WHM-JK,IND-KE,ATP-OO,CTM-OO,KHA-OO,KUR-OO,SGE-OO,STH-OO,TDC-OO,NFL-SP,SWE-OO,ASK-OO,ALA-OO,ARI-OO,CAL-OO,COL-OO,CNT-OO,WDC-OO,HAW-HI,IOW-OO,IDA-OO,ILL-OO,INI-OO,KTY-OO,MAS-OO,MRY-OO,MAI-OO,MIC-OO,MSO-OO,MSI-OO,MNT-OO,NCA-OO,NWH-OO,NWJ-OO,NEV-OO,NWY-OO,OHI-OO,ORE-OO,PEN-OO,RHO-OO,SCA-OO,TEN-OO,UTA-OO,VRG-OO,VER-OO,WAS-OO,WVA-OO,WYO-OO,GAL-OO,CLS-AI,NZN-OO,NZS-OO,GRB-OO,,NSW-OO,WAU-OO,",",2,9,7,5,",",28,90,,78,50,51,",",STH,SGE,,VRG,NSW,SOA,TAS,VIC,WAU,",",,NSW-OO,SGE-OO,SOA-OO,STH-OO,TAS-OO,VIC-OO,VRG-OO,WAU-OO,"
"406","Albizia julibrissin","Albizia julibrissin","invasive",",4,3,2,7,",",40,36,34,38,41,33,24,78,",",ASS,BAN,CHN,CHC,CHS,EHM,IND,IRN,JAP,KOR,MYA,NNS,NEP,PAK,TAI,CHT,TCS,WHM,ERI,ETH,SOM,,GEO,SRL,",",,ASS-AS,ASS-MA,BAN-OO,CHC-OO,CHN-OO,CHS-OO,CHT-OO,EHM-BH,EHM-SI,ERI-OO,ETH-OO,GEO-OO,IND-PU,IND-UP,IRN-OO,JAP-HN,JAP-KY,JAP-SH,KOR-NK,KOR-SK,MYA-OO,NEP-OO,NNS-OO,PAK-OO,SOM-OO,SRL-OO,TAI-OO,TCS-AR,TCS-AZ,WHM-OO,",",3,5,2,1,7,3,8,",",34,38,51,21,14,78,76,75,74,77,27,34,33,83,",",CYP,JAP,MDR,UKR,ALA,ARK,ARI,CAL,CNT,WDC,DEL,FLA,GEO,ILL,INI,KAN,KTY,LOU,MAS,MRY,MSO,MSI,NCA,NWJ,NWM,NWY,OHI,OKL,PEN,SCA,TEN,TEX,UTA,VRG,WVA,TVL,NAT,TUR,TCS,NZN,NZS,PER,",",CYP-OO,MDR-OO,UKR-UK,ALA-OO,ARK-OO,ARI-OO,CAL-OO,CNT-OO,WDC-OO,DEL-OO,FLA-OO,GEO-OO,ILL-OO,INI-OO,KAN-OO,KTY-OO,LOU-OO,MAS-OO,MRY-OO,MSO-OO,MSI-OO,NCA-OO,NWJ-OO,NWM-OO,NWY-OO,OHI-OO,OKL-OO,PEN-OO,SCA-OO,TEN-OO,TEX-OO,UTA-OO,VRG-OO,WVA-OO,TVL-GA,NAT-OO,TCS-AR,NZN-OO,NZS-OO,PER-OO,,",",7,5,",",78,51,",",FLA,GEO,KTY,LOU,TEN,VRG,,",",,FLA-OO,GEO-OO,KTY-OO,LOU-OO,TEN-OO,VRG-OO,"
"460","Alliaria petiolata","Alliaria petiolata","invasive",",3,1,2,4,7,",",34,13,20,11,14,12,10,32,41,40,33,36,78,30,",",AFG,ALB,ALG,AUT,BLT,BLR,BGM,BUL,RUC,COR,CYP,CZE,DEN,EAI,RUE,FIN,FRA,GER,GRB,GRC,HUN,IRN,IRQ,IRE,ITA,KAZ,KGZ,KRY,LBS,MOR,MYA,NEP,NET,NCS,RUN,RUW,NOR,PAK,PAL,POL,POR,ROM,SIC,RUS,SPA,SWE,SWI,TZK,CHT,TCS,TUN,TUR,TUE,TKM,UKR,UZB,WHM,CHX,YUG,GEO,IND,,WSB,",",,AFG-OO,ALB-OO,ALG-OO,AUT-AU,BGM-BE,BLR-OO,BLT-ES,BLT-LA,BLT-LI,BUL-OO,CHT-OO,CHX-OO,COR-OO,CYP-OO,CZE-CZ,CZE-SL,DEN-OO,EAI-OO,FIN-OO,FRA-FR,GEO-OO,GER-OO,GRC-OO,HUN-OO,IND-OO,IRE-IR,IRN-OO,IRQ-OO,ITA-IT,KAZ-OO,KGZ-OO,KRY-OO,LBS-LB,LBS-SY,MOR-MO,MYA-OO,NCS-OO,NEP-OO,NET-OO,NOR-OO,PAK-OO,PAL-OO,POL-OO,POR-OO,ROM-OO,RUC-OO,RUE-OO,RUN-OO,RUS-OO,RUW-OO,SIC-SI,SPA-SP,SWE-OO,SWI-OO,TCS-AR,TCS-AZ,TKM-OO,TUE-OO,TUN-OO,TUR-OO,TZK-OO,UKR-MO,UKR-UK,UZB-OO,WHM-OO,WSB-OO,YUG-BH,YUG-CR,YUG-MA,YUG-SE,YUG-SL,",",5,1,7,3,",",50,13,71,72,10,70,78,73,75,74,76,51,33,",",VIC,BUL,BRC,NBR,NSC,ONT,PEI,QUE,GRB,ASK,ALA,ARK,COL,CNT,WDC,DEL,GEO,IOW,IDA,ILL,INI,KAN,KTY,MAS,MRY,MAI,MIC,MIN,MSO,MNT,NCA,NDA,NEB,NWH,NWJ,NWY,OHI,OKL,ORE,PEN,RHO,SCA,SDA,TEN,UTA,VRG,VER,WAS,WIS,WVA,NZS,ABT,MAN,SAS,TCS,",",VIC-OO,BUL-OO,BRC-OO,NBR-OO,NSC-OO,ONT-OO,PEI-OO,QUE-OO,GRB-OO,ASK-OO,ALA-OO,ARK-OO,COL-OO,CNT-OO,WDC-OO,DEL-OO,GEO-OO,IOW-OO,IDA-OO,ILL-OO,INI-OO,KAN-OO,KTY-OO,MAS-OO,MRY-OO,MAI-OO,MIC-OO,MIN-OO,MSO-OO,MNT-OO,NCA-OO,NDA-OO,NEB-OO,NWH-OO,NWJ-OO,NWY-OO,OHI-OO,OKL-OO,ORE-OO,PEN-OO,RHO-OO,SCA-OO,SDA-OO,TEN-OO,UTA-OO,VRG-OO,VER-OO,WAS-OO,WIS-OO,WVA-OO,NZS-OO,,ABT-OO,MAN-OO,SAS-OO,TCS-AR,",",7,3,",",71,72,75,78,73,74,33,",",ABT,MAN,ONT,QUE,SAS,CNT,DEL,IDA,ILL,INI,IOW,KTY,MRY,MAS,MIC,NWJ,NWY,NCA,OHI,PEN,TEN,VER,VRG,WVA,WIS,TCS,",",,ABT-OO,CNT-OO,DEL-OO,IDA-OO,ILL-OO,INI-OO,IOW-OO,KTY-OO,MAN-OO,MAS-OO,MIC-OO,MRY-OO,NCA-OO,NWJ-OO,NWY-OO,OHI-OO,ONT-OO,PEN-OO,QUE-OO,SAS-OO,TCS-AR,TEN-OO,VER-OO,VRG-OO,WIS-OO,WVA-OO,"
"514","Alnus glutinosa","Alnus glutinosa","invasive",",1,2,3,7,",",13,20,11,14,12,10,34,32,33,30,78,",",ALB,ALG,AUT,BLT,BLR,BGM,BUL,RUC,COR,CZE,DEN,RUE,FIN,FRA,GER,GRB,GRC,HUN,IRN,IRE,ITA,KAZ,KRY,LBY,MOR,NET,NCS,RUN,RUW,NOR,POL,ROM,SAR,SIC,RUS,SPA,SWE,SWI,TCS,TUN,TUR,TUE,UKR,WSB,YUG,GEO,POR,,",",,ALB-OO,ALG-OO,AUT-AU,BGM-BE,BGM-LU,BLR-OO,BLT-ES,BLT-LA,BLT-LI,BUL-OO,COR-OO,CZE-CZ,CZE-SL,DEN-OO,FIN-OO,FRA-FR,FRA-MO,GEO-OO,GER-OO,GRC-OO,HUN-OO,IRE-IR,IRN-OO,ITA-IT,KAZ-OO,KRY-OO,LBY-OO,MOR-MO,NCS-OO,NET-OO,NOR-OO,POL-OO,POR-OO,ROM-OO,RUC-OO,RUE-OO,RUN-OO,RUS-OO,RUW-OO,SAR-OO,SIC-SI,SPA-SP,SWE-OO,SWI-OO,TCS-AR,TCS-AZ,TUE-OO,TUN-OO,TUR-OO,UKR-MO,UKR-UK,WSB-OO,YUG-BH,YUG-CR,YUG-MA,YUG-SE,YUG-SL,",",5,7,8,3,2,",",50,72,85,38,51,75,78,74,73,27,21,",",NSW,TAS,NFL,NSC,ONT,CLS,CLC,JAP,CNT,WDC,DEL,IOW,ILL,INI,KAN,KTY,MAS,MRY,MIC,MIN,MSO,MSI,NWJ,NWY,OHI,PEN,RHO,TEN,VER,WAS,WIS,WVA,CPP,AZO,NZN,NZS,,VIC,",",NSW-NS,TAS-OO,NFL-NE,NSC-OO,ONT-OO,CLS-LL,CLC-SA,CNT-OO,WDC-OO,DEL-OO,IOW-OO,ILL-OO,INI-OO,KAN-OO,KTY-OO,MAS-OO,MRY-OO,MIC-OO,MIN-OO,MSO-OO,MSI-OO,NWJ-OO,NWY-OO,OHI-OO,PEN-OO,RHO-OO,TEN-OO,VER-OO,WAS-OO,WIS-OO,WVA-OO,CPP-WC,AZO-OO,NZN-OO,NZS-OO,,NSW-OO,VIC-OO,",",7,5,",",72,75,78,74,50,51,",",,NSC,ONT,CNT,DEL,ILL,INI,IOW,KAN,MAS,MIC,MIN,NWJ,NWY,OHI,PEN,TEN,VER,WIS,NSW,VIC,",",,CNT-OO,DEL-OO,ILL-OO,INI-OO,IOW-OO,KAN-OO,MAS-OO,MIC-OO,MIN-OO,NSC-OO,NSW-OO,NWJ-OO,NWY-OO,OHI-OO,ONT-OO,PEN-OO,TEN-OO,VER-OO,VIC-OO,WIS-OO,"
"546","Alopecurus myosuroides","Alopecurus myosuroides","invasive",",3,1,2,4,7,",",34,13,20,40,11,12,32,14,33,35,78,10,",",AFG,ALB,ALG,ASS,BGM,BUL,COR,CYP,EAI,EGY,FRA,GRC,IRN,IRQ,ITA,KAZ,KGZ,KRI,KRY,LBS,LBY,NET,NCS,PAK,PAL,POR,ROM,SAU,SIC,RUS,SPA,TZK,TCS,TUN,TUR,TUE,TKM,UZB,WHM,YUG,GEO,AUT,DEN,BLT,GER,HUN,POL,,RUC,RUN,CZE,SWE,SWI,",",,AFG-OO,ALB-OO,ALG-OO,ASS-AS,ASS-NA,AUT-OO,BGM-BE,BLT-ES,BLT-LA,BLT-LI,BUL-OO,COR-OO,CYP-OO,CZE-SL,DEN-OO,EAI-OO,EGY-OO,FRA-FR,GEO-OO,GER-OO,GRC-OO,HUN-OO,IRN-OO,IRQ-OO,ITA-IT,KAZ-OO,KGZ-OO,KRI-OO,KRY-OO,LBS-OO,LBY-OO,NCS-OO,NET-OO,PAK-OO,PAL-IS,POL-OO,POR-OO,ROM-OO,RUC-OO,RUN-OO,RUS-OO,SAU-OO,SIC-SI,SPA-SP,SWE-OO,SWI-OO,TCS-OO,TKM-OO,TUE-OO,TUN-OO,TUR-OO,TZK-OO,UZB-OO,WHM-JK,YUG-SE,",",8,5,1,7,3,2,",",85,50,14,71,10,12,38,79,78,76,74,75,77,73,21,51,11,",",AGE,AGS,NSW,SOA,TAS,WAU,BLR,MAN,DEN,COR,GRB,JAP,KOR,MXS,RUC,SWE,TAI,ALA,CAL,WDC,DEL,KAN,KTY,LOU,MAS,MRY,MAI,MIC,MSI,NCA,NWJ,NWM,NWY,OHI,ORE,PEN,SCA,TEX,VRG,WAS,WVA,AZO,NZS,IDA,CZE,",",AGE-BA,AGE-DF,AGS-RN,NSW-NS,SOA-OO,TAS-OO,WAU-WA,BLR-OO,MAN-OO,DEN-OO,COR-OO,GRB-OO,KOR-SK,MXS-JA,RUC-OO,SWE-OO,TAI-OO,ALA-OO,CAL-OO,WDC-OO,DEL-OO,KAN-OO,KTY-OO,LOU-OO,MAS-OO,MRY-OO,MAI-OO,MIC-OO,MSI-OO,NCA-OO,NWJ-OO,NWM-OO,NWY-OO,OHI-OO,ORE-OO,PEN-OO,SCA-OO,TEX-OO,VRG-OO,WAS-OO,WVA-OO,AZO-OO,NZS-OO,,CZE-CZ,IDA-OO,",",7,1,",",76,73,11,79,",",CAL,IDA,WAS,CZE,,",",,CAL-OO,CZE-CZ,IDA-OO,WAS-OO,"
"591","Alyssum desertorum","Alyssum desertorum","invasive",",3,1,2,4,7,",",34,13,11,14,20,32,30,37,33,40,35,36,78,10,",",AFG,ALB,AUT,BLR,BUL,RUC,CZE,RUE,EGY,GRC,HUN,IRN,IRQ,ITA,KAZ,KRA,KRY,LBS,,MON,NCS,PAK,PAL,POL,ROM,SAU,RUS,TZK,CHT,TCS,TUR,TUE,TKM,TVA,UKR,UZB,WHM,WSB,CHX,YUG,GEO,IND,BGM,DEN,",",,AFG-OO,ALB-OO,AUT-AU,AUT-LI,BGM-OO,BLR-OO,BUL-OO,CHT-OO,CHX-OO,CZE-SL,DEN-OO,EGY-OO,GEO-OO,GRC-OO,HUN-OO,IND-OO,IRN-OO,IRQ-OO,ITA-IT,KAZ-OO,KRA-OO,KRY-OO,LBS-LB,LBS-SY,MON-OO,NCS-OO,PAK-OO,PAL-OO,POL-OO,ROM-OO,RUC-OO,RUE-OO,RUS-OO,SAU-OO,TCS-AR,TCS-AZ,TKM-OO,TUE-OO,TUR-OO,TVA-OO,TZK-OO,UKR-MO,UKR-UK,UZB-OO,WHM-JK,WSB-OO,YUG-CR,YUG-MA,YUG-SE,",",7,1,",",71,14,76,73,74,77,,",",ABT,BRC,MAN,SAS,RUC,ARI,CAL,COL,IDA,KAN,MSO,MNT,NDA,NEB,NWM,NEV,ORE,SDA,UTA,WAS,WYO,,",",ABT-OO,BRC-OO,MAN-OO,SAS-OO,RUC-OO,ARI-OO,CAL-OO,COL-OO,IDA-OO,KAN-OO,MSO-OO,MNT-OO,NDA-OO,NEB-OO,NWM-OO,NEV-OO,ORE-OO,SDA-OO,UTA-OO,WAS-OO,WYO-OO,,",",7,",",,73,76,",",,MNT,UTA,WYO,",",,MNT-OO,UTA-OO,WYO-OO,"
"619","Amaranthus palmeri","Amaranthus palmeri","invasive",",7,8,",",76,79,77,81,",",ARI,CAL,MXC,MXG,MXE,MXN,MXS,NEV,NWM,TEX,CUB,,",",,ARI-OO,CAL-OO,CUB-OO,MXC-OO,MXE-OO,MXG-OO,MXN-OO,MXS-OO,NEV-OO,NWM-OO,TEX-OO,",",1,7,3,8,2,4,",",14,72,36,81,34,20,12,40,38,79,21,10,78,73,74,75,,85,84,",",BLR,ONT,CHN,CUB,CYP,EGY,SPA,EHM,ASS,IND,WHM,PAL,JAP,KOR,MXI,MDR,SWE,UKR,ALA,ARK,COL,FLA,GEO,ILL,KAN,KTY,MAS,MRY,MSO,NCA,NEB,NWJ,NWY,OHI,PEN,SCA,SDA,TEN,VRG,WVA,,IOW,BZC,",",BLR-OO,ONT-OO,CHN-BJ,CHN-TJ,CHN-SD,CUB-OO,CYP-OO,EGY-OO,SPA-SP,EHM-AP,ASS-AS,IND-CH,IND-DE,IND-HA,WHM-HP,WHM-JK,IND-MR,ASS-MA,ASS-ME,ASS-MI,ASS-NA,IND-PU,IND-RA,EHM-SI,ASS-TR,WHM-UT,PAL-IS,KOR-SK,MXI-RG,MDR-OO,SWE-OO,UKR-UK,ALA-OO,ARK-OO,COL-OO,FLA-OO,GEO-OO,ILL-OO,KAN-OO,KTY-OO,MAS-OO,MRY-OO,MSO-OO,NCA-OO,NEB-OO,NWJ-OO,NWY-OO,OHI-OO,PEN-OO,SCA-OO,SDA-OO,TEN-OO,VRG-OO,WVA-OO,,BZC-MT,IND-OO,IOW-OO,",",7,8,3,4,",",72,,74,85,84,36,40,34,",",ONT,,IOW,BZC,IND,PAL,",",,BZC-MT,IND-OO,IOW-OO,ONT-OO,PAL-IS,"
"626","Amaranthus tuberculatus","Amaranthus tuberculatus","invasive",",7,",",78,75,74,77,72,,",",ALA,ARK,CNT,ILL,INI,IOW,KAN,KTY,LOU,MAI,MAS,MIC,MIN,MSI,MSO,NEB,NWY,NDA,OHI,OKL,SDA,TEN,TEX,VER,WIS,ONT,QUE,,",",,ALA-OO,ARK-OO,CNT-OO,ILL-OO,INI-OO,IOW-OO,KAN-OO,KTY-OO,LOU-OO,MAI-OO,MAS-OO,MIC-OO,MIN-OO,MSI-OO,MSO-OO,NDA-OO,NEB-OO,NWY-OO,OHI-OO,OKL-OO,ONT-OO,QUE-OO,SDA-OO,TEN-OO,TEX-OO,VER-OO,WIS-OO,",",7,3,1,",",71,72,34,13,38,14,76,75,78,73,77,,74,36,",",BRC,QUE,PAL,ITA,JAP,UKR,CAL,CNT,DEL,GEO,IDA,MAS,MRY,MAI,MNT,NCA,NWH,NWJ,NWM,NEV,NWY,PEN,SCA,UTA,VER,WAS,WVA,ONT,,ILL,INI,IOW,KAN,KTY,MSI,MSO,NEB,OHI,OKL,",",BRC-OO,QUE-OO,PAL-IS,ITA-IT,UKR-UK,CAL-OO,CNT-OO,DEL-OO,GEO-OO,IDA-OO,MAS-OO,MRY-OO,MAI-OO,MNT-OO,NCA-OO,NWH-OO,NWJ-OO,NWM-OO,NEV-OO,NWY-OO,PEN-OO,SCA-OO,UTA-OO,VER-OO,WAS-OO,WVA-OO,,ILL-OO,INI-OO,IOW-OO,ITA-OO,KAN-OO,KTY-OO,MSI-OO,MSO-OO,NEB-OO,OHI-OO,OKL-OO,ONT-OO,",",1,7,3,",",13,72,,74,75,78,36,",",ITA,ONT,,ILL,INI,IOW,KAN,KTY,MSI,MSO,NEB,OHI,OKL,",",,ILL-OO,INI-OO,IOW-OO,ITA-OO,KAN-OO,KTY-OO,MSI-OO,MSO-OO,NEB-OO,OHI-OO,OKL-OO,ONT-OO,"
"635","Ambrosia artemisiifolia","Ambrosia artemisiifolia","invasive",",7,",",78,70,71,76,73,75,74,72,77,,",",ALA,ASK,ABT,ARI,ARK,BRC,CAL,COL,CNT,DEL,WDC,FLA,GEO,IDA,ILL,INI,IOW,KAN,KTY,LOU,MAI,MAN,MRY,MAS,MIC,MIN,MSI,MSO,MNT,NEB,NEV,NBR,NWH,NWJ,NWM,NWY,NCA,NDA,NWT,NSC,OHI,OKL,ONT,ORE,PEN,PEI,QUE,RHO,SAS,SCA,TEN,TEX,UTA,VER,VRG,WAS,WVA,WIS,WYO,,SDA,",",,ABT-OO,ALA-OO,ARI-OO,ARK-OO,ASK-OO,BRC-OO,CAL-OO,CNT-OO,COL-OO,DEL-OO,FLA-OO,GEO-OO,IDA-OO,ILL-OO,INI-OO,IOW-OO,KAN-OO,KTY-OO,LOU-OO,MAI-OO,MAN-OO,MAS-OO,MIC-OO,MIN-OO,MNT-OO,MRY-OO,MSI-OO,MSO-OO,NBR-OO,NCA-OO,NDA-OO,NEB-OO,NEV-OO,NSC-OO,NWH-OO,NWJ-OO,NWM-OO,NWT-OO,NWY-OO,OHI-OO,OKL-OO,ONT-OO,ORE-OO,PEI-OO,PEN-OO,QUE-OO,RHO-OO,SAS-OO,SCA-OO,SDA-OO,TEN-OO,TEX-OO,UTA-OO,VER-OO,VRG-OO,WAS-OO,WDC-OO,WIS-OO,WVA-OO,WYO-OO,",",5,2,1,8,7,3,4,6,3,",",50,23,11,13,14,81,27,71,70,85,36,83,10,20,12,33,40,38,32,79,29,51,31,30,76,73,63,77,34,34,,78,",",NSW,QLD,VIC,WAU,BUR,BGM,BUL,BLR,BER,BOT,ABT,BRC,NWT,CLC,CLS,CHN,CHM,CHS,CHC,CHI,CHT,CLM,CZE,DEN,EGY,SPA,FIN,FRA,GRB,TCS,YUG,HUN,IND,ITA,JAP,KGZ,KOR,UKR,MXN,MAU,NET,NOR,POL,ROM,KHA,RUC,ALT,IRK,WSB,SWE,SWZ,TAI,ASK,ARI,CAL,COL,HAW,IDA,MNT,NWM,NEV,UTA,WAS,WYO,TVL,NAT,CPP,TUR,AFG,AUT,BOL,NZN,NZS,GER,,JAP,RUS,GEO,",",NSW-NS,QLD-QU,VIC-OO,WAU-WA,BUR-OO,BGM-BE,BUL-OO,BLR-OO,BER-OO,BOT-OO,ABT-OO,BRC-OO,NWT-OO,CLC-BI,CLC-MA,CLS-MG,CHN-BJ,CHN-HB,CHM-LN,CHM-JL,CHM-HJ,CHS-SH,CHS-JS,CHS-AH,CHS-FJ,CHS-JX,CHN-SD,CHS-HE,CHC-HU,CHS-HN,CHS-GD,CHS-GX,CHC-SC,CHC-GZ,CHC-YN,CHI-NM,CHT-OO,CLM-OO,CZE-CZ,DEN-OO,EGY-OO,SPA-SP,FIN-OO,FRA-FR,GRB-OO,TCS-GR,YUG-CR,HUN-OO,IND-KT,IND-TN,ITA-IT,KGZ-OO,KOR-SK,UKR-MO,MXN-BC,MAU-OO,NET-OO,NOR-OO,POL-OO,KOR-NK,ROM-OO,KHA-OO,RUC-OO,ALT-OO,IRK-OO,WSB-OO,CZE-SK,YUG-SL,SWE-OO,SWZ-OO,TAI-OO,UKR-UK,ASK-OO,ARI-OO,CAL-OO,COL-OO,HAW-HI,IDA-OO,MNT-OO,NWM-OO,NEV-OO,UTA-OO,WAS-OO,WYO-OO,TVL-GA,NAT-OO,TVL-NP,TVL-MP,CPP-NC,TVL-NW,AFG-OO,TCS-AR,AUT-AU,BOL-OO,NZN-OO,NZS-OO,GER-OO,,AUT-LI,CZE-SL,FRA-OO,GEO-OO,IND-OO,ITA-OO,JAP-OO,RUS-OO,UKR-OO,YUG-BH,YUG-MA,YUG-MN,",",3,1,7,4,",",36,38,13,11,12,31,14,,78,40,",",,JAP,KOR,TAI,YUG,CZE,FRA,GER,HUN,POL,RUS,UKR,GEO,IND,ITA,AUT,ROM,",",,AUT-LI,CZE-CZ,CZE-SL,FRA-OO,GEO-OO,GER-OO,HUN-OO,IND-OO,ITA-OO,JAP-OO,KOR-SK,POL-OO,ROM-OO,RUS-OO,TAI-OO,UKR-OO,YUG-BH,YUG-CR,YUG-MA,YUG-MN,YUG-SL,"
"649","Amelanchier x lamarckii","Amelanchier x lamarckii","invasive",",7,",",75,72,78,74,77,",",NWY,VER,NBR,NSC,ONT,QUE,ALA,ARK,CNT,DEL,WDC,FLA,GEO,ILL,INI,IOW,KAN,KTY,LOU,MAI,MRY,MAS,MIC,MIN,MSI,MSO,NEB,NWH,NWJ,NCA,OHI,OKL,PEN,RHO,SCA,TEN,TEX,VRG,WVA,WIS,",",,ALA-OO,ARK-OO,CNT-OO,DEL-OO,FLA-OO,GEO-OO,ILL-OO,INI-OO,IOW-OO,KAN-OO,KTY-OO,LOU-OO,MAI-OO,MAS-OO,MIC-OO,MIN-OO,MRY-OO,MSI-OO,MSO-OO,NBR-OO,NCA-OO,NEB-OO,NSC-OO,NWH-OO,NWJ-OO,NWY-OO,OHI-OO,OKL-OO,ONT-OO,PEN-OO,QUE-OO,RHO-OO,SCA-OO,TEN-OO,TEX-OO,VER-OO,VRG-OO,WDC-OO,WIS-OO,WVA-OO,",",1,7,5,",",11,71,10,12,13,51,75,",",BGM,BRC,DEN,FIN,FRA,GRB,ITA,NET,NOR,POL,SWE,NZN,NZS,GER,MIC,",",BGM-BE,BRC-OO,DEN-OO,FIN-OO,FRA-FR,GRB-OO,ITA-IT,FRA-CI,NET-OO,NOR-OO,POL-OO,SWE-OO,NZN-OO,NZS-OO,GER-OO,,BGM-OO,MIC-OO,",",1,7,",",11,75,",",BGM,MIC,NET,",",,BGM-OO,MIC-OO,NET-OO,"
"730","Andropogon virginicus","Andropogon virginicus","invasive",",7,8,",",78,81,80,75,74,79,72,77,82,83,",",ALA,ARK,BAH,BLZ,CNT,COS,CUB,DEL,WDC,DOM,FLA,GEO,GUA,HAI,HON,ILL,INI,IOW,JAM,KAN,KTY,LOU,MRY,MAS,MXC,MXG,MXE,MXT,MXS,MIC,MSI,MSO,NWJ,NWY,NIC,NCA,OHI,OKL,ONT,PAN,PEN,PUE,RHO,SCA,TEN,TEX,TRT,VEN,VRG,WVA,BER,,CLM,",",,ALA-OO,ARK-OO,BAH-OO,BER-OO,BLZ-OO,CLM-OO,CNT-OO,COS-OO,CUB-OO,DEL-OO,DOM-OO,FLA-OO,GEO-OO,GUA-OO,HAI-HA,HON-OO,ILL-OO,INI-OO,IOW-OO,JAM-OO,KAN-OO,KTY-OO,LOU-OO,MAS-OO,MIC-OO,MRY-OO,MSI-OO,MSO-OO,MXC-OO,MXE-OO,MXG-OO,MXS-OO,MXT-OO,NCA-OO,NIC-OO,NWJ-OO,NWY-OO,OHI-OO,OKL-OO,ONT-OO,PAN-OO,PEN-OO,PUE-OO,RHO-OO,SCA-OO,TEN-OO,TEX-OO,TRT-OO,VEN-OO,VRG-OO,WDC-OO,WVA-OO,",",5,3,7,6,1,",",50,38,51,76,63,75,78,12,",",NSW,QLD,VIC,JAP,KOR,CAL,HAW,NWJ,NZN,GEO,JAP,FRA,,",",NSW-NS,QLD-QU,VIC-OO,KOR-SK,CAL-OO,HAW-HI,NWJ-OO,NZN-OO,,FRA-OO,GEO-OO,HAW-OO,JAP-HN,NSW-OO,QLD-OO,",",7,3,1,6,5,",",78,38,12,76,63,50,51,",",GEO,JAP,FRA,CAL,HAW,,NSW,QLD,VIC,",",,CAL-OO,FRA-OO,GEO-OO,HAW-OO,JAP-HN,NSW-OO,QLD-OO,VIC-OO,"
"918","Argemone mexicana","Argemone mexicana","invasive",",8,7,3,4,",",80,81,79,38,42,78,83,82,85,",",BLZ,ELS,GUA,HAI,HON,MXC,MXT,MXS,NIC,NNS,LEE,ARU,BAH,WIN,NLA,BOR,CAY,COS,DOM,,PAN,PUE,TRT,FLA,ECU,FRG,GUY,PAR,SUR,",",,ARU-OO,BAH-OO,BLZ-OO,BOR-SB,CAY-OO,COS-OO,DOM-OO,ECU-OO,ELS-OO,FLA-OO,FRG-OO,GUA-OO,GUY-OO,HAI-HA,HON-OO,LEE-AB,LEE-AG,LEE-BV,LEE-GU,LEE-MO,LEE-SK,LEE-VI,MXC-OO,MXS-OO,MXT-OO,NIC-OO,NLA-BO,NLA-CU,NNS-OO,PAN-OO,PAR-OO,PUE-OO,SUR-OO,TRT-OO,WIN-BA,WIN-GR,WIN-MA,WIN-SL,",",2,5,8,7,3,1,6,4,",",26,50,22,81,84,27,71,72,36,23,83,21,24,20,12,82,62,42,41,40,38,25,29,60,35,28,78,75,63,74,77,34,61,85,",",ANG,QLD,WAU,BEN,BKN,BER,BZE,BZC,BZL,BZS,BOT,BRC,MAN,ONT,CHS,CHC,IVO,CMN,CLM,CVI,CUB,DJI,EGY,ERI,CNY,SPA,ETH,GHA,GNB,FRG,MRN,AND,IND,EHM,ASS,WHM,JAP,KEN,SRL,LES,MOR,MDG,MLI,MOZ,MTN,MAU,NWC,NGA,NEP,OMA,PHI,MDR,POR,SAU,ASC,STH,GGI,SUR,SWZ,SEY,THA,TAI,TAN,UGA,ALA,CNT,WDC,DEL,GEO,HAW,IOW,ILL,INI,KAN,LOU,MAS,MRY,MIC,MSO,MSI,NCA,NWJ,NWY,OHI,OKL,PEN,SCA,TEN,TEX,VRG,VER,WIS,CPP,OFS,NAT,TVL,ZAM,ZIM,BAN,REU,GAL,ECU,ROD,BOL,COM,CBD,LBS,YEM,XMS,,LEE,SAM,VIE,",",ANG-OO,QLD-QU,WAU-WA,BEN-OO,BKN-OO,BER-OO,BZE-AL,BZE-BA,BZE-CE,BZC-DF,BZL-ES,BZC-GO,BZL-MG,BZC-MS,BZC-MT,BZE-PB,BZE-PE,BZE-PI,BZS-PR,BZL-RJ,BZE-RN,BZS-SC,BZE-SE,BZL-SP,BOT-OO,BRC-OO,MAN-OO,ONT-OO,CHS-FJ,CHS-GD,CHC-YN,IVO-OO,CMN-OO,CLM-OO,CVI-OO,CUB-OO,DJI-OO,EGY-OO,ERI-OO,CNY-OO,SPA-SP,ETH-OO,GHA-OO,GNB-OO,FRG-OO,MRN-GU,IND-AP,EHM-AP,ASS-AS,IND-BI,IND-CH,IND-CT,IND-DE,IND-GO,IND-GU,IND-HA,WHM-HP,WHM-JK,IND-JK,IND-KT,IND-KE,IND-MR,ASS-MA,IND-MP,ASS-ME,ASS-MI,ASS-NA,IND-OR,IND-PO,IND-PU,IND-RA,EHM-SI,IND-TN,ASS-TR,WHM-UT,IND-UP,IND-WB,KEN-OO,SRL-OO,LES-OO,MOR-MO,MDG-OO,MLI-OO,MRN-NM,MOZ-OO,MTN-OO,MAU-OO,NWC-OO,NGA-OO,NEP-OO,OMA-OO,PHI-OO,MDR-OO,POR-OO,SAU-OO,ASC-OO,STH-OO,GGI-ST,SUR-OO,SWZ-OO,SEY-OO,THA-OO,TAI-OO,TAN-OO,UGA-OO,ALA-OO,CNT-OO,WDC-OO,DEL-OO,GEO-OO,HAW-HI,IOW-OO,ILL-OO,INI-OO,KAN-OO,LOU-OO,MAS-OO,MRY-OO,MIC-OO,MSO-OO,MSI-OO,NCA-OO,NWJ-OO,NWY-OO,OHI-OO,OKL-OO,PEN-OO,SCA-OO,TEN-OO,TEX-OO,VRG-OO,VER-OO,WIS-OO,CPP-EC,OFS-OO,NAT-OO,TVL-NP,TVL-MP,CPP-NC,ZAM-OO,ZIM-OO,BAN-OO,REU-OO,GAL-OO,ECU-OO,ROD-OO,BOL-OO,,CBD-OO,COM-MA,GGI-OO,LBS-SY,LEE-AG,SAM-OO,VIE-OO,XMS-OO,YEM-OO,",",2,4,3,8,7,6,",",27,20,29,28,23,25,26,40,41,42,34,38,35,81,74,61,85,36,21,60,",",BOT,EGY,MAU,COM,STH,GGI,TAN,ZIM,BAN,CBD,IND,ASS,PHI,LBS,TAI,YEM,CUB,KAN,XMS,,LEE,CNY,KEN,MDG,SAM,UGA,VIE,ZAM,",",,ASS-AS,BAN-OO,BOT-OO,CBD-OO,CNY-OO,COM-MA,CUB-OO,EGY-OO,GGI-OO,IND-BI,IND-CH,IND-DE,IND-KT,KAN-OO,KEN-OO,LBS-SY,LEE-AG,MAU-OO,MDG-OO,PHI-OO,SAM-OO,STH-OO,TAI-OO,TAN-OO,UGA-OO,VIE-OO,XMS-OO,YEM-OO,ZAM-OO,ZIM-OO,"
"988","Arrhenatherum elatius","Arrhenatherum elatius","invasive",",1,2,3,7,4,",",13,20,11,21,12,14,34,10,32,33,78,40,30,",",ALB,ALG,AUT,AZO,BAL,BLT,BLR,BGM,BUL,CNY,RUC,COR,CYP,CZE,DEN,RUE,FIN,FRA,FOR,GER,GRB,GRC,HUN,ICE,IRN,IRQ,IRE,ITA,KAZ,KGZ,KRY,LBS,MDR,MOR,NET,NCS,RUN,RUW,NOR,PAL,POL,POR,ROM,SAR,SIC,RUS,SPA,SWE,SWI,TCS,TUR,TUE,TKM,UKR,YUG,TUN,GEO,IND,,WSB,",",,ALB-OO,ALG-OO,AUT-AU,AZO-OO,BAL-OO,BGM-BE,BLR-OO,BLT-ES,BLT-LA,BLT-LI,BUL-OO,CNY-OO,COR-OO,CYP-OO,CZE-OO,DEN-OO,FIN-OO,FOR-OO,FRA-FR,GEO-OO,GER-OO,GRC-OO,HUN-OO,ICE-OO,IND-OO,IRE-IR,IRN-OO,IRQ-OO,ITA-IT,KAZ-OO,KGZ-OO,KRY-OO,LBS-LB,LBS-SY,MDR-OO,MOR-MO,NCS-OO,NET-OO,NOR-OO,PAL-JO,POL-OO,POR-OO,ROM-OO,RUC-OO,RUE-OO,RUN-OO,RUS-OO,RUW-OO,SAR-OO,SIC-SI,SPA-SP,SWE-OO,SWI-OO,TCS-AR,TCS-AZ,TKM-OO,TUE-OO,TUN-OO,TUR-OO,UKR-MO,UKR-UK,WSB-OO,YUG-CR,YUG-SE,YUG-SL,",",8,5,7,3,2,1,9,6,",",85,50,71,72,36,21,12,90,38,51,31,14,30,70,78,76,73,75,63,74,77,27,83,29,11,",",AGE,AGS,AGW,NSW,BRC,NBR,NFL,NSC,ONT,QUE,CLS,CLC,CHN,CHM,CHS,CHC,CHH,CHI,CHQ,CHX,CHT,CNY,COR,KEG,JAP,KOR,CTM,KHA,RUC,WSB,TAI,UKR,ASK,ALA,ARK,ARI,CAL,COL,CNT,WDC,DEL,GEO,HAW,IOW,IDA,ILL,INI,KTY,LOU,MAS,MRY,MAI,MIC,MIN,MSO,MSI,MNT,NCA,NWH,NWJ,NWM,NEV,NWY,OHI,ORE,PEN,RHO,TEN,UTA,VRG,VER,WAS,WIS,WVA,WYO,NAT,ECU,NZN,NZS,MAU,REU,,QLD,CZE,",",AGE-BA,AGS-CB,AGW-ME,AGS-NE,AGS-RN,AGS-SC,AGE-SF,AGS-TF,NSW-NS,BRC-OO,NBR-OO,NFL-NE,NSC-OO,ONT-OO,QUE-OO,CLS-LL,CLC-LA,CLC-SA,CHN-BJ,CHN-TJ,CHN-HB,CHN-SX,CHM-LN,CHM-JL,CHM-HJ,CHS-SH,CHS-JS,CHS-ZJ,CHS-AH,CHS-FJ,CHS-JX,CHN-SD,CHS-HE,CHC-HU,CHS-HN,CHS-GD,CHS-GX,CHH-OO,CHC-CQ,CHC-SC,CHC-GZ,CHC-YN,CHI-NM,CHN-SA,CHN-GS,CHQ-OO,CHI-NX,CHS-HK,CHS-MA,CHX-OO,CHT-OO,CNY-OO,COR-OO,KEG-OO,KOR-SK,CTM-OO,KOR-NK,KHA-OO,RUC-OO,WSB-OO,NFL-SP,TAI-OO,UKR-UK,ASK-OO,ALA-OO,ARK-OO,ARI-OO,CAL-OO,COL-OO,CNT-OO,WDC-OO,DEL-OO,GEO-OO,HAW-HI,IOW-OO,IDA-OO,ILL-OO,INI-OO,KTY-OO,LOU-OO,MAS-OO,MRY-OO,MAI-OO,MIC-OO,MIN-OO,MSO-OO,MSI-OO,MNT-OO,NCA-OO,NWH-OO,NWJ-OO,NWM-OO,NEV-OO,NWY-OO,OHI-OO,ORE-OO,PEN-OO,RHO-OO,TEN-OO,UTA-OO,VRG-OO,VER-OO,WAS-OO,WIS-OO,WVA-OO,WYO-OO,NAT-OO,ECU-OO,NZN-OO,NZS-OO,,CZE-CZ,HAW-OO,MAU-OO,QLD-OO,REU-OO,",",2,7,6,5,8,1,",",29,76,63,73,75,78,50,51,85,11,",",MAU,REU,CAL,HAW,ORE,PEN,TEN,VRG,WAS,WYO,,QLD,CZE,",",,CAL-OO,CZE-CZ,HAW-OO,MAU-OO,ORE-OO,PEN-OO,QLD-OO,REU-OO,TEN-OO,VRG-OO,WAS-OO,WYO-OO,"
"1000","Artemisia biennis","Artemisia biennis","invasive",",3,7,4,",",34,70,71,76,73,40,32,37,77,36,",",AFG,ASK,ABT,ARI,BRC,CAL,COL,EHM,IDA,IRN,KAZ,KGZ,,MON,MNT,NEP,NEV,NWM,NWT,ORE,PAK,TZK,CHT,TKM,UTA,UZB,WAS,WHM,WYO,CHX,YUK,SAS,",",,ABT-OO,AFG-OO,ARI-OO,ASK-OO,BRC-OO,CAL-OO,CHT-OO,CHX-OO,COL-OO,EHM-OO,IDA-OO,IRN-OO,KAZ-OO,KGZ-OO,MNT-OO,MON-OO,NEP-OO,NEV-OO,NWM-OO,NWT-OO,ORE-OO,PAK-OO,SAS-OO,TKM-OO,TZK-OO,UTA-OO,UZB-OO,WAS-OO,WHM-OO,WYO-OO,YUK-OO,",",7,1,",",71,72,70,12,10,11,76,73,75,78,74,77,",",ABT,BRC,MAN,NBR,NSC,NWT,ONT,PEI,QUE,SAS,YUK,FRA,GRB,IRE,NET,POL,ASK,ARI,CAL,COL,CNT,DEL,IOW,IDA,ILL,INI,KAN,KTY,MAS,MRY,MAI,MIC,MIN,MSO,MNT,NDA,NEB,NWH,NWJ,NWM,NEV,NWY,OHI,ORE,PEN,RHO,SCA,SDA,TEN,UTA,VER,WAS,WIS,WVA,WYO,GER,SWI,",",ABT-OO,BRC-OO,MAN-OO,NBR-OO,NSC-OO,NWT-OO,ONT-OO,PEI-OO,QUE-OO,SAS-OO,YUK-OO,FRA-FR,GRB-OO,IRE-NI,NET-OO,POL-OO,ASK-OO,ARI-OO,CAL-OO,COL-OO,CNT-OO,DEL-OO,IOW-OO,IDA-OO,ILL-OO,INI-OO,KAN-OO,KTY-OO,MAS-OO,MRY-OO,MAI-OO,MIC-OO,MIN-OO,MSO-OO,MNT-OO,NDA-OO,NEB-OO,NWH-OO,NWJ-OO,NWM-OO,NEV-OO,NWY-OO,OHI-OO,ORE-OO,PEN-OO,RHO-OO,SCA-OO,SDA-OO,TEN-OO,UTA-OO,VER-OO,WAS-OO,WIS-OO,WVA-OO,WYO-OO,GER-OO,,SWI-OO,",",7,1,",",71,74,75,11,",",ABT,MAN,SAS,ILL,INI,IOW,MIC,MIN,SDA,WIS,SWI,",",,ABT-OO,ILL-OO,INI-OO,IOW-OO,MAN-OO,MIC-OO,MIN-OO,SAS-OO,SDA-OO,SWI-OO,WIS-OO,"
"1241","Azolla filiculoides","Azolla filiculoides","invasive",",7,8,9,1,",",70,85,76,78,83,84,71,73,80,81,82,74,79,77,90,12,",",ASK,AGE,AGW,AGS,ARI,ARK,BOL,BZN,BZE,BZS,BZL,BZC,BRC,CAL,CLC,CLN,CLS,CLM,COL,COS,DOM,ECU,ELS,GAL,GUA,GUY,HON,ILL,IOW,KAN,MXC,MXG,MXE,MXN,MXT,MXS,MIN,MSO,NEB,NEV,NWM,NIC,OKL,ORE,PAN,PAR,PER,TEX,TDC,URU,UTA,VEN,VNA,WAS,WIS,SPA,,ALA,FLA,LOU,MSI,FRG,",",,AGE-OO,AGS-OO,AGW-OO,ALA-OO,ARI-OO,ARK-OO,ASK-OO,BOL-OO,BRC-OO,BZC-OO,BZE-OO,BZL-SP,BZN-AM,BZN-PA,BZS-RS,CAL-OO,CLC-OO,CLM-OO,CLN-OO,CLS-OO,COL-OO,COS-OO,DOM-OO,ECU-OO,ELS-OO,FLA-OO,FRG-OO,GAL-OO,GUA-OO,GUY-OO,HON-OO,ILL-OO,IOW-OO,KAN-OO,LOU-OO,MIN-OO,MSI-OO,MSO-OO,MXC-OO,MXE-OO,MXG-OO,MXN-OO,MXS-OO,MXT-OO,NEB-OO,NEV-OO,NIC-OO,NWM-OO,OKL-OO,ORE-OO,PAN-OO,PAR-OO,PER-OO,SPA-OO,TDC-OO,TEX-OO,URU-OO,UTA-OO,VEN-OO,VNA-OO,WAS-OO,WIS-OO,",",1,2,6,8,7,3,",",13,23,11,61,83,20,12,10,22,25,27,14,78,63,26,34,77,36,21,",",ALB,BUR,BGM,COO,CLM,EGY,SPA,FRA,GRB,IRE,GHA,GRC,HUN,ITA,SAR,KEN,LES,NAM,NET,POL,POR,ROM,RWA,CZE,YUG,SWE,TAN,UGA,UKR,GEO,HAW,CPP,OFS,TVL,NAT,ZIM,IRN,GER,MLW,MOZ,,ZAM,TEX,DEN,CNY,GUI,GNB,IRQ,MLI,MOR,SEN,",",ALB-OO,BUR-OO,BGM-BE,COO-OO,CLM-OO,EGY-OO,SPA-SP,FRA-FR,GRB-OO,IRE-NI,GHA-OO,GRC-OO,HUN-OO,IRE-IR,ITA-IT,SAR-OO,FRA-CI,KEN-OO,LES-OO,NAM-OO,NET-OO,POL-OO,POR-OO,ROM-OO,RWA-OO,CZE-SK,YUG-SL,SWE-OO,TAN-OO,UGA-OO,UKR-UK,GEO-OO,HAW-HI,CPP-EC,OFS-OO,TVL-GA,NAT-OO,TVL-NP,TVL-MP,CPP-NC,TVL-NW,CPP-WC,ZIM-OO,IRN-OO,GER-OO,,BGM-OO,CNY-OO,CZE-CZ,DEN-OO,FRA-OO,GNB-OO,GUI-OO,IRQ-OO,ITA-OO,MLI-OO,MLW-OO,MOR-OO,MOZ-OO,SEN-OO,SPA-OO,TEX-OO,ZAM-OO,",",2,3,1,7,8,",",23,22,25,26,27,34,11,12,10,13,77,36,83,21,20,",",BUR,GHA,KEN,MLW,MOZ,RWA,,TAN,UGA,ZAM,ZIM,IRN,BGM,FRA,GER,HUN,IRE,ITA,NET,POR,SPA,GRB,TEX,CLM,CZE,DEN,CNY,GRC,GUI,GNB,IRQ,LES,MLI,MOR,NAM,SEN,",",,BGM-OO,BUR-OO,CLM-OO,CNY-OO,CZE-CZ,DEN-OO,FRA-OO,GER-OO,GHA-OO,GNB-OO,GRB-OO,GRC-OO,GUI-OO,HUN-OO,IRE-IR,IRN-OO,IRQ-OO,ITA-OO,KEN-OO,LES-OO,MLI-OO,MLW-OO,MOR-OO,MOZ-OO,NET-OO,POR-OO,RWA-OO,SEN-OO,SPA-OO,TAN-OO,TEX-OO,UGA-OO,ZAM-OO,ZIM-OO,NAM-OO,"
"1251","Baccharis halimifolia","Baccharis halimifolia","invasive",",7,8,",",78,81,75,79,72,74,77,,",",ALA,ARK,BAH,CNT,CUB,DEL,FLA,GEO,LOU,MRY,MAS,MXG,MXE,MSI,NWJ,NWY,NSC,OKL,PEN,RHO,SCA,TEX,VRG,,NCA,WVA,",",,ALA-OO,ARK-OO,BAH-OO,CNT-OO,CUB-OO,DEL-OO,FLA-OO,GEO-OO,LOU-OO,MAS-OO,MRY-OO,MSI-OO,MXE-OO,MXG-OO,NCA-OO,NSC-OO,NWJ-OO,NWY-OO,OKL-OO,PEN-OO,RHO-OO,SCA-OO,TEX-OO,VRG-OO,WVA-OO,",",5,1,3,8,4,2,6,7,",",50,11,12,33,13,51,80,84,42,36,22,23,61,83,60,29,62,40,38,78,63,,77,",",NSW,QLD,BGM,SPA,FRA,TCS,ITA,NET,NZS,BLZ,BZE,BZS,BZL,CKI,CHS,CHI,CHQ,CHX,CHT,IVO,ZAI,COO,CLM,FIJ,GAB,CGS,MRN,LBR,SRL,MDG,MAU,MLY,NIC,PHI,MRQ,SCI,TUA,SEY,TON,TAI,FLA,HAW,REU,GAL,ECU,ROD,BOL,GEO,,LOU,NCA,SCA,TEX,NTA,WAU,",",NSW-NS,QLD-QU,BGM-BE,SPA-SP,FRA-FR,TCS-GR,ITA-IT,NET-OO,NZS-OO,BLZ-OO,BZE-BA,BZS-PR,BZL-SP,CKI-OO,CHS-GD,CHI-NM,CHQ-OO,CHX-OO,CHT-OO,IVO-OO,ZAI-OO,COO-OO,CLM-OO,FIJ-OO,GAB-OO,CGS-OO,MRN-GU,LBR-OO,SRL-OO,MDG-OO,MRN-NM,MAU-OO,MLY-PM,NIC-OO,PHI-OO,MRQ-OO,SCI-OO,TUA-OO,MLY-SI,SEY-OO,TON-OO,TAI-OO,FLA-OO,HAW-HI,REU-OO,GAL-OO,ECU-OO,ROD-OO,BOL-OO,,FRA-OO,GEO-OO,ITA-OO,LOU-OO,NCA-OO,NSW-OO,NTA-OO,QLD-OO,SCA-OO,SPA-OO,TEX-OO,WAU-OO,",",7,1,5,",",78,12,,77,50,13,51,",",GEO,FRA,SPA,,LOU,NCA,SCA,TEX,NSW,NTA,QLD,WAU,ITA,",",,FRA-OO,GEO-OO,ITA-OO,LOU-OO,NCA-OO,NSW-OO,NTA-OO,QLD-OO,SCA-OO,SPA-OO,TEX-OO,WAU-OO,"
"1530","Bothriochloa ischaemum","Bothriochloa ischaemum","invasive",",3,2,1,4,7,",",34,20,11,13,36,12,14,40,32,38,37,33,41,78,",",AFG,ALG,AUT,BUL,CHN,CHC,CHS,COR,CZE,RUE,EHM,FRA,GER,GRC,CHH,HUN,IND,CHI,IRN,IRQ,ITA,KAZ,KGZ,KOR,KRY,LBS,CHM,,MON,MOR,NEP,NCS,PAK,POL,POR,CHQ,ROM,SCS,RUS,SPA,SWI,TZK,TAI,THA,CHT,TCS,TUN,TUR,TUE,TKM,UKR,UZB,WHM,WSA,CHX,YUG,GEO,JAP,MYA,ALB,BGM,",",,AFG-OO,ALB-OO,ALG-OO,AUT-AU,BGM-OO,BUL-OO,CHC-OO,CHH-OO,CHI-OO,CHM-OO,CHN-OO,CHQ-OO,CHS-OO,CHT-OO,CHX-OO,COR-OO,CZE-CZ,CZE-SL,EHM-OO,FRA-FR,GEO-OO,GER-OO,GRC-OO,HUN-OO,IND-OO,IRN-OO,IRQ-OO,ITA-IT,JAP-OO,KAZ-OO,KGZ-OO,KOR-NK,KRY-OO,LBS-LB,LBS-SY,MON-OO,MOR-MO,MYA-OO,NCS-OO,NEP-OO,PAK-OO,POL-OO,POR-OO,ROM-OO,RUE-OO,RUS-OO,SCS-OO,SPA-SP,SWI-OO,TAI-OO,TCS-AR,TCS-AZ,THA-OO,TKM-OO,TUE-OO,TUN-OO,TUR-OO,TZK-OO,UKR-MO,UKR-UK,UZB-OO,WHM-OO,WSA-OO,YUG-CR,YUG-SE,YUG-SL,",",8,1,4,3,7,",",81,83,84,80,12,40,38,79,14,78,76,73,74,77,75,",",NLA,BOL,BZE,BZS,BZL,CLM,COS,COR,WHM,JAP,MXE,MXT,MXS,MXC,MXN,PUE,RUC,ALA,ARK,ARI,CAL,COL,FLA,GEO,KAN,LOU,MSI,MNT,NEB,NWM,NWY,OHI,OKL,SCA,TEN,TEX,UTA,LEE,ILL,",",NLA-BO,BOL-OO,BZE-BA,BZE-PE,BZS-PR,BZL-SP,CLM-OO,COS-OO,NLA-CU,COR-OO,WHM-HP,MXE-AG,MXT-CA,MXE-CU,MXT-CI,MXE-CO,MXS-GR,MXE-HI,MXC-ME,MXS-MI,MXS-NA,MXE-NL,MXS-OA,MXC-PU,MXE-QU,MXT-QR,MXE-SL,MXN-SO,MXE-TA,MXT-YU,MXE-ZA,PUE-OO,RUC-OO,ALA-OO,ARK-OO,ARI-OO,CAL-OO,COL-OO,FLA-OO,GEO-OO,KAN-OO,LOU-OO,MSI-OO,MNT-OO,NEB-OO,NWM-OO,NWY-OO,OHI-OO,OKL-OO,SCA-OO,TEN-OO,TEX-OO,UTA-OO,LEE-VI,,ILL-OO,",",8,7,",",81,78,76,73,74,77,75,",",PUE,ALA,ARI,ARK,COL,FLA,GEO,ILL,KAN,LOU,MSI,NWM,NWY,OHI,OKL,SCA,TEX,UTA,",",,ALA-OO,ARI-OO,ARK-OO,COL-OO,FLA-OO,GEO-OO,ILL-OO,KAN-OO,LOU-OO,MSI-OO,NWM-OO,NWY-OO,OHI-OO,OKL-OO,PUE-OO,SCA-OO,TEX-OO,UTA-OO,"
"1627","Bromus japonicus","Bromus japonicus","invasive",",3,1,2,4,7,",",34,13,20,30,11,36,14,12,35,38,32,37,40,33,31,78,",",AFG,ALB,ALG,ALT,AUT,BUL,CHN,CHC,CHS,CYP,CZE,EAI,RUE,EGY,FRA,GER,GRC,GST,HUN,CHI,IRN,IRQ,ITA,JAP,KAZ,KGZ,KOR,KRA,KRI,KRY,LBS,CHM,,MON,MOR,NEP,NCS,PAK,PAL,POL,PRM,ROM,SIN,RUS,SWI,TZK,TAI,CHT,TCS,TUR,TUE,TKM,UKR,UZB,WHM,CHX,YUG,GEO,IND,WSB,",",,AFG-OO,ALB-OO,ALG-OO,ALT-OO,AUT-AU,BUL-OO,CHC-HU,CHC-SC,CHC-YN,CHI-OO,CHM-LN,CHN-GS,CHN-HB,CHN-SA,CHN-SD,CHN-SX,CHS-AH,CHS-HE,CHS-HN,CHS-JS,CHT-OO,CHX-OO,CYP-OO,CZE-CZ,CZE-SL,EAI-OO,EGY-OO,FRA-FR,GEO-OO,GER-OO,GRC-OO,GST-QA,GST-UA,HUN-OO,IND-OO,IRN-OO,IRQ-OO,ITA-IT,JAP-OO,KAZ-OO,KGZ-OO,KOR-NK,KOR-SK,KRA-OO,KRI-OO,KRY-OO,LBS-LB,LBS-SY,MON-OO,MOR-MO,NCS-OO,NEP-OO,PAK-OO,PAL-IS,PAL-JO,POL-OO,PRM-OO,ROM-OO,RUE-OO,RUS-OO,SIN-OO,SWI-OO,TAI-OO,TCS-AR,TCS-AZ,TKM-OO,TUE-OO,TUR-OO,TZK-OO,UKR-MO,UKR-UK,UZB-OO,WHM-HP,WHM-JK,WSB-OO,YUG-CR,YUG-SE,YUG-SL,",",8,5,7,3,4,1,",",85,50,71,33,40,14,79,10,11,31,34,51,76,78,73,",",AGE,AGS,NSW,BRC,TCS,WHM,BLT,MXE,MXS,MXN,NOR,POL,KHA,RUC,UKR,AFG,NZN,GER,CAL,KTY,MNT,TEN,",",AGE-BA,AGS-CB,AGS-RN,NSW-NS,BRC-OO,TCS-GR,WHM-HP,BLT-LI,BLT-LA,MXE-CU,MXE-CO,MXS-JA,MXE-NL,MXN-SO,NOR-OO,POL-OO,KHA-OO,RUC-OO,UKR-UK,AFG-OO,NZN-OO,GER-OO,,CAL-OO,KTY-OO,MNT-OO,TEN-OO,",",7,",",76,78,73,",",CAL,KTY,MNT,TEN,",",,CAL-OO,KTY-OO,MNT-OO,TEN-OO,"
"1649","Bromus sterilis","Bromus sterilis","invasive",",3,1,2,7,",",34,13,20,11,12,10,32,30,14,33,78,21,",",AFG,ALB,ALG,AUT,BAL,BGM,BUL,COR,CYP,CZE,DEN,EAI,FRA,GER,GRC,HUN,IRN,IRQ,ITA,KAZ,KGZ,KRA,KRI,KRY,LBS,MOR,NET,NCS,NOR,PAL,POL,POR,ROM,SAR,SIC,RUS,SPA,SWE,SWI,TZK,TCS,TUN,TUR,TUE,TKM,UKR,UZB,YUG,LBY,GEO,IRE,AZO,WSB,GRB,",",,AFG-OO,ALB-OO,ALG-OO,AUT-AU,AZO-OO,BAL-OO,BGM-BE,BUL-OO,COR-OO,CYP-OO,CZE-CZ,DEN-OO,EAI-OO,FRA-FR,GEO-OO,GER-OO,GRB-OO,GRC-OO,HUN-OO,IRE-IR,IRN-OO,IRQ-OO,ITA-IT,KAZ-OO,KGZ-OO,KRA-OO,KRI-OO,KRY-OO,LBS-LB,LBS-SY,LBY-OO,MOR-MO,NCS-OO,NET-OO,NOR-OO,PAL-IS,PAL-JO,POL-OO,POR-OO,ROM-OO,RUS-OO,SAR-OO,SIC-SI,SPA-SP,SWE-OO,SWI-OO,TCS-AR,TCS-AZ,TKM-OO,TUE-OO,TUN-OO,TUR-OO,TZK-OO,UKR-UK,UZB-OO,WSB-OO,YUG-OO,",",8,5,1,7,3,6,2,",",85,50,13,14,71,72,10,38,51,78,76,73,75,63,74,77,20,11,",",AGS,AGE,NSW,TAS,VIC,BUL,BLR,BRC,ONT,CLC,DEN,GRB,JAP,KOR,BLT,NOR,CTM,RUC,SWE,UKR,ALA,ARK,ARI,CAL,COL,CNT,WDC,DEL,HAW,IDA,ILL,INI,KTY,MAS,MRY,MIC,MSO,MSI,NCA,NWJ,NWM,NEV,NWY,OHI,OKL,ORE,PEN,RHO,TEN,TEX,UTA,VRG,WAS,WVA,CLS,NZN,NZS,EGY,TUN,CZE,SWI,,",",AGS-CB,AGE-CD,AGE-DF,AGS-NE,AGS-RN,AGE-SF,NSW-NS,TAS-OO,VIC-OO,BUL-OO,BLR-OO,BRC-OO,ONT-OO,CLC-SA,CLC-VA,DEN-OO,GRB-OO,KOR-SK,BLT-LI,NOR-OO,CTM-OO,RUC-OO,SWE-OO,UKR-UK,ALA-OO,ARK-OO,ARI-OO,CAL-OO,COL-OO,CNT-OO,WDC-OO,DEL-OO,HAW-HI,IDA-OO,ILL-OO,INI-OO,KTY-OO,MAS-OO,MRY-OO,MIC-OO,MSO-OO,MSI-OO,NCA-OO,NWJ-OO,NWM-OO,NEV-OO,NWY-OO,OHI-OO,OKL-OO,ORE-OO,PEN-OO,RHO-OO,TEN-OO,TEX-OO,UTA-OO,VRG-OO,WAS-OO,WVA-OO,CLC-OH,CLC-BI,CLC-LA,CLS-LL,CLS-MG,NZN-OO,NZS-OO,,CZE-CZ,EGY-OO,SWI-OO,TUN-OO,",",2,1,7,5,",",20,11,10,78,50,51,",",EGY,TUN,CZE,SWE,SWI,GRB,TEN,,VIC,",",,CZE-CZ,EGY-OO,GRB-OO,SWE-OO,SWI-OO,TEN-OO,TUN-OO,VIC-OO,"
"1650","Bromus tectorum","Bromus tectorum","invasive",",3,2,1,4,7,",",34,20,11,13,14,36,12,10,40,32,35,37,33,78,30,",",AFG,ALG,AUT,BGM,BUL,RUC,CHN,CHC,COR,CYP,CZE,DEN,EAI,RUE,EHM,FRA,GER,GRC,HUN,CHI,IRN,IRQ,ITA,KAZ,KGZ,KRI,KRY,KUW,LBS,,MON,MOR,NEP,NET,NCS,RUW,NOR,PAK,PAL,POL,POR,CHQ,ROM,SAR,SAU,SIC,SIN,RUS,SPA,SWE,SWI,TZK,CHT,TCS,TUN,TUR,TUE,TKM,UKR,UZB,WHM,CHX,YUG,EGY,GEO,IND,GST,ALB,BLR,WSB,",",,AFG-OO,ALB-OO,ALG-OO,AUT-AU,BGM-BE,BLR-OO,BUL-OO,CHC-OO,CHI-OO,CHN-OO,CHQ-OO,CHT-OO,CHX-OO,COR-OO,CYP-OO,CZE-CZ,CZE-SL,DEN-OO,EAI-OO,EGY-OO,EHM-OO,FRA-FR,GEO-OO,GER-OO,GRC-OO,GST-UA,HUN-OO,IND-OO,IRN-OO,IRQ-OO,ITA-IT,KAZ-OO,KGZ-OO,KRI-OO,KRY-OO,KUW-OO,LBS-LB,LBS-SY,MON-OO,MOR-MO,NCS-OO,NEP-OO,NET-OO,NOR-OO,PAK-OO,PAL-IS,PAL-JO,POL-OO,POR-OO,ROM-OO,RUC-OO,RUE-OO,RUS-OO,RUW-OO,SAR-OO,SAU-OO,SIC-SI,SIN-OO,SPA-SP,SWE-OO,SWI-OO,TCS-AR,TCS-AZ,TKM-OO,TUE-OO,TUN-OO,TUR-OO,TZK-OO,UKR-MO,UKR-UK,UZB-OO,WHM-OO,WSB-OO,YUG-BH,YUG-CR,YUG-MA,YUG-SE,",",8,5,7,1,2,3,6,",",85,50,71,72,70,10,21,14,38,79,51,78,76,73,75,63,74,77,27,34,",",AGS,AGE,NSW,VIC,ABT,BRC,MAN,NBR,NSC,NWT,ONT,QUE,SAS,YUK,CLC,DEN,CNY,BLT,GRB,GNL,JAP,KOR,MXN,MXE,MXS,MXC,RUC,SWE,ASK,ALA,ARK,ARI,CAL,COL,CNT,WDC,DEL,FLA,GEO,HAW,IOW,IDA,ILL,INI,KAN,KTY,LOU,MAS,MRY,MAI,MIC,MIN,MSO,MSI,MNT,NCA,NDA,NEB,NWH,NWJ,NWM,NEV,NWY,OHI,OKL,ORE,PEN,RHO,SCA,SDA,TEN,TEX,UTA,VRG,VER,WAS,WIS,WVA,WYO,TVL,CPP,NZS,,TUR,",",AGS-CB,AGE-LP,AGS-NE,AGS-RN,AGS-SC,NSW-NS,VIC-OO,ABT-OO,BRC-OO,MAN-OO,NBR-OO,NSC-OO,NWT-OO,ONT-OO,QUE-OO,SAS-OO,YUK-OO,CLC-OH,CLC-LA,CLC-MA,DEN-OO,CNY-OO,BLT-ES,GRB-OO,GNL-OO,KOR-SK,BLT-LI,BLT-LA,MXN-BC,MXE-CU,MXE-CO,MXS-JA,MXC-ME,MXN-SO,RUC-OO,SWE-OO,ASK-OO,ALA-OO,ARK-OO,ARI-OO,CAL-OO,COL-OO,CNT-OO,WDC-OO,DEL-OO,FLA-OO,GEO-OO,HAW-HI,IOW-OO,IDA-OO,ILL-OO,INI-OO,KAN-OO,KTY-OO,LOU-OO,MAS-OO,MRY-OO,MAI-OO,MIC-OO,MIN-OO,MSO-OO,MSI-OO,MNT-OO,NCA-OO,NDA-OO,NEB-OO,NWH-OO,NWJ-OO,NWM-OO,NEV-OO,NWY-OO,OHI-OO,OKL-OO,ORE-OO,PEN-OO,RHO-OO,SCA-OO,SDA-OO,TEN-OO,TEX-OO,UTA-OO,VRG-OO,VER-OO,WAS-OO,WIS-OO,WVA-OO,WYO-OO,TVL-GA,CPP-NC,MXN-BC,NZS-OO,,TUR-OO,",",7,8,5,3,",",71,79,76,78,73,74,77,75,85,51,34,",",ABT,BRC,MAN,SAS,,ARI,ARK,CAL,COL,IDA,KAN,MNT,NEB,NEV,NWM,NDA,OKL,ORE,PEN,SDA,TEX,UTA,WAS,WYO,TUR,",",,ABT-OO,ARI-OO,ARK-OO,BRC-OO,CAL-OO,COL-OO,IDA-OO,KAN-OO,MAN-OO,MNT-OO,NDA-OO,NEB-OO,NEV-OO,NWM-OO,OKL-OO,ORE-OO,PEN-OO,SAS-OO,SDA-OO,TEX-OO,TUR-OO,UTA-OO,WAS-OO,WYO-OO,"
"1714","Bunias orientalis","Bunias orientalis","invasive",",3,1,7,",",30,13,14,11,34,32,36,37,33,78,",",ALT,BUL,BRY,RUC,RUE,HUN,IRN,IRQ,IRK,KAZ,KRA,CHM,,MON,NCS,POL,ROM,RUS,TCS,TUR,UKR,WSB,YAK,YUG,GEO,",",,ALT-OO,BRY-OO,BUL-OO,CHM-OO,GEO-OO,HUN-OO,IRK-OO,IRN-OO,IRQ-OO,KAZ-OO,KRA-OO,MON-OO,NCS-OO,POL-OO,ROM-OO,RUC-OO,RUE-OO,RUS-OO,TCS-AR,TUR-OO,UKR-UK,WSB-OO,YAK-OO,YUG-OO,",",1,7,3,",",11,13,71,72,10,12,14,32,31,30,75,78,74,36,",",BGM,BUL,BRC,NBR,NSC,QUE,SWI,CZE,DEN,SPA,BLT,FIN,FRA,GRB,IRE,ITA,KGZ,SIC,NET,NOR,POL,KHA,RUW,RUC,ALT,IRK,WSB,BRY,KRA,SWE,UKR,CNT,MAS,MIC,NWJ,NWY,OHI,PEN,VRG,WIS,AUT,GER,,RUN,RUS,",",BGM-BE,BUL-OO,BRC-OO,NBR-OO,NSC-OO,QUE-OO,SWI-OO,CZE-CZ,DEN-OO,SPA-SP,BLT-ES,FIN-OO,FRA-FR,GRB-OO,IRE-NI,ITA-IT,KGZ-OO,BLT-LI,BGM-LU,BLT-LA,SIC-MA,NET-OO,NOR-OO,POL-OO,KHA-OO,RUW-OO,RUC-OO,ALT-OO,IRK-OO,WSB-OO,BRY-OO,KRA-OO,CZE-SK,SWE-OO,UKR-UK,CNT-OO,MAS-OO,MIC-OO,NWJ-OO,NWY-OO,OHI-OO,PEN-OO,VRG-OO,WIS-OO,AUT-AU,GER-OO,,AUT-LI,FRA-OO,RUN-OO,RUS-OO,UKR-OO,",",3,1,7,",",36,11,14,10,12,30,74,",",,CZE,BLT,FIN,FRA,GER,NOR,POL,RUC,RUN,RUS,WSB,SWE,SWI,UKR,GRB,WIS,AUT,",",,AUT-LI,BLT-ES,BLT-LA,BLT-LI,CZE-CZ,FIN-OO,FRA-OO,GER-OO,GRB-OO,NOR-OO,POL-OO,RUC-OO,RUN-OO,RUS-OO,SWE-OO,SWI-OO,UKR-OO,WIS-OO,WSB-OO,"
"1737","Cabomba caroliniana","Cabomba caroliniana","invasive",",7,8,",",78,85,83,84,75,74,79,77,",",ALA,AGE,AGS,ARK,BOL,BZS,BZL,CNT,DEL,WDC,FLA,GEO,ILL,INI,KTY,LOU,MRY,MAS,MXE,MIC,MSI,MSO,NWH,NWJ,NWY,NCA,OHI,OKL,PAR,PEN,RHO,SCA,TEN,TEX,URU,VRG,,",",,AGE-OO,AGS-OO,ALA-OO,ARK-OO,BOL-OO,BZL-OO,BZS-OO,CNT-OO,DEL-OO,FLA-OO,GEO-OO,ILL-OO,INI-OO,KTY-OO,LOU-OO,MAS-OO,MIC-OO,MRY-OO,MSI-OO,MSO-OO,MXE-OO,NCA-OO,NWH-OO,NWJ-OO,NWY-OO,OHI-OO,OKL-OO,PAR-OO,PEN-OO,RHO-OO,SCA-OO,TEN-OO,TEX-OO,URU-OO,VRG-OO,WDC-OO,",",5,1,8,3,4,7,",",50,11,85,36,10,40,38,14,41,78,74,75,73,",",NSW,NTA,QLD,VIC,BGM,CLS,CHS,CHC,GRB,IND,JAP,RUC,THA,TAI,DEL,KAN,MAS,MIC,NWJ,NWY,OHI,ORE,PEN,RHO,AUT,JAP,,DEN,NET,",",NSW-NS,NTA-OO,QLD-QU,VIC-OO,BGM-BE,CLS-MG,CHS-SH,CHS-JS,CHS-AH,CHS-FJ,CHS-JX,CHC-HU,CHS-HN,CHS-GD,CHS-GX,GRB-OO,IND-GO,IND-KT,IND-KE,IND-MR,IND-TN,RUC-OO,THA-OO,TAI-OO,DEL-OO,KAN-OO,MAS-OO,MIC-OO,NWJ-OO,NWY-OO,OHI-OO,ORE-OO,PEN-OO,RHO-OO,AUT-AU,,CHS-ZJ,DEN-OO,IND-OO,JAP-HN,NET-OO,",",3,7,5,1,4,",",36,38,73,50,10,40,11,",",CHS,JAP,ORE,,DEN,IND,NET,",",,CHS-JS,CHS-SH,CHS-ZJ,DEN-OO,IND-OO,JAP-HN,NET-OO,ORE-OO,"
"1984","Carduus pycnocephalus","Carduus pycnocephalus","invasive",",3,1,2,4,7,",",34,13,20,11,12,14,21,10,32,35,33,40,78,",",AFG,ALB,ALG,AUT,BAL,BLR,BGM,BUL,CNY,COR,CYP,DEN,EAI,RUE,EGY,FRA,GER,GRB,GRC,IRN,IRQ,ITA,KAZ,KGZ,KRI,KRY,KUW,LBS,LBY,MOR,NCS,PAK,PAL,POR,SAR,SAU,SIC,SIN,RUS,SPA,SWE,TZK,TCS,TUN,TUR,TUE,TKM,UKR,UZB,WHM,YUG,GEO,SWI,",",,AFG-OO,ALB-OO,ALG-OO,AUT-AU,BAL-OO,BGM-BE,BLR-OO,BUL-OO,CNY-OO,COR-OO,CYP-OO,DEN-OO,EAI-OO,EGY-OO,FRA-FR,GEO-OO,GER-OO,GRB-OO,GRC-OO,IRN-OO,IRQ-OO,ITA-IT,KAZ-OO,KGZ-OO,KRI-OO,KRY-OO,KUW-OO,LBS-SY,LBY-OO,MOR-MO,NCS-OO,PAK-OO,PAL-IS,PAL-JO,POR-OO,RUE-OO,RUS-OO,SAR-OO,SAU-OO,SIC-SI,SIN-OO,SPA-SP,SWE-OO,SWI-OO,TCS-AR,TCS-AZ,TKM-OO,TUE-OO,TUN-OO,TUR-OO,TZK-OO,UKR-MO,UKR-UK,UZB-OO,WHM-JK,YUG-BH,YUG-CR,YUG-MA,YUG-MN,YUG-SL,",",8,5,1,3,7,6,4,",",85,50,14,10,38,79,51,78,76,63,73,75,77,34,40,",",AGE,NSW,QLD,SOA,TAS,VIC,WAU,BLR,CLC,CLS,GRB,IRE,JAP,MXN,CTM,ALA,ARK,CAL,HAW,IDA,MSI,NWY,ORE,PEN,SCA,TEX,WAS,NZN,NZS,IRN,PAK,",",AGE-BA,AGE-DF,AGE-ER,NSW-NS,QLD-QU,SOA-OO,TAS-OO,VIC-OO,WAU-WA,BLR-OO,CLC-BI,CLC-OH,CLC-CO,CLC-LA,CLC-MA,CLC-VA,CLC-SA,CLS-LL,GRB-OO,IRE-NI,MXN-BC,CTM-OO,ALA-OO,ARK-OO,CAL-OO,HAW-HI,IDA-OO,MSI-OO,NWY-OO,ORE-OO,PEN-OO,SCA-OO,TEX-OO,WAS-OO,NZN-OO,NZS-OO,,HAW-OO,IRN-OO,NSW-OO,PAK-OO,QLD-OO,WAU-OO,",",3,4,7,6,5,8,",",34,40,76,63,73,77,50,51,85,",",IRN,PAK,CAL,HAW,ORE,TEX,WAS,NSW,QLD,TAS,VIC,WAU,,",",,CAL-OO,HAW-OO,IRN-OO,NSW-OO,ORE-OO,PAK-OO,QLD-OO,TAS-OO,TEX-OO,VIC-OO,WAS-OO,WAU-OO,"
"2246","Centaurea diffusa","Centaurea diffusa","invasive",",3,1,7,",",30,11,14,13,12,33,34,78,",",ALT,AUT,BLT,BLR,BGM,BUL,RUC,CZE,RUE,FRA,GRC,HUN,ITA,KRY,NCS,RUN,RUW,ROM,RUS,SPA,TCS,TUR,TUE,UKR,YUG,GEO,,WSB,",",,ALT-OO,AUT-AU,BGM-BE,BLR-OO,BLT-OO,BUL-OO,CZE-OO,FRA-FR,GEO-OO,GRC-OO,HUN-OO,ITA-IT,KRY-OO,NCS-OO,ROM-OO,RUC-OO,RUE-OO,RUN-OO,RUS-OO,RUW-OO,SPA-SP,TCS-AR,TCS-AZ,TUE-OO,TUR-OO,UKR-MO,UKR-UK,WSB-OO,YUG-SE,",",8,1,7,3,",",85,13,14,71,72,36,11,12,33,31,30,10,76,73,75,74,78,77,34,,32,",",AGE,BUL,BLR,ABT,BRC,ONT,QUE,SAS,CHM,CZE,FRA,TCS,HUN,POL,KHA,RUC,ALT,WSB,SWE,UKR,ARI,CAL,COL,CNT,IOW,IDA,ILL,INI,KTY,MAS,MIC,MSO,MNT,NEB,NWJ,NWM,NEV,OHI,ORE,SDA,TEN,UTA,WAS,WIS,WYO,GER,GEO,IRN,LBS,TUR,AUT,YUG,GRC,ITA,ROM,,RUS,SWI,MAN,NDA,KGZ,",",AGE-BA,AGE-CD,AGE-LP,BUL-OO,BLR-OO,ABT-OO,BRC-OO,ONT-OO,QUE-OO,SAS-OO,CHM-LN,CZE-CZ,FRA-FR,TCS-GR,HUN-OO,POL-OO,KHA-OO,RUC-OO,ALT-OO,WSB-OO,SWE-OO,UKR-UK,ARI-OO,CAL-OO,COL-OO,CNT-OO,IOW-OO,IDA-OO,ILL-OO,INI-OO,KTY-OO,MAS-OO,MIC-OO,MSO-OO,MNT-OO,NEB-OO,NWJ-OO,NWM-OO,NEV-OO,OHI-OO,ORE-OO,SDA-OO,TEN-OO,UTA-OO,WAS-OO,WIS-OO,WYO-OO,GER-OO,,AUT-OO,FRA-OO,GEO-OO,GRC-OO,IRN-OO,ITA-OO,KGZ-OO,LBS-SY,MAN-OO,NDA-OO,ROM-OO,RUS-OO,SWI-OO,TCS-AR,TCS-AZ,TUR-OO,UKR-MO,YUG-SE,",",3,7,1,8,",",33,78,34,11,13,12,14,30,71,72,,76,73,75,74,77,85,32,",",TCS,GEO,IRN,LBS,TUR,AUT,BUL,CZE,YUG,FRA,GER,GRC,HUN,ITA,UKR,POL,ROM,,RUC,RUS,WSB,SWI,ABT,BRC,MAN,ONT,SAS,ARI,CAL,COL,CNT,IDA,ILL,INI,IOW,KTY,MAS,MIC,MSO,MNT,NEB,NEV,NWJ,NWM,NDA,ORE,SDA,TEN,UTA,WAS,WIS,WYO,KGZ,",",,ABT-OO,ARI-OO,AUT-OO,BRC-OO,BUL-OO,CAL-OO,CNT-OO,COL-OO,CZE-CZ,FRA-OO,GEO-OO,GER-OO,GRC-OO,HUN-OO,IDA-OO,ILL-OO,INI-OO,IOW-OO,IRN-OO,ITA-OO,KGZ-OO,KTY-OO,LBS-SY,MAN-OO,MAS-OO,MIC-OO,MNT-OO,MSO-OO,NDA-OO,NEB-OO,NEV-OO,NWJ-OO,NWM-OO,ONT-OO,ORE-OO,POL-OO,ROM-OO,RUC-OO,RUS-OO,SAS-OO,SDA-OO,SWI-OO,TCS-AR,TCS-AZ,TEN-OO,TUR-OO,UKR-MO,UTA-OO,WAS-OO,WIS-OO,WSB-OO,WYO-OO,YUG-SE,"
"2250","Centaurea iberica","Centaurea iberica","invasive",",3,1,4,7,",",34,14,13,32,33,40,36,78,",",AFG,BLT,BLR,BUL,RUC,CYP,EAI,RUE,GRC,IRN,IRQ,KAZ,KGZ,KRY,LBS,NCS,PAK,PAL,ROM,TZK,TCS,TUR,TUE,TKM,UKR,UZB,WHM,CHX,YUG,GEO,",",,AFG-OO,BLR-OO,BLT-OO,BUL-OO,CHX-OO,CYP-OO,EAI-OO,GEO-OO,GRC-OO,IRN-OO,IRQ-OO,KAZ-OO,KGZ-OO,KRY-OO,LBS-LB,LBS-SY,NCS-OO,PAK-OO,PAL-IS,PAL-JO,ROM-OO,RUC-OO,RUE-OO,TCS-AR,TCS-AZ,TKM-OO,TUE-OO,TUR-OO,TZK-OO,UKR-UK,UZB-OO,WHM-JK,YUG-OO,",",8,1,4,7,3,",",85,14,40,79,76,74,73,32,",",AGE,AGS,BLR,WHM,UKR,MXE,CAL,KAN,ORE,WAS,WYO,KGZ,,UZB,",",AGE-BA,AGE-DF,AGS-NE,AGS-RN,BLR-OO,WHM-JK,UKR-MO,MXE-NL,CAL-OO,KAN-OO,ORE-OO,WAS-OO,WYO-OO,,KGZ-OO,UZB-OO,",",7,3,",",76,32,,",",CAL,KGZ,,UZB,",",,CAL-OO,KGZ-OO,UZB-OO,"
"2270","Centaurea solstitialis","Centaurea solstitialis","invasive",",1,2,3,7,",",13,20,11,14,12,34,10,32,35,33,78,",",ALB,ALG,AUT,BLR,BGM,BUL,RUC,COR,CYP,CZE,EAI,RUE,EGY,FRA,GER,GRB,GRC,HUN,IRN,IRQ,IRE,ITA,KAZ,KRI,KRY,KUW,LBS,MOR,NET,NCS,RUW,NOR,OMA,POL,ROM,SAR,SAU,SIC,SIN,SPA,SWI,TZK,TCS,TUN,TUR,TUE,TKM,UKR,UZB,YUG,GEO,BAL,",",,ALB-OO,ALG-OO,AUT-AU,BAL-OO,BGM-BE,BLR-OO,BUL-OO,COR-OO,CYP-OO,CZE-OO,EAI-OO,EGY-OO,FRA-FR,GEO-OO,GER-OO,GRB-OO,GRC-OO,HUN-OO,IRE-IR,IRN-OO,IRQ-OO,ITA-IT,KAZ-OO,KRI-OO,KRY-OO,KUW-OO,LBS-LB,LBS-SY,MOR-MO,NCS-OO,NET-OO,NOR-OO,OMA-OO,POL-OO,ROM-OO,RUC-OO,RUE-OO,RUW-OO,SAR-OO,SAU-OO,SIC-SI,SIN-OO,SPA-SP,SWI-OO,TCS-AR,TCS-AZ,TKM-OO,TUE-OO,TUN-OO,TUR-OO,TZK-OO,UKR-UK,UZB-OO,YUG-SE,",",8,5,1,7,3,2,4,",",85,50,13,71,72,38,32,14,79,51,11,76,73,75,74,78,77,27,34,83,20,33,12,10,81,,43,",",AGE,AGS,AGW,NSW,QLD,SOA,TAS,VIC,WAU,BUL,ABT,BRC,MAN,ONT,SAS,CLC,JAP,KGZ,UKR,MXN,MXE,CZE,URU,ARI,CAL,COL,CNT,IOW,IDA,ILL,INI,KAN,KTY,MAS,MRY,MIC,MIN,MSO,MNT,NCA,NDA,NEB,NWH,NWJ,NWM,NEV,NWY,OHI,OKL,ORE,PEN,RHO,SCA,SDA,TEN,TEX,UTA,VRG,WAS,WIS,WVA,WYO,CPP,OFS,TVL,IRN,BOL,NZS,GER,ALG,BOT,EGY,SWZ,,TUN,TCS,GEO,IRQ,PAL,LBS,TZK,TUR,TKM,ALB,AUT,YUG,FRA,COR,GRC,HUN,ITA,POL,ROM,RUS,SPA,BAL,SWI,GRB,TRT,DEL,FLA,NWG,",",AGE-BA,AGE-CH,AGE-CD,AGE-DF,AGE-ER,AGE-LP,AGS-NE,AGS-RN,AGW-SA,AGE-SF,AGW-SL,NSW-NS,QLD-QU,SOA-OO,TAS-OO,VIC-OO,WAU-WA,BUL-OO,ABT-OO,BRC-OO,MAN-OO,ONT-OO,SAS-OO,CLC-VA,CLC-MA,CLC-SA,KGZ-OO,UKR-MO,MXN-BC,MXE-CO,CZE-SK,UKR-UK,URU-OO,ARI-OO,CAL-OO,COL-OO,CNT-OO,IOW-OO,IDA-OO,ILL-OO,INI-OO,KAN-OO,KTY-OO,MAS-OO,MRY-OO,MIC-OO,MIN-OO,MSO-OO,MNT-OO,NCA-OO,NDA-OO,NEB-OO,NWH-OO,NWJ-OO,NWM-OO,NEV-OO,NWY-OO,OHI-OO,OKL-OO,ORE-OO,PEN-OO,RHO-OO,SCA-OO,SDA-OO,TEN-OO,TEX-OO,UTA-OO,VRG-OO,WAS-OO,WIS-OO,WVA-OO,WYO-OO,CPP-EC,OFS-OO,TVL-GA,TVL-MP,IRN-OO,MXN-BC,BOL-OO,NZS-OO,GER-OO,,ALB-OO,ALG-OO,AUT-OO,BAL-OO,BOT-OO,COR-OO,CZE-CZ,DEL-OO,EGY-OO,FLA-OO,FRA-OO,GEO-OO,GRB-OO,GRC-OO,HUN-OO,IRQ-OO,ITA-OO,LBS-LB,LBS-SY,NSW-OO,NWG-PN,PAL-IS,PAL-JO,POL-OO,QLD-OO,ROM-OO,RUS-OO,SPA-OO,SWI-OO,SWZ-OO,TCS-AR,TCS-AZ,TKM-OO,TRT-OO,TUN-OO,TUR-OO,TZK-OO,YUG-SE,",",2,3,7,1,8,5,4,",",20,27,33,78,34,32,13,11,12,14,10,71,72,81,,76,73,75,74,77,50,51,43,85,",",ALG,BOT,EGY,SWZ,,TUN,TCS,GEO,IRN,IRQ,PAL,LBS,TZK,TUR,TKM,ALB,AUT,BUL,CZE,YUG,FRA,COR,GRC,HUN,ITA,UKR,POL,ROM,RUS,SPA,BAL,SWI,GRB,ABT,BRC,MAN,ONT,TRT,ARI,CAL,COL,CNT,DEL,FLA,IDA,ILL,INI,IOW,KAN,KTY,MRY,MAS,MIC,MIN,MSO,MNT,NEB,NEV,NWH,NWJ,NWM,NWY,NCA,NDA,OHI,OKL,ORE,PEN,RHO,SCA,SDA,TEN,TEX,UTA,VRG,WAS,WVA,WIS,WYO,NSW,QLD,VIC,NWG,URU,",",,ABT-OO,ALB-OO,ALG-OO,ARI-OO,AUT-OO,BAL-OO,BOT-OO,BRC-OO,BUL-OO,CAL-OO,CNT-OO,COL-OO,COR-OO,CZE-CZ,DEL-OO,EGY-OO,FLA-OO,FRA-OO,GEO-OO,GRB-OO,GRC-OO,HUN-OO,IDA-OO,ILL-OO,INI-OO,IOW-OO,IRN-OO,IRQ-OO,ITA-OO,KAN-OO,KTY-OO,LBS-LB,LBS-SY,MAN-OO,MAS-OO,MIC-OO,MIN-OO,MNT-OO,MRY-OO,MSO-OO,NCA-OO,NDA-OO,NEB-OO,NEV-OO,NSW-OO,NWG-PN,NWH-OO,NWJ-OO,NWM-OO,NWY-OO,OHI-OO,OKL-OO,ONT-OO,ORE-OO,PAL-IS,PAL-JO,PEN-OO,POL-OO,QLD-OO,RHO-OO,ROM-OO,RUS-OO,SCA-OO,SDA-OO,SPA-OO,SWI-OO,SWZ-OO,TCS-AR,TCS-AZ,TEN-OO,TEX-OO,TKM-OO,TRT-OO,TUN-OO,TUR-OO,TZK-OO,UKR-MO,URU-OO,UTA-OO,VIC-OO,VRG-OO,WAS-OO,WIS-OO,WVA-OO,WYO-OO,YUG-SE,"
"2342","Ceratopteris thalictroides","Ceratopteris thalictroides","invasive",",4,2,8,7,6,3,5,",",41,26,40,43,84,76,62,24,36,83,80,78,82,81,38,25,42,29,79,50,77,22,27,23,35,",",AND,ANG,ASS,BAN,BIS,BZL,BZC,CAL,CBD,CRL,CHA,CHN,CHC,CHS,CLM,COS,EHM,ECU,ELS,ETH,FLA,FRG,GUA,GUY,CHH,HON,IND,JAM,JAP,KEN,KOR,LAO,LSI,LOU,MDG,MLY,MRN,MXG,MXS,MSI,MOZ,MYA,NNS,NEP,NIC,NCB,NTA,PAN,PHI,PUE,QLD,SOL,SOM,SRL,SUD,SUL,SUM,SUR,TAI,TAN,TEX,THA,UGA,VEN,VIE,WHM,WAU,ZAM,ZIM,BEN,BOT,BUR,CMN,CON,ZAI,IVO,SWZ,GAB,GHA,GUI,LBR,NAM,NGA,SEN,SEY,SIE,,TOG,BOR,SAU,YEM,CUB,DOM,WIN,NWG,BZE,BZN,BZS,",",,AND-AN,ANG-OO,ASS-AS,BAN-OO,BEN-OO,BIS-OO,BOR-BR,BOT-OO,BUR-OO,BZC-GO,BZC-MS,BZC-MT,BZE-AL,BZE-BA,BZE-CE,BZE-MA,BZE-PB,BZE-PE,BZE-RN,BZE-SE,BZL-ES,BZL-MG,BZL-RJ,BZL-SP,BZN-AM,BZN-AP,BZN-PA,BZN-RO,BZS-RS,BZS-SC,CAL-OO,CBD-OO,CHA-OO,CHC-GZ,CHC-HU,CHC-SC,CHC-YN,CHH-OO,CHN-SD,CHS-AH,CHS-FJ,CHS-GD,CHS-GX,CHS-JS,CHS-JX,CHS-ZJ,CLM-OO,CMN-OO,CON-OO,COS-OO,CRL-MF,CUB-OO,DOM-OO,ECU-OO,EHM-OO,ELS-OO,ETH-OO,FLA-OO,FRG-OO,GAB-OO,GHA-OO,GUA-OO,GUI-OO,GUY-OO,HON-OO,IND-KE,IND-UP,IVO-OO,JAM-OO,JAP-HN,JAP-KY,JAP-SH,KEN-OO,KOR-OO,LAO-OO,LBR-OO,LOU-OO,LSI-LS,MDG-OO,MLY-SI,MOZ-OO,MRN-GU,MSI-OO,MXG-OO,MXS-OO,MYA-OO,NCB-OO,NEP-OO,NGA-OO,NIC-OO,NNS-OO,NTA-OO,NWG-PN,PAN-OO,PHI-OO,PUE-OO,QLD-QU,SAU-OO,SEN-OO,SEY-OO,SIE-OO,SOL-OO,SOM-OO,SRL-OO,SUD-OO,SUL-OO,SUM-OO,SUR-OO,SWZ-OO,TAI-OO,TAN-OO,TEX-OO,THA-OO,TOG-OO,UGA-OO,VEN-OO,VIE-OO,WAU-WA,WHM-OO,WIN-SV,YEM-OO,ZAI-OO,ZAM-OO,ZIM-OO,",",8,7,1,6,5,2,",",81,79,13,78,63,77,50,29,",",CUB,MXS,MXT,MXE,ROM,FLA,HAW,LOU,MSI,TEX,WAU,COM,",",CUB-OO,MXS-GR,MXS-NA,MXS-OA,MXT-TB,MXE-TA,ROM-OO,FLA-OO,HAW-HI,LOU-OO,MSI-OO,TEX-OO,,COM-OO,WAU-OO,",",7,5,2,",",78,77,50,29,",",LOU,TEX,WAU,COM,",",,COM-OO,LOU-OO,TEX-OO,WAU-OO,"
"2360","Cestrum diurnum","Cestrum diurnum","invasive",",8,7,",",81,78,79,",",CUB,DOM,FLA,HAI,JAM,LEE,MXG,MXE,MXN,MXT,PUE,SWC,TRT,WIN,",",,CUB-OO,DOM-OO,FLA-OO,HAI-HA,JAM-OO,LEE-BV,MXE-OO,MXG-OO,MXN-OO,MXT-OO,PUE-OO,SWC-OO,TRT-OO,WIN-OO,",",8,6,4,7,2,",",81,61,62,40,60,78,63,77,27,",",BAH,COO,MRN,NEP,TON,FLA,HAW,TEX,SAM,BAN,,WAL,",",BAH-OO,COO-OO,MRN-GU,NEP-OO,TON-OO,FLA-OO,HAW-HI,TEX-OO,SAM-WS,BAN-OO,,HAW-OO,MRN-NM,WAL-OO,",",2,8,7,6,4,",",27,81,78,63,61,62,60,40,,",",,BAH,FLA,HAW,COO,MRN,TON,BAN,WAL,",",,BAH-OO,BAN-OO,COO-OO,FLA-OO,HAW-OO,MRN-GU,MRN-NM,TON-OO,WAL-OO,"
"2493","Chondrilla juncea","Chondrilla juncea","invasive",",3,1,2,7,",",34,13,20,30,11,12,14,21,32,33,35,10,36,78,",",AFG,ALB,ALG,ALT,AUT,BAL,BLT,BLR,BGM,BUL,CNY,RUC,COR,CYP,CZE,EAI,RUE,FRA,GER,GRC,HUN,IRN,IRQ,ITA,KAZ,KRI,KRY,LBS,LBY,MOR,NET,NCS,PAL,POL,POR,ROM,SAR,SAU,SIC,RUS,SPA,SWE,SWI,TCS,TUN,TUR,TUE,TKM,UKR,UZB,YUG,CHX,GEO,,",",,AFG-OO,ALB-OO,ALG-OO,ALT-OO,AUT-AU,BAL-OO,BGM-BE,BGM-LU,BLR-OO,BLT-OO,BUL-OO,CHX-OO,CNY-OO,COR-OO,CYP-OO,CZE-CZ,CZE-SL,EAI-OO,FRA-FR,GEO-OO,GER-OO,GRC-OO,HUN-OO,IRN-OO,IRQ-OO,ITA-IT,KAZ-OO,KRI-OO,KRY-OO,LBS-LB,LBS-SY,LBY-OO,MOR-MO,NCS-OO,NET-OO,PAL-JO,POL-OO,POR-OO,ROM-OO,RUC-OO,RUE-OO,RUS-OO,SAR-OO,SAU-OO,SIC-SI,SPA-AN,SPA-GI,SPA-SP,SWE-OO,SWI-OO,TCS-AR,TCS-AZ,TKM-OO,TUE-OO,TUN-OO,TUR-OO,UKR-MO,UKR-UK,UZB-OO,YUG-BH,YUG-CR,YUG-MA,YUG-MN,YUG-SE,YUG-SL,",",8,5,1,7,2,",",85,50,11,13,71,72,14,76,73,78,74,75,51,27,",",AGE,NSW,QLD,SOA,TAS,VIC,WAU,BGM,BUL,BRC,ONT,SIC,RUC,CAL,COL,DEL,GEO,IDA,ILL,INI,MRY,MIC,MNT,NWJ,NEV,NWY,ORE,PEN,UTA,VRG,WAS,WVA,WYO,NZN,,WDC,NTA,",",AGE-BA,NSW-NS,QLD-QU,SOA-OO,TAS-OO,VIC-OO,WAU-WA,BGM-BE,BUL-OO,BRC-OO,ONT-OO,BGM-LU,SIC-MA,RUC-OO,CAL-OO,COL-OO,DEL-OO,GEO-OO,IDA-OO,ILL-OO,INI-OO,MRY-OO,MIC-OO,MNT-OO,NWJ-OO,NEV-OO,NWY-OO,ORE-OO,PEN-OO,UTA-OO,VRG-OO,WAS-OO,WVA-OO,WYO-OO,NZN-OO,,NSW-OO,NTA-OO,QLD-OO,WAU-OO,WDC-OO,",",2,7,5,8,",",27,76,78,73,74,75,50,51,85,",",,CAL,DEL,WDC,GEO,IDA,ILL,MRY,MIC,MNT,NWJ,ORE,PEN,VRG,WAS,WVA,NSW,NTA,QLD,SOA,TAS,VIC,WAU,",",,CAL-OO,DEL-OO,GEO-OO,IDA-OO,ILL-OO,MIC-OO,MNT-OO,MRY-OO,NSW-OO,NTA-OO,NWJ-OO,ORE-OO,PEN-OO,QLD-OO,SOA-OO,TAS-OO,VIC-OO,VRG-OO,WAS-OO,WAU-OO,WDC-OO,WVA-OO,"
"2558","Cirsium arvense","Cirsium arvense","invasive",",3,1,2,4,7,",",34,13,20,30,31,40,11,21,12,14,36,10,38,32,37,33,24,78,",",AFG,ALB,ALG,ALT,AMU,ASS,AUT,AZO,BAL,BLT,BAN,BLR,BGM,BUL,BRY,RUC,CHN,CHC,CHS,COR,CYP,CZE,DEN,RUE,FIN,FRA,FOR,GER,GRB,GRC,HUN,IND,CHI,IRN,IRQ,IRE,ITA,JAP,KAM,KAZ,KHA,KGZ,KOR,KRA,KRY,KUR,LBS,MAG,CHM,,MON,NEP,NET,NCS,RUN,RUW,NOR,PAK,PAL,POL,POR,PRM,CHQ,ROM,SAK,SAR,SIC,SIN,RUS,SPA,SWE,SWI,TZK,CHT,TCS,TUR,TUE,TKM,TVA,UKR,UZB,WHM,WSB,CHX,YUG,SUD,TUN,GEO,ICE,",",,AFG-OO,ALB-OO,ALG-OO,ALT-OO,AMU-OO,ASS-AS,AUT-AU,AZO-OO,BAL-OO,BAN-OO,BGM-BE,BLR-OO,BLT-ES,BLT-LA,BLT-LI,BRY-OO,BUL-OO,CHC-OO,CHI-OO,CHM-OO,CHN-OO,CHQ-OO,CHS-OO,CHT-OO,CHX-OO,COR-OO,CYP-OO,CZE-CZ,CZE-SL,DEN-OO,FIN-OO,FOR-OO,FRA-FR,GEO-OO,GER-OO,GRC-OO,HUN-OO,ICE-OO,IND-OO,IRE-IR,IRN-OO,IRQ-OO,ITA-IT,JAP-OO,KAM-OO,KAZ-OO,KGZ-OO,KHA-OO,KOR-OO,KRA-OO,KRY-OO,KUR-OO,LBS-OO,MAG-OO,MON-OO,NCS-OO,NEP-OO,NET-OO,NOR-OO,PAK-OO,PAL-OO,POL-OO,POR-OO,PRM-OO,ROM-OO,RUC-OO,RUE-OO,RUN-OO,RUS-OO,RUW-OO,SAK-OO,SAR-OO,SIC-SI,SIN-OO,SPA-SP,SUD-OO,SWE-OO,SWI-OO,TCS-AR,TCS-AZ,TKM-OO,TUE-OO,TUN-OO,TUR-OO,TVA-OO,TZK-OO,UKR-MO,UKR-UK,UZB-OO,WHM-OO,WSB-OO,YUG-CR,YUG-SL,",",8,5,7,9,4,3,1,2,6,",",85,50,71,72,70,90,40,38,14,51,31,30,78,76,73,75,74,77,27,21,34,11,10,,63,",",AGS,NSW,SOA,TAS,VIC,WAU,ABT,BRC,LAB,MAN,NBR,NFL,NSC,NWT,ONT,PEI,QUE,SAS,YUK,CLS,CLC,CRZ,KEG,GNL,WHM,EHM,IND,JAP,KOR,UKR,CTM,KHA,MAG,RUC,IRK,BRY,ASK,ALA,ARK,ARI,CAL,COL,CNT,WDC,DEL,GEO,IOW,IDA,ILL,INI,KAN,KTY,MAS,MRY,MAI,MIC,MIN,MSO,MNT,NCA,NDA,NEB,NWH,NWJ,NWM,NEV,NWY,OHI,OKL,ORE,PEN,RHO,SDA,TEN,TEX,UTA,VRG,VER,WAS,WIS,WVA,WYO,CPP,OFS,NAT,TVL,AZO,NZN,NZS,TUR,BLR,BLT,GER,SWE,SWI,GRB,,HAW,CZE,FAL,JAP,",",AGS-SC,AGS-TF,NSW-NS,SOA-OO,TAS-OO,VIC-OO,WAU-WA,ABT-OO,BRC-OO,LAB-OO,MAN-OO,NBR-OO,NFL-NE,NSC-OO,NWT-OO,ONT-OO,PEI-OO,QUE-OO,SAS-OO,YUK-OO,CLS-MG,CLC-BI,CLC-SA,CRZ-OO,KEG-OO,GNL-OO,WHM-HP,WHM-JK,EHM-SI,WHM-UT,IND-WB,KOR-SK,UKR-MO,CTM-OO,KHA-OO,MAG-OO,RUC-OO,IRK-OO,BRY-OO,NFL-SP,ASK-OO,ALA-OO,ARK-OO,ARI-OO,CAL-OO,COL-OO,CNT-OO,WDC-OO,DEL-OO,GEO-OO,IOW-OO,IDA-OO,ILL-OO,INI-OO,KAN-OO,KTY-OO,MAS-OO,MRY-OO,MAI-OO,MIC-OO,MIN-OO,MSO-OO,MNT-OO,NCA-OO,NDA-OO,NEB-OO,NWH-OO,NWJ-OO,NWM-OO,NEV-OO,NWY-OO,OHI-OO,OKL-OO,ORE-OO,PEN-OO,RHO-OO,SDA-OO,TEN-OO,TEX-OO,UTA-OO,VRG-OO,VER-OO,WAS-OO,WIS-OO,WVA-OO,WYO-OO,CPP-EC,OFS-OO,NAT-OO,TVL-MP,AZO-OO,NZN-OO,NZS-OO,,BLR-OO,BLT-ES,BLT-LA,CZE-CZ,FAL-OO,GER-OO,GRB-OO,HAW-OO,IND-OO,JAP-OO,SWE-OO,SWI-OO,TUR-OO,",",3,1,7,6,5,9,4,",",34,14,11,10,71,72,,76,73,78,63,74,75,77,51,90,40,38,",",TUR,BLR,BLT,GER,SWE,SWI,GRB,,ABT,BRC,MAN,NSC,ONT,QUE,SAS,ARI,CAL,COL,DEL,HAW,IDA,ILL,INI,IOW,KAN,KTY,MRY,MIN,MSO,MNT,NEB,NEV,NWM,NCA,NDA,OHI,OKL,ORE,PEN,SDA,UTA,WAS,WIS,WYO,CZE,FAL,IND,JAP,",",,ABT-OO,ARI-OO,BLR-OO,BLT-ES,BLT-LA,BRC-OO,CAL-OO,COL-OO,CZE-CZ,DEL-OO,FAL-OO,GER-OO,GRB-OO,HAW-OO,IDA-OO,ILL-OO,IND-OO,INI-OO,IOW-OO,JAP-OO,KAN-OO,KTY-OO,MAN-OO,MIN-OO,MNT-OO,MRY-OO,MSO-OO,NCA-OO,NDA-OO,NEB-OO,NEV-OO,NSC-OO,NWM-OO,OHI-OO,OKL-OO,ONT-OO,ORE-OO,PEN-OO,QUE-OO,SAS-OO,SDA-OO,SWE-OO,SWI-OO,TUR-OO,UTA-OO,WAS-OO,WIS-OO,WYO-OO,"
"2579","Cirsium vulgare","Cirsium vulgare","invasive",",3,1,2,4,7,",",34,13,20,30,11,12,14,10,32,33,40,35,36,78,",",AFG,ALB,ALG,ALT,AUT,BAL,BLT,BLR,BGM,BUL,RUC,COR,CYP,CZE,DEN,EAI,RUE,FIN,FRA,GER,GRB,GRC,HUN,IRN,IRQ,IRE,ITA,KAZ,KGZ,KRA,KRI,KRY,LBS,MOR,NET,NCS,RUN,RUW,NOR,PAK,POL,POR,ROM,SAR,SAU,SIC,RUS,SPA,SWE,SWI,TZK,TCS,TUN,TUR,TUE,TKM,TVA,UKR,UZB,WHM,WSB,CHX,YEM,YUG,,GEO,",",,AFG-OO,ALB-OO,ALG-OO,ALT-OO,AUT-AU,BAL-OO,BGM-BE,BLR-OO,BLT-ES,BLT-LA,BLT-LI,BUL-OO,CHX-OO,COR-OO,CYP-OO,CZE-CZ,CZE-SL,DEN-OO,EAI-OO,FIN-OO,FRA-FR,GEO-OO,GER-OO,GRC-OO,HUN-OO,IRE-IR,IRN-OO,IRQ-OO,ITA-IT,KAZ-OO,KGZ-OO,KRA-OO,KRI-OO,KRY-OO,LBS-LB,LBS-SY,MOR-MO,NCS-OO,NET-OO,NOR-OO,PAK-OO,POL-OO,POR-OO,ROM-OO,RUC-OO,RUE-OO,RUN-OO,RUS-OO,RUW-OO,SAR-OO,SAU-OO,SIC-SI,SPA-SP,SWE-OO,SWI-OO,TCS-AR,TCS-AZ,TKM-OO,TUE-OO,TUN-OO,TUR-OO,TVA-OO,TZK-OO,UKR-MO,UKR-UK,UZB-OO,WHM-OO,WSB-OO,YEM-OO,YUG-BH,YUG-CR,YUG-MA,YUG-MN,YUG-SE,YUG-SL,",",8,5,1,7,2,3,6,9,",",85,50,13,83,84,71,72,24,70,34,38,25,27,79,60,10,51,21,31,30,23,78,76,73,75,63,74,77,61,11,,90,",",AGE,AGW,AGS,NSW,QLD,SOA,TAS,VIC,WAU,BUL,BOL,BZS,ABT,BRC,MAN,NBR,NFL,NSC,ONT,PEI,QUE,SAS,CLS,JNF,CLC,CLM,ERI,ETH,GNL,PAL,JAP,KEN,KOR,LES,MXN,MXC,MXS,MXE,NWC,NOR,CTM,MDR,KHA,ALT,IRK,KRA,WSB,RWA,SWE,SWZ,TAN,UGA,URU,ASK,ALA,ARK,ARI,CAL,COL,CNT,WDC,DEL,FLA,GEO,HAW,IOW,IDA,ILL,INI,KAN,KTY,LOU,MAS,MRY,MAI,MIC,MIN,MSO,MSI,MNT,NCA,NDA,NEB,NWH,NWJ,NWM,NEV,NWY,OHI,OKL,ORE,PEN,RHO,SCA,SDA,TEN,TEX,UTA,VRG,VER,WAS,WIS,WVA,WYO,CPP,OFS,TVL,NAT,KER,PAR,GAL,AZO,ECU,EAS,NZN,NZS,PER,,HUN,ITA,POL,CZE,FAL,JAP,",",AGE-BA,AGW-CA,AGS-CB,AGE-CD,AGE-CN,AGE-DF,AGE-ER,AGE-FO,AGW-JU,AGE-LP,AGW-LR,AGW-ME,AGE-MI,AGS-NE,AGS-RN,AGW-SA,AGS-SC,AGW-SE,AGE-SF,AGW-SJ,AGW-SL,AGS-TF,AGW-TU,NSW-NS,QLD-QU,SOA-OO,TAS-OO,VIC-OO,WAU-WA,BUL-OO,BOL-OO,BZS-PR,BZS-RS,BZS-SC,ABT-OO,BRC-OO,MAN-OO,NBR-OO,NFL-NE,NSC-OO,ONT-OO,PEI-OO,QUE-OO,SAS-OO,CLS-AI,JNF-OO,CLC-BI,CLS-LL,CLC-LA,CLC-MA,CLC-VA,CLS-MG,CLM-OO,ERI-OO,ETH-OO,GNL-OO,PAL-IS,KEN-OO,KOR-SK,LES-OO,MXN-BC,MXC-DF,MXS-GR,MXS-JA,MXC-ME,MXS-MI,MXE-NL,NWC-OO,NOR-OO,CTM-OO,MDR-OO,KHA-OO,ALT-OO,IRK-OO,KRA-OO,WSB-OO,RWA-OO,NFL-SP,SWE-OO,SWZ-OO,TAN-OO,UGA-OO,URU-OO,ASK-OO,ALA-OO,ARK-OO,ARI-OO,CAL-OO,COL-OO,CNT-OO,WDC-OO,DEL-OO,FLA-OO,GEO-OO,HAW-HI,IOW-OO,IDA-OO,ILL-OO,INI-OO,KAN-OO,KTY-OO,LOU-OO,MAS-OO,MRY-OO,MAI-OO,MIC-OO,MIN-OO,MSO-OO,MSI-OO,MNT-OO,NCA-OO,NDA-OO,NEB-OO,NWH-OO,NWJ-OO,NWM-OO,NEV-OO,NWY-OO,OHI-OO,OKL-OO,ORE-OO,PEN-OO,RHO-OO,SCA-OO,SDA-OO,TEN-OO,TEX-OO,UTA-OO,VRG-OO,VER-OO,WAS-OO,WIS-OO,WVA-OO,WYO-OO,CPP-EC,OFS-OO,TVL-GA,NAT-OO,TVL-NP,TVL-MP,CPP-NC,TVL-NW,CPP-WC,KER-OO,PAR-OO,MXN-BC,GAL-OO,AZO-OO,ECU-OO,CLC-CO,CLC-OH,CLC-SA,EAS-OO,NZN-OO,NZS-OO,PER-OO,,CZE-CZ,FAL-OO,HUN-OO,ITA-OO,JAP-OO,POL-OO,",",2,1,7,5,8,9,3,",",24,25,27,11,13,71,72,,75,74,50,51,85,90,38,79,",",ETH,KEN,,HUN,ITA,POL,MAN,NBR,NSC,ONT,MIC,MIN,CZE,SWZ,FAL,JAP,TAN,",",,CZE-CZ,ETH-OO,FAL-OO,HUN-OO,ITA-OO,JAP-OO,KEN-OO,MAN-OO,MIC-OO,MIN-OO,NBR-OO,NSC-OO,ONT-OO,POL-OO,SWZ-OO,TAN-OO,"
"2655","Clematis vitalba","Clematis vitalba","invasive",",3,1,2,4,7,",",34,13,20,11,12,10,14,41,33,78,",",AFG,ALB,ALG,AUT,BGM,BUL,COR,CZE,FRA,GER,GRB,GRC,HUN,IRN,ITA,KRI,KRY,LAO,LBS,MOR,NET,NCS,POR,ROM,SAR,SIC,SPA,SWI,TCS,TUR,TUE,UKR,YUG,GEO,CYP,RUS,",",,AFG-OO,ALB-OO,ALG-OO,AUT-AU,BGM-BE,BUL-OO,COR-OO,CYP-OO,CZE-CZ,CZE-SL,FRA-FR,GEO-OO,GER-OO,GRC-OO,HUN-OO,IRN-OO,ITA-IT,KRI-OO,KRY-OO,LAO-OO,LBS-LB,LBS-SY,MOR-MO,NCS-OO,NET-OO,POR-OO,ROM-OO,RUS-OO,SAR-OO,SIC-SI,SPA-SP,SWI-OO,TCS-AR,TCS-AZ,TUE-OO,TUR-OO,UKR-UK,YUG-SE,",",5,7,3,1,8,4,",",50,71,72,34,10,12,51,11,76,78,75,73,33,,81,40,",",SOA,TAS,VIC,BRC,ONT,CYP,DEN,BAL,GRB,IRE,FRA,NOR,CTM,POL,SWE,CAL,MRY,MAI,OHI,ORE,WAS,TCS,NZN,NZS,GER,,BER,IND,",",SOA-OO,TAS-OO,VIC-OO,BRC-OO,ONT-OO,CYP-OO,DEN-OO,BAL-OO,GRB-OO,IRE-IR,FRA-CI,NOR-OO,CTM-OO,POL-OO,SWE-OO,CAL-OO,MRY-OO,MAI-OO,OHI-OO,ORE-OO,WAS-OO,TCS-AR,NZN-OO,NZS-OO,GER-OO,,BER-OO,IND-OO,",",1,7,5,3,8,4,",",10,71,,75,73,51,33,81,40,",",GRB,BRC,,MAI,ORE,WAS,TCS,BER,IND,",",,BER-OO,BRC-OO,GRB-OO,IND-OO,MAI-OO,ORE-OO,TCS-AR,WAS-OO,"
"2912","Coronilla varia","Coronilla varia","invasive",",1,3,2,7,",",13,14,11,12,34,33,32,22,78,10,,",",ALB,BLR,BUL,RUC,CZE,RUE,FRA,GER,GRC,HUN,IRN,IRQ,ITA,KRY,LBS,NCS,RUW,POL,ROM,RUS,SPA,SWI,TCS,TUR,TUE,TKM,UKR,YUG,MLI,GEO,AUT,BGM,BLT,IRE,NET,NOR,,GRB,",",,ALB-OO,AUT-OO,BGM-OO,BLR-OO,BLT-ES,BLT-LA,BLT-LI,BUL-OO,CZE-CZ,CZE-SL,FRA-FR,GEO-OO,GER-OO,GRB-OO,GRC-OO,HUN-OO,IRE-IR,IRN-OO,IRQ-OO,ITA-IT,KRY-OO,LBS-LB,LBS-SY,MLI-OO,NCS-OO,NET-OO,NOR-OO,POL-OO,ROM-OO,RUC-OO,RUE-OO,RUS-OO,RUW-OO,SPA-SP,SWI-OO,TCS-AR,TCS-AZ,TKM-OO,TUE-OO,TUR-OO,UKR-MO,UKR-UK,YUG-CR,YUG-MN,YUG-SL,",",8,5,1,7,3,6,",",85,50,11,71,72,10,12,38,79,13,51,14,30,78,76,73,75,63,74,77,83,,",",AGE,TAS,VIC,BGM,ABT,BRC,MAN,NBR,NFL,NSC,ONT,PEI,QUE,SAS,GRB,FRA,JAP,MXE,SIC,NOR,RUW,RUC,KRA,SWE,ALA,ARK,ARI,CAL,COL,CNT,WDC,DEL,FLA,GEO,HAW,IOW,IDA,ILL,INI,KAN,KTY,LOU,MAS,MRY,MAI,MIC,MIN,MSO,MSI,MNT,NCA,NEB,NWH,NWJ,NWM,NEV,NWY,OHI,OKL,ORE,PEN,RHO,SCA,SDA,TEN,TEX,UTA,VRG,VER,WAS,WIS,WVA,WYO,ECU,NZN,NZS,GER,,",",AGE-BA,TAS-OO,VIC-OO,BGM-BE,ABT-OO,BRC-OO,MAN-OO,NBR-OO,NFL-NE,NSC-OO,ONT-OO,PEI-OO,QUE-OO,SAS-OO,GRB-OO,FRA-CI,BGM-LU,MXE-CO,MXE-NL,SIC-MA,NOR-OO,RUW-OO,RUC-OO,KRA-OO,SWE-OO,ALA-OO,ARK-OO,ARI-OO,CAL-OO,COL-OO,CNT-OO,WDC-OO,DEL-OO,FLA-OO,GEO-OO,HAW-HI,IOW-OO,IDA-OO,ILL-OO,INI-OO,KAN-OO,KTY-OO,LOU-OO,MAS-OO,MRY-OO,MAI-OO,MIC-OO,MIN-OO,MSO-OO,MSI-OO,MNT-OO,NCA-OO,NEB-OO,NWH-OO,NWJ-OO,NWM-OO,NEV-OO,NWY-OO,OHI-OO,OKL-OO,ORE-OO,PEN-OO,RHO-OO,SCA-OO,SDA-OO,TEN-OO,TEX-OO,UTA-OO,VRG-OO,VER-OO,WAS-OO,WIS-OO,WVA-OO,WYO-OO,ECU-OO,NZN-OO,NZS-OO,GER-OO,,",",7,",",79,,75,74,78,73,",",,CNT,ILL,MRY,MIC,NWJ,NCA,ORE,PEN,TEN,VRG,WIS,",",,CNT-OO,ILL-OO,MIC-OO,MRY-OO,NCA-OO,NWJ-OO,ORE-OO,PEN-OO,TEN-OO,VRG-OO,WIS-OO,"
"3228","Crupina vulgaris","Crupina vulgaris","invasive",",3,1,2,4,7,",",34,13,20,12,11,40,32,14,33,36,78,",",AFG,ALB,ALG,BUL,COR,CZE,FRA,GER,GRC,HUN,IND,IRN,IRQ,ITA,KAZ,KRY,MOR,NCS,PAK,POL,POR,ROM,SAR,RUS,SPA,SWI,TZK,TCS,TUR,TUE,TKM,UKR,UZB,WHM,CHX,YUG,LBY,GEO,KGZ,LBS,",",,AFG-OO,ALB-OO,ALG-OO,BUL-OO,CHX-OO,COR-OO,CZE-CZ,CZE-SL,FRA-FR,GEO-OO,GER-OO,GRC-OO,HUN-OO,IND-OO,IRN-OO,IRQ-OO,ITA-IT,KAZ-OO,KGZ-OO,KRY-OO,LBS-LB,LBS-SY,LBY-OO,MOR-MO,NCS-OO,PAK-OO,POL-OO,POR-OO,ROM-OO,RUS-OO,SAR-OO,SPA-SP,SWI-OO,TCS-AR,TCS-AZ,TKM-OO,TUE-OO,TUR-OO,TZK-OO,UKR-MO,UKR-UK,UZB-OO,WHM-OO,YUG-OO,",",7,",",76,73,75,",",CAL,IDA,MAS,NEV,ORE,WAS,",",CAL-OO,IDA-OO,MAS-OO,NEV-OO,ORE-OO,WAS-OO,,",",7,",",76,73,75,",",CAL,IDA,MAS,ORE,WAS,",",,CAL-OO,IDA-OO,MAS-OO,ORE-OO,WAS-OO,"
"3293","Cuscuta epithymum","Cuscuta epithymum","invasive",",3,1,2,7,",",34,13,20,30,11,12,14,21,10,32,77,33,36,78,",",AFG,ALB,ALG,ALT,AUT,BAL,BLT,BLR,BGM,BUL,CNY,RUC,COR,CZE,DEN,EAI,RUE,FIN,FRA,GER,GRB,GRC,HUN,IRN,IRE,ITA,KAZ,KRI,KRY,LBS,LBY,MDR,MOR,NET,NWM,NCS,RUN,RUW,NOR,PAL,POL,POR,ROM,SEL,SIC,RUS,SPA,SWE,SWI,TCS,TUN,TUR,TUE,TKM,UKR,WSB,CHX,YUG,EGY,GEO,",",,AFG-OO,ALB-OO,ALG-OO,ALT-OO,AUT-AU,BAL-OO,BGM-BE,BLR-OO,BLT-ES,BLT-LA,BLT-LI,BUL-OO,CHX-OO,CNY-OO,COR-OO,CZE-OO,DEN-OO,EAI-OO,EGY-OO,FIN-OO,FRA-FR,GEO-OO,GER-OO,GRC-OO,HUN-OO,IRE-IR,IRN-OO,ITA-IT,KAZ-OO,KRI-OO,KRY-OO,LBS-LB,LBS-SY,LBY-OO,MDR-OO,MOR-MO,NCS-OO,NET-OO,NOR-OO,NWM-OO,PAL-IS,PAL-JO,POL-OO,POR-OO,ROM-OO,RUC-OO,RUE-OO,RUN-OO,RUS-OO,RUW-OO,SEL-OO,SIC-SI,SPA-SP,SWE-OO,SWI-OO,TCS-AR,TCS-AZ,TKM-OO,TUE-OO,TUN-OO,TUR-OO,UKR-UK,WSB-OO,YUG-OO,",",8,5,1,7,2,3,",",85,50,13,71,72,10,20,21,11,38,79,51,14,76,75,74,78,73,77,27,",",AGE,NSW,SOA,TAS,VIC,WAU,BUL,BRC,NBR,ONT,DEN,ALG,CNY,HUN,JAP,MOR,MXC,MXE,NOR,CTM,POL,RUC,SWE,TUN,CAL,CNT,IOW,KTY,MAS,MRY,MAI,MIC,MSO,MNT,NDA,NEB,NWJ,NWM,NEV,NWY,OHI,ORE,PEN,RHO,SDA,VER,WAS,WVA,WYO,CPP,TVL,NZN,NZS,VRG,",",AGE-BA,AGE-CD,AGE-DF,NSW-NS,SOA-OO,TAS-OO,VIC-OO,WAU-WA,BUL-OO,BRC-OO,NBR-OO,ONT-OO,DEN-OO,ALG-OO,CNY-OO,HUN-OO,MOR-MO,MXC-ME,MXE-QU,NOR-OO,CTM-OO,POL-OO,RUC-OO,SWE-OO,TUN-OO,CAL-OO,CNT-OO,IOW-OO,KTY-OO,MAS-OO,MRY-OO,MAI-OO,MIC-OO,MSO-OO,MNT-OO,NDA-OO,NEB-OO,NWJ-OO,NWM-OO,NEV-OO,NWY-OO,OHI-OO,ORE-OO,PEN-OO,RHO-OO,SDA-OO,VER-OO,WAS-OO,WVA-OO,WYO-OO,CPP-EC,TVL-GA,TVL-MP,NZN-OO,NZS-OO,,VRG-OO,",",7,",",76,75,74,78,73,77,",",CAL,CNT,IOW,KTY,MAI,MRY,MAS,MIC,MSO,MNT,NEB,NEV,NWJ,NWM,NWY,NDA,OHI,ORE,PEN,RHO,SDA,VER,VRG,WAS,WVA,WYO,",",,CAL-OO,CNT-OO,IOW-OO,KTY-OO,MAI-OO,MAS-OO,MIC-OO,MNT-OO,MRY-OO,MSO-OO,NDA-OO,NEB-OO,NEV-OO,NWJ-OO,NWM-OO,NWY-OO,OHI-OO,ORE-OO,PEN-OO,RHO-OO,SDA-OO,VER-OO,VRG-OO,WAS-OO,WVA-OO,WYO-OO,"
"3383","Cynoglossum officinale","Cynoglossum officinale","invasive",",1,3,7,",",13,30,11,14,12,10,34,32,33,78,",",ALB,ALT,AUT,BLT,BLR,BGM,BUL,RUC,COR,CZE,DEN,RUE,FRA,GRB,GRC,HUN,IRN,IRE,IRK,ITA,KAZ,KGZ,KRA,KRY,NET,NCS,RUN,RUW,POL,ROM,RUS,SPA,SWE,SWI,TCS,TUR,TUE,UKR,WSB,YUG,GEO,FIN,GER,NOR,,",",,ALB-OO,ALT-OO,AUT-AU,BGM-BE,BLR-OO,BLT-ES,BLT-LA,BLT-LI,BUL-OO,COR-OO,CZE-CZ,CZE-SL,DEN-OO,FIN-OO,FRA-FR,GEO-OO,GER-OO,GRC-OO,HUN-OO,IRE-IR,IRK-OO,IRN-OO,ITA-IT,KAZ-OO,KGZ-OO,KRA-OO,KRY-OO,NCS-OO,NET-OO,NOR-OO,POL-OO,ROM-OO,RUC-OO,RUE-OO,RUN-OO,RUS-OO,RUW-OO,SPA-SP,SWE-OO,SWI-OO,TCS-AR,TCS-AZ,TUE-OO,TUR-OO,UKR-UK,WSB-OO,YUG-OO,",",7,1,3,",",71,72,10,31,78,76,73,75,74,77,",",ABT,BRC,MAN,NBR,NSC,ONT,QUE,SAS,DEN,NOR,KHA,SWE,ALA,ARK,ARI,CAL,COL,CNT,WDC,DEL,IOW,IDA,ILL,INI,KAN,KTY,MAS,MRY,MAI,MIC,MIN,MSO,MNT,NCA,NDA,NEB,NWH,NWJ,NWM,NEV,NWY,OHI,ORE,PEN,RHO,SDA,TEN,UTA,VRG,VER,WAS,WIS,WVA,WYO,",",ABT-OO,BRC-OO,MAN-OO,NBR-OO,NSC-OO,ONT-OO,QUE-OO,SAS-OO,DEN-OO,NOR-OO,KHA-OO,SWE-OO,ALA-OO,ARK-OO,ARI-OO,CAL-OO,COL-OO,CNT-OO,WDC-OO,DEL-OO,IOW-OO,IDA-OO,ILL-OO,INI-OO,KAN-OO,KTY-OO,MAS-OO,MRY-OO,MAI-OO,MIC-OO,MIN-OO,MSO-OO,MNT-OO,NCA-OO,NDA-OO,NEB-OO,NWH-OO,NWJ-OO,NWM-OO,NEV-OO,NWY-OO,OHI-OO,ORE-OO,PEN-OO,RHO-OO,SDA-OO,TEN-OO,UTA-OO,VRG-OO,VER-OO,WAS-OO,WIS-OO,WVA-OO,WYO-OO,,",",7,",",71,72,73,76,74,",",ABT,BRC,ONT,QUE,COL,MNT,NEV,ORE,SDA,WAS,WYO,",",,ABT-OO,BRC-OO,COL-OO,MNT-OO,NEV-OO,ONT-OO,ORE-OO,QUE-OO,SDA-OO,WAS-OO,WYO-OO,"
"3552","Danthonia decumbens","Danthonia decumbens","invasive",",1,2,3,7,",",13,20,11,21,14,12,10,27,33,34,78,",",ALB,ALG,AUT,AZO,BLT,BLR,BGM,BUL,CVI,RUC,COR,CZE,DEN,FIN,FRA,OFS,FOR,GER,GRB,GRC,HUN,ICE,IRE,ITA,KRY,MDR,MOR,NET,RUN,RUW,NOR,POL,POR,ROM,SAR,RUS,SPA,SWE,SWI,TCS,TUN,TUR,TUE,UKR,YUG,GEO,,",",,ALB-OO,ALG-OO,AUT-AU,AZO-OO,BGM-BE,BLR-OO,BLT-ES,BLT-LA,BLT-LI,BUL-OO,COR-OO,CVI-OO,CZE-CZ,CZE-SL,DEN-OO,FIN-OO,FOR-OO,FRA-FR,GEO-OO,GER-OO,GRC-OO,HUN-OO,ICE-OO,IRE-IR,ITA-IT,KRY-OO,MDR-OO,MOR-MO,NET-OO,NOR-OO,OFS-OO,POL-OO,POR-OO,ROM-OO,RUC-OO,RUN-OO,RUS-OO,RUW-OO,SAR-OO,SPA-SP,SWE-OO,SWI-OO,TCS-OO,TUE-OO,TUN-OO,TUR-OO,UKR-UK,YUG-CR,YUG-SL,",",5,7,3,1,2,",",50,71,72,33,51,14,28,76,73,21,",",TAS,VIC,BRC,NFL,NSC,TCS,CTM,RUC,STH,CAL,ORE,WAS,AZO,NZN,NZS,",",TAS-OO,VIC-OO,BRC-OO,NFL-NE,NSC-OO,TCS-GR,CTM-OO,RUC-OO,STH-OO,NFL-SP,CAL-OO,ORE-OO,WAS-OO,AZO-OO,NZN-OO,NZS-OO,,",",7,",",73,",",ORE,",",,ORE-OO,"
"3644","Desmodium incanum","Desmodium incanum","invasive",",8,7,",",85,80,83,84,81,82,79,78,",",AGE,AGW,BLZ,BOL,BZN,BZE,BZS,BZL,BZC,CAY,CPI,CLM,COS,CUB,DOM,ECU,ELS,FRG,GAL,GUY,HAI,HON,JAM,LEE,MXC,MXG,MXE,MXN,MXT,MXS,NLA,NIC,PAN,PAR,PER,PUE,SCA,SWC,SUR,TRT,TCI,URU,VEN,VNA,WIN,GUA,",",,AGE-OO,AGW-OO,BLZ-OO,BOL-OO,BZC-MS,BZC-MT,BZE-MA,BZL-OO,BZN-PA,BZS-OO,CAY-OO,CLM-OO,COS-OO,CPI-OO,CUB-OO,DOM-OO,ECU-OO,ELS-OO,FRG-OO,GAL-OO,GUA-OO,GUY-OO,HAI-HA,HON-OO,JAM-OO,LEE-AB,LEE-BV,LEE-GU,LEE-MO,LEE-SK,LEE-VI,MXC-OO,MXE-OO,MXG-OO,MXN-OO,MXS-OO,MXT-OO,NIC-OO,NLA-CU,PAN-OO,PAR-OO,PER-OO,PUE-OO,SCA-OO,SUR-OO,SWC-OO,TCI-OO,TRT-OO,URU-OO,VEN-OO,VNA-OO,WIN-BA,WIN-DO,WIN-GR,WIN-MA,WIN-SL,",",6,5,8,2,3,7,4,",",60,50,84,61,23,62,38,29,28,25,78,63,77,43,85,",",SAM,QLD,BZN,BZE,BZC,BZL,BZS,COO,TOK,FIJ,GAB,EQG,MRN,JAP,MDG,MRS,MAU,NFK,MRQ,ASC,STH,GGI,SEY,TON,TAN,ALA,HAW,REU,ROD,JAP,FLA,GEO,TEX,CRL,,LIN,NUE,SOL,WAL,URU,",",SAM-AS,QLD-QU,BZN-AC,BZE-AL,BZN-AM,BZN-AP,BZE-BA,BZE-CE,BZC-DF,BZL-ES,BZC-GO,BZE-MA,BZL-MG,BZC-MS,BZC-MT,BZN-PA,BZE-PB,BZE-PE,BZE-PI,BZS-PR,BZL-RJ,BZE-RN,BZN-RO,BZN-RM,BZS-RS,BZS-SC,BZE-SE,BZL-SP,BZN-TO,COO-OO,TOK-MA,FIJ-OO,GAB-OO,EQG-OO,MRN-GU,MDG-OO,MRS-OO,MRN-NM,MAU-OO,NFK-NI,MRQ-OO,ASC-OO,STH-OO,GGI-ST,SEY-OO,TON-OO,TAN-OO,ALA-OO,HAW-HI,REU-OO,ROD-OO,,CRL-MF,CRL-PA,FLA-OO,GEO-OO,HAW-OO,JAP-OO,LIN-KI,NFK-OO,NUE-OO,QLD-OO,SOL-OO,TEX-OO,URU-OO,WAL-OO,",",2,3,7,6,5,4,8,",",29,38,78,63,77,50,61,62,60,43,84,85,",",REU,JAP,FLA,GEO,HAW,TEX,QLD,COO,CRL,FIJ,,LIN,MRS,NUE,NFK,MRN,SOL,TON,WAL,BZE,BZC,BZN,URU,",",,BZC-MS,BZC-MT,BZE-MA,BZN-PA,COO-OO,CRL-MF,CRL-PA,FIJ-OO,FLA-OO,GEO-OO,HAW-OO,JAP-OO,LIN-KI,MRN-NM,MRS-OO,NFK-OO,NUE-OO,QLD-OO,REU-OO,SOL-OO,TEX-OO,TON-OO,URU-OO,WAL-OO,"
"3960","Echinochloa crus-pavonis","Echinochloa crus-pavonis","invasive",",4,2,3,8,7,",",41,26,40,22,27,23,24,36,25,80,81,71,79,,78,76,73,74,77,85,83,84,82,",",AND,ANG,ASS,BEN,BOT,BUR,CBD,CMN,CPP,CAF,CHA,CHN,CHC,CHS,ETH,GHA,GUI,GNB,CHH,IVO,KEN,NAT,LBR,MLW,MYA,NCB,NGR,NGA,RWA,SIE,SOM,SUD,TAN,TOG,UGA,VIE,ZAM,ZAI,CON,BLZ,BER,,BRC,COS,ELS,GUA,HON,NIC,PAN,ALA,ARI,ARK,CAL,COL,FLA,GEO,KAN,LOU,MRY,MSI,MSO,NWM,OKL,ORE,TEX,UTA,BOL,BZE,MXC,BZC,BZS,BZL,CLM,ECU,FRG,GUY,PER,SUR,URU,VEN,",",,ALA-OO,AND-AN,ANG-OO,ARI-OO,ARK-OO,ASS-AS,BEN-OO,BER-OO,BLZ-OO,BOL-OO,BOT-OO,BRC-OO,BUR-OO,BZC-MT,BZE-BA,BZL-SP,BZS-PR,BZS-SC,CAF-OO,CAL-OO,CBD-OO,CHA-OO,CHC-OO,CHH-OO,CHN-OO,CHS-OO,CLM-OO,CMN-OO,COL-OO,CON-OO,COS-OO,CPP-OO,ECU-OO,ELS-OO,ETH-OO,FLA-OO,FRG-OO,GEO-OO,GHA-OO,GNB-OO,GUA-OO,GUI-OO,GUY-OO,HON-OO,IVO-OO,KAN-OO,KEN-OO,NAT-OO,LBR-OO,LOU-OO,MLW-OO,MRY-OO,MSI-OO,MSO-OO,MXC-DF,MYA-OO,NCB-OO,NGA-OO,NGR-OO,NIC-OO,NWM-OO,OKL-OO,ORE-OO,PAN-OO,PER-OO,RWA-OO,SIE-OO,SOM-OO,SUD-OO,SUR-OO,TAN-OO,TEX-OO,TOG-OO,UGA-OO,URU-OO,UTA-OO,VEN-OO,VIE-OO,ZAI-OO,ZAM-OO,",",5,8,4,7,2,1,",",50,84,85,81,41,40,51,78,76,74,77,73,23,22,13,",",NSW,SOA,VIC,WAU,BZN,BZE,BZC,BZL,BZS,CLN,CLC,CLS,CUB,AND,IND,WIN,PUE,ALA,CAL,FLA,GEO,IOW,LOU,MRY,MSO,MSI,NWM,NEV,ORE,SCA,TEX,NZN,NZS,CMN,IVO,NGA,ITA,PAR,",",NSW-NS,SOA-OO,VIC-OO,WAU-WA,BZN-AC,BZN-AM,BZE-BA,BZE-CE,BZC-DF,BZL-ES,BZC-GO,BZL-MG,BZC-MS,BZC-MT,BZN-PA,BZE-PE,BZS-PR,BZL-RJ,BZE-RN,BZS-RS,BZS-SC,BZL-SP,CLN-TA,CLC-SA,CLC-LA,CLC-CO,CLC-MA,CLC-BI,CLC-VA,CLS-LL,CUB-OO,IND-GU,WIN-MA,PUE-OO,ALA-OO,CAL-OO,FLA-OO,GEO-OO,IOW-OO,LOU-OO,MRY-OO,MSO-OO,MSI-OO,NWM-OO,NEV-OO,ORE-OO,SCA-OO,TEX-OO,NZN-OO,NZS-OO,,CMN-OO,ITA-OO,IVO-OO,NGA-OO,PAR-OO,",",2,1,8,7,",",23,22,13,81,76,85,",",CMN,IVO,NGA,ITA,CUB,CAL,PAR,",",,CAL-OO,CMN-OO,CUB-OO,ITA-OO,IVO-OO,NGA-OO,PAR-OO,"
"3992","Echium plantagineum","Echium plantagineum","invasive",",1,2,3,7,",",13,20,21,12,34,14,35,33,78,10,",",ALB,ALG,AZO,BAL,BUL,CNY,COR,CYP,EAI,EGY,FRA,GRC,ITA,KRI,KRY,LBS,LBY,MDR,MOR,PAL,POR,SAR,SAU,SEL,RUS,SPA,TCS,TUN,TUR,TUE,YUG,GEO,SIC,GRB,",",,ALB-OO,ALG-OO,AZO-OO,BAL-OO,BUL-OO,CNY-OO,COR-OO,CYP-OO,EAI-OO,EGY-OO,FRA-CI,FRA-FR,GEO-OO,GRB-OO,GRC-OO,ITA-IT,KRI-OO,KRY-OO,LBS-LB,LBS-SY,LBY-OO,MDR-OO,MOR-MO,PAL-IS,PAL-JO,POR-OO,RUS-OO,SAR-OO,SAU-OO,SEL-OO,SIC-MA,SPA-GI,SPA-SP,TCS-OO,TUE-OO,TUN-OO,TUR-OO,YUG-BH,YUG-CR,YUG-MA,YUG-SE,YUG-SL,",",8,5,1,7,2,3,",",85,50,13,71,72,21,24,10,33,38,25,27,80,51,31,14,76,75,73,26,20,84,",",AGE,AGS,AGW,WAU,NSW,NTA,QLD,SOA,TAS,VIC,BUL,MAN,NFL,ONT,CLC,CNY,ETH,GRB,TCS,JAP,KEN,LES,NFK,NIC,MDR,KHA,TAN,UKR,URU,CAL,MAS,NWY,ORE,PEN,CPP,OFS,TVL,NAT,ZIM,AZO,NZN,NZS,ALG,,",",AGE-BA,AGE-CD,AGE-CN,AGE-ER,AGS-NE,AGW-SA,AGE-SF,AGS-TF,AGW-TU,WAU-WA,NSW-NS,NTA-OO,QLD-QU,SOA-OO,TAS-OO,VIC-OO,BUL-OO,MAN-OO,NFL-NE,ONT-OO,CLC-BI,CLC-OH,CLC-LA,CLC-MA,CNY-OO,ETH-OO,GRB-OO,TCS-GR,KEN-OO,LES-OO,NFK-NI,NIC-OO,MDR-OO,KHA-OO,TAN-OO,UKR-UK,URU-OO,CAL-OO,MAS-OO,NWY-OO,ORE-OO,PEN-OO,CPP-EC,OFS-OO,TVL-GA,NAT-OO,TVL-MP,CPP-NC,CPP-WC,ZIM-OO,AZO-OO,NZN-OO,NZS-OO,ALG-OO,,NSW-OO,WAU-OO,",",2,7,5,8,",",24,25,27,76,50,85,84,",",ETH,KEN,,TAN,CAL,NSW,SOA,TAS,VIC,WAU,URU,",",,CAL-OO,ETH-OO,KEN-OO,NSW-OO,SOA-OO,TAN-OO,TAS-OO,URU-OO,VIC-OO,WAU-OO,"
"4008","Elaeagnus angustifolia","Elaeagnus angustifolia","invasive",",3,4,1,7,",",34,30,40,14,36,32,37,41,33,78,",",AFG,ALT,ASS,RUC,CHN,CHS,EAI,RUE,CHI,IRN,KAZ,KGZ,LBS,CHM,,MON,MYA,NCS,PAK,PAL,CHQ,RUS,TZK,TCS,TUR,TKM,UKR,UZB,WHM,WSB,CHX,GEO,IND,BLR,",",,AFG-OO,ALT-OO,ASS-AS,BLR-OO,CHI-NX,CHM-LN,CHN-GS,CHN-HB,CHN-SA,CHN-SX,CHQ-OO,CHS-HE,CHX-OO,EAI-OO,GEO-OO,IND-OO,IRN-OO,KAZ-OO,KGZ-OO,LBS-OO,MON-OO,MYA-OO,NCS-OO,PAK-OO,PAL-OO,RUC-OO,RUE-OO,RUS-OO,TCS-AZ,TKM-OO,TUR-OO,TZK-OO,UKR-MO,UKR-UK,UZB-OO,WHM-OO,WSB-OO,",",1,8,7,3,2,6,",",13,85,11,81,71,72,34,20,12,14,79,21,31,30,10,78,76,73,75,74,77,83,,63,",",ALB,AGS,BGM,BUL,BER,ABT,BRC,MAN,NBR,ONT,QUE,CYP,ALG,SPA,COR,FRA,GRC,HUN,BLT,MOR,UKR,MXS,POL,MDR,ROM,KHA,RUC,ALT,WSB,CZE,YUG,SWE,TUN,ALA,ARK,ARI,CAL,COL,CNT,GEO,IOW,IDA,ILL,INI,KAN,KTY,LOU,MAS,MRY,MAI,MIC,MIN,MSO,MNT,NCA,NDA,NEB,NWH,NWJ,NWM,NEV,NWY,OHI,OKL,ORE,PEN,RHO,SDA,TEN,TEX,UTA,VRG,VER,WAS,WIS,WVA,WYO,AUT,BOL,GER,,HAW,",",ALB-OO,AGS-NE,AGS-RN,AGS-SC,BGM-BE,BUL-OO,BER-OO,ABT-OO,BRC-OO,MAN-OO,NBR-OO,ONT-OO,QUE-OO,CYP-OO,ALG-OO,SPA-SP,COR-OO,FRA-FR,GRC-OO,HUN-OO,BLT-LA,MOR-MO,UKR-MO,MXS-OA,POL-OO,MDR-OO,ROM-OO,KHA-OO,RUC-OO,ALT-OO,WSB-OO,CZE-SK,YUG-SL,SWE-OO,TUN-OO,UKR-UK,ALA-OO,ARK-OO,ARI-OO,CAL-OO,COL-OO,CNT-OO,GEO-OO,IOW-OO,IDA-OO,ILL-OO,INI-OO,KAN-OO,KTY-OO,LOU-OO,MAS-OO,MRY-OO,MAI-OO,MIC-OO,MIN-OO,MSO-OO,MNT-OO,NCA-OO,NDA-OO,NEB-OO,NWH-OO,NWJ-OO,NWM-OO,NEV-OO,NWY-OO,OHI-OO,OKL-OO,ORE-OO,PEN-OO,RHO-OO,SDA-OO,TEN-OO,TEX-OO,UTA-OO,VRG-OO,VER-OO,WAS-OO,WIS-OO,WVA-OO,WYO-OO,AUT-AU,BOL-OO,GER-OO,,HAW-OO,UKR-OO,",",1,7,6,8,",",13,71,,76,73,63,77,85,81,14,",",BUL,,BRC,ARI,CAL,COL,HAW,MNT,NWM,ORE,UTA,BER,GRC,UKR,",",,ARI-OO,BER-OO,BRC-OO,BUL-OO,CAL-OO,COL-OO,GRC-OO,HAW-OO,MNT-OO,NWM-OO,ORE-OO,UKR-OO,UTA-OO,"
"4013","Elaeagnus umbellata","Elaeagnus umbellata","invasive",",3,7,4,",",34,36,38,74,40,",",AFG,CHN,CHC,CHS,JAP,KOR,CHM,MIN,NEP,PAK,CHT,WHM,EHM,,IND,ASS,TAI,",",,AFG-OO,ASS-MA,CHC-HU,CHC-SC,CHC-YN,CHM-LN,CHN-GS,CHN-SA,CHN-SD,CHN-SX,CHS-JS,CHS-ZJ,CHT-OO,EHM-BH,IND-UP,JAP-HK,JAP-HN,JAP-KY,JAP-SH,KOR-NK,KOR-SK,MIN-OO,NEP-OO,PAK-OO,TAI-OO,WHM-HP,WHM-JK,",",1,7,6,3,2,8,4,",",11,71,72,12,10,62,13,78,73,75,63,74,33,21,81,,40,",",BGM,BRC,NBR,ONT,FRA,GRB,MRN,ITA,ALA,ARK,COL,CNT,WDC,DEL,FLA,GEO,HAW,IOW,ILL,INI,KAN,KTY,LOU,MAS,MRY,MAI,MIC,MIN,MSO,MSI,MNT,NCA,NEB,NWH,NWJ,NWY,OHI,OKL,ORE,PEN,RHO,SCA,TEN,VRG,VER,WAS,WIS,WVA,TCS,AZO,ABT,SAS,DOM,,IND,",",BGM-BE,BRC-OO,NBR-OO,ONT-OO,FRA-FR,GRB-OO,MRN-GU,ITA-IT,ALA-OO,ARK-OO,COL-OO,CNT-OO,WDC-OO,DEL-OO,FLA-OO,GEO-OO,HAW-HI,IOW-OO,ILL-OO,INI-OO,KAN-OO,KTY-OO,LOU-OO,MAS-OO,MRY-OO,MAI-OO,MIC-OO,MIN-OO,MSO-OO,MSI-OO,MNT-OO,NCA-OO,NEB-OO,NWH-OO,NWJ-OO,NWY-OO,OHI-OO,OKL-OO,ORE-OO,PEN-OO,RHO-OO,SCA-OO,TEN-OO,VRG-OO,VER-OO,WAS-OO,WIS-OO,WVA-OO,TCS-AR,AZO-OO,,ABT-OO,BGM-OO,DOM-OO,FRA-OO,HAW-OO,IND-OO,ITA-OO,SAS-OO,",",1,2,7,8,6,4,",",11,12,13,21,71,72,81,,78,75,63,74,40,",",BGM,FRA,ITA,AZO,ABT,ONT,SAS,DOM,,ALA,ARK,CNT,FLA,GEO,HAW,ILL,IOW,KTY,LOU,MAI,MAS,MIC,MSO,NEB,NWH,NWY,NCA,OHI,PEN,SCA,TEN,VER,VRG,WVA,WIS,IND,",",,ABT-OO,ALA-OO,ARK-OO,AZO-OO,BGM-OO,CNT-OO,DOM-OO,FLA-OO,FRA-OO,GEO-OO,HAW-OO,ILL-OO,IND-OO,IOW-OO,ITA-OO,KTY-OO,LOU-OO,MAI-OO,MAS-OO,MIC-OO,MSO-OO,NCA-OO,NEB-OO,NWH-OO,NWY-OO,OHI-OO,ONT-OO,PEN-OO,SAS-OO,SCA-OO,TEN-OO,VER-OO,VRG-OO,WIS-OO,WVA-OO,"
"4720","Festuca myuros","Festuca myuros","invasive",",3,1,2,4,7,",",34,13,20,11,21,12,36,40,24,32,25,38,14,33,35,78,10,",",AFG,ALB,ALG,AUT,AZO,BAL,BGM,BUL,CNY,CVI,CHS,COR,CYP,CZE,EAI,EHM,EGY,ERI,FRA,GER,GRC,HUN,IND,IRN,IRQ,ITA,KAZ,KEN,KGZ,KOR,KRI,KRY,LBS,LBY,MDR,MOR,NET,NCS,PAK,PAL,POL,POR,ROM,SAR,SAU,SIC,SIN,RUS,SPA,SRL,SWI,TZK,TAI,TAN,CHT,TCS,TUN,TUR,TUE,TKM,UKR,UZB,WHM,YUG,GEO,IRE,,GRB,",",,AFG-OO,ALB-OO,ALG-OO,AUT-AU,AZO-OO,BAL-OO,BGM-BE,BUL-OO,CHS-AH,CHS-FJ,CHS-JS,CHS-JX,CHS-ZJ,CHT-OO,CNY-OO,COR-OO,CVI-OO,CYP-OO,CZE-CZ,CZE-SL,EAI-OO,EGY-OO,EHM-BH,ERI-OO,FRA-FR,GEO-OO,GER-OO,GRB-OO,GRC-OO,HUN-OO,IND-OO,IRE-IR,IRN-OO,IRQ-OO,ITA-IT,KAZ-OO,KEN-OO,KGZ-OO,KOR-OO,KRI-OO,KRY-OO,LBS-LB,LBS-SY,LBY-OO,MDR-OO,MOR-MO,NCS-OO,NET-OO,PAK-OO,PAL-IS,PAL-JO,POL-OO,POR-OO,ROM-OO,RUS-OO,SAR-OO,SAU-OO,SIC-SI,SIN-OO,SPA-SP,SRL-OO,SWI-OO,TAI-OO,TAN-OO,TCS-AR,TCS-AZ,TKM-OO,TUE-OO,TUN-OO,TUR-OO,TZK-OO,UKR-UK,UZB-OO,WHM-OO,YUG-CR,YUG-MA,YUG-SE,YUG-SL,",",8,5,1,7,3,4,2,9,6,",",85,50,14,84,71,72,70,36,83,80,10,40,38,27,79,51,42,90,78,76,75,63,74,73,77,21,",",AGE,AGW,AGS,WAU,NSW,NTA,QLD,SOA,TAS,VIC,BLR,BZS,BRC,ONT,SAS,YUK,CLN,JNF,CLC,CLS,CHS,CHT,CLM,COS,GRB,WHM,JAP,KOR,SRL,LES,MXE,MXN,MXT,MXS,MXC,MXG,NFK,CTM,PHI,TDC,SWE,TAI,ASK,ALA,ARK,ARI,CAL,CNT,WDC,DEL,FLA,GEO,HAW,IOW,IDA,ILL,INI,KAN,KTY,LOU,MAS,MRY,MAI,MIC,MSO,MSI,MNT,NCA,NWH,NWJ,NWM,NEV,NWY,OHI,OKL,ORE,PEN,RHO,SCA,TEN,TEX,UTA,VRG,WAS,WIS,WVA,CPP,OFS,NAT,KER,PAR,AZO,ECU,BOL,NZN,NZS,PER,,JAP,",",AGE-BA,AGW-CA,AGS-CB,AGE-CD,AGE-CN,AGE-DF,AGE-ER,AGW-JU,AGE-LP,AGW-ME,AGS-NE,AGS-RN,AGS-SC,AGE-SF,AGW-SL,AGW-TU,WAU-WA,NSW-NS,NTA-OO,QLD-QU,SOA-OO,TAS-OO,VIC-OO,BLR-OO,BZS-RS,BZS-SC,BRC-OO,ONT-OO,SAS-OO,YUK-OO,CLN-AN,CLN-TA,JNF-OO,CLC-OH,CLC-SA,CLC-CO,CLC-LA,CLC-MA,CLC-BI,CLC-VA,CLS-LL,CHS-JS,CHS-ZJ,CHS-AH,CHS-FJ,CHS-JX,CHT-OO,CLM-OO,COS-OO,GRB-OO,WHM-HP,KOR-SK,SRL-OO,LES-OO,MXE-AG,MXN-BC,MXE-CU,MXT-CI,MXS-CL,MXC-DF,MXE-DU,MXS-GR,MXE-GU,MXE-HI,MXS-JA,MXC-ME,MXS-MI,MXC-MO,MXS-OA,MXC-PU,MXE-QU,MXE-SL,MXN-SO,MXC-TL,MXG-VC,MXE-ZA,NFK-NI,CTM-OO,PHI-OO,TDC-OO,SWE-OO,TAI-OO,ASK-OO,ALA-OO,ARK-OO,ARI-OO,CAL-OO,CNT-OO,WDC-OO,DEL-OO,FLA-OO,GEO-OO,HAW-HI,IOW-OO,IDA-OO,ILL-OO,INI-OO,KAN-OO,KTY-OO,LOU-OO,MAS-OO,MRY-OO,MAI-OO,MIC-OO,MSO-OO,MSI-OO,MNT-OO,NCA-OO,NWH-OO,NWJ-OO,NWM-OO,NEV-OO,NWY-OO,OHI-OO,OKL-OO,ORE-OO,PEN-OO,RHO-OO,SCA-OO,TEN-OO,TEX-OO,UTA-OO,VRG-OO,WAS-OO,WIS-OO,WVA-OO,CPP-EC,OFS-OO,NAT-OO,CPP-NC,CPP-WC,KER-OO,PAR-OO,MXN-BC,MXN-BS,AZO-OO,ECU-OO,BOL-OO,NZN-OO,NZS-OO,PER-OO,,HAW-MI,JAP-OO,NSW-OO,QLD-OO,WAU-OO,",",7,6,5,8,3,",",76,63,73,50,51,85,38,",",CAL,HAW,ORE,NSW,QLD,SOA,TAS,VIC,WAU,,KER,JAP,",",,CAL-OO,HAW-MI,JAP-OO,KER-OO,NSW-OO,ORE-OO,QLD-OO,SOA-OO,TAS-OO,VIC-OO,WAU-OO,"
"4815","Foeniculum vulgare","Foeniculum vulgare","invasive",",3,1,2,4,7,",",34,13,20,12,24,35,40,33,32,78,21,",",AFG,ALB,ALG,BAL,BUL,COR,CYP,EAI,EGY,ERI,ETH,FRA,GRC,GST,IRN,IRQ,ITA,KRI,LBS,LBY,MOR,NEP,NCS,PAK,PAL,POR,SAR,SAU,SIC,SIN,SPA,TZK,TCS,TUN,TUR,TUE,TKM,UZB,WHM,YEM,YUG,GEO,MDR,CNY,",",,AFG-OO,ALB-OO,ALG-OO,BAL-OO,BUL-OO,CNY-OO,COR-OO,CYP-OO,EAI-OO,EGY-OO,ERI-OO,ETH-OO,FRA-FR,GEO-OO,GRC-OO,GST-OO,IRN-OO,IRQ-OO,ITA-IT,KRI-OO,LBS-LB,LBS-SY,LBY-OO,MDR-OO,MOR-MO,NCS-OO,NEP-OO,PAK-OO,PAL-IS,PAL-JO,POR-OO,SAR-OO,SAU-OO,SIC-SI,SIN-OO,SPA-SP,TCS-OO,TKM-OO,TUE-OO,TUN-OO,TUR-OO,TZK-OO,UZB-OO,WHM-OO,YEM-OO,YUG-BH,YUG-CR,YUG-MN,",",2,8,5,1,7,3,6,4,",",26,85,50,11,13,81,84,71,72,36,23,83,21,24,10,62,42,38,25,27,14,79,51,35,78,76,75,63,74,77,73,33,29,60,61,41,",",ANG,AGE,AGW,AGS,NSW,QLD,SOA,TAS,VIC,WAU,BGM,BUL,LEE,BER,BZS,WIN,ABT,BRC,ONT,QUE,SWI,CLN,CLC,CLS,JNF,CHN,CHM,CHS,CHC,CHH,CHI,CHQ,CHX,CHT,CMN,CLM,CUB,CNY,ETH,GRB,MRN,HAI,IRE,JAP,KEN,KOR,AUT,LES,UKR,MXN,MXE,MXT,MXS,MXC,MXG,MOZ,NAM,CTM,PHI,PUE,GST,SAU,TAI,URU,ALA,ARI,CAL,CNT,DEL,FLA,GEO,HAW,IOW,ILL,INI,KAN,KTY,LOU,MAS,MRY,MAI,MIC,MSO,MSI,NCA,NEB,NWJ,NWM,NEV,NWY,OHI,ORE,PEN,RHO,SCA,TEN,TEX,UTA,VRG,WAS,WIS,WVA,CPP,TVL,NAT,KER,TCS,PAR,AZO,ECU,ROD,BOL,NZN,NZS,GER,PER,,FIJ,NWC,NUE,",",ANG-OO,AGE-BA,AGW-CA,AGE-CH,AGE-CD,AGE-CN,AGE-ER,AGW-JU,AGE-LP,AGW-ME,AGE-MI,AGS-RN,AGW-SA,AGW-SE,NSW-NS,QLD-QU,SOA-OO,TAS-OO,VIC-OO,WAU-WA,BGM-BE,BUL-OO,LEE-SM,BER-OO,BZS-PR,BZS-RS,BZS-SC,WIN-BA,ABT-OO,BRC-OO,ONT-OO,QUE-OO,SWI-OO,CLN-AN,CLN-TA,CLC-CO,CLC-OH,CLC-BI,CLC-LA,CLC-MA,CLN-AT,CLC-VA,CLS-LL,JNF-OO,CLC-SA,CHN-BJ,CHN-TJ,CHN-HB,CHN-SX,CHM-LN,CHM-JL,CHM-HJ,CHS-SH,CHS-JS,CHS-ZJ,CHS-AH,CHS-FJ,CHS-JX,CHN-SD,CHS-HE,CHC-HU,CHS-HN,CHS-GD,CHS-GX,CHH-OO,CHC-CQ,CHC-SC,CHC-GZ,CHC-YN,CHI-NM,CHN-SA,CHN-GS,CHQ-OO,CHI-NX,CHS-HK,CHS-MA,CHX-OO,CHT-OO,CMN-OO,CLM-OO,CUB-OO,CNY-OO,ETH-OO,GRB-OO,MRN-GU,HAI-HA,IRE-IR,KEN-OO,KOR-SK,AUT-LI,LES-OO,UKR-MO,MXN-BC,MXE-CU,MXT-CI,MXE-CO,MXS-CL,MXC-DF,MXS-GR,MXE-HI,MXS-JA,MXC-ME,MXS-MI,MXC-MO,MXS-NA,MXE-NL,MXS-OA,MXC-PU,MXE-QU,MXN-SI,MXE-SL,MXN-SO,MXT-TB,MXE-TA,MXG-VC,MOZ-OO,WIN-MA,NAM-OO,CTM-OO,PHI-OO,PUE-OO,GST-QA,SAU-OO,TAI-OO,UKR-UK,URU-OO,ALA-OO,ARI-OO,CAL-OO,CNT-OO,DEL-OO,FLA-OO,GEO-OO,HAW-HI,IOW-OO,ILL-OO,INI-OO,KAN-OO,KTY-OO,LOU-OO,MAS-OO,MRY-OO,MAI-OO,MIC-OO,MSO-OO,MSI-OO,NCA-OO,NEB-OO,NWJ-OO,NWM-OO,NEV-OO,NWY-OO,OHI-OO,ORE-OO,PEN-OO,RHO-OO,SCA-OO,TEN-OO,TEX-OO,UTA-OO,VRG-OO,LEE-VI,WAS-OO,WIS-OO,WVA-OO,WIN-SV,LEE-BV,CPP-EC,TVL-GA,NAT-OO,TVL-MP,CPP-NC,TVL-NW,CPP-WC,KER-OO,TCS-AR,PAR-OO,MXN-BC,AZO-OO,ECU-OO,ROD-OO,BOL-OO,NZN-OO,NZS-OO,GER-OO,PER-OO,,FIJ-OO,HAW-OO,NSW-OO,NUE-OO,NWC-OO,QLD-OO,",",2,8,7,6,5,4,",",24,25,81,76,63,50,60,61,51,85,41,79,",",ETH,KEN,CUB,CAL,HAW,,NSW,QLD,SOA,VIC,FIJ,NWC,NUE,",",,CAL-OO,CUB-OO,ETH-OO,FIJ-OO,HAW-OO,KEN-OO,NSW-OO,NUE-OO,NWC-OO,QLD-OO,SOA-OO,VIC-OO,"
"4830","Frangula alnus","Frangula alnus","invasive",",1,2,3,7,",",13,20,30,11,14,12,10,34,32,33,36,78,",",ALB,ALG,ALT,AUT,BLT,BLR,BGM,BUL,RUC,COR,CZE,DEN,RUE,FIN,FRA,GER,GRB,GRC,HUN,IRN,IRQ,IRE,ITA,KAZ,KRA,KRY,MOR,NET,NCS,RUN,RUW,NOR,POL,POR,ROM,RUS,SPA,SWE,SWI,TCS,TUN,TUR,TUE,TVA,UKR,WSB,CHX,YUG,GEO,LBS,,",",,ALB-OO,ALG-OO,ALT-OO,AUT-AU,BGM-BE,BLR-OO,BLT-ES,BLT-LA,BLT-LI,BUL-OO,CHX-OO,COR-OO,CZE-OO,DEN-OO,FIN-OO,FRA-FR,GEO-OO,GER-OO,GRC-OO,HUN-OO,IRE-IR,IRN-OO,IRQ-OO,ITA-IT,KAZ-OO,KRA-OO,KRY-OO,LBS-SY,MOR-MO,NCS-OO,NET-OO,NOR-OO,POL-OO,POR-OO,ROM-OO,RUC-OO,RUE-OO,RUN-OO,RUS-OO,RUW-OO,SPA-SP,SWE-OO,SWI-OO,TCS-AR,TCS-AZ,TUE-OO,TUN-OO,TUR-OO,TVA-OO,UKR-MO,UKR-UK,WSB-OO,YUG-BH,YUG-MA,YUG-SE,",",7,2,",",71,72,21,73,75,78,74,",",MAN,NBR,NSC,ONT,PEI,QUE,CNY,COL,CNT,DEL,IOW,IDA,ILL,INI,KTY,MAS,MRY,MAI,MIC,MIN,NCA,NEB,NWH,NWJ,NWY,OHI,PEN,RHO,TEN,VRG,VER,WIS,WVA,WYO,",",MAN-OO,NBR-OO,NSC-OO,ONT-OO,PEI-OO,QUE-OO,CNY-OO,COL-OO,CNT-OO,DEL-OO,IOW-OO,IDA-OO,ILL-OO,INI-OO,KTY-OO,MAS-OO,MRY-OO,MAI-OO,MIC-OO,MIN-OO,NCA-OO,NEB-OO,NWH-OO,NWJ-OO,NWY-OO,OHI-OO,PEN-OO,RHO-OO,TEN-OO,VRG-OO,VER-OO,WIS-OO,WVA-OO,WYO-OO,,",",7,",",71,72,73,75,74,78,",",MAN,NBR,NSC,ONT,PEI,QUE,COL,CNT,ILL,INI,IOW,KTY,MAI,MRY,MAS,MIC,MIN,NEB,NWH,NWJ,NWY,OHI,PEN,RHO,TEN,VER,WVA,WIS,WYO,",",,CNT-OO,COL-OO,ILL-OO,INI-OO,IOW-OO,KTY-OO,MAI-OO,MAN-OO,MAS-OO,MIC-OO,MIN-OO,MRY-OO,NBR-OO,NEB-OO,NSC-OO,NWH-OO,NWJ-OO,NWY-OO,OHI-OO,ONT-OO,PEI-OO,PEN-OO,QUE-OO,RHO-OO,TEN-OO,VER-OO,WIS-OO,WVA-OO,WYO-OO,"
"4945","Galinsoga parviflora","Galinsoga parviflora","invasive",",8,7,",",85,83,84,80,81,79,77,82,",",AGE,AGW,AGS,BOL,BZS,BZL,CLC,CLN,CLS,CLM,COS,DOM,ECU,ELS,HAI,JAM,JNF,LEE,MXC,MXG,MXE,MXN,MXT,MXS,NWM,PAR,PER,PUE,URU,VEN,WIN,,NIC,",",,AGE-OO,AGS-OO,AGW-OO,BOL-OO,BZL-OO,BZS-OO,CLC-OO,CLM-OO,CLN-OO,CLS-OO,COS-OO,DOM-OO,ECU-OO,ELS-OO,HAI-HA,JAM-OO,JNF-OO,LEE-OO,MXC-OO,MXE-OO,MXG-OO,MXN-OO,MXS-OO,MXT-OO,NIC-OO,NWM-OO,PAR-OO,PER-OO,PUE-OO,URU-OO,VEN-OO,WIN-OO,",",2,1,5,8,7,3,4,6,3,",",26,13,50,23,11,22,84,27,71,72,85,36,83,24,10,20,21,14,12,33,42,40,38,25,32,29,51,81,31,30,35,41,78,76,73,75,63,74,77,34,43,60,61,34,",",ANG,ALB,NSW,QLD,SOA,TAS,VIC,WAU,BUR,BGM,BEN,BUL,BZN,BZE,BZC,BZL,BZS,BOT,BRC,MAN,NBR,ONT,QUE,SWI,JNF,CLS,CHN,CHM,CHS,CHC,CHH,CHI,CHT,CMN,ZAI,CLM,CZE,DJI,DEN,ALG,EGY,ERI,CNY,BLT,ETH,COR,FRA,GRB,IRE,TCS,GRC,YUG,HUN,IND,EHM,ASS,WHM,ITA,SAR,SIC,JAP,KEN,KGZ,KOR,SRL,LES,UKR,MDG,MOZ,MAU,MLY,NAM,NFK,NET,NOR,NEP,CTM,PHI,POL,PUE,MDR,POR,ROM,KHA,RUC,KRA,WSB,BRY,RWA,SAU,GGI,SWE,SWZ,THA,TUN,TAI,TAN,ALA,ARI,CAL,COL,CNT,WDC,GEO,HAW,IOW,ILL,INI,KAN,KTY,MAS,MRY,MAI,MIC,MIN,MSO,MNT,NCA,NDA,NEB,NWH,NWJ,NWM,NWY,OHI,OKL,ORE,PEN,RHO,SCA,TEN,TEX,VRG,VER,WAS,WIS,WVA,YEM,CPP,OFS,TVL,NAT,ZAM,ZIM,TUR,AUT,NWG,REU,AZO,NZN,NZS,GER,CBD,,JAP,NTA,NWG,VAN,EAS,BLR,TUR,UZB,",",ANG-OO,ALB-OO,NSW-NS,QLD-QU,SOA-OO,TAS-OO,VIC-OO,WAU-WA,BUR-OO,BGM-BE,BEN-OO,BUL-OO,BZN-AC,BZE-BA,BZE-CE,BZC-DF,BZL-ES,BZC-GO,BZL-MG,BZC-MS,BZE-PE,BZS-PR,BZL-RJ,BZS-RS,BZS-SC,BZL-SP,BOT-OO,BRC-OO,MAN-OO,NBR-OO,ONT-OO,QUE-OO,SWI-OO,JNF-OO,CLS-MG,CHN-TJ,CHN-HB,CHN-SX,CHM-LN,CHM-JL,CHM-HJ,CHS-JS,CHS-AH,CHS-FJ,CHS-JX,CHN-SD,CHS-HE,CHC-HU,CHS-HN,CHS-GX,CHH-OO,CHC-SC,CHC-GZ,CHC-YN,CHI-NM,CHN-SA,CHT-OO,CMN-OO,ZAI-OO,CLM-OO,CZE-CZ,DJI-OO,DEN-OO,ALG-OO,EGY-OO,ERI-OO,CNY-OO,BLT-ES,ETH-OO,COR-OO,FRA-FR,GRB-OO,IRE-NI,TCS-GR,GRC-OO,YUG-CR,HUN-OO,IND-AP,EHM-AP,ASS-AS,IND-BI,IND-CH,IND-CT,IND-DE,IND-GO,IND-GU,IND-HA,WHM-HP,WHM-JK,IND-JK,IND-KT,IND-KE,IND-MR,ASS-MA,IND-MP,ASS-ME,ASS-MI,ASS-NA,IND-OR,IND-PO,IND-PU,IND-RA,EHM-SI,IND-TN,ASS-TR,WHM-UT,IND-UP,IND-WB,ITA-IT,SAR-OO,SIC-SI,FRA-CI,KEN-OO,KGZ-OO,KOR-SK,SRL-OO,LES-OO,BLT-LI,BGM-LU,BLT-LA,UKR-MO,MDG-OO,SIC-MA,MOZ-OO,MAU-OO,MLY-PM,NAM-OO,NFK-NI,NET-OO,NOR-OO,NEP-OO,CTM-OO,PHI-OO,POL-OO,PUE-OO,KOR-NK,MDR-OO,POR-OO,ROM-OO,KHA-OO,RUC-OO,KRA-OO,WSB-OO,BRY-OO,RWA-OO,SAU-OO,GGI-ST,CZE-SK,YUG-SL,SWE-OO,SWZ-OO,THA-OO,TUN-OO,TAI-OO,TAN-OO,UKR-UK,ALA-OO,ARI-OO,CAL-OO,COL-OO,CNT-OO,WDC-OO,GEO-OO,HAW-HI,IOW-OO,ILL-OO,INI-OO,KAN-OO,KTY-OO,MAS-OO,MRY-OO,MAI-OO,MIC-OO,MIN-OO,MSO-OO,MNT-OO,NCA-OO,NDA-OO,NEB-OO,NWH-OO,NWJ-OO,NWM-OO,NWY-OO,OHI-OO,OKL-OO,ORE-OO,PEN-OO,RHO-OO,SCA-OO,TEN-OO,TEX-OO,VRG-OO,VER-OO,WAS-OO,WIS-OO,WVA-OO,CPP-EC,OFS-OO,TVL-GA,NAT-OO,TVL-NP,TVL-MP,TVL-NW,CPP-WC,ZAM-OO,ZIM-OO,TCS-AR,AUT-AU,NWG-PN,REU-OO,AZO-OO,NZN-OO,NZS-OO,GER-OO,,BLR-OO,CBD-OO,CHN-BJ,CHS-HK,EAS-OO,HAW-OO,ITA-OO,JAP-OO,MLY-OO,NFK-LH,NSW-OO,NTA-OO,NWG-PN,QLD-OO,TUR-OO,UKR-OO,UZB-OO,VAN-OO,YUG-BH,",",2,3,4,7,6,5,8,1,",",29,33,41,36,40,38,42,71,72,76,73,75,63,74,77,50,51,43,60,85,61,26,14,13,11,25,32,12,34,,",",MAU,REU,TCS,CBD,CHN,CHS,CHC,CHH,CHT,EHM,WHM,ASS,IND,,JAP,MLY,PHI,THA,BRC,MAN,NBR,ONT,QUE,ARI,CAL,COL,CNT,HAW,ILL,MAS,MIC,MIN,NEB,NWH,NWM,NWY,NDA,PEN,RHO,TEX,VER,WAS,NFK,NSW,NTA,QLD,NWG,VAN,EAS,ANG,BLR,YUG,BUL,CZE,ITA,KEN,KGZ,BLT,MDG,POR,ROM,TUR,UKR,UZB,ZIM,",",,ANG-OO,ARI-OO,ASS-MA,ASS-ME,ASS-MI,ASS-NA,ASS-TR,BLR-OO,BLT-LA,BRC-OO,BUL-OO,CAL-OO,CBD-OO,CHC-GZ,CHC-SC,CHC-YN,CHH-OO,CHN-BJ,CHN-HB,CHS-GX,CHS-HK,CHT-OO,CNT-OO,COL-OO,CZE-CZ,EAS-OO,EHM-AP,EHM-SI,HAW-OO,ILL-OO,IND-UP,IND-WB,ITA-OO,JAP-OO,KEN-OO,KGZ-OO,MAN-OO,MAS-OO,MAU-OO,MDG-OO,MIC-OO,MIN-OO,MLY-OO,NBR-OO,NDA-OO,NEB-OO,NFK-LH,NSW-OO,NTA-OO,NWG-PN,NWH-OO,NWM-OO,NWY-OO,ONT-OO,PEN-OO,PHI-OO,POR-OO,QLD-OO,QUE-OO,REU-OO,RHO-OO,ROM-OO,TCS-AR,TEX-OO,THA-OO,TUR-OO,UKR-OO,UZB-OO,VAN-OO,VER-OO,WAS-OO,WHM-HP,WHM-JK,YUG-BH,ZIM-OO,"
"4946","Galinsoga quadriradiata","Galinsoga quadriradiata","invasive",",8,7,",",85,83,84,80,79,73,82,",",AGE,AGW,BOL,BZS,BZL,CLM,COS,ECU,ELS,GUA,HON,MXC,MXG,MXE,MXN,MXT,MXS,NIC,ORE,PAN,PER,VEN,",",,AGE-OO,AGW-OO,BOL-OO,BZL-OO,BZS-OO,CLM-OO,COS-OO,ECU-OO,ELS-OO,GUA-OO,HON-OO,MXC-OO,MXE-OO,MXG-OO,MXN-OO,MXS-OO,MXT-OO,NIC-OO,ORE-OO,PAN-OO,PER-OO,VEN-OO,",",1,8,7,3,2,4,5,6,3,",",11,13,84,71,72,36,23,21,81,10,12,14,24,33,40,38,22,51,31,30,27,41,78,73,75,63,74,26,34,83,32,42,79,76,34,",",BGM,BUL,BZE,BZS,BZL,ABT,BRC,MAN,NBR,NSC,ONT,PEI,QUE,SAS,SWI,CHS,CHC,CHT,CMN,ZAI,CVI,CZE,WIN,DEN,CNY,SPA,BLT,ETH,FRA,GRB,IRE,TCS,EQG,YUG,HUN,IND,ITA,SIC,JAP,KOR,UKR,NGA,NET,NOR,NEP,POL,PUE,MDR,POR,ROM,KHA,RUC,IRK,WSB,BRY,CTA,RWA,SWE,SWZ,THA,TAI,ALA,ARK,COL,CNT,WDC,DEL,FLA,GEO,HAW,IOW,ILL,INI,KAN,KTY,LOU,MAS,MRY,MAI,MIC,MIN,MSO,MNT,NCA,NDA,NEB,NWH,NWJ,NWY,OHI,OKL,ORE,PEN,RHO,SCA,SDA,TEN,VRG,VER,WAS,WIS,WVA,WYO,TVL,NAT,ZIM,TUR,KER,AUT,GAL,AZO,NZN,TZK,GER,CBD,EHM,ASS,WHM,JAP,PHI,RUS,,CAL,BLR,KGZ,TUR,",",BGM-BE,BUL-OO,BZE-BA,BZS-PR,BZL-RJ,BZS-RS,BZS-SC,BZL-SP,ABT-OO,BRC-OO,MAN-OO,NBR-OO,NSC-OO,ONT-OO,PEI-OO,QUE-OO,SAS-OO,SWI-OO,CHS-JX,CHC-SC,CHC-GZ,CHC-YN,CHT-OO,CMN-OO,ZAI-OO,CVI-OO,CZE-CZ,WIN-DO,DEN-OO,CNY-OO,SPA-SP,BLT-ES,ETH-OO,FRA-FR,GRB-OO,IRE-NI,TCS-GR,EQG-OO,YUG-CR,HUN-OO,IND-AP,IND-KT,IND-KE,IND-MR,IND-PO,IND-TN,IRE-IR,ITA-IT,SIC-SI,FRA-CI,KOR-SK,BLT-LI,BGM-LU,BLT-LA,UKR-MO,SIC-MA,WIN-MA,NGA-OO,NET-OO,NOR-OO,NEP-OO,POL-OO,PUE-OO,MDR-OO,POR-OO,ROM-OO,KHA-OO,RUC-OO,IRK-OO,WSB-OO,BRY-OO,CTA-OO,RWA-OO,CZE-SK,YUG-SL,SWE-OO,SWZ-OO,THA-OO,TAI-OO,UKR-UK,ALA-OO,ARK-OO,COL-OO,CNT-OO,WDC-OO,DEL-OO,FLA-OO,GEO-OO,HAW-HI,IOW-OO,ILL-OO,INI-OO,KAN-OO,KTY-OO,LOU-OO,MAS-OO,MRY-OO,MAI-OO,MIC-OO,MIN-OO,MSO-OO,MNT-OO,NCA-OO,NDA-OO,NEB-OO,NWH-OO,NWJ-OO,NWY-OO,OHI-OO,OKL-OO,ORE-OO,PEN-OO,RHO-OO,SCA-OO,SDA-OO,TEN-OO,VRG-OO,VER-OO,WAS-OO,WIS-OO,WVA-OO,WYO-OO,TVL-GA,NAT-OO,TVL-NP,TVL-MP,TVL-NW,ZIM-OO,KER-OO,TCS-AR,AUT-AU,GAL-OO,AZO-OO,NZN-OO,TZK-OO,GER-OO,,ASS-AS,ASS-MA,ASS-ME,ASS-MI,ASS-NA,ASS-TR,BGM-OO,BLR-OO,CAL-OO,CBD-OO,CZE-SL,EHM-AP,EHM-SI,HAW-OO,IND-OO,ITA-OO,JAP-OO,KGZ-OO,PHI-OO,RUS-OO,TUR-OO,WHM-HP,WHM-JK,WHM-UT,YUG-BH,",",4,3,1,7,8,6,",",41,36,40,38,42,11,13,10,14,71,72,79,81,78,76,73,75,63,74,83,32,34,",",CBD,CHS,CHC,IND,EHM,ASS,WHM,JAP,PHI,TAI,BGM,YUG,CZE,DEN,GER,NET,POL,RUC,RUS,ABT,BRC,MAN,NBR,NSC,ONT,PEI,QUE,SAS,,PUE,ALA,ARK,CAL,COL,CNT,DEL,WDC,FLA,GEO,HAW,ILL,INI,IOW,KAN,KTY,LOU,MAI,MRY,MAS,MIC,MIN,MSO,MNT,NEB,NWH,NWJ,NWY,NCA,NDA,OHI,ORE,PEN,RHO,SCA,TEN,VER,VRG,WAS,WVA,WIS,GAL,BLR,ITA,KGZ,ROM,TUR,",",,ABT-OO,ALA-OO,ARK-OO,ASS-AS,ASS-MA,ASS-ME,ASS-MI,ASS-NA,ASS-TR,BGM-OO,BLR-OO,BRC-OO,CAL-OO,CBD-OO,CHC-SC,CHS-JX,CNT-OO,COL-OO,CZE-CZ,CZE-SL,DEL-OO,DEN-OO,EHM-AP,EHM-SI,FLA-OO,GAL-OO,GEO-OO,GER-OO,HAW-OO,ILL-OO,IND-OO,INI-OO,IOW-OO,ITA-OO,JAP-OO,KAN-OO,KGZ-OO,KTY-OO,LOU-OO,MAI-OO,MAN-OO,MAS-OO,MIC-OO,MIN-OO,MNT-OO,MRY-OO,MSO-OO,NBR-OO,NCA-OO,NDA-OO,NEB-OO,NET-OO,NSC-OO,NWH-OO,NWJ-OO,NWY-OO,OHI-OO,ONT-OO,ORE-OO,PEI-OO,PEN-OO,PHI-OO,POL-OO,PUE-OO,QUE-OO,RHO-OO,ROM-OO,RUC-OO,RUS-OO,SAS-OO,SCA-OO,TAI-OO,TEN-OO,TUR-OO,VER-OO,VRG-OO,WAS-OO,WDC-OO,WHM-HP,WHM-JK,WHM-UT,WIS-OO,WVA-OO,YUG-BH,YUG-CR,"
"5143","Gleditsia triacanthos","Gleditsia triacanthos","invasive",",7,",",78,75,74,79,76,77,73,",",ALA,ARK,CNT,DEL,FLA,GEO,ILL,INI,IOW,KAN,KTY,LOU,MAI,MRY,MAS,MXE,MXN,MIC,MIN,MSI,MSO,NEB,NEV,NWH,NWJ,NWY,NCA,NDA,OHI,OKL,PEN,RHO,SCA,SDA,TEN,TEX,UTA,VER,VRG,WVA,WIS,WYO,,",",,ALA-OO,ARK-OO,CNT-OO,DEL-OO,FLA-OO,GEO-OO,ILL-OO,INI-OO,IOW-OO,KAN-OO,KTY-OO,LOU-OO,MAI-OO,MAS-OO,MIC-OO,MIN-OO,MRY-OO,MSI-OO,MSO-OO,MXE-OO,MXN-OO,NCA-OO,NDA-OO,NEB-OO,NEV-OO,NWH-OO,NWJ-OO,NWY-OO,OHI-OO,OKL-OO,PEN-OO,RHO-OO,SCA-OO,SDA-OO,TEN-OO,TEX-OO,UTA-OO,VER-OO,VRG-OO,WIS-OO,WVA-OO,WYO-OO,",",8,5,1,7,3,2,",",85,50,13,71,72,34,12,33,22,27,14,79,26,11,76,73,75,78,77,32,",",AGE,NSW,QLD,SOA,VIC,WAU,BUL,BRC,NSC,PEI,QUE,CYP,BAL,SPA,COR,FRA,TCS,GHA,YUG,ITA,LES,UKR,MXC,MXE,MOZ,POR,ROM,RUC,CZE,URU,ARI,CAL,COL,CNT,WDC,DEL,IDA,MAS,MAI,MNT,NWH,NWJ,NWM,NEV,NWY,ORE,RHO,UTA,VER,WAS,WYO,CPP,OFS,TVL,NAT,GER,,TUR,TKM,",",AGE-BA,NSW-NS,QLD-QU,SOA-OO,VIC-OO,WAU-WA,BUL-OO,BRC-OO,NSC-OO,PEI-OO,QUE-OO,CYP-OO,BAL-OO,SPA-SP,COR-OO,FRA-FR,TCS-GR,GHA-OO,YUG-CR,ITA-IT,LES-OO,UKR-MO,MXC-DF,MXE-TA,MOZ-OO,POR-OO,ROM-OO,RUC-OO,CZE-SK,YUG-SL,UKR-UK,URU-OO,ARI-OO,CAL-OO,COL-OO,CNT-OO,WDC-OO,DEL-OO,IDA-OO,MAS-OO,MAI-OO,MNT-OO,NWH-OO,NWJ-OO,NWM-OO,NEV-OO,NWY-OO,ORE-OO,RHO-OO,UTA-OO,VER-OO,WAS-OO,WYO-OO,CPP-EC,OFS-OO,TVL-GA,NAT-OO,TVL-NP,TVL-MP,CPP-NC,TVL-NW,CPP-WC,TCS-AR,GER-OO,,NSW-OO,QLD-OO,TKM-OO,TUR-OO,WAU-OO,YUG-SE,",",7,5,8,1,3,",",76,75,50,85,13,34,32,",",CAL,NWY,NSW,QLD,VIC,WAU,,YUG,TUR,TKM,",",,CAL-OO,NSW-OO,NWY-OO,QLD-OO,TKM-OO,TUR-OO,VIC-OO,WAU-OO,YUG-SE,"
"5351","Hedera helix","Hedera helix","invasive",",1,3,2,7,4,8,",",13,11,12,14,10,34,33,20,78,41,21,83,",",ALB,AUT,BAL,BLT,BLR,BGM,BUL,RUC,COR,CZE,DEN,EAI,FRA,GER,GRB,GRC,HUN,IRE,ITA,KRI,NET,NCS,RUW,NOR,POL,POR,ROM,SAR,SIC,RUS,SPA,SWE,SWI,TUR,TUE,UKR,YUG,ALG,LBY,MOR,TUN,TCS,GEO,PAL,LBS,VIE,CYP,AZO,MDR,CNY,BOL,ECU,",",,ALB-OO,ALG-OO,AUT-AU,AUT-LI,AZO-OO,BAL-OO,BGM-BE,BGM-LU,BLR-OO,BLT-ES,BLT-LA,BLT-LI,BOL-OO,BUL-OO,CNY-OO,COR-OO,CYP-OO,CZE-CZ,CZE-SL,DEN-OO,EAI-OO,ECU-OO,FRA-CI,FRA-FR,GEO-OO,GER-OO,GRC-OO,HUN-OO,IRE-IR,ITA-IT,KRI-OO,LBS-LB,LBS-SY,LBY-OO,MDR-OO,MOR-OO,NCS-OO,NET-OO,NOR-OO,PAL-IS,POL-OO,POR-OO,ROM-OO,RUC-OO,RUS-OO,RUW-OO,SAR-OO,SIC-SI,SPA-AN,SPA-SP,SWE-OO,SWI-OO,TCS-AR,TUE-OO,TUN-OO,TUR-OO,UKR-MO,UKR-UK,VIE-OO,YUG-BH,YUG-CR,YUG-MA,YUG-SL,",",8,5,7,1,4,2,6,3,",",85,50,71,72,83,10,40,14,79,51,23,78,76,63,73,74,75,77,27,34,",",AGE,AGW,NSW,SOA,TAS,VIC,WAU,BRC,NSC,CLM,GRB,EHM,ASS,WHM,IND,BLT,MXT,MXC,MXS,MXG,CTM,RWA,GGI,URU,ALA,ARK,ARI,CAL,WDC,DEL,FLA,GEO,HAW,IDA,ILL,INI,KTY,LOU,MAS,MRY,MSO,MSI,NCA,NWJ,NWM,NEV,NWY,OHI,ORE,PEN,RHO,SCA,TEN,TEX,VRG,WAS,WVA,CPP,ECU,BOL,NZN,NZS,PER,DEN,ONT,,TUR,",",AGE-BA,AGW-SA,NSW-NS,SOA-OO,TAS-OO,VIC-OO,WAU-WA,BRC-OO,NSC-OO,CLM-OO,GRB-OO,EHM-AP,ASS-AS,WHM-HP,WHM-JK,IND-MR,ASS-MA,ASS-ME,ASS-MI,ASS-NA,IND-PU,EHM-SI,IND-TN,ASS-TR,WHM-UT,IND-WB,BLT-LA,MXT-CI,MXC-DF,MXC-ME,MXS-NA,MXC-PU,MXG-VC,CTM-OO,RWA-OO,GGI-ST,URU-OO,ALA-OO,ARK-OO,ARI-OO,CAL-OO,WDC-OO,DEL-OO,FLA-OO,GEO-OO,HAW-HI,IDA-OO,ILL-OO,INI-OO,KTY-OO,LOU-OO,MAS-OO,MRY-OO,MSO-OO,MSI-OO,NCA-OO,NWJ-OO,NWM-OO,NEV-OO,NWY-OO,OHI-OO,ORE-OO,PEN-OO,RHO-OO,SCA-OO,TEN-OO,TEX-OO,VRG-OO,WAS-OO,WVA-OO,CPP-EC,CPP-WC,ECU-OO,BOL-OO,NZN-OO,NZS-OO,PER-OO,,DEN-OO,HAW-OO,NSW-OO,ONT-OO,TUR-OO,",",1,7,6,5,8,3,",",10,71,72,76,63,73,50,51,85,83,79,34,",",DEN,BRC,ONT,CAL,HAW,ORE,,NSW,VIC,CLM,TUR,",",,BRC-OO,CAL-OO,CLM-OO,DEN-OO,HAW-OO,NSW-OO,ONT-OO,ORE-OO,TUR-OO,VIC-OO,"
"5366","Helenium amarum","Helenium amarum","invasive",",7,8,",",78,76,81,75,74,79,77,,",",ALA,ARK,CAL,CAY,WDC,DOM,FLA,GEO,INI,KAN,LOU,MXE,MIC,MSI,MSO,NCA,OKL,PEN,SCA,TEN,TEX,VRG,,ILL,NEB,",",,ALA-OO,ARK-OO,CAL-OO,CAY-OO,DOM-OO,FLA-OO,GEO-OO,ILL-OO,INI-OO,KAN-OO,LOU-OO,MIC-OO,MSI-OO,MSO-OO,MXE-OO,NCA-OO,NEB-OO,OKL-OO,PEN-OO,SCA-OO,TEN-OO,TEX-OO,VRG-OO,WDC-OO,",",5,8,7,3,",",50,81,85,78,76,75,74,38,",",QLD,BER,CUB,URU,ALA,ARK,CAL,CNT,FLA,GEO,IOW,ILL,INI,KAN,KTY,MAS,MRY,MIC,MSO,MSI,NCA,NWY,OHI,OKL,PEN,SCA,TEN,VRG,WIS,JAP,",",QLD-QU,BER-OO,CUB-OO,URU-OO,ALA-OO,ARK-OO,CAL-OO,CNT-OO,FLA-OO,GEO-OO,IOW-OO,ILL-OO,INI-OO,KAN-OO,KTY-OO,MAS-OO,MRY-OO,MIC-OO,MSO-OO,MSI-OO,NCA-OO,NWY-OO,OHI-OO,OKL-OO,PEN-OO,SCA-OO,TEN-OO,VRG-OO,WIS-OO,,",",8,7,",",81,76,",",BER,CUB,CAL,",",,BER-OO,CAL-OO,CUB-OO,"
"5378","Helianthus ciliaris","Helianthus ciliaris","invasive",",7,",",76,73,74,79,77,",",ARI,CAL,COL,ILL,KAN,MXE,MXN,NEB,NEV,NWM,OKL,TEX,UTA,,",",,ARI-OO,CAL-OO,COL-OO,ILL-OO,KAN-OO,MXE-OO,MXN-OO,NEB-OO,NEV-OO,NWM-OO,OKL-OO,TEX-OO,UTA-OO,",",5,7,",",50,73,74,76,79,77,",",NSW,COL,ILL,UTA,,CAL,KAN,TEX,QLD,",",NSW-NS,COL-OO,ILL-OO,UTA-OO,,CAL-OO,KAN-OO,NSW-OO,QLD-OO,TEX-OO,",",7,5,",",79,76,74,77,50,",",,CAL,ILL,KAN,TEX,NSW,QLD,",",,CAL-OO,ILL-OO,KAN-OO,NSW-OO,QLD-OO,TEX-OO,"
"5451","Helminthotheca echioides","Helminthotheca echioides","invasive",",1,2,3,7,",",13,20,21,12,14,34,11,33,32,78,",",ALB,ALG,AZO,BAL,BLT,BLR,BUL,CNY,CVI,COR,CYP,CZE,EAI,EGY,FRA,GRC,IRN,IRQ,ITA,KRI,KRY,LBS,LBY,MDR,MOR,NCS,PAL,POR,SAR,SIC,SPA,TCS,TUN,TUR,TUE,TKM,UKR,YUG,GEO,AUT,NET,,SWI,",",,ALB-OO,ALG-OO,AUT-OO,AZO-OO,BAL-OO,BLR-OO,BLT-OO,BUL-OO,CNY-OO,COR-OO,CVI-OO,CYP-OO,CZE-OO,EAI-OO,EGY-OO,FRA-CI,FRA-FR,FRA-MO,GEO-OO,GRC-OO,IRN-OO,IRQ-OO,ITA-IT,KRI-OO,KRY-OO,LBS-LB,LBS-SY,LBY-OO,MDR-OO,MOR-MO,NCS-OO,NET-OO,PAL-IS,PAL-JO,POR-OO,SAR-OO,SIC-MA,SIC-SI,SPA-SP,SWI-OO,TCS-AZ,TKM-OO,TUE-OO,TUN-OO,TUR-OO,UKR-UK,YUG-BH,YUG-CR,YUG-MN,YUG-SE,YUG-SL,",",8,5,1,7,2,3,",",85,50,13,14,71,72,10,21,11,38,20,79,51,76,75,78,74,73,27,",",AGE,AGW,AGS,NSW,QLD,SOA,TAS,VIC,WAU,BUL,BLR,ABT,BRC,NBR,NSC,ONT,QUE,SAS,CLN,CLS,CLC,DEN,CNY,GRB,HUN,JAP,MOR,MXN,MXE,MXC,MXS,CTM,POL,CZE,URU,CAL,CNT,WDC,IOW,ILL,MAS,MRY,MAI,MSO,MNT,NDA,NWJ,NEV,NWY,OHI,ORE,PEN,VRG,VER,WAS,CPP,OFS,TVL,NAT,AUT,AZO,NZN,NZS,GER,",",AGE-BA,AGE-ER,AGW-ME,AGS-RN,AGW-SL,NSW-NS,QLD-QU,SOA-OO,TAS-OO,VIC-OO,WAU-WA,BUL-OO,BLR-OO,ABT-OO,BRC-OO,NBR-OO,NSC-OO,ONT-OO,QUE-OO,SAS-OO,CLN-TA,CLS-LL,CLC-CO,CLC-OH,CLC-BI,CLN-AT,CLC-MA,CLC-LA,CLC-VA,CLC-SA,DEN-OO,CNY-OO,GRB-OO,HUN-OO,MOR-MO,MXN-BC,MXE-CO,MXC-DF,MXE-GU,MXE-HI,MXC-ME,MXS-MI,MXC-PU,MXE-QU,MXE-SL,CTM-OO,POL-OO,CZE-SK,URU-OO,CAL-OO,CNT-OO,WDC-OO,IOW-OO,ILL-OO,MAS-OO,MRY-OO,MAI-OO,MSO-OO,MNT-OO,NDA-OO,NWJ-OO,NEV-OO,NWY-OO,OHI-OO,ORE-OO,PEN-OO,VRG-OO,VER-OO,WAS-OO,CPP-EC,OFS-OO,TVL-GA,NAT-OO,TVL-NW,CPP-WC,AUT-AU,MXN-BC,AZO-OO,NZN-OO,NZS-OO,GER-OO,,",",7,8,",",76,85,79,",",CAL,,",",,CAL-OO,"
"5471","Heracleum mantegazzianum","Heracleum mantegazzianum","invasive",",3,7,1,",",33,78,14,",",NCS,TCS,GEO,,RUS,",",,GEO-OO,NCS-OO,RUS-OO,TCS-OO,",",1,7,5,",",11,71,72,10,12,13,14,51,75,74,78,73,,",",BGM,BRC,NBR,NFL,NSC,ONT,QUE,SWI,CZE,DEN,FIN,FRA,GRB,IRE,HUN,ICE,ITA,BLT,SIC,NET,NOR,POL,RUW,RUC,YUG,SWE,UKR,CNT,ILL,INI,MAS,MAI,MIC,NCA,NWJ,NWY,ORE,PEN,VER,WAS,AUT,NZN,NZS,GER,,BLR,",",BGM-BE,BRC-OO,NBR-OO,NFL-NE,NSC-OO,ONT-OO,QUE-OO,SWI-OO,CZE-CZ,DEN-OO,FIN-OO,FRA-FR,GRB-OO,IRE-NI,HUN-OO,IRE-IR,ICE-OO,ITA-IT,FRA-CI,BGM-LU,BLT-LA,SIC-MA,NET-OO,NOR-OO,POL-OO,RUW-OO,RUC-OO,CZE-SK,YUG-SL,SWE-OO,UKR-UK,CNT-OO,ILL-OO,INI-OO,MAS-OO,MAI-OO,MIC-OO,NCA-OO,NWJ-OO,NWY-OO,ORE-OO,PEN-OO,VER-OO,WAS-OO,AUT-AU,NZN-OO,NZS-OO,GER-OO,,AUT-LI,BLR-OO,BLT-ES,CZE-SL,FRA-OO,ITA-OO,",",1,7,5,",",11,10,12,13,71,72,,75,73,14,51,",",AUT,BGM,CZE,DEN,FIN,FRA,GER,HUN,IRE,ITA,NET,NOR,SWE,SWI,GRB,,BRC,NBR,NSC,ONT,QUE,MAI,MIC,NWY,PEN,WAS,BLR,BLT,",",,AUT-LI,BGM-LU,BLR-OO,BLT-ES,BRC-OO,CZE-CZ,CZE-SL,DEN-OO,FIN-OO,FRA-OO,GER-OO,GRB-OO,HUN-OO,IRE-IR,ITA-OO,MAI-OO,MIC-OO,NBR-OO,NET-OO,NOR-OO,NSC-OO,NWY-OO,ONT-OO,PEN-OO,QUE-OO,SWE-OO,SWI-OO,WAS-OO,"
"5709","Hirschfeldia incana","Hirschfeldia incana","invasive",",1,2,3,7,",",13,20,12,21,34,14,33,35,78,32,10,",",ALB,ALG,BAL,CNY,COR,CYP,EAI,FRA,GRC,IRN,IRQ,ITA,KRI,KRY,LBS,LBY,MDR,MOR,NCS,PAL,POR,SAR,SAU,SIC,SPA,TCS,TUN,TUR,TUE,YUG,GEO,KGZ,YEM,FIN,,SWE,UKR,",",,ALB-OO,ALG-OO,BAL-OO,CNY-OO,COR-OO,CYP-OO,EAI-OO,FIN-OO,FRA-FR,GEO-OO,GRC-OO,IRN-OO,IRQ-OO,ITA-IT,KGZ-OO,KRI-OO,KRY-OO,LBS-LB,LBS-SY,LBY-OO,MDR-OO,MOR-MO,NCS-OO,PAL-IS,PAL-JO,POR-OO,SAR-OO,SAU-OO,SIC-SI,SPA-SP,SWE-OO,TCS-AR,TCS-AZ,TUE-OO,TUN-OO,TUR-OO,UKR-OO,YEM-OO,YUG-CR,",",8,5,1,2,3,7,6,",",85,50,11,14,83,10,21,12,38,79,51,20,76,63,73,27,",",AGE,AGS,AGW,NSW,QLD,SOA,TAS,VIC,WAU,BGM,BLR,BOL,CLC,JNF,DEN,CNY,GRB,IRE,FRA,JAP,BLT,MXN,MXC,MXS,NET,NOR,RUC,TUN,UKR,ARI,CAL,HAW,NEV,ORE,CPP,NZN,NZS,GER,",",AGE-BA,AGS-CB,AGE-CD,AGE-CN,AGE-ER,AGE-LP,AGW-ME,AGS-NE,AGS-RN,AGW-SA,AGS-SC,AGW-SE,AGE-SF,AGW-SJ,AGW-SL,AGW-TU,NSW-NS,QLD-QU,SOA-OO,TAS-OO,VIC-OO,WAU-WA,BGM-BE,BLR-OO,BOL-OO,CLC-CO,JNF-OO,CLC-VA,CLC-SA,DEN-OO,CNY-OO,GRB-OO,IRE-NI,IRE-IR,FRA-CI,BLT-LI,MXN-BC,MXC-DF,MXC-ME,MXS-OA,MXC-PU,MXC-TL,NET-OO,NOR-OO,RUC-OO,TUN-OO,UKR-UK,ARI-OO,CAL-OO,HAW-HI,NEV-OO,ORE-OO,CPP-EC,CPP-WC,MXN-BC,NZN-OO,NZS-OO,GER-OO,,HAW-OO,",",7,6,8,",",76,63,85,79,",",CAL,HAW,,",",,CAL-OO,HAW-OO,"
"5716","Holcus lanatus","Holcus lanatus","invasive",",1,2,3,7,",",13,20,11,21,12,14,10,34,33,78,",",ALB,ALG,AUT,AZO,BAL,BLT,BLR,BGM,BUL,CNY,RUC,COR,CZE,DEN,FRA,FOR,GER,GRB,GRC,HUN,IRE,ITA,KRI,KRY,LBS,MDR,MOR,NET,NCS,RUW,NOR,POL,POR,ROM,SAR,SEL,SIC,RUS,SPA,SWE,SWI,TCS,TUN,TUR,TUE,UKR,YUG,GEO,,",",,ALB-OO,ALG-OO,AUT-AU,AZO-OO,BAL-OO,BGM-BE,BLR-OO,BLT-ES,BLT-LA,BLT-LI,BUL-OO,CNY-OO,COR-OO,CZE-CZ,CZE-SL,DEN-OO,FOR-OO,FRA-FR,GEO-OO,GER-OO,GRC-OO,HUN-OO,IRE-IR,ITA-IT,KRI-OO,KRY-OO,LBS-LB,MDR-OO,MOR-MO,NCS-OO,NET-OO,NOR-OO,POL-OO,POR-OO,ROM-OO,RUC-OO,RUS-OO,RUW-OO,SAR-OO,SEL-OO,SIC-SI,SPA-SP,SWE-OO,SWI-OO,TCS-AZ,TUE-OO,TUN-OO,TUR-OO,UKR-UK,YUG-BH,YUG-CR,YUG-SE,YUG-SL,",",8,5,7,3,2,9,1,4,6,",",85,50,84,71,72,70,36,83,80,21,90,10,33,38,27,79,26,51,42,81,31,14,28,20,78,76,73,75,63,74,77,82,29,",",AGE,AGS,NSW,QLD,SOA,TAS,VIC,WAU,BZS,BZL,ABT,BRC,NBR,NFL,NSC,NWT,ONT,QUE,SAS,CLS,CLC,CHS,CHC,CLM,COS,CNY,CRZ,KEG,FOR,TCS,JAP,KOR,LES,MXE,MXT,MXC,MXS,MXG,MOZ,ATP,CTM,PAN,PHI,PUE,MDR,KUR,RUC,TDC,STH,TUN,TAI,URU,ASK,ALA,ARK,ARI,CAL,COL,CNT,WDC,DEL,FLA,GEO,HAW,IOW,IDA,ILL,INI,KAN,KTY,LOU,MAS,MRY,MAI,MIC,MSO,MSI,MNT,NCA,NDA,NWH,NWJ,NWM,NEV,NWY,OHI,OKL,ORE,PEN,RHO,SCA,TEN,TEX,UTA,VRG,VER,WAS,WIS,WVA,VEN,CPP,TVL,NAT,MXN,AZO,ECU,BOL,NZN,NZS,PER,,DEN,SWE,MIN,KER,COM,JAP,",",AGE-BA,AGS-CB,AGS-NE,AGS-RN,AGS-SC,AGS-TF,NSW-NS,QLD-QU,SOA-OO,TAS-OO,VIC-OO,WAU-WA,BZS-RS,BZS-SC,BZL-SP,ABT-OO,BRC-OO,NBR-OO,NFL-NE,NSC-OO,NWT-OO,ONT-OO,QUE-OO,SAS-OO,CLS-AI,CLS-LL,CLC-OH,CLC-LA,CLC-MA,CLC-VA,CLC-CO,CLS-MG,CLC-BI,CLC-SA,CHS-JX,CHC-YN,CLM-OO,COS-OO,CNY-OO,CRZ-OO,KEG-OO,FOR-OO,TCS-GR,KOR-SK,LES-OO,MXE-CU,MXT-CI,MXC-ME,MXS-MI,MXC-PU,MXG-VC,MOZ-OO,ATP-OO,CTM-OO,PAN-OO,PHI-OO,PUE-OO,KOR-NK,MDR-OO,KUR-OO,RUC-OO,TDC-OO,STH-OO,NFL-SP,TUN-OO,TAI-OO,URU-OO,ASK-OO,ALA-OO,ARK-OO,ARI-OO,CAL-OO,COL-OO,CNT-OO,WDC-OO,DEL-OO,FLA-OO,GEO-OO,HAW-HI,IOW-OO,IDA-OO,ILL-OO,INI-OO,KAN-OO,KTY-OO,LOU-OO,MAS-OO,MRY-OO,MAI-OO,MIC-OO,MSO-OO,MSI-OO,MNT-OO,NCA-OO,NDA-OO,NWH-OO,NWJ-OO,NWM-OO,NEV-OO,NWY-OO,OHI-OO,OKL-OO,ORE-OO,PEN-OO,RHO-OO,SCA-OO,TEN-OO,TEX-OO,UTA-OO,VRG-OO,VER-OO,WAS-OO,WIS-OO,WVA-OO,VEN-OO,CPP-EC,TVL-GA,NAT-OO,TVL-NP,TVL-MP,CPP-WC,MXN-BC,AZO-OO,ECU-OO,BOL-OO,NZN-OO,NZS-OO,PER-OO,,COM-OO,DEN-OO,HAW-OO,JAP-OO,KER-OO,MIN-OO,NSW-OO,SWE-OO,",",3,1,7,8,6,5,2,",",36,38,10,71,72,81,78,70,76,73,75,63,74,77,50,51,85,83,29,28,",",,CHS,CHC,TAI,DEN,FOR,SWE,ABT,BRC,NBR,NSC,ONT,QUE,SAS,PUE,ALA,ASK,ARI,ARK,CAL,COL,CNT,DEL,WDC,GEO,HAW,IDA,ILL,INI,IOW,KAN,KTY,LOU,MAI,MRY,MAS,MIC,MIN,MSI,MSO,MNT,NEV,NWH,NWJ,NWM,NWY,NCA,NDA,OHI,OKL,ORE,PEN,RHO,SCA,TEN,TEX,UTA,VER,VRG,WAS,WVA,WIS,NSW,KER,CLM,ECU,COM,JAP,STH,",",,ABT-OO,ALA-OO,ARI-OO,ARK-OO,ASK-OO,BRC-OO,CAL-OO,CHC-YN,CHS-JX,CLM-OO,CNT-OO,COL-OO,COM-OO,DEL-OO,DEN-OO,ECU-OO,FOR-OO,GEO-OO,HAW-OO,IDA-OO,ILL-OO,INI-OO,IOW-OO,JAP-OO,KAN-OO,KER-OO,KTY-OO,LOU-OO,MAI-OO,MAS-OO,MIC-OO,MIN-OO,MNT-OO,MRY-OO,MSI-OO,MSO-OO,NBR-OO,NCA-OO,NDA-OO,NEV-OO,NSC-OO,NSW-OO,NWH-OO,NWJ-OO,NWM-OO,NWY-OO,OHI-OO,OKL-OO,ONT-OO,ORE-OO,PEN-OO,PUE-OO,QUE-OO,RHO-OO,SAS-OO,SCA-OO,STH-OO,SWE-OO,TAI-OO,TEN-OO,TEX-OO,UTA-OO,VER-OO,VRG-OO,WAS-OO,WDC-OO,WIS-OO,WVA-OO,"
"5795","Hydrocotyle ranunculoides","Hydrocotyle ranunculoides","invasive",",7,8,",",78,85,76,83,84,80,81,74,75,79,73,77,82,",",ALA,AGE,AGW,AGS,ARI,ARK,BOL,BZE,BZS,BZL,BZC,CAL,CLC,CLS,CLM,COS,CUB,DEL,WDC,ECU,FLA,GEO,GUA,ILL,INI,KAN,KTY,LOU,MRY,MXC,MXG,MXE,MXN,MXS,MSI,NWJ,NWY,NIC,NCA,OHI,OKL,ORE,PAN,PAR,PEN,PER,SCA,TEX,URU,VEN,VRG,WAS,WVA,",",,AGE-OO,AGS-OO,AGW-OO,ALA-OO,ARI-OO,ARK-OO,BOL-OO,BZC-OO,BZE-OO,BZL-OO,BZS-OO,CAL-OO,CLC-OO,CLM-OO,CLS-OO,COS-OO,CUB-OO,DEL-OO,ECU-OO,FLA-OO,GEO-OO,GUA-OO,ILL-OO,INI-OO,KAN-OO,KTY-OO,LOU-OO,MRY-OO,MSI-OO,MXC-OO,MXE-OO,MXG-OO,MXN-OO,MXS-OO,NCA-OO,NIC-OO,NWJ-OO,NWY-OO,OHI-OO,OKL-OO,ORE-OO,PAN-OO,PAR-OO,PEN-OO,PER-OO,SCA-OO,TEX-OO,URU-OO,VEN-OO,VRG-OO,WAS-OO,WDC-OO,WVA-OO,",",2,5,1,7,3,",",26,50,11,27,71,23,24,12,10,33,13,38,25,29,74,75,35,78,",",ANG,WAU,BGM,BOT,BRC,ZAI,ERI,ETH,FRA,GRB,TCS,IRE,ITA,SAR,JAP,KEN,MDG,MLW,NET,RWA,SUD,TAN,UGA,MIN,OHI,YEM,GER,GEO,QLD,JAP,",",ANG-OO,WAU-WA,BGM-BE,BOT-OO,BRC-OO,ZAI-OO,ERI-OO,ETH-OO,FRA-FR,GRB-OO,TCS-GR,IRE-IR,ITA-IT,SAR-OO,KEN-OO,MDG-OO,MLW-OO,NET-OO,RWA-OO,SUD-OO,TAN-OO,UGA-OO,MIN-OO,OHI-OO,,BGM-OO,GEO-OO,GER-OO,IRE-NI,JAP-OO,QLD-OO,WAU-OO,",",2,1,7,5,3,",",25,11,10,78,50,38,",",KEN,UGA,BGM,GER,IRE,NET,GRB,GEO,QLD,WAU,JAP,",",,BGM-OO,GEO-OO,GER-OO,GRB-OO,IRE-IR,IRE-NI,JAP-OO,KEN-OO,NET-OO,QLD-OO,UGA-OO,WAU-OO,"
"5833","Hyoscyamus niger","Hyoscyamus niger","invasive",",3,1,2,4,7,",",34,13,20,30,31,11,14,36,12,10,40,38,32,37,33,78,",",AFG,ALB,ALG,ALT,AMU,AUT,BLT,BLR,BGM,BUL,BRY,RUC,CHN,CHC,CHS,CTA,COR,CZE,DEN,EAI,RUE,EHM,FIN,FRA,GER,GRC,HUN,CHI,IRN,IRQ,IRK,ITA,JAP,KAZ,KGZ,KOR,KRA,KRY,LBS,CHM,,MON,MOR,NEP,NET,NCS,RUN,RUW,NOR,PAK,POL,POR,PRM,CHQ,ROM,SAK,SAR,SIC,RUS,SPA,SWE,SWI,TZK,TCS,TUN,TUR,TUE,TKM,TVA,UKR,UZB,WHM,WSB,CHX,YUG,GEO,IND,IRE,GRB,",",,AFG-OO,ALB-OO,ALG-OO,ALT-OO,AMU-OO,AUT-AU,BGM-BE,BLR-OO,BLT-ES,BLT-LA,BLT-LI,BRY-OO,BUL-OO,CHC-GZ,CHC-SC,CHC-YN,CHI-NX,CHM-HJ,CHM-JL,CHM-LN,CHN-GS,CHN-HB,CHN-SA,CHN-SD,CHN-SX,CHQ-OO,CHS-OO,CHX-OO,COR-OO,CTA-OO,CZE-CZ,CZE-SL,DEN-OO,EAI-OO,EHM-OO,FIN-OO,FRA-FR,GEO-OO,GER-OO,GRB-OO,GRC-OO,HUN-OO,IND-OO,IRE-IR,IRK-OO,IRN-OO,IRQ-OO,ITA-IT,JAP-OO,KAZ-OO,KGZ-OO,KOR-SK,KRA-OO,KRY-OO,LBS-LB,MON-OO,MOR-MO,NCS-OO,NEP-OO,NET-OO,NOR-OO,PAK-OO,POL-OO,POR-OO,PRM-OO,ROM-OO,RUC-OO,RUE-OO,RUN-OO,RUS-OO,RUW-OO,SAK-OO,SAR-OO,SIC-MA,SIC-SI,SPA-SP,SWE-OO,SWI-OO,TCS-AR,TCS-AZ,TKM-OO,TUE-OO,TUN-OO,TUR-OO,TVA-OO,TZK-OO,UKR-MO,UKR-UK,UZB-OO,WHM-OO,WSB-OO,YUG-CR,YUG-SE,YUG-SL,",",5,1,7,3,",",50,13,71,72,36,10,14,51,38,31,30,73,75,78,74,77,76,,",",NSW,SOA,BUL,ABT,BRC,MAN,NBR,NSC,ONT,PEI,QUE,SAS,CHN,CHM,CHC,CHI,DEN,GRB,BLT,NOR,KOR,KHA,ALT,IRK,WSB,BRY,SWE,UKR,COL,CNT,DEL,IOW,IDA,ILL,INI,MAS,MRY,MAI,MIC,MNT,NDA,NEB,NWH,NWJ,NWM,NEV,NWY,ORE,PEN,SDA,UTA,VER,WAS,WIS,WYO,NZN,NZS,,CAL,",",NSW-NS,SOA-OO,BUL-OO,ABT-OO,BRC-OO,MAN-OO,NBR-OO,NSC-OO,ONT-OO,PEI-OO,QUE-OO,SAS-OO,CHN-HB,CHM-LN,CHM-JL,CHM-HJ,CHC-GZ,CHI-NM,CHN-GS,DEN-OO,GRB-OO,BLT-LA,NOR-OO,KOR-NK,KHA-OO,ALT-OO,IRK-OO,WSB-OO,BRY-OO,SWE-OO,UKR-UK,COL-OO,CNT-OO,DEL-OO,IOW-OO,IDA-OO,ILL-OO,INI-OO,MAS-OO,MRY-OO,MAI-OO,MIC-OO,MNT-OO,NDA-OO,NEB-OO,NWH-OO,NWJ-OO,NWM-OO,NEV-OO,NWY-OO,ORE-OO,PEN-OO,SDA-OO,UTA-OO,VER-OO,WAS-OO,WIS-OO,WYO-OO,NZN-OO,NZS-OO,,CAL-OO,",",7,",",71,72,,76,73,75,78,74,77,",",,ABT,MAN,NBR,NSC,ONT,PEI,QUE,SAS,CAL,COL,CNT,DEL,IDA,ILL,INI,IOW,MAI,MRY,MAS,MIC,MNT,NEB,NEV,NWH,NWJ,NWM,NWY,NDA,ORE,PEN,SDA,UTA,VER,WAS,WIS,WYO,",",,ABT-OO,CAL-OO,CNT-OO,COL-OO,DEL-OO,IDA-OO,ILL-OO,INI-OO,IOW-OO,MAI-OO,MAN-OO,MAS-OO,MIC-OO,MNT-OO,MRY-OO,NBR-OO,NDA-OO,NEB-OO,NEV-OO,NSC-OO,NWH-OO,NWJ-OO,NWM-OO,NWY-OO,ONT-OO,ORE-OO,PEI-OO,PEN-OO,QUE-OO,SAS-OO,SDA-OO,UTA-OO,VER-OO,WAS-OO,WIS-OO,WYO-OO,"
"6011","Ipomoea alba","Ipomoea alba","invasive",",8,7,",",85,81,80,83,84,78,82,79,74,77,",",AGE,AGW,BAH,BLZ,BOL,BZN,BZE,BZS,BZL,BZC,CPI,CLM,COS,CUB,DOM,ECU,ELS,FLA,FRG,GAL,GUA,GUY,HAI,HON,JAM,LEE,MXC,MXG,MXE,MXN,MXT,MXS,NIC,PAN,PAR,PER,PUE,SUR,TRT,URU,VEN,WIN,,NLA,KAN,LOU,TEX,",",,AGE-OO,AGW-OO,BAH-OO,BLZ-OO,BOL-OO,BZC-GO,BZC-MS,BZC-MT,BZE-AL,BZE-BA,BZE-CE,BZE-MA,BZE-PB,BZE-PE,BZE-PI,BZE-RN,BZE-SE,BZL-ES,BZL-MG,BZL-RJ,BZL-SP,BZN-AC,BZN-AM,BZN-AP,BZN-PA,BZN-RM,BZN-RO,BZN-TO,BZS-PR,BZS-RS,BZS-SC,CLM-OO,COS-OO,CPI-OO,CUB-OO,DOM-OO,ECU-OO,ELS-OO,FLA-OO,FRG-OO,GAL-OO,GUA-OO,GUY-OO,HAI-HA,HON-OO,JAM-OO,KAN-OO,LEE-BV,LEE-GU,LEE-VI,LOU-OO,MXC-DF,MXE-OO,MXG-OO,MXN-OO,MXS-OO,MXT-OO,NIC-OO,NLA-OO,PAN-OO,PAR-OO,PER-OO,PUE-OO,SUR-OO,TEX-OO,TRT-OO,URU-OO,VEN-OO,WIN-DO,WIN-MA,WIN-SV,",",2,6,5,8,3,4,7,",",26,60,50,22,83,36,23,81,24,62,38,25,29,40,51,42,61,78,63,75,27,76,",",ANG,SAM,NSW,QLD,BEN,BOL,CHS,CHH,CHC,CHN,CMN,ZAI,CUB,ETH,GAB,GHA,EQG,MRN,JAP,KEN,LBR,MDG,MOZ,MAU,NFK,NGA,NEP,PHI,TUB,MRQ,SCI,SIE,GGI,TAI,TAN,ALA,HAW,OHI,CPP,TVL,NAT,ZIM,KER,REU,ROD,,ARI,ARK,CRL,NWC,TON,GAL,",",ANG-OO,SAM-AS,NSW-NS,QLD-QU,BEN-OO,BOL-OO,CHS-JS,CHS-ZJ,CHS-JX,CHS-GD,CHS-GX,CHH-OO,CHC-SC,CHC-YN,CHN-SA,CMN-OO,ZAI-OO,CUB-OO,ETH-OO,GAB-OO,GHA-OO,EQG-OO,MRN-GU,KEN-OO,LBR-OO,MDG-OO,MOZ-OO,MAU-OO,NFK-NI,NGA-OO,NEP-OO,PHI-OO,TUB-OO,MRQ-OO,SCI-OO,SIE-OO,GGI-ST,TAI-OO,TAN-OO,ALA-OO,HAW-HI,OHI-OO,CPP-EC,TVL-GA,NAT-OO,TVL-NP,TVL-MP,ZIM-OO,KER-OO,REU-OO,ROD-OO,,ARI-OO,ARK-OO,CRL-MF,GAL-OO,HAW-OO,NFK-LH,NSW-OO,NWC-OO,QLD-OO,TON-OO,",",2,3,7,6,5,8,",",25,27,36,76,78,63,60,50,62,61,51,83,29,",",KEN,,ARI,ARK,HAW,SAM,NFK,NSW,QLD,CRL,MRN,NWC,TON,GAL,MDG,",",,ARI-OO,ARK-OO,CRL-MF,GAL-OO,HAW-OO,KEN-OO,MDG-OO,MRN-GU,NFK-LH,NSW-OO,NWC-OO,QLD-OO,SAM-AS,TON-OO,"
"6055","Ipomoea purpurea","Ipomoea purpurea","invasive",",8,7,",",85,76,83,84,80,81,79,82,",",AGE,AGW,ARI,BOL,BZN,BZE,BZS,BZL,BZC,CLC,CLM,COS,ECU,ELS,GUA,JAM,MXC,MXG,MXE,MXN,MXT,MXS,NIC,PAN,PAR,PER,URU,VEN,HON,,",",,AGE-OO,AGW-OO,ARI-OO,BOL-OO,BZC-MS,BZC-MT,BZE-BA,BZE-MA,BZE-PE,BZE-SE,BZL-ES,BZL-MG,BZL-RJ,BZL-SP,BZN-AC,BZN-AM,BZN-PA,BZS-PR,BZS-RS,BZS-SC,CLC-OO,CLM-OO,COS-OO,ECU-OO,ELS-OO,GUA-OO,HON-OO,JAM-OO,MXC-OO,MXE-OO,MXG-OO,MXN-OO,MXS-OO,MXT-OO,NIC-OO,PAN-OO,PAR-OO,PER-OO,URU-OO,VEN-OO,",",2,5,7,8,3,1,4,3,6,",",26,50,71,72,85,36,23,83,21,81,20,12,24,33,13,40,38,25,27,29,51,42,31,14,30,10,78,76,73,75,74,77,35,34,60,34,",",ANG,NSW,QLD,BRC,ONT,QUE,CLC,CLS,CHN,CHM,CHS,CHC,CHH,CHI,CHQ,CHX,CHT,ZAI,CLM,CVI,CUB,EGY,BAL,CNY,SPA,ETH,COR,FRA,TCS,EQG,GRC,IND,EHM,ASS,WHM,ITA,SAR,SIC,JAP,KEN,KOR,SRL,LES,MDG,MOZ,MAU,NAM,NEP,PHI,PUE,MDR,POR,ROM,KHA,RUC,ALT,RWA,SWE,SWZ,TAI,TAN,UGA,UKR,ALA,ARK,ARI,CAL,COL,CNT,WDC,DEL,FLA,GEO,IOW,ILL,INI,KAN,KTY,LOU,MAS,MRY,MAI,MIC,MIN,MSO,MSI,MNT,NCA,NDA,NEB,NWH,NWJ,NWM,NEV,NWY,OHI,OKL,ORE,PEN,RHO,SCA,SDA,TEN,TEX,UTA,VRG,VER,WAS,WIS,WVA,YEM,CPP,OFS,TVL,NAT,ZIM,TUR,REU,ROD,BOL,NZN,NZS,,DOM,NWC,YUG,TUR,ZAM,",",ANG-OO,NSW-NS,QLD-QU,BRC-OO,ONT-OO,QUE-OO,CLC-VA,CLS-MG,CLC-SA,CHN-BJ,CHN-TJ,CHN-HB,CHN-SX,CHM-LN,CHM-JL,CHM-HJ,CHS-SH,CHS-JS,CHS-ZJ,CHS-AH,CHS-FJ,CHS-JX,CHN-SD,CHS-HE,CHC-HU,CHS-HN,CHS-GD,CHS-GX,CHH-OO,CHC-CQ,CHC-SC,CHC-GZ,CHC-YN,CHI-NM,CHN-SA,CHN-GS,CHQ-OO,CHI-NX,CHS-HK,CHS-MA,CHX-OO,CHT-OO,ZAI-OO,CLM-OO,CVI-OO,CUB-OO,EGY-OO,BAL-OO,CNY-OO,SPA-SP,ETH-OO,COR-OO,FRA-FR,TCS-GR,EQG-OO,GRC-OO,IND-AP,EHM-AP,ASS-AS,IND-BI,IND-CH,IND-CT,IND-DE,IND-GO,IND-GU,IND-HA,WHM-HP,WHM-JK,IND-JK,IND-KT,IND-KE,IND-MR,ASS-MA,IND-MP,ASS-ME,ASS-MI,ASS-NA,IND-OR,IND-PO,IND-PU,IND-RA,EHM-SI,IND-TN,ASS-TR,WHM-UT,IND-UP,IND-WB,ITA-IT,SAR-OO,SIC-SI,KEN-OO,KOR-SK,SRL-OO,LES-OO,MDG-OO,MOZ-OO,MAU-OO,NAM-OO,NEP-OO,PHI-OO,PUE-OO,KOR-NK,MDR-OO,POR-OO,ROM-OO,KHA-OO,RUC-OO,ALT-OO,RWA-OO,SWE-OO,SWZ-OO,TAI-OO,TAN-OO,UGA-OO,UKR-UK,ALA-OO,ARK-OO,ARI-OO,CAL-OO,COL-OO,CNT-OO,WDC-OO,DEL-OO,FLA-OO,GEO-OO,IOW-OO,ILL-OO,INI-OO,KAN-OO,KTY-OO,LOU-OO,MAS-OO,MRY-OO,MAI-OO,MIC-OO,MIN-OO,MSO-OO,MSI-OO,MNT-OO,NCA-OO,NDA-OO,NEB-OO,NWH-OO,NWJ-OO,NWM-OO,NEV-OO,NWY-OO,OHI-OO,OKL-OO,ORE-OO,PEN-OO,RHO-OO,SCA-OO,SDA-OO,TEN-OO,TEX-OO,UTA-OO,VRG-OO,VER-OO,WAS-OO,WIS-OO,WVA-OO,CPP-EC,OFS-OO,TVL-GA,NAT-OO,TVL-NP,TVL-MP,CPP-NC,TVL-NW,CPP-WC,ZIM-OO,TCS-AR,REU-OO,ROD-OO,BOL-OO,NZN-OO,NZS-OO,,DOM-OO,NSW-OO,NWC-OO,QLD-OO,SPA-OO,TUR-OO,YUG-MN,ZAM-OO,",",2,3,4,1,8,7,5,6,",",24,27,26,36,40,38,13,12,21,81,76,78,74,50,60,34,,",",ETH,NAM,,ZIM,CHS,CHN,CHC,CHH,CHM,CHI,CHQ,CHT,CHX,EHM,ASS,WHM,IND,TAI,GRC,SPA,BAL,CNY,CUB,DOM,ARI,ARK,KAN,NSW,QLD,NWC,ANG,YUG,TUR,ZAM,",",,ANG-OO,ARI-OO,ARK-OO,ASS-AS,ASS-MA,ASS-ME,ASS-MI,ASS-TR,BAL-OO,CHC-GZ,CHC-HU,CHC-SC,CHC-YN,CHH-OO,CHI-NX,CHM-HJ,CHM-JL,CHM-LN,CHN-BJ,CHN-GS,CHN-HB,CHN-SA,CHN-SD,CHN-SX,CHN-TJ,CHQ-OO,CHS-AH,CHS-FJ,CHS-GD,CHS-GX,CHS-HE,CHS-HK,CHS-HN,CHS-JS,CHS-JX,CHS-MA,CHS-SH,CHS-ZJ,CHT-OO,CHX-OO,CNY-OO,CUB-OO,DOM-OO,EHM-AP,EHM-SI,ETH-OO,GRC-OO,IND-WB,KAN-OO,NSW-OO,NWC-OO,QLD-OO,SPA-OO,TAI-OO,TUR-OO,WHM-HP,WHM-JK,WHM-UT,YUG-MN,ZAM-OO,ZIM-OO,NAM-OO,"
"6107","Isatis tinctoria","Isatis tinctoria","invasive",",1,3,7,",",13,14,34,33,36,78,32,11,",",ALB,BUL,GRC,ITA,KRY,ROM,SIC,RUS,TUR,UKR,YUG,AFG,TCS,CHT,GEO,KAZ,TZK,UZB,BLR,CZE,,",",,AFG-OO,ALB-OO,BLR-OO,BUL-OO,CHT-OO,CZE-CZ,CZE-SL,GEO-OO,GRC-OO,ITA-IT,KAZ-OO,KRY-OO,ROM-OO,RUS-OO,SIC-SI,TCS-AR,TCS-AZ,TUR-OO,TZK-OO,UKR-MO,UKR-UK,UZB-OO,YUG-BH,YUG-CR,YUG-MA,YUG-MN,YUG-SE,YUG-SL,",",1,7,8,2,3,",",13,71,72,85,12,10,11,21,14,76,73,78,74,75,77,32,,",",BUL,BRC,ONT,QUE,CLC,SPA,COR,FRA,GRB,SIC,BGM,NOR,MDR,RUC,SWE,UKR,ARI,CAL,COL,WDC,IOW,IDA,ILL,MSO,MNT,NWJ,NWM,NEV,NWY,ORE,UTA,VRG,VER,WAS,WVA,WYO,TZK,GER,,ITA,",",BUL-OO,BRC-OO,ONT-OO,QUE-OO,CLC-OH,CLC-SA,CLC-MA,SPA-SP,COR-OO,FRA-FR,GRB-OO,SIC-SI,BGM-LU,SIC-MA,NOR-OO,MDR-OO,RUC-OO,SWE-OO,UKR-UK,ARI-OO,CAL-OO,COL-OO,WDC-OO,IOW-OO,IDA-OO,ILL-OO,MSO-OO,MNT-OO,NWJ-OO,NWM-OO,NEV-OO,NWY-OO,ORE-OO,UTA-OO,VRG-OO,VER-OO,WAS-OO,WVA-OO,WYO-OO,TZK-OO,GER-OO,,ITA-OO,",",7,1,",",,76,73,74,77,13,",",,CAL,IDA,ILL,MSO,MNT,NEV,NWM,ORE,UTA,WAS,WYO,ITA,",",,CAL-OO,IDA-OO,ILL-OO,ITA-OO,MNT-OO,MSO-OO,NEV-OO,NWM-OO,ORE-OO,UTA-OO,WAS-OO,WYO-OO,"
"6239","Juncus ensifolius","Juncus ensifolius","invasive",",7,3,",",70,71,76,73,38,31,79,74,72,77,",",ASK,ABT,ALU,BRC,CAL,COL,IDA,JAP,KUR,MXC,MXG,MXE,MXN,MNT,NEV,ORE,SAS,SDA,UTA,WAS,WYO,,ONT,QUE,ARI,NWM,",",,ABT-OO,ALU-OO,ARI-OO,ASK-OO,BRC-OO,CAL-OO,COL-OO,IDA-OO,JAP-HK,KUR-OO,MNT-OO,MXC-OO,MXE-OO,MXG-OO,MXN-OO,NEV-OO,NWM-OO,ONT-OO,ORE-OO,QUE-OO,SAS-OO,SDA-OO,UTA-OO,WAS-OO,WYO-OO,",",5,1,6,7,",",50,11,51,10,63,75,74,",",VIC,NET,SWE,HAW,RHO,WIS,NZN,NZS,GER,BGM,",",VIC-OO,NET-OO,SWE-OO,HAW-HI,RHO-OO,WIS-OO,NZN-OO,NZS-OO,GER-OO,,BGM-OO,HAW-OO,",",1,6,7,5,",",11,63,74,50,51,",",BGM,HAW,WIS,VIC,",",,BGM-OO,HAW-OO,VIC-OO,WIS-OO,"
"6436","Lamium amplexicaule","Lamium amplexicaule","invasive",",3,1,2,4,7,",",34,13,20,11,21,12,14,36,10,40,24,30,38,32,33,35,78,",",AFG,ALB,ALG,AUT,AZO,BAL,BLT,BLR,BGM,BUL,CNY,RUC,CHN,CHC,CHS,COR,CYP,CZE,DEN,EAI,RUE,EHM,EGY,ETH,FIN,FRA,GER,GRC,HUN,IRN,IRQ,IRK,ITA,JAP,KAZ,KGZ,KOR,KRA,KRI,KRY,LBS,LBY,MDR,MOR,NNS,NEP,NET,NCS,RUN,RUW,NOR,OGA,OMA,PAK,PAL,POL,POR,CHQ,ROM,SAR,SAU,SIC,SIN,RUS,SPA,SWE,SWI,TZK,CHT,TCS,TUN,TUR,TUE,TKM,UKR,UZB,WHM,WSB,CHX,YAK,YUG,GEO,IRE,GRB,",",,AFG-OO,ALB-OO,ALG-OO,AUT-AU,AZO-OO,BAL-OO,BGM-BE,BLR-OO,BLT-ES,BLT-LA,BLT-LI,BUL-OO,CHC-OO,CHN-OO,CHQ-OO,CHS-OO,CHT-OO,CHX-OO,CNY-OO,COR-OO,CYP-OO,CZE-CZ,CZE-SL,DEN-OO,EAI-OO,EGY-OO,EHM-OO,ETH-OO,FIN-OO,FRA-FR,GEO-OO,GER-OO,GRB-OO,GRC-OO,HUN-OO,IRE-IR,IRK-OO,IRN-OO,IRQ-OO,ITA-IT,JAP-OO,KAZ-OO,KGZ-OO,KOR-OO,KRA-OO,KRI-OO,KRY-OO,LBS-LB,LBS-SY,LBY-OO,MDR-OO,MOR-MO,NCS-OO,NEP-OO,NET-OO,NNS-OO,NOR-OO,OGA-OO,OMA-OO,PAK-OO,PAL-IS,POL-OO,POR-OO,ROM-OO,RUC-OO,RUE-OO,RUN-OO,RUS-OO,RUW-OO,SAR-OO,SAU-OO,SIC-SI,SIN-OO,SPA-SP,SWE-OO,SWI-OO,TCS-AR,TCS-AZ,TKM-OO,TUE-OO,TUN-OO,TUR-OO,TZK-OO,UKR-MO,UKR-UK,UZB-OO,WHM-OO,WSB-OO,YAK-OO,YUG-OO,",",8,5,7,1,2,3,6,",",85,50,81,83,71,72,70,10,20,24,27,79,51,31,28,78,76,73,75,63,74,77,21,14,12,11,13,,",",AGE,AGS,AGW,NSW,NTA,QLD,SOA,TAS,VIC,WAU,BER,BOL,ABT,BRC,LAB,MAN,NBR,NFL,NSC,NWT,NUN,ONT,QUE,SAS,YUK,CLN,CLC,CLS,CLM,DEN,EGY,ETH,GRB,GNL,ICE,LES,MXT,MXC,MXE,MXS,MXN,NOR,MAG,STH,SWE,ALA,ARK,ARI,CAL,COL,CNT,WDC,DEL,FLA,GEO,HAW,IOW,IDA,ILL,INI,KAN,KTY,LOU,MAS,MRY,MAI,MIC,MIN,MSO,MSI,MNT,NCA,NDA,NEB,NWH,NWJ,NWM,NEV,NWY,OHI,OKL,ORE,PEN,RHO,SCA,SDA,TEN,TEX,UTA,VRG,VER,WAS,WIS,WVA,WYO,CPP,OFS,TVL,AZO,ECU,RUC,NZN,NZS,PER,FRA,GER,ITA,POR,SPA,,",",AGE-BA,AGE-CD,AGE-DF,AGE-ER,AGS-NE,AGW-SA,AGS-TF,AGW-TU,NSW-NS,NTA-OO,QLD-QU,SOA-OO,TAS-OO,VIC-OO,WAU-WA,BER-OO,BOL-OO,ABT-OO,BRC-OO,LAB-OO,MAN-OO,NBR-OO,NFL-NE,NSC-OO,NWT-OO,NUN-OO,ONT-OO,QUE-OO,SAS-OO,YUK-OO,CLN-AN,CLC-BI,CLC-LA,CLC-MA,CLN-AT,CLC-VA,CLS-MG,CLC-SA,CLM-OO,DEN-OO,EGY-OO,ETH-OO,GRB-OO,GNL-OO,ICE-OO,LES-OO,MXT-CI,MXC-DF,MXE-DU,MXE-HI,MXS-JA,MXC-ME,MXC-PU,MXN-SO,MXE-TA,MXT-YU,NOR-OO,MAG-OO,STH-OO,NFL-SP,SWE-OO,ALA-OO,ARK-OO,ARI-OO,CAL-OO,COL-OO,CNT-OO,WDC-OO,DEL-OO,FLA-OO,GEO-OO,HAW-HI,IOW-OO,IDA-OO,ILL-OO,INI-OO,KAN-OO,KTY-OO,LOU-OO,MAS-OO,MRY-OO,MAI-OO,MIC-OO,MIN-OO,MSO-OO,MSI-OO,MNT-OO,NCA-OO,NDA-OO,NEB-OO,NWH-OO,NWJ-OO,NWM-OO,NEV-OO,NWY-OO,OHI-OO,OKL-OO,ORE-OO,PEN-OO,RHO-OO,SCA-OO,SDA-OO,TEN-OO,TEX-OO,UTA-OO,VRG-OO,VER-OO,WAS-OO,WIS-OO,WVA-OO,WYO-OO,CPP-EC,OFS-OO,TVL-GA,CPP-NC,CPP-WC,MXN-BC,AZO-OO,ECU-OO,RUC-OO,NZN-OO,NZS-OO,PER-OO,,FRA-OO,GER-OO,ITA-OO,POR-OO,SPA-OO,",",1,7,5,8,",",10,12,11,13,,78,76,75,74,73,77,50,85,",",DEN,FRA,GER,ITA,POR,SPA,GRB,,ALA,ARK,CAL,CNT,DEL,FLA,GEO,ILL,INI,IOW,KAN,KTY,LOU,MAI,MRY,MAS,MIC,MIN,MSI,MSO,NEB,NWH,NWJ,NWY,NCA,OHI,OKL,ORE,PEN,RHO,SCA,TEN,TEX,VER,VRG,WAS,WVA,WIS,",",,ALA-OO,ARK-OO,CAL-OO,CNT-OO,DEL-OO,DEN-OO,FLA-OO,FRA-OO,GEO-OO,GER-OO,GRB-OO,ILL-OO,INI-OO,IOW-OO,ITA-OO,KAN-OO,KTY-OO,LOU-OO,MAI-OO,MAS-OO,MIC-OO,MIN-OO,MRY-OO,MSI-OO,MSO-OO,NCA-OO,NEB-OO,NWH-OO,NWJ-OO,NWY-OO,OHI-OO,OKL-OO,ORE-OO,PEN-OO,POR-OO,RHO-OO,SCA-OO,SPA-OO,TEN-OO,TEX-OO,VER-OO,VRG-OO,WAS-OO,WIS-OO,WVA-OO,"
"6613","Lepidium latifolium","Lepidium latifolium","invasive",",3,1,2,4,7,",",34,13,20,30,14,11,36,10,40,12,32,38,37,33,35,78,21,",",AFG,ALB,ALG,ALT,BLT,BGM,BUL,RUC,CHN,CHC,CHS,CYP,DEN,EAI,RUE,EHM,EGY,FRA,GRB,GRC,CHI,IRN,IRQ,IRK,ITA,KAZ,KGZ,KOR,KRA,KRY,LBS,LBY,CHM,,MON,MOR,NET,NCS,PAK,PAL,CHQ,ROM,SAR,SIC,RUS,SPA,SWE,TZK,CHT,TCS,TUR,TUE,TKM,UKR,UZB,WHM,WSB,CHX,YEM,YUG,GEO,IND,AUT,CZE,FIN,COR,GER,HUN,IRE,POL,POR,CNY,SWI,",",,AFG-OO,ALB-OO,ALG-OO,ALT-OO,AUT-OO,BGM-BE,BGM-LU,BLT-OO,BUL-OO,CHC-SC,CHI-NX,CHM-HJ,CHM-JL,CHM-LN,CHN-GS,CHN-HB,CHN-SA,CHN-SD,CHN-SX,CHQ-OO,CHS-HE,CHT-OO,CHX-OO,CNY-OO,COR-OO,CYP-OO,CZE-CZ,CZE-SL,DEN-OO,EAI-OO,EGY-OO,EHM-OO,FIN-OO,FRA-FR,GEO-OO,GER-OO,GRC-OO,HUN-OO,IND-OO,IRE-IR,IRK-OO,IRN-OO,IRQ-OO,ITA-IT,KAZ-OO,KGZ-OO,KOR-OO,KRA-OO,KRY-OO,LBS-LB,LBS-SY,LBY-OO,MON-OO,MOR-MO,NCS-OO,NET-OO,PAK-OO,PAL-JO,POL-OO,POR-OO,ROM-OO,RUC-OO,RUE-OO,RUS-OO,SAR-OO,SIC-SI,SPA-SP,SWE-OO,SWI-OO,TCS-AR,TCS-AZ,TKM-OO,TUE-OO,TUR-OO,TZK-OO,UKR-UK,UZB-OO,WHM-JK,WSB-OO,YEM-OO,YUG-OO,",",8,5,1,7,3,",",85,50,11,14,83,71,72,12,10,38,79,31,76,73,75,74,77,,70,",",AGE,SOA,TAS,BGM,BLR,BOL,ABT,BRC,QUE,BAL,IRE,JAP,BLT,MXC,MXE,NOR,KHA,RUC,SWE,UKR,ARI,CAL,COL,CNT,IDA,ILL,INI,KAN,MAS,MSO,MNT,NEB,NWH,NWJ,NWM,NEV,NWY,ORE,PEN,TEX,UTA,WAS,WYO,AUT,GER,,MAN,ASK,MAI,",",AGE-CD,SOA-OO,TAS-OO,BGM-BE,BLR-OO,BOL-OO,ABT-OO,BRC-OO,QUE-OO,BAL-OO,IRE-IR,BLT-LI,MXC-DF,MXE-DU,MXE-HI,MXC-ME,MXC-PU,MXE-SL,NOR-OO,KHA-OO,RUC-OO,SWE-OO,UKR-UK,ARI-OO,CAL-OO,COL-OO,CNT-OO,IDA-OO,ILL-OO,INI-OO,KAN-OO,MAS-OO,MSO-OO,MNT-OO,NEB-OO,NWH-OO,NWJ-OO,NWM-OO,NEV-OO,NWY-OO,ORE-OO,PEN-OO,TEX-OO,UTA-OO,WAS-OO,WYO-OO,AUT-AU,GER-OO,,ASK-OO,MAI-OO,MAN-OO,",",7,1,",",71,72,79,,70,76,73,75,74,77,10,",",,ABT,BRC,MAN,QUE,ASK,ARI,CAL,COL,CNT,IDA,ILL,INI,KAN,MAI,MSO,MNT,NEB,NEV,NWM,NWY,ORE,TEX,UTA,WAS,WYO,NOR,",",,ABT-OO,ARI-OO,ASK-OO,BRC-OO,CAL-OO,CNT-OO,COL-OO,IDA-OO,ILL-OO,INI-OO,KAN-OO,MAI-OO,MAN-OO,MNT-OO,MSO-OO,NEB-OO,NEV-OO,NOR-OO,NWM-OO,NWY-OO,ORE-OO,QUE-OO,TEX-OO,UTA-OO,WAS-OO,WYO-OO,"
"6618","Lepidium perfoliatum","Lepidium perfoliatum","invasive",",3,1,4,7,",",34,13,30,11,14,36,32,33,40,78,38,",",AFG,ALB,ALT,AUT,BUL,RUC,CHN,CHS,CYP,CZE,EAI,RUE,GRC,HUN,IRN,IRQ,KAZ,KGZ,KRY,CHM,NCS,PAK,ROM,RUS,TZK,TCS,TUR,TUE,TKM,UKR,UZB,CHX,YUG,GEO,IND,JAP,LBS,,",",,AFG-OO,ALB-OO,ALT-OO,AUT-AU,BUL-OO,CHM-LN,CHN-GS,CHN-SX,CHS-JS,CHX-OO,CYP-OO,CZE-OO,EAI-OO,GEO-OO,GRC-OO,HUN-OO,IND-UP,IRN-OO,IRQ-OO,JAP-OO,KAZ-OO,KGZ-OO,KRY-OO,LBS-LB,LBS-SY,NCS-OO,PAK-OO,ROM-OO,RUC-OO,RUE-OO,RUS-OO,TCS-AR,TCS-AZ,TKM-OO,TUE-OO,TUR-OO,TZK-OO,UKR-UK,UZB-OO,YUG-BH,YUG-CR,YUG-MA,YUG-SE,",",8,5,1,7,3,",",85,50,14,71,72,36,10,12,38,70,76,73,75,78,74,77,11,",",AGS,NSW,SOA,WAU,BLR,ABT,BRC,MAN,ONT,QUE,SAS,CHN,CHM,CHS,CHX,DEN,SPA,FRA,IRE,JAP,KOR,RUC,ASK,ARI,CAL,COL,CNT,GEO,IOW,IDA,ILL,INI,KAN,KTY,MAS,MRY,MAI,MIC,MIN,MSO,MSI,MNT,NCA,NDA,NEB,NWM,NEV,NWY,OHI,OKL,ORE,PEN,RHO,SCA,SDA,TEN,TEX,UTA,VRG,WAS,WIS,WYO,GER,",",AGS-CB,AGS-NE,AGS-RN,AGS-SC,NSW-NS,SOA-OO,WAU-WA,BLR-OO,ABT-OO,BRC-OO,MAN-OO,ONT-OO,QUE-OO,SAS-OO,CHN-SX,CHM-LN,CHS-JS,CHN-GS,CHX-OO,DEN-OO,SPA-SP,FRA-FR,IRE-NI,KOR-SK,KOR-NK,RUC-OO,ASK-OO,ARI-OO,CAL-OO,COL-OO,CNT-OO,GEO-OO,IOW-OO,IDA-OO,ILL-OO,INI-OO,KAN-OO,KTY-OO,MAS-OO,MRY-OO,MAI-OO,MIC-OO,MIN-OO,MSO-OO,MSI-OO,MNT-OO,NCA-OO,NDA-OO,NEB-OO,NWM-OO,NEV-OO,NWY-OO,OHI-OO,OKL-OO,ORE-OO,PEN-OO,RHO-OO,SCA-OO,SDA-OO,TEN-OO,TEX-OO,UTA-OO,VRG-OO,WAS-OO,WIS-OO,WYO-OO,GER-OO,,",",7,",",76,",",CAL,",",,CAL-OO,"
"6632","Leptochloa mucronata","Leptochloa mucronata","invasive",",7,8,4,",",78,80,81,83,82,74,79,77,40,41,76,75,85,84,",",ARK,BLZ,BER,BOL,COS,ECU,ELS,GAL,GEO,GUA,GUY,HON,ILL,KAN,KTY,LOU,MXC,MXG,MXE,MXN,MXT,MXS,MSI,MSO,NLA,NIC,OKL,PAN,PER,TEN,TEX,TRT,IND,MYA,LEE,DOM,WIN,JAM,,PUE,ARI,MAS,NWM,PAR,",",,ARI-OO,ARK-OO,BER-OO,BLZ-OO,BOL-OO,COS-OO,DOM-OO,ECU-OO,ELS-OO,GAL-OO,GEO-OO,GUA-OO,GUY-OO,HON-OO,ILL-OO,IND-MP,IND-WB,JAM-OO,KAN-OO,KTY-OO,LEE-AB,LEE-GU,LEE-MO,LEE-SK,LEE-SM,LEE-VI,LOU-OO,MAS-OO,MSI-OO,MSO-OO,MXC-OO,MXE-OO,MXG-OO,MXN-OO,MXS-OO,MXT-OO,MYA-OO,NIC-OO,NLA-OO,NWM-OO,OKL-OO,PAN-OO,PAR-OO,PER-OO,PUE-OO,TEN-OO,TEX-OO,TRT-OO,WIN-GR,WIN-MA,WIN-SL,WIN-SV,",",8,3,6,2,4,7,",",81,34,38,62,22,40,75,84,83,",",CUB,CYP,JAP,MRN,NGA,IND,PUE,PEN,,CLM,ECU,GAL,",",CUB-OO,CYP-OO,MRN-NM,,CLM-OO,ECU-OO,GAL-OO,IND-WB,NGA-OO,PEN-OO,PUE-OO,",",2,4,8,7,",",22,40,81,75,84,83,",",NGA,IND,CUB,PUE,PEN,,CLM,ECU,GAL,",",,CLM-OO,CUB-OO,ECU-OO,GAL-OO,IND-WB,NGA-OO,PEN-OO,PUE-OO,"
"6738","Ligustrum vulgare","Ligustrum vulgare","invasive",",1,3,2,7,",",13,11,10,12,34,14,20,33,78,",",ALB,AUT,BGM,BUL,CZE,DEN,FRA,GER,GRB,GRC,HUN,IRN,IRE,ITA,KRY,MOR,NET,NCS,NOR,POL,POR,ROM,SPA,SWE,SWI,TCS,TUR,TUE,UKR,YUG,GEO,RUS,",",,ALB-OO,AUT-AU,BGM-BE,BUL-OO,CZE-OO,DEN-OO,FRA-FR,GEO-OO,GER-OO,GRC-OO,HUN-OO,IRE-IR,IRN-OO,ITA-IT,KRY-OO,MOR-MO,NCS-OO,NET-OO,NOR-OO,POL-OO,POR-OO,ROM-OO,RUS-OO,SPA-SP,SWE-OO,SWI-OO,TCS-AR,TCS-AZ,TUE-OO,TUR-OO,UKR-MO,UKR-UK,YUG-OO,",",5,8,7,2,1,3,6,4,",",50,84,71,72,23,21,10,38,14,51,78,76,73,75,74,77,27,83,11,26,60,22,42,36,61,29,62,41,40,25,24,63,43,85,",",NSW,QLD,SOA,TAS,VIC,BZL,BZS,BRC,NFL,NSC,ONT,ZAI,CNY,GRB,JAP,BLT,RUC,UKR,ALA,ARK,CAL,COL,CNT,WDC,DEL,GEO,IOW,IDA,ILL,INI,KAN,KTY,LOU,MAS,MRY,MAI,MIC,MSO,MSI,MNT,NCA,NEB,NWH,NWJ,NWM,NWY,OHI,OKL,ORE,PEN,RHO,SCA,TEN,TEX,UTA,VRG,VER,WAS,WIS,WVA,TVL,AZO,ECU,NZN,NZS,GER,ANG,SAM,TOK,NTA,BUR,BEN,BKN,CAF,CKI,CHS,CHH,CHC,IVO,CMN,CON,COO,XMS,FIJ,GAB,CGS,GHA,GUI,EQG,MRN,AND,IND,EHM,ASS,WHM,KEN,LBR,SRL,MLI,MAU,MLY,NGA,NEP,PHI,MRQ,SCI,RWA,SEN,SIE,GGI,SEY,CHA,TOG,THA,TON,TAI,FLA,HAW,ZAM,NWG,REU,GAL,MDV,,",",NSW-NS,QLD-QU,SOA-OO,TAS-OO,VIC-OO,BZL-MG,BZS-PR,BZL-RJ,BZS-SC,BZL-SP,BRC-OO,NFL-NE,NSC-OO,ONT-OO,ZAI-OO,CNY-OO,GRB-OO,BLT-LI,BLT-LA,RUC-OO,UKR-UK,ALA-OO,ARK-OO,CAL-OO,COL-OO,CNT-OO,WDC-OO,DEL-OO,GEO-OO,IOW-OO,IDA-OO,ILL-OO,INI-OO,KAN-OO,KTY-OO,LOU-OO,MAS-OO,MRY-OO,MAI-OO,MIC-OO,MSO-OO,MSI-OO,MNT-OO,NCA-OO,NEB-OO,NWH-OO,NWJ-OO,NWM-OO,NWY-OO,OHI-OO,OKL-OO,ORE-OO,PEN-OO,RHO-OO,SCA-OO,TEN-OO,TEX-OO,UTA-OO,VRG-OO,VER-OO,WAS-OO,WIS-OO,WVA-OO,TVL-GA,TVL-MP,AZO-OO,ECU-OO,NZN-OO,NZS-OO,GER-OO,ANG-OO,SAM-AS,TOK-SW,NTA-OO,BUR-OO,BEN-OO,BKN-OO,CAF-OO,CKI-OO,CHS-FJ,CHS-GD,CHS-GX,CHH-OO,CHC-YN,CHS-HK,CHS-MA,IVO-OO,CMN-OO,CON-OO,COO-OO,TOK-MA,XMS-OO,FIJ-OO,GAB-OO,CGS-OO,GHA-OO,GUI-OO,EQG-OO,MRN-GU,IND-AP,EHM-AP,ASS-AS,IND-BI,IND-CH,IND-CT,IND-DE,IND-GO,IND-GU,IND-HA,WHM-HP,WHM-JK,IND-JK,IND-KT,IND-KE,IND-MR,ASS-MA,IND-MP,ASS-ME,ASS-MI,ASS-NA,IND-OR,IND-PO,IND-PU,IND-RA,EHM-SI,IND-TN,ASS-TR,WHM-UT,IND-UP,IND-WB,KEN-OO,LBR-OO,SRL-OO,MLI-OO,MRN-NM,MAU-OO,MLY-PM,NGA-OO,NEP-OO,PHI-OO,MRQ-OO,SCI-OO,RWA-OO,SEN-OO,MLY-SI,SIE-OO,GGI-ST,SEY-OO,CHA-OO,TOG-OO,THA-OO,TON-OO,TAI-OO,FLA-OO,HAW-HI,SAM-WS,ZAM-OO,NWG-PN,REU-OO,GAL-OO,MDV-OO,,BZS-RS,NSW-OO,QLD-OO,",",2,7,5,8,",",27,75,78,73,74,50,51,85,84,",",,CNT,DEL,WDC,INI,KTY,LOU,MRY,MAS,MIC,NWJ,OHI,ORE,PEN,SCA,TEN,VER,WAS,WVA,WIS,NSW,QLD,SOA,TAS,VIC,BZS,",",,BZS-PR,BZS-RS,BZS-SC,CNT-OO,DEL-OO,INI-OO,KTY-OO,LOU-OO,MAS-OO,MIC-OO,MRY-OO,NSW-OO,NWJ-OO,OHI-OO,ORE-OO,PEN-OO,QLD-OO,SCA-OO,SOA-OO,TAS-OO,TEN-OO,VER-OO,VIC-OO,WAS-OO,WDC-OO,WIS-OO,WVA-OO,"
"6960","Ludwigia grandiflora","Ludwigia grandiflora","invasive",",7,8,",",78,85,83,84,76,81,80,74,75,73,77,",",ALA,AGE,AGW,ARK,BOL,BZS,CAL,CUB,WDC,FLA,GEO,GUA,KTY,LOU,MSI,MSO,NWJ,NWY,NCA,OKL,ORE,PAR,PEN,SCA,TEN,TEX,URU,VRG,WAS,WVA,,CLM,ECU,",",,AGE-OO,AGW-OO,ALA-OO,ARK-OO,BOL-OO,BZS-OO,CAL-OO,CLM-OO,CUB-OO,ECU-OO,FLA-OO,GEO-OO,GUA-OO,KTY-OO,LOU-OO,MSI-OO,MSO-OO,NCA-OO,NWJ-OO,NWY-OO,OKL-OO,ORE-OO,PAR-OO,PEN-OO,SCA-OO,TEN-OO,TEX-OO,URU-OO,VRG-OO,WAS-OO,WDC-OO,WVA-OO,",",1,7,3,",",11,12,13,78,76,74,75,73,77,38,",",BGM,SWI,BAL,SPA,FRA,ITA,NET,ALA,ARK,CAL,WDC,FLA,GEO,KTY,LOU,MSO,MSI,NCA,NWJ,NWY,OKL,ORE,PEN,SCA,TEN,TEX,VRG,WAS,WVA,GER,JAP,,",",BGM-BE,SWI-OO,BAL-OO,SPA-SP,FRA-FR,ITA-IT,NET-OO,ALA-OO,ARK-OO,CAL-OO,WDC-OO,FLA-OO,GEO-OO,KTY-OO,LOU-OO,MSO-OO,MSI-OO,NCA-OO,NWJ-OO,NWY-OO,OKL-OO,ORE-OO,PEN-OO,SCA-OO,TEN-OO,TEX-OO,VRG-OO,WAS-OO,WVA-OO,,BGM-OO,FRA-OO,GER-OO,JAP-OO,",",1,7,3,",",11,12,78,76,73,38,,",",BGM,FRA,GER,ALA,CAL,KTY,NCA,SCA,TEN,WAS,JAP,SWI,,NET,",",,ALA-OO,BGM-OO,CAL-OO,FRA-OO,GER-OO,JAP-OO,KTY-OO,NCA-OO,NET-OO,SCA-OO,SWI-OO,TEN-OO,WAS-OO,"
"6967","Ludwigia peploides","Ludwigia peploides","invasive",",7,8,3,5,",",78,85,76,80,83,84,36,81,74,75,38,79,77,50,73,82,51,",",ALA,AGE,AGW,ARI,ARK,BLZ,BOL,BZS,CAL,CLC,CLN,CLS,CHS,CLM,COS,CUB,DEL,WDC,DOM,ECU,FLA,GAL,GEO,GUA,HAI,HON,ILL,INI,IOW,JAM,JAP,KAN,KTY,LOU,MRY,MXC,MXG,MXE,MXN,MXT,MXS,MSI,MSO,NNS,NEB,NWJ,NWM,NSW,NWY,NIC,NCA,OHI,OKL,ORE,PAR,PEN,PER,PUE,QLD,SOA,SCA,TEN,TEX,URU,VEN,VIC,VRG,WVA,ELS,,PAN,BZE,",",,AGE-OO,AGW-OO,ALA-OO,ARI-OO,ARK-OO,BLZ-OO,BOL-OO,BZE-BA,BZS-SC,CAL-OO,CHS-OO,CLC-OO,CLM-OO,CLN-OO,CLS-OO,COS-OO,CUB-OO,DEL-OO,DOM-OO,ECU-OO,ELS-OO,FLA-OO,GAL-OO,GEO-OO,GUA-OO,HAI-HA,HON-OO,ILL-OO,INI-OO,IOW-OO,JAM-OO,JAP-OO,KAN-OO,KTY-OO,LOU-OO,MRY-OO,MSI-OO,MSO-OO,MXC-OO,MXE-OO,MXG-OO,MXN-OO,MXS-OO,MXT-OO,NCA-OO,NEB-OO,NIC-OO,NNS-OO,NSW-NS,NWJ-OO,NWM-OO,NWY-OO,OHI-OO,OKL-OO,ORE-OO,PAN-OO,PAR-OO,PEN-OO,PER-OO,PUE-OO,QLD-QU,SCA-OO,SOA-OO,TEN-OO,TEX-OO,URU-OO,VEN-OO,VIC-OO,VRG-OO,WDC-OO,WVA-OO,",",6,1,3,8,7,5,",",61,12,10,13,38,80,11,76,78,75,51,73,34,",",COO,FRA,GRB,ITA,JAP,NIC,NET,CAL,DEL,GEO,KTY,LOU,MRY,NCA,NWJ,NWY,OHI,PEN,SCA,VRG,WVA,NZN,WAS,,TUR,",",COO-OO,FRA-FR,GRB-OO,ITA-IT,NIC-OO,NET-OO,CAL-OO,DEL-OO,GEO-OO,KTY-OO,LOU-OO,MRY-OO,NCA-OO,NWJ-OO,NWY-OO,OHI-OO,PEN-OO,SCA-OO,VRG-OO,WVA-OO,NZN-OO,,FRA-OO,TUR-OO,WAS-OO,",",1,7,5,3,",",12,10,75,73,51,34,11,",",FRA,GRB,NWY,WAS,,TUR,NET,",",,FRA-OO,GRB-OO,NET-OO,NWY-OO,TUR-OO,WAS-OO,"
"7065","Lythrum salicaria","Lythrum salicaria","invasive",",3,1,2,5,4,7,",",34,13,20,30,31,11,14,36,12,10,24,38,32,37,50,33,40,78,",",AFG,ALB,ALG,ALT,AMU,AUT,BLT,BLR,BGM,BUL,RUC,CHN,CHC,COR,CZE,DEN,RUE,ETH,FIN,FRA,GER,GRB,GRC,HUN,CHI,IRN,IRQ,IRE,IRK,ITA,JAP,KAZ,KHA,KGZ,KOR,KRY,KUR,LBS,CHM,,MON,MOR,NET,NSW,NCS,RUN,RUW,NOR,PAK,PAL,POL,POR,PRM,CHQ,QLD,ROM,SAK,SAR,SIC,SOA,RUS,SPA,SWE,SWI,TZK,TAS,CHT,TCS,TUN,TUR,TUE,TKM,UKR,UZB,VIC,WHM,WSB,CHX,YUG,CHS,CHH,GEO,IND,TAI,",",,AFG-OO,ALB-OO,ALG-OO,ALT-OO,AMU-OO,AUT-AU,BGM-BE,BLR-OO,BLT-ES,BLT-LA,BLT-LI,BUL-OO,CHC-GZ,CHC-HU,CHC-SC,CHC-YN,CHH-OO,CHI-NX,CHM-HJ,CHM-JL,CHM-LN,CHN-GS,CHN-HB,CHN-SA,CHN-SD,CHN-SX,CHQ-OO,CHS-AH,CHS-FJ,CHS-GD,CHS-GX,CHS-HE,CHS-HK,CHS-HN,CHS-JS,CHS-JX,CHS-MA,CHS-ZJ,CHT-OO,CHX-OO,COR-OO,CZE-CZ,CZE-SL,DEN-OO,ETH-OO,FIN-OO,FRA-FR,GEO-OO,GER-OO,GRC-OO,HUN-OO,IND-OO,IRE-IR,IRK-OO,IRN-OO,IRQ-OO,ITA-IT,JAP-HK,JAP-HN,JAP-KY,JAP-SH,KAZ-OO,KGZ-OO,KHA-OO,KOR-OO,KRY-OO,KUR-OO,LBS-LB,LBS-SY,MON-OO,MOR-MO,NCS-OO,NET-OO,NOR-OO,NSW-NS,PAK-OO,PAL-IS,POL-OO,POR-OO,PRM-OO,QLD-QU,ROM-OO,RUC-OO,RUE-OO,RUN-OO,RUS-OO,RUW-OO,SAK-OO,SAR-OO,SIC-SI,SOA-OO,SPA-SP,SWE-OO,SWI-OO,TAI-OO,TAS-OO,TCS-AR,TCS-AZ,TKM-OO,TUE-OO,TUN-OO,TUR-OO,TZK-OO,UKR-MO,UKR-UK,UZB-OO,VIC-OO,WHM-OO,WSB-OO,YUG-CR,YUG-SE,",",7,8,3,2,5,",",71,72,85,36,24,51,30,38,70,78,76,73,75,74,77,27,50,79,",",ABT,BRC,MAN,NBR,NFL,NSC,ONT,PEI,QUE,SAS,CLS,CLC,CHN,CHM,CHS,CHC,CHH,CHI,CHQ,CHX,CHT,ETH,IRK,TAI,ASK,ALA,ARK,ARI,CAL,COL,CNT,WDC,DEL,GEO,IOW,IDA,ILL,INI,KAN,KTY,MAS,MRY,MAI,MIC,MIN,MSO,MSI,MNT,NCA,NDA,NEB,NWH,NWJ,NWM,NEV,NWY,OHI,OKL,ORE,PEN,RHO,SDA,TEN,TEX,UTA,VRG,VER,WAS,WIS,WVA,WYO,CPP,NZN,NZS,FLA,SCA,SOA,",",ABT-OO,BRC-OO,MAN-OO,NBR-OO,NFL-NE,NSC-OO,ONT-OO,PEI-OO,QUE-OO,SAS-OO,CLS-LL,CLC-SA,CHN-BJ,CHN-TJ,CHN-HB,CHN-SX,CHM-LN,CHM-JL,CHM-HJ,CHS-SH,CHS-JS,CHS-ZJ,CHS-AH,CHS-FJ,CHS-JX,CHN-SD,CHS-HE,CHC-HU,CHS-HN,CHS-GD,CHS-GX,CHH-OO,CHC-CQ,CHC-SC,CHC-GZ,CHC-YN,CHI-NM,CHN-SA,CHN-GS,CHQ-OO,CHI-NX,CHS-HK,CHS-MA,CHX-OO,CHT-OO,ETH-OO,IRK-OO,NFL-SP,TAI-OO,ASK-OO,ALA-OO,ARK-OO,ARI-OO,CAL-OO,COL-OO,CNT-OO,WDC-OO,DEL-OO,GEO-OO,IOW-OO,IDA-OO,ILL-OO,INI-OO,KAN-OO,KTY-OO,MAS-OO,MRY-OO,MAI-OO,MIC-OO,MIN-OO,MSO-OO,MSI-OO,MNT-OO,NCA-OO,NDA-OO,NEB-OO,NWH-OO,NWJ-OO,NWM-OO,NEV-OO,NWY-OO,OHI-OO,OKL-OO,ORE-OO,PEN-OO,RHO-OO,SDA-OO,TEN-OO,TEX-OO,UTA-OO,VRG-OO,VER-OO,WAS-OO,WIS-OO,WVA-OO,WYO-OO,CPP-WC,NZN-OO,NZS-OO,,FLA-OO,SCA-OO,SOA-OO,",",7,5,",",72,78,76,75,74,77,73,50,79,51,",",ONT,QUE,ALA,ARK,CAL,CNT,FLA,ILL,INI,IOW,MAS,MIC,MIN,MSI,MSO,NEV,NWH,NWM,NWY,NCA,NDA,OHI,OKL,ORE,PEN,SCA,SDA,TEN,VER,WAS,WIS,SOA,,",",,ALA-OO,ARK-OO,CAL-OO,CNT-OO,FLA-OO,ILL-OO,INI-OO,IOW-OO,MAS-OO,MIC-OO,MIN-OO,MSI-OO,MSO-OO,NCA-OO,NDA-OO,NEV-OO,NWH-OO,NWM-OO,NWY-OO,OHI-OO,OKL-OO,ONT-OO,ORE-OO,PEN-OO,QUE-OO,SCA-OO,SDA-OO,SOA-OO,TEN-OO,VER-OO,WAS-OO,WIS-OO,"
"7314","Melilotus albus","Melilotus albus","invasive",",3,1,2,4,7,",",34,13,20,30,40,11,14,27,36,24,12,35,32,25,26,41,33,78,38,10,",",AFG,ALB,ALG,ALT,ASS,AUT,BLT,BAN,BLR,BUL,CPP,RUC,CHN,CHC,CHS,CYP,CZE,RUE,EHM,EGY,ETH,FRA,OFS,GER,GRC,GST,HUN,CHI,IRN,IRQ,ITA,KAZ,KEN,KGZ,KRA,KRY,NAT,LBS,LES,LBY,CHM,MOZ,MYA,NAM,NEP,NCS,TVL,RUW,OMA,PAK,PAL,POL,POR,ROM,SAU,SIN,RUS,SPA,SWI,TZK,TAN,CHT,TCS,TUR,TUE,TKM,UKR,UZB,WHM,WSB,CHX,YEM,YUG,ZIM,,GEO,KOR,IRE,BGM,RUN,",",,AFG-OO,ALB-OO,ALG-OO,ALT-OO,ASS-AS,AUT-AU,AUT-LI,BAN-OO,BGM-LU,BLR-OO,BLT-ES,BLT-LA,BLT-LI,BUL-OO,CHC-OO,CHI-OO,CHM-OO,CHN-BJ,CHS-OO,CHT-OO,CHX-OO,CPP-OO,CYP-OO,CZE-OO,EGY-OO,EHM-BH,ETH-OO,FRA-FR,GEO-OO,GER-OO,GRC-OO,GST-UA,HUN-OO,IRE-IR,IRN-OO,IRQ-OO,ITA-IT,KAZ-OO,KEN-OO,KGZ-OO,KOR-SK,KRA-OO,KRY-OO,NAT-OO,LBS-LB,LBY-OO,LES-OO,MOZ-OO,MYA-OO,NCS-OO,NEP-OO,OFS-OO,OMA-OO,PAK-OO,PAL-IS,PAL-JO,POL-OO,POR-OO,ROM-OO,RUC-OO,RUE-OO,RUN-OO,RUS-OO,RUW-OO,SAU-OO,SIN-OO,SPA-SP,SWI-OO,TAN-OO,TCS-AR,TCS-AZ,TKM-OO,TUE-OO,TUR-OO,TVL-OO,TZK-OO,UKR-MO,UKR-UK,UZB-OO,WHM-OO,WSB-OO,YEM-OO,YUG-SE,ZIM-OO,",",2,8,5,1,3,7,6,4,",",26,85,50,11,84,36,83,10,12,21,24,38,20,79,13,27,51,35,31,30,63,37,71,40,29,23,81,62,80,42,28,76,78,77,72,70,73,75,74,",",ANG,AGE,AGS,AGW,NSW,QLD,SOA,TAS,VIC,WAU,BGM,BZS,BZL,CLS,CLN,CLC,CHN,CHM,CHS,CHC,CHI,CHQ,CHX,CHT,CLM,DEN,BAL,CNY,ETH,FIN,COR,GRB,IRE,FRA,JAP,KOR,MOR,MXE,MXN,MXT,MXC,MXS,MXG,SIC,NAM,NOR,MDR,GST,KHA,MAG,ALT,KRA,SWE,URU,HAW,CPP,OFS,TVL,NAT,ZIM,MON,PAR,ECU,BOL,NZN,NZS,PER,BRC,WHM,MAU,REU,BUR,BER,ZAI,CUB,MRN,IND,LDV,NIC,PHI,PUE,RWA,STH,CAL,FLA,TEX,AZO,MAN,NBR,,NWT,NSC,NUN,ONT,PEI,QUE,YUK,GNL,NFL,ALA,ASK,ARI,ARK,COL,CNT,DEL,WDC,GEO,IDA,ILL,INI,IOW,KAN,KTY,LOU,MAI,MRY,MAS,MIC,MIN,MSI,MSO,MNT,NEB,NEV,NWH,NWJ,NWM,NCA,NDA,OHI,OKL,ORE,PEN,RHO,SCA,SDA,TEN,UTA,VER,VRG,WVA,WIS,WYO,CZE,",",ANG-OO,AGE-BA,AGE-CH,AGS-CB,AGE-CD,AGE-ER,AGW-ME,AGS-RN,AGW-SA,AGS-SC,AGW-SE,AGW-SJ,AGW-SL,AGW-TU,NSW-NS,QLD-QU,SOA-OO,TAS-OO,VIC-OO,WAU-WA,BGM-BE,BZS-PR,BZS-RS,BZL-SP,CLS-AI,CLN-TA,CLC-BI,CLC-OH,CLC-CO,CLC-MA,CLN-AT,CLS-MG,CLC-VA,CLC-SA,CHN-HB,CHN-SX,CHM-LN,CHM-JL,CHM-HJ,CHS-JS,CHS-AH,CHS-FJ,CHN-SD,CHS-HE,CHC-HU,CHC-SC,CHC-GZ,CHC-YN,CHI-NM,CHN-SA,CHN-GS,CHQ-OO,CHI-NX,CHX-OO,CHT-OO,CLM-OO,DEN-OO,BAL-OO,CNY-OO,ETH-OO,FIN-OO,COR-OO,GRB-OO,IRE-NI,FRA-CI,KOR-SK,BGM-LU,MOR-MO,MXE-AG,MXN-BC,MXE-CU,MXT-CI,MXE-CO,MXC-DF,MXE-DU,MXE-GU,MXE-HI,MXS-JA,MXC-ME,MXS-MI,MXE-NL,MXS-OA,MXC-PU,MXE-QU,MXN-SI,MXN-SO,MXE-TA,MXC-TL,MXG-VC,MXE-ZA,SIC-MA,NAM-OO,NOR-OO,KOR-NK,MDR-OO,GST-QA,KHA-OO,MAG-OO,ALT-OO,KRA-OO,SWE-OO,URU-OO,HAW-HI,CPP-EC,OFS-OO,TVL-GA,NAT-OO,TVL-NP,TVL-MP,CPP-NC,TVL-NW,CPP-WC,ZIM-OO,MON-OO,PAR-OO,MXN-BC,ECU-OO,BOL-OO,NZN-OO,NZS-OO,PER-OO,BRC-OO,WHM-HP,MXS-GR,MAU-OO,REU-OO,AGE-CN,BUR-OO,BER-OO,ZAI-OO,CUB-OO,MRN-GU,IND-AP,IND-KT,IND-KE,LDV-OO,IND-MR,IND-OR,IND-PO,IND-TN,MXT-CA,MXT-TB,MXT-YU,NIC-OO,PHI-OO,PUE-OO,RWA-OO,STH-OO,CAL-OO,FLA-OO,TEX-OO,AZO-OO,,ALA-OO,ARI-OO,ARK-OO,ASK-OO,CNT-OO,COL-OO,CZE-CZ,DEL-OO,GEO-OO,GNL-OO,HAW-OO,IDA-OO,ILL-OO,IND-OO,INI-OO,IOW-OO,KAN-OO,KTY-OO,LOU-OO,MAI-OO,MAN-OO,MAS-OO,MIC-OO,MIN-OO,MNT-OO,MRY-OO,MSI-OO,MSO-OO,NBR-OO,NCA-OO,NDA-OO,NEB-OO,NEV-OO,NFL-SP,NSC-OO,NUN-OO,NWH-OO,NWJ-OO,NWM-OO,NWT-OO,OHI-OO,OKL-OO,ONT-OO,ORE-OO,PEI-OO,PEN-OO,QUE-OO,RHO-OO,SCA-OO,SDA-OO,TEN-OO,UTA-OO,VER-OO,VRG-OO,WDC-OO,WIS-OO,WVA-OO,WYO-OO,YUK-OO,",",7,6,8,1,4,",",71,72,70,79,78,76,73,75,63,74,77,85,11,40,10,",",BRC,MAN,NBR,,NWT,NSC,NUN,ONT,PEI,QUE,YUK,GNL,NFL,ALA,ASK,ARI,ARK,CAL,COL,CNT,DEL,WDC,FLA,GEO,HAW,IDA,ILL,INI,IOW,KAN,KTY,LOU,MAI,MRY,MAS,MIC,MIN,MSI,MSO,MNT,NEB,NEV,NWH,NWJ,NWM,NCA,NDA,OHI,OKL,ORE,PEN,RHO,SCA,SDA,TEN,TEX,UTA,VER,VRG,WVA,WIS,WYO,CZE,IND,NOR,",",,ALA-OO,ARI-OO,ARK-OO,ASK-OO,BRC-OO,CAL-OO,CNT-OO,COL-OO,CZE-CZ,DEL-OO,FLA-OO,GEO-OO,GNL-OO,HAW-OO,IDA-OO,ILL-OO,IND-OO,INI-OO,IOW-OO,KAN-OO,KTY-OO,LOU-OO,MAI-OO,MAN-OO,MAS-OO,MIC-OO,MIN-OO,MNT-OO,MRY-OO,MSI-OO,MSO-OO,NBR-OO,NCA-OO,NDA-OO,NEB-OO,NEV-OO,NFL-SP,NOR-OO,NSC-OO,NUN-OO,NWH-OO,NWJ-OO,NWM-OO,NWT-OO,OHI-OO,OKL-OO,ONT-OO,ORE-OO,PEI-OO,PEN-OO,QUE-OO,RHO-OO,SCA-OO,SDA-OO,TEN-OO,TEX-OO,UTA-OO,VER-OO,VRG-OO,WDC-OO,WIS-OO,WVA-OO,WYO-OO,YUK-OO,"
"7322","Melilotus officinalis","Melilotus officinalis","invasive",",3,1,4,7,",",34,13,30,11,12,14,35,32,33,40,78,31,",",AFG,ALB,ALT,AUT,BAL,BLR,BUL,RUC,CZE,RUE,FRA,GER,GRC,GST,HUN,IRN,IRQ,ITA,KAZ,KGZ,KRA,KRY,NCS,RUW,PAK,POL,ROM,SAR,RUS,SPA,SWI,TZK,TCS,TUR,TUE,TKM,TVA,UKR,UZB,WHM,WSB,YEM,YUG,GEO,IND,BLT,NET,,RUN,",",,AFG-OO,ALB-OO,ALT-OO,AUT-AU,BAL-OO,BLR-OO,BLT-ES,BLT-LA,BLT-LI,BUL-OO,CZE-OO,FRA-FR,GEO-OO,GER-OO,GRC-OO,GST-OO,HUN-OO,IND-OO,IRN-OO,IRQ-OO,ITA-IT,KAZ-OO,KGZ-OO,KRA-OO,KRY-OO,NCS-OO,NET-OO,PAK-OO,POL-OO,ROM-OO,RUC-OO,RUE-OO,RUN-OO,RUS-OO,RUW-OO,SAR-OO,SPA-SP,SWI-OO,TCS-AR,TCS-AZ,TKM-OO,TUE-OO,TUR-OO,TVA-OO,TZK-OO,UKR-MO,UKR-UK,UZB-OO,WHM-HP,WHM-JK,WSB-OO,YEM-OO,YUG-OO,",",8,5,1,7,3,2,9,",",85,50,11,71,72,70,36,10,24,12,90,38,79,13,26,51,81,31,30,78,76,73,75,74,77,27,83,",",AGE,AGS,AGW,NSW,TAS,WAU,BGM,ABT,BRC,LAB,MAN,NBR,NFL,NSC,NWT,ONT,PEI,QUE,SAS,YUK,CLS,CHS,CHC,CHN,CHI,CHX,CHT,DEN,ETH,COR,KEG,GRB,IRE,GNL,FRA,JAP,MXE,MXC,MXN,SIC,MOZ,NOR,PUE,KHA,MAG,ALT,IRK,KRA,WSB,BRY,SWE,TAI,ASK,ALA,ARK,ARI,CAL,COL,CNT,WDC,DEL,FLA,GEO,IOW,IDA,ILL,INI,KAN,KTY,LOU,MAS,MRY,MAI,MIC,MIN,MSO,MSI,MNT,NCA,NDA,NEB,NWH,NWJ,NWM,NEV,NWY,OHI,OKL,ORE,PEN,RHO,SCA,SDA,TEN,TEX,UTA,VRG,VER,WAS,WIS,WVA,WYO,TVL,CPP,BOL,NZN,NZS,,FIN,DOM,PAR,",",AGE-BA,AGS-CB,AGE-ER,AGW-ME,AGS-NE,AGS-SC,NSW-NS,TAS-OO,WAU-WA,BGM-BE,ABT-OO,BRC-OO,LAB-OO,MAN-OO,NBR-OO,NFL-NE,NSC-OO,NWT-OO,ONT-OO,PEI-OO,QUE-OO,SAS-OO,YUK-OO,CLS-MG,CHS-JS,CHS-JX,CHS-HN,CHC-SC,CHC-GZ,CHC-YN,CHN-SA,CHN-GS,CHI-NX,CHX-OO,CHT-OO,DEN-OO,ETH-OO,COR-OO,KEG-OO,GRB-OO,IRE-NI,GNL-OO,FRA-CI,BGM-LU,MXE-CU,MXC-DF,MXE-DU,MXE-GU,MXE-HI,MXC-ME,MXE-QU,MXN-SO,SIC-MA,MOZ-OO,NOR-OO,PUE-OO,KHA-OO,MAG-OO,ALT-OO,IRK-OO,KRA-OO,WSB-OO,BRY-OO,NFL-SP,SWE-OO,TAI-OO,ASK-OO,ALA-OO,ARK-OO,ARI-OO,CAL-OO,COL-OO,CNT-OO,WDC-OO,DEL-OO,FLA-OO,GEO-OO,IOW-OO,IDA-OO,ILL-OO,INI-OO,KAN-OO,KTY-OO,LOU-OO,MAS-OO,MRY-OO,MAI-OO,MIC-OO,MIN-OO,MSO-OO,MSI-OO,MNT-OO,NCA-OO,NDA-OO,NEB-OO,NWH-OO,NWJ-OO,NWM-OO,NEV-OO,NWY-OO,OHI-OO,OKL-OO,ORE-OO,PEN-OO,RHO-OO,SCA-OO,SDA-OO,TEN-OO,TEX-OO,UTA-OO,VRG-OO,VER-OO,WAS-OO,WIS-OO,WVA-OO,WYO-OO,TVL-GA,CPP-WC,BOL-OO,NZN-OO,NZS-OO,,DOM-OO,FIN-OO,PAR-OO,",",3,1,7,8,",",36,10,71,70,81,73,74,78,77,85,",",,DEN,FIN,NOR,SWE,BRC,YUK,DOM,ASK,COL,ILL,IOW,KAN,KTY,MIN,MNT,NEB,NWM,NDA,OKL,SDA,TEN,WIS,WYO,PAR,",",,ASK-OO,BRC-OO,COL-OO,DEN-OO,DOM-OO,FIN-OO,ILL-OO,IOW-OO,KAN-OO,KTY-OO,MIN-OO,MNT-OO,NDA-OO,NEB-OO,NOR-OO,NWM-OO,OKL-OO,PAR-OO,SDA-OO,SWE-OO,TEN-OO,WIS-OO,WYO-OO,YUK-OO,"
"7386","Mesosphaerum pectinatum","Mesosphaerum pectinatum","invasive",",8,7,",",81,80,83,84,78,82,79,",",BAH,BLZ,BOL,BZN,BZE,BZS,BZL,BZC,CAY,CLM,COS,CUB,DOM,ECU,ELS,FLA,FRG,GUA,GUY,HAI,HON,JAM,LEE,MXI,MXC,MXG,MXE,MXT,MXS,NLA,NIC,PAN,PER,PUE,SUR,TRT,VEN,VNA,WIN,,",",,BAH-OO,BLZ-OO,BOL-OO,BZC-OO,BZE-OO,BZL-OO,BZN-OO,BZS-OO,CAY-OO,CLM-OO,COS-OO,CUB-OO,DOM-OO,ECU-OO,ELS-OO,FLA-OO,FRG-OO,GUA-OO,GUY-OO,HAI-HA,HON-OO,JAM-OO,LEE-AB,LEE-MO,MXC-OO,MXE-OO,MXG-OO,MXI-OO,MXS-OO,MXT-OO,NIC-OO,NLA-OO,PAN-OO,PER-OO,PUE-OO,SUR-OO,TRT-OO,VEN-OO,VNA-OO,WIN-BA,WIN-DO,WIN-GR,WIN-SV,",",2,6,5,4,7,3,8,",",26,60,50,23,27,61,24,22,62,42,41,40,29,79,38,25,78,63,85,43,83,81,84,",",ANG,SAM,QLD,BUR,BOT,CMN,ZAI,COO,ETH,FIJ,GHA,MRN,AND,ASS,IND,MDG,MXI,MAU,SWZ,TON,TAI,TAN,FLA,HAW,NAT,TVL,ZAM,ZIM,PAR,NWG,REU,GAL,COM,JAW,VIE,LEE,,WAU,NWC,NWG,",",ANG-OO,SAM-AS,QLD-QU,BUR-OO,BOT-OO,CMN-OO,ZAI-OO,COO-OO,ETH-OO,FIJ-OO,GHA-OO,MRN-GU,ASS-AS,IND-TN,IND-WB,MDG-OO,MXI-RG,MRN-NM,MAU-OO,SWZ-OO,TON-OO,TAI-OO,TAN-OO,FLA-OO,HAW-HI,NAT-OO,TVL-NP,TVL-MP,ZAM-OO,ZIM-OO,PAR-OO,NWG-PN,REU-OO,GAL-OO,,COM-MA,HAW-OO,JAW-OO,LEE-GU,NWC-OO,NWG-PN,QLD-OO,VIE-OO,WAU-OO,",",2,4,3,8,7,6,5,",",29,26,42,38,41,81,78,63,60,50,61,62,43,84,83,",",COM,ZIM,JAW,TAI,VIE,LEE,FLA,HAW,SAM,,QLD,WAU,COO,FIJ,MRN,NWC,NWG,TON,GAL,",",,COM-MA,COO-OO,FIJ-OO,FLA-OO,GAL-OO,HAW-OO,JAW-OO,LEE-GU,MRN-GU,MRN-NM,NWC-OO,NWG-PN,QLD-OO,SAM-AS,TAI-OO,TON-OO,VIE-OO,WAU-OO,ZIM-OO,"
"7445","Mimosa pigra","Mimosa pigra","invasive",",8,7,",",85,80,83,84,81,78,82,79,77,",",AGE,BLZ,BOL,BZN,BZE,BZS,BZL,BZC,CLM,COS,CUB,ECU,ELS,FLA,FRG,GAL,GUA,GUY,HON,JAM,LEE,MXC,MXG,MXN,MXT,MXS,NIC,PAN,PAR,PER,PUE,SUR,TEX,TRT,URU,VEN,WIN,,",",,AGE-OO,BLZ-OO,BOL-OO,BZC-GO,BZC-MS,BZC-MT,BZE-BA,BZL-MG,BZL-SP,BZN-AC,BZN-AM,BZS-PR,BZS-SC,CLM-OO,COS-OO,CUB-OO,ECU-OO,ELS-OO,FLA-OO,FRG-OO,GAL-OO,GUA-OO,GUY-OO,HON-OO,JAM-OO,LEE-OO,MXC-OO,MXG-OO,MXN-OO,MXS-OO,MXT-OO,NIC-OO,PAN-OO,PAR-OO,PER-OO,PUE-OO,SUR-OO,TEX-OO,TRT-OO,URU-OO,VEN-OO,WIN-OO,",",2,5,8,4,3,7,",",26,50,23,22,81,27,20,24,42,25,41,29,80,38,43,36,40,78,83,",",ANG,NTA,WAU,BUR,BEN,BKN,WIN,BOT,CAF,IVO,CMN,ZAI,CON,CUB,EGY,ETH,GHA,GUI,LEE,KEN,LAO,LBR,MDG,MLI,MTN,MLW,MLY,NAM,NGR,NGA,NIC,PUE,RWA,SUD,SEN,SIE,SWZ,CHA,TOG,THA,TAI,TAN,UGA,CPP,TVL,NAT,NWG,,ZAM,CHS,JAW,SUM,MYA,SRL,VIE,JAM,FLA,QLD,NWG,GAL,CBD,DJI,GAM,IND,PHI,",",ANG-OO,NTA-OO,WAU-WA,BUR-OO,BEN-OO,BKN-OO,WIN-BA,BOT-OO,CAF-OO,IVO-OO,CMN-OO,ZAI-OO,CON-OO,CUB-OO,WIN-DO,EGY-OO,ETH-OO,GHA-OO,GUI-OO,LEE-GU,WIN-GR,KEN-OO,LEE-SK,LAO-OO,LBR-OO,WIN-SL,MDG-OO,MLI-OO,MTN-OO,WIN-MA,MLW-OO,MLY-PM,NAM-OO,NGR-OO,NGA-OO,NIC-OO,PUE-OO,RWA-OO,SUD-OO,SEN-OO,MLY-SI,SIE-OO,SWZ-OO,CHA-OO,TOG-OO,THA-OO,TAI-OO,TAN-OO,UGA-OO,WIN-SV,CPP-EC,TVL-GA,NAT-OO,TVL-NP,TVL-MP,TVL-NW,NWG-PN,,CBD-OO,CHS-HK,DJI-OO,FLA-OO,GAL-OO,GAM-OO,IND-OO,JAM-OO,JAW-OO,MYA-OO,NWG-PN,PHI-OO,QLD-OO,SRL-OO,SUM-OO,VIE-OO,ZAM-OO,",",2,3,4,8,7,5,",",23,24,22,25,26,27,36,41,42,40,81,78,50,43,83,,",",BUR,ETH,GHA,KEN,MLW,RWA,,TAN,UGA,ZAM,CHS,JAW,SUM,MLY,MYA,SRL,THA,VIE,CUB,JAM,PUE,WIN,FLA,NTA,QLD,NWG,GAL,BOT,CBD,IVO,DJI,GAM,IND,NGR,NGA,PHI,SEN,",",,BOT-OO,BUR-OO,CBD-OO,CHS-HK,CUB-OO,DJI-OO,ETH-OO,FLA-OO,GAL-OO,GAM-OO,GHA-OO,IND-OO,IVO-OO,JAM-OO,JAW-OO,KEN-OO,MLW-OO,MLY-PM,MLY-SI,MYA-OO,NGA-OO,NGR-OO,NTA-OO,NWG-PN,PHI-OO,PUE-OO,QLD-OO,RWA-OO,SEN-OO,SRL-OO,SUM-OO,TAN-OO,THA-OO,UGA-OO,VIE-OO,WIN-SL,ZAM-OO,"
"7625","Myriophyllum heterophyllum","Myriophyllum heterophyllum","invasive",",7,8,",",78,75,81,80,74,79,72,77,",",ALA,ARK,CNT,CUB,DEL,FLA,GEO,GUA,ILL,INI,IOW,KAN,KTY,LOU,MAI,MRY,MAS,MXC,MXG,MXE,MXT,MXS,MIC,MIN,MSI,MSO,NBR,NWH,NWJ,NWY,NCA,OHI,OKL,ONT,PEN,PEI,QUE,RHO,SCA,TEN,TEX,VER,VRG,WVA,WIS,",",,ALA-OO,ARK-OO,CNT-OO,CUB-OO,DEL-OO,FLA-OO,GEO-OO,GUA-OO,ILL-OO,INI-OO,IOW-OO,KAN-OO,KTY-OO,LOU-OO,MAI-OO,MAS-OO,MIC-OO,MIN-OO,MRY-OO,MSI-OO,MSO-OO,MXC-OO,MXE-OO,MXG-OO,MXS-OO,MXT-OO,NBR-OO,NCA-OO,NWH-OO,NWJ-OO,NWY-OO,OHI-OO,OKL-OO,ONT-OO,PEI-OO,PEN-OO,QUE-OO,RHO-OO,SCA-OO,TEN-OO,TEX-OO,VER-OO,VRG-OO,WIS-OO,WVA-OO,",",1,7,",",11,71,12,75,73,",",BGM,ABT,BRC,SPA,MAS,RHO,VER,GER,NET,CNT,MAI,NWH,WAS,",",BGM-BE,ABT-OO,BRC-OO,SPA-SP,MAS-OO,RHO-OO,VER-OO,GER-OO,,CNT-OO,MAI-OO,NET-OO,NWH-OO,WAS-OO,",",1,7,",",11,75,73,",",GER,NET,CNT,MAI,MAS,NWH,WAS,",",,CNT-OO,GER-OO,MAI-OO,MAS-OO,NET-OO,NWH-OO,WAS-OO,"
"7823","Nymphoides peltata","Nymphoides peltata","invasive",",1,2,3,4,7,",",13,20,30,31,11,14,36,12,10,34,38,32,37,33,40,78,",",ALB,ALG,ALT,AMU,AUT,BLT,BLR,BGM,BUL,BRY,RUC,CHN,CHC,CHS,CTA,CZE,RUE,FRA,GER,GRB,GRC,HUN,CHI,IRN,IRQ,IRK,ITA,JAP,KAZ,KHA,KOR,KRA,CHM,,MON,NET,NCS,RUN,POL,POR,PRM,ROM,SAR,RUS,SPA,CHT,TCS,TUE,TVA,UKR,UZB,WHM,WSB,CHX,YAK,YUG,GEO,IND,TAI,TUR,",",,ALB-OO,ALG-OO,ALT-OO,AMU-OO,AUT-AU,AUT-LI,BGM-BE,BGM-LU,BLR-OO,BLT-ES,BLT-LI,BRY-OO,BUL-OO,CHC-OO,CHI-OO,CHM-OO,CHN-OO,CHS-OO,CHT-OO,CHX-OO,CTA-OO,CZE-SL,FRA-FR,GEO-OO,GER-OO,GRC-OO,HUN-OO,IND-OO,IRK-OO,IRN-OO,IRQ-OO,ITA-IT,JAP-OO,KAZ-OO,KHA-OO,KOR-NK,KOR-SK,KRA-OO,MON-OO,NCS-OO,NET-OO,POL-OO,POR-OO,PRM-OO,ROM-OO,RUC-OO,RUE-OO,RUN-OO,RUS-OO,SAR-OO,SPA-SP,TAI-OO,TCS-AR,TCS-AZ,TUE-OO,TUR-OO,TVA-OO,UKR-MO,UKR-UK,UZB-OO,WHM-JK,WSB-OO,YAK-OO,YUG-BH,YUG-CR,YUG-SE,YUG-SL,",",7,1,2,4,5,",",71,72,11,10,22,40,12,14,78,76,75,74,73,77,51,,",",BRC,NSC,QUE,SWI,DEN,GHA,WHM,IRE,FRA,RUC,SWE,ARK,ARI,CAL,CNT,WDC,DEL,ILL,INI,KTY,LOU,MAS,MRY,MSO,MSI,NCA,NEB,NWH,NWJ,NWY,OHI,OKL,ORE,PEN,RHO,SCA,TEN,TEX,VRG,VER,WAS,NZN,GER,,FLA,MAI,",",BRC-OO,NSC-OO,QUE-OO,SWI-OO,DEN-OO,GHA-OO,WHM-HP,IRE-IR,FRA-CI,RUC-OO,SWE-OO,ARK-OO,ARI-OO,CAL-OO,CNT-OO,WDC-OO,DEL-OO,ILL-OO,INI-OO,KTY-OO,LOU-OO,MAS-OO,MRY-OO,MSO-OO,MSI-OO,NCA-OO,NEB-OO,NWH-OO,NWJ-OO,NWY-OO,OHI-OO,OKL-OO,ORE-OO,PEN-OO,RHO-OO,SCA-OO,TEN-OO,TEX-OO,VRG-OO,VER-OO,WAS-OO,NZN-OO,GER-OO,,FLA-OO,MAI-OO,",",1,7,5,",",10,11,72,,76,78,75,74,73,77,51,",",IRE,SWE,SWI,,QUE,ARI,ARK,CAL,CNT,DEL,FLA,ILL,INI,KTY,LOU,MAI,MRY,MAS,MSI,MSO,NEB,NWH,NWJ,NWY,OHI,OKL,ORE,PEN,RHO,TEN,TEX,VER,VRG,WAS,",",,ARI-OO,ARK-OO,CAL-OO,CNT-OO,DEL-OO,FLA-OO,ILL-OO,INI-OO,IRE-IR,KTY-OO,LOU-OO,MAI-OO,MAS-OO,MRY-OO,MSI-OO,MSO-OO,NEB-OO,NWH-OO,NWJ-OO,NWY-OO,OHI-OO,OKL-OO,ORE-OO,PEN-OO,QUE-OO,RHO-OO,SWE-OO,SWI-OO,TEN-OO,TEX-OO,VER-OO,VRG-OO,WAS-OO,"
"7952","Onopordum acanthium","Onopordum acanthium","invasive",",3,1,2,4,7,",",34,13,20,30,11,14,12,10,32,33,40,35,36,78,31,",",AFG,ALB,ALG,ALT,AUT,BLT,BLR,BGM,BUL,RUC,COR,CZE,DEN,RUE,FRA,GER,GRC,HUN,IRN,IRQ,ITA,KAZ,KGZ,KRY,NET,NCS,RUW,NOR,PAK,POR,ROM,SAU,RUS,SPA,SWE,SWI,TZK,TCS,TUR,TKM,UKR,UZB,WHM,CHX,YEM,YUG,GEO,PAL,FIN,POL,,WSB,GRB,",",,AFG-OO,ALB-OO,ALG-OO,ALT-OO,AUT-AU,BGM-BE,BLR-OO,BLT-OO,BUL-OO,CHX-OO,COR-OO,CZE-CZ,CZE-SL,DEN-OO,FIN-OO,FRA-FR,GEO-OO,GER-OO,GRB-OO,GRC-OO,HUN-OO,IRN-OO,IRQ-OO,ITA-IT,KAZ-OO,KGZ-OO,KRY-OO,NCS-OO,NET-OO,NOR-OO,PAK-OO,PAL-JO,POL-OO,POR-OO,ROM-OO,RUC-OO,RUE-OO,RUS-OO,RUW-OO,SAU-OO,SPA-SP,SWE-OO,SWI-OO,TCS-AR,TCS-AZ,TKM-OO,TUR-OO,TZK-OO,UKR-MO,UKR-UK,UZB-OO,WHM-JK,WSB-OO,YEM-OO,YUG-CR,YUG-SE,",",8,5,1,7,3,4,",",85,50,14,84,71,72,10,33,40,38,11,13,51,30,78,76,73,75,74,77,83,,",",AGE,AGS,AGW,NSW,SOA,TAS,VIC,BLR,BZS,BRC,NBR,NFL,NSC,ONT,QUE,CLC,DEN,GRB,TCS,WHM,JAP,BLT,BGM,SIC,NOR,RUC,WSB,SWE,URU,ALA,ARI,CAL,COL,CNT,WDC,DEL,FLA,IOW,IDA,ILL,INI,KAN,KTY,MAS,MRY,MIC,MIN,MSO,MNT,NEB,NWJ,NWM,NEV,NWY,OHI,OKL,ORE,PEN,RHO,SDA,TEX,UTA,VRG,VER,WAS,WIS,WVA,WYO,GAL,NZN,NZS,GER,,",",AGE-BA,AGE-CH,AGS-CB,AGE-CD,AGE-DF,AGE-LP,AGW-LR,AGW-ME,AGS-NE,AGS-RN,AGS-SC,AGW-SL,NSW-NS,SOA-OO,TAS-OO,VIC-OO,BLR-OO,BZS-RS,BRC-OO,NBR-OO,NFL-NE,NSC-OO,ONT-OO,QUE-OO,CLC-LA,CLC-SA,DEN-OO,GRB-OO,TCS-GR,WHM-HP,BLT-LI,BGM-LU,SIC-MA,NOR-OO,RUC-OO,WSB-OO,SWE-OO,URU-OO,ALA-OO,ARI-OO,CAL-OO,COL-OO,CNT-OO,WDC-OO,DEL-OO,FLA-OO,IOW-OO,IDA-OO,ILL-OO,INI-OO,KAN-OO,KTY-OO,MAS-OO,MRY-OO,MIC-OO,MIN-OO,MSO-OO,MNT-OO,NEB-OO,NWJ-OO,NWM-OO,NEV-OO,NWY-OO,OHI-OO,OKL-OO,ORE-OO,PEN-OO,RHO-OO,SDA-OO,TEX-OO,UTA-OO,VRG-OO,VER-OO,WAS-OO,WIS-OO,WVA-OO,WYO-OO,GAL-OO,NZN-OO,NZS-OO,GER-OO,,NSW-OO,",",7,5,8,",",71,72,,76,73,74,77,75,50,85,51,",",,BRC,ONT,ARI,CAL,COL,IDA,MSO,NEV,NWM,NWY,ORE,WAS,WYO,NSW,TAS,VIC,",",,ARI-OO,BRC-OO,CAL-OO,COL-OO,IDA-OO,MSO-OO,NEV-OO,NSW-OO,NWM-OO,NWY-OO,ONT-OO,ORE-OO,TAS-OO,VIC-OO,WAS-OO,WYO-OO,"
"7980","Opuntia engelmannii","Opuntia engelmannii","invasive",",7,",",76,78,79,77,74,",",ARI,CAL,LOU,MXC,MXG,MXE,MXN,MXS,NEV,NWM,TEX,UTA,,MSI,MSO,OKL,",",,ARI-OO,CAL-OO,LOU-OO,MSI-OO,MSO-OO,MXC-OO,MXE-OO,MXG-OO,MXN-OO,MXS-OO,NEV-OO,NWM-OO,OKL-OO,TEX-OO,UTA-OO,",",5,1,2,3,7,",",50,12,25,27,35,76,77,",",SOA,SPA,KEN,TAN,CPP,OFS,TVL,SAU,CAL,TEX,NSW,WAU,,BOT,",",SOA-OO,SPA-SP,KEN-OO,TAN-OO,CPP-EC,OFS-OO,TVL-GA,TVL-NP,CPP-NC,TVL-NW,CPP-WC,,BOT-OO,CAL-OO,NSW-OO,SAU-OO,SPA-OO,TEX-OO,WAU-OO,",",2,3,1,7,5,",",25,35,12,76,77,50,27,",",KEN,SAU,SPA,CAL,TEX,NSW,SOA,WAU,,BOT,",",,BOT-OO,CAL-OO,KEN-OO,NSW-OO,SAU-OO,SOA-OO,SPA-OO,TEX-OO,WAU-OO,"
"7990","Opuntia phaeacantha","Opuntia phaeacantha","invasive",",7,",",76,73,74,79,77,",",ARI,CAL,COL,KAN,MXE,MXN,NEV,NWM,OKL,TEX,UTA,",",,ARI-OO,CAL-OO,COL-OO,KAN-OO,MXE-OO,MXN-OO,NEV-OO,NWM-OO,OKL-OO,TEX-OO,UTA-OO,",",1,3,5,7,",",11,12,33,50,78,",",CZE,SPA,TCS,,GEO,",",CZE-CZ,SPA-SP,TCS-GR,,GEO-OO,",",5,7,",",50,78,",",,GEO,",",,GEO-OO,"
"8036","Orobanche minor","Orobanche minor","invasive",",1,2,3,7,4,",",13,20,11,21,12,34,24,10,25,14,26,35,23,33,27,78,40,",",ALB,ALG,AUT,BGM,BUL,CNY,COR,CYP,EAI,EGY,ERI,ETH,FRA,GER,GRB,GRC,HUN,IRQ,ITA,KEN,KRI,KRY,LBY,MDR,MLW,MOR,MOZ,NET,OMA,POR,ROM,RWA,SAR,SAU,SIC,SOC,SOM,SPA,SUD,SWI,TAN,TCS,TUN,TUR,TUE,UGA,UKR,YEM,YUG,ZAM,ZIM,,GEO,PAL,LBS,PAK,CZE,AZO,RUC,RUN,RUS,",",,ALB-OO,ALG-OO,AUT-AU,AZO-OO,BGM-BE,BUL-OO,CNY-OO,COR-OO,CYP-OO,CZE-OO,EAI-OO,EGY-OO,ERI-OO,ETH-OO,FRA-FR,GEO-OO,GER-OO,GRC-OO,HUN-OO,IRQ-OO,ITA-IT,KEN-OO,KRI-OO,KRY-OO,LBS-LB,LBS-SY,LBY-OO,MDR-OO,MLW-OO,MOR-MO,MOZ-OO,NET-OO,OMA-OO,PAK-OO,PAL-IS,PAL-JO,POR-OO,ROM-OO,RUC-OO,RUN-OO,RUS-OO,RWA-OO,SAR-OO,SAU-OO,SIC-SI,SOC-OO,SOM-OO,SPA-SP,SUD-OO,SWI-OO,TAN-OO,TCS-AZ,TUE-OO,TUN-OO,TUR-OO,UGA-OO,UKR-UK,YEM-OO,YUG-SE,ZAM-OO,ZIM-OO,",",5,8,1,2,3,7,",",50,85,83,80,10,12,24,38,25,20,29,27,51,11,21,78,75,73,77,",",WAU,NSW,SOA,TAS,VIC,CLC,CLM,COS,DEN,SPA,ETH,GRB,IRE,JAP,KEN,MOR,MAU,NAM,NFK,CTM,POL,MDR,CZE,SWE,TUN,TAN,WDC,DEL,FLA,GEO,MRY,NCA,NWJ,NWY,ORE,PEN,SCA,TEN,TEX,VRG,VER,WAS,WVA,CPP,KER,REU,AZO,NZN,NZS,,JAP,",",WAU-WA,NSW-NS,SOA-OO,TAS-OO,VIC-OO,CLC-BI,CLC-MA,CLM-OO,COS-OO,DEN-OO,SPA-SP,ETH-OO,GRB-OO,IRE-IR,KEN-OO,MOR-MO,MAU-OO,NAM-OO,NFK-NI,CTM-OO,POL-OO,MDR-OO,CZE-SK,SWE-OO,TUN-OO,TAN-OO,WDC-OO,DEL-OO,FLA-OO,GEO-OO,MRY-OO,NCA-OO,NWJ-OO,NWY-OO,ORE-OO,PEN-OO,SCA-OO,TEN-OO,TEX-OO,VRG-OO,VER-OO,WAS-OO,WVA-OO,CPP-EC,CPP-WC,KER-OO,REU-OO,AZO-OO,NZN-OO,NZS-OO,,CZE-CZ,JAP-OO,",",7,8,1,3,",",78,75,73,85,11,38,",",DEL,FLA,GEO,MRY,NWJ,NWY,NCA,ORE,PEN,SCA,VRG,WAS,WVA,,CZE,JAP,",",,CZE-CZ,DEL-OO,FLA-OO,GEO-OO,JAP-OO,MRY-OO,NCA-OO,NWJ-OO,NWY-OO,ORE-OO,PEN-OO,SCA-OO,VRG-OO,WAS-OO,WVA-OO,"
"8242","Parkinsonia aculeata","Parkinsonia aculeata","invasive",",8,7,",",85,76,81,80,83,84,78,79,77,82,",",AGE,AGW,ARI,ARU,BAH,BLZ,BOL,BZS,CAL,CLM,CUB,DOM,ECU,ELS,FLA,GAL,GEO,GUA,HAI,HON,JAM,LEE,LOU,MXC,MXG,MXE,MXN,MXT,MSI,NLA,NEV,PAR,PER,PUE,SCA,SWC,TEX,TCI,URU,UTA,VNA,WIN,COS,,NIC,PAN,NWM,BZE,BZL,FRG,SUR,VEN,",",,AGE-OO,AGW-OO,ARI-OO,ARU-OO,BAH-OO,BLZ-OO,BOL-OO,BZE-BA,BZE-CE,BZE-PB,BZE-PE,BZL-SP,BZS-OO,CAL-OO,CLM-OO,COS-OO,CUB-OO,DOM-OO,ECU-OO,ELS-OO,FLA-OO,FRG-OO,GAL-OO,GEO-OO,GUA-OO,HAI-HA,HON-OO,JAM-OO,LEE-OO,LOU-OO,MSI-OO,MXC-OO,MXE-OO,MXG-OO,MXN-OO,MXT-OO,NEV-OO,NIC-OO,NLA-OO,NWM-OO,PAN-OO,PAR-OO,PER-OO,PUE-OO,SCA-OO,SUR-OO,SWC-OO,TCI-OO,TEX-OO,URU-OO,UTA-OO,VEN-OO,VNA-OO,WIN-OO,",",2,5,8,3,1,6,4,7,",",26,50,22,84,27,23,81,34,20,12,21,24,62,40,13,25,29,79,35,78,76,63,77,41,42,",",ANG,NSW,NTA,QLD,SOA,WAU,BEN,BKN,BZE,BZC,BZS,BZL,BOT,CMN,ZAI,CUB,CYP,DOM,EGY,BAL,CNY,SPA,ETH,GHA,MRN,IND,WHM,PAL,ITA,SIC,KEN,SRL,MDG,MXN,MOZ,MAU,NAM,NGA,GST,SEN,SOM,SWZ,CHA,TAN,UGA,ALA,CAL,FLA,GEO,HAW,LOU,MSI,NWM,NEV,SCA,TEX,UTA,LEE,YEM,CPP,OFS,TVL,NAT,ZIM,REU,,GRC,LBY,LSI,ZAM,",",ANG-OO,NSW-NS,NTA-OO,QLD-QU,SOA-OO,WAU-WA,BEN-OO,BKN-OO,BZE-AL,BZE-BA,BZE-MA,BZC-MS,BZE-PB,BZE-PE,BZE-PI,BZE-RN,BZS-RS,BZL-SP,BOT-OO,CMN-OO,ZAI-OO,CUB-OO,CYP-OO,DOM-OO,EGY-OO,BAL-OO,CNY-OO,SPA-SP,ETH-OO,GHA-OO,MRN-GU,IND-AP,IND-GU,IND-HA,WHM-HP,IND-KT,IND-KE,IND-MR,IND-OR,IND-RA,IND-TN,PAL-IS,ITA-IT,SIC-SI,KEN-OO,SRL-OO,MDG-OO,MXN-BC,MOZ-OO,MAU-OO,NAM-OO,NGA-OO,GST-QA,SEN-OO,SOM-OO,SWZ-OO,CHA-OO,TAN-OO,UGA-OO,ALA-OO,CAL-OO,FLA-OO,GEO-OO,HAW-HI,LOU-OO,MSI-OO,NWM-OO,NEV-OO,SCA-OO,TEX-OO,UTA-OO,LEE-BV,CPP-EC,OFS-OO,TVL-GA,NAT-OO,TVL-NP,TVL-MP,CPP-NC,TVL-NW,ZIM-OO,REU-OO,,GRC-OO,ITA-OO,LBY-OO,LSI-ET,NSW-OO,PAL-JO,QLD-OO,WAU-OO,ZAM-OO,",",2,1,8,7,5,4,3,",",24,25,26,22,27,13,81,79,76,77,50,41,34,20,42,",",ETH,KEN,MOZ,SEN,SOM,,TAN,ZIM,GRC,ITA,CUB,CAL,NWM,TEX,NSW,NTA,QLD,WAU,PAL,LBY,NAM,LSI,ZAM,",",,CAL-OO,CUB-OO,ETH-OO,GRC-OO,ITA-OO,KEN-OO,LBY-OO,LSI-ET,MOZ-OO,NSW-OO,NTA-OO,NWM-OO,PAL-IS,PAL-JO,QLD-OO,SEN-OO,SOM-OO,TAN-OO,TEX-OO,WAU-OO,ZAM-OO,ZIM-OO,NAM-OO,"
"8308","Paspalum vaginatum","Paspalum vaginatum","invasive",",7,8,2,3,4,5,6,",",78,85,81,80,83,84,82,79,77,26,22,23,24,25,29,27,35,41,36,40,38,42,50,61,62,60,",",ALA,AGE,AGW,AGS,BAH,BLZ,BER,BOL,BZN,BZE,BZS,BZL,BZC,CAY,CLC,CLN,CLS,CLM,COS,CUB,DOM,ECU,ELS,FLA,FRG,GAL,GEO,GUA,GUY,HAI,HON,JAM,LEE,LOU,MXT,MSI,NIC,NCA,PAN,PAR,PER,PUE,SCA,SUR,TEX,TRT,URU,VEN,WIN,ANG,BEN,CMN,CON,ZAI,EQG,ETH,GAB,GAM,GHA,GUI,KEN,MDG,MAU,MOZ,NGA,REU,SEN,SEY,SIE,SOM,,TAN,UGA,GST,CBD,CHH,CHC,CPI,CHS,IND,JAP,NNS,LAO,MLY,MDV,MYA,OMA,PHI,SAU,KOR,SRL,TAI,THA,VIE,YEM,NWM,NSW,NTA,QLD,SOA,VIC,COO,CRL,NUE,SAM,TON,VAN,",",,AGE-OO,AGS-OO,AGW-OO,ALA-OO,ANG-OO,BAH-OO,BEN-OO,BER-OO,BLZ-OO,BOL-OO,BZC-MS,BZE-AL,BZE-BA,BZE-CE,BZE-MA,BZE-PB,BZE-PE,BZE-RN,BZE-SE,BZL-ES,BZL-RJ,BZL-SP,BZN-PA,BZS-PR,BZS-RS,BZS-SC,CAY-OO,CBD-OO,CHC-YN,CHH-OO,CHS-HK,CLC-OO,CLM-OO,CLN-OO,CLS-OO,CMN-OO,CON-OO,COO-OO,COS-OO,CPI-CO,CRL-MF,CUB-OO,DOM-OO,ECU-OO,ELS-OO,EQG-OO,ETH-OO,FLA-OO,FRG-OO,GAB-OO,GAL-OO,GAM-OO,GEO-OO,GHA-OO,GST-BA,GUA-OO,GUI-OO,GUY-OO,HAI-HA,HON-OO,IND-OR,JAM-OO,JAP-OO,KEN-OO,KOR-SK,LAO-OO,LEE-AB,LEE-BV,LEE-GU,LEE-VI,LOU-OO,MAU-OO,MDG-OO,MDV-OO,MLY-SI,MOZ-OO,MSI-OO,MXT-OO,MYA-OO,NCA-OO,NGA-OO,NIC-OO,NNS-OO,NSW-OO,NTA-OO,NUE-OO,NWM-OO,OMA-OO,PAN-OO,PAR-OO,PER-OO,PHI-OO,PUE-OO,QLD-OO,REU-OO,SAM-OO,SAU-OO,SCA-OO,SEN-OO,SEY-OO,SIE-OO,SOA-OO,SOM-OO,SRL-OO,SUR-OO,TAI-OO,TAN-OO,TEX-OO,THA-OO,TON-OO,TRT-OO,UGA-OO,URU-OO,VAN-OO,VEN-OO,VIC-OO,VIE-OO,WIN-BA,WIN-MA,WIN-SV,YEM-OO,ZAI-OO,",",6,5,8,2,1,7,4,",",60,50,85,20,12,21,29,23,13,51,28,76,63,62,42,22,",",SAM,TOK,SOA,VIC,WAU,CLC,CLN,CLS,ALG,BAL,CNY,SPA,FRA,CGS,EQG,ITA,SAR,MOR,MDR,POR,STH,CAL,HAW,AZO,NZN,,MRS,TUV,MLY,SEN,",",SAM-AS,TOK-SW,SOA-OO,VIC-OO,WAU-WA,CLC-CO,CLN-AT,CLN-TA,CLC-MA,CLC-SA,CLS-LL,CLC-VA,ALG-OO,BAL-OO,CNY-OO,SPA-SP,FRA-FR,CGS-OO,EQG-OO,ITA-IT,SAR-OO,MOR-MO,MDR-OO,POR-OO,STH-OO,CAL-OO,HAW-HI,AZO-OO,NZN-OO,,HAW-OO,MLY-OO,MRS-OO,SEN-OO,TUV-OO,",",2,7,6,5,4,1,",",29,76,63,62,51,60,21,42,12,22,",",,CAL,HAW,MRS,TUV,CNY,MLY,POR,SEN,",",,CAL-OO,CNY-OO,HAW-OO,MLY-OO,MRS-OO,POR-OO,SEN-OO,TUV-OO,"
"8349","Pastinaca sativa","Pastinaca sativa","invasive",",1,3,7,",",13,30,11,14,12,10,34,37,33,78,",",ALB,ALT,AUT,BLT,BLR,BGM,BUL,RUC,COR,CZE,RUE,FRA,GER,GRB,GRC,HUN,ITA,KRA,KRY,LBS,,MON,NET,NCS,POL,ROM,SAR,RUS,SPA,SWI,TCS,TUR,TUE,UKR,WSB,YUG,GEO,DEN,FIN,RUN,SWE,",",,ALB-OO,ALT-OO,AUT-AU,AUT-LI,BGM-BE,BGM-LU,BLR-OO,BLT-ES,BLT-LA,BLT-LI,BUL-OO,COR-OO,CZE-CZ,CZE-SL,DEN-OO,FIN-OO,FRA-FR,GEO-OO,GER-OO,GRC-OO,HUN-OO,ITA-IT,KRA-OO,KRY-OO,LBS-LB,LBS-SY,MON-OO,NCS-OO,NET-OO,POL-OO,ROM-OO,RUC-OO,RUE-OO,RUN-OO,RUS-OO,SAR-OO,SPA-AN,SPA-SP,SWE-OO,SWI-OO,TCS-AR,TCS-AZ,TUE-OO,TUR-OO,UKR-MO,UKR-UK,WSB-OO,YUG-BH,YUG-CR,YUG-MA,YUG-MN,YUG-SE,YUG-SL,",",8,5,7,1,2,6,3,4,",",85,50,71,72,70,10,24,62,38,32,41,79,51,31,14,30,27,78,76,73,75,74,77,83,,",",AGE,AGS,AGW,NSW,SOA,TAS,VIC,WAU,ABT,BRC,MAN,NBR,NFL,NSC,NWT,ONT,PEI,QUE,SAS,YUK,CLC,DEN,ETH,FIN,GRB,MRN,JAP,KGZ,LAO,MXT,MXG,NOR,CTM,KHA,RUW,RUC,ALT,IRK,KRA,WSB,BRY,CTA,SWE,SWZ,UKR,URU,ASK,ARK,ARI,CAL,COL,CNT,WDC,DEL,IOW,IDA,ILL,INI,KAN,KTY,LOU,MAS,MRY,MAI,MIC,MIN,MSO,MNT,NCA,NDA,NEB,NWH,NWJ,NWM,NEV,NWY,OHI,OKL,ORE,PEN,RHO,SCA,SDA,TEN,TEX,UTA,VRG,VER,WAS,WIS,WVA,WYO,CPP,OFS,TVL,NAT,ECU,BOL,NZN,NZS,,",",AGE-BA,AGS-CB,AGE-CD,AGW-ME,AGS-NE,AGW-SA,AGW-SE,NSW-NS,SOA-OO,TAS-OO,VIC-OO,WAU-WA,ABT-OO,BRC-OO,MAN-OO,NBR-OO,NFL-NE,NSC-OO,NWT-OO,ONT-OO,PEI-OO,QUE-OO,SAS-OO,YUK-OO,CLC-BI,CLC-LA,CLC-MA,DEN-OO,ETH-OO,FIN-OO,GRB-OO,MRN-GU,KGZ-OO,LAO-OO,MXT-CI,MXG-VC,NOR-OO,CTM-OO,KHA-OO,RUW-OO,RUC-OO,ALT-OO,IRK-OO,KRA-OO,WSB-OO,BRY-OO,CTA-OO,NFL-SP,SWE-OO,SWZ-OO,UKR-UK,URU-OO,ASK-OO,ARK-OO,ARI-OO,CAL-OO,COL-OO,CNT-OO,WDC-OO,DEL-OO,IOW-OO,IDA-OO,ILL-OO,INI-OO,KAN-OO,KTY-OO,LOU-OO,MAS-OO,MRY-OO,MAI-OO,MIC-OO,MIN-OO,MSO-OO,MNT-OO,NCA-OO,NDA-OO,NEB-OO,NWH-OO,NWJ-OO,NWM-OO,NEV-OO,NWY-OO,OHI-OO,OKL-OO,ORE-OO,PEN-OO,RHO-OO,SCA-OO,SDA-OO,TEN-OO,TEX-OO,UTA-OO,VRG-OO,VER-OO,WAS-OO,WIS-OO,WVA-OO,WYO-OO,CPP-EC,OFS-OO,TVL-GA,NAT-OO,TVL-MP,TVL-NW,CPP-WC,ECU-OO,BOL-OO,NZN-OO,NZS-OO,,",",7,1,",",71,72,70,,78,74,75,10,",",,ABT,BRC,MAN,NBR,NWT,NSC,ONT,PEI,QUE,SAS,YUK,KTY,NEB,OHI,TEN,WIS,DEN,",",,ABT-OO,BRC-OO,DEN-OO,KTY-OO,MAN-OO,NBR-OO,NEB-OO,NSC-OO,NWT-OO,OHI-OO,ONT-OO,PEI-OO,QUE-OO,SAS-OO,TEN-OO,WIS-OO,YUK-OO,"
"8597","Phleum pratense","Phleum pratense","invasive",",1,3,2,4,7,",",13,30,11,21,14,12,10,34,32,20,33,40,78,37,",",ALB,ALT,AUT,AZO,BGM,BUL,BRY,RUC,CTA,COR,CZE,DEN,RUE,FIN,FRA,FOR,GER,GRB,GRC,HUN,ICE,IRN,IRQ,IRE,IRK,ITA,KAZ,KGZ,KRA,KRY,LBS,MOR,NET,NCS,RUN,RUW,NOR,PAK,POL,POR,ROM,SAR,SIC,RUS,SPA,SWE,SWI,TZK,TCS,TUR,TUE,TVA,UKR,UZB,WHM,WSB,YAK,YUG,GEO,IND,ASS,MON,BLR,BLT,,",",,ALB-OO,ALT-OO,ASS-NA,AUT-AU,AZO-OO,BGM-BE,BLR-OO,BLT-ES,BLT-LA,BLT-LI,BRY-OO,BUL-OO,COR-OO,CTA-OO,CZE-CZ,CZE-SL,DEN-OO,FIN-OO,FOR-OO,FRA-FR,GEO-OO,GER-OO,GRC-OO,HUN-OO,ICE-OO,IND-OO,IRE-IR,IRK-OO,IRN-OO,IRQ-OO,ITA-IT,KAZ-OO,KGZ-OO,KRA-OO,KRY-OO,LBS-LB,LBS-SY,MON-OO,MOR-MO,NCS-OO,NET-OO,NOR-OO,PAK-OO,POL-OO,POR-OO,ROM-OO,RUC-OO,RUE-OO,RUN-OO,RUS-OO,RUW-OO,SAR-OO,SIC-SI,SPA-SP,SWE-OO,SWI-OO,TCS-AR,TCS-AZ,TUE-OO,TUR-OO,TVA-OO,TZK-OO,UKR-MO,UKR-UK,UZB-OO,WHM-HP,WSB-OO,YAK-OO,YUG-CR,YUG-SE,YUG-SL,",",5,8,7,3,1,9,4,6,2,",",50,84,71,72,70,85,36,10,90,40,38,79,51,31,78,76,73,75,63,74,77,21,83,11,29,",",NSW,SOA,TAS,VIC,WAU,BZS,ABT,BRC,LAB,MAN,NBR,NFL,NSC,NWT,ONT,PEI,QUE,SAS,YUK,CLS,CLC,CHN,CHM,CHS,CHC,CHI,CHX,DEN,CRZ,KEG,GNL,WHM,ICE,JAP,KOR,MXE,MXS,MXC,MXN,CTM,KHA,KUR,MAG,SWE,ASK,ALA,ARK,ARI,CAL,COL,CNT,WDC,DEL,FLA,GEO,HAW,IOW,IDA,ILL,INI,KAN,KTY,LOU,MAS,MRY,MAI,MIC,MIN,MSO,MSI,MNT,NCA,NDA,NEB,NWH,NWJ,NWM,NEV,NWY,OHI,OKL,ORE,PEN,RHO,SCA,SDA,TEN,TEX,UTA,VRG,VER,WAS,WIS,WVA,WYO,AZO,BOL,NZN,NZS,GER,MAU,JAP,",",NSW-NS,SOA-OO,TAS-OO,VIC-OO,WAU-WA,BZS-RS,ABT-OO,BRC-OO,LAB-OO,MAN-OO,NBR-OO,NFL-NE,NSC-OO,NWT-OO,ONT-OO,PEI-OO,QUE-OO,SAS-OO,YUK-OO,CLS-LL,CLC-LA,CLC-MA,CLS-MG,CLC-BI,CLC-SA,CHN-HB,CHM-HJ,CHS-JS,CHS-AH,CHN-SD,CHS-HE,CHC-YN,CHN-SA,CHN-GS,CHI-NX,CHX-OO,DEN-OO,CRZ-OO,KEG-OO,GNL-OO,WHM-HP,ICE-OO,KOR-SK,MXE-CU,MXS-JA,MXC-ME,MXN-SO,CTM-OO,KOR-NK,KHA-OO,KUR-OO,MAG-OO,NFL-SP,SWE-OO,ASK-OO,ALA-OO,ARK-OO,ARI-OO,CAL-OO,COL-OO,CNT-OO,WDC-OO,DEL-OO,FLA-OO,GEO-OO,HAW-HI,IOW-OO,IDA-OO,ILL-OO,INI-OO,KAN-OO,KTY-OO,LOU-OO,MAS-OO,MRY-OO,MAI-OO,MIC-OO,MIN-OO,MSO-OO,MSI-OO,MNT-OO,NCA-OO,NDA-OO,NEB-OO,NWH-OO,NWJ-OO,NWM-OO,NEV-OO,NWY-OO,OHI-OO,OKL-OO,ORE-OO,PEN-OO,RHO-OO,SCA-OO,SDA-OO,TEN-OO,TEX-OO,UTA-OO,VRG-OO,VER-OO,WAS-OO,WIS-OO,WVA-OO,WYO-OO,AZO-OO,BOL-OO,NZN-OO,NZS-OO,GER-OO,,JAP-HK,MAU-OO,NSW-OO,WAU-OO,",",2,3,7,5,",",29,38,70,73,50,",",MAU,JAP,ASK,MNT,WYO,NSW,VIC,WAU,",",,ASK-OO,JAP-HK,MAU-OO,MNT-OO,NSW-OO,VIC-OO,WAU-OO,WYO-OO,"
"8629","Phragmites australis","Phragmites australis","invasive",",3,7,1,2,8,4,5,",",34,78,13,71,20,30,31,26,85,76,11,12,14,80,22,83,27,23,21,24,36,73,75,10,82,35,74,38,32,25,42,79,37,40,72,77,50,33,70,41,28,29,81,,84,",",AFG,ALA,ALB,ABT,ALG,ALT,AMU,ANG,AGE,AGW,AGS,ARI,ARK,AUT,BAL,BLT,BLR,BGM,BLZ,BEN,BOL,BOT,BRC,BUL,BKN,BRY,CAL,CMN,CNY,CPP,CVI,RUC,CHA,CLC,CLN,CLS,CHN,CHC,CHS,CTA,CLM,COL,CON,CNT,COR,COS,CYP,CZE,DEL,DEN,WDC,EAI,RUE,ECU,EGY,ELS,ERI,ETH,FIN,FLA,FRA,OFS,FRG,GAM,GEO,GER,GRB,GRC,GUA,GNB,GGI,GST,GUY,CHH,HON,HUN,IDA,ILL,INI,CHI,IOW,IRN,IRQ,IRE,IRK,ITA,JAP,KAM,KAN,KAZ,KTY,KEN,KHA,KGZ,KOR,KRA,KRI,KRY,KUR,KUW,NAT,LBS,LES,LBY,LOU,MDR,MAI,MLY,CHM,MAN,MRY,MAS,MTN,MXC,MXG,MXE,MXN,MXT,MXS,MIC,MIN,MSI,MSO,,MON,MNT,MOR,MOZ,NAM,NNS,NEB,NEP,NET,NEV,NBR,NWH,NWJ,NWM,NSW,NWY,NIC,NGR,NGA,NFK,NCA,NCS,NDA,RUN,TVL,NTA,RUW,NWT,NOR,NSC,OHI,OKL,OMA,ONT,ORE,PAK,PAL,PAN,PEN,PER,POL,POR,PRM,PEI,CHQ,QLD,QUE,RHO,ROM,SAK,SAR,SAS,SAU,SEN,SIC,SIN,SOM,SOA,SCA,SDA,RUS,SPA,SUD,SUR,SWZ,SWE,SWI,TZK,TAS,TEN,TEX,CHT,TCS,TUN,TUR,TUE,TKM,TVA,UKR,URU,UTA,UZB,VEN,VER,VIC,VIE,VRG,WAS,WHM,WSB,WVA,WAU,WSA,WIS,WYO,CHX,YAK,YEM,YUG,ZAM,ZIM,MDG,BAN,IND,LAO,PHI,SRL,TAI,THA,BAH,DOM,LEE,HAI,JAM,WIN,PUE,",",,ABT-OO,AFG-OO,AGE-OO,AGS-OO,AGW-OO,ALA-OO,ALB-OO,ALG-OO,ALT-OO,AMU-OO,ANG-OO,ARI-OO,ARK-OO,AUT-AU,BAH-OO,BAL-OO,BAN-OO,BEN-OO,BGM-BE,BKN-OO,BLR-OO,BLT-ES,BLT-LA,BLT-LI,BLZ-OO,BOL-OO,BOT-OO,BRC-OO,BRY-OO,BUL-OO,CAL-OO,CHA-OO,CHC-OO,CHH-OO,CHI-OO,CHM-OO,CHN-OO,CHQ-OO,CHS-HN,CHT-OO,CHX-OO,CLC-OO,CLM-OO,CLN-OO,CLS-OO,CMN-OO,CNT-OO,CNY-OO,COL-OO,CON-OO,COR-OO,COS-OO,CPP-OO,CTA-OO,CVI-OO,CYP-OO,CZE-OO,DEL-OO,DEN-OO,DOM-OO,EAI-OO,ECU-OO,EGY-OO,ELS-OO,ERI-OO,ETH-OO,FIN-OO,FLA-OO,FRA-FR,FRG-OO,GAM-OO,GEO-OO,GER-OO,GGI-OO,GNB-OO,GRC-OO,GST-BA,GUA-OO,GUY-OO,HAI-OO,HON-OO,HUN-OO,IDA-OO,ILL-OO,IND-GU,INI-OO,IOW-OO,IRE-IR,IRK-OO,IRN-OO,IRQ-OO,ITA-IT,JAM-OO,JAP-HN,KAM-OO,KAN-OO,KAZ-OO,KEN-OO,KGZ-OO,KHA-OO,KOR-NK,KOR-SK,KRA-OO,KRI-OO,KRY-OO,KTY-OO,KUR-OO,KUW-OO,NAT-OO,LAO-OO,LBS-OO,LBY-OO,LEE-GU,LES-OO,LOU-OO,MAI-OO,MAN-OO,MAS-OO,MDG-OO,MDR-OO,MIC-OO,MIN-OO,MLY-OO,MNT-OO,MON-OO,MOR-MO,MOZ-OO,MRY-OO,MSI-OO,MSO-OO,MTN-OO,MXC-OO,MXE-OO,MXG-OO,MXN-OO,MXS-OO,MXT-OO,NBR-OO,NCA-OO,NCS-OO,NDA-OO,NEB-OO,NEP-OO,NET-OO,NEV-OO,NFK-OO,NGA-OO,NGR-OO,NIC-OO,NNS-OO,NOR-OO,NSC-OO,NSW-NS,NTA-OO,NWH-OO,NWJ-OO,NWM-OO,NWT-OO,NWY-OO,OFS-OO,OHI-OO,OKL-OO,OMA-OO,ONT-OO,ORE-OO,PAK-OO,PAL-IS,PAL-JO,PAN-OO,PEI-OO,PEN-OO,PER-OO,PHI-OO,POL-OO,POR-OO,PRM-OO,PUE-OO,QLD-QU,QUE-OO,RHO-OO,ROM-OO,RUC-OO,RUE-OO,RUN-OO,RUS-OO,RUW-OO,SAK-OO,SAR-OO,SAS-OO,SAU-OO,SCA-OO,SDA-OO,SEN-OO,SIC-SI,SIN-OO,SOA-OO,SOM-OO,SPA-SP,SRL-OO,SUD-OO,SUR-OO,SWE-OO,SWI-OO,SWZ-OO,TAI-OO,TAS-OO,TCS-AR,TCS-AZ,TEN-OO,TEX-OO,THA-OO,TKM-OO,TUE-OO,TUN-OO,TUR-OO,TVA-OO,TVL-OO,TZK-OO,UKR-UK,URU-OO,UTA-OO,UZB-OO,VEN-OO,VER-OO,VIC-OO,VIE-OO,VRG-OO,WAS-OO,WAU-WA,WDC-OO,WHM-JK,WIN-MA,WIN-SL,WIS-OO,WSA-OO,WSB-OO,WVA-OO,WYO-OO,YAK-OO,YEM-OO,YUG-BH,YUG-CR,YUG-MA,YUG-MN,YUG-SE,YUG-SL,ZAM-OO,ZIM-OO,",",5,8,7,2,6,",",50,84,71,72,70,29,79,51,81,78,76,73,75,63,74,77,21,,85,",",WAU,BZL,ABT,BRC,MAN,NBR,NFL,NSC,NWT,ONT,PEI,QUE,SAS,MDG,MXN,MXT,MXE,MXS,MXC,MXG,PUE,ALA,ARK,ARI,CAL,COL,CNT,WDC,DEL,FLA,GEO,HAW,IOW,IDA,ILL,INI,KAN,KTY,LOU,MAS,MRY,MAI,MIC,MIN,MSO,MSI,MNT,NCA,NDA,NEB,NWH,NWJ,NWM,NEV,NWY,OHI,OKL,ORE,PEN,RHO,SCA,SDA,TEN,TEX,UTA,VRG,VER,WAS,WIS,WVA,WYO,NZN,NZS,CNY,,",",WAU-WA,BZL-RJ,ABT-OO,BRC-OO,MAN-OO,NBR-OO,NFL-NE,NSC-OO,NWT-OO,ONT-OO,PEI-OO,QUE-OO,SAS-OO,MDG-OO,MXN-BC,MXT-CA,MXE-CU,MXT-CI,MXE-CO,MXS-CL,MXE-DU,MXS-GR,MXE-GU,MXS-JA,MXC-ME,MXS-MI,MXC-MO,MXS-NA,MXE-NL,MXS-OA,MXC-PU,MXT-QR,MXN-SI,MXN-SO,MXT-TB,MXE-TA,MXG-VC,MXT-YU,PUE-OO,NFL-SP,ALA-OO,ARK-OO,ARI-OO,CAL-OO,COL-OO,CNT-OO,WDC-OO,DEL-OO,FLA-OO,GEO-OO,HAW-HI,IOW-OO,IDA-OO,ILL-OO,INI-OO,KAN-OO,KTY-OO,LOU-OO,MAS-OO,MRY-OO,MAI-OO,MIC-OO,MIN-OO,MSO-OO,MSI-OO,MNT-OO,NCA-OO,NDA-OO,NEB-OO,NWH-OO,NWJ-OO,NWM-OO,NEV-OO,NWY-OO,OHI-OO,OKL-OO,ORE-OO,PEN-OO,RHO-OO,SCA-OO,SDA-OO,TEN-OO,TEX-OO,UTA-OO,VRG-OO,VER-OO,WAS-OO,WIS-OO,WVA-OO,WYO-OO,NZN-OO,NZS-OO,,CNY-OO,",",2,7,5,8,",",29,21,72,,73,75,78,74,50,51,85,",",MDG,CNY,,ONT,QUE,COL,CNT,DEL,GEO,INI,KTY,MRY,MIC,NWH,NWY,OHI,PEN,RHO,TEN,VER,VRG,WIS,",",,CNT-OO,CNY-OO,COL-OO,DEL-OO,GEO-OO,INI-OO,KTY-OO,MDG-OO,MIC-OO,MRY-OO,NWH-OO,NWY-OO,OHI-OO,ONT-OO,PEN-OO,QUE-OO,RHO-OO,TEN-OO,VER-OO,VRG-OO,WIS-OO,"
"8667","Phyllostachys aureosulcata","Phyllostachys aureosulcata","invasive",",3,7,",",36,78,",",CHS,CHN,ALA,",",,ALA-OO,CHN-BJ,CHS-AH,CHS-HE,CHS-JS,CHS-ZJ,",",7,5,",",78,75,77,74,50,",",ALA,GEO,KTY,MSI,PEN,SCA,TEX,VRG,WVA,ARK,DEL,ILL,MSO,NWY,TEN,,NSW,",",ALA-OO,GEO-OO,KTY-OO,MSI-OO,PEN-OO,SCA-OO,TEX-OO,VRG-OO,WVA-OO,,ARK-OO,DEL-OO,ILL-OO,MSO-OO,NSW-OO,NWY-OO,TEN-OO,",",7,5,",",78,74,75,77,50,",",ALA,ARK,DEL,GEO,ILL,KTY,MSI,MSO,NWY,PEN,TEN,TEX,WVA,,NSW,",",,ALA-OO,ARK-OO,DEL-OO,GEO-OO,ILL-OO,KTY-OO,MSI-OO,MSO-OO,NSW-OO,NWY-OO,PEN-OO,TEN-OO,TEX-OO,WVA-OO,"
"8767","Pilosella officinarum","Pilosella officinarum","invasive",",1,3,7,",",13,11,14,12,10,34,32,33,78,30,",",ALB,AUT,BLT,BLR,BGM,BUL,RUC,COR,CZE,DEN,RUE,FIN,FRA,GER,GRB,GRC,HUN,IRN,IRE,ITA,KAZ,KRY,NET,NCS,RUN,RUW,NOR,POL,POR,ROM,RUS,SPA,SWE,SWI,TCS,TUR,UKR,YUG,GEO,WSB,BAL,",",,ALB-OO,AUT-AU,AUT-LI,BAL-OO,BGM-BE,BGM-LU,BLR-OO,BLT-ES,BLT-LA,BLT-LI,BUL-OO,COR-OO,CZE-CZ,CZE-SL,DEN-OO,FIN-OO,FRA-FR,GEO-OO,GER-OO,GRC-OO,HUN-OO,IRE-IR,IRN-OO,ITA-IT,KAZ-OO,KRY-OO,NCS-OO,NET-OO,NOR-OO,POL-OO,POR-OO,ROM-OO,RUC-OO,RUE-OO,RUN-OO,RUS-OO,RUW-OO,SPA-SP,SWE-OO,SWI-OO,TCS-AR,TCS-AZ,TUR-OO,UKR-MO,UKR-UK,WSB-OO,YUG-BH,YUG-CR,YUG-MA,YUG-SE,YUG-SL,",",5,7,8,3,",",50,71,72,85,51,30,70,75,78,74,73,",",NSW,TAS,VIC,BRC,NBR,NFL,NSC,ONT,PEI,QUE,CLS,ALT,ASK,CNT,DEL,GEO,MAS,MRY,MAI,MIC,MIN,NCA,NWH,NWJ,NWY,OHI,ORE,PEN,RHO,TEN,VRG,VER,WAS,WIS,WVA,NZN,NZS,,",",NSW-NS,TAS-OO,VIC-OO,BRC-OO,NBR-OO,NFL-NE,NSC-OO,ONT-OO,PEI-OO,QUE-OO,CLS-MG,ALT-OO,NFL-SP,ASK-OO,CNT-OO,DEL-OO,GEO-OO,MAS-OO,MRY-OO,MAI-OO,MIC-OO,MIN-OO,NCA-OO,NWH-OO,NWJ-OO,NWY-OO,OHI-OO,ORE-OO,PEN-OO,RHO-OO,TEN-OO,VRG-OO,VER-OO,WAS-OO,WIS-OO,WVA-OO,NZN-OO,NZS-OO,,",",7,5,8,",",71,72,75,78,74,73,51,85,",",BRC,NBR,,NSC,ONT,PEI,QUE,CNT,DEL,GEO,MAI,MRY,MAS,MIC,MIN,NWH,NWJ,NWY,NCA,OHI,ORE,PEN,RHO,TEN,VER,VRG,WAS,WVA,",",,BRC-OO,CNT-OO,DEL-OO,GEO-OO,MAI-OO,MAS-OO,MIC-OO,MIN-OO,MRY-OO,NBR-OO,NCA-OO,NSC-OO,NWH-OO,NWJ-OO,NWY-OO,OHI-OO,ONT-OO,ORE-OO,PEI-OO,PEN-OO,QUE-OO,RHO-OO,TEN-OO,VER-OO,VRG-OO,WAS-OO,WVA-OO,"
"8793","Pinus contorta","Pinus contorta","invasive",",7,",",70,71,76,73,79,74,",",ASK,ABT,BRC,CAL,COL,IDA,MXN,MNT,NEV,NWT,ORE,SAS,SDA,UTA,WAS,WYO,YUK,",",,ABT-OO,ASK-OO,BRC-OO,CAL-OO,COL-OO,IDA-OO,MNT-OO,MXN-OO,NEV-OO,NWT-OO,ORE-OO,SAS-OO,SDA-OO,UTA-OO,WAS-OO,WYO-OO,YUK-OO,",",5,1,7,8,",",50,10,51,73,85,",",NSW,VIC,DEN,GRB,IRE,ICE,NOR,SWE,NZN,NZS,WYO,,",",NSW-NS,VIC-OO,DEN-OO,GRB-OO,IRE-NI,IRE-IR,ICE-OO,NOR-OO,SWE-OO,NZN-OO,NZS-OO,,WYO-OO,",",1,7,5,8,",",10,73,50,51,85,",",IRE,SWE,WYO,,DEN,NOR,",",,DEN-OO,IRE-IR,NOR-OO,SWE-OO,WYO-OO,"
"8858","Pistia stratiotes","Pistia stratiotes","invasive",",3,4,2,8,7,5,",",34,41,26,85,40,80,22,83,42,27,84,23,24,36,29,81,20,78,82,25,79,38,43,50,77,",",AFG,AND,ANG,AGE,ASS,BAN,BLZ,BEN,BOL,BOR,BOT,BZN,BZE,BZS,BZL,BZC,BKN,BUR,CAB,CBD,CMN,CPP,CPV,CAF,CHA,CHC,CHS,CLM,COM,CON,COS,CUB,DOM,EHM,ECU,EGY,ELS,EQG,ETH,FLA,OFS,FRG,GAB,GAL,GAM,GHA,GUA,GUI,GNB,GGI,GUY,CHH,HAI,HON,IND,IVO,JAM,JAW,KEN,NAT,LDV,LAO,LEE,LES,LBR,LOU,MDG,MLW,MLY,MDV,MLI,MOL,MTN,MAU,MXI,MXC,MXG,MXE,MXN,MXT,MXS,MSI,MOZ,MYA,NAM,NNS,NEP,NLA,NWG,NIC,NCB,NGR,NGA,TVL,NTA,PAK,PAN,PAR,PER,PHI,PUE,QLD,RWA,SEN,SIE,SOM,SCS,SRL,SUD,SUL,SUR,SWZ,TAI,TAN,TEX,THA,TOG,TRT,UGA,URU,VEN,VNA,VIE,WHM,WIN,ZAM,ZAI,ZIM,SOL,",",,AFG-OO,AGE-OO,AND-AN,ANG-OO,ASS-AS,BAN-OO,BEN-OO,BKN-OO,BLZ-OO,BOL-OO,BOR-OO,BOT-OO,BUR-OO,BZC-GO,BZC-MS,BZC-MT,BZE-AL,BZE-BA,BZE-CE,BZE-PB,BZE-PE,BZE-PI,BZE-RN,BZE-SE,BZL-ES,BZL-MG,BZL-RJ,BZL-SP,BZN-AC,BZN-AM,BZN-AP,BZN-PA,BZS-PR,BZS-RS,BZS-SC,CAB-OO,CAF-OO,CBD-OO,CHA-OO,CHC-OO,CHH-OO,CHS-OO,CLM-OO,CMN-OO,COM-CO,CON-OO,COS-OO,CPP-OO,CPV-OO,CUB-OO,DOM-OO,ECU-OO,EGY-OO,EHM-OO,ELS-OO,EQG-OO,ETH-OO,FLA-OO,FRG-OO,GAB-OO,GAL-OO,GAM-OO,GGI-OO,GHA-OO,GNB-OO,GUA-OO,GUI-OO,GUY-OO,HAI-HA,HON-OO,IND-OO,IVO-OO,JAM-OO,JAW-OO,KEN-OO,NAT-OO,LAO-OO,LBR-OO,LDV-OO,LEE-OO,LES-OO,LOU-OO,MAU-OO,MDG-OO,MDV-OO,MLI-OO,MLW-OO,MLY-OO,MOL-OO,MOZ-OO,MSI-OO,MTN-OO,MXC-OO,MXE-OO,MXG-OO,MXI-OO,MXN-OO,MXS-OO,MXT-OO,MYA-OO,NCB-OO,NEP-OO,NGA-OO,NGR-OO,NIC-OO,NLA-OO,NNS-OO,NTA-OO,NWG-OO,OFS-OO,PAK-OO,PAN-OO,PAR-OO,PER-OO,PHI-OO,PUE-OO,QLD-QU,RWA-OO,SCS-OO,SEN-OO,SIE-OO,SOL-OO,SOM-OO,SRL-OO,SUD-OO,SUL-OO,SUR-OO,SWZ-OO,TAI-OO,TAN-OO,TEX-OO,THA-OO,TOG-OO,TRT-OO,TVL-OO,UGA-OO,URU-OO,VEN-OO,VIE-OO,VNA-OO,WHM-OO,WIN-OO,ZAI-OO,ZAM-OO,ZIM-OO,",",2,5,8,3,6,1,4,7,",",26,50,23,22,81,27,85,36,61,83,21,24,62,11,42,34,38,25,29,79,40,12,14,13,41,76,73,75,78,63,74,60,82,51,43,",",ANG,NSW,QLD,WAU,BUR,BEN,BKN,BER,BOT,CAF,CLS,CHN,CHS,CHC,CHH,CHT,IVO,CMN,ZAI,COO,CLM,CUB,CNY,ETH,EQG,MRN,HUN,PAL,JAP,KEN,LBR,MDG,MXN,MXT,MXS,MXE,MXC,MXG,MOZ,MLY,NAM,NGA,NEP,PHI,POR,SCI,RUC,RWA,SUD,YUG,CHA,TOG,THA,TAI,TAN,UGA,ARI,CAL,COL,CNT,DEL,GEO,HAW,IOW,ILL,INI,KAN,LOU,MRY,MIN,MSO,MSI,NCA,NWJ,NWY,OHI,VRG,WIS,CPP,TVL,NAT,ZIM,AUT,REU,AZO,GHA,MLW,ZAM,BOR,CBD,,PUE,ALA,FLA,NWC,CRL,VAN,GUY,IND,JAP,NWG,SEN,LSI,VIE,NET,",",ANG-OO,NSW-NS,QLD-QU,WAU-WA,BUR-OO,BEN-OO,BKN-OO,BER-OO,BOT-OO,CAF-OO,CLS-MG,CHN-BJ,CHS-JS,CHS-ZJ,CHS-AH,CHS-FJ,CHN-SD,CHC-HU,CHS-HN,CHS-GD,CHS-GX,CHH-OO,CHC-CQ,CHC-SC,CHC-GZ,CHC-YN,CHS-HK,CHT-OO,IVO-OO,CMN-OO,ZAI-OO,COO-OO,CLM-OO,CUB-OO,CNY-OO,ETH-OO,EQG-OO,MRN-GU,HUN-OO,PAL-IS,KEN-OO,LBR-OO,MDG-OO,MXN-BC,MXT-CA,MXT-CI,MXS-CL,MXS-GR,MXE-GU,MXS-JA,MXC-ME,MXS-MI,MXC-MO,MXS-NA,MXS-OA,MXC-PU,MXT-QR,MXN-SI,MXE-SL,MXT-TB,MXE-TA,MXG-VC,MXT-YU,MRN-NM,MOZ-OO,MLY-PM,NAM-OO,NGA-OO,NEP-OO,PHI-OO,POR-OO,SCI-OO,RUC-OO,RWA-OO,SUD-OO,MLY-SI,YUG-SL,CHA-OO,TOG-OO,THA-OO,TAI-OO,TAN-OO,UGA-OO,ARI-OO,CAL-OO,COL-OO,CNT-OO,DEL-OO,GEO-OO,HAW-HI,IOW-OO,ILL-OO,INI-OO,KAN-OO,LOU-OO,MRY-OO,MIN-OO,MSO-OO,MSI-OO,NCA-OO,NWJ-OO,NWY-OO,OHI-OO,VRG-OO,WIS-OO,CPP-EC,TVL-GA,NAT-OO,TVL-NP,TVL-MP,CPP-NC,TVL-NW,CPP-WC,ZIM-OO,AUT-AU,REU-OO,AZO-OO,,ALA-OO,BOR-BR,CBD-OO,CHS-JX,CRL-PA,FLA-OO,GHA-OO,GUY-OO,HAW-OO,IND-OO,JAP-OO,LSI-ET,MLW-OO,MLY-OO,NET-OO,NWC-OO,NWG-PN,PUE-OO,SEN-OO,VAN-OO,VIE-OO,ZAM-OO,",",2,4,3,8,7,6,5,1,",",22,27,23,24,25,26,29,42,41,36,38,21,81,78,63,61,62,60,82,40,34,51,43,50,11,",",BEN,BOT,BUR,IVO,ETH,GHA,KEN,MLW,REU,TAN,UGA,ZAM,ZIM,BOR,CBD,,CHS,CHC,MLY,PHI,TAI,THA,CNY,CUB,PUE,ALA,FLA,HAW,COO,MRN,NWC,CRL,VAN,BER,GUY,IND,PAL,JAP,LBR,NAM,NGA,NWG,SEN,LSI,TOG,VIE,NET,",",,ALA-OO,BEN-OO,BER-OO,BOR-BR,BOT-OO,BUR-OO,CBD-OO,CHC-HU,CHS-AH,CHS-FJ,CHS-GD,CHS-GX,CHS-HN,CHS-JS,CHS-JX,CNY-OO,COO-OO,CRL-PA,CUB-OO,ETH-OO,FLA-OO,GHA-OO,GUY-OO,HAW-OO,IND-OO,IVO-OO,JAP-OO,KEN-OO,LBR-OO,LSI-ET,MLW-OO,MLY-OO,MRN-GU,NET-OO,NGA-OO,NWC-OO,NWG-PN,PAL-IS,PHI-OO,PUE-OO,REU-OO,SEN-OO,TAI-OO,TAN-OO,THA-OO,TOG-OO,UGA-OO,VAN-OO,VIE-OO,ZAM-OO,ZIM-OO,NAM-OO,"
"8906","Plantago lanceolata","Plantago lanceolata","invasive",",3,1,2,4,7,",",34,13,20,11,21,12,14,36,10,40,32,35,22,37,33,38,30,26,78,42,,",",AFG,ALB,ALG,AUT,AZO,BAL,BLT,BLR,BGM,BUL,CNY,RUC,CHN,CHC,CHS,COR,CYP,CZE,DEN,EAI,RUE,EHM,FIN,FRA,FOR,GER,GRB,GRC,HUN,ICE,IRN,IRQ,IRE,ITA,KAZ,KGZ,KRI,KRY,KUW,LBS,LBY,MDR,CHM,MTN,,MON,MOR,NEP,NET,NCS,RUN,RUW,NOR,PAK,PAL,POL,POR,ROM,SAR,SAU,SIC,RUS,SPA,SWE,SWI,TZK,TAI,TCS,TUN,TUR,TUE,TKM,UKR,UZB,WHM,WSB,CHX,YEM,YUG,EGY,ZIM,GEO,IND,PHI,",",,AFG-OO,ALB-OO,ALG-OO,AUT-AU,AZO-OO,BAL-OO,BGM-BE,BLR-OO,BLT-ES,BLT-LA,BLT-LI,BUL-OO,CHC-OO,CHM-OO,CHN-OO,CHS-OO,CHX-OO,CNY-OO,COR-OO,CYP-OO,CZE-OO,DEN-OO,EAI-OO,EGY-OO,EHM-OO,FIN-OO,FOR-OO,FRA-FR,GEO-OO,GER-OO,GRC-OO,HUN-OO,ICE-OO,IND-OO,IRE-IR,IRN-OO,IRQ-OO,ITA-IT,KAZ-OO,KGZ-OO,KRI-OO,KRY-OO,KUW-OO,LBS-LB,LBS-SY,LBY-OO,MDR-OO,MON-OO,MOR-MO,MTN-OO,NCS-OO,NEP-OO,NET-OO,NOR-OO,PAK-OO,PAL-IS,PAL-JO,PHI-OO,POL-OO,POR-OO,ROM-OO,RUC-OO,RUE-OO,RUN-OO,RUS-OO,RUW-OO,SAR-OO,SAU-OO,SIC-MA,SIC-SI,SPA-SP,SWE-OO,SWI-OO,TAI-OO,TCS-AR,TCS-AZ,TKM-OO,TUE-OO,TUN-OO,TUR-OO,TZK-OO,UKR-MO,UKR-UK,UZB-OO,WHM-OO,WSB-OO,YEM-OO,YUG-OO,ZIM-OO,",",8,5,1,2,7,3,6,9,4,",",85,50,13,81,83,84,27,71,72,36,61,80,90,70,42,40,38,29,79,51,35,31,30,28,10,60,25,78,76,73,75,63,74,77,26,21,,",",AGE,AGS,AGW,NSW,NTA,QLD,SOA,TAS,VIC,WAU,BUL,BER,BOL,BZC,BZL,BZS,BOT,ABT,BRC,MAN,NBR,NFL,NSC,ONT,PEI,QUE,SAS,CLN,JNF,CLC,CLS,CHN,CHM,CHS,CHC,CHX,COO,CLM,COS,CUB,CRZ,KEG,GNL,WHM,JAP,KOR,SRL,MDG,MXE,MXN,MXT,MXC,MXS,MXG,WIN,MAU,NAM,NFK,NEP,CTM,PAN,PHI,PUE,GST,KHA,MAG,ALT,IRK,KRA,WSB,ASC,TDC,SWE,SWZ,TON,TAI,TAN,ASK,ALA,ARK,ARI,CAL,COL,CNT,WDC,DEL,FLA,GEO,HAW,IOW,IDA,ILL,INI,KAN,KTY,LOU,MAS,MRY,MAI,MIC,MIN,MSO,MSI,MNT,NCA,NDA,NEB,NWH,NWJ,NWM,NEV,NWY,OHI,OKL,ORE,PEN,RHO,SCA,SDA,TEN,TEX,UTA,VRG,VER,WAS,WIS,WVA,WYO,CPP,OFS,TVL,NAT,MPE,ZIM,KER,REU,AZO,ECU,ROD,NZN,NZS,PER,,STH,",",AGE-BA,AGS-CB,AGE-CD,AGE-DF,AGE-ER,AGW-JU,AGE-LP,AGW-ME,AGS-RN,AGW-SA,AGS-SC,AGW-SJ,AGS-TF,NSW-NS,NTA-OO,QLD-QU,SOA-OO,TAS-OO,VIC-OO,WAU-WA,BUL-OO,BER-OO,BOL-OO,BZC-DF,BZL-MG,BZS-PR,BZL-RJ,BZS-RS,BZS-SC,BZL-SP,BOT-OO,ABT-OO,BRC-OO,MAN-OO,NBR-OO,NFL-NE,NSC-OO,ONT-OO,PEI-OO,QUE-OO,SAS-OO,CLN-AN,JNF-OO,CLC-BI,CLC-OH,CLC-SA,CLS-LL,CLC-CO,CLC-MA,CLC-LA,CLN-AT,CLC-VA,CLS-MG,CHN-BJ,CHM-LN,CHS-JS,CHS-ZJ,CHS-JX,CHN-SD,CHS-HE,CHC-YN,CHN-SA,CHN-GS,CHX-OO,COO-OO,CLM-OO,COS-OO,CUB-OO,CRZ-OO,KEG-OO,GNL-OO,WHM-HP,KOR-SK,SRL-OO,MDG-OO,MXE-AG,MXN-BC,MXE-CU,MXT-CI,MXE-CO,MXC-DF,MXE-DU,MXE-GU,MXE-HI,MXC-ME,MXS-MI,MXC-MO,MXE-NL,MXS-OA,MXC-PU,MXE-QU,MXE-SL,MXN-SO,MXE-TA,MXG-VC,MXE-ZA,WIN-MA,MAU-OO,NAM-OO,NFK-NI,NEP-OO,CTM-OO,PAN-OO,PHI-OO,PUE-OO,KOR-NK,GST-QA,KHA-OO,MAG-OO,ALT-OO,IRK-OO,KRA-OO,WSB-OO,ASC-OO,TDC-OO,NFL-SP,SWE-OO,SWZ-OO,TON-OO,TAI-OO,TAN-OO,ASK-OO,ALA-OO,ARK-OO,ARI-OO,CAL-OO,COL-OO,CNT-OO,WDC-OO,DEL-OO,FLA-OO,GEO-OO,HAW-HI,IOW-OO,IDA-OO,ILL-OO,INI-OO,KAN-OO,KTY-OO,LOU-OO,MAS-OO,MRY-OO,MAI-OO,MIC-OO,MIN-OO,MSO-OO,MSI-OO,MNT-OO,NCA-OO,NDA-OO,NEB-OO,NWH-OO,NWJ-OO,NWM-OO,NEV-OO,NWY-OO,OHI-OO,OKL-OO,ORE-OO,PEN-OO,RHO-OO,SCA-OO,SDA-OO,TEN-OO,TEX-OO,UTA-OO,VRG-OO,VER-OO,WAS-OO,WIS-OO,WVA-OO,WYO-OO,CPP-EC,OFS-OO,TVL-GA,NAT-OO,TVL-NP,MPE-OO,TVL-MP,CPP-NC,TVL-NW,CPP-WC,ZIM-OO,KER-OO,MXN-BC,MXN-BS,REU-OO,AZO-OO,ECU-OO,ROD-OO,NZN-OO,NZS-OO,PER-OO,,CHC-GZ,CHC-HU,CHC-SC,CHS-FJ,CHS-GD,CHS-GX,CHS-HN,HAW-OO,STH-OO,",",3,8,7,6,2,",",36,81,,78,70,76,73,75,63,74,77,85,28,",",,CHS,CHC,CHN,CHX,CUB,ALA,ASK,ARK,CAL,COL,CNT,DEL,FLA,GEO,HAW,IDA,ILL,INI,IOW,KAN,KTY,LOU,MAI,MRY,MAS,MIC,MIN,MSI,MSO,MNT,NEB,NEV,NWH,NWJ,NWM,NWY,NCA,NDA,OHI,OKL,ORE,PEN,RHO,SCA,SDA,TEN,TEX,UTA,VER,WAS,WVA,WIS,WYO,STH,",",,ALA-OO,ARK-OO,ASK-OO,CAL-OO,CHC-GZ,CHC-HU,CHC-SC,CHC-YN,CHN-SA,CHS-FJ,CHS-GD,CHS-GX,CHS-HN,CHS-JS,CHS-ZJ,CHX-OO,CNT-OO,COL-OO,CUB-OO,DEL-OO,FLA-OO,GEO-OO,HAW-OO,IDA-OO,ILL-OO,INI-OO,IOW-OO,KAN-OO,KTY-OO,LOU-OO,MAI-OO,MAS-OO,MIC-OO,MIN-OO,MNT-OO,MRY-OO,MSI-OO,MSO-OO,NCA-OO,NDA-OO,NEB-OO,NEV-OO,NWH-OO,NWJ-OO,NWM-OO,NWY-OO,OHI-OO,OKL-OO,ORE-OO,PEN-OO,RHO-OO,SCA-OO,SDA-OO,STH-OO,TEN-OO,TEX-OO,UTA-OO,VER-OO,WAS-OO,WIS-OO,WVA-OO,WYO-OO,"
"8991","Poa compressa","Poa compressa","invasive",",1,2,3,7,",",13,20,11,14,36,12,34,10,32,33,78,21,",",ALB,ALG,AUT,BLT,BLR,BGM,BUL,RUC,CHN,CHC,CHS,COR,CYP,CZE,DEN,RUE,FIN,FRA,GER,GRC,HUN,IRN,ITA,KAZ,KRY,LBS,MOR,NET,NCS,RUN,RUW,NOR,POL,CHQ,ROM,SAR,SIC,RUS,SPA,SWE,SWI,TCS,TUR,TUE,UKR,CHX,YUG,GEO,FOR,ICE,IRE,AZO,,BAL,GRB,",",,ALB-OO,ALG-OO,AUT-AU,AZO-OO,BAL-OO,BGM-BE,BLR-OO,BLT-ES,BLT-LA,BUL-OO,CHC-OO,CHN-OO,CHQ-OO,CHS-OO,CHX-OO,COR-OO,CYP-OO,CZE-CZ,CZE-SL,DEN-OO,FIN-OO,FOR-OO,FRA-FR,GEO-OO,GER-OO,GRB-OO,GRC-OO,HUN-OO,ICE-OO,IRE-IR,IRN-OO,ITA-IT,KAZ-OO,KRY-OO,LBS-LB,LBS-SY,MOR-MO,NCS-OO,NET-OO,NOR-OO,POL-OO,ROM-OO,RUC-OO,RUE-OO,RUN-OO,RUS-OO,RUW-OO,SAR-OO,SIC-SI,SPA-SP,SWE-OO,SWI-OO,TCS-AR,TCS-AZ,TUE-OO,TUR-OO,UKR-MO,UKR-UK,YUG-CR,YUG-SE,YUG-SL,",",8,5,1,7,3,2,6,",",85,50,13,71,72,70,36,10,12,38,79,51,21,31,30,78,76,73,75,63,74,77,,",",AGE,AGS,AGW,NSW,TAS,BUL,ABT,BRC,LAB,MAN,NBR,NFL,NSC,NWT,ONT,PEI,QUE,SAS,YUK,CLS,CHN,CHS,CHC,CHQ,CHX,GRB,IRE,FRA,JAP,KOR,MXE,MXC,MXS,MDR,KHA,ALT,KRA,WSB,TAI,ASK,ALA,ARK,ARI,CAL,COL,CNT,WDC,DEL,GEO,HAW,IOW,IDA,ILL,INI,KAN,KTY,LOU,MAS,MRY,MAI,MIC,MIN,MSO,MSI,MNT,NCA,NDA,NEB,NWH,NWJ,NWM,NEV,NWY,OHI,OKL,ORE,PEN,RHO,SCA,SDA,TEN,TEX,UTA,VRG,VER,WAS,WIS,WVA,WYO,NZN,NZS,,",",AGE-BA,AGS-CB,AGW-ME,AGS-NE,AGS-RN,NSW-NS,TAS-OO,BUL-OO,ABT-OO,BRC-OO,LAB-OO,MAN-OO,NBR-OO,NFL-NE,NSC-OO,NWT-OO,ONT-OO,PEI-OO,QUE-OO,SAS-OO,YUK-OO,CLS-MG,CHN-HB,CHS-JS,CHS-AH,CHS-JX,CHN-SD,CHC-YN,CHQ-OO,CHX-OO,GRB-OO,IRE-IR,FRA-CI,KOR-SK,MXE-CU,MXE-CO,MXC-ME,MXS-MI,MXE-NL,MDR-OO,KHA-OO,ALT-OO,KRA-OO,WSB-OO,NFL-SP,TAI-OO,ASK-OO,ALA-OO,ARK-OO,ARI-OO,CAL-OO,COL-OO,CNT-OO,WDC-OO,DEL-OO,GEO-OO,HAW-HI,IOW-OO,IDA-OO,ILL-OO,INI-OO,KAN-OO,KTY-OO,LOU-OO,MAS-OO,MRY-OO,MAI-OO,MIC-OO,MIN-OO,MSO-OO,MSI-OO,MNT-OO,NCA-OO,NDA-OO,NEB-OO,NWH-OO,NWJ-OO,NWM-OO,NEV-OO,NWY-OO,OHI-OO,OKL-OO,ORE-OO,PEN-OO,RHO-OO,SCA-OO,SDA-OO,TEN-OO,TEX-OO,UTA-OO,VRG-OO,VER-OO,WAS-OO,WIS-OO,WVA-OO,WYO-OO,NZN-OO,NZS-OO,,",",7,",",71,72,70,,78,76,75,74,77,73,",",,ABT,BRC,MAN,NBR,NWT,NSC,ONT,PEI,QUE,SAS,YUK,NFL,ALA,ASK,CAL,CNT,GEO,ILL,MAS,MIC,NEB,NWH,NWM,OKL,ORE,PEN,RHO,TEN,VER,VRG,WAS,WVA,WYO,",",,ABT-OO,ALA-OO,ASK-OO,BRC-OO,CAL-OO,CNT-OO,GEO-OO,ILL-OO,MAN-OO,MAS-OO,MIC-OO,NBR-OO,NEB-OO,NFL-SP,NSC-OO,NWH-OO,NWM-OO,NWT-OO,OKL-OO,ONT-OO,ORE-OO,PEI-OO,PEN-OO,QUE-OO,RHO-OO,SAS-OO,TEN-OO,VER-OO,VRG-OO,WAS-OO,WVA-OO,WYO-OO,YUK-OO,"
"9000","Poa pratensis","Poa pratensis","invasive",",3,7,1,4,2,",",34,78,70,13,71,30,31,76,11,14,36,73,75,12,10,40,74,42,32,38,79,37,41,72,43,77,33,35,20,21,",",AFG,ALA,ASK,ALB,ABT,ALT,AMU,ARI,ARK,AUT,BLT,BLR,BGM,BRC,BUL,BRY,CAL,RUC,CHN,CHC,CHS,CTA,COL,CNT,COR,CYP,CZE,DEL,DEN,WDC,EAI,RUE,EHM,FIN,FLA,FRA,FOR,GEO,GER,GRB,GRC,GNL,HUN,ICE,IDA,ILL,INI,CHI,IOW,IRN,IRQ,IRE,IRK,ITA,JAW,KAM,KAN,KAZ,KTY,KHA,KGZ,KOR,KRA,KRI,KRY,KUR,LBS,LOU,MAG,MAI,CHM,MAN,MRY,MAS,MXE,MXN,MIC,MIN,MSI,MSO,,MON,MNT,MYA,NEB,NEP,NET,NEV,NBR,NWG,NWH,NWJ,NWM,NWY,NCA,NCS,NDA,RUN,RUW,NWT,NOR,NSC,NUN,OHI,OKL,ONT,ORE,PAK,PEN,PHI,POL,POR,PRM,PEI,CHQ,QUE,RHO,ROM,SAK,SAR,SAS,SIC,SCA,SDA,RUS,SPA,SVA,SWE,SWI,TZK,TEN,TEX,CHT,TCS,TUR,TUE,TKM,TVA,UKR,UTA,UZB,VER,VRG,WAS,WHM,WSB,WVA,WIS,WYO,CHX,YAK,YEM,YUG,YUK,ALG,LBY,MOR,IND,ASS,JAP,SAU,SRL,TAI,BAL,CNY,",",,ABT-OO,AFG-OO,ALA-OO,ALB-OO,ALG-OO,ALT-OO,AMU-OO,ARI-OO,ARK-OO,ASK-OO,ASS-ME,AUT-AU,BAL-OO,BGM-BE,BGM-LU,BLR-OO,BLT-ES,BLT-LA,BLT-LI,BRC-OO,BRY-OO,BUL-OO,CAL-OO,CHC-GZ,CHC-HU,CHC-SC,CHC-YN,CHI-NX,CHM-HJ,CHM-JL,CHM-LN,CHN-GS,CHN-HB,CHN-SA,CHN-SD,CHQ-OO,CHS-AH,CHS-HE,CHS-JS,CHS-JX,CHT-OO,CHX-OO,CNT-OO,CNY-OO,COL-OO,COR-OO,CTA-OO,CYP-OO,CZE-SL,DEL-OO,DEN-OO,EAI-OO,EHM-BH,EHM-SI,FIN-OO,FLA-OO,FOR-OO,FRA-FR,GEO-OO,GER-OO,GNL-OO,GRC-OO,HUN-OO,ICE-OO,IDA-OO,ILL-OO,IND-OO,INI-OO,IOW-OO,IRE-IR,IRK-OO,IRN-OO,IRQ-OO,ITA-IT,JAP-OO,JAW-OO,KAM-OO,KAN-OO,KAZ-OO,KGZ-OO,KHA-OO,KOR-SK,KRA-OO,KRI-OO,KRY-OO,KTY-OO,KUR-OO,LBS-LB,LBS-SY,LBY-OO,LOU-OO,MAG-OO,MAI-OO,MAN-OO,MAS-OO,MIC-OO,MIN-OO,MNT-OO,MON-OO,MOR-OO,MRY-OO,MSI-OO,MSO-OO,MXE-OO,MXN-OO,MYA-OO,NBR-OO,NCA-OO,NCS-OO,NDA-OO,NEB-OO,NEP-OO,NET-OO,NEV-OO,NOR-OO,NSC-OO,NUN-OO,NWG-OO,NWH-OO,NWJ-OO,NWM-OO,NWT-OO,NWY-OO,OHI-OO,OKL-OO,ONT-OO,ORE-OO,PAK-OO,PEI-OO,PEN-OO,PHI-OO,POL-OO,POR-OO,PRM-OO,QUE-OO,RHO-OO,ROM-OO,RUC-OO,RUE-OO,RUN-OO,RUS-OO,RUW-OO,SAK-OO,SAR-OO,SAS-OO,SAU-OO,SCA-OO,SDA-OO,SIC-MA,SIC-SI,SPA-SP,SRL-OO,SVA-OO,SWE-OO,SWI-OO,TAI-OO,TCS-AZ,TEN-OO,TEX-OO,TKM-OO,TUE-OO,TUR-OO,TVA-OO,TZK-OO,UKR-UK,UTA-OO,UZB-OO,VER-OO,VRG-OO,WAS-OO,WDC-OO,WHM-HP,WIS-OO,WSB-OO,WVA-OO,WYO-OO,YAK-OO,YEM-OO,YUG-CR,YUG-MA,YUG-SE,YUG-SL,YUK-OO,",",8,9,5,7,3,4,2,1,6,",",85,91,50,83,84,71,72,70,36,80,90,40,38,27,79,51,42,81,31,28,10,78,76,73,75,63,74,77,82,29,11,,",",AGE,AGS,AGW,ANT,NSW,NTA,SOA,TAS,VIC,WAU,BOL,BZS,ABT,BRC,LAB,MAN,NBR,NFL,NSC,NWT,ONT,PEI,QUE,SAS,YUK,CLS,JNF,CLC,CLN,CHN,CHM,CHS,CHC,CHI,CHQ,CHX,CHT,CLM,COS,CRZ,KEG,GNL,WHM,JAP,KOR,LES,MXN,MXE,MXC,MXS,MXG,NFK,ATP,CTM,PHI,PUE,KUR,SGE,TDC,STH,SWE,TAI,URU,ASK,ALA,ARK,ARI,CAL,COL,CNT,WDC,DEL,FLA,GEO,HAW,IOW,IDA,ILL,INI,KAN,KTY,LOU,MAS,MRY,MAI,MIC,MIN,MSO,MSI,MNT,NCA,NDA,NEB,NWH,NWJ,NWM,NEV,NWY,OHI,OKL,ORE,PEN,RHO,SCA,SDA,TEN,TEX,UTA,VRG,VER,WAS,WIS,WVA,WYO,VEN,CPP,OFS,TVL,NAT,MPE,ECU,NZN,NZS,PER,MAU,ROD,REU,,BGM,FAL,",",AGE-BA,AGS-CB,AGE-DF,AGE-ER,AGW-JU,AGE-LP,AGW-LR,AGW-ME,AGS-NE,AGS-RN,AGS-SC,AGW-SJ,AGS-TF,ANT-OO,NSW-NS,NTA-OO,SOA-OO,TAS-OO,VIC-OO,WAU-WA,BOL-OO,BZS-RS,ABT-OO,BRC-OO,LAB-OO,MAN-OO,NBR-OO,NFL-NE,NSC-OO,NWT-OO,ONT-OO,PEI-OO,QUE-OO,SAS-OO,YUK-OO,CLS-MG,CLS-AI,JNF-OO,CLC-SA,CLC-CO,CLC-OH,CLC-LA,CLN-AT,CLC-VA,CLC-MA,CLC-BI,CLS-LL,CHN-HB,CHN-SX,CHM-LN,CHM-JL,CHM-HJ,CHS-JS,CHS-AH,CHS-JX,CHN-SD,CHS-HE,CHC-HU,CHC-SC,CHC-GZ,CHC-YN,CHI-NM,CHN-SA,CHN-GS,CHQ-OO,CHI-NX,CHX-OO,CHT-OO,CLM-OO,COS-OO,CRZ-OO,KEG-OO,GNL-OO,WHM-HP,KOR-SK,LES-OO,MXN-BC,MXE-CU,MXE-CO,MXC-DF,MXE-HI,MXC-ME,MXS-MI,MXC-MO,MXE-NL,MXN-SO,MXC-TL,MXG-VC,NFK-NI,ATP-OO,CTM-OO,PHI-OO,PUE-OO,KOR-NK,KUR-OO,SGE-OO,TDC-OO,STH-OO,NFL-SP,SWE-OO,TAI-OO,URU-OO,ASK-OO,ALA-OO,ARK-OO,ARI-OO,CAL-OO,COL-OO,CNT-OO,WDC-OO,DEL-OO,FLA-OO,GEO-OO,HAW-HI,IOW-OO,IDA-OO,ILL-OO,INI-OO,KAN-OO,KTY-OO,LOU-OO,MAS-OO,MRY-OO,MAI-OO,MIC-OO,MIN-OO,MSO-OO,MSI-OO,MNT-OO,NCA-OO,NDA-OO,NEB-OO,NWH-OO,NWJ-OO,NWM-OO,NEV-OO,NWY-OO,OHI-OO,OKL-OO,ORE-OO,PEN-OO,RHO-OO,SCA-OO,SDA-OO,TEN-OO,TEX-OO,UTA-OO,VRG-OO,VER-OO,WAS-OO,WIS-OO,WVA-OO,WYO-OO,VEN-OO,CPP-EC,OFS-OO,TVL-GA,NAT-OO,MPE-OO,TVL-MP,CPP-WC,MXN-BC,ECU-OO,NZN-OO,NZS-OO,PER-OO,,BGM-OO,FAL-OO,HAW-OO,MAU-OO,REU-OO,ROD-OO,",",2,9,1,7,6,5,8,",",29,28,27,90,11,72,79,,78,70,76,73,75,63,74,77,50,51,85,",",MAU,ROD,REU,STH,,SGE,BGM,PEI,ALA,ASK,ARI,ARK,CAL,COL,CNT,DEL,WDC,FLA,GEO,HAW,IDA,ILL,INI,IOW,KAN,KTY,LOU,MAI,MRY,MAS,MIC,MIN,MSI,MSO,MNT,NEB,NEV,NWH,NWJ,NWM,NWY,NCA,NDA,OHI,OKL,ORE,PEN,RHO,SDA,TEN,TEX,UTA,VER,VRG,WAS,WVA,WIS,WYO,FAL,",",,ALA-OO,ARI-OO,ARK-OO,ASK-OO,BGM-OO,CAL-OO,CNT-OO,COL-OO,DEL-OO,FAL-OO,FLA-OO,GEO-OO,HAW-OO,IDA-OO,ILL-OO,INI-OO,IOW-OO,KAN-OO,KTY-OO,LOU-OO,MAI-OO,MAS-OO,MAU-OO,MIC-OO,MIN-OO,MNT-OO,MRY-OO,MSI-OO,MSO-OO,NCA-OO,NDA-OO,NEB-OO,NEV-OO,NWH-OO,NWJ-OO,NWM-OO,NWY-OO,OHI-OO,OKL-OO,ORE-OO,PEI-OO,PEN-OO,REU-OO,RHO-OO,ROD-OO,SDA-OO,SGE-OO,STH-OO,TEN-OO,TEX-OO,UTA-OO,VER-OO,VRG-OO,WAS-OO,WDC-OO,WIS-OO,WVA-OO,WYO-OO,"
"9085","Polypogon monspeliensis","Polypogon monspeliensis","invasive",",3,1,2,4,7,",",34,13,20,21,12,24,36,40,10,35,38,32,25,22,37,33,41,78,14,",",AFG,ALB,ALG,AZO,BAL,BUL,CNY,CHA,CHN,CHC,CHS,COR,CYP,EAI,EHM,EGY,ERI,ETH,FRA,GRB,GRC,GST,IND,CHI,IRN,IRQ,ITA,JAP,KAZ,KEN,KGZ,KOR,KRI,KUW,LBS,LBY,MDR,MTN,,MON,MOR,NNS,NEP,NGR,NCS,OMA,PAK,PAL,POR,CHQ,ROM,SAR,SAU,SIC,SIN,SOC,SOM,SPA,SRL,SUD,TZK,TAI,TAN,CHT,TCS,TUN,TUR,TUE,TKM,UZB,VIE,WHM,WSA,CHX,YUG,GEO,ASS,RUS,UKR,",",,AFG-OO,ALB-OO,ALG-OO,ASS-MA,ASS-ME,AZO-OO,BAL-OO,BUL-OO,CHA-OO,CHC-OO,CHI-OO,CHN-OO,CHQ-OO,CHS-OO,CHT-OO,CHX-OO,CNY-OO,COR-OO,CYP-OO,EAI-OO,EGY-OO,EHM-SI,ERI-OO,ETH-OO,FRA-FR,GEO-OO,GRC-OO,GST-OO,IND-BI,IND-GU,IND-KT,IND-MP,IND-MR,IND-TN,IND-UP,IND-WB,IRN-OO,IRQ-OO,ITA-IT,JAP-HN,JAP-KY,JAP-SH,KAZ-OO,KEN-OO,KGZ-OO,KOR-OO,KRI-OO,KUW-OO,LBS-OO,LBY-OO,MDR-OO,MON-OO,MOR-MO,MTN-OO,NCS-OO,NEP-OO,NGR-OO,NNS-OO,OMA-OO,PAK-OO,PAL-IS,PAL-JO,POR-OO,ROM-OO,RUS-OO,SAR-OO,SAU-OO,SIC-SI,SIN-OO,SOC-OO,SOM-OO,SPA-SP,SRL-OO,SUD-OO,TAI-OO,TAN-OO,TCS-AR,TCS-AZ,TKM-OO,TUE-OO,TUN-OO,TUR-OO,TZK-OO,UKR-OO,UZB-OO,VIE-OO,WHM-HP,WHM-JK,WSA-OO,YUG-OO,",",2,5,1,8,7,4,9,3,6,",",26,50,11,13,14,81,83,84,27,71,72,70,85,20,21,12,24,40,25,79,29,51,90,38,78,76,73,75,63,74,77,43,",",ANG,WAU,NSW,NTA,QLD,SOA,TAS,VIC,BGM,BUL,BLR,BER,BOL,BZS,BOT,ABT,BRC,MAN,NBR,ONT,QUE,SAS,YUK,CLN,CLC,CLS,CLM,EGY,CNY,SPA,ETH,WHM,KEN,MXE,MXN,MXT,MXC,MXS,MAU,NAM,TDC,TAI,URU,ASK,ALA,ARK,ARI,CAL,COL,CNT,DEL,FLA,GEO,HAW,IDA,KAN,LOU,MAS,MRY,MAI,MIC,MIN,MSI,MNT,NCA,NDA,NEB,NWH,NWJ,NWM,NEV,NWY,OKL,ORE,PEN,SCA,SDA,TEN,TEX,UTA,VRG,WAS,WIS,WYO,CPP,OFS,TVL,NAT,PAR,AZO,ECU,NZN,NZS,PER,PAK,,NWG,",",ANG-OO,WAU-WA,NSW-NS,NTA-OO,QLD-QU,SOA-OO,TAS-OO,VIC-OO,BGM-BE,BUL-OO,BLR-OO,BER-OO,BOL-OO,BZS-RS,BZS-SC,BOT-OO,ABT-OO,BRC-OO,MAN-OO,NBR-OO,ONT-OO,QUE-OO,SAS-OO,YUK-OO,CLN-AN,CLC-SA,CLC-OH,CLS-LL,CLC-CO,CLN-AT,CLC-LA,CLC-MA,CLC-BI,CLC-VA,CLN-TA,CLM-OO,EGY-OO,CNY-OO,SPA-SP,ETH-OO,WHM-HP,KEN-OO,MXE-AG,MXN-BC,MXE-CU,MXT-CI,MXE-CO,MXC-DF,MXE-DU,MXE-GU,MXE-HI,MXS-JA,MXC-ME,MXS-MI,MXE-NL,MXS-OA,MXC-PU,MXE-QU,MXE-SL,MXN-SO,MXE-TA,MXC-TL,MXE-ZA,MAU-OO,NAM-OO,TDC-OO,TAI-OO,URU-OO,ASK-OO,ALA-OO,ARK-OO,ARI-OO,CAL-OO,COL-OO,CNT-OO,DEL-OO,FLA-OO,GEO-OO,HAW-HI,IDA-OO,KAN-OO,LOU-OO,MAS-OO,MRY-OO,MAI-OO,MIC-OO,MIN-OO,MSI-OO,MNT-OO,NCA-OO,NDA-OO,NEB-OO,NWH-OO,NWJ-OO,NWM-OO,NEV-OO,NWY-OO,OKL-OO,ORE-OO,PEN-OO,SCA-OO,SDA-OO,TEN-OO,TEX-OO,UTA-OO,VRG-OO,WAS-OO,WIS-OO,WYO-OO,CPP-EC,OFS-OO,TVL-GA,NAT-OO,CPP-NC,CPP-WC,PAR-OO,MXN-BC,MXN-BS,AZO-OO,ECU-OO,NZN-OO,NZS-OO,PER-OO,,HAW-OO,NWG-PN,PAK-OO,WAU-OO,",",4,7,6,5,8,",",40,76,78,63,50,51,43,85,79,",",PAK,CAL,FLA,HAW,VIC,WAU,,NWG,",",,CAL-OO,FLA-OO,HAW-OO,NWG-PN,PAK-OO,VIC-OO,WAU-OO,"
"9151","Portulaca pilosa","Portulaca pilosa","invasive",",7,8,6,",",78,76,81,80,83,84,82,63,74,79,77,,73,85,",",ALA,ARI,ARK,BAH,BLZ,BOL,BZN,BZE,BZC,CAY,CLM,COS,CUB,DOM,ECU,ELS,FLA,FRG,GEO,GUA,GUY,HAI,HAW,HON,JAM,KAN,LEE,LOU,MXI,MXC,MXG,MXE,MXN,MXT,MXS,MSI,MSO,NWM,NIC,NCA,OKL,PAN,PER,PUE,SCA,SWC,TEN,TEX,TRT,TCI,VEN,VNA,WIN,NLA,,COL,BZL,PAR,",",,ALA-OO,ARI-OO,ARK-OO,BAH-OO,BLZ-OO,BOL-OO,BZC-MS,BZC-MT,BZE-OO,BZL-RJ,BZN-AM,BZN-PA,CAY-OO,CLM-OO,COL-OO,COS-OO,CUB-OO,DOM-OO,ECU-OO,ELS-OO,FLA-OO,FRG-OO,GEO-OO,GUA-OO,GUY-OO,HAI-HA,HAW-OO,HON-OO,JAM-OO,KAN-OO,LEE-AB,LEE-BV,LEE-GU,LEE-MO,LEE-VI,LOU-OO,MSI-OO,MSO-OO,MXC-OO,MXE-OO,MXG-OO,MXI-OO,MXN-OO,MXS-OO,MXT-OO,NCA-OO,NIC-OO,NLA-CU,NWM-OO,OKL-OO,PAN-OO,PAR-OO,PER-OO,PUE-OO,SCA-OO,SWC-OO,TCI-OO,TEN-OO,TEX-OO,TRT-OO,VEN-OO,VNA-OO,WIN-DO,WIN-GR,WIN-MA,WIN-SL,WIN-SV,",",5,8,4,3,2,6,7,1,",",50,83,42,40,38,29,63,75,60,13,78,36,",",NSW,NTA,QLD,WAU,CLM,XMS,IND,WHM,JAP,MLY,SEY,HAW,INI,NWJ,ROD,PHX,PHI,ROM,FLA,GEO,NWC,,JAP,",",NSW-NS,NTA-OO,QLD-QU,WAU-WA,CLM-OO,XMS-OO,IND-AP,IND-BI,IND-CT,IND-DE,IND-GO,IND-GU,WHM-HP,IND-KT,IND-KE,IND-MR,IND-MP,IND-OR,IND-RA,IND-TN,WHM-UT,IND-UP,IND-WB,MLY-PM,SEY-OO,HAW-HI,INI-OO,NWJ-OO,ROD-OO,PHX-OO,PHI-OO,,FLA-OO,GEO-OO,HAW-OO,JAP-OO,NWC-OO,ROM-OO,",",1,7,6,4,3,",",13,78,63,42,60,36,38,",",ROM,FLA,GEO,HAW,XMS,NWC,,JAP,",",,FLA-OO,GEO-OO,HAW-OO,JAP-OO,NWC-OO,ROM-OO,XMS-OO,"
"9251","Prosopis glandulosa","Neltuma glandulosa","invasive",",7,",",76,78,73,74,79,77,",",ARI,ARK,CAL,COL,KAN,MXG,MXE,MXN,MXT,MXS,NWM,TEX,,LOU,NEV,OKL,UTA,",",,ARI-OO,ARK-OO,CAL-OO,COL-OO,KAN-OO,LOU-OO,MXE-OO,MXG-OO,MXN-OO,MXS-OO,MXT-OO,NEV-OO,NWM-OO,OKL-OO,TEX-OO,UTA-OO,",",5,2,7,3,",",50,22,27,78,74,79,76,73,77,34,",",NSW,QLD,VIC,WAU,BKN,BOT,NAM,ARK,MSO,OFS,CPP,TVL,,ARI,CAL,COL,KAN,LOU,NEV,NWM,OKL,TEX,UTA,NTA,SOA,IRQ,",",NSW-NS,QLD-QU,VIC-OO,WAU-WA,BKN-OO,BOT-OO,NAM-OO,ARK-OO,MSO-OO,OFS-OO,CPP-NC,TVL-NW,CPP-WC,,ARI-OO,CAL-OO,COL-OO,IRQ-OO,KAN-OO,LOU-OO,NEV-OO,NSW-OO,NTA-OO,NWM-OO,OKL-OO,QLD-OO,SOA-OO,TEX-OO,UTA-OO,WAU-OO,",",2,7,5,3,",",27,79,76,73,74,78,77,50,34,",",BOT,NAM,,ARI,CAL,COL,KAN,LOU,NEV,NWM,OKL,TEX,UTA,NSW,NTA,QLD,SOA,WAU,IRQ,",",,ARI-OO,BOT-OO,CAL-OO,COL-OO,IRQ-OO,KAN-OO,LOU-OO,NEV-OO,NSW-OO,NTA-OO,NWM-OO,OKL-OO,QLD-OO,SOA-OO,TEX-OO,UTA-OO,WAU-OO,NAM-OO,"
"9260","Prosopis velutina","Neltuma velutina","invasive",",7,",",76,79,77,",",ARI,CAL,MXE,MXN,NWM,,",",,ARI-OO,CAL-OO,MXE-OO,MXN-OO,NWM-OO,",",5,7,2,",",50,79,27,76,77,",",NSW,NTA,QLD,VIC,MXN,NAM,CPP,OFS,TVL,BOT,,ARI,CAL,NEV,NWM,TEX,SOA,WAU,",",NSW-NS,NTA-OO,QLD-QU,VIC-OO,MXN-SO,NAM-OO,CPP-EC,OFS-OO,CPP-NC,TVL-NW,CPP-WC,,ARI-OO,BOT-OO,CAL-OO,NEV-OO,NSW-OO,NWM-OO,QLD-OO,SOA-OO,TEX-OO,WAU-OO,",",2,7,5,",",27,79,76,77,50,",",BOT,NAM,,ARI,CAL,NEV,NWM,TEX,NSW,NTA,QLD,SOA,WAU,",",,ARI-OO,BOT-OO,CAL-OO,NEV-OO,NSW-OO,NTA-OO,NWM-OO,QLD-OO,SOA-OO,TEX-OO,WAU-OO,NAM-OO,"
"9435","Pyracantha coccinea","Pyracantha coccinea","invasive",",1,3,7,",",13,12,34,14,33,11,78,",",ALB,BUL,FRA,GRC,IRN,ITA,KRY,LBS,NCS,SPA,SWI,TCS,TUR,TUE,YUG,GEO,,UKR,",",,ALB-OO,BUL-OO,FRA-FR,GEO-OO,GRC-OO,IRN-OO,ITA-IT,KRY-OO,LBS-LB,LBS-SY,NCS-OO,SPA-SP,SWI-OO,TCS-AR,TCS-AZ,TUE-OO,TUR-OO,UKR-OO,YUG-CR,YUG-MA,YUG-MN,",",5,7,8,1,3,2,",",50,71,72,81,11,12,10,38,27,26,13,85,78,76,73,75,74,77,21,83,,",",SOA,BRC,ONT,CUB,CZE,COR,GRB,IRE,JAP,LES,MOZ,POR,YUG,URU,ALA,ARI,CAL,WDC,FLA,GEO,IDA,INI,KAN,KTY,LOU,MRY,MSI,NCA,NWJ,NWM,NWY,OHI,OKL,ORE,PEN,SCA,TEN,TEX,UTA,VRG,WAS,WVA,OFS,TVL,AZO,BOL,GER,PER,,JAP,",",SOA-OO,BRC-OO,ONT-OO,CUB-OO,CZE-CZ,COR-OO,GRB-OO,IRE-NI,LES-OO,MOZ-OO,POR-OO,YUG-SL,URU-OO,ALA-OO,ARI-OO,CAL-OO,WDC-OO,FLA-OO,GEO-OO,IDA-OO,INI-OO,KAN-OO,KTY-OO,LOU-OO,MRY-OO,MSI-OO,NCA-OO,NWJ-OO,NWM-OO,NWY-OO,OHI-OO,OKL-OO,ORE-OO,PEN-OO,SCA-OO,TEN-OO,TEX-OO,UTA-OO,VRG-OO,WAS-OO,WVA-OO,OFS-OO,TVL-GA,AZO-OO,BOL-OO,GER-OO,PER-OO,,JAP-OO,",",7,8,1,3,",",,77,85,11,38,",",,TEX,CZE,JAP,",",,CZE-CZ,JAP-OO,TEX-OO,"
"9521","Ranunculus testiculatus","Ranunculus testiculatus","invasive",",3,2,1,4,7,",",34,20,30,11,13,14,32,37,33,40,36,78,",",AFG,ALG,ALT,AUT,BUL,RUC,CZE,RUE,HUN,IRN,KAZ,KGZ,KRY,,MON,MOR,NCS,PAK,ROM,RUS,TZK,TCS,TUR,TKM,UKR,UZB,WSB,CHX,YUG,GEO,WHM,BLR,GRC,POL,",",,AFG-OO,ALG-OO,ALT-OO,AUT-AU,BLR-OO,BUL-OO,CHX-OO,CZE-CZ,CZE-SL,GEO-OO,GRC-OO,HUN-OO,IRN-OO,KAZ-OO,KGZ-OO,KRY-OO,MON-OO,MOR-MO,NCS-OO,PAK-OO,POL-OO,ROM-OO,RUC-OO,RUE-OO,RUS-OO,TCS-AR,TCS-AZ,TKM-OO,TUR-OO,TZK-OO,UKR-UK,UZB-OO,WHM-JK,WSB-OO,YUG-SE,",",7,1,",",71,76,73,74,75,77,11,72,",",ABT,BRC,SAS,ARI,CAL,COL,IOW,IDA,ILL,INI,KAN,MIN,MSO,MNT,NDA,NEB,NWM,NEV,NWY,OHI,ORE,SDA,UTA,WAS,WIS,WYO,GER,ONT,",",ABT-OO,BRC-OO,SAS-OO,ARI-OO,CAL-OO,COL-OO,IOW-OO,IDA-OO,ILL-OO,INI-OO,KAN-OO,MIN-OO,MSO-OO,MNT-OO,NDA-OO,NEB-OO,NWM-OO,NEV-OO,NWY-OO,OHI-OO,ORE-OO,SDA-OO,UTA-OO,WAS-OO,WIS-OO,WYO-OO,GER-OO,,ONT-OO,",",7,",",71,72,76,73,74,77,",",BRC,ONT,ARI,CAL,COL,IDA,KAN,MIN,MNT,NEB,NEV,NWM,ORE,SDA,UTA,WAS,WYO,",",,ARI-OO,BRC-OO,CAL-OO,COL-OO,IDA-OO,KAN-OO,MIN-OO,MNT-OO,NEB-OO,NEV-OO,NWM-OO,ONT-OO,ORE-OO,SDA-OO,UTA-OO,WAS-OO,WYO-OO,"
"9617","Rhus typhina","Rhus typhina","invasive",",7,",",78,75,74,72,73,76,",",ALA,CNT,DEL,WDC,GEO,ILL,INI,IOW,KTY,MAI,MRY,MAS,MIC,MIN,MSI,MSO,NBR,NWH,NWJ,NWY,NCA,NSC,OHI,ONT,PEN,PEI,QUE,RHO,SCA,TEN,VER,VRG,WVA,WIS,MNT,UTA,WAS,WYO,",",,ALA-OO,CNT-OO,DEL-OO,GEO-OO,ILL-OO,INI-OO,IOW-OO,KTY-OO,MAI-OO,MAS-OO,MIC-OO,MIN-OO,MNT-OO,MRY-OO,MSI-OO,MSO-OO,NBR-OO,NCA-OO,NSC-OO,NWH-OO,NWJ-OO,NWY-OO,OHI-OO,ONT-OO,PEI-OO,PEN-OO,QUE-OO,RHO-OO,SCA-OO,TEN-OO,UTA-OO,VER-OO,VRG-OO,WAS-OO,WDC-OO,WIS-OO,WVA-OO,WYO-OO,",",1,7,3,5,",",11,71,36,12,10,13,14,51,78,73,74,76,33,75,",",BGM,BRC,SWI,CHN,CHS,CZE,SPA,FRA,GRB,YUG,ITA,AUT,BLT,POL,RUC,ARK,COL,KAN,MSO,NEB,SDA,UTA,TCS,NZN,NZS,GER,MIC,WIS,",",BGM-BE,BRC-OO,SWI-OO,CHN-HB,CHN-SX,CHN-SD,CHS-HE,CZE-CZ,SPA-SP,FRA-FR,GRB-OO,YUG-CR,ITA-IT,AUT-LI,BLT-LA,POL-OO,RUC-OO,YUG-SL,ARK-OO,COL-OO,KAN-OO,MSO-OO,NEB-OO,SDA-OO,UTA-OO,TCS-AR,NZN-OO,NZS-OO,GER-OO,,CHN-BJ,MIC-OO,WIS-OO,YUG-SE,",",3,1,7,",",36,11,75,74,13,",",CHN,CZE,MIC,WIS,AUT,YUG,SWI,",",,AUT-LI,CHN-BJ,CHN-HB,CHN-SD,CZE-CZ,MIC-OO,SWI-OO,WIS-OO,YUG-SE,"
"9662","Robinia pseudoacacia","Robinia pseudoacacia","invasive",",7,",",78,74,75,",",ALA,GEO,ILL,KTY,PEN,TEN,VER,ARK,INI,MSO,NWH,NCA,OHI,OKL,SCA,VRG,WVA,",",,ALA-OO,ARK-OO,GEO-OO,ILL-OO,INI-OO,KTY-OO,MSO-OO,NCA-OO,NWH-OO,OHI-OO,OKL-OO,PEN-OO,SCA-OO,TEN-OO,VER-OO,VRG-OO,WVA-OO,",",1,5,8,7,3,2,4,3,",",13,50,11,84,71,72,85,36,34,10,20,12,21,33,40,38,27,14,79,51,31,76,73,78,74,75,77,34,29,83,",",ALB,NSW,QLD,SOA,VIC,WAU,BGM,BUL,BZS,BRC,NBR,NSC,ONT,PEI,QUE,SWI,CLC,CLS,CHN,CHM,CHS,CHC,CHI,CHQ,CHX,CYP,CZE,DEN,ALG,BAL,CNY,SPA,COR,FRA,GRB,TCS,GRC,YUG,HUN,WHM,IND,IRE,PAL,ITA,SIC,JAP,KOR,LBY,AUT,LES,BLT,MOR,UKR,MXN,MXE,NET,POL,MDR,POR,ROM,KHA,RUC,SWE,TAI,ARI,CAL,COL,DEL,FLA,IOW,IDA,KAN,LOU,MAS,MAI,MIC,MIN,MSI,MNT,NDA,NEB,NWH,NWJ,NWM,NEV,NWY,OKL,ORE,RHO,SDA,TEX,UTA,VER,WAS,WIS,WYO,CPP,OFS,TVL,NAT,TUR,AFG,REU,AZO,BOL,NZN,NZS,GER,BOT,NAM,,TUR,BLR,EHM,GEO,JAP,",",ALB-OO,NSW-NS,QLD-QU,SOA-OO,VIC-OO,WAU-WA,BGM-BE,BUL-OO,BZS-PR,BRC-OO,NBR-OO,NSC-OO,ONT-OO,PEI-OO,QUE-OO,SWI-OO,CLC-OH,CLC-MA,CLS-MG,CLC-VA,CLC-SA,CHN-BJ,CHN-TJ,CHN-HB,CHN-SX,CHM-LN,CHM-JL,CHM-HJ,CHS-SH,CHS-JS,CHS-ZJ,CHS-AH,CHS-FJ,CHS-JX,CHN-SD,CHS-HE,CHC-HU,CHS-HN,CHS-GD,CHS-GX,CHC-CQ,CHC-SC,CHC-GZ,CHC-YN,CHI-NM,CHN-SA,CHN-GS,CHQ-OO,CHI-NX,CHS-HK,CHS-MA,CHX-OO,CYP-OO,CZE-CZ,DEN-OO,ALG-OO,BAL-OO,CNY-OO,SPA-SP,COR-OO,FRA-FR,GRB-OO,TCS-GR,GRC-OO,YUG-CR,HUN-OO,WHM-HP,IND-KT,IND-TN,IRE-IR,PAL-IS,ITA-IT,SIC-SI,FRA-CI,KOR-SK,LBY-OO,AUT-LI,LES-OO,BLT-LI,BLT-LA,MOR-MO,UKR-MO,MXN-BC,MXE-CU,MXE-CO,MXE-HI,MXE-NL,NET-OO,POL-OO,KOR-NK,MDR-OO,POR-OO,ROM-OO,KHA-OO,RUC-OO,CZE-SK,YUG-SL,SWE-OO,TAI-OO,UKR-UK,ARI-OO,CAL-OO,COL-OO,DEL-OO,FLA-OO,IOW-OO,IDA-OO,KAN-OO,LOU-OO,MAS-OO,MAI-OO,MIC-OO,MIN-OO,MSI-OO,MNT-OO,NDA-OO,NEB-OO,NWH-OO,NWJ-OO,NWM-OO,NEV-OO,NWY-OO,OKL-OO,ORE-OO,RHO-OO,SDA-OO,TEX-OO,UTA-OO,VER-OO,WAS-OO,WIS-OO,WYO-OO,CPP-EC,OFS-OO,TVL-GA,NAT-OO,TVL-NP,TVL-MP,CPP-NC,TVL-NW,CPP-WC,AFG-OO,TCS-AR,AUT-AU,MXN-BC,REU-OO,AZO-OO,BOL-OO,NZN-OO,NZS-OO,GER-OO,,BGM-LU,BLR-OO,BOT-OO,CZE-SL,EHM-BH,FRA-OO,GEO-OO,IND-OO,ITA-OO,JAP-OO,TUR-OO,YUG-BH,YUG-MA,YUG-MN,YUG-SE,NAM-OO,",",2,3,1,7,5,8,4,",",27,34,12,11,13,10,71,72,79,50,51,85,33,14,40,36,78,38,",",BOT,NAM,,PAL,TUR,CYP,FRA,GER,GRC,HUN,NET,CZE,SWI,GRB,BRC,NSC,ONT,TCS,BLR,EHM,YUG,BUL,DEN,GEO,IND,ITA,JAP,LES,AUT,BGM,UKR,POR,ROM,",",,AUT-LI,BGM-LU,BLR-OO,BOT-OO,BRC-OO,BUL-OO,CYP-OO,CZE-CZ,CZE-SL,DEN-OO,EHM-BH,FRA-OO,GEO-OO,GER-OO,GRB-OO,GRC-OO,HUN-OO,IND-OO,ITA-OO,JAP-OO,LES-OO,NET-OO,NSC-OO,ONT-OO,PAL-IS,POR-OO,ROM-OO,SWI-OO,TCS-AR,TUR-OO,UKR-MO,YUG-BH,YUG-MA,YUG-MN,YUG-SE,YUG-SL,NAM-OO,"
"9889","Ruellia simplex","Ruellia simplex","invasive",",8,7,",",85,83,84,81,80,78,79,77,",",AGE,AGW,BOL,BZE,BZS,BZL,BZC,CAY,COS,CUB,DOM,ECU,FLA,GUA,HAI,HON,JAM,LEE,LOU,MXC,MXG,MXE,MXN,MXT,MXS,PAN,PAR,PER,PUE,TEX,TRT,URU,WIN,,",",,AGE-OO,AGW-OO,BOL-OO,BZC-GO,BZC-MS,BZC-MT,BZE-PE,BZE-RN,BZL-SP,BZS-RS,CAY-OO,COS-OO,CUB-OO,DOM-OO,ECU-OO,FLA-OO,GUA-OO,HAI-HA,HON-OO,JAM-OO,LEE-MO,LOU-OO,MXC-OO,MXE-OO,MXG-OO,MXN-OO,MXS-OO,MXT-OO,PAN-OO,PAR-OO,PER-OO,PUE-OO,TEX-OO,TRT-OO,URU-OO,WIN-OO,",",5,8,3,6,7,2,",",50,81,36,61,38,80,78,63,77,83,29,",",NSW,QLD,BER,CHS,COO,JAP,NIC,PUE,TUA,TAI,ALA,FLA,GEO,HAW,LOU,MSI,SCA,TEX,LEE,GAL,REU,,",",NSW-NS,QLD-QU,BER-OO,CHS-GD,COO-OO,NIC-OO,PUE-OO,TUA-OO,TAI-OO,ALA-OO,FLA-OO,GEO-OO,HAW-HI,LOU-OO,MSI-OO,SCA-OO,TEX-OO,LEE-VI,GAL-OO,,HAW-OO,NSW-OO,QLD-OO,REU-OO,",",2,7,6,5,8,",",29,78,63,50,61,83,81,",",REU,FLA,HAW,NSW,QLD,COO,,GAL,BER,",",,BER-OO,COO-OO,FLA-OO,GAL-OO,HAW-OO,NSW-OO,QLD-OO,REU-OO,"
"10040","Salix euxina","Salix euxina","invasive",",3,7,1,",",33,34,78,32,13,12,11,14,10,",",NCS,TCS,TUR,GEO,KAZ,ALB,SPA,AUT,BLR,BGM,YUG,BUL,CZE,DEN,BLT,FRA,COR,GER,GRC,HUN,IRE,ITA,UKR,NET,NOR,POL,POR,ROM,RUC,RUS,SWE,SWI,GRB,",",,ALB-OO,AUT-LI,BGM-LU,BLR-OO,BLT-ES,BLT-LA,BLT-LI,BUL-OO,COR-OO,CZE-CZ,CZE-SL,DEN-OO,FRA-CI,FRA-MO,GEO-OO,GER-OO,GRB-OO,GRC-OO,HUN-OO,IRE-IR,ITA-OO,KAZ-OO,NCS-OO,NET-OO,NOR-OO,POL-OO,POR-OO,ROM-OO,RUC-OO,RUS-OO,SPA-AN,SPA-GI,SWE-OO,SWI-OO,TCS-AR,TUR-OO,UKR-MO,YUG-BH,YUG-CR,YUG-MA,YUG-SE,YUG-SL,",",8,5,7,3,2,1,",",85,50,71,72,36,21,10,13,27,14,51,76,73,75,78,74,77,83,",",AGE,AGS,NSW,SOA,TAS,VIC,ABT,BRC,MAN,NBR,NFL,NSC,ONT,PEI,QUE,SAS,CHM,CHI,CNY,GRB,GRC,IRE,LES,BLT,NOR,CTM,RUC,SWE,ARI,CAL,COL,CNT,WDC,DEL,IOW,IDA,ILL,INI,KAN,KTY,MAS,MRY,MAI,MIC,MIN,MSO,MNT,NCA,NDA,NEB,NWH,NWJ,NWM,NEV,NWY,OHI,OKL,ORE,PEN,RHO,SDA,TEX,UTA,VRG,VER,WAS,WIS,WVA,WYO,CPP,OFS,TVL,NAT,AZO,BOL,NZN,NZS,BOT,,",",AGE-BA,AGS-CB,AGE-ER,AGS-NE,AGS-RN,NSW-NS,SOA-OO,TAS-OO,VIC-OO,ABT-OO,BRC-OO,MAN-OO,NBR-OO,NFL-NE,NSC-OO,ONT-OO,PEI-OO,QUE-OO,SAS-OO,CHM-LN,CHM-HJ,CHI-NM,CNY-OO,GRB-OO,GRC-OO,IRE-IR,LES-OO,BLT-LA,NOR-OO,CTM-OO,RUC-OO,SWE-OO,ARI-OO,CAL-OO,COL-OO,CNT-OO,WDC-OO,DEL-OO,IOW-OO,IDA-OO,ILL-OO,INI-OO,KAN-OO,KTY-OO,MAS-OO,MRY-OO,MAI-OO,MIC-OO,MIN-OO,MSO-OO,MNT-OO,NCA-OO,NDA-OO,NEB-OO,NWH-OO,NWJ-OO,NWM-OO,NEV-OO,NWY-OO,OHI-OO,OKL-OO,ORE-OO,PEN-OO,RHO-OO,SDA-OO,TEX-OO,UTA-OO,VRG-OO,VER-OO,WAS-OO,WIS-OO,WVA-OO,WYO-OO,CPP-EC,OFS-OO,TVL-GA,NAT-OO,TVL-MP,CPP-WC,AZO-OO,BOL-OO,NZN-OO,NZS-OO,,BOT-OO,NSW-OO,",",2,7,5,8,1,",",27,72,75,50,51,85,14,10,",",BOT,,ONT,OHI,NSW,SOA,BLT,NOR,",",,BLT-LA,BOT-OO,NOR-OO,NSW-OO,OHI-OO,ONT-OO,SOA-OO,"
"10076","Salsola kali","Salsola kali","invasive",",1,2,3,7,4,",",13,20,21,12,14,11,34,10,33,36,78,40,32,37,35,30,",",ALB,ALG,AZO,BAL,BLT,BGM,BUL,CNY,COR,CYP,DEN,EGY,FIN,FRA,GER,GRB,GRC,IRE,ITA,KRI,KRY,LBS,LBY,MDR,MOR,NET,NOR,POL,POR,ROM,SAR,SIC,SPA,SWE,TUN,TUE,YUG,AFG,TCS,CHN,CHM,CHI,CHS,CHQ,CHT,CHX,GEO,WHM,IRN,IRQ,PAL,KAZ,KGZ,MON,NEP,PAK,SAU,TZK,TUR,TKM,UZB,AUT,CZE,HUN,RUC,,RUN,RUS,WSB,UKR,",",,AFG-OO,ALB-OO,ALG-OO,AUT-OO,AZO-OO,BAL-OO,BGM-BE,BLT-ES,BLT-LA,BLT-LI,BUL-OO,CHI-NX,CHM-HJ,CHM-JL,CHM-LN,CHN-GS,CHN-HB,CHN-SA,CHN-SD,CHN-SX,CHQ-OO,CHS-JS,CHT-OO,CHX-OO,CNY-OO,COR-OO,CYP-OO,CZE-CZ,CZE-SL,DEN-OO,EGY-OO,FIN-OO,FRA-FR,GEO-OO,GER-OO,GRC-OO,HUN-OO,IRE-IR,IRN-OO,IRQ-OO,ITA-IT,KAZ-OO,KGZ-OO,KRI-OO,KRY-OO,LBS-LB,LBS-SY,LBY-OO,MDR-OO,MON-OO,MOR-MO,NEP-OO,NET-OO,NOR-OO,PAK-OO,PAL-IS,PAL-JO,POL-OO,POR-OO,ROM-OO,RUC-OO,RUN-OO,RUS-OO,SAR-OO,SAU-OO,SIC-SI,SPA-SP,SWE-OO,TCS-AR,TCS-AZ,TKM-OO,TUE-OO,TUN-OO,TUR-OO,TZK-OO,UKR-OO,UZB-OO,WHM-JK,WSB-OO,YUG-BH,YUG-CR,YUG-MA,YUG-MN,YUG-SE,YUG-SL,",",8,5,2,7,3,4,6,",",85,50,27,72,38,79,51,31,78,76,75,73,77,82,36,41,63,",",AGE,AGS,AGW,WAU,BOT,NBR,NFL,NSC,ONT,PEI,QUE,CLC,CLS,JAP,MXE,MXN,MXC,MXS,MXG,NAM,KHA,URU,ALA,CAL,CNT,WDC,DEL,FLA,GEO,LOU,MAS,MRY,MAI,MSI,NCA,NWH,NWJ,NWY,ORE,RHO,SCA,TEX,VRG,VER,VEN,CPP,TVL,NZN,NZS,,JAP,HAW,WAS,LES,",",AGE-BA,AGS-CB,AGE-LP,AGW-ME,AGS-NE,AGS-RN,AGS-SC,WAU-WA,BOT-OO,NBR-OO,NFL-NE,NSC-OO,ONT-OO,PEI-OO,QUE-OO,CLC-BI,CLC-SA,CLC-OH,CLS-LL,CLC-CO,CLC-LA,CLC-MA,CLC-VA,MXE-AG,MXN-BC,MXE-CU,MXE-CO,MXC-DF,MXE-DU,MXE-GU,MXE-HI,MXS-JA,MXC-ME,MXS-MI,MXE-NL,MXC-PU,MXE-QU,MXE-SL,MXN-SO,MXE-TA,MXG-VC,MXE-ZA,NAM-OO,KHA-OO,NFL-SP,URU-OO,ALA-OO,CAL-OO,CNT-OO,WDC-OO,DEL-OO,FLA-OO,GEO-OO,LOU-OO,MAS-OO,MRY-OO,MAI-OO,MSI-OO,NCA-OO,NWH-OO,NWJ-OO,NWY-OO,ORE-OO,RHO-OO,SCA-OO,TEX-OO,VRG-OO,VER-OO,VEN-OO,CPP-EC,TVL-GA,TVL-MP,CPP-NC,TVL-NW,CPP-WC,MXN-BC,MXN-BS,NZN-OO,NZS-OO,,HAW-OO,JAP-OO,LES-OO,WAS-OO,",",3,4,7,6,5,8,2,",",36,41,38,79,76,63,73,50,51,85,27,",",,JAP,CAL,HAW,ORE,WAS,LES,NAM,",",,CAL-OO,HAW-OO,JAP-OO,LES-OO,ORE-OO,WAS-OO,NAM-OO,"
"10107","Salvia occidentalis","Salvia occidentalis","invasive",",8,7,4,",",81,80,83,78,79,82,72,43,",",BAH,BLZ,BOL,CAY,CLM,COS,CUB,DOM,ECU,ELS,FLA,GAL,GUA,HAI,HON,JAM,LEE,MXC,MXG,MXE,MXN,MXT,MXS,NIC,PAN,PER,PUE,TRT,VEN,VNA,WIN,,NFL,SOL,",",,BAH-OO,BLZ-OO,BOL-OO,CAY-OO,CLM-OO,COS-OO,CUB-OO,DOM-OO,ECU-OO,ELS-OO,FLA-OO,GAL-OO,GUA-OO,HAI-HA,HON-OO,JAM-OO,LEE-AB,LEE-GU,LEE-MO,LEE-VI,MXC-OO,MXE-OO,MXG-OO,MXN-OO,MXS-OO,MXT-OO,NFL-SP,NIC-OO,PAN-OO,PER-OO,PUE-OO,SOL-OO,TRT-OO,VEN-OO,VNA-OO,WIN-BA,WIN-DO,WIN-GR,WIN-MA,WIN-SL,WIN-SV,",",2,6,7,",",23,61,60,63,78,",",ZAI,COO,MRQ,TON,HAW,FLA,,NWC,NUE,SAM,",",ZAI-OO,COO-OO,MRQ-OO,TON-OO,HAW-HI,,FLA-OO,HAW-OO,NUE-OO,NWC-OO,SAM-OO,",",7,6,",",78,63,61,60,",",FLA,HAW,,NWC,NUE,SAM,TON,",",,FLA-OO,HAW-OO,NUE-OO,NWC-OO,SAM-OO,TON-OO,"
"10139","Sambucus nigra","Sambucus nigra","invasive",",1,2,3,7,",",13,11,21,14,12,10,34,33,20,78,",",ALB,AUT,AZO,BLT,BLR,BGM,BUL,RUC,COR,CZE,DEN,RUE,FRA,GER,GRB,GRC,HUN,IRN,IRQ,IRE,ITA,KRY,LBS,NET,NCS,RUW,PAL,POL,POR,ROM,SAR,SIC,RUS,SPA,SWI,TCS,TUR,TUE,UKR,YUG,ALG,TUN,GEO,FIN,NOR,RUN,SWE,",",,ALB-OO,ALG-OO,AUT-AU,AZO-OO,BGM-BE,BLR-OO,BLT-ES,BLT-LA,BLT-LI,BUL-OO,COR-OO,CZE-CZ,CZE-SL,DEN-OO,FIN-OO,FRA-FR,GEO-OO,GER-OO,GRC-OO,HUN-OO,IRE-IR,IRN-OO,IRQ-OO,ITA-IT,KRY-OO,LBS-OO,NCS-OO,NET-OO,NOR-OO,PAL-OO,POL-OO,POR-OO,ROM-OO,RUC-OO,RUE-OO,RUN-OO,RUS-OO,RUW-OO,SAR-OO,SIC-SI,SPA-SP,SWE-OO,SWI-OO,TCS-AR,TCS-AZ,TUE-OO,TUN-OO,TUR-OO,UKR-MO,UKR-UK,YUG-SL,",",5,7,8,3,1,2,",",50,72,85,83,34,10,14,70,25,51,21,75,73,78,27,",",NSW,QLD,SOA,TAS,VIC,NFL,ONT,CLC,CLS,CLM,CYP,DEN,BLT,FIN,GNL,GRB,KEN,NOR,CTM,MDR,RUW,RUC,SWE,UGA,CNT,ORE,PEN,VRG,CPP,TVL,NAT,AZO,BOL,NZN,NZS,WAS,BLR,IRN,",",NSW-NS,QLD-QU,SOA-OO,TAS-OO,VIC-OO,NFL-NE,ONT-OO,CLC-BI,CLS-LL,CLC-LA,CLS-MG,CLM-OO,CYP-OO,DEN-OO,BLT-ES,FIN-OO,GNL-OO,GRB-OO,KEN-OO,BLT-LI,BLT-LA,NOR-OO,CTM-OO,MDR-OO,RUW-OO,RUC-OO,SWE-OO,UGA-OO,CNT-OO,ORE-OO,PEN-OO,VRG-OO,CPP-EC,TVL-GA,NAT-OO,TVL-MP,AZO-OO,BOL-OO,NZN-OO,NZS-OO,,BLR-OO,IRN-OO,WAS-OO,",",7,1,3,5,",",75,78,73,14,34,51,",",CNT,PEN,VRG,WAS,BLR,BLT,IRN,",",,BLR-OO,BLT-ES,BLT-LA,CNT-OO,IRN-OO,PEN-OO,VRG-OO,WAS-OO,"
"10292","Scolochloa festucacea","Scolochloa festucacea","invasive",",7,3,1,2,4,",",70,71,30,14,10,11,73,36,74,32,37,33,34,20,78,40,13,12,",",ASK,ABT,ALT,BLT,BLR,BRC,RUC,CTA,RUE,FIN,GER,IDA,CHI,IOW,IRK,KAN,KAZ,KRA,CHM,MAN,MIN,,MON,MNT,NEB,NDA,RUN,RUW,NWT,ORE,POL,SAS,SDA,RUS,SWE,TCS,TUR,TVA,UKR,WSB,WYO,YAK,YUK,ALG,LBY,MOR,TUN,AFG,CHX,GEO,IND,IRN,IRQ,PAL,KGZ,LBS,PAK,TZK,TKM,UZB,ALB,AUT,BGM,BUL,YUG,CYP,CZE,DEN,FRA,COR,GRC,HUN,IRE,ITA,NET,NOR,POR,ROM,SPA,SWI,GRB,",",,ABT-OO,AFG-OO,ALB-OO,ALG-OO,ALT-OO,ASK-OO,AUT-OO,BGM-OO,BLR-OO,BLT-ES,BLT-LA,BLT-LI,BRC-OO,BUL-OO,CHI-OO,CHM-OO,CHX-OO,COR-OO,CTA-OO,CYP-OO,CZE-CZ,CZE-SL,DEN-OO,FIN-OO,FRA-OO,GEO-OO,GER-OO,GRB-OO,GRC-OO,HUN-OO,IDA-OO,IND-OO,IOW-OO,IRE-IR,IRK-OO,IRN-OO,IRQ-OO,ITA-OO,KAN-OO,KAZ-OO,KGZ-OO,KRA-OO,LBS-LB,LBS-SY,LBY-OO,MAN-OO,MIN-OO,MNT-OO,MON-OO,MOR-OO,NDA-OO,NEB-OO,NET-OO,NOR-OO,NWT-OO,ORE-OO,PAK-OO,PAL-IS,PAL-JO,POL-OO,POR-OO,ROM-OO,RUC-OO,RUE-OO,RUN-OO,RUS-OO,RUW-OO,SAS-OO,SDA-OO,SPA-OO,SWE-OO,SWI-OO,TCS-AR,TCS-AZ,TKM-OO,TUN-OO,TUR-OO,TVA-OO,TZK-OO,UKR-MO,UKR-UK,UZB-OO,WSB-OO,WYO-OO,YAK-OO,YUG-CR,YUG-SE,YUG-SL,YUK-OO,",",8,5,2,3,9,7,1,6,",",85,50,27,36,83,80,20,24,90,38,79,51,14,10,63,11,21,71,72,70,78,76,73,75,74,77,",",AGE,AGS,NSW,SOA,TAS,VIC,WAU,BOT,JNF,CHN,CHS,CHC,CHI,CHQ,CHX,CLM,COS,EGY,ETH,KEG,JAP,KOR,LES,MXE,MXC,MXS,MXN,MXG,CTM,RUC,SWE,TAI,URU,HAW,CPP,OFS,NAT,AUT,PAR,AZO,ECU,BOL,NZN,NZS,ABT,BRC,LAB,MAN,NBR,NFL,NSC,ONT,PEI,QUE,SAS,YUK,CLC,CLS,ASK,ALA,ARK,ARI,CAL,COL,CNT,WDC,DEL,FLA,GEO,IOW,IDA,ILL,INI,KAN,KTY,LOU,MAS,MRY,MAI,MIC,MIN,MSO,MSI,MNT,NCA,NEB,NWH,NWM,NEV,NWY,OHI,OKL,ORE,PEN,SCA,SDA,TEN,TEX,UTA,VRG,VER,WAS,WIS,WVA,WYO,JAP,GUA,NWJ,NDA,RHO,,",",AGE-BA,AGS-CB,AGE-ER,AGE-LP,AGS-NE,AGS-RN,AGS-TF,NSW-NS,SOA-OO,TAS-OO,VIC-OO,WAU-WA,BOT-OO,JNF-OO,CHN-HB,CHS-ZJ,CHS-JX,CHC-HU,CHC-SC,CHC-YN,CHI-NM,CHN-SA,CHN-GS,CHQ-OO,CHX-OO,CLM-OO,COS-OO,EGY-OO,ETH-OO,KEG-OO,KOR-SK,LES-OO,MXE-CU,MXE-CO,MXC-DF,MXS-GR,MXE-HI,MXS-JA,MXC-ME,MXS-MI,MXE-NL,MXC-PU,MXN-SO,MXC-TL,MXG-VC,MXE-ZA,CTM-OO,RUC-OO,SWE-OO,TAI-OO,URU-OO,HAW-HI,CPP-EC,OFS-OO,NAT-OO,CPP-WC,AUT-AU,PAR-OO,AZO-OO,ECU-OO,BOL-OO,NZN-OO,NZS-OO,ABT-OO,BRC-OO,LAB-OO,MAN-OO,NBR-OO,NFL-NE,NSC-OO,ONT-OO,PEI-OO,QUE-OO,SAS-OO,YUK-OO,CLC-OH,CLS-LL,CLC-MA,CLC-SA,CLS-MG,CLC-VA,ASK-OO,ALA-OO,ARK-OO,ARI-OO,CAL-OO,COL-OO,CNT-OO,WDC-OO,DEL-OO,FLA-OO,GEO-OO,IOW-OO,IDA-OO,ILL-OO,INI-OO,KAN-OO,KTY-OO,LOU-OO,MAS-OO,MRY-OO,MAI-OO,MIC-OO,MIN-OO,MSO-OO,MSI-OO,MNT-OO,NCA-OO,NEB-OO,NWH-OO,NWM-OO,NEV-OO,NWY-OO,OHI-OO,OKL-OO,ORE-OO,PEN-OO,SCA-OO,SDA-OO,TEN-OO,TEX-OO,UTA-OO,VRG-OO,VER-OO,WAS-OO,WIS-OO,WVA-OO,WYO-OO,,GUA-OO,HAW-OO,JAP-HK,JAP-HN,JAP-KY,JAP-SH,NDA-OO,NSW-OO,NWJ-OO,RHO-OO,",",3,7,8,6,5,",",38,71,72,70,80,78,76,73,75,63,74,77,50,51,85,83,",",JAP,ABT,BRC,NBR,NSC,ONT,PEI,QUE,SAS,YUK,COS,GUA,ALA,ASK,ARI,ARK,CAL,COL,CNT,DEL,WDC,FLA,GEO,HAW,IDA,ILL,INI,IOW,KAN,KTY,LOU,MAI,MRY,MAS,MIC,MIN,MSI,MSO,MNT,NEB,NEV,NWH,NWJ,NWM,NWY,NCA,NDA,OHI,OKL,ORE,PEN,RHO,SCA,SDA,TEN,TEX,UTA,VER,VRG,WAS,WVA,WIS,WYO,,NSW,VIC,ECU,",",,ABT-OO,ALA-OO,ARI-OO,ARK-OO,ASK-OO,BRC-OO,CAL-OO,CNT-OO,COL-OO,COS-OO,DEL-OO,ECU-OO,FLA-OO,GEO-OO,GUA-OO,HAW-OO,IDA-OO,ILL-OO,INI-OO,IOW-OO,JAP-HK,JAP-HN,JAP-KY,JAP-SH,KAN-OO,KTY-OO,LOU-OO,MAI-OO,MAS-OO,MIC-OO,MIN-OO,MNT-OO,MRY-OO,MSI-OO,MSO-OO,NBR-OO,NCA-OO,NDA-OO,NEB-OO,NEV-OO,NSC-OO,NSW-OO,NWH-OO,NWJ-OO,NWM-OO,NWY-OO,OHI-OO,OKL-OO,ONT-OO,ORE-OO,PEI-OO,PEN-OO,QUE-OO,RHO-OO,SAS-OO,SCA-OO,SDA-OO,TEN-OO,TEX-OO,UTA-OO,VER-OO,VIC-OO,VRG-OO,WAS-OO,WDC-OO,WIS-OO,WVA-OO,WYO-OO,YUK-OO,"
"10459","Senna obtusifolia","Senna obtusifolia","invasive",",8,7,6,5,",",85,81,80,83,84,82,78,79,63,50,",",AGE,AGW,BAH,BLZ,BOL,BZN,BZE,BZS,BZL,BZC,CAY,CLM,COS,DOM,ECU,FRG,GAL,GUY,HAI,HON,JAM,KTY,LEE,MXI,MXC,MXG,MXE,MXN,MXT,MXS,NLA,NIC,PAN,PAR,PER,PUE,SWC,SUR,TRT,VEN,VNA,WIN,,HAW,WAU,",",,AGE-OO,AGW-OO,BAH-OO,BLZ-OO,BOL-OO,BZC-GO,BZC-MT,BZE-AL,BZE-BA,BZE-CE,BZE-MA,BZE-PB,BZE-PE,BZE-PI,BZE-RN,BZE-SE,BZL-ES,BZL-MG,BZL-SP,BZN-AM,BZN-PA,BZN-RM,BZN-RO,BZS-PR,BZS-RS,BZS-SC,CAY-OO,CLM-OO,COS-OO,DOM-OO,ECU-OO,FRG-OO,GAL-OO,GUY-OO,HAI-HA,HAW-OO,HON-OO,JAM-OO,KTY-OO,LEE-OO,MXC-OO,MXE-OO,MXG-OO,MXI-OO,MXN-OO,MXS-OO,MXT-OO,NIC-OO,NLA-OO,PAN-OO,PAR-OO,PER-OO,PUE-OO,SUR-OO,SWC-OO,TRT-OO,VEN-OO,VNA-OO,WAU-OO,WIN-OO,",",2,5,8,6,1,4,3,7,",",26,50,23,22,84,27,61,24,62,13,42,40,38,25,29,79,76,78,63,74,75,83,34,60,36,82,41,",",ANG,NTA,QLD,WAU,BUR,BEN,BKN,BZL,BOT,CAF,IVO,CMN,ZAI,COO,DJI,ERI,ETH,GAB,GHA,GUI,GNB,MRN,YUG,WHM,JAP,KEN,LBR,SRL,MDG,MXI,MLI,MOZ,MTN,MLW,MLY,NAM,NGR,NGA,RWA,SUD,SIE,SOM,GGI,CHA,TOG,TAN,UGA,CAL,DEL,HAW,IOW,ILL,INI,KTY,MAS,MRY,NWJ,NWY,OHI,PEN,WIS,WVA,NAT,TVL,ZAM,ZIM,REU,GAL,GAM,COM,PAL,PHI,ALA,GEO,NCA,SCA,VRG,,CRL,FIJ,LSI,TON,VAN,GUY,IND,ECU,",",ANG-OO,NTA-OO,QLD-QU,WAU-WA,BUR-OO,BEN-OO,BKN-OO,BZL-ES,BOT-OO,CAF-OO,IVO-OO,CMN-OO,ZAI-OO,COO-OO,DJI-OO,ERI-OO,ETH-OO,GAB-OO,GHA-OO,GUI-OO,GNB-OO,MRN-GU,YUG-CR,WHM-HP,KEN-OO,LBR-OO,SRL-OO,MDG-OO,MXI-RG,MLI-OO,MOZ-OO,MTN-OO,MLW-OO,MLY-PM,NAM-OO,NGR-OO,NGA-OO,RWA-OO,SUD-OO,MLY-SI,SIE-OO,SOM-OO,GGI-ST,CHA-OO,TOG-OO,TAN-OO,UGA-OO,CAL-OO,DEL-OO,HAW-HI,IOW-OO,ILL-OO,INI-OO,KTY-OO,MAS-OO,MRY-OO,NWJ-OO,NWY-OO,OHI-OO,PEN-OO,WIS-OO,WVA-OO,NAT-OO,TVL-NP,TVL-MP,ZAM-OO,ZIM-OO,REU-OO,GAL-OO,GAM-OO,,ALA-OO,COM-OO,CRL-MF,CRL-PA,ECU-OO,FIJ-OO,GEO-OO,GUY-OO,HAW-OO,IND-OO,LSI-ET,NCA-OO,PAL-IS,PHI-OO,QLD-OO,SCA-OO,TON-OO,VAN-OO,VRG-OO,WAU-OO,",",2,3,4,7,6,5,8,",",27,23,29,24,25,26,22,34,42,78,76,63,50,62,60,36,82,40,41,83,",",BOT,BUR,COM,ETH,KEN,MLW,MLI,TAN,UGA,ZAM,ZIM,PAL,PHI,ALA,CAL,GEO,HAW,NCA,SCA,VRG,,NTA,QLD,WAU,CRL,FIJ,MRN,LSI,TON,VAN,GUY,IND,ECU,",",,ALA-OO,BOT-OO,BUR-OO,CAL-OO,COM-OO,CRL-MF,CRL-PA,ECU-OO,ETH-OO,FIJ-OO,GEO-OO,GUY-OO,HAW-OO,IND-OO,KEN-OO,LSI-ET,MLI-OO,MLW-OO,MRN-GU,NCA-OO,NTA-OO,PAL-IS,PHI-OO,QLD-OO,SCA-OO,TAN-OO,TON-OO,UGA-OO,VAN-OO,VRG-OO,WAU-OO,ZAM-OO,ZIM-OO,"
"10550","Sicyos angulatus","Sicyos angulatus","invasive",",7,",",78,75,74,72,77,",",ALA,ARK,CNT,ILL,INI,IOW,KAN,KTY,LOU,MAI,MRY,MAS,MIC,MIN,MSI,MSO,NEB,NWH,NWJ,NWY,NCA,NDA,OHI,OKL,ONT,PEN,QUE,RHO,SCA,SDA,TEN,TEX,VER,VRG,WVA,WIS,DEL,FLA,GEO,",",,ALA-OO,ARK-OO,CNT-OO,DEL-OO,FLA-OO,GEO-OO,ILL-OO,INI-OO,IOW-OO,KAN-OO,KTY-OO,LOU-OO,MAI-OO,MAS-OO,MIC-OO,MIN-OO,MRY-OO,MSI-OO,MSO-OO,NCA-OO,NDA-OO,NEB-OO,NWH-OO,NWJ-OO,NWY-OO,OHI-OO,OKL-OO,ONT-OO,PEN-OO,QUE-OO,RHO-OO,SCA-OO,SDA-OO,TEN-OO,TEX-OO,VER-OO,VRG-OO,WIS-OO,WVA-OO,",",1,3,7,3,",",13,11,12,38,14,78,75,34,34,",",BUL,CZE,FRA,YUG,ITA,JAP,KOR,UKR,POL,ROM,TAI,FLA,MAI,TUR,JAP,GRC,DEL,INI,KTY,PEN,TUR,",",BUL-OO,CZE-CZ,FRA-FR,YUG-CR,ITA-IT,KOR-SK,UKR-MO,POL-OO,ROM-OO,YUG-SL,TAI-OO,UKR-UK,FLA-OO,MAI-OO,,DEL-OO,FRA-OO,GRC-OO,INI-OO,ITA-OO,JAP-HN,KTY-OO,PEN-OO,TUR-OO,",",3,1,7,",",38,13,12,78,75,34,",",JAP,KOR,YUG,FRA,GRC,ITA,DEL,INI,KTY,PEN,BUL,TUR,",",,BUL-OO,DEL-OO,FRA-OO,GRC-OO,INI-OO,ITA-OO,JAP-HN,KOR-SK,KTY-OO,PEN-OO,TUR-OO,YUG-CR,"
"10727","Solanum elaeagnifolium","Solanum elaeagnifolium","invasive",",7,8,",",78,85,76,73,74,75,79,77,,",",ALA,AGE,AGW,AGS,ARI,ARK,CAL,CLC,CLN,COL,FLA,GEO,IDA,ILL,INI,KAN,KTY,LOU,MRY,MXC,MXG,MXE,MXN,MXT,MXS,MSI,MSO,NEB,NEV,NWM,NCA,OKL,ORE,PAR,SCA,TEN,TEX,URU,UTA,WAS,,MIC,",",,AGE-OO,AGS-OO,AGW-OO,ALA-OO,ARI-OO,ARK-OO,CAL-OO,CLC-OO,CLN-OO,COL-OO,FLA-OO,GEO-OO,IDA-OO,ILL-OO,INI-OO,KAN-OO,KTY-OO,LOU-OO,MIC-OO,MRY-OO,MSI-OO,MSO-OO,MXC-OO,MXE-OO,MXG-OO,MXN-OO,MXS-OO,MXT-OO,NCA-OO,NEB-OO,NEV-OO,NWM-OO,OKL-OO,ORE-OO,PAR-OO,SCA-OO,TEN-OO,TEX-OO,URU-OO,UTA-OO,WAS-OO,",",5,8,3,2,1,4,7,6,3,",",50,81,34,20,12,13,40,38,79,27,35,63,74,75,78,76,34,26,,77,85,84,36,",",NSW,NTA,QLD,SOA,VIC,WAU,CUB,CYP,EGY,SPA,GRC,IND,PAL,ITA,SAR,SIC,JAP,MOR,MXN,NAM,PUE,GST,TUN,TAI,HAW,ILL,INI,KTY,MRY,NCA,NEB,PEN,UTA,LEE,CPP,OFS,TVL,NAT,TUR,ALG,LES,,ZIM,YUG,ARI,CAL,FLA,MSO,NWM,OKL,TEX,TAS,URU,IRQ,LBY,TUR,",",NSW-NS,NTA-OO,QLD-QU,SOA-OO,VIC-OO,WAU-WA,CUB-OO,CYP-OO,EGY-OO,SPA-SP,GRC-OO,IND-KT,IND-KE,IND-MR,IND-TN,PAL-IS,ITA-IT,SAR-OO,SIC-SI,MOR-MO,MXN-BC,NAM-OO,PUE-OO,GST-QA,TUN-OO,TAI-OO,HAW-HI,ILL-OO,INI-OO,KTY-OO,MRY-OO,NCA-OO,NEB-OO,PEN-OO,UTA-OO,LEE-VI,LEE-BV,CPP-EC,OFS-OO,TVL-GA,NAT-OO,TVL-NP,TVL-MP,CPP-NC,TVL-NW,CPP-WC,,ALG-OO,ARI-OO,CAL-OO,FLA-OO,IRQ-OO,ITA-OO,LBY-OO,LES-OO,MOR-OO,MSO-OO,NSW-OO,NWM-OO,OKL-OO,PAL-JO,QLD-OO,SPA-OO,TAS-OO,TEX-OO,TUR-OO,URU-OO,WAU-OO,YUG-BH,YUG-CR,YUG-MA,YUG-MN,ZIM-OO,",",2,4,3,1,8,7,5,",",20,27,26,40,34,13,12,81,79,,76,78,74,77,50,85,84,36,",",ALG,EGY,LES,MOR,,ZIM,IND,PAL,YUG,GRC,ITA,SPA,CUB,ARI,CAL,FLA,MSO,NWM,OKL,TEX,NSW,NTA,QLD,SOA,TAS,VIC,WAU,URU,CYP,IRQ,LBY,NAM,TUR,",",,ALG-OO,ARI-OO,CAL-OO,CUB-OO,CYP-OO,EGY-OO,FLA-OO,GRC-OO,IND-KT,IRQ-OO,ITA-OO,LBY-OO,LES-OO,MOR-OO,MSO-OO,NSW-OO,NTA-OO,NWM-OO,OKL-OO,PAL-IS,PAL-JO,QLD-OO,SOA-OO,SPA-OO,TAS-OO,TEX-OO,TUR-OO,URU-OO,VIC-OO,WAU-OO,YUG-BH,YUG-CR,YUG-MA,YUG-MN,ZIM-OO,NAM-OO,"
"10772","Solanum rostratum","Solanum rostratum","invasive",",7,3,",",76,78,73,74,79,77,32,75,",",ARI,ARK,CAL,COL,FLA,GEO,IOW,KAN,KTY,MRY,MXC,MXG,MXE,MXN,MXT,MXS,MIN,MSI,MSO,NEB,NWM,NCA,OKL,SDA,TEN,TEX,UTA,UZB,WVA,WYO,,IDA,MNT,NDA,ORE,",",,ARI-OO,ARK-OO,CAL-OO,COL-OO,FLA-OO,GEO-OO,IDA-OO,IOW-OO,KAN-OO,KTY-OO,MIN-OO,MNT-OO,MRY-OO,MSI-OO,MSO-OO,MXC-OO,MXE-OO,MXG-OO,MXN-OO,MXS-OO,MXT-OO,NCA-OO,NDA-OO,NEB-OO,NWM-OO,OKL-OO,ORE-OO,SDA-OO,TEN-OO,TEX-OO,UTA-OO,UZB-OO,WVA-OO,WYO-OO,",",5,7,3,1,6,2,",",50,71,72,36,12,38,51,78,76,75,63,74,27,20,11,73,",",NSW,QLD,SOA,VIC,WAU,BRC,ONT,PEI,QUE,CHN,CHM,CHX,SPA,SAR,JAP,KOR,TAI,ALA,ARK,CAL,CNT,DEL,GEO,HAW,IOW,ILL,INI,KTY,LOU,MAS,MRY,MAI,MIC,MSO,MSI,NCA,NWH,NWJ,NWY,OHI,PEN,RHO,SCA,TEN,UTA,VRG,VER,WIS,WVA,CPP,OFS,TVL,NZN,NZS,LBY,,HUN,IDA,ORE,WAS,",",NSW-NS,QLD-QU,SOA-OO,VIC-OO,WAU-WA,BRC-OO,ONT-OO,PEI-OO,QUE-OO,CHN-BJ,CHN-HB,CHN-SX,CHM-LN,CHM-JL,CHX-OO,SPA-SP,SAR-OO,KOR-SK,TAI-OO,ALA-OO,ARK-OO,CAL-OO,CNT-OO,DEL-OO,GEO-OO,HAW-HI,IOW-OO,ILL-OO,INI-OO,KTY-OO,LOU-OO,MAS-OO,MRY-OO,MAI-OO,MIC-OO,MSO-OO,MSI-OO,NCA-OO,NWH-OO,NWJ-OO,NWY-OO,OHI-OO,PEN-OO,RHO-OO,SCA-OO,TEN-OO,UTA-OO,VRG-OO,VER-OO,WIS-OO,WVA-OO,CPP-EC,OFS-OO,TVL-GA,CPP-NC,NZN-OO,NZS-OO,,HUN-OO,IDA-OO,LBY-OO,ORE-OO,WAS-OO,",",2,3,1,7,",",20,36,11,73,",",LBY,,HUN,IDA,ORE,WAS,",",,HUN-OO,IDA-OO,LBY-OO,ORE-OO,WAS-OO,"
"10819","Solidago sempervirens","Solidago sempervirens","invasive",",2,8,7,",",21,81,75,78,72,79,,77,",",AZO,BAH,BER,CNT,CUB,DEL,DOM,MAI,MRY,MAS,NBR,NWH,NWJ,NWY,NFL,NSC,PEN,PEI,PUE,QUE,RHO,VRG,,ALA,FLA,GEO,LOU,MSI,NCA,SCA,TEX,",",,ALA-OO,AZO-OO,BAH-OO,BER-OO,CNT-OO,CUB-OO,DEL-OO,DOM-OO,FLA-OO,GEO-OO,LOU-OO,MAI-OO,MAS-OO,MRY-OO,MSI-OO,NBR-OO,NCA-OO,NFL-NE,NSC-OO,NWH-OO,NWJ-OO,NWY-OO,PEI-OO,PEN-OO,PUE-OO,QUE-OO,RHO-OO,SCA-OO,TEX-OO,VRG-OO,",",5,7,8,3,2,1,",",50,72,81,38,74,75,21,12,",",VIC,ONT,DOM,JAP,ILL,INI,MIC,OHI,WIS,AZO,JAP,POR,",",VIC-OO,ONT-OO,DOM-OO,ILL-OO,INI-OO,MIC-OO,OHI-OO,WIS-OO,AZO-OO,,JAP-OO,POR-OO,",",3,1,2,8,7,5,",",38,12,21,81,74,75,50,",",JAP,POR,AZO,DOM,ILL,INI,MIC,OHI,",",,AZO-OO,DOM-OO,ILL-OO,INI-OO,JAP-OO,MIC-OO,OHI-OO,POR-OO,"
"10828","Sonchus asper","Sonchus asper","invasive",",3,1,2,4,7,",",34,13,20,30,31,11,21,12,14,22,23,24,10,40,35,32,43,33,26,27,25,29,78,",",AFG,ALB,ALG,ALT,AMU,AUT,AZO,BAL,BLT,BLR,BGM,BUL,BKN,BRY,CMN,CNY,RUC,CHA,CTA,COR,CYP,CZE,DEN,DJI,EAI,RUE,EHM,EGY,ERI,ETH,FIN,FRA,GER,GRB,GRC,GST,HUN,IRN,IRQ,IRE,IRK,ITA,KAZ,KHA,KGZ,KRA,KRI,KRY,KUR,LBS,LBY,MDR,MOR,NEP,NET,NWG,NGA,NCS,RUN,RUW,NOR,PAK,PAL,POL,POR,PRM,ROM,SAK,SAR,SAU,SEL,SEN,SIC,SIN,SOM,RUS,SPA,SRL,SUD,SWE,SWI,TZK,TCS,TUN,TUR,TUE,TKM,TVA,UKR,UZB,WHM,WSB,YAK,YEM,YUG,ANG,BOT,CON,ZAI,KEN,MDG,MLW,MOZ,RWA,TAN,UGA,ZAM,ZIM,GEO,,",",,AFG-OO,ALB-OO,ALG-OO,ALT-OO,AMU-OO,ANG-OO,AUT-AU,AZO-OO,BAL-OO,BGM-BE,BKN-OO,BLR-OO,BLT-ES,BLT-LA,BLT-LI,BOT-OO,BRY-OO,BUL-OO,CHA-OO,CMN-OO,CNY-OO,CON-OO,COR-OO,CTA-OO,CYP-OO,CZE-CZ,CZE-SL,DEN-OO,DJI-OO,EAI-OO,EGY-OO,EHM-OO,ERI-OO,ETH-OO,FIN-OO,FRA-FR,GEO-OO,GER-OO,GRC-OO,GST-OO,HUN-OO,IRE-IR,IRK-OO,IRN-OO,IRQ-OO,ITA-IT,KAZ-OO,KEN-OO,KGZ-OO,KHA-OO,KRA-OO,KRI-OO,KRY-OO,KUR-OO,LBS-LB,LBY-OO,MDG-OO,MDR-OO,MLW-OO,MOR-MO,MOZ-OO,NCS-OO,NEP-OO,NET-OO,NGA-OO,NOR-OO,NWG-OO,PAK-OO,PAL-IS,PAL-JO,POL-OO,POR-OO,PRM-OO,ROM-OO,RUC-OO,RUE-OO,RUN-OO,RUS-OO,RUW-OO,RWA-OO,SAK-OO,SAR-OO,SAU-OO,SEL-OO,SEN-OO,SIC-SI,SIN-OO,SOM-OO,SPA-SP,SRL-OO,SUD-OO,SWE-OO,SWI-OO,TAN-OO,TCS-AR,TCS-AZ,TKM-OO,TUE-OO,TUN-OO,TUR-OO,TVA-OO,TZK-OO,UGA-OO,UKR-MO,UKR-UK,UZB-OO,WHM-OO,WSB-OO,YAK-OO,YEM-OO,YUG-BH,YUG-CR,YUG-MA,YUG-MN,YUG-SE,YUG-SL,ZAI-OO,ZAM-OO,ZIM-OO,",",8,5,2,1,7,3,4,9,6,",",85,81,50,23,13,27,71,72,70,36,83,10,21,24,33,42,40,38,20,79,26,29,80,51,35,31,30,28,90,25,78,76,73,75,63,74,77,34,61,43,60,84,62,41,,",",AGE,AGW,AGS,LEE,NSW,QLD,SOA,TAS,VIC,WAU,BUR,BUL,BER,WIN,BOT,ABT,BRC,LAB,MAN,NBR,NFL,NSC,ONT,PEI,QUE,SAS,YUK,CLS,CLN,CLC,CHN,CHM,CHS,CHC,CHH,CHI,CHQ,CHX,CHT,CMN,ZAI,CLM,DEN,DOM,CNY,ETH,FIN,TCS,GNL,WHM,JAP,KOR,SRL,LES,MOR,MXN,MXE,MXT,MXS,MXC,MXI,MXG,MOZ,MAU,NAM,NIC,NOR,NEP,ATP,CTM,PAN,PUE,GST,KHA,KUR,ALT,IRK,WSB,BRY,RWA,ASC,STH,TDC,SWE,SWZ,TAI,TAN,URU,ASK,ALA,ARK,ARI,CAL,COL,CNT,WDC,DEL,FLA,GEO,HAW,IOW,IDA,ILL,INI,KAN,KTY,LOU,MAS,MRY,MAI,MIC,MIN,MSO,MSI,MNT,NCA,NDA,NEB,NWH,NWJ,NWM,NEV,NWY,OHI,OKL,ORE,PEN,RHO,SCA,SDA,TEN,TEX,UTA,VRG,VER,WAS,WIS,WVA,WYO,CPP,OFS,TVL,NAT,ZAM,IRN,PAR,REU,AZO,ECU,ROD,BOL,NZN,NZS,,IND,EHM,ASS,NFK,NWG,TON,BZC,EAS,FAL,CRL,ZIM,",",AGE-BA,AGW-CA,AGE-CH,AGS-CB,AGE-CD,AGE-ER,AGW-JU,AGE-LP,AGW-LR,AGW-ME,AGE-MI,AGS-NE,AGW-SA,AGS-SC,AGE-SF,AGS-TF,LEE-AB,NSW-NS,QLD-QU,SOA-OO,TAS-OO,VIC-OO,WAU-WA,BUR-OO,BUL-OO,BER-OO,WIN-BA,BOT-OO,ABT-OO,BRC-OO,LAB-OO,MAN-OO,NBR-OO,NFL-NE,NSC-OO,ONT-OO,PEI-OO,QUE-OO,SAS-OO,YUK-OO,CLS-AI,CLN-AN,CLN-TA,CLC-BI,CLC-OH,CLS-LL,CLC-LA,CLC-MA,CLC-VA,CLS-MG,CLC-SA,CHN-HB,CHN-SX,CHM-LN,CHM-JL,CHM-HJ,CHS-JS,CHS-ZJ,CHS-AH,CHS-FJ,CHS-JX,CHN-SD,CHC-HU,CHS-HN,CHS-GD,CHS-GX,CHH-OO,CHC-SC,CHC-GZ,CHC-YN,CHI-NM,CHN-SA,CHN-GS,CHQ-OO,CHI-NX,CHX-OO,CHT-OO,CMN-OO,ZAI-OO,CLM-OO,DEN-OO,DOM-OO,CNY-OO,ETH-OO,FIN-OO,TCS-GR,GNL-OO,WHM-HP,KOR-SK,SRL-OO,LES-OO,MOR-MO,MXN-BC,MXE-CU,MXT-CI,MXE-CO,MXS-CL,MXC-DF,MXE-DU,MXS-GR,MXE-GU,MXE-HI,MXS-JA,MXC-ME,MXS-MI,MXC-MO,MXE-NL,MXS-OA,MXC-PU,MXE-QU,MXN-SI,MXE-SL,MXI-RG,MXN-SO,MXE-TA,MXC-TL,MXG-VC,MXE-ZA,MOZ-OO,WIN-MA,MAU-OO,NAM-OO,NIC-OO,NOR-OO,NEP-OO,ATP-OO,CTM-OO,PAN-OO,PUE-OO,KOR-NK,GST-QA,KHA-OO,KUR-OO,ALT-OO,IRK-OO,WSB-OO,BRY-OO,RWA-OO,ASC-OO,STH-OO,TDC-OO,NFL-SP,SWE-OO,SWZ-OO,TAI-OO,TAN-OO,URU-OO,ASK-OO,ALA-OO,ARK-OO,ARI-OO,CAL-OO,COL-OO,CNT-OO,WDC-OO,DEL-OO,FLA-OO,GEO-OO,HAW-HI,IOW-OO,IDA-OO,ILL-OO,INI-OO,KAN-OO,KTY-OO,LOU-OO,MAS-OO,MRY-OO,MAI-OO,MIC-OO,MIN-OO,MSO-OO,MSI-OO,MNT-OO,NCA-OO,NDA-OO,NEB-OO,NWH-OO,NWJ-OO,NWM-OO,NEV-OO,NWY-OO,OHI-OO,OKL-OO,ORE-OO,PEN-OO,RHO-OO,SCA-OO,SDA-OO,TEN-OO,TEX-OO,UTA-OO,VRG-OO,VER-OO,WAS-OO,WIS-OO,WVA-OO,WYO-OO,CPP-EC,OFS-OO,TVL-GA,NAT-OO,TVL-NP,TVL-MP,CPP-NC,TVL-NW,CPP-WC,ZAM-OO,IRN-OO,PAR-OO,MXN-BC,REU-OO,AZO-OO,ECU-OO,ROD-OO,BOL-OO,NZN-OO,NZS-OO,,ASS-AS,ASS-MA,ASS-ME,ASS-MI,ASS-NA,ASS-TR,BZC-MS,CRL-MF,EAS-OO,EHM-AP,EHM-SI,FAL-OO,HAW-OO,IND-OR,IND-UP,IND-WB,LEE-AG,NFK-LH,NSW-OO,NWG-PN,QLD-OO,TON-OO,WAU-OO,WHM-JK,WHM-UT,ZIM-OO,",",3,4,2,7,8,6,5,9,",",36,40,38,21,71,72,81,79,70,78,63,74,50,61,51,43,60,85,84,90,62,41,28,,26,",",,CHS,CHC,CHN,CHX,IND,EHM,ASS,WHM,TAI,AZO,ABT,BRC,MAN,ONT,QUE,SAS,DOM,ASK,GEO,HAW,KTY,NEB,NFK,NSW,QLD,SOA,TAS,VIC,WAU,NWG,TON,BZC,EAS,PAR,URU,LEE,FAL,CRL,STH,ZIM,",",,ABT-OO,ASK-OO,ASS-AS,ASS-MA,ASS-ME,ASS-MI,ASS-NA,ASS-TR,AZO-OO,BRC-OO,BZC-MS,CHC-HU,CHC-SC,CHN-SD,CHS-GX,CHS-JS,CHS-ZJ,CHX-OO,CRL-MF,DOM-OO,EAS-OO,EHM-AP,EHM-SI,FAL-OO,GEO-OO,HAW-OO,IND-OR,IND-UP,IND-WB,KTY-OO,LEE-AG,MAN-OO,NEB-OO,NFK-LH,NSW-OO,NWG-PN,ONT-OO,PAR-OO,QLD-OO,QUE-OO,SAS-OO,SOA-OO,STH-OO,TAI-OO,TAS-OO,TON-OO,URU-OO,VIC-OO,WAU-OO,WHM-HP,WHM-JK,WHM-UT,ZIM-OO,"
"10834","Sonchus oleraceus","Sonchus oleraceus","invasive",",1,2,3,7,4,",",13,20,11,21,12,14,22,24,34,10,35,33,78,32,38,40,30,31,",",ALB,ALG,AUT,AZO,BAL,BLT,BLR,BGM,BUL,BKN,CNY,CVI,RUC,CHA,COR,CYP,CZE,DEN,DJI,EAI,RUE,EGY,ERI,ETH,FIN,FRA,GER,GRB,GRC,GST,HUN,IRN,IRQ,IRE,ITA,IVO,KRI,KRY,LBS,LBY,MDR,MLI,MTN,MOR,NET,NCS,RUN,RUW,NOR,OMA,PAL,POL,POR,ROM,SAR,SAU,SEL,SIC,SIN,SOC,SOM,RUS,SPA,SUD,SWE,SWI,TCS,TUN,TUR,TUE,UKR,YEM,YUG,AFG,GEO,KAZ,KGZ,KOR,PAK,,WSB,",",,AFG-OO,ALB-OO,ALG-OO,AUT-AU,AZO-OO,BAL-OO,BGM-BE,BKN-OO,BLR-OO,BLT-ES,BLT-LA,BLT-LI,BUL-OO,CHA-OO,CNY-OO,COR-OO,CVI-OO,CYP-OO,CZE-SL,DEN-OO,DJI-OO,EAI-OO,EGY-OO,ERI-OO,ETH-OO,FIN-OO,FRA-FR,GEO-OO,GER-OO,GRC-OO,GST-OO,HUN-OO,IRE-IR,IRN-OO,IRQ-OO,ITA-IT,IVO-OO,KAZ-OO,KGZ-OO,KOR-NK,KOR-SK,KRI-OO,KRY-OO,LBS-LB,LBS-SY,LBY-OO,MDR-OO,MLI-OO,MOR-MO,MTN-OO,NCS-OO,NET-OO,NOR-OO,OMA-OO,PAK-OO,PAL-IS,PAL-JO,POL-OO,POR-OO,ROM-OO,RUC-OO,RUE-OO,RUN-OO,RUS-OO,RUW-OO,SAR-OO,SAU-OO,SEL-OO,SIC-SI,SIN-OO,SOC-OO,SOM-OO,SPA-SP,SUD-OO,SWE-OO,SWI-OO,TCS-AR,TCS-AZ,TUE-OO,TUN-OO,TUR-OO,UKR-MO,UKR-UK,WSB-OO,YEM-OO,YUG-BH,YUG-MN,YUG-SE,",",2,8,5,1,7,3,6,4,9,",",26,81,85,50,23,13,84,27,71,72,70,36,61,83,21,80,42,24,10,33,22,62,40,38,29,79,51,35,31,30,28,90,41,60,25,78,76,73,75,63,74,77,37,43,20,14,,",",ANG,LEE,AGE,AGW,AGS,WAU,NSW,NTA,QLD,SOA,TAS,VIC,BUR,BUL,BER,BZL,WIN,BOT,ABT,BRC,MAN,NBR,NFL,NSC,NWT,ONT,PEI,QUE,SAS,CLN,JNF,CLC,CLS,CHN,CHM,CHS,CHC,CHH,CHI,CHQ,CHX,CHT,CMN,ZAI,COO,CLM,CVI,COS,CUB,XMS,DJI,DEN,CNY,ETH,TCS,GHA,GUI,EQG,GNL,MRN,HAI,WHM,JAP,KOR,SRL,LES,MDG,MXE,MXN,MXT,MXS,MXC,MXG,MOZ,MAU,MLY,NAM,NFK,NGA,NIC,NOR,NEP,ATP,CTM,PAN,PHI,PUE,MDR,MRQ,GST,KHA,ALT,IRK,KRA,WSB,BRY,RWA,SEN,ASC,TDC,STH,SOM,GGI,SWE,SWZ,THA,TON,TAI,TAN,URU,ASK,ALA,ARK,ARI,CAL,COL,CNT,WDC,DEL,FLA,GEO,HAW,IOW,IDA,ILL,INI,KAN,KTY,LOU,MAS,MRY,MAI,MIC,MIN,MSO,MSI,MNT,NCA,NDA,NEB,NWH,NWJ,NWM,NEV,NWY,OHI,OKL,ORE,PEN,RHO,SCA,SDA,TEN,TEX,UTA,VRG,VER,WAS,WIS,WVA,WYO,CPP,OFS,TVL,NAT,ZAM,ZIM,KER,MON,PAR,NWG,REU,GAL,AZO,ECU,ROD,BOL,NZN,NZS,PER,,EHM,ASS,IND,JAP,VIE,CRL,FIJ,LIN,MRS,NWC,NUE,NWG,PIT,WAK,WAL,FAL,LBY,UKR,",",ANG-OO,LEE-AG,AGE-BA,AGW-CA,AGE-CH,AGS-CB,AGE-CD,AGE-CN,AGE-FO,AGW-JU,AGE-LP,AGW-LR,AGW-ME,AGE-MI,AGS-NE,AGS-RN,AGS-SC,AGW-SE,AGE-SF,AGW-SJ,AGW-SL,AGS-TF,LEE-AB,WAU-WA,NSW-NS,NTA-OO,QLD-QU,SOA-OO,TAS-OO,VIC-OO,BUR-OO,BUL-OO,LEE-SM,BER-OO,BZL-ES,WIN-BA,BOT-OO,ABT-OO,BRC-OO,MAN-OO,NBR-OO,NFL-NE,NSC-OO,NWT-OO,ONT-OO,PEI-OO,QUE-OO,SAS-OO,CLN-AN,CLN-TA,JNF-OO,CLC-BI,CLS-LL,CLC-OH,CLC-MA,CLN-AT,CLS-MG,CLC-VA,CLC-SA,CHN-BJ,CHN-TJ,CHN-HB,CHN-SX,CHM-LN,CHM-JL,CHM-HJ,CHS-SH,CHS-JS,CHS-ZJ,CHS-AH,CHS-FJ,CHS-JX,CHN-SD,CHS-HE,CHC-HU,CHS-HN,CHS-GD,CHS-GX,CHH-OO,CHC-CQ,CHC-SC,CHC-GZ,CHC-YN,CHI-NM,CHN-SA,CHN-GS,CHQ-OO,CHI-NX,CHS-HK,CHS-MA,CHX-OO,CHT-OO,CMN-OO,ZAI-OO,COO-OO,CLM-OO,CVI-OO,COS-OO,CUB-OO,XMS-OO,DJI-OO,WIN-DO,DEN-OO,CNY-OO,ETH-OO,TCS-GR,GHA-OO,GUI-OO,EQG-OO,WIN-GR,GNL-OO,MRN-GU,HAI-HA,WHM-HP,KOR-SK,WIN-SL,SRL-OO,LES-OO,MDG-OO,MXE-AG,MXN-BC,MXT-CA,MXE-CU,MXT-CI,MXE-CO,MXS-CL,MXC-DF,MXE-DU,MXS-GR,MXE-GU,MXE-HI,MXS-JA,MXC-ME,MXS-MI,MXC-MO,MXS-NA,MXE-NL,MXS-OA,MXC-PU,MXE-QU,MXT-QR,MXN-SI,MXE-SL,MXN-SO,MXT-TB,MXE-TA,MXC-TL,MXG-VC,MXT-YU,MXE-ZA,MOZ-OO,WIN-MA,MAU-OO,MLY-PM,NAM-OO,NFK-NI,NGA-OO,NIC-OO,NOR-OO,NEP-OO,ATP-OO,CTM-OO,PAN-OO,PHI-OO,PUE-OO,KOR-NK,MDR-OO,MRQ-OO,GST-QA,KHA-OO,ALT-OO,IRK-OO,KRA-OO,WSB-OO,BRY-OO,RWA-OO,SEN-OO,ASC-OO,TDC-OO,STH-OO,SOM-OO,NFL-SP,GGI-ST,SWE-OO,SWZ-OO,THA-OO,TON-OO,TAI-OO,TAN-OO,URU-OO,ASK-OO,ALA-OO,ARK-OO,ARI-OO,CAL-OO,COL-OO,CNT-OO,WDC-OO,DEL-OO,FLA-OO,GEO-OO,HAW-HI,IOW-OO,IDA-OO,ILL-OO,INI-OO,KAN-OO,KTY-OO,LOU-OO,MAS-OO,MRY-OO,MAI-OO,MIC-OO,MIN-OO,MSO-OO,MSI-OO,MNT-OO,NCA-OO,NDA-OO,NEB-OO,NWH-OO,NWJ-OO,NWM-OO,NEV-OO,NWY-OO,OHI-OO,OKL-OO,ORE-OO,PEN-OO,RHO-OO,SCA-OO,SDA-OO,TEN-OO,TEX-OO,UTA-OO,VRG-OO,LEE-VI,VER-OO,WAS-OO,WIS-OO,WVA-OO,WYO-OO,WIN-SV,LEE-BV,CPP-EC,OFS-OO,TVL-GA,NAT-OO,TVL-NP,TVL-MP,CPP-NC,TVL-NW,CPP-WC,ZAM-OO,ZIM-OO,KER-OO,MON-OO,PAR-OO,NWG-PN,MXN-BC,MXN-BS,REU-OO,GAL-OO,AZO-OO,ECU-OO,ROD-OO,BOL-OO,NZN-OO,NZS-OO,PER-OO,,ASS-AS,ASS-MA,ASS-ME,ASS-MI,ASS-NA,ASS-TR,CRL-MF,EHM-AP,EHM-SI,FAL-OO,FIJ-OO,HAW-OO,IND-WB,JAP-OO,LBY-OO,LIN-KI,MRS-OO,NFK-OO,NSW-OO,NUE-OO,NWC-OO,NWG-PN,PIT-OO,QLD-OO,UKR-OO,VIE-OO,WAK-OO,WAL-OO,WAU-OO,WHM-JK,WHM-UT,",",2,4,3,1,8,7,6,5,9,",",29,27,40,38,42,41,10,81,80,79,78,76,73,75,63,74,77,50,62,60,61,51,43,85,83,90,28,20,14,,26,",",MAU,ROD,,EHM,ASS,WHM,IND,JAP,PHI,TAI,VIE,NOR,SWE,LEE,COS,CUB,ALA,ARI,ARK,CAL,COL,CNT,DEL,WDC,FLA,GEO,HAW,IDA,ILL,INI,IOW,KAN,KTY,LOU,MAI,MRY,MAS,MIC,MIN,MSI,MSO,MNT,NEB,NEV,NWH,NWJ,NWM,NWY,NCA,NDA,OHI,OKL,ORE,PEN,RHO,SCA,SDA,TEN,TEX,UTA,VER,VRG,WAS,WVA,WIS,WYO,NSW,QLD,SOA,TAS,VIC,WAU,XMS,CRL,FIJ,MRN,LIN,MRS,NWC,NUE,NFK,NWG,PIT,TON,WAK,WAL,CLM,ECU,FAL,PAR,PER,URU,STH,LBY,UKR,ZIM,",",,ALA-OO,ARI-OO,ARK-OO,ASS-AS,ASS-MA,ASS-ME,ASS-MI,ASS-NA,ASS-TR,CAL-OO,CLM-OO,CNT-OO,COL-OO,COS-OO,CRL-MF,CUB-OO,DEL-OO,ECU-OO,EHM-AP,EHM-SI,FAL-OO,FIJ-OO,FLA-OO,GEO-OO,HAW-OO,IDA-OO,ILL-OO,IND-WB,INI-OO,IOW-OO,JAP-OO,KAN-OO,KTY-OO,LBY-OO,LEE-BV,LEE-VI,LIN-KI,LOU-OO,MAI-OO,MAS-OO,MAU-OO,MIC-OO,MIN-OO,MNT-OO,MRN-GU,MRS-OO,MRY-OO,MSI-OO,MSO-OO,NCA-OO,NDA-OO,NEB-OO,NEV-OO,NFK-OO,NOR-OO,NSW-OO,NUE-OO,NWC-OO,NWG-PN,NWH-OO,NWJ-OO,NWM-OO,NWY-OO,OHI-OO,OKL-OO,ORE-OO,PAR-OO,PEN-OO,PER-OO,PHI-OO,PIT-OO,QLD-OO,RHO-OO,ROD-OO,SCA-OO,SDA-OO,SOA-OO,STH-OO,SWE-OO,TAI-OO,TAS-OO,TEN-OO,TEX-OO,TON-OO,UKR-OO,URU-OO,UTA-OO,VER-OO,VIC-OO,VIE-OO,VRG-OO,WAK-OO,WAL-OO,WAS-OO,WAU-OO,WDC-OO,WHM-HP,WHM-JK,WHM-UT,WIS-OO,WVA-OO,WYO-OO,XMS-OO,ZIM-OO,"
"10877","Spartium junceum","Spartium junceum","invasive",",1,2,3,7,",",13,21,12,34,20,33,78,",",ALB,AZO,BAL,COR,EAI,FRA,GRC,ITA,KRI,LBS,PAL,POR,SAR,SIC,SPA,TUR,TUE,YUG,ALG,LBY,MOR,TUN,TCS,GEO,CNY,",",,ALB-OO,ALG-OO,AZO-OO,BAL-OO,CNY-OO,COR-OO,EAI-OO,FRA-FR,GEO-OO,GRC-OO,ITA-IT,KRI-OO,LBS-LB,LBS-SY,LBY-OO,MOR-OO,PAL-IS,POR-OO,SAR-OO,SIC-MA,SIC-SI,SPA-SP,TCS-AZ,TUE-OO,TUN-OO,TUR-OO,YUG-OO,",",2,8,5,1,3,7,6,",",26,85,50,11,13,83,12,21,24,10,33,79,51,14,76,63,73,77,27,",",ANG,AGE,NSW,QLD,SOA,TAS,VIC,BGM,BUL,BOL,CLC,CLN,CLM,BAL,CNY,ETH,COR,GRB,TCS,MXT,MXC,MXE,MXG,MDR,POR,UKR,URU,CAL,HAW,ORE,TEX,WAS,CPP,TVL,AZO,ECU,NZN,NZS,PER,,",",ANG-OO,AGE-ER,NSW-NS,QLD-QU,SOA-OO,TAS-OO,VIC-OO,BGM-BE,BUL-OO,BOL-OO,CLC-BI,CLC-MA,CLC-LA,CLN-AN,CLN-TA,CLC-VA,CLC-SA,CLM-OO,BAL-OO,CNY-OO,ETH-OO,COR-OO,GRB-OO,TCS-GR,MXT-CI,MXC-DF,MXE-HI,MXC-ME,MXC-MO,MXC-PU,MXC-TL,MXG-VC,MDR-OO,POR-OO,UKR-UK,URU-OO,CAL-OO,HAW-HI,ORE-OO,TEX-OO,WAS-OO,CPP-EC,TVL-GA,TVL-MP,CPP-WC,TCS-AR,AZO-OO,ECU-OO,NZN-OO,NZS-OO,PER-OO,,HAW-OO,",",2,7,6,8,",",27,21,76,63,73,85,83,79,",",,AZO,CAL,HAW,ORE,WAS,BOL,PER,URU,CNY,",",,AZO-OO,BOL-OO,CAL-OO,CNY-OO,HAW-OO,ORE-OO,PER-OO,URU-OO,WAS-OO,"
"10975","Sporobolus alterniflorus","Sporobolus alterniflorus","invasive",",7,8,",",78,85,84,75,82,81,79,72,77,",",ALA,AGE,AGS,BZS,BZL,CNT,DEL,FLA,FRG,GEO,GUY,LEE,LOU,MAI,MRY,MAS,MXG,MXE,MSI,NBR,NWH,NWJ,NWY,NFL,NCA,NSC,PEI,QUE,RHO,SCA,SUR,TEX,TRT,URU,VEN,VRG,",",,AGE-OO,AGS-OO,ALA-OO,BZL-OO,BZS-OO,CNT-OO,DEL-OO,FLA-OO,FRG-OO,GEO-OO,GUY-OO,LEE-OO,LOU-OO,MAI-OO,MAS-OO,MRY-OO,MSI-OO,MXE-OO,MXG-OO,NBR-OO,NCA-OO,NFL-NE,NSC-OO,NWH-OO,NWJ-OO,NWY-OO,PEI-OO,QUE-OO,RHO-OO,SCA-OO,SUR-OO,TEX-OO,TRT-OO,URU-OO,VEN-OO,VRG-OO,",",7,8,3,1,5,",",72,85,36,12,10,38,51,71,76,75,78,73,77,50,84,",",NSC,CLS,CHN,CHM,CHS,SPA,FRA,GRB,JAP,TAI,NZN,,BRC,CAL,CNT,FLA,GEO,LOU,MAI,MRY,MAS,MSI,NWH,NCA,ORE,RHO,TEX,VRG,WAS,SOA,TAS,VIC,BZS,URU,JAP,",",NSC-OO,CLS-MG,CHN-TJ,CHN-HB,CHM-LN,CHS-SH,CHS-JS,CHS-ZJ,CHS-FJ,CHN-SD,CHS-GD,CHS-HK,SPA-SP,FRA-FR,GRB-OO,TAI-OO,NZN-OO,,BRC-OO,BZS-RS,CAL-OO,CNT-OO,FLA-OO,FRA-OO,GEO-OO,JAP-OO,LOU-OO,MAI-OO,MAS-OO,MRY-OO,MSI-OO,NCA-OO,NWH-OO,ORE-OO,RHO-OO,SOA-OO,TAS-OO,TEX-OO,URU-OO,VIC-OO,VRG-OO,WAS-OO,",",3,1,7,5,8,",",36,12,10,71,72,76,75,78,73,77,50,51,84,85,38,",",,FRA,GRB,BRC,NSC,CAL,CNT,FLA,GEO,LOU,MAI,MRY,MAS,MSI,NWH,NCA,ORE,RHO,TEX,VRG,WAS,SOA,TAS,VIC,BZS,URU,JAP,",",,BRC-OO,BZS-RS,CAL-OO,CNT-OO,FLA-OO,FRA-OO,GEO-OO,GRB-OO,JAP-OO,LOU-OO,MAI-OO,MAS-OO,MRY-OO,MSI-OO,NCA-OO,NSC-OO,NWH-OO,ORE-OO,RHO-OO,SOA-OO,TAS-OO,TEX-OO,URU-OO,VIC-OO,VRG-OO,WAS-OO,"
"11004","Sporobolus schoenoides","Sporobolus schoenoides","invasive",",3,1,2,4,7,",",34,13,20,30,11,14,24,36,12,32,26,37,22,33,40,25,35,78,",",AFG,ALB,ALG,ALT,AUT,BLR,BUL,RUC,CHA,CHN,CHS,COR,CYP,CZE,EAI,RUE,EGY,FRA,GRC,HUN,CHI,IRN,IRQ,ITA,KAZ,KGZ,KRI,KRY,LBS,LBY,MLW,,MON,MOR,MOZ,NGR,NCS,PAK,PAL,POR,ROM,SAR,SIC,RUS,SPA,SUD,TZK,TAN,TCS,TUN,TUR,TUE,TKM,UKR,UZB,WHM,WSB,CHX,YEM,YUG,GEO,IND,RUN,",",,AFG-OO,ALB-OO,ALG-OO,ALT-OO,AUT-AU,BLR-OO,BUL-OO,CHA-OO,CHI-NX,CHN-HB,CHN-SX,CHS-AH,CHS-HE,CHS-JS,CHX-OO,COR-OO,CYP-OO,CZE-CZ,CZE-SL,EAI-OO,EGY-OO,FRA-FR,GEO-OO,GRC-OO,HUN-OO,IND-PU,IRN-OO,IRQ-OO,ITA-IT,KAZ-OO,KGZ-OO,KRI-OO,KRY-OO,LBS-LB,LBS-SY,LBY-OO,MLW-OO,MON-OO,MOR-MO,MOZ-OO,NCS-OO,NGR-OO,PAK-OO,PAL-IS,PAL-JO,POR-OO,ROM-OO,RUC-OO,RUE-OO,RUN-OO,RUS-OO,SAR-OO,SIC-SI,SPA-SP,SUD-OO,TAN-OO,TCS-AR,TCS-AZ,TKM-OO,TUE-OO,TUN-OO,TUR-OO,TZK-OO,UKR-MO,UKR-UK,UZB-OO,WHM-HP,WHM-JK,WHM-UT,WSB-OO,YEM-OO,YUG-BH,YUG-CR,YUG-SE,YUG-SL,",",5,1,7,3,",",50,14,72,38,79,76,78,74,73,75,77,",",WAU,BLR,ONT,JAP,MXN,ARI,CAL,DEL,IOW,IDA,ILL,INI,MAS,MIC,MSO,NWJ,NWM,NEV,NWY,OHI,ORE,PEN,UTA,VER,WIS,",",WAU-WA,BLR-OO,ONT-OO,MXN-BC,ARI-OO,CAL-OO,DEL-OO,IOW-OO,IDA-OO,ILL-OO,INI-OO,MAS-OO,MIC-OO,MSO-OO,NWJ-OO,NWM-OO,NEV-OO,NWY-OO,OHI-OO,ORE-OO,PEN-OO,UTA-OO,VER-OO,WIS-OO,MXN-BC,,",",7,",",76,",",CAL,",",,CAL-OO,"
"11237","Taeniatherum caput-medusae","Taeniatherum caput-medusae","invasive",",3,1,2,4,7,",",34,13,20,14,12,11,32,33,40,35,78,",",AFG,ALB,ALG,BUL,CYP,EAI,RUE,FRA,GRC,HUN,IRN,IRQ,ITA,KAZ,KGZ,KRY,LBS,MOR,NCS,PAK,PAL,POR,ROM,SAR,SAU,SIC,SIN,SPA,SWI,TZK,TCS,TUN,TUR,TUE,TKM,UKR,UZB,YUG,EGY,LBY,GEO,,",",,AFG-OO,ALB-OO,ALG-OO,BUL-OO,CYP-OO,EAI-OO,EGY-OO,FRA-FR,GEO-OO,GRC-OO,HUN-OO,IRN-OO,IRQ-OO,ITA-IT,KAZ-OO,KGZ-OO,KRY-OO,LBS-LB,LBS-SY,LBY-OO,MOR-MO,NCS-OO,PAK-OO,PAL-IS,PAL-JO,POR-OO,ROM-OO,RUE-OO,SAR-OO,SAU-OO,SIC-SI,SIN-OO,SPA-SP,SWI-OO,TCS-AR,TCS-AZ,TKM-OO,TUE-OO,TUN-OO,TUR-OO,TZK-OO,UKR-UK,UZB-OO,YUG-CR,YUG-MA,YUG-SE,",",5,8,7,1,",",50,85,76,75,73,74,11,",",SOA,CLC,ARI,CAL,CNT,IDA,MNT,NEB,NEV,NWY,ORE,PEN,UTA,WAS,GER,",",SOA-OO,CLC-OH,CLC-MA,ARI-OO,CAL-OO,CNT-OO,IDA-OO,MNT-OO,NEB-OO,NEV-OO,NWY-OO,ORE-OO,PEN-OO,UTA-OO,WAS-OO,GER-OO,,",",7,",",76,73,",",CAL,IDA,NEV,ORE,UTA,",",,CAL-OO,IDA-OO,NEV-OO,ORE-OO,UTA-OO,"
"11255","Tamarix ramosissima","Tamarix ramosissima","invasive",",3,1,4,7,",",34,13,36,14,32,37,33,40,78,38,,",",AFG,BUL,CHN,EAI,RUE,GRC,CHI,IRN,IRQ,KAZ,KGZ,KRY,LBS,,MON,NCS,PAK,CHQ,RUS,TZK,CHT,TCS,TKM,UKR,UZB,WHM,CHX,GEO,KOR,TUR,",",,AFG-OO,BUL-OO,CHI-NX,CHN-GS,CHQ-OO,CHT-OO,CHX-OO,EAI-OO,GEO-OO,GRC-OO,IRN-OO,IRQ-OO,KAZ-OO,KGZ-OO,KOR-SK,KRY-OO,LBS-OO,MON-OO,NCS-OO,PAK-OO,RUE-OO,RUS-OO,TCS-AR,TCS-AZ,TKM-OO,TUR-OO,TZK-OO,UKR-MO,UKR-UK,UZB-OO,WHM-OO,",",5,2,7,1,8,",",50,27,79,26,14,,76,73,74,77,85,",",NSW,SOA,VIC,WAU,BOT,MXN,MOZ,NAM,UKR,NAT,CPP,,ARI,CAL,COL,IDA,KAN,MNT,NEB,NEV,NWM,NDA,OKL,ORE,SDA,TEX,UTA,WAS,WYO,",",NSW-NS,SOA-OO,VIC-OO,WAU-WA,BOT-OO,MXN-BC,MOZ-OO,NAM-OO,UKR-UK,NAT-OO,CPP-NC,CPP-WC,,ARI-OO,CAL-OO,COL-OO,IDA-OO,KAN-OO,MNT-OO,NDA-OO,NEB-OO,NEV-OO,NSW-OO,NWM-OO,OKL-OO,ORE-OO,SDA-OO,TEX-OO,UTA-OO,WAS-OO,WYO-OO,",",2,7,5,8,",",27,,76,73,74,77,50,85,79,",",,ARI,CAL,COL,IDA,KAN,MNT,NEB,NEV,NWM,NDA,OKL,ORE,SDA,TEX,UTA,WAS,WYO,NSW,",",,ARI-OO,CAL-OO,COL-OO,IDA-OO,KAN-OO,MNT-OO,NDA-OO,NEB-OO,NEV-OO,NSW-OO,NWM-OO,OKL-OO,ORE-OO,SDA-OO,TEX-OO,UTA-OO,WAS-OO,WYO-OO,"
"11470","Thymophylla tenuiloba","Thymophylla tenuiloba","invasive",",7,",",78,79,77,",",ALA,FLA,LOU,MXE,MSI,SCA,TEX,,",",,ALA-OO,FLA-OO,LOU-OO,MSI-OO,MXE-OO,SCA-OO,TEX-OO,",",8,6,5,4,2,7,",",81,63,50,41,40,29,78,76,75,",",LEE,WIN,CAY,HAW,QLD,AND,IND,ASS,WHM,MAU,ALA,CAL,FLA,LOU,MAS,MSI,SCA,BAH,",",LEE-AG,WIN-BA,CAY-OO,HAW-HI,WIN-SV,QLD-QU,IND-AP,ASS-AS,IND-BI,IND-CT,IND-GO,IND-GU,IND-HA,IND-JK,IND-KT,IND-KE,IND-MR,ASS-MA,IND-MP,ASS-ME,ASS-MI,ASS-NA,IND-OR,IND-PU,IND-RA,IND-TN,ASS-TR,WHM-UT,IND-UP,IND-WB,MAU-OO,ALA-OO,CAL-OO,FLA-OO,LOU-OO,MAS-OO,MSI-OO,SCA-OO,,BAH-OO,HAW-OO,",",8,7,6,",",81,78,63,",",BAH,ALA,FLA,HAW,LOU,MSI,",",,ALA-OO,BAH-OO,FLA-OO,HAW-OO,LOU-OO,MSI-OO,"
"11573","Trapa natans","Trapa natans","invasive",",1,2,3,4,7,",",13,20,30,31,26,40,11,12,14,27,22,41,23,24,36,34,38,42,32,33,25,78,",",ALB,ALG,ALT,AMU,ANG,ASS,AUT,BAL,BLT,BAN,BLR,BOT,BUL,BKN,BRY,CBD,CMN,CAF,RUC,CHA,CHN,CHC,CHS,CTA,CON,CZE,RUE,FRA,GER,GRC,GNB,CHH,HUN,IND,CHI,IRN,IRK,ITA,JAP,JAW,KAZ,KHA,KOR,KRA,KRY,NAT,LAO,MLW,CHM,MOZ,MYA,NAM,NEP,NGA,NCS,RUW,PAK,PHI,POL,PRM,ROM,RUS,SRL,SUD,SUM,SWI,TAI,TAN,THA,CHT,TCS,TUN,TUE,UGA,UKR,VIE,WHM,WSB,CHX,YUG,ZAM,ZAI,ZIM,,GEO,TUR,",",,ALB-OO,ALG-OO,ALT-OO,AMU-OO,ANG-OO,ASS-AS,AUT-AU,BAL-OO,BAN-OO,BKN-OO,BLR-OO,BLT-LA,BOT-OO,BRY-OO,BUL-OO,CAF-OO,CBD-OO,CHA-OO,CHC-GZ,CHC-HU,CHC-SC,CHC-YN,CHH-OO,CHI-OO,CHM-OO,CHN-OO,CHS-FJ,CHS-GD,CHS-HN,CHT-OO,CHX-OO,CMN-OO,CON-OO,CTA-OO,CZE-CZ,FRA-FR,GEO-OO,GER-OO,GNB-OO,GRC-OO,HUN-OO,IND-OO,IRK-OO,IRN-OO,ITA-IT,JAP-OO,JAW-OO,KAZ-OO,KHA-OO,KOR-OO,KRA-OO,KRY-OO,NAT-OO,LAO-OO,MLW-OO,MOZ-OO,MYA-OO,NCS-OO,NEP-OO,NGA-OO,PAK-OO,PHI-OO,POL-OO,PRM-OO,ROM-OO,RUC-OO,RUE-OO,RUS-OO,RUW-OO,SRL-OO,SUD-OO,SUM-OO,SWI-OO,TAI-OO,TAN-OO,TCS-OO,THA-OO,TUE-OO,TUN-OO,TUR-OO,UGA-OO,UKR-UK,VIE-OO,WHM-OO,WSB-OO,YUG-BH,ZAI-OO,ZAM-OO,ZIM-OO,",",2,7,4,3,",",22,72,40,75,78,38,26,",",BKN,QUE,WHM,CNT,WDC,DEL,MAS,MRY,NWJ,NWY,PEN,VRG,VER,IND,JAP,ANG,",",BKN-OO,QUE-OO,WHM-HP,CNT-OO,WDC-OO,DEL-OO,MAS-OO,MRY-OO,NWJ-OO,NWY-OO,PEN-OO,VRG-OO,VER-OO,,ANG-OO,IND-OO,JAP-OO,",",2,4,3,7,",",22,40,38,72,75,78,26,",",BKN,IND,JAP,QUE,CNT,DEL,MRY,NWJ,PEN,VER,ANG,",",,ANG-OO,BKN-OO,CNT-OO,DEL-OO,IND-OO,JAP-OO,MRY-OO,NWJ-OO,PEN-OO,QUE-OO,VER-OO,"
"11781","Typha domingensis","Typha domingensis","invasive",",3,7,1,2,4,8,6,5,",",34,78,13,20,41,26,85,76,40,21,81,12,80,22,83,27,84,23,24,36,73,60,82,74,42,32,25,38,14,29,79,37,43,77,50,33,35,31,61,",",AFG,ALA,ALB,ALG,AND,ANG,AGE,AGW,AGS,ARI,ARK,ASS,AZO,BAH,BAL,BAN,BLZ,BEN,BER,BOL,BOT,BZN,BZC,BUL,BKN,BUR,CAL,CNY,CVI,CAY,CAF,CHA,CHN,CHC,CHS,CLM,COL,CON,COR,COS,CUB,CYP,DEL,DJI,DOM,EAI,ECU,EGY,ERI,ETH,FIJ,FLA,FRA,FRG,GAB,GAM,GEO,GHA,GRC,GUI,GNB,GUY,HAI,HON,ILL,IND,CHI,IRN,IRQ,ITA,IVO,JAM,JAW,KAN,KAZ,KTY,KEN,KGZ,KOR,KRI,KRY,LBS,LEE,LSI,LBY,LOU,MLW,MLY,MLI,CHM,MRY,MTN,MAU,MXC,MXG,MXE,MXN,MXT,MXS,MSI,MSO,,MON,MOR,MOZ,MYA,NEB,NEP,NLA,NEV,NWC,NWG,NWM,NSW,NGR,NGA,NFK,NCA,NCS,NTA,OKL,OMA,PAK,PAL,PAR,PER,PHI,POR,PRM,PUE,QLD,ROM,RWA,REU,SAR,SAU,SEN,SEY,SIC,SIN,SCI,SOM,SOA,SCA,RUS,SWC,SPA,SRL,SUD,SUM,SUR,TZK,TAI,TAN,TAS,TEX,THA,TOG,TCS,TRT,TUN,TUR,TUE,UGA,UKR,URU,UTA,UZB,VEN,VNA,VIC,VIE,VRG,WHM,WAU,WYO,CHX,YEM,YUG,ZAM,ZAI,CMN,NAM,WSA,ELS,GUA,NIC,PAN,ORE,BZE,BZL,BZS,",",,AFG-OO,AGE-OO,AGS-OO,AGW-OO,ALA-OO,ALB-OO,ALG-OO,AND-AN,ANG-OO,ARI-OO,ARK-OO,ASS-AS,ASS-MA,AZO-OO,BAH-OO,BAL-OO,BAN-OO,BEN-OO,BER-OO,BKN-OO,BLZ-OO,BOL-OO,BOT-OO,BUL-OO,BUR-OO,BZC-OO,BZE-BA,BZL-MG,BZL-RJ,BZL-SP,BZN-PA,BZS-PR,CAF-OO,CAL-OO,CAY-OO,CHA-OO,CHC-OO,CHI-OO,CHM-OO,CHN-OO,CHS-OO,CHX-OO,CLM-OO,CMN-OO,CNY-OO,COL-OO,CON-OO,COR-OO,COS-OO,CUB-OO,CVI-OO,CYP-OO,DEL-OO,DJI-OO,DOM-OO,EAI-OO,ECU-OO,EGY-OO,ELS-OO,ERI-OO,ETH-OO,FIJ-OO,FLA-OO,FRA-FR,FRG-OO,GAB-OO,GAM-OO,GEO-OO,GHA-OO,GNB-OO,GRC-OO,GUA-OO,GUI-OO,GUY-OO,HAI-HA,HON-OO,ILL-OO,IND-HA,IND-WB,IRN-OO,IRQ-OO,ITA-IT,IVO-OO,JAM-OO,JAW-OO,KAN-OO,KAZ-OO,KEN-OO,KGZ-OO,KOR-OO,KRI-OO,KRY-OO,KTY-OO,LBS-LB,LBS-SY,LBY-OO,LEE-VI,LOU-OO,LSI-LS,MAU-OO,MLI-OO,MLW-OO,MLY-OO,MON-OO,MOR-MO,MOZ-OO,MRY-OO,MSI-OO,MSO-OO,MTN-OO,MXC-OO,MXE-OO,MXG-OO,MXN-OO,MXS-OO,MXT-OO,MYA-OO,NCA-OO,NCS-OO,NEB-OO,NEP-OO,NEV-OO,NFK-OO,NGA-OO,NGR-OO,NIC-OO,NLA-OO,NSW-NS,NTA-OO,NWC-OO,NWG-PN,NWM-OO,OKL-OO,OMA-OO,ORE-OO,PAK-OO,PAL-IS,PAL-JO,PAN-OO,PAR-OO,PER-OO,PHI-OO,POR-OO,PRM-OO,PUE-OO,QLD-QU,REU-OO,ROM-OO,RUS-OO,RWA-OO,SAR-OO,SAU-OO,SCA-OO,SCI-OO,SEN-OO,SEY-OO,SIC-SI,SIN-OO,SOA-OO,SOM-OO,SPA-SP,SRL-OO,SUD-OO,SUM-OO,SUR-OO,SWC-OO,TAI-OO,TAN-OO,TAS-OO,TCS-OO,TEX-OO,THA-OO,TOG-OO,TRT-OO,TUE-OO,TUN-OO,TUR-OO,TZK-OO,UGA-OO,UKR-UK,URU-OO,UTA-OO,UZB-OO,VEN-OO,VIC-OO,VIE-OO,VNA-OO,VRG-OO,WAU-WA,WHM-JK,WSA-OO,WYO-OO,YEM-OO,YUG-OO,ZAI-OO,ZAM-OO,",",2,4,6,7,8,5,3,",",29,40,26,60,61,63,78,21,22,80,81,79,50,35,",",CGS,IND,EHM,ASS,WHM,MOZ,MAU,NWC,SCI,HAW,KTY,REU,AZO,GHA,BLZ,COS,JAM,,FLA,NSW,TAS,GUI,LBR,MLI,MTN,NGA,SEN,SIE,YEM,",",CGS-OO,IND-AP,EHM-AP,ASS-AS,IND-BI,IND-CH,IND-CT,IND-DE,IND-GO,IND-GU,IND-HA,WHM-HP,WHM-JK,IND-JK,IND-KT,IND-KE,IND-MR,ASS-MA,IND-MP,ASS-ME,ASS-MI,ASS-NA,IND-OR,IND-PO,IND-PU,IND-RA,EHM-SI,IND-TN,ASS-TR,WHM-UT,IND-UP,IND-WB,MOZ-OO,MAU-OO,NWC-OO,SCI-OO,HAW-HI,KTY-OO,REU-OO,AZO-OO,,BLZ-OO,COS-OO,FLA-OO,GHA-OO,GUI-OO,JAM-OO,LBR-OO,MLI-OO,MTN-OO,NGA-OO,NSW-OO,SEN-OO,SIE-OO,TAS-OO,YEM-OO,",",2,4,8,7,5,3,",",22,40,80,81,79,78,50,35,",",GHA,IND,BLZ,COS,JAM,,FLA,NSW,TAS,GUI,LBR,MLI,MTN,NGA,SEN,SIE,YEM,",",,BLZ-OO,COS-OO,FLA-OO,GHA-OO,GUI-OO,IND-HA,JAM-OO,LBR-OO,MLI-OO,MTN-OO,NGA-OO,NSW-OO,SEN-OO,SIE-OO,TAS-OO,YEM-OO,"
"11871","Vachellia farnesiana","Vachellia farnesiana","invasive",",7,8,",",78,85,81,80,83,84,82,79,77,76,",",ALA,AGE,BAH,BLZ,BOL,BZN,BZE,BZS,BZL,BZC,CAY,CLM,COS,CUB,DOM,ECU,ELS,FLA,FRG,GEO,GUA,GUY,HAI,HON,JAM,LEE,LOU,MXC,MXG,MXE,MXN,MXT,MXS,MSI,NWM,NIC,PAN,PAR,PER,PUE,SUR,TEX,TRT,TCI,URU,VEN,WIN,,NLA,ARI,CAL,",",,AGE-OO,ALA-OO,ARI-OO,BAH-OO,BLZ-OO,BOL-OO,BZC-OO,BZE-OO,BZL-OO,BZN-OO,BZS-OO,CAL-OO,CAY-OO,CLM-OO,COS-OO,CUB-OO,DOM-OO,ECU-OO,ELS-OO,FLA-OO,FRG-OO,GEO-OO,GUA-OO,GUY-OO,HAI-HA,HON-OO,JAM-OO,LEE-SK,LOU-OO,MSI-OO,MXC-OO,MXE-OO,MXG-OO,MXN-OO,MXS-OO,MXT-OO,NIC-OO,NLA-OO,NWM-OO,PAN-OO,PAR-OO,PER-OO,PUE-OO,SUR-OO,TCI-OO,TEX-OO,TRT-OO,URU-OO,VEN-OO,WIN-SL,WIN-SV,",",2,5,8,4,3,6,1,7,",",26,50,22,81,84,42,85,36,23,61,83,21,34,20,12,62,40,41,29,79,60,28,38,76,78,63,35,27,77,43,",",ANG,NTA,QLD,SOA,WAU,BEN,BAH,BZC,CKI,CLS,CHS,CHH,CHC,IVO,CMN,ZAI,CON,COO,CLM,CVI,CUB,CAY,CYP,ALG,CNY,SPA,FRA,GHA,EQG,MRN,IND,EHM,ASS,WHM,PAL,LAO,LBY,MOR,MDG,MXN,MXI,MAU,MLY,NWC,NEP,PHI,PUE,MDR,MRQ,SCI,ASC,GGI,THA,TUN,TAI,CAL,GEO,HAW,UTA,LEE,YEM,TVL,NAT,REU,ROD,,IRQ,ARI,FLA,NWM,TEX,NSW,FIJ,SOL,VAN,PAR,STH,NWG,",",ANG-OO,NTA-OO,QLD-QU,SOA-OO,WAU-WA,BEN-OO,BAH-OO,BZC-GO,BZC-MS,CKI-OO,CLS-MG,CHS-ZJ,CHS-FJ,CHS-GD,CHS-GX,CHH-OO,CHC-CQ,CHC-SC,CHC-GZ,CHC-YN,CHS-HK,IVO-OO,CMN-OO,ZAI-OO,CON-OO,COO-OO,CLM-OO,CVI-OO,CUB-OO,CAY-OO,CYP-OO,ALG-OO,CNY-OO,SPA-SP,FRA-FR,GHA-OO,EQG-OO,MRN-GU,IND-AP,EHM-AP,ASS-AS,IND-BI,IND-CH,IND-CT,IND-DE,IND-GO,IND-GU,IND-HA,WHM-HP,WHM-JK,IND-JK,IND-KT,IND-KE,IND-MR,ASS-MA,IND-MP,ASS-ME,ASS-MI,ASS-NA,IND-OR,IND-PO,IND-PU,IND-RA,EHM-SI,IND-TN,ASS-TR,WHM-UT,IND-UP,IND-WB,PAL-IS,LAO-OO,LBY-OO,MOR-MO,MDG-OO,MXN-BC,MXI-RG,MRN-NM,MAU-OO,MLY-PM,NWC-OO,NEP-OO,PHI-OO,PUE-OO,MDR-OO,MRQ-OO,SCI-OO,ASC-OO,GGI-ST,THA-OO,TUN-OO,TAI-OO,CAL-OO,GEO-OO,HAW-HI,UTA-OO,LEE-VI,LEE-BV,TVL-GA,NAT-OO,REU-OO,ROD-OO,,ARI-OO,FIJ-OO,FLA-OO,HAW-OO,IRQ-OO,LEE-AG,NSW-OO,NWG-PN,NWM-OO,PAR-OO,QLD-OO,SOL-OO,STH-OO,TEX-OO,VAN-OO,",",4,3,8,7,6,5,2,",",41,34,81,79,76,78,63,77,50,60,61,43,85,28,21,29,",",,IRQ,CUB,PUE,ARI,CAL,FLA,HAW,NWM,TEX,NSW,NTA,QLD,SOA,FIJ,NWC,SOL,VAN,PAR,LEE,STH,CNY,MDG,NWG,",",,ARI-OO,CAL-OO,CNY-OO,CUB-OO,FIJ-OO,FLA-OO,HAW-OO,IRQ-OO,LEE-AG,MDG-OO,NSW-OO,NTA-OO,NWC-OO,NWG-PN,NWM-OO,PAR-OO,PUE-OO,QLD-OO,SOA-OO,SOL-OO,STH-OO,TEX-OO,VAN-OO,"
"11943","Verbascum thapsus","Verbascum thapsus","invasive",",3,1,2,4,7,",",34,30,11,21,12,14,36,10,40,13,32,37,33,20,78,75,",",AFG,ALT,AUT,AZO,BAL,BLT,BLR,BGM,RUC,CHC,COR,CZE,DEN,RUE,EHM,FIN,FRA,GER,GRB,HUN,IRN,IRE,IRK,ITA,KAZ,KGZ,KRA,KRY,,MON,NEP,NET,NCS,RUN,RUW,NOR,PAK,POL,POR,ROM,SAR,SIC,RUS,SPA,SWE,SWI,TZK,CHT,TCS,TUR,TKM,UKR,WHM,WSB,CHX,YUG,ALG,MOR,CHS,GEO,IND,PAL,LBS,CYP,MDR,CNY,NWJ,",",,AFG-OO,ALG-OO,ALT-OO,AUT-AU,AZO-OO,BAL-OO,BGM-BE,BLR-OO,BLT-ES,BLT-LA,BLT-LI,CHC-SC,CHC-YN,CHS-JS,CHS-ZJ,CHT-OO,CHX-OO,CNY-OO,COR-OO,CYP-OO,CZE-CZ,CZE-SL,DEN-OO,EHM-BH,FIN-OO,FRA-FR,GEO-OO,GER-OO,HUN-OO,IND-OO,IRE-IR,IRK-OO,IRN-OO,ITA-IT,KAZ-OO,KGZ-OO,KRA-OO,KRY-OO,LBS-LB,LBS-SY,MDR-OO,MON-OO,MOR-OO,NCS-OO,NEP-OO,NET-OO,NOR-OO,NWJ-OO,PAK-OO,PAL-IS,PAL-JO,POL-OO,POR-OO,ROM-OO,RUC-OO,RUE-OO,RUN-OO,RUS-OO,RUW-OO,SAR-OO,SIC-SI,SPA-SP,SWE-OO,SWI-OO,TCS-AZ,TKM-OO,TUR-OO,TZK-OO,UKR-MO,UKR-UK,WHM-OO,WSB-OO,YUG-MN,YUG-SE,YUG-SL,",",5,7,8,2,1,4,3,6,",",50,71,72,85,81,21,24,70,10,40,38,51,31,78,76,73,75,63,74,77,27,29,",",NSW,QLD,SOA,TAS,VIC,WAU,ABT,BRC,MAN,NBR,NFL,NSC,ONT,PEI,QUE,SAS,JNF,CLC,CLS,CUB,CNY,ETH,GNL,GRB,WHM,JAP,KOR,SRL,NFK,CTM,KHA,ASK,ALA,ARK,ARI,CAL,COL,CNT,WDC,DEL,FLA,GEO,HAW,IOW,IDA,ILL,INI,KAN,KTY,LOU,MAS,MRY,MAI,MIC,MIN,MSO,MSI,MNT,NCA,NDA,NEB,NWH,NWJ,NWM,NEV,NWY,OHI,OKL,ORE,PEN,RHO,SCA,SDA,TEN,TEX,UTA,VRG,VER,WAS,WIS,WVA,WYO,OFS,TVL,NAT,CPP,KER,REU,AZO,NZN,NZS,BER,,JAP,",",NSW-NS,QLD-QU,SOA-OO,TAS-OO,VIC-OO,WAU-WA,ABT-OO,BRC-OO,MAN-OO,NBR-OO,NFL-NE,NSC-OO,ONT-OO,PEI-OO,QUE-OO,SAS-OO,JNF-OO,CLC-BI,CLS-LL,CLC-LA,CLC-VA,CLC-MA,CLC-SA,CUB-OO,CNY-OO,ETH-OO,GNL-OO,GRB-OO,WHM-HP,KOR-SK,SRL-OO,NFK-NI,CTM-OO,KHA-OO,ASK-OO,ALA-OO,ARK-OO,ARI-OO,CAL-OO,COL-OO,CNT-OO,WDC-OO,DEL-OO,FLA-OO,GEO-OO,HAW-HI,IOW-OO,IDA-OO,ILL-OO,INI-OO,KAN-OO,KTY-OO,LOU-OO,MAS-OO,MRY-OO,MAI-OO,MIC-OO,MIN-OO,MSO-OO,MSI-OO,MNT-OO,NCA-OO,NDA-OO,NEB-OO,NWH-OO,NWJ-OO,NWM-OO,NEV-OO,NWY-OO,OHI-OO,OKL-OO,ORE-OO,PEN-OO,RHO-OO,SCA-OO,SDA-OO,TEN-OO,TEX-OO,UTA-OO,VRG-OO,VER-OO,WAS-OO,WIS-OO,WVA-OO,WYO-OO,OFS-OO,TVL-GA,NAT-OO,TVL-MP,CPP-NC,KER-OO,REU-OO,AZO-OO,NZN-OO,NZS-OO,BER-OO,,HAW-OO,JAP-OO,NFK-OO,",",2,7,6,5,8,3,",",29,78,70,76,73,75,63,74,77,50,51,85,38,21,",",REU,,ALA,ASK,ARI,ARK,CAL,COL,CNT,DEL,WDC,FLA,GEO,HAW,IDA,ILL,INI,IOW,KAN,KTY,LOU,MAI,MRY,MAS,MIC,MIN,MSI,MNT,NEB,NEV,NWH,NWJ,NWM,NWY,NCA,NDA,OHI,OKL,ORE,PEN,RHO,SCA,SDA,TEN,TEX,UTA,VER,VRG,WAS,WVA,WIS,WYO,NFK,JAP,CNY,",",,ALA-OO,ARI-OO,ARK-OO,ASK-OO,CAL-OO,CNT-OO,CNY-OO,COL-OO,DEL-OO,FLA-OO,GEO-OO,HAW-OO,IDA-OO,ILL-OO,INI-OO,IOW-OO,JAP-OO,KAN-OO,KTY-OO,LOU-OO,MAI-OO,MAS-OO,MIC-OO,MIN-OO,MNT-OO,MRY-OO,MSI-OO,NCA-OO,NDA-OO,NEB-OO,NEV-OO,NFK-OO,NWH-OO,NWJ-OO,NWM-OO,NWY-OO,OHI-OO,OKL-OO,ORE-OO,PEN-OO,REU-OO,RHO-OO,SCA-OO,SDA-OO,TEN-OO,TEX-OO,UTA-OO,VER-OO,VRG-OO,WAS-OO,WDC-OO,WIS-OO,WVA-OO,WYO-OO,"
"12187","Vitex agnus-castus","Vitex agnus-castus","invasive",",3,1,2,7,4,",",34,13,20,12,35,78,14,33,40,32,",",AFG,ALB,ALG,BAL,BUL,COR,CYP,EAI,EGY,FRA,GRC,GST,IRN,IRQ,ITA,KTY,KRI,KRY,LBS,LBY,MOR,NCS,PAK,PAL,SAR,SIC,SPA,TZK,TCS,TUN,TUR,TUE,TKM,YUG,",",,AFG-OO,ALB-OO,ALG-OO,BAL-OO,BUL-OO,COR-OO,CYP-OO,EAI-OO,EGY-OO,FRA-FR,GRC-OO,GST-OO,IRN-OO,IRQ-OO,ITA-IT,KRI-OO,KRY-OO,KTY-OO,LBS-LB,LBS-SY,LBY-OO,MOR-MO,NCS-OO,PAK-OO,PAL-IS,SAR-OO,SIC-SI,SPA-SP,TCS-OO,TKM-OO,TUE-OO,TUN-OO,TUR-OO,TZK-OO,YUG-OO,",",1,8,2,3,7,",",13,84,23,81,82,20,22,80,35,78,76,77,74,73,75,27,33,",",BUL,BZE,BZL,ZAI,CUB,FRG,GUY,LBY,MOR,NGA,NIC,OMA,PUE,SUR,ALA,ARK,ARI,CAL,WDC,FLA,GEO,KTY,LOU,MRY,MSI,NCA,NWM,NEV,OKL,ORE,PEN,SCA,TEN,TEX,VRG,LEE,CPP,TCS,",",BUL-OO,BZE-AL,BZE-BA,BZE-CE,BZL-ES,BZE-MA,BZL-MG,BZE-PB,BZE-PE,BZE-PI,BZL-RJ,BZE-RN,BZE-SE,BZL-SP,ZAI-OO,CUB-OO,FRG-OO,GUY-OO,LBY-OO,MOR-MO,NGA-OO,NIC-OO,OMA-OO,PUE-OO,SUR-OO,ALA-OO,ARK-OO,ARI-OO,CAL-OO,WDC-OO,FLA-OO,GEO-OO,KTY-OO,LOU-OO,MRY-OO,MSI-OO,NCA-OO,NWM-OO,NEV-OO,OKL-OO,ORE-OO,PEN-OO,SCA-OO,TEN-OO,TEX-OO,VRG-OO,LEE-VI,LEE-BV,CPP-EC,TCS-AR,,LEE-AG,",",8,7,",",81,76,78,77,74,",",LEE,CUB,ARI,CAL,GEO,NWM,OKL,TEX,",",,ARI-OO,CAL-OO,CUB-OO,GEO-OO,LEE-AG,NWM-OO,OKL-OO,TEX-OO,"
"12271","Xanthium spinosum","Xanthium spinosum","invasive",",7,8,2,",",78,85,76,83,84,73,75,74,79,72,77,71,26,",",ALA,AGE,AGW,AGS,ARI,BOL,BZS,CAL,CLC,CLN,CLS,CLM,COL,CNT,DEL,ECU,FLA,GEO,IDA,ILL,INI,IOW,JNF,KAN,KTY,MAI,MRY,MAS,MXE,MXN,MXS,MIC,MSI,MSO,MNT,NEB,NEV,NBR,NWH,NWJ,NWM,NWY,NCA,OHI,ONT,ORE,PAR,PEN,PER,QUE,RHO,SAS,SCA,TEN,TEX,URU,UTA,VRG,WAS,WVA,ZIM,,",",,AGE-OO,AGS-OO,AGW-OO,ALA-OO,ARI-OO,BOL-OO,BZS-RS,BZS-SC,CAL-OO,CLC-OO,CLM-OO,CLN-OO,CLS-OO,CNT-OO,COL-OO,DEL-OO,ECU-OO,FLA-OO,GEO-OO,IDA-OO,ILL-OO,INI-OO,IOW-OO,JNF-OO,KAN-OO,KTY-OO,MAI-OO,MAS-OO,MIC-OO,MNT-OO,MRY-OO,MSI-OO,MSO-OO,MXE-OO,MXN-OO,MXS-OO,NBR-OO,NCA-OO,NEB-OO,NEV-OO,NWH-OO,NWJ-OO,NWM-OO,NWY-OO,OHI-OO,ONT-OO,ORE-OO,PAR-OO,PEN-OO,PER-OO,QUE-OO,RHO-OO,SAS-OO,SCA-OO,TEN-OO,TEX-OO,URU-OO,UTA-OO,VRG-OO,WAS-OO,WVA-OO,ZIM-OO,",",1,8,5,2,7,3,3,4,",",13,85,50,84,27,72,71,11,36,83,34,20,12,24,33,38,32,14,79,29,51,35,31,10,78,76,73,75,74,77,26,34,21,,43,",",ALB,AGE,NSW,NTA,QLD,SOA,TAS,VIC,WAU,BUL,BZE,BZL,BZS,BOT,NBR,ONT,QUE,SAS,SWI,JNF,CLC,CLS,CLN,CHN,CHM,CHS,CLM,CYP,ALG,BAL,SPA,ETH,COR,FRA,TCS,GRC,YUG,HUN,PAL,ITA,SAR,SIC,JAP,KGZ,LES,UKR,MXN,MAU,NAM,POL,KOR,GST,ROM,KHA,RUC,SAU,CZE,SWE,SWZ,ALA,ARI,CAL,COL,CNT,WDC,DEL,FLA,GEO,IOW,IDA,ILL,INI,KAN,KTY,MAS,MRY,MAI,MIC,MSO,MSI,MNT,NCA,NEB,NWH,NWJ,NWM,NEV,NWY,OHI,OKL,ORE,PEN,RHO,SCA,TEN,TEX,UTA,VRG,WAS,WIS,WVA,YEM,CPP,OFS,TVL,NAT,ZIM,TUR,IRN,REU,AZO,ROD,NZN,NZS,EGY,CHX,,NWG,TUR,",",ALB-OO,AGE-DF,NSW-NS,NTA-OO,QLD-QU,SOA-OO,TAS-OO,VIC-OO,WAU-WA,BUL-OO,BZE-BA,BZL-MG,BZS-PR,BZL-RJ,BZS-RS,BZS-SC,BZL-SP,BOT-OO,NBR-OO,ONT-OO,QUE-OO,SAS-OO,SWI-OO,JNF-OO,CLC-BI,CLC-SA,CLS-LL,CLC-CO,CLN-AT,CLC-LA,CLC-MA,CLN-AN,CLC-VA,CHN-BJ,CHN-HB,CHM-LN,CHS-AH,CHS-HE,CLM-OO,CYP-OO,ALG-OO,BAL-OO,SPA-SP,ETH-OO,COR-OO,FRA-FR,TCS-GR,GRC-OO,YUG-CR,HUN-OO,PAL-IS,ITA-IT,SAR-OO,SIC-SI,KGZ-OO,LES-OO,UKR-MO,MXN-BC,MAU-OO,NAM-OO,POL-OO,KOR-NK,GST-QA,ROM-OO,KHA-OO,RUC-OO,SAU-OO,CZE-SK,SWE-OO,SWZ-OO,UKR-UK,ALA-OO,ARI-OO,CAL-OO,COL-OO,CNT-OO,WDC-OO,DEL-OO,FLA-OO,GEO-OO,IOW-OO,IDA-OO,ILL-OO,INI-OO,KAN-OO,KTY-OO,MAS-OO,MRY-OO,MAI-OO,MIC-OO,MSO-OO,MSI-OO,MNT-OO,NCA-OO,NEB-OO,NWH-OO,NWJ-OO,NWM-OO,NEV-OO,NWY-OO,OHI-OO,OKL-OO,ORE-OO,PEN-OO,RHO-OO,SCA-OO,TEN-OO,TEX-OO,UTA-OO,VRG-OO,WAS-OO,WIS-OO,WVA-OO,CPP-EC,OFS-OO,TVL-GA,NAT-OO,TVL-NP,TVL-MP,CPP-NC,TVL-NW,CPP-WC,ZIM-OO,IRN-OO,TCS-AR,REU-OO,AZO-OO,ROD-OO,NZN-OO,NZS-OO,,CHX-OO,EGY-OO,ITA-OO,NSW-OO,NWG-PN,PAL-JO,QLD-OO,TUR-OO,YUG-BH,",",2,3,7,5,4,8,1,",",20,24,27,36,34,,78,76,73,75,74,77,50,51,43,85,13,26,",",ALG,EGY,ETH,NAM,CHX,IRN,,ALA,ARI,CAL,COL,CNT,DEL,WDC,FLA,GEO,IDA,ILL,INI,IOW,KAN,KTY,MAI,MRY,MAS,MIC,MSI,MSO,MNT,NEB,NEV,NWH,NWJ,NWM,NWY,NCA,OHI,ORE,PEN,RHO,SCA,TEN,TEX,UTA,VRG,WAS,WVA,NSW,NTA,QLD,NWG,YUG,BUL,GRC,ITA,PAL,LES,ROM,TUR,ZIM,",",,ALA-OO,ALG-OO,ARI-OO,BUL-OO,CAL-OO,CHX-OO,CNT-OO,COL-OO,DEL-OO,EGY-OO,ETH-OO,FLA-OO,GEO-OO,GRC-OO,IDA-OO,ILL-OO,INI-OO,IOW-OO,IRN-OO,ITA-OO,KAN-OO,KTY-OO,LES-OO,MAI-OO,MAS-OO,MIC-OO,MNT-OO,MRY-OO,MSI-OO,MSO-OO,NCA-OO,NEB-OO,NEV-OO,NSW-OO,NTA-OO,NWG-PN,NWH-OO,NWJ-OO,NWM-OO,NWY-OO,OHI-OO,ORE-OO,PAL-JO,PEN-OO,QLD-OO,RHO-OO,ROM-OO,SCA-OO,TEN-OO,TEX-OO,TUR-OO,UTA-OO,VRG-OO,WAS-OO,WDC-OO,WVA-OO,YUG-BH,ZIM-OO,NAM-OO,"
"12302","Yucca aloifolia","Yucca aloifolia","invasive",",7,8,",",78,81,79,77,,",",ALA,BER,FLA,GEO,LOU,MXC,MXG,MXT,MXS,MSI,NCA,SCA,TEX,VRG,,",",,ALA-OO,BER-OO,FLA-OO,GEO-OO,LOU-OO,MSI-OO,MXC-OO,MXG-OO,MXS-OO,MXT-OO,NCA-OO,SCA-OO,TEX-OO,VRG-OO,",",8,5,1,2,4,3,7,6,",",81,50,13,26,29,42,27,33,83,12,76,60,85,",",LEE,NSW,QLD,WAU,CUB,CAY,HAI,ITA,WIN,MOZ,MAU,PHI,CPP,OFS,TVL,NAT,TCS,BOL,SPA,CAL,NWC,NFK,",",LEE-AG,LEE-AB,NSW-NS,QLD-QU,WAU-WA,LEE-SM,CUB-OO,CAY-OO,HAI-HA,ITA-IT,WIN-SL,MOZ-OO,MAU-OO,PHI-OO,LEE-BV,CPP-EC,OFS-OO,TVL-GA,NAT-OO,TVL-NP,TVL-MP,CPP-NC,TVL-NW,CPP-WC,TCS-AR,BOL-OO,,CAL-OO,NFK-OO,NWC-OO,SPA-OO,",",1,7,6,5,8,",",12,76,60,50,85,",",SPA,CAL,NWC,NFK,",",,CAL-OO,NFK-OO,NWC-OO,SPA-OO,"
"12379","Adenostoma fasciculatum","Adenostoma fasciculatum","invasive",",7,",",76,79,73,",",CAL,MXN,,NEV,ORE,",",,CAL-OO,MXN-OO,NEV-OO,ORE-OO,",",7,",",76,",",CAL,",",,CAL-OO,",",7,",",76,",",CAL,",",,CAL-OO,"
"12381","Arceuthobium abietinum","Arceuthobium abietinum","invasive",",7,",",76,79,73,77,",",ARI,CAL,MXE,MXN,NEV,ORE,UTA,WAS,,NWM,",",,ARI-OO,CAL-OO,MXE-OO,MXN-OO,NEV-OO,NWM-OO,ORE-OO,UTA-OO,WAS-OO,",",7,",",79,76,77,73,",",,ARI,CAL,NEV,NWM,ORE,UTA,WAS,",",,ARI-OO,CAL-OO,NEV-OO,NWM-OO,ORE-OO,UTA-OO,WAS-OO,",",7,",",79,76,77,73,",",,ARI,CAL,NEV,NWM,ORE,UTA,WAS,",",,ARI-OO,CAL-OO,NEV-OO,NWM-OO,ORE-OO,UTA-OO,WAS-OO,"
"12382","Arceuthobium campylopodum","Arceuthobium campylopodum","invasive",",7,",",71,76,73,79,77,",",BRC,CAL,IDA,MXN,MNT,NWM,ORE,WAS,,NEV,",",,BRC-OO,CAL-OO,IDA-OO,MNT-OO,MXN-OO,NEV-OO,NWM-OO,ORE-OO,WAS-OO,",",7,",",71,79,76,73,",",BRC,,CAL,IDA,MNT,NEV,",",,BRC-OO,CAL-OO,IDA-OO,MNT-OO,NEV-OO,",",7,",",71,79,76,73,",",BRC,,CAL,IDA,MNT,NEV,",",,BRC-OO,CAL-OO,IDA-OO,MNT-OO,NEV-OO,"
"12383","Arceuthobium douglasii","Arceuthobium douglasii","invasive",",7,",",76,71,73,79,77,",",ARI,BRC,CAL,COL,IDA,MXE,MXN,MNT,NEV,NWM,ORE,TEX,UTA,WAS,WYO,,",",,ARI-OO,BRC-OO,CAL-OO,COL-OO,IDA-OO,MNT-OO,MXE-OO,MXN-OO,NEV-OO,NWM-OO,ORE-OO,TEX-OO,UTA-OO,WAS-OO,WYO-OO,",",7,",",71,79,76,73,77,",",BRC,,ARI,CAL,COL,IDA,MNT,NEV,NWM,ORE,TEX,UTA,WAS,WYO,",",,ARI-OO,BRC-OO,CAL-OO,COL-OO,IDA-OO,MNT-OO,NEV-OO,NWM-OO,ORE-OO,TEX-OO,UTA-OO,WAS-OO,WYO-OO,",",7,",",71,79,76,73,77,",",BRC,,ARI,CAL,COL,IDA,MNT,NEV,NWM,ORE,TEX,UTA,WAS,WYO,",",,ARI-OO,BRC-OO,CAL-OO,COL-OO,IDA-OO,MNT-OO,NEV-OO,NWM-OO,ORE-OO,TEX-OO,UTA-OO,WAS-OO,WYO-OO,"
"12385","Arceuthobium pusillum","Arceuthobium pusillum","invasive",",7,",",75,71,74,72,",",CNT,MAI,MAN,MAS,MIC,MIN,NBR,NWH,NWJ,NWY,NFL,NSC,ONT,PEN,PEI,QUE,RHO,SAS,VER,WIS,,",",,CNT-OO,MAI-OO,MAN-OO,MAS-OO,MIC-OO,MIN-OO,NBR-OO,NFL-NE,NSC-OO,NWH-OO,NWJ-OO,NWY-OO,ONT-OO,PEI-OO,PEN-OO,QUE-OO,RHO-OO,SAS-OO,VER-OO,WIS-OO,",",7,",",71,72,75,74,",",MAN,NBR,,NSC,ONT,PEI,QUE,SAS,CNT,MAI,MAS,MIC,MIN,NWH,NWJ,NWY,PEN,RHO,VER,WIS,",",,CNT-OO,MAI-OO,MAN-OO,MAS-OO,MIC-OO,MIN-OO,NBR-OO,NSC-OO,NWH-OO,NWJ-OO,NWY-OO,ONT-OO,PEI-OO,PEN-OO,QUE-OO,RHO-OO,SAS-OO,VER-OO,WIS-OO,",",7,",",71,72,75,74,",",MAN,NBR,,NSC,ONT,PEI,QUE,SAS,CNT,MAI,MAS,MIC,MIN,NWH,NWJ,NWY,PEN,RHO,VER,WIS,",",,CNT-OO,MAI-OO,MAN-OO,MAS-OO,MIC-OO,MIN-OO,NBR-OO,NSC-OO,NWH-OO,NWJ-OO,NWY-OO,ONT-OO,PEI-OO,PEN-OO,QUE-OO,RHO-OO,SAS-OO,VER-OO,WIS-OO,"
"12386","Arceuthobium tsugense","Arceuthobium tsugense","invasive",",7,",",70,71,76,73,",",ASK,BRC,CAL,IDA,ORE,WAS,",",,ASK-OO,BRC-OO,CAL-OO,IDA-OO,ORE-OO,WAS-OO,",",7,",",71,70,76,73,",",BRC,ASK,CAL,ORE,WAS,",",,ASK-OO,BRC-OO,CAL-OO,ORE-OO,WAS-OO,",",7,",",71,70,76,73,",",BRC,ASK,CAL,ORE,WAS,",",,ASK-OO,BRC-OO,CAL-OO,ORE-OO,WAS-OO,"
"12393","Jacobaea analoga","Jacobaea analoga","invasive",",3,4,2,7,1,",",34,40,36,41,20,33,78,32,37,13,12,11,14,10,30,",",AFG,ASS,CHC,EHM,MYA,NEP,PAK,CHT,VIE,WHM,ALG,TCS,,GEO,KAZ,KGZ,LBS,MON,TZK,TUR,TKM,UZB,ALB,SPA,AUT,BLR,BGM,YUG,BUL,CZE,DEN,BLT,FRA,COR,GER,GRC,HUN,IRE,ITA,UKR,NET,NOR,POL,POR,ROM,RUC,RUS,WSB,SWE,SWI,GRB,",",,AFG-OO,ALB-OO,ALG-OO,ASS-AS,AUT-LI,BGM-LU,BLR-OO,BLT-ES,BLT-LA,BLT-LI,BUL-OO,CHC-OO,CHT-OO,COR-OO,CZE-SL,DEN-OO,EHM-OO,FRA-CI,GEO-OO,GER-OO,GRB-OO,GRC-OO,HUN-OO,IRE-IR,ITA-OO,KAZ-OO,KGZ-OO,LBS-LB,LBS-SY,MON-OO,MYA-OO,NEP-OO,NET-OO,NOR-OO,PAK-OO,POL-OO,POR-OO,ROM-OO,RUC-OO,RUS-OO,SPA-AN,SWE-OO,SWI-OO,TCS-AR,TCS-AZ,TKM-OO,TUR-OO,TZK-OO,UKR-MO,UZB-OO,VIE-OO,WHM-OO,WSB-OO,YUG-BH,YUG-CR,YUG-MA,YUG-SE,YUG-SL,",",1,7,5,",",12,11,10,71,72,76,73,50,51,",",FRA,GER,IRE,GRB,BRC,NBR,,NSC,ONT,PEI,QUE,NFL,CAL,ORE,WAS,SOA,TAS,VIC,",",,IRE-IR,NFL-SP,BRC-OO,CAL-OO,FRA-OO,GER-OO,GRB-OO,NBR-OO,NSC-OO,ONT-OO,ORE-OO,PEI-OO,QUE-OO,SOA-OO,TAS-OO,VIC-OO,WAS-OO,",",1,7,5,",",12,11,10,71,72,76,73,50,51,",",FRA,GER,IRE,GRB,BRC,NBR,,NSC,ONT,PEI,QUE,NFL,CAL,ORE,WAS,SOA,TAS,VIC,",",,BRC-OO,CAL-OO,FRA-OO,GER-OO,GRB-OO,IRE-IR,NBR-OO,NFL-SP,NSC-OO,ONT-OO,ORE-OO,PEI-OO,QUE-OO,SOA-OO,TAS-OO,VIC-OO,WAS-OO,"
"12420","Typha x glauca","Typha x glauca","invasive",",1,7,3,",",11,71,76,14,73,10,78,12,74,75,38,72,77,13,",",AUT,BRC,CAL,RUC,COL,CZE,DEN,RUE,FIN,FLA,FRA,GER,GRB,ILL,INI,IRE,JAP,MAN,MIC,MIN,MNT,NET,NBR,NWJ,NWM,NWY,NDA,RUN,NOR,NSC,OHI,ONT,PEN,POL,POR,QUE,ROM,SAS,SPA,SWI,TEX,UTA,VER,VRG,WAS,WIS,,SWE,",",,AUT-AU,BRC-OO,CAL-OO,COL-OO,CZE-OO,DEN-OO,FIN-OO,FLA-OO,FRA-FR,GER-OO,ILL-OO,INI-OO,IRE-IR,JAP-OO,MAN-OO,MIC-OO,MIN-OO,MNT-OO,NBR-OO,NDA-OO,NET-OO,NOR-OO,NSC-OO,NWJ-OO,NWM-OO,NWY-OO,OHI-OO,ONT-OO,PEN-OO,POL-OO,POR-OO,QUE-OO,ROM-OO,RUC-OO,RUE-OO,RUN-OO,SAS-OO,SPA-SP,SWE-OO,SWI-OO,TEX-OO,UTA-OO,VER-OO,VRG-OO,WAS-OO,WIS-OO,",",7,6,",",71,72,78,70,76,73,75,63,74,",",MAN,NBR,ONT,QUE,SAS,ALA,ASK,ARK,CAL,COL,CNT,DEL,HAW,ILL,INI,IOW,KTY,MAI,MRY,MAS,MIC,MIN,MSO,NWH,NWJ,NWY,NCA,OHI,ORE,PEN,TEN,UTA,VER,VRG,WAS,WVA,WIS,WYO,",",,ALA-OO,ARK-OO,ASK-OO,CAL-OO,CNT-OO,COL-OO,DEL-OO,HAW-OO,ILL-OO,INI-OO,IOW-OO,KTY-OO,MAI-OO,MAN-OO,MAS-OO,MIC-OO,MIN-OO,MRY-OO,MSO-OO,NBR-OO,NCA-OO,NWH-OO,NWJ-OO,NWY-OO,OHI-OO,ONT-OO,ORE-OO,PEN-OO,QUE-OO,SAS-OO,TEN-OO,UTA-OO,VER-OO,VRG-OO,WAS-OO,WIS-OO,WVA-OO,WYO-OO,",",7,6,",",71,72,78,70,76,73,75,63,74,",",MAN,NBR,ONT,QUE,SAS,ALA,ASK,ARK,CAL,COL,CNT,DEL,HAW,ILL,INI,IOW,KTY,MAI,MRY,MAS,MIC,MIN,MSO,NWH,NWJ,NWY,NCA,OHI,ORE,PEN,TEN,UTA,VER,VRG,WAS,WVA,WIS,WYO,",",,ALA-OO,ARK-OO,ASK-OO,CAL-OO,CNT-OO,COL-OO,DEL-OO,HAW-OO,ILL-OO,INI-OO,IOW-OO,KTY-OO,MAI-OO,MAN-OO,MAS-OO,MIC-OO,MIN-OO,MRY-OO,MSO-OO,NBR-OO,NCA-OO,NWH-OO,NWJ-OO,NWY-OO,OHI-OO,ONT-OO,ORE-OO,PEN-OO,QUE-OO,SAS-OO,TEN-OO,UTA-OO,VER-OO,VRG-OO,WAS-OO,WIS-OO,WVA-OO,WYO-OO,"
