"","Name_submitted","Accepted_name","Family","Order","HybProp","Hyb_Ratio","perc_per","perc_wood","perc_ag","floral_symm","mating_system","repro_syndrome","pollination_syndrome","RedList","tavg","C_value","CV_C_value"
"1","Abies","Abies","Pinaceae","Pinophyta",0.362318841,0.041666667,"1","1",0.004761905,".","1","1","0","0.695652174","0.8674","17.23266667","9.085723529"
"2","Abronia","Abronia","Nyctaginaceae","Caryophyllales",4.166666667,0.3125,"0.6875","0",0.005063291,".",".",".",".",".",".",".","."
"3","Abutilon","Abutilon","Malvaceae","Malvales",0,0,"0.763157895","0.394736842",0.006153846,"0","1","1","1","3.5","0.057","1.245","0"
"4","Acacia","Acacia","Fabaceae","Fabales",0.208188758,0.136363636,"1","1",0.096494845,"0",".",".","1","1.5","0.807875","1.186321839","31.78010935"
"5","Acaena","Acaena","Rosaceae","Rosales",8.888888889,0.4,"1","0",0.001060071,".",".","0.5",".",".",".","0.33","."
"6","Acalypha","Acalypha","Euphorbiaceae","Malpighiales",0,0,"0","0",0.01239531,"0.2",".",".","0","2.772727273",".",".","."
"7","Acamptopappus","Acamptopappus","Asteraceae","Asterales",0,0,"1","1",0.00210989,".",".",".",".",".",".",".","."
"8","Acanthomintha","Acanthomintha","Lamiaceae","Lamiales",0,0,"0","0",0.004320557,".",".",".",".",".",".",".","."
"9","Acanthopanax","Eleutherococcus","Araliaceae","Apiales",0,0,"1","1",0,".",".",".",".",".",".",".","."
"10","Acanthospermum","Acanthospermum","Asteraceae","Asterales",0,0,"0","0",0.00210989,"0",".",".","1",".",".",".","."
"11","Acanthus","Acanthus","Acanthaceae","Lamiales",0,0,"1","0",0.000857143,"1",".",".",".",".",".",".","."
"12","Acer","Acer","Sapindaceae","Sapindales",0.185013876,0.042553191,"1","1",0.001265823,".","1","0.916666667","0.833333333","2.166666667","0.945","0.908181818","26.43476679"
"13","Achillea","Achillea","Asteraceae","Asterales",0.790960452,0.233333333,"1","0",0.00210989,"0","1","0.5","1",".",".","4.137692308","51.15042164"
"14","Achlys","Achlys","Berberidaceae","Ranunculales",0,0,"1","0",0,".",".",".",".",".",".",".","."
"15","Achnatherum","Achnatherum","Poaceae","Poales",2.857142857,0.2,"1","0",0.074314214,".",".",".",".",".",".",".","."
"16","Achyranthes","Achyranthes","Amaranthaceae","Caryophyllales",0,0,"0.916666667","0.5",0.041463415,"0",".",".",".","3.25",".",".","."
"17","Acianthus","Acianthus","Orchidaceae","Asparagales",0,0,"1","0",0,".",".",".",".",".",".",".","."
"18","Acinos","Acinos","Lamiaceae","Lamiales",60,1.2,"0.8","0",0.004320557,".","1","1","1",".",".",".","."
"19","Aciphylla","Aciphylla","Apiaceae","Apiales",0,0,"1","0",0.003968254,".",".",".",".",".",".",".","."
"20","Aconitum","Aconitum","Ranunculaceae","Ranunculales",0.653594771,0.055555556,"1","0",0,".","1","0.958333333","1",".","0.884","5.44","."
"21","Acorus","Acorus","Acoraceae","Acorales",0,0,"1","0",0,".","1","0","1",".",".","0.525","33.67175149"
"22","Acrotriche","Acrotriche","Ericaceae","Ericales",0,0,"1","1",0,".",".",".",".",".",".",".","."
"23","Actaea","Actaea","Ranunculaceae","Ranunculales",16.66666667,0.25,"1","0",0,".","1","0.5","1",".",".",".","."
"24","Actinotus","Actinotus","Apiaceae","Apiales",0,0,"0.5","0",0.003968254,".",".",".",".",".",".",".","."
"25","Adenocarpus","Adenocarpus","Fabaceae","Fabales",0,0,"1","1",0.096494845,"1",".",".",".",".",".","0.875","4.040610178"
"26","Adenophora","Adenophora","Campanulaceae","Asterales",0,0,"1","0",0,".","1","1","1",".",".","4.72","."
"27","Adenophorus","Grammitis","Polypodiaceae","Monilophyta",6.666666667,0.3,"1","0",0,".",".",".",".",".",".",".","."
"28","Adenophyllum","Adenophyllum","Asteraceae","Asterales",0,0,"1","1",0.00210989,".",".",".",".",".",".",".","."
"29","Adenostoma","Adenostoma","Rosaceae","Rosales",0,0,"1","1",0.001060071,".",".",".",".",".",".",".","."
"30","Adenostyles","Adenostyles","Asteraceae","Asterales",33.33333333,0.333333333,"1","0",0.00210989,".","1","0.5","1",".",".",".","."
"31","Adiantum","Adiantum","Pteridaceae","Monilophyta",0.526315789,0.05,"1","0",0,".",".",".","1","3.666666667",".","5.13","."
"32","Adonis","Adonis","Ranunculaceae","Ranunculales",2.222222222,0.1,"0.6","0",0,".","1","0.875","1",".",".","15.5","12.31734393"
"33","Adriana","Adriana","Euphorbiaceae","Malpighiales",0,0,"1","1",0.01239531,".",".",".",".",".",".",".","."
"34","Aegilops","Aegilops","Poaceae","Poales",0.952380952,0.066666667,"0","0",0.074314214,".",".",".","0",".",".","8.908615385","41.28191488"
"35","Aeluropus","Aeluropus","Poaceae","Poales",0,0,"1","0",0.074314214,".",".",".",".",".",".","8.4","."
"36","Aeonium","Aeonium","Crassulaceae","Saxifragales",0,0,"1","1",0,".",".",".",".",".",".","0.937333333","107.3211613"
"37","Aesculus","Aesculus","Sapindaceae","Sapindales",0,0,"1","1",0.001265823,".","1","1","1","2",".","0.365","0"
"38","Aethionema","Aethionema","Brassicaceae","Brassicales",0,0,"0.9","0",0.00485306,".","1","1","1","4",".","0.71","0"
"39","Agalinis","Agalinis","Orobanchaceae","Lamiales",0,0,"0","0",0,".",".",".",".",".","0.469",".","."
"40","Agalinus","Agalinis","Orobanchaceae","Lamiales",0,0,"0","0",0,".",".",".",".",".",".",".","."
"41","Agastache","Agastache","Lamiaceae","Lamiales",0,0,"1","0",0.004320557,".",".",".",".",".",".",".","."
"42","Agave","Agave","Asparagaceae","Asparagales",0,0,"1","0",0,"0",".",".","1",".",".","6.470684932","34.23608512"
"43","Ageratina","Ageratina","Asteraceae","Asterales",0,0,"1","0.5",0.00210989,".",".",".",".","0.9",".",".","."
"44","Ageratum","Ageratum","Asteraceae","Asterales",0,0,"0.5","0",0.00210989,"0",".",".","1","2",".",".","."
"45","Agoseris","Agoseris","Asteraceae","Asterales",3.03030303,0.166666667,"0.833333333","0",0.00210989,".",".",".",".",".",".","2.4625","44.21783094"
"46","Agrimonia","Agrimonia","Rosaceae","Rosales",0.653594771,0.055555556,"1","0",0.001060071,".","1","0.75","1",".",".",".","."
"47","Agropyron","Agropyron","Poaceae","Poales",5.627705628,0.590909091,"1","0",0.074314214,".",".",".",".",".",".","9.37","35.56842708"
"48","Agrostemma","Agrostemma","Caryophyllaceae","Caryophyllales",0,0,"0","0",0.001818182,".","1","1","1",".",".","2.1","."
"49","Agrostis","Agrostis","Poaceae","Poales",0.293040293,0.152380952,"0.808411215","0",0.074314214,".","1","0.576923077","0","1.166666667",".","5.437586207","45.418384"
"50","Aichryson","Aichryson","Crassulaceae","Saxifragales",0,0,"0","0",0,".",".",".",".",".",".","0.685","1.032272673"
"51","Aira","Aira","Poaceae","Poales",0,0,"0","0",0.074314214,".","1","1","0",".",".","4.3275","36.3613866"
"52","Ajuga","Ajuga","Lamiaceae","Lamiales",3.80952381,0.266666667,"0.866666667","0",0.004320557,".","1","0.875","1",".",".",".","."
"53","Albizia","Albizia","Fabaceae","Fabales",0,0,"1","1",0.096494845,"0",".",".","1","1.966666667","0.951","1.215","7.565751568"
"54","Alcea","Alcea","Malvaceae","Malvales",0,0,"1","0",0.006153846,".","1","1","1",".",".",".","."
"55","Alchemilla","Alchemilla","Rosaceae","Rosales",0.012986001,0.017985612,"1","0",0.001060071,"0","0","0.5","1",".",".",".","."
"56","Alectryon","Alectryon","Sapindaceae","Sapindales",0,0,"1","1",0.001265823,".",".",".",".","3",".",".","."
"57","Alhagi","Alhagi","Fabaceae","Fabales",0,0,"1","1",0.096494845,".",".",".",".",".",".",".","."
"58","Alisma","Alisma","Alismataceae","Alismatales",0.526315789,0.05,"0.925","0.1",0,".","1","0.5","0.833333333",".",".","12.7125","6.471772929"
"59","Alkanna","Alkanna","Boraginaceae","Boraginales",0,0,"0.941176471","0",0.001824818,".",".",".",".",".",".",".","."
"60","Allium","Allium","Amaryllidaceae","Asparagales",0,0,"1","0",0,"0","1","0.543478261","1","4","0.91","19.9175","35.5560929"
"61","Allocasuarina","Allocasuarina","Casuarinaceae","Fagales",1.818181818,0.090909091,"1","1",0.094736842,".",".",".",".",".",".","0.95","."
"62","Allophyllum","Allophyllum","Polemoniaceae","Ericales",0,0,"0","0",0,".",".",".",".",".",".",".","."
"63","Almaleea","Almaleea","Fabaceae","Fabales",0,0,"1","1",0.096494845,".",".",".",".",".",".",".","."
"64","Alnus","Alnus","Betulaceae","Fagales",0.865800866,0.090909091,"1","1",0.054545455,".","1","0.833333333","0","0.166666667","0.913666667","0.642","19.74571709"
"65","Aloe","Aloe","Xanthorrhoeaceae","Asparagales",0,0,"1","0.555555556",0,"0",".",".",".","1.5",".","16.91779817","26.17850112"
"66","Alopecurus","Alopecurus","Poaceae","Poales",0.634249471,0.136363636,"0.647727273","0",0.074314214,".","1","0.642857143","0",".",".","8.914","71.57951463"
"67","Alsinidendron","Alsinidendron","Caryophyllaceae","Caryophyllales",0,0,"1","0",0.001818182,".",".",".",".","4","0","0.833333333","13.48777224"
"68","Alternanthera","Alternanthera","Amaranthaceae","Caryophyllales",0,0,"0.821428571","0.071428571",0.041463415,"0",".",".","0.5","1.888888889",".",".","."
"69","Althaea","Althaea","Malvaceae","Malvales",0,0,"0.611111111","0",0.006153846,".","1","1","1",".",".",".","."
"70","Alyssoides","Alyssoides","Brassicaceae","Brassicales",0,0,"1","0",0.00485306,".",".",".",".",".",".",".","."
"71","Alyssum","Alyssum","Brassicaceae","Brassicales",0,0,"0.675324675","0",0.00485306,".","1","1","1",".",".","0.58","."
"72","Amaranthus","Amaranthus","Amaranthaceae","Caryophyllales",0.380734818,0.194174757,"0.04368932","0",0.041463415,"0","1","1","0","2","0.199","0.735263158","23.54830959"
"73","Ambrosia","Ambrosia","Asteraceae","Asterales",0.158562368,0.034090909,"0.547619048","0.170454545",0.00210989,".","1","0.666666667","0",".","0.95","2.375","49.9008065"
"74","Amelanchier","Amelanchier","Rosaceae","Rosales",1.169590643,0.105263158,"1","1",0.001060071,".","1","0.875","1",".",".","1.1175","25.89801521"
"75","Ammannia","Ammannia","Lythraceae","Myrtales",0,0,"0","0",0,"0",".",".",".",".",".",".","."
"76","Ammi","Ammi","Apiaceae","Apiales",0,0,"0","0",0.003968254,".","1","1","1",".",".",".","."
"77","Ammophila","Calamagrostis","Poaceae","Poales",5,0.1,"1","0",0.074314214,".","1","0","0",".",".","4.815","0"
"78","Amorpha","Amorpha","Fabaceae","Fabales",0,0,"1","1",0.096494845,".","1","1","1",".",".",".","."
"79","Amphibromus","Amphibromus","Poaceae","Poales",0,0,"1","0",0.074314214,".",".",".",".",".",".","3.99","."
"80","Amphicarpum","Amphicarpum","Poaceae","Poales",0,0,"0.5","0",0.074314214,".",".",".",".",".",".",".","."
"81","Amphipogon","Amphipogon","Poaceae","Poales",0,0,"1","0",0.074314214,".",".",".","0",".",".",".","."
"82","Amsinckia","Amsinckia","Boraginaceae","Boraginales",0.246305419,0.034482759,"0","0",0.001824818,".",".","1","1","4","0.33825","1.133333333","13.47816381"
"83","Amsonia","Amsonia","Apocynaceae","Gentianales",0,0,"1","0",0.000658617,".",".",".",".",".",".",".","."
"84","Amyema","Amyema","Loranthaceae","Santalales",0,0,"1","1",0,".",".",".","1",".",".","11.71222222","21.3118243"
"85","Anabasis","Anabasis","Amaranthaceae","Caryophyllales",0,0,"1","1",0.041463415,".",".",".",".",".",".",".","."
"86","Anacyclus","Anacyclus","Asteraceae","Asterales",0,0,"0.25","0",0.00210989,".",".",".",".",".",".","6.4","22.19813419"
"87","Anagallis","Lysimachia","Primulaceae","Ericales",0,0,"0.333333333","0",0,".","1","0.833333333","1",".",".","1.75","."
"88","Anarrhinum","Anarrhinum","Plantaginaceae","Lamiales",10,0.2,"0.5","0",0.005925926,".","1","1","1",".",".",".","."
"89","Anchusa","Anchusa","Boraginaceae","Boraginales",0.15015015,0.027027027,"0.445945946","0",0.001824818,".","1","1","1","4",".",".","."
"90","Androcymbium","Colchicum","Colchicaceae","Liliales",0,0,"1","0",0,"0",".",".",".",".",".","2.89","."
"91","Andropogon","Andropogon","Poaceae","Poales",0.735294118,0.058823529,"1","0",0.074314214,"1",".",".","0","3.333333333",".","4.378571429","0"
"92","Androsace","Androsace","Primulaceae","Ericales",0,0,"0.602941176","0",0,".","1","0.875","1",".",".",".","."
"93","Andryala","Andryala","Asteraceae","Asterales",0,0,"0.7","0",0.00210989,".",".",".","1",".",".","2.225","27.64866965"
"94","Anemone","Anemone","Ranunculaceae","Ranunculales",0.289855072,0.065217391,"1","0",0,".","1","0.611111111","1","3",".","17.23103448","41.21008428"
"95","Angelica","Angelica","Apiaceae","Apiales",0,0,"0.983333333","0",0.003968254,".","1","1","1",".",".","3.23","."
"96","Angianthus","Angianthus","Asteraceae","Asterales",0,0,"0","0",0.00210989,".",".",".",".",".",".",".","."
"97","Anisantha","Bromus","Poaceae","Poales",0,0,"0","0",0.074314214,".",".",".",".",".",".",".","."
"98","Antennaria","Antennaria","Asteraceae","Asterales",0.354609929,0.083333333,"1","0",0.00210989,".","1","0.5","1",".","0.729",".","."
"99","Anthemis","Anthemis","Asteraceae","Asterales",0.016228497,0.006329114,"0.486842105","0",0.00210989,".","1","1","1","4",".","8.175","4.757293329"
"100","Anthericum","Anthericum","Asparagaceae","Asparagales",0,0,"1","0",0,".","1","0.5","1",".",".","8.635","95.23626943"
"101","Anthoxanthum","Anthoxanthum","Poaceae","Poales",0,0,"0.5","0",0.074314214,".","1","0.75","0",".",".","5.9","."
"102","Anthriscus","Anthriscus","Apiaceae","Apiales",0,0,"0.333333333","0",0.003968254,".","1","0.75","1",".",".","2.25","."
"103","Anthyllis","Anthyllis","Fabaceae","Fabales",0,0,"0.643410853","0.789473684",0.096494845,".","1","1","1",".",".","0.575","23.36526755"
"104","Antidesma","Antidesma","Phyllanthaceae","Malpighiales",100,0.5,"1","1",0.002292264,"0",".",".",".","1.75",".",".","."
"105","Antinoria","Antinoria","Poaceae","Poales",0,0,"0.25","0",0.074314214,".",".",".",".",".",".",".","."
"106","Antirrhinum","Antirrhinum","Plantaginaceae","Lamiales",0.64516129,0.096774194,"0.59375","0.28125",0.005925926,".","1","1","1","3","0.815","0.778","0"
"107","Aotus","Aotus","Fabaceae","Fabales",0,0,"1","1",0.096494845,".",".",".",".",".",".",".","."
"108","Apera","Apera","Poaceae","Poales",0,0,"0","0",0.074314214,".","1","1","0",".",".","5.4","."
"109","Aphanes","Aphanes","Rosaceae","Rosales",0,0,"0","0",0.001060071,".","0.75","1","1","2",".","0.58","."
"110","Aphanostephus","Aphanostephus","Asteraceae","Asterales",0,0,"0.25","0",0.00210989,".",".",".",".",".",".",".","."
"111","Aphelia","Aphelia","Centrolepidaceae","Poales",0,0,"0","0",0,".",".",".",".",".",".",".","."
"112","Apium","Apium","Apiaceae","Apiales",2.857142857,0.2,"0.5","0",0.003968254,".","1","0.625","1","4",".","1.08","."
"113","Apocynum","Apocynum","Apocynaceae","Gentianales",11.11111111,0.444444444,"1","0",0.000658617,".",".",".",".",".",".",".","."
"114","Aquilegia","Aquilegia","Ranunculaceae","Ranunculales",0.740055504,0.170212766,"1","0",0,".","1","1","1","4","0.486666667","0.53","3.773584906"
"115","Arabidella","Arabidella","Brassicaceae","Brassicales",0,0,"0.5","0.5",0.00485306,".",".",".",".",".",".",".","."
"116","Arabidopsis","Arabidopsis","Brassicaceae","Brassicales",0,0,"0.1","0",0.00485306,".","1","0.9","1",".","0.5882","0.266818182","31.02969721"
"117","Arabis","Arabis","Brassicaceae","Brassicales",0.035267149,0.018691589,"0.690721649","0",0.00485306,".","0.958333333","0.884615385","1","4","0.56","0.482307692","66.42766091"
"118","Aralia","Aralia","Araliaceae","Apiales",0,0,"1","0.333333333",0,".",".",".",".","2",".",".","."
"119","Arbutus","Arbutus","Ericaceae","Ericales",100,0.5,"1","1",0,".",".","1","1","1.5","0.97",".","."
"120","Arceuthobium","Arceuthobium","Santalaceae","Santalales",0,0,"1","0",0.002139037,".",".",".",".","0",".",".","."
"121","Arctium","Arctium","Asteraceae","Asterales",6.666666667,0.466666667,"0","0",0.00210989,".","1","1","1",".",".",".","."
"122","Arctomecon","Arctomecon","Papaveraceae","Ranunculales",0,0,"1","0",0,".",".",".",".",".",".",".","."
"123","Arctostaphylos","Arctostaphylos","Ericaceae","Ericales",0.372960373,0.121212121,"1","1",0,".","1","0.5","1","2",".","1.25","."
"124","Arctotheca","Arctotheca","Asteraceae","Asterales",0,0,"0.666666667","0",0.00210989,".",".",".",".",".",".",".","."
"125","Ardisia","Ardisia","Primulaceae","Ericales",0,0,"1","1",0,"0",".",".","1","2.328571429","0.63","2.65","."
"126","Arenaria","Arenaria","Caryophyllaceae","Caryophyllales",0,0,"0.618421053","0",0.001818182,".","1","0.875","1","4",".","0.7","20.20305089"
"127","Argemone","Argemone","Papaveraceae","Ranunculales",1.515151515,0.083333333,"0.583333333","0",0,"0",".",".","1",".",".","0.6","."
"128","Argentina","Argentina","Rosaceae","Rosales",0,0,".","0",0.001060071,".",".",".",".",".",".",".","."
"129","Argentipallium","Argentipallium","Asteraceae","Asterales",0,0,"1","0",0.00210989,".",".",".",".",".",".",".","."
"130","Argyrochosma","Hemionitis","Pteridaceae","Monilophyta",0,0,"1","0",0,".",".",".",".",".",".",".","."
"131","Argyrolobium","Argyrolobium","Fabaceae","Fabales",0,0,"1","0.5",0.096494845,".",".",".","1",".",".","1.91","0"
"132","Argyroxiphium","Argyroxiphium","Asteraceae","Asterales",80,1.6,"1","1",0.00210989,".",".",".",".","3.25",".",".","."
"133","Argythamnia","Argythamnia","Euphorbiaceae","Malpighiales",0,0,"1","0",0.01239531,".",".",".",".",".",".",".","."
"134","Arisaema","Arisaema","Araceae","Alismatales",0,0,"1","0",0.000248447,".",".",".",".",".",".","4.975","2.416244277"
"135","Arisarum","Arisarum","Araceae","Alismatales",0,0,"1","0",0.000248447,".",".",".","1",".",".","14","24.33892979"
"136","Aristida","Aristida","Poaceae","Poales",0,0,"0.517857143","0",0.074314214,"1",".",".","0","2",".",".","."
"137","Aristolochia","Aristolochia","Aristolochiaceae","Piperales",0,0,"1","0.238095238",0,"1","1","0.5","1","2.636363636",".","0.375","28.28427125"
"138","Armeria","Armeria","Plumbaginaceae","Caryophyllales",0.606060606,0.133333333,"1","0.288888889",0.001196172,".","1","1","1",".",".","4.31","0"
"139","Armoracia","Armoracia","Brassicaceae","Brassicales",0,0,"1","0",0.00485306,".","1","0","1",".",".","1.25","."
"140","Arnica","Arnica","Asteraceae","Asterales",0.158730159,0.027777778,"0.945945946","0",0.00210989,".","1","0.5","1",".",".",".","."
"141","Aronia","Aronia","Rosaceae","Rosales",41.66666667,0.625,"1","1",0.001060071,".","1","1","1",".",".","1.28","."
"142","Arrhenatherum","Arrhenatherum","Poaceae","Poales",33.33333333,0.333333333,"1","0",0.074314214,".","1","0.5","0",".","0.704","6.395","35.05126656"
"143","Artemisia","Artemisia","Asteraceae","Asterales",0.064350064,0.047297297,"0.896296296","0.286666667",0.00210989,"0","1","0.794117647","0.075",".",".","4.661521739","36.69085686"
"144","Arthrocnemum","Arthrocnemum","Amaranthaceae","Caryophyllales",0,0,"1","1",0.041463415,".",".",".","0",".",".",".","."
"145","Arthropodium","Arthropodium","Asparagaceae","Asparagales",0,0,"1","0",0,".",".",".","1",".",".","2.45","."
"146","Arum","Arum","Araceae","Alismatales",5.555555556,0.222222222,"1","0",0.000248447,".","1","0.5","1",".",".","10.28142857","25.83494498"
"147","Arundinaria","Arundinaria","Poaceae","Poales",0,0,"1","0",0.074314214,".",".",".",".",".",".",".","."
"148","Arundo","Arundo","Poaceae","Poales",0,0,"1","0",0.074314214,".",".",".","0",".",".","2.8","."
"149","Asarum","Asarum","Aristolochiaceae","Piperales",0,0,"1","0",0,".","1","0.5","1","2",".","6.385","21.88347405"
"150","Asclepias","Asclepias","Apocynaceae","Gentianales",0.037023325,0.013513514,"0.986486486","0.027027027",0.000658617,"0","1","0.5","1",".","0.981","0.42","."
"151","Asparagus","Asparagus","Asparagaceae","Asparagales",0,0,"1","0",0,"0","1","0.5","1",".",".","2.03125","21.04713062"
"152","Asperula","Asperula","Rubiaceae","Gentianales",0.063291139,0.025,"0.975","0.0125",6e-04,".","1","0.875","1",".",".",".","."
"153","Asphodeline","Asphodeline","Xanthorrhoeaceae","Asparagales",0,0,"1","0",0,".",".",".",".",".",".","4.44","0"
"154","Asphodelus","Asphodelus","Xanthorrhoeaceae","Asparagales",33.33333333,0.5,"0.9","0",0,".",".",".","1",".",".","3.485","5.88410234"
"155","Aspidotis","Hemionitis","Pteridaceae","Monilophyta",100,0.5,"1","0",0,".",".",".",".",".",".",".","."
"156","Asplenium","Asplenium","Aspleniaceae","Monilophyta",0.648148148,0.259259259,"1","0",0,".","1","1","1","1.083333333",".","6.301764706","20.8548925"
"157","Astelia","Astelia","Asteliaceae","Asparagales",0,0,"1","0",0,".",".",".",".","4",".","1.27","."
"158","Aster","Aster","Asteraceae","Asterales",0.154181027,0.11409396,"0.944444444","0.039473684",0.00210989,"0","1","0.5","1","4",".",".","."
"159","Asteriscus","Asteriscus","Asteraceae","Asterales",0,0,"0.5","0",0.00210989,".",".",".","1",".",".","0.86","0"
"160","Asterolasia","Asterolasia","Rutaceae","Sapindales",0,0,"1","1",0.001652893,".",".",".",".",".",".",".","."
"161","Astilbe","Astilbe","Saxifragaceae","Saxifragales",100,0.5,"1","0",0,".",".",".",".",".",".",".","."
"162","Astragalus","Astragalus","Fabaceae","Fabales",0,0,"0.88863109","0",0.096494845,".","1","0.85","1","2.8",".","0.865","22.2073673"
"163","Astrantia","Astrantia","Apiaceae","Apiales",0,0,"1","0",0.003968254,".","1","0.5","1",".",".",".","."
"164","Astrodaucus","Astrodaucus","Apiaceae","Apiales",0,0,".","0",0.003968254,".",".",".",".",".",".","5.04","3.928371007"
"165","Astroloma","Styphelia","Ericaceae","Ericales",0,0,"1","1",0,".",".",".",".",".",".",".","."
"166","Astrotricha","Astrotricha","Araliaceae","Apiales",0,0,"1","1",0,".",".",".",".",".",".",".","."
"167","Asyneuma","Asyneuma","Campanulaceae","Asterales",0,0,"1","0",0,".",".",".",".",".",".",".","."
"168","Athamanta","Athamanta","Apiaceae","Apiales",0,0,"1","0",0.003968254,".","1","1","1",".",".","1.23","."
"169","Atractylis","Atractylis","Asteraceae","Asterales",0,0,"0.75","0",0.00210989,".",".",".","1",".",".","3.99","."
"170","Atraphaxis","Atraphaxis","Polygonaceae","Caryophyllales",0,0,"1","1",0.002727273,".",".",".",".","3",".",".","."
"171","Atriplex","Atriplex","Amaranthaceae","Caryophyllales",0.158940397,0.119205298,"0.369281046","0.232026144",0.041463415,".","1","0.96875","0.086956522","4",".","1.172962963","58.85704279"
"172","Atropa","Atropa","Solanaceae","Solanales",0,0,"1","0",0.089837398,".","1","1","1",".",".","1.95","."
"173","Aubrieta","Aubrieta","Brassicaceae","Brassicales",13.33333333,0.333333333,"1","0",0.00485306,".",".",".",".",".",".","0.42","."
"174","Aureolaria","Aureolaria","Orobanchaceae","Lamiales",0,0,".","0",0,".",".",".",".",".",".",".","."
"175","Australopyrum","Australopyrum","Poaceae","Poales",0,0,"1","0",0.074314214,".",".",".",".",".",".","5.72","0"
"176","Austrofestuca","Poa","Poaceae","Poales",0,0,"1","0",0.074314214,".",".",".",".",".",".","3.71","."
"177","Avena","Avena","Poaceae","Poales",0.600600601,0.108108108,"0","0",0.074314214,".","1","1","0",".","0.028333333","8.917777778","36.76904813"
"178","Avenula","Avenula","Poaceae","Poales",0.666666667,0.08,"1","0",0.074314214,".",".",".",".",".",".",".","."
"179","Azolla","Azolla","Salviniaceae","Monilophyta",0,0,"0.666666667","0",0,".","1","0.5",".",".",".","0.77","."
"180","Baccharis","Baccharis","Asteraceae","Asterales",0,0,"1","0.833333333",0.00210989,".",".",".","1","1.928571429",".",".","."
"181","Bacopa","Bacopa","Plantaginaceae","Lamiales",0,0,"0.666666667","0",0.005925926,"1",".",".",".",".",".","1.2","."
"182","Baeckea","Baeckea","Myrtaceae","Myrtales",0,0,"1","1",0.003243243,".",".",".",".",".",".",".","."
"183","Bahia","Bahia","Asteraceae","Asterales",0,0,"0.75","0",0.00210989,".",".",".",".",".",".",".","."
"184","Baileya","Baileya","Asteraceae","Asterales",0,0,"0.2","0",0.00210989,".",".",".",".",".",".","7.32","."
"185","Baldellia","Baldellia","Alismataceae","Alismatales",0,0,"1","0",0,".","1","0.5","1",".",".",".","."
"186","Ballota","Ballota","Lamiaceae","Lamiales",0,0,"1","0.142857143",0.004320557,".","1","1","1",".",".",".","."
"187","Balsamorhiza","Balsamorhiza","Asteraceae","Asterales",7.272727273,0.363636364,"1","0",0.00210989,".",".",".",".",".",".",".","."
"188","Banksia","Banksia","Proteaceae","Proteales",4.761904762,0.142857143,"1","1",0.000625,".",".",".",".",".","0.8945","0.85","."
"189","Baptisia","Baptisia","Fabaceae","Fabales",6.666666667,0.166666667,"1","0",0.096494845,".",".",".",".",".",".",".","."
"190","Barbarea","Barbarea","Brassicaceae","Brassicales",0,0,"0.36","0",0.00485306,".","1","1","1",".",".",".","."
"191","Bartonia","Bartonia","Gentianaceae","Gentianales",0,0,"0","0",0,".",".",".",".",".",".",".","."
"192","Bartsia","Bartsia","Orobanchaceae","Lamiales",0,0,"1","0",0,"1","1","0.5","1","2",".",".","."
"193","Bassia","Bassia","Amaranthaceae","Caryophyllales",3.571428571,0.125,"0.125","0.166666667",0.041463415,".","1","1","0.333333333",".",".","1.12","."
"194","Bauera","Bauera","Cunoniaceae","Oxalidales",0,0,"1","1",0,".",".",".",".",".",".",".","."
"195","Baumea","Machaerina","Cyperaceae","Poales",0,0,"1","0",0.00045977,".",".",".",".",".",".",".","."
"196","Beckmannia","Beckmannia","Poaceae","Poales",0,0,"0.333333333","0",0.074314214,".","1","1","0",".",".",".","."
"197","Begonia","Begonia","Begoniaceae","Cucurbitales",0,0,"1","0",0,"1",".",".","1","2.24","0.04","0.5655","48.23633615"
"198","Bellevalia","Bellevalia","Asparagaceae","Asparagales",0,0,"1","0",0,".",".",".",".",".",".","15.51923077","70.31024987"
"199","Bellis","Bellis","Asteraceae","Asterales",0,0,"0.857142857","0",0.00210989,".","1","0.5","1",".",".","1.706666667","16.91455867"
"200","Bellium","Bellium","Asteraceae","Asterales",0,0,"0.5","0",0.00210989,".",".",".",".",".",".",".","."
"201","Berberis","Berberis","Berberidaceae","Ranunculales",0.362318841,0.041666667,"1","1",0,".","1","0.833333333","1","1.941176471",".","1.401578947","45.51012976"
"202","Bergia","Bergia","Elatinaceae","Malpighiales",0,0,"0","0",0,".",".",".",".",".",".",".","."
"203","Berlandiera","Berlandiera","Asteraceae","Asterales",0,0,"1","0",0.00210989,".",".",".",".",".",".",".","."
"204","Berteroa","Berteroa","Brassicaceae","Brassicales",0,0,"0.3","0",0.00485306,".","1","1","1",".",".","0.71","."
"205","Bertya","Bertya","Euphorbiaceae","Malpighiales",0,0,"1","1",0.01239531,".",".",".",".",".",".",".","."
"206","Besseya","Veronica","Plantaginaceae","Lamiales",0,0,"1","0",0.005925926,".",".",".",".",".",".",".","."
"207","Beta","Beta","Amaranthaceae","Caryophyllales",0,0,"0.5","0",0.041463415,".","1","1","0.5",".",".","1.022857143","0"
"208","Betula","Betula","Betulaceae","Fagales",2.645502646,0.357142857,"1","1",0.054545455,".","1","0.8","0","2.846153846","0.995","0.648333333","39.94133988"
"209","Beyeria","Beyeria","Euphorbiaceae","Malpighiales",0,0,"1","1",0.01239531,".",".",".",".",".",".",".","."
"210","Biarum","Biarum","Araceae","Alismatales",0,0,"1","0",0.000248447,".",".",".",".",".",".","3.32","2.347659227"
"211","Bidens","Bidens","Asteraceae","Asterales",0.324569945,0.126582278,"0.327868852","0.012658228",0.00210989,"0","1","1","1","2.555555556","0.59125","2.183333333","41.22731085"
"212","Bifora","Bifora","Apiaceae","Apiales",0,0,"0","0",0.003968254,".","1","1","1",".",".",".","."
"213","Bilderdykia","Fallopia","Polygonaceae","Caryophyllales",0,0,"0.333333333","0.333333333",0.002727273,".",".",".",".",".",".",".","."
"214","Billardiera","Billardiera","Pittosporaceae","Apiales",0,0,"1","0.5",0.005,".",".",".",".",".",".",".","."
"215","Biscutella","Biscutella","Brassicaceae","Brassicales",0,0,"0.871794872",".",0.00485306,".","1","1","1","4",".","1.29","49.33303125"
"216","Bistorta","Bistorta","Polygonaceae","Caryophyllales",0,0,"1","0",0.002727273,".",".",".",".",".",".",".","."
"217","Blechnum","Blechnum","Blechnaceae","Monilophyta",0,0,"1","0",0,".","1","1",".","2.25",".",".","."
"218","Blennosperma","Blennosperma","Asteraceae","Asterales",0,0,"0","0",0.00210989,".",".",".",".",".",".",".","."
"219","Blephilia","Blephilia","Lamiaceae","Lamiales",0,0,"1","0",0.004320557,".",".",".",".",".",".",".","."
"220","Bloomeria","Bloomeria","Asparagaceae","Asparagales",0,0,"1","0",0,".",".",".",".",".",".",".","."
"221","Blumea","Blumea","Asteraceae","Asterales",0,0,".","0",0.00210989,"0",".",".",".",".",".",".","."
"222","Blysmus","Blysmus","Cyperaceae","Poales",0,0,"1","0",0.00045977,".","1","0.5","0",".",".",".","."
"223","Bobea","Bobea","Rubiaceae","Gentianales",16.66666667,0.25,"1","1",6e-04,".",".",".",".","2.5",".",".","."
"224","Boechera","Boechera","Brassicaceae","Brassicales",0.534759358,0.088235294,"0.847222222","0",0.00485306,".",".",".",".",".",".","0.24","0"
"225","Boerhavia","Boerhavia","Nyctaginaceae","Caryophyllales",0,0,"0.461538462","0",0.005063291,"0",".",".","1",".",".",".","."
"226","Bolanthus","Bolanthus","Caryophyllaceae","Caryophyllales",0,0,"1","0",0.001818182,".",".",".",".",".",".",".","."
"227","Bombycilaena","Bombycilaena","Asteraceae","Asterales",0,0,"0","0",0.00210989,".",".",".","1",".",".",".","."
"228","Borago","Borago","Boraginaceae","Boraginales",0,0,"0.5","0",0.001824818,".","1","1","1",".","0.915","1.75","."
"229","Borderea","Dioscorea","Dioscoreaceae","Dioscoreales",0,0,"1","0",0.009195402,".",".",".",".",".",".",".","."
"230","Bornmuellera","Bornmuellera","Brassicaceae","Brassicales",0,0,"1","0",0.00485306,".",".",".",".",".",".","1.09","."
"231","Boronia","Boronia","Rutaceae","Sapindales",0,0,"1","1",0.001652893,".",".",".",".",".",".",".","."
"232","Boschniakia","Boschniakia","Orobanchaceae","Lamiales",0,0,"1","0",0,".",".",".",".",".",".",".","."
"233","Bossiaea","Bossiaea","Fabaceae","Fabales",0,0,"1","1",0.096494845,".",".",".",".",".",".",".","."
"234","Bothriochloa","Bothriochloa","Poaceae","Poales",0,0,"1","0",0.074314214,".","0","0.5","0","3",".",".","."
"235","Botrychium","Botrychium","Ophioglossaceae","Monilophyta",0,0,"1","0",0,".","1","1",".",".",".","8.306666667","39.54803008"
"236","Bouteloua","Bouteloua","Poaceae","Poales",0.284900285,0.037037037,"0.796296296","0",0.074314214,".",".",".",".",".",".",".","."
"237","Boykinia","Boykinia","Saxifragaceae","Saxifragales",0,0,"1","0",0,".",".",".",".",".",".",".","."
"238","Brachiaria","Urochloa","Poaceae","Poales",0,0,"0","0",0.074314214,".",".",".","0",".",".",".","."
"239","Brachyactis","Symphyotrichum","Asteraceae","Asterales",0,0,".","0",0.00210989,".",".",".",".",".",".",".","."
"240","Brachyelytrum","Brachyelytrum","Poaceae","Poales",0,0,"1","0",0.074314214,".",".",".",".",".",".",".","."
"241","Brachyglottis","Brachyglottis","Asteraceae","Asterales",100,0.5,"1","1",0.00210989,".",".",".",".","1.875",".",".","."
"242","Brachyloma","Brachyloma","Ericaceae","Ericales",0,0,"1","1",0,".",".",".",".",".",".",".","."
"243","Brachypodium","Brachypodium","Poaceae","Poales",2.222222222,0.1,"0.7","0",0.074314214,".","1","0.5","0",".",".","0.572222222","36.17847615"
"244","Brachyscome","Brachyscome","Asteraceae","Asterales",0,0,"0.735294118","0",0.00210989,".",".",".",".",".",".",".","."
"245","Bracteantha","Xerochrysum","Asteraceae","Asterales",0,0,"0.6","0",0.00210989,".",".",".",".",".",".",".","."
"246","Brassica","Brassica","Brassicaceae","Brassicales",0.12987013,0.035714286,"0.259259259","0.06779661",0.00485306,"0","1","1","1",".","0.37","0.925151515","36.57966381"
"247","Braya","Braya","Brassicaceae","Brassicales",0,0,"1","0",0.00485306,".",".",".",".",".",".","1.05","."
"248","Brickellia","Brickellia","Asteraceae","Asterales",0.362318841,0.041666667,"1","0.8125",0.00210989,".",".",".","1",".",".",".","."
"249","Brighamia","Brighamia","Campanulaceae","Asterales",0,0,"1","1",0,".",".",".",".","4",".","1.05","."
"250","Brimeura","Brimeura","Asparagaceae","Asparagales",0,0,"1","0",0,".",".",".",".","4",".","8.4","."
"251","Briza","Briza","Poaceae","Poales",0,0,"0.1875","0",0.074314214,".","1","0.75","0",".",".","6.954814815","23.92674775"
"252","Brodiaea","Brodiaea","Asparagaceae","Asparagales",1.098901099,0.071428571,"1","0",0,".",".",".",".",".",".",".","."
"253","Bromopsis","Bromus","Poaceae","Poales",0,0,"1","0",0.074314214,".",".",".",".",".",".",".","."
"254","Bromus","Bromus","Poaceae","Poales",0.031735957,0.02173913,"0.317391304","0",0.074314214,".","1","0.880952381","0",".","0.0185","8.390131579","32.17300086"
"255","Bryonia","Bryonia","Cucurbitaceae","Cucurbitales",0,0,"1","0",0.024852071,".","0.75","1","1",".",".","2.158","24.71426572"
"256","Buddleja","Buddleja","Scrophulariaceae","Lamiales",1.098901099,0.071428571,"1","1",0.001764706,"0","1","1","1","2.6","0.93","1.246666667","27.43581311"
"257","Bufonia","Bufonia","Caryophyllaceae","Caryophyllales",0,0,"0.714285714","0",0.001818182,".",".",".","1",".",".",".","."
"258","Buglossoides","Buglossoides","Boraginaceae","Boraginales",0,0,"0.428571429","0",0.001824818,".","1","0.5","1",".",".",".","."
"259","Bulbine","Bulbine","Xanthorrhoeaceae","Asparagales",0,0,"0.666666667","0",0,"0",".",".","1","0",".","16.40846154","33.7347424"
"260","Bulbocodium","Colchicum","Colchicaceae","Liliales",0,0,"1","0",0,".",".",".",".",".",".",".","."
"261","Bulbostylis","Bulbostylis","Cyperaceae","Poales",0,0,"1","0",0.00045977,".",".",".","0",".",".",".","."
"262","Bunias","Bunias","Brassicaceae","Brassicales",0,0,"0.166666667","0",0.00485306,".","1","0.75","1",".",".","2.39","11.08929142"
"263","Bunium","Bunium","Apiaceae","Apiales",0,0,"1","0",0.003968254,".","1","1","1",".",".",".","."
"264","Buphthalmum","Buphthalmum","Asteraceae","Asterales",0,0,"1","0",0.00210989,".","1","0.5","1",".",".","2.45","0"
"265","Bupleurum","Bupleurum","Apiaceae","Apiales",0,0,"0.414893617","0.14893617",0.003968254,".","1","0.857142857","1","4",".","2.491666667","34.02759147"
"266","Bursaria","Bursaria","Pittosporaceae","Apiales",0,0,"1","1",0.005,".",".",".",".",".",".",".","."
"267","Buxus","Buxus","Buxaceae","Buxales",0,0,"1","1",0,".","1","1","1","2",".","1.115","38.68476561"
"268","Cacalia","Vernonia","Asteraceae","Asterales",0,0,"1","0",0.00210989,".",".",".","1",".",".",".","."
"269","Cachrys","Cachrys","Apiaceae","Apiales",0,0,"1","0",0.003968254,".",".",".",".",".",".",".","."
"270","Caesalpinia","Caesalpinia","Fabaceae","Fabales",0,0,"1","0.8",0.096494845,"1",".",".","1","1.833333333",".","1.55","39.63937331"
"271","Caesia","Caesia","Xanthorrhoeaceae","Asparagales",0,0,"1","0",0,"0",".",".",".",".",".",".","."
"272","Cakile","Cakile","Brassicaceae","Brassicales",0,0,"0","0",0.00485306,".","1","1","1",".",".","0.68","."
"273","Caladenia","Caladenia","Orchidaceae","Asparagales",0.54446461,0.155172414,"1","0",0,".",".",".",".",".",".",".","."
"274","Calamagrostis","Calamagrostis","Poaceae","Poales",1.341463415,0.268292683,"1","0",0.074314214,".","0.9375","0.5","0","2","0.929","5.74375","26.76071151"
"275","Calamintha","Calamintha","Lamiaceae","Lamiales",0,0,"1","0",0.004320557,".",".",".",".",".",".",".","."
"276","Calamovilfa","Sporobolus","Poaceae","Poales",0,0,"1","0",0.074314214,".",".",".",".",".",".",".","."
"277","Calandrinia","Calandrinia","Montiaceae","Caryophyllales",0,0,"0.05","0",0,".",".",".","1","1",".","1.07","."
"278","Caleana","Caleana","Orchidaceae","Asparagales",0,0,"1","0",0,".",".",".",".",".",".",".","."
"279","Calendula","Calendula","Asteraceae","Asterales",1.818181818,0.090909091,"0.181818182","0",0.00210989,".","1","1","1","4",".",".","."
"280","Calicotome","Calicotome","Fabaceae","Fabales",0,0,"1","1",0.096494845,".",".",".","1",".",".",".","."
"281","Callianthemum","Callianthemum","Ranunculaceae","Ranunculales",0,0,"1","0",0,".",".",".",".",".",".",".","."
"282","Callirhoe","Callirhoe","Malvaceae","Malvales",0,0,"0.8","0",0.006153846,".",".",".",".",".",".",".","."
"283","Callistemon","Melaleuca","Myrtaceae","Myrtales",0,0,"1","1",0.003243243,"0",".",".",".",".",".","1.15","31.9616973"
"284","Callitriche","Callitriche","Plantaginaceae","Lamiales",0,0,"0.196428571","0",0.005925926,".","1","0.444444444","0","0",".","2.298461538","56.74045044"
"285","Callitris","Callitris","Cupressaceae","Pinophyta",0,0,"1","1",0.007142857,".",".",".","0","0.933333333",".","9.7","10.0900224"
"286","Calocephalus","Calocephalus","Asteraceae","Asterales",0,0,"0.666666667","0",0.00210989,".",".",".",".",".",".",".","."
"287","Calochilus","Calochilus","Orchidaceae","Asparagales",0,0,"1","0",0,".",".",".",".",".",".",".","."
"288","Calochortus","Calochortus","Liliaceae","Liliales",0.134680135,0.036363636,"1","0",0,".",".",".",".",".",".","5.35","."
"289","Calotis","Calotis","Asteraceae","Asterales",0,0,"0.833333333","0",0.00210989,".",".",".","1",".",".",".","."
"290","Calycadenia","Calycadenia","Asteraceae","Asterales",0,0,"0","0",0.00210989,".",".",".",".",".",".","1.48","."
"291","Calycoseris","Calycoseris","Asteraceae","Asterales",0,0,"0","0",0.00210989,".",".",".",".",".",".",".","."
"292","Calylophus","Oenothera","Onagraceae","Myrtales",0,0,"1","0",0.001538462,".",".",".",".",".",".",".","."
"293","Calyptridium","Calyptridium","Montiaceae","Caryophyllales",1.282051282,0.076923077,"0.307692308","0",0,".",".",".",".",".",".",".","."
"294","Calystegia","Calystegia","Convolvulaceae","Solanales",1.176470588,0.2,"1","0.057142857",0.044375,".","1","0.5","1",".",".","0.8","."
"295","Calytrix","Calytrix","Myrtaceae","Myrtales",0,0,"1","1",0.003243243,".",".",".",".",".",".",".","."
"296","Camassia","Camassia","Asparagaceae","Asparagales",0,0,"1","0",0,".",".",".",".",".",".","2.575","5.565289281"
"297","Camelina","Camelina","Brassicaceae","Brassicales",0,0,"0","0",0.00485306,".","1","1","1",".",".",".","."
"298","Camissonia","Camissonia","Onagraceae","Myrtales",0.699300699,0.227272727,"0.112676056","0.007042254",0.001538462,".",".",".",".",".",".",".","."
"299","Campanula","Campanula","Campanulaceae","Asterales",0.005569479,0.005263158,"0.707100592","0",0,".","1","0.80952381","1","0","0.7125","1.955","28.60243016"
"300","Camphorosma","Camphorosma","Amaranthaceae","Caryophyllales",0,0,"0.5","0.5",0.041463415,".",".",".","0",".",".",".","."
"301","Canavalia","Canavalia","Fabaceae","Fabales",3.571428571,0.125,"1","0",0.096494845,"1",".",".","1","4",".",".","."
"302","Capsella","Capsella","Brassicaceae","Brassicales",4.761904762,0.142857143,"0.357142857","0",0.00485306,".","1","1","1",".","0.046666667","0.448333333","35.99426902"
"303","Caragana","Caragana","Fabaceae","Fabales",0,0,"1","1",0.096494845,".","1","1","1",".",".","1.6","."
"304","Caralluma","Caralluma","Apocynaceae","Gentianales",0,0,"1","0",0.000658617,"0",".",".",".",".",".",".","."
"305","Cardamine","Cardamine","Brassicaceae","Brassicales",0.16722408,0.076086957,"0.673469388","0",0.00485306,".","1","0.615384615","1","2",".","0.824210526","49.90911071"
"306","Cardaminopsis","Arabidopsis","Brassicaceae","Brassicales",0,0,"0.9","0",0.00485306,".",".",".",".",".",".",".","."
"307","Cardaria","Lepidium","Brassicaceae","Brassicales",3.571428571,0.125,"1","0",0.00485306,".",".",".",".",".",".",".","."
"308","Cardiospermum","Cardiospermum","Sapindaceae","Sapindales",0,0,"0.75","0",0.001265823,".",".",".","1",".",".",".","."
"309","Carduncellus","Carthamus","Asteraceae","Asterales",0,0,"1","0",0.00210989,".",".",".",".",".",".",".","."
"310","Carduus","Carduus","Asteraceae","Asterales",0.480769231,0.153846154,"0.330769231","0",0.00210989,"0","1","0.8","1",".","0.806","4.28","."
"311","Carex","Carex","Cyperaceae","Poales",0.024607728,0.104582844,"1","0",0.00045977,".","1","0.5","0.008474576","2.416666667","0.17","0.419318182","46.22570709"
"312","Carlina","Carlina","Asteraceae","Asterales",0,0,"0.653846154","0",0.00210989,".","1","0.75","1",".",".","4.326","16.91235139"
"313","Carpesium","Carpesium","Asteraceae","Asterales",0,0,"0.5","0",0.00210989,".","1","1","1",".",".",".","."
"314","Carpha","Carpha","Cyperaceae","Poales",0,0,"1","0",0.00045977,".",".",".",".",".",".",".","."
"315","Carpinus","Carpinus","Betulaceae","Fagales",0,0,"1","1",0.054545455,".","1","1","0","4",".","1.03","."
"316","Carpobrotus","Carpobrotus","Aizoaceae","Caryophyllales",2.564102564,0.153846154,"1","0.384615385",0.000990099,"0",".",".","1",".",".",".","."
"317","Carthamus","Carthamus","Asteraceae","Asterales",1.666666667,0.125,"0.058823529","0",0.00210989,".","1","1","1",".",".","1.762941176","44.68554251"
"318","Carum","Carum","Apiaceae","Apiales",0,0,"0.785714286","0",0.003968254,".","1","1","1","4",".","4.78","."
"319","Carya","Carya","Juglandaceae","Fagales",3.80952381,0.266666667,"1","1",0,".",".",".",".",".",".","0.83","."
"320","Cassia","Cassia","Fabaceae","Fabales",0,0,"0.5","0",0.096494845,"1",".",".","1","2.5",".","0.976666667","2.364574481"
"321","Cassinia","Cassinia","Asteraceae","Asterales",20,0.5,"1","1",0.00210989,".",".",".",".",".",".",".","."
"322","Cassiope","Cassiope","Ericaceae","Ericales",0,0,"1","1",0,".",".","1","1",".",".",".","."
"323","Cassytha","Cassytha","Lauraceae","Laurales",0,0,"1","0",4e-04,"0",".",".","1",".",".",".","."
"324","Castanea","Castanea","Fagaceae","Fagales",0,0,"1","1",0.001492537,".","1","1","0.5",".",".","0.875","0"
"325","Castilleja","Castilleja","Orobanchaceae","Lamiales",0.385964912,0.144736842,"0.818181818","0.037974684",0,".",".",".","1","1",".",".","."
"326","Casuarina","Casuarina","Casuarinaceae","Fagales",0,0,"1","1",0.094736842,".",".",".","0",".",".","0.45","31.42696805"
"327","Catalpa","Catalpa","Bignoniaceae","Lamiales",0,0,"1","1",0.01,".",".",".",".","2",".",".","."
"328","Catananche","Catananche","Asteraceae","Asterales",0,0,"0.5","0",0.00210989,".",".",".","1",".",".",".","."
"329","Catapodium","Catapodium","Poaceae","Poales",16.66666667,0.25,"0","0",0.074314214,".","1","1","0",".",".","3.4","."
"330","Caulanthus","Streptanthus","Brassicaceae","Brassicales",0,0,"0.368421053","0",0.00485306,".",".",".",".",".",".","0.59","30.82463302"
"331","Caulophyllum","Caulophyllum","Berberidaceae","Ranunculales",0,0,"1","0",0,".",".",".",".",".",".",".","."
"332","Caustis","Caustis","Cyperaceae","Poales",0,0,"1","0",0.00045977,".",".",".",".",".",".",".","."
"333","Ceanothus","Ceanothus","Rhamnaceae","Rosales",0.653120464,0.169811321,"1","1",0.004444444,".",".",".",".",".",".",".","."
"334","Cedrus","Cedrus","Pinaceae","Pinophyta",0,0,"1","1",0.004761905,".",".",".","0","0.5","0.91","16.14375","1.239284262"
"335","Celastrus","Celastrus","Celastraceae","Celastrales",0,0,"1","1",0,".",".",".",".",".",".",".","."
"336","Celmisia","Celmisia","Asteraceae","Asterales",0,0,"1","0",0.00210989,".",".",".",".",".",".",".","."
"337","Celtis","Celtis","Cannabaceae","Rosales",0,0,"1","1",0.017647059,".",".",".","0","1.583333333",".","1.29","0"
"338","Cenchrus","Cenchrus","Poaceae","Poales",0,0,"0.266666667","0",0.074314214,".",".",".","0","4",".","3.146666667","69.19092241"
"339","Centaurea","Centaurea","Asteraceae","Asterales",0.062784492,0.086642599,"0.715135738","0.021276596",0.00210989,"0","1","0.958333333","1","3.5","0.978","1.543934426","24.72579688"
"340","Centaurium","Centaurium","Gentianaceae","Gentianales",0.929152149,0.19047619,"0.047619048","0",0,".","1","1","1","4",".","1.23","."
"341","Centipeda","Centipeda","Asteraceae","Asterales",0,0,"0.375","0",0.00210989,".",".",".","1",".",".",".","."
"342","Centrolepis","Centrolepis","Centrolepidaceae","Poales",0,0,"0.166666667","0",0,".",".",".",".",".",".",".","."
"343","Cephalanthera","Cephalanthera","Orchidaceae","Asparagales",3.571428571,0.125,"1","0",0,".","1","0.5","1",".",".","16.42","2.27495241"
"344","Cephalaria","Cephalaria","Caprifoliaceae","Dipsacales",0,0,"0.785714286","0.071428571",0,".",".",".","1",".",".","5.06","19.78891561"
"345","Cerastium","Cerastium","Caryophyllaceae","Caryophyllales",0.153508772,0.072916667,"0.5625","0",0.001818182,".","1","0.733333333","1","3",".","2.077777778","47.88014012"
"346","Ceratocephalus","Spilanthes","Ranunculaceae","Ranunculales",0,0,"0","0",0,".",".",".",".",".",".",".","."
"347","Ceratochloa","Bromus","Poaceae","Poales",0,0,"1","0",0.074314214,".",".",".",".",".",".",".","."
"348","Ceratophyllum","Ceratophyllum","Ceratophyllaceae","Ceratophyllales",0,0,"1","0",0,".","1","0.25","0",".",".","0.69","."
"349","Cercidium","Parkinsonia","Fabaceae","Fabales",0,0,"1","1",0.096494845,".",".",".",".",".",".",".","."
"350","Cercocarpus","Cercocarpus","Rosaceae","Rosales",10.71428571,0.375,"1","1",0.001060071,".",".",".",".","4",".",".","."
"351","Cerinthe","Cerinthe","Boraginaceae","Boraginales",0,0,"0.205128205","0",0.001824818,".","1","0.75","1",".",".","0.95","."
"352","Cestrum","Cestrum","Solanaceae","Solanales",0,0,"1","1",0.089837398,".",".",".","1","3.333333333",".",".","."
"353","Chaenactis","Chaenactis","Asteraceae","Asterales",0.865800866,0.090909091,"0.386363636","0",0.00210989,".",".",".",".",".",".",".","."
"354","Chaenomeles","Chaenomeles","Rosaceae","Rosales",0,0,"1","1",0.001060071,".","1","1","1",".",".","0.6","."
"355","Chaenorhinum","Chaenorhinum","Plantaginaceae","Lamiales",0,0,"0.458333333","0",0.005925926,".","1","1","1",".",".",".","."
"356","Chaerophyllum","Chaerophyllum","Apiaceae","Apiales",0,0,"0.59375","0",0.003968254,".","1","0.7","1",".",".",".","."
"357","Chamaebatia","Chamaebatia","Rosaceae","Rosales",0,0,"1","1",0.001060071,".",".",".",".",".",".",".","."
"358","Chamaecrista","Chamaecrista","Fabaceae","Fabales",0,0,".","0",0.096494845,"0.666666667",".",".","1","2","0.665",".","."
"359","Chamaecyparis","Chamaecyparis","Cupressaceae","Pinophyta",5,0.1,"1","1",0.007142857,".",".",".",".","1.1","0.977","10.63923077","11.62669103"
"360","Chamaecytisus","Chamaecytisus","Fabaceae","Fabales",1.176470588,0.2,"1","1",0.096494845,".",".",".",".",".",".",".","."
"361","Chamaemelum","Chamaemelum","Asteraceae","Asterales",0,0,"0.4","0",0.00210989,".","1","1","1",".",".","5.24","2.42899276"
"362","Chamaesaracha","Chamaesaracha","Solanaceae","Solanales",0,0,"1","0",0.089837398,".",".",".",".",".",".",".","."
"363","Chamaespartium","Genista","Fabaceae","Fabales",0,0,"1","1",0.096494845,".",".",".",".",".",".",".","."
"364","Chamaesyce","Chamaesyce","Euphorbiaceae","Malpighiales",0.144230769,0.046153846,"0.464285714","0.169230769",0.01239531,".",".",".",".","2.958333333",".",".","."
"365","Chamerion","Epilobium","Onagraceae","Myrtales",0,0,"1","0",0.001538462,".",".",".",".",".","0.799333333",".","."
"366","Chamomilla","Chamaemelum","Asteraceae","Asterales",0,0,"0","0",0.00210989,".",".",".",".",".",".",".","."
"367","Charpentiera","Charpentiera","Amaranthaceae","Caryophyllales",10,0.2,"1","1",0.041463415,".",".",".",".","4",".",".","."
"368","Cheilanthes","Hemionitis","Pteridaceae","Monilophyta",0.860215054,0.129032258,"1","0",0,".",".",".",".",".",".",".","."
"369","Cheiranthera","Cheiranthera","Pittosporaceae","Apiales",0,0,"1","0",0.005,".",".",".",".",".",".",".","."
"370","Cheirodendron","Cheirodendron","Araliaceae","Apiales",33.33333333,0.5,"1","1",0,".",".",".",".","1.666666667",".",".","."
"371","Cheirolophus","Cheirolophus","Asteraceae","Asterales",0,0,"1","0",0.00210989,".",".",".","1","4",".","0.705","3.008965026"
"372","Chelone","Chelone","Plantaginaceae","Lamiales",0,0,"1","0",0.005925926,".",".",".",".",".",".",".","."
"373","Chenopodium","Chenopodium","Amaranthaceae","Caryophyllales",0.021905805,0.018072289,"0.082542001","0.02189781",0.041463415,"0","1","1","0.431818182",".",".","1.309230769","36.24816596"
"374","Chiloglottis","Chiloglottis","Orchidaceae","Asparagales",20,0.4,"1","0",0,".",".",".",".",".",".",".","."
"375","Chimaphila","Chimaphila","Ericaceae","Ericales",0,0,"1","0.75",0,".","1","0.5","1",".",".",".","."
"376","Chionodoxa","Scilla","Asparagaceae","Asparagales",0,0,"1","0",0,".",".",".",".",".",".",".","."
"377","Chionogentias","Gentianella","Gentianaceae","Gentianales",10,0.2,"0.4","0",0,".",".",".",".",".",".",".","."
"378","Chloris","Chloris","Poaceae","Poales",0.432900433,0.045454545,"0.659090909","0",0.074314214,".",".",".","0",".",".","0.35","."
"379","Chlorogalum","Chlorogalum","Asparagaceae","Asparagales",0,0,"1","0",0,".",".",".",".",".",".",".","."
"380","Choenomeles",NA,"Rosaceae","Rosales",0,0,"1","1",0.001060071,".",".",".",".",".",".",".","."
"381","Chondrilla","Chondrilla","Asteraceae","Asterales",0,0,"0.625","0",0.00210989,".","0","1","1",".",".",".","."
"382","Choretrum","Choretrum","Santalaceae","Santalales",0,0,"1","1",0.002139037,".",".",".",".",".",".",".","."
"383","Chorizandra","Chorizandra","Cyperaceae","Poales",0,0,"1","0",0.00045977,".",".",".",".",".",".",".","."
"384","Chorizanthe","Chorizanthe","Polygonaceae","Caryophyllales",0,0,"0","0",0.002727273,".",".",".",".",".",".",".","."
"385","Christella","Thelypteris","Thelypteridaceae","Monilophyta",20,0.4,"1","0",0,".",".",".",".","3",".",".","."
"386","Chrozophora","Chrozophora","Euphorbiaceae","Malpighiales",0,0,"0","0",0.01239531,"0",".",".",".",".",".",".","."
"387","Chrysanthemum","Chrysanthemum","Asteraceae","Asterales",0,0,"0.3","0",0.00210989,".",".",".",".",".",".","10.451","35.2082587"
"388","Chrysocephalum","Chrysocephalum","Asteraceae","Asterales",0,0,"0.8","0",0.00210989,".",".",".","1",".",".",".","."
"389","Chrysocoma","Chrysocoma","Asteraceae","Asterales",0,0,"1","1",0.00210989,".",".",".",".",".",".",".","."
"390","Chrysolepis","Chrysolepis","Fagaceae","Fagales",0,0,"1","1",0.001492537,".",".",".",".",".",".",".","."
"391","Chrysopsis","Chrysopsis","Asteraceae","Asterales",0,0,"0.875","0",0.00210989,".",".",".",".",".",".",".","."
"392","Chrysosplenium","Chrysosplenium","Saxifragaceae","Saxifragales",0,0,"1","0",0,".","1","0.5","1",".",".",".","."
"393","Chrysothamnus","Chrysothamnus","Asteraceae","Asterales",0.925925926,0.125,"1","0.964285714",0.00210989,".",".",".",".",".",".",".","."
"394","Cicendia","Cicendia","Gentianaceae","Gentianales",0,0,"0","0",0,".","1","1","1",".",".",".","."
"395","Cicer","Cicer","Fabaceae","Fabales",0,0,"0.75","0",0.096494845,".",".",".",".",".",".","1.411333333","14.68291407"
"396","Cicerbita","Cicerbita","Asteraceae","Asterales",0,0,"1","0",0.00210989,".",".",".",".",".",".",".","."
"397","Cichorium","Cichorium","Asteraceae","Asterales",0,0,"0.714285714","0",0.00210989,".","1","1","1",".",".",".","."
"398","Cicuta","Cicuta","Apiaceae","Apiales",0,0,"0.833333333","0",0.003968254,".","1","0.5","1",".",".",".","."
"399","Cinna","Cinna","Poaceae","Poales",0,0,"1","0",0.074314214,".",".",".",".",".",".",".","."
"400","Cinnamomum","Cinnamomum","Lauraceae","Laurales",0,0,"1","1",4e-04,".",".",".","1","2.477272727",".","0.6","."
"401","Circaea","Circaea","Onagraceae","Myrtales",20,0.5,"1","0",0.001538462,".","1","0.333333333","1",".",".",".","."
"402","Cirsium","Cirsium","Asteraceae","Asterales",0.245630609,0.178082192,"0.57615894","0",0.00210989,".","1","0.666666667","1",".",".","1.463684211","31.65784155"
"403","Cistanche","Cistanche","Orobanchaceae","Lamiales",0,0,"1","0",0,"1",".",".",".",".",".","9.435","0"
"404","Cistus","Cistus","Cistaceae","Malvales",15.78947368,1.421052632,"1","1",0.011428571,".",".",".","1",".",".","2.327058824","17.25777595"
"405","Citrullus","Citrullus","Cucurbitaceae","Cucurbitales",4.761904762,0.142857143,"0.285714286","0",0.024852071,"0",".",".",".",".",".","0.45","."
"406","Citrus","Citrus","Rutaceae","Sapindales",0,0,"1","1",0.001652893,".",".",".","1","4",".","0.454137931","14.961553"
"407","Cladanthus","Cladanthus","Asteraceae","Asterales",0,0,"0","0",0.00210989,".",".",".",".",".",".","3.8","."
"408","Cladium","Cladium","Cyperaceae","Poales",0,0,"1","0",0.00045977,".","1","0","0",".",".",".","."
"409","Clarkia","Clarkia","Onagraceae","Myrtales",0.769230769,0.15,"0","0",0.001538462,".",".",".",".",".","0.655666667","1.849166667","40.32936589"
"410","Claytonia","Claytonia","Montiaceae","Caryophyllales",1.13960114,0.148148148,"0.553571429","0",0,".","1","1","1",".",".","2.815","31.9014427"
"411","Cleistogenes","Cleistogenes","Poaceae","Poales",0,0,"1","0",0.074314214,".",".",".",".",".",".",".","."
"412","Clematis","Clematis","Ranunculaceae","Ranunculales",0,0,"1","0.814814815",0,"0","1","0.666666667","0.8",".",".","10.66818182","22.49928382"
"413","Cleome","Cleome","Cleomaceae","Brassicales",0,0,"0","0",0.006666667,"0.875",".",".","1","0",".","0.31","."
"414","Cleomella","Cleomella","Cleomaceae","Brassicales",0,0,"0","0",0.006666667,".",".",".",".",".",".",".","."
"415","Clermontia","Clermontia","Campanulaceae","Asterales",2.164502165,0.227272727,"1","1",0,".",".",".",".","2.923076923",".",".","."
"416","Clinopodium","Clinopodium","Lamiaceae","Lamiales",0,0,"0.8","0",0.004320557,"1","1","0.6","1","0.25",".","0.44","."
"417","Clintonia","Clintonia","Liliaceae","Liliales",0,0,"1","0",0,".",".",".",".",".",".","18.85","."
"418","Clypeola","Clypeola","Brassicaceae","Brassicales",0,0,"0","0",0.00485306,".",".",".","1",".",".",".","."
"419","Cnidium","Cnidium","Apiaceae","Apiales",0,0,"0.75","0",0.003968254,".","1","1","1",".",".",".","."
"420","Cochlearia","Cochlearia","Brassicaceae","Brassicales",1.960784314,0.166666667,"0.388888889","0",0.00485306,".","1","0.8","1",".",".","0.642222222","34.37332475"
"421","Coincya","Coincya","Brassicaceae","Brassicales",0,0,"0.25","0",0.00485306,".","1","1","1",".",".",".","."
"422","Colchicum","Colchicum","Colchicaceae","Liliales",0.790513834,0.086956522,"1","0",0,".","1","0.5","1",".",".","4.713636364","53.69759852"
"423","Coleostephus","Coleostephus","Asteraceae","Asterales",0,0,"0","0",0.00210989,".",".",".","1",".",".",".","."
"424","Collinsia","Collinsia","Plantaginaceae","Lamiales",1.754385965,0.157894737,"0","0",0.005925926,".",".",".",".",".","0.592666667","3.2","31.96066919"
"425","Collomia","Collomia","Polemoniaceae","Ericales",0,0,"0.214285714","0",0,".","1","1","1",".",".","2.08","."
"426","Colobanthus","Colobanthus","Caryophyllaceae","Caryophyllales",0,0,"1","0",0.001818182,".",".",".",".",".",".","0.7","."
"427","Colubrina","Colubrina","Rhamnaceae","Rosales",0,0,"1","1",0.004444444,".",".",".","1","3",".","0.93","."
"428","Colutea","Colutea","Fabaceae","Fabales",0,0,"1","1",0.096494845,".","1","1","1",".",".","0.65","."
"429","Comesperma","Comesperma","Polygalaceae","Fabales",0,0,"1","0.428571429",0.001913876,".",".",".",".",".",".",".","."
"430","Commelina","Commelina","Commelinaceae","Commelinales",0,0,"0.4375","0",0,"1",".",".","1",".",".","7.00125","33.06139589"
"431","Commersonia","Commersonia","Malvaceae","Malvales",0,0,"1","1",0.006153846,".",".",".",".",".",".",".","."
"432","Conopodium","Conopodium","Apiaceae","Apiales",0,0,".","0",0.003968254,".","1","1","1",".",".",".","."
"433","Conospermum","Conospermum","Proteaceae","Proteales",0,0,"1","1",0.000625,".",".",".",".",".",".",".","."
"434","Conringia","Conringia","Brassicaceae","Brassicales",0,0,"0","0",0.00485306,".","1","1","1",".",".","0.23","."
"435","Consolida","Symphytum","Ranunculaceae","Ranunculales",0,0,"0","0",0,".","1","1","1","4",".","5.665","50.70520024"
"436","Convolvulus","Convolvulus","Convolvulaceae","Solanales",0,0,"0.859375","0.058823529",0.044375,"0","1","0.5","1","1",".","1.202","26.91575983"
"437","Conyza","Erigeron","Asteraceae","Asterales",1.086956522,0.125,"0.045454545","0",0.00210989,"0",".",".","1",".",".",".","."
"438","Coprosma","Coprosma","Rubiaceae","Gentianales",3.03030303,0.318181818,"1","0.818181818",6e-04,".",".",".",".","1",".","1.33","5.31659234"
"439","Corallorhiza","Corallorhiza","Orchidaceae","Asparagales",0,0,"1","0",0,".",".",".","1",".",".",".","."
"440","Cordylanthus","Cordylanthus","Orobanchaceae","Lamiales",0,0,"0","0",0,".",".",".",".",".",".",".","."
"441","Coreopsis","Coreopsis","Asteraceae","Asterales",0,0,"0.552631579","0.035714286",0.00210989,".",".",".",".",".",".","2.025","33.17291072"
"442","Coris","Coris","Primulaceae","Ericales",0,0,"0.5","0",0,".",".",".","1",".",".",".","."
"443","Corispermum","Corispermum","Amaranthaceae","Caryophyllales",0,0,"0","0",0.041463415,".","1","1","1",".",".",".","."
"444","Cornus","Cornus","Cornaceae","Cornales",1.322751323,0.178571429,"0.964285714","0.75",0,".","1","0.6","1","2",".","1.83","74.29835431"
"445","Coronilla","Coronilla","Fabaceae","Fabales",0,0,"0.583333333","0.333333333",0.096494845,".","1","1","1",".",".",".","."
"446","Coronopus","Plantago","Brassicaceae","Brassicales",0,0,"0.136363636","0",0.00485306,".",".",".",".",".",".",".","."
"447","Correa","Correa","Rutaceae","Sapindales",33.33333333,0.833333333,"1","1",0.001652893,".",".",".",".",".",".","1.33","."
"448","Corrigiola","Corrigiola","Molluginaceae","Caryophyllales",0,0,"0.5","0",0.022988506,".","1","1","1",".",".","0.49","."
"449","Cortaderia","Cortaderia","Poaceae","Poales",0,0,"1","0",0.074314214,".",".",".","0",".",".","3.885","14.09621067"
"450","Corybas","Corybas","Orchidaceae","Asparagales",0,0,"1","0",0,".",".",".",".",".",".",".","."
"451","Corydalis","Corydalis","Papaveraceae","Ranunculales",0,0,"0.573029198","0",0,".","1","1","1",".",".","0.7175","22.68468409"
"452","Corylus","Corylus","Betulaceae","Fagales",2.222222222,0.1,"1","1",0.054545455,".","1","1","0","1.5",".","0.45","0"
"453","Corynephorus","Corynephorus","Poaceae","Poales",0,0,"0.25","0",0.074314214,".","1","1","0",".",".","1.13","."
"454","Coryphantha","Coryphantha","Cactaceae","Caryophyllales",0,0,"1","0.666666667",0,".",".",".",".","2.8",".",".","."
"455","Cosmos","Cosmos","Asteraceae","Asterales",0,0,"0","0",0.00210989,"0","1","1","1",".",".","3.963333333","76.01711185"
"456","Cotoneaster","Cotoneaster","Rosaceae","Rosales",0.150557061,0.06097561,"1","1",0.001060071,".","0.5","0.6875","1","0.333333333",".","1.211666667","21.71311737"
"457","Cotula","Cotula","Asteraceae","Asterales",0,0,"0.423076923","0",0.00210989,".","1","1","1","2",".","2.03","."
"458","Crambe","Crambe","Brassicaceae","Brassicales",0,0,"0.9","0",0.00485306,".","1","1","1",".",".","1.825","84.38338374"
"459","Craspedia","Craspedia","Asteraceae","Asterales",4.545454545,0.25,"0.5","0",0.00210989,".",".",".",".",".",".",".","."
"460","Crassula","Crassula","Crassulaceae","Saxifragales",0,0,"0.296296296","0.111111111",0,"0","1","0.333333333","0.666666667","0",".",".","."
"461","Crataegus","Crataegus","Rosaceae","Rosales",0.737704918,0.221311475,"1","1",0.001060071,".","1","1","1","2",".","1.198","24.88391901"
"462","Crepidomanes","Trichomanes","Hymenophyllaceae","Monilophyta",0,0,"1","0",0,".",".",".",".",".",".",".","."
"463","Crepis","Crepis","Asteraceae","Asterales",0.101405186,0.059322034,"0.612279226","0",0.00210989,"0","1","0.861111111","0.977272727",".","0.911","4.19043956","53.11960139"
"464","Critesion","Hordeum","Poaceae","Poales",0,0,"0.25","0",0.074314214,".",".",".",".",".",".",".","."
"465","Crocosmia","Crocosmia","Iridaceae","Asparagales",0,0,"1","0",0,".",".",".","1",".",".","1.04","11.16689389"
"466","Crocus","Crocus","Iridaceae","Asparagales",0.269360269,0.072727273,"1","0",0,".","1","0.75","1",".",".","5.660909091","52.33293524"
"467","Crossosoma","Crossosoma","Crossosomataceae","Crossosomatales",0,0,"1","1",0,".",".",".",".",".",".",".","."
"468","Crotalaria","Crotalaria","Fabaceae","Fabales",0,0,"0.545454545","0.181818182",0.096494845,"1",".",".","1","1.583333333",".","1.16","16.26738833"
"469","Croton","Croton","Euphorbiaceae","Malpighiales",0,0,"0.333333333","0.133333333",0.01239531,"0",".",".","1","2.066666667",".",".","."
"470","Crucianella","Crucianella","Rubiaceae","Gentianales",0,0,"0.125","0.125",6e-04,".",".",".","1",".",".",".","."
"471","Cruciata","Cruciata","Rubiaceae","Gentianales",0,0,"0.8","0",6e-04,".","1","0.666666667","1",".",".","0.71","0"
"472","Crupina","Crupina","Asteraceae","Asterales",0,0,"0","0",0.00210989,".",".",".","1",".",".",".","."
"473","Crypsis","Sporobolus","Poaceae","Poales",0,0,"0","0",0.074314214,".",".",".",".",".",".",".","."
"474","Cryptandra","Cryptandra","Rhamnaceae","Rosales",0,0,"1","0.75",0.004444444,".",".",".",".",".",".",".","."
"475","Cryptantha","Cryptantha","Boraginaceae","Boraginales",0.012498438,0.007874016,"0.383064516","0.003937008",0.001824818,".",".",".",".",".",".",".","."
"476","Cryptogramma","Cryptogramma","Pteridaceae","Monilophyta",0,0,"1","0",0,".","1","1",".",".",".",".","."
"477","Cryptostylis","Cryptostylis","Orchidaceae","Asparagales",0,0,"1","0",0,".",".",".",".",".",".",".","."
"478","Ctenitis","Ctenitis","Dryopteridaceae","Monilophyta",0,0,"1","0",0,".",".",".",".","4",".",".","."
"479","Ctenopsis","Festuca","Poaceae","Poales",0,0,"0","0",0.074314214,".",".",".",".",".",".",".","."
"480","Cucumis","Cucumis","Cucurbitaceae","Cucurbitales",0,0,"0","0",0.024852071,"0",".",".",".",".",".","0.965333333","25.33907028"
"481","Cucurbita","Cucurbita","Cucurbitaceae","Cucurbitales",0,0,"0.333333333","0",0.024852071,".",".",".",".","2","0.498","0.524782609","37.23273074"
"482","Cullen","Cullen","Fabaceae","Fabales",0,0,"0.9375","0.125",0.096494845,".",".",".",".",".",".",".","."
"483","Cuphea","Cuphea","Lythraceae","Myrtales",0,0,"0.5","0.2",0,"0",".",".","1",".","0.684",".","."
"484","Cupressus","Cupressus","Cupressaceae","Pinophyta",0,0,"1","1",0.007142857,".",".",".","0.5","1.3125",".","11.75333333","6.752938703"
"485","Cuscuta","Cuscuta","Convolvulaceae","Solanales",0,0,"0.256756757","0",0.044375,"0","1","1","1","3",".","6.981666667","128.0326503"
"486","Cusickiella","Cusickiella","Brassicaceae","Brassicales",0,0,"1","0",0.00485306,".",".",".",".",".",".",".","."
"487","Cutandia","Cutandia","Poaceae","Poales",0,0,"0","0",0.074314214,".",".",".",".",".",".",".","."
"488","Cyanea","Cyanea","Campanulaceae","Asterales",0.226244344,0.057692308,"1","1",0,".",".",".",".","3.941176471",".",".","."
"489","Cyathea","Cyathea","Cyatheaceae","Monilophyta",33.33333333,0.333333333,"1","1",0,".",".",".",".","2.071428571",".","7.35","."
"490","Cyclamen","Cyclamen","Primulaceae","Ericales",0,0,"1","0",0,".","1","1","1",".",".","4.982727273","75.66306623"
"491","Cylindropuntia","Cylindropuntia","Cactaceae","Caryophyllales",30,0.6,"1","1",0,".",".",".",".",".",".",".","."
"492","Cymbalaria","Cymbalaria","Plantaginaceae","Lamiales",0,0,"1","0",0.005925926,".","1","0.5","1",".",".","0.49","."
"493","Cymbonotus","Cymbonotus","Asteraceae","Asterales",0,0,".","0",0.00210989,".",".",".",".",".",".",".","."
"494","Cymbopogon","Cymbopogon","Poaceae","Poales",0,0,"1","0",0.074314214,".",".",".","0",".",".",".","."
"495","Cymopterus","Cymopterus","Apiaceae","Apiales",0,0,"1","0",0.003968254,".",".",".",".",".",".",".","."
"496","Cynanchum","Cynanchum","Apocynaceae","Gentianales",0,0,"1","1",0.000658617,"0",".",".","1","2.6",".",".","."
"497","Cynara","Cynara","Asteraceae","Asterales",0,0,"1","0",0.00210989,".",".",".",".",".",".","1.1","."
"498","Cynodon","Cynodon","Poaceae","Poales",0,0,"1","0",0.074314214,".","1","0","0",".",".","0.91","31.49458985"
"499","Cynoglossum","Cynoglossum","Boraginaceae","Boraginales",0.333333333,0.04,"0.35","0",0.001824818,"0","1","1","1",".","0.678",".","."
"500","Cynosurus","Cynosurus","Poaceae","Poales",0,0,"0.416666667","0",0.074314214,".","1","0.75","0",".","0.96","2.925","0"
"501","Cyperus","Cyperus","Cyperaceae","Poales",0,0,"0.619499569","0",0.00045977,"0.5","1","0.7","0","3.333333333","0.019","0.736","52.66238446"
"502","Cyphanthera","Cyphanthera","Solanaceae","Solanales",33.33333333,0.333333333,"1","1",0.089837398,".",".",".",".",".",".",".","."
"503","Cypripedium","Cypripedium","Orchidaceae","Asparagales",0.735294118,0.058823529,"1","0",0,".","1","0.5","1","3.454545455",".","29.856","34.4534199"
"504","Cyrtandra","Cyrtandra","Gesneriaceae","Lamiales",4.862119013,1.264150943,"1","0.981132075",0,".",".",".",".","2.346153846",".",".","."
"505","Cyrtomium","Cyrtomium","Dryopteridaceae","Monilophyta",0,0,"1","0",0,".",".",".",".","2.5",".",".","."
"506","Cyrtostylis","Cyrtostylis","Orchidaceae","Asparagales",0,0,"1","0",0,".",".",".",".",".",".",".","."
"507","Cytinus","Cytinus","Cytinaceae","Malvales",0,0,"1","0",0,"0",".",".","1",".",".",".","."
"508","Cytisus","Cytisus","Fabaceae","Fabales",0.189393939,0.03030303,"1","1",0.096494845,".","1","1","1",".",".","1.465833333","48.01164446"
"509","Daboecia","Daboecia","Ericaceae","Ericales",0,0,"1","1",0,".",".","0.5","1",".",".",".","."
"510","Dactylis","Dactylis","Poaceae","Poales",0,0,"1","0",0.074314214,".","1","1","0.5",".",".","4.002222222","0"
"511","Dactylorhiza","Dactylorhiza","Orchidaceae","Asparagales",14.76190476,1.476190476,"1","0",0,".","1","1","1",".",".","5.158","35.90782873"
"512","Dalea","Dalea","Fabaceae","Fabales",0,0,"0.891304348","0.304347826",0.096494845,".",".",".",".","1.833333333",".",".","."
"513","Dampiera","Dampiera","Goodeniaceae","Asterales",0,0,"1","0.25",0,".",".",".",".",".",".",".","."
"514","Danthonia","Danthonia","Poaceae","Poales",0.793650794,0.138888889,"1","0",0.074314214,".","1","0.5","0","2",".","2.95","."
"515","Daphne","Daphne","Thymelaeaceae","Malvales",1.169590643,0.105263158,"1","1",0.001324503,".","1","0.875","1",".","0.348","3.115","23.13995923"
"516","Darwinia","Darwinia","Myrtaceae","Myrtales",0,0,"1","1",0.003243243,".",".",".",".",".",".",".","."
"517","Dasypyrum","Dasypyrum","Poaceae","Poales",0,0,"0.5","0",0.074314214,".",".",".",".",".",".","7.012857143","21.92666174"
"518","Datura","Datura","Solanaceae","Solanales",0.432900433,0.045454545,"0.113636364","0",0.089837398,"0","1","1","1",".","0.155","2.121428571","9.051222069"
"519","Daucus","Daucus","Apiaceae","Apiales",0,0,"0.166666667","0",0.003968254,".","1","1","1",".","0.963","2.138666667","54.59494787"
"520","Daviesia","Daviesia","Fabaceae","Fabales",7.692307692,0.461538462,"1","1",0.096494845,".",".",".",".",".","0.88",".","."
"521","Delissea","Delissea","Campanulaceae","Asterales",0,0,"1","1",0,".",".",".",".",".",".",".","."
"522","Delphinium","Delphinium","Ranunculaceae","Ranunculales",0.910973085,0.314285714,"0.828571429","0",0,"1","1","0.5","1","4","0.74",".","."
"523","Dendranthema","Chrysanthemum","Asteraceae","Asterales",0,0,"1","0",0.00210989,".",".",".",".",".",".","7.89","."
"524","Dendrobium","Dendrobium","Orchidaceae","Asparagales",0,0,"1","0",0,".",".",".",".","3.166666667",".","1.58212766","56.38293945"
"525","Dendromecon","Dendromecon","Papaveraceae","Ranunculales",0,0,"1","1",0,".",".",".",".",".",".",".","."
"526","Derwentia","Veronica","Scrophulariaceae","Lamiales",0,0,"1","0.666666667",0.001764706,".",".",".",".",".",".",".","."
"527","Deschampsia","Deschampsia","Poaceae","Poales",0,0,"0.888888889","0",0.074314214,".","1","0.75","0","2","0.92","5.56625","22.60135038"
"528","Descurainia","Descurainia","Brassicaceae","Brassicales",0,0,"0","0",0.00485306,".","1","1","1",".",".","0.217142857","7.141517319"
"529","Desmanthus","Desmanthus","Fabaceae","Fabales",0,0,"1","0",0.096494845,".",".",".",".",".",".",".","."
"530","Desmazeria","Desmazeria","Poaceae","Poales",0,0,"0","0",0.074314214,".",".",".",".",".",".","3.2","."
"531","Desmodium","Desmodium","Fabaceae","Fabales",0.128205128,0.025,"1","0.0625",0.096494845,"1",".",".","1",".",".",".","."
"532","Deyeuxia","Calamagrostis","Poaceae","Poales",0,0,"0.95","0",0.074314214,".",".",".",".",".",".","7.375","6.282485876"
"533","Dianella","Dianella","Xanthorrhoeaceae","Asparagales",0,0,"1","0",0,".",".",".","1",".",".",".","."
"534","Dianthus","Dianthus","Caryophyllaceae","Caryophyllales",0.041109969,0.028571429,"0.931654676","0.042857143",0.001818182,"0","1","0.818181818","1",".","0.885","0.796","37.09329083"
"535","Dicentra","Dicentra","Papaveraceae","Ranunculales",0,0,"1","0",0,".",".",".",".",".",".",".","."
"536","Dichanthelium","Dichanthelium","Poaceae","Poales",0,0,"1","0",0.074314214,".",".",".",".",".",".",".","."
"537","Dichanthium","Dichanthium","Poaceae","Poales",0,0,"1","0",0.074314214,".",".",".","0",".",".",".","."
"538","Dichelachne","Dichelachne","Poaceae","Poales",0,0,"1","0",0.074314214,".",".",".",".",".",".","8.4125","3.646284098"
"539","Dichelostemma","Dichelostemma","Asparagaceae","Asparagales",20,0.4,"1","0",0,".",".",".",".",".",".","18.15","."
"540","Dichondra","Dichondra","Convolvulaceae","Solanales",0,0,"1","0",0.044375,".",".",".",".",".",".",".","."
"541","Diellia","Asplenium","Aspleniaceae","Monilophyta",6.666666667,0.166666667,"1","0",0,".",".",".",".",".",".",".","."
"542","Digitalis","Digitalis","Plantaginaceae","Lamiales",1.307189542,0.111111111,"0.714285714","0.055555556",0.005925926,".","1","0.875","1",".",".","1.1525","7.263842866"
"543","Digitaria","Digitaria","Poaceae","Poales",0.189393939,0.03030303,"0.227272727","0",0.074314214,"1","1","1","0",".",".","1.194","38.61527611"
"544","Dillwynia","Dillwynia","Fabaceae","Fabales",0,0,"1","1",0.096494845,".",".",".",".",".",".",".","."
"545","Diodia","Diodia","Rubiaceae","Gentianales",0,0,".","0",6e-04,".",".",".","1",".",".",".","."
"546","Dioscorea","Dioscorea","Dioscoreaceae","Dioscoreales",0,0,"1","0",0.009195402,"0.25","1","1","1","1.7",".","1.0425","112.7587784"
"547","Diospyros","Diospyros","Ebenaceae","Ericales",100,0.5,"1","1",0,"0",".",".","1","1.984848485",".","1.948","37.15902058"
"548","Dipcadi","Dipcadi","Asparagaceae","Asparagales",0,0,"1","0",0,"0",".",".",".","1",".","3.21","."
"549","Diphasiastrum","Lycopodium","Lycopodiaceae","Lycophyta",20,0.5,"1","0",0,".","1","0.5",".",".",".","2.827142857","14.59419401"
"550","Diphasium","Lycopodium","Lycopodiaceae","Lycophyta",16.66666667,0.25,"1","0",0,".",".",".",".",".",".",".","."
"551","Diplachne","Diplachne","Poaceae","Poales",0,0,"1","0",0.074314214,".",".",".",".",".",".",".","."
"552","Diplotaxis","Diplotaxis","Brassicaceae","Brassicales",0,0,"0.35978836","0",0.00485306,".","1","1","1","4",".","0.58","2.815505451"
"553","Dipodium","Dipodium","Orchidaceae","Asparagales",0,0,"1","0",0,".",".",".",".",".",".",".","."
"554","Dipsacus","Dipsacus","Caprifoliaceae","Dipsacales",1.169590643,0.105263158,"0","0",0,".","1","1","1","2",".","3.912","23.0581949"
"555","Discaria","Discaria","Rhamnaceae","Rosales",0,0,"1","1",0.004444444,".",".",".",".",".",".",".","."
"556","Disporum","Disporum","Colchicaceae","Liliales",0,0,"1","0",0,".",".",".",".",".",".","21.81","20.81442244"
"557","Dissocarpus","Dissocarpus","Amaranthaceae","Caryophyllales",0,0,"1","0.5",0.041463415,".",".",".","0",".",".",".","."
"558","Ditaxis","Ditaxis","Euphorbiaceae","Malpighiales",0,0,"0.6","0.2",0.01239531,".",".",".",".","4",".",".","."
"559","Dithyrea","Dithyrea","Brassicaceae","Brassicales",0,0,"0.5","0",0.00485306,".",".",".",".",".",".",".","."
"560","Dittrichia","Dittrichia","Asteraceae","Asterales",0,0,"0.5","0.25",0.00210989,".","1","1","1",".",".",".","."
"561","Diuris","Diuris","Orchidaceae","Asparagales",27.77777778,1.111111111,"1","0",0,".",".",".",".",".",".",".","."
"562","Dodecatheon","Primula","Primulaceae","Ericales",0,0,"1","0",0,".",".",".",".",".",".","2.79","."
"563","Dodonaea","Dodonaea","Sapindaceae","Sapindales",2.222222222,0.1,"1","1",0.001265823,"0",".",".","0",".",".","0.665","3.50877193"
"564","Doodia","Blechnum","Blechnaceae","Monilophyta",0,0,"1","0",0,".",".",".",".",".",".",".","."
"565","Doronicum","Doronicum","Asteraceae","Asterales",1.904761905,0.133333333,"1","0",0.00210989,".","1","0.5","1",".",".","3.84","."
"566","Dorycnium","Lotus","Fabaceae","Fabales",0,0,"1","0.5",0.096494845,".","1","1","1",".",".","1.075","5.919963749"
"567","Doryopteris","Hemionitis","Pteridaceae","Monilophyta",16.66666667,0.25,"1","0",0,".",".",".",".",".",".",".","."
"568","Downingia","Downingia","Campanulaceae","Asterales",0.653594771,0.055555556,"0","0",0,".",".",".",".",".",".",".","."
"569","Draba","Draba","Brassicaceae","Brassicales",0.058412698,0.036507937,"0.761279737","0",0.00485306,".","1","1","0.888888889","2.3",".","0.382","49.45892532"
"570","Dracocephalum","Dracocephalum","Lamiaceae","Lamiales",0,0,"0.428571429","0",0.004320557,".","1","0.5","1",".",".",".","."
"571","Dracunculus","Dracunculus","Araceae","Alismatales",0,0,"1","0",0.000248447,".",".",".",".",".",".","5.23","22.86540951"
"572","Drosera","Drosera","Droseraceae","Caryophyllales",1,0.12,"0.941176471","0",0,"0","1","0.5","0.944444444",".",".","0.665","37.86369417"
"573","Dryopteris","Dryopteris","Dryopteridaceae","Monilophyta",0.92506938,0.212765957,"1","0",0,".","0.818181818","0.545454545","0","2.75",".","11.88181818","48.79546911"
"574","Dubautia","Dubautia","Asteraceae","Asterales",11.9047619,1.19047619,"1","1",0.00210989,".",".",".",".","2.666666667",".",".","."
"575","Dudleya","Dudleya","Crassulaceae","Saxifragales",0,0,"1","0",0,".",".",".",".",".",".",".","."
"576","Dupontia","Dupontia","Poaceae","Poales",0,0,"1","0",0.074314214,".",".",".",".",".",".",".","."
"577","Dysphania","Dysphania","Amaranthaceae","Caryophyllales",0,0,"0.125","0",0.041463415,".","1","1","0.25",".",".","0.37","."
"578","Dyssodia","Dyssodia","Asteraceae","Asterales",0,0,"0.625","0",0.00210989,".",".",".",".",".",".",".","."
"579","Ebenus","Ebenus","Fabaceae","Fabales",0,0,"1","0.5",0.096494845,".",".",".",".",".",".",".","."
"580","Echinacea","Echinacea","Asteraceae","Asterales",0,0,"1","0",0.00210989,".",".",".",".",".","0.862",".","."
"581","Echinocereus","Echinocereus","Cactaceae","Caryophyllales",0,0,"1","0.5",0,".",".",".",".","3",".",".","."
"582","Echinochloa","Echinochloa","Poaceae","Poales",0,0,"0","0",0.074314214,"1","1","1","0.166666667",".",".","1.3825","5.70695618"
"583","Echinodorus","Echinodorus","Alismataceae","Alismatales",0,0,"0.666666667","0",0,".",".",".",".","2",".","13.305","9.775820389"
"584","Echinomastus","Sclerocactus","Cactaceae","Caryophyllales",0,0,"1","1",0,".",".",".",".",".",".",".","."
"585","Echinophora","Echinophora","Apiaceae","Apiales",0,0,"1","0",0.003968254,".",".",".",".",".",".",".","."
"586","Echinopogon","Echinopogon","Poaceae","Poales",0,0,"1","0",0.074314214,".",".",".",".",".",".","5.43","."
"587","Echinops","Echinops","Asteraceae","Asterales",1.904761905,0.133333333,"0.9","0",0.00210989,"0","1","1","1",".",".","3.561666667","23.50339108"
"588","Echinospartum","Echinospartum","Fabaceae","Fabales",0,0,"1","1",0.096494845,".",".",".",".",".",".",".","."
"589","Echium","Echium","Boraginaceae","Boraginales",0,0,"0.25862069","0.090909091",0.001824818,".","1","1","1","3.25","0.8805","0.466923077","10.89890946"
"590","Edraianthus","Edraianthus","Campanulaceae","Asterales",0,0,"1","0",0,".",".",".",".",".",".","1.6475","9.179928661"
"591","Ehrharta","Ehrharta","Poaceae","Poales",0,0,"0.833333333","0",0.074314214,".",".",".",".",".",".","1.418","21.59368583"
"592","Eichhornia","Pontederia","Pontederiaceae","Commelinales",0,0,"1","0",0.03030303,"0",".",".",".",".","0.59","1.27","0"
"593","Einadia","Einadia","Amaranthaceae","Caryophyllales",0,0,"1","0",0.041463415,".",".",".","0",".",".","1.01","."
"594","Elachanthus","Elachanthus","Asteraceae","Asterales",0,0,"0","0",0.00210989,".",".",".",".",".",".",".","."
"595","Elaeagnus","Elaeagnus","Elaeagnaceae","Rosales",0,0,"1","1",0,".","1","0.5","0.666666667","2",".","0.58","."
"596","Elaeocarpus","Elaeocarpus","Elaeocarpaceae","Oxalidales",0,0,"1","1",0,".",".",".","1","1.985294118",".",".","."
"597","Elaeoselinum","Thapsia","Apiaceae","Apiales",0,0,"1","0",0.003968254,".",".",".",".",".",".",".","."
"598","Elaphoglossum","Elaphoglossum","Dryopteridaceae","Monilophyta",5.555555556,0.222222222,"1","0",0,".",".",".",".","3.128571429",".",".","."
"599","Elatine","Elatine","Elatinaceae","Malpighiales",0,0,"0.204545455","0",0,".","1","0.5","1",".",".",".","."
"600","Eleocharis","Eleocharis","Cyperaceae","Poales",0.057110223,0.029126214,"0.798701299","0",0.00045977,".","1","0.5625","0",".",".","3.01","75.71628739"
"601","Elephantopus","Elephantopus","Asteraceae","Asterales",0,0,"1","0",0.00210989,"0",".",".","1",".",".",".","."
"602","Eleusine","Eleusine","Poaceae","Poales",0,0,"0.444444444","0",0.074314214,".","1","1","0",".",".","1.974615385","31.06946573"
"603","Elodea","Elodea","Hydrocharitaceae","Alismatales",0,0,"1","0",0,".","1","0","0",".",".","4.59","0"
"604","Elymus","Elymus","Poaceae","Poales",1.797814208,0.539344262,"1","0",0.074314214,".","1","0.571428571","0",".","0.069","10.6325","32.0751238"
"605","Elytrigia","Elymus","Poaceae","Poales",3.846153846,0.25,"1","0",0.074314214,".","1","0.5","0",".",".",".","."
"606","Emex","Emex","Polygonaceae","Caryophyllales",16.66666667,0.25,"0","0",0.002727273,".",".",".",".",".",".",".","."
"607","Emilia","Emilia","Asteraceae","Asterales",33.33333333,0.333333333,".","0",0.00210989,"0",".",".","1",".",".","3.58","."
"608","Empetrum","Empetrum","Ericaceae","Ericales",0,0,"1","1",0,".","1","0.5","0.5",".",".","0.965","0"
"609","Enarthrocarpus","Enarthrocarpus","Brassicaceae","Brassicales",0,0,"0","0",0.00485306,".",".",".",".",".",".",".","."
"610","Encelia","Encelia","Asteraceae","Asterales",26.19047619,0.785714286,"1","1",0.00210989,".",".",".",".",".",".","1.57","."
"611","Enceliopsis","Enceliopsis","Asteraceae","Asterales",0,0,"1","0",0.00210989,".",".",".",".",".",".",".","."
"612","Endressia","Endressia","Apiaceae","Apiales",0,0,"1","0",0.003968254,".",".",".",".",".",".",".","."
"613","Enneapogon","Enneapogon","Poaceae","Poales",0,0,"0.833333333","0",0.074314214,".",".",".","0",".",".",".","."
"614","Entolasia","Entolasia","Poaceae","Poales",0,0,"1","0",0.074314214,".",".",".",".",".",".",".","."
"615","Epacris","Epacris","Ericaceae","Ericales",0,0,"1","1",0,".",".",".",".",".",".",".","."
"616","Ephedra","Ephedra","Ephedraceae","Gnetophyta",0.735294118,0.058823529,"1","1",0,".",".",".","0",".",".","16.137","17.10015267"
"617","Epilobium","Epilobium","Onagraceae","Myrtales",0.834575261,0.504918033,"0.87295082","0.020491803",0.001538462,"0","1","0.575","0.95",".","0.395","0.403333333","35.75753331"
"618","Epimedium","Epimedium","Berberidaceae","Ranunculales",0,0,".","0",0,".","1",".","1","2",".","4.1","."
"619","Epipactis","Epipactis","Orchidaceae","Asparagales",1.307189542,0.111111111,"1","0",0,".","1","0.5","1",".",".",".","."
"620","Equisetum","Equisetum","Equisetaceae","Monilophyta",2.70531401,0.608695652,"1","0",0,".","1","0.5","0.5",".",".","20.9847619","31.2741865"
"621","Eragrostis","Eragrostis","Poaceae","Poales",0,0,"0.454545455","0",0.074314214,"1","0.416666667","1","0","0",".","0.715","0"
"622","Erechtites","Erechtites","Asteraceae","Asterales",0,0,"0","0",0.00210989,".","1","1","1",".",".","5.376666667","14.06687265"
"623","Eremalche","Eremalche","Malvaceae","Malvales",0,0,"0","0",0.006153846,".",".",".",".",".",".",".","."
"624","Eremochloa","Eremochloa","Poaceae","Poales",0,0,"1","0",0.074314214,".",".",".",".",".",".","0.83","."
"625","Eremogone","Eremogone","Caryophyllaceae","Caryophyllales",0,0,"1","0",0.001818182,".",".",".",".",".",".",".","."
"626","Eremophila","Eremophila","Scrophulariaceae","Lamiales",0,0,"1","1",0.001764706,".",".",".","1",".",".",".","."
"627","Eremopyrum","Eremopyrum","Poaceae","Poales",0,0,"0","0",0.074314214,".",".",".",".",".",".","5.5","."
"628","Eremurus","Eremurus","Xanthorrhoeaceae","Asparagales",0,0,"1","0",0,".",".",".",".",".",".",".","."
"629","Erianthus","Erianthus","Poaceae","Poales",0,0,"1","0",0.074314214,".",".",".",".",".",".",".","."
"630","Eriastrum","Eriastrum","Polemoniaceae","Ericales",0,0,"0.0625","0",0,".",".",".",".",".",".",".","."
"631","Erica","Erica","Ericaceae","Ericales",1.411290323,0.21875,"1","1",0,"0","1","0.333333333","0.972222222",".",".","0.67","."
"632","Ericameria","Ericameria","Asteraceae","Asterales",1.307189542,0.111111111,"1","1",0.00210989,".",".",".",".",".",".",".","."
"633","Erigeron","Erigeron","Asteraceae","Asterales",0.073664825,0.066298343,"0.860424028","0",0.00210989,"0","0.909090909","0.727272727","1","3",".","1.39","62.66843666"
"634","Eriocaulon","Eriocaulon","Eriocaulaceae","Poales",0,0,"0.666666667","0",0,"0.5",".",".","0","2",".","4.19","."
"635","Eriochlamys","Eriochlamys","Asteraceae","Asterales",0,0,"0","0",0.00210989,".",".",".",".",".",".",".","."
"636","Eriochloa","Eriochloa","Poaceae","Poales",0,0,"0","0",0.074314214,".",".",".","0",".",".",".","."
"637","Eriodictyon","Eriodictyon","Boraginaceae","Boraginales",0,0,"1","1",0.001824818,".",".",".",".",".",".",".","."
"638","Eriogonum","Eriogonum","Polygonaceae","Caryophyllales",0.016457654,0.020242915,"0.613360324","0.089068826",0.002727273,".",".",".",".",".","0.8",".","."
"639","Erioneuron","Erioneuron","Poaceae","Poales",0,0,"1","0",0.074314214,".",".",".",".",".",".",".","."
"640","Eriophorum","Eriophorum","Cyperaceae","Poales",0.307692308,0.038461538,"1","0",0.00045977,".","1","0.4","0",".",".","0.52","21.65063509"
"641","Eriophyllum","Eriophyllum","Asteraceae","Asterales",0.833333333,0.0625,"0.388888889","0.333333333",0.00210989,".","1","1","1",".",".",".","."
"642","Eriostemon","Eriostemon","Rutaceae","Sapindales",0,0,"1","1",0.001652893,".",".",".",".",".",".",".","."
"643","Eritrichium","Eritrichium","Boraginaceae","Boraginales",0,0,"1","0",0.001824818,".",".",".",".",".",".",".","."
"644","Erodium","Erodium","Geraniaceae","Geraniales",0.039123631,0.013888889,"0.47133758","0",0,".","1","1","1",".",".",".","."
"645","Erophila","Draba","Brassicaceae","Brassicales",0,0,"0","0",0.00485306,".","1","1","1",".",".","0.4","."
"646","Erucastrum","Erucastrum","Brassicaceae","Brassicales",0,0,"0.7","0",0.00485306,".","1","1","1","0",".","1.04","."
"647","Eryngium","Eryngium","Apiaceae","Apiales",0.235294118,0.058823529,"0.704819277","0.058823529",0.003968254,".","1","1","0.984848485",".","0.887","1.65","64.4963535"
"648","Erysimum","Erysimum","Brassicaceae","Brassicales",0.054644809,0.016393443,"0.427419355","0.024590164",0.00485306,".","1","1","1","4",".","0.524285714","40.95057527"
"649","Erythronium","Erythronium","Liliaceae","Liliales",0,0,"1","0",0,".",".",".",".",".","0.82","31.31285714","13.47495133"
"650","Escallonia","Escallonia","Escalloniaceae","Escalloniales",0,0,"1","1",0,".",".","1","1",".",".","2.38","137.2175248"
"651","Eschscholzia","Eschscholzia","Papaveraceae","Ranunculales",0,0,"0.107142857","0",0,".","1","1","1",".",".","1.13","."
"652","Eucalyptus","Eucalyptus","Myrtaceae","Myrtales",0.037789325,0.02739726,"1","1",0.003243243,"0",".",".","1","3.5","0.75925","0.6325","7.410057024"
"653","Euchiton","Euchiton","Asteraceae","Asterales",0,0,"0.777777778","0",0.00210989,".",".",".",".",".",".",".","."
"654","Eucnide","Eucnide","Loasaceae","Cornales",0,0,"0.5","0.5",0,".",".",".",".",".",".","0.6","."
"655","Eucrypta","Eucrypta","Boraginaceae","Boraginales",0,0,"0","0",0.001824818,".",".",".",".",".",".",".","."
"656","Eugenia","Eugenia","Myrtaceae","Myrtales",33.33333333,0.333333333,"1","1",0.003243243,".",".",".","1","1.993288591","0.835","0.267142857","13.61975151"
"657","Eulalia","Eulalia","Poaceae","Poales",0,0,"0","0",0.074314214,".",".",".","0",".",".",".","."
"658","Euonymus","Euonymus","Celastraceae","Celastrales",0,0,"1","1",0,".","1","1","1","1.59375",".","0.64","66.29126074"
"659","Eupatorium","Eupatorium","Asteraceae","Asterales",0,0,"1","0",0.00210989,".","1","0.5","1",".",".","2.52","0"
"660","Euphorbia","Euphorbia","Euphorbiaceae","Malpighiales",0.023912004,0.024390244,"0.599489796","0.043902439",0.01239531,"0","0.961538462","0.821428571","1","2.062111801",".","5.867","94.27994642"
"661","Euphrasia","Euphrasia","Orobanchaceae","Lamiales",3.178400547,1.207792208,"0.075","0",0,".","1","1","1",".",".","2.73","."
"662","Eutaxia","Eutaxia","Fabaceae","Fabales",100,0.5,"1","1",0.096494845,".",".",".",".",".",".","1.62","."
"663","Euthamia","Euthamia","Asteraceae","Asterales",0,0,"1","0",0.00210989,".","1","0.5","1",".",".",".","."
"664","Evax","Filago","Asteraceae","Asterales",0,0,"0","0",0.00210989,".",".",".",".",".",".",".","."
"665","Evonymus","Euonymus","Celastraceae","Celastrales",0,0,"1","1",0,".",".",".",".",".",".",".","."
"666","Exocarpos","Exocarpos","Santalaceae","Santalales",0,0,"1","0.888888889",0.002139037,".",".",".","0","3",".",".","."
"667","Fagopyrum","Fagopyrum","Polygonaceae","Caryophyllales",0,0,"0.166666667","0",0.002727273,".","1","1","1",".",".","1.44","."
"668","Fagus","Fagus","Fagaceae","Fagales",0,0,"1","1",0.001492537,".","1","1","0","2","1.015","0.595714286","4.124072787"
"669","Fallopia","Fallopia","Polygonaceae","Caryophyllales",9.523809524,0.285714286,"0.571428571","0.142857143",0.002727273,".","1","0.833333333","0.833333333",".",".","1.7875","60.87903891"
"670","Ferocactus","Ferocactus","Cactaceae","Caryophyllales",0,0,"1","1",0,".",".",".",".",".",".","1.4","."
"671","Ferula","Ferula","Apiaceae","Apiales",0,0,"1","0",0.003968254,".",".",".",".",".",".","1.896666667","25.7220199"
"672","Ferulago","Ferulago","Apiaceae","Apiales",0,0,"1","0",0.003968254,".",".",".",".",".",".",".","."
"673","Festuca","Festuca","Poaceae","Poales",0.051848673,0.061181435,"0.995780591","0",0.074314214,".","1","0.838709677","0","1","0.001","5.66075","42.20050435"
"674","Festucopsis","Festucopsis","Poaceae","Poales",0,0,"1","0",0.074314214,".",".",".",".",".",".",".","."
"675","Fibigia","Fibigia","Brassicaceae","Brassicales",0,0,"1","0",0.00485306,".",".",".",".",".",".","1.28","2.066993212"
"676","Filago","Filago","Asteraceae","Asterales",0.529100529,0.071428571,"0","0",0.00210989,".","1","1","1",".",".",".","."
"677","Filipendula","Filipendula","Rosaceae","Rosales",0,0,"1","0",0.001060071,".","1","0.5","1",".","0.96",".","."
"678","Fimbristylis","Fimbristylis","Cyperaceae","Poales",0,0,"0.454545455","0",0.00045977,"0.5",".",".","0",".",".",".","."
"679","Foeniculum","Foeniculum","Apiaceae","Apiales",0,0,"0.5","0",0.003968254,".","1",".","1",".",".","4.64","0"
"680","Forestiera","Forestiera","Oleaceae","Lamiales",0,0,"1","1",0.003252033,".",".",".",".","4",".",".","."
"681","Forsythia","Forsythia","Oleaceae","Lamiales",0,0,"1","1",0.003252033,".","1","0.5","1",".",".",".","."
"682","Fragaria","Fragaria","Rosaceae","Rosales",0,0,"1","0",0.001060071,".","1","0.25","1",".",".","0.311666667","58.43331927"
"683","Frangula","Frangula","Rhamnaceae","Rosales",0,0,"1","1",0.004444444,".","1","1","1","0.5",".","0.403333333","13.59874601"
"684","Frankenia","Frankenia","Frankeniaceae","Caryophyllales",0,0,"0.8125","0.8",0,".",".","0.5","1","2",".","0.32","."
"685","Frasera","Frasera","Gentianaceae","Gentianales",0,0,"0.625","0",0,".",".",".",".",".",".",".","."
"686","Fraxinus","Fraxinus","Oleaceae","Lamiales",0.476190476,0.047619048,"1","1",0.003252033,".","1","0.833333333","0.25","2.25","0.9775","1.126","25.77478254"
"687","Fremontodendron","Fremontodendron","Malvaceae","Malvales",0,0,"1","1",0.006153846,".",".",".",".",".",".",".","."
"688","Fritillaria","Fritillaria","Liliaceae","Liliales",0.096618357,0.02173913,"1","0",0,".","1","1","1",".",".","62.70506849","24.84154146"
"689","Froelichia","Froelichia","Amaranthaceae","Caryophyllales",100,0.5,"0","0",0.041463415,".",".",".","1","2",".",".","."
"690","Fuchsia","Fuchsia","Onagraceae","Myrtales",0,0,"1","1",0.001538462,".",".",".","1","1.5",".","1.455384615","22.42205726"
"691","Fuirena","Fuirena","Cyperaceae","Poales",0,0,"0.5","0",0.00045977,".",".",".",".",".",".",".","."
"692","Fumana","Fumana","Cistaceae","Malvales",3.571428571,0.125,"1","1",0.011428571,".","1","1","1",".",".",".","."
"693","Fumaria","Fumaria","Papaveraceae","Ranunculales",0.31372549,0.078431373,"0","0",0,"1","1","1","1",".",".","0.55","."
"694","Gagea","Gagea","Liliaceae","Liliales",0,0,"1","0",0,".","1","0.25","1",".",".","13.07714286","49.39580352"
"695","Gahnia","Gahnia","Cyperaceae","Poales",0,0,"1","0",0.00045977,".",".",".",".",".",".",".","."
"696","Gaillardia","Gaillardia","Asteraceae","Asterales",0,0,"0.769230769","0",0.00210989,".",".",".",".",".",".",".","."
"697","Galactia","Galactia","Fabaceae","Fabales",0,0,"1","0",0.096494845,".",".",".","1",".",".",".","."
"698","Galactites","Galactites","Asteraceae","Asterales",0,0,"0","0",0.00210989,".",".",".","1",".",".",".","."
"699","Galanthus","Galanthus","Amaryllidaceae","Asparagales",4.545454545,0.25,"1","0",0,".","1","0.5","1",".",".","39.711875","29.7086049"
"700","Galega","Galega","Fabaceae","Fabales",0,0,"1","0",0.096494845,".","1","1","1",".",".","2.21","."
"701","Galeopsis","Galeopsis","Lamiaceae","Lamiales",5.147058824,0.411764706,"0","0",0.004320557,".","1","1","1",".",".",".","."
"702","Galinsoga","Galinsoga","Asteraceae","Asterales",0,0,"0","0",0.00210989,"0","1","1","1",".",".","1.336666667","44.27311915"
"703","Galium","Galium","Rubiaceae","Gentianales",0.081892896,0.106870229,"0.825726141","0.024621212",6e-04,".","1","0.685185185","1","2.666666667",".","1.521818182","32.81399218"
"704","Gamochaeta","Gamochaeta","Asteraceae","Asterales",0,0,"0.25","0",0.00210989,".",".",".","0.5","3",".",".","."
"705","Gardenia","Gardenia","Rubiaceae","Gentianales",0,0,"1","1",6e-04,"0",".",".",".","2.307692308",".","1.3","."
"706","Garrya","Garrya","Garryaceae","Garryales",0,0,"1","1",0,".",".",".",".",".",".","1.52","."
"707","Gastridium","Gastridium","Poaceae","Poales",0,0,"0","0",0.074314214,".",".","1","0",".",".",".","."
"708","Gastrodia","Gastrodia","Orchidaceae","Asparagales",0,0,"1","0",0,".",".",".",".","3",".",".","."
"709","Gaudinia","Gaudinia","Poaceae","Poales",0,0,"0.5","0",0.074314214,".","1","1","0",".",".",".","."
"710","Gaultheria","Gaultheria","Ericaceae","Ericales",2.222222222,0.1,"1","1",0,".",".",".","1","2",".",".","."
"711","Gaura","Lechea","Onagraceae","Myrtales",0,0,"0.5","0",0.001538462,".",".",".",".",".",".",".","."
"712","Gaylussacia","Gaylussacia","Ericaceae","Ericales",0,0,"1","1",0,".",".",".","1",".",".",".","."
"713","Gayophytum","Gayophytum","Onagraceae","Myrtales",3.03030303,0.166666667,"0","0",0.001538462,".",".",".",".",".",".",".","."
"714","Gazania","Gazania","Asteraceae","Asterales",100,0.5,"1","0",0.00210989,"0",".",".",".","4",".",".","."
"715","Genista","Genista","Fabaceae","Fabales",0.127877238,0.043478261,"1","1",0.096494845,".","1","0.9","1",".",".","1.39","37.74065338"
"716","Genoplesium","Genoplesium","Orchidaceae","Asparagales",0,0,"1","0",0,".",".",".",".",".",".",".","."
"717","Gentiana","Gentiana","Gentianaceae","Gentianales",0.519480519,0.142857143,"0.865384615","0",0,".","1","0.807692308","1",".",".","3.668","13.64251183"
"718","Gentianella","Gentianella","Gentianaceae","Gentianales",0.984126984,0.172222222,"0","0",0,".","1","1","1","1.909090909",".",".","."
"719","Gentianopsis","Gentianopsis","Gentianaceae","Gentianales",0,0,"0.1875","0",0,".","1","0.5","1",".",".","9.62","0"
"720","Geraea","Geraea","Asteraceae","Asterales",50,0.25,"0","0",0.00210989,".",".",".",".",".",".",".","."
"721","Geranium","Geranium","Geraniaceae","Geraniales",0.057830211,0.037878788,"0.681818182","0.03030303",0,"0","1","0.8","0.975","2.375","0.88","1.315","35.99939279"
"722","Geum","Geum","Rosaceae","Rosales",0.674763833,0.128205128,"1","0",0.001060071,".","1","0.5","1",".","0.62575",".","."
"723","Gilia","Gilia","Polemoniaceae","Ericales",0,0,"0.695121951","0",0,".",".",".",".",".","0.573",".","."
"724","Githopsis","Githopsis","Campanulaceae","Asterales",0,0,"0","0",0,".",".",".",".",".",".",".","."
"725","Gladiolus","Gladiolus","Iridaceae","Asparagales",1.515151515,0.083333333,"1","0",0,"0.903846154","1","0.5","1","2",".","1.38","."
"726","Glaucium","Glaucium","Papaveraceae","Ranunculales",0,0,"0.3","0",0,".","1","1","1",".",".","0.6","."
"727","Glechoma","Glechoma","Lamiaceae","Lamiales",10,0.2,"1","0",0.004320557,".","1","0.5","1",".",".",".","."
"728","Gleichenia","Gleichenia","Gleicheniaceae","Monilophyta",0,0,"1","0",0,".",".",".",".",".",".",".","."
"729","Glinus","Glinus","Molluginaceae","Caryophyllales",0,0,"0","0",0.022988506,".",".",".",".",".",".",".","."
"730","Globularia","Globularia","Plantaginaceae","Lamiales",0.952380952,0.066666667,"1","0.4",0.005925926,".","1","0.666666667","1",".",".","0.615","44.84091783"
"731","Glossodia","Caladenia","Orchidaceae","Asparagales",200,1,"1","0",0,".",".",".",".",".",".",".","."
"732","Glossopetalon","Glossopetalon","Crossosomataceae","Crossosomatales",0,0,"1","1",0,".",".",".",".",".",".",".","."
"733","Glossostigma","Glossostigma","Phrymaceae","Lamiales",0,0,"0.5","0",0,".",".",".",".",".",".",".","."
"734","Glyceria","Glyceria","Poaceae","Poales",0.332225914,0.069767442,"0.988636364","0",0.074314214,".","1","0.357142857","0",".",".","3.93","79.16717143"
"735","Glycine","Glycine","Fabaceae","Fabales",0,0,"1","0",0.096494845,".",".",".","1",".","0.246","1.364705882","15.97430407"
"736","Glycyrrhiza","Glycyrrhiza","Fabaceae","Fabales",0,0,"1","0",0.096494845,".",".",".",".",".",".",".","."
"737","Glyptopleura","Glyptopleura","Asteraceae","Asterales",0,0,"0","0",0.00210989,".",".",".",".",".",".",".","."
"738","Gnaphalium","Gnaphalium","Asteraceae","Asterales",0,0,"0.269230769","0",0.00210989,".","1","0.6","0.681818182","2.5",".",".","."
"739","Gnephosis","Gnephosis","Asteraceae","Asterales",0,0,"0","0",0.00210989,".",".",".","1",".",".",".","."
"740","Gomphocarpus","Gomphocarpus","Apocynaceae","Gentianales",0,0,"1","1",0.000658617,"0",".",".",".",".",".",".","."
"741","Gompholobium","Gompholobium","Fabaceae","Fabales",0,0,"1","1",0.096494845,".",".",".",".",".",".",".","."
"742","Gomphrena","Gomphrena","Amaranthaceae","Caryophyllales",0,0,"0.25","0",0.041463415,".",".",".","1",".",".",".","."
"743","Goniolimon","Goniolimon","Plumbaginaceae","Caryophyllales",0,0,"1","0",0.001196172,".",".",".",".",".",".",".","."
"744","Gonocarpus","Gonocarpus","Haloragaceae","Saxifragales",7.142857143,0.25,"1","0",0,".",".",".",".",".",".",".","."
"745","Goodenia","Goodenia","Goodeniaceae","Asterales",0,0,"0.92","0.08",0,".",".",".","1",".",".","0.52","."
"746","Goodia","Goodia","Fabaceae","Fabales",0,0,"1","1",0.096494845,".",".",".",".",".",".",".","."
"747","Goodyera","Goodyera","Orchidaceae","Asparagales",0,0,"1","0",0,".","1","0.5","1",".",".","4.85","."
"748","Gossypium","Gossypium","Malvaceae","Malvales",0,0,"0.4","0.8",0.006153846,"0",".",".",".",".",".","1.939529412","32.3800476"
"749","Gouania","Gouania","Rhamnaceae","Rosales",0,0,"1","1",0.004444444,".",".",".","1","4",".",".","."
"750","Grammitis","Grammitis","Polypodiaceae","Monilophyta",2.380952381,0.071428571,"1","0",0,".",".",".",".","3",".",".","."
"751","Gratiola","Gratiola","Plantaginaceae","Lamiales",0.584795322,0.052631579,"0.529411765","0",0.005925926,".","1","0.5","1",".",".",".","."
"752","Grayia","Grayia","Amaranthaceae","Caryophyllales",0,0,"0","0",0.041463415,".",".",".",".",".",".",".","."
"753","Grevillea","Grevillea","Proteaceae","Proteales",0.853485064,0.157894737,"1","1",0.000625,"0",".",".","1",".","0.253","0.83","."
"754","Grindelia","Grindelia","Asteraceae","Asterales",4.093567251,0.368421053,"0.78125","0.052631579",0.00210989,".",".",".",".",".",".",".","."
"755","Grusonia","Grusonia","Cactaceae","Caryophyllales",0,0,"1","1",0,".",".",".",".",".",".",".","."
"756","Guilleminea","Guilleminea","Amaranthaceae","Caryophyllales",0,0,"1","0",0.041463415,".",".",".",".",".",".",".","."
"757","Guillenia","Streptanthus","Brassicaceae","Brassicales",0,0,"0","0",0.00485306,".",".",".",".",".",".","0.38","."
"758","Gunnera","Gunnera","Gunneraceae","Gunnerales",0,0,"1","0",0,".",".",".","1","2",".","6.67","0"
"759","Gutierrezia","Gutierrezia","Asteraceae","Asterales",0,0,"0.8","0.6",0.00210989,".",".",".",".",".",".",".","."
"760","Gymnadenia","Gymnadenia","Orchidaceae","Asparagales",50,0.25,"1","0",0,".","0.583333333","1","1","3",".","5.51","."
"761","Gymnosteris","Gymnosteris","Polemoniaceae","Ericales",0,0,"0","0",0,".",".",".",".",".",".",".","."
"762","Gynatrix","Gynatrix","Malvaceae","Malvales",0,0,"1","1",0.006153846,".",".",".",".",".",".",".","."
"763","Gypsophila","Gypsophila","Caryophyllaceae","Caryophyllales",0,0,"0.75","0",0.001818182,".","1","0.916666667","1",".",".","0.7","."
"764","Habenaria","Habenaria","Orchidaceae","Asparagales",5.714285714,0.4,"1","0",0,"1",".",".","1","2.192307692",".","15.48","."
"765","Hackelia","Hackelia","Boraginaceae","Boraginales",0,0,"0.826923077","0",0.001824818,".",".",".",".",".",".",".","."
"766","Hakea","Hakea","Proteaceae","Proteales",0,0,"1","1",0.000625,".",".",".","1",".",".","0.95","2.105263158"
"767","Halgania","Halgania","Boraginaceae","Boraginales",0,0,"1","1",0.001824818,".",".",".",".",".",".",".","."
"768","Halimione","Atriplex","Amaranthaceae","Caryophyllales",0,0,"0.666666667","0.666666667",0.041463415,".",".",".",".",".",".",".","."
"769","Halimium","Cistus","Cistaceae","Malvales",4.166666667,0.166666667,"1","1",0.011428571,".",".",".",".",".",".","2.532857143","29.23687538"
"770","Halimolobos","Halimolobos","Brassicaceae","Brassicales",0,0,"0.75","0",0.00485306,".",".",".",".",".",".",".","."
"771","Halopeplis","Halopeplis","Amaranthaceae","Caryophyllales",0,0,"0","0",0.041463415,".",".",".",".",".",".",".","."
"772","Halophila","Halophila","Hydrocharitaceae","Alismatales",0,0,"1","0",0,".",".",".",".",".",".",".","."
"773","Haloragis","Haloragis","Haloragaceae","Saxifragales",7.142857143,0.25,"0.875","0.125",0,".",".",".","0",".",".",".","."
"774","Halosarcia","Halosarcia","Amaranthaceae","Caryophyllales",0,0,"1","0.777777778",0.041463415,".",".",".",".",".",".",".","."
"775","Haplopappus","Haplopappus","Asteraceae","Asterales",0.252525253,0.055555556,"0.913043478","0.391304348",0.00210989,".",".",".",".","3",".",".","."
"776","Haplophyllum","Haplophyllum","Rutaceae","Sapindales",0,0,"1","0",0.001652893,".",".",".",".",".",".",".","."
"777","Haplostachys","Haplostachys","Lamiaceae","Lamiales",0,0,"1","0",0.004320557,".",".",".",".",".",".",".","."
"778","Harmsiodoxa","Harmsiodoxa","Brassicaceae","Brassicales",0,0,"0","0",0.00485306,".",".",".","1",".",".",".","."
"779","Hastingsia","Hastingsia","Asparagaceae","Asparagales",0,0,"1","0",0,".",".",".",".",".",".",".","."
"780","Hazardia","Hazardia","Asteraceae","Asterales",0,0,"1","1",0.00210989,".",".",".",".",".",".",".","."
"781","Hebe","Veronica","Plantaginaceae","Lamiales",14.28571429,0.428571429,"1","1",0.005925926,".",".",".",".","2",".",".","."
"782","Hedeoma","Hedeoma","Lamiaceae","Lamiales",0,0,"0.55","0",0.004320557,".",".",".",".",".",".",".","."
"783","Hedera","Hedera","Araliaceae","Apiales",0,0,"1","1",0,".","1","0.5","1",".",".","2.637368421","58.80829499"
"784","Hedyotis","Hedyotis","Rubiaceae","Gentianales",0.529100529,0.071428571,"0.875","0.410714286",6e-04,".",".",".",".",".",".",".","."
"785","Hedypnois","Hedypnois","Asteraceae","Asterales",0,0,"0","0",0.00210989,".",".",".","1",".",".","1.7","."
"786","Hedysarum","Hedysarum","Fabaceae","Fabales",0,0,"0.863636364","0",0.096494845,".","1","0.5","1",".","0.869","2.612","6.859648961"
"787","Helenium","Helenium","Asteraceae","Asterales",0,0,"0.633333333","0",0.00210989,".",".",".",".",".",".",".","."
"788","Helianthella","Helianthella","Asteraceae","Asterales",15,0.3,"1","0",0.00210989,".",".",".",".",".",".",".","."
"789","Helianthemum","Helianthemum","Cistaceae","Malvales",0.12195122,0.024390244,"0.829268293","0.731707317",0.011428571,".","1","1","1","3",".","2.23","."
"790","Helianthus","Helianthus","Asteraceae","Asterales",1.647058824,0.411764706,"0.75","0",0.00210989,"0","1","0.5","1",".","0.748","4.738888889","49.89142845"
"791","Helichrysum","Helichrysum","Asteraceae","Asterales",0.476190476,0.047619048,"0.857142857","0",0.00210989,"0","1","0.5","1","1.3125",".",".","."
"792","Heliconia","Heliconia","Heliconiaceae","Zingiberales",0,0,"1","0",0,"1",".",".",".","1.90625",".","0.45","."
"793","Helictotrichon","Helictotrichon","Poaceae","Poales",0,0,"1","0",0.074314214,".","1","0.625","0","0.5",".","9.76","72.67159894"
"794","Heliomeris","Heliomeris","Asteraceae","Asterales",0,0,"0.5","0",0.00210989,".",".",".",".",".",".",".","."
"795","Heliotropium","Heliotropium","Boraginaceae","Boraginales",0,0,"0.357142857","0",0.001824818,"0","1","1","1","1.636363636",".",".","."
"796","Helleborus","Helleborus","Ranunculaceae","Ranunculales",0,0,"1","0.733333333",0,".","1","0.833333333","1",".",".","14.14945946","13.61043407"
"797","Hemerocallis","Hemerocallis","Xanthorrhoeaceae","Asparagales",0,0,"1","0",0,".","1","0","1",".",".",".","."
"798","Hemicarpha","Cyperus","Cyperaceae","Poales",0,0,"0","0",0.00045977,".",".",".",".",".",".",".","."
"799","Hemichroa","Hemichroa","Amaranthaceae","Caryophyllales",0,0,"1","0",0.041463415,".",".",".",".",".",".",".","."
"800","Hemigraphis","Hemigraphis","Acanthaceae","Lamiales",0,0,"1","0",0.000857143,".",".",".",".",".",".",".","."
"801","Hemizonia","Hemizonia","Asteraceae","Asterales",0,0,"0.105263158","0.105263158",0.00210989,".",".",".",".",".",".",".","."
"802","Hepatica","Hepatica","Ranunculaceae","Ranunculales",100,0.5,"1","0",0,".","1","0.5","1",".",".","20.71416667","0"
"803","Heptaptera","Heptaptera","Apiaceae","Apiales",0,0,"1","0",0.003968254,".",".",".",".",".",".",".","."
"804","Heracleum","Heracleum","Apiaceae","Apiales",1.098901099,0.071428571,"0.772727273","0",0.003968254,".","1","1","1",".",".","1.956666667","7.819309438"
"805","Herniaria","Herniaria","Caryophyllaceae","Caryophyllales",0,0,"0.576923077","0",0.001818182,".","1","1","1",".",".","0.53","."
"806","Hesperevax","Hesperevax","Asteraceae","Asterales",0,0,"0","0",0.00210989,".",".",".",".",".",".",".","."
"807","Hesperis","Hesperis","Brassicaceae","Brassicales",0,0,"0.5","0",0.00485306,".","1","1","1",".",".","3.8","."
"808","Hesperochiron","Hesperochiron","Boraginaceae","Boraginales",0,0,"1","0",0.001824818,".",".",".",".",".",".",".","."
"809","Hesperolinon","Linum","Linaceae","Malpighiales",0,0,"0","0",0,".",".",".",".",".",".",".","."
"810","Hesperomannia","Hesperomannia","Asteraceae","Asterales",0,0,"1","1",0.00210989,".",".",".",".","4",".",".","."
"811","Heteranthera","Heteranthera","Pontederiaceae","Commelinales",0,0,"0.642857143","0",0.03030303,".",".",".",".",".",".",".","."
"812","Heterotheca","Heterotheca","Asteraceae","Asterales",0,0,"0.5","0",0.00210989,".",".",".",".",".",".",".","."
"813","Heuchera","Heuchera","Saxifragaceae","Saxifragales",3.296703297,0.214285714,"1","0",0,".",".",".",".",".",".",".","."
"814","Hibbertia","Hibbertia","Dilleniaceae","Dilleniales",0,0,"1","0.956521739",0,".",".",".",".",".",".","2.64","."
"815","Hibiscadelphus","Hibiscadelphus","Malvaceae","Malvales",6.666666667,0.166666667,"1","1",0.006153846,".",".",".",".","4.428571429",".",".","."
"816","Hibiscus","Hibiscus","Malvaceae","Malvales",0,0,"0.782608696","0.403846154",0.006153846,"0","1","1","1","1.85",".","1.53","."
"817","Hieracium","Hieracium","Asteraceae","Asterales",0.95317248,1.320143885,"1","0",0.00210989,".","0.5","0.505952381","1","2.625",".","5.173731343","22.94792448"
"818","Hierochloe","Anthoxanthum","Poaceae","Poales",0,0,"1","0",0.074314214,".","0.5","0.5","0",".",".","12.14","29.62615383"
"819","Hilaria","Hilaria","Poaceae","Poales",0,0,"1","0",0.074314214,".",".",".",".",".",".",".","."
"820","Hippocrepis","Hippocrepis","Fabaceae","Fabales",0,0,"0.666666667","0.583333333",0.096494845,".","1","1","1",".",".","1.56","30.82260328"
"821","Hippuris","Hippuris","Plantaginaceae","Lamiales",0,0,"1","0",0.005925926,".","1","0.5","0",".",".",".","."
"822","Hoffmannseggia","Hoffmannseggia","Fabaceae","Fabales",0,0,"1","0",0.096494845,".",".",".",".",".",".",".","."
"823","Hohenackeria","Hohenackeria","Apiaceae","Apiales",0,0,"0","0",0.003968254,".",".",".",".",".",".",".","."
"824","Hoita","Hoita","Fabaceae","Fabales",0,0,"1","0",0.096494845,".",".",".",".",".",".",".","."
"825","Holcus","Holcus","Poaceae","Poales",1.470588235,0.117647059,"0.823529412","0",0.074314214,".","1","0.25","0",".",".","2.942","34.96959678"
"826","Holocarpha","Holocarpha","Asteraceae","Asterales",0,0,"0","0",0.00210989,".",".",".",".",".",".",".","."
"827","Holodiscus","Holodiscus","Rosaceae","Rosales",100,0.5,"1","1",0.001060071,".",".",".",".",".",".",".","."
"828","Homeria","Moraea","Iridaceae","Asparagales",0,0,"1","0",0,".",".",".",".",".",".",".","."
"829","Homogyne","Homogyne","Asteraceae","Asterales",0,0,"1","0",0.00210989,".","1","0.5","1",".",".",".","."
"830","Hordeum","Hordeum","Poaceae","Poales",0.808080808,0.177777778,"0.329621381","0",0.074314214,".","1","1","0",".","0.01","6.722475248","35.53797327"
"831","Horkelia","Horkelia","Rosaceae","Rosales",0,0,"1","0",0.001060071,".",".",".",".",".",".",".","."
"832","Horkeliella","Horkeliella","Rosaceae","Rosales",0,0,"1","0",0.001060071,".",".",".",".",".",".",".","."
"833","Hornungia","Hornungia","Brassicaceae","Brassicales",0,0,"0","0",0.00485306,".","1","1","1",".",".","0.19","14.88645855"
"834","Horsfordia","Horsfordia","Malvaceae","Malvales",0,0,"1","1",0.006153846,".",".",".",".",".",".",".","."
"835","Hosta","Hosta","Asparagaceae","Asparagales",0,0,"1","0",0,".",".",".",".",".",".","10.8837931","20.88215929"
"836","Houstonia","Houstonia","Rubiaceae","Gentianales",0,0,"1","0",6e-04,".",".",".",".",".",".",".","."
"837","Hovea","Hovea","Fabaceae","Fabales",0,0,"1","0.7",0.096494845,".",".",".",".",".",".",".","."
"838","Hudsonia","Hudsonia","Cistaceae","Malvales",0,0,"1","1",0.011428571,".",".",".",".",".",".",".","."
"839","Huetia","Geocaryum","Apiaceae","Apiales",0,0,"1","0",0.003968254,".",".",".",".",".",".",".","."
"840","Hulsea","Hulsea","Asteraceae","Asterales",2.222222222,0.1,"0.636363636","0",0.00210989,".",".",".",".",".",".",".","."
"841","Humulus","Humulus","Cannabaceae","Rosales",0,0,"1","0",0.017647059,".","1","0.5","0",".",".","2.675555556","27.72009967"
"842","Huperzia","Huperzia","Lycopodiaceae","Lycophyta",5,0.375,"1","0",0,".","1","0.5",".","1.875",".","5.38","0"
"843","Hutera","Coincya","Brassicaceae","Brassicales",0,0,"0.25","0",0.00485306,".",".",".",".",".",".",".","."
"844","Hyacinthella","Hyacinthella","Asparagaceae","Asparagales",0,0,"1","0",0,".",".",".",".",".",".",".","."
"845","Hyacinthoides","Hyacinthoides","Asparagaceae","Asparagales",13.33333333,0.333333333,"1","0",0,".","1","0.5","1",".",".","21.2","."
"846","Hyalosperma","Hyalosperma","Asteraceae","Asterales",0,0,"0","0",0.00210989,".",".",".","1",".",".",".","."
"847","Hydrangea","Hydrangea","Hydrangeaceae","Cornales",0,0,"1","1",0,".",".",".","1",".",".","1.875675676","24.94940827"
"848","Hydrocotyle","Hydrocotyle","Araliaceae","Apiales",0,0,"0.815789474","0",0,"0","1","0.5","1","1.125",".","0.98","."
"849","Hydrophyllum","Hydrophyllum","Boraginaceae","Boraginales",0,0,"0.909090909","0",0.001824818,".",".",".",".",".","0.708",".","."
"850","Hymenoclea","Ambrosia","Asteraceae","Asterales",50,0.25,"1","1",0.00210989,".",".",".",".",".",".",".","."
"851","Hymenolobus","Hornungia","Brassicaceae","Brassicales",0,0,"1","0",0.00485306,".",".",".",".",".",".",".","."
"852","Hymenonema","Hymenonema","Asteraceae","Asterales",0,0,"1","0",0.00210989,".",".",".",".",".",".",".","."
"853","Hymenopappus","Hymenopappus","Asteraceae","Asterales",0,0,"0.25","0",0.00210989,".",".",".",".",".",".",".","."
"854","Hymenophyllum","Hymenophyllum","Hymenophyllaceae","Monilophyta",0,0,"1","0",0,".","1","0",".","2.928571429",".",".","."
"855","Hymenothrix","Hymenothrix","Asteraceae","Asterales",0,0,"0.502512563","0",0.00210989,".",".",".",".",".",".",".","."
"856","Hymenoxys","Hymenoxys","Asteraceae","Asterales",0.735294118,0.058823529,"0.722222222","0",0.00210989,".",".",".",".",".",".",".","."
"857","Hyoscyamus","Hyoscyamus","Solanaceae","Solanales",0,0,"0.163265306","0",0.089837398,".","1","1","1",".",".","2.0525","26.41854916"
"858","Hyoseris","Hyoseris","Asteraceae","Asterales",0,0,"0.666666667","0",0.00210989,".",".",".","1",".",".",".","."
"859","Hypecoum","Hypecoum","Papaveraceae","Ranunculales",0,0,"0","0",0,".",".",".",".",".",".",".","."
"860","Hypericum","Hypericum","Hypericaceae","Malpighiales",0.129032258,0.08,"0.932432432","0.211711712",0,"0","0.954545455","0.607142857","1","1.571428571",".","0.49875","45.74774269"
"861","Hypochaeris","Hypochaeris","Asteraceae","Asterales",4.761904762,0.142857143,"0.857142857","0",0.00210989,"0","1","0.75","1","0",".","2.102352941","53.95340347"
"862","Hypochoeris","Hypochaeris","Asteraceae","Asterales",1.282051282,0.076923077,"0.730769231","0",0.00210989,".",".","0.5",".",".",".",".","."
"863","Hypolepis","Hypolepis","Dennstaedtiaceae","Monilophyta",30,0.6,"1","0",0,".",".",".",".",".",".",".","."
"864","Hypoxis","Hypoxis","Hypoxidaceae","Asparagales",0,0,"1","0",0,"0",".",".",".",".",".",".","."
"865","Hyptis","Hyptis","Lamiaceae","Lamiales",0,0,"1","0",0.004320557,"0.666666667",".",".","1","3.5",".",".","."
"866","Iberis","Iberis","Brassicaceae","Brassicales",0,0,"0.446428571","0",0.00485306,".","1","1","1",".",".","0.565","1.251516427"
"867","Ilex","Ilex","Aquifoliaceae","Aquifoliales",0,0,"1","1",0,"0","1","0.5","0.983870968","2.051546392",".","2.383333333","71.51272018"
"868","Iliamna","Iliamna","Malvaceae","Malvales",0,0,"1","0",0.006153846,".",".",".",".",".",".",".","."
"869","Impatiens","Impatiens","Balsaminaceae","Ericales",0,0,"0.142857143","0",0,"1","1","1","1","2.4","0.4545","1.762","53.46667417"
"870","Indigofera","Indigofera","Fabaceae","Fabales",0,0,"1","0.75",0.096494845,"1",".",".","1","1",".","3.38","."
"871","Inula","Inula","Asteraceae","Asterales",2.307692308,0.288461538,"0.923076923","0.038461538",0.00210989,"0","1","0.5","1",".",".","2.82","28.08367358"
"872","Ionopsidium","Ionopsidium","Brassicaceae","Brassicales",0,0,"0","0",0.00485306,".",".",".",".",".",".","1.4","."
"873","Ipomoea","Ipomoea","Convolvulaceae","Solanales",0.101010101,0.022222222,"0.611111111","0",0.044375,"0.045454545",".",".","1","2","0.3845","1.212222222","36.19817767"
"874","Ipomopsis","Ipomopsis","Polemoniaceae","Ericales",1.098901099,0.071428571,"0.5","0",0,".",".",".",".",".",".",".","."
"875","Iris","Iris","Iridaceae","Asparagales",0.233100233,0.08974359,"1","0",0,".","1","0.384615385","1",".","0.826","9.688148148","43.42707811"
"876","Isachne","Isachne","Poaceae","Poales",0,0,"1","0",0.074314214,".",".",".",".",".",".","1.535","0"
"877","Isatis","Isatis","Brassicaceae","Brassicales",0,0,"0.2","0",0.00485306,".","1","1","1",".",".","0.58","."
"878","Isocoma","Isocoma","Asteraceae","Asterales",100,0.5,"1","1",0.00210989,".",".",".",".",".",".",".","."
"879","Isoetes","Isoetes","Isoetaceae","Lycophyta",1.111111111,0.194444444,"1","0",0,".","1","0.5",".","3.333333333",".","6.86","105.3444796"
"880","Isolepis","Isolepis","Cyperaceae","Poales",0,0,"0.6","0",0.00045977,".","1","0.666666667","0",".",".",".","."
"881","Isopogon","Isopogon","Proteaceae","Proteales",0,0,"1","1",0.000625,".",".",".",".",".",".",".","."
"882","Isopyrum","Isopyrum","Ranunculaceae","Ranunculales",0,0,"1","0",0,".",".",".",".",".",".","0.44","."
"883","Isotoma","Isotoma","Campanulaceae","Asterales",0,0,"1","0",0,".",".",".",".",".",".",".","."
"884","Isotria","Isotria","Orchidaceae","Asparagales",0,0,"1","0",0,".",".",".",".",".",".",".","."
"885","Iva","Iva","Asteraceae","Asterales",0,0,"0.6","0.166666667",0.00210989,".","1","1","0",".",".","3.17","."
"886","Ivesia","Ivesia","Rosaceae","Rosales",0.158730159,0.027777778,"1","0",0.001060071,".",".",".",".",".",".",".","."
"887","Ixia","Ixia","Iridaceae","Asparagales",0,0,"1","0",0,"0",".",".",".",".",".","3.5","."
"888","Ixiolaena","Ixiolaena","Asteraceae","Asterales",0,0,"1","0",0.00210989,".",".",".",".",".",".",".","."
"889","Jacquemontia","Jacquemontia","Convolvulaceae","Solanales",0,0,".","0",0.044375,".",".",".","1",".",".",".","."
"890","Jamesia","Jamesia","Hydrangeaceae","Cornales",0,0,"1","1",0,".",".",".",".",".",".",".","."
"891","Jasione","Jasione","Campanulaceae","Asterales",0,0,"0.611111111","0",0,".","1","1","1","3",".",".","."
"892","Jasminum","Jasminum","Oleaceae","Lamiales",0,0,"1","1",0.003252033,"0.25",".",".","1",".",".","1.44","."
"893","Jasonia","Jasonia","Asteraceae","Asterales",0,0,"1","0",0.00210989,".",".",".",".",".",".",".","."
"894","Jatropha","Jatropha","Euphorbiaceae","Malpighiales",0,0,"1","0.5",0.01239531,"0",".",".","1","1.75",".","0.365","25.18462508"
"895","Jepsonia","Jepsonia","Saxifragaceae","Saxifragales",0,0,"1","0",0,".",".",".",".",".",".",".","."
"896","Johanneshowellia","Johanneshowellia","Polygonaceae","Caryophyllales",0,0,"0","0",0.002727273,".",".",".",".",".",".",".","."
"897","Jovibarba","Sempervivum","Crassulaceae","Saxifragales",0,0,"1","0",0,".",".",".",".",".",".",".","."
"898","Juglans","Juglans","Juglandaceae","Fagales",0,0,"1","1",0,".","1","1","0","1.875","0.9475","0.62","."
"899","Juncus","Juncus","Juncaceae","Poales",0.116788321,0.16,"0.848547718","0",0,".","1","0.661290323","0.029411765",".","0.056","1.275555556","81.76068291"
"900","Juniperus","Juniperus","Cupressaceae","Pinophyta",0.793650794,0.107142857,"1","1",0.007142857,".","1","1","0.125","0.66",".","14.32894737","32.1221637"
"901","Jurinea","Jurinea","Asteraceae","Asterales",0,0,"1","0",0.00210989,".","1","1","1",".",".","1.8","."
"902","Kalanchoe","Kalanchoe","Crassulaceae","Saxifragales",0,0,"1","0",0,"0",".",".",".","1",".",".","."
"903","Kalidium","Kalidium","Amaranthaceae","Caryophyllales",0,0,"1","1",0.041463415,".",".",".",".",".",".",".","."
"904","Kalmia","Kalmia","Ericaceae","Ericales",0,0,"1","1",0,".","1","0.5","1",".","0.967",".","."
"905","Keckiella","Keckiella","Plantaginaceae","Lamiales",0,0,"1","1",0.005925926,".",".",".",".",".",".",".","."
"906","Kennedia","Kennedia","Fabaceae","Fabales",0,0,"1","0",0.096494845,".",".",".",".",".",".",".","."
"907","Kickxia","Kickxia","Plantaginaceae","Lamiales",0,0,"0.285714286","0",0.005925926,".","1","1","1",".",".","0.94","."
"908","Knautia","Knautia","Caprifoliaceae","Dipsacales",2.312673451,0.531914894,"0.854166667","0",0,".","1","0.875","1",".",".","4.87","54.61597739"
"909","Kobresia","Carex","Cyperaceae","Poales",0,0,"1","0",0.00045977,".","1","0.5","0",".",".",".","."
"910","Kochia","Kochia","Amaranthaceae","Caryophyllales",0,0,"0.571428571","0.571428571",0.041463415,".",".",".",".",".",".",".","."
"911","Koeleria","Koeleria","Poaceae","Poales",1.470588235,0.117647059,"0.941176471","0",0.074314214,".","1","0.625","0",".",".","5.625833333","63.68485188"
"912","Koenigia","Koenigia","Polygonaceae","Caryophyllales",0,0,"0.5","0",0.002727273,".",".","1",".",".",".",".","."
"913","Kokia","Kokia","Malvaceae","Malvales",0,0,"1","1",0.006153846,".",".",".",".","4.5",".","0.63","."
"914","Korthalsella","Korthalsella","Santalaceae","Santalales",0,0,"1","0",0.002139037,".",".",".",".",".",".",".","."
"915","Krameria","Krameria","Krameriaceae","Zygophyllales",0,0,"1","1",0,".",".",".","1",".",".",".","."
"916","Krigia","Krigia","Asteraceae","Asterales",0,0,"0.5","0",0.00210989,".",".",".",".",".",".","1.5","."
"917","Kuhnia","Brickellia","Asteraceae","Asterales",0,0,"1","0",0.00210989,".",".",".",".",".",".",".","."
"918","Kunzea","Kunzea","Myrtaceae","Myrtales",0,0,"1","1",0.003243243,".",".",".",".",".",".",".","."
"919","Kyllinga","Cyperus","Cyperaceae","Poales",0,0,"1","0",0.00045977,"1",".",".",".",".",".",".","."
"920","Kyllingia","Cyperus","Cyperaceae","Poales",0,0,"0.666666667","0",0.00045977,".",".",".",".",".",".",".","."
"921","Labordia","Geniostoma","Loganiaceae","Gentianales",0.952380952,0.066666667,"1","1",0,".",".",".",".","2.625",".",".","."
"922","Laburnum","Laburnum","Fabaceae","Fabales",16.66666667,0.25,"1","1",0.096494845,".","1","1","1",".",".","1.35","57.6161081"
"923","Lactuca","Lactuca","Asteraceae","Asterales",0.092506938,0.021276596,"0.329145729","0",0.00210989,"0","1","0.863636364","1",".",".","3.516875","50.10866239"
"924","Lagenifera","Lagenophora","Asteraceae","Asterales",33.33333333,0.333333333,"1","0",0.00210989,".",".",".",".",".",".",".","."
"925","Lagenophora","Lagenophora","Asteraceae","Asterales",0,0,"1","0",0.00210989,".",".",".",".",".",".",".","."
"926","Lagophylla","Lagophylla","Asteraceae","Asterales",0,0,"0","0",0.00210989,".",".",".",".",".",".",".","."
"927","Lagotis","Lagotis","Plantaginaceae","Lamiales",0,0,"1","0",0.005925926,".",".",".",".",".",".",".","."
"928","Lamium","Lamium","Lamiaceae","Lamiales",0,0,"0.357142857","0",0.004320557,".","1","0.75","1",".",".","2.164285714","33.5928639"
"929","Lampranthus","Lampranthus","Aizoaceae","Caryophyllales",0,0,"1","1",0.000990099,".",".",".",".",".",".",".","."
"930","Lamyropsis","Lamyropsis","Asteraceae","Asterales",0,0,"1","0",0.00210989,".",".",".",".","4",".",".","."
"931","Langloisia","Langloisia","Polemoniaceae","Ericales",0,0,"0","0",0,".",".",".",".",".",".",".","."
"932","Lappula","Lappula","Boraginaceae","Boraginales",0,0,"0","0",0.001824818,".","1","1","1",".",".",".","."
"933","Lapsana","Lapsana","Asteraceae","Asterales",0,0,"0.333333333","0",0.00210989,".","1","1","1",".",".","1.18","."
"934","Larix","Larix","Pinaceae","Pinophyta",3.571428571,0.125,"1","1",0.004761905,".","1","1","0","0.181818182","0.769","13.2","13.52265875"
"935","Laserpitium","Laserpitium","Apiaceae","Apiales",0,0,"0.923076923","0",0.003968254,".","1","1","1",".",".","1.76","16.8741391"
"936","Lasthenia","Lasthenia","Asteraceae","Asterales",0.735294118,0.058823529,"0.055555556","0",0.00210989,".",".",".",".",".",".",".","."
"937","Lastreopsis","Lastreopsis","Dryopteridaceae","Monilophyta",0,0,".",".",0,".",".",".",".","4",".",".","."
"938","Lathraea","Lathraea","Orobanchaceae","Lamiales",0,0,"1","0",0,".","1","0.5","1",".",".",".","."
"939","Lathyrus","Lathyrus","Fabaceae","Fabales",0.024996875,0.015748031,"0.692913386","0",0.096494845,".","1","0.789473684","1",".","0.807","7.437222222","24.57897815"
"940","Launaea","Launaea","Asteraceae","Asterales",0,0,"0.833333333","0.5",0.00210989,"0.5",".",".","1","0.666666667",".","1.54","."
"941","Laurus","Laurus","Lauraceae","Laurales",0,0,"1","1",4e-04,"0",".",".","1","0.5",".","3.215","0"
"942","Lavandula","Lavandula","Lamiaceae","Lamiales",0,0,"1","1",0.004320557,".","1","1","1","0",".","2.223333333","133.4743801"
"943","Lavatera","Malva","Malvaceae","Malvales",0,0,"0.477272727","0.363636364",0.006153846,".","1","1","1",".",".",".","."
"944","Lawrencia","Lawrencia","Malvaceae","Malvales",0,0,"1","0.25",0.006153846,".",".",".",".",".",".",".","."
"945","Layia","Layia","Asteraceae","Asterales",0,0,"0","0",0.00210989,".",".",".",".",".",".",".","."
"946","Lechea","Lechea","Cistaceae","Malvales",0,0,"1","0",0.011428571,".",".",".",".",".",".",".","."
"947","Leersia","Leersia","Poaceae","Poales",0,0,"1","0",0.074314214,".","1","0.5",".",".",".",".","."
"948","Legousia","Legousia","Campanulaceae","Asterales",0,0,"0","0",0,".","1","1","1",".",".",".","."
"949","Lemna","Lemna","Araceae","Alismatales",0,0,"1","0",0.000248447,".","1","0","1","3",".","0.609285714","20.91846457"
"950","Lens","Vicia","Fabaceae","Fabales",0,0,"0","0",0.096494845,".",".",".",".",".","0.019","4.4","0"
"951","Leontodon","Leontodon","Asteraceae","Asterales",0.378787879,0.060606061,"0.860182371","0",0.00210989,".","1","0.666666667","1",".",".","1.527142857","43.68361506"
"952","Leonurus","Leonurus","Lamiaceae","Lamiales",0,0,"0.5","0",0.004320557,".","1","0.5","1",".",".","0.81","."
"953","Lepechinia","Lepechinia","Lamiaceae","Lamiales",0,0,"1","1",0.004320557,".",".",".",".","2",".",".","."
"954","Lepidium","Lepidium","Brassicaceae","Brassicales",0.014992504,0.00862069,"0.370411568","0.099137931",0.00485306,".","1","0.916666667","1","2",".","0.521666667","51.81277337"
"955","Lepidospartum","Lepidospartum","Asteraceae","Asterales",0,0,"1","1",0.00210989,".",".",".",".",".",".",".","."
"956","Lepidosperma","Lepidosperma","Cyperaceae","Poales",0,0,"1","0",0.00045977,".",".",".",".",".",".",".","."
"957","Lepidotis","Lycopodium","Lycopodiaceae","Lycophyta",0,0,"1","0",0,".",".",".",".",".",".",".","."
"958","Lepilaena","Althenia","Potamogetonaceae","Alismatales",0,0,".","0",0,".",".",".",".",".",".",".","."
"959","Leptinella","Leptinella","Asteraceae","Asterales",0,0,"1","0",0.00210989,".",".",".",".",".",".",".","."
"960","Leptocarpus","Leptocarpus","Restionaceae","Poales",0,0,"1","0",0,".",".",".",".",".",".",".","."
"961","Leptochloa","Leptochloa","Poaceae","Poales",0,0,"0.05","0",0.074314214,".",".",".",".",".",".",".","."
"962","Leptodactylon","Linanthus","Polemoniaceae","Ericales",0,0,"1","0.375",0,".",".",".",".",".",".",".","."
"963","Leptomeria","Leptomeria","Santalaceae","Santalales",0,0,"1","1",0.002139037,".",".",".",".",".",".",".","."
"964","Leptorhynchos","Leptorhynchos","Asteraceae","Asterales",0,0,"0.666666667","0",0.00210989,".",".",".","1",".",".",".","."
"965","Leptospermum","Leptospermum","Myrtaceae","Myrtales",0.790513834,0.086956522,"1","1",0.003243243,".",".",".",".",".",".",".","."
"966","Lepyrodia","Lepyrodia","Restionaceae","Poales",0,0,"1","0",0,".",".",".",".",".",".",".","."
"967","Lespedeza","Lespedeza","Fabaceae","Fabales",2.666666667,0.32,"0.92","0",0.096494845,".",".",".",".",".",".",".","."
"968","Lesquerella","Physaria","Brassicaceae","Brassicales",0,0,"0.625","0",0.00485306,".",".",".",".",".",".","0.69","."
"969","Lessingia","Lessingia","Asteraceae","Asterales",0,0,"0.071428571","0.071428571",0.00210989,".",".",".",".",".",".",".","."
"970","Leucanthemopsis","Leucanthemopsis","Asteraceae","Asterales",0,0,"1","0",0.00210989,".","1","0.5","1",".",".","12.57","."
"971","Leucanthemum","Leucanthemum","Asteraceae","Asterales",0,0,"0.9375","0",0.00210989,".","1","0.5","1",".",".","12.28555556","46.13867943"
"972","Leucochrysum","Leucochrysum","Asteraceae","Asterales",0,0,"0.5","0",0.00210989,".",".",".","1",".",".",".","."
"973","Leucojum","Leucojum","Amaryllidaceae","Asparagales",0,0,"1","0",0,".","1","0.5","1",".",".","32.81666667","5.920112715"
"974","Leucopogon","Leucopogon","Ericaceae","Ericales",0,0,"1","1",0,".",".",".",".",".",".",".","."
"975","Leucothoe","Leucothoe","Ericaceae","Ericales",0,0,"1","1",0,".",".",".",".",".",".",".","."
"976","Leuzea","Leuzea","Asteraceae","Asterales",0,0,"0.5","0",0.00210989,".",".",".",".",".",".",".","."
"977","Levenhookia","Levenhookia","Stylidiaceae","Asterales",0,0,"0","0",0,".",".",".",".",".",".",".","."
"978","Lewisia","Lewisia","Montiaceae","Caryophyllales",4.093567251,0.368421053,"1","0",0,".",".",".",".",".",".","3.916666667","30.46047688"
"979","Leymus","Leymus","Poaceae","Poales",4.285714286,0.3,"1","0",0.074314214,".","1","0","0",".",".","12.29333333","27.80101131"
"980","Liatris","Liatris","Asteraceae","Asterales",0,0,"1","0",0.00210989,".",".",".",".",".","0.97",".","."
"981","Libertia","Libertia","Iridaceae","Asparagales",0,0,"1","0",0,".",".",".",".",".",".",".","."
"982","Ligularia","Ligularia","Asteraceae","Asterales",0,0,"1","0",0.00210989,".",".",".",".",".",".",".","."
"983","Ligusticum","Ligusticum","Apiaceae","Apiales",0,0,"1","0",0.003968254,".","1","0.833333333","1","4",".",".","."
"984","Ligustrum","Ligustrum","Oleaceae","Lamiales",0,0,"1","1",0.003252033,".","1","1","1","3",".","1.325","0"
"985","Lilaeopsis","Lilaeopsis","Apiaceae","Apiales",0,0,"1","0",0.003968254,".",".",".",".",".",".",".","."
"986","Lilium","Lilium","Liliaceae","Liliales",1.505376344,0.225806452,"1","0",0,".","1","0.75","1",".",".","37.98583333","13.38998651"
"987","Limnanthes","Limnanthes","Limnanthaceae","Brassicales",0,0,"0","0",0,".",".",".",".",".","0.7014","1.39","."
"988","Limonium","Limonium","Plumbaginaceae","Caryophyllales",0.12642225,0.07079646,"0.955752212","0.044247788",0.001196172,".","1","0.75","1","1.333333333",".","4.695555556","51.21710909"
"989","Limosella","Limosella","Plantaginaceae","Lamiales",4.444444444,0.2,"0.15","0",0.005925926,".","1","0.75","1",".",".",".","."
"990","Linanthus","Linanthus","Polemoniaceae","Ericales",0,0,"0.066666667","0",0,".",".",".",".",".","0.11","1.32","."
"991","Linaria","Linaria","Plantaginaceae","Lamiales",0.289395071,0.149038462,"0.451374207","0",0.005925926,".","1","0.6875","1",".",".","0.87","."
"992","Lindernia","Lindernia","Linderniaceae","Lamiales",0,0,"0.5","0",0,"1","1","1","1",".",".",".","."
"993","Lindsaea","Lindsaea","Lindsaeaceae","Monilophyta",5,0.1,"1","0",0,".",".",".",".",".",".",".","."
"994","Linum","Linum","Linaceae","Malpighiales",0,0,"0.510721553","0.144736842",0,"0","1","0.85","1","4",".","0.915","61.56648452"
"995","Liparis","Liparis","Orchidaceae","Asparagales",0,0,"1","0",0,"1","1","0.5","1","3.5",".","9.7","."
"996","Lipocarpha","Cyperus","Cyperaceae","Poales",0,0,"0","0",0.00045977,"0",".",".","0",".",".",".","."
"997","Lipochaeta","Lipochaeta","Asteraceae","Asterales",1.578947368,0.15,"0.95","0",0.00210989,".",".",".",".",".",".",".","."
"998","Listera","Genista","Orchidaceae","Asparagales",1.098901099,0.071428571,"1","0",0,".",".",".",".",".",".",".","."
"999","Lithodora","Lithodora","Boraginaceae","Boraginales",0,0,"1","1",0.001824818,".",".",".","1","3",".",".","."
"1000","Lithophragma","Lithophragma","Saxifragaceae","Saxifragales",0,0,"1","0",0,".",".",".",".",".",".",".","."
"1001","Lithospermum","Lithospermum","Boraginaceae","Boraginales",0,0,"0.722222222","0",0.001824818,"0","1","1","1",".",".",".","."
"1002","Lobelia","Lobelia","Campanulaceae","Asterales",0.12195122,0.024390244,"0.794117647","0.317073171",0,"1","1","1","1","2.083333333","0.73","5.473","38.99487322"
"1003","Lobularia","Lobularia","Brassicaceae","Brassicales",0,0,"0.5","0",0.00485306,".","1","1","1",".",".","0.55","5.142594772"
"1004","Loeflingia","Loeflingia","Caryophyllaceae","Caryophyllales",0,0,"0","0",0.001818182,".",".",".",".",".",".",".","."
"1005","Loeseliastrum","Loeseliastrum","Polemoniaceae","Ericales",0,0,"0","0",0,".",".",".",".",".",".",".","."
"1006","Logania","Logania","Loganiaceae","Gentianales",0,0,"1","0.666666667",0,".",".",".",".",".",".",".","."
"1007","Logfia","Logfia","Asteraceae","Asterales",10,0.25,"0","0",0.00210989,".",".",".",".",".",".",".","."
"1008","Lolium","Lolium","Poaceae","Poales",5.538461538,0.692307692,"0.333333333","0",0.074314214,".","1","1","0",".","0.82","2.8","9.5995342"
"1009","Lomandra","Lomandra","Asparagaceae","Asparagales",0,0,"1","0",0,".",".",".",".",".",".",".","."
"1010","Lomatia","Lomatia","Proteaceae","Proteales",0,0,"1","1",0.000625,".",".",".",".",".",".",".","."
"1011","Lomatium","Lomatium","Apiaceae","Apiales",0,0,"1","0",0.003968254,".",".",".",".",".",".",".","."
"1012","Lomatogonium","Lomatogonium","Gentianaceae","Gentianales",0,0,"0","0",0,".","1","1","1",".",".",".","."
"1013","Lonicera","Lonicera","Caprifoliaceae","Dipsacales",0.175336061,0.050847458,"1","1",0,".","1","0.857142857","1","3.5",".","1.955","63.95099137"
"1014","Lophochloa","Rostraria","Poaceae","Poales",0,0,"0","0",0.074314214,".",".",".",".",".",".",".","."
"1015","Lotononis","Lotononis","Fabaceae","Fabales",0,0,"1","1",0.096494845,"1",".",".",".","0",".",".","."
"1016","Lotus","Lotus","Fabaceae","Fabales",0.1143903,0.053191489,"0.680851064","0.021276596",0.096494845,"1","1","0.928571429","1","1",".","0.813055556","34.0913313"
"1017","Ludwigia","Ludwigia","Onagraceae","Myrtales",0.476190476,0.047619048,"1","0.047619048",0.001538462,"0","1","0.5","1","2","0.2","1.09","5.189774541"
"1018","Lunaria","Lunaria","Brassicaceae","Brassicales",0,0,"0.666666667","0",0.00485306,".","1","0.75","1",".",".","1.85","."
"1019","Lupinus","Lupinus","Fabaceae","Fabales",0.043459365,0.025423729,"0.618644068","0.076923077",0.096494845,".","1","1","1","2.5","0.361923077","0.837971014","23.76764836"
"1020","Luzula","Luzula","Juncaceae","Poales",0.085251492,0.028985507,"0.872881356","0",0,".","1","0.5","0.078947368",".",".","1.232553191","42.33943167"
"1021","Lychnis","Lychnis","Caryophyllaceae","Caryophyllales",0,0,"1","0",0.001818182,".",".",".",".",".",".",".","."
"1022","Lycium","Lycium","Solanaceae","Solanales",0,0,"1","1",0.089837398,".","1","0.5","1","0",".","2.427142857","18.99752354"
"1023","Lycopersicon","Solanum","Solanaceae","Solanales",0,0,"0.625","0",0.089837398,".","1","1","1",".","0.135","1.147222222","9.259217862"
"1024","Lycopodiella","Lycopodiella","Lycopodiaceae","Lycophyta",10,0.2,"1","0",0,".","1","0.5",".",".",".",".","."
"1025","Lycopodium","Lycopodium","Lycopodiaceae","Lycophyta",0,0,"1","0",0,".","1","0.5",".",".",".","3.942","25.29695832"
"1026","Lycopus","Lycopus","Lamiaceae","Lamiales",0,0,"1","0",0.004320557,".","1","0.5","1",".",".",".","."
"1027","Lycurus","Muhlenbergia","Poaceae","Poales",0,0,"1","0",0.074314214,".",".",".",".",".",".",".","."
"1028","Lygodesmia","Lygodesmia","Asteraceae","Asterales",0,0,"0.857142857","0",0.00210989,".",".",".",".",".",".",".","."
"1029","Lygos","Retama","Fabaceae","Fabales",0,0,"1","1",0.096494845,".",".",".",".",".",".",".","."
"1030","Lyonia","Lyonia","Ericaceae","Ericales",0,0,"1","1",0,".",".",".",".","1.75",".",".","."
"1031","Lyperanthus","Lyperanthus","Orchidaceae","Asparagales",0,0,"1","0",0,".",".",".",".",".",".",".","."
"1032","Lysichiton","Lysichiton","Araceae","Alismatales",0,0,"1","0",0.000248447,".",".",".","1",".",".",".","."
"1033","Lysimachia","Lysimachia","Primulaceae","Ericales",0.150829563,0.038461538,"0.976744186","0.211538462",0,".","1","0.428571429","0.944444444","5",".","2.385","10.37682907"
"1034","Lysiosepalum","Lysiosepalum","Malvaceae","Malvales",0,0,"1","1",0.006153846,".",".",".",".",".",".",".","."
"1035","Lythrum","Lythrum","Lythraceae","Myrtales",0.158730159,0.027777778,"0.5","0",0,"0","1","0.833333333","1",".",".",".","."
"1036","Machaeranthera","Machaeranthera","Asteraceae","Asterales",0.246305419,0.034482759,"0.529411765","0.086206897",0.00210989,".",".",".",".",".",".","1.763333333","29.78440691"
"1037","Machaerina","Machaerina","Cyperaceae","Poales",0,0,"1","0",0.00045977,".",".",".",".",".",".",".","."
"1038","Macroptilium","Macroptilium","Fabaceae","Fabales",0,0,"0.5","0",0.096494845,".",".",".","1",".",".","1.033333333","32.9364159"
"1039","Madia","Madia","Asteraceae","Asterales",0.793650794,0.107142857,"0.068965517","0",0.00210989,".",".",".",".",".",".",".","."
"1040","Magnolia","Magnolia","Magnoliaceae","Magnoliales",0,0,"1","1",0,".",".",".","1","2.802325581","0.5185","4.268333333","53.32801928"
"1041","Mahonia","Berberis","Berberidaceae","Ranunculales",0,0,"1","1",0,".",".",".",".","2",".",".","."
"1042","Maianthemum","Maianthemum","Asparagaceae","Asparagales",0,0,"1","0",0,".","1","0.5","1",".",".","16.94909091","24.90633622"
"1043","Maireana","Maireana","Amaranthaceae","Caryophyllales",0.216450216,0.022727273,"1","0.727272727",0.041463415,".",".",".","0",".",".","1.43","."
"1044","Malabaila","Grafia","Apiaceae","Apiales",0,0,"0","0",0.003968254,".",".",".",".",".",".",".","."
"1045","Malacothamnus","Malacothamnus","Malvaceae","Malvales",0,0,"1","1",0.006153846,".",".",".",".",".",".",".","."
"1046","Malacothrix","Malacothrix","Asteraceae","Asterales",0,0,"0.105263158","0",0.00210989,".",".",".",".",".",".",".","."
"1047","Malaxis","Malaxis","Orchidaceae","Asparagales",0,0,"1","0",0,".","1","0.5","1",".",".",".","."
"1048","Malcolmia","Malcolmia","Brassicaceae","Brassicales",0,0,"0.1","0",0.00485306,".",".",".",".",".",".","0.33","29.9984695"
"1049","Malope","Malope","Malvaceae","Malvales",0,0,"0.25","0",0.006153846,".",".",".",".",".",".",".","."
"1050","Malus","Malus","Rosaceae","Rosales",1.098901099,0.071428571,"1","1",0.001060071,".","1","1","1","2.333333333",".","0.943162393","30.67836462"
"1051","Malva","Malva","Malvaceae","Malvales",0.317124736,0.068181818,"0.25","0",0.006153846,".","1","1","1",".","0.64","1.188","34.81363168"
"1052","Malvastrum","Malvastrum","Malvaceae","Malvales",0,0,"0.75","0",0.006153846,".",".",".","1",".",".",".","."
"1053","Malvella","Malvella","Malvaceae","Malvales",0,0,"1","0",0.006153846,".",".",".",".",".",".",".","."
"1054","Mammillaria","Mammillaria","Cactaceae","Caryophyllales",0,0,"1","1",0,".",".",".",".","3.25",".","3.294117647","60.76258263"
"1055","Mandragora","Mandragora","Solanaceae","Solanales",0,0,"1","0",0.089837398,".",".",".",".",".",".",".","."
"1056","Marah","Marah","Cucurbitaceae","Cucurbitales",20,0.4,"1","0",0.024852071,".",".",".",".",".",".",".","."
"1057","Marina","Marina","Fabaceae","Fabales",0,0,"1","0",0.096494845,".",".",".",".",".",".",".","."
"1058","Mariscus","Cyperus","Cyperaceae","Poales",0,0,"1","0",0.00045977,"1",".",".",".",".",".",".","."
"1059","Marrubium","Marrubium","Lamiaceae","Lamiales",4.545454545,0.25,"1","0",0.004320557,".","1","0.75","1",".",".",".","."
"1060","Marsdenia","Marsdenia","Apocynaceae","Gentianales",0,0,"1","0",0.000658617,".",".",".","1","2",".",".","."
"1061","Marsilea","Marsilea","Marsileaceae","Monilophyta",0,0,"1","0",0,".","1","0.5",".",".",".","4.08","."
"1062","Matelea","Matelea","Apocynaceae","Gentianales",0,0,"1","1",0.000658617,".",".",".","1","2.75",".",".","."
"1063","Matricaria","Matricaria","Asteraceae","Asterales",0,0,"0.25","0",0.00210989,".","1","1","1",".",".","2.7525","27.3348096"
"1064","Matthiola","Matthiola","Brassicaceae","Brassicales",0,0,"0.433333333","0",0.00485306,".","1","1","1",".",".","2.147142857","15.71517422"
"1065","Maurandya","Maurandya","Plantaginaceae","Lamiales",0,0,"1","0",0.005925926,".",".",".",".",".",".",".","."
"1066","Meconella","Meconella","Papaveraceae","Ranunculales",0,0,"0","0",0,".",".",".",".",".",".",".","."
"1067","Medicago","Medicago","Fabaceae","Fabales",0,0,"0.3","0.012195122",0.096494845,".","1","0.857142857","1","4","0.0595","1.118","42.16043435"
"1068","Megalodonta","Bidens","Asteraceae","Asterales",0,0,".","0",0.00210989,".",".",".",".",".",".",".","."
"1069","Melaleuca","Melaleuca","Myrtaceae","Myrtales",2.564102564,0.153846154,"1","1",0.003243243,".",".",".",".",".","0.935","0.883333333","8.496853018"
"1070","Melampyrum","Melampyrum","Orobanchaceae","Lamiales",0,0,"0","0",0,".","1","1","1",".",".","8.24","."
"1071","Melastoma","Melastoma","Melastomataceae","Myrtales",0,0,"1","1",0,".",".",".",".",".",".",".","."
"1072","Melianthus","Melianthus","Melianthaceae","Geraniales",0,0,"1","1",0,".",".",".",".",".",".","0.64","."
"1073","Melica","Melica","Poaceae","Poales",0,0,"1","0",0.074314214,".","1","0.5","0",".",".","2.53","."
"1074","Melilotus","Melilotus","Fabaceae","Fabales",0,0,"0.042857143","0",0.096494845,".","1","1","1",".",".","1.23","0"
"1075","Menkea","Menkea","Brassicaceae","Brassicales",0,0,"0","0",0.00485306,".",".",".",".",".",".",".","."
"1076","Menodora","Menodora","Oleaceae","Lamiales",0,0,"1","0.7",0.003252033,".",".",".",".",".",".",".","."
"1077","Mentha","Mentha","Lamiaceae","Lamiales",4.444444444,0.777777778,"0.956521739","0",0.004320557,".","1","0.28125","1",".",".","0.74","89.03549411"
"1078","Mentzelia","Mentzelia","Loasaceae","Cornales",0.153609831,0.047619048,"0.351015459","0.106060606",0,".",".",".",".",".",".",".","."
"1079","Mercurialis","Mercurialis","Euphorbiaceae","Malpighiales",2.777777778,0.111111111,"0.777777778","0",0.01239531,".","1","0.666666667","0.5",".","0.58","1.687142857","46.98623198"
"1080","Merendera","Colchicum","Colchicaceae","Liliales",0,0,"1","0",0,".",".",".",".",".",".",".","."
"1081","Merremia","Merremia","Convolvulaceae","Solanales",0,0,".","0.5",0.044375,"0",".",".","1",".",".",".","."
"1082","Mertensia","Mertensia","Boraginaceae","Boraginales",4.210526316,0.4,"1","0",0.001824818,".",".","1","0.5",".",".",".","."
"1083","Mesembryanthemum","Mesembryanthemum","Aizoaceae","Caryophyllales",0,0,"0","0",0.000990099,".",".",".","1",".",".","0.43","."
"1084","Metrosideros","Metrosideros","Myrtaceae","Myrtales",0,0,"1","1",0.003243243,".",".",".",".","2","0.71",".","."
"1085","Microcybe","Microcybe","Rutaceae","Sapindales",0,0,"1","1",0.001652893,".",".",".",".",".",".",".","."
"1086","Microlepia","Microlepia","Dennstaedtiaceae","Monilophyta",100,0.5,"1","0",0,".",".",".",".",".",".","7.94","."
"1087","Micromeria","Micromeria","Lamiaceae","Lamiales",0.476190476,0.047619048,"1","0.571428571",0.004320557,"1",".",".",".","0",".","0.431666667","26.7130131"
"1088","Micropyrum","Festuca","Poaceae","Poales",0,0,"0","0",0.074314214,".","1","1","0",".",".",".","."
"1089","Microseris","Microseris","Asteraceae","Asterales",2.857142857,0.2,"0.625","0",0.00210989,".",".",".",".",".",".","2.686923077","53.08436044"
"1090","Microsorum","Microsorum","Polypodiaceae","Monilophyta",0,0,".",".",0,".",".",".",".",".",".",".","."
"1091","Microtis","Microtis","Orchidaceae","Asparagales",13.33333333,0.333333333,"1","0",0,".",".",".",".",".",".",".","."
"1092","Milium","Milium","Poaceae","Poales",0,0,"0.5","0",0.074314214,".","1","0.5","0",".",".","4.646","3.35989946"
"1093","Millotia","Millotia","Asteraceae","Asterales",0,0,"0","0",0.00210989,".",".",".",".",".",".",".","."
"1094","Mimosa","Mimosa","Fabaceae","Fabales",0,0,"1","1",0.096494845,"0",".",".","1","2.214285714",".","0.64","8.838834765"
"1095","Mimulus","Mimulus","Phrymaceae","Lamiales",0.12343502,0.065420561,"0.35046729","0.009345794",0,".","1","0.5","1",".","0.268714286","0.37","."
"1096","Minuartia","Minuartia","Caryophyllaceae","Caryophyllales",0,0,"0.729885057","0",0.001818182,".","1","1","0.958333333","4",".","1.026","4.140866625"
"1097","Minuria","Minuria","Asteraceae","Asterales",0,0,"1","0",0.00210989,".",".",".",".",".",".",".","."
"1098","Mirabilis","Mirabilis","Nyctaginaceae","Caryophyllales",0,0,"1","0.026315789",0.005063291,"0",".",".","1",".",".","1.19","."
"1099","Mirbelia","Mirbelia","Fabaceae","Fabales",0,0,"1","1",0.096494845,".",".",".",".",".",".",".","."
"1100","Miscanthus","Miscanthus","Poaceae","Poales",0,0,"1","0",0.074314214,".",".",".",".",".",".","3.7","21.64272619"
"1101","Misopates","Misopates","Plantaginaceae","Lamiales",0,0,"0","0",0.005925926,"1","1","1","1",".",".",".","."
"1102","Mitella","Mitella","Saxifragaceae","Saxifragales",1.818181818,0.090909091,"1","0",0,".",".",".",".",".",".",".","."
"1103","Mitrasacme","Mitrasacme","Loganiaceae","Gentianales",0,0,"1","0",0,".",".",".",".",".",".",".","."
"1104","Moehringia","Moehringia","Caryophyllaceae","Caryophyllales",0,0,"0.934782609","0",0.001818182,".","1","1","1","3",".",".","."
"1105","Moenchia","Moenchia","Caryophyllaceae","Caryophyllales",0,0,"0","0",0.001818182,".","1","1","1",".",".",".","."
"1106","Mohavea","Mohavea","Plantaginaceae","Lamiales",0,0,"0","0",0.005925926,".",".",".",".",".",".",".","."
"1107","Molinerella","Molineriella","Poaceae","Poales",0,0,"0","0",0.074314214,".",".",".",".",".",".",".","."
"1108","Mollugo","Mollugo","Molluginaceae","Caryophyllales",0,0,"0","0",0.022988506,"0",".",".",".",".",".",".","."
"1109","Moltkia","Moltkia","Boraginaceae","Boraginales",0,0,"1","0.666666667",0.001824818,".",".",".",".",".",".","0.84","."
"1110","Monarda","Monarda","Lamiaceae","Lamiales",0,0,"0.375","0",0.004320557,".","1","0.5","1",".",".",".","."
"1111","Monardella","Monardella","Lamiaceae","Lamiales",4.086021505,0.612903226,"0.741935484","0",0.004320557,".",".",".",".",".",".",".","."
"1112","Monolepis","Monolepis","Amaranthaceae","Caryophyllales",0,0,"0","0",0.041463415,".",".",".",".",".",".",".","."
"1113","Monolopia","Monolopia","Asteraceae","Asterales",0,0,"0","0",0.00210989,".",".",".",".",".",".",".","."
"1114","Monoptilon","Monoptilon","Asteraceae","Asterales",0,0,"0","0",0.00210989,".",".",".",".",".",".",".","."
"1115","Monotoca","Monotoca","Ericaceae","Ericales",20,0.5,"1","1",0,".",".",".",".",".",".",".","."
"1116","Monotropa","Monotropa","Ericaceae","Ericales",0,0,"1","0",0,".","1","0.5","1",".",".",".","."
"1117","Montia","Montia","Montiaceae","Caryophyllales",0,0,"0.233333333","0",0,".","1","0.5","1",".",".","0.6","."
"1118","Moricandia","Moricandia","Brassicaceae","Brassicales",0,0,"1","0",0.00485306,".",".",".",".",".",".","0.65","."
"1119","Morinda","Morinda","Rubiaceae","Gentianales",0,0,"1","1",6e-04,"0",".",".",".","1.25",".","0.65","6.527139519"
"1120","Morus","Morus","Moraceae","Rosales",0,0,"1","1",0.01,"0",".",".","0",".",".","0.625","0"
"1121","Mucizonia","Sedum","Crassulaceae","Saxifragales",0,0,"0","0",0,".",".",".",".",".",".",".","."
"1122","Mucronea","Mucronea","Polygonaceae","Caryophyllales",0,0,"0","0",0.002727273,".",".",".",".",".",".",".","."
"1123","Mucuna","Mucuna","Fabaceae","Fabales",0,0,"1","1",0.096494845,"1",".",".",".",".",".",".","."
"1124","Muehlenbeckia","Muehlenbeckia","Polygonaceae","Caryophyllales",0,0,"1","0.7",0.002727273,".",".",".","1",".",".",".","."
"1125","Muellerina","Muellerina","Loranthaceae","Santalales",0,0,"1","1",0,".",".",".",".",".",".","5.7","18.60807319"
"1126","Muhlenbergia","Muhlenbergia","Poaceae","Poales",0.052882073,0.016129032,"0.879032258","0",0.074314214,".",".",".",".","3",".",".","."
"1127","Muilla","Muilla","Amaryllidaceae","Asparagales",0,0,"1","0",0,".",".",".",".",".",".",".","."
"1128","Murbeckiella","Murbeckiella","Brassicaceae","Brassicales",0,0,"1","0",0.00485306,".",".",".",".",".",".",".","."
"1129","Muretia","Elaeosticta","Apiaceae","Apiales",0,0,"1","0",0.003968254,".",".",".",".",".",".",".","."
"1130","Muscari","Muscari","Asparagaceae","Asparagales",0.584795322,0.052631579,"1","0",0,".","1","0.5","1",".",".","4.18","31.1115181"
"1131","Musineon","Musineon","Apiaceae","Apiales",0,0,"1","0",0.003968254,".",".",".",".",".",".",".","."
"1132","Myoporum","Myoporum","Scrophulariaceae","Lamiales",0,0,"1","1",0.001764706,".",".",".","1","2",".","1.94","."
"1133","Myosotis","Myosotis","Boraginaceae","Boraginales",0.03417635,0.012987013,"0.39055794","0",0.001824818,".","1","0.733333333","1",".",".","2.04","0"
"1134","Myosurus","Ranunculus","Ranunculaceae","Ranunculales",2.222222222,0.1,"0","0",0,".","1","1","1",".",".","1.1","."
"1135","Myrica","Myrica","Myricaceae","Fagales",0,0,"1","1",0,".","1","0","0","2",".","0.42","."
"1136","Myriophyllum","Myriophyllum","Haloragaceae","Saxifragales",0,0,"0.9375","0",0,".","1","0.25","0.125",".",".","0.426666667","36.78517927"
"1137","Myrsine","Myrsine","Primulaceae","Ericales",0.584795322,0.052631579,"1","1",0,"0",".",".","0.533333333","1.942307692",".","1.23","."
"1138","Myrsiphyllum","Asparagus","Asparagaceae","Asparagales",0,0,"1","0",0,".",".",".",".",".",".",".","."
"1139","Najas","Najas","Hydrocharitaceae","Alismatales",0,0,"0.041666667","0",0,".","1","0.5","0",".",".",".","."
"1140","Nama","Nama","Boraginaceae","Boraginales",0,0,"0.157894737","0",0.001824818,".",".",".",".",".",".",".","."
"1141","Narcissus","Narcissus","Amaryllidaceae","Asparagales",1.41025641,0.275,"1","0",0,".","1","0.5","1","3","0.73","15.11941176","35.06471115"
"1142","Narthecium","Narthecium","Nartheciaceae","Dioscoreales",0,0,"1","0",0,".","1","0","1",".",".","0.41","."
"1143","Nassella","Nassella","Poaceae","Poales",0,0,"1","0",0.074314214,".",".",".",".","0",".",".","."
"1144","Nasturtium","Nasturtium","Brassicaceae","Brassicales",16.66666667,0.25,"1","0",0.00485306,".","1","0.333333333","1",".",".","0.595","14.01120336"
"1145","Navarretia","Navarretia","Polemoniaceae","Ericales",0,0,"0","0",0,".",".",".",".",".",".",".","."
"1146","Nemacladus","Nemacladus","Campanulaceae","Asterales",0,0,"0","0",0,".",".",".",".",".",".",".","."
"1147","Nemophila","Nemophila","Boraginaceae","Boraginales",0,0,"0","0",0.001824818,".",".",".",".",".",".","1.25","."
"1148","Nepeta","Nepeta","Lamiaceae","Lamiales",0,0,"1","0",0.004320557,".","1","0.875","1",".",".","0.28","."
"1149","Nephrolepis","Nephrolepis","Lomariopsidaceae","Monilophyta",20,0.4,"1","0",0,".",".",".",".",".",".","8.633333333","18.19135232"
"1150","Neraudia","Neraudia","Urticaceae","Rosales",0,0,"1","1",0,".",".",".",".","3",".",".","."
"1151","Nicotiana","Nicotiana","Solanaceae","Solanales",0.793650794,0.107142857,"0.321428571","0.142857143",0.089837398,".","1","1","1","0",".","3.697346939","29.20335261"
"1152","Nigella","Nigella","Ranunculaceae","Ranunculales",0,0,"0","0",0,".","1","1","1",".",".","10.66","0.243721971"
"1153","Nitrophila","Nitrophila","Amaranthaceae","Caryophyllales",0,0,"1","0",0.041463415,".",".",".",".",".",".",".","."
"1154","Nolina","Nolina","Asparagaceae","Asparagales",0,0,"1","1",0,".",".",".",".",".",".","5.776666667","12.11318026"
"1155","Nonea","Nonea","Boraginaceae","Boraginales",0,0,"0.111111111","0",0.001824818,".","1","1","1",".",".",".","."
"1156","Notelaea","Notelaea","Oleaceae","Lamiales",0,0,"1","1",0.003252033,".",".",".",".",".",".",".","."
"1157","Nothocalais","Nothocalais","Asteraceae","Asterales",0,0,"1","0",0.00210989,".",".",".",".",".",".",".","."
"1158","Nothocestrum","Nothocestrum","Solanaceae","Solanales",0,0,"1","1",0.089837398,".",".",".",".","2.875",".",".","."
"1159","Nothofagus","Nothofagus","Nothofagaceae","Fagales",33.33333333,0.333333333,"1","1",0,".",".",".","0","1.944444444","0.99",".","."
"1160","Notholaena","Hemionitis","Pteridaceae","Monilophyta",0,0,"1","0",0,".",".",".",".",".",".",".","."
"1161","Nototrichium","Nototrichium","Amaranthaceae","Caryophyllales",0,0,"1","1",0.041463415,".",".",".",".",".",".",".","."
"1162","Nuphar","Nuphar","Nymphaeaceae","Nymphaeales",10,0.2,"1","0",0,".","1","0.333333333","1",".",".","2.58","2.740723958"
"1163","Nymphaea","Nymphaea","Nymphaeaceae","Nymphaeales",0,0,"1","0",0,"0","1","0.5","1",".",".","1.297","42.3405497"
"1164","Nymphoides","Nymphoides","Menyanthaceae","Asterales",0,0,"0.928571429","0",0,"0","1","0.5","1",".",".","0.73","."
"1165","Ochrosia","Ochrosia","Apocynaceae","Gentianales",0,0,"1","1",0.000658617,".",".",".","1","3.75",".",".","."
"1166","Ocimum","Ocimum","Lamiaceae","Lamiales",0,0,"0.5","0",0.004320557,"1",".",".",".",".","0.667",".","."
"1167","Odontites","Odontites","Orobanchaceae","Lamiales",0,0,"0.117647059","0.117647059",0,".","1","1","1",".",".","0.57","."
"1168","Oenanthe","Oenanthe","Apiaceae","Apiales",0,0,"0.909090909","0",0.003968254,"0","1","0.785714286","1",".",".","0.64","2.209708691"
"1169","Oenothera","Oenothera","Onagraceae","Myrtales",0.102145046,0.04494382,"0.402001096","0",0.001538462,".","1","1","1",".","1.043","1.221666667","9.234313412"
"1170","Olearia","Olearia","Asteraceae","Asterales",0.483091787,0.108695652,"1","0.979166667",0.00210989,".",".",".","1","1.5",".","6.13","."
"1171","Omalotheca","Omalotheca","Asteraceae","Asterales",0,0,"1","0",0.00210989,".",".",".",".",".",".",".","."
"1172","Omphalodes","Omphalodes","Boraginaceae","Boraginales",0,0,"0.375","0",0.001824818,".","1","0.75","1",".",".",".","."
"1173","Oncosiphon","Oncosiphon","Asteraceae","Asterales",0,0,"0","0",0.00210989,".",".",".",".",".",".",".","."
"1174","Onobrychis","Onobrychis","Fabaceae","Fabales",0,0,"0.913043478","0",0.096494845,".","1","1","1",".",".","1.25","."
"1175","Ononis","Ononis","Fabaceae","Fabales",0.056497175,0.016666667,"0.311111111","0.433333333",0.096494845,".","1","0.833333333","1",".",".",".","."
"1176","Onopordum","Onopordum","Asteraceae","Asterales",0.865800866,0.090909091,"0","0",0.00210989,".","1","1","1",".","0.568","1.33","."
"1177","Onosma","Onosma","Boraginaceae","Boraginales",0,0,"0.712121212","0",0.001824818,".","1","1","1",".",".","1.79","46.74436057"
"1178","Onosmodium","Lithospermum","Boraginaceae","Boraginales",0,0,"1","0",0.001824818,".",".",".",".",".",".",".","."
"1179","Opercularia","Opercularia","Rubiaceae","Gentianales",0,0,"1","0",6e-04,".",".",".",".",".",".",".","."
"1180","Ophioglossum","Ophioglossum","Ophioglossaceae","Monilophyta",0,0,"1","0",0,".","1","0.5",".",".",".","61.77666667","4.21026757"
"1181","Ophrys","Ophrys","Orchidaceae","Asparagales",14.62450593,1.608695652,"1","0",0,".","1","0.833333333","1",".",".",".","."
"1182","Oplismenus","Oplismenus","Poaceae","Poales",0,0,"1","0",0.074314214,"1",".",".",".",".",".","2.64","."
"1183","Opopanax","Opopanax","Apiaceae","Apiales",0,0,"1","0",0.003968254,".",".",".",".",".",".",".","."
"1184","Opuntia","Opuntia","Cactaceae","Caryophyllales",1.333333333,0.333333333,"1","0.773584906",0,"0",".",".","1","2.5",".","2.59","31.40810556"
"1185","Orchis","Orchis","Orchidaceae","Asparagales",1.149425287,0.166666667,"1","0",0,".","1","0.857142857","1",".",".",".","."
"1186","Orcuttia","Orcuttia","Poaceae","Poales",0,0,"0","0",0.074314214,".",".",".",".",".",".",".","."
"1187","Oreobolus","Oreobolus","Cyperaceae","Poales",0,0,"1","0",0.00045977,".",".",".",".",".",".",".","."
"1188","Oreochloa","Oreochloa","Poaceae","Poales",0,0,"1","0",0.074314214,".","1","1","0",".",".",".","."
"1189","Oreomyrrhis","Chaerophyllum","Apiaceae","Apiales",10,0.2,"0.9","0",0.003968254,".",".",".",".",".",".",".","."
"1190","Oreonana","Oreonana","Apiaceae","Apiales",0,0,"1","0",0.003968254,".",".",".",".",".",".",".","."
"1191","Origanum","Origanum","Lamiaceae","Lamiales",3.846153846,0.230769231,"0.959731544","0.566666667",0.004320557,".","1","0.5","1",".",".","0.765","0"
"1192","Orlaya","Orlaya","Apiaceae","Apiales",0,0,"0","0",0.003968254,".","1","1","1",".",".","1.38","."
"1193","Ornithogalum","Ornithogalum","Asparagaceae","Asparagales",0.12195122,0.024390244,"1","0",0,"0","1","0.4","1",".",".","14.383","57.86951179"
"1194","Ornithopus","Ornithopus","Fabaceae","Fabales",1.282051282,0.076923077,"0","0",0.096494845,".","1","1","1",".",".",".","."
"1195","Orobanche","Orobanche","Orobanchaceae","Lamiales",0,0,"1","0",0,"1","1","0.925","1",".",".","3.331702128","33.07759632"
"1196","Orostachys","Orostachys","Crassulaceae","Saxifragales",0,0,"0","0",0,".",".",".",".",".",".",".","."
"1197","Orthocarpus","Orthocarpus","Orobanchaceae","Lamiales",0,0,"0","0",0,".",".",".",".",".",".",".","."
"1198","Oryzopsis","Oryzopsis","Poaceae","Poales",2.564102564,0.153846154,"1","0",0.074314214,".",".",".",".",".",".",".","."
"1199","Osmorhiza","Osmorhiza","Apiaceae","Apiales",0,0,"1","0",0.003968254,".",".",".",".",".",".",".","."
"1200","Osmunda","Osmunda","Osmundaceae","Monilophyta",33.33333333,0.333333333,"1","0",0,".","1","1",".",".",".","13.77333333","1.488088182"
"1201","Osteocarpum","Osteocarpum","Amaranthaceae","Caryophyllales",50,0.25,"1","0",0.041463415,".",".",".",".",".",".",".","."
"1202","Osyris","Osyris","Santalaceae","Santalales",0,0,"1","1",0.002139037,"0",".",".","0.5",".",".",".","."
"1203","Oxalis","Oxalis","Oxalidaceae","Oxalidales",0,0,"0.9375","0",0.003896104,"0","0.7","0.25","1","1.875",".","2.333809524","146.0891822"
"1204","Oxylobium","Oxylobium","Fabaceae","Fabales",0,0,"1","1",0.096494845,".",".",".",".",".",".",".","."
"1205","Oxytheca","Oxytheca","Polygonaceae","Caryophyllales",0,0,"0","0",0.002727273,".",".",".",".",".",".",".","."
"1206","Oxytropis","Oxytropis","Fabaceae","Fabales",0.510204082,0.12244898,"1","0",0.096494845,".","1","1","1",".",".","4.61","."
"1207","Ozothamnus","Ozothamnus","Asteraceae","Asterales",5.882352941,0.470588235,"1","1",0.00210989,".",".",".",".",".",".",".","."
"1208","Paederota","Paederota","Plantaginaceae","Lamiales",0,0,"1","0",0.005925926,".",".",".",".",".",".",".","."
"1209","Paeonia","Paeonia","Paeoniaceae","Saxifragales",0,0,"1","0",0,".","1","1","1",".",".","20.28384615","20.29001217"
"1210","Palafoxia","Palafoxia","Asteraceae","Asterales",0,0,"0","0",0.00210989,".",".",".",".",".",".",".","."
"1211","Panax","Panax","Araliaceae","Apiales",0,0,"1","0",0,".",".",".",".","3",".",".","."
"1212","Pancratium","Pancratium","Amaryllidaceae","Asparagales",0,0,"1","0",0,"0",".",".","1",".",".","24.55666667","22.59401148"
"1213","Panicum","Panicum","Poaceae","Poales",0.051264525,0.019480519,"0.48","0",0.074314214,"1","1","1","0","1.666666667",".","1.8975","29.00157923"
"1214","Papaver","Papaver","Papaveraceae","Ranunculales",0.067340067,0.018181818,"0.290909091","0",0,".","1","1","1",".","0.23","3.845","46.03355041"
"1215","Paradisea","Paradisea","Asparagaceae","Asparagales",0,0,"1","0",0,".",".",".","1",".",".","3.725","2.088100562"
"1216","Parapholis","Parapholis","Poaceae","Poales",0,0,"0","0",0.074314214,".","1","1","0",".",".","9.08","."
"1217","Parentucellia","Parentucellia","Orobanchaceae","Lamiales",0,0,"0","0",0,".","1","1","1",".",".",".","."
"1218","Parietaria","Parietaria","Urticaceae","Rosales",0,0,"0.325","0",0,".","1","0.833333333","0.5",".",".","0.57","."
"1219","Parnassia","Parnassia","Celastraceae","Celastrales",1.818181818,0.090909091,"1","0",0,".","1","0.5","1",".",".","1.18","."
"1220","Paronychia","Paronychia","Caryophyllaceae","Caryophyllales",0,0,"0.653846154","0",0.001818182,".","1","1","0.666666667",".",".","1.34","."
"1221","Parsonsia","Parsonsia","Apocynaceae","Gentianales",0,0,"1","1",0.000658617,".",".",".","1",".",".",".","."
"1222","Parthenium","Parthenium","Asteraceae","Asterales",0,0,"0.8","0.285714286",0.00210989,".",".",".",".",".",".",".","."
"1223","Parvisedum","Sedum","Crassulaceae","Saxifragales",0,0,"0","0",0,".",".",".",".",".",".",".","."
"1224","Paspalidium","Setaria","Poaceae","Poales",0,0,"1","0",0.074314214,".",".",".","0",".",".",".","."
"1225","Paspalum","Paspalum","Poaceae","Poales",0,0,"0.92","0",0.074314214,".",".",".","0.496478873","2.666666667",".","1.232083333","21.52214294"
"1226","Passiflora","Passiflora","Passifloraceae","Malpighiales",0,0,"1","0.6",0.001652893,"0",".",".","1","2","0.967","1.7304","21.2334278"
"1227","Pastinaca","Pastinaca","Apiaceae","Apiales",0,0,"0.25","0",0.003968254,".","1","1","1",".",".","1.73","."
"1228","Patersonia","Patersonia","Iridaceae","Asparagales",0,0,"1","0",0,".",".",".",".",".",".",".","."
"1229","Pectis","Pectis","Asteraceae","Asterales",0,0,"0","0",0.00210989,".",".",".",".",".",".",".","."
"1230","Pectocarya","Pectocarya","Boraginaceae","Boraginales",1.515151515,0.083333333,"0","0",0.001824818,".",".",".",".",".",".",".","."
"1231","Pedicularis","Pedicularis","Orobanchaceae","Lamiales",0,0,"0.957317073","0",0,".","1","1","1",".","0.962","2.84","."
"1232","Pediocactus","Pediocactus","Cactaceae","Caryophyllales",0,0,"1","1",0,".",".",".",".",".",".",".","."
"1233","Pediomelum","Pediomelum","Fabaceae","Fabales",0,0,"1","0",0.096494845,".",".",".",".",".",".",".","."
"1234","Pelargonium","Pelargonium","Geraniaceae","Geraniales",2.197802198,0.142857143,"0.96875","0.5",0,"0.666666667",".",".","1","4",".","8.1","."
"1235","Pelea","Pelea","Rutaceae","Sapindales",0,0,"1","1",0.001652893,".",".",".",".","5",".",".","."
"1236","Pellaea","Hemionitis","Pteridaceae","Monilophyta",2.857142857,0.2,"1","0",0,".",".",".",".",".",".","6.81","."
"1237","Peltaria","Peltaria","Brassicaceae","Brassicales",0,0,"1","0",0.00485306,".",".",".",".",".",".","0.763333333","51.43207638"
"1238","Pennisetum","Cenchrus","Poaceae","Poales",0,0,"0.875","0",0.074314214,".",".",".","0",".",".","2.121666667","35.48932833"
"1239","Penstemon","Penstemon","Plantaginaceae","Lamiales",0.081371694,0.075268817,"1","0.144385027",0.005925926,".",".",".",".",".",".","0.819913043","48.7061693"
"1240","Pentachaeta","Pentachaeta","Asteraceae","Asterales",0,0,"0","0",0.00210989,".",".",".",".",".",".",".","."
"1241","Pentagramma","Hemionitis","Pteridaceae","Monilophyta",0,0,"1","0",0,".",".",".",".",".",".",".","."
"1242","Peperomia","Peperomia","Piperaceae","Piperales",0,0,"0.538461538","0",0.000992556,"0",".",".","0.5","2.968085106",".","1.887","52.78756168"
"1243","Perideridia","Perideridia","Apiaceae","Apiales",0,0,"1","0",0.003968254,".",".",".",".",".",".",".","."
"1244","Periploca","Periploca","Apocynaceae","Gentianales",0,0,"1","1",0.000658617,"0",".",".","1",".",".","0.5","."
"1245","Perityle","Perityle","Asteraceae","Asterales",0,0,"0.833333333","0.25",0.00210989,".",".",".",".",".",".",".","."
"1246","Persicaria","Persicaria","Polygonaceae","Caryophyllales",1.814516129,0.28125,"0.375","0",0.002727273,"0","1","0.727272727","1",".",".","0.565","33.79094353"
"1247","Persoonia","Persoonia","Proteaceae","Proteales",7.272727273,0.363636364,"1","0.916666667",0.000625,".",".",".",".",".","1.135",".","."
"1248","Petalonyx","Petalonyx","Loasaceae","Cornales",0,0,"1","1",0,".",".",".",".",".",".",".","."
"1249","Petasites","Petasites","Asteraceae","Asterales",1.169590643,0.105263158,"1","0",0.00210989,".","1","0.4","0.916666667",".",".","0.88","."
"1250","Petrocoptis","Petrocoptis","Caryophyllaceae","Caryophyllales",0,0,"1","0",0.001818182,".",".",".",".",".",".",".","."
"1251","Petrorhagia","Petrorhagia","Caryophyllaceae","Caryophyllales",0.307692308,0.038461538,"0.24","0",0.001818182,".","1","1","1",".",".","0.885","0"
"1252","Petroselinum","Petroselinum","Apiaceae","Apiales",0,0,"0","0",0.003968254,".","1","1","1",".",".","2.568333333","0"
"1253","Petrosimonia","Petrosimonia","Amaranthaceae","Caryophyllales",0,0,"0","0",0.041463415,".",".",".",".",".",".",".","."
"1254","Peucedanum","Peucedanum","Apiaceae","Apiales",0,0,"0.903225806","0",0.003968254,".","1","0.785714286","1","1.833333333",".","3.09","34.72146552"
"1255","Phacelia","Phacelia","Boraginaceae","Boraginales",0.03740835,0.030487805,"0.137195122","0",0.001824818,".","1","1","1",".",".",".","."
"1256","Phagnalon","Phagnalon","Asteraceae","Asterales",20,0.5,"1","1",0.00210989,".",".",".","1",".",".","1.1","."
"1257","Phalacrocarpum","Phalacrocarpum","Asteraceae","Asterales",0,0,"1","0",0.00210989,".",".",".",".",".",".",".","."
"1258","Phalaris","Phalaris","Poaceae","Poales",0,0,"0.394736842","0",0.074314214,".","1","0.833333333","0",".",".","3.637333333","41.76580589"
"1259","Phaseolus","Phaseolus","Fabaceae","Fabales",0,0,"0.5","0",0.096494845,".","1","1","1","3.5","0.473","0.824788732","26.86409937"
"1260","Phebalium","Phebalium","Rutaceae","Sapindales",0,0,"1","1",0.001652893,".",".",".",".",".",".",".","."
"1261","Phegopteris","Phegopteris","Thelypteridaceae","Monilophyta",0,0,"1","0",0,".","0","0.5",".",".",".","7.2","."
"1262","Phellodendron","Phellodendron","Rutaceae","Sapindales",0,0,"1","1",0.001652893,".",".",".",".",".",".",".","."
"1263","Phelypaea","Phelypaea","Orobanchaceae","Lamiales",0,0,"1","0",0,".",".",".",".",".",".","2.675","0"
"1264","Phemeranthus","Phemeranthus","Montiaceae","Caryophyllales",0,0,"1","0",0,".",".",".",".",".",".",".","."
"1265","Philadelphus","Philadelphus","Hydrangeaceae","Cornales",0,0,"1","1",0,".","1","1","1",".",".",".","."
"1266","Phillyrea","Phillyrea","Oleaceae","Lamiales",0,0,"1","1",0.003252033,".",".",".","1",".",".",".","."
"1267","Phippsia","Phippsia","Poaceae","Poales",150,0.75,"1","0",0.074314214,".",".",".",".",".",".",".","."
"1268","Phleum","Phleum","Poaceae","Poales",0,0,"0.625","0",0.074314214,".","1","0.785714286","0",".",".","2.314285714","35.48112136"
"1269","Phlomis","Phlomis","Lamiaceae","Lamiales",1.098901099,0.071428571,"1","0.714285714",0.004320557,".",".",".","1",".",".",".","."
"1270","Phlox","Phlox","Polemoniaceae","Ericales",0.408163265,0.1,"0.96","0",0,".","1","0.5","1",".","0.54",".","."
"1271","Phoenix","Phoenix","Arecaceae","Arecales",0,0,"1","1",5e-04,"0",".",".",".","0.5",".","1.112857143","29.21622912"
"1272","Pholisma","Pholisma","Boraginaceae","Boraginales",0,0,"1","0",0.001824818,".",".",".",".",".",".",".","."
"1273","Pholistoma","Pholistoma","Boraginaceae","Boraginales",0,0,"0","0",0.001824818,".",".",".",".",".",".",".","."
"1274","Phoradendron","Phoradendron","Santalaceae","Santalales",0,0,"1","0.666666667",0.002139037,".",".",".","1","2.8",".",".","."
"1275","Phormium","Phormium","Xanthorrhoeaceae","Asparagales",0,0,"1","1",0,".",".","1",".",".","0.946","0.76","."
"1276","Phyllangium","Phyllangium","Loganiaceae","Gentianales",0,0,"0","0",0,".",".",".",".",".",".",".","."
"1277","Phyllanthus","Phyllanthus","Phyllanthaceae","Malpighiales",0,0,"0.6","0.333333333",0.002292264,"0",".",".","1","2.3125",".","1.146666667","25.23550513"
"1278","Phyllitis","Asplenium","Aspleniaceae","Monilophyta",300,1.5,"1","0",0,".",".",".",".",".",".",".","."
"1279","Phyllodoce","Phyllodoce","Ericaceae","Ericales",0,0,"1","1",0,".",".","0.5","1",".",".",".","."
"1280","Phyllostachys","Phyllostachys","Poaceae","Poales",0,0,"1","1",0.074314214,".",".",".",".",".",".","2.5","11.3137085"
"1281","Phyllostegia","Phyllostegia","Lamiaceae","Lamiales",0.854700855,0.111111111,"1","0.111111111",0.004320557,".",".",".",".","4",".",".","."
"1282","Phyllota","Phyllota","Fabaceae","Fabales",0,0,"1","1",0.096494845,".",".",".",".",".",".","0.94","."
"1283","Physalis","Physalis","Solanaceae","Solanales",0,0,"0.627906977","0.0625",0.089837398,"0","1","0.5","1",".",".",".","."
"1284","Physaria","Physaria","Brassicaceae","Brassicales",0.378787879,0.060606061,"0.96969697","0",0.00485306,".",".",".",".",".",".","1.315","85.40728614"
"1285","Physocarpus","Physocarpus","Rosaceae","Rosales",0,0,"1","1",0.001060071,".","1","1","1",".",".","0.263333333","10.96234688"
"1286","Physospermum","Physospermum","Apiaceae","Apiales",0,0,"1","0",0.003968254,".",".",".","1",".",".",".","."
"1287","Physostegia","Physostegia","Lamiaceae","Lamiales",33.33333333,0.333333333,"1","0",0.004320557,".",".",".",".",".",".",".","."
"1288","Phyteuma","Phyteuma","Campanulaceae","Asterales",0,0,"1","0",0,".","1","0.916666667","1",".",".","1.145","0"
"1289","Phytolacca","Phytolacca","Phytolaccaceae","Caryophyllales",0,0,"1","0.166666667",0,"0","1","1","1",".",".","1.85","40.37371079"
"1290","Picea","Picea","Pinaceae","Pinophyta",0,0,"1","1",0.004761905,".","1","0.833333333","0","0.867647059","0.809863636","16.9924","15.75913537"
"1291","Picradeniopsis","Picradeniopsis","Asteraceae","Asterales",0,0,"1","0.5",0.00210989,".",".",".",".",".",".",".","."
"1292","Picris","Picris","Asteraceae","Asterales",0,0,"0.323529412","0",0.00210989,"0","1","1","1",".",".","1.58","."
"1293","Pilea","Pilea","Urticaceae","Rosales",0,0,"0.25","0",0,".",".",".",".","2.458333333",".",".","."
"1294","Pilosella","Pilosella","Asteraceae","Asterales",20,0.5,"1","0",0.00210989,".","0.5","0.533898305","1",".",".","4.241276596","23.98793765"
"1295","Pilularia","Pilularia","Marsileaceae","Monilophyta",0,0,"1","0",0,".",".",".",".",".",".",".","."
"1296","Pimelea","Pimelea","Thymelaeaceae","Malvales",0,0,"0.916666667","0.6875",0.001324503,".",".",".","1",".",".","3.73","."
"1297","Pimpinella","Pimpinella","Apiaceae","Apiales",0,0,"0.785714286","0",0.003968254,"0","1","1","1",".",".","3.475","31.10989685"
"1298","Pinellia","Pinellia","Araceae","Alismatales",0,0,"1","0",0.000248447,".","1","0.5","1",".",".","2.37","68.62217708"
"1299","Pinguicula","Pinguicula","Lentibulariaceae","Lamiales",2.5,0.1875,"1","0",0,".","1","0.75","0.875",".",".","0.654","19.27656947"
"1300","Pinus","Pinus","Pinaceae","Pinophyta",0.216216216,0.08,"1","1",0.004761905,".","1","1","0","0.417431193","0.888","24.77841155","20.5887203"
"1301","Piperia","Platanthera","Orchidaceae","Asparagales",0,0,"1","0",0,".",".",".",".",".",".",".","."
"1302","Piptatherum","Piptatherum","Poaceae","Poales",0,0,"1","0",0.074314214,".",".",".","0",".",".",".","."
"1303","Pipturus","Pipturus","Urticaceae","Rosales",0,0,"1","1",0,".",".",".",".","2",".",".","."
"1304","Pisonia","Pisonia","Nyctaginaceae","Caryophyllales",0,0,"1","1",0.005063291,".",".",".",".","3",".",".","."
"1305","Pistacia","Pistacia","Anacardiaceae","Sapindales",16.66666667,0.25,"1","1",0.002030457,".",".",".","0.5","1",".","0.616666667","9.22093087"
"1306","Pistia","Pistia","Araceae","Alismatales",0,0,"1","0",0.000248447,"0",".",".",".",".",".","0.295","0"
"1307","Pistorinia","Pistorinia","Crassulaceae","Saxifragales",0,0,"0","0",0,".",".",".",".",".",".",".","."
"1308","Pittosporum","Pittosporum","Pittosporaceae","Apiales",2.333333333,0.28,"1","1",0.005,"0",".","1","1","2.21875",".","0.535","19.82542377"
"1309","Pityrogramma","Pityrogramma","Pteridaceae","Monilophyta",100,0.5,"1","0",0,".",".",".",".",".",".",".","."
"1310","Plagiobothrys","Plagiobothrys","Boraginaceae","Boraginales",0,0,"0.057692308","0",0.001824818,".",".",".",".",".",".",".","."
"1311","Plantago","Plantago","Plantaginaceae","Lamiales",0.131967086,0.074561404,"0.595284872","0.021929825",0.005925926,".","1","0.944444444","0.35","2","0.576","1.101212121","41.18528627"
"1312","Platanthera","Platanthera","Orchidaceae","Asparagales",1.333333333,0.16,"1","0",0,".","1","1","1","2.125",".","8.895","16.65690819"
"1313","Platycapnos","Platycapnos","Papaveraceae","Ranunculales",0,0,"0","0",0,".",".",".",".",".",".",".","."
"1314","Platycerium","Platycerium","Polypodiaceae","Monilophyta",0,0,"1","0",0,".",".",".",".",".",".",".","."
"1315","Platydesma","Melicope","Rutaceae","Sapindales",0,0,"1","1",0.001652893,".",".",".",".","3",".",".","."
"1316","Platylobium","Platylobium","Fabaceae","Fabales",0,0,"1","0.75",0.096494845,".",".",".",".",".",".",".","."
"1317","Platysace","Platysace","Apiaceae","Apiales",0,0,"1","0.333333333",0.003968254,".",".",".",".",".",".",".","."
"1318","Plectranthus","Plectranthus","Lamiaceae","Lamiales",0,0,"1","0.2",0.004320557,"1",".",".",".","2",".","1.73","."
"1319","Pleioblastus","Pleioblastus","Poaceae","Poales",0,0,"1","1",0.074314214,".",".",".",".",".",".",".","."
"1320","Pleomele","Dracaena","Asparagaceae","Asparagales",0,0,"1","1",0,".",".",".",".","2.6",".",".","."
"1321","Pleuraphis","Hilaria","Poaceae","Poales",0,0,"1","0",0.074314214,".",".",".",".",".",".",".","."
"1322","Pleuropogon","Pleuropogon","Poaceae","Poales",0,0,"0.166666667","0",0.074314214,".",".",".",".",".",".",".","."
"1323","Pleurospermum","Pleurospermum","Apiaceae","Apiales",0,0,"0.5","0",0.003968254,".","1","1","1",".",".",".","."
"1324","Pluchea","Pluchea","Asteraceae","Asterales",2.222222222,0.1,"0.6","0.4",0.00210989,"0",".",".",".","3.5",".",".","."
"1325","Pneumatopteris","Thelypteris","Thelypteridaceae","Monilophyta",0,0,"1","0",0,".",".",".",".",".",".",".","."
"1326","Poa","Poa","Poaceae","Poales",0.116245278,0.107526882,"0.9","0",0.074314214,".","0.805555556","0.526315789","0","0",".","3.399130435","77.20493915"
"1327","Podolepis","Podolepis","Asteraceae","Asterales",0,0,"0.666666667","0",0.00210989,".",".",".","1",".",".",".","."
"1328","Podolobium","Podolobium","Fabaceae","Fabales",0,0,"1","1",0.096494845,".",".",".",".",".",".",".","."
"1329","Pogogyne","Pogogyne","Lamiaceae","Lamiales",0,0,"0","0",0.004320557,".",".",".",".",".",".",".","."
"1330","Polanisia","Cleome","Cleomaceae","Brassicales",0,0,"0","0",0.006666667,".",".",".",".",".",".",".","."
"1331","Polemonium","Polemonium","Polemoniaceae","Ericales",0,0,"0.916666667","0",0,".","1","1","1",".",".",".","."
"1332","Polycarpon","Polycarpon","Caryophyllaceae","Caryophyllales",0,0,"0.25","0",0.001818182,".","1","1","0.5",".",".",".","."
"1333","Polycnemum","Polycnemum","Amaranthaceae","Caryophyllales",0,0,"0","0",0.041463415,".","1","1","1",".",".",".","."
"1334","Polyctenium","Polyctenium","Brassicaceae","Brassicales",0,0,"1","0",0.00485306,".",".",".",".",".",".",".","."
"1335","Polygala","Polygala","Polygalaceae","Fabales",0.090456807,0.029850746,"0.892857143","0.171641791",0.001913876,"1","1","0.875","1","3.5",".","0.671111111","59.60355442"
"1336","Polygonatum","Polygonatum","Asparagaceae","Asparagales",3.636363636,0.181818182,"1","0",0,".","1","0.5","1",".",".","12.98875","57.05023578"
"1337","Polygonum","Polygonum","Polygonaceae","Caryophyllales",0.02920774,0.024096386,"0.33984375","0.03125",0.002727273,".","1","1","1","4",".","0.72","26.46188734"
"1338","Polymnia","Polymnia","Asteraceae","Asterales",0,0,"1","0",0.00210989,".",".",".",".",".",".",".","."
"1339","Polypodium","Polypodium","Polypodiaceae","Monilophyta",6.666666667,0.5,"1","0",0,".","1","0.5","1","1.6",".","14.15444444","27.11387166"
"1340","Polypogon","Polypogon","Poaceae","Poales",1.960784314,0.166666667,"0.526315789","0",0.074314214,".","1","1","0",".",".",".","."
"1341","Polyscias","Polyscias","Araliaceae","Apiales",0,0,"1","1",0,".",".",".",".","3.045454545",".",".","."
"1342","Polystichum","Polystichum","Dryopteridaceae","Monilophyta",4.666666667,0.56,"1","0",0,".","1","1",".","2.5",".","7.75","."
"1343","Pomaderris","Pomaderris","Rhamnaceae","Rosales",0.168067227,0.028571429,"1","1",0.004444444,".",".",".",".","0.5",".",".","."
"1344","Populus","Populus","Salicaceae","Malpighiales",2.43902439,0.5,"1","0.8",0,".","1","0.916666667","0","1.9",".","0.488333333","6.131957592"
"1345","Poranthera","Poranthera","Phyllanthaceae","Malpighiales",0,0,"0.5","0.5",0.002292264,".",".",".",".",".",".",".","."
"1346","Porophyllum","Porophyllum","Asteraceae","Asterales",0,0,"1","0.5",0.00210989,".",".",".","1",".",".",".","."
"1347","Portulaca","Portulaca","Portulacaceae","Caryophyllales",0,0,"0.333333333","0",0.007594937,"0","1","1","1","2.666666667",".","1.68","."
"1348","Potamogeton","Potamogeton","Potamogetonaceae","Alismatales",0.610483042,0.424285714,"1","0",0,"0","1","0.4375","0",".",".","0.53","."
"1349","Potentilla","Potentilla","Rosaceae","Rosales",0.163203816,0.145251397,"0.924447865","0.021506533",0.001060071,".","0.625","0.766666667","1",".",".","0.982857143","57.2891878"
"1350","Prasophyllum","Prasophyllum","Orchidaceae","Asparagales",0.229885057,0.033333333,"1","0",0,".",".",".",".",".",".",".","."
"1351","Pratia","Lobelia","Campanulaceae","Asterales",0,0,"1","0",0,".",".",".",".",".",".",".","."
"1352","Prenanthes","Prenanthes","Asteraceae","Asterales",2.222222222,0.1,"1","0",0.00210989,".","1","0.5","1","3",".",".","."
"1353","Primula","Primula","Primulaceae","Ericales",0.784313725,0.196078431,"1","0",0,".","1","0.583333333","1",".","0.852","0.508","1.980768878"
"1354","Pritchardia","Pritchardia","Arecaceae","Arecales",0,0,"1","1",5e-04,".",".",".",".","3.25",".",".","."
"1355","Proboscidea","Proboscidea","Martyniaceae","Lamiales",0,0,"0.25","0",0,".",".",".",".",".",".","0.49","."
"1356","Procopiania","Symphytum","Boraginaceae","Boraginales",0,0,"1","0",0.001824818,".",".",".",".",".",".",".","."
"1357","Proserpinaca","Proserpinaca","Haloragaceae","Saxifragales",100,0.5,"1","0",0,".",".",".",".",".",".",".","."
"1358","Prosopis","Prosopis","Fabaceae","Fabales",3.571428571,0.125,"1","1",0.096494845,"0",".",".",".","0.7","0.845857143","0.663076923","45.26093701"
"1359","Prostanthera","Prostanthera","Lamiaceae","Lamiales",2.339181287,0.210526316,"1","0.973684211",0.004320557,".",".",".",".",".",".",".","."
"1360","Prunella","Prunella","Lamiaceae","Lamiales",2.222222222,0.1,"1","0",0.004320557,".","1","0.666666667","1",".",".","0.65","0"
"1361","Prunus","Prunus","Rosaceae","Rosales",0.240891298,0.097560976,"1","1",0.001060071,"0","1","0.892857143","1","1.730769231","0.803","0.733225806","134.3402965"
"1362","Psathyrotes","Psathyrotes","Asteraceae","Asterales",0,0,"0.2","0.2",0.00210989,".",".",".",".",".",".",".","."
"1363","Pseudanthus","Pseudanthus","Picrodendraceae","Malpighiales",0,0,"1","1",0,".",".",".",".",".",".",".","."
"1364","Pseudarrhenatherum","Arrhenatherum","Poaceae","Poales",0,0,"1","0",0.074314214,".",".",".",".",".",".",".","."
"1365","Pseudobahia","Pseudobahia","Asteraceae","Asterales",0,0,"0","0",0.00210989,".",".",".",".",".",".",".","."
"1366","Pseudofumaria","Pseudofumaria","Papaveraceae","Ranunculales",0,0,"1","0",0,".","1","0.75","1",".",".","0.63","."
"1367","Pseudoraphis","Pseudoraphis","Poaceae","Poales",0,0,"0.75","0",0.074314214,".",".",".",".",".",".",".","."
"1368","Pseudorchis","Pseudorchis","Orchidaceae","Asparagales",0,0,"1","0",0,".","1","1","1",".",".",".","."
"1369","Pseudorlaya","Daucus","Apiaceae","Apiales",0,0,"0","0",0.003968254,".",".",".",".",".",".",".","."
"1370","Pseudotsuga","Pseudotsuga","Pinaceae","Pinophyta",0,0,"1","1",0.004761905,".","1","1","0","1.125","0.925","18.325","0"
"1371","Psidium","Psidium","Myrtaceae","Myrtales",0,0,"1","1",0.003243243,"0",".",".","1","2.571428571",".","0.47","16.93239204"
"1372","Psilocarphus","Psilocarphus","Asteraceae","Asterales",0,0,"0","0",0.00210989,".",".",".",".",".",".",".","."
"1373","Psilostrophe","Psilostrophe","Asteraceae","Asterales",0,0,"0.666666667","0.166666667",0.00210989,".",".",".",".",".",".",".","."
"1374","Psilotum","Psilotum","Psilotaceae","Monilophyta",100,0.5,"1","0",0,".",".",".",".",".",".","72.68","."
"1375","Psoralea","Psoralea","Fabaceae","Fabales",0,0,"1","0",0.096494845,".",".",".","1",".",".",".","."
"1376","Psoralidium","Pediomelum","Fabaceae","Fabales",0,0,"1","0",0.096494845,".",".",".",".",".",".",".","."
"1377","Psorothamnus","Psorothamnus","Fabaceae","Fabales",0,0,"1","1",0.096494845,".",".",".",".",".",".",".","."
"1378","Psychotria","Psychotria","Rubiaceae","Gentianales",7.272727273,0.363636364,"1","1",6e-04,"0",".",".","1","2.507936508","0.7185",".","."
"1379","Pteralyxia","Pteralyxia","Apocynaceae","Gentianales",0,0,"1","1",0.000658617,".",".",".",".","2.5",".",".","."
"1380","Pteris","Pteris","Pteridaceae","Monilophyta",0,0,"1","0",0,".",".",".",".","4",".",".","."
"1381","Pterocephalus","Pterocephalus","Caprifoliaceae","Dipsacales",0,0,"0.5","0",0,".",".",".",".",".",".","1.71","2.481076425"
"1382","Pterostylis","Pterostylis","Orchidaceae","Asparagales",0.226244344,0.057692308,"1","0",0,".",".",".",".",".",".",".","."
"1383","Ptilostemon","Ptilostemon","Asteraceae","Asterales",0,0,"0.777777778","0.222222222",0.00210989,".",".",".",".",".",".",".","."
"1384","Ptilotrichum","Ptilotrichum","Brassicaceae","Brassicales",0,0,"1","0.666666667",0.00485306,".",".",".",".",".",".","1.445","79.76360231"
"1385","Ptilotus","Ptilotus","Amaranthaceae","Caryophyllales",0,0,"1","0",0.041463415,".",".",".","1",".",".","3.35","."
"1386","Puccinellia","Puccinellia","Poaceae","Poales",0.522648084,0.107142857,"0.798882682","0",0.074314214,".","1","0.666666667","0",".",".","3.556666667","44.4612679"
"1387","Pulicaria","Pulicaria","Asteraceae","Asterales",0,0,"0.428571429","0",0.00210989,"0","1","0.75","1","1.142857143",".",".","."
"1388","Pulmonaria","Pulmonaria","Boraginaceae","Boraginales",0.584795322,0.052631579,"1","0",0.001824818,".","1","0.5","1",".",".","1.745","12.56178236"
"1389","Pulsatilla","Pulsatilla","Ranunculaceae","Ranunculales",0,0,"1","0",0,".",".",".",".",".",".","8.825","71.7122458"
"1390","Pultenaea","Pultenaea","Fabaceae","Fabales",0.340136054,0.081632653,"1","0.918367347",0.096494845,".",".",".",".",".",".","1.65","79.71021897"
"1391","Purshia","Purshia","Rosaceae","Rosales",33.33333333,0.5,"1","1",0.001060071,".",".",".",".",".",".",".","."
"1392","Pycnanthemum","Pycnanthemum","Lamiaceae","Lamiales",0,0,"1","0",0.004320557,".",".",".",".",".",".",".","."
"1393","Pycnosorus","Pycnosorus","Asteraceae","Asterales",0,0,"0.333333333","0",0.00210989,".",".",".","1",".",".",".","."
"1394","Pycreus","Cyperus","Cyperaceae","Poales",0,0,"0.25","0",0.00045977,"1","1","1","0",".",".",".","."
"1395","Pyracantha","Pyracantha","Rosaceae","Rosales",0,0,"1","1",0.001060071,"0",".",".","1","3",".","0.725","0"
"1396","Pyrola","Pyrola","Ericaceae","Ericales",0,0,"1","0",0,".","1","0.5","1",".",".",".","."
"1397","Pyrrhopappus","Pyrrhopappus","Asteraceae","Asterales",0,0,"0.5","0",0.00210989,".",".",".",".",".",".","6.465","4.046860155"
"1398","Pyrrocoma","Pyrrocoma","Asteraceae","Asterales",0,0,"1","0",0.00210989,".",".",".",".",".",".",".","."
"1399","Pyrularia","Pyrularia","Santalaceae","Santalales",0,0,"1","1",0.002139037,".",".",".",".",".",".",".","."
"1400","Pyrus","Pyrus","Rosaceae","Rosales",0.952380952,0.066666667,"1","1",0.001060071,".","1","1","1","2.071428571",".","0.626","11.53870036"
"1401","Quercus","Quercus","Fagaceae","Fagales",1.865203762,0.811363636,"1","1",0.001492537,".","1","1","0.181818182","1.650943396","0.985","0.906086957","6.938221254"
"1402","Rafinesquia","Rafinesquia","Asteraceae","Asterales",0,0,"0","0",0.00210989,".",".",".",".",".",".",".","."
"1403","Raillardella","Raillardella","Asteraceae","Asterales",33.33333333,0.333333333,"1","0",0.00210989,".",".",".",".",".",".",".","."
"1404","Raillardiopsis","Anisocarpus","Asteraceae","Asterales",0,0,"1","0",0.00210989,".",".",".",".",".",".",".","."
"1405","Ramonda","Ramonda","Gesneriaceae","Lamiales",0,0,"1","0",0,".",".",".",".",".",".","2.842857143","52.44090889"
"1406","Ranunculus","Ranunculus","Ranunculaceae","Ranunculales",0.044003432,0.066225166,"0.774545455","0",0,"0","0.707317073","0.552941176","1",".",".","6.890787402","59.76966564"
"1407","Raphanus","Raphanus","Brassicaceae","Brassicales",3.636363636,0.181818182,"0.090909091","0",0.00485306,".","1","1","1",".",".","0.664444444","0"
"1408","Rapistrum","Rapistrum","Brassicaceae","Brassicales",0,0,"0.25","0",0.00485306,".","1","1","1",".",".",".","."
"1409","Ratibida","Ratibida","Asteraceae","Asterales",0,0,"1","0",0.00210989,".",".",".",".",".",".",".","."
"1410","Reichardia","Reichardia","Asteraceae","Asterales",0,0,"0.583333333","0",0.00210989,".",".",".","1",".",".","1.7725","32.08754675"
"1411","Remya","Remya","Asteraceae","Asterales",0,0,"1","1",0.00210989,".",".",".",".",".",".",".","."
"1412","Reseda","Reseda","Resedaceae","Brassicales",0,0,"0.378787879","0",0.026666667,".","1","1","1","0",".","0.43","26.31095"
"1413","Restio","Restio","Restionaceae","Poales",0,0,"1","0",0,".",".",".",".",".",".",".","."
"1414","Reynoutria","Reynoutria","Polygonaceae","Caryophyllales",16.66666667,0.25,"1","0",0.002727273,".","1","0","1",".",".","2.573","31.87624101"
"1415","Rhagodia","Rhagodia","Amaranthaceae","Caryophyllales",0,0,"1","0",0.041463415,".",".",".","0",".",".",".","."
"1416","Rhamnus","Rhamnus","Rhamnaceae","Rosales",0.189393939,0.03030303,"1","1",0.004444444,".","1","1","0.833333333","0.875",".","0.581428571","58.19081508"
"1417","Rheum","Rheum","Polygonaceae","Caryophyllales",0,0,"1","0",0.002727273,".","1","0.5","1",".",".",".","."
"1418","Rhexia","Rhexia","Melastomataceae","Myrtales",0,0,"1","0",0,".",".",".",".",".",".",".","."
"1419","Rhinanthus","Rhinanthus","Orobanchaceae","Lamiales",0,0,"0","0",0,".","1","1","1",".",".","3.5","18.1827458"
"1420","Rhodanthe","Rhodanthe","Asteraceae","Asterales",0,0,"0.1","0",0.00210989,".",".",".","1",".",".",".","."
"1421","Rhodiola","Rhodiola","Crassulaceae","Saxifragales",0,0,"1","0",0,".",".",".",".",".","0.728",".","."
"1422","Rhododendron","Rhododendron","Ericaceae","Ericales",0,0,"1","1",0,".","1","0.9","0.875","2.045454545","0.8",".","."
"1423","Rhus","Rhus","Anacardiaceae","Sapindales",1.470588235,0.117647059,"1","1",0.002030457,"0","1","0.5","0.75","1.416666667",".",".","."
"1424","Rhynchosinapis","Coincya","Brassicaceae","Brassicales",0,0,"0.5","0",0.00485306,".",".",".",".",".",".",".","."
"1425","Rhynchospora","Rhynchospora","Cyperaceae","Poales",0,0,"1","0",0.00045977,".","1","0.5","0.489130435",".",".",".","."
"1426","Rhytidosporum","Rhytidosporum","Pittosporaceae","Apiales",0,0,"1","0",0.005,".",".",".",".",".",".",".","."
"1427","Ribes","Ribes","Grossulariaceae","Saxifragales",0.088157508,0.036144578,"1","1",0,".","1","0.875","1","2.4",".","0.886","21.39414262"
"1428","Richea","Richea","Ericaceae","Ericales",0,0,"1","1",0,".",".",".",".",".",".",".","."
"1429","Ricotia","Ricotia","Brassicaceae","Brassicales",0,0,"0.5","0",0.00485306,".",".",".",".",".",".",".","."
"1430","Rindera","Rindera","Boraginaceae","Boraginales",0,0,"1","0",0.001824818,".",".",".",".",".",".",".","."
"1431","Robinia","Robinia","Fabaceae","Fabales",0,0,"1","1",0.096494845,".","1","0.5","1",".","0.8","0.695","0"
"1432","Rollandia","Cyanea","Campanulaceae","Asterales",3.571428571,0.125,"1","0.75",0,".",".",".",".",".",".",".","."
"1433","Romanzoffia","Romanzoffia","Boraginaceae","Boraginales",0,0,"1","0",0.001824818,".",".",".",".",".",".",".","."
"1434","Romneya","Romneya","Papaveraceae","Ranunculales",0,0,"1","1",0,".",".",".",".",".",".",".","."
"1435","Romulea","Romulea","Iridaceae","Asparagales",2.197802198,0.142857143,"1","0",0,"0",".",".","1",".",".",".","."
"1436","Rorippa","Rorippa","Brassicaceae","Brassicales",0.951877314,0.290322581,"0.656341928","0",0.00485306,".","1","0.571428571","1",".",".","0.62","0"
"1437","Rosa","Rosa","Rosaceae","Rosales",1.171624714,0.667826087,"1","1",0.001060071,"0","1","0.759259259","1",".",".","0.785","42.40715109"
"1438","Rosmarinus","Rosmarinus","Lamiaceae","Lamiales",0,0,"1","1",0.004320557,"1",".",".","1",".",".",".","."
"1439","Rostraria","Rostraria","Poaceae","Poales",0,0,"0","0",0.074314214,".",".",".","0",".",".",".","."
"1440","Rotala","Rotala","Lythraceae","Myrtales",0,0,"0","0",0,"0",".",".",".",".",".",".","."
"1441","Rubia","Rubia","Rubiaceae","Gentianales",0,0,"1","0",6e-04,".",".",".","1",".",".","2.76","."
"1442","Rubus","Rubus","Rosaceae","Rosales",0.06483085,0.181850534,"1","0.911931818",0.001060071,"0","0.504885993","0.498381877","1","2",".","0.371851852","57.24598553"
"1443","Rudbeckia","Rudbeckia","Asteraceae","Asterales",0,0,"0.903252711","0",0.00210989,".","1","0.75","1",".",".","9.05","45.87296954"
"1444","Ruellia","Ruellia","Acanthaceae","Lamiales",0,0,"1","0",0.000857143,"0",".",".","1","0.8",".",".","."
"1445","Rulingia","Rulingia","Malvaceae","Malvales",0,0,"1","1",0.006153846,".",".",".",".",".",".",".","."
"1446","Rumex","Rumex","Polygonaceae","Caryophyllales",0.593395253,0.450980392,"0.846491228","0.019607843",0.002727273,".","1","0.891304348","0.392857143","2",".","2.809285714","54.30804791"
"1447","Rupertia","Rupertia","Fabaceae","Fabales",0,0,"1","0",0.096494845,".",".",".",".",".",".",".","."
"1448","Ruppia","Ruppia","Ruppiaceae","Alismatales",0,0,"0.8","0",0,".","1","0.5","0.25",".",".","2.33","."
"1449","Ruscus","Ruscus","Asparagaceae","Asparagales",10,0.2,"1","0.4",0,".",".",".","1",".",".","8.944","8.947780981"
"1450","Ruta","Ruta","Rutaceae","Sapindales",0,0,"1","0",0.001652893,".","1","1","1",".",".","0.546","47.72927976"
"1451","Rutidosis","Rutidosis","Asteraceae","Asterales",0,0,"1","0",0.00210989,".",".",".","1",".",".",".","."
"1452","Sabatia","Sabatia","Gentianaceae","Gentianales",0,0,"0","0",0,".",".",".",".",".","0.723",".","."
"1453","Saccharum","Saccharum","Poaceae","Poales",0,0,"1","0",0.074314214,".",".",".","0",".",".","4.259444444","21.72545252"
"1454","Sadleria","Blechnum","Blechnaceae","Monilophyta",33.33333333,0.833333333,"1","0",0,".",".",".",".",".",".",".","."
"1455","Sagina","Sagina","Caryophyllaceae","Caryophyllales",0.269905533,0.051282051,"0.684210526","0",0.001818182,".","1","0.875","1",".",".",".","."
"1456","Sagittaria","Sagittaria","Alismataceae","Alismatales",0,0,"0.867647059","0",0,"0","1","0.5","1",".","0.74","16.21","27.06285971"
"1457","Salicornia","Salicornia","Amaranthaceae","Caryophyllales",0.790513834,0.086956522,"0.173913043","0.105263158",0.041463415,".","1","1","0.1875",".",".","1.38","."
"1458","Salix","Salix","Salicaceae","Malpighiales",0.594652598,0.627358491,"1","0.833333333",0,".","1","0.75","0.93","2.2",".","0.625","30.31144998"
"1459","Salsola","Salsola","Amaranthaceae","Caryophyllales",0.317460317,0.055555556,"0.333333333","0.333333333",0.041463415,".","1","1","0.5",".",".","0.96","51.55986946"
"1460","Salvia","Salvia","Lamiaceae","Lamiales",0.101577118,0.043678161,"0.818181818","0.229885057",0.004320557,"1","1","1","1","2.208333333","0.645","0.708333333","37.1108878"
"1461","Salvinia","Salvinia","Salviniaceae","Monilophyta",0,0,"0","0",0,".","1","0.5",".",".",".",".","."
"1462","Sambucus","Sambucus","Adoxaceae","Dipsacales",0,0,"1","0.85",0,"0","1","0.833333333","1","2",".","9.5425","14.00102989"
"1463","Samolus","Samolus","Primulaceae","Ericales",0,0,"1","0",0,".","1","0.5","1",".",".",".","."
"1464","Sanguisorba","Sanguisorba","Rosaceae","Rosales",0,0,"0.894736842","0",0.001060071,".","1","0.75","0.333333333",".","0.914","0.55","."
"1465","Sanicula","Sanicula","Apiaceae","Apiales",0,0,"0.659090909","0",0.003968254,".","1","0.5","1",".",".",".","."
"1466","Santalum","Santalum","Santalaceae","Santalales",0,0,"1","1",0.002139037,".",".",".","1","3",".","0.29","."
"1467","Santolina","Santolina","Asteraceae","Asterales",0,0,"1","1",0.00210989,".",".",".","1",".",".",".","."
"1468","Sapindus","Sapindus","Sapindaceae","Sapindales",0,0,"1","1",0.001265823,".",".",".","1","2",".","0.54","2.618914004"
"1469","Saponaria","Saponaria","Caryophyllaceae","Caryophyllales",0,0,"0.727272727","0",0.001818182,"0","1","0.5","1","4",".","2.06","14.4167402"
"1470","Sarcobatus","Sarcobatus","Sarcobataceae","Caryophyllales",0,0,"1","1",0,".",".",".",".",".",".",".","."
"1471","Sarcocapnos","Sarcocapnos","Papaveraceae","Ranunculales",0,0,"1","0",0,".",".",".",".",".",".",".","."
"1472","Sarcochilus","Sarcochilus","Orchidaceae","Asparagales",0,0,"1","0",0,".",".",".",".",".",".",".","."
"1473","Sarcocornia","Salicornia","Amaranthaceae","Caryophyllales",0,0,"1","0",0.041463415,".",".",".","0",".",".","2.96","."
"1474","Sarcostemma","Cynanchum","Apocynaceae","Gentianales",0,0,"1","1",0.000658617,".",".",".",".","0",".",".","."
"1475","Sarracenia","Sarracenia","Sarraceniaceae","Ericales",0,0,"1","0",0,".","1","1","1","1.083333333",".","4.35","."
"1476","Sasa","Sasa","Poaceae","Poales",0,0,"1","1",0.074314214,".",".","0","0",".",".","3.58","."
"1477","Satureja","Satureja","Lamiaceae","Lamiales",0,0,"0.933333333","0.3",0.004320557,".","1","1","1",".",".","1.68","28.35202215"
"1478","Saussurea","Saussurea","Asteraceae","Asterales",8.333333333,0.333333333,"1","0",0.00210989,".","1","0.5","1",".",".",".","."
"1479","Saxifraga","Saxifraga","Saxifragaceae","Saxifragales",0.086902545,0.077777778,"0.959253152","0.005405405",0,".","1","0.666666667","1",".",".","1.406666667","0"
"1480","Scabiosa","Scabiosa","Caprifoliaceae","Dipsacales",0.163265306,0.04,"0.722222222","0",0,".","1","1","0.833333333",".",".","1.290833333","33.52507292"
"1481","Scaevola","Scaevola","Goodeniaceae","Asterales",0.833333333,0.0625,"1","0.75",0,".",".",".","1","1.8",".",".","."
"1482","Scandix","Scandix","Apiaceae","Apiales",0,0,".","0",0.003968254,".","1","1","1",".",".",".","."
"1483","Schiedea","Schiedea","Caryophyllaceae","Caryophyllales",0.432900433,0.045454545,"1","0.340909091",0.001818182,".",".",".",".","4","0.5275","1.116956522","25.08909053"
"1484","Schinus","Schinus","Anacardiaceae","Sapindales",0,0,"1","1",0.002030457,".",".",".","1","2",".",".","."
"1485","Schismus","Schismus","Poaceae","Poales",0,0,"0","0",0.074314214,".",".",".","0",".",".",".","."
"1486","Schivereckia","Schivereckia","Brassicaceae","Brassicales",0,0,"1","0",0.00485306,".",".",".",".",".",".","0.52","."
"1487","Schizaea","Schizaea","Schizaeaceae","Monilophyta",0,0,"1","0",0,".",".",".",".",".",".",".","."
"1488","Schoenocrambe","Hesperidanthus","Brassicaceae","Brassicales",0,0,"1","0",0.00485306,".",".",".",".",".",".",".","."
"1489","Schoenoplectus","Schoenoplectus","Cyperaceae","Poales",3.03030303,0.166666667,"0.791666667","0",0.00045977,".","1","0.5","0.071428571",".",".","0.45","15.71348403"
"1490","Schoenus","Schoenus","Cyperaceae","Poales",0.333333333,0.04,"0.86","0",0.00045977,".","1","0.5","0",".",".",".","."
"1491","Schrankia","Rapistrum","Fabaceae","Fabales",0,0,"1","0",0.096494845,".",".",".",".",".",".",".","."
"1492","Scilla","Scilla","Asparagaceae","Asparagales",0,0,"1","0",0,".","1","0.571428571","1","4",".","15.55825397","79.47999087"
"1493","Scirpus","Scirpus","Cyperaceae","Poales",0.158702169,0.08411215,"0.842105263","0",0.00045977,".","1","0.5","0","0",".","0.45","."
"1494","Scleranthus","Scleranthus","Caryophyllaceae","Caryophyllales",0,0,"0.535714286","0",0.001818182,".","1","1","1",".",".",".","."
"1495","Scleria","Scleria","Cyperaceae","Poales",0,0,"0.75","0",0.00045977,"1",".",".","0","3",".",".","."
"1496","Sclerocactus","Sclerocactus","Cactaceae","Caryophyllales",0,0,"1","1",0,".",".",".",".",".",".",".","."
"1497","Sclerolaena","Sclerolaena","Amaranthaceae","Caryophyllales",2.380952381,0.166666667,"1","0.333333333",0.041463415,".",".",".","0",".",".","1.24","."
"1498","Sclerostegia","Sclerostegia","Amaranthaceae","Caryophyllales",0,0,"1","1",0.041463415,".",".",".",".",".",".",".","."
"1499","Scolymus","Scolymus","Asteraceae","Asterales",0,0,"0.5","0",0.00210989,".",".",".","1",".",".",".","."
"1500","Scorpiurus","Scorpiurus","Fabaceae","Fabales",0,0,"0","0",0.096494845,".",".",".","1",".",".","0.4","."
"1501","Scorzonera","Scorzonera","Asteraceae","Asterales",0.264550265,0.035714286,"0.94265233","0",0.00210989,".","1","0.875","1",".",".","3.895","52.46568928"
"1502","Scrophularia","Scrophularia","Scrophulariaceae","Lamiales",0,0,"0.885416667","0.0625",0.001764706,".","1","0.666666667","1",".",".","0.871666667","21.66306646"
"1503","Scutellaria","Scutellaria","Lamiaceae","Lamiales",0.354609929,0.083333333,"0.989583333","0.014285714",0.004320557,".","1","0.5","1","2",".","0.4","."
"1504","Sebaea","Sebaea","Gentianaceae","Gentianales",0,0,"0","0",0,"0",".",".","1",".",".",".","."
"1505","Secale","Secale","Poaceae","Poales",0,0,"0.333333333","0",0.074314214,".",".",".",".",".","0.92","8.391538462","3.196229888"
"1506","Sedum","Sedum","Crassulaceae","Saxifragales",0,0,"0.825","0.033333333",0,".","1","0.69047619","1",".",".","1.413181818","135.5738612"
"1507","Selaginella","Selaginella","Selaginellaceae","Lycophyta",0,0,"0.961538462","0",0,".","1","0.75","1","1.25",".","0.152941176","46.52281404"
"1508","Selinum","Selinum","Apiaceae","Apiales",0,0,"1","0",0.003968254,".","1","1","1",".",".","4.24","5.336654952"
"1509","Sempervivum","Sempervivum","Crassulaceae","Saxifragales",1,0.12,"1","0",0,".","1","0","1",".",".",".","."
"1510","Senecio","Senecio","Asteraceae","Asterales",0.087336245,0.1,"0.764864865","0.068669528",0.00210989,"0","1","0.75","0.985714286","2.166666667","0.5185","4.918229167","71.45039678"
"1511","Senna","Senna","Fabaceae","Fabales",0,0,"0.933333333","0.722222222",0.096494845,"1",".",".","1","1.5","0.689","0.894","41.20422374"
"1512","Serapias","Serapias","Orchidaceae","Asparagales",0,0,"1","0",0,".",".","1","1",".",".",".","."
"1513","Serratula","Serratula","Asteraceae","Asterales",0,0,"1","0",0.00210989,".","1","0.5","1",".",".",".","."
"1514","Sesamoides","Sesamoides","Resedaceae","Brassicales",0,0,"1","0",0.026666667,".",".",".",".",".",".",".","."
"1515","Sesbania","Sesbania","Fabaceae","Fabales",0,0,"1","1",0.096494845,"1",".",".","1",".","0.681","1.315","0"
"1516","Seseli","Seseli","Apiaceae","Apiales",0,0,"0.852941176","0",0.003968254,".","1","1","1",".",".","1.88","1.504482513"
"1517","Sesleria","Sesleria","Poaceae","Poales",1.6,0.2,"1","0",0.074314214,".","1","0.5","0",".",".","6.006923077","33.31003306"
"1518","Setaria","Setaria","Poaceae","Poales",0.128205128,0.025,"0.225","0",0.074314214,".","1","1","0","0",".","1.388","43.61571032"
"1519","Shepherdia","Shepherdia","Elaeagnaceae","Rosales",0,0,"1","1",0,".",".",".",".",".",".",".","."
"1520","Sibara","Sibara","Brassicaceae","Brassicales",0,0,"0","0",0.00485306,".",".",".",".",".",".",".","."
"1521","Sibbaldia","Sibbaldia","Rosaceae","Rosales",0,0,"1","1",0.001060071,".","1","0.5","1",".",".",".","."
"1522","Sibthorpia","Sibthorpia","Plantaginaceae","Lamiales",0,0,"1","0",0.005925926,".",".","0.5",".",".",".",".","."
"1523","Sicyos","Sicyos","Cucurbitaceae","Cucurbitales",1.098901099,0.071428571,"0.285714286","0.071428571",0.024852071,".",".",".","1",".",".",".","."
"1524","Sida","Sida","Malvaceae","Malvales",0,0,"0.861111111","0.25",0.006153846,"0",".",".","1",".",".","0.98","."
"1525","Sidalcea","Sidalcea","Malvaceae","Malvales",0,0,"0.82","0.02",0.006153846,".",".",".",".",".",".",".","."
"1526","Sidastrum","Sidastrum","Malvaceae","Malvales",0,0,"1","0.5",0.006153846,".",".",".",".",".",".",".","."
"1527","Sideritis","Sideritis","Lamiaceae","Lamiales",0,0,"0.857142857","0.107142857",0.004320557,".",".",".","1",".",".","1.878571429","5.970752188"
"1528","Sigesbeckia","Sigesbeckia","Asteraceae","Asterales",0,0,"0","0",0.00210989,".","1","1","1",".",".",".","."
"1529","Silene","Silene","Caryophyllaceae","Caryophyllales",0.007905138,0.010869565,"0.612403101","0.007246377",0.001818182,"0","1","0.92","0.983333333","3.166666667","0.8765","2.411428571","28.51414179"
"1530","Silphium","Silphium","Asteraceae","Asterales",0,0,"1","0",0.00210989,".",".",".",".",".",".",".","."
"1531","Silybum","Silybum","Asteraceae","Asterales",0,0,"0","0",0.00210989,".","1","1","1",".","0.02",".","."
"1532","Sinapis","Sinapis","Brassicaceae","Brassicales",0,0,"0.083333333","0",0.00485306,".","1","1","1",".",".","0.526","0.694198425"
"1533","Sisymbrella","Sisymbrella","Brassicaceae","Brassicales",0,0,"0.5","0",0.00485306,".",".",".",".",".",".","0.36","."
"1534","Sisymbrium","Sisymbrium","Brassicaceae","Brassicales",0,0,"0.114583333","0",0.00485306,".","1","0.944444444","1",".",".","0.377142857","46.40061327"
"1535","Sisyrinchium","Sisyrinchium","Iridaceae","Asparagales",0,0,"0.955882353","0",0,".","1","0.5","1",".",".","1.931428571","50.01870713"
"1536","Sitanion","Elymus","Poaceae","Poales",200,1,"1","0",0.074314214,".",".",".",".",".",".",".","."
"1537","Sium","Sium","Apiaceae","Apiales",0,0,"1","0",0.003968254,".","1","0.5","1","2.5",".",".","."
"1538","Smilacina","Maianthemum","Asparagaceae","Asparagales",0,0,"1","0",0,".",".",".",".",".",".",".","."
"1539","Smilax","Smilax","Smilacaceae","Liliales",0,0,"1","0.4",0,"0",".",".","0.525",".",".","4.16","42.15204378"
"1540","Smyrnium","Smyrnium","Apiaceae","Apiales",0,0,"0","0",0.003968254,".","1","1","1",".",".","2.82","."
"1541","Solanum","Solanum","Solanaceae","Solanales",0.055096419,0.033057851,"0.681818182","0.3",0.089837398,"0.021276596","1","0.875","1","1.833333333","0.47875","1.522166667","65.71144406"
"1542","Soldanella","Soldanella","Primulaceae","Ericales",0,0,"1","0",0,".","1","0.5","1",".",".","3.88","83.83224725"
"1543","Solenanthus","Solenanthus","Boraginaceae","Boraginales",0,0,"0.5","0",0.001824818,".",".",".",".","4",".",".","."
"1544","Solenogyne","Solenogyne","Asteraceae","Asterales",0,0,"1","0",0.00210989,".",".",".",".",".",".",".","."
"1545","Solidago","Solidago","Asteraceae","Asterales",0.124223602,0.042857143,"1","0",0.00210989,".","1","0.5","1",".","0.935","1.29","25.48578562"
"1546","Soliva","Soliva","Asteraceae","Asterales",0,0,"0","0",0.00210989,".",".",".",".",".",".",".","."
"1547","Sonchus","Sonchus","Asteraceae","Asterales",0.738916256,0.103448276,"0.403497409","0",0.00210989,"0","1","0.75","1",".",".","1.444166667","16.25113995"
"1548","Sophora","Sophora","Fabaceae","Fabales",0,0,"1","0.6",0.096494845,".",".",".",".","3",".","2.04","."
"1549","Sorbaria","Sorbaria","Rosaceae","Rosales",0,0,"1","1",0.001060071,".","1","1","1",".",".",".","."
"1550","Sorbus","Sorbus","Rosaceae","Rosales",0.721954832,0.263513514,"1","1",0.001060071,".","0.608695652","0.961538462","1","2.270833333",".","0.912","30.78670196"
"1551","Sorghum","Sorghum","Poaceae","Poales",0,0,"0.533333333","0",0.074314214,".","1","0.5","0.5",".","0.369666667","2.196086957","45.42435781"
"1552","Sparaxis","Sparaxis","Iridaceae","Asparagales",0,0,"1","0",0,"0.25",".",".",".",".",".",".","."
"1553","Sparganium","Sparganium","Typhaceae","Poales",2.53968254,0.444444444,"1","0",0,".","1","0.5","0",".",".","0.565","0"
"1554","Spartina","Sporobolus","Poaceae","Poales",1.086956522,0.125,"1","0",0.074314214,".","1","0.125","0",".","0.782","5.45","."
"1555","Spergula","Spergula","Caryophyllaceae","Caryophyllales",0,0,"0.125","0",0.001818182,".","1","1","1",".",".","1.05","."
"1556","Spergularia","Spergularia","Caryophyllaceae","Caryophyllales",0.088652482,0.020833333,"0.364661654","0",0.001818182,".","1","1","1",".","0.0675",".","."
"1557","Spermacoce","Spermacoce","Rubiaceae","Gentianales",0,0,"0.25","0",6e-04,"0",".",".","1",".",".",".","."
"1558","Spermolepis","Spermolepis","Apiaceae","Apiales",0,0,"0","0",0.003968254,".",".",".",".",".",".",".","."
"1559","Sphaeralcea","Sphaeralcea","Malvaceae","Malvales",0.333333333,0.04,"0.961538462","0",0.006153846,".",".",".",".",".",".",".","."
"1560","Sphaerolobium","Sphaerolobium","Fabaceae","Fabales",0,0,"1","1",0.096494845,".",".",".",".",".",".",".","."
"1561","Sphaeromeria","Sphaeromeria","Asteraceae","Asterales",0,0,"1","0.625",0.00210989,".",".",".",".",".",".",".","."
"1562","Sphenopholis","Sphenopholis","Poaceae","Poales",0,0,"1","0",0.074314214,".",".",".",".",".",".",".","."
"1563","Spinacia","Spinacia","Amaranthaceae","Caryophyllales",0,0,"0","0",0.041463415,".",".",".",".",".",".","1.06","0"
"1564","Spiraea","Spiraea","Rosaceae","Rosales",1.008403361,0.171428571,"1","1",0.001060071,".","1","0.6875","1",".",".","0.54875","52.11460507"
"1565","Spiranthes","Spiranthes","Orchidaceae","Asparagales",0.56980057,0.074074074,"1","0",0,".","1","0.333333333","1",".",".",".","."
"1566","Spirodela","Spirodela","Araceae","Alismatales",0,0,"1","0",0.000248447,".","1","0","1",".",".","0.28","35.8627865"
"1567","Sporobolus","Sporobolus","Poaceae","Poales",0,0,"0.837209302","0",0.074314214,".","1","1","0","3.5",".",".","."
"1568","Spyridium","Spyridium","Rhamnaceae","Rosales",7.142857143,0.214285714,"1","1",0.004444444,".",".",".",".",".",".",".","."
"1569","Stachys","Stachys","Lamiaceae","Lamiales",0.052246604,0.022727273,"0.856321839","0.011363636",0.004320557,"1","1","0.65","1","1.25",".","2.277777778","83.47368738"
"1570","Stackhousia","Stackhousia","Celastraceae","Celastrales",0,0,"0.875","0",0,".",".",".",".",".",".",".","."
"1571","Staehelina","Staehelina","Asteraceae","Asterales",0,0,"1","1",0.00210989,".",".",".","1",".",".","0.77","3.67328198"
"1572","Stanleya","Stanleya","Brassicaceae","Brassicales",0,0,"0.777777778","0.111111111",0.00485306,".",".",".",".",".",".",".","."
"1573","Stauracanthus","Stauracanthus","Fabaceae","Fabales",0,0,"1","1",0.096494845,".",".",".",".",".",".",".","."
"1574","Stebbinsoseris","Microseris","Asteraceae","Asterales",0,0,"0","0",0.00210989,".",".",".",".",".",".",".","."
"1575","Stellaria","Stellaria","Caryophyllaceae","Caryophyllales",0.0683527,0.025974026,"0.676923077","0",0.001818182,".","1","0.636363636","1","0","0.7345","1.1","25.97943667"
"1576","Stemodia","Stemodia","Plantaginaceae","Lamiales",0,0,"1","0",0.005925926,".",".",".","1",".",".",".","."
"1577","Stenanthemum","Stenanthemum","Rhamnaceae","Rosales",0,0,"1","0",0.004444444,".",".",".",".",".",".",".","."
"1578","Stenogonum","Stenogonum","Polygonaceae","Caryophyllales",0,0,"0","0",0.002727273,".",".",".",".",".",".",".","."
"1579","Stenogyne","Stenogyne","Lamiaceae","Lamiales",0.526315789,0.05,"1","0",0.004320557,".",".",".",".",".",".",".","."
"1580","Stenopetalum","Stenopetalum","Brassicaceae","Brassicales",0,0,"0.166666667","0",0.00485306,".",".",".","1",".",".",".","."
"1581","Stenotus","Stenotus","Asteraceae","Asterales",0,0,"1","0",0.00210989,".",".",".",".",".",".",".","."
"1582","Stephanomeria","Stephanomeria","Asteraceae","Asterales",0.432900433,0.045454545,"0.636363636","0.136363636",0.00210989,".",".",".",".",".",".","3.09","1.830697168"
"1583","Sternbergia","Sternbergia","Amaryllidaceae","Asparagales",0,0,"1","0",0,".",".",".",".",".",".","21.29666667","10.83040065"
"1584","Sticherus","Sticherus","Gleicheniaceae","Monilophyta",0,0,"1","0",0,".",".",".",".",".",".",".","."
"1585","Stillingia","Stillingia","Euphorbiaceae","Malpighiales",0,0,"0.833333333","0",0.01239531,".",".",".",".",".",".",".","."
"1586","Stipa","Stipa","Poaceae","Poales",0.101010101,0.05,"0.965","0",0.074314214,".","1","0.928571429","0","2",".","1.235","39.50637077"
"1587","Stipagrostis","Stipagrostis","Poaceae","Poales",0,0,"1","0",0.074314214,".",".",".",".",".",".",".","."
"1588","Streptanthus","Streptanthus","Brassicaceae","Brassicales",0,0,"0.314814815","0.037037037",0.00485306,".",".",".",".",".","0.9","0.69","."
"1589","Streptopus","Streptopus","Liliaceae","Liliales",100,0.5,"1","0",0,".","1","0.5","1",".",".","6.105","0"
"1590","Strophostyles","Strophostyles","Fabaceae","Fabales",0,0,"0","0",0.096494845,".",".",".",".",".",".",".","."
"1591","Stuartina","Stuartina","Asteraceae","Asterales",0,0,"0","0",0.00210989,".",".",".","0",".",".",".","."
"1592","Stutzia","Stutzia","Amaranthaceae","Caryophyllales",0,0,"0","0",0.041463415,".",".",".",".",".",".",".","."
"1593","Stylidium","Stylidium","Stylidiaceae","Asterales",0,0,"0.5","0",0,".",".",".",".",".",".","1.53","."
"1594","Stylocline","Stylocline","Asteraceae","Asterales",16.66666667,0.416666667,"0","0",0.00210989,".",".",".",".",".",".",".","."
"1595","Suaeda","Suaeda","Amaranthaceae","Caryophyllales",0.158730159,0.027777778,"0.375","0.291666667",0.041463415,".","1","0.75","0.333333333","0",".","1.06","."
"1596","Succisa","Succisa","Caprifoliaceae","Dipsacales",0,0,"1","0",0,".","1","1","1","0.5",".","2.765","0"
"1597","Succisella","Succisella","Caprifoliaceae","Dipsacales",0,0,"1","0",0,".","1","0.5","1","3",".","2.775","7.899210889"
"1598","Succowia","Succowia","Brassicaceae","Brassicales",0,0,"0","0",0.00485306,".",".",".",".",".",".",".","."
"1599","Swainsona","Swainsona","Fabaceae","Fabales",0,0,"0.944444444","0.166666667",0.096494845,".",".",".","1",".",".",".","."
"1600","Swertia","Swertia","Gentianaceae","Gentianales",0,0,"1","0",0,"0","1","0.5","1",".",".",".","."
"1601","Symphoricarpos","Symphoricarpos","Caprifoliaceae","Dipsacales",0.833333333,0.0625,"1","1",0,".","1","0.5","1",".",".",".","."
"1602","Symphyandra","Campanula","Campanulaceae","Asterales",0,0,"0.666666667","0",0,".",".",".",".",".",".",".","."
"1603","Symphytum","Symphytum","Boraginaceae","Boraginales",1.538461538,0.192307692,"1","0",0.001824818,".","1","0.7","1",".",".","2.206666667","0"
"1604","Synthyris","Veronica","Scrophulariaceae","Lamiales",0,0,"1","0",0.001764706,".",".",".",".",".",".","1.32","."
"1605","Syntrichopappus","Syntrichopappus","Asteraceae","Asterales",0,0,"0","0",0.00210989,".",".",".",".",".",".",".","."
"1606","Syrenia","Erysimum","Brassicaceae","Brassicales",0,0,"0","0",0.00485306,".",".",".",".",".",".",".","."
"1607","Syringa","Syringa","Oleaceae","Lamiales",0,0,"1","1",0.003252033,".","1","0.5","1",".",".","1.236666667","4.435170532"
"1608","Syzygium","Syzygium","Myrtaceae","Myrtales",0,0,"1","1",0.003243243,"0",".",".","1","2.688888889",".","1.83","."
"1609","Taeniatherum","Taeniatherum","Poaceae","Poales",0,0,"1","0",0.074314214,".",".",".","0",".",".","4.555","0"
"1610","Tagetes","Tagetes","Asteraceae","Asterales",0,0,"0","0",0.00210989,"0",".",".",".",".",".","1.18","."
"1611","Talinum","Talinum","Talinaceae","Caryophyllales",0,0,"1","0",0.090909091,"0",".",".","1",".",".",".","."
"1612","Tamarix","Tamarix","Tamaricaceae","Caryophyllales",0.738916256,0.103448276,"1","1",0,".",".",".","0.5","0",".","1.5825","3.14372018"
"1613","Tanacetum","Tanacetum","Asteraceae","Asterales",0,0,"0.931034483","0",0.00210989,".","1","0.75","1",".",".","6.43","35.11297638"
"1614","Taraxacum","Taraxacum","Asteraceae","Asterales",0.007936036,0.012578616,"1","0",0.00210989,".","0.666666667","0.96875","1",".",".","1.513333333","41.82513466"
"1615","Tauschia","Tauschia","Apiaceae","Apiales",0,0,"1","0",0.003968254,".",".",".",".",".",".",".","."
"1616","Taxus","Taxus","Taxaceae","Pinophyta",0,0,"1","1",0,".","1","1","0","0.777777778",".","11.4","2.006854005"
"1617","Tectaria","Tectaria","Tectariaceae","Monilophyta",0,0,"1","0",0,".",".",".",".",".",".",".","."
"1618","Teesdalia","Teesdalia","Brassicaceae","Brassicales",0,0,"0","0",0.00485306,".","1","1","1",".",".","0.61","."
"1619","Telekia","Telekia","Asteraceae","Asterales",0,0,"1","0",0.00210989,".","1","0.5","1",".",".","1.29","."
"1620","Teline","Genista","Fabaceae","Fabales",0,0,"1","1",0.096494845,".",".",".",".",".",".","1.03","."
"1621","Templetonia","Templetonia","Fabaceae","Fabales",0,0,"1","0.666666667",0.096494845,".",".",".",".",".",".",".","."
"1622","Tephroseris","Tephroseris","Asteraceae","Asterales",0,0,"1","0",0.00210989,".","1","0.7","1",".",".",".","."
"1623","Terminalia","Terminalia","Combretaceae","Myrtales",0,0,"1","1",0.01,"0",".",".","1","2.425",".","3.955","40.35504373"
"1624","Tetracoccus","Tetracoccus","Picrodendraceae","Malpighiales",0,0,"1","1",0,".",".",".",".",".",".",".","."
"1625","Tetradymia","Tetradymia","Asteraceae","Asterales",0,0,"1","1",0.00210989,".",".",".",".",".",".",".","."
"1626","Tetragonia","Tetragonia","Aizoaceae","Caryophyllales",0,0,"0.25","0",0.000990099,".",".",".","0",".",".",".","."
"1627","Tetragonolobus","Lotus","Fabaceae","Fabales",0,0,"0.2","0",0.096494845,".",".",".",".",".",".",".","."
"1628","Tetramolopium","Tetramolopium","Asteraceae","Asterales",0,0,"1","1",0.00210989,".",".",".",".",".",".",".","."
"1629","Tetraplasandra","Polyscias","Araliaceae","Apiales",0,0,"1","1",0,".",".",".",".","4",".",".","."
"1630","Tetrarrhena","Tetrarrhena","Poaceae","Poales",0,0,"1","0",0.074314214,".",".",".",".",".",".",".","."
"1631","Tetratheca","Tetratheca","Elaeocarpaceae","Oxalidales",0,0,"1","0.875",0,".",".",".",".",".","0.983333333",".","."
"1632","Teucrium","Teucrium","Lamiaceae","Lamiales",0.049603175,0.015625,"0.836065574","0.640625",0.004320557,".","1","0.7","0.964285714","0.166666667",".","1.05","40.319585"
"1633","Thalictrum","Thalictrum","Ranunculaceae","Ranunculales",0,0,"1","0",0,"0","1","0.5","0.714285714",".",".","1.2","11.78511302"
"1634","Thapsia","Thapsia","Apiaceae","Apiales",0,0,"1","0",0.003968254,".",".",".","1",".",".",".","."
"1635","Thaspium","Thaspium","Apiaceae","Apiales",0,0,"1","0",0.003968254,".",".",".",".",".",".",".","."
"1636","Thelesperma","Thelesperma","Asteraceae","Asterales",0,0,"1","0",0.00210989,".",".",".",".",".",".",".","."
"1637","Thelionema","Thelionema","Xanthorrhoeaceae","Asparagales",0,0,"1","0",0,".",".",".",".",".",".",".","."
"1638","Thelymitra","Thelymitra","Orchidaceae","Asparagales",9.558823529,0.764705882,"1","0",0,".",".",".",".",".",".",".","."
"1639","Thelypodiopsis","Thelypodiopsis","Brassicaceae","Brassicales",0,0,"0.083333333","0",0.00485306,".",".",".",".",".",".",".","."
"1640","Thelypodium","Thelypodium","Brassicaceae","Brassicales",0,0,"0.157894737","0",0.00485306,".",".",".",".",".",".",".","."
"1641","Thelypteris","Thelypteris","Thelypteridaceae","Monilophyta",0,0,"1","0",0,".","1","0.5",".","1.966666667",".","6.045","36.14491239"
"1642","Themeda","Themeda","Poaceae","Poales",0,0,"1","0",0.074314214,".",".",".","0",".",".",".","."
"1643","Thermopsis","Thermopsis","Fabaceae","Fabales",0,0,"1","0",0.096494845,".",".",".",".",".",".",".","."
"1644","Thesium","Thesium","Santalaceae","Santalales",0,0,"0.916666667","0",0.002139037,"0","1","0.785714286","0.95",".",".",".","."
"1645","Thlaspi","Thlaspi","Brassicaceae","Brassicales",0,0,"0.541666667","0",0.00485306,".","1","0.916666667","1",".",".","0.405","39.02950467"
"1646","Thryptomene","Thryptomene","Myrtaceae","Myrtales",0,0,"1","1",0.003243243,".",".",".",".",".",".","0.41","."
"1647","Thunbergia","Thunbergia","Acanthaceae","Lamiales",0,0,"1","0",0.000857143,"0.777777778",".",".",".",".",".",".","."
"1648","Thymelaea","Thymelaea","Thymelaeaceae","Malvales",0,0,"0.823529412","0.823529412",0.001324503,".","1","1","0.666666667",".",".","0.75","."
"1649","Thymophylla","Thymophylla","Asteraceae","Asterales",0,0,"1","0",0.00210989,".",".",".",".",".",".",".","."
"1650","Thymus","Thymus","Lamiaceae","Lamiales",0.523138833,0.183098592,"1","0.575342466",0.004320557,".","1","0.75","1",".","0.68","1.013333333","33.0506175"
"1651","Thysanocarpus","Thysanocarpus","Brassicaceae","Brassicales",0,0,"0","0",0.00485306,".",".",".",".",".",".",".","."
"1652","Thysanotus","Thysanotus","Asparagaceae","Asparagales",0,0,"1","0",0,".",".",".","1",".",".",".","."
"1653","Tibouchina","Tibouchina","Melastomataceae","Myrtales",0,0,"1","0.333333333",0,".",".",".","1","2.25",".",".","."
"1654","Tidestromia","Tidestromia","Amaranthaceae","Caryophyllales",0,0,"0.5","0.25",0.041463415,".",".",".",".",".",".",".","."
"1655","Tilia","Tilia","Malvaceae","Malvales",10.8974359,0.653846154,"1","1",0.006153846,".","1","1","0.833333333",".",".",".","."
"1656","Tiquilia","Tiquilia","Boraginaceae","Boraginales",0,0,"0.75","0.375",0.001824818,".",".",".",".","0.5",".",".","."
"1657","Tmesipteris","Tmesipteris","Psilotaceae","Monilophyta",0,0,"1","0",0,".",".",".",".",".",".",".","."
"1658","Tofieldia","Tofieldia","Tofieldiaceae","Alismatales",0,0,"1","0",0,".","1","0.5","0.333333333",".",".","0.78","."
"1659","Tolpis","Tolpis","Asteraceae","Asterales",0,0,"0.6","0",0.00210989,"0","1","0.5","1",".","0.866","1.692","41.60563409"
"1660","Tomanthera","Agalinis","Scrophulariaceae","Lamiales",0,0,"0","0",0.001764706,".",".",".",".",".",".",".","."
"1661","Tonestus","Tonestus","Asteraceae","Asterales",0,0,"1","0",0.00210989,".",".",".",".",".",".",".","."
"1662","Tordylium","Tordylium","Apiaceae","Apiales",0,0,"0","0",0.003968254,".","1","1","1",".",".",".","."
"1663","Torilis","Torilis","Apiaceae","Apiales",0,0,"0","0",0.003968254,".","1","1","1",".",".","1.82","23.17700259"
"1664","Torreyochloa","Torreyochloa","Poaceae","Poales",0,0,"1","0",0.074314214,".",".",".",".",".",".",".","."
"1665","Torularia","Neotorularia","Brassicaceae","Brassicales",0,0,"0","0",0.00485306,".",".",".",".",".",".",".","."
"1666","Townsendia","Townsendia","Asteraceae","Asterales",0.790513834,0.086956522,"0.739130435","0",0.00210989,".",".",".",".",".",".",".","."
"1667","Toxicodendron","Toxicodendron","Anacardiaceae","Sapindales",0,0,"1","1",0.002030457,".",".",".",".","3",".",".","."
"1668","Trachelium","Trachelium","Campanulaceae","Asterales",0,0,"1","0",0,".",".",".",".",".",".",".","."
"1669","Trachomitum","Apocynum","Apocynaceae","Gentianales",0,0,"1",".",0.000658617,".",".",".",".",".",".",".","."
"1670","Trachymene","Trachymene","Araliaceae","Apiales",0,0,"0.3","0",0,".",".",".","1",".",".",".","."
"1671","Tradescantia","Tradescantia","Commelinaceae","Commelinales",0,0,"1","0",0,"0",".",".","1",".",".","17.535","53.31045655"
"1672","Tragia","Tragia","Euphorbiaceae","Malpighiales",0,0,"1","0",0.01239531,"0",".",".",".","0",".",".","."
"1673","Tragopogon","Tragopogon","Asteraceae","Asterales",0.672268908,0.114285714,"0.185714286","0",0.00210989,".","1","1","1",".",".","4.17","34.43425754"
"1674","Tragus","Tragus","Poaceae","Poales",0,0,"0","0",0.074314214,".","1","1","0",".",".",".","."
"1675","Trematolobelia","Trematolobelia","Campanulaceae","Asterales",0,0,"1","1",0,".",".",".",".",".",".",".","."
"1676","Triadenum","Hypericum","Hypericaceae","Malpighiales",0,0,"1","0",0,".",".",".",".",".",".",".","."
"1677","Tribolium","Tribolium","Poaceae","Poales",0,0,"1","0",0.074314214,".",".",".",".",".",".",".","."
"1678","Trichanthodium","Trichanthodium","Asteraceae","Asterales",0,0,"0","0",0.00210989,".",".",".",".",".",".",".","."
"1679","Trichophorum","Trichophorum","Cyperaceae","Poales",0,0,"1","0",0.00045977,".","1","0.5","0",".",".",".","."
"1680","Trichostema","Trichostema","Lamiaceae","Lamiales",0,0,"0.153846154","0.153846154",0.004320557,".",".",".",".",".",".",".","."
"1681","Tricoryne","Tricoryne","Xanthorrhoeaceae","Asparagales",0,0,"1","0",0,".",".",".",".",".",".",".","."
"1682","Tricyrtis","Tricyrtis","Liliaceae","Liliales",0,0,"1","0",0,".",".",".",".",".",".","4.21","7.863631999"
"1683","Tridens","Tridens","Poaceae","Poales",0,0,"1","0",0.074314214,".",".",".",".",".",".",".","."
"1684","Trientalis","Lysimachia","Primulaceae","Ericales",0,0,"1","0",0,".",".",".",".",".",".",".","."
"1685","Trifolium","Trifolium","Fabaceae","Fabales",0.00911965,0.011673152,"0.343220339","0.011627907",0.096494845,"1","1","0.941176471","1",".","0.032","1.02469697","88.09872352"
"1686","Triglochin","Triglochin","Juncaginaceae","Alismatales",0,0,"0.806451613","0",0,".","1","0.5","0",".",".","1.76","."
"1687","Trigonella","Trigonella","Fabaceae","Fabales",0,0,"0","0",0.096494845,".","1","1","1",".",".","0.7","."
"1688","Trillium","Trillium","Melanthiaceae","Liliales",0,0,"1","0",0,".",".",".",".",".","0.65975","64.13090909","34.84439789"
"1689","Trimorpha","Erigeron","Asteraceae","Asterales",0,0,"0.25","0",0.00210989,".",".",".",".",".",".",".","."
"1690","Trinia","Trinia","Apiaceae","Apiales",0,0,"0.555555556","0",0.003968254,".","1","1","1",".",".",".","."
"1691","Triodanis","Triodanis","Campanulaceae","Asterales",0,0,"0","0",0,".",".",".",".",".",".",".","."
"1692","Triosteum","Triosteum","Caprifoliaceae","Dipsacales",0,0,"1","0",0,".",".",".",".",".",".",".","."
"1693","Triphysaria","Triphysaria","Scrophulariaceae","Lamiales",20,0.4,"0","0",0.001764706,".",".",".",".",".",".",".","."
"1694","Tripleurospermum","Tripleurospermum","Asteraceae","Asterales",150,0.75,"0.25","0",0.00210989,".","1","1","1",".",".","3.789285714","18.45656647"
"1695","Tripterocalyx","Tripterocalyx","Nyctaginaceae","Caryophyllales",10,0.2,"0.4","0",0.005063291,".",".",".",".",".",".",".","."
"1696","Trisetum","Trisetum","Poaceae","Poales",0,0,"0.815789474","0",0.074314214,".","1","0.5","0.25",".",".","5.071538462","32.40649614"
"1697","Triteleia","Triteleia","Asparagaceae","Asparagales",1.098901099,0.071428571,"1","0",0,".",".",".",".",".",".","9.59","28.6267"
"1698","Triticum","Triticum","Poaceae","Poales",1.923076923,0.115384615,"0","0",0.074314214,".","1","1","1",".","0.425","13.22813559","32.66118883"
"1699","Tritonia","Tritonia","Iridaceae","Asparagales",0,0,"1","0",0,".",".",".",".",".",".","1.1","."
"1700","Triumfetta","Triumfetta","Malvaceae","Malvales",0,0,"1","0",0.006153846,"0",".",".","0.5",".",".",".","."
"1701","Trollius","Trollius","Ranunculaceae","Ranunculales",100,0.5,"1","0",0,".","1","0.5","1",".",".","4.42","."
"1702","Tropidocarpum","Tropidocarpum","Brassicaceae","Brassicales",0,0,"0","0",0.00485306,".",".",".",".",".",".",".","."
"1703","Tsuga","Tsuga","Pinaceae","Pinophyta",0,0,"1","1",0.004761905,".",".",".","0","0.3125","0.929","18.32","8.318011038"
"1704","Tuberaria","Tuberaria","Cistaceae","Malvales",0,0,"0.3","0.3",0.011428571,".","1","1","1",".",".","3.565","26.0408587"
"1705","Tuctoria","Tuctoria","Poaceae","Poales",0,0,"0","0",0.074314214,".",".",".",".",".",".",".","."
"1706","Tulipa","Tulipa","Liliaceae","Liliales",1.098901099,0.071428571,"1","0",0,".","1","0.25","1",".",".","29.28707483","22.28299774"
"1707","Typha","Typha","Typhaceae","Poales",5.072463768,0.583333333,"1","0",0,"0","1","0.5","0",".",".","0.3","0"
"1708","Ulex","Ulex","Fabaceae","Fabales",2.222222222,0.1,"1","1",0.096494845,".","1","1","1",".",".","3.375","19.90374643"
"1709","Ulmus","Ulmus","Ulmaceae","Rosales",2.461538462,0.307692308,"1","1",0,".","1","0.75","0.25","2.75",".","1.858","7.71371022"
"1710","Umbilicus","Umbilicus","Crassulaceae","Saxifragales",0,0,"1","0",0,"0",".","1","1",".",".",".","."
"1711","Uncinia","Carex","Cyperaceae","Poales",0,0,"1","0",0.00045977,".",".",".",".","2.25",".","1.35","."
"1712","Urera","Urera","Urticaceae","Rosales",0,0,"1","1",0,"0",".",".","0","2.25",".",".","."
"1713","Urginea","Drimia","Asparagaceae","Asparagales",0,0,"1","0",0,".",".",".",".",".",".",".","."
"1714","Urospermum","Urospermum","Asteraceae","Asterales",0,0,"0.5","0",0.00210989,".",".",".","1",".",".",".","."
"1715","Urtica","Urtica","Urticaceae","Rosales",0,0,"0.545454545","0",0,".","1","0.75","0.4",".",".","0.846","44.34869408"
"1716","Utricularia","Utricularia","Lentibulariaceae","Lamiales",0.096618357,0.02173913,"0.861111111","0",0,"1","1","0.083333333","1",".",".","0.217857143","38.6639373"
"1717","Uvularia","Uvularia","Colchicaceae","Liliales",0,0,"1","0",0,".",".",".",".",".",".","12.20666667","34.68778011"
"1718","Vaccinium","Vaccinium","Ericaceae","Ericales",0.340136054,0.081632653,"1","1",0,".","1","0.333333333","0.944444444","2.5",".","0.634285714","4.445940621"
"1719","Valantia","Valantia","Rubiaceae","Gentianales",0,0,"0.333333333","0",6e-04,".",".",".","1",".",".",".","."
"1720","Vallisneria","Vallisneria","Hydrocharitaceae","Alismatales",0,0,"1","0",0,".","1","0","0",".",".",".","."
"1721","Vancouveria","Vancouveria","Berberidaceae","Ranunculales",0,0,"1","0",0,".",".",".",".",".",".",".","."
"1722","Vandenboschia","Trichomanes","Hymenophyllaceae","Monilophyta",0,0,"1","0",0,".",".",".",".",".",".",".","."
"1723","Velezia","Dianthus","Caryophyllaceae","Caryophyllales",0,0,"0","0",0.001818182,".",".",".",".",".",".",".","."
"1724","Vella","Vella","Brassicaceae","Brassicales",0,0,"1","1",0.00485306,".",".",".",".",".",".","1.375","53.99724511"
"1725","Velleia","Velleia","Goodeniaceae","Asterales",0,0,"0.666666667","0",0,".",".",".","1",".",".",".","."
"1726","Ventenata","Ventenata","Poaceae","Poales",0,0,"0","0",0.074314214,".","1","1","0",".",".",".","."
"1727","Veratrum","Veratrum","Melanthiaceae","Liliales",0,0,"1","0",0,".","1","0.5","1",".",".","2.793333333","16.72007627"
"1728","Verbascum","Verbascum","Scrophulariaceae","Lamiales",0.38552321,0.237096774,"0.209677419","0.008064516",0.001764706,".","1","1","1",".","0.71","0.4","14.14213562"
"1729","Verbesina","Verbesina","Asteraceae","Asterales",0,0,"0.625","0.125",0.00210989,".",".",".","1","1.892857143",".",".","."
"1730","Vernonia","Vernonia","Asteraceae","Asterales",0,0,"1","0",0.00210989,"0",".",".","1","1.8","0.077",".","."
"1731","Veronica","Veronica","Plantaginaceae","Lamiales",0.045444217,0.036809816,"0.599315068","0",0.005925926,"1","1","0.691176471","1","0.5",".","0.889772727","51.62149392"
"1732","Viburnum","Viburnum","Adoxaceae","Dipsacales",0.333333333,0.04,"1","1",0,".","1","1","1","2.444444444",".","4.0325","4.035000644"
"1733","Vicia","Vicia","Fabaceae","Fabales",0,0,"0.359353476","0",0.096494845,".","1","0.916666667","1",".","0.504","5.720225564","55.14473525"
"1734","Vigna","Vigna","Fabaceae","Fabales",0,0,"0.5","0",0.096494845,"1",".",".","1",".",".","0.871081081","43.61529481"
"1735","Viguiera","Viguiera","Asteraceae","Asterales",0,0,"0.571428571","0.428571429",0.00210989,".",".",".","1","3",".",".","."
"1736","Villarsia","Villarsia","Menyanthaceae","Asterales",0,0,"0.833333333","0",0,".",".",".",".",".",".",".","."
"1737","Vinca","Vinca","Apocynaceae","Gentianales",0,0,"1","0",0.000658617,".","1","0.25","1",".",".","1.476666667","40.18337678"
"1738","Vincetoxicum","Vincetoxicum","Apocynaceae","Gentianales",0,0,"1",".",0.000658617,".","1","0.5","1","0",".","0.3375","0"
"1739","Viscum","Viscum","Santalaceae","Santalales",0,0,"1","1",0.002139037,"0","1","1","0.5",".",".","79.13444444","8.198986636"
"1740","Vittadinia","Vittadinia","Asteraceae","Asterales",1.515151515,0.083333333,"0.708333333","0",0.00210989,".",".",".","1",".",".",".","."
"1741","Vulpia","Festuca","Poaceae","Poales",0.525525526,0.094594595,"0.028571429","0",0.074314214,".","1","1","0",".",".","3.608333333","48.03704921"
"1742","Wahlenbergia","Wahlenbergia","Campanulaceae","Asterales",0,0,"0.823529412","0",0,"0","1","0.5","1","3.5",".","0.33","."
"1743","Waldsteinia","Waldsteinia","Rosaceae","Rosales",0,0,"1","0",0.001060071,".",".",".",".",".",".",".","."
"1744","Watsonia","Watsonia","Iridaceae","Asparagales",0,0,"1","0",0,"1",".",".",".",".",".","0.7","."
"1745","Westringia","Westringia","Lamiaceae","Lamiales",0,0,"1","1",0.004320557,".",".",".",".",".",".",".","."
"1746","Wikstroemia","Wikstroemia","Thymelaeaceae","Malvales",0,0,"1","1",0.001324503,".",".",".",".","3.25",".",".","."
"1747","Wilkesia","Wilkesia","Asteraceae","Asterales",0,0,"1","1",0.00210989,".",".",".",".",".",".",".","."
"1748","Wilsonia","Wilsonia","Convolvulaceae","Solanales",0,0,"1","0",0.044375,".",".",".",".",".",".",".","."
"1749","Wisteria","Wisteria","Fabaceae","Fabales",0,0,"1","1",0.096494845,".",".",".",".",".",".",".","."
"1750","Withania","Withania","Solanaceae","Solanales",0,0,"1","1",0.089837398,".",".",".",".","0",".","4.765","0"
"1751","Wolffia","Wolffia","Araceae","Alismatales",0,0,"1","0",0.000248447,".","1","0",".",".",".","1.200833333","38.20490178"
"1752","Wolffiella","Wolffiella","Araceae","Alismatales",0,0,"1","0",0.000248447,".",".",".",".",".",".","0.765","20.70977715"
"1753","Woodwardia","Woodwardia","Blechnaceae","Monilophyta",0,0,"1","0",0,".",".",".",".",".",".",".","."
"1754","Wulfenia","Wulfenia","Plantaginaceae","Lamiales",0,0,"1","0",0.005925926,".",".",".",".",".",".","1.35","."
"1755","Wurmbea","Wurmbea","Colchicaceae","Liliales",0,0,"1","0",0,"0",".",".",".",".","0.7468",".","."
"1756","Wyethia","Wyethia","Asteraceae","Asterales",2.380952381,0.166666667,"1","0",0.00210989,".",".",".",".",".",".",".","."
"1757","Xanthium","Xanthium","Asteraceae","Asterales",0.833333333,0.0625,"0","0",0.00210989,".","1","1","0",".","0.116666667","2.87","13.79720549"
"1758","Xanthosia","Xanthosia","Apiaceae","Apiales",0,0,"1","0.166666667",0.003968254,".",".",".",".",".",".",".","."
"1759","Xeranthemum","Xeranthemum","Asteraceae","Asterales",0,0,"0","0",0.00210989,".",".",".","1",".",".","2.0325","37.92030373"
"1760","Xylorhiza","Xylorhiza","Asteraceae","Asterales",0,0,"1","1",0.00210989,".",".",".",".",".",".",".","."
"1761","Xylosma","Xylosma","Salicaceae","Malpighiales",0,0,"1","1",0,".",".",".","1","2.794117647",".",".","."
"1762","Yucca","Yucca","Asparagaceae","Asparagales",0.833333333,0.0625,"1","0.375",0,".",".",".","1",".","0.956","3.1375","37.15721137"
"1763","Zanthoxylum","Zanthoxylum","Rutaceae","Sapindales",0,0,"1","1",0.001652893,"0",".",".","1","2.340909091",".","5.193333333","58.55727288"
"1764","Zieria","Zieria","Rutaceae","Sapindales",0,0,"1","1",0.001652893,".",".",".",".","2",".",".","."
"1765","Zigadenus","Zigadenus","Melanthiaceae","Liliales",0,0,"1","0",0,".",".",".",".",".",".",".","."
"1766","Zingeria","Colpodium","Poaceae","Poales",0,0,"0","0",0.074314214,".",".",".",".",".",".","2.025","20.57613169"
"1767","Zinnia","Zinnia","Asteraceae","Asterales",0,0,"0","0",0.00210989,".",".",".",".",".",".",".","."
"1768","Zizania","Zizania","Poaceae","Poales",0,0,"0.25","0",0.074314214,".",".",".",".",".",".","2.18","."
"1769","Zizia","Zizia","Apiaceae","Apiales",0,0,"1","0",0.003968254,".",".",".",".",".",".",".","."
"1770","Ziziphora","Ziziphora","Lamiaceae","Lamiales",0,0,"0","0",0.004320557,".",".",".",".",".",".",".","."
"1771","Ziziphus","Ziziphus","Rhamnaceae","Rosales",0,0,"1","1",0.004444444,"0",".",".",".","1.8",".","1.55","."
"1772","Zuckia","Zuckia","Amaranthaceae","Caryophyllales",0,0,"1","1",0.041463415,".",".",".",".",".",".",".","."
