,Name_submitted,Accepted_name,Habit,NativeStatus,n_nurseries,StatesSold,NativeRange,StatesRegulated,P_conventional,P_native,Rank
1,Monarda fistulosa,Monarda fistulosa,Forb/herb,EFNative,89,"ME, MA, PA, MD, NH, RI, NJ, VA, CT, DE, NY, VT, OH","CO, ID, MT, OR, WA, WY, IL, IA, KS, MN, MO, ND, NE, OK, SD, WI, CT, IN, ME, MA, MI, NH, NJ, NY, OH, PA, RI, VT, WV, AZ, NM, TX, AL, AR, FL, GA, KY, LA, MD, MS, NC, TN, VA",NA,0.140625,0.638554217,1
2,Lobelia siphilitica,Lobelia siphilitica,Forb/herb,EFNative,106,"MA, MD, PA, NY, NH, RI, NJ, ME, VA, OH, CT, VT, DE, WV","CO, WY, IL, IA, KS, MN, MO, ND, NE, OK, SD, WI, CT, IN, ME, MA, MI, NH, NJ, NY, OH, PA, RI, VT, WV, TX, AL, AR, DE, GA, KY, LA, MD, MS, NC, SC, TN, VA",NA,0.1953125,0.674698795,2
3,Eupatorium perfoliatum,Eupatorium perfoliatum,Forb/herb,EFNative,62,"ME, MA, PA, MD, NH, RI, OH, VA, CT, DE, VT, NJ","IL, IA, KS, MN, MO, ND, NE, OK, SD, WI, CT, IN, ME, MA, MI, NH, NJ, NY, OH, PA, RI, VT, WV, TX, AL, AR, DE, FL, GA, KY, LA, MD, MS, NC, SC, TN, VA",NA,0.0703125,0.530120482,3
4,Asclepias incarnata,Asclepias incarnata,Forb/herb,EFNative,129,"MA, MD, KY, PA, VT, OH, NY, NH, RI, CT, ME, NJ, VA, DE, WV","CO, ID, MT, WY, IL, IA, KS, MN, MO, ND, NE, OK, SD, WI, CT, IN, ME, MA, MI, NH, NJ, NY, OH, PA, RI, VT, WV, NV, UT, NM, TX, AL, AR, DE, FL, GA, KY, LA, MD, NC, SC, TN, VA",NA,0.2734375,0.710843373,4
5,Aquilegia canadensis,Aquilegia canadensis,Forb/herb,EFNative,102,"MA, NY, MD, NH, PA, RI, CT, ME, NJ, VA, VT, DE, WV, OH","IL, IA, KS, MN, MO, ND, NE, OK, SD, WI, CT, IN, ME, MA, MI, NH, NJ, NY, OH, PA, RI, VT, WV, TX, AL, AR, DE, FL, GA, KY, MD, MS, NC, SC, TN, VA",NA,0.1953125,0.626506024,5
6,Vernonia noveboracensis,Vernonia noveboracensis,Forb/herb,EFNative,81,"MA, MD, NH, NJ, PA, RI, VA, CT, ME, VT, NY, DE, OH, WV","CT, MA, NJ, NY, PA, RI, WV, AL, DE, FL, GA, MD, NC, SC, TN, VA",NA,0.13671875,0.554216867,6
7,Cephalanthus occidentalis,Cephalanthus occidentalis,Shrub,EFNative,123,"MA, OH, MD, KY, PA, NH, NJ, RI, NY, VA, CT, ME, DE, VT","IL, MN, MO, NE, OK, WI, CT, IN, ME, MA, NH, NJ, NY, PA, RI, VT, AZ, CA, UT, NM, TX, AL, AR, FL, GA, KY, LA, MD, NC, SC, TN, VA",NA,0.26171875,0.674698795,7
8,Zizia aurea,Zizia aurea,Forb/herb,EFNative,62,"MA, MD, NH, PA, RI, VA, CT, ME, DE, NJ, VT, NY, OH, WV","MT, IL, IA, KS, MN, MO, ND, NE, OK, SD, WI, CT, IN, ME, MA, MI, NH, NJ, NY, OH, PA, RI, VT, WV, TX, AL, AR, DE, FL, GA, KY, LA, MD, MS, NC, SC, TN, VA",NA,0.08203125,0.493975904,8
9,Rudbeckia laciniata,Rudbeckia laciniata,Forb/herb,EFNative,71,"PA, MD, RI, MA, CT, VA, ME, DE, NY, NH, NJ, VT, OH","CO, MT, WY, IL, IA, KS, MN, MO, ND, NE, OK, SD, WI, CT, IN, ME, MA, MI, NH, NY, OH, PA, VT, WV, AZ, NM, TX, AL, AR, DE, FL, GA, KY, LA, MD, NC, SC, TN, VA",NA,0.109375,0.518072289,9
10,Lobelia cardinalis,Lobelia cardinalis,Forb/herb,EFNative,137,"DE, MA, MD, PA, NY, NH, RI, CT, ME, NJ, VA, OH, VT, WV","CO, IL, IA, KS, MN, MO, NE, OK, WI, CT, IN, ME, MA, MI, NH, NJ, NY, OH, PA, RI, VT, WV, AZ, CA, NV, UT, NM, TX, AL, AR, DE, FL, GA, KY, LA, MD, MS, NC, SC, TN, VA",NA,0.3046875,0.710843373,10
11,Verbena hastata,Verbena hastata,Forb/herb,EFNative,60,"ME, MA, PA, MD, RI, OH, VA, CT, DE, NJ, NY, VT, NH","CO, ID, MT, OR, WA, WY, IL, IA, KS, MN, MO, ND, NE, OK, WI, CT, IN, ME, MA, MI, NH, NJ, NY, OH, PA, RI, VT, WV, AZ, CA, UT, NM, TX, AL, DE, FL, GA, KY, LA, MD, MS, NC, SC, TN, VA",NA,0.08203125,0.469879518,11
12,Conoclinium coelestinum,Conoclinium coelestinum,Forb/herb,EFNative,69,"MA, PA, MD, RI, VA, NJ, CT, NY, DE, WV, ME, VT","IL, KS, MO, NE, OK, IN, MI, NJ, NY, OH, PA, WV, TX, AL, AR, DE, FL, GA, KY, LA, MD, MS, NC, SC, TN, VA",NA,0.109375,0.493975904,12
13,Monarda punctata,Monarda punctata,Forb/herb,EFNative,61,"MA, MD, NH, RI, PA, VA, CT, DE, ME, VT, NJ","IL, IA, KS, MN, MO, OK, WI, CT, IN, MA, MI, NJ, NY, PA, VT, NM, TX, AL, AR, FL, GA, KY, LA, MD, MS, NC, SC, TN, VA",NA,0.0859375,0.469879518,13
14,Asclepias syriaca,Asclepias syriaca,Forb/herb,EFNative,63,"MA, PA, MD, RI, OH, NJ, DE, VA, CT, ME, VT","MT, IL, IA, KS, MN, MO, ND, NE, OK, SD, WI, CT, IN, ME, MA, MI, NH, NJ, NY, OH, PA, RI, VT, WV, TX, AL, AR, DE, GA, KY, LA, MD, MS, NC, SC, TN, VA",NA,0.09375,0.469879518,14
15,Lindera benzoin,Lindera benzoin,Shrub,EFNative,100,"OH, MD, PA, NH, NJ, MA, RI, CT, VA, ME, DE, NY, VT","IL, KS, MO, OK, CT, IN, ME, MA, MI, NH, NJ, NY, OH, PA, RI, VT, WV, TX, AL, AR, DE, FL, GA, KY, LA, MD, MS, NC, SC, TN, VA",NA,0.203125,0.578313253,15
16,Solidago caesia,Solidago caesia,Forb/herb,EFNative,47,"ME, MA, DE, PA, MD, NH, RI, NJ, VA, CT, OH, VT, WV","IL, MO, OK, WI, CT, IN, ME, MA, MI, NH, NJ, NY, OH, PA, RI, VT, WV, TX, AL, AR, DE, FL, GA, KY, LA, MD, MS, NC, SC, TN, VA",NA,0.046875,0.421686747,16
17,Cornus amomum,Cornus amomum,Shrub,EFNative,65,"ME, MA, MD, NJ, VA, CT, PA, DE, RI, OH, VT","IL, IA, MO, CT, IN, ME, MA, MI, NH, NJ, NY, OH, PA, RI, VT, WV, AL, DE, FL, GA, KY, MD, MS, NC, SC, TN, VA",NA,0.1015625,0.469879518,17
18,Pycnanthemum tenuifolium,Pycnanthemum tenuifolium,Forb/herb,EFNative,54,"MA, PA, MD, NH, RI, CT, VA, NJ, DE, WV, NY, VT, ME, OH","IL, IA, KS, MN, MO, NE, OK, WI, CT, IN, ME, MA, MI, NH, NJ, NY, OH, PA, RI, VT, WV, TX, AL, AR, DE, GA, KY, LA, MD, MS, NC, SC, TN, VA",NA,0.0703125,0.43373494,18
19,Chelone glabra,Chelone glabra,Forb/herb,EFNative,91,"MA, PA, NY, MD, NH, RI, NJ, VA, OH, CT, ME, VT, DE, WV","IL, IA, MN, MO, WI, CT, IN, ME, MA, MI, NH, NJ, NY, OH, PA, RI, VT, WV, AL, AR, DE, GA, KY, MD, MS, NC, SC, TN, VA",NA,0.1796875,0.542168675,19
20,Corylus americana,Corylus americana,Shrub,EFNative,63,"MD, NH, MA, PA, CT, OH, NJ, VA, DE, VT, ME, RI","IL, IA, KS, MN, MO, ND, NE, OK, SD, WI, CT, IN, ME, MA, MI, NH, NJ, NY, OH, PA, RI, VT, WV, AL, AR, DE, GA, KY, LA, MD, MS, NC, SC, TN, VA",NA,0.09765625,0.457831325,20
21,Symphyotrichum cordifolium,Symphyotrichum cordifolium,Forb/herb,EFNative,59,"ME, MA, PA, MD, NH, RI, OH, NJ, VA, CT, DE, VT","IL, IA, MN, MO, NE, OK, SD, WI, CT, IN, ME, MA, MI, NH, NJ, NY, OH, PA, RI, VT, WV, AL, AR, GA, KY, MD, NC, SC, TN, VA",NA,0.0859375,0.445783133,21
22,Packera aurea,Packera aurea,Forb/herb,EFNative,51,"MA, OH, PA, MD, VA, CT, DE, VT, ME, WV, NJ, RI, NH","IL, IA, MN, MO, ND, OK, SD, WI, CT, IN, ME, MA, MI, NH, NJ, NY, OH, PA, RI, VT, WV, AL, AR, FL, GA, KY, MD, MS, NC, SC, TN, VA",NA,0.0625,0.421686747,22
23,Pycnanthemum muticum,Pycnanthemum muticum,Forb/herb,EFNative,84,"MA, PA, NY, MD, NH, RI, VA, CT, OH, NJ, VT, DE, ME, WV","IL, MO, CT, MA, MI, NH, NJ, NY, OH, PA, RI, VT, WV, TX, AL, AR, DE, FL, GA, KY, MD, NC, TN",NA,0.16015625,0.518072289,23
24,Pycnanthemum virginianum,Pycnanthemum virginianum,Forb/herb,EFNative,48,"ME, MA, VA, PA, MD, NH, RI, DE, NJ, OH, VT","IL, IA, KS, MN, MO, ND, NE, OK, SD, WI, CT, IN, ME, MA, MI, NH, NJ, NY, OH, PA, RI, VT, WV, AL, AR, DE, GA, KY, MD, TN, VA",NA,0.0546875,0.409638554,24
25,Solidago speciosa,Solidago speciosa,Forb/herb,EFNative,37,"MA, PA, NH, RI, MD, VA, CT, NJ, VT, ME, OH","MN, WI, CT, MA, NJ, NY, OH, RI, VT, WV, AL, DE, GA, KY, MD, NC, SC, TN, VA",NA,0.0234375,0.373493976,25
26,Symphyotrichum laeve,Symphyotrichum laeve,Forb/herb,EFNative,66,"ME, MA, OH, MD, NH, RI, PA, CT, NJ, VA, DE, VT, WV, NY","CO, ID, MT, OR, WA, WY, IL, IA, KS, MN, MO, ND, NE, SD, WI, CT, IN, ME, MA, MI, NH, NJ, NY, OH, PA, RI, VT, WV, CA, NV, UT, NM, TX, AL, AR, DE, FL, GA, KY, LA, MD, MS, NC, SC, TN, VA",NA,0.109375,0.457831325,26
27,Penstemon digitalis,Penstemon digitalis,Forb/herb,EFNative,103,"ME, MA, PA, NY, MD, NH, RI, NJ, VA, CT, VT, DE, WV, OH","IL, IA, KS, MN, MO, NE, OK, WI, IN, MI, OH, TX, AL, AR, KY, LA, MS, TN",NA,0.21875,0.56626506,27
28,Mimulus ringens,Mimulus ringens,Forb/herb,EFNative,38,"MA, PA, NH, MD, VA, CT, VT, RI, NJ, ME","IL, IA, KS, MN, MO, ND, NE, OK, SD, WI, CT, IN, ME, MA, MI, NH, NJ, NY, OH, PA, RI, VT, WV, TX, AL, AR, DE, GA, KY, LA, MD, MS, NC, SC, TN, VA",NA,0.02734375,0.373493976,28
29,Eurybia divaricata,Eurybia divaricata,Forb/herb,EFNative,36,"PA, MD, NJ, MA, VA, CT, RI, NH, ME","CT, ME, MA, MI, NH, NJ, NY, OH, PA, RI, VT, WV, AL, DE, GA, KY, MD, NC, SC, TN, VA",NA,0.0234375,0.361445783,29
30,Solidago flexicaulis,Solidago flexicaulis,Forb/herb,EFNative,36,"ME, MA, PA, MD, VA, CT, OH, WV, NJ, RI, NH","IL, IA, KS, MN, MO, ND, NE, SD, WI, CT, IN, ME, MA, MI, NH, NJ, NY, OH, PA, VT, WV, AL, AR, DE, GA, KY, MD, NC, TN, VA",NA,0.0234375,0.361445783,30
31,Baptisia australis,Baptisia australis,Forb/herb,EFNative,94,"MA, KY, VT, PA, MD, NH, OH, RI, ME, NJ, VA, CT, DE, WV, NY","CO, IA, KS, MO, OK, IN, NY, OH, PA, VT, WV, AZ, NM, TX, AL, AR, DE, GA, KY, MD, TN, VA",NA,0.1953125,0.530120482,31
32,Eragrostis spectabilis,Eragrostis spectabilis,Grass,EFNative,71,"OH, PA, VA, CT, MA, MD, ME, RI, DE, NJ, NY, VT","CO, WY, IL, IA, KS, MN, MO, ND, NE, OK, SD, WI, CT, IN, ME, MA, MI, NH, NJ, NY, OH, PA, RI, VT, WV, AZ, NM, TX, AL, AR, FL, GA, KY, LA, MD, MS, NC, SC, TN, VA",NA,0.12890625,0.457831325,32
33,Euthamia graminifolia,Euthamia graminifolia,Forb/herb,EFNative,39,"MA, PA, RI, MD, VA, NJ, CT, WV, ME, NH","CO, WY, IA, MN, ND, SD, WI, ME, MI, NH, NY, PA, VT, WV, NM, MD, NC, SC, VA",NA,0.03515625,0.361445783,33
34,Rosa palustris,Rosa palustris,Shrub,EFNative,52,"MA, MD, PA, NH, NJ, RI, VA, CT, DE, ME, NY, VT, OH","IL, IA, MO, WI, CT, IN, ME, MA, MI, NH, NJ, NY, OH, PA, RI, VT, WV, AL, AR, DE, FL, GA, KY, MD, MS, NC, SC, TN, VA",NA,0.07421875,0.397590361,34
35,Asclepias tuberosa,Asclepias tuberosa,Forb/herb,EFNative,134,"MA, KY, VA, VT, PA, OH, NY, MD, NH, RI, CT, NJ, DE, ME, WV","CO, IL, IA, KS, MN, MO, NE, OK, SD, WI, CT, IN, ME, MA, MI, NH, NJ, NY, OH, PA, RI, VT, WV, AZ, CA, UT, NM, TX, AL, AR, DE, FL, GA, KY, LA, MD, MS, NC, SC, TN, VA",NA,0.31640625,0.638554217,35
36,Solidago nemoralis,Solidago nemoralis,Forb/herb,EFNative,37,"MA, PA, RI, MD, NJ, VA, CT, ME, NH","CO, MT, WY, IL, IA, KS, MN, MO, ND, NE, OK, SD, WI, CT, IN, ME, MA, MI, NH, NJ, NY, OH, PA, RI, VT, WV, NM, TX, AL, AR, DE, FL, GA, KY, LA, MD, MS, NC, SC, TN",NA,0.03125,0.34939759,36
37,Ceanothus americanus,Ceanothus americanus,Shrub,EFNative,70,"MA, MD, NH, NJ, PA, RI, CT, OH, VA, ME, DE, VT, NY","IL, IA, KS, MN, MO, NE, OK, WI, CT, IN, ME, MA, MI, NH, NJ, NY, OH, PA, RI, VT, WV, TX, AL, AR, DE, FL, GA, KY, LA, MD, MS, NC, SC, TN, VA",NA,0.12890625,0.445783133,37
38,Allium cernuum,Allium cernuum,Forb/herb,EFNative,62,"MA, PA, MD, NH, RI, NJ, VA, CT, DE, OH, VT, ME, WV","CO, ID, MT, OR, WA, WY, IL, IA, MN, MO, NE, SD, WI, IN, MI, NY, OH, PA, WV, AZ, UT, NM, TX, AL, AR, GA, KY, MD, NC, SC, TN, VA",NA,0.10546875,0.421686747,38
39,Prunus serotina,Prunus serotina,Shrub,EFNative,46,"MD, MA, NJ, PA, VA, CT, DE, OH, ME, RI","CO, WA, IL, IA, KS, MN, MO, NE, OK, WI, CT, IN, ME, MA, MI, NH, NJ, NY, OH, PA, RI, VT, WV, AZ, NM, TX, AL, AR, DE, FL, GA, KY, LA, MD, MS, NC, SC, TN, VA",NA,0.05859375,0.373493976,39
40,Fragaria virginiana,Fragaria virginiana,Forb/herb,EFNative,38,"MA, PA, MD, VA, CT, OH, ME, VT, NH, RI, NJ","AK, CO, ID, MT, OR, WA, WY, IL, IA, KS, MN, MO, ND, NE, OK, SD, WI, CT, IN, ME, MA, MI, NH, NJ, NY, OH, PA, RI, VT, WV, AZ, CA, NV, UT, NM, TX, AL, AR, DE, FL, GA, KY, LA, MD, MS, NC, SC, TN, VA",NA,0.03515625,0.34939759,40
41,Hypericum prolificum,Hypericum prolificum,Shrub,EFNative,30,"MD, NH, PA, VA, CT, NJ, MA, VT","IL, IA, MN, MO, OK, WI, CT, IN, ME, MA, MI, NH, NJ, NY, OH, PA, RI, VT, WV, TX, AL, AR, DE, FL, GA, KY, LA, MD, MS, NC, SC, TN, VA",NA,0.01171875,0.325301205,41
42,Eutrochium fistulosum,Eutrochium fistulosum,Forb/herb,EFNative,26,"PA, NJ, MD, VA, ME, CT, MA, NH, RI","IL, MO, OK, CT, IN, ME, MA, MI, NH, NJ, NY, OH, PA, RI, WV, TX, AL, AR, DE, FL, GA, KY, LA, MD, MS, NC, SC, TN, VA",NA,0,0.313253012,42
43,Asimina triloba,Asimina triloba,Shrub,EFNative,93,"OH, MD, KY, NY, NJ, PA, MA, RI, CT, VA, ME, DE, WV, NH, VT","IL, IA, KS, MO, NE, OK, WI, IN, MI, NJ, NY, OH, PA, WV, TX, AL, AR, DE, FL, GA, KY, LA, MD, MS, NC, SC, TN, VA",NA,0.19921875,0.506024096,43
44,Penstemon hirsutus,Penstemon hirsutus,Forb/herb,EFNative,40,"ME, MA, NH, RI, MD, PA, VA, CT, DE, OH, NJ, VT","IL, WI, CT, IN, ME, MA, MI, NJ, NY, OH, PA, RI, VT, WV, DE, KY, MD, TN, VA",NA,0.04296875,0.34939759,44
45,Anemone virginiana,Anemone virginiana,Forb/herb,EFNative,37,"MA, PA, MD, VA, NJ, CT, DE, VT, WV, ME, RI, NH","CO, WY, IL, IA, KS, MN, MO, ND, NE, OK, SD, WI, CT, IN, ME, MA, MI, NH, NJ, NY, OH, PA, RI, VT, WV, AL, AR, DE, GA, KY, LA, MD, MS, NC, SC, TN, VA",NA,0.03515625,0.337349398,45
46,Geranium maculatum,Geranium maculatum,Forb/herb,EFNative,82,"MA, PA, NY, MD, NH, RI, NJ, VA, OH, CT, ME, WV, DE, VT","IL, IA, KS, MN, MO, ND, NE, OK, SD, WI, CT, IN, ME, MA, MI, NH, NJ, NY, OH, PA, RI, VT, WV, AL, AR, DE, FL, GA, KY, LA, MD, MS, NC, SC, TN, VA",NA,0.16796875,0.469879518,46
47,Iris versicolor,Iris versicolor,Forb/herb,EFNative,111,"ME, MD, OH, NY, NH, PA, RI, MA, CT, NJ, VA, VT, DE","MN, WI, CT, ME, MA, MI, NH, NJ, NY, OH, PA, RI, VT, MD, VA",NA,0.25390625,0.554216867,47
48,Clematis virginiana,Clematis virginiana,Vine,EFNative,42,"MD, NH, PA, MA, RI, VA, CT, ME, NY, NJ, VT, OH","IL, IA, KS, MN, MO, ND, NE, OK, SD, WI, CT, IN, ME, MA, MI, NH, NJ, NY, OH, PA, RI, VT, WV, TX, AL, AR, DE, FL, GA, KY, LA, MD, MS, NC, SC, TN, VA",NA,0.05078125,0.34939759,48
49,Viola sororia,Viola sororia,Forb/herb,EFNative,34,"MA, NH, PA, MD, NJ, VA, CT, ME, WV, VT","CO, MT, IL, IA, KS, MN, MO, ND, NE, OK, SD, WI, CT, IN, ME, MA, MI, NH, NJ, NY, OH, PA, RI, VT, WV, UT, NM, TX, AL, AR, DE, FL, GA, KY, LA, MD, MS, NC, SC, TN, VA",NA,0.02734375,0.325301205,49
50,Pycnanthemum incanum,Pycnanthemum incanum,Forb/herb,EFNative,30,"PA, RI, MD, VA, NJ, MA, OH","IL, CT, IN, MA, NJ, NY, OH, PA, VT, WV, AL, FL, KY, MD, NC, SC, TN, VA",NA,0.015625,0.313253012,50
51,Schizachyrium scoparium,Schizachyrium scoparium,Grass,EFNative,117,"DE, OH, MA, NY, MD, NJ, PA, VA, CT, ME, RI, VT, NH, WV, KY","CO, ID, MT, WA, WY, IL, IA, KS, MN, MO, ND, NE, OK, SD, WI, CT, IN, MA, MI, NH, NJ, NY, OH, PA, RI, VT, WV, CA, UT, NM, TX, AL, AR, DE, FL, GA, KY, LA, MD, MS, NC, SC, TN, VA",NA,0.2734375,0.56626506,51
52,Cornus racemosa,Cornus racemosa,Shrub,EFNative,68,"MA, OH, MD, CT, NJ, PA, VA, ME, DE, RI, VT, NY, NH","IL, IA, MN, MO, NE, SD, WI, CT, IN, ME, MA, MI, NH, NJ, NY, OH, PA, RI, VT, WV, TX, KY, MD, NC, VA",NA,0.12890625,0.421686747,52
53,Veronicastrum virginicum,Veronicastrum virginicum,Forb/herb,EFNative,81,"MA, PA, NY, MD, NH, RI, NJ, VA, CT, ME, VT, DE, OH, WV","IL, IA, KS, MN, MO, ND, NE, OK, SD, WI, CT, IN, ME, MA, MI, NJ, NY, OH, PA, VT, WV, TX, AL, AR, DE, FL, GA, KY, LA, MD, MS, NC, SC, TN, VA",NA,0.16796875,0.457831325,53
54,Diospyros virginiana,Diospyros virginiana,Tree,EFNative,77,"OH, MD, PA, MA, RI, CT, NJ, VA, ME, DE, WV, NY, VT","IL, IA, KS, MO, OK, CT, IN, NJ, NY, OH, PA, WV, TX, AL, AR, DE, FL, GA, KY, LA, MD, MS, NC, SC, TN, VA",NA,0.15625,0.445783133,54
55,Viburnum prunifolium,Viburnum prunifolium,Shrub,EFNative,59,"OH, MD, KY, NJ, PA, VA, CT, DE, VT, ME, NH, RI","IL, IA, KS, MO, OK, WI, CT, IN, MI, NJ, NY, OH, PA, WV, TX, AL, AR, DE, GA, KY, LA, MD, MS, NC, SC, TN, VA",NA,0.10546875,0.385542169,55
56,Coreopsis lanceolata,Coreopsis lanceolata,Forb/herb,EFNative,39,"MA, PA, MD, NH, NJ, CT, VA, NY, VT, ME, OH","IL, KS, MN, MO, OK, WI, IN, MI, NJ, NY, OH, PA, VT, WV, NM, TX, AL, AR, FL, GA, KY, LA, MD, MS, NC, SC, TN, VA",NA,0.046875,0.325301205,56
57,Helenium autumnale,Helenium autumnale,Forb/herb,EFNative,68,"MA, OH, PA, MD, NH, RI, NJ, VA, CT, ME, DE, VT","CO, ID, MT, OR, WA, WY, IL, IA, KS, MN, MO, ND, NE, OK, WI, IN, MA, MI, NJ, NY, OH, PA, WV, AZ, CA, NV, UT, NM, TX, AL, AR, DE, FL, GA, KY, LA, MD, MS, NC, SC, TN, VA",NA,0.1328125,0.409638554,57
58,Spiraea tomentosa,Spiraea tomentosa,Shrub,EFNative,48,"MA, MD, NH, NJ, RI, PA, CT, DE, VA, VT, OH, ME, NY","IL, KS, MN, MO, WI, CT, IN, ME, MA, MI, NH, NJ, NY, OH, PA, RI, VT, WV, AL, AR, DE, GA, KY, LA, MD, MS, NC, SC, TN, VA",NA,0.07421875,0.34939759,58
59,Salvia lyrata,Salvia lyrata,Forb/herb,EFNative,40,"MA, PA, MD, RI, VA, CT, DE, NJ, ME, OH","IL, KS, MO, CT, NJ, NY, TX, AL, FL, KY, MD, SC, TN",NA,0.05078125,0.325301205,59
60,Rosa virginiana,Rosa virginiana,Shrub,EFNative,45,"MA, MD, PA, NH, RI, NJ, VA, CT, ME, DE, VT, OH, NY","MO, CT, ME, MA, MI, NH, NJ, NY, PA, RI, VT, DE, KY, MD, TN, VA",NA,0.06640625,0.337349398,60
61,Elymus hystrix,Elymus hystrix,Grass,EFNative,29,"PA, MD, VA, NJ","IL, IA, KS, MN, MO, ND, NE, SD, WI, CT, IN, ME, MA, MI, NH, NJ, NY, OH, PA, RI, VT, WV, AL, KY, MD, NC, TN",NA,0.01953125,0.289156627,61
62,Eutrochium purpureum,Eutrochium purpureum,Forb/herb,EFNative,66,"MA, PA, OH, NH, RI, MD, NJ, VA, ME, DE, VT, NY","IL, IA, KS, MN, MO, NE, OK, WI, CT, IN, MA, MI, NH, NJ, NY, OH, PA, RI, VT, WV, AL, AR, DE, FL, GA, KY, LA, MD, MS, NC, SC, TN, VA",NA,0.12890625,0.397590361,62
63,Doellingeria umbellata,Doellingeria umbellata,Forb/herb,EFNative,62,"ME, MA, PA, MD, RI, OH, NJ, VA, CT, DE, VT, NH, WV, NY","IL, IA, MN, ND, NE, WI, CT, IN, ME, MA, MI, NH, NJ, NY, OH, PA, RI, VT, WV, AL, DE, GA, KY, MD, MS, NC, SC, TN, VA",NA,0.1171875,0.385542169,63
64,Heliopsis helianthoides,Heliopsis helianthoides,Forb/herb,EFNative,87,"MA, OH, NY, MD, PA, RI, NJ, VA, CT, ME, DE, NH, VT","CO, IL, IA, KS, MN, MO, ND, NE, OK, SD, WI, CT, IN, ME, MA, MI, NH, NJ, NY, OH, PA, RI, VT, WV, NM, TX, AL, AR, DE, GA, KY, LA, MD, MS, NC, SC, TN, VA",NA,0.19140625,0.457831325,64
65,Baptisia tinctoria,Baptisia tinctoria,Forb/herb,EFNative,38,"MA, VT, PA, MD, NH, RI, NJ, VA, CT, DE, ME","IL, MN, WI, IN, ME, MA, MI, NY, OH, PA, VT, WV, GA, KY, LA, MD, NC, TN, VA",NA,0.046875,0.313253012,65
66,Viburnum lentago,Viburnum lentago,Shrub,EFNative,63,"MA, OH, MD, NJ, RI, PA, VT, VA, ME, CT, DE, NH","MT, WY, IL, IA, MN, MO, ND, NE, SD, WI, CT, IN, ME, MA, MI, NH, NJ, NY, OH, PA, RI, VT, WV, GA, MD, VA",NA,0.12109375,0.385542169,66
67,Eryngium yuccifolium,Eryngium yuccifolium,Forb/herb,EFNative,59,"MA, PA, MD, RI, OH, NJ, VA, CT, VT, DE, WV, ME, NH","IL, IA, KS, MN, MO, NE, OK, WI, CT, IN, MI, NJ, OH, TX, AL, AR, FL, GA, KY, LA, MD, MS, NC, SC, TN, VA",NA,0.109375,0.373493976,67
68,Platanus occidentalis,Platanus occidentalis,Tree,EFNative,76,"OH, MD, NY, RI, KY, PA, VA, CT, NJ, VT, DE, MA, ME","IL, IA, KS, MO, NE, OK, WI, CT, IN, ME, MA, MI, NH, NJ, NY, OH, PA, RI, VT, WV, TX, AL, AR, DE, FL, GA, KY, LA, MD, MS, NC, SC, TN, VA",NA,0.16015625,0.421686747,68
69,Sorghastrum nutans,Sorghastrum nutans,Grass,EFNative,60,"MA, PA, MD, NH, RI, NJ, VA, CT, NY, DE, OH, ME, VT","CO, MT, WY, IL, IA, KS, MN, MO, ND, NE, OK, SD, WI, CT, IN, ME, MA, MI, NH, NJ, NY, OH, PA, RI, VT, WV, AZ, UT, NM, TX, AL, AR, DE, FL, GA, KY, LA, MD, MS, NC, SC, TN, VA",NA,0.11328125,0.373493976,69
70,Asclepias verticillata,Asclepias verticillata,Forb/herb,EFNative,44,"MA, PA, NH, RI, MD, OH, NJ, VA, CT, DE, VT, WV","MT, WY, IL, IA, KS, MN, MO, ND, NE, OK, SD, WI, CT, IN, MA, MI, NJ, NY, OH, PA, RI, VT, WV, AZ, NM, TX, AL, AR, DE, FL, GA, KY, LA, MD, MS, NC, SC, TN, VA",NA,0.06640625,0.325301205,70
71,Carex vulpinoidea,Carex vulpinoidea,Grass,EFNative,40,"MA, PA, NY, MD, VA, VT, DE, ME, NJ, RI, OH","CO, ID, MT, OR, WA, WY, IL, IA, KS, MN, MO, ND, NE, OK, SD, WI, CT, IN, ME, MA, MI, NH, NJ, NY, OH, PA, RI, VT, WV, AZ, CA, NM, TX, AL, AR, DE, FL, GA, KY, LA, MD, MS, NC, SC, TN, VA",NA,0.0546875,0.313253012,71
72,Solidago odora,Solidago odora,Forb/herb,EFNative,40,"MA, DE, MD, NH, RI, PA, VA, ME, NJ, NY, CT","MO, OK, CT, MA, NH, NJ, NY, OH, PA, RI, VT, WV, TX, AL, AR, DE, FL, GA, KY, LA, MD, MS, NC, SC, TN, VA",NA,0.0546875,0.313253012,72
73,Sambucus canadensis,Sambucus canadensis,Shrub,EFNative,85,"MA, DE, MD, NY, NH, NJ, RI, PA, VA, ME, OH, VT, WV, CT","MT, WY, IL, IA, KS, MN, MO, ND, NE, OK, SD, WI, CT, IN, ME, MA, MI, NH, NJ, NY, OH, PA, RI, VT, WV, AZ, CA, NM, TX, AL, AR, DE, FL, GA, KY, LA, MD, MS, NC, SC, TN, VA",NA,0.1875,0.445783133,73
74,Sedum ternatum,Sedum ternatum,Forb/herb,EFNative,57,"MD, NY, RI, PA, NJ, VA, CT, ME, DE, VT, WV, NH, OH, MA","IL, IA, MO, CT, IN, ME, MA, MI, NJ, NY, OH, PA, RI, VT, WV, AL, AR, DE, GA, KY, MD, MS, NC, SC, TN, VA",NA,0.10546875,0.361445783,74
75,Rosa carolina,Rosa carolina,Shrub,EFNative,37,"MD, MA, RI, PA, NJ, VA, CT, VT, NY, ME","IL, IA, KS, MO, NE, OK, WI, CT, IN, ME, MA, MI, NH, NJ, NY, OH, PA, RI, VT, WV, TX, AL, AR, DE, FL, GA, KY, LA, MD, MS, NC, SC, TN, VA",NA,0.046875,0.301204819,75
76,Salix nigra,Salix nigra,Tree,EFNative,33,"MD, NJ, MA, VA, CT, PA, ME, OH","IL, IA, KS, MN, MO, NE, OK, WI, CT, IN, ME, MA, MI, NH, NJ, NY, OH, PA, RI, VT, NM, TX, AL, AR, DE, FL, GA, KY, LA, MD, MS, NC, SC, TN, VA",NA,0.03515625,0.289156627,76
77,Eutrochium maculatum,Eutrochium maculatum,Forb/herb,EFNative,75,"OH, KY, PA, MD, NH, MA, RI, NJ, VA, CT, ME, DE, VT, NY","CO, ID, WA, WY, IL, IA, KS, MN, MO, ND, NE, SD, WI, CT, IN, ME, MA, MI, NH, NJ, NY, OH, PA, VT, WV, AZ, UT, NM, MD, NC, VA",NA,0.16015625,0.409638554,77
78,Prunus americana,Prunus americana,Shrub,EFNative,31,"MD, VT, PA, ME, VA, DE, MA, NJ, OH, RI","CO, ID, MT, OR, WA, WY, IL, KS, MN, MO, ND, NE, OK, SD, WI, CT, IN, ME, MA, MI, NH, NJ, NY, OH, PA, RI, VT, WV, UT, NM, AL, AR, DE, FL, GA, KY, LA, MD, MS, NC, SC, TN, VA",NA,0.03125,0.277108434,78
79,Carex stricta,Carex stricta,Grass,EFNative,40,"VA, MA, PA, DE, RI, MD, NH, NY, NJ, CT, VT, OH","IL, IA, KS, MN, MO, ND, NE, SD, WI, CT, IN, ME, MA, MI, NH, NJ, NY, OH, RI, VT, WV, NM, TX, AL, DE, KY, MD, MS, NC, TN, VA",NA,0.05859375,0.301204819,79
80,Alnus serrulata,Alnus serrulata,Shrub,EFNative,29,"MA, MD, PA, NJ, VA, DE","IL, MO, OK, CT, IN, ME, MA, NH, NJ, NY, OH, PA, RI, VT, WV, TX, AL, AR, DE, FL, GA, KY, LA, MD, MS, NC, SC, TN, VA",NA,0.02734375,0.265060241,80
81,Betula lenta,Betula lenta,Tree,EFNative,29,"MA, MD, PA, NJ, VA, NH, ME","CT, ME, MA, NH, NJ, NY, OH, PA, RI, VT, WV, AL, GA, KY, MD, MS, NC, SC, TN, VA",NA,0.02734375,0.265060241,81
82,Eupatorium hyssopifolium,Eupatorium hyssopifolium,Forb/herb,EFNative,29,"MD, RI, PA, VA, NJ, CT, DE, MA, ME, VT","IL, MO, WI, CT, MA, NJ, NY, OH, PA, RI, WV, TX, AL, AR, DE, FL, GA, KY, LA, MD, MS, NC, SC, TN, VA",NA,0.02734375,0.265060241,82
83,Rudbeckia triloba,Rudbeckia triloba,Forb/herb,EFNative,62,"MA, OH, NY, MD, RI, PA, VA, CT, VT, ME, DE, NJ","CO, IL, IA, KS, MN, MO, NE, OK, WI, CT, IN, MA, MI, NJ, NY, OH, PA, VT, WV, UT, TX, AL, AR, DE, FL, GA, KY, LA, MD, MS, NC, TN, VA",NA,0.125,0.361445783,83
84,Antennaria plantaginifolia,Antennaria plantaginifolia,Forb/herb,EFNative,30,"MA, MD, NH, VA, RI, PA, CT, DE, WV, VT, OH, NJ","IL, IA, MN, MO, OK, WI, CT, IN, ME, MA, NH, NJ, NY, PA, RI, VT, WV, AL, AR, DE, FL, GA, KY, MD, MS, NC, SC, TN, VA",NA,0.03125,0.265060241,84
85,Physostegia virginiana,Physostegia virginiana,Forb/herb,EFNative,75,"MA, DE, OH, NY, MD, NH, PA, ME, VA, CT, VT, NJ, RI, WV","IL, IA, KS, MN, MO, ND, NE, OK, SD, WI, CT, IN, ME, MI, NH, NY, OH, PA, RI, VT, WV, NM, TX, AL, AR, FL, GA, KY, LA, MD, NC, SC, TN, VA",NA,0.1640625,0.397590361,85
86,Echinacea purpurea,Echinacea purpurea,Forb/herb,EFNative,137,"OH, MA, MD, KY, PA, NY, NH, RI, CT, NJ, ME, VA, VT, DE, WV","CO, IL, IA, KS, MO, OK, WI, IN, MI, NY, OH, PA, TX, AL, AR, FL, GA, KY, LA, MS, NC, SC, TN, VA",NA,0.34765625,0.578313253,86
87,Eurybia macrophylla,Eurybia macrophylla,Forb/herb,EFNative,39,"ME, MA, PA, MD, NJ, CT, NY, DE, RI, VT, WV, VA, NH","IL, IA, MN, MO, WI, CT, IN, ME, MA, MI, NH, NJ, NY, OH, PA, RI, VT, WV, DE, GA, KY, MD, NC, TN, VA",NA,0.05859375,0.289156627,87
88,Solidago sempervirens,Solidago sempervirens,Forb/herb,EFNative,32,"ME, MA, MD, RI, PA, NJ, VA, CT, DE, NH","CT, ME, MA, NH, NJ, NY, PA, RI, DE, MD, VA",WI,0.0390625,0.265060241,88
89,Liatris spicata,Liatris spicata,Forb/herb,EFNative,122,"DE, MA, KY, OH, PA, NY, MD, NH, RI, NJ, VA, ME, CT, VT, WV","CO, IL, IA, KS, MO, NE, OK, WI, CT, IN, MA, MI, NJ, NY, OH, PA, WV, TX, AL, AR, DE, FL, GA, KY, LA, MD, MS, NC, SC, TN, VA",NA,0.3046875,0.530120482,89
90,Solidago juncea,Solidago juncea,Forb/herb,EFNative,24,"MA, RI, MD, PA, VA, CT, ME, NJ","IL, MN, MO, WI, CT, IN, ME, MA, MI, NH, NJ, NY, OH, PA, RI, VT, WV, AL, AR, DE, GA, KY, LA, MD, MS, NC, SC, TN, VA",NA,0.015625,0.240963855,90
91,Solidago rugosa,Solidago rugosa,Forb/herb,EFNative,69,"MA, MD, KY, PA, NY, RI, CT, NJ, VA, DE, ME, OH, WV, VT, NH","IL, MO, OK, WI, CT, IN, ME, MA, MI, NJ, NY, OH, PA, RI, VT, WV, TX, AL, AR, DE, FL, GA, KY, LA, MD, MS, NC, SC, TN, VA",NA,0.1484375,0.373493976,91
92,Symphyotrichum lateriflorum,Symphyotrichum lateriflorum,Forb/herb,EFNative,41,"MA, PA, MD, NH, RI, CT, VA, NY, DE, ME, VT, OH, NJ","IL, IA, KS, MN, MO, NE, OK, SD, WI, CT, IN, ME, MA, MI, NH, NJ, NY, OH, PA, RI, VT, WV, TX, AL, AR, DE, FL, GA, KY, LA, MD, MS, NC, SC, TN, VA",NA,0.06640625,0.289156627,92
93,Monarda didyma,Monarda didyma,Forb/herb,EFNative,119,"MA, PA, OH, NY, MD, NH, RI, NJ, ME, VA, CT, DE, WV, VT","CT, ME, MA, MI, NH, NJ, NY, OH, PA, VT, WV, AL, GA, KY, MD, MS, NC, TN, VA",NA,0.296875,0.518072289,93
94,Carex lurida,Carex lurida,Grass,EFNative,21,"VA, NJ, MA, MD, CT, PA, OH","IL, MN, MO, OK, WI, CT, IN, ME, MA, MI, NH, NJ, NY, OH, PA, RI, VT, WV, TX, AL, AR, FL, GA, KY, LA, MD, MS, NC, SC, TN, VA",NA,0.0078125,0.228915663,94
95,Symphyotrichum oblongifolium,Symphyotrichum oblongifolium,Forb/herb,EFNative,66,"PA, NY, MD, RI, NJ, MA, VA, DE, ME, CT, WV, NH, VT, OH","CO, MT, WY, IL, IA, KS, MN, MO, ND, NE, OK, SD, WI, IN, OH, PA, WV, NM, TX, AL, AR, KY, MD, MS, NC, TN, VA",NA,0.140625,0.361445783,95
96,Carex pensylvanica,Carex pensylvanica,Grass,EFNative,95,"PA, DE, VA, MD, VT, NH, MA, NJ, OH, RI, NY, ME, CT, WV","IL, IA, MN, MO, SD, WI, CT, IN, ME, MA, MI, NH, NJ, NY, OH, PA, RI, VT, WV, AL, AR, DE, GA, KY, MD, NC, TN, VA",NA,0.2265625,0.445783133,96
97,Helianthus divaricatus,Helianthus divaricatus,Forb/herb,EFNative,26,"PA, MD, RI, VA, DE, OH, NJ, ME","IL, IA, MO, OK, WI, CT, IN, ME, MA, MI, NH, NJ, NY, OH, PA, RI, VT, WV, AL, AR, DE, FL, GA, KY, LA, MD, MS, NC, SC, TN, VA",NA,0.0234375,0.240963855,97
98,Dryopteris marginalis,Dryopteris marginalis,Forb/herb,EFNative,71,"OH, NY, MD, PA, MA, RI, NJ, ME, CT, DE, VA, VT, NH, WV","IL, IA, KS, MN, MO, OK, WI, CT, IN, ME, MA, MI, NH, NJ, NY, OH, PA, RI, VT, WV, AL, AR, DE, GA, KY, MD, MS, NC, SC, TN, VA",NA,0.15625,0.373493976,98
99,Rudbeckia hirta,Rudbeckia hirta,Forb/herb,EFNative,67,"MA, OH, PA, MD, NH, RI, VA, CT, VT, NY, ME, NJ, DE","CO, ID, OR, WA, WY, IL, IA, KS, MN, MO, ND, NE, OK, SD, WI, CT, IN, ME, MA, MI, NH, NJ, NY, OH, PA, RI, VT, WV, CA, UT, NM, TX, AL, AR, DE, FL, GA, KY, LA, MD, MS, NC, SC, TN, VA",NA,0.14453125,0.361445783,99
100,Heuchera americana,Heuchera americana,Forb/herb,EFNative,63,"MA, PA, MD, NY, NJ, VA, VT, ME, DE, OH, WV, NH, CT, RI","IL, MO, OK, CT, IN, MI, NJ, NY, OH, PA, WV, AL, AR, DE, GA, KY, LA, MD, MS, NC, SC, TN, VA",NA,0.1328125,0.34939759,100
101,Amelanchier canadensis,Amelanchier canadensis,Shrub,EFNative,108,"MA, OH, MD, NH, NJ, PA, CT, RI, NY, ME, VA, VT, WV, DE","CT, ME, MA, NH, NJ, NY, PA, RI, VT, AL, DE, GA, MD, NC, SC, TN, VA",NA,0.265625,0.481927711,101
102,Andropogon virginicus,Andropogon virginicus,Grass,EFNative,35,"MD, PA, WV, VA, DE, VT, NJ, MA, CT","IL, IA, KS, MO, OK, CT, IN, MA, MI, NJ, NY, OH, PA, RI, WV, TX, AL, AR, DE, FL, GA, KY, LA, MD, MS, NC, SC, TN, VA",HI,0.05078125,0.265060241,102
103,Oenothera fruticosa,Oenothera fruticosa,Forb/herb,EFNative,40,"DE, OH, MD, RI, PA, VA, CT, VT, ME, NJ, NH, NY","IL, MO, OK, CT, IN, MA, NJ, NY, OH, PA, WV, AL, AR, DE, FL, GA, KY, LA, MD, MS, NC, SC, TN, VA",NA,0.06640625,0.277108434,103
104,Euonymus americanus,Euonymus americanus,Forb/herb,EFNative,28,"MD, PA, CT, VA, DE, NJ","IL, MO, OK, IN, NJ, NY, OH, PA, WV, TX, AL, AR, DE, FL, GA, KY, LA, MD, MS, NC, SC, TN, VA",NA,0.03125,0.240963855,104
105,Onoclea sensibilis,Onoclea sensibilis,Forb/herb,EFNative,65,"NY, MD, MA, RI, PA, VT, NJ, ME, VA, CT, DE, OH, NH","CO, WY, IL, IA, KS, MN, MO, ND, NE, OK, SD, WI, CT, IN, ME, MA, MI, NH, NJ, NY, OH, PA, RI, VT, WV, TX, AL, AR, DE, FL, GA, KY, LA, MD, MS, NC, SC, TN, VA",NA,0.140625,0.34939759,105
106,Iris cristata,Iris cristata,Forb/herb,EFNative,66,"NY, MD, NH, RI, PA, CT, DE, VA, MA, OH, ME, VT, WV, NJ","IL, IA, MO, OK, IN, NY, OH, PA, WV, AL, AR, GA, KY, MD, MS, NC, SC, TN, VA",NA,0.14453125,0.34939759,106
107,Tiarella cordifolia,Tiarella cordifolia,Forb/herb,EFNative,91,"MA, OH, PA, MD, NH, RI, CT, DE, NJ, VA, ME, VT, NY, WV","GA, MD, NC, SC, VA",NA,0.21875,0.421686747,107
108,Arisaema triphyllum,Arisaema triphyllum,Forb/herb,EFNative,38,"MA, MD, RI, PA, NJ, VA, CT, ME, DE, VT, WV, OH, NH","IL, IA, KS, MN, MO, ND, NE, OK, SD, WI, CT, IN, ME, MA, MI, NH, NJ, NY, OH, PA, RI, VT, WV, TX, AL, AR, DE, FL, GA, KY, LA, MD, MS, NC, SC, TN, VA",NA,0.0625,0.265060241,108
109,Ageratina altissima,Ageratina altissima,Forb/herb,EFNative,48,"ME, MA, NY, MD, CT, VA, PA, NJ, DE, VT, OH, NH, RI","IL, IA, KS, MN, MO, ND, NE, OK, SD, WI, CT, IN, ME, MA, MI, NH, NJ, NY, OH, PA, RI, VT, WV, TX, AL, AR, DE, FL, GA, KY, LA, MD, MS, NC, SC, TN, VA",NA,0.09375,0.289156627,109
110,Phlox divaricata,Phlox divaricata,Forb/herb,EFNative,81,"MA, OH, PA, NY, MD, NH, RI, CT, NJ, VA, ME, VT, DE, WV","IL, IA, KS, MN, MO, NE, OK, SD, WI, CT, IN, MI, NJ, NY, OH, PA, VT, WV, TX, AL, AR, DE, FL, GA, KY, LA, MD, MS, NC, SC, TN, VA",NA,0.19140625,0.385542169,110
111,Elymus virginicus,Elymus virginicus,Grass,EFNative,20,"RI, MA, MD, VA, PA, NJ","CO, WY, IL, IA, KS, MN, MO, ND, NE, OK, SD, WI, CT, IN, ME, MA, MI, NH, NJ, NY, OH, PA, RI, VT, WV, AZ, NM, TX, AL, AR, DE, FL, GA, KY, LA, MD, MS, NC, SC, TN, VA",NA,0.01171875,0.204819277,111
112,Coreopsis tripteris,Coreopsis tripteris,Forb/herb,EFNative,37,"MA, MD, PA, RI, VA, NJ, CT, DE, ME, VT, NY, NH, OH","IL, IA, KS, MO, OK, WI, CT, IN, MA, MI, OH, PA, RI, VT, WV, TX, AL, AR, FL, GA, KY, LA, MD, MS, NC, SC, TN, VA",NA,0.0625,0.253012048,112
113,Viburnum acerifolium,Viburnum acerifolium,Shrub,EFNative,33,"MD, NJ, MA, RI, PA, CT, OH, VA, NY, DE","IL, WI, CT, IN, ME, MA, MI, NH, NJ, NY, OH, PA, RI, VT, WV, TX, AL, AR, DE, FL, GA, KY, LA, MD, MS, NC, SC, TN, VA",NA,0.05078125,0.240963855,113
114,Rubus odoratus,Rubus odoratus,Shrub,EFNative,29,"MA, PA, RI, CT, DE, ME, VA, VT, OH, NJ","MT, WA, IL, MO, WI, CT, IN, ME, MA, MI, NH, NJ, NY, OH, PA, RI, VT, WV, AL, DE, GA, KY, MD, NC, TN, VA",NA,0.0390625,0.228915663,114
115,Carex crinita,Carex crinita,Grass,EFNative,21,"MA, PA, VA, CT, MD, NJ","IL, MN, MO, NE, OK, WI, CT, IN, ME, MA, MI, NH, NJ, NY, OH, PA, RI, VT, WV, TX, AL, AR, DE, GA, KY, LA, MD, MS, NC, SC, TN, VA",NA,0.015625,0.204819277,115
116,Solidago bicolor,Solidago bicolor,Forb/herb,EFNative,21,"MA, PA, RI, MD, VA, CT, NJ, ME, NH","IL, MO, WI, CT, IN, ME, MA, MI, NH, NJ, NY, OH, PA, RI, AL, AR, DE, GA, KY, MD, MS, NC",NA,0.015625,0.204819277,116
117,Rhus copallinum,Rhus copallinum,Shrub,EFNative,30,"MD, NY, PA, MA, OH, VA, CT, DE, NJ, VT","IL, IA, KS, MO, NE, OK, WI, CT, IN, ME, MA, MI, NH, NJ, NY, OH, PA, RI, VT, WV, TX, AL, AR, DE, FL, GA, KY, LA, MD, MS, NC, SC, TN, VA",NA,0.04296875,0.228915663,117
118,Helianthus angustifolius,Helianthus angustifolius,Forb/herb,EFNative,26,"NY, MD, PA, NJ, VA, VT","IA, MO, OK, IN, NJ, NY, OH, PA, WV, TX, AL, AR, FL, GA, KY, LA, MD, MS, NC, SC, TN, VA",NA,0.03125,0.21686747,118
119,Tridens flavus,Tridens flavus,Grass,EFNative,18,"MA, PA, RI, MD, VA, CT, NJ","IL, IA, KS, MN, MO, NE, OK, WI, CT, IN, MA, MI, NH, NJ, NY, OH, PA, RI, VT, WV, NM, TX, AL, AR, DE, FL, GA, KY, LA, MD, MS, NC, SC, TN, VA",NA,0.0078125,0.192771084,119
120,Maianthemum racemosum,Maianthemum racemosum,Forb/herb,EFNative,35,"MD, RI, PA, VA, CT, DE, OH, ME, VT, NJ, WV, NH, MA","AK, CO, ID, MT, OR, WA, WY, IL, IA, KS, MN, MO, ND, NE, OK, SD, WI, CT, IN, ME, MA, MI, NH, NJ, NY, OH, PA, RI, VT, WV, AZ, CA, NV, UT, NM, TX, AL, AR, DE, FL, GA, KY, LA, MD, MS, NC, SC, TN, VA",NA,0.05859375,0.240963855,120
121,Ratibida pinnata,Ratibida pinnata,Forb/herb,EFNative,35,"MA, OH, NH, PA, MD, ME, VT, NY, NJ, VA, CT","IL, IA, KS, MN, MO, NE, OK, SD, WI, IN, MA, MI, NY, OH, VT, AL, AR, FL, GA, KY, LA, MS, TN",NA,0.05859375,0.240963855,121
122,Sanguinaria canadensis,Sanguinaria canadensis,Forb/herb,EFNative,35,"PA, MD, ME, VA, CT, DE, MA, RI, VT, OH, WV, NJ","IL, IA, KS, MN, MO, ND, NE, OK, SD, WI, CT, IN, ME, MA, MI, NH, NJ, NY, OH, PA, RI, VT, WV, TX, AL, AR, DE, FL, GA, KY, LA, MD, NC, SC, TN, VA",NA,0.05859375,0.240963855,122
123,Dicentra cucullaria,Dicentra cucullaria,Forb/herb,EFNative,27,"RI, MA, NY, PA, MD, CT, ME, DE, VA, VT, OH, WV","ID, OR, WA, IL, IA, KS, MN, MO, ND, NE, OK, SD, WI, CT, IN, ME, MA, MI, NH, NJ, NY, OH, PA, RI, VT, WV, AL, AR, DE, GA, KY, MD, NC, SC, TN, VA",NA,0.03515625,0.21686747,123
124,Mertensia virginica,Mertensia virginica,Forb/herb,EFNative,64,"MA, DE, NY, MD, RI, PA, CT, ME, NJ, VA, WV, OH, VT, NH","IL, IA, KS, MN, MO, WI, IN, ME, MA, MI, NJ, NY, OH, PA, VT, WV, AL, AR, DE, GA, KY, MD, MS, NC, SC, TN, VA",NA,0.14453125,0.325301205,124
125,Echinacea pallida,Echinacea pallida,Forb/herb,EFNative,44,"MA, MD, NH, RI, PA, CT, NJ, VA, DE, VT, OH, ME, NY","IL, IA, KS, MO, NE, OK, WI, CT, IN, ME, MA, MI, NY, RI, TX, AL, AR, GA, LA, NC, TN, VA",NA,0.0859375,0.265060241,125
126,Betula alleghaniensis,Betula alleghaniensis,Tree,EFNative,32,"MD, PA, OH, VT, CT, ME, NJ, NH, MA, VA","IL, IA, MN, WI, CT, IN, ME, MA, MI, NH, NJ, NY, OH, PA, RI, VT, WV, AL, GA, KY, MD, NC, SC, TN, VA",NA,0.05078125,0.228915663,126
127,Eutrochium dubium,Eutrochium dubium,Forb/herb,EFNative,77,"ME, MA, OH, NY, MD, RI, PA, NJ, VA, CT, VT, DE, WV, NH","CT, ME, MA, NH, NJ, NY, PA, RI, VT, DE, MD, NC, SC, VA",NA,0.18359375,0.361445783,127
128,Hamamelis virginiana,Hamamelis virginiana,Shrub,EFNative,110,"OH, MD, MA, NY, NH, NJ, PA, RI, VA, CT, ME, VT, DE","IL, IA, MN, MO, OK, WI, CT, IN, ME, MA, MI, NH, NJ, NY, OH, PA, RI, VT, WV, TX, AL, AR, DE, FL, GA, KY, LA, MD, MS, NC, SC, TN, VA",NA,0.28125,0.457831325,128
129,Quercus alba,Quercus alba,Tree,EFNative,90,"OH, MD, KY, NJ, MA, PA, VA, RI, NY, VT, CT, ME, DE","IL, IA, KS, MN, MO, NE, OK, WI, CT, IN, ME, MA, MI, NH, NJ, NY, OH, PA, RI, VT, WV, TX, AL, AR, DE, FL, GA, KY, LA, MD, MS, NC, SC, TN, VA",NA,0.22265625,0.397590361,129
130,Silene caroliniana,Silene caroliniana,Forb/herb,EFNative,37,"ME, NY, MD, MA, PA, VA, CT, VT, DE, OH, WV, NJ, NH","KS, MO, CT, MA, NH, NJ, NY, OH, PA, RI, WV, AL, DE, GA, KY, MD, NC, SC, TN, VA",NA,0.06640625,0.240963855,130
131,Rhus glabra,Rhus glabra,Shrub,EFNative,29,"OH, MD, MA, VA, CT, DE, PA, NJ, ME","CO, ID, MT, OR, WA, WY, IL, IA, KS, MN, MO, ND, NE, OK, SD, WI, CT, IN, ME, MA, MI, NH, NJ, NY, OH, PA, RI, VT, WV, AZ, CA, NV, UT, NM, TX, AL, AR, DE, FL, GA, KY, LA, MD, MS, NC, SC, TN, VA",NA,0.04296875,0.21686747,131
132,Juncus tenuis,Juncus tenuis,Grass,EFNative,25,"MD, RI, MA, PA, VA, CT, NJ, WV","CO, ID, MT, OR, WA, WY, IL, IA, KS, MN, MO, ND, NE, OK, SD, WI, CT, IN, ME, MA, MI, NH, NJ, NY, OH, PA, RI, VT, WV, AZ, CA, NV, UT, NM, TX, AL, AR, DE, FL, GA, KY, LA, MD, MS, NC, SC, TN, VA",NA,0.03125,0.204819277,132
133,Blephilia ciliata,Blephilia ciliata,Forb/herb,EFNative,21,"MA, NH, RI, PA, NJ, VA, MD","IL, KS, MO, OK, WI, CT, IN, MA, MI, NY, OH, PA, VT, AL, AR, GA, KY, MD, MS, NC, TN, VA",NA,0.01953125,0.192771084,133
134,Asarum canadense,Asarum canadense,Forb/herb,EFNative,66,"NY, MD, PA, RI, MA, CT, ME, NJ, NH, VA, DE, VT, WV, OH","IL, IA, KS, MN, MO, ND, NE, OK, SD, WI, CT, IN, ME, MA, MI, NH, NJ, NY, OH, PA, VT, WV, AL, AR, DE, GA, KY, MD, MS, NC, SC, TN, VA",NA,0.15234375,0.325301205,134
135,Agastache foeniculum,Agastache foeniculum,Forb/herb,EFNative,58,"MA, VT, PA, OH, MD, NH, RI, NJ, VA, CT, ME, DE, WV","CO, ID, MT, WA, WY, IL, IA, MN, ND, NE, SD, WI",NA,0.12890625,0.301204819,135
136,Aronia melanocarpa,Aronia melanocarpa,Shrub,EFNative,132,"OH, MA, MD, KY, NY, NJ, PA, VA, RI, CT, ME, VT, DE, NH","IL, IA, MN, MO, WI, CT, IN, ME, MA, MI, NH, NJ, NY, OH, PA, RI, VT, WV, AL, AR, DE, FL, GA, KY, MD, NC, SC, TN, VA",NA,0.34765625,0.518072289,136
137,Callicarpa americana,Callicarpa americana,Shrub,EFNative,34,"MD, NJ, VA, PA, DE, OH","MO, OK, TX, AL, AR, FL, GA, KY, LA, MD, MS, NC, SC, TN, VA",NA,0.05859375,0.228915663,137
138,Lonicera sempervirens,Lonicera sempervirens,Vine,EFNative,79,"MD, OH, NY, NH, NJ, PA, MA, RI, CT, VA, ME, DE, VT, WV","IA, KS, MO, OK, CT, IN, ME, MA, MI, NH, NJ, NY, OH, PA, RI, VT, WV, TX, AL, AR, DE, FL, GA, KY, LA, MD, MS, NC, SC, TN, VA",NA,0.19140625,0.361445783,138
139,Scutellaria incana,Scutellaria incana,Forb/herb,EFNative,30,"NJ, PA, MA, VT, NH, VA, DE, OH, RI","IL, IA, KS, MO, WI, IN, MI, NJ, NY, OH, PA, WV, AL, AR, FL, GA, KY, LA, MD, MS, NC, SC, TN, VA",NA,0.046875,0.21686747,139
140,Cornus alternifolia,Cornus alternifolia,Shrub,EFNative,75,"OH, MD, NJ, RI, MA, PA, VA, CT, ME, VT, DE, NH, NY","IL, IA, MN, MO, WI, CT, IN, ME, MA, MI, NH, NJ, NY, OH, PA, RI, VT, WV, AL, AR, DE, FL, GA, KY, MD, MS, NC, SC, TN, VA",NA,0.1796875,0.34939759,140
141,Baccharis halimifolia,Baccharis halimifolia,Shrub,EFNative,26,"MD, PA, MA, RI, NJ, VA, DE, ME","OK, CT, MA, NJ, NY, PA, RI, TX, AL, AR, DE, FL, GA, LA, MD, MS, SC, VA",CA,0.03515625,0.204819277,141
142,Erigeron pulchellus,Erigeron pulchellus,Forb/herb,EFNative,22,"PA, MD, VA, CT, VT, DE, OH, WV, ME, RI, MA","IL, IA, KS, MN, MO, OK, WI, CT, IN, ME, MA, MI, NH, NJ, NY, OH, PA, RI, VT, WV, TX, AL, AR, DE, FL, GA, KY, LA, MD, MS, NC, SC, TN, VA",NA,0.0234375,0.192771084,142
143,Sisyrinchium angustifolium,Sisyrinchium angustifolium,Forb/herb,EFNative,80,"MA, OH, ME, NY, MD, RI, PA, NJ, VA, CT, VT, DE, WV, NH","CO, IL, IA, KS, MN, MO, NE, OK, WI, CT, IN, ME, MA, MI, NH, NJ, NY, OH, PA, RI, VT, WV, TX, AL, AR, DE, FL, GA, KY, LA, MD, MS, NC, SC, TN, VA",NA,0.1953125,0.361445783,143
144,Phlox maculata,Phlox maculata,Forb/herb,EFNative,19,"MA, NH, MD, PA, CT, NJ, ME, DE, VA","IL, IA, MN, CT, IN, ME, MI, NJ, NY, OH, PA, VT, WV, AL, DE, GA, KY, MD, MS, NC, SC, TN, VA",NA,0.015625,0.180722892,144
145,Chasmanthium latifolium,Chasmanthium latifolium,Grass,EFNative,101,"MA, OH, KY, PA, NY, MD, RI, CT, ME, NJ, VA, DE, VT, NH, WV","IL, KS, MO, NE, OK, WI, IN, MI, NJ, OH, PA, WV, AZ, NM, TX, AL, AR, DE, FL, GA, KY, LA, MD, MS, NC, SC, TN, VA",NA,0.2578125,0.421686747,145
146,Panicum virgatum,Panicum virgatum,Grass,EFNative,146,"OH, MA, MD, KY, ME, NY, PA, RI, NJ, CT, VA, VT, DE, NH, WV","CO, MT, WY, IL, IA, KS, MN, MO, ND, NE, OK, SD, WI, CT, IN, MA, MI, NH, NJ, NY, OH, PA, RI, VT, WV, AZ, NV, UT, NM, TX, AL, AR, DE, FL, GA, KY, LA, MD, MS, NC, SC, TN, VA",NA,0.390625,0.554216867,146
147,Sassafras albidum,Sassafras albidum,Shrub,EFNative,44,"OH, MD, KY, MA, PA, CT, NJ, VA, DE, NY, NH, ME","IL, IA, KS, MO, OK, WI, CT, IN, ME, MA, MI, NH, NJ, NY, OH, PA, RI, VT, WV, TX, AL, AR, DE, FL, GA, KY, LA, MD, MS, NC, SC, TN, VA",NA,0.08984375,0.253012048,147
148,Sporobolus heterolepis,Sporobolus heterolepis,Grass,EFNative,81,"MA, PA, OH, KY, VT, NH, MD, DE, NJ, ME, VA, NY, CT, WV, RI","CO, MT, WY, IL, IA, KS, MN, MO, ND, NE, OK, SD, WI, CT, IN, MA, MI, NY, OH, PA, NM, AR, GA, KY, MD, NC, TN, VA",NA,0.19921875,0.361445783,148
149,Pinus virginiana,Pinus virginiana,Tree,EFNative,28,"MD, NJ, VA, OH, DE, PA, MA, RI","IN, NJ, NY, OH, PA, WV, AL, DE, GA, KY, MD, MS, NC, SC, TN, VA",NA,0.04296875,0.204819277,149
150,Solidago rigida,Solidago rigida,Forb/herb,EFNative,24,"MA, PA, MD, VA, DE, NH, NJ","CO, MT, WY, IL, IA, KS, MN, MO, ND, NE, OK, SD, WI, CT, IN, MA, MI, NJ, NY, OH, PA, RI, WV, NM, TX, AL, AR, DE, GA, KY, LA, MD, MS, NC, SC, TN, VA",NA,0.03125,0.192771084,150
151,Helenium flexuosum,Helenium flexuosum,Forb/herb,EFNative,20,"MA, PA, MD, NJ, VA, CT, RI, DE, OH","IL, MO, OK, WI, IN, MA, MI, NJ, OH, PA, WV, TX, AL, AR, FL, GA, KY, LA, MD, MS, NC, SC, TN, VA",NA,0.01953125,0.180722892,151
152,Chrysopsis mariana,Chrysopsis mariana,Forb/herb,EFNative,16,"RI, MD, VA, NJ, PA","NJ, NY, OH, PA, RI, WV, TX, AL, DE, FL, GA, KY, LA, MD, MS, NC, SC, TN, VA",NA,0.0078125,0.168674699,152
153,Vaccinium corymbosum,Vaccinium corymbosum,Shrub,EFNative,102,"MA, DE, OH, ME, MD, KY, NY, CT, NH, NJ, RI, PA, VA, VT","IL, MO, OK, CT, IN, ME, MA, MI, NH, NJ, NY, OH, PA, RI, VT, WV, TX, AL, DE, FL, GA, KY, LA, MD, MS, NC, SC, TN, VA",NA,0.26171875,0.421686747,153
154,Anemonastrum canadense,Anemonastrum canadense,Forb/herb,EFNative,41,"NY, MD, NH, PA, MA, RI, NJ, CT, ME, DE, VT, VA, OH","CO, MT, WY, IL, IA, KS, MN, MO, ND, NE, SD, WI, CT, IN, ME, MA, MI, NH, NJ, NY, OH, PA, RI, VT, WV, NM, KY, MD, TN, VA",NA,0.08203125,0.240963855,154
155,Parthenium integrifolium,Parthenium integrifolium,Forb/herb,EFNative,30,"MA, NY, PA, RI, CT, MD, VA, NJ, VT, OH, NH","IL, IA, KS, MN, MO, OK, WI, CT, IN, MA, MI, NY, OH, PA, WV, TX, AL, AR, GA, KY, LA, MD, MS, NC, SC, TN, VA",NA,0.05078125,0.204819277,155
156,Carex rosea,Carex rosea,Grass,EFNative,26,"RI, NJ, MD, VA, PA, KY, WV, DE, MA","WY, IL, IA, KS, MN, MO, NE, OK, SD, WI, CT, IN, ME, MA, MI, NH, NJ, NY, OH, PA, RI, VT, WV, NM, TX, AL, AR, DE, FL, GA, KY, MD, NC, SC, TN, VA",NA,0.0390625,0.192771084,156
157,Senna hebecarpa,Senna hebecarpa,Forb/herb,EFNative,26,"ME, VT, CT, NY, PA, VA, OH, DE, MA, MD, NH, NJ","IL, WI, NY, VT, AL, KY, MD, NC, TN",NA,0.0390625,0.192771084,157
158,Silphium perfoliatum,Silphium perfoliatum,Forb/herb,EFNative,26,"MA, MD, PA, VA, ME, DE, OH, NJ, VT, NH","IL, IA, KS, MN, MO, ND, NE, OK, SD, WI, CT, IN, MA, MI, NJ, NY, OH, PA, VT, WV, TX, AL, AR, KY, LA, MS, NC, TN, VA","CT, ME, NY",0.0390625,0.192771084,158
159,Vernonia glauca,Vernonia glauca,Forb/herb,EFNative,26,"MA, MD, RI, PA, VA, NJ, DE, CT, VT","MA, NJ, PA, AL, DE, GA, MD, NC, SC, VA",NA,0.0390625,0.192771084,159
160,Juncus effusus,Juncus effusus,Grass,EFNative,71,"MD, MA, NY, RI, VA, CT, NJ, PA, DE, ME, NH, VT, OH","AK, ID, MT, OR, WA, IL, IA, KS, MN, MO, NE, OK, WI, CT, IN, ME, MA, MI, NH, NJ, NY, OH, PA, RI, VT, WV, AZ, CA, TX, AL, AR, DE, FL, GA, KY, LA, MD, MS, NC, SC, TN, VA",NA,0.171875,0.325301205,160
161,Carya glabra,Carya glabra,Tree,EFNative,22,"MD, PA, VA, CT, DE, NJ","IL, IA, KS, MO, WI, CT, IN, MA, MI, NH, NJ, NY, OH, PA, RI, VT, WV, TX, AL, AR, DE, FL, GA, KY, LA, MD, MS, NC, SC, TN, VA",NA,0.02734375,0.180722892,161
162,Pontederia cordata,Pontederia cordata,Forb/herb,EFNative,22,"MA, MD, CT, PA, VA, ME, NJ","IL, IA, KS, MN, MO, NE, OK, SD, WI, CT, IN, ME, MA, MI, NH, NJ, NY, OH, PA, RI, VT, WV, TX, AL, AR, DE, FL, GA, KY, LA, MD, MS, NC, SC, TN",NA,0.02734375,0.180722892,162
163,Helianthus decapetalus,Helianthus decapetalus,Forb/herb,EFNative,18,"PA, MD, CT, VT, NJ, NH, VA","IL, IA, MO, OK, WI, CT, IN, ME, MA, MI, NH, NJ, NY, OH, PA, RI, VT, WV, AL, AR, DE, GA, KY, LA, MD, MS, NC, SC, TN, VA",NA,0.015625,0.168674699,163
164,Gentiana clausa,Gentiana clausa,Forb/herb,EFNative,14,"VA, NJ, MA, MD, PA, RI, CT","CT, ME, MA, NH, NJ, NY, OH, PA, RI, VT, WV, MD, NC, TN, VA",NA,0.00390625,0.156626506,164
165,Boltonia asteroides,Boltonia asteroides,Forb/herb,EFNative,35,"MA, MD, NH, RI, CT, PA, ME, DE, VT, NJ, OH, VA","ID, OR, IL, IA, KS, MN, MO, ND, NE, OK, SD, WI, CT, IN, ME, MA, MI, NJ, NY, OH, PA, RI, VT, TX, AL, AR, DE, FL, GA, KY, LA, MD, MS, NC, SC, TN, VA",NA,0.06640625,0.21686747,165
166,Rhododendron periclymenoides,Rhododendron periclymenoides,Shrub,EFNative,31,"MD, NJ, PA, CT, ME, VA, DE, NH, MA, VT, NY","IL, CT, MA, NJ, NY, OH, PA, RI, VT, WV, AL, DE, GA, KY, MD, NC, SC, TN, VA",NA,0.0546875,0.204819277,166
167,Campanula rotundifolia,Campanula rotundifolia,Forb/herb,EFNative,27,"MA, MD, NH, PA, CT, DE, ME, NJ, VT, VA, RI, OH","ME, NH, VT, MA, CT, NY, NJ, PA, MD, WV, VA, NC, TN, OH, IN, MI, IL, MN, WI, IA, ND, SD, NE, CO, WY, NM, TX, AZ, CA, WA, OR, MO, ID, UT",NA,0.04296875,0.192771084,167
168,Adiantum pedatum,Adiantum pedatum,Forb/herb,EFNative,64,"MD, MA, RI, PA, CT, DE, ME, VA, NJ, VT, NH, WV, OH","AK, IL, IA, KS, MN, MO, NE, OK, SD, WI, CT, IN, ME, MA, MI, NH, NJ, NY, OH, PA, RI, VT, WV, AL, AR, DE, GA, KY, LA, MD, MS, NC, SC, TN, VA",NA,0.15234375,0.301204819,168
169,Chamaecrista fasciculata,Chamaecrista fasciculata,Forb/herb,EFNative,15,"MA, RI, MD, VA, PA, DE, VT","IL, KS, MN, MO, OK, SD, WI, MA, NY, PA, RI, NM, TX, AL, FL, KY, MD, MS, SC, TN, VA",NA,0.0078125,0.156626506,169
170,Caltha palustris,Caltha palustris,Forb/herb,EFNative,44,"MA, NH, RI, PA, OH, MD, VA, CT, ME, DE, VT, NJ, WV","AK, OR, WA, IL, IA, MN, MO, ND, NE, SD, WI, CT, IN, ME, MA, MI, NH, NJ, NY, OH, PA, RI, VT, WV, DE, KY, MD, NC, SC, TN, VA",NA,0.09375,0.240963855,170
171,Salix discolor,Salix discolor,Shrub,EFNative,65,"MA, MD, PA, NH, NJ, RI, NY, VT, OH, VA, ME, CT, WV, DE","CO, ID, MT, WY, IL, IA, MN, MO, ND, SD, WI, CT, IN, ME, MA, MI, NH, NJ, NY, OH, PA, RI, VT, WV, DE, KY, MD, NC",NA,0.15625,0.301204819,171
172,Erythronium americanum,Erythronium americanum,Forb/herb,EFNative,16,"PA, CT, ME, VA, OH, RI, VT, WV","IL, IA, MN, MO, WI, CT, IN, ME, MA, MI, NH, NJ, NY, OH, PA, RI, VT, WV, AL, DE, GA, KY, MD, MS, NC, SC, TN, VA",NA,0.01171875,0.156626506,172
173,Hypericum punctatum,Hypericum punctatum,Forb/herb,EFNative,12,"MA, PA, MD, VA, NJ, RI","IL, IA, KS, MN, MO, NE, OK, WI, CT, IN, ME, MA, MI, NH, NJ, NY, OH, PA, RI, VT, WV, TX, AL, AR, DE, FL, GA, KY, LA, MD, MS, NC, SC, TN, VA",NA,0,0.144578313,173
174,Cornus sericea,Cornus sericea,Shrub,EFNative,139,"OH, MA, MD, KY, NY, ME, NH, NJ, PA, CT, RI, VA, VT, DE","AK, CO, ID, MT, OR, WA, WY, IL, IA, KS, MN, ND, NE, SD, WI, CT, ME, MA, MI, NH, NJ, NY, OH, PA, RI, VT, WV, AZ, CA, NV, UT, NM, DE, KY, MD, VA",NA,0.375,0.518072289,174
175,Gaylussacia baccata,Gaylussacia baccata,Shrub,EFNative,21,"MD, PA, ME, VA, VT, NH, RI, NJ","IL, IA, MN, MO, WI, CT, IN, ME, MA, MI, NH, NJ, NY, OH, PA, RI, VT, WV, AL, AR, DE, GA, KY, MD, NC, SC, TN, VA",NA,0.02734375,0.168674699,175
176,Aronia arbutifolia,Aronia arbutifolia,Shrub,EFNative,115,"OH, MA, MD, KY, PA, NY, NJ, RI, CT, VA, ME, DE, VT, NH","KS, OK, CT, ME, MA, MI, NH, NJ, NY, OH, PA, RI, WV, TX, AL, AR, DE, FL, GA, KY, LA, MD, MS, NC, SC, TN, VA",NA,0.3046875,0.445783133,176
177,Silene virginica,Silene virginica,Forb/herb,EFNative,17,"MD, PA, CT, VA, OH, NJ, WV","IL, IA, KS, MO, OK, WI, IN, MI, NY, OH, PA, WV, AL, AR, DE, GA, KY, LA, MS, NC, SC, TN, VA",NA,0.015625,0.156626506,177
178,Desmodium canadense,Desmodium canadense,Forb/herb,EFNative,13,"MA, NH, NJ, CT, PA, VA, VT","IL, KS, MN, ND, NE, OK, SD, WI, IN, ME, MI, NH, NY, OH, PA, VT, WV, TX, MD, VA",NA,0.00390625,0.144578313,178
179,Symphyotrichum puniceum,Symphyotrichum puniceum,Forb/herb,EFNative,13,"NJ, MD, VA, PA, MA, VT","IL, IA, MN, MO, ND, NE, SD, WI, CT, IN, ME, MI, NH, NJ, NY, OH, PA, RI, VT, WV, TX, AL, DE, GA, LA, MD, MS, NC, SC, TN, VA",NA,0.00390625,0.144578313,179
180,Verbesina alternifolia,Verbesina alternifolia,Forb/herb,EFNative,13,"MA, MD, VA, PA, NJ","IL, IA, KS, MO, NE, OK, WI, IN, MI, NJ, NY, OH, PA, RI, WV, TX, AL, AR, DE, FL, GA, KY, LA, MD, MS, NC, SC, TN, VA",NA,0.00390625,0.144578313,180
181,Symphyotrichum ericoides,Symphyotrichum ericoides,Forb/herb,EFNative,46,"MA, MD, RI, PA, CT, NJ, VA, DE, WV, VT, NH, ME, OH","CO, ID, MT, OR, WA, WY, IL, IA, KS, MN, MO, ND, NE, OK, SD, WI, CT, IN, ME, MA, MI, NJ, NY, OH, PA, RI, VT, WV, AZ, UT, NM, TX, AR, DE, MD, MS, VA",NA,0.1015625,0.240963855,181
182,Liatris scariosa,Liatris scariosa,Forb/herb,EFNative,26,"NH, RI, PA, MD, MA, NJ, VA, VT, ME, CT","IL, MO, WI, CT, IN, ME, MA, MI, NH, NJ, NY, OH, PA, RI, WV, AR, MD, NC, TN, VA",NA,0.04296875,0.180722892,182
183,Amorpha fruticosa,Amorpha fruticosa,Shrub,EFNative,14,"MA, MD, PA, NJ, VA","CO, ID, OR, WA, WY, IL, MN, ND, WI, PA, VT, AZ, CA, UT, NM, TX, AL, FL, KY, MD, TN","CT, ME, OR, WA",0.0078125,0.144578313,183
184,Liatris squarrosa,Liatris squarrosa,Forb/herb,EFNative,14,"PA, RI, MD, VA, NJ","IL, MO, IN, MI, OH, WV, AL, DE, FL, GA, KY, LA, MD, NC, SC, TN, VA",NA,0.0078125,0.144578313,184
185,Symphoricarpos orbiculatus,Symphoricarpos orbiculatus,Shrub,EFNative,14,"MD, PA, VA, NJ","IL, IA, KS, MN, MO, NE, OK, SD, WI, CT, IN, MA, MI, NJ, OH, PA, RI, VT, WV, UT, TX, AL, AR, DE, FL, GA, KY, LA, MD, MS, NC, SC, TN, VA",NA,0.0078125,0.144578313,185
186,Quercus michauxii,Quercus michauxii,Tree,EFNative,35,"OH, MD, NJ, PA, VA, DE, MA, NY","IL, MO, IN, NJ, PA, TX, AL, AR, DE, FL, GA, KY, LA, MD, MS, NC, SC, TN, VA",NA,0.0703125,0.204819277,186
187,Ruellia humilis,Ruellia humilis,Forb/herb,EFNative,31,"PA, VT, VA, WV, MD, RI, MA, NJ, OH, ME, CT","IL, IA, KS, MN, MO, NE, OK, WI, IN, MI, OH, PA, WV, TX, AL, AR, FL, GA, KY, LA, MD, MS, NC, TN, VA",NA,0.05859375,0.192771084,187
188,Polemonium reptans,Polemonium reptans,Forb/herb,EFNative,72,"MA, OH, ME, NY, MD, NH, RI, PA, CT, NJ, VA, VT, DE, WV","IL, IA, KS, MN, MO, OK, SD, WI, CT, IN, MA, MI, NH, NJ, NY, OH, PA, RI, VT, WV, AL, AR, DE, GA, KY, MD, MS, NC, TN, VA",NA,0.1796875,0.313253012,188
189,Gentiana andrewsii,Gentiana andrewsii,Forb/herb,EFNative,19,"MA, MD, PA, VA, CT, VT, OH, WV, NJ","CO, IL, IA, KS, MN, MO, ND, NE, SD, WI, CT, IN, MA, MI, NH, NJ, NY, OH, PA, RI, VT, WV, DE, KY, MD, VA",NA,0.0234375,0.156626506,189
190,Morus rubra,Morus rubra,Tree,EFNative,19,"VT, PA, CT, VA, MD, OH, MA","IL, IA, KS, MN, MO, NE, OK, WI, CT, IN, MA, MI, NJ, NY, OH, PA, RI, VT, WV, TX, AL, AR, FL, GA, KY, LA, MD, MS, NC, SC, TN, VA",NA,0.0234375,0.156626506,190
191,Saururus cernuus,Saururus cernuus,Forb/herb,EFNative,19,"PA, MD, MA, VA, NJ","IL, KS, MO, OK, WI, IN, ME, MI, NJ, NY, OH, PA, RI, WV, TX, AL, AR, DE, FL, GA, KY, LA, MD, MS, NC, SC, TN, VA",NA,0.0234375,0.156626506,191
192,Claytonia virginica,Claytonia virginica,Forb/herb,EFNative,15,"PA, VA, CT, DE, OH, WV, NJ","IL, IA, KS, MN, MO, NE, OK, WI, CT, IN, MA, MI, NH, NJ, NY, OH, PA, RI, VT, WV, TX, AL, AR, DE, GA, KY, LA, MD, MS, NC, TN, VA",NA,0.01171875,0.144578313,192
193,Scutellaria lateriflora,Scutellaria lateriflora,Forb/herb,EFNative,11,"MA, NH, MD, PA, VT, ME, VA, NJ","CO, ID, OR, WA, IL, IA, KS, MN, MO, ND, NE, OK, SD, WI, CT, IN, MA, MI, NH, NJ, NY, OH, PA, RI, VT, WV, AZ, CA, NM, TX, AL, AR, DE, FL, GA, KY, LA, MD, MS, NC, SC, TN, VA",NA,0,0.13253012,193
194,Polystichum acrostichoides,Polystichum acrostichoides,Forb/herb,EFNative,105,"DE, OH, VA, MD, ME, NY, PA, MA, RI, NJ, CT, VT, NH, WV","IL, IA, KS, MN, MO, OK, WI, CT, IN, ME, MA, MI, NH, NJ, NY, OH, PA, RI, VT, WV, TX, AL, AR, DE, FL, GA, KY, LA, MD, MS, NC, SC, TN, VA",NA,0.27734375,0.409638554,194
195,Aralia racemosa,Aralia racemosa,Forb/herb,EFNative,24,"MA, PA, MD, CT, ME, OH, VT, VA, NH, RI, NJ","IL, IA, KS, MN, MO, NE, SD, WI, CT, IN, ME, MA, MI, NH, NJ, NY, OH, PA, RI, VT, WV, AL, AR, DE, GA, KY, MD, MS, NC, SC, TN, VA",NA,0.0390625,0.168674699,195
196,Anaphalis margaritacea,Anaphalis margaritacea,Forb/herb,EFNative,12,"ME, MA, NH, RI, CT, PA, VT, NJ, OH, VA","AK, CO, ID, MT, OR, WA, WY, IL, IA, MN, NE, SD, WI, CT, IN, ME, MA, MI, NH, NJ, NY, OH, PA, RI, VT, WV, AZ, CA, NV, UT, NM, TX, AR, DE, KY, MD, NC, TN, VA",NA,0.00390625,0.13253012,196
197,Asclepias exaltata,Asclepias exaltata,Forb/herb,EFNative,12,"MA, NH, VA, PA, OH, NJ","IL, IA, MN, WI, CT, IN, ME, MA, MI, NH, NJ, NY, OH, PA, RI, VT, WV, AL, DE, GA, KY, MD, MS, NC, SC, TN, VA",NA,0.00390625,0.13253012,197
198,Staphylea trifolia,Staphylea trifolia,Shrub,EFNative,12,"PA, VA, CT, ME, MA, NJ","IL, MN, NE, OK, WI, NJ, NY, PA, VT, WV, AL, AR, FL, GA, KY, LA, MD, MS, NC, SC, TN, VA",NA,0.00390625,0.13253012,198
199,Viola striata,Viola striata,Forb/herb,EFNative,12,"MA, PA, MD, VA, NJ","IL, IA, MO, OK, WI, CT, IN, MA, MI, NH, NJ, NY, OH, PA, WV, AL, AR, DE, GA, KY, MD, NC, SC, TN, VA",NA,0.00390625,0.13253012,199
200,Dennstaedtia punctilobula,Dennstaedtia punctilobula,Forb/herb,EFNative,53,"NY, MA, RI, MD, CT, ME, PA, DE, VA, VT, NH, WV, NJ","IL, MO, WI, CT, IN, ME, MA, MI, NH, NJ, NY, OH, PA, RI, VT, WV, AL, AR, DE, GA, KY, MD, NC, SC, TN, VA",NA,0.125,0.253012048,200
201,Osmundastrum cinnamomeum,Osmundastrum cinnamomeum,Forb/herb,EFNative,82,"NY, MD, MA, RI, PA, NJ, VA, CT, VT, DE, OH, ME, NH, WV","IL, IA, MN, MO, OK, WI, CT, IN, ME, MA, MI, NH, NJ, NY, OH, PA, RI, VT, WV, TX, AL, AR, DE, FL, GA, KY, LA, MD, MS, NC, SC, TN, VA",NA,0.2109375,0.337349398,201
202,Celtis occidentalis,Celtis occidentalis,Shrub,EFNative,78,"OH, MD, NJ, PA, MA, NY, VA, CT, VT, DE, NH, ME","CO, WY, IL, IA, KS, MN, MO, ND, NE, OK, SD, WI, CT, IN, ME, MA, MI, NH, NJ, NY, OH, PA, RI, VT, WV, NM, TX, AL, AR, DE, GA, KY, MD, MS, NC, SC, TN, VA",NA,0.19921875,0.325301205,202
203,Bouteloua curtipendula,Bouteloua curtipendula,Grass,EFNative,29,"MA, PA, MD, NY, DE, WV, NJ, OH, VA, ME, CT","CO, ID, MT, OR, WA, WY, IL, IA, KS, MN, MO, ND, NE, OK, SD, WI, CT, IN, ME, MA, MI, NJ, NY, OH, PA, WV, AZ, CA, UT, NM, TX, AL, AR, DE, FL, GA, KY, LA, MD, MS, NC, SC, TN, VA",NA,0.0546875,0.180722892,203
204,Carya ovata,Carya ovata,Tree,EFNative,29,"OH, MD, PA, MA, VA, NJ, CT, DE, ME","IL, IA, KS, MN, MO, NE, OK, WI, CT, IN, ME, MA, MI, NH, NJ, NY, OH, PA, RI, VT, WV, TX, AL, AR, DE, GA, KY, LA, MD, MS, NC, SC, TN, VA",NA,0.0546875,0.180722892,204
205,Delphinium exaltatum,Delphinium exaltatum,Forb/herb,EFNative,25,"MA, MD, NH, RI, PA, DE, VA, VT, ME, OH","MN, NE, OH, PA, AL, KY, MD, NC, TN, VA",NA,0.04296875,0.168674699,205
206,Carex grayi,Carex grayi,Grass,EFNative,17,"NJ, CT, MA, MD, WV, DE, VA, OH, PA","IL, IA, KS, MN, MO, OK, WI, CT, IN, MA, MI, NY, OH, PA, VT, AL, AR, DE, FL, GA, KY, MD, MS, NC, SC, TN, VA",NA,0.01953125,0.144578313,206
207,Prunella vulgaris,Prunella vulgaris,Forb/herb,EFNative,17,"MA, RI, VA, MD, NJ, PA","AK, CO, ID, MT, OR, WA, WY, IL, IA, KS, MN, MO, ND, NE, OK, SD, WI, CT, IN, ME, MA, MI, NH, NJ, NY, OH, PA, RI, VT, WV, AZ, CA, NV, UT, NM, TX, AL, AR, DE, FL, GA, KY, LA, MD, MS, NC, SC, TN, VA",NA,0.01953125,0.144578313,207
208,Sagittaria latifolia,Sagittaria latifolia,Forb/herb,EFNative,17,"MA, MD, NJ, VA, CT, PA","CO, IL, IA, KS, MN, MO, ND, NE, OK, SD, WI, CT, IN, ME, MA, MI, NH, NJ, NY, OH, PA, RI, VT, WV, CA, NM, TX, AL, AR, DE, FL, GA, KY, LA, MD, MS, NC, SC, TN, VA",NA,0.01953125,0.144578313,208
209,Scirpus cyperinus,Scirpus cyperinus,Grass,EFNative,17,"RI, PA, MD, MA, NJ, VA","ID, MT, OR, WA, IL, IA, MN, MO, OK, SD, WI, CT, IN, ME, MA, MI, NH, NJ, NY, OH, PA, RI, VT, WV, TX, AL, AR, DE, FL, GA, KY, LA, MD, MS, NC, SC, TN, VA",NA,0.01953125,0.144578313,209
210,Viola pedata,Viola pedata,Forb/herb,EFNative,17,"MA, RI, PA, VA, NH, NY, WV","IL, IA, KS, MN, MO, NE, OK, WI, CT, IN, MA, MI, NH, NJ, NY, OH, PA, RI, WV, TX, AL, AR, DE, GA, KY, LA, MD, MS, NC, SC, TN, VA",NA,0.01953125,0.144578313,210
211,Amelanchier arborea,Amelanchier arborea,Shrub,EFNative,13,"MD, PA, MA, VA, OH, NJ","IL, IA, KS, MN, MO, NE, OK, WI, CT, IN, ME, MA, MI, NH, NJ, NY, OH, PA, RI, VT, WV, TX, AL, AR, DE, FL, GA, KY, LA, MD, MS, NC, SC, TN, VA",NA,0.0078125,0.13253012,211
212,Antennaria neglecta,Antennaria neglecta,Forb/herb,EFNative,13,"RI, PA, MD, VA, CT","CO, MT, WY, IL, IA, KS, MN, MO, ND, NE, OK, SD, WI, CT, IN, ME, MA, MI, NH, NJ, NY, OH, PA, RI, VT, WV, AR, DE, KY, MD, VA",NA,0.0078125,0.13253012,212
213,Rhododendron viscosum,Rhododendron viscosum,Shrub,EFNative,54,"MD, KY, NH, NJ, MA, PA, CT, ME, RI, OH, DE, VA, VT","OK, CT, ME, MA, NH, NJ, NY, PA, RI, VT, TX, AL, AR, DE, FL, GA, LA, MD, MS, NC, SC, TN, VA",NA,0.12890625,0.253012048,213
214,Andropogon gerardii,Andropogon gerardii,Grass,EFNative,83,"MA, OH, MD, KY, NH, RI, PA, CT, NJ, VA, DE, ME, VT, NY, WV","CO, MT, WY, IL, IA, KS, MN, MO, ND, NE, OK, SD, WI, CT, IN, ME, MA, MI, NH, NJ, NY, OH, PA, RI, VT, WV, AZ, UT, NM, TX, AL, AR, DE, FL, GA, KY, LA, MD, MS, NC, SC, TN, VA",NA,0.21484375,0.337349398,214
215,Acorus calamus,Acorus calamus,Forb/herb,EFNative,30,"MA, MD, PA, OH, RI, CT, DE, VA, ME, NJ","AK, ID, MT, WA, IL, IA, KS, MN, ND, NE, SD, WI, CT, IN, ME, MA, MI, NH, NJ, NY, OH, PA, RI, VT, VA",NA,0.05859375,0.180722892,215
216,Zizia aptera,Zizia aptera,Forb/herb,EFNative,22,"MA, NY, MD, RI, PA, VA, NJ, NH","CO, ID, MT, OR, WA, WY, IL, IA, MN, MO, ND, OK, SD, WI, CT, IN, MI, NJ, NY, OH, PA, RI, WV, NV, UT, AL, AR, DE, FL, GA, KY, MD, MS, NC, SC, TN, VA",NA,0.03515625,0.156626506,216
217,Caulophyllum thalictroides,Caulophyllum thalictroides,Forb/herb,EFNative,18,"RI, PA, CT, DE, VA, OH, NH, WV, NJ","IL, IA, KS, MN, MO, ND, NE, SD, WI, CT, IN, ME, MA, MI, NH, NJ, NY, OH, PA, VT, WV, AL, AR, DE, GA, KY, MD, NC, SC, TN, VA",NA,0.0234375,0.144578313,217
218,Asclepias purpurascens,Asclepias purpurascens,Forb/herb,EFNative,14,"PA, VA, DE, RI, VT, NJ","IL, IA, KS, MN, MO, NE, OK, SD, WI, CT, IN, ME, MA, MI, NH, NJ, NY, OH, PA, RI, WV, TX, AR, DE, GA, KY, LA, MD, MS, NC, TN, VA",NA,0.01171875,0.13253012,218
219,Carpinus caroliniana,Carpinus caroliniana,Shrub,EFNative,108,"OH, MD, KY, NJ, MA, PA, VT, VA, CT, RI, NY, DE, ME, NH","IL, IA, KS, MN, MO, OK, WI, CT, IN, ME, MA, MI, NH, NJ, NY, OH, PA, RI, VT, WV, TX, AL, AR, DE, FL, GA, KY, LA, MD, MS, NC, SC, TN, VA",NA,0.2890625,0.409638554,219
220,Agastache scrophulariifolia,Agastache scrophulariifolia,Forb/herb,EFNative,10,"MA, PA, NH, NJ, VA","IL, IA, KS, MN, MO, SD, WI, CT, IN, MA, NJ, NY, VT, KY, MD, NC, TN",NA,0,0.120481928,220
221,Diervilla lonicera,Diervilla lonicera,Shrub,EFNative,43,"MA, OH, PA, NH, NJ, ME, CT, VA, VT, MD","IL, IA, MN, ND, WI, CT, IN, ME, MA, MI, NH, NJ, NY, OH, PA, RI, VT, WV, DE, GA, MD, NC, TN, VA",NA,0.09765625,0.21686747,221
222,Jeffersonia diphylla,Jeffersonia diphylla,Forb/herb,EFNative,23,"RI, PA, CT, VA, ME, DE, VT, NH, OH, WV","IL, IA, MN, WI, IN, MI, NY, OH, PA, WV, AL, GA, KY, MD, NC, TN, VA",NA,0.0390625,0.156626506,222
223,Mitchella repens,Mitchella repens,Forb/herb,EFNative,19,"NJ, RI, MD, CT, PA, DE, VA, WV","IL, MN, MO, WI, CT, ME, MA, MI, NH, NY, OH, RI, VT, TX, AL, FL, KY, LA, MD, NC, SC, TN, VA",NA,0.02734375,0.144578313,223
224,Prunus maritima,Prunus maritima,Shrub,EFNative,60,"MD, NJ, PA, MA, RI, CT, ME, VA, DE, VT, NH, OH, NY","CT, ME, MA, NH, NJ, NY, PA, RI, DE, MD, VA",NA,0.1484375,0.265060241,224
225,Campanula americana,Campanula americana,Forb/herb,EFNative,11,"MA, PA, NH, RI, OH, VA","IL, IA, KS, MN, MO, NE, OK, SD, WI, IN, MI, NJ, NY, OH, PA, VT, WV, AL, AR, FL, GA, KY, LA, MD, MS, NC, SC, TN, VA",NA,0.00390625,0.120481928,225
226,Ludwigia alternifolia,Ludwigia alternifolia,Forb/herb,EFNative,11,"MA, PA, MD, VA, NJ","IL, IA, KS, MO, NE, OK, WI, CT, IN, MA, MI, NH, NJ, NY, OH, PA, RI, VT, WV, TX, AL, AR, DE, FL, GA, KY, LA, MD, MS, NC, SC, TN, VA",NA,0.00390625,0.120481928,226
227,Carex appalachica,Carex appalachica,Grass,EFNative,48,"PA, NY, MD, CT, WV, OH, VA, ME, NJ, NH, DE, MA, VT","CT, ME, MA, NH, NJ, NY, OH, PA, VT, WV, AL, GA, KY, MD, NC, SC, TN, VA",NA,0.11328125,0.228915663,227
228,Chrysogonum virginianum,Chrysogonum virginianum,Forb/herb,EFNative,40,"PA, NY, MD, VA, CT, DE, WV, NJ, NH, RI, VT, MA, OH","NY, OH, PA, WV, KY, MD, NC, SC, VA",NA,0.08984375,0.204819277,228
229,Stylophorum diphyllum,Stylophorum diphyllum,Forb/herb,EFNative,40,"OH, MD, PA, VT, CT, NJ, ME, DE, VA, WV, RI, MA, NH","IL, MO, WI, IN, MI, OH, PA, WV, AL, AR, KY, TN, VA",NA,0.08984375,0.204819277,229
230,Vaccinium angustifolium,Vaccinium angustifolium,Shrub,EFNative,65,"MD, NY, NJ, MA, RI, PA, ME, OH, CT, DE, VT, NH, WV, VA","IL, IA, MN, WI, CT, IN, ME, MA, MI, NH, NJ, NY, OH, PA, RI, VT, WV, DE, MD, NC, TN, VA",NA,0.1640625,0.277108434,230
231,Peltandra virginica,Peltandra virginica,Forb/herb,EFNative,16,"NJ, MD, MA, CT, PA, VA, WV","IL, IA, KS, MN, MO, OK, WI, CT, IN, ME, MA, MI, NH, NJ, NY, OH, PA, RI, VT, WV, TX, AL, AR, DE, FL, GA, KY, LA, MD, MS, NC, SC, TN, VA",NA,0.01953125,0.13253012,231
232,Rudbeckia fulgida,Rudbeckia fulgida,Forb/herb,EFNative,106,"OH, MA, MD, KY, VT, PA, NH, RI, NJ, VA, CT, ME, DE, WV","IL, MO, OK, WI, CT, IN, MA, MI, NJ, NY, OH, PA, WV, TX, AL, AR, DE, FL, GA, KY, MD, MS, NC, SC, TN, VA",NA,0.28515625,0.397590361,232
233,Podophyllum peltatum,Podophyllum peltatum,Forb/herb,EFNative,45,"NY, RI, PA, ME, MD, NJ, MA, CT, DE, VT, VA, WV, OH, NH","IL, IA, KS, MN, MO, NE, OK, WI, CT, IN, MA, MI, NH, NJ, NY, OH, PA, RI, VT, WV, TX, AL, AR, DE, FL, GA, KY, LA, MD, MS, NC, SC, TN, VA",NA,0.10546875,0.21686747,233
234,Primula meadia,Primula meadia,Forb/herb,EFNative,25,"MA, DE, RI, PA, MD, ME, VA, NJ, CT, VT, WV, OH, NH","IL, IA, KS, MN, MO, NE, OK, WI, IN, MI, NJ, NY, OH, PA, WV, TX, AL, AR, FL, GA, KY, LA, MD, MS, NC, SC, TN, VA",NA,0.046875,0.156626506,234
235,Lilium superbum,Lilium superbum,Forb/herb,EFNative,17,"RI, PA, CT, DE, VA, WV, NJ","IL, MO, CT, IN, MA, NH, NJ, NY, OH, PA, RI, WV, AL, AR, DE, FL, GA, KY, LA, MD, MS, NC, SC, TN, VA",NA,0.0234375,0.13253012,235
236,Packera obovata,Packera obovata,Forb/herb,EFNative,17,"MD, CT, PA, DE, VT, WV, MA, NJ, RI, VA","IL, KS, MO, OK, CT, IN, MA, MI, NH, NJ, NY, OH, PA, RI, VT, WV, NM, TX, AL, AR, FL, GA, KY, LA, MD, MS, NC, SC, TN, VA",NA,0.0234375,0.13253012,236
237,Danthonia spicata,Danthonia spicata,Grass,EFNative,13,"MA, MD, VA, NJ, PA, RI, WV","AK, CO, ID, MT, OR, WA, WY, IL, IA, KS, MN, MO, ND, NE, OK, SD, WI, CT, IN, ME, MA, MI, NH, NJ, NY, OH, PA, RI, VT, WV, AZ, NM, TX, AL, AR, DE, FL, GA, KY, LA, MD, MS, NC, SC, TN, VA",NA,0.01171875,0.120481928,237
238,Apocynum cannabinum,Apocynum cannabinum,Forb/herb,EFNative,9,"MD, MA, VA, CT, PA, RI, NJ","CO, OR, WA, WY, IL, IA, MN, MO, ND, NE, OK, SD, WI, CT, IN, ME, MA, MI, NH, NY, OH, PA, RI, VT, WV, AZ, CA, NV, UT, NM, TX, AL, AR, DE, FL, GA, KY, LA, MD, MS, NC, SC, VA",NA,0,0.108433735,238
239,Quercus marilandica,Quercus marilandica,Shrub,EFNative,9,"VA, PA, NJ, OH","IL, IA, KS, MO, NE, OK, IN, NJ, NY, OH, PA, WV, TX, AL, AR, DE, FL, GA, KY, LA, MD, MS, NC, SC, TN, VA",NA,0,0.108433735,239
240,Carex plantaginea,Carex plantaginea,Grass,EFNative,30,"MD, VA, PA, OH, NJ, CT, DE, ME, WV, MA, NH","IA, MN, WI, CT, IN, ME, MA, MI, NH, NJ, NY, OH, PA, VT, WV, AL, GA, KY, MD, NC, SC, TN, VA",NA,0.0625,0.168674699,240
241,Acer negundo,Acer negundo,Tree,EFNative,22,"MD, NJ, PA, CT, OH, ME, DE, VA, MA","CO, ID, MT, OR, WA, WY, IL, IA, KS, MN, MO, ND, NE, OK, SD, CT, IN, ME, MA, MI, NJ, NY, OH, RI, VT, AZ, CA, NV, UT, NM, TX, AL, AR, KY, LA, MD, MS, NC, TN, VA",NA,0.0390625,0.144578313,241
242,Equisetum hyemale,Equisetum hyemale,Forb/herb,EFNative,18,"MD, PA, MA, OH, VA, NJ, CT","AL, AZ, AR, CA, CO, CT, DE, FL, GA, ID, IL, IN, IA, KS, KY, LA, ME, MD, MA, MI, MN, MS, MO, MT, NE, NV, NH, NJ, NM, NY, NC, ND, OH, OK, OR, PA, RI, SC, SD, TN, TX, UT, VT, VA, WA, WV, WI, WY",NA,0.02734375,0.13253012,242
243,Kosteletzkya virginica,Kosteletzkya virginica,Forb/herb,EFNative,10,"MD, VA, DE","NJ, NY, PA, TX, AL, DE, FL, GA, LA, MD, MS, NC, SC, VA",NA,0.00390625,0.108433735,243
244,Parthenocissus quinquefolia,Parthenocissus quinquefolia,Vine,EFNative,51,"DE, MD, NY, NJ, OH, MA, RI, PA, CT, VA, VT, ME, NH","IL, IA, KS, MN, MO, NE, OK, SD, WI, CT, IN, ME, MA, MI, NH, NJ, NY, OH, PA, RI, VT, WV, TX, AL, AR, DE, FL, GA, KY, LA, MD, MS, NC, SC, TN, VA",NA,0.125,0.228915663,244
245,Polygonatum biflorum,Polygonatum biflorum,Forb/herb,EFNative,43,"DE, MD, RI, PA, NJ, ME, MA, VA, CT, VT, OH, NH, WV","WY, IL, IA, KS, MN, MO, ND, NE, OK, SD, WI, CT, IN, ME, MA, MI, NH, NJ, NY, OH, PA, RI, VT, WV, AZ, NM, TX, AL, AR, DE, FL, GA, KY, LA, MD, MS, NC, SC, TN, VA",NA,0.1015625,0.204819277,245
246,Actaea pachypoda,Actaea pachypoda,Forb/herb,EFNative,27,"MD, RI, MA, PA, CT, NJ, DE, VA, VT, ME, OH, WV","IL, IA, KS, MN, MO, NE, OK, WI, CT, IN, ME, MA, MI, NH, NJ, NY, OH, PA, RI, VT, WV, AL, AR, DE, FL, GA, KY, LA, MD, MS, NC, SC, TN, VA",NA,0.0546875,0.156626506,246
247,Tradescantia virginiana,Tradescantia virginiana,Forb/herb,EFNative,23,"MA, PA, VA, CT, ME, OH, MD, NJ, WV","IL, IA, MO, WI, CT, IN, ME, MA, MI, NH, NJ, NY, OH, PA, RI, VT, WV, AL, AR, DE, GA, KY, LA, MD, MS, NC, SC, TN, VA",NA,0.04296875,0.144578313,247
248,Carex flaccosperma,Carex flaccosperma,Grass,EFNative,19,"VA, MD, RI, DE, NJ, PA, ME, CT","KS, MO, OK, TX, AL, AR, FL, GA, KY, LA, MS, NC, SC, TN, VA",NA,0.03125,0.13253012,248
249,Penstemon calycosus,Penstemon calycosus,Forb/herb,EFNative,15,"WV, VA, MD, PA, NJ, NH, OH, MA, RI","IL, MN, MO, CT, IN, ME, MA, MI, NJ, OH, PA, RI, VT, AL, GA, KY, MD, NC, SC, TN, VA",NA,0.01953125,0.120481928,249
250,Andropogon glomeratus,Andropogon glomeratus,Grass,EFNative,11,"MD, PA, VA, NJ","IL, MA, NJ, NY, OH, PA, RI, WV, AZ, CA, NV, UT, AL, DE, FL, GA, KY, LA, MD, MS, NC, SC, TN, VA",NA,0.0078125,0.108433735,250
251,Teucrium canadense,Teucrium canadense,Forb/herb,EFNative,11,"MA, MD, VA, CT, PA, VT, NJ, OH","CO, MT, OR, WA, WY, IL, IA, KS, MN, MO, ND, NE, OK, SD, WI, CT, ME, MA, NH, NJ, NY, OH, PA, RI, VT, AZ, NM, TX, AL, AR, FL, GA, KY, MD, MS, TN, VA",NA,0.0078125,0.108433735,251
252,Comptonia peregrina,Comptonia peregrina,Shrub,EFNative,56,"MD, KY, MA, RI, PA, CT, ME, NJ, DE, VA, VT, OH, NH, WV","IL, MN, WI, CT, IN, ME, MA, MI, NH, NJ, NY, OH, PA, RI, VT, WV, DE, GA, KY, MD, NC, SC, TN, VA",NA,0.140625,0.240963855,252
253,Thermopsis villosa,Thermopsis villosa,Forb/herb,EFNative,32,"MA, MD, PA, RI, NJ, VT, ME, DE, VA, NH","AL, GA, KY, NC, TN, VA",NA,0.0703125,0.168674699,253
254,Lupinus perennis,Lupinus perennis,Forb/herb,EFNative,28,"MA, ME, NH, PA, VT, DE, CT, RI, NY, VA","IL, IA, MN, ND, WI, CT, IN, MA, MI, NY, PA, RI, VT, WV, AL, FL, GA, KY, MD, MS, NC, VA",NA,0.05859375,0.156626506,254
255,Spiraea alba,Spiraea alba,Shrub,EFNative,16,"MA, MD, PA, CT, DE, VA, VT, NH, RI","IL, IA, MN, MO, ND, SD, WI, CT, IN, ME, MA, MI, NH, NJ, NY, OH, PA, RI, VT, WV, DE, KY, MD, NC, TN, VA",NA,0.0234375,0.120481928,255
256,Thalictrum dioicum,Thalictrum dioicum,Forb/herb,EFNative,16,"MA, VA, CT, PA, DE, RI, ME, NJ, NH","IL, IA, KS, MN, MO, ND, NE, SD, WI, CT, IN, ME, MA, MI, NH, NJ, NY, OH, PA, RI, VT, WV, AL, AR, DE, GA, KY, LA, MD, MS, NC, SC, TN, VA",NA,0.0234375,0.120481928,256
257,Ptelea trifoliata,Ptelea trifoliata,Shrub,EFNative,12,"CT, PA, VA, MD, OH","CO, IL, IA, KS, MN, MO, NE, OK, WI, CT, IN, ME, MA, MI, NH, NJ, NY, OH, PA, RI, VT, WV, AZ, UT, NM, TX, AL, AR, DE, FL, GA, KY, LA, MD, MS, NC, SC, TN, VA",NA,0.01171875,0.108433735,257
258,Agastache nepetoides,Agastache nepetoides,Forb/herb,EFNative,8,"PA, VA, NJ","IL, IA, KS, MN, MO, NE, OK, SD, WI, CT, IN, MA, VT, TX, AL, AR, GA, KY, MD, TN",NA,0,0.096385542,258
259,Alisma subcordatum,Alisma subcordatum,Forb/herb,EFNative,8,"PA, MD, CT, MA, VA","CO, IL, IA, KS, MN, MO, ND, NE, OK, SD, WI, CT, IN, ME, MA, MI, NH, NJ, NY, OH, PA, RI, VT, WV, NM, TX, AL, AR, DE, GA, KY, LA, MD, MS, NC, SC, TN, VA",NA,0,0.096385542,259
260,Dicentra eximia,Dicentra eximia,Forb/herb,EFNative,53,"OH, NY, MD, RI, PA, MA, CT, VT, ME, DE, NJ, NH, WV, VA","NJ, NY, PA, WV, KY, MD, NC, TN, VA",NA,0.1328125,0.228915663,260
261,Quercus velutina,Quercus velutina,Tree,EFNative,29,"OH, MD, MA, NY, PA, VA, NJ, DE, ME","IL, IA, KS, MN, MO, NE, OK, WI, CT, IN, ME, MA, MI, NH, NJ, NY, OH, PA, RI, VT, WV, TX, AL, AR, DE, FL, GA, KY, LA, MD, MS, NC, SC, TN, VA",NA,0.0625,0.156626506,261
262,Myrica cerifera,Myrica cerifera,Shrub,EFNative,25,"MD, VA, DE, PA","OK, NJ, TX, AL, AR, DE, FL, GA, LA, MD, MS, NC, SC, VA",NA,0.05078125,0.144578313,262
263,Carex radiata,Carex radiata,Grass,EFNative,17,"PA, MA, VA, KY, DE, MD, NJ","IL, IA, KS, MN, MO, ND, NE, OK, SD, WI, CT, IN, ME, MA, MI, NH, NJ, NY, OH, PA, VT, WV, AL, AR, DE, KY, LA, MD, MS, NC, SC, TN, VA",NA,0.02734375,0.120481928,263
264,Eurybia spectabilis,Eurybia spectabilis,Forb/herb,EFNative,13,"PA, MD, VA, NJ, MA, NH","CT, MA, NJ, NY, PA, RI, AL, DE, GA, MD, NC, SC, VA",NA,0.015625,0.108433735,264
265,Senna marylandica,Senna marylandica,Forb/herb,EFNative,13,"MD, RI, PA, VA, NJ","IL, WI, NY, TX, AL, FL, KY, MD, TN",NA,0.015625,0.108433735,265
266,Elymus riparius,Elymus riparius,Grass,EFNative,9,"MA, NJ, PA, VA, MD","IL, IA, MN, MO, WI, CT, IN, ME, MA, NH, NJ, NY, OH, PA, RI, VT, WV, AR, DE, FL, GA, KY, MD, MS, NC, SC, TN, VA",NA,0.00390625,0.096385542,266
267,Ionactis linariifolia,Ionactis linariifolia,Forb/herb,EFNative,9,"ME, MA, MD, CT, PA, NH, NJ","IL, IA, KS, MO, OK, WI, CT, IN, ME, MA, NH, NJ, NY, OH, PA, RI, VT, WV, TX, AL, AR, DE, FL, GA, KY, LA, MD, MS, NC, SC, TN, VA",NA,0.00390625,0.096385542,267
268,Oenothera biennis,Oenothera biennis,Forb/herb,EFNative,9,"VA, MD, PA, NJ","ID, MT, OR, WA, IL, IA, KS, MN, MO, ND, NE, OK, SD, WI, CT, IN, ME, MA, MI, NH, NJ, NY, OH, PA, RI, VT, WV, CA, NV, TX, AL, AR, DE, FL, GA, KY, LA, MD, MS, NC, SC, TN, VA",NA,0.00390625,0.096385542,268
269,Woodwardia areolata,Woodwardia areolata,Forb/herb,EFNative,9,"MD, PA, DE, VA","IL, MO, OK, CT, IN, ME, MA, MI, NH, NJ, NY, OH, PA, RI, WV, TX, AL, AR, DE, FL, GA, KY, LA, MD, MS, NC, SC, TN, VA",NA,0.00390625,0.096385542,269
270,Pinus rigida,Pinus rigida,Tree,EFNative,26,"MD, NJ, MA, CT, PA, ME, NH, VA","CT, ME, MA, NH, NJ, NY, OH, PA, RI, VT, WV, GA, KY, MD, NC, SC, TN, VA",NA,0.0546875,0.144578313,270
271,Anemonella thalictroides,Anemonella thalictroides,Forb/herb,EFNative,22,"RI, PA, CT, VA, ME, DE, OH, VT, NH, WV, NJ","IL, IA, KS, MN, MO, OK, WI, CT, IN, ME, MA, MI, NH, NJ, NY, OH, PA, RI, VT, WV, AL, AR, DE, FL, GA, KY, LA, MD, MS, NC, SC, TN, VA",NA,0.04296875,0.13253012,271
272,Acer pensylvanicum,Acer pensylvanicum,Shrub,EFNative,18,"PA, CT, MD, DE, VA, ME, MA, NY","MN, WI, IN, NY, OH, VT, GA, KY, MD, TN",NA,0.03125,0.120481928,272
273,Baptisia alba,Baptisia alba,Forb/herb,EFNative,18,"MA, MD, PA, DE, VT, VA","IL, IA, KS, MN, MO, OK, WI, IN, MI, NY, OH, TX, AL, AR, FL, GA, KY, LA, MS, NC, SC, TN",NA,0.03125,0.120481928,273
274,Thalictrum pubescens,Thalictrum pubescens,Forb/herb,EFNative,14,"MA, VA, CT, ME, PA, RI, NJ, NH","IL, CT, IN, ME, MA, MI, NH, NJ, NY, OH, PA, RI, VT, WV, AL, AR, DE, GA, KY, MD, MS, NC, SC, TN, VA",NA,0.01953125,0.108433735,274
275,Apios americana,Apios americana,Forb/herb,EFNative,10,"MD, VA, DE, PA, WV, NJ","CO, IL, IA, KS, MN, MO, NE, OK, WI, CT, IN, ME, MA, MI, NH, NJ, NY, OH, PA, RI, VT, WV, TX, AL, AR, DE, FL, GA, KY, LA, MD, MS, NC, SC, TN, VA",NA,0.0078125,0.096385542,275
276,Calamagrostis canadensis,Calamagrostis canadensis,Grass,EFNative,10,"MA, MD, PA, VA, NJ","AK, CO, ID, MT, OR, WA, WY, IL, IA, KS, MN, MO, ND, NE, SD, WI, CT, IN, ME, MA, MI, NH, NJ, NY, OH, PA, RI, VT, WV, AZ, CA, NV, UT, NM, DE, GA, KY, MD, NC, TN, VA",NA,0.0078125,0.096385542,276
277,Carex comosa,Carex comosa,Grass,EFNative,10,"NJ, MD, MA, PA, VA","ID, IL, IA, MN, WI, CT, IN, ME, MA, MI, NJ, NY, OH, PA, VT, CA, TX, AL, AR, MD, MS, NC, SC, TN, VA",NA,0.0078125,0.096385542,277
278,Epilobium angustifolium,Epilobium angustifolium,Forb/herb,EFNative,10,"MA, PA, NH, RI, VT, VA, ME","AK, CO, ID, MT, OR, WA, WY, IL, IA, MN, ND, NE, SD, WI, CT, IN, ME, MA, MI, NH, NJ, NY, OH, PA, RI, VT, WV, AZ, CA, NV, UT, NM, AR, DE, MD, NC, TN, VA",NA,0.0078125,0.096385542,278
279,Typha angustifolia,Typha angustifolia,Forb/herb,EFNative,10,"MD, MA, VA, NJ","CO, OR, WA, WY, IL, IA, KS, MN, MO, ND, NE, OK, SD, WI, CT, IN, ME, MA, MI, NH, NJ, NY, OH, PA, RI, VT, WV, CA, NV, NM, AR, DE, KY, MD, MS, NC, SC, TN, VA","IN, OH, WA, WI",0.0078125,0.096385542,279
280,Verbena stricta,Verbena stricta,Forb/herb,EFNative,10,"MA, MD, PA, VA, VT, ME","CO, MT, WA, WY, IL, IA, KS, MN, MO, ND, NE, OK, SD, WI, CT, IN, MA, MI, NJ, NY, OH, PA, VT, WV, AZ, NV, UT, NM, TX, AL, AR, DE, GA, KY, MS, NC, TN",NA,0.0078125,0.096385542,280
281,Gillenia trifoliata,Gillenia trifoliata,Forb/herb,EFNative,47,"MA, NY, RI, PA, CT, MD, VT, DE, VA, ME, OH, NJ, WV","IL, MO, IN, MA, MI, NJ, NY, OH, PA, RI, WV, AL, AR, DE, GA, KY, MD, NC, SC, TN, VA",NA,0.1171875,0.204819277,281
282,Monarda bradburiana,Monarda bradburiana,Forb/herb,EFNative,35,"MA, PA, MD, RI, ME, DE, VA, VT, WV, NJ, NY, CT, OH","IL, KS, MO, NE, OK, IN, TX, AL, AR, KY, TN",NA,0.08203125,0.168674699,282
283,Rubus occidentalis,Rubus occidentalis,Shrub,EFNative,27,"MD, PA, NY, CT, ME, VT, VA, MA, OH, NJ","IL, IA, KS, MN, MO, ND, NE, OK, SD, WI, CT, IN, ME, MA, MI, NH, NJ, NY, OH, PA, RI, VT, WV, AL, AR, DE, GA, KY, MD, MS, NC, SC, TN, VA",NA,0.05859375,0.144578313,283
284,Nyssa sylvatica,Nyssa sylvatica,Tree,EFNative,121,"OH, MD, KY, NY, NJ, VA, MA, PA, CT, RI, DE, VT, ME, NH","IL, KS, MO, OK, WI, CT, ME, MA, MI, NH, NJ, NY, OH, PA, RI, VT, TX, AL, AR, FL, GA, KY, LA, MD, MS, NC, SC, TN, VA",NA,0.3359375,0.421686747,284
285,Silphium laciniatum,Silphium laciniatum,Forb/herb,EFNative,15,"PA, CT, MD, RI, OH, NJ, VA, VT","IL, IA, KS, MN, MO, NE, OK, SD, WI, IN, MI, NY, OH, PA, NM, TX, AL, AR, KY, LA, MS, TN",NA,0.0234375,0.108433735,285
286,Amelanchier laevis,Amelanchier laevis,Shrub,EFNative,60,"OH, MD, NJ, MA, RI, PA, NY, VT, VA, ME, DE, NH","IL, IA, MN, WI, CT, IN, ME, MA, MI, NH, NJ, NY, OH, PA, RI, VT, WV, AL, DE, GA, KY, MD, SC, TN, VA",NA,0.15625,0.240963855,286
287,Solidago canadensis,Solidago canadensis,Forb/herb,EFNative,11,"PA, MD, ME, DE, MA, NJ, VA","AK, CO, ID, MT, WA, WY, IL, IA, KS, MN, MO, ND, NE, OK, SD, WI, CT, IN, ME, MA, MI, NH, NJ, NY, OH, PA, RI, VT, WV, AZ, CA, NV, UT, NM, TX, AL, AR, DE, FL, GA, KY, LA, MD, MS, NC, SC, TN, VA",NA,0.01171875,0.096385542,287
288,Trillium sessile,Trillium sessile,Forb/herb,EFNative,11,"PA, CT, VA, OH, WV","IL, KS, MO, OK, IN, MI, NY, OH, PA, WV, AL, AR, KY, MD, NC, TN, VA",NA,0.01171875,0.096385542,288
289,Carya alba,Carya alba,Tree,EFNative,7,"MD, VA, PA, MA, NJ","IL, IA, KS, MO, OK, CT, IN, MA, NJ, NY, OH, PA, RI, WV, TX, AL, AR, DE, FL, GA, KY, LA, MD, MS, NC, SC, TN, VA",NA,0,0.084337349,289
290,Cirsium discolor,Cirsium discolor,Forb/herb,EFNative,7,"MA, NH, VA, RI, NJ","IL, IA, KS, MN, MO, NE, SD, WI, CT, IN, ME, MA, MI, NH, NY, OH, PA, RI, VT, WV, AL, AR, DE, GA, KY, LA, MD, NC, SC, TN, VA",NA,0,0.084337349,290
291,Dichanthelium clandestinum,Dichanthelium clandestinum,Grass,EFNative,7,"MD, VA, NJ, PA","IL, IA, KS, MO, OK, WI, CT, IN, ME, MA, MI, NH, NJ, NY, OH, PA, RI, VT, WV, TX, AL, AR, DE, FL, GA, KY, LA, MD, MS, NC, SC, TN, VA",NA,0,0.084337349,291
292,Eupatorium serotinum,Eupatorium serotinum,Forb/herb,EFNative,7,"MD, VA, NJ","IL, IA, KS, MN, MO, NE, OK, WI, CT, IN, MA, MI, NJ, NY, OH, PA, RI, WV, TX, AL, AR, DE, FL, GA, KY, LA, MD, MS, NC, SC, TN, VA",NA,0,0.084337349,292
293,Hypericum ascyron,Hypericum ascyron,Forb/herb,EFNative,7,"MA, NH, MD, PA, NJ","IL, IA, KS, MN, MO, WI, CT, IN, ME, MA, MI, NH, NY, OH, PA, VT, MD",NA,0,0.084337349,293
294,Monarda clinopodia,Monarda clinopodia,Forb/herb,EFNative,7,"PA, MD, VA","IL, CT, IN, NJ, NY, OH, PA, WV, AL, DE, KY, MD, NC, TN, VA",NA,0,0.084337349,294
295,Packera anonyma,Packera anonyma,Forb/herb,EFNative,7,"PA, MD, VA, NJ","NY, OH, PA, WV, AL, AR, FL, GA, KY, LA, MD, MS, NC, SC, TN, VA",NA,0,0.084337349,295
296,Rubus allegheniensis,Rubus allegheniensis,Shrub,EFNative,7,"MD, CT, PA, OH, NJ, VA","MT, IL, IA, KS, MN, MO, NE, OK, WI, CT, IN, ME, MA, MI, NH, NJ, NY, OH, RI, VT, WV, AL, AR, DE, GA, KY, MD, NC, SC, TN, VA",NA,0,0.084337349,296
297,Ruellia caroliniensis,Ruellia caroliniensis,Forb/herb,EFNative,7,"PA, MD, VA","OK, IN, NJ, OH, PA, WV, TX, AL, DE, FL, GA, LA, MD, MS, NC, SC, TN, VA",NA,0,0.084337349,297
298,Prunus virginiana,Prunus virginiana,Shrub,EFNative,48,"OH, MD, KY, NJ, PA, MA, NY, ME, CT, VT, NH, VA","CO, ID, MT, OR, WA, WY, IL, IA, KS, MN, MO, ND, NE, OK, SD, WI, CT, IN, ME, MA, MI, NH, NY, OH, PA, RI, VT, WV, AZ, CA, NV, UT, NM, TX, AR, DE, GA, KY, MD, NC, TN, VA",NA,0.12109375,0.204819277,298
299,Trillium grandiflorum,Trillium grandiflorum,Forb/herb,EFNative,20,"MA, RI, MD, CT, DE, PA, VA, ME, VT, OH, WV","IL, IA, MN, WI, CT, IN, ME, MA, MI, NH, NJ, NY, OH, PA, VT, WV, AL, DE, GA, KY, MD, NC, SC, TN, VA",NA,0.0390625,0.120481928,299
300,Ostrya virginiana,Ostrya virginiana,Shrub,EFNative,65,"OH, MD, NY, NJ, MA, PA, VT, RI, VA, CT, ME, DE, NH","WY, IL, IA, KS, MN, MO, ND, NE, OK, SD, WI, CT, IN, ME, MA, MI, NH, NJ, NY, OH, PA, RI, VT, WV, TX, AL, AR, DE, FL, GA, KY, LA, MD, MS, NC, SC, TN, VA",NA,0.171875,0.253012048,300
301,Liatris aspera,Liatris aspera,Forb/herb,EFNative,16,"VA, VT, PA, NH, MD, DE, NJ, MA, RI","IL, IA, KS, MN, MO, ND, NE, OK, SD, WI, IN, MI, OH, WV, TX, AL, AR, FL, GA, KY, LA, MS, NC, SC, TN, VA",NA,0.02734375,0.108433735,301
302,Penstemon smallii,Penstemon smallii,Forb/herb,EFNative,16,"NJ, VA, MD, MA, PA, DE, WV","AL, GA, NC, SC, TN",NA,0.02734375,0.108433735,302
303,Capnoides sempervirens,Capnoides sempervirens,Forb/herb,EFNative,8,"MA, PA, ME, VA","AK, MT, IL, IA, MN, WI, CT, IN, ME, MA, MI, NH, NJ, NY, OH, PA, RI, VT, WV, GA, KY, MD, NC, SC, TN, VA",NA,0.00390625,0.084337349,303
304,Carex lupulina,Carex lupulina,Grass,EFNative,8,"PA, VA, MA, MD, NJ","IL, IA, KS, MN, MO, NE, OK, WI, CT, IN, ME, MA, MI, NH, NJ, NY, OH, PA, RI, VT, WV, TX, AL, AR, DE, FL, GA, KY, LA, MD, MS, NC, TN, VA",NA,0.00390625,0.084337349,304
305,Clinopodium vulgare,Clinopodium vulgare,Forb/herb,EFNative,8,"PA, VA, MD, NJ","AZ, AR, CO, CT, DE, IL, IN, IA, KS, KY, ME, MD, MA, MI, MN, NH, NJ, NM, NY, NC, OH, OR, PA, RI, TN, UT, VT, VA, WA, WV, WI",NA,0.00390625,0.084337349,305
306,Dioscorea villosa,Dioscorea villosa,Forb/herb,EFNative,8,"MA, PA, VA, DE, NJ","IL, IA, KS, MN, MO, NE, OK, WI, CT, IN, MA, MI, NJ, NY, OH, PA, RI, VT, WV, TX, AL, AR, DE, FL, GA, KY, LA, MD, MS, NC, SC, TN, VA",NA,0.00390625,0.084337349,306
307,Helianthus giganteus,Helianthus giganteus,Forb/herb,EFNative,8,"MD, PA, VA, ME","IL, IA, KS, MN, WI, CT, IN, ME, MA, MI, NJ, NY, OH, PA, VT, WV, DE, GA, KY, MD, MS, NC, SC, TN, VA",NA,0.00390625,0.084337349,307
308,Quercus ilicifolia,Quercus ilicifolia,Shrub,EFNative,8,"MA, PA, CT, ME","CT, ME, MA, NH, NJ, NY, PA, RI, VT, WV, DE, KY, MD, NC, VA",NA,0.00390625,0.084337349,308
309,Rhexia virginica,Rhexia virginica,Forb/herb,EFNative,8,"MA, PA, VA, WV, NJ","IL, IA, MO, OK, WI, CT, IN, ME, MA, MI, NH, NJ, NY, OH, PA, RI, VT, WV, TX, AL, AR, DE, FL, GA, KY, LA, MD, MS, NC, SC, TN, VA",NA,0.00390625,0.084337349,309
310,Viburnum dentatum,Viburnum dentatum,Shrub,EFNative,139,"OH, MD, KY, NY, NJ, PA, MA, RI, CT, ME, VT, VA, NH, DE","IL, IA, MO, CT, IN, ME, NJ, OH, PA, WV, DE, KY, MD, TN, VA",NA,0.390625,0.469879518,310
311,Pachysandra procumbens,Pachysandra procumbens,Forb/herb,EFNative,41,"MD, MA, RI, PA, OH, ME, DE, VA, CT, VT, WV, NH","WV, AL, FL, GA, KY, LA, MS, NC, SC, TN",NA,0.1015625,0.180722892,311
312,Carex laxiculmis,Carex laxiculmis,Grass,EFNative,33,"NY, MD, CT, NJ, VA, PA, MA, VT, DE, ME, WV, OH","IL, IA, MN, MO, WI, CT, IN, ME, MA, MI, NH, NJ, NY, OH, PA, RI, VT, WV, AL, AR, DE, GA, KY, MD, NC, SC, TN, VA",NA,0.078125,0.156626506,312
313,Uvularia grandiflora,Uvularia grandiflora,Forb/herb,EFNative,21,"PA, CT, MD, DE, VA, VT, ME, OH, NH, WV","IL, IA, KS, MN, MO, ND, OK, SD, WI, CT, IN, MA, MI, NH, NY, OH, PA, VT, WV, AL, AR, GA, KY, MD, MS, NC, TN, VA",NA,0.04296875,0.120481928,313
314,Bignonia capreolata,Bignonia capreolata,Vine,EFNative,17,"PA, CT, VA, DE, MD, NJ","IL, MO, OK, IN, OH, WV, TX, AL, AR, FL, GA, KY, LA, MD, MS, NC, SC, TN, VA",NA,0.03125,0.108433735,314
315,Liatris ligulistylis,Liatris ligulistylis,Forb/herb,EFNative,13,"MA, MD, OH, CT, PA, ME, VA, NJ","CO, MT, WY, IA, MN, ND, SD, WI, NM",NA,0.01953125,0.096385542,315
316,Carex blanda,Carex blanda,Grass,EFNative,9,"PA, NJ, VA, NH, MD","CO, WY, IL, IA, KS, MN, MO, ND, NE, OK, SD, WI, CT, IN, ME, MA, MI, NH, NJ, NY, OH, PA, RI, VT, WV, NM, TX, AL, AR, DE, FL, GA, KY, LA, MD, MS, NC, SC, TN, VA",NA,0.0078125,0.084337349,316
317,Carex stipata,Carex stipata,Grass,EFNative,9,"NJ, VA, PA, MA, CT, MD, RI","AK, CO, ID, MT, OR, WA, WY, IL, IA, KS, MN, MO, ND, NE, OK, SD, WI, CT, IN, ME, MA, MI, NH, NJ, NY, OH, PA, RI, VT, WV, AZ, CA, UT, NM, TX, AL, DE, FL, GA, KY, MD, NC, SC, TN, VA",NA,0.0078125,0.084337349,317
318,Euonymus atropurpureus,Euonymus atropurpureus,Shrub,EFNative,9,"PA, MD, DE, OH","MT, IL, IA, KS, MN, MO, ND, NE, OK, SD, WI, CT, IN, ME, MA, MI, NH, NJ, NY, OH, PA, RI, WV, TX, AL, AR, DE, FL, GA, KY, LA, MD, MS, NC, SC, TN, VA",NA,0.0078125,0.084337349,318
319,Eupatorium rotundifolium,Eupatorium rotundifolium,Forb/herb,EFNative,9,"MD, VA, ME, PA, NH","MO, OK, CT, IN, MA, NH, NJ, NY, OH, PA, RI, WV, TX, AL, AR, DE, FL, GA, KY, LA, MD, MS, NC, SC, TN, VA",NA,0.0078125,0.084337349,319
320,Euthamia caroliniana,Euthamia caroliniana,Forb/herb,EFNative,9,"PA, MD, NJ, VA","CT, MA, NH, NJ, NY, PA, RI, WV, AL, DE, FL, GA, LA, MD, MS, NC, SC, VA",NA,0.0078125,0.084337349,320
321,Helianthus maximiliani,Helianthus maximiliani,Forb/herb,EFNative,9,"MA, MD, PA, VT, VA, ME, NJ","CO, ID, WA, WY, IL, IA, KS, MN, MO, ND, NE, OK, SD, WI, CT, IN, ME, MA, MI, NJ, NY, OH, PA, WV, CA, UT, TX, AL, AR, DE, KY, MD, MS, NC, SC, TN, VA",NA,0.0078125,0.084337349,321
322,Hydrophyllum virginianum,Hydrophyllum virginianum,Forb/herb,EFNative,9,"PA, MD, VA, WV, NJ","IA, KS, MN, MO, ND, NE, OK, SD, WI, CT, IN, MA, MI, NH, NJ, NY, OH, PA, VT, WV, AR, DE, KY, MD, NC, TN, VA",NA,0.0078125,0.084337349,322
323,Nymphaea odorata,Nymphaea odorata,Forb/herb,EFNative,9,"PA, ME, VA, MA, MD, NJ","IL, IA, KS, MN, MO, NE, OK, WI, CT, IN, ME, MA, MI, NH, NJ, NY, OH, PA, RI, VT, WV, TX, AL, AR, DE, FL, GA, KY, LA, MD, MS, NC, SC, TN, VA",WA,0.0078125,0.084337349,323
324,Salix sericea,Salix sericea,Shrub,EFNative,9,"MA, CT, PA, VA, MD","IL, IA, MN, MO, WI, CT, IN, ME, MA, MI, NH, NJ, NY, OH, PA, RI, VT, WV, AL, AR, DE, GA, KY, MD, NC, SC, TN, VA",NA,0.0078125,0.084337349,324
325,Typha latifolia,Typha latifolia,Forb/herb,EFNative,9,"RI, MD, MA, NJ, VA","AK, CO, ID, MT, OR, WA, WY, IL, IA, KS, MN, MO, ND, NE, OK, SD, WI, CT, IN, ME, MA, MI, NH, NJ, NY, OH, PA, RI, VT, WV, AZ, CA, NV, UT, NM, TX, AL, AR, DE, FL, GA, KY, LA, MD, MS, NC, SC, TN, VA",NA,0.0078125,0.084337349,325
326,Cornus florida,Cornus florida,Shrub,EFNative,144,"OH, MD, KY, MA, PA, NY, NJ, VA, RI, CT, NH, VT, DE, WV, ME","IL, KS, MO, OK, CT, IN, ME, MA, MI, NH, NJ, NY, OH, PA, RI, VT, WV, TX, AL, AR, DE, FL, GA, KY, LA, MD, MS, NC, SC, TN, VA",NA,0.40625,0.481927711,326
327,Osmunda regalis,Osmunda regalis,Forb/herb,EFNative,71,"DE, NY, MD, OH, MA, RI, PA, NJ, VA, CT, ME, VT, NH, WV","AL, AR, CT, DE, FL, GA, IL, IN, IA, KS, KY, LA, ME, MD, MA, MI, MN, MS, MO, NH, NJ, NY, NC, OH, OK, PA, RI, SC, TN, TX, VT, VA, WV, WI",NA,0.19140625,0.265060241,327
328,Quercus coccinea,Quercus coccinea,Tree,EFNative,71,"OH, MD, PA, NJ, MA, VA, NY, CT, DE, RI, NH, ME","IL, MO, WI, CT, IN, ME, MA, MI, NH, NJ, NY, OH, PA, RI, VT, WV, AL, AR, DE, GA, KY, MD, MS, NC, SC, TN, VA",NA,0.19140625,0.265060241,328
329,Iris virginica,Iris virginica,Forb/herb,EFNative,14,"PA, MD, DE, VA, NY, WV","IL, IA, KS, MN, MO, NE, OK, WI, IN, MI, NY, OH, PA, WV, TX, AL, AR, FL, GA, KY, LA, MD, MS, NC, SC, TN, VA",NA,0.0234375,0.096385542,329
330,Elephantopus carolinianus,Elephantopus carolinianus,Forb/herb,EFNative,10,"VA, MD, DE, PA, NJ, WV","IL, KS, MO, OK, IN, NJ, OH, PA, WV, TX, AL, AR, DE, FL, GA, KY, LA, MD, MS, NC, SC, TN, VA",NA,0.01171875,0.084337349,330
331,Goodyera pubescens,Goodyera pubescens,Forb/herb,EFNative,10,"RI, PA, DE, VA, WV","IL, IA, MN, MO, OK, WI, CT, IN, ME, MA, MI, NH, NJ, NY, OH, PA, RI, VT, WV, AL, AR, DE, FL, GA, KY, MD, NC, SC, TN, VA",NA,0.01171875,0.084337349,331
332,Lysimachia ciliata,Lysimachia ciliata,Forb/herb,EFNative,10,"RI, VA, CT, PA, VT, MA, NJ","CO, ID, MT, OR, WA, WY, IL, IA, KS, MN, MO, ND, NE, OK, SD, WI, CT, IN, ME, MA, MI, NH, NJ, NY, OH, PA, RI, VT, WV, UT, NM, AL, AR, DE, FL, GA, KY, MD, MS, NC, SC, TN, VA",NA,0.01171875,0.084337349,332
333,Carex intumescens,Carex intumescens,Grass,EFNative,6,"NJ, MD, CT, VA, MA","IL, IA, MN, MO, OK, SD, WI, CT, IN, ME, MA, MI, NH, NJ, NY, OH, PA, RI, VT, WV, TX, AL, AR, DE, FL, GA, KY, LA, MD, MS, NC, SC, TN, VA",NA,0,0.072289157,333
334,Carex squarrosa,Carex squarrosa,Grass,EFNative,6,"NJ, PA, VA, MD","IL, IA, KS, MN, MO, NE, OK, CT, IN, MA, MI, NJ, NY, OH, PA, WV, AL, AR, DE, GA, KY, LA, MD, MS, NC, SC, TN, VA",NA,0,0.072289157,334
335,Impatiens capensis,Impatiens capensis,Forb/herb,EFNative,6,"MA, PA, VA","CO, ID, IL, IA, KS, MN, MO, ND, NE, OK, SD, WI, CT, IN, ME, MA, MI, NH, NJ, NY, OH, PA, RI, VT, WV, TX, AL, AR, DE, FL, GA, KY, LA, MD, MS, NC, SC, TN, VA",WA,0,0.072289157,335
336,Lobelia spicata,Lobelia spicata,Forb/herb,EFNative,6,"CT, PA, RI, NJ, VA","MT, IL, IA, KS, MN, MO, ND, NE, OK, SD, WI, CT, IN, ME, MA, MI, NH, NJ, NY, OH, PA, RI, VT, WV, TX, AL, AR, DE, GA, KY, LA, MD, MS, NC, SC, TN, VA",NA,0,0.072289157,336
337,Menispermum canadense,Menispermum canadense,Vine,EFNative,6,"VA, PA, NJ","IL, IA, KS, MN, MO, ND, NE, OK, SD, WI, CT, IN, MA, MI, NH, NJ, NY, OH, PA, RI, VT, WV, TX, AL, AR, DE, FL, GA, KY, MD, MS, NC, SC, TN, VA",NA,0,0.072289157,337
338,Micranthes pensylvanica,Micranthes pensylvanica,Forb/herb,EFNative,6,"PA, MA, NJ, VA","IL, IA, MN, MO, WI, CT, IN, ME, MA, MI, NH, NJ, NY, OH, PA, RI, VT, WV, DE, MD, NC, TN, VA",NA,0,0.072289157,338
339,Pinus echinata,Pinus echinata,Tree,EFNative,6,"PA, VA, NJ","IL, MO, OK, CT, NJ, NY, OH, PA, WV, TX, AL, AR, DE, FL, GA, KY, LA, MD, MS, NC, SC, TN, VA",NA,0,0.072289157,339
340,Silene stellata,Silene stellata,Forb/herb,EFNative,6,"NH, PA, MD, VA","IL, IA, KS, MN, MO, NE, OK, SD, WI, CT, IN, MI, NJ, NY, OH, PA, RI, VT, WV, TX, AL, AR, DE, GA, KY, LA, MD, MS, NC, SC, TN, VA",NA,0,0.072289157,340
341,Symphyotrichum patens,Symphyotrichum patens,Forb/herb,EFNative,6,"VA, CT, PA, RI, NJ","IL, KS, MO, OK, CT, IN, ME, MA, NH, NJ, NY, OH, PA, RI, WV, TX, AL, AR, DE, FL, GA, KY, LA, MD, MS, NC, SC, TN, VA",NA,0,0.072289157,341
342,Symphyotrichum prenanthoides,Symphyotrichum prenanthoides,Forb/herb,EFNative,6,"PA, MD, VA, NJ","IL, IA, MN, WI, CT, IN, MA, MI, NJ, NY, OH, PA, WV, DE, KY, MD, NC, VA",NA,0,0.072289157,342
343,Carex amphibola,Carex amphibola,Grass,EFNative,27,"RI, DE, ME, MD, VA, MA, PA, CT, NJ, VT","IL, MO, OK, CT, IN, MA, MI, NJ, NY, OH, PA, WV, TX, AL, AR, DE, GA, KY, LA, MD, MS, NC, SC, TN, VA",NA,0.0625,0.13253012,343
344,Rhododendron arborescens,Rhododendron arborescens,Shrub,EFNative,27,"NY, PA, CT, ME, MA, NJ, DE, MD, VA, VT, NH","PA, WV, AL, GA, KY, MD, NC, SC, TN, VA",NA,0.0625,0.13253012,344
345,Pinus taeda,Pinus taeda,Tree,EFNative,23,"MD, VA, DE, PA","OK, TX, AL, AR, DE, FL, GA, KY, LA, MD, MS, NC, SC, TN, VA",NA,0.05078125,0.120481928,345
346,Actaea racemosa,Actaea racemosa,Forb/herb,EFNative,68,"MA, NY, MD, NJ, RI, PA, CT, VA, ME, DE, VT, OH, WV, NH","IL, MO, CT, IN, MA, NJ, NY, OH, PA, WV, AL, AR, DE, GA, KY, MD, NC, SC, TN, VA",NA,0.18359375,0.253012048,346
347,Trillium luteum,Trillium luteum,Forb/herb,EFNative,19,"DE, PA, ME, VA, CT, OH, WV","AL, GA, KY, NC, TN",NA,0.0390625,0.108433735,347
348,Asplenium platyneuron,Asplenium platyneuron,Forb/herb,EFNative,15,"MD, NY, PA, VA, CT, WV","CO, IL, IA, KS, MN, MO, NE, OK, WI, CT, IN, ME, MA, MI, NH, NJ, NY, OH, PA, RI, VT, WV, AZ, NM, TX, AL, AR, DE, FL, GA, KY, LA, MD, MS, NC, SC, TN, VA",NA,0.02734375,0.096385542,348
349,Mitella diphylla,Mitella diphylla,Forb/herb,EFNative,11,"PA, DE, NH, MA, VA, WV, NJ","IL, IA, MN, MO, WI, CT, IN, MA, MI, NH, NJ, NY, OH, PA, VT, WV, AL, AR, DE, GA, KY, MD, MS, NC, SC, TN, VA",NA,0.015625,0.084337349,349
350,Picea rubens,Picea rubens,Tree,EFNative,11,"MA, ME, PA, VT","CT, ME, MA, NH, NJ, NY, PA, VT, WV, MD, NC, TN, VA",NA,0.015625,0.084337349,350
351,Silphium asteriscus,Silphium asteriscus,Forb/herb,EFNative,11,"RI, PA, MD, VA, NJ","IL, MO, OK, IN, NY, OH, PA, WV, TX, AL, AR, FL, GA, KY, LA, MD, MS, NC, SC, TN, VA",NA,0.015625,0.084337349,351
352,Astragalus canadensis,Astragalus canadensis,Forb/herb,EFNative,7,"MA, CT, PA, VA","CO, ID, MT, OR, WA, WY, IL, IA, KS, MN, MO, ND, NE, OK, SD, WI, CT, IN, MI, NJ, NY, OH, PA, VT, WV, CA, NV, UT, NM, TX, AL, AR, GA, KY, LA, MD, MS, NC, SC, TN, VA",NA,0.00390625,0.072289157,352
353,Cinna arundinacea,Cinna arundinacea,Grass,EFNative,7,"MD, MA, VA, PA","MT, IL, IA, KS, MN, MO, ND, NE, OK, SD, WI, CT, IN, ME, MA, MI, NH, NJ, NY, OH, PA, RI, VT, WV, TX, AL, AR, DE, GA, KY, LA, MD, MS, NC, SC, TN, VA",NA,0.00390625,0.072289157,353
354,Eupatorium altissimum,Eupatorium altissimum,Forb/herb,EFNative,7,"MD, ME, VA, NJ, PA","IL, IA, KS, MN, MO, NE, OK, WI, CT, IN, MA, MI, NJ, NY, OH, PA, WV, TX, AL, AR, FL, GA, KY, LA, MD, MS, NC, SC, TN, VA",NA,0.00390625,0.072289157,354
355,Houstonia caerulea,Houstonia caerulea,Forb/herb,EFNative,7,"VA, CT, DE, PA, RI, NJ","IA, MO, WI, CT, NH, NY, VT, AL, AR, KY, LA, MD, MS, TN, VA",NA,0.00390625,0.072289157,355
356,Hypoxis hirsuta,Hypoxis hirsuta,Forb/herb,EFNative,7,"PA, MD, CT, WV","CO, IL, IA, KS, MN, MO, ND, NE, OK, SD, WI, CT, IN, ME, MA, MI, NH, NJ, NY, OH, PA, RI, VT, WV, NM, TX, AL, AR, DE, GA, KY, LA, MD, MS, NC, SC, TN, VA",NA,0.00390625,0.072289157,356
357,Ilex opaca,Ilex opaca,Shrub,EFNative,85,"OH, MD, KY, NJ, PA, MA, VA, CT, RI, NY, DE, NH","IL, MO, OK, CT, IN, MA, NJ, NY, OH, PA, RI, WV, TX, AL, AR, DE, FL, GA, KY, LA, MD, MS, NC, SC, TN, VA",NA,0.234375,0.301204819,357
358,Magnolia virginiana,Magnolia virginiana,Shrub,EFNative,122,"OH, MD, KY, NY, NJ, MA, PA, VA, CT, RI, ME, DE, NH, VT","MA, NJ, NY, PA, TX, AL, AR, DE, FL, GA, LA, MD, MS, NC, SC, TN, VA",NA,0.34375,0.409638554,358
359,Solidago sphacelata,Solidago sphacelata,Forb/herb,EFNative,24,"VA, PA, MD, ME, DE, RI, NY, WV, NJ","IL, IN, OH, WV, AL, GA, KY, MS, NC, TN, VA",NA,0.0546875,0.120481928,359
360,Hepatica acutiloba,Hepatica acutiloba,Forb/herb,EFNative,16,"RI, PA, DE, VA, VT, ME, CT, OH, WV","IL, IA, MN, MO, WI, CT, IN, ME, MA, MI, NH, NY, OH, PA, VT, WV, AL, AR, GA, KY, MD, NC, SC, TN, VA",NA,0.03125,0.096385542,360
361,Magnolia tripetala,Magnolia tripetala,Tree,EFNative,16,"PA, OH, MD, DE, VA, CT, ME, VT","OK, IN, NY, OH, PA, WV, AL, AR, FL, GA, KY, MD, MS, NC, SC, TN, VA",NA,0.03125,0.096385542,361
362,Heuchera villosa,Heuchera villosa,Forb/herb,EFNative,61,"NY, MD, PA, ME, NJ, VT, DE, CT, VA, NH, WV, OH, RI","MO, IN, NY, OH, PA, WV, AL, AR, GA, KY, MS, NC, SC, TN, VA",NA,0.1640625,0.228915663,362
363,Rhododendron prunifolium,Rhododendron prunifolium,Shrub,EFNative,12,"PA, VA, MD, NH, CT, NJ, DE","AL, GA",NA,0.01953125,0.084337349,363
364,Tilia americana,Tilia americana,Tree,EFNative,57,"OH, MD, NJ, MA, PA, NY, VA, ME, DE, VT, NH","IL, IA, KS, MN, MO, ND, NE, OK, SD, WI, CT, IN, ME, MA, MI, NH, NJ, NY, OH, PA, RI, VT, WV, TX, AL, AR, DE, FL, GA, KY, LA, MD, MS, NC, SC, TN, VA",NA,0.15234375,0.21686747,364
365,Aralia spinosa,Aralia spinosa,Shrub,EFNative,8,"MD, OH, VA, PA","IL, MO, OK, IN, NJ, OH, PA, WV, TX, AL, AR, DE, FL, GA, KY, LA, MD, MS, NC, SC, TN, VA",NA,0.0078125,0.072289157,365
366,Arisaema dracontium,Arisaema dracontium,Forb/herb,EFNative,8,"MA, DE, VA, NJ, WV","IL, IA, KS, MN, MO, NE, OK, WI, CT, IN, ME, MA, MI, NJ, NY, OH, PA, VT, WV, TX, AL, AR, DE, FL, GA, KY, LA, MD, MS, NC, SC, TN, VA",NA,0.0078125,0.072289157,366
367,Castanea pumila,Castanea pumila,Shrub,EFNative,8,"PA, VA, MD","MO, OK, IN, MA, NJ, NY, OH, PA, WV, TX, AL, AR, DE, FL, GA, KY, LA, MD, MS, NC, SC, TN, VA",NA,0.0078125,0.072289157,367
368,Collinsonia canadensis,Collinsonia canadensis,Forb/herb,EFNative,8,"VA, CT, PA, RI, WV, NJ","IL, KS, MO, WI, CT, MA, MI, NH, NJ, NY, OH, PA, RI, VT, WV, AL, AR, DE, FL, GA, KY, LA, MD, MS, NC, SC, TN, VA",NA,0.0078125,0.072289157,368
369,Eubotrys racemosa,Eubotrys racemosa,Shrub,EFNative,8,"MD, CT, PA, VA, MA","CT, MA, NJ, NY, PA, RI, TX, AL, DE, FL, GA, LA, MD, MS, NC, SC, TN, VA",NA,0.0078125,0.072289157,369
370,Helianthus tuberosus,Helianthus tuberosus,Forb/herb,EFNative,8,"PA, MD, ME, VA, OH, NH","CO, ID, WA, WY, IL, IA, KS, MN, MO, ND, NE, OK, SD, WI, CT, IN, ME, MA, MI, NH, NJ, NY, OH, PA, RI, VT, WV, UT, TX, AL, AR, DE, FL, GA, KY, LA, MD, MS, NC, SC, TN, VA",NA,0.0078125,0.072289157,370
371,Micranthes virginiensis,Micranthes virginiensis,Forb/herb,EFNative,8,"MD, VA, PA, NJ, NH, WV","IL, MN, MO, CT, IN, ME, MA, MI, NH, NJ, NY, OH, PA, RI, VT, WV, AL, AR, GA, KY, LA, MD, MS, NC, SC, TN, VA",NA,0.0078125,0.072289157,371
372,Uvularia perfoliata,Uvularia perfoliata,Forb/herb,EFNative,8,"PA, VA, RI, VT, WV","CT, ME, MA, NH, NJ, NY, OH, PA, RI, VT, WV, TX, AL, AR, DE, FL, GA, KY, LA, MD, MS, NC, SC, TN, VA",NA,0.0078125,0.072289157,372
373,Chamaecyparis thyoides,Chamaecyparis thyoides,Tree,EFNative,45,"OH, MD, MA, PA, ME, VA, CT, NJ, DE, NH, VT","CT, ME, MA, NH, NJ, NY, RI, AL, DE, FL, GA, MD, MS, NC, SC, VA",NA,0.1171875,0.180722892,373
374,Callirhoe involucrata,Callirhoe involucrata,Forb/herb,EFNative,29,"MD, PA, NJ, VA, OH, DE, ME, VT, NH","CO, IA, KS, MN, MO, NE, OK, NM, TX, AR",NA,0.0703125,0.13253012,374
375,Osmunda claytoniana,Osmunda claytoniana,Forb/herb,EFNative,29,"PA, MA, VA, MD, CT, DE, VT, ME, OH, NH, NJ, RI, WV","IL, IA, MN, MO, WI, CT, IN, ME, MA, MI, NH, NJ, NY, OH, PA, RI, VT, WV, AL, AR, DE, GA, KY, MD, MS, NC, SC, TN, VA",NA,0.0703125,0.13253012,375
376,Kalmia angustifolia,Kalmia angustifolia,Shrub,EFNative,21,"MD, NJ, PA, CT, ME, MA, DE, NH, VA","CT, ME, MA, MI, NH, NJ, NY, PA, RI, VT, WV, DE, GA, MD, NC, SC, TN, VA",NA,0.046875,0.108433735,376
377,Baptisia sphaerocarpa,Baptisia sphaerocarpa,Forb/herb,EFNative,17,"MD, VA, PA, MA, OH, ME, NJ","MO, OK, NM, TX, AR, LA",NA,0.03515625,0.096385542,377
378,Populus deltoides,Populus deltoides,Tree,EFNative,17,"MD, MA, CT, OH, PA, VA, NH, ME","CO, ID, MT, OR, WA, WY, IL, IA, KS, MN, MO, ND, NE, OK, SD, WI, CT, IN, MA, MI, NH, NJ, NY, OH, PA, VT, WV, AZ, UT, NM, TX, AL, AR, DE, FL, GA, KY, LA, MD, MS, NC, SC, TN, VA",NA,0.03515625,0.096385542,378
379,Castanea dentata,Castanea dentata,Tree,EFNative,13,"PA, MD, MA, ME, VT, VA, OH","IL, MO, WI, CT, IN, ME, MA, MI, NH, NJ, NY, OH, PA, RI, VT, WV, AL, DE, FL, GA, KY, LA, MD, MS, NC, SC, TN, VA",NA,0.0234375,0.084337349,379
380,Echinacea tennesseensis,Echinacea tennesseensis,Forb/herb,EFNative,13,"NJ, MA, VA, PA, WV, MD, ME",TN,NA,0.0234375,0.084337349,380
381,Iva frutescens,Iva frutescens,Forb/herb,EFNative,13,"MD, MA, NJ, VA, NH, ME","CT, ME, MA, NH, NJ, NY, PA, RI, TX, AL, DE, FL, GA, LA, MD, MS, NC, SC, VA",NA,0.0234375,0.084337349,381
382,Lysimachia lanceolata,Lysimachia lanceolata,Forb/herb,EFNative,13,"PA, NJ, VA, CT, OH, NH","IL, IA, MO, ND, OK, WI, IN, MI, NJ, OH, PA, VT, WV, TX, AL, AR, DE, FL, GA, KY, LA, MD, MS, NC, SC, TN, VA",NA,0.0234375,0.084337349,382
383,Panicum amarum,Panicum amarum,Grass,EFNative,13,"RI, MD, DE, VA, MA, ME, NJ","CT, MA, NJ, NY, PA, RI, WV, NM, TX, AL, DE, FL, GA, LA, MD, MS, NC, SC, VA",NA,0.0234375,0.084337349,383
384,Arnoglossum atriplicifolium,Arnoglossum atriplicifolium,Forb/herb,EFNative,9,"PA, VA, OH, VT","IL, KS, MN, MO, NE, OK, WI, IN, MI, NJ, NY, OH, PA, WV, AL, AR, DE, FL, GA, KY, MD, MS, NC, SC, TN, VA",NA,0.01171875,0.072289157,384
385,Quercus falcata,Quercus falcata,Tree,EFNative,9,"MD, DE, VA, PA","IL, MO, OK, IN, NJ, NY, OH, PA, WV, TX, AL, AR, DE, FL, GA, KY, LA, MD, MS, NC, SC, TN, VA",NA,0.01171875,0.072289157,385
386,Scirpus atrovirens,Scirpus atrovirens,Grass,EFNative,9,"ME, MD, CT, PA, MA, NJ","MT, IL, IA, KS, MN, MO, ND, NE, OK, SD, WI, CT, IN, ME, MA, MI, NH, NJ, NY, OH, PA, RI, VT, WV, AZ, TX, AL, DE, GA, KY, LA, MD, MS, NC, SC, TN, VA",NA,0.01171875,0.072289157,386
387,Celtis tenuifolia,Celtis tenuifolia,Shrub,EFNative,5,"VA, PA","IL, KS, MO, OK, IN, MI, NJ, OH, PA, WV, TX, AL, AR, DE, FL, GA, KY, LA, MD, MS, NC, SC, TN, VA",NA,0,0.060240964,387
388,Chasmanthium laxum,Chasmanthium laxum,Grass,EFNative,5,"PA, MD, VA","MO, OK, NY, PA, TX, AL, AR, DE, FL, GA, KY, LA, MD, MS, NC, SC, TN, VA",NA,0,0.060240964,388
389,Eupatorium sessilifolium,Eupatorium sessilifolium,Forb/herb,EFNative,5,"VA, MA, PA, NJ","IL, IA, KS, MN, MO, WI, CT, IN, MA, MI, NH, NJ, NY, OH, PA, RI, VT, WV, AL, AR, DE, GA, KY, MD, MS, NC, SC, TN, VA",NA,0,0.060240964,389
390,Hypericum hypericoides,Hypericum hypericoides,Shrub,EFNative,5,"MD, VA","IL, KS, MO, OK, IN, MA, NJ, NY, OH, PA, WV, TX, AL, AR, DE, FL, GA, KY, LA, MD, MS, NC, SC, TN, VA",NA,0,0.060240964,390
391,Juncus canadensis,Juncus canadensis,Grass,EFNative,5,"MA, VA, MD","IL, IA, MN, MO, NE, SD, WI, CT, IN, ME, MA, MI, NH, NJ, NY, OH, PA, RI, VT, WV, AL, AR, DE, FL, GA, KY, LA, MD, MS, NC, SC, TN, VA",NA,0,0.060240964,391
392,Juncus gerardii,Juncus gerardii,Grass,EFNative,5,"MD, NJ","CO, MT, OR, WA, IL, KS, MN, MO, ND, WI, CT, IN, ME, MA, MI, NH, NJ, NY, OH, PA, RI, VT, UT, DE, KY, MD, VA",NA,0,0.060240964,392
393,Lespedeza virginica,Lespedeza virginica,Forb/herb,EFNative,5,"VA, MD, MA","IL, IA, KS, MN, MO, OK, WI, CT, IN, MA, NY, PA, RI, WV, TX, AL, AR, FL, GA, KY, LA, MD, NC, SC, TN, VA",NA,0,0.060240964,393
394,Liatris pilosa,Liatris pilosa,Forb/herb,EFNative,5,"VA, NJ","NJ, PA, DE, MD, NC, SC, VA",NA,0,0.060240964,394
395,Lobelia inflata,Lobelia inflata,Forb/herb,EFNative,5,"PA, MD, VA, NJ","IL, IA, KS, MN, MO, NE, OK, WI, CT, IN, ME, MA, MI, NH, NJ, NY, OH, PA, RI, VT, WV, AL, AR, DE, GA, KY, LA, MD, MS, NC, SC, TN, VA",NA,0,0.060240964,395
396,Lobelia puberula,Lobelia puberula,Forb/herb,EFNative,5,"MD, VA","IL, MO, OK, IN, NJ, OH, PA, WV, TX, AL, AR, DE, FL, GA, KY, LA, MD, MS, NC, SC, TN, VA",NA,0,0.060240964,396
397,Lonicera dioica,Lonicera dioica,Vine,EFNative,5,"CT, PA, VA, NJ","WY, IL, IA, KS, MN, MO, ND, NE, OK, SD, WI, CT, IN, ME, MA, MI, NH, NJ, NY, OH, PA, RI, VT, WV, AR, GA, KY, MD, NC, TN, VA",NA,0,0.060240964,397
398,Populus grandidentata,Populus grandidentata,Tree,EFNative,5,"MD, PA","IL, IA, MN, MO, WI, CT, IN, ME, MA, MI, NH, NJ, NY, OH, PA, RI, VT, WV, DE, KY, MD, NC, TN, VA",NA,0,0.060240964,398
399,Ruellia strepens,Ruellia strepens,Forb/herb,EFNative,5,"PA, MD, VA, NJ","IL, IA, KS, MO, NE, OK, IN, MI, NJ, OH, PA, WV, TX, AL, AR, DE, FL, GA, KY, LA, MD, MS, NC, SC, TN, VA",NA,0,0.060240964,399
400,Scutellaria integrifolia,Scutellaria integrifolia,Forb/herb,EFNative,5,"VA, CT, PA","CT, MA, NY, OH, TX, AL, FL, GA, KY, TN",NA,0,0.060240964,400
401,Solidago puberula,Solidago puberula,Forb/herb,EFNative,5,"MD, PA, MA, NJ, ME","CT, ME, MA, NH, NJ, NY, OH, PA, RI, VT, WV, AL, DE, FL, GA, KY, LA, MD, MS, NC, SC, TN, VA",NA,0,0.060240964,401
402,Clethra alnifolia,Clethra alnifolia,Shrub,EFNative,144,"MA, OH, MD, KY, NY, NH, NJ, PA, RI, CT, ME, VA, DE, VT","CT, ME, MA, NH, NJ, NY, PA, RI, WV, TX, AL, DE, FL, GA, LA, MD, MS, NC, SC, TN, VA",NA,0.41015625,0.469879518,402
403,Physocarpus opulifolius,Physocarpus opulifolius,Shrub,EFNative,136,"OH, MA, MD, KY, PA, NY, NJ, RI, CT, ME, VT, VA, NH, DE, WV","IL, IA, KS, MN, ND, NE, OK, SD, WI, CT, IN, ME, MA, MI, NH, NJ, NY, OH, PA, RI, VT, WV, AZ, AL, DE, FL, GA, KY, MD, MS, NC, SC, TN, VA",NA,0.38671875,0.445783133,403
404,Larix laricina,Larix laricina,Tree,EFNative,26,"NJ, CT, MD, NY, OH, PA, VT, ME, NH, MA","AK, IL, MN, WI, CT, IN, ME, MA, MI, NH, NJ, NY, OH, PA, RI, VT, WV, MD",NA,0.0625,0.120481928,404
405,Avenella flexuosa,Avenella flexuosa,Grass,EFNative,22,"KY, PA, MD, RI, NJ, DE, VT, VA, WV, MA","IL, MN, MO, ND, OK, WI, CT, IN, ME, MA, MI, NH, NJ, NY, OH, PA, VT, WV, TX, AL, AR, DE, FL, GA, KY, LA, MD, MS, NC, SC, TN, VA",NA,0.05078125,0.108433735,405
406,Andropogon ternarius,Andropogon ternarius,Grass,EFNative,14,"NJ, VA, PA, ME, DE, MD, WV, CT","IL, KS, MO, OK, IN, NJ, TX, AL, AR, DE, FL, GA, KY, LA, MD, MS, NC, SC, TN, VA",NA,0.02734375,0.084337349,406
407,Symphoricarpos albus,Symphoricarpos albus,Shrub,EFNative,14,"MD, PA, ME, VT, MA, OH, VA","AK, CO, ID, MT, OR, WA, WY, IL, IA, MN, MO, ND, NE, SD, WI, CT, IN, ME, MA, MI, NH, NJ, NY, OH, PA, RI, VT, WV, CA, UT, NM, DE, KY, MD, NC, VA",NA,0.02734375,0.084337349,407
408,Asarum arifolium,Asarum arifolium,Forb/herb,EFNative,10,"RI, PA, VA, WV","AL, FL, GA, KY, LA, MS, NC, SC, TN, VA",NA,0.015625,0.072289157,408
409,Carex platyphylla,Carex platyphylla,Grass,EFNative,10,"MA, MD, NJ, PA, RI, VA, DE","WI, CT, IN, ME, MA, MI, NH, NJ, NY, OH, PA, RI, VT, WV, DE, KY, MD, NC, TN, VA",NA,0.015625,0.072289157,409
410,Carya cordiformis,Carya cordiformis,Tree,EFNative,10,"OH, MD, VA, PA, MA, ME","IL, IA, KS, MN, MO, NE, OK, WI, CT, IN, ME, MA, MI, NH, NJ, NY, OH, PA, RI, VT, WV, TX, AL, AR, DE, FL, GA, KY, LA, MD, MS, NC, SC, TN, VA",NA,0.015625,0.072289157,410
411,Heuchera longiflora,Heuchera longiflora,Forb/herb,EFNative,10,"PA, OH, VA, VT, NJ","WV, AL, KY, NC, TN, VA",NA,0.015625,0.072289157,411
412,Vernonia gigantea,Vernonia gigantea,Forb/herb,EFNative,10,"MA, PA, RI, CT, VA, VT","IL, KS, MO, NE, OK, IN, MI, NY, OH, PA, WV, TX, AL, AR, FL, GA, KY, LA, MD, MS, NC, SC, TN, VA",NA,0.015625,0.072289157,412
413,Amelanchier stolonifera,Amelanchier stolonifera,Shrub,EFNative,6,"MD, NJ, PA, ME","IL, IA, MN, ND, WI, CT, ME, MA, MI, NH, NJ, NY, OH, PA, RI, VT, WV, AL, GA, MD, NC, SC, VA",NA,0.00390625,0.060240964,413
414,Aralia nudicaulis,Aralia nudicaulis,Forb/herb,EFNative,6,"CT, PA, MA, VA, NJ","CO, ID, MT, WA, WY, IL, IA, MN, MO, ND, NE, SD, WI, CT, IN, ME, MA, MI, NH, NJ, NY, OH, PA, RI, VT, WV, DE, GA, KY, MD, NC, SC, TN, VA",NA,0.00390625,0.060240964,414
415,Blephilia hirsuta,Blephilia hirsuta,Forb/herb,EFNative,6,"MD, PA, VA","IL, KS, MN, MO, NE, OK, WI, CT, IN, MA, MI, NY, OH, PA, VT, TX, AL, AR, GA, KY, MD, NC, TN, VA",NA,0.00390625,0.060240964,415
416,Corylus cornuta,Corylus cornuta,Shrub,EFNative,6,"PA, CT, VT, MA","CO, ID, MT, OR, WA, WY, IL, IA, MN, ND, SD, WI, CT, ME, MA, MI, NH, NJ, NY, OH, PA, RI, VT, WV, CA, AL, GA, KY, MD, NC, SC, TN, VA",NA,0.00390625,0.060240964,416
417,Delphinium tricorne,Delphinium tricorne,Forb/herb,EFNative,6,"PA, VA, OH, WV","IL, IA, KS, MN, MO, NE, OK, IN, OH, PA, WV, AL, AR, GA, KY, MD, MS, NC, SC, TN, VA",NA,0.00390625,0.060240964,417
418,Dicentra canadensis,Dicentra canadensis,Forb/herb,EFNative,6,"PA, MD, VA, WV","IL, IA, MN, MO, WI, CT, IN, ME, MA, MI, NH, NJ, NY, OH, PA, VT, WV, KY, MD, NC, TN, VA",NA,0.00390625,0.060240964,418
419,Distichlis spicata,Distichlis spicata,Grass,EFNative,6,"MA, MD, NJ","CO, ID, MT, OR, WA, WY, IL, IA, KS, MN, MO, ND, NE, OK, SD, WI, CT, ME, MA, NH, NJ, NY, OH, PA, RI, AZ, CA, NV, UT, NM, TX, AL, DE, FL, GA, LA, MD, MS, NC, SC, VA",NA,0.00390625,0.060240964,419
420,Eleocharis obtusa,Eleocharis obtusa,Grass,EFNative,6,"MD, PA, NJ, VA","CO, ID, OR, WA, WY, IL, IA, MN, MO, NE, OK, SD, WI, CT, IN, ME, MA, MI, NH, NJ, NY, OH, PA, RI, VT, WV, CA, NV, NM, TX, AL, AR, DE, FL, GA, KY, LA, MD, MS, NC, SC, TN, VA",NA,0.00390625,0.060240964,420
421,Glyceria striata,Glyceria striata,Grass,EFNative,6,"MD, VA, PA, MA, NJ","AK, CO, ID, MT, OR, WA, WY, IL, IA, KS, MN, MO, ND, NE, OK, SD, WI, CT, IN, ME, MA, MI, NH, NJ, NY, OH, PA, RI, VT, WV, AZ, CA, NV, UT, NM, TX, AL, AR, DE, FL, GA, KY, LA, MD, MS, NC, SC, TN, VA",NA,0.00390625,0.060240964,421
422,Hydrangea barbara,Hydrangea barbara,Vine,EFNative,6,"VA, PA, OH","AL, AR, DE, FL, GA, KY, LA, MS, NC, SC, TN, VA",NA,0.00390625,0.060240964,422
423,Hypericum densiflorum,Hypericum densiflorum,Shrub,EFNative,6,"MD, PA, VA","MA, NJ, NY, PA, WV, AL, DE, GA, KY, LA, MD, NC, SC, TN, VA",NA,0.00390625,0.060240964,423
424,Lespedeza capitata,Lespedeza capitata,Forb/herb,EFNative,6,"PA, MD, VA, CT","IL, IA, KS, MN, NE, OK, WI, IN, MA, MI, NY, PA, VT, WV, AL, AR, FL, GA, KY, LA, MD, MS, NC, SC, TN, VA",NA,0.00390625,0.060240964,424
425,Penstemon laevigatus,Penstemon laevigatus,Forb/herb,EFNative,6,"VA, NJ, MD","CT, MA, NJ, OH, PA, WV, AL, DE, FL, GA, KY, LA, MD, MS, NC, SC, TN, VA",NA,0.00390625,0.060240964,425
426,Thalictrum coriaceum,Thalictrum coriaceum,Forb/herb,EFNative,6,"PA, MA, NJ, VA","PA, WV, KY, MD, NC, TN, VA",NA,0.00390625,0.060240964,426
427,Liriodendron tulipifera,Liriodendron tulipifera,Tree,EFNative,121,"OH, DE, MA, MD, KY, NY, NJ, RI, PA, VA, CT, VT, NH, ME","IL, MO, CT, IN, MA, MI, NJ, NY, OH, PA, RI, VT, WV, AL, AR, DE, FL, GA, KY, LA, MD, MS, NC, SC, TN, VA",NA,0.34375,0.397590361,427
428,Gelsemium sempervirens,Gelsemium sempervirens,Shrub,EFNative,19,"MD, PA, RI, CT, VA","TX, AL, AR, FL, GA, LA, MS, NC, SC, TN, VA",NA,0.04296875,0.096385542,428
429,Pycnanthemum flexuosum,Pycnanthemum flexuosum,Forb/herb,EFNative,19,"RI, MD, VA, PA, DE, NJ, MA","AL, FL, GA, MS, NC, SC, VA",NA,0.04296875,0.096385542,429
430,Calycanthus floridus,Calycanthus floridus,Shrub,EFNative,64,"OH, MD, NJ, PA, CT, ME, MA, VA, DE, VT, NY, NH","PA, WV, AL, FL, GA, KY, MS, NC, SC, TN, VA",NA,0.17578125,0.228915663,430
431,Juglans cinerea,Juglans cinerea,Tree,EFNative,15,"MD, VA, PA, VT, ME, OH","IL, IA, MN, MO, WI, CT, IN, ME, MA, MI, NH, NJ, NY, OH, PA, RI, VT, WV, AL, AR, DE, GA, KY, MD, MS, NC, SC, TN, VA",NA,0.03125,0.084337349,431
432,Athyrium asplenioides,Athyrium asplenioides,Forb/herb,EFNative,11,"MA, NJ, MD, VA, DE, PA","IL, KS, MO, OK, CT, IN, MA, NJ, NY, OH, PA, RI, WV, TX, AL, AR, DE, FL, GA, KY, LA, MD, MS, NC, SC, TN, VA",NA,0.01953125,0.072289157,432
433,Silene regia,Silene regia,Forb/herb,EFNative,11,"MA, MD, PA, OH, NJ, VA, VT","IL, KS, MO, IN, OH, AL, AR, GA, KY, TN",NA,0.01953125,0.072289157,433
434,Carex scoparia,Carex scoparia,Grass,EFNative,7,"NJ, MA, MD, PA","CO, ID, MT, OR, WA, IL, IA, KS, MN, MO, NE, OK, SD, WI, CT, IN, ME, MA, MI, NH, NJ, NY, OH, PA, RI, VT, WV, AZ, CA, NM, AL, AR, DE, GA, KY, MD, MS, NC, SC, TN, VA",NA,0.0078125,0.060240964,434
435,Quercus montana,Quercus montana,Tree,EFNative,7,"PA, NY, VA, MD","IL, MO, CT, IN, ME, MA, MI, NH, NJ, NY, OH, PA, RI, VT, WV, AL, DE, GA, KY, MD, MS, NC, SC, TN, VA",NA,0.0078125,0.060240964,435
436,Scrophularia marilandica,Scrophularia marilandica,Forb/herb,EFNative,7,"PA, NH, RI, NJ, VA","IL, IA, KS, MN, MO, NE, OK, SD, WI, CT, IN, ME, MA, MI, NH, NJ, NY, OH, PA, RI, VT, WV, TX, AL, AR, DE, FL, GA, KY, LA, MD, MS, NC, SC, TN, VA",NA,0.0078125,0.060240964,436
437,Thalictrum dasycarpum,Thalictrum dasycarpum,Forb/herb,EFNative,7,"MA, PA, RI, OH, NJ","CO, ID, MT, WY, IL, IA, KS, MN, MO, ND, NE, OK, SD, WI, IN, MI, NY, OH, PA, AZ, UT, NM, TX, AL, AR, KY, LA, MS, TN",NA,0.0078125,0.060240964,437
438,Waldsteinia fragarioides,Waldsteinia fragarioides,Forb/herb,EFNative,28,"DE, MA, RI, PA, MD, ME, VA, NH, WV, NJ, NY, CT, OH","IL, MN, MO, WI, CT, IN, ME, MA, MI, NH, NJ, NY, OH, PA, VT, WV, AL, GA, KY, MD, NC, SC, TN, VA",NA,0.0703125,0.120481928,438
439,Crataegus phaenopyrum,Crataegus phaenopyrum,Shrub,EFNative,20,"MD, NJ, MA, NY, ME, PA, OH, VA","MT, WA, IL, IN, MI, OH, PA, WV, AL, AR, DE, FL, GA, KY, LA, MD, MS, NC, SC, TN, VA",NA,0.046875,0.096385542,439
440,Meehania cordata,Meehania cordata,Forb/herb,EFNative,20,"DE, NY, RI, PA, VA, MD, ME, NH, MA, WV","PA, KY, NC, TN, VA",NA,0.046875,0.096385542,440
441,Rhododendron canescens,Rhododendron canescens,Shrub,EFNative,12,"VA, PA, NJ, DE, MD, NH, MA","IL, OK, TX, AL, AR, FL, GA, KY, LA, MS, NC, SC, TN",NA,0.0234375,0.072289157,441
442,Symphyotrichum oolentangiense,Symphyotrichum oolentangiense,Forb/herb,EFNative,12,"MA, MD, NJ, PA, VA, VT","IL, IA, KS, MN, MO, NE, OK, SD, WI, IN, MI, NY, OH, PA, TX, AL, AR, FL, GA, KY, LA, MS, TN",NA,0.0234375,0.072289157,442
443,Thelypteris palustris,Thelypteris palustris,Forb/herb,EFNative,12,"MD, MA, PA, DE, VA, OH","IL, IA, KS, MN, MO, ND, NE, OK, SD, WI, CT, IN, ME, MA, MI, NH, NJ, NY, OH, PA, RI, VT, WV, TX, AL, AR, DE, FL, GA, KY, LA, MD, MS, NC, SC, TN, VA",NA,0.0234375,0.072289157,443
444,Carex bicknellii,Carex bicknellii,Grass,EFNative,8,"PA, MD, MA, WV, NJ","IL, IA, KS, MN, MO, ND, NE, SD, WI, CT, IN, ME, MA, MI, NJ, NY, OH, PA, RI, VT, AR, DE, SC",NA,0.01171875,0.060240964,444
445,Elymus canadensis,Elymus canadensis,Grass,EFNative,8,"MA, MD, PA, VA, NJ","AK, CO, ID, MT, OR, WA, WY, IL, IA, KS, MN, MO, ND, NE, OK, SD, WI, CT, IN, ME, MA, MI, NH, NJ, NY, OH, PA, RI, VT, WV, AZ, CA, NV, UT, NM, TX, AL, AR, DE, GA, KY, MD, NC, SC, TN, VA",NA,0.01171875,0.060240964,445
446,Gillenia stipulata,Gillenia stipulata,Forb/herb,EFNative,8,"MA, PA, WV, NJ","IL, KS, MO, OK, IN, MI, NY, OH, PA, WV, TX, AL, AR, GA, KY, LA, MD, MS, NC, TN, VA",NA,0.01171875,0.060240964,446
447,Lilium canadense,Lilium canadense,Forb/herb,EFNative,8,"RI, PA, CT, VA, VT","CT, ME, MA, NH, NJ, NY, OH, PA, RI, VT, WV, AL, DE, GA, KY, MD, NC, SC, TN, VA",NA,0.01171875,0.060240964,447
448,Solidago ulmifolia,Solidago ulmifolia,Forb/herb,EFNative,8,"ME, PA, VA, WV, NJ","IL, IA, KS, MN, MO, NE, OK, WI, CT, IN, ME, MA, MI, NH, NJ, NY, OH, PA, WV, TX, AL, AR, DE, FL, GA, KY, LA, MD, MS, SC, TN, VA",NA,0.01171875,0.060240964,448
449,Agalinis purpurea,Agalinis purpurea,Forb/herb,EFNative,4,"PA, VA","IL, IA, KS, MN, MO, NE, WI, CT, IN, ME, MA, MI, NH, NJ, NY, OH, PA, RI, VT, WV, TX, AL, AR, DE, FL, GA, KY, LA, MD, MS, NC, SC, TN, VA",NA,0,0.048192771,449
450,Agrimonia parviflora,Agrimonia parviflora,Forb/herb,EFNative,4,"MD, VA, NJ","IL, IA, KS, MO, ND, NE, OK, SD, WI, CT, IN, MA, MI, NJ, NY, OH, PA, WV, NM, TX, AL, AR, DE, GA, KY, LA, MD, MS, NC, SC, TN, VA",NA,0,0.048192771,450
451,Amphicarpaea bracteata,Amphicarpaea bracteata,Forb/herb,EFNative,4,"PA, CT","IL, IA, KS, MN, MO, ND, NE, OK, SD, WI, CT, IN, ME, MA, MI, NH, NJ, NY, OH, PA, RI, VT, WV, TX, AL, AR, DE, FL, GA, KY, LA, MD, MS, NC, SC, TN, VA",NA,0,0.048192771,451
452,Cirsium pumilum,Cirsium pumilum,Forb/herb,EFNative,4,"PA, MA, VA, MD","IL, IA, MN, WI, CT, IN, ME, MA, MI, NH, NJ, NY, OH, PA, RI, VT, WV, DE, MD, NC, SC, VA",NA,0,0.048192771,452
453,Cunila origanoides,Cunila origanoides,Forb/herb,EFNative,4,"VA, PA, NJ","IL, KS, MO, OK, IN, NJ, NY, OH, PA, WV, TX, AL, AR, DE, FL, GA, KY, MD, NC, SC, TN, VA",NA,0,0.048192771,453
454,Cuphea viscosissima,Cuphea viscosissima,Forb/herb,EFNative,4,"PA, MD, NJ","IL, IA, KS, MO, NE, OK, CT, IN, MA, NH, NJ, NY, OH, PA, VT, WV, TX, AL, AR, DE, FL, GA, KY, LA, MD, MS, NC, SC, TN, VA",NA,0,0.048192771,454
455,Geum canadense,Geum canadense,Forb/herb,EFNative,4,"PA, VA, NJ, MA","MT, WY, IL, IA, KS, MN, MO, ND, NE, OK, SD, WI, CT, IN, ME, MA, MI, NH, NJ, NY, OH, PA, RI, VT, WV, TX, AL, AR, DE, GA, KY, LA, MD, MS, NC, SC, TN, VA",NA,0,0.048192771,455
456,Glyceria canadensis,Glyceria canadensis,Grass,EFNative,4,"MD, MA, NJ","OR, WA, IL, MN, WI, CT, IN, ME, MA, MI, NH, NJ, NY, OH, PA, RI, VT, WV, DE, MD, NC, TN, VA",NA,0,0.048192771,456
457,Homalosorus pycnocarpos,Homalosorus pycnocarpos,Forb/herb,EFNative,4,"PA, VA","IL, IA, KS, MN, MO, WI, CT, IN, MA, MI, NH, NJ, NY, OH, PA, VT, WV, AL, AR, DE, GA, KY, LA, MD, MS, NC, SC, TN, VA",NA,0,0.048192771,457
458,Lonicera canadensis,Lonicera canadensis,Shrub,EFNative,4,"CT, PA","IL, IA, MN, WI, CT, IN, ME, MA, MI, NH, NJ, NY, OH, PA, VT, WV, GA, MD, NC, TN, VA",NA,0,0.048192771,458
459,Malus coronaria,Malus coronaria,Shrub,EFNative,4,"MD, VA, PA","IL, KS, MO, WI, IN, MI, NJ, NY, OH, PA, WV, AL, AR, DE, GA, KY, LA, MD, NC, SC, TN, VA",NA,0,0.048192771,459
460,Nabalus altissimus,Nabalus altissimus,Forb/herb,EFNative,4,"MA, PA, VA","IL, MO, OK, CT, IN, ME, MA, MI, NH, NJ, NY, OH, PA, RI, VT, WV, TX, AL, AR, DE, GA, KY, LA, MD, NC, SC, TN, VA",NA,0,0.048192771,460
461,Oenothera gaura,Oenothera gaura,Forb/herb,EFNative,4,"VA, PA, NJ","IL, IA, MN, WI, CT, IN, MA, MI, NJ, NY, OH, PA, VT, WV, DE, KY, MD, NC, TN, VA",NA,0,0.048192771,461
462,Oenothera perennis,Oenothera perennis,Forb/herb,EFNative,4,"PA, CT","IL, IA, MN, MO, NE, WI, CT, IN, ME, MA, MI, NH, NY, OH, PA, RI, VT, WV, DE, KY, MD, NC, SC, TN, VA",NA,0,0.048192771,462
463,Osmorhiza claytonii,Osmorhiza claytonii,Forb/herb,EFNative,4,"VA, PA","IL, IA, KS, MN, MO, ND, NE, SD, WI, CT, IN, ME, MA, MI, NH, NJ, NY, OH, PA, RI, VT, WV, AL, AR, DE, GA, KY, MD, NC, SC, TN, VA",NA,0,0.048192771,463
464,Potentilla simplex,Potentilla simplex,Forb/herb,EFNative,4,"PA, VA","IL, IA, KS, MN, MO, NE, OK, WI, CT, IN, ME, MA, MI, NH, NJ, NY, OH, PA, RI, VT, WV, TX, AL, AR, DE, GA, KY, LA, MD, MS, NC, SC, TN, VA",NA,0,0.048192771,464
465,Pseudognaphalium obtusifolium,Pseudognaphalium obtusifolium,Forb/herb,EFNative,4,"MA, PA","IL, IA, KS, MN, MO, NE, OK, WI, CT, IN, ME, MA, MI, NH, NY, OH, PA, RI, VT, WV, TX, AL, AR, DE, FL, GA, KY, LA, MD, NC, SC, TN, VA",NA,0,0.048192771,465
466,Quercus stellata,Quercus stellata,Tree,EFNative,4,"PA, VA","IL, IA, KS, MO, OK, CT, IN, MA, NJ, NY, OH, PA, RI, WV, TX, AL, AR, DE, FL, GA, KY, LA, MD, MS, NC, SC, TN, VA",NA,0,0.048192771,466
467,Salix exigua,Salix exigua,Shrub,EFNative,4,"MA, PA","CO, ID, MT, OR, WA, WY, NE, OK, AZ, CA, NV, UT, NM, TX, KY, TN",NA,0,0.048192771,467
468,Schoenoplectus tabernaemontani,Schoenoplectus tabernaemontani,Grass,EFNative,4,"MD, PA, NJ","AK, CO, ID, MT, OR, WA, WY, IL, IA, KS, MN, MO, ND, NE, OK, SD, WI, CT, IN, ME, MA, MI, NH, NJ, NY, OH, PA, RI, VT, WV, AZ, CA, NV, UT, NM, TX, AL, AR, DE, FL, GA, KY, LA, MD, MS, NC, SC, TN, VA",NA,0,0.048192771,468
469,Solidago altissima,Solidago altissima,Forb/herb,EFNative,4,"VA, NJ","CO, MT, WY, IL, IA, KS, MN, MO, ND, NE, OK, SD, WI, CT, IN, ME, MA, MI, NH, NJ, NY, OH, PA, RI, VT, WV, AZ, CA, UT, NM, TX, AL, AR, DE, FL, GA, KY, LA, MD, MS, SC, TN, VA",NA,0,0.048192771,469
470,Solidago erecta,Solidago erecta,Forb/herb,EFNative,4,"MD, VA","CT, IN, MA, NJ, NY, OH, PA, WV, AL, DE, GA, KY, MD, MS, NC, SC, TN, VA",NA,0,0.048192771,470
471,Solidago uliginosa,Solidago uliginosa,Forb/herb,EFNative,4,"PA, MD, CT, MA","IL, MN, WI, CT, IN, ME, MI, NH, NY, PA, VT, WV, AL, DE, GA, MD, NC, TN, VA",NA,0,0.048192771,471
472,Tephrosia virginiana,Tephrosia virginiana,Forb/herb,EFNative,4,"CT, PA, VA","IL, IA, KS, MN, MO, OK, WI, CT, IN, ME, MA, MI, NJ, NY, OH, PA, WV, TX, AL, AR, FL, GA, KY, LA, MD, MS, NC, SC, TN, VA",NA,0,0.048192771,472
473,Tripsacum dactyloides,Tripsacum dactyloides,Grass,EFNative,4,"MD, VA, PA","IL, IA, KS, MO, NE, OK, CT, IN, MA, MI, NJ, NY, OH, PA, RI, WV, TX, AL, AR, DE, FL, GA, KY, LA, MD, MS, NC, SC, TN, VA",NA,0,0.048192771,473
474,Viola lanceolata,Viola lanceolata,Forb/herb,EFNative,4,"PA, CT, VA, NJ","IL, IA, MN, MO, NE, OK, WI, CT, IN, ME, MA, MI, NH, NJ, NY, OH, PA, RI, VT, WV, TX, AL, AR, DE, FL, GA, KY, MD, NC, SC, TN, VA",NA,0,0.048192771,474
475,Viola sagittata,Viola sagittata,Forb/herb,EFNative,4,"VA, CT, PA","IL, IA, KS, MN, MO, OK, WI, CT, IN, ME, MA, MI, NJ, NY, OH, PA, RI, WV, TX, AL, AR, DE, GA, KY, LA, MD, MS, NC, SC, TN, VA",NA,0,0.048192771,475
476,Zanthoxylum americanum,Zanthoxylum americanum,Shrub,EFNative,4,"PA, MA","IL, IA, KS, MN, MO, ND, NE, OK, SD, WI, CT, IN, ME, MA, MI, NH, NJ, NY, OH, PA, RI, VT, WV, TX, AL, AR, DE, FL, GA, KY, LA, MD, NC, SC, TN, VA",NA,0,0.048192771,476
477,Robinia pseudoacacia,Robinia pseudoacacia,Tree,EFNative,33,"OH, MD, MA, NJ, PA, VA, ME, VT, NY","IL, PA, VT, AL, GA, KY, MD, TN","MA, ME, MN, NY, WI",0.0859375,0.13253012,477
478,Trillium erectum,Trillium erectum,Forb/herb,EFNative,17,"RI, CT, ME, DE, PA, VA, OH, VT, WV","IL, CT, IN, ME, MA, MI, NH, NJ, NY, OH, PA, RI, VT, WV, DE, GA, KY, MD, NC, SC, TN, VA",NA,0.0390625,0.084337349,478
479,Hydrastis canadensis,Hydrastis canadensis,Forb/herb,EFNative,13,"PA, MA, CT, VA, VT, WV","IL, IA, MN, MO, WI, CT, IN, MA, MI, NJ, NY, OH, PA, VT, WV, AL, AR, DE, GA, KY, MD, MS, NC, TN, VA",NA,0.02734375,0.072289157,479
480,Magnolia macrophylla,Magnolia macrophylla,Tree,EFNative,13,"KY, CT, PA, DE, VA, OH, MD, ME","OH, AL, AR, GA, KY, LA, MS, NC, SC, TN, VA",NA,0.02734375,0.072289157,480
481,Camassia scilloides,Camassia scilloides,Forb/herb,EFNative,9,"MD, PA, DE, VT, VA, WV, OH","IL, IA, KS, MO, OK, WI, IN, MI, OH, PA, WV, TX, AL, AR, GA, KY, LA, MD, MS, SC, TN, VA",NA,0.015625,0.060240964,481
482,Sorbus americana,Sorbus americana,Shrub,EFNative,9,"CT, PA, MD, ME","IL, MN, WI, CT, ME, MA, MI, NH, NJ, NY, PA, RI, VT, WV, GA, MD, NC, SC, TN, VA",NA,0.015625,0.060240964,482
483,Trillium recurvatum,Trillium recurvatum,Forb/herb,EFNative,9,"ME, PA, CT, VA, OH, WV","IL, IA, MO, WI, IN, MI, NY, OH, TX, AL, AR, KY, LA, MS, TN",NA,0.015625,0.060240964,483
484,Viola pubescens,Viola pubescens,Forb/herb,EFNative,9,"RI, MD, VA, PA, WV","WY, IL, IA, KS, MN, MO, ND, NE, OK, SD, WI, CT, IN, ME, MA, MI, NH, NJ, NY, OH, PA, RI, VT, WV, TX, AL, AR, DE, KY, LA, MD, NC, TN, VA",NA,0.015625,0.060240964,484
485,Acer spicatum,Acer spicatum,Shrub,EFNative,5,"MD, CT, PA, ME","IL, IA, MN, WI, IN, MI, NY, OH, PA, VT, GA, KY, MD, TN",NA,0.00390625,0.048192771,485
486,Angelica atropurpurea,Angelica atropurpurea,Forb/herb,EFNative,5,"MA, CT, PA, RI, NJ","IL, IA, MN, WI, CT, IN, ME, MA, MI, NH, NJ, NY, OH, PA, RI, VT, WV, DE, KY, MD, NC, TN",NA,0.00390625,0.048192771,486
487,Decodon verticillatus,Decodon verticillatus,Shrub,EFNative,5,"CT, PA, VA, MD","IL, IA, MN, MO, WI, CT, IN, ME, MA, MI, NH, NJ, NY, OH, PA, RI, VT, WV, TX, AL, AR, DE, FL, GA, KY, LA, MD, MS, NC, SC, TN, VA",NA,0.00390625,0.048192771,487
488,Iris fulva,Iris fulva,Forb/herb,EFNative,5,"PA, MA, MD","IL, MO, AL, AR, KY, LA, MS, TN",NA,0.00390625,0.048192771,488
489,Leersia oryzoides,Leersia oryzoides,Grass,EFNative,5,"MD, MA, PA","CO, ID, MT, OR, WA, WY, IL, IA, KS, MN, MO, ND, NE, OK, SD, WI, CT, IN, ME, MA, MI, NH, NJ, NY, OH, PA, RI, VT, WV, AZ, CA, NV, UT, NM, TX, AL, AR, DE, FL, GA, KY, LA, MD, MS, NC, SC, TN, VA",NA,0.00390625,0.048192771,489
490,Lyonia ligustrina,Lyonia ligustrina,Shrub,EFNative,5,"CT, ME, MA, VA","OK, CT, ME, MA, NH, NJ, NY, OH, PA, RI, VT, WV, TX, AL, AR, DE, FL, GA, KY, LA, MD, MS, NC, SC, TN, VA",NA,0.00390625,0.048192771,490
491,Oxalis violacea,Oxalis violacea,Forb/herb,EFNative,5,"DE, VA, PA","IL, IA, KS, MN, MO, ND, NE, OK, SD, WI, CT, IN, MA, MI, NJ, NY, OH, PA, RI, VT, WV, TX, AL, AR, DE, FL, GA, KY, LA, MD, MS, NC, SC, TN, VA",NA,0.00390625,0.048192771,491
492,Penthorum sedoides,Penthorum sedoides,Forb/herb,EFNative,5,"MD, PA, NJ, VA","IL, IA, KS, MN, MO, ND, NE, OK, SD, WI, CT, IN, ME, MA, MI, NH, NJ, NY, OH, PA, RI, VT, WV, TX, AL, AR, DE, FL, GA, KY, LA, MD, MS, NC, SC, TN, VA",NA,0.00390625,0.048192771,492
493,Solidago gigantea,Solidago gigantea,Forb/herb,EFNative,5,"MD, MA, PA, ME, NJ","CO, ID, MT, OR, WA, WY, IL, IA, KS, MN, MO, ND, NE, OK, SD, WI, CT, IN, ME, MA, MI, NH, NJ, NY, OH, PA, RI, VT, WV, NV, TX, AL, AR, DE, FL, GA, KY, LA, MD, MS, NC, SC, TN, VA",NA,0.00390625,0.048192771,493
494,Symplocarpus foetidus,Symplocarpus foetidus,Forb/herb,EFNative,5,"CT, PA, VA, WV","IL, IA, MN, WI, CT, IN, ME, MA, MI, NH, NJ, NY, OH, PA, RI, VT, WV, DE, KY, MD, NC, TN, VA",NA,0.00390625,0.048192771,494
495,Betula populifolia,Betula populifolia,Tree,EFNative,46,"MD, NY, NJ, MA, PA, RI, VT, OH, CT, ME, DE, NH, VA","IL, CT, IN, ME, MA, NH, NJ, NY, OH, PA, RI, VT, DE, MD, NC, SC, VA",NA,0.125,0.168674699,495
496,Aristolochia macrophylla,Aristolochia macrophylla,Vine,EFNative,30,"OH, NY, PA, MA, ME, DE, VA, VT, NH, NJ","NY, PA, VT, WV, GA, KY, MD, NC, SC, TN, VA",NA,0.078125,0.120481928,496
497,Echinacea paradoxa,Echinacea paradoxa,Forb/herb,EFNative,26,"MD, MA, DE, VT, VA, CT, PA, RI, ME, OH","MO, OK, TX, AR",NA,0.06640625,0.108433735,497
498,Phlox glaberrima,Phlox glaberrima,Forb/herb,EFNative,22,"PA, CT, OH, MD, DE, VA, NJ, VT, NH, WV","IL, MO, OK, WI, IN, OH, WV, AL, AR, FL, GA, KY, LA, MD, MS, NC, SC, TN, VA",NA,0.0546875,0.096385542,498
499,Phlox paniculata,Phlox paniculata,Forb/herb,EFNative,116,"DE, KY, MA, OH, PA, NY, MD, NH, RI, CT, NJ, VA, ME, VT, WV","WA, IL, IA, KS, MN, MO, NE, OK, CT, IN, ME, MA, MI, NH, NJ, OH, PA, RI, VT, WV, UT, AL, AR, DE, GA, KY, LA, MD, MS, NC, SC, TN, VA",NA,0.33203125,0.373493976,499
500,Quercus lyrata,Quercus lyrata,Tree,EFNative,18,"OH, MD, VA, DE, PA, MA","IL, MO, OK, IN, NJ, TX, AL, AR, DE, FL, GA, KY, LA, MD, MS, NC, SC, TN, VA",NA,0.04296875,0.084337349,500
501,Alnus incana,Alnus incana,Shrub,EFNative,14,"MA, MD, CT, PA, NJ, ME","AK, CO, ID, MT, OR, WA, WY, IL, IA, MN, ND, WI, CT, IN, ME, MA, MI, NH, NJ, NY, OH, PA, RI, VT, WV, AZ, CA, NV, UT, NM, MD, VA",NA,0.03125,0.072289157,501
502,Calamagrostis breviligulata,Calamagrostis breviligulata,Grass,EFNative,14,"NJ, ME, MA, MD, RI, VA","OR, WA, IL, MN, WI, CT, IN, ME, MA, MI, NH, NY, OH, PA, RI, VT, CA, DE, MD, NC, SC, VA",NA,0.03125,0.072289157,502
503,Ratibida columnifera,Ratibida columnifera,Forb/herb,EFNative,14,"MA, NY, MD, PA, VT, OH","CO, MT, WY, IL, IA, KS, MN, MO, ND, NE, OK, SD, WI, IN, MA, NJ, AZ, UT, NM, TX, AR, LA, NC, TN",NA,0.03125,0.072289157,503
504,Quercus bicolor,Quercus bicolor,Tree,EFNative,104,"OH, MA, MD, KY, NJ, PA, VA, NY, VT, CT, ME, DE, RI, NH","IL, IA, KS, MN, MO, WI, CT, IN, ME, MA, MI, NH, NJ, NY, OH, PA, RI, VT, WV, AL, DE, KY, MD, NC, TN, VA",NA,0.296875,0.337349398,504
505,Acer saccharinum,Acer saccharinum,Tree,EFNative,6,"NJ, MD, VA, PA, NH","IL, KS, MN, OK, WI, NY, VT, AL, FL, KY, MD, TN",NA,0.0078125,0.048192771,505
506,Adlumia fungosa,Adlumia fungosa,Forb/herb,EFNative,6,"MA, PA, DE, RI","MN, WI, CT, IN, ME, MA, MI, NH, NJ, NY, OH, PA, RI, VT, WV, DE, KY, MD, NC, TN, VA",NA,0.0078125,0.048192771,506
507,Chamaelirium luteum,Chamaelirium luteum,Forb/herb,EFNative,6,"DE, VA, PA, WV","IL, CT, IN, MA, MI, NJ, NY, OH, PA, WV, AL, AR, DE, FL, GA, KY, LA, MD, MS, NC, SC, TN, VA",NA,0.0078125,0.048192771,507
508,Epigaea repens,Epigaea repens,Shrub,EFNative,6,"VA, RI, VT, NH","IL, IA, MN, WI, CT, IN, ME, MA, MI, NH, NJ, NY, OH, PA, RI, VT, WV, AL, DE, FL, GA, KY, MD, MS, NC, SC, TN, VA",NA,0.0078125,0.048192771,508
509,Penstemon pallidus,Penstemon pallidus,Forb/herb,EFNative,6,"VA, MD, PA","IL, IA, KS, MN, MO, WI, CT, IN, ME, MA, MI, NH, NJ, NY, OH, PA, RI, VT, WV, AL, AR, GA, KY, MD, NC, TN, VA",NA,0.0078125,0.048192771,509
510,Scutellaria ovata,Scutellaria ovata,Forb/herb,EFNative,6,"DE, PA, VA","IL, IA, KS, MN, MO, OK, WI, IN, OH, WV, TX, AL, AR, GA, KY, LA, MD, MS, NC, SC, TN, VA",NA,0.0078125,0.048192771,510
511,Sporobolus michauxianus,Sporobolus michauxianus,Grass,EFNative,6,"MD, CT, PA, NJ","CO, ID, MT, OR, WA, WY, IL, IA, KS, MN, MO, ND, NE, OK, SD, WI, CT, IN, ME, MA, MI, NH, NJ, NY, OH, PA, RI, VT, WV, UT, NM, TX, AR, DE, KY, LA, MD, NC, TN, VA",NA,0.0078125,0.048192771,511
512,Symphyotrichum firmum,Symphyotrichum firmum,Forb/herb,EFNative,6,"MD, NJ, VA","IA, MN, MO, NE, MI, NY",NA,0.0078125,0.048192771,512
513,Trichostema dichotomum,Trichostema dichotomum,Forb/herb,EFNative,6,"NY, VA, PA","IL, CT, IN, ME, MA, MI, NH, NJ, NY, OH, PA, RI, VT, WV, TX, AL, AR, DE, GA, KY, LA, MD, MS, NC, SC, TN, VA",NA,0.0078125,0.048192771,513
514,Juglans nigra,Juglans nigra,Tree,EFNative,47,"OH, MD, NJ, ME, VA, CT, VT, PA, DE, NY, MA, NH","IL, IA, KS, MN, MO, NE, OK, SD, WI, CT, IN, MA, MI, NJ, NY, OH, PA, RI, WV, TX, AL, AR, DE, FL, GA, KY, LA, MD, MS, NC, SC, TN, VA",NA,0.12890625,0.168674699,514
515,Franklinia alatamaha,Franklinia alatamaha,Shrub,EFNative,39,"KY, NJ, PA, MA, CT, ME, OH, MD, DE, VA, NH",GA,NA,0.10546875,0.144578313,515
516,Filipendula rubra,Filipendula rubra,Forb/herb,EFNative,35,"MA, OH, NY, RI, MD, PA, CT, ME, DE, VT, VA, NJ, NH","IL, IA, MN, MO, WI, IN, MI, OH, PA, VT, KY, MD, MS, NC, VA",NA,0.09375,0.13253012,516
517,Populus tremuloides,Populus tremuloides,Tree,EFNative,27,"OH, KY, NY, PA, MD, ME, VT, NH, MA","AK, CO, ID, MT, OR, WA, WY, IL, IA, MN, MO, ND, NE, SD, WI, CT, IN, ME, MA, MI, NH, NJ, NY, OH, PA, RI, VT, WV, AZ, CA, NV, UT, NM, TX, DE, MD, NC, VA",NA,0.0703125,0.108433735,517
518,Pycnanthemum verticillatum,Pycnanthemum verticillatum,Forb/herb,EFNative,15,"VT, RI, MD, PA, DE, NH, OH, MA, ME, CT, VA","IL, IA, KS, MO, NE, OK, CT, MA, MI, NJ, NY, OH, PA, RI, VT, WV, TX, AL, AR, GA, KY, MD, NC, TN, VA",NA,0.03515625,0.072289157,518
519,Muhlenbergia capillaris,Muhlenbergia capillaris,Grass,EFNative,60,"MA, MD, VA, DE, PA, VT, NJ, CT, NY, OH, ME, KY, NH, RI","IL, KS, MO, OK, CT, IN, MA, NJ, NY, OH, PA, WV, TX, AL, AR, DE, FL, GA, KY, LA, MD, MS, NC, SC, TN, VA",NA,0.16796875,0.204819277,519
520,Carex albicans,Carex albicans,Grass,EFNative,11,"PA, VA, NY, MD, DE, NJ","IL, IA, KS, MN, MO, NE, OK, WI, CT, IN, ME, MA, MI, NH, NJ, NY, OH, PA, RI, VT, WV, TX, AL, AR, DE, FL, GA, KY, LA, MD, MS, NC, SC, TN, VA",NA,0.0234375,0.060240964,520
521,Dryopteris intermedia,Dryopteris intermedia,Forb/herb,EFNative,11,"NY, PA, VA, MD, WV, NH","IL, IA, MN, MO, WI, CT, IN, ME, MA, MI, NH, NJ, NY, OH, PA, RI, VT, WV, AL, DE, GA, KY, MD, NC, SC, TN, VA",NA,0.0234375,0.060240964,521
522,Viola walteri,Viola walteri,Forb/herb,EFNative,11,"RI, PA, DE, NY, VA, NH","OH, WV, TX, AL, AR, FL, GA, KY, LA, MS, NC, SC, TN, VA",NA,0.0234375,0.060240964,522
523,Aplectrum hyemale,Aplectrum hyemale,Forb/herb,EFNative,7,"DE, VA, CT, PA, WV","IL, IA, KS, MN, MO, OK, WI, CT, IN, MA, MI, NJ, NY, OH, PA, VT, WV, AL, AR, DE, GA, KY, MD, NC, SC, TN, VA",NA,0.01171875,0.048192771,523
524,Helianthus mollis,Helianthus mollis,Forb/herb,EFNative,7,"PA, ME, VA, OH, NJ, VT","IL, IA, KS, MO, NE, OK, WI, CT, IN, ME, MA, MI, NJ, NY, OH, PA, RI, WV, TX, AL, AR, DE, GA, KY, LA, MD, MS, NC, SC, TN, VA",NA,0.01171875,0.048192771,524
525,Aristida purpurascens,Aristida purpurascens,Grass,EFNative,3,"VA, PA","IL, KS, MO, NE, OK, WI, CT, IN, MA, MI, NJ, NY, OH, PA, RI, WV, TX, AL, AR, DE, FL, GA, KY, LA, MD, MS, NC, SC, TN, VA",NA,0,0.036144578,525
526,Asclepias amplexicaulis,Asclepias amplexicaulis,Forb/herb,EFNative,3,"VA, PA","IL, IA, KS, MN, MO, NE, OK, WI, CT, IN, MA, MI, NH, NJ, NY, OH, PA, RI, VT, WV, TX, AL, AR, DE, FL, GA, KY, LA, MD, MS, NC, SC, TN, VA",NA,0,0.036144578,526
527,Asclepias variegata,Asclepias variegata,Forb/herb,EFNative,3,"PA, VA, RI","IL, MO, OK, CT, IN, NJ, NY, OH, PA, WV, TX, AL, AR, DE, FL, GA, KY, LA, MD, MS, NC, SC, TN, VA",NA,0,0.036144578,527
528,Asclepias viridiflora,Asclepias viridiflora,Forb/herb,EFNative,3,"MD, VA, PA","CO, MT, WY, IL, IA, KS, MN, MO, ND, NE, OK, SD, WI, CT, IN, MI, NJ, NY, OH, PA, WV, AZ, NM, TX, AL, AR, DE, FL, GA, KY, LA, MD, MS, NC, SC, TN, VA",NA,0,0.036144578,528
529,Asplenium rhizophyllum,Asplenium rhizophyllum,Forb/herb,EFNative,3,"PA, MD, VA","IL, IA, KS, MN, MO, OK, WI, CT, IN, ME, MA, MI, NH, NJ, NY, OH, PA, RI, VT, WV, AL, AR, DE, GA, KY, MD, MS, NC, SC, TN, VA",NA,0,0.036144578,529
530,Bidens cernua,Bidens cernua,Forb/herb,EFNative,3,"PA, VT, NJ","AK, CO, ID, MT, OR, WA, WY, IL, IA, KS, MN, MO, NE, OK, SD, WI, CT, IN, ME, MA, MI, NH, NJ, NY, OH, PA, RI, VT, WV, AZ, CA, NV, UT, NM, TX, AL, AR, DE, GA, KY, LA, MD, NC, TN, VA",NA,0,0.036144578,530
531,Chimaphila maculata,Chimaphila maculata,Shrub,EFNative,3,"PA, VA","IL, CT, IN, ME, MA, MI, NH, NJ, NY, OH, PA, RI, VT, WV, AZ, AL, DE, FL, GA, KY, MD, MS, NC, SC, TN, VA",NA,0,0.036144578,531
532,Clematis viorna,Clematis viorna,Vine,EFNative,3,"VA, PA","IL, MO, IN, OH, PA, WV, AL, AR, DE, GA, KY, MD, MS, NC, SC, TN, VA",NA,0,0.036144578,532
533,Commelina virginica,Commelina virginica,Forb/herb,EFNative,3,"VA, PA","IL, KS, MO, OK, IN, NJ, OH, PA, WV, TX, AL, AR, DE, FL, GA, KY, LA, MD, MS, NC, SC, TN, VA",NA,0,0.036144578,533
534,Crataegus mollis,Crataegus mollis,Shrub,EFNative,3,"PA, MD","IL, IA, KS, MN, MO, ND, NE, OK, SD, WI, IN, MI, OH, TX, AL, AR, KY, LA, MS, TN",NA,0,0.036144578,534
535,Cryptotaenia canadensis,Cryptotaenia canadensis,Forb/herb,EFNative,3,"MA, MD","IL, IA, KS, MN, MO, ND, NE, OK, SD, WI, CT, IN, ME, MA, MI, NH, NJ, NY, OH, PA, RI, VT, WV, TX, AL, AR, DE, FL, GA, KY, LA, MD, MS, NC, SC, TN, VA",NA,0,0.036144578,535
536,Epilobium coloratum,Epilobium coloratum,Forb/herb,EFNative,3,"MA, VA","IL, IA, KS, MN, MO, ND, NE, OK, SD, WI, CT, IN, ME, MA, MI, NH, NJ, NY, OH, PA, RI, VT, WV, TX, AL, AR, DE, GA, KY, LA, MD, NC, SC, TN, VA",NA,0,0.036144578,536
537,Hydrophyllum canadense,Hydrophyllum canadense,Forb/herb,EFNative,3,"PA, MD","IL, IA, MO, WI, IN, MA, MI, NJ, NY, OH, PA, VT, WV, AL, GA, KY, MD, NC, SC, TN, VA",NA,0,0.036144578,537
538,Juncus roemerianus,Juncus roemerianus,Grass,EFNative,3,"VA, MD","TX, AL, DE, FL, GA, LA, MD, MS, NC, SC, VA",NA,0,0.036144578,538
539,Lespedeza hirta,Lespedeza hirta,Forb/herb,EFNative,3,"PA, VA, CT","IL, MO, OK, CT, IN, ME, MA, MI, NY, OH, PA, RI, VT, WV, TX, AL, AR, FL, GA, KY, LA, MD, MS, NC, SC, TN, VA",NA,0,0.036144578,539
540,Lilium philadelphicum,Lilium philadelphicum,Forb/herb,EFNative,3,"PA, VA","CO, MT, WY, IL, IA, MN, MO, ND, NE, SD, WI, CT, IN, ME, MA, MI, NH, NJ, NY, OH, PA, RI, VT, WV, NM, TX, DE, GA, KY, MD, NC, SC, TN, VA",NA,0,0.036144578,540
541,Mimulus alatus,Mimulus alatus,Forb/herb,EFNative,3,"MA, MD, NJ","IL, IA, KS, MO, NE, OK, CT, IN, MA, MI, NJ, NY, OH, PA, WV, TX, AL, AR, DE, FL, GA, KY, LA, MD, MS, NC, SC, TN, VA",NA,0,0.036144578,541
542,Monarda media,Monarda media,Forb/herb,EFNative,3,"NH, PA, NJ","IL, IN, ME, MA, NY, OH, PA, DE, GA, KY, MD, NC, VA",NA,0,0.036144578,542
543,Penstemon canescens,Penstemon canescens,Forb/herb,EFNative,3,"VA, NJ","IL, IN, OH, PA, WV, AL, GA, KY, MD, NC, SC, TN, VA",NA,0,0.036144578,543
544,Phaseolus polystachios,Phaseolus polystachios,Forb/herb,EFNative,3,"VA, PA","IL, IA, MO, OK, CT, IN, ME, MI, NJ, NY, OH, PA, WV, TX, AL, AR, DE, FL, GA, KY, LA, MD, MS, NC, SC, TN, VA",NA,0,0.036144578,544
545,Pluchea odorata,Pluchea odorata,Shrub,EFNative,3,"MD, PA, VA","IL, KS, OK, CT, IN, ME, MA, MI, NJ, NY, PA, RI, AZ, CA, NV, UT, NM, TX, AL, AR, DE, FL, GA, LA, MD, MS, NC, SC, VA",NA,0,0.036144578,545
546,Quercus prinoides,Quercus prinoides,Tree,EFNative,3,"PA, VA, MA","IL, IA, MO, OK, CT, IN, MA, MI, NH, NJ, NY, OH, PA, RI, VT, WV, AL, AR, GA, KY, MD, NC, SC, TN, VA",NA,0,0.036144578,546
547,Ribes americanum,Ribes americanum,Shrub,EFNative,3,"CT, MA, PA","CO, MT, WY, IL, IA, MN, MO, ND, NE, SD, WI, CT, IN, ME, MA, MI, NH, NJ, NY, OH, PA, RI, VT, WV, NM, DE, KY, MD, TN, VA",NA,0,0.036144578,547
548,Sabatia kennedyana,Sabatia kennedyana,Forb/herb,EFNative,3,"PA, VA","MA, RI, NC, SC, VA",NA,0,0.036144578,548
549,Salix bebbiana,Salix bebbiana,Shrub,EFNative,3,"MA, ME","AK, CO, ID, MT, OR, WA, WY, IL, IA, MN, ND, NE, SD, WI, CT, IN, ME, MA, MI, NH, NJ, NY, OH, PA, RI, VT, AZ, CA, NV, UT, NM, MD",NA,0,0.036144578,549
550,Salix humilis,Salix humilis,Shrub,EFNative,3,"MA, RI, PA","IL, IA, KS, MN, MO, ND, NE, OK, SD, WI, CT, IN, ME, MA, MI, NH, NJ, NY, OH, PA, RI, VT, WV, TX, AL, AR, DE, FL, GA, KY, LA, MD, MS, NC, SC, TN, VA",NA,0,0.036144578,550
551,Schoenoplectus pungens,Schoenoplectus pungens,Grass,EFNative,3,"PA, MA","CO, ID, MT, OR, WA, WY, IL, IA, KS, MN, MO, ND, NE, OK, WI, CT, IN, ME, MA, MI, NH, NJ, NY, OH, PA, RI, VT, WV, AZ, CA, NV, UT, NM, TX, AL, AR, DE, FL, GA, KY, LA, MD, MS, NC, SC, TN, VA",NA,0,0.036144578,551
552,Scirpus georgianus,Scirpus georgianus,Grass,EFNative,3,"MD, VA, NJ","IL, IA, KS, MN, MO, NE, WI, CT, IN, ME, MA, NH, NJ, NY, OH, PA, RI, VT, WV, TX, AL, AR, GA, KY, LA, MD, NC, SC, TN, VA",NA,0,0.036144578,552
553,Scirpus polyphyllus,Scirpus polyphyllus,Grass,EFNative,3,"MD, PA","IL, MO, CT, IN, MA, NH, NJ, NY, OH, PA, VT, WV, AL, AR, DE, GA, KY, MD, MS, NC, SC, TN, VA",NA,0,0.036144578,553
554,Symphyotrichum lanceolatum,Symphyotrichum lanceolatum,Forb/herb,EFNative,3,"VA, PA, NJ","CO, ID, MT, OR, WA, WY, IL, IA, KS, MN, MO, ND, NE, OK, SD, WI, CT, IN, ME, MA, MI, NH, NJ, NY, OH, PA, RI, VT, WV, AZ, CA, NV, UT, NM, TX, AL, AR, FL, GA, KY, LA, MD, MS, NC, SC, TN, VA",NA,0,0.036144578,554
555,Symphyotrichum pilosum,Symphyotrichum pilosum,Forb/herb,EFNative,3,"MD, VA, MA","IL, IA, KS, MN, MO, NE, OK, SD, WI, CT, IN, ME, MA, MI, NH, NJ, NY, OH, PA, RI, VT, WV, AL, AR, DE, FL, GA, KY, MD, MS, NC, SC, TN, VA",NA,0,0.036144578,555
556,Symphyotrichum racemosum,Symphyotrichum racemosum,Forb/herb,EFNative,3,"VA, CT, MA","IL, IA, MO, OK, WI, CT, IN, ME, MA, NJ, NY, OH, PA, RI, VT, WV, TX, AL, AR, DE, FL, GA, KY, LA, MD, NC, SC, TN, VA",NA,0,0.036144578,556
557,Triodanis perfoliata,Triodanis perfoliata,Forb/herb,EFNative,3,"MA, PA, NJ","CO, ID, MT, OR, WA, WY, IL, IA, KS, MN, MO, ND, NE, OK, SD, WI, CT, IN, ME, MA, MI, NH, NJ, NY, OH, PA, RI, VT, WV, AZ, CA, NV, UT, NM, TX, AL, AR, DE, FL, GA, KY, LA, MD, MS, NC, SC, TN, VA",NA,0,0.036144578,557
558,Verbesina occidentalis,Verbesina occidentalis,Forb/herb,EFNative,3,"MD, VA","IL, MO, OK, OH, WV, TX, AL, DE, FL, GA, KY, MD, MS, NC, SC, TN, VA",NA,0,0.036144578,558
559,Myrica pensylvanica,Myrica pensylvanica,Shrub,EFNative,122,"OH, MA, MD, KY, PA, NH, NJ, RI, CT, ME, NY, VA, DE","CT, ME, MA, NH, NJ, NY, OH, PA, RI, VT, AL, DE, MD, NC, VA",NA,0.3515625,0.385542169,559
560,Aruncus dioicus,Aruncus dioicus,Forb/herb,EFNative,73,"MA, ME, NY, MD, PA, RI, OH, NJ, VA, VT, DE, NH, CT, WV","AK, OR, WA, IL, IA, MO, OK, IN, OH, PA, WV, CA, AL, AR, GA, KY, MD, MS, NC, SC, TN, VA",NA,0.20703125,0.240963855,560
561,Dryopteris goldiana,Dryopteris goldiana,Forb/herb,EFNative,20,"MD, RI, NJ, CT, PA, DE, OH, NH, VA, MA, ME","IL, IA, MN, MO, WI, CT, IN, ME, MA, MI, NH, NJ, NY, OH, PA, RI, VT, WV, AL, AR, DE, GA, KY, MD, NC, SC, TN, VA",NA,0.05078125,0.084337349,561
562,Salvia azurea,Salvia azurea,Forb/herb,EFNative,12,"MA, OH, RI, MD, PA, DE, VT, ME","CO, IL, KS, MO, NE, OK, AZ, NM, TX, AL, AR, FL, GA, KY, LA, MS, SC, TN",NA,0.02734375,0.060240964,562
563,Maianthemum canadense,Maianthemum canadense,Forb/herb,EFNative,8,"RI, MA, CT, PA, DE, VA, WV","MT, WY, IL, IA, MN, ND, NE, SD, WI, CT, IN, ME, MA, MI, NH, NJ, NY, OH, PA, RI, VT, WV, DE, GA, KY, MD, NC, SC, TN, VA",NA,0.015625,0.048192771,563
564,Trillium cuneatum,Trillium cuneatum,Forb/herb,EFNative,8,"VA, RI, PA, VT, WV","AL, GA, KY, MS, NC, SC, TN",NA,0.015625,0.048192771,564
565,Uvularia sessilifolia,Uvularia sessilifolia,Forb/herb,EFNative,8,"ME, VA, CT, RI, WV, NH","IL, IA, MN, MO, ND, OK, WI, CT, IN, ME, MA, MI, NH, NJ, NY, OH, PA, RI, VT, WV, TX, AL, AR, DE, FL, GA, KY, LA, MD, MS, NC, SC, TN, VA",NA,0.015625,0.048192771,565
566,Vernonia fasciculata,Vernonia fasciculata,Forb/herb,EFNative,8,"MA, NH, MD, PA, ME, VT, VA","CO, IL, IA, KS, MN, MO, ND, NE, OK, SD, WI, IN, MA, OH, KY",NA,0.015625,0.048192771,566
567,Ilex verticillata,Ilex verticillata,Shrub,EFNative,151,"OH, MD, KY, CT, NH, NJ, PA, MA, RI, ME, NY, VT, VA, DE","IL, IA, MN, MO, WI, CT, IN, ME, MA, MI, NH, NJ, NY, OH, PA, RI, VT, WV, TX, AL, AR, DE, FL, GA, KY, LA, MD, MS, NC, SC, TN, VA",NA,0.4375,0.469879518,567
568,Anthoxanthum nitens,Anthoxanthum nitens,Grass,EFNative,4,"MA, PA, OH, ME","AK, CO, ID, MT, OR, WA, WY, IL, IA, MN, ND, NE, SD, WI, CT, IN, ME, MA, MI, NH, NJ, NY, OH, PA, RI, VT, WV, AZ, CA, NV, UT, NM, DE, MD, NC",NA,0.00390625,0.036144578,568
569,Bromus pubescens,Bromus pubescens,Grass,EFNative,4,"MA, NJ, VA, PA","CO, WY, IL, IA, KS, MN, MO, ND, NE, OK, SD, WI, CT, IN, ME, MA, MI, NH, NJ, NY, OH, PA, RI, VT, WV, TX, AL, AR, DE, FL, GA, KY, LA, MD, MS, NC, SC, TN, VA",NA,0.00390625,0.036144578,569
570,Cardamine diphylla,Cardamine diphylla,Forb/herb,EFNative,4,"WV, PA, VA","MN, WI, CT, IN, ME, MA, MI, NH, NJ, NY, OH, PA, VT, WV, AL, AR, GA, KY, MD, NC, SC, TN, VA",NA,0.00390625,0.036144578,570
571,Carex frankii,Carex frankii,Grass,EFNative,4,"VA, PA, MD","IL, IA, KS, MO, NE, OK, IN, MI, NJ, NY, OH, PA, WV, NM, AL, AR, DE, GA, KY, MD, NC, SC, TN, VA",NA,0.00390625,0.036144578,571
572,Carex swanii,Carex swanii,Grass,EFNative,4,"VA, PA, NJ","IL, KS, MO, WI, CT, IN, ME, MA, MI, NH, NJ, NY, OH, PA, RI, VT, WV, AL, AR, DE, GA, KY, MD, MS, NC, TN, VA",NA,0.00390625,0.036144578,572
573,Carex typhina,Carex typhina,Grass,EFNative,4,"VA, MD, PA, NJ","IL, IA, MN, MO, OK, WI, CT, IN, ME, MA, MI, NJ, NY, OH, PA, VT, WV, TX, AL, AR, DE, GA, KY, LA, MD, MS, NC, SC, TN, VA",NA,0.00390625,0.036144578,573
574,Dulichium arundinaceum,Dulichium arundinaceum,Grass,EFNative,4,"MA, PA, MD","ID, MT, OR, WA, WY, IL, IA, MN, MO, NE, OK, WI, CT, IN, ME, MA, MI, NH, NJ, NY, OH, PA, RI, VT, WV, CA, TX, AL, AR, DE, FL, GA, KY, LA, MD, MS, NC, SC, TN, VA",NA,0.00390625,0.036144578,574
575,Gentiana alba,Gentiana alba,Forb/herb,EFNative,4,PA,"IL, IA, KS, MN, MO, NE, OK, WI, IN, MI, OH, PA, WV, AR, KY, MD, NC",NA,0.00390625,0.036144578,575
576,Geum rivale,Geum rivale,Forb/herb,EFNative,4,"CT, NJ, ME","CO, MT, WA, WY, IL, MN, ND, SD, WI, MA, MI, NH, NJ, NY, OH, PA, RI, VT, WV, NM, MD",NA,0.00390625,0.036144578,576
577,Myrica heterophylla,Myrica heterophylla,Shrub,EFNative,4,"CT, ME, MA, NH","NJ, NY, PA, TX, AL, AR, FL, GA, LA, MD, MS, NC, SC, VA",NA,0.00390625,0.036144578,577
578,Phacelia bipinnatifida,Phacelia bipinnatifida,Forb/herb,EFNative,4,"DE, PA, NJ","IL, IA, MO, IN, NJ, OH, PA, WV, AL, AR, GA, KY, MD, MS, NC, SC, TN, VA",NA,0.00390625,0.036144578,578
579,Phegopteris hexagonoptera,Phegopteris hexagonoptera,Forb/herb,EFNative,4,"VA, MA","IL, IA, KS, MN, MO, OK, WI, CT, IN, ME, MA, MI, NH, NJ, NY, OH, PA, RI, VT, WV, TX, AL, AR, DE, FL, GA, KY, LA, MD, MS, NC, SC, TN, VA",NA,0.00390625,0.036144578,579
580,Sabatia angularis,Sabatia angularis,Forb/herb,EFNative,4,"MD, VA, PA","IL, KS, MO, OK, WI, CT, IN, MA, MI, NJ, NY, OH, PA, WV, TX, AL, AR, DE, FL, GA, KY, LA, MD, MS, NC, SC, TN, VA",NA,0.00390625,0.036144578,580
581,Salix lucida,Salix lucida,Shrub,EFNative,4,"MD, CT, MA","WA, WY, IL, IA, MN, ND, SD, WI, CT, IN, ME, MA, MI, NH, NJ, NY, OH, PA, RI, VT, WV, UT, TX, DE, MD, SC, TN",NA,0.00390625,0.036144578,581
582,Salix petiolaris,Salix petiolaris,Shrub,EFNative,4,"MA, PA, OH","CO, IL, IA, MN, ND, NE, SD, WI, CT, IN, ME, MA, MI, NH, NJ, NY, OH, PA, VT",NA,0.00390625,0.036144578,582
583,Sarracenia flava,Sarracenia flava,Forb/herb,EFNative,4,"PA, VA","AL, FL, GA, NC, SC, VA",NA,0.00390625,0.036144578,583
584,Sium suave,Sium suave,Forb/herb,EFNative,4,"MD, CT, PA, MA","AK, CO, ID, MT, OR, WA, WY, IL, IA, KS, MN, MO, ND, NE, SD, WI, CT, IN, ME, MA, MI, NH, NJ, NY, OH, PA, RI, VT, WV, AZ, CA, NV, UT, NM, TX, AL, AR, DE, FL, GA, KY, LA, MD, MS, NC, SC, TN, VA",NA,0.00390625,0.036144578,584
585,Sparganium americanum,Sparganium americanum,Forb/herb,EFNative,4,"MD, MA, ME","IL, IA, KS, MN, MO, OK, WI, CT, IN, ME, MA, MI, NH, NJ, NY, OH, PA, RI, VT, WV, TX, AL, AR, DE, FL, GA, KY, LA, MD, MS, NC, SC, TN, VA",NA,0.00390625,0.036144578,585
586,Sparganium eurycarpum,Sparganium eurycarpum,Forb/herb,EFNative,4,"PA, NJ, MD","CO, ID, MT, OR, WA, WY, IL, IA, KS, MN, MO, ND, NE, OK, SD, WI, CT, IN, ME, MA, MI, NH, NJ, NY, OH, PA, RI, VT, WV, AZ, CA, NV, UT, NM, DE, KY, MD, VA",NA,0.00390625,0.036144578,586
587,Ulmus rubra,Ulmus rubra,Tree,EFNative,4,"MD, VA, PA","IL, IA, KS, MN, MO, ND, NE, OK, SD, WI, CT, IN, ME, MA, MI, NH, NJ, NY, OH, PA, VT, WV, TX, AL, AR, DE, FL, GA, KY, LA, MD, MS, NC, SC, TN, VA",NA,0.00390625,0.036144578,587
588,Coreopsis rosea,Coreopsis rosea,Forb/herb,EFNative,37,"OH, NY, MD, PA, RI, NJ, MA, CT, ME, DE, VA, VT","MA, NJ, NY, PA, RI, DE, MD, SC",NA,0.1015625,0.13253012,588
589,Rudbeckia maxima,Rudbeckia maxima,Forb/herb,EFNative,33,"MD, RI, CT, NJ, MA, PA, NY, DE, VA, OH, NH, ME, VT","OK, TX, AR, LA, SC",NA,0.08984375,0.120481928,589
590,Fagus grandifolia,Fagus grandifolia,Tree,EFNative,74,"OH, MD, KY, NJ, MA, NY, PA, RI, VA, NH, DE, VT, ME","IL, MO, OK, WI, CT, IN, ME, MA, MI, NH, NJ, NY, OH, PA, RI, VT, WV, TX, AL, AR, DE, FL, GA, KY, LA, MD, MS, NC, SC, TN, VA",NA,0.2109375,0.240963855,590
591,Rhus typhina,Rhus typhina,Shrub,EFNative,74,"MA, OH, MD, KY, NY, NJ, CT, ME, VA, DE, PA, RI, VT, NH","IL, IA, MN, MO, WI, CT, IN, ME, MA, MI, NH, NJ, NY, OH, PA, RI, VT, WV, AL, DE, GA, KY, MD, MS, NC, SC, TN, VA",NA,0.2109375,0.240963855,591
592,Vaccinium macrocarpon,Vaccinium macrocarpon,Shrub,EFNative,25,"NY, MA, RI, PA, ME, MD, CT, DE, VT, NH","IL, MN, WI, CT, IN, ME, MA, MI, NH, NJ, NY, OH, PA, RI, VT, WV, DE, MD, NC, TN, VA",NA,0.06640625,0.096385542,592
593,Dalea purpurea,Dalea purpurea,Forb/herb,EFNative,21,"MA, NY, MD, RI, OH, NJ, PA, VT, VA, ME","CO, ID, MT, WY, IL, KS, MN, ND, OK, WI, IN, MI, AZ, NM, TX, AL, GA, KY, LA, TN",NA,0.0546875,0.084337349,593
594,Carex woodii,Carex woodii,Grass,EFNative,9,"MD, PA, VA, WV, NJ","IL, IA, MN, WI, IN, MI, NY, OH, PA, WV, GA, KY, MD, NC, SC, TN, VA",NA,0.01953125,0.048192771,594
595,Fraxinus pennsylvanica,Fraxinus pennsylvanica,Tree,EFNative,9,"NJ, VA, PA, MA","CO, MT, WY, IL, IA, KS, MN, MO, ND, NE, OK, SD, WI, CT, IN, ME, MA, MI, NH, NJ, NY, OH, PA, RI, VT, WV, UT, TX, AL, AR, DE, FL, GA, KY, LA, MD, MS, NC, SC, TN, VA",NA,0.01953125,0.048192771,595
596,Hylotelephium telephioides,Hylotelephium telephioides,Forb/herb,EFNative,9,"MD, PA, ME, WV, NH, MA, VA","IL, MN, IN, MI, OH, PA, WV, KY, MD, NC, SC, VA",NA,0.01953125,0.048192771,596
597,Sanguisorba canadensis,Sanguisorba canadensis,Forb/herb,EFNative,9,"MA, PA, ME, VT, NH, NJ","IL, CT, IN, ME, MA, MI, NH, NJ, NY, OH, PA, RI, VT, WV, DE, GA, KY, MD, NC, SC, TN, VA",NA,0.01953125,0.048192771,597
598,Asclepias sullivantii,Asclepias sullivantii,Forb/herb,EFNative,5,"MA, PA, OH, VT","IL, IA, KS, MN, MO, ND, NE, OK, SD, WI, IN, MI, OH, AR",NA,0.0078125,0.036144578,598
599,Carex leavenworthii,Carex leavenworthii,Grass,EFNative,5,"MD, NJ, PA","IL, IA, KS, MO, NE, OK, SD, IN, MI, NJ, NY, OH, PA, WV, TX, AL, AR, FL, GA, KY, LA, MD, MS, NC, SC, TN, VA",NA,0.0078125,0.036144578,599
600,Carex sprengelii,Carex sprengelii,Grass,EFNative,5,"NJ, PA, MD, CT, MA","CO, MT, WY, IL, IA, MN, MO, ND, NE, SD, WI, CT, IN, ME, MA, MI, NH, NJ, NY, PA, VT, NM, DE",NA,0.0078125,0.036144578,600
601,Coreopsis tinctoria,Coreopsis tinctoria,Forb/herb,EFNative,5,"MD, PA, NH, VA","CO, ID, MT, OR, WA, WY, IL, IA, KS, MN, MO, ND, NE, OK, SD, WI, CT, IN, ME, MA, MI, NH, NJ, NY, OH, PA, RI, VT, WV, AZ, CA, NM, TX, AL, AR, DE, FL, GA, KY, LA, MD, MS, NC, SC, TN, VA",NA,0.0078125,0.036144578,601
602,Luzula multiflora,Luzula multiflora,Grass,EFNative,5,"VA, CT, PA, WV","AK, MT, OR, IL, IA, MN, ND, SD, WI, CT, IN, ME, MA, MI, NH, NJ, NY, OH, PA, VT, WV, DE, KY, MD, TN, VA",NA,0.0078125,0.036144578,602
603,Marshallia grandiflora,Marshallia grandiflora,Forb/herb,EFNative,5,"DE, PA, WV, VA",NC,NA,0.0078125,0.036144578,603
604,Medeola virginiana,Medeola virginiana,Forb/herb,EFNative,5,"RI, PA, VA, WV","IL, MO, WI, CT, IN, ME, MA, MI, NH, NJ, NY, OH, PA, RI, VT, WV, AL, DE, FL, GA, KY, LA, MD, MS, NC, SC, TN, VA",NA,0.0078125,0.036144578,604
605,Pteridium aquilinum,Pteridium aquilinum,Forb/herb,EFNative,5,"MD, PA, ME, VA, MA","AL, AZ, AR, CA, CO, CT, DE, FL, GA, ID, IL, IN, IA, KS, KY, LA, ME, MD, MA, MI, MN, MS, MO, MT, NV, NH, NJ, NM, NY, NC, ND, OH, OK, OR, PA, RI, SC, SD, TN, TX, UT, VT, VA, WA, WV, WI, WY",NA,0.0078125,0.036144578,605
606,Rudbeckia subtomentosa,Rudbeckia subtomentosa,Forb/herb,EFNative,42,"KY, NY, MD, NH, RI, CT, PA, VA, ME, DE, VT, OH, WV, NJ","IL, IA, KS, MN, MO, OK, WI, CT, IN, MA, MI, NY, TX, AR, KY, LA, MS, NC, TN",NA,0.1171875,0.144578313,606
607,Kalmia latifolia,Kalmia latifolia,Shrub,EFNative,83,"DE, NY, ME, CT, NJ, MA, RI, MD, PA, VA, OH, NH, VT","CT, IN, ME, MA, NH, NJ, NY, OH, PA, RI, VT, WV, AL, DE, FL, GA, KY, LA, MD, MS, NC, SC, TN, VA",NA,0.23828125,0.265060241,607
608,Rhododendron calendulaceum,Rhododendron calendulaceum,Shrub,EFNative,30,"PA, CT, ME, OH, NJ, DE, NY, MA, VA, MD, NH, VT","NY, OH, PA, WV, AL, GA, KY, MD, NC, SC, TN, VA",NA,0.08203125,0.108433735,608
609,Rhododendron atlanticum,Rhododendron atlanticum,Shrub,EFNative,26,"NY, PA, CT, VA, NH, NJ, DE, MD, MA, ME, VT","PA, DE, GA, MD, NC, SC, VA",NA,0.0703125,0.096385542,609
610,Amsonia tabernaemontana,Amsonia tabernaemontana,Forb/herb,EFNative,71,"MA, KY, NY, MD, NH, RI, PA, CT, ME, NJ, VA, OH, DE, VT, WV","IL, IA, KS, MO, OK, IN, PA, NV, TX, AL, AR, DE, GA, KY, LA, NC, SC, TN, VA",NA,0.203125,0.228915663,610
611,Liatris pycnostachya,Liatris pycnostachya,Forb/herb,EFNative,18,"MA, RI, MD, OH, PA, DE, ME, VA, NJ, VT","IL, IA, KS, MN, MO, ND, NE, OK, SD, WI, IN, MA, MI, NJ, NY, OH, PA, TX, AR, KY, LA, MS",NA,0.046875,0.072289157,611
612,Rhus aromatica,Rhus aromatica,Shrub,EFNative,112,"OH, MD, KY, NY, NJ, PA, MA, RI, CT, ME, VA, DE, VT, NH","IL, IA, KS, MN, MO, NE, OK, SD, WI, CT, IN, MA, MI, NH, NJ, NY, OH, PA, VT, WV, TX, AL, AR, FL, GA, KY, LA, MD, MS, NC, SC, TN, VA",NA,0.32421875,0.34939759,612
613,Aesculus flava,Aesculus flava,Shrub,EFNative,14,"OH, VT, NJ, DE, PA, MD","IL, IN, NJ, OH, PA, WV, AL, GA, KY, MD, NC, SC, TN, VA",NA,0.03515625,0.060240964,613
614,Amorpha canescens,Amorpha canescens,Shrub,EFNative,10,"MA, NJ, VA, PA, DE","CO, MT, WY, IL, IA, KS, MN, MO, ND, NE, OK, SD, WI, IN, MI, AZ, NM, TX, AR, MS",NA,0.0234375,0.048192771,614
615,Allium canadense,Allium canadense,Forb/herb,EFNative,6,"RI, PA, VA, NJ","IL, IA, KS, MN, MO, NE, OK, SD, WI, CT, IN, ME, MA, MI, NH, NJ, NY, OH, PA, RI, VT, WV, TX, AL, AR, DE, FL, GA, KY, LA, MD, MS, NC, SC, TN, VA",MI,0.01171875,0.036144578,615
616,Carex lacustris,Carex lacustris,Grass,EFNative,6,"MA, MD, ME, PA","ID, MT, IL, IA, MN, MO, ND, NE, SD, WI, CT, IN, ME, MA, MI, NH, NJ, NY, OH, PA, RI, VT, WV, AL, DE, KY, MD, VA",NA,0.01171875,0.036144578,616
617,Eleocharis palustris,Eleocharis palustris,Grass,EFNative,6,"MD, PA, MA, ME, VA","AK, CO, ID, MT, OR, WA, WY, IL, IA, KS, MN, MO, ND, NE, OK, SD, WI, CT, IN, ME, MA, MI, NH, NJ, NY, OH, PA, RI, VT, WV, AZ, CA, NV, UT, NM, TX, AL, AR, DE, KY, LA, MD, MS, NC, SC, TN, VA",NA,0.01171875,0.036144578,617
618,Gaillardia pulchella,Gaillardia pulchella,Forb/herb,EFNative,6,"MA, WV, VT, VA","CO, KS, MO, NE, OK, SD, AZ, NM, TX",NA,0.01171875,0.036144578,618
619,Helianthus microcephalus,Helianthus microcephalus,Forb/herb,EFNative,6,"MD, PA, NJ, VA","IL, IA, MN, CT, IN, MI, NJ, OH, PA, WV, AL, AR, FL, GA, KY, LA, MD, MS, NC, SC, TN, VA",NA,0.01171875,0.036144578,619
620,Rhododendron cumberlandense,Rhododendron cumberlandense,Shrub,EFNative,6,"PA, MD, VT","AL, GA, KY, NC, TN, VA",NA,0.01171875,0.036144578,620
621,Silphium integrifolium,Silphium integrifolium,Forb/herb,EFNative,6,"MD, MA, PA, VA","WY, IL, IA, KS, MO, NE, OK, SD, WI, IN, MI, NM, TX, AL, AR, KY, LA, MS, TN",NA,0.01171875,0.036144578,621
622,Andersonglossum virginianum,Andersonglossum virginianum,Forb/herb,EFNative,2,"PA, VA","IL, MO, OK, CT, IN, MI, NJ, NY, OH, PA, VT, WV, TX, AL, AR, DE, FL, GA, KY, LA, MD, MS, NC, SC, TN, VA",NA,0,0.024096386,622
623,Andropogon gyrans,Andropogon gyrans,Grass,EFNative,2,VA,"IL, MO, OK, IN, NJ, OH, PA, WV, TX, AL, AR, DE, FL, GA, KY, LA, MD, MS, NC, SC, TN, VA",NA,0,0.024096386,623
624,Arabidopsis lyrata,Arabidopsis lyrata,Forb/herb,EFNative,2,"MD, PA","AK, WA, IL, IA, MN, MO, WI, CT, IN, MA, MI, NJ, NY, OH, PA, VT, WV, AL, DE, GA, KY, MD, MS, NC, TN, VA",NA,0,0.024096386,624
625,Aristolochia serpentaria,Aristolochia serpentaria,Forb/herb,EFNative,2,VA,"IL, IA, KS, MO, OK, CT, IN, MI, NJ, NY, OH, PA, WV, TX, AL, AR, DE, FL, GA, KY, LA, MD, MS, NC, SC, TN, VA",NA,0,0.024096386,625
626,Bidens frondosa,Bidens frondosa,Forb/herb,EFNative,2,MD,"AK, CO, ID, OR, WA, WY, IL, IA, KS, MN, MO, ND, NE, OK, SD, WI, CT, IN, ME, MA, MI, NH, NJ, NY, OH, PA, RI, VT, WV, AZ, CA, NV, UT, NM, TX, AL, AR, DE, FL, GA, KY, LA, MD, MS, NC, SC, TN, VA",NA,0,0.024096386,626
627,Bolboschoenus robustus,Bolboschoenus robustus,Grass,EFNative,2,"VA, MD","CT, ME, MA, NH, NJ, NY, PA, RI, CA, TX, AL, AR, DE, FL, GA, LA, MD, MS, NC, SC, VA",NA,0,0.024096386,627
628,Calopogon tuberosus,Calopogon tuberosus,Forb/herb,EFNative,2,PA,"IL, IA, MN, MO, OK, WI, CT, IN, ME, MA, MI, NH, NJ, NY, OH, PA, RI, VT, WV, TX, AL, AR, DE, FL, GA, KY, LA, MD, MS, NC, SC, TN, VA",NA,0,0.024096386,628
629,Carex cephalophora,Carex cephalophora,Grass,EFNative,2,"RI, MA","IL, IA, KS, MN, MO, NE, OK, WI, CT, IN, ME, MA, MI, NH, NJ, NY, OH, PA, RI, VT, WV, TX, AL, AR, DE, FL, GA, KY, LA, MD, NC, SC, TN, VA",NA,0,0.024096386,629
630,Carex glaucodea,Carex glaucodea,Grass,EFNative,2,"MD, VA","IL, MO, OK, CT, IN, MA, NH, NJ, NY, OH, PA, VT, WV, TX, AL, AR, DE, KY, LA, MD, MS, NC, SC, TN, VA",NA,0,0.024096386,630
631,Carex muehlenbergii,Carex muehlenbergii,Grass,EFNative,2,"CT, VA","IL, IA, KS, MN, MO, NE, OK, WI, CT, IN, ME, MA, MI, NH, NJ, NY, OH, PA, RI, VT, WV, TX, AL, AR, DE, FL, GA, KY, LA, MD, MS, NC, SC, TN, VA",NA,0,0.024096386,631
632,Carex nigromarginata,Carex nigromarginata,Grass,EFNative,2,VA,"IL, MO, CT, IN, MA, NJ, NY, OH, PA, RI, WV, TX, AL, AR, DE, GA, KY, MD, MS, NC, SC, TN, VA",NA,0,0.024096386,632
633,Cirsium muticum,Cirsium muticum,Forb/herb,EFNative,2,MA,"IL, IA, MN, MO, ND, OK, WI, CT, IN, ME, MA, MI, NH, NJ, NY, OH, PA, RI, VT, WV, TX, AL, AR, DE, FL, GA, KY, LA, MD, NC, SC, TN, VA",NA,0,0.024096386,633
634,Clematis crispa,Clematis crispa,Vine,EFNative,2,VA,"IL, MO, OK, TX, AL, AR, FL, GA, KY, LA, MS, NC, SC, TN, VA",NA,0,0.024096386,634
635,Clematis occidentalis,Clematis occidentalis,Vine,EFNative,2,"PA, VA","CO, ID, MT, OR, WA, WY, IL, IA, MN, WI, CT, ME, MA, MI, NH, NJ, NY, PA, RI, VT, WV, UT, NM, DE, MD, NC, VA",NA,0,0.024096386,635
636,Clematis ochroleuca,Clematis ochroleuca,Forb/herb,EFNative,2,VA,"NJ, NY, GA, MD, NC, SC, VA",NA,0,0.024096386,636
637,Clitoria mariana,Clitoria mariana,Forb/herb,EFNative,2,VA,"IL, IA, KS, NE, OK, SD, WI, IN, ME, NJ, NY, WV, AZ, TX, AL, AR, DE, FL, GA, KY, LA, MD, MS, NC, TN, VA",NA,0,0.024096386,637
638,Coleataenia anceps,Coleataenia anceps,Grass,EFNative,2,"VA, MD","IL, IA, KS, MO, OK, IN, NJ, NY, OH, PA, WV, TX, AL, AR, DE, FL, GA, KY, LA, MD, MS, NC, SC, TN, VA",NA,0,0.024096386,638
639,Cyrilla racemiflora,Cyrilla racemiflora,Shrub,EFNative,2,VA,"TX, AL, DE, FL, GA, LA, MS, NC, SC, VA",NA,0,0.024096386,639
640,Cystopteris fragilis,Cystopteris fragilis,Forb/herb,EFNative,2,"PA, VA","AK, CO, ID, MT, OR, WA, WY, IL, IA, KS, MN, ND, NE, SD, WI, CT, ME, MA, MI, NH, NY, OH, PA, VT, AZ, CA, NV, UT, NM, TX, NC, VA",NA,0,0.024096386,640
641,Desmodium paniculatum,Desmodium paniculatum,Forb/herb,EFNative,2,"VA, MA","IL, MN, OK, IN, ME, MA, NY, OH, PA, VT, WV, TX, AL, AR, DE, FL, GA, KY, LA, MD, MS, NC, SC, TN, VA",NA,0,0.024096386,641
642,Dichanthelium acuminatum,Dichanthelium acuminatum,Grass,EFNative,2,"VA, MD","CT, MA, NH, NJ, NY, PA, RI, VT, WV, TX, AL, AR, DE, FL, GA, LA, MD, MS, NC, SC, VA",NA,0,0.024096386,642
643,Dichanthelium boscii,Dichanthelium boscii,Grass,EFNative,2,"PA, VA","IL, KS, MO, OK, CT, IN, MA, NJ, NY, OH, PA, RI, WV, TX, AL, AR, DE, FL, GA, KY, LA, MD, MS, NC, SC, TN, VA",NA,0,0.024096386,643
644,Doellingeria infirma,Doellingeria infirma,Forb/herb,EFNative,2,"MD, VA","CT, MA, NJ, NY, OH, PA, RI, WV, AL, DE, FL, GA, KY, MD, NC, SC, TN, VA",NA,0,0.024096386,644
645,Elephantopus tomentosus,Elephantopus tomentosus,Forb/herb,EFNative,2,VA,"OK, TX, AL, AR, FL, GA, KY, LA, MD, MS, NC, SC, TN, VA",NA,0,0.024096386,645
646,Erianthus giganteus,Erianthus giganteus,Grass,EFNative,2,"VA, MD","IL, MO, OK, NJ, NY, PA, TX, AL, AR, DE, FL, GA, KY, LA, MD, MS, NC, SC, TN, VA",NA,0,0.024096386,646
647,Gaylussacia frondosa,Gaylussacia frondosa,Shrub,EFNative,2,"PA, VA","CT, MA, NH, NJ, NY, PA, RI, DE, GA, MD, NC, SC, VA",NA,0,0.024096386,647
648,Gentiana saponaria,Gentiana saponaria,Forb/herb,EFNative,2,VA,"IL, OK, WI, IN, MI, NJ, NY, OH, PA, WV, TX, AL, AR, DE, FL, GA, KY, LA, MD, MS, NC, SC, TN, VA",NA,0,0.024096386,648
649,Gentianopsis crinita,Gentianopsis crinita,Forb/herb,EFNative,2,"MA, PA","IL, IA, MN, ND, WI, CT, IN, ME, MA, MI, NH, NJ, NY, OH, PA, RI, VT, WV, DE, GA, MD, NC, TN, VA",NA,0,0.024096386,649
650,Geum aleppicum,Geum aleppicum,Forb/herb,EFNative,2,"MA, NJ","AK, CO, ID, MT, OR, WA, WY, IL, IA, MN, ND, NE, SD, WI, CT, IN, ME, MA, MI, NH, NY, OH, PA, RI, VT, WV, AZ, CA, UT, NM, MD, NC, TN, VA",NA,0,0.024096386,650
651,Hackelia virginiana,Hackelia virginiana,Forb/herb,EFNative,2,"NJ, MA","IA, KS, MN, MO, ND, NE, OK, SD, WI, CT, IN, ME, MA, MI, NH, NJ, NY, OH, PA, RI, VT, WV, TX, AL, AR, DE, GA, KY, LA, MD, MS, NC, SC, TN, VA",NA,0,0.024096386,651
652,Hieracium gronovii,Hieracium gronovii,Forb/herb,EFNative,2,"VA, PA","IL, KS, MN, MO, OK, CT, IN, ME, MA, MI, NJ, NY, OH, PA, RI, WV, TX, AL, AR, DE, FL, GA, KY, LA, MD, MS, NC, SC, TN, VA",NA,0,0.024096386,652
653,Hylodesmum nudiflorum,Hylodesmum nudiflorum,Forb/herb,EFNative,2,"VA, MA","IL, IA, MN, MO, OK, WI, IN, MI, NH, NY, OH, PA, VT, WV, TX, AL, AR, DE, FL, GA, KY, LA, MD, MS, NC, SC, TN, VA",NA,0,0.024096386,653
654,Ipomoea pandurata,Ipomoea pandurata,Forb/herb,EFNative,2,PA,"IL, KS, MO, OK, CT, IN, MI, NJ, NY, OH, PA, WV, TX, AL, AR, DE, FL, GA, KY, LA, MD, MS, NC, SC, TN, VA",NA,0,0.024096386,654
655,Krigia virginica,Krigia virginica,Forb/herb,EFNative,2,"PA, CT","IL, IA, MN, MO, OK, WI, CT, IN, ME, MA, MI, NH, NJ, NY, OH, PA, RI, VT, WV, TX, AL, AR, DE, FL, GA, KY, LA, MD, MS, NC, SC, TN, VA",NA,0,0.024096386,655
656,Lespedeza violacea,Lespedeza violacea,Forb/herb,EFNative,2,"MD, PA","IL, IA, KS, MN, MO, NE, OK, WI, IN, ME, MI, NY, OH, PA, VT, WV, TX, AL, AR, GA, KY, LA, MD, MS, NC, SC, TN, VA",NA,0,0.024096386,656
657,Ludwigia decurrens,Ludwigia decurrens,Forb/herb,EFNative,2,"PA, VA","IL, MO, OK, WI, IN, OH, PA, WV, TX, AL, AR, FL, GA, KY, LA, MD, MS, NC, SC, TN, VA",CA,0,0.024096386,657
658,Lycopus uniflorus,Lycopus uniflorus,Forb/herb,EFNative,2,"VA, NJ","AK, CO, ID, MT, WY, IL, IA, KS, MN, MO, ND, NE, CT, ME, MI, NH, NY, RI, VT, CA, AR, KY, MD, NC, TN, VA",NA,0,0.024096386,658
659,Lycopus virginicus,Lycopus virginicus,Forb/herb,EFNative,2,"NJ, VA","ID, IL, KS, MN, MO, NE, OK, WI, CT, IN, ME, MA, MI, NJ, NY, OH, PA, RI, VT, TX, AL, AR, DE, FL, GA, KY, LA, MD, MS, NC, SC, TN, VA",NA,0,0.024096386,659
660,Melothria pendula,Melothria pendula,Forb/herb,EFNative,2,VA,"IL, KS, MO, OK, IN, PA, TX, AL, AR, DE, FL, GA, KY, LA, MD, MS, NC, SC, TN, VA",NA,0,0.024096386,660
661,Neviusia alabamensis,Neviusia alabamensis,Shrub,EFNative,2,"PA, NJ","AL, AR, GA, KY, MS, TN",NA,0,0.024096386,661
662,Nuphar lutea,Nuphar lutea,Forb/herb,EFNative,2,"NJ, MD","AL, AZ, AR, CA, CO, CT, DE, FL, GA, ID, IL, IN, IA, KS, KY, LA, ME, MD, MA, MI, MN, MS, MO, MT, NE, NV, NH, NJ, NM, NY, NC, ND, OH, OK, OR, PA, RI, SC, SD, TN, TX, UT, VT, VA, WA, WV, WI, WY",NA,0,0.024096386,662
663,Osmorhiza longistylis,Osmorhiza longistylis,Forb/herb,EFNative,2,"PA, VA","CO, MT, WY, IL, IA, KS, MN, MO, ND, NE, OK, SD, WI, CT, IN, ME, MA, MI, NH, NJ, NY, OH, PA, RI, VT, WV, NM, TX, AL, AR, DE, GA, KY, MD, MS, NC, SC, TN, VA",NA,0,0.024096386,663
664,Panax quinquefolius,Panax quinquefolius,Forb/herb,EFNative,2,"PA, OH","IL, IA, KS, MN, MO, NE, OK, SD, WI, CT, IN, ME, MA, MI, NH, NJ, NY, OH, PA, VT, WV, AL, AR, DE, FL, GA, KY, LA, MD, MS, NC, SC, TN, VA",All,0,0.024096386,664
665,Pedicularis canadensis,Pedicularis canadensis,Forb/herb,EFNative,2,"MA, PA","CO, IL, IA, KS, MN, MO, ND, NE, OK, SD, WI, CT, IN, ME, MA, MI, NH, NY, OH, PA, RI, VT, WV, NM, TX, AL, AR, DE, FL, GA, KY, LA, MD, MS, NC, SC, TN, VA",NA,0,0.024096386,665
666,Poa nemoralis,Poa nemoralis,Grass,EFNative,2,"NJ, MD","AK, CO, ID, MT, OR, WA, WY, IL, IA, MN, MO, ND, NE, SD, WI, CT, IN, ME, MA, MI, NH, NJ, NY, OH, PA, RI, VT, AZ, CA, NV, UT, TX, DE, MD, NC, TN, VA",NA,0,0.024096386,666
667,Prunus pensylvanica,Prunus pensylvanica,Shrub,EFNative,2,"MD, PA","CO, MT, WY, IL, IA, MN, ND, SD, WI, CT, IN, ME, MA, MI, NH, NJ, NY, OH, PA, RI, VT, WV, GA, MD, NC, TN, VA",NA,0,0.024096386,667
668,Pycnanthemum torreyi,Pycnanthemum torreyi,Forb/herb,EFNative,2,VA,"IL, KS, MO, CT, NJ, NY, PA, WV, DE, GA, MD, NC, SC, TN",NA,0,0.024096386,668
669,Rhynchospora capitellata,Rhynchospora capitellata,Grass,EFNative,2,"VA, PA","OR, IL, KS, MN, MO, WI, CT, IN, ME, MA, MI, NH, NJ, NY, OH, PA, RI, VT, WV, CA, TX, AL, AR, DE, GA, KY, MD, MS, NC, TN, VA",NA,0,0.024096386,669
670,Rubus flagellaris,Rubus flagellaris,Shrub,EFNative,2,"PA, NJ","IL, IA, KS, MN, MO, NE, OK, WI, CT, IN, ME, MI, NH, NJ, NY, OH, PA, RI, VT, WV, AZ, NM, TX, AL, AR, DE, FL, GA, KY, LA, MD, MS, NC, SC, TN, VA",NA,0,0.024096386,670
671,Salix amygdaloides,Salix amygdaloides,Shrub,EFNative,2,PA,"CO, ID, MT, OR, WA, WY, IL, IA, KS, MN, MO, ND, NE, OK, SD, WI, IN, MI, NY, OH, PA, VT, AZ, NV, UT, NM, TX, KY",NA,0,0.024096386,671
672,Scutellaria elliptica,Scutellaria elliptica,Forb/herb,EFNative,2,"PA, VA","IL, MO, IN, MI, NY, OH, PA, WV, TX, AL, FL, GA, KY, LA, MD, MS, NC, TN, VA",NA,0,0.024096386,672
673,Sisyrinchium atlanticum,Sisyrinchium atlanticum,Forb/herb,EFNative,2,"RI, PA","IL, MO, WI, CT, IN, ME, MA, MI, NH, NJ, NY, OH, PA, RI, VT, WV, AL, AR, DE, FL, GA, KY, LA, MD, MS, NC, SC, TN, VA",NA,0,0.024096386,673
674,Solidago arguta,Solidago arguta,Forb/herb,EFNative,2,"PA, MA","IL, KS, MO, OK, CT, ME, MA, NH, NJ, NY, OH, PA, VT, WV, TX, AL, AR, DE, FL, GA, KY, LA, MD, MS, NC, SC, TN, VA",NA,0,0.024096386,674
675,Strophostyles umbellata,Strophostyles umbellata,Forb/herb,EFNative,2,"MD, VA","IL, KS, OK, NJ, NY, PA, VT, TX, AL, DE, FL, GA, KY, LA, MD, MS, NC, SC, TN, VA",NA,0,0.024096386,675
676,Symphyotrichum dumosum,Symphyotrichum dumosum,Forb/herb,EFNative,2,"PA, VA","IL, IA, MO, OK, WI, CT, IN, ME, MA, MI, NH, NJ, NY, OH, PA, RI, WV, TX, AL, AR, DE, FL, GA, KY, LA, MD, MS, NC, SC, TN, VA",NA,0,0.024096386,676
677,Symphyotrichum undulatum,Symphyotrichum undulatum,Forb/herb,EFNative,2,VA,"IL, CT, IN, ME, MA, NH, NJ, NY, OH, PA, RI, VT, WV, AL, DE, FL, GA, KY, LA, MD, MS, NC, SC, TN, VA",NA,0,0.024096386,677
678,Triosteum aurantiacum,Triosteum aurantiacum,Forb/herb,EFNative,2,"PA, OH","IL, IA, KS, MN, MO, NE, OK, WI, CT, IN, ME, MA, MI, NH, NJ, NY, OH, PA, RI, VT, WV, AR, DE, GA, KY, MD, NC, SC, TN, VA",NA,0,0.024096386,678
679,Valeriana pauciflora,Valeriana pauciflora,Forb/herb,EFNative,2,PA,"IL, IN, OH, PA, WV, AL, KY, MD, TN, VA",NA,0,0.024096386,679
680,Verbena urticifolia,Verbena urticifolia,Forb/herb,EFNative,2,"VA, NJ","IL, IA, KS, MN, MO, ND, NE, OK, SD, WI, CT, IN, ME, MA, MI, NH, NJ, NY, OH, PA, RI, VT, WV, AZ, TX, AL, AR, DE, FL, GA, KY, LA, MD, MS, NC, SC, TN, VA",NA,0,0.024096386,680
681,Zephyranthes atamasco,Zephyranthes atamasco,Forb/herb,EFNative,2,VA,"AL, FL, GA, MD, MS, NC, SC, VA",NA,0,0.024096386,681
682,Spigelia marilandica,Spigelia marilandica,Forb/herb,EFNative,43,"MA, NY, RI, PA, ME, OH, VA, DE, NJ, WV, CT, MD, VT, NH","IL, MO, OK, IN, TX, AL, AR, FL, GA, KY, LA, MS, NC, SC, TN, VA",NA,0.12109375,0.144578313,682
683,Quercus muehlenbergii,Quercus muehlenbergii,Tree,EFNative,39,"VA, NJ, OH, PA, KY, NY, MD, VT","IL, IA, KS, MN, MO, NE, OK, WI, CT, IN, MA, MI, NJ, NY, OH, PA, VT, WV, NM, TX, AL, AR, FL, GA, KY, LA, MD, MS, NC, SC, TN, VA",NA,0.109375,0.13253012,683
684,Pinus resinosa,Pinus resinosa,Tree,EFNative,15,"DE, PA, MA, MD, ME, OH, CT","IL, MN, WI, CT, ME, MA, MI, NH, NJ, NY, PA, VT, WV",NA,0.0390625,0.060240964,684
685,Carya illinoinensis,Carya illinoinensis,Tree,EFNative,11,"OH, PA, MD, VA","IL, IA, KS, MO, OK, IN, TX, AR, KY, LA, MS, TN",NA,0.02734375,0.048192771,685
686,Deschampsia cespitosa,Deschampsia cespitosa,Grass,EFNative,56,"OH, NY, MD, PA, RI, NJ, ME, VT, VA, DE, CT, NH, WV, MA","AK, CO, ID, MT, OR, WA, WY, IL, MN, ND, SD, WI, CT, IN, ME, MA, MI, NH, NJ, NY, OH, PA, RI, VT, WV, AZ, CA, NV, UT, NM, KY, MD, NC, VA",NA,0.16015625,0.180722892,686
687,Cardamine concatenata,Cardamine concatenata,Forb/herb,EFNative,7,"MA, PA, WV, CT, VA","IL, IA, KS, MN, MO, NE, OK, WI, CT, IN, ME, MA, MI, NH, NJ, NY, OH, PA, VT, WV, TX, AL, AR, DE, FL, GA, KY, LA, MD, MS, NC, SC, TN, VA",NA,0.015625,0.036144578,687
688,Carex texensis,Carex texensis,Grass,EFNative,7,"VA, MA, PA, NJ, MD, WV","IL, KS, MO, NE, TX, AL, AR, FL, GA, KY, LA, MD, MS, NC, SC, TN, VA",NA,0.015625,0.036144578,688
689,Chamaedaphne calyculata,Chamaedaphne calyculata,Shrub,EFNative,7,"MA, CT, DE, ME, PA, NH","AK, IL, IA, MN, WI, CT, IN, ME, MA, MI, NH, NJ, NY, OH, PA, RI, VT, DE, GA, MD, NC, SC",NA,0.015625,0.036144578,689
690,Eleocharis geniculata,Eleocharis geniculata,Grass,EFNative,7,"VA, NJ, MD, PA","IL, NE, OK, IN, MI, NJ, OH, PA, AZ, CA, NV, NM, TX, AL, FL, GA, LA",NA,0.015625,0.036144578,690
691,Sorbus decora,Sorbus decora,Shrub,EFNative,7,"NY, ME, PA, MA, NJ","IL, IA, MN, WI, CT, IN, ME, MA, MI, NH, NY, OH, PA, VT",NA,0.015625,0.036144578,691
692,Aconitum uncinatum,Aconitum uncinatum,Forb/herb,EFNative,3,"MA, DE, VA","IL, IN, OH, PA, WV, AL, GA, KY, MD, NC, SC, TN, VA",NA,0.00390625,0.024096386,692
693,Aesculus sylvatica,Aesculus sylvatica,Shrub,EFNative,3,"VA, PA","AL, GA, NC, SC, TN, VA",NA,0.00390625,0.024096386,693
694,Antennaria parlinii,Antennaria parlinii,Forb/herb,EFNative,3,"PA, VA, MD","IL, IA, KS, MN, MO, NE, OK, SD, WI, CT, IN, ME, MA, MI, NH, NJ, NY, OH, PA, RI, VT, WV, TX, AL, AR, DE, GA, KY, LA, MD, MS, NC, SC, TN, VA",NA,0.00390625,0.024096386,694
695,Aristolochia tomentosa,Aristolochia tomentosa,Vine,EFNative,3,"NJ, ME, VA","IL, KS, MO, OK, IN, NY, TX, AL, AR, FL, GA, KY, LA, MS, NC, TN",NA,0.00390625,0.024096386,695
696,Asclepias viridis,Asclepias viridis,Forb/herb,EFNative,3,"RI, OH, VA","IL, KS, MO, NE, OK, IN, OH, WV, TX, AL, AR, FL, GA, KY, LA, MS, SC, TN",NA,0.00390625,0.024096386,696
697,Bromus kalmii,Bromus kalmii,Grass,EFNative,3,"MA, PA","IL, IA, MN, ND, SD, WI, CT, IN, ME, MA, MI, NH, NJ, NY, OH, PA, VT, WV, MD, VA",NA,0.00390625,0.024096386,697
698,Carex annectens,Carex annectens,Grass,EFNative,3,"CT, MD, PA","IL, IA, KS, MN, MO, NE, OK, WI, CT, IN, ME, MA, MI, NH, NJ, NY, OH, PA, RI, VT, WV, AL, AR, DE, KY, LA, MD, MS, NC, SC, TN, VA",NA,0.00390625,0.024096386,698
699,Carex jamesii,Carex jamesii,Grass,EFNative,3,"VA, PA","IL, IA, KS, MN, MO, NE, OK, WI, IN, MI, NJ, NY, OH, PA, WV, TX, AL, AR, KY, MD, MS, NC, SC, TN, VA",NA,0.00390625,0.024096386,699
700,Carex shortiana,Carex shortiana,Grass,EFNative,3,"PA, NJ, VA","IL, IA, KS, MO, OK, IN, NY, OH, PA, WV, AR, KY, MD, TN, VA",NA,0.00390625,0.024096386,700
701,Cornus drummondii,Cornus drummondii,Shrub,EFNative,3,"VT, OH","IL, IA, KS, MO, NE, OK, SD, WI, IN, MI, NY, OH, PA, TX, AL, AR, GA, KY, LA, MS, TN",NA,0.00390625,0.024096386,701
702,Dasiphora fruticosa,Dasiphora fruticosa,Shrub,EFNative,3,"CT, MA, MD","AK, CO, ID, MT, OR, WA, WY, IL, IA, MN, ND, SD, WI, CT, IN, ME, MA, MI, NH, NJ, NY, OH, PA, RI, VT, AZ, CA, NV, UT, NM",NA,0.00390625,0.024096386,702
703,Diarrhena obovata,Diarrhena obovata,Grass,EFNative,3,"PA, NJ","IL, MN, WI, NY, PA, WV, KY, TN, VA",NA,0.00390625,0.024096386,703
704,Dryopteris celsa,Dryopteris celsa,Forb/herb,EFNative,3,"ME, VA","IL, MO, IN, MI, NJ, NY, PA, WV, AL, AR, DE, GA, KY, LA, MD, MS, NC, SC, TN, VA",NA,0.00390625,0.024096386,704
705,Eragrostis elliottii,Eragrostis elliottii,Grass,EFNative,3,"MA, PA, MD","MO, OK, TX, AL, AR, FL, GA, LA, MS, NC, SC",NA,0.00390625,0.024096386,705
706,Erigeron philadelphicus,Erigeron philadelphicus,Forb/herb,EFNative,3,"VA, PA","CO, ID, MT, OR, WA, WY, IL, IA, KS, MN, MO, ND, NE, OK, SD, WI, CT, IN, ME, MA, MI, NH, NJ, NY, OH, PA, RI, VT, WV, CA, NV, NM, TX, AL, AR, DE, FL, GA, KY, LA, MD, MS, NC, SC, TN, VA",NA,0.00390625,0.024096386,706
707,Geranium robertianum,Geranium robertianum,Forb/herb,EFNative,3,"CT, VA","MT, OR, WA, MN, MO, WI, CT, IN, ME, MA, MI, NH, NJ, OH, PA, RI, VT, WV, CA, DE, MD, VA","OR, WA",0.00390625,0.024096386,707
708,Houstonia longifolia,Houstonia longifolia,Forb/herb,EFNative,3,"RI, PA, WV","IL, MN, MO, OK, WI, IN, NY, VT, TX, AL, AR, FL, GA, KY, MD, MS, TN, VA",NA,0.00390625,0.024096386,708
709,Ilex mucronata,Ilex mucronata,Shrub,EFNative,3,"NH, MA, ME","IL, MN, WI, CT, IN, ME, MA, MI, NH, NJ, NY, OH, PA, RI, VT, WV, MD",NA,0.00390625,0.024096386,709
710,Iris verna,Iris verna,Forb/herb,EFNative,3,"VA, WV","MO, OH, PA, WV, AL, AR, FL, GA, KY, MD, NC, SC, TN, VA",NA,0.00390625,0.024096386,710
711,Juncus greenei,Juncus greenei,Grass,EFNative,3,"RI, PA, MA","IL, IA, MN, WI, CT, IN, ME, MA, MI, NH, NJ, NY, OH, PA, RI, VT",NA,0.00390625,0.024096386,711
712,Krigia biflora,Krigia biflora,Forb/herb,EFNative,3,"PA, NJ","CO, IL, IA, KS, MN, MO, OK, WI, CT, IN, MA, MI, NJ, NY, OH, PA, RI, WV, AZ, NM, AL, AR, DE, GA, KY, MD, MS, NC, TN, VA",NA,0.00390625,0.024096386,712
713,Laportea canadensis,Laportea canadensis,Forb/herb,EFNative,3,"ME, NJ","IL, IA, KS, MN, MO, ND, NE, OK, SD, WI, CT, IN, ME, MA, MI, NH, NJ, NY, OH, PA, RI, VT, WV, AL, AR, DE, FL, GA, KY, LA, MD, MS, NC, SC, TN, VA",NA,0.00390625,0.024096386,713
714,Liatris cylindracea,Liatris cylindracea,Forb/herb,EFNative,3,"MD, PA","IL, IA, KS, MN, MO, OK, WI, IN, MI, NY, OH, AL, AR, GA, KY, TN",NA,0.00390625,0.024096386,714
715,Malus angustifolia,Malus angustifolia,Shrub,EFNative,3,"MD, DE, PA","IL, MO, NJ, OH, PA, WV, AL, AR, DE, FL, GA, KY, LA, MD, MS, NC, SC, TN, VA",NA,0.00390625,0.024096386,715
716,Matelea obliqua,Matelea obliqua,Forb/herb,EFNative,3,"VA, NY","IL, MO, IN, OH, PA, WV, AL, GA, KY, MD, MS, NC, TN, VA",NA,0.00390625,0.024096386,716
717,Orontium aquaticum,Orontium aquaticum,Forb/herb,EFNative,3,"PA, MA, MD","CT, MA, NJ, NY, PA, RI, WV, TX, AL, DE, FL, GA, KY, LA, MD, MS, NC, SC, TN, VA",NA,0.00390625,0.024096386,717
718,Poa palustris,Poa palustris,Grass,EFNative,3,"MD, PA, MA","AK, CO, MT, OR, WA, WY, IL, IA, MN, MO, ND, NE, SD, WI, CT, IN, ME, MA, MI, NH, NJ, NY, OH, PA, RI, VT, WV, AZ, CA, NV, UT, NM, DE, MD, MS, NC, SC, TN, VA",NA,0.00390625,0.024096386,718
719,Robinia hispida,Robinia hispida,Shrub,EFNative,3,"PA, VA","NJ, NY, PA, VT, AL, GA, KY, MD, NC, SC, TN, VA",WI,0.00390625,0.024096386,719
720,Rudbeckia grandiflora,Rudbeckia grandiflora,Forb/herb,EFNative,3,"MD, NJ, PA","IL, KS, MO, OK, OH, TX, AR, GA, KY, LA, MS",NA,0.00390625,0.024096386,720
721,Sedum glaucophyllum,Sedum glaucophyllum,Forb/herb,EFNative,3,"MD, VA, NJ","WV, MD, NC, VA",NA,0.00390625,0.024096386,721
722,Sedum pulchellum,Sedum pulchellum,Forb/herb,EFNative,3,"MA, VA","IL, KS, MO, OK, OH, TX, AL, AR, GA, KY, MS, TN",NA,0.00390625,0.024096386,722
723,Sericocarpus asteroides,Sericocarpus asteroides,Forb/herb,EFNative,3,"VA, MA, NH","CT, ME, MA, NH, NJ, NY, OH, PA, RI, VT, WV, AL, DE, FL, GA, KY, LA, MD, MS, NC, SC, TN, VA",NA,0.00390625,0.024096386,723
724,Solidago ohioensis,Solidago ohioensis,Forb/herb,EFNative,3,"MD, PA","IL, WI, IN, MI, NY",NA,0.00390625,0.024096386,724
725,Solidago patula,Solidago patula,Forb/herb,EFNative,3,"MA, PA","IL, IA, MO, OK, WI, CT, IN, MA, MI, NH, NJ, NY, OH, PA, VT, WV, TX, AL, AR, DE, FL, GA, KY, LA, MD, MS, NC, SC, TN, VA",NA,0.00390625,0.024096386,725
726,Solidago riddellii,Solidago riddellii,Forb/herb,EFNative,3,"PA, NJ, OH","IL, MN, MO, WI, IN, MI, OH",NA,0.00390625,0.024096386,726
727,Spiranthes cernua,Spiranthes cernua,Forb/herb,EFNative,3,"MD, NH, VA","IL, MN, MO, OK, CT, ME, MA, NH, NJ, NY, OH, PA, RI, VT, WV, TX, AL, AR, FL, GA, KY, LA, MD, MS, NC, SC, TN, VA",NA,0.00390625,0.024096386,727
728,Spiranthes odorata,Spiranthes odorata,Forb/herb,EFNative,3,"OH, DE, PA","OK, TX, AL, AR, FL, GA, KY, LA, MD, MS, NC, SC, TN, VA",NA,0.00390625,0.024096386,728
729,Symphyotrichum praealtum,Symphyotrichum praealtum,Forb/herb,EFNative,3,"PA, VA, MD","IL, IA, KS, MN, MO, NE, OK, SD, WI, CT, IN, ME, MA, MI, NH, NJ, NY, OH, PA, RI, WV, TX, AL, AR, DE, FL, KY, LA, MD, MS, TN, VA",NA,0.00390625,0.024096386,729
730,Taenidia integerrima,Taenidia integerrima,Forb/herb,EFNative,3,"PA, VA","IL, IA, KS, MN, MO, OK, SD, WI, CT, IN, MI, NJ, NY, OH, PA, RI, VT, WV, TX, AL, AR, DE, GA, KY, LA, MD, MS, NC, SC, TN, VA",NA,0.00390625,0.024096386,730
731,Tipularia discolor,Tipularia discolor,Forb/herb,EFNative,3,"WV, VA","IL, MO, OK, IN, MA, MI, NJ, NY, OH, PA, WV, TX, AL, AR, DE, FL, GA, KY, LA, MD, MS, NC, SC, TN, VA",NA,0.00390625,0.024096386,731
732,Tradescantia bracteata,Tradescantia bracteata,Forb/herb,EFNative,3,"MA, NJ","MT, WY, IL, IA, KS, MN, MO, ND, NE, OK, SD, WI, IN, MA, MI, OH, VT, AR, LA, MS",NA,0.00390625,0.024096386,732
733,Tradescantia ohiensis,Tradescantia ohiensis,Forb/herb,EFNative,3,"MD, PA, OH","IL, IA, KS, MN, MO, NE, OK, WI, CT, IN, ME, MA, MI, NH, NJ, NY, OH, PA, RI, VT, WV, TX, AL, AR, DE, FL, GA, KY, LA, MD, MS, NC, SC, TN, VA",NA,0.00390625,0.024096386,733
734,Vaccinium pallidum,Vaccinium pallidum,Shrub,EFNative,3,"MA, VA, NJ","IL, KS, MO, OK, WI, CT, IN, ME, MA, MI, NH, NJ, NY, OH, PA, RI, VT, WV, AL, AR, DE, GA, KY, MD, MS, NC, SC, TN, VA",NA,0.00390625,0.024096386,734
735,Vaccinium stamineum,Vaccinium stamineum,Shrub,EFNative,3,"VA, DE, PA","IL, KS, MO, OK, CT, IN, MA, NJ, NY, OH, PA, RI, VT, WV, TX, AL, AR, DE, FL, GA, KY, LA, MD, MS, NC, SC, TN, VA",NA,0.00390625,0.024096386,735
736,Viola pedatifida,Viola pedatifida,Forb/herb,EFNative,3,"MA, PA, VA","CO, MT, WY, IL, IA, KS, MN, MO, ND, NE, OK, SD, WI, IN, MI, OH, AZ, NM, AR, VA",NA,0.00390625,0.024096386,736
737,Aesculus pavia,Aesculus pavia,Shrub,EFNative,48,"OH, PA, VA, CT, MD, MA, ME, NJ, DE, NH","IL, MO, OK, WV, TX, AL, AR, FL, GA, KY, LA, MS, NC, SC, TN, VA",NA,0.13671875,0.156626506,737
738,Achillea millefolium,Achillea millefolium,Forb/herb,EFNative,89,"MA, KY, OH, MD, PA, RI, CT, NJ, VA, ME, WV, NY, DE, VT, NH","AK, CO, ID, MT, OR, WA, WY, IL, IA, KS, MN, MO, ND, NE, OK, SD, WI, CT, IN, ME, MA, MI, NH, NJ, NY, OH, PA, RI, VT, WV, AZ, CA, NV, UT, NM, TX, AL, AR, DE, FL, GA, KY, LA, MD, MS, NC, SC, TN, VA",NA,0.2578125,0.277108434,738
739,Liatris microcephala,Liatris microcephala,Forb/herb,EFNative,32,"PA, NJ, MD, VA, OH, VT, DE, MA, RI, ME, WV","AL, GA, KY, NC, SC, TN",NA,0.08984375,0.108433735,739
740,Thelypteris noveboracensis,Thelypteris noveboracensis,Forb/herb,EFNative,32,"NY, MD, DE, PA, ME, NH, VA, MA, CT, VT, NJ","IL, OK, CT, IN, ME, MA, MI, NH, NJ, NY, OH, PA, RI, VT, WV, AL, AR, DE, GA, KY, LA, MD, MS, NC, SC, TN, VA",NA,0.08984375,0.108433735,740
741,Cotinus obovatus,Cotinus obovatus,Shrub,EFNative,16,"NY, CT, MD, PA, DE, VT, ME, MA, VA","MO, OK, TX, AL, AR, GA, KY, LA, TN",NA,0.04296875,0.060240964,741
742,Geum triflorum,Geum triflorum,Forb/herb,EFNative,16,"PA, MD, VT, OH, NJ, ME, VA, NH, WV","CO, ID, MT, OR, WA, WY, IL, IA, MN, ND, SD, WI, MI, NY, AZ, CA, NV, UT, NM",NA,0.04296875,0.060240964,742
743,Rhododendron vaseyi,Rhododendron vaseyi,Shrub,EFNative,16,"MA, ME, NJ, DE, PA, NH, NY",NC,NA,0.04296875,0.060240964,743
744,Betula nigra,Betula nigra,Tree,EFNative,159,"OH, MD, KY, PA, NY, NJ, RI, MA, VA, CT, ME, VT, NH, DE","IL, IA, KS, MN, MO, OK, WI, CT, IN, MA, NJ, NY, OH, PA, WV, TX, AL, AR, DE, FL, GA, KY, LA, MD, MS, NC, SC, TN, VA",NA,0.46484375,0.481927711,744
745,Carex socialis,Carex socialis,Grass,EFNative,12,"MA, PA, MD, NJ, WV, OH, DE","IL, MO, OK, IN, TX, AL, AR, GA, KY, MS, NC, SC, TN",NA,0.03125,0.048192771,745
746,Carex brevior,Carex brevior,Grass,EFNative,8,"PA, NJ, OH, NH, VA, MD, MA","CO, ID, MT, WA, WY, IL, IA, KS, MN, MO, ND, NE, OK, SD, WI, CT, IN, ME, MA, MI, NH, NJ, NY, OH, PA, RI, VT, WV, AZ, NM, TX, AL, AR, DE, KY, MD, MS, TN, VA",NA,0.01953125,0.036144578,746
747,Celastrus scandens,Celastrus scandens,Vine,EFNative,8,"KY, PA, VT, NH, VA","MT, WY, IL, IA, KS, MN, MO, ND, NE, OK, SD, WI, CT, IN, ME, MA, MI, NH, NJ, NY, OH, PA, RI, VT, WV, TX, AL, AR, DE, GA, KY, LA, MD, MS, NC, SC, TN, VA",NA,0.01953125,0.036144578,747
748,Fraxinus americana,Fraxinus americana,Tree,EFNative,8,"MD, NJ, PA, ME, MA","IL, IA, KS, MN, MO, NE, OK, WI, CT, IN, ME, MA, MI, NH, NJ, NY, OH, PA, RI, VT, WV, TX, AL, AR, DE, FL, GA, KY, LA, MD, MS, NC, SC, TN, VA",NA,0.01953125,0.036144578,748
749,Sibbaldiopsis tridentata,Sibbaldiopsis tridentata,Forb/herb,EFNative,8,"MA, DE, ME, PA, RI, NH","IL, IA, MN, ND, WI, CT, ME, MA, MI, NH, NJ, NY, PA, RI, VT, WV, GA, NC, TN, VA",NA,0.01953125,0.036144578,749
750,Actaea rubra,Actaea rubra,Forb/herb,EFNative,4,"CT, ME, VA","AK, CO, ID, MT, OR, WA, WY, IL, IA, MN, ND, NE, SD, WI, CT, IN, ME, MA, MI, NH, NJ, NY, OH, PA, RI, VT, AZ, CA, NV, UT, NM",NA,0.0078125,0.024096386,750
751,Carex hystericina,Carex hystericina,Grass,EFNative,4,"MD, PA, OH","CO, MT, WY, IL, IA, KS, MN, MO, NE, SD, WI, CT, IN, ME, MA, MI, NJ, NY, OH, PA, VT, WV, AZ, UT, NM, TX, AR, MD, TN, VA",NA,0.0078125,0.024096386,751
752,Carex tribuloides,Carex tribuloides,Grass,EFNative,4,"MD, PA, OH","IL, IA, KS, MN, MO, NE, OK, WI, CT, IN, ME, MA, MI, NH, NJ, NY, OH, PA, RI, VT, WV, TX, AL, AR, DE, FL, GA, KY, LA, MD, MS, NC, SC, TN, VA",NA,0.0078125,0.024096386,752
753,Celtis laevigata,Celtis laevigata,Shrub,EFNative,4,"OH, MD, DE, PA","IL, KS, MO, OK, IN, WV, NM, TX, AL, AR, FL, GA, KY, LA, MD, MS, NC, SC, TN, VA",NA,0.0078125,0.024096386,753
754,Cornus rugosa,Cornus rugosa,Shrub,EFNative,4,"MA, PA, ME","IL, IA, MN, WI, CT, IN, ME, MA, MI, NH, NJ, NY, OH, PA, RI, VT, WV, DE, MD, TN, VA",NA,0.0078125,0.024096386,754
755,Luzula acuminata,Luzula acuminata,Grass,EFNative,4,"NJ, MA, WV","IL, IA, MN, MO, SD, WI, CT, IN, ME, MA, MI, NH, NJ, NY, OH, PA, RI, VT, WV, AL, AR, FL, GA, KY, LA, MD, NC, SC, TN, VA",NA,0.0078125,0.024096386,755
756,Magnolia ashei,Magnolia ashei,Shrub,EFNative,4,"DE, CT, PA",FL,NA,0.0078125,0.024096386,756
757,Mentha arvensis,Mentha arvensis,Forb/herb,EFNative,4,"PA, CT, NJ, VA","AZ, AR, CA, CO, CT, DE, GA, ID, IL, IN, IA, KS, KY, ME, MD, MA, MI, MN, MO, MT, NE, NV, NH, NJ, NM, NY, NC, ND, OH, OR, PA, RI, SD, TN, TX, UT, VT, VA, WA, WV, WI, WY",NA,0.0078125,0.024096386,757
758,Menyanthes trifoliata,Menyanthes trifoliata,Forb/herb,EFNative,4,"MA, VA","AK, CO, ID, MT, OR, WA, WY, IA, MN, MO, ND, NE, SD, WI, CT, IN, ME, MA, MI, NH, NJ, NY, OH, PA, RI, VT, WV, AZ, CA, NV, UT, NM, DE, MD, NC, VA",NA,0.0078125,0.024096386,758
759,Persicaria virginiana,Persicaria virginiana,Forb/herb,EFNative,4,"VA, RI, VT","IL, IA, KS, MN, MO, NE, OK, WI, CT, IN, MA, MI, NH, NJ, NY, OH, PA, RI, VT, WV, TX, AL, AR, DE, FL, GA, KY, LA, MD, MS, NC, SC, TN, VA",NA,0.0078125,0.024096386,759
760,Polygonatum pubescens,Polygonatum pubescens,Forb/herb,EFNative,4,"MA, CT, NH, NJ","IL, IA, MN, WI, CT, IN, ME, MA, MI, NH, NJ, NY, OH, PA, RI, VT, WV, AL, DE, GA, KY, MD, NC, TN, VA",NA,0.0078125,0.024096386,760
761,Prunus angustifolia,Prunus angustifolia,Shrub,EFNative,4,"MD, PA, VA","CO, IL, KS, MO, NE, OK, IN, NJ, PA, WV, NM, TX, AL, AR, DE, FL, GA, KY, LA, MD, MS, NC, SC, TN, VA",NA,0.0078125,0.024096386,761
762,Stewartia malacodendron,Stewartia malacodendron,Shrub,EFNative,4,"DE, PA, VA","TX, AL, AR, FL, GA, LA, MS, NC, SC, VA",NA,0.0078125,0.024096386,762
763,Viola canadensis,Viola canadensis,Forb/herb,EFNative,4,"ME, PA, OH, WV","CO, ID, WY, IL, MN, WI, CT, IN, ME, MA, MI, NH, NJ, NY, OH, PA, RI, VT, WV, AZ, UT, NM, AL, AR, GA, KY, MD, NC, SC, TN, VA",NA,0.0078125,0.024096386,763
764,Woodwardia virginica,Woodwardia virginica,Forb/herb,EFNative,4,"MD, DE, VA","IL, CT, IN, ME, MA, MI, NH, NJ, NY, OH, PA, RI, VT, WV, TX, AL, AR, DE, FL, GA, KY, LA, MD, MS, NC, SC, TN, VA",NA,0.0078125,0.024096386,764
765,Carex muskingumensis,Carex muskingumensis,Grass,EFNative,21,"MD, ME, OH, DE, RI, VA, PA, MA, VT, NJ, WV","IL, IA, KS, MN, MO, OK, WI, IN, MI, OH, AR, KY, TN",NA,0.05859375,0.072289157,765
766,Picea mariana,Picea mariana,Tree,EFNative,21,"NY, MD, MA, OH, CT, NJ, PA, VT, ME","AK, IL, MN, WI, CT, ME, MA, MI, NH, NJ, NY, PA, RI, VT",NA,0.05859375,0.072289157,766
767,Carex eburnea,Carex eburnea,Grass,EFNative,13,"VA, ME, CT, WV, VT, RI, PA, MD","AK, MT, WY, IL, IA, MN, MO, ND, NE, SD, WI, CT, IN, ME, MA, MI, NH, NJ, NY, OH, PA, VT, WV, TX, AL, AR, KY, NC, SC, TN, VA",NA,0.03515625,0.048192771,767
768,Prunus pumila,Prunus pumila,Shrub,EFNative,13,"PA, NY, MA, VT, NJ, ME, CT","CO, MT, OR, WY, IL, IA, KS, MN, ND, NE, SD, WI, IN, ME, MA, MI, NH, NJ, NY, OH, PA, VT, UT, TN, VA",NA,0.03515625,0.048192771,768
769,Asclepias speciosa,Asclepias speciosa,Forb/herb,EFNative,5,"RI, VA, PA, OH, VT","CO, ID, MT, OR, WA, WY, IL, IA, KS, MN, ND, NE, OK, SD, WI, MI, AZ, CA, NV, UT, NM, TX",NA,0.01171875,0.024096386,769
770,Clethra acuminata,Clethra acuminata,Shrub,EFNative,5,"CT, DE, PA","PA, WV, AL, GA, KY, NC, SC, TN, VA",NA,0.01171875,0.024096386,770
771,Helianthus occidentalis,Helianthus occidentalis,Forb/herb,EFNative,5,"MD, PA, NJ, VA, MA","IL, IA, KS, MN, MO, WI, IN, MA, MI, NJ, OH, PA, WV, TX, AR, FL, GA, KY, MD, NC, SC, TN, VA",NA,0.01171875,0.024096386,771
772,Helianthus strumosus,Helianthus strumosus,Forb/herb,EFNative,5,"VA, ME, PA, NJ","IL, IA, KS, MN, MO, ND, OK, WI, CT, IN, ME, MA, MI, NH, NJ, NY, OH, PA, RI, VT, WV, TX, AL, AR, DE, FL, GA, KY, LA, MD, MS, NC, SC, TN, VA",NA,0.01171875,0.024096386,772
773,Hepatica americana,Hepatica americana,Forb/herb,EFNative,5,"PA, RI, VT, WV, VA","IL, IA, MN, MO, WI, CT, IN, ME, MA, MI, NH, NJ, NY, OH, PA, RI, VT, WV, AL, AR, DE, FL, GA, KY, MD, MS, NC, SC, TN, VA",NA,0.01171875,0.024096386,773
774,Iris prismatica,Iris prismatica,Forb/herb,EFNative,5,"RI, DE, MA, NJ","CT, ME, MA, NH, NJ, NY, RI, AL, DE, GA, KY, MD, NC, SC, TN, VA",NA,0.01171875,0.024096386,774
775,Lythrum alatum,Lythrum alatum,Forb/herb,EFNative,5,"PA, RI, NJ","CO, WY, IL, IA, KS, MN, MO, ND, NE, OK, SD, WI, CT, IN, ME, MA, MI, NH, NJ, NY, OH, PA, RI, VT, WV, TX, AL, AR, FL, GA, KY, LA, MD, MS, NC, SC, TN, VA",NA,0.01171875,0.024096386,775
776,Taxus canadensis,Taxus canadensis,Shrub,EFNative,5,"CT, PA, ME, MA","IL, IA, MN, WI, CT, IN, ME, MA, MI, NH, NJ, NY, OH, PA, RI, VT, WV, KY, MD, TN, VA",NA,0.01171875,0.024096386,776
777,Abildgaardia ovata,Abildgaardia ovata,Grass,EFNative,1,NJ,FL,NA,0,0.012048193,777
778,Acer glabrum,Acer glabrum,Shrub,EFNonNative,1,VA,"AK, CO, ID, MT, OR, WA, WY, NE, SD, AZ, CA, NV, UT, NM",NA,0,0.012048193,778
779,Ageratina aromatica,Ageratina aromatica,Forb/herb,EFNative,1,VA,"CT, MA, NJ, NY, OH, PA, RI, WV, AL, DE, FL, GA, KY, LA, MD, MS, NC, SC, TN, VA",NA,0,0.012048193,779
780,Agrimonia gryposepala,Agrimonia gryposepala,Forb/herb,EFNative,1,VA,"CO, MT, OR, WY, IL, IA, KS, MN, MO, ND, NE, SD, WI, CT, IN, ME, MA, MI, NH, NJ, NY, OH, PA, RI, VT, WV, AZ, CA, NM, AL, AR, DE, GA, KY, MD, NC, TN, VA",NA,0,0.012048193,780
781,Agrimonia striata,Agrimonia striata,Forb/herb,EFNative,1,NJ,"CO, MT, WY, IL, IA, MN, ND, OK, SD, WI, CT, ME, MA, MI, NH, NJ, NY, OH, PA, RI, VT, WV, AZ, CA, NV, NM, DE, GA, KY, MD",NA,0,0.012048193,781
782,Agrostis perennans,Agrostis perennans,Grass,EFNative,1,MD,"OR, WA, IL, IA, KS, MN, MO, ND, NE, OK, SD, WI, CT, IN, ME, MA, MI, NH, NJ, NY, OH, PA, RI, VT, WV, CA, TX, AL, AR, DE, FL, GA, KY, LA, MD, MS, NC, SC, TN, VA",NA,0,0.012048193,782
783,Aletris farinosa,Aletris farinosa,Forb/herb,EFNative,1,VA,"IL, OK, WI, CT, IN, ME, MA, MI, NH, NJ, NY, PA, RI, WV, TX, AL, AR, DE, FL, GA, KY, LA, MD, MS, NC, SC, TN, VA",NA,0,0.012048193,783
784,Amorpha nana,Amorpha nana,Shrub,EFNative,1,MA,"CO, ID, IA, KS, MN, ND, NE, OK, SD, NM",NA,0,0.012048193,784
785,Angelica venenosa,Angelica venenosa,Forb/herb,EFNative,1,VA,"IL, MN, MO, OK, CT, IN, MA, MI, NJ, NY, OH, PA, WV, AL, AR, DE, FL, GA, KY, LA, MD, MS, NC, SC, TN, VA",NA,0,0.012048193,785
786,Antennaria virginica,Antennaria virginica,Forb/herb,EFNative,1,MD,"OH, PA, WV, MD, VA",NA,0,0.012048193,786
787,Apocynum androsaemifolium,Apocynum androsaemifolium,Forb/herb,EFNative,1,MA,"CO, ID, MT, OR, WA, WY, IL, IA, MN, MO, ND, NE, SD, WI, CT, IN, ME, MA, MI, NH, NJ, NY, OH, PA, RI, VT, AZ, CA, NV, UT, NM, TX, AL, AR, DE, KY, MD, NC, VA",NA,0,0.012048193,787
788,Aralia hispida,Aralia hispida,Forb/herb,EFNative,1,VA,"IL, MN, WI, CT, IN, ME, MA, MI, NH, NJ, NY, OH, PA, RI, VT, WV, MD, NC, VA",NA,0,0.012048193,788
789,Arnoglossum reniforme,Arnoglossum reniforme,Forb/herb,EFNative,1,MA,"IL, IA, MN, MO, OK, WI, IN, NJ, OH, PA, WV, AL, AR, DE, GA, KY, MD, MS, NC, TN, VA",NA,0,0.012048193,789
790,Arundinaria tecta,Arundinaria tecta,Grass,EFNative,1,VA,"NJ, NY, AL, DE, FL, GA, LA, MD, MS, NC, SC, TN, VA",NA,0,0.012048193,790
791,Aureolaria flava,Aureolaria flava,Forb/herb,EFNative,1,VA,"IL, MO, WI, CT, IN, ME, MA, MI, NH, NJ, NY, OH, PA, RI, VT, WV, TX, AL, AR, DE, FL, GA, KY, LA, MD, MS, NC, SC, TN, VA",NA,0,0.012048193,791
792,Bidens aristosa,Bidens aristosa,Forb/herb,EFNative,1,VA,"IL, MN, MO, WI, IN, MI, TX, AL, AR, KY, LA, MD, NC, SC, TN, VA",NA,0,0.012048193,792
793,Bidens bipinnata,Bidens bipinnata,Forb/herb,EFNative,1,MD,"IL, IA, KS, MO, NE, OK, CT, IN, NJ, NY, OH, PA, RI, WV, AZ, NM, TX, AL, AR, FL, GA, KY, LA, MD, MS, NC, SC, TN, VA",NA,0,0.012048193,793
794,Boechera stricta,Boechera stricta,Forb/herb,EFNative,1,PA,"AK, CO, ID, MT, OR, WA, WY, IA, MN, ND, WI, ME, MA, MI, NH, NY, OH, RI, VT, AZ, CA, NV, UT, NM",NA,0,0.012048193,794
795,Boltonia decurrens,Boltonia decurrens,Forb/herb,EFNative,1,NJ,"IL, MO",NA,0,0.012048193,795
796,Borodinia laevigata,Borodinia laevigata,Forb/herb,EFNative,1,MD,"IL, IA, KS, MN, MO, OK, SD, WI, CT, IN, MA, MI, NH, NJ, NY, OH, PA, VT, WV, AL, AR, DE, GA, KY, MD, NC, SC, TN, VA",NA,0,0.012048193,796
797,Borrichia frutescens,Borrichia frutescens,Shrub,EFNative,1,VA,"TX, AL, FL, GA, LA, MD, MS, NC, SC, VA",NA,0,0.012048193,797
798,Brachyelytrum erectum,Brachyelytrum erectum,Grass,EFNative,1,VA,"IL, IA, KS, MN, MO, NE, OK, WI, CT, IN, MA, MI, NJ, NY, OH, PA, RI, VT, WV, TX, AL, AR, DE, FL, GA, KY, LA, MD, MS, NC, SC, TN, VA",NA,0,0.012048193,798
799,Bulbostylis capillaris,Bulbostylis capillaris,Grass,EFNative,1,PA,"IL, IA, KS, MN, MO, NE, OK, WI, CT, IN, ME, MA, MI, NH, NJ, NY, OH, PA, RI, VT, WV, AZ, CA, NM, TX, AL, AR, DE, FL, GA, KY, LA, MD, MS, NC, SC, TN, VA",NA,0,0.012048193,799
800,Calla palustris,Calla palustris,Forb/herb,EFNative,1,CT,"AK, IL, MN, ND, WI, CT, IN, ME, MA, MI, NH, NJ, NY, OH, PA, RI, VT, WV, MD",NA,0,0.012048193,800
801,Carex aggregata,Carex aggregata,Grass,EFNative,1,VA,"IL, IA, MN, MO, NE, OK, SD, WI, IN, NJ, NY, OH, PA, WV, AL, DE, KY, MD, NC, SC, TN, VA",NA,0,0.012048193,801
802,Carex arctata,Carex arctata,Grass,EFNative,1,CT,"MN, WI, CT, IN, ME, MA, MI, NH, NY, OH, PA, RI, VT, MD",NA,0,0.012048193,802
803,Carex argyrantha,Carex argyrantha,Grass,EFNative,1,NJ,"CT, ME, MA, MI, NH, NJ, NY, OH, PA, RI, VT, WV, DE, MD, NC, TN, VA",NA,0,0.012048193,803
804,Carex careyana,Carex careyana,Grass,EFNative,1,PA,"IL, IA, MN, MO, WI, IN, MI, NY, OH, PA, WV, AL, AR, GA, KY, MD, TN, VA",NA,0,0.012048193,804
805,Carex digitalis,Carex digitalis,Grass,EFNative,1,VA,"IL, MO, OK, WI, CT, IN, ME, MA, MI, NH, NJ, NY, OH, PA, RI, VT, WV, TX, AL, AR, DE, FL, GA, KY, LA, MD, MS, NC, SC, TN, VA",NA,0,0.012048193,805
806,Carex disperma,Carex disperma,Grass,EFNative,1,CT,"AK, CO, ID, MT, OR, WA, WY, IL, MN, ND, SD, WI, CT, IN, ME, MA, MI, NH, NJ, NY, OH, PA, VT, AZ, CA, NV, UT, NM",NA,0,0.012048193,806
807,Carex folliculata,Carex folliculata,Grass,EFNative,1,VA,"WI, CT, IN, ME, MA, MI, NH, NJ, NY, OH, PA, RI, VT, WV, DE, GA, MD, NC, SC, TN, VA",NA,0,0.012048193,807
808,Carex hirsutella,Carex hirsutella,Grass,EFNative,1,PA,"IL, IA, KS, MO, OK, WI, CT, IN, ME, MA, MI, NJ, NY, OH, PA, VT, WV, TX, AL, AR, DE, GA, KY, MD, MS, NC, SC, TN, VA",NA,0,0.012048193,808
809,Carex joorii,Carex joorii,Grass,EFNative,1,VA,"MO, TX, AL, AR, FL, GA, KY, LA, MD, MS, NC, SC, TN, VA",NA,0,0.012048193,809
810,Carex laxiflora,Carex laxiflora,Grass,EFNative,1,MA,"IL, MO, OK, WI, CT, IN, ME, MA, MI, NH, NJ, NY, OH, PA, RI, VT, WV, TX, AL, AR, DE, FL, GA, KY, MD, MS, NC, SC, TN, VA",NA,0,0.012048193,810
811,Carex willdenowii,Carex willdenowii,Grass,EFNative,1,VA,"IL, MO, CT, IN, MA, MI, NJ, NY, OH, PA, VT, WV, TX, AL, AR, DE, KY, MD, NC, SC, TN, VA",NA,0,0.012048193,811
812,Cartrema americana,Cartrema americana,Shrub,EFNative,1,VA,"AL, FL, GA, LA, MS, NC, SC, VA",NA,0,0.012048193,812
813,Ceanothus herbaceus,Ceanothus herbaceus,Shrub,EFNative,1,MA,"CO, MT, IL, IA, KS, MN, MO, ND, NE, OK, SD, WI, IN, MA, MI, NH, NY, OH, VT, WV, NM, TX, AR, KY, LA, TN, VA",NA,0,0.012048193,813
814,Cerastium arvense,Cerastium arvense,Forb/herb,EFNative,1,PA,"ME, NH, VT, MA, CT, RI, NY, NJ, PA, MD, DE, WV, VA, KY, TN, GA, MS, OH, IN, MI, IL, MN, WI, IA, ND, SD, NE, CO, WY, NM, NV, AZ, CA, WA, OR, MO, ID, UT",NA,0,0.012048193,814
815,Cerastium velutinum,Cerastium velutinum,Forb/herb,EFNative,1,MD,"IL, IA, MN, MO, IN, MA, MI, NJ, NY, OH, PA, WV, DE, KY, MD, TN, VA",NA,0,0.012048193,815
816,Cercis occidentalis,Cercis occidentalis,Shrub,EFNonNative,1,MD,"OR, AZ, CA, NV, UT",NA,0,0.012048193,816
817,Chamaecrista nictitans,Chamaecrista nictitans,Forb/herb,EFNative,1,VA,"IL, OK, MA, NY, PA, VT, WV, AZ, NM, TX, AL, FL, KY, MD, SC, TN",NA,0,0.012048193,817
818,Circaea lutetiana,Circaea lutetiana,Forb/herb,EFNative,1,VA,"AL, AR, CT, DE, GA, IL, IN, IA, KS, KY, LA, ME, MD, MA, MI, MN, MS, MO, NE, NH, NJ, NY, NC, ND, OH, OK, PA, RI, SC, SD, TN, VT, VA, WV, WI, WY",NA,0,0.012048193,818
819,Cirsium horridulum,Cirsium horridulum,Forb/herb,EFNative,1,VA,"OK, CT, ME, MA, NH, NJ, NY, PA, RI, TX, AL, AR, DE, FL, GA, LA, MD, MS, NC, SC, TN, VA",NA,0,0.012048193,819
820,Clintonia borealis,Clintonia borealis,Forb/herb,EFNative,1,CT,"IL, MN, WI, CT, IN, ME, MA, MI, NH, NJ, NY, OH, PA, RI, VT, WV, GA, MD, NC, TN, VA",NA,0,0.012048193,820
821,Cocculus carolinus,Cocculus carolinus,Vine,EFNative,1,VA,"KS, MO, OK, IN, TX, AL, AR, DE, FL, GA, KY, LA, MS, NC, SC, TN, VA",NA,0,0.012048193,821
822,Coleataenia pulchra,Coleataenia pulchra,Grass,EFNative,1,VA,"IL, MO, CT, IN, NJ, NY, OH, PA, RI, WV, TX, AL, AR, DE, GA, KY, LA, MD, MS, NC, SC, TN, VA",NA,0,0.012048193,822
823,Collinsia verna,Collinsia verna,Forb/herb,EFNative,1,PA,"IL, IA, KS, MO, OK, WI, IN, MI, NY, OH, PA, WV, TX, AL, AR, KY, TN, VA",NA,0,0.012048193,823
824,Commelina erecta,Commelina erecta,Forb/herb,EFNative,1,VA,"CO, WY, IL, IA, KS, MN, MO, NE, OK, SD, WI, IN, MI, NJ, NY, PA, RI, WV, AZ, NM, TX, AL, AR, DE, FL, GA, KY, LA, MD, MS, NC, SC, TN, VA",NA,0,0.012048193,824
825,Coreopsis leavenworthii,Coreopsis leavenworthii,Forb/herb,EFNative,1,VA,FL,NA,0,0.012048193,825
826,Coreopsis major,Coreopsis major,Forb/herb,EFNative,1,VA,"IN, MA, NY, OH, PA, WV, AL, FL, GA, KY, LA, MS, NC, SC, TN, VA",NA,0,0.012048193,826
827,Corydalis flavula,Corydalis flavula,Forb/herb,EFNative,1,PA,"IL, IA, KS, MO, NE, OK, IN, MI, NJ, NY, OH, PA, WV, AL, AR, DE, FL, KY, LA, MD, MS, NC, SC, TN, VA",NA,0,0.012048193,827
828,Crataegus marshallii,Crataegus marshallii,Shrub,EFNative,1,VA,"IL, MO, OK, TX, AL, AR, FL, GA, KY, LA, MS, NC, SC, TN, VA",NA,0,0.012048193,828
829,Cyperus echinatus,Cyperus echinatus,Grass,EFNative,1,MD,"IL, KS, MO, OK, WI, IN, NJ, NY, OH, PA, RI, WV, NM, TX, AL, AR, DE, FL, GA, KY, LA, MD, MS, NC, SC, TN, VA",NA,0,0.012048193,829
830,Desmodium ciliare,Desmodium ciliare,Forb/herb,EFNative,1,VA,"IL, MO, OK, IN, ME, NY, PA, WV, TX, AL, FL, GA, KY, MD, MS, NC, SC, TN",NA,0,0.012048193,830
831,Desmodium glabellum,Desmodium glabellum,Forb/herb,EFNative,1,MD,"IL, IA, KS, MO, OK, ME, TX, AL, AR, DE, FL, GA, KY, LA, MD, MS, NC, SC, TN, VA",NA,0,0.012048193,831
832,Desmodium marilandicum,Desmodium marilandicum,Forb/herb,EFNative,1,VA,"IL, MO, OK, CT, IN, ME, MA, NY, PA, RI, WV, TX, AL, AR, FL, GA, KY, LA, MD, MS, NC, SC, TN, VA",NA,0,0.012048193,832
833,Desmodium perplexum,Desmodium perplexum,Forb/herb,EFNative,1,VA,"IL, IA, MO, OK, WI, IN, MA, NY, OH, PA, VT, WV, AL, MD, NC, SC, TN",NA,0,0.012048193,833
834,Dichanthelium depauperatum,Dichanthelium depauperatum,Grass,EFNative,1,PA,"CO, WY, IL, IA, KS, MN, MO, NE, OK, WI, CT, IN, ME, MA, MI, NH, NJ, NY, OH, PA, RI, VT, WV, TX, AL, AR, DE, GA, KY, LA, MD, MS, NC, SC, TN, VA",NA,0,0.012048193,834
835,Dichanthelium dichotomum,Dichanthelium dichotomum,Grass,EFNative,1,VA,"IL, IA, MN, MO, OK, WI, CT, IN, ME, MA, MI, NH, NJ, NY, OH, PA, RI, VT, WV, TX, AL, AR, DE, FL, GA, KY, LA, MD, MS, NC, SC, TN, VA",NA,0,0.012048193,835
836,Dichanthelium latifolium,Dichanthelium latifolium,Grass,EFNative,1,PA,"IL, IA, KS, MN, MO, NE, OK, WI, CT, IN, ME, MA, MI, NH, NJ, NY, OH, PA, RI, VT, WV, TX, AL, AR, DE, GA, KY, MD, MS, NC, SC, TN, VA",NA,0,0.012048193,836
837,Dichanthelium laxiflorum,Dichanthelium laxiflorum,Grass,EFNative,1,VA,"IL, MO, OK, IN, OH, PA, RI, WV, TX, AL, AR, FL, GA, KY, LA, MD, MS, NC, SC, TN, VA",NA,0,0.012048193,837
838,Dichanthelium scoparium,Dichanthelium scoparium,Grass,EFNative,1,VA,"IL, KS, MO, OK, CT, IN, MA, MI, NJ, NY, PA, RI, TX, AL, AR, DE, FL, GA, KY, LA, MD, MS, NC, SC, TN, VA",NA,0,0.012048193,838
839,Eragrostis hirsuta,Eragrostis hirsuta,Grass,EFNative,1,VA,"IL, MO, OK, MA, NJ, OH, WV, TX, AL, AR, DE, FL, GA, KY, LA, MD, MS, NC, SC, TN, VA",NA,0,0.012048193,839
840,Erechtites hieraciifolius,Erechtites hieraciifolius,Forb/herb,EFNative,1,NJ,"IL, IA, KS, MN, MO, NE, OK, SD, WI, CT, IN, ME, MA, MI, NH, NJ, NY, OH, PA, RI, VT, WV, TX, AL, AR, DE, FL, GA, KY, LA, MD, MS, NC, SC, TN, VA",NA,0,0.012048193,840
841,Erianthus brevibarbis,Erianthus brevibarbis,Grass,EFNative,1,MD,"IL, OK, TX, AL, AR, LA, MD, MS, NC, TN",NA,0,0.012048193,841
842,Eupatorium godfreyanum,Eupatorium godfreyanum,Forb/herb,EFNative,1,VA,"NJ, OH, WV, KY, MD, NC, VA",NA,0,0.012048193,842
843,Eupatorium pilosum,Eupatorium pilosum,Forb/herb,EFNative,1,VA,"CT, MA, NJ, NY, PA, RI, WV, AL, DE, FL, GA, KY, LA, MD, MS, NC, SC, TN, VA",NA,0,0.012048193,843
844,Fraxinus quadrangulata,Fraxinus quadrangulata,Tree,EFNative,1,PA,"IL, IA, KS, MN, MO, OK, WI, IN, MI, OH, WV, AL, AR, GA, KY, MS, TN, VA",NA,0,0.012048193,844
845,Galax urceolata,Galax urceolata,Forb/herb,EFNative,1,VA,"OH, WV, AL, GA, KY, MD, NC, SC, TN, VA",NA,0,0.012048193,845
846,Gentiana villosa,Gentiana villosa,Forb/herb,EFNative,1,PA,"IN, NJ, OH, PA, WV, AL, DE, FL, GA, KY, LA, MD, MS, NC, SC, TN, VA",NA,0,0.012048193,846
847,Geranium carolinianum,Geranium carolinianum,Forb/herb,EFNative,1,VA,"CO, ID, MT, OR, WA, WY, IL, IA, KS, MN, MO, ND, NE, OK, SD, WI, CT, IN, ME, MA, MI, NH, NJ, NY, OH, PA, RI, VT, WV, AZ, CA, NV, UT, NM, TX, AL, AR, DE, FL, GA, KY, LA, MD, MS, NC, SC, TN, VA",NA,0,0.012048193,847
848,Geum laciniatum,Geum laciniatum,Forb/herb,EFNative,1,MA,"IL, IA, KS, MN, MO, NE, SD, WI, CT, IN, ME, MA, MI, NH, NJ, NY, OH, PA, RI, VT, WV, DE, KY, MD, NC, TN, VA",NA,0,0.012048193,848
849,Geum vernum,Geum vernum,Forb/herb,EFNative,1,NJ,"IL, IA, KS, MO, NE, OK, WI, IN, MA, MI, NJ, NY, OH, PA, VT, WV, AL, AR, DE, GA, KY, MD, NC, TN, VA",NA,0,0.012048193,849
850,Geum virginianum,Geum virginianum,Forb/herb,EFNative,1,VA,"IL, MO, OK, WI, CT, IN, MA, MI, NJ, NY, OH, PA, RI, VT, WV, AL, AR, DE, GA, KY, MD, NC, SC, TN, VA",NA,0,0.012048193,850
851,Glyceria grandis,Glyceria grandis,Grass,EFNative,1,MD,"AK, CO, ID, MT, OR, WA, WY, IL, IA, MN, ND, NE, SD, WI, CT, IN, ME, MA, MI, NH, NJ, NY, OH, PA, RI, VT, WV, AZ, CA, NV, UT, NM, DE, MD, MS, NC, TN, VA",NA,0,0.012048193,851
852,Glycyrrhiza lepidota,Glycyrrhiza lepidota,Forb/herb,EFNative,1,MA,"CO, ID, MT, OR, WA, WY, IL, IA, KS, MN, MO, ND, NE, OK, SD, WI, CT, IN, ME, MA, NY, PA, RI, AZ, CA, NV, UT, NM, TX, AR, VA",WY,0,0.012048193,852
853,Hasteola suaveolens,Hasteola suaveolens,Forb/herb,EFNative,1,PA,"IL, IA, MN, MO, WI, CT, IN, MA, NJ, NY, OH, PA, RI, WV, KY, MD, NC, TN, VA",NA,0,0.012048193,853
854,Heracleum maximum,Heracleum maximum,Forb/herb,EFNative,1,CT,"AK, CO, ID, MT, OR, WA, WY, IL, IA, KS, MN, MO, ND, NE, SD, WI, CT, IN, ME, MA, MI, NH, NJ, NY, OH, PA, RI, VT, WV, AZ, CA, NV, UT, NM, DE, GA, KY, MD, NC, TN, VA",NA,0,0.012048193,854
855,Heterotheca villosa,Heterotheca villosa,Forb/herb,EFNative,1,PA,"CO, MT, WY, KS, ND, NE, SD, MI",NA,0,0.012048193,855
856,Hieracium scabrum,Hieracium scabrum,Forb/herb,EFNative,1,PA,"IL, IA, MN, MO, OK, WI, CT, IN, ME, MA, MI, NH, NJ, NY, OH, PA, RI, VT, WV, AR, DE, GA, KY, MD, NC, SC, TN, VA",NA,0,0.012048193,856
857,Hieracium umbellatum,Hieracium umbellatum,Forb/herb,EFNative,1,NJ,"AK, CO, ID, MT, OR, WA, WY, IL, IA, MN, MO, ND, NE, SD, WI, CT, IN, ME, MA, MI, NH, NJ, NY, OH, PA, RI, VT, WV",NA,0,0.012048193,857
858,Houstonia purpurea,Houstonia purpurea,Forb/herb,EFNative,1,VA,"IL, MO, OK, IN, OH, PA, VT, WV, TX, AL, AR, DE, GA, KY, LA, MD, MS, NC, SC, TN, VA",NA,0,0.012048193,858
859,Hydrocotyle umbellata,Hydrocotyle umbellata,Forb/herb,EFNative,1,VA,"OR, IL, MN, OK, CT, IN, MA, MI, NJ, NY, OH, PA, RI, CA, TX, AL, AR, DE, FL, GA, LA, MD, MS, NC, SC, VA",NA,0,0.012048193,859
860,Hydrophyllum macrophyllum,Hydrophyllum macrophyllum,Forb/herb,EFNative,1,VA,"IL, IN, OH, PA, WV, AL, AR, GA, KY, MD, MS, NC, TN, VA",NA,0,0.012048193,860
861,Hypericum majus,Hypericum majus,Forb/herb,EFNative,1,MA,"CO, ID, MT, OR, WA, IL, IA, KS, MN, MO, ND, NE, OK, SD, WI, CT, IN, ME, MA, MI, NH, NJ, NY, OH, PA, RI, VT, DE",NA,0,0.012048193,861
862,Hypericum mutilum,Hypericum mutilum,Forb/herb,EFNative,1,NJ,"IL, IA, KS, MN, MO, NE, OK, WI, CT, IN, ME, MA, MI, NH, NJ, NY, OH, PA, RI, VT, WV, NM, TX, AL, AR, DE, FL, GA, KY, LA, MD, MS, NC, SC, TN, VA",NA,0,0.012048193,862
863,Ilex collina,Ilex collina,Shrub,EFNative,1,PA,"WV, NC, TN, VA",NA,0,0.012048193,863
864,Impatiens pallida,Impatiens pallida,Forb/herb,EFNative,1,VA,"IL, IA, KS, MN, MO, ND, NE, OK, SD, WI, CT, IN, ME, MA, MI, NH, NJ, NY, OH, PA, RI, VT, WV, AL, AR, DE, GA, KY, MD, NC, SC, TN, VA",NA,0,0.012048193,864
865,Juncus biflorus,Juncus biflorus,Grass,EFNative,1,VA,"IL, KS, MO, MA, NJ, NY, OH, PA, AZ, TX, AL, AR, FL, MD, MS, NC, SC, TN, VA",NA,0,0.012048193,865
866,Juncus coriaceus,Juncus coriaceus,Grass,EFNative,1,VA,"OK, NJ, NY, TX, AL, AR, DE, FL, GA, KY, LA, MD, MS, NC, SC, TN, VA",NA,0,0.012048193,866
867,Juncus gymnocarpus,Juncus gymnocarpus,Grass,EFNative,1,PA,"PA, AL, FL, MS, NC, SC, TN",NA,0,0.012048193,867
868,Juncus marginatus,Juncus marginatus,Grass,EFNative,1,MD,"CO, OR, IL, IA, KS, MN, MO, NE, OK, SD, WI, CT, IN, ME, MA, MI, NH, NJ, NY, OH, PA, RI, VT, WV, AZ, CA, NM, TX, AL, AR, DE, FL, GA, KY, LA, MD, MS, NC, SC, TN, VA",NA,0,0.012048193,868
869,Kosteletzkya pentacarpos,Kosteletzkya pentacarpos,Forb/herb,EFNative,1,MD,"NJ, NY, PA, TX, AL, DE, FL, GA, LA, MD, MS, NC, SC, VA",NA,0,0.012048193,869
870,Krigia dandelion,Krigia dandelion,Forb/herb,EFNative,1,MD,"IL, KS, MO, OK, IN, NJ, OH, WV, TX, AL, AR, DE, FL, GA, KY, LA, MD, MS, NC, SC, TN, VA",NA,0,0.012048193,870
871,Lactuca biennis,Lactuca biennis,Forb/herb,EFNative,1,VA,"AK, CO, ID, MT, OR, WA, WY, IL, IA, MN, ND, SD, WI, CT, IN, ME, MA, MI, NH, NJ, NY, OH, PA, RI, VT, WV, CA, UT, NM, DE, KY, MD, NC, TN, VA",NA,0,0.012048193,871
872,Lactuca canadensis,Lactuca canadensis,Forb/herb,EFNative,1,VA,"CO, ID, MT, OR, WA, WY, IL, IA, KS, MN, MO, ND, NE, OK, SD, WI, CT, IN, ME, MA, MI, NH, NJ, NY, OH, PA, RI, VT, WV, AZ, CA, NV, UT, NM, TX, AL, AR, DE, FL, GA, KY, LA, MD, MS, NC, SC, TN, VA",NA,0,0.012048193,872
873,Lactuca floridana,Lactuca floridana,Forb/herb,EFNative,1,PA,"IL, IA, KS, MN, MO, NE, OK, SD, WI, IN, MA, MI, NJ, NY, OH, PA, WV, TX, AL, AR, DE, FL, GA, KY, LA, MD, MS, NC, SC, TN, VA",NA,0,0.012048193,873
874,Leersia virginica,Leersia virginica,Grass,EFNative,1,VA,"WY, IL, IA, KS, MN, MO, ND, NE, OK, SD, WI, CT, IN, ME, MA, MI, NH, NJ, NY, OH, PA, RI, VT, WV, TX, AL, AR, DE, FL, GA, KY, LA, MD, MS, NC, SC, TN, VA",NA,0,0.012048193,874
875,Lespedeza angustifolia,Lespedeza angustifolia,Forb/herb,EFNative,1,PA,"ME, MA, NJ, NY, AL, FL, GA, MD, NC, SC, TN, VA",NA,0,0.012048193,875
876,Lespedeza procumbens,Lespedeza procumbens,Forb/herb,EFNative,1,VA,"IL, MO, OK, WI, IN, NY, PA, VT, WV, TX, AL, AR, FL, GA, KY, LA, MD, MS, NC, SC, TN, VA",NA,0,0.012048193,876
877,Lespedeza repens,Lespedeza repens,Forb/herb,EFNative,1,VA,"IL, KS, MO, OK, WI, CT, IN, NJ, NY, WV, TX, AL, AR, DE, KY, LA, MD, MS, NC, SC, TN, VA",NA,0,0.012048193,877
878,Liatris punctata,Liatris punctata,Forb/herb,EFNative,1,VA,"CO, MT, WY, IL, IA, KS, MN, MO, ND, NE, OK, SD, WI, MI, OH, NM, TX, AR, LA",NA,0,0.012048193,878
879,Ludwigia maritima,Ludwigia maritima,Forb/herb,EFNative,1,VA,"AL, FL, GA, LA, MS, NC, SC",NA,0,0.012048193,879
880,Luzula echinata,Luzula echinata,Grass,EFNative,1,VA,"IL, IA, KS, MO, OK, CT, IN, MA, NJ, NY, OH, PA, RI, WV, TX, AL, AR, DE, FL, GA, KY, LA, MD, NC, SC, TN, VA",NA,0,0.012048193,880
881,Lyonia lucida,Lyonia lucida,Shrub,EFNative,1,VA,"AL, FL, GA, LA, MS, NC, SC, VA",NA,0,0.012048193,881
882,Lysimachia borealis,Lysimachia borealis,Forb/herb,EFNative,1,MA,"IL, MN, WI, CT, IN, ME, MA, MI, NH, NJ, NY, OH, PA, RI, VT, WV, KY, MD, NC, TN, VA",NA,0,0.012048193,882
883,Lysimachia terrestris,Lysimachia terrestris,Forb/herb,EFNative,1,PA,"IL, IA, MN, OK, WI, CT, IN, ME, MA, MI, NH, NJ, NY, OH, PA, RI, VT, WV, DE, GA, KY, MD, NC, SC, TN, VA",NA,0,0.012048193,883
884,Magnolia fraseri,Magnolia fraseri,Tree,EFNative,1,PA,"WV, TX, AL, FL, GA, KY, LA, MS, NC, SC, TN, VA",NA,0,0.012048193,884
885,Melica mutica,Melica mutica,Grass,EFNative,1,VA,"IL, IA, OK, IN, NJ, WV, TX, AL, AR, FL, GA, KY, LA, MD, MS, NC, SC, TN, VA",NA,0,0.012048193,885
886,Mikania scandens,Mikania scandens,Forb/herb,EFNative,1,PA,"IL, MO, OK, CT, IN, ME, MA, MI, NH, NJ, NY, PA, RI, TX, AL, AR, DE, FL, GA, KY, LA, MD, MS, NC, SC, TN, VA",HI,0,0.012048193,886
887,Minuartia michauxii,Minuartia michauxii,Forb/herb,EFNative,1,PA,"IL, IA, KS, MN, MO, NE, OK, SD, WI, CT, IN, MA, MI, NH, NJ, NY, OH, PA, RI, VT, WV, NM, TX, AL, AR, DE, KY, MD, VA",NA,0,0.012048193,887
888,Muhlenbergia sobolifera,Muhlenbergia sobolifera,Grass,EFNative,1,CT,"IL, IA, KS, MN, MO, NE, OK, WI, CT, IN, ME, MA, NH, NJ, NY, OH, PA, RI, VT, WV, TX, AL, AR, DE, GA, KY, MD, MS, NC, TN, VA",NA,0,0.012048193,888
889,Nabalus trifoliolatus,Nabalus trifoliolatus,Forb/herb,EFNative,1,MA,"CT, IN, ME, MA, MI, NH, NJ, NY, OH, PA, RI, VT, WV, GA, KY, MD, NC, SC, TN, VA",NA,0,0.012048193,889
890,Nassella viridula,Nassella viridula,Grass,EFNative,1,MD,"CO, ID, MT, WY, IL, IA, KS, MN, ND, NE, SD, WI, AZ, CA, UT, NM",NA,0,0.012048193,890
891,Nuphar variegata,Nuphar variegata,Forb/herb,EFNative,1,CT,"ID, MT, IL, IA, MN, ND, NE, SD, WI, CT, IN, ME, MA, MI, NH, NJ, NY, OH, PA, RI, VT, DE, MD",NA,0,0.012048193,891
892,Nuttallanthus canadensis,Nuttallanthus canadensis,Forb/herb,EFNative,1,PA,"MT, WA, IL, IA, KS, MN, MO, ND, NE, OK, SD, WI, CT, IN, ME, MA, MI, NH, NJ, NY, OH, PA, RI, VT, WV, CA, TX, AL, AR, DE, FL, GA, LA, MD, MS, NC, SC, TN, VA",NA,0,0.012048193,892
893,Nyssa ogeche,Nyssa ogeche,Tree,EFNative,1,PA,"AL, FL, GA, SC",NA,0,0.012048193,893
894,Oclemena acuminata,Oclemena acuminata,Forb/herb,EFNative,1,PA,"CT, ME, MA, NH, NJ, NY, OH, PA, RI, VT, WV, GA, KY, MD, NC, TN, VA",NA,0,0.012048193,894
895,Oenothera filiformis,Oenothera filiformis,Forb/herb,EFNative,1,MA,"CO, IL, IA, KS, MO, NE, OK, WI, IN, MI, OH, TX, AL, AR, KY, LA, MS, TN",NA,0,0.012048193,895
896,Oenothera pilosella,Oenothera pilosella,Forb/herb,EFNative,1,VT,"IL, IA, MO, OK, WI, IN, MI, NY, OH, PA, WV, AL, AR, KY, LA, MS, TN, VA",NA,0,0.012048193,896
897,Orbexilum pedunculatum,Orbexilum pedunculatum,Forb/herb,EFNative,1,VA,"IL, KS, MO, OK, IN, OH, TX, AL, FL, GA, KY, LA, MS, NC, SC, TN, VA",NA,0,0.012048193,897
898,Osmunda spectabilis,Osmunda spectabilis,Forb/herb,EFNative,1,VA,"IL, IA, KS, MN, MO, OK, WI, CT, IN, ME, MA, MI, NH, NJ, NY, OH, PA, RI, VT, WV, TX, AL, AR, DE, FL, GA, KY, LA, MD, MS, NC, SC, TN, VA",NA,0,0.012048193,898
899,Oxalis stricta,Oxalis stricta,Forb/herb,EFNative,1,NJ,"CO, ID, IL, IA, KS, MN, MO, ND, NE, OK, SD, WI, CT, IN, ME, MA, MI, NH, NJ, NY, OH, PA, RI, VT, WV, AL, AR, DE, GA, KY, LA, MD, MS, NC, SC, TN, VA",NA,0,0.012048193,899
900,Paspalum floridanum,Paspalum floridanum,Grass,EFNative,1,VA,"IL, KS, MO, OK, IN, NJ, OH, PA, TX, AL, AR, DE, FL, GA, KY, LA, MD, MS, NC, SC, TN, VA",NA,0,0.012048193,900
901,Paspalum laeve,Paspalum laeve,Grass,EFNative,1,VA,"IL, KS, MO, OK, CT, IN, MA, MI, NJ, NY, OH, PA, WV, TX, AL, AR, DE, FL, GA, KY, LA, MD, MS, NC, SC, TN, VA",NA,0,0.012048193,901
902,Persicaria amphibia,Persicaria amphibia,Forb/herb,EFNative,1,MD,"AK, CO, ID, MT, OR, WY, IL, IA, KS, MN, MO, ND, NE, OK, SD, WI, CT, IN, ME, MA, MI, NH, NJ, NY, OH, PA, RI, VT, WV, AZ, CA, NV, UT, NM, TX, AL, AR, DE, KY, LA, MD, MS, NC, SC, TN, VA",NA,0,0.012048193,902
903,Phemeranthus teretifolius,Phemeranthus teretifolius,Forb/herb,EFNative,1,NJ,"PA, WV, AL, DE, GA, KY, MD, NC, SC, TN, VA",NA,0,0.012048193,903
904,Phryma leptostachya,Phryma leptostachya,Forb/herb,EFNative,1,VA,"WY, IL, IA, KS, MN, MO, ND, NE, OK, SD, WI, CT, IN, ME, MA, MI, NH, NJ, NY, OH, PA, RI, VT, WV, TX, AL, AR, DE, FL, GA, KY, LA, MD, MS, NC, SC, TN, VA",NA,0,0.012048193,904
905,Pityopsis graminifolia,Pityopsis graminifolia,Forb/herb,EFNative,1,MD,"OH, WV, TX, AL, AR, DE, FL, GA, KY, LA, MD, MS, NC, SC, TN, VA",NA,0,0.012048193,905
906,Platanthera ciliaris,Platanthera ciliaris,Forb/herb,EFNative,1,VA,"IL, MO, OK, WI, CT, IN, MA, MI, NJ, NY, OH, PA, RI, WV, TX, AL, AR, DE, FL, GA, KY, LA, MD, MS, NC, SC, TN, VA",NA,0,0.012048193,906
907,Platanthera flava,Platanthera flava,Forb/herb,EFNative,1,VA,"IL, IA, MN, MO, OK, WI, CT, IN, ME, MA, MI, NH, NJ, NY, OH, PA, RI, VT, WV, TX, AL, AR, DE, FL, GA, KY, LA, MD, MS, NC, SC, TN, VA",NA,0,0.012048193,907
908,Polygonum virginianum,Polygonum virginianum,Forb/herb,EFNative,1,NJ,"IL, IA, KS, MN, MO, NE, OK, WI, CT, IN, MA, MI, NH, NJ, NY, OH, PA, RI, VT, WV, TX, AL, AR, DE, FL, GA, KY, LA, MD, MS, NC, SC, TN, VA",NA,0,0.012048193,908
909,Potamogeton nodosus,Potamogeton nodosus,Forb/herb,EFNative,1,MA,"CO, ID, MT, OR, WA, WY, IL, IA, KS, MN, MO, ND, NE, OK, SD, WI, CT, IN, ME, MA, MI, NH, NJ, NY, OH, PA, RI, VT, WV, AZ, CA, NV, UT, NM, TX, AR, DE, FL, GA, KY, LA, MD, MS, NC, SC, TN, VA",NA,0,0.012048193,909
910,Potentilla arguta,Potentilla arguta,Forb/herb,EFNative,1,PA,"CO, MT, WY, IL, IA, KS, MN, MO, ND, NE, SD, WI, IN, ME, MA, NH, NJ, NY, OH, PA, VT, WV, NM, AR, MD, TN, VA",NA,0,0.012048193,910
911,Potentilla canadensis,Potentilla canadensis,Forb/herb,EFNative,1,VA,"MO, CT, ME, MA, NH, NJ, NY, OH, PA, RI, VT, WV, AL, DE, KY, MD, NC, SC, TN, VA",NA,0,0.012048193,911
912,Primula fassettii,Primula fassettii,Forb/herb,EFNative,1,VA,"IL, IA, MN, MO, WI, PA",NA,0,0.012048193,912
913,Prunus alleghaniensis,Prunus alleghaniensis,Shrub,EFNative,1,PA,"CT, MA, MI, PA, WV, TX, AL, AR, FL, GA, LA, MD, MS, NC, SC, TN, VA",NA,0,0.012048193,913
914,Prunus caroliniana,Prunus caroliniana,Shrub,EFNative,1,VA,"TX, AL, AR, FL, GA, LA, MS, NC, SC",NA,0,0.012048193,914
915,Quercus geminata,Quercus geminata,Shrub,EFNative,1,VA,"AL, FL, GA, LA, MS, NC, SC",NA,0,0.012048193,915
916,Ranunculus hispidus,Ranunculus hispidus,Forb/herb,EFNative,1,NJ,"IL, IA, KS, MN, MO, ND, OK, SD, WI, CT, IN, ME, MA, MI, NH, NJ, NY, OH, PA, RI, VT, WV, AL, AR, DE, GA, KY, MD, MS, NC, SC, TN, VA",NA,0,0.012048193,916
917,Rhexia mariana,Rhexia mariana,Forb/herb,EFNative,1,MD,"IL, KS, MO, OK, IN, MA, MI, NJ, NY, PA, WV, TX, AL, AR, DE, FL, GA, KY, LA, MD, MS, NC, SC, TN, VA",NA,0,0.012048193,917
918,Ribes cynosbati,Ribes cynosbati,Shrub,EFNative,1,NJ,"IL, IA, MN, MO, ND, OK, SD, WI, CT, IN, ME, MA, MI, NH, NJ, NY, OH, VT, WV, AL, AR, GA, KY, MD, NC, TN, VA",NA,0,0.012048193,918
919,Ribes missouriense,Ribes missouriense,Shrub,EFNative,1,NJ,"IL, IA, KS, MN, MO, ND, NE, OK, SD, WI, CT, IN, NJ, NY, OH, PA, WV, AR, KY, MD, TN, VA",NA,0,0.012048193,919
920,Rubus argutus,Rubus argutus,Shrub,EFNative,1,VA,"IL, MO, OK, CT, IN, ME, MA, NJ, OH, PA, RI, WV, TX, AL, AR, DE, FL, GA, KY, LA, MD, MS, NC, SC, TN, VA",HI,0,0.012048193,920
921,Rubus canadensis,Rubus canadensis,Shrub,EFNative,1,PA,"IL, MN, WI, CT, ME, MA, MI, NH, NJ, NY, OH, PA, RI, VT, WV, AL, GA, KY, MD, NC, SC, TN, VA",NA,0,0.012048193,921
922,Rubus hispidus,Rubus hispidus,Shrub,EFNative,1,MA,"IL, MN, WI, CT, IN, ME, MI, NH, NJ, NY, OH, PA, RI, VT, WV, AL, DE, GA, KY, MD, MS, NC, SC, TN",NA,0,0.012048193,922
923,Rubus pensilvanicus,Rubus pensilvanicus,Shrub,EFNative,1,NJ,"IL, IA, KS, MN, MO, NE, OK, WI, CT, IN, ME, MA, MI, NH, NJ, NY, OH, PA, RI, VT, WV, TX, AL, AR, DE, FL, GA, KY, LA, MD, MS, NC, SC, TN, VA",NA,0,0.012048193,923
924,Ruellia purshiana,Ruellia purshiana,Forb/herb,EFNative,1,NJ,"WV, AL, GA, LA, MD, NC, SC, TN, VA",NA,0,0.012048193,924
925,Rumex altissimus,Rumex altissimus,Forb/herb,EFNative,1,MA,"CO, WY, IL, IA, KS, MN, MO, NE, OK, SD, WI, CT, IN, ME, MA, MI, NH, NJ, NY, OH, PA, RI, VT, WV, AZ, NM, TX, AL, AR, DE, FL, GA, KY, LA, MD, MS, NC, SC, TN, VA",NA,0,0.012048193,925
926,Sabatia stellaris,Sabatia stellaris,Forb/herb,EFNative,1,VA,"CT, MA, NJ, NY, RI, AL, DE, FL, GA, LA, MD, MS, NC, SC, VA",NA,0,0.012048193,926
927,Sagittaria rigida,Sagittaria rigida,Forb/herb,EFNative,1,PA,"ID, WA, IL, IA, KS, MN, MO, NE, WI, CT, IN, ME, MA, MI, NH, NJ, NY, OH, PA, RI, VT, WV, CA, AR, DE, KY, MD, TN, VA",NA,0,0.012048193,927
928,Salix cordata,Salix cordata,Shrub,EFNative,1,PA,"IL, WI, IN, MI, NY, PA",NA,0,0.012048193,928
929,Salix eriocephala,Salix eriocephala,Shrub,EFNative,1,CT,"IL, IA, KS, MN, MO, ND, NE, SD, WI, CT, IN, ME, MA, MI, NH, NJ, NY, OH, PA, RI, VT, WV, AL, AR, DE, FL, GA, KY, MD, TN, VA",NA,0,0.012048193,929
930,Salix interior,Salix interior,Shrub,EFNative,1,PA,"AK, CO, MT, WY, IL, IA, KS, MN, MO, ND, NE, OK, SD, WI, CT, IN, ME, MI, NJ, NY, OH, PA, VT, WV, NM, TX, AR, DE, KY, LA, MD, MS, TN, VA",NA,0,0.012048193,930
931,Sambucus cerulea,Sambucus cerulea,Shrub,EFNonNative,1,NJ,"CO, ID, MT, OR, WA, WY, OK, AZ, CA, NV, UT, NM, TX",NA,0,0.012048193,931
932,Schizachyrium littorale,Schizachyrium littorale,Grass,EFNative,1,PA,"IL, CT, IN, MA, NJ, NY, OH, PA, TX, AL, DE, FL, GA, LA, MD, MS, NC, VA",NA,0,0.012048193,932
933,Schoenoplectiella smithii,Schoenoplectiella smithii,Grass,EFNative,1,PA,"IL, MN, WI, CT, IN, ME, MA, MI, NH, NJ, NY, OH, PA, RI, VT, DE, MD, NC, VA",NA,0,0.012048193,933
934,Schoenoplectus acutus,Schoenoplectus acutus,Grass,EFNative,1,MA,"AK, CO, ID, MT, OR, WA, WY, IL, IA, KS, MN, MO, ND, NE, OK, SD, WI, CT, IN, ME, MA, MI, NH, NJ, NY, OH, PA, RI, VT, WV, AZ, CA, NV, UT, NM, TX, AL, AR, DE, KY, MD, NC, VA",NA,0,0.012048193,934
935,Schoenoplectus americanus,Schoenoplectus americanus,Grass,EFNative,1,MA,"AK, CO, ID, OR, WA, WY, IL, KS, MO, OK, CT, ME, MA, MI, NH, NJ, NY, RI, VT, AZ, CA, NV, UT, NM, TX, AL, DE, FL, GA, LA, MD, MS, NC, SC, VA",NA,0,0.012048193,935
936,Scirpus atrocinctus,Scirpus atrocinctus,Grass,EFNative,1,NJ,"MT, WA, WY, IL, IA, MN, SD, WI, CT, ME, MA, MI, NH, NJ, NY, PA, RI, VT, WV",NA,0,0.012048193,936
937,Scrophularia lanceolata,Scrophularia lanceolata,Forb/herb,EFNative,1,NH,"CO, ID, MT, OR, WA, WY, IL, IA, KS, MN, MO, ND, NE, OK, SD, WI, CT, IN, ME, MA, MI, NH, NJ, NY, OH, PA, RI, VT, WV, CA, NV, UT, NM, DE, MD, TN, VA",NA,0,0.012048193,937
938,Scrophularia macrantha,Scrophularia macrantha,Forb/herb,EFNonNative,1,PA,NM,NA,0,0.012048193,938
939,Scutellaria galericulata,Scutellaria galericulata,Forb/herb,EFNative,1,NJ,"AK, CO, ID, MT, OR, WA, WY, IL, IA, KS, MN, MO, ND, NE, OK, SD, WI, CT, IN, ME, MA, MI, NH, NJ, NY, OH, PA, RI, VT, WV, AZ, CA, NM, TX, DE, FL, GA, MD, NC",NA,0,0.012048193,939
940,Sedum nevii,Sedum nevii,Forb/herb,EFNative,1,PA,"AL, GA, TN",NA,0,0.012048193,940
941,Sericocarpus linifolius,Sericocarpus linifolius,Forb/herb,EFNative,1,VA,"CT, IN, MA, NH, NJ, NY, OH, PA, RI, WV, AL, DE, GA, KY, LA, MD, MS, NC, SC, TN, VA",NA,0,0.012048193,941
942,Sicyos angulatus,Sicyos angulatus,Forb/herb,EFNative,1,NJ,"IL, IA, KS, MN, MO, ND, NE, OK, SD, WI, CT, IN, ME, MA, MI, NH, NJ, NY, OH, PA, RI, VT, WV, TX, AL, AR, KY, LA, MD, MS, NC, SC, TN, VA","DE, IN",0,0.012048193,942
943,Silene antirrhina,Silene antirrhina,Forb/herb,EFNative,1,PA,"CO, ID, MT, OR, WA, WY, IL, IA, KS, MN, MO, ND, NE, OK, SD, WI, CT, IN, ME, MA, MI, NH, NJ, NY, OH, PA, RI, VT, WV, AZ, CA, NV, UT, NM, TX, AL, AR, DE, FL, GA, KY, LA, MD, MS, NC, SC, TN, VA",NA,0,0.012048193,943
944,Silene nivea,Silene nivea,Forb/herb,EFNative,1,VA,"IL, IA, MN, MO, WI, IN, MA, OH, PA, VT, WV, KY, MD",NA,0,0.012048193,944
945,Sisyrinchium montanum,Sisyrinchium montanum,Forb/herb,EFNative,1,CT,"CO, ID, MT, WY, IL, KS, MN, ND, NE, SD, WI, CT, IN, ME, MA, MI, NH, NJ, NY, PA, RI, VT, NM",NA,0,0.012048193,945
946,Smallanthus uvedalia,Smallanthus uvedalia,Forb/herb,EFNative,1,VA,"IL, KS, MO, OK, IN, MI, NJ, NY, OH, PA, WV, TX, AL, AR, DE, FL, GA, KY, LA, MD, MS, NC, SC, TN, VA",NA,0,0.012048193,946
947,Smilax rotundifolia,Smilax rotundifolia,Shrub,EFNative,1,NJ,"IL, KS, MO, OK, CT, IN, ME, MA, MI, NH, NJ, NY, OH, PA, RI, WV, TX, AL, AR, DE, FL, GA, KY, LA, MD, MS, NC, SC, TN, VA",NA,0,0.012048193,947
948,Solidago hispida,Solidago hispida,Forb/herb,EFNative,1,PA,"IL, IA, MN, MO, OK, SD, WI, CT, IN, ME, MA, MI, NH, NJ, NY, OH, PA, RI, VT, WV, AL, AR, DE, GA, KY, LA, MD, NC, SC, TN, VA",NA,0,0.012048193,948
949,Solidago pinetorum,Solidago pinetorum,Forb/herb,EFNative,1,VA,"NC, SC, VA",NA,0,0.012048193,949
950,Solidago roanensis,Solidago roanensis,Forb/herb,EFNative,1,VA,"WV, AL, GA, MD, NC, SC, TN, VA",NA,0,0.012048193,950
951,Solidago simplex,Solidago simplex,Forb/herb,EFNative,1,PA,"AK, CO, ID, MT, OR, WA, WY, MN, ND, SD, WI, IN, ME, MA, MI, NH, NY, PA, VT, WV, AZ, UT, NM, TX, MD, VA",NA,0,0.012048193,951
952,Solidago squarrosa,Solidago squarrosa,Forb/herb,EFNative,1,VA,"CT, IN, ME, MA, NH, NJ, NY, OH, PA, RI, VT, WV, DE, KY, MD, NC, VA",NA,0,0.012048193,952
953,Sophora tomentosa,Sophora tomentosa,Shrub,EFNative,1,MD,"TX, FL",NA,0,0.012048193,953
954,Sporobolus airoides,Sporobolus airoides,Grass,EFNative,1,NJ,"CO, ID, MT, OR, WA, WY, KS, MO, ND, NE, OK, SD, NY, AZ, CA, NV, UT, NM, TX, AR, SC",NA,0,0.012048193,954
955,Sporobolus cynosuroides,Sporobolus cynosuroides,Grass,EFNative,1,VA,"CT, MA, NJ, NY, PA, RI, TX, AL, DE, FL, GA, LA, MD, MS, NC, SC, VA",NA,0,0.012048193,955
956,Sporobolus neglectus,Sporobolus neglectus,Grass,EFNative,1,PA,"CO, MT, WA, WY, IL, IA, KS, MN, MO, ND, NE, OK, SD, WI, CT, IN, ME, MA, MI, NH, NJ, NY, OH, PA, VT, WV, AZ, CA, NM, TX, AL, AR, KY, LA, MD, TN, VA",NA,0,0.012048193,956
957,Sporobolus pumilus,Sporobolus pumilus,Grass,EFNative,1,MD,"CT, ME, MA, MI, NH, NJ, NY, PA, RI, TX, AL, DE, FL, GA, LA, MD, MS, NC, SC, VA",NA,0,0.012048193,957
958,Stachys aspera,Stachys aspera,Forb/herb,EFNative,1,VA,"IL, IA, MN, MO, IN, NJ, FL, GA, KY, LA, MD, NC, SC, TN, VA",NA,0,0.012048193,958
959,Stachys hispida,Stachys hispida,Forb/herb,EFNative,1,VA,"IL, IA, MO, ND, WI, IN, ME, NY, OH, VT, GA, KY, MD, TN",NA,0,0.012048193,959
960,Stellaria pubera,Stellaria pubera,Forb/herb,EFNative,1,VA,"IL, NE, IN, OH, PA, WV, AL, FL, GA, KY, MD, NC, SC, TN, VA",NA,0,0.012048193,960
961,Streptopus amplexifolius,Streptopus amplexifolius,Forb/herb,EFNative,1,VA,"AK, CO, ID, MT, OR, WA, WY, MN, SD, WI, CT, ME, MA, MI, NH, NY, PA, VT, WV, AZ, CA, UT, NM, NC, TN, VA",NA,0,0.012048193,961
962,Streptopus lanceolatus,Streptopus lanceolatus,Forb/herb,EFNative,1,VA,"AK, MT, OR, WA, IA, MN, WI, CT, ME, MA, MI, NH, NJ, NY, OH, PA, RI, VT, WV, KY, MD, NC, TN, VA",NA,0,0.012048193,962
963,Stuckenia pectinata,Stuckenia pectinata,Forb/herb,EFNative,1,MA,"AK, CO, ID, MT, OR, WA, WY, IL, IA, KS, MN, MO, ND, NE, OK, SD, WI, CT, IN, ME, MA, MI, NH, NJ, NY, OH, PA, RI, VT, WV, AZ, CA, NV, UT, NM, TX, AL, AR, FL, KY, LA, MD, NC, TN, VA",NA,0,0.012048193,963
964,Symphyotrichum tenuifolium,Symphyotrichum tenuifolium,Forb/herb,EFNative,1,VA,"CT, ME, MA, NH, NJ, NY, RI, TX, AL, DE, FL, GA, LA, MD, MS, NC, SC, VA",NA,0,0.012048193,964
965,Symphyotrichum urophyllum,Symphyotrichum urophyllum,Forb/herb,EFNative,1,PA,"IL, IA, KS, MN, MO, ND, NE, OK, WI, IN, ME, MA, MI, NJ, NY, OH, PA, VT, WV, AL, AR, FL, GA, KY, MD, MS, NC, SC, TN, VA",NA,0,0.012048193,965
966,Thalictrum revolutum,Thalictrum revolutum,Forb/herb,EFNative,1,PA,"IL, CT, IN, ME, MA, MI, NH, NJ, NY, OH, PA, RI, VT, WV, AL, AR, DE, GA, KY, MD, MS, NC, SC, TN, VA",NA,0,0.012048193,966
967,Thaspium barbinode,Thaspium barbinode,Forb/herb,EFNative,1,VA,"IL, IA, KS, MN, MO, OK, WI, IN, MI, NJ, NY, OH, PA, WV, TX, AL, AR, DE, FL, GA, KY, LA, MD, MS, NC, SC, TN, VA",NA,0,0.012048193,967
968,Trichophorum planifolium,Trichophorum planifolium,Grass,EFNative,1,VA,"IL, MO, CT, ME, MA, NH, NJ, NY, OH, PA, RI, VT, WV, DE, KY, MD, VA",NA,0,0.012048193,968
969,Trichostema brachiatum,Trichostema brachiatum,Forb/herb,EFNative,1,PA,"IL, IA, KS, MN, MO, NE, OK, SD, WI, CT, IN, MA, MI, NJ, NY, OH, PA, VT, WV, AZ, NM, TX, AL, AR, FL, GA, KY, MD, NC, TN, VA",NA,0,0.012048193,969
970,Turritis glabra,Turritis glabra,Forb/herb,EFNative,1,PA,"AK, CO, ID, MT, OR, WA, WY, IL, IA, MN, MO, ND, NE, SD, WI, CT, IN, ME, MA, MI, NH, NJ, NY, OH, PA, WV, AZ, CA, NV, UT, NM, DE, KY, MD, NC, TN, VA",NA,0,0.012048193,970
971,Uniola paniculata,Uniola paniculata,Grass,EFNative,1,VA,"TX, AL, DE, FL, GA, LA, MD, MS, NC, SC, VA",NA,0,0.012048193,971
972,Vaccinium arboreum,Vaccinium arboreum,Shrub,EFNative,1,VA,"IL, KS, MO, OK, IN, TX, AL, AR, FL, GA, KY, LA, MS, NC, SC, TN, VA",NA,0,0.012048193,972
973,Vaccinium formosum,Vaccinium formosum,Shrub,EFNative,1,VA,"NJ, AL, FL, GA, MD, NC, SC, VA",NA,0,0.012048193,973
974,Vallisneria americana,Vallisneria americana,Forb/herb,EFNative,1,MA,"OR, WA, IL, IA, MN, MO, SD, WI, CT, IN, ME, MA, MI, NH, NJ, NY, OH, PA, RI, VT, WV, NV, NM, TX, AL, DE, FL, GA, KY, LA, MD, MS, NC, SC, TN, VA",NA,0,0.012048193,974
975,Verbena simplex,Verbena simplex,Forb/herb,EFNative,1,PA,"IL, IA, KS, MN, MO, NE, OK, WI, CT, IN, MA, MI, NH, NJ, NY, OH, PA, VT, WV, AL, AR, DE, GA, KY, MD, MS, NC, SC, TN, VA",NA,0,0.012048193,975
976,Viburnum lantanoides,Viburnum lantanoides,Shrub,EFNative,1,CT,"CT, ME, MA, NH, NJ, NY, OH, PA, RI, VT, WV, GA, KY, MD, NC, TN, VA",NA,0,0.012048193,976
977,Viburnum recognitum,Viburnum recognitum,Shrub,EFNative,1,VT,"IL, MO, WI, CT, IN, ME, MA, MI, NH, NJ, NY, OH, PA, RI, VT, WV, TX, AL, AR, DE, FL, GA, LA, MD, MS, NC, SC, TN, VA",NA,0,0.012048193,977
978,Viola hastata,Viola hastata,Forb/herb,EFNative,1,VA,"NY, OH, PA, WV, AL, GA, KY, MD, NC, SC, TN, VA",NA,0,0.012048193,978
979,Viola macloskeyi,Viola macloskeyi,Forb/herb,EFNative,1,PA,"CO, ID, MT, OR, WA, WY, IL, IA, MN, MO, ND, SD, WI, CT, IN, ME, MA, MI, NH, NJ, NY, OH, PA, RI, VT, WV, AZ, CA, NV, DE, GA, MD, NC, SC, TN, VA",NA,0,0.012048193,979
980,Viola primulifolia,Viola primulifolia,Forb/herb,EFNative,1,VA,"OR, IL, MN, OK, WI, CT, IN, ME, MA, MI, NH, NJ, NY, OH, PA, RI, VT, WV, CA, TX, AL, AR, DE, FL, GA, KY, LA, MD, MS, NC, SC, TN, VA",NA,0,0.012048193,980
981,Xyris caroliniana,Xyris caroliniana,Forb/herb,EFNative,1,PA,"NJ, TX, AL, FL, GA, LA, MS, NC, SC, VA",NA,0,0.012048193,981
982,Quercus rubra,Quercus rubra,Tree,EFNative,116,"OH, MA, MD, KY, PA, NJ, CT, RI, NY, VT, VA, ME, DE","IL, IA, KS, MN, MO, NE, OK, WI, CT, IN, ME, MA, MI, NH, NJ, NY, OH, PA, RI, VT, WV, AL, AR, DE, GA, KY, LA, MD, MS, NC, SC, TN, VA",NA,0.33984375,0.34939759,982
983,Silphium terebinthinaceum,Silphium terebinthinaceum,Forb/herb,EFNative,14,"NY, PA, MD, DE, OH, NJ, VA, MA, VT, CT","IL, IA, MO, NE, WI, IN, MI, NY, OH, AL, AR, GA, KY, MS, NC, SC, TN, VA",NA,0.0390625,0.048192771,983
984,Oxydendrum arboreum,Oxydendrum arboreum,Shrub,EFNative,59,"DE, KY, NJ, PA, CT, OH, ME, RI, MA, MD, VA, VT, NH","IN, NJ, NY, OH, PA, WV, AL, FL, GA, KY, LA, MD, MS, NC, SC, TN, VA",NA,0.171875,0.180722892,984
985,Quercus phellos,Quercus phellos,Tree,EFNative,55,"OH, MD, NJ, KY, VA, PA, DE, WV, MA","IL, MO, OK, NJ, NY, PA, TX, AL, AR, DE, FL, GA, KY, LA, MD, MS, NC, SC, TN, VA",NA,0.16015625,0.168674699,985
986,Dirca palustris,Dirca palustris,Shrub,EFNative,6,"PA, CT, DE, VT, OH","IL, IA, MN, MO, OK, WI, CT, IN, ME, MA, MI, NH, NJ, NY, OH, PA, RI, VT, WV, AL, DE, FL, GA, KY, LA, MD, MS, NC, SC, TN, VA",NA,0.015625,0.024096386,986
987,Hydrangea radiata,Hydrangea radiata,Shrub,EFNative,6,"PA, CT, VA, ME, MA","GA, NC, SC, TN",NA,0.015625,0.024096386,987
988,Linum lewisii,Linum lewisii,Forb/herb,EFNative,6,"MA, ME, VT, PA","AK, CO, ID, MT, OR, WA, WY, KS, MN, ND, NE, OK, SD, AZ, CA, NV, UT, NM, TX, AR",NA,0.015625,0.024096386,988
989,Maianthemum stellatum,Maianthemum stellatum,Forb/herb,EFNative,6,"VA, PA, DE, NJ, ME, NH","AK, CO, ID, MT, OR, WA, WY, IL, IA, KS, MN, MO, ND, NE, OK, SD, WI, CT, IN, ME, MA, MI, NH, NJ, NY, OH, PA, RI, VT, WV, AZ, CA, NV, UT, NM, DE, KY, MD, TN, VA",NA,0.015625,0.024096386,989
990,Phlox carolina,Phlox carolina,Forb/herb,EFNative,6,"NJ, PA, DE, MD, VA","IL, MO, OK, IN, TX, AL, AR, FL, GA, LA, MD, MS, NC, SC, VA",NA,0.015625,0.024096386,990
991,Phlox pilosa,Phlox pilosa,Forb/herb,EFNative,6,"PA, NY, NJ, WV, VA","IL, IA, KS, MN, MO, ND, NE, OK, SD, WI, CT, IN, MI, NJ, NY, OH, PA, WV, TX, AL, AR, DE, FL, GA, KY, LA, MD, MS, NC, SC, TN, VA",NA,0.015625,0.024096386,991
992,Quercus nigra,Quercus nigra,Tree,EFNative,6,"VA, MD, DE","MO, OK, NJ, TX, AL, AR, DE, FL, GA, KY, LA, MD, MS, NC, SC, TN, VA",NA,0.015625,0.024096386,992
993,Rudbeckia missouriensis,Rudbeckia missouriensis,Forb/herb,EFNative,6,"PA, VA, MD","IL, MO, OK, TX, AR, KY, LA",NA,0.015625,0.024096386,993
994,Viburnum opulus,Viburnum opulus,Shrub,EFNative,100,"OH, MA, MD, NY, NH, NJ, PA, RI, VT, VA, ME, CT, DE","CT, ID, IL, IN, IA, KY, ME, MD, MA, MI, MN, MO, MT, NE, NH, NJ, NM, NY, ND, OH, PA, RI, SD, TN, VT, VA, WA, WV, WI, WY",NA,0.29296875,0.301204819,994
995,Amianthium muscaetoxicum,Amianthium muscaetoxicum,Forb/herb,EFNative,2,"VA, WV","MO, OK, NJ, NY, PA, WV, AL, AR, DE, FL, GA, KY, LA, MD, MS, NC, SC, TN, VA",NA,0.00390625,0.012048193,995
996,Ampelaster carolinianus,Ampelaster carolinianus,Shrub,EFNative,2,"DE, VA","FL, GA, NC, SC",NA,0.00390625,0.012048193,996
997,Antennaria solitaria,Antennaria solitaria,Forb/herb,EFNative,2,"VA, WV","IN, OH, PA, WV, AL, AR, GA, KY, LA, MD, MS, NC, SC, TN, VA",NA,0.00390625,0.012048193,997
998,Asarum virginicum,Asarum virginicum,Forb/herb,EFNative,2,"VA, WV","WV, KY, MD, NC, TN, VA",NA,0.00390625,0.012048193,998
999,Bolboschoenus fluviatilis,Bolboschoenus fluviatilis,Grass,EFNative,2,"PA, MD","CO, ID, MT, OR, WA, IL, IA, KS, MN, MO, ND, NE, OK, SD, WI, CT, IN, ME, MA, MI, NH, NJ, NY, OH, PA, VT, WV, AZ, CA, UT, NM, AL, DE, KY, MD, TN, VA",NA,0.00390625,0.012048193,999
1000,Brickellia eupatorioides,Brickellia eupatorioides,Forb/herb,EFNative,2,PA,"CO, MT, IL, IA, KS, MN, MO, ND, NE, OK, SD, WI, IN, MI, NJ, OH, PA, WV, AZ, UT, NM, TX, AL, AR, FL, GA, KY, LA, MD, MS, NC, SC, TN, VA",NA,0.00390625,0.012048193,1000
1001,Bromus ciliatus,Bromus ciliatus,Grass,EFNative,2,"MA, PA","AK, CO, ID, MT, OR, WA, WY, IL, IA, MN, ND, NE, SD, WI, CT, IN, ME, MA, NH, NY, OH, PA, RI, VT, WV, AZ, CA, UT, NM, TX, AL, MD, NC, TN, VA",NA,0.00390625,0.012048193,1001
1002,Cardamine maxima,Cardamine maxima,Forb/herb,EFNative,2,"RI, PA","WI, CT, ME, MA, MI, NJ, NY, OH, PA, VT",NA,0.00390625,0.012048193,1002
1003,Carex bebbii,Carex bebbii,Grass,EFNative,2,PA,"AK, CO, ID, MT, OR, WA, WY, IL, IA, MN, ND, NE, SD, WI, CT, IN, ME, MA, MI, NH, NJ, NY, OH, PA, VT, AZ, UT, NM",NA,0.00390625,0.012048193,1003
1004,Carex bushii,Carex bushii,Grass,EFNative,2,PA,"IL, KS, MN, MO, NE, OK, CT, IN, ME, MA, MI, NJ, NY, OH, PA, RI, VT, WV, TX, AL, AR, DE, GA, KY, MD, MS, NC, TN, VA",NA,0.00390625,0.012048193,1004
1005,Carex praegracilis,Carex praegracilis,Grass,EFNative,2,"PA, MD","AK, CO, ID, MT, OR, WA, WY, IL, IA, KS, MN, MO, ND, NE, SD, WI, IN, ME, MI, NY, OH, PA, VT, AZ, CA, NV, UT, NM, KY, VA",NA,0.00390625,0.012048193,1005
1006,Carex prairea,Carex prairea,Grass,EFNative,2,"PA, MD","MT, IL, IA, MN, ND, NE, SD, WI, CT, IN, ME, MA, MI, NJ, NY, OH, PA, VT, WV, VA",NA,0.00390625,0.012048193,1006
1007,Ceratophyllum demersum,Ceratophyllum demersum,Forb/herb,EFNative,2,"MA, MD","AK, CO, ID, MT, OR, WA, WY, IL, IA, KS, MN, MO, ND, NE, OK, SD, WI, CT, IN, ME, MA, MI, NH, NJ, NY, OH, PA, RI, VT, WV, AZ, CA, NV, UT, NM, TX, AL, AR, DE, FL, GA, KY, LA, MD, MS, NC, SC, TN, VA",NA,0.00390625,0.012048193,1007
1008,Cicuta maculata,Cicuta maculata,Forb/herb,EFNative,2,PA,"AK, CO, ID, MT, OR, WA, WY, IL, IA, KS, MN, MO, ND, NE, OK, SD, WI, CT, IN, ME, MA, MI, NH, NJ, NY, OH, PA, RI, VT, WV, AZ, CA, NV, UT, NM, TX, AL, AR, DE, FL, GA, KY, LA, MD, MS, NC, SC, TN, VA",NV,0.00390625,0.012048193,1008
1009,Desmanthus illinoensis,Desmanthus illinoensis,Forb/herb,EFNative,2,"MA, ME","CO, IL, IA, KS, MN, MO, ND, NE, OK, SD, WI, IN, NJ, OH, PA, WV, NV, UT, NM, TX, AL, AR, DE, FL, GA, KY, MS, SC, TN, VA",NA,0.00390625,0.012048193,1009
1010,Drymocallis arguta,Drymocallis arguta,Forb/herb,EFNative,2,"MA, PA","CO, MT, WY, IL, IA, KS, MN, MO, ND, NE, SD, WI, IN, ME, MA, NH, NJ, NY, OH, PA, VT, WV, NM, AR, MD, TN, VA",NA,0.00390625,0.012048193,1010
1011,Dryopteris ludoviciana,Dryopteris ludoviciana,Forb/herb,EFNative,2,"PA, ME","TX, AL, AR, FL, GA, KY, LA, MS, NC, SC",NA,0.00390625,0.012048193,1011
1012,Elymus villosus,Elymus villosus,Grass,EFNative,2,"MD, PA","WY, IL, IA, KS, MN, MO, ND, NE, OK, SD, WI, CT, IN, MA, MI, NJ, NY, OH, PA, RI, VT, WV, NM, TX, AL, AR, DE, GA, KY, MD, MS, NC, SC, TN, VA",NA,0.00390625,0.012048193,1012
1013,Enemion biternatum,Enemion biternatum,Forb/herb,EFNative,2,"PA, WV","IL, IA, KS, MN, MO, OK, SD, WI, IN, MI, NY, OH, WV, TX, AL, AR, FL, KY, MS, NC, SC, TN, VA",NA,0.00390625,0.012048193,1013
1014,Eryngium aquaticum,Eryngium aquaticum,Forb/herb,EFNative,2,"PA, DE","MN, CT, NJ, PA, DE, FL, GA, MD, MS, NC, SC, VA",NA,0.00390625,0.012048193,1014
1015,Erythronium rostratum,Erythronium rostratum,Forb/herb,EFNative,2,"CT, PA","KS, MO, OK, OH, TX, AL, AR, KY, LA, MS, TN",NA,0.00390625,0.012048193,1015
1016,Frangula caroliniana,Frangula caroliniana,Shrub,EFNative,2,"OH, PA","IL, MO, OK, IN, OH, TX, AL, AR, FL, GA, KY, LA, MD, MS, NC, SC, TN, VA",NA,0.00390625,0.012048193,1016
1017,Gelsemium rankinii,Gelsemium rankinii,Vine,EFNative,2,VA,"AL, FL, GA, LA, MS, NC, SC",NA,0.00390625,0.012048193,1017
1018,Hordeum jubatum,Hordeum jubatum,Grass,EFNative,2,"PA, NJ","AK, CO, ID, MT, OR, WA, WY, IL, IA, KS, MN, MO, ND, NE, OK, SD, WI, CT, IN, ME, MA, MI, NH, NJ, NY, OH, PA, RI, VT, WV, AZ, CA, NV, UT, NM, TX, AR, DE, KY, MD, NC, SC, TN, VA",NA,0.00390625,0.012048193,1018
1019,Hydrophyllum appendiculatum,Hydrophyllum appendiculatum,Forb/herb,EFNative,2,"DE, PA","IL, IA, KS, MN, MO, NE, WI, IN, MI, OH, PA, WV, AL, AR, KY, MS, NC, TN",NA,0.00390625,0.012048193,1019
1020,Ilex decidua,Ilex decidua,Shrub,EFNative,2,"OH, VA","IL, KS, MO, OK, IN, TX, AL, AR, FL, GA, KY, LA, MD, MS, NC, SC, TN, VA",NA,0.00390625,0.012048193,1020
1021,Juncus dudleyi,Juncus dudleyi,Grass,EFNative,2,"PA, VA","CO, ID, MT, OR, WA, WY, IL, IA, KS, MN, MO, ND, NE, OK, SD, WI, CT, IN, ME, MA, MI, NH, NJ, NY, OH, PA, RI, VT, WV, AZ, CA, NV, UT, NM, TX, AR, DE, KY, LA, MD, MS, TN, VA",NA,0.00390625,0.012048193,1021
1022,Juncus torreyi,Juncus torreyi,Grass,EFNative,2,"PA, MD","CO, ID, MT, OR, WA, WY, IL, IA, KS, MN, MO, ND, NE, OK, SD, WI, IN, ME, MI, NJ, NY, OH, PA, VT, WV, AZ, CA, NV, UT, NM, TX, AL, AR, GA, KY, LA, MD, MS, TN, VA",NA,0.00390625,0.012048193,1022
1023,Koeleria macrantha,Koeleria macrantha,Grass,EFNative,2,"NJ, PA","AK, CO, MT, OR, WA, WY, IL, IA, KS, MN, MO, ND, NE, OK, SD, WI, IN, ME, NY, OH, PA, VT, AZ, CA, NV, UT, NM, TX, AL, AR, DE, KY, LA, MD, MS",NA,0.00390625,0.012048193,1023
1024,Lycopus americanus,Lycopus americanus,Forb/herb,EFNative,2,"PA, NJ","CO, ID, MT, OR, WA, WY, IL, IA, KS, MN, MO, ND, NE, OK, SD, WI, CT, IN, ME, MA, MI, NH, NJ, NY, OH, PA, RI, VT, WV, AZ, CA, NV, UT, NM, TX, AL, AR, DE, FL, GA, KY, LA, MD, MS, NC, SC, TN, VA",NA,0.00390625,0.012048193,1024
1025,Lysimachia quadrifolia,Lysimachia quadrifolia,Forb/herb,EFNative,2,"PA, MA","IL, MN, OK, WI, CT, IN, ME, MA, MI, NH, NJ, NY, OH, PA, RI, VT, WV, AL, DE, GA, KY, MD, NC, SC, TN, VA",NA,0.00390625,0.012048193,1025
1026,Napaea dioica,Napaea dioica,Forb/herb,EFNative,2,"PA, RI","IL, IA, MN, WI, IN, OH, VT, MD",NA,0.00390625,0.012048193,1026
1027,Packera paupercula,Packera paupercula,Forb/herb,EFNative,2,"PA, NJ","AK, CO, ID, MT, WA, WY, IL, IA, MN, MO, ND, SD, WI, IN, ME, MA, MI, NH, NJ, NY, OH, PA, VT, WV, UT, AL, AR, GA, KY, MD, NC, TN, VA",NA,0.00390625,0.012048193,1027
1028,Panax trifolius,Panax trifolius,Forb/herb,EFNative,2,"VA, WV","MN, WI, CT, IN, ME, MA, MI, NH, NJ, NY, OH, PA, RI, VT, WV, DE, GA, KY, MD, NC, TN, VA",NA,0.00390625,0.012048193,1028
1029,Penstemon tubaeflorus,Penstemon tubaeflorus,Forb/herb,EFNative,2,"NJ, VA","IL, IA, KS, MO, NE, WI, IN, NH, OH, PA, TX, AR, KY, LA, MS, TN",NA,0.00390625,0.012048193,1029
1030,Quercus fusiformis,Quercus fusiformis,Shrub,EFNonNative,2,PA,"OK, TX",NA,0.00390625,0.012048193,1030
1031,Rhododendron alabamense,Rhododendron alabamense,Shrub,EFNative,2,"DE, PA","AL, FL, GA, MS, TN",NA,0.00390625,0.012048193,1031
1032,Rhynchospora colorata,Rhynchospora colorata,Grass,EFNative,2,"MA, VA","TX, AL, AR, FL, GA, LA, MS, NC, SC, VA",NA,0.00390625,0.012048193,1032
1033,Rosa blanda,Rosa blanda,Shrub,EFNative,2,"ME, MA","CO, IL, IA, MN, MO, ND, NE, SD, WI, IN, ME, MA, MI, NH, NY, OH, PA, RI, VT, WV, MD",NA,0.00390625,0.012048193,1033
1034,Salix caroliniana,Salix caroliniana,Tree,EFNative,2,"MD, OH","IL, KS, MO, OK, IN, OH, PA, WV, TX, AL, AR, FL, GA, KY, LA, MD, MS, NC, SC, TN, VA",NA,0.00390625,0.012048193,1034
1035,Sarracenia leucophylla,Sarracenia leucophylla,Forb/herb,EFNative,2,"VA, PA","AL, FL, GA, MS",NA,0.00390625,0.012048193,1035
1036,Sarracenia purpurea,Sarracenia purpurea,Forb/herb,EFNative,2,"VA, CT","AK, IL, IA, MN, WI, CT, IN, ME, MA, MI, NH, NJ, NY, OH, PA, RI, VT, WV, DE, GA, MD, NC, SC, VA",NA,0.00390625,0.012048193,1036
1037,Scirpus pendulus,Scirpus pendulus,Grass,EFNative,2,"CT, PA","CO, OR, IL, IA, KS, MN, MO, NE, OK, SD, WI, CT, IN, ME, MA, MI, NH, NJ, NY, OH, PA, VT, WV, AZ, CA, NM, TX, AL, AR, DE, FL, GA, KY, MD, MS, NC, SC, TN, VA",NA,0.00390625,0.012048193,1037
1038,Scutellaria parvula,Scutellaria parvula,Forb/herb,EFNative,2,"PA, VA","IL, IA, KS, MN, MO, ND, NE, OK, SD, WI, CT, IN, ME, MA, MI, NJ, NY, OH, PA, VT, TX, AL, AR, DE, FL, GA, KY, LA, MD, MS, NC, SC, TN, VA",NA,0.00390625,0.012048193,1038
1039,Scutellaria serrata,Scutellaria serrata,Forb/herb,EFNative,2,PA,"IL, NY, OH, PA, WV, AL, KY, MD, NC, SC, TN, VA",NA,0.00390625,0.012048193,1039
1040,Sisyrinchium albidum,Sisyrinchium albidum,Forb/herb,EFNative,2,"MA, PA","IL, MO, OK, WI, IN, ME, MI, NY, OH, PA, TX, AL, AR, FL, GA, KY, LA, NC, SC, TN, VA",NA,0.00390625,0.012048193,1040
1041,Symphyotrichum sericeum,Symphyotrichum sericeum,Grass,EFNative,2,"PA, MA","IA, KS, MN, MO, ND, NE, OK, SD, WI, IN, MI, OH, TX, AR, GA, TN",NA,0.00390625,0.012048193,1041
1042,Symphyotrichum shortii,Symphyotrichum shortii,Forb/herb,EFNative,2,"MA, PA","IL, IA, MN, WI, IN, MI, PA, WV, AL, AR, FL, GA, KY, MD, MS, NC, TN, VA",NA,0.00390625,0.012048193,1042
1043,Thalia dealbata,Thalia dealbata,Forb/herb,EFNative,2,"MA, VA","IL, MO, OK, TX, AL, AR, GA, LA, MS, SC",NA,0.00390625,0.012048193,1043
1044,Trillium cernuum,Trillium cernuum,Forb/herb,EFNative,2,"PA, ME","IL, IA, MN, ND, SD, WI, CT, IN, ME, MA, MI, NH, NJ, NY, OH, PA, RI, VT, WV, DE, MD, VA",NA,0.00390625,0.012048193,1044
1045,Trillium flexipes,Trillium flexipes,Forb/herb,EFNative,2,"PA, VT","IL, IA, MN, MO, SD, WI, IN, MI, NY, OH, PA, WV, AL, DE, KY, MD, TN, VA",NA,0.00390625,0.012048193,1045
1046,Urtica dioica,Urtica dioica,Forb/herb,EFNative,2,ME,"AL, AZ, CA, CO, CT, DE, FL, GA, ID, IL, IN, IA, KS, KY, LA, ME, MD, MA, MI, MN, MS, MO, MT, NE, NV, NH, NJ, NM, NY, NC, ND, OH, OK, OR, PA, RI, SC, SD, TN, TX, UT, VT, VA, WA, WV, WI, WY",NA,0.00390625,0.012048193,1046
1047,Vaccinium darrowii,Vaccinium darrowii,Shrub,EFNative,2,"ME, DE","AL, FL, GA, LA, MS",NA,0.00390625,0.012048193,1047
1048,Viola palmata,Viola palmata,Forb/herb,EFNative,2,"WV, NJ","IL, IA, KS, MO, ND, NE, OK, CT, IN, ME, MA, MI, NJ, NY, OH, PA, RI, VT, WV, NM, TX, AL, AR, DE, FL, GA, KY, LA, MD, MS, NC, SC, TN, VA",NA,0.00390625,0.012048193,1048
1049,Viola rostrata,Viola rostrata,Forb/herb,EFNative,2,"WV, VA","WI, CT, IN, MA, MI, NJ, NY, OH, PA, VT, WV, AL, GA, KY, MD, NC, SC, TN, VA",NA,0.00390625,0.012048193,1049
1050,Zenobia pulverulenta,Zenobia pulverulenta,Shrub,EFNative,2,"DE, PA","GA, NC, SC, VA",NA,0.00390625,0.012048193,1050
1051,Carex cherokeensis,Carex cherokeensis,Grass,EFNative,15,"MD, PA, NY, VA, NJ, ME","MO, OK, TX, AL, AR, FL, GA, KY, LA, MS, NC, SC, TN, VA",NA,0.04296875,0.048192771,1051
1052,Maclura pomifera,Maclura pomifera,Shrub,EFNative,15,"OH, KY, MD, NY, ME, PA, NJ, VA","OK, TX, AR",NA,0.04296875,0.048192771,1052
1053,Astilbe biternata,Astilbe biternata,Forb/herb,EFNative,7,"ME, DE, VA, NH, WV","WV, AL, GA, KY, NC, SC, TN, VA",NA,0.01953125,0.024096386,1053
1054,Rhododendron austrinum,Rhododendron austrinum,Shrub,EFNative,7,"OH, NJ, DE, PA, VA","AL, FL, GA, MS",NA,0.01953125,0.024096386,1054
1055,Styrax americanus,Styrax americanus,Shrub,EFNative,7,"MD, ME, VA, PA","IL, MO, OK, IN, OH, TX, AL, AR, FL, GA, KY, LA, MS, NC, SC, TN, VA",NA,0.01953125,0.024096386,1055
1056,Agarista populifolia,Agarista populifolia,Shrub,EFNative,3,"DE, MD, PA","AL, FL, GA, SC",NA,0.0078125,0.012048193,1056
1057,Anemone quinquefolia,Anemone quinquefolia,Forb/herb,EFNative,3,"RI, PA, VA","IL, IA, MN, MO, ND, SD, WI, CT, IN, ME, MA, MI, NH, NJ, NY, OH, PA, RI, VT, WV, AL, DE, GA, KY, MD, MS, NC, SC, TN, VA",NA,0.0078125,0.012048193,1057
1058,Boehmeria cylindrica,Boehmeria cylindrica,Forb/herb,EFNative,3,"ME, PA, NJ","IL, IA, KS, MN, MO, NE, OK, SD, WI, CT, IN, ME, MA, MI, NH, NJ, NY, OH, PA, RI, VT, WV, AZ, UT, NM, TX, AL, AR, DE, FL, GA, KY, LA, MD, MS, NC, SC, TN, VA",CA,0.0078125,0.012048193,1058
1059,Callirhoe bushii,Callirhoe bushii,Forb/herb,EFNative,3,"MA, PA, VA","IA, KS, MO, OK, AR",NA,0.0078125,0.012048193,1059
1060,Claytonia caroliniana,Claytonia caroliniana,Forb/herb,EFNative,3,"ME, PA, WV","IA, MN, WI, CT, IN, ME, MA, MI, NH, NY, OH, PA, VT, WV, GA, KY, MD, NC, TN, VA",NA,0.0078125,0.012048193,1060
1061,Cornus obliqua,Cornus obliqua,Shrub,EFNative,3,"MD, VA","IL, IA, KS, MN, MO, ND, NE, OK, SD, WI, CT, IN, ME, MA, MI, NH, NJ, NY, OH, PA, RI, VT, WV, AR, KY, MD, TN, VA",NA,0.0078125,0.012048193,1061
1062,Dryopteris cristata,Dryopteris cristata,Forb/herb,EFNative,3,"VA, ME, PA","ID, MT, WA, IL, IA, MN, MO, ND, NE, WI, CT, IN, ME, MA, MI, NH, NJ, NY, OH, PA, RI, VT, WV, AL, DE, GA, MD, NC, TN, VA",NA,0.0078125,0.012048193,1062
1063,Elymus glaucus,Elymus glaucus,Grass,EFNative,3,"OH, MD, NJ","AK, CO, ID, MT, OR, WA, WY, IL, MO, ND, OK, SD, WI, MI, AZ, CA, NV, UT, NM, TX, AR",NA,0.0078125,0.012048193,1063
1064,Equisetum scirpoides,Equisetum scirpoides,Forb/herb,EFNative,3,"PA, MA, MD","AK, ID, MT, WA, WY, IL, IA, MN, ND, SD, WI, CT, ME, MA, MI, NH, NY, VT",NA,0.0078125,0.012048193,1064
1065,Festuca rubra,Festuca rubra,Grass,EFNative,3,"MD, PA, ME","AK, ID, MT, OR, WA, WY, IL, IA, MN, MO, ND, NE, WI, CT, IN, ME, MA, NH, NJ, NY, OH, PA, RI, VT, WV, AZ, CA, NV, UT, NM, TX, AL, DE, GA, KY, MD, NC, SC, TN, VA",NA,0.0078125,0.012048193,1065
1066,Gaylussacia brachycera,Gaylussacia brachycera,Shrub,EFNative,3,"RI, ME, PA","PA, WV, DE, KY, MD, NC, TN, VA",NA,0.0078125,0.012048193,1066
1067,Nyssa aquatica,Nyssa aquatica,Tree,EFNative,3,"VA, DE","IL, MO, TX, AL, AR, FL, GA, KY, LA, MS, NC, SC, TN, VA",NA,0.0078125,0.012048193,1067
1068,Penstemon strictus,Penstemon strictus,Forb/herb,EFNonNative,3,"VA, MD","CO, WY, AZ, UT, NM",NA,0.0078125,0.012048193,1068
1069,Phlox stolonifera,Phlox stolonifera,Forb/herb,EFNative,3,"PA, OH, NY","ME, OH, PA, VT, WV, GA, KY, MD, NC, SC, TN, VA",NA,0.0078125,0.012048193,1069
1070,Pinus pungens,Pinus pungens,Tree,EFNative,3,"OH, PA","PA, WV, GA, MD, NC, SC, TN, VA",NA,0.0078125,0.012048193,1070
1071,Quercus virginiana,Quercus virginiana,Tree,EFNative,3,"MD, VA","TX, AL, FL, GA, LA, MS, NC, SC, VA",NA,0.0078125,0.012048193,1071
1072,Rhododendron flammeum,Rhododendron flammeum,Shrub,EFNative,3,"PA, DE, MD","GA, SC",NA,0.0078125,0.012048193,1072
1073,Rosa setigera,Rosa setigera,Shrub,EFNative,3,"PA, MA, VA","IL, IA, KS, MO, NE, OK, WI, CT, IN, ME, MA, MI, NH, NJ, NY, OH, PA, VT, WV, TX, AL, AR, DE, FL, GA, KY, LA, MD, MS, NC, SC, TN, VA",NA,0.0078125,0.012048193,1073
1074,Sedum divergens,Sedum divergens,Forb/herb,EFNonNative,3,"ME, WV, MD","AK, OR, WA, CA",NA,0.0078125,0.012048193,1074
1075,Tradescantia subaspera,Tradescantia subaspera,Forb/herb,EFNative,3,"MD, PA, WV","IL, MO, IN, NY, OH, PA, WV, AL, AR, FL, GA, KY, LA, MS, NC, SC, TN, VA",NA,0.0078125,0.012048193,1075
1076,Trillium viridescens,Trillium viridescens,Forb/herb,EFNative,3,"PA, CT, ME","KS, MO, OK, TX, AR",NA,0.0078125,0.012048193,1076
1077,Viola cucullata,Viola cucullata,Forb/herb,EFNative,3,"OH, VA, WV","IL, IA, MN, MO, WI, CT, IN, ME, MA, MI, NH, NJ, NY, OH, PA, RI, VT, WV, AL, AR, DE, GA, KY, MD, MS, NC, SC, TN, VA",NA,0.0078125,0.012048193,1077
1078,Quercus imbricaria,Quercus imbricaria,Tree,EFNative,28,"OH, MD, NJ, MA, KY, PA, VA, NY, VT","IL, IA, KS, MO, IN, MI, NJ, NY, OH, PA, WV, TX, AL, AR, DE, KY, LA, MD, NC, TN, VA",NA,0.08203125,0.084337349,1078
1079,Coreopsis verticillata,Coreopsis verticillata,Forb/herb,EFNative,110,"OH, KY, MA, NY, MD, PA, RI, DE, VA, NJ, CT, ME, VT, WV, NH","CT, MA, NJ, NY, OH, WV, AL, AR, GA, KY, MD, MS, NC, SC, TN, VA",NA,0.32421875,0.325301205,1079
1080,Allium stellatum,Allium stellatum,Forb/herb,EFNative,4,"MA, MD, PA, WV","IL, IA, KS, MN, MO, ND, NE, OK, SD, WI, MI, TX, AR, KY, TN",NA,0.01171875,0.012048193,1080
1081,Asplenium trichomanes,Asplenium trichomanes,Forb/herb,EFNative,4,"MD, DE, MA, VA","AK, CO, ID, MT, OR, WA, WY, IL, KS, MN, MO, OK, SD, WI, CT, IN, ME, MA, MI, NH, NJ, NY, OH, PA, RI, VT, WV, AZ, CA, UT, NM, TX, AL, AR, DE, FL, GA, KY, LA, MD, MS, NC, SC, TN, VA",NA,0.01171875,0.012048193,1081
1082,Coreopsis palmata,Coreopsis palmata,Forb/herb,EFNative,4,"MA, PA, MD","IL, IA, KS, MN, MO, NE, OK, SD, WI, IN, MI, AR, LA",NA,0.01171875,0.012048193,1082
1083,Dryopteris clintoniana,Dryopteris clintoniana,Forb/herb,EFNative,4,"PA, MA, DE, CT","IL, WI, CT, IN, ME, MA, MI, NH, NJ, NY, OH, PA, RI, VT, DE, MD",NA,0.01171875,0.012048193,1083
1084,Erythronium albidum,Erythronium albidum,Forb/herb,EFNative,4,"ME, CT, PA, WV","IL, IA, KS, MN, MO, NE, OK, SD, WI, IN, MI, NJ, NY, OH, PA, WV, TX, AL, AR, GA, KY, LA, MD, MS, TN, VA",NA,0.01171875,0.012048193,1084
1085,Fragaria vesca,Fragaria vesca,Forb/herb,EFNative,4,"CT, ME, VA","CO, ID, MT, OR, WA, WY, IL, IA, MN, ND, NE, SD, WI, CT, IN, ME, MA, MI, NH, NY, OH, PA, VT, WV, AZ, CA, UT, NM, TX, MS, NC, VA",NA,0.01171875,0.012048193,1085
1086,Hesperaloe parviflora,Hesperaloe parviflora,Forb/herb,EFNonNative,4,"KY, PA, OH, MD",TX,NA,0.01171875,0.012048193,1086
1087,Rhododendron carolinianum,Rhododendron carolinianum,Shrub,EFNative,4,"PA, MA, ME, MD","AL, GA, NC, SC, TN",NA,0.01171875,0.012048193,1087
1088,Talinum calycinum,Talinum calycinum,Forb/herb,EFNative,4,"MD, PA, VA","CO, IL, KS, MO, NE, OK, NM, TX, AR, LA",NA,0.01171875,0.012048193,1088
1089,Trillium pusillum,Trillium pusillum,Forb/herb,EFNative,4,"NH, CT, PA, WV","MO, OK, WV, AL, AR, KY, MD, MS, NC, SC, TN, VA",NA,0.01171875,0.012048193,1089
1090,Trillium sulcatum,Trillium sulcatum,Forb/herb,EFNative,4,"VA, VT, CT, WV","WV, AL, GA, KY, NC, TN, VA",NA,0.01171875,0.012048193,1090
1091,Vernonia missurica,Vernonia missurica,Forb/herb,EFNative,4,"PA, VT, MA, CT","IL, IA, KS, MO, OK, IN, MI, TX, AL, AR, GA, KY, LA, MS, TN",NA,0.01171875,0.012048193,1091
1092,Quercus shumardii,Quercus shumardii,Shrub,EFNative,41,"OH, MD, KY, NJ, PA, VA, NY, DE, MA","IL, KS, MO, NE, OK, IN, MI, NY, OH, PA, WV, TX, AL, AR, FL, GA, KY, LA, MD, MS, NC, SC, TN, VA",NA,0.12109375,0.120481928,1092
1093,Solidago shortii,Solidago shortii,Forb/herb,EFNative,21,"NY, MD, PA, DE, VT, ME, NJ, OH, VA","IN, KY",NA,0.0625,0.060240964,1093
1094,Dryopteris carthusiana,Dryopteris carthusiana,Forb/herb,EFNative,9,"MA, ME, PA, VA, NY","ID, MT, OR, WA, IL, IA, MN, MO, ND, NE, SD, WI, CT, IN, ME, MA, MI, NH, NJ, NY, OH, PA, RI, VT, WV, AL, AR, DE, GA, KY, MD, NC, SC, TN, VA",NA,0.02734375,0.024096386,1094
1095,Ilex vomitoria,Ilex vomitoria,Shrub,EFNative,9,"VA, PA, MD","OK, TX, AL, AR, FL, GA, LA, MS, NC, SC, VA",NA,0.02734375,0.024096386,1095
1096,Oenothera speciosa,Oenothera speciosa,Forb/herb,EFNative,9,"NJ, PA, DE, VA, ME, MA","IA, KS, MO, NE, OK, IN, NM, TX, AR, LA",NA,0.02734375,0.024096386,1096
1097,Pinus palustris,Pinus palustris,Tree,EFNative,9,"OH, ME, MD, PA, VA","TX, AL, AR, FL, GA, LA, MS, NC, SC, VA",NA,0.02734375,0.024096386,1097
1098,Callisia rosea,Callisia rosea,Forb/herb,EFNative,5,"MD, DE, NJ, PA, NH","AL, FL, GA, MD, NC, SC, VA",NA,0.015625,0.012048193,1098
1099,Carex bromoides,Carex bromoides,Grass,EFNative,5,"MD, PA, NJ","IL, MN, MO, WI, CT, IN, ME, MA, MI, NH, NJ, NY, OH, PA, RI, VT, WV, TX, AL, AR, DE, FL, GA, KY, LA, MD, MS, NC, SC, TN, VA",NA,0.015625,0.012048193,1099
1100,Echinacea angustifolia,Echinacea angustifolia,Forb/herb,EFNative,5,"MA, MD, PA, VA","CO, MT, WY, IA, KS, MN, MO, ND, NE, OK, SD, NM, TX, LA",NA,0.015625,0.012048193,1100
1101,Penstemon cobaea,Penstemon cobaea,Forb/herb,EFNative,5,"PA, VT, MD","IA, KS, MO, NE, OK, TX, AR",NA,0.015625,0.012048193,1101
1102,Abies grandis,Abies grandis,Tree,EFNonNative,1,PA,"ID, MT, OR, WA, CA",NA,0.00390625,0,1102
1103,Abies magnifica,Abies magnifica,Tree,EFNonNative,1,CT,"OR, CA, NV",NA,0.00390625,0,1103
1104,Acer macrophyllum,Acer macrophyllum,Tree,EFNonNative,1,CT,"AK, OR, WA, CA",NA,0.00390625,0,1104
1105,Achillea alpina,Achillea alpina,Forb/herb,EFNative,1,PA,"AK, MT, MN, ND",NA,0.00390625,0,1105
1106,Agastache cana,Agastache cana,Forb/herb,EFNonNative,1,VT,"NM, TX",NA,0.00390625,0,1106
1107,Allium amplectens,Allium amplectens,Forb/herb,EFNonNative,1,MD,"OR, WA, CA",NA,0.00390625,0,1107
1108,Alnus maritima,Alnus maritima,Shrub,EFNative,1,ME,"OK, DE, GA, MD",NA,0.00390625,0,1108
1109,Amsonia rigida,Amsonia rigida,Forb/herb,EFNative,1,RI,"AL, FL, GA, LA, MS",NA,0.00390625,0,1109
1110,Anisacanthus quadrifidus,Anisacanthus quadrifidus,Shrub,EFNonNative,1,VA,TX,NA,0.00390625,0,1110
1111,Antennaria microphylla,Antennaria microphylla,Forb/herb,EFNative,1,NJ,"AK, CO, ID, MT, OR, WA, WY, MN, ND, NE, SD, AZ, CA, NV, UT, NM",NA,0.00390625,0,1111
1112,Arnoglossum plantagineum,Arnoglossum plantagineum,Forb/herb,EFNative,1,PA,"IL, IA, KS, MN, MO, NE, OK, SD, WI, IN, MI, OH, TX, AL, AR, KY, LA, MS, TN",NA,0.00390625,0,1112
1113,Asarum caudatum,Asarum caudatum,Forb/herb,EFNonNative,1,WV,"ID, MT, OR, WA, CA",NA,0.00390625,0,1113
1114,Asarum shuttleworthii,Asarum shuttleworthii,Forb/herb,EFNative,1,WV,"NY, GA, NC, SC, TN, VA",NA,0.00390625,0,1114
1115,Asclepias linaria,Asclepias linaria,Forb/herb,EFNonNative,1,PA,"AZ, CA, NM",NA,0.00390625,0,1115
1116,Asclepias quadrifolia,Asclepias quadrifolia,Forb/herb,EFNative,1,WV,"IL, IA, KS, MN, MO, OK, CT, IN, MA, NH, NJ, NY, OH, PA, RI, VT, WV, AL, AR, DE, GA, KY, MD, MS, NC, SC, TN, VA",NA,0.00390625,0,1116
1117,Asplenium resiliens,Asplenium resiliens,Forb/herb,EFNative,1,WV,"CO, IL, KS, MO, OK, IN, OH, PA, WV, AZ, NV, UT, NM, TX, AL, AR, DE, FL, GA, KY, LA, MD, MS, NC, SC, TN, VA",NA,0.00390625,0,1117
1118,Baccharis sarothroides,Baccharis sarothroides,Shrub,EFNonNative,1,MD,"AZ, CA, NM, TX",NA,0.00390625,0,1118
1119,Baptisia bracteata,Baptisia bracteata,Forb/herb,EFNative,1,PA,"IL, IA, KS, MN, MO, OK, WI, TX, AL, AR, GA, KY, LA, MS, NC, SC, TN",NA,0.00390625,0,1119
1120,Berberis repens,Berberis repens,Shrub,EFNative,1,CT,"CO, ID, MT, OR, WA, WY, MN, ND, NE, SD, AZ, CA, NV, UT, NM, TX",NA,0.00390625,0,1120
1121,Berlandiera lyrata,Berlandiera lyrata,Forb/herb,EFNonNative,1,VA,"CO, KS, OK, AZ, NM, TX",NA,0.00390625,0,1121
1122,Bolboschoenus maritimus,Bolboschoenus maritimus,Grass,EFNative,1,PA,"AK, CO, ID, MT, OR, WA, WY, IL, IA, KS, MN, MO, ND, NE, OK, SD, CT, ME, MA, MI, NH, NJ, NY, OH, RI, AZ, CA, NV, UT, NM, TX, LA, VA",NA,0.00390625,0,1122
1123,Callirhoe alcaeoides,Callirhoe alcaeoides,Forb/herb,EFNative,1,VA,"CO, ID, IL, IA, KS, MO, NE, OK, SD, WI, IN, NM, TX, AL, AR, KY, TN",NA,0.00390625,0,1123
1124,Callirhoe digitata,Callirhoe digitata,Forb/herb,EFNative,1,RI,"KS, MO, OK, AL, AR",NA,0.00390625,0,1124
1125,Calycanthus occidentalis,Calycanthus occidentalis,Shrub,EFNonNative,1,DE,CA,NA,0.00390625,0,1125
1126,Camassia cusickii,Camassia cusickii,Forb/herb,EFNonNative,1,VT,"ID, OR",NA,0.00390625,0,1126
1127,Carex aquatilis,Carex aquatilis,Grass,EFNative,1,PA,"AK, CO, ID, MT, OR, WA, WY, IL, IA, KS, MN, MO, ND, NE, SD, WI, CT, IN, ME, MA, MI, NJ, NY, OH, PA, VT, AZ, CA, NV, UT, NM, VA",NA,0.00390625,0,1127
1128,Carex buxbaumii,Carex buxbaumii,Grass,EFNative,1,PA,"AK, CO, ID, MT, OR, WA, WY, IL, IA, KS, MN, MO, ND, NE, SD, WI, CT, IN, ME, MA, MI, NH, NY, OH, PA, RI, VT, WV, AZ, UT, NM, AR, DE, KY, MD, NC, SC, TN, VA",NA,0.00390625,0,1128
1129,Carex cristatella,Carex cristatella,Grass,EFNative,1,PA,"IL, IA, KS, MN, MO, ND, NE, SD, WI, CT, IN, MA, MI, NH, NJ, NY, OH, PA, VT, WV, AL, DE, KY, MD, TN, VA",NA,0.00390625,0,1129
1130,Carex davisii,Carex davisii,Grass,EFNative,1,PA,"IL, IA, KS, MN, MO, NE, OK, WI, CT, IN, MA, MI, NJ, NY, OH, PA, VT, WV, TX, AR, DE, KY, MD, TN",NA,0.00390625,0,1130
1131,Carex fraseriana,Carex fraseriana,Grass,EFNative,1,WV,"PA, WV, GA, KY, MD, NC, SC, TN, VA",NA,0.00390625,0,1131
1132,Carex gracillima,Carex gracillima,Grass,EFNative,1,PA,"IL, IA, MN, MO, ND, WI, CT, IN, ME, MA, MI, NH, NJ, NY, OH, PA, RI, VT, WV, AL, AR, DE, GA, KY, MD, NC, SC, TN, VA",NA,0.00390625,0,1132
1133,Carex gravida,Carex gravida,Grass,EFNative,1,PA,"CO, MT, WY, IL, IA, KS, MN, MO, ND, NE, OK, SD, WI, IN, MI, NY, OH, PA, NM, TX, AR, KY, TN, VA",NA,0.00390625,0,1133
1134,Carex grisea,Carex grisea,Grass,EFNative,1,PA,"IL, IA, KS, MN, MO, NE, OK, SD, WI, CT, ME, MA, MI, NH, NJ, NY, OH, PA, VT, WV, TX, AR, DE, KY, MD, MS, TN, VA",NA,0.00390625,0,1134
1135,Carex molesta,Carex molesta,Grass,EFNative,1,PA,"CO, IL, IA, KS, MN, MO, ND, NE, OK, WI, CT, IN, MA, MI, NH, NY, OH, PA, VT, WV, AL, AR, KY, MD, MS, TN, VA",NA,0.00390625,0,1135
1136,Carex normalis,Carex normalis,Grass,EFNative,1,PA,"IL, IA, KS, MN, MO, SD, WI, CT, IN, ME, MA, MI, NH, NJ, NY, OH, PA, RI, VT, WV, AL, AR, DE, GA, KY, MD, NC, SC, TN, VA",NA,0.00390625,0,1136
1137,Carex pseudocyperus,Carex pseudocyperus,Grass,EFNative,1,MA,"MN, SD, WI, CT, ME, MA, MI, NY, OH, PA, VT",NA,0.00390625,0,1137
1138,Carex retrorsa,Carex retrorsa,Grass,EFNative,1,PA,"CO, ID, MT, OR, WA, WY, IL, IA, MN, WI, CT, IN, ME, MA, MI, NY, PA, VT, UT",NA,0.00390625,0,1138
1139,Carex riparia,Carex riparia,Grass,EFNative,1,PA,"ID, MT, IL, IA, MN, MO, ND, NE, SD, WI, CT, IN, ME, MA, MI, NH, NJ, NY, OH, PA, RI, VT, WV, AL, DE, KY, MD, VA",NA,0.00390625,0,1139
1140,Carex sartwellii,Carex sartwellii,Grass,EFNative,1,PA,"CO, ID, MT, WY, IL, IA, MN, MO, ND, NE, SD, WI, IN, MI, NY, OH, PA, UT, AR, MD",NA,0.00390625,0,1140
1141,Carex sparganioides,Carex sparganioides,Grass,EFNative,1,PA,"IL, IA, KS, MN, MO, NE, SD, WI, CT, ME, MA, MI, NH, NJ, NY, OH, PA, VT, WV, AR, DE, GA, KY, MD, TN, VA",NA,0.00390625,0,1141
1142,Carex trichocarpa,Carex trichocarpa,Grass,EFNative,1,PA,"OR, IL, IA, MN, MO, WI, CT, IN, MA, MI, NJ, NY, OH, PA, VT, WV, DE, MD, NC, TN, VA",NA,0.00390625,0,1142
1143,Carex utriculata,Carex utriculata,Grass,EFNative,1,PA,"AK, CO, ID, MT, OR, WA, WY, IL, MN, SD, WI, CT, IN, ME, MA, MI, NH, NY, OH, PA, VT, WV, AZ, CA, NV, UT, NM, MD, TN, VA",NA,0.00390625,0,1143
1144,Clarkia amoena,Clarkia amoena,Forb/herb,EFNonNative,1,VT,"OR, WA, CA",NA,0.00390625,0,1144
1145,Claytonia sibirica,Claytonia sibirica,Forb/herb,EFNonNative,1,WV,"AK, ID, MT, OR, WA, CA",NA,0.00390625,0,1145
1146,Clematis pitcheri,Clematis pitcheri,Vine,EFNative,1,RI,"IL, IA, KS, MO, NE, OK, IN, NM, TX, AL, AR, KY, TN",NA,0.00390625,0,1146
1147,Clintonia umbellulata,Clintonia umbellulata,Forb/herb,EFNative,1,WV,"NY, OH, PA, WV, GA, KY, MD, NC, SC, TN, VA",NA,0.00390625,0,1147
1148,Clusia rosea,Clusia rosea,Shrub,EFNative,1,MA,FL,NA,0.00390625,0,1148
1149,Convallaria montana,Convallaria montana,Forb/herb,EFNative,1,WV,"WV, GA, KY, NC, TN, VA",NA,0.00390625,0,1149
1150,Coptis trifolia,Coptis trifolia,Forb/herb,EFNative,1,RI,"AK, MN, WI, CT, IN, ME, MA, MI, NH, NJ, NY, OH, PA, RI, VT, WV, MD",NA,0.00390625,0,1150
1151,Coreopsis gladiata,Coreopsis gladiata,Forb/herb,EFNative,1,PA,"TX, AL, AR, FL, GA, LA, MS, NC, SC, VA",NA,0.00390625,0,1151
1152,Cypripedium reginae,Cypripedium reginae,Forb/herb,EFNative,1,VT,"IL, IA, MN, MO, ND, WI, CT, IN, ME, MA, MI, NH, NJ, NY, OH, PA, VT, WV, AR, KY, MD, NC, TN, VA",NA,0.00390625,0,1152
1153,Dalea candida,Dalea candida,Forb/herb,EFNative,1,PA,"CO, MT, WY, IL, IA, KS, MN, MO, ND, NE, OK, SD, WI, IN, AZ, UT, NM, TX, AL, AR, KY, LA, MS, TN",NA,0.00390625,0,1153
1154,Diarrhena americana,Diarrhena americana,Grass,EFNative,1,PA,"IL, IA, KS, MN, MO, NE, OK, SD, WI, IN, MI, OH, WV, TX, AL, AR, GA, KY, NC, TN, VA",NA,0.00390625,0,1154
1155,Dioscorea quaternata,Dioscorea quaternata,Forb/herb,EFNative,1,WV,"IL, IA, KS, MN, MO, NE, OK, WI, CT, IN, MA, MI, NJ, NY, OH, PA, RI, VT, WV, TX, AL, AR, DE, FL, GA, KY, LA, MD, MS, NC, SC, TN, VA",NA,0.00390625,0,1155
1156,Diplacus aurantiacus,Diplacus aurantiacus,Shrub,EFNonNative,1,PA,"OR, CA",NA,0.00390625,0,1156
1157,Eleocharis erythropoda,Eleocharis erythropoda,Grass,EFNative,1,PA,"AK, CO, ID, MT, OR, WA, WY, IL, IA, KS, MN, MO, ND, NE, OK, SD, WI, CT, IN, ME, MA, MI, NH, NJ, NY, OH, PA, RI, VT, WV, AZ, UT, NM, TX, AL, AR, DE, GA, KY, LA, MD, MS, NC, TN, VA",NA,0.00390625,0,1157
1158,Eleocharis exigua,Eleocharis exigua,Grass,EFNative,1,VA,"OK, MI, AZ, CA, TX, FL, LA, VA",NA,0.00390625,0,1158
1159,Elymus smithii,Elymus smithii,Grass,EFNative,1,PA,"AK, CO, ID, MT, OR, WA, WY, IL, IA, KS, MN, MO, ND, NE, OK, SD, WI, IN, MA, MI, NH, NY, OH, AZ, CA, NV, UT, NM, TX, GA, KY, TN",NA,0.00390625,0,1159
1160,Engelmannia peristenia,Engelmannia peristenia,Forb/herb,EFNative,1,PA,"CO, KS, MO, NE, OK, SD, AZ, NM, TX, AR",NA,0.00390625,0,1160
1161,Erigenia bulbosa,Erigenia bulbosa,Forb/herb,EFNative,1,WV,"IL, KS, MO, OK, WI, IN, MI, NY, OH, PA, WV, AL, AR, GA, KY, MD, MS, NC, TN, VA",NA,0.00390625,0,1161
1162,Erigeron speciosus,Erigeron speciosus,Forb/herb,EFNonNative,1,RI,"CO, ID, MT, OR, WA, WY, SD, AZ, NV, UT, NM",NA,0.00390625,0,1162
1163,Eriogonum allenii,Eriogonum allenii,Forb/herb,EFNative,1,VA,"WV, VA",NA,0.00390625,0,1163
1164,Eryngium leavenworthii,Eryngium leavenworthii,Forb/herb,EFNative,1,MD,"KS, MO, OK, WI, TX, AR",NA,0.00390625,0,1164
1165,Euonymus obovatus,Euonymus obovatus,Shrub,EFNative,1,OH,"IL, MO, IN, MI, NY, OH, PA, WV, AR, GA, KY, NC, SC, TN",NA,0.00390625,0,1165
1166,Festuca idahoensis,Festuca idahoensis,Grass,EFNonNative,1,MA,"CO, ID, MT, OR, WA, WY, SD, AZ, CA, NV, UT, NM",NA,0.00390625,0,1166
1167,Festuca subverticillata,Festuca subverticillata,Grass,EFNative,1,WV,"IL, IA, KS, MN, MO, ND, NE, OK, SD, WI, CT, IN, ME, MI, NH, NJ, NY, OH, PA, RI, VT, WV, TX, AL, AR, DE, FL, GA, KY, LA, MD, MS, NC, SC, TN, VA",NA,0.00390625,0,1167
1168,Fraxinus nigra,Fraxinus nigra,Tree,EFNative,1,ME,"IL, IA, MN, ND, WI, CT, IN, ME, MA, MI, NH, NJ, NY, OH, PA, RI, VT, WV, DE, MD",NA,0.00390625,0,1168
1169,Gordonia lasianthus,Gordonia lasianthus,Shrub,EFNative,1,CT,"AL, FL, GA, MS, NC, SC",NA,0.00390625,0,1169
1170,Gymnocarpium dryopteris,Gymnocarpium dryopteris,Forb/herb,EFNative,1,CT,"AK, CO, ID, MT, OR, WA, WY, IL, IA, MN, ND, SD, WI, CT, ME, MA, MI, NH, NJ, NY, OH, PA, RI, VT, WV, AZ, UT, NM, MD",NA,0.00390625,0,1170
1171,Hamamelis ovalis,Hamamelis ovalis,Shrub,EFNative,1,OH,"AL, MS",NA,0.00390625,0,1171
1172,Helenium amarum,Helenium amarum,Forb/herb,EFNative,1,PA,"KS, MO, OK, IN, MI, PA, CA, TX, AL, AR, FL, GA, LA, MS, NC, SC, TN, VA",NA,0.00390625,0,1172
1173,Helianthus pauciflorus,Helianthus pauciflorus,Forb/herb,EFNative,1,PA,"CO, MT, WY, IL, IA, KS, MN, MO, ND, NE, OK, SD, WI, CT, IN, ME, MA, MI, NH, NJ, PA, RI, VT, NM, TX, AR, GA, KY, VA",NA,0.00390625,0,1173
1174,Heuchera parviflora,Heuchera parviflora,Forb/herb,EFNative,1,PA,"WV, KY, NC, TN, VA",NA,0.00390625,0,1174
1175,Hippuris vulgaris,Hippuris vulgaris,Forb/herb,EFNative,1,MA,"AK, CO, MT, OR, WA, WY, IL, MN, ND, NE, SD, WI, IN, ME, MA, MI, NH, NY, VT, AZ, CA, NV, UT, NM",NA,0.00390625,0,1175
1176,Hydrocharis spongia,Hydrocharis spongia,Forb/herb,EFNative,1,MA,"IL, MO, OK, NY, TX, AL, AR, DE, FL, GA, KY, LA, MD, MS, NC, SC, TN, VA",CA,0.00390625,0,1176
1177,Hydrocotyle verticillata,Hydrocotyle verticillata,Forb/herb,EFNative,1,MA,"OR, MO, OK, CT, MA, NJ, NY, RI, AZ, CA, NV, NM, TX, AL, AR, DE, FL, GA, LA, MD, MS, NC, SC, VA",NA,0.00390625,0,1177
1178,Hypericum sphaerocarpum,Hypericum sphaerocarpum,Forb/herb,EFNative,1,PA,"IL, IA, KS, MN, MO, NE, OK, WI, IN, MI, OH, PA, TX, AL, AR, GA, KY, LA, MS, TN",NA,0.00390625,0,1178
1179,Iliamna remota,Iliamna remota,Forb/herb,EFNative,1,RI,"IL, IN, VA",NA,0.00390625,0,1179
1180,Ipomopsis rubra,Ipomopsis rubra,Forb/herb,EFNative,1,MD,"IA, KS, MO, OK, IN, MA, MI, NJ, OH, TX, AL, AR, DE, FL, GA, LA, MD, MS, NC, SC, VA",NA,0.00390625,0,1180
1181,Iris hexagona,Iris hexagona,Forb/herb,EFNative,1,CT,"FL, SC",NA,0.00390625,0,1181
1182,Juncus interior,Juncus interior,Grass,EFNative,1,PA,"CO, MT, WY, IL, IA, KS, MN, MO, ND, NE, OK, SD, WI, IN, OH, AZ, UT, NM, TX, AL, AR, KY, MS, TN",NA,0.00390625,0,1182
1183,Lepidium virginicum,Lepidium virginicum,Forb/herb,EFNative,1,PA,"CO, ID, MT, OR, WA, WY, IL, IA, KS, MN, MO, NE, OK, WI, CT, IN, ME, MA, MI, NH, NJ, NY, OH, PA, RI, VT, WV, AZ, CA, NV, UT, NM, TX, AL, AR, DE, FL, GA, KY, LA, MD, MS, NC, SC, TN, VA",NA,0.00390625,0,1183
1184,Leucophyllum frutescens,Leucophyllum frutescens,Shrub,EFNonNative,1,PA,TX,NA,0.00390625,0,1184
1185,Lewisia nevadensis,Lewisia nevadensis,Forb/herb,EFNonNative,1,CT,"CO, ID, OR, WA, AZ, CA, NV, UT, NM",NA,0.00390625,0,1185
1186,Lewisia pygmaea,Lewisia pygmaea,Forb/herb,EFNonNative,1,CT,"CO, ID, MT, OR, WA, WY, AZ, CA, NV, UT, NM",NA,0.00390625,0,1186
1187,Lilium michiganense,Lilium michiganense,Forb/herb,EFNative,1,PA,"IL, IA, KS, MN, MO, NE, OK, SD, WI, IN, MI, NY, OH, AL, AR, KY, TN",NA,0.00390625,0,1187
1188,Lindernia grandiflora,Lindernia grandiflora,Forb/herb,EFNative,1,VA,"FL, GA",NA,0.00390625,0,1188
1189,Maianthemum dilatatum,Maianthemum dilatatum,Forb/herb,EFNonNative,1,CT,"AK, ID, OR, WA, CA",NA,0.00390625,0,1189
1190,Malus ioensis,Malus ioensis,Shrub,EFNative,1,OH,"IL, IA, KS, MN, MO, NE, OK, SD, WI, IN, MI, OH, TX, AR, KY, LA",NA,0.00390625,0,1190
1191,Mecardonia procumbens,Mecardonia procumbens,Forb/herb,EFNative,1,PA,"NM, TX, FL",NA,0.00390625,0,1191
1192,Mimosa strigillosa,Mimosa strigillosa,Forb/herb,EFNative,1,ME,"AZ, TX, AL, AR, FL, GA, MS",NA,0.00390625,0,1192
1193,Monardella macrantha,Monardella macrantha,Forb/herb,EFNonNative,1,PA,CA,NA,0.00390625,0,1193
1194,Muhlenbergia dumosa,Muhlenbergia dumosa,Grass,EFNonNative,1,RI,AZ,NA,0.00390625,0,1194
1195,Muhlenbergia mexicana,Muhlenbergia mexicana,Grass,EFNative,1,PA,"CO, ID, MT, OR, WA, WY, IL, IA, KS, MN, MO, ND, NE, OK, SD, WI, CT, IN, ME, MA, MI, NH, NJ, NY, OH, PA, RI, VT, WV, AZ, CA, NV, UT, NM, TX, AL, AR, DE, KY, MD, NC, TN, VA",NA,0.00390625,0,1195
1196,Myosotis alpestris,Myosotis alpestris,Forb/herb,EFNonNative,1,VT,"WA, OR, ID, MT, WY, CO",NA,0.00390625,0,1196
1197,Nemopanthus mucronatus,Nemopanthus mucronatus,Shrub,EFNative,1,ME,"IL, MN, WI, CT, IN, ME, MA, MI, NH, NJ, NY, OH, PA, RI, VT, WV, MD",NA,0.00390625,0,1197
1198,Nemophila aphylla,Nemophila aphylla,Forb/herb,EFNative,1,WV,"IL, OK, WV, TX, AL, AR, DE, FL, GA, KY, LA, MD, MS, NC, SC, TN, VA",NA,0.00390625,0,1198
1199,Nemophila menziesii,Nemophila menziesii,Forb/herb,EFNonNative,1,VT,"OR, WY, CA, NV",NA,0.00390625,0,1199
1200,Nothoscordum bivalve,Nothoscordum bivalve,Forb/herb,EFNative,1,WV,"IL, KS, MO, OK, IN, OH, AZ, NM, TX, AL, AR, FL, GA, KY, LA, MS, NC, SC, TN, VA",NA,0.00390625,0,1200
1201,Oenothera humifusa,Oenothera humifusa,Forb/herb,EFNative,1,NH,"NJ, PA, AL, DE, FL, GA, LA, MD, MS, NC, SC, VA",NA,0.00390625,0,1201
1202,Oplismenus hirtellus,Oplismenus hirtellus,Grass,EFNative,1,PA,FL,"NY, PA, VA, WI",0.00390625,0,1202
1203,Packera plattensis,Packera plattensis,Forb/herb,EFNative,1,PA,"CO, MT, WY, IL, IA, KS, MN, MO, ND, NE, OK, SD, WI, IN, MI, OH, PA, NM, TX, AR, GA, LA, MS, TN, VA",NA,0.00390625,0,1203
1204,Pediomelum subacaule,Pediomelum subacaule,Forb/herb,EFNative,1,WV,"AL, GA, TN",NA,0.00390625,0,1204
1205,Penstemon heterophyllus,Penstemon heterophyllus,Forb/herb,EFNonNative,1,ME,CA,NA,0.00390625,0,1205
1206,Penstemon newberryi,Penstemon newberryi,Forb/herb,EFNonNative,1,MA,"OR, CA, NV",NA,0.00390625,0,1206
1207,Phacelia tanacetifolia,Phacelia tanacetifolia,Forb/herb,EFNative,1,MA,"OR, KS, ME, MA, MI, AZ, CA, NV",NA,0.00390625,0,1207
1208,Phemeranthus calcaricus,Phemeranthus calcaricus,Forb/herb,EFNative,1,WV,"CO, IL, NE, NM, TX, AL, AR, KY, TN",NA,0.00390625,0,1208
1209,Phlox amoena,Phlox amoena,Forb/herb,EFNative,1,WV,"AL, FL, GA, KY, MS, NC, SC, TN",NA,0.00390625,0,1209
1210,Phlox buckleyi,Phlox buckleyi,Forb/herb,EFNative,1,VA,"WV, VA",NA,0.00390625,0,1210
1211,Phlox douglasii,Phlox douglasii,Forb/herb,EFNonNative,1,VT,"OR, WA, CA",NA,0.00390625,0,1211
1212,Physostegia leptophylla,Physostegia leptophylla,Forb/herb,EFNative,1,MA,"AL, FL, GA, NC, SC, VA",NA,0.00390625,0,1212
1213,Picea engelmannii,Picea engelmannii,Tree,EFNonNative,1,MA,"CO, ID, MT, OR, WA, WY, AZ, CA, NV, UT, NM",NA,0.00390625,0,1213
1214,Pieris phillyreifolia,Pieris phillyreifolia,Shrub,EFNative,1,DE,"AL, FL, GA, MS, SC",NA,0.00390625,0,1214
1215,Pinus albicaulis,Pinus albicaulis,Tree,EFNonNative,1,OH,"ID, MT, OR, WA, WY, CA, NV",NA,0.00390625,0,1215
1216,Pinus jeffreyi,Pinus jeffreyi,Tree,EFNonNative,1,MA,"OR, CA, NV",NA,0.00390625,0,1216
1217,Pinus monophylla,Pinus monophylla,Tree,EFNonNative,1,ME,"CO, ID, AZ, CA, NV, UT, NM",NA,0.00390625,0,1217
1218,Polemonium pulcherrimum,Polemonium pulcherrimum,Forb/herb,EFNonNative,1,DE,"AK, CO, ID, MT, OR, WA, WY, AZ, CA, NV, UT, NM",NA,0.00390625,0,1218
1219,Portulaca pilosa,Portulaca pilosa,Forb/herb,EFNative,1,PA,"KS, MO, OK, AZ, NM, TX, AL, AR, FL, GA, LA, MS, NC, SC, TN",NA,0.00390625,0,1219
1220,Portulaca umbraticola,Portulaca umbraticola,Forb/herb,EFNative,1,PA,"MO, OK, AZ, NM, TX, AL, AR, GA, LA, MS, SC",NA,0.00390625,0,1220
1221,Potentilla thurberi,Potentilla thurberi,Forb/herb,EFNonNative,1,OH,"AZ, NM",NA,0.00390625,0,1221
1222,Primula jeffreyi,Primula jeffreyi,NA,EFNonNative,1,CT,"AK, ID, MT, OR, WA, WY, CA",NA,0.00390625,0,1222
1223,Pulsatilla patens,Pulsatilla patens,Forb/herb,EFNative,1,PA,"WA, ID, MT, WY, UT, CO, NM, TX, ND, SD, NE, KS, IA, MN, WI, IL, MI",NA,0.00390625,0,1223
1224,Quercus laurifolia,Quercus laurifolia,Tree,EFNative,1,VA,"TX, AL, AR, FL, GA, LA, MS, NC, SC, VA",NA,0.00390625,0,1224
1225,Quercus pagoda,Quercus pagoda,Tree,EFNative,1,DE,"IL, MO, OK, IN, TX, AL, AR, FL, GA, KY, LA, MD, MS, NC, SC, TN, VA",NA,0.00390625,0,1225
1226,Rhododendron tomentosum,Rhododendron tomentosum,Shrub,EFNonNative,1,ME,AK,NA,0.00390625,0,1226
1227,Ribes aureum,Ribes aureum,Shrub,EFNative,1,PA,"CO, ID, MT, OR, WA, WY, IA, KS, MN, MO, ND, NE, OK, SD, WI, MI, AZ, CA, NV, UT, NM, TX, AR, TN",NA,0.00390625,0,1227
1228,Ribes sanguineum,Ribes sanguineum,Shrub,EFNonNative,1,NJ,"ID, OR, WA, CA",NA,0.00390625,0,1228
1229,Rosa arkansana,Rosa arkansana,Shrub,EFNative,1,NY,"CO, MT, WY, IL, IA, KS, MN, MO, ND, NE, OK, SD, WI, IN, MI, OH, NM, TX, AR",NA,0.00390625,0,1229
1230,Rubus parviflorus,Rubus parviflorus,Shrub,EFNative,1,RI,"AK, CO, ID, MT, OR, WA, WY, IL, IA, MN, SD, WI, MI, AZ, CA, NV, UT, NM",NA,0.00390625,0,1230
1231,Rumex verticillatus,Rumex verticillatus,Forb/herb,EFNative,1,PA,"IL, IA, KS, MN, MO, NE, OK, SD, WI, CT, IN, MA, MI, NJ, NY, OH, PA, RI, VT, WV, TX, AL, AR, DE, FL, GA, KY, LA, MD, MS, NC, SC, TN, VA",NA,0.00390625,0,1231
1232,Salix myricoides,Salix myricoides,Shrub,EFNative,1,OH,"IL, WI, IN, ME, MI, OH, PA",NA,0.00390625,0,1232
1233,Salix pyrifolia,Salix pyrifolia,Shrub,EFNative,1,OH,"IL, MN, WI, ME, MI, NH, NY, VT",NA,0.00390625,0,1233
1234,Sedum borschii,Sedum borschii,Forb/herb,EFNonNative,1,ME,"ID, MT",NA,0.00390625,0,1234
1235,Sequoia sempervirens,Sequoia sempervirens,Tree,EFNonNative,1,OH,"OR, CA",NA,0.00390625,0,1235
1236,Sidalcea oregana,Sidalcea oregana,Forb/herb,EFNonNative,1,VT,"ID, MT, OR, WA, WY, CA, NV, UT",NA,0.00390625,0,1236
1237,Sisyrinchium campestre,Sisyrinchium campestre,Forb/herb,EFNative,1,PA,"IL, IA, KS, MN, MO, ND, NE, OK, SD, WI, IN, MI, OH, TX, AR, LA",NA,0.00390625,0,1237
1238,Sisyrinchium idahoense,Sisyrinchium idahoense,Forb/herb,EFNonNative,1,PA,"CO, ID, MT, OR, WA, WY, AZ, CA, NV, UT, NM",NA,0.00390625,0,1238
1239,Sisyrinchium nashii,Sisyrinchium nashii,Forb/herb,EFNative,1,PA,"AL, FL, GA, MS, NC, SC, TN, VA",NA,0.00390625,0,1239
1240,Solidago drummondii,Solidago drummondii,Forb/herb,EFNative,1,PA,"IL, MO, AR",NA,0.00390625,0,1240
1241,Solidago ptarmicoides,Solidago ptarmicoides,Forb/herb,EFNative,1,PA,"CO, MT, WY, IL, IA, MN, MO, OK, SD, WI, CT, IN, MI, NH, NY, OH, VT, SC",NA,0.00390625,0,1241
1242,Sporobolus rigidus,Sporobolus rigidus,Grass,EFNative,1,PA,"CO, ID, MT, WA, WY, IL, IA, KS, MN, MO, ND, NE, SD, WI, IN, MI, NY, OH, PA, NM",NA,0.00390625,0,1242
1243,Stenanthium gramineum,Stenanthium gramineum,Forb/herb,EFNative,1,WV,"IL, MO, IN, MI, OH, PA, WV, TX, AL, AR, FL, GA, KY, LA, MD, NC, SC, TN, VA",NA,0.00390625,0,1243
1244,Stenaria nigricans,Stenaria nigricans,Forb/herb,EFNative,1,WV,"CO, IL, IA, KS, MO, NE, OK, IN, MI, OH, NM, TX, AL, AR, FL, GA, KY, LA, MS, TN",NA,0.00390625,0,1244
1245,Symphyotrichum drummondii,Symphyotrichum drummondii,Forb/herb,EFNative,1,PA,"IL, IA, KS, MN, MO, NE, OK, WI, IN, MI, OH, PA, WV, TX, AL, AR, GA, KY, LA, MD, MS, TN",NA,0.00390625,0,1245
1246,Symphyotrichum turbinellum,Symphyotrichum turbinellum,Forb/herb,EFNative,1,RI,"IL, IA, KS, MO, NE, OK, AR, LA",NA,0.00390625,0,1246
1247,Taxus brevifolia,Taxus brevifolia,Tree,EFNonNative,1,ME,"AK, ID, MT, OR, WA, CA",NA,0.00390625,0,1247
1248,Thalia geniculata,Thalia geniculata,Forb/herb,EFNative,1,MA,"FL, LA",NA,0.00390625,0,1248
1249,Thermopsis rhombifolia,Thermopsis rhombifolia,Forb/herb,EFNonNative,1,WV,"CO, MT, WY, ND, NE, SD, NM",NA,0.00390625,0,1249
1250,Tradescantia occidentalis,Tradescantia occidentalis,Forb/herb,EFNative,1,PA,"CO, MT, WY, IA, KS, MN, ND, NE, OK, SD, WI, NJ, NY, AZ, UT, NM, TX, AR, LA",NA,0.00390625,0,1250
1251,Trillium simile,Trillium simile,Forb/herb,EFNative,1,VT,"GA, NC, TN",NA,0.00390625,0,1251
1252,Triosteum perfoliatum,Triosteum perfoliatum,Forb/herb,EFNative,1,RI,"IL, IA, KS, MN, MO, NE, OK, WI, CT, IN, MA, MI, NJ, NY, OH, PA, RI, WV, TX, AL, AR, DE, GA, KY, LA, MD, NC, SC, TN, VA",NA,0.00390625,0,1252
1253,Vaccinium membranaceum,Vaccinium membranaceum,Shrub,EFNative,1,VA,"CO, ID, MT, OR, WA, WY, SD, MI, AZ, CA, UT",NA,0.00390625,0,1253
1254,Vancouveria hexandra,Vancouveria hexandra,Forb/herb,EFNonNative,1,VT,"OR, WA, CA",NA,0.00390625,0,1254
1255,Veratrum virginicum,Veratrum virginicum,Forb/herb,EFNative,1,RI,"IL, IA, KS, MO, OK, IN, NJ, NY, OH, PA, WV, TX, AL, AR, DE, FL, GA, KY, LA, MD, MS, NC, SC, TN, VA",NA,0.00390625,0,1255
1256,Veratrum viride,Veratrum viride,Forb/herb,EFNative,1,WV,"AK, ID, MT, OR, WA, CT, ME, MA, NH, NJ, NY, OH, PA, RI, VT, WV, CA, DE, GA, MD, NC, SC, TN, VA",NA,0.00390625,0,1256
1257,Verbesina helianthoides,Verbesina helianthoides,Forb/herb,EFNative,1,MD,"IL, IA, KS, MO, OK, IN, OH, TX, AL, AR, GA, KY, LA, MS, NC, TN",NA,0.00390625,0,1257
1258,Vernonia baldwinii,Vernonia baldwinii,Forb/herb,EFNative,1,PA,"CO, IL, IA, KS, MO, NE, OK, MI, TX, AR, KY, LA",NA,0.00390625,0,1258
1259,Viola rotundifolia,Viola rotundifolia,Forb/herb,EFNative,1,WV,"CT, ME, MA, NH, NY, OH, PA, RI, VT, WV, DE, GA, KY, MD, NC, SC, TN, VA",NA,0.00390625,0,1259
1260,Zinnia grandiflora,Zinnia grandiflora,Forb/herb,EFNonNative,1,MD,"CO, KS, OK, AZ, NM, TX",NA,0.00390625,0,1260
1261,Gaultheria procumbens,Gaultheria procumbens,Shrub,EFNative,46,"NY, NJ, CT, OH, ME, MD, MA, DE, PA, RI, NH, WV, VT, VA","IL, MN, WI, CT, IN, ME, MA, MI, NH, NJ, NY, OH, PA, RI, VT, WV, AL, DE, GA, KY, MD, NC, SC, TN, VA",NA,0.13671875,0.13253012,1261
1262,Cornus canadensis,Cornus canadensis,Forb/herb,EFNative,22,"ME, MD, OH, NY, DE, VT, NH, RI, VA","AK, CO, ID, MT, WA, WY, IL, IA, MN, ND, SD, WI, CT, IN, ME, MA, MI, NH, NJ, NY, OH, PA, RI, VT, WV, NM, MD, VA",NA,0.06640625,0.060240964,1262
1263,Onoclea struthiopteris,Onoclea struthiopteris,Forb/herb,EFNative,100,"OH, MA, MD, NY, PA, RI, CT, NJ, VA, ME, DE, VT, NH","CT, IL, IN, IA, ME, MD, MA, MI, MN, MO, NE, NH, NJ, NY, ND, OH, PA, RI, SD, VT, VA, WV, WI",NA,0.296875,0.289156627,1263
1264,Abies amabilis,Abies amabilis,Tree,EFNonNative,2,"CT, MA","AK, OR, WA, CA",NA,0.0078125,0,1264
1265,Amelanchier nantucketensis,Amelanchier nantucketensis,Shrub,EFNative,2,"ME, CT","CT, ME, MA, NH, NJ, NY, RI, MD, SC, VA",NA,0.0078125,0,1265
1266,Aquilegia chrysantha,Aquilegia chrysantha,Forb/herb,EFNonNative,2,"CT, VA","CO, AZ, UT, NM, TX",NA,0.0078125,0,1266
1267,Arnica chamissonis,Arnica chamissonis,Forb/herb,EFNonNative,2,"VT, ME","AK, CO, ID, MT, OR, WA, WY, AZ, CA, NV, UT, NM",NA,0.0078125,0,1267
1268,Asclepias perennis,Asclepias perennis,Forb/herb,EFNative,2,"DE, PA","IL, MO, IN, TX, AL, AR, FL, GA, KY, LA, MS, SC, TN",NA,0.0078125,0,1268
1269,Bouteloua dactyloides,Bouteloua dactyloides,Grass,EFNative,2,"PA, VA","CO, MT, WY, IL, IA, KS, MN, MO, ND, NE, OK, SD, AZ, NV, UT, NM, TX, AR, GA, LA, VA",NA,0.0078125,0,1269
1270,Carex aurea,Carex aurea,Grass,EFNative,2,"PA, MD","AK, CO, ID, MT, OR, WA, WY, IL, MN, ND, NE, SD, WI, CT, IN, ME, MA, MI, NH, NY, OH, RI, VT, AZ, CA, NV, UT, NM, TX",NA,0.0078125,0,1270
1271,Carex emoryi,Carex emoryi,Grass,EFNative,2,"PA, OH","CO, WY, IL, IA, KS, MN, MO, ND, NE, OK, SD, WI, CT, IN, MI, NJ, NY, OH, PA, WV, AZ, NM, TX, AR, DE, KY, MD, VA",NA,0.0078125,0,1271
1272,Chilopsis linearis,Chilopsis linearis,Shrub,EFNonNative,2,"CT, PA","AZ, CA, NV, UT, NM, TX",NA,0.0078125,0,1272
1273,Cyperus haspan,Cyperus haspan,Grass,EFNative,2,MA,"TX, AL, FL, GA, LA, MD, MS, NC, SC, TN, VA",NA,0.0078125,0,1273
1274,Echinacea simulata,Echinacea simulata,Forb/herb,EFNative,2,"PA, MD","IL, MO, AR, GA, KY, TN",NA,0.0078125,0,1274
1275,Eragrostis trichodes,Eragrostis trichodes,Grass,EFNative,2,"RI, MA","CO, WY, IL, IA, KS, MN, MO, NE, OK, SD, WI, IN, MI, NY, OH, NM, TX, AL, AR, LA, MS, TN, VA",NA,0.0078125,0,1275
1276,Gomphrena haageana,Gomphrena haageana,Forb/herb,EFNonNative,2,"ME, VT","NM, TX",NA,0.0078125,0,1276
1277,Hesperocyparis glabra,Hesperocyparis glabra,Tree,EFNonNative,2,"DE, NY",AZ,NA,0.0078125,0,1277
1278,Heuchera richardsonii,Heuchera richardsonii,Forb/herb,EFNative,2,"PA, MA","CO, MT, WY, IL, IA, KS, MN, MO, ND, NE, OK, SD, WI, IN, MI",NA,0.0078125,0,1278
1279,Milium effusum,Milium effusum,Grass,EFNative,2,"RI, PA","IL, IA, MN, SD, WI, CT, IN, ME, MA, MI, NH, NJ, NY, OH, PA, VT, WV, MD, NC, TN, VA",NA,0.0078125,0,1279
1280,Monarda citriodora,Monarda citriodora,Forb/herb,EFNative,2,"MA, NH","KS, MO, OK, AZ, UT, NM, TX, AL, AR, TN",NA,0.0078125,0,1280
1281,Muhlenbergia lindheimeri,Muhlenbergia lindheimeri,Grass,EFNonNative,2,"PA, NJ",TX,NA,0.0078125,0,1281
1282,Phlox amplifolia,Phlox amplifolia,Forb/herb,EFNative,2,"OH, ME","MO, IN, AL, AR, GA, KY, MD, MS, NC, TN, VA",NA,0.0078125,0,1282
1283,Phytolacca americana,Phytolacca americana,Forb/herb,EFNative,2,"ME, PA","OR, IL, IA, KS, MN, MO, NE, OK, WI, CT, IN, ME, MA, MI, NH, NJ, NY, OH, PA, RI, VT, WV, AZ, CA, NM, TX, AL, AR, DE, FL, GA, KY, LA, MD, MS, NC, SC, TN, VA",NA,0.0078125,0,1283
1284,Pieris floribunda,Pieris floribunda,Shrub,EFNative,2,"MA, CT","WV, GA, NC, TN, VA",NA,0.0078125,0,1284
1285,Polemonium carneum,Polemonium carneum,Forb/herb,EFNonNative,2,PA,"OR, WA, CA",NA,0.0078125,0,1285
1286,Prosartes lanuginosa,Prosartes lanuginosa,Forb/herb,EFNative,2,"WV, VT","NY, OH, PA, WV, AL, AR, GA, KY, MD, NC, SC, TN, VA",NA,0.0078125,0,1286
1287,Pycnanthemum curvipes,Pycnanthemum curvipes,Forb/herb,EFNative,2,"PA, MA","AL, NC, TN",NA,0.0078125,0,1287
1288,Rubus ursinus,Rubus ursinus,Shrub,EFNonNative,2,"NJ, MA","ID, MT, OR, WA, CA",NA,0.0078125,0,1288
1289,Rudbeckia occidentalis,Rudbeckia occidentalis,Forb/herb,EFNonNative,2,"VA, VT","ID, MT, OR, WA, WY, CA, NV, UT",NA,0.0078125,0,1289
1290,Scolochloa festucacea,Scolochloa festucacea,Grass,EFNative,2,"KY, CT","AK, ID, MT, OR, WY, IA, KS, MN, ND, NE, SD",NA,0.0078125,0,1290
1291,Sidalcea malviflora,Sidalcea malviflora,Forb/herb,EFNonNative,2,"ME, VT","OR, CA",NA,0.0078125,0,1291
1292,Silphium mohrii,Silphium mohrii,Forb/herb,EFNative,2,"MD, RI","AL, GA, TN",NA,0.0078125,0,1292
1293,Tsuga mertensiana,Tsuga mertensiana,Tree,EFNonNative,2,"VT, MA","AK, ID, MT, OR, WA, CA, NV",NA,0.0078125,0,1293
1294,Taxodium distichum,Taxodium distichum,Tree,EFNative,96,"OH, MD, KY, NJ, MA, NY, PA, VA, CT, DE, RI, VT, ME, NH","IL, MO, OK, IN, NY, TX, AL, AR, DE, FL, GA, KY, LA, MD, MS, NC, SC, TN, VA",NA,0.28515625,0.277108434,1294
1295,Itea virginica,Itea virginica,Shrub,EFNative,121,"OH, MD, KY, NY, NJ, MA, VT, PA, CT, ME, RI, VA, DE, NH, WV","IL, MO, OK, IN, NJ, PA, WV, TX, AL, AR, DE, FL, GA, KY, LA, MD, MS, NC, SC, TN, VA",NA,0.359375,0.34939759,1295
1296,Aesculus glabra,Aesculus glabra,Tree,EFNative,23,"OH, MD, NY, ME, PA, MA, VT, NJ","IL, IA, KS, MN, MO, NE, OK, WI, IN, ME, MI, NH, NJ, NY, OH, PA, WV, TX, AL, AR, GA, KY, MD, MS, TN",NA,0.0703125,0.060240964,1296
1297,Myrica gale,Myrica gale,Shrub,EFNative,19,"MA, CT, ME, DE, PA, NH, VT","AK, OR, WA, MN, WI, CT, ME, MA, MI, NH, NJ, NY, OH, PA, RI, VT, NC",NA,0.05859375,0.048192771,1297
1298,Viola labradorica,Viola labradorica,Forb/herb,EFNative,19,"NY, ME, VT, DE, VA, NH, MA, PA, CT, NJ","CO, IL, MN, ND, WI, CT, IN, ME, MA, MI, NH, NJ, NY, OH, PA, RI, VT, WV, AL, DE, GA, KY, MD, NC, SC, TN, VA",NA,0.05859375,0.048192771,1298
1299,Amsonia illustris,Amsonia illustris,Forb/herb,EFNative,15,"MD, NJ, VA, ME, PA, DE, NH, VT, MA","IA, KS, MO, NV, TX",NA,0.046875,0.036144578,1299
1300,Camassia leichtlinii,Camassia leichtlinii,Forb/herb,EFNonNative,7,"RI, ME, PA, VA, VT","OR, WA, CA",NA,0.0234375,0.012048193,1300
1301,Rhododendron groenlandicum,Rhododendron groenlandicum,Shrub,EFNative,7,"RI, DE, ME, NH, PA, MA","AK, ID, OR, WA, MN, WI, CT, ME, MA, MI, NH, NY, PA, VT",NA,0.0234375,0.012048193,1301
1302,Trollius laxus,Trollius laxus,Forb/herb,EFNative,7,"PA, ME, VT, NH","CO, ID, MT, WA, WY, CT, NJ, NY, OH, PA, UT, DE",NA,0.0234375,0.012048193,1302
1303,Actaea rubifolia,Actaea rubifolia,Forb/herb,EFNative,3,"DE, NH, ME","IL, IN, AL, KY, TN, VA",NA,0.01171875,0,1303
1304,Bouvardia ternifolia,Bouvardia ternifolia,Shrub,EFNonNative,3,"MA, NY","AZ, NM, TX",NA,0.01171875,0,1304
1305,Camassia quamash,Camassia quamash,Forb/herb,EFNonNative,3,"ME, NY, VT","ID, MT, OR, WA, WY, CA, NV, UT",NA,0.01171875,0,1305
1306,Catalpa bignonioides,Catalpa bignonioides,Tree,EFNative,3,"OH, CT","VT, TX, AL, FL, GA, LA, MS",NA,0.01171875,0,1306
1307,Cornus nuttallii,Cornus nuttallii,Tree,EFNonNative,3,"CT, VA, VT","ID, OR, WA, CA",NA,0.01171875,0,1307
1308,Crataegus punctata,Crataegus punctata,Shrub,EFNative,3,"OH, NH","MT, IL, IA, MN, MO, WI, CT, ME, MA, MI, NH, NJ, NY, OH, PA, RI, VT, WV, KY, NC, TN, VA",NA,0.01171875,0,1308
1309,Eschscholzia californica,Eschscholzia californica,Forb/herb,EFNonNative,3,"VT, NH","OR, WA, AZ, CA, NV, UT, NM, TX",NA,0.01171875,0,1309
1310,Hesperocyparis macrocarpa,Hesperocyparis macrocarpa,Tree,EFNonNative,3,"MA, DE, ME",CA,NA,0.01171875,0,1310
1311,Isolepis cernua,Isolepis cernua,Grass,EFNonNative,3,NY,"OR, WA, CA, TX",NA,0.01171875,0,1311
1312,Magnolia grandiflora,Magnolia grandiflora,Tree,EFNative,3,"NJ, VA","TX, AL, AR, FL, GA, LA, MS, NC, SC",NA,0.01171875,0,1312
1313,Melampodium divaricatum,Melampodium divaricatum,Forb/herb,EFNative,3,"VT, MA, PA",FL,NA,0.01171875,0,1313
1314,Penstemon pinifolius,Penstemon pinifolius,Forb/herb,EFNonNative,3,"MD, VA, VT","AZ, NM",NA,0.01171875,0,1314
1315,Picea sitchensis,Picea sitchensis,Tree,EFNonNative,3,"DE, MD, MA","AK, OR, WA, CA",NA,0.01171875,0,1315
1316,Pinus longaeva,Pinus longaeva,Tree,EFNonNative,3,"MA, ME, DE","CA, NV, UT",NA,0.01171875,0,1316
1317,Pinus ponderosa,Pinus ponderosa,Tree,EFNonNative,3,"PA, VT","CO, ID, MT, OR, WA, WY, ND, NE, OK, SD, AZ, CA, NV, UT, NM, TX",NA,0.01171875,0,1317
1318,Pistia stratiotes,Pistia stratiotes,Forb/herb,EFNative,3,"MA, OH","TX, FL, LA, MS","AL, MS, OH, SC, TX, WI",0.01171875,0,1318
1319,Polystichum braunii,Polystichum braunii,Forb/herb,EFNative,3,"NY, NJ","AK, ID, MN, WI, CT, ME, MA, MI, NH, NY, PA, VT",NA,0.01171875,0,1319
1320,Prosartes maculata,Prosartes maculata,Forb/herb,EFNative,3,"CT, VT, WV","MI, OH, WV, AL, GA, KY, NC, TN, VA",NA,0.01171875,0,1320
1321,Salvia apiana,Salvia apiana,Shrub,EFNonNative,3,"MD, ME, NH",CA,NA,0.01171875,0,1321
1322,Sequoiadendron giganteum,Sequoiadendron giganteum,Tree,EFNonNative,3,"DE, PA, MA",CA,NA,0.01171875,0,1322
1323,Sporobolus wrightii,Sporobolus wrightii,Grass,EFNative,3,"NJ, PA","OK, AZ, CA, UT, NM, TX, SC",NA,0.01171875,0,1323
1324,Thymophylla tenuiloba,Thymophylla tenuiloba,Forb/herb,EFNative,3,"MA, NJ, NH","TX, AL, FL, LA, MS, SC",NA,0.01171875,0,1324
1325,Tsuga caroliniana,Tsuga caroliniana,Tree,EFNative,3,"ME, DE, MA","GA, NC, SC, TN, VA",NA,0.01171875,0,1325
1326,Ulmus alata,Ulmus alata,Tree,EFNative,3,"VA, OH, DE","IL, KS, MO, OK, IN, OH, TX, AL, AR, FL, GA, KY, LA, MS, NC, SC, TN, VA",NA,0.01171875,0,1326
1327,Vernonia arkansana,Vernonia arkansana,Forb/herb,EFNative,3,"RI, CT, VT","KS, MO, OK, AR",NA,0.01171875,0,1327
1328,Bouteloua gracilis,Bouteloua gracilis,Grass,EFNative,36,"OH, KY, MD, PA, MA, RI, NJ, DE, CT, VT, NH, VA, ME","CO, ID, MT, WY, IL, IA, KS, MN, MO, ND, NE, OK, SD, WI, MI, OH, AZ, CA, NV, UT, NM, TX",NA,0.109375,0.096385542,1328
1329,Catalpa speciosa,Catalpa speciosa,Tree,EFNative,36,"OH, MD, KY, NJ, MA, VA, VT, ME, DE, PA, NH","IL, IA, KS, MO, ND, NE, OK, SD, CT, IN, MA, MI, NH, NY, OH, PA, VT, WV, UT, NM, TX, AL, AR, GA, KY, LA, MS, NC, SC, TN, VA",NA,0.109375,0.096385542,1329
1330,Juniperus virginiana,Juniperus virginiana,Tree,EFNative,122,"OH, DE, MD, KY, NJ, PA, MA, NY, VA, CT, RI, ME, VT, NH","CO, IL, IA, KS, MN, MO, ND, NE, OK, SD, WI, CT, IN, ME, MA, MI, NH, NJ, NY, OH, PA, RI, VT, WV, TX, AL, AR, DE, FL, GA, KY, LA, MD, MS, NC, SC, TN, VA",NA,0.36328125,0.34939759,1330
1331,Diervilla sessilifolia,Diervilla sessilifolia,Shrub,EFNative,20,"OH, KY, NJ, CT, PA, ME, VA, MD, MA","AL, GA, NC, SC, TN",NA,0.0625,0.048192771,1331
1332,Coreopsis palustris,Coreopsis palustris,Forb/herb,EFNative,12,"MD, PA, VA, CT, OH, DE",NC,NA,0.0390625,0.024096386,1332
1333,Liquidambar styraciflua,Liquidambar styraciflua,Tree,EFNative,106,"OH, MD, KY, NY, NJ, MA, RI, PA, VA, CT, DE, ME, NH, VT","IL, MO, OK, CT, IN, PA, WV, TX, AL, AR, FL, GA, KY, LA, MD, MS, NC, SC, TN",NA,0.31640625,0.301204819,1333
1334,Anemone cylindrica,Anemone cylindrica,Forb/herb,EFNative,4,"PA, VA, MA, CT","CO, ID, MT, WY, IL, IA, KS, MN, MO, ND, NE, SD, WI, CT, IN, ME, MA, MI, NH, NJ, NY, OH, PA, RI, VT, AZ, NM",NA,0.015625,0,1334
1335,Calocedrus decurrens,Calocedrus decurrens,Tree,EFNonNative,4,"CT, OH, PA, MA","OR, CA",NA,0.015625,0,1335
1336,Duranta erecta,Duranta erecta,Shrub,EFNative,4,"PA, ME, NJ",FL,NA,0.015625,0,1336
1337,Eustoma russellianum,Eustoma russellianum,Forb/herb,EFNative,4,"MA, ME, PA, RI","CO, MT, WY, KS, NE, OK, SD, NM, TX, AR, LA",NA,0.015625,0,1337
1338,Halesia diptera,Halesia diptera,Shrub,EFNative,4,"NJ, VA, DE, MD","TX, AL, AR, FL, GA, LA, MS, SC",NA,0.015625,0,1338
1339,Paxistima canbyi,Paxistima canbyi,Shrub,EFNative,4,"CT, ME, DE","OH, PA, WV, KY, MD, NC, TN, VA",NA,0.015625,0,1339
1340,Phlox drummondii,Phlox drummondii,Forb/herb,EFNative,4,"MA, VT, PA","MN, MO, OK, CT, MI, VT, TX, AL, AR, FL, GA, LA, MD, MS, NC, SC, VA",NA,0.015625,0,1340
1341,Picea breweriana,Picea breweriana,Tree,EFNonNative,4,"MA, MD, VT","OR, CA",NA,0.015625,0,1341
1342,Quercus macrocarpa,Quercus macrocarpa,Shrub,EFNative,66,"OH, MD, KY, NJ, MA, PA, VA, NY, VT, NH, DE, ME, CT","MT, WY, IL, IA, KS, MN, MO, ND, NE, OK, SD, WI, CT, IN, ME, MA, MI, NY, OH, PA, VT, WV, TX, AL, AR, KY, LA, MD, TN, VA",NA,0.19921875,0.180722892,1342
1343,Carya laciniosa,Carya laciniosa,Tree,EFNative,13,"NJ, OH, DE, PA, ME, MD","IL, IA, KS, MO, OK, IN, MI, NY, OH, PA, WV, TX, AL, AR, DE, GA, KY, MD, MS, NC, SC, TN, VA",NA,0.04296875,0.024096386,1343
1344,Clematis texensis,Clematis texensis,Vine,EFNonNative,9,"NY, MD, PA, VT, CT",TX,NA,0.03125,0.012048193,1344
1345,Coreopsis pubescens,Coreopsis pubescens,Forb/herb,EFNative,9,"MA, PA, DE, MD, ME, OH","IL, KS, MO, OK, CT, MA, WV, TX, AL, AR, FL, GA, KY, LA, MS, NC, SC, TN, VA",NA,0.03125,0.012048193,1345
1346,Campsis radicans,Campsis radicans,Vine,EFNative,54,"KY, NY, NJ, PA, MA, RI, CT, MD, ME, DE, VA, NH, OH, VT","IL, IA, KS, MO, ND, NE, OK, SD, WI, CT, IN, ME, NH, NJ, NY, OH, PA, WV, UT, TX, AL, AR, DE, FL, GA, KY, LA, MD, MS, NC, SC, TN, VA",NA,0.1640625,0.144578313,1346
1347,Agastache rupestris,Agastache rupestris,Forb/herb,EFNonNative,5,"VA, DE, MA, ME","AZ, NM",NA,0.01953125,0,1347
1348,Amsonia ciliata,Amsonia ciliata,Forb/herb,EFNative,5,"ME, PA, DE, VA, VT","MO, OK, TX, AL, AR, FL, GA, NC, SC",NA,0.01953125,0,1348
1349,Anemone multifida,Anemone multifida,Forb/herb,EFNative,5,"VT, ME, NH","AK, CO, ID, MT, OR, WA, WY, MN, ND, NE, SD, WI, ME, MI, NY, VT, AZ, CA, NV, UT, NM",NA,0.01953125,0,1349
1350,Arabis blepharophylla,Arabis blepharophylla,Forb/herb,EFNonNative,5,"PA, MA, ME, VT",CA,NA,0.01953125,0,1350
1351,Arabis caucasica,Arabis caucasica,Forb/herb,EFNative,5,"PA, MA, ME","ME, NY, VA, KY, TN, MI, WI",NA,0.01953125,0,1351
1352,Ipomoea alba,Ipomoea alba,Forb/herb,EFNative,5,"MA, WV, NJ, VT",FL,GA,0.01953125,0,1352
1353,Oenothera tetragona,Oenothera tetragona,Forb/herb,EFNative,5,"MA, PA, ME","IL, MO, CT, IN, ME, MA, MI, NH, NJ, NY, OH, PA, RI, WV, AL, DE, GA, KY, LA, MD, NC, SC, TN, VA",NA,0.01953125,0,1353
1354,Potentilla neumanniana,Potentilla neumanniana,Forb/herb,EFNative,5,"NY, PA, MD, VA","MA, CT",NA,0.01953125,0,1354
1355,Rudbeckia speciosa,Rudbeckia speciosa,Forb/herb,EFNative,5,"NY, MD, NJ, PA","IL, MO, WI, CT, MA, MI, NJ, NY, OH, PA, WV, AL, AR, DE, GA, KY, VA",NA,0.01953125,0,1355
1356,Betula papyrifera,Betula papyrifera,Tree,EFNative,42,"OH, MA, NJ, PA, RI, NY, VT, CT, ME, DE, MD, NH","AK, CO, ID, MT, OR, WA, WY, IL, IA, MN, ND, NE, SD, WI, CT, IN, ME, MA, MI, NH, NJ, NY, OH, PA, RI, VT, WV, VA",NA,0.12890625,0.108433735,1356
1357,Phalaris arundinacea,Phalaris arundinacea,Grass,EFNative,10,"OH, PA, ME, MD","AK, CO, MT, OR, WA, WY, IL, IA, KS, MN, MO, ND, NE, OK, SD, WI, CT, IN, ME, MA, MI, NH, NJ, NY, OH, PA, RI, VT, WV, AZ, CA, NV, UT, NM, AL, AR, DE, KY, MD, NC, TN, VA","IN, MA, ME, OH, OR, WA, WI",0.03515625,0.012048193,1357
1358,Asplenium scolopendrium,Asplenium scolopendrium,Forb/herb,EFNative,6,"DE, PA, RI, VT","MI, NJ, NY, NM, AL, MD, TN",NA,0.0234375,0,1358
1359,Leucothoe catesbaei,Leucothoe catesbaei,Shrub,EFNative,6,"RI, MA, CT","AL, FL, GA, LA, MS, NC, SC, VA",NA,0.0234375,0,1359
1360,Pinus strobiformis,Pinus strobiformis,Tree,EFNonNative,6,"OH, CT, NJ, PA","TX, NM, AZ, CO",NA,0.0234375,0,1360
1361,Polemonium boreale,Polemonium boreale,Forb/herb,EFNonNative,6,"ME, PA, VT",AK,NA,0.0234375,0,1361
1362,Polystichum munitum,Polystichum munitum,Forb/herb,EFNonNative,6,"NY, DE, MA, NJ, PA","AK, ID, MT, OR, WA, SD, CA",NA,0.0234375,0,1362
1363,Salvia coccinea,Salvia coccinea,Forb/herb,EFNative,6,"MA, PA, NJ, VA, VT","TX, AL, FL, GA, LA, MS, SC",NA,0.0234375,0,1363
1364,Talinum paniculatum,Talinum paniculatum,Forb/herb,EFNative,6,"NY, ME, NH, PA","AZ, NM, TX, FL, GA, KY, LA, NC, SC",CA,0.0234375,0,1364
1365,Tsuga heterophylla,Tsuga heterophylla,Tree,EFNonNative,6,"NJ, PA, DE, MA, CT","AK, ID, MT, OR, WA, CA",NA,0.0234375,0,1365
1366,Xanthorhiza simplicissima,Xanthorhiza simplicissima,Forb/herb,EFNative,35,"NJ, PA, RI, MA, CT, MD, VA, ME, DE, VT, NH, WV","ME, MA, NH, NY, OH, WV, TX, AL, FL, GA, KY, LA, MS, NC, SC, TN, VA",NA,0.109375,0.084337349,1366
1367,Verbena canadensis,Verbena canadensis,Forb/herb,EFNative,19,"OH, MD, VA, PA, MA, NJ","IL, IA, KS, MN, MO, NE, OK, WI, CT, IN, MI, NY, OH, PA, WV, NM, TX, AL, AR, FL, GA, KY, LA, MS, NC, SC, TN, VA",NA,0.0625,0.036144578,1367
1368,Abies lasiocarpa,Abies lasiocarpa,Tree,EFNonNative,7,"CT, OH, MD, NJ, PA, VT","AK, CO, ID, MT, OR, WA, WY, AZ, CA, NV, NM",NA,0.02734375,0,1368
1369,Abies procera,Abies procera,Tree,EFNonNative,7,"CT, DE, MA, VT","OR, WA, CA",NA,0.02734375,0,1369
1370,Aquilegia formosa,Aquilegia formosa,Forb/herb,EFNonNative,7,"NJ, DE, OH, MA","AK, ID, MT, OR, WA, WY, CA, NV, UT",NA,0.02734375,0,1370
1371,Blechnum spicant,Blechnum spicant,Forb/herb,EFNonNative,7,"NY, MD, NJ, DE, MA, CT","AK, ID, OR, WA, CA",NA,0.02734375,0,1371
1372,Heuchera sanguinea,Heuchera sanguinea,Forb/herb,EFNonNative,7,"OH, ME, PA, DE, VA, VT, MA","AZ, NM",NA,0.02734375,0,1372
1373,Penstemon barbatus,Penstemon barbatus,Forb/herb,EFNonNative,7,"MA, MD, PA, ME, VT","CO, AZ, CA, UT, NM, TX",NA,0.02734375,0,1373
1374,Pinus aristata,Pinus aristata,Tree,EFNonNative,7,"DE, MD, NH, CT, ME, MA, OH","CO, AZ, NM",NA,0.02734375,0,1374
1375,Acer saccharum,Acer saccharum,Shrub,EFNative,130,"OH, MD, KY, PA, NJ, MA, VA, CT, RI, NY, VT, NH, ME, DE","IL, IA, KS, MN, MO, WI, IN, MI, NY, PA, VT, WV, TX, AL, AR, FL, GA, KY, LA, MD, NC, SC, TN",NA,0.390625,0.361445783,1375
1376,Hypericum frondosum,Hypericum frondosum,Shrub,EFNative,20,"MA, CT, VA, PA, ME, NY, OH, RI, NJ, VT","TX, AL, FL, GA, KY, LA, MS, NC, SC, TN",NA,0.06640625,0.036144578,1376
1377,Andromeda polifolia,Andromeda polifolia,Shrub,EFNative,12,"ME, MA, CT, NY","AK, ID, WA, IL, MN, WI, CT, IN, ME, MA, MI, NH, NJ, NY, PA, RI, VT, WV",NA,0.04296875,0.012048193,1377
1378,Illicium floridanum,Illicium floridanum,Shrub,EFNative,12,"NY, CT, VA, DE, MD, PA","AL, FL, GA, LA, MS",NA,0.04296875,0.012048193,1378
1379,Rhododendron canadense,Rhododendron canadense,Shrub,EFNative,12,"NH, MA, ME, PA, VA, DE, VT, MD","CT, ME, MA, NH, NJ, NY, PA, RI, VT",NA,0.04296875,0.012048193,1379
1380,Chionanthus virginicus,Chionanthus virginicus,Shrub,EFNative,106,"OH, MD, NY, NJ, MA, RI, PA, VA, CT, VT, NH, ME, DE","MO, OK, MA, NJ, NY, OH, PA, WV, TX, AL, AR, DE, FL, GA, KY, LA, MD, MS, NC, SC, TN, VA",NA,0.3203125,0.289156627,1380
1381,Acer circinatum,Acer circinatum,Shrub,EFNonNative,8,"NJ, PA, NY, OH, CT, MA","AK, OR, WA, CA",NA,0.03125,0,1381
1382,Carex glaucescens,Carex glaucescens,Grass,EFNative,8,"MD, VT, ME, VA, OH","TX, AL, FL, GA, LA, MD, MS, NC, SC, TN, VA",NA,0.03125,0,1382
1383,Vernonia angustifolia,Vernonia angustifolia,Forb/herb,EFNative,8,"OH, RI, CT, ME, PA, DE, VT","AL, FL, GA, LA, MS, NC, SC",NA,0.03125,0,1383
1384,Rhododendron maximum,Rhododendron maximum,Shrub,EFNative,45,"OH, NY, NJ, PA, ME, RI, VA, MA, CT, DE, MD, NH","CT, ME, MA, NH, NJ, NY, OH, PA, RI, VT, WV, AL, DE, GA, KY, MD, NC, SC, TN, VA",NA,0.140625,0.108433735,1384
1385,Vernonia lettermannii,Vernonia lettermannii,Forb/herb,EFNative,41,"ME, CT, VA, DE, PA, NJ, OH, MD, VT, MA, RI, NH","OK, AR",NA,0.12890625,0.096385542,1385
1386,Lupinus polyphyllus,Lupinus polyphyllus,Forb/herb,EFNative,13,"MA, MD, ME, DE, PA, NJ","ID, MT, OR, WA, MN, WI, CT, ME, MA, NY, VT, CA, NV",NA,0.046875,0.012048193,1386
1387,Artemisia dracunculus,Artemisia dracunculus,Forb/herb,EFNative,9,"VT, PA, MD, ME, OH, VA","CO, ID, MT, OR, WA, WY, IL, IA, KS, MN, MO, ND, NE, OK, SD, WI, NY, VT, AZ, CA, NV, UT, NM, TX",NA,0.03515625,0,1387
1388,Aster alpinus,Aster alpinus,Forb/herb,EFNonNative,9,"OH, MD, RI, ME, PA, VT, NJ, NH","AK, CO, ID, WY",NA,0.03515625,0,1388
1389,Dichondra argentea,Dichondra argentea,Forb/herb,EFNonNative,9,"ME, MD, NJ, MA, NH, PA","AZ, NM, TX",NA,0.03515625,0,1389
1390,Hesperocyparis arizonica,Hesperocyparis arizonica,Tree,EFNonNative,9,"MD, DE, OH, NJ, VA","AZ, NM, TX",NA,0.03515625,0,1390
1391,Illicium parviflorum,Illicium parviflorum,Shrub,EFNative,9,"NY, VA, DE, MD, PA",FL,NA,0.03515625,0,1391
1392,Philadelphus lewisii,Philadelphus lewisii,Shrub,EFNonNative,9,"PA, VT, MA, NH, VA, ME","ID, MT, OR, WA, CA",NA,0.03515625,0,1392
1393,Rudbeckia nitida,Rudbeckia nitida,Forb/herb,EFNative,9,"NY, MD, ME, PA, MA","FL, GA",NA,0.03515625,0,1393
1394,Magnolia acuminata,Magnolia acuminata,Tree,EFNative,18,"OH, DE, PA, ME, NJ, MD, MA, VA","IL, MO, OK, IN, NJ, NY, OH, PA, WV, AL, AR, FL, GA, KY, LA, MD, MS, NC, SC, TN, VA",NA,0.0625,0.024096386,1394
1395,Hydrangea arborescens,Hydrangea arborescens,Shrub,EFNative,137,"OH, MA, MD, KY, PA, NY, NJ, RI, CT, ME, VA, DE, VT, NH","IL, MO, OK, IN, NJ, NY, OH, PA, VT, WV, AL, AR, DE, FL, GA, KY, LA, MD, MS, NC, SC, TN, VA",NA,0.4140625,0.373493976,1395
1396,Aster dumosus,Aster dumosus,Forb/herb,EFNative,15,"MA, VA, MD, ME, PA, DE, OH, NH","IL, IA, MO, OK, WI, CT, IN, ME, MA, MI, NH, NJ, NY, OH, PA, RI, WV, TX, AL, AR, DE, FL, GA, KY, LA, MD, MS, NC, SC, TN, VA",NA,0.0546875,0.012048193,1396
1397,Chelone lyonii,Chelone lyonii,Forb/herb,EFNative,60,"MA, KY, OH, NY, MD, RI, PA, ME, NJ, VA, DE, VT, WV, CT, NH","AL, GA, MS, NC, SC, TN",NA,0.1875,0.144578313,1397
1398,Darmera peltata,Darmera peltata,Forb/herb,EFNonNative,11,"CT, OH, ME, VT, MA","OR, CA",NA,0.04296875,0,1398
1399,Lewisia cotyledon,Lewisia cotyledon,Forb/herb,EFNonNative,11,"OH, MA, CT, NJ, ME, VT, PA","OR, CA",NA,0.04296875,0,1399
1400,Gymnocladus dioicus,Gymnocladus dioicus,Tree,EFNative,52,"OH, KY, NJ, PA, MA, VA, NY, MD, DE, ME, VT, NH, CT","IL, MN, OK, SD, WI, CT, IN, ME, MA, MI, NJ, NY, OH, PA, WV, TX, AL, AR, DE, GA, KY, MD, MS, NC, SC, TN, VA",NA,0.1640625,0.120481928,1400
1401,Aquilegia caerulea,Aquilegia caerulea,Forb/herb,EFNonNative,16,"PA, MA, RI, MD, VA, ME, DE, VT, NH","CO, WY, NM",NA,0.05859375,0.012048193,1401
1402,Muhlenbergia reverchonii,Muhlenbergia reverchonii,Grass,EFNonNative,16,"MA, PA, VA, MD, NJ, DE, CT","OK, TX",NA,0.05859375,0.012048193,1402
1403,Sambucus racemosa,Sambucus racemosa,Shrub,EFNative,49,"MA, KY, NY, OH, RI, ME, VA, CT, PA, DE, VT, MD, NJ","AK, CO, ID, MT, OR, WA, WY, IL, IA, MN, MO, ND, SD, WI, CT, IN, ME, MA, MI, NH, NJ, NY, OH, PA, RI, VT, WV, AZ, CA, NV, UT, NM, GA, KY, MD, NC, TN, VA",NA,0.15625,0.108433735,1403
1404,Ulmus americana,Ulmus americana,Tree,EFNative,94,"OH, MA, MD, KY, PA, NJ, VA, CT, RI, NY, ME, DE, VT, NH","MT, WY, IL, IA, KS, MN, MO, ND, NE, OK, SD, WI, CT, IN, ME, MA, MI, NH, NJ, NY, OH, PA, RI, VT, WV, TX, AL, AR, DE, FL, GA, KY, LA, MD, MS, NC, SC, TN, VA",NA,0.2890625,0.240963855,1404
1405,Halesia carolina,Halesia carolina,Shrub,EFNative,41,"DE, OH, MD, NJ, PA, VA, CT, VT, MA, ME, NH","IL, OK, IN, OH, WV, AL, AR, FL, GA, KY, LA, MS, NC, SC, TN, VA",NA,0.1328125,0.084337349,1405
1406,Amsonia hubrichtii,Amsonia hubrichtii,Forb/herb,EFNative,78,"NH, OH, PA, MD, VA, RI, NJ, WV, DE, VT, MA, NY, ME, CT","OK, AR",NA,0.2421875,0.192771084,1406
1407,Hypericum kalmianum,Hypericum kalmianum,Shrub,EFNative,29,"OH, KY, NJ, RI, ME, NY, PA, DE, CT, VT, MA","IL, MN, WI, IN, MI, NY, OH",NA,0.09765625,0.048192771,1407
1408,Aesculus parviflora,Aesculus parviflora,Shrub,EFNative,70,"OH, KY, NY, NJ, PA, CT, MD, VA, ME, DE, RI, VT, MA, NH","AL, GA",NA,0.21875,0.168674699,1408
1409,Coreopsis auriculata,Coreopsis auriculata,Forb/herb,EFNative,17,"MD, MA, VA, ME, PA, NJ, VT, NH","WV, AL, FL, GA, KY, LA, MS, NC, SC, TN, VA",NA,0.0625,0.012048193,1409
1410,Bidens ferulifolia,Bidens ferulifolia,Forb/herb,EFNonNative,13,"PA, ME, MA, NH, NJ, NY, MD",AZ,NA,0.05078125,0,1410
1411,Lonicera caerulea,Lonicera caerulea,Shrub,EFNonNative,13,"KY, RI, NY, OH, ME, VT, PA, NJ, NH, MA","ID, MT, OR, WA, WY, CA, NV",NA,0.05078125,0,1411
1412,Pinus contorta,Pinus contorta,Tree,EFNonNative,13,"CT, MA, OH, PA, DE, VT, NH","AK, CO, ID, MT, OR, WA, WY, SD, CA, NV, UT",NA,0.05078125,0,1412
1413,Viburnum cassinoides,Viburnum cassinoides,Shrub,EFNative,26,"KY, NH, MA, RI, OH, VT, VA, PA, ME, DE, MD","WI, CT, IN, ME, MA, MI, NH, NJ, NY, OH, PA, RI, VT, WV, AL, DE, GA, KY, MD, NC, SC, TN, VA",NA,0.08984375,0.036144578,1413
1414,Helianthus salicifolius,Helianthus salicifolius,Forb/herb,EFNative,22,"MD, PA, VA, DE, ME, VT, NH, NJ","KS, MO, NE, OK, TX",NA,0.078125,0.024096386,1414
1415,Sanguisorba officinalis,Sanguisorba officinalis,Forb/herb,EFNative,18,"MA, MD, ME, PA, NJ, RI, CT, OH, VT, VA, NH","AK, OR, WA, ME, MI, PA, CA",NA,0.06640625,0.012048193,1415
1416,Berberis aquifolium,Berberis aquifolium,Shrub,EFNonNative,14,"OH, NJ, ME, CT, MD, PA, MA","ID, MT, OR, WA, CA",NA,0.0546875,0,1416
1417,Pinus banksiana,Pinus banksiana,Tree,EFNative,14,"KY, CT, OH, ME, DE, NH, VT, MA","IL, MN, MO, ND, WI, IN, ME, MA, MI, NH, NY, OH, PA, RI, VT, WV",NA,0.0546875,0,1417
1418,Gaillardia aristata,Gaillardia aristata,Forb/herb,EFNative,23,"NH, MA, MD, ME, PA, DE, NJ, VA, OH, CT, VT","CO, ID, MT, OR, WA, WY, MN, ND, SD, CT, MA, NH, UT",NA,0.08203125,0.024096386,1418
1419,Oenothera macrocarpa,Oenothera macrocarpa,Forb/herb,EFNative,19,"OH, MD, PA, ME, VT, NY, NH, VA","IL, KS, MO, NE, OK, TX, AR, TN",NA,0.0703125,0.012048193,1419
1420,Amelanchier alnifolia,Amelanchier alnifolia,Shrub,EFNative,15,"PA, VT, ME, MA, DE, NH","AK, CO, ID, MT, OR, WA, WY, IA, KS, MN, ND, NE, SD, NY, AZ, CA, NV, UT, NM, TX",NA,0.05859375,0,1420
1421,Quercus texana,Quercus texana,Tree,EFNative,15,"VA, OH, DE, MD","IL, MO, TX, AL, AR, KY, LA, MS, TN",NA,0.05859375,0,1421
1422,Salvia greggii,Salvia greggii,Forb/herb,EFNonNative,15,"MA, NY, MD, PA, DE, VT, VA, OH",TX,NA,0.05859375,0,1422
1423,Chelone obliqua,Chelone obliqua,Forb/herb,EFNative,28,"KY, MA, MD, DE, VA, OH, ME, PA, VT, CT, NJ","IL, IA, MN, MO, IN, MI, AL, AR, GA, KY, MD, MS, NC, SC, TN, VA",NA,0.09765625,0.036144578,1423
1424,Abies fraseri,Abies fraseri,Tree,EFNative,21,"NJ, NY, PA, ME, DE, RI, CT, NH, MA","NC, TN, VA",NA,0.078125,0.012048193,1424
1425,Quercus palustris,Quercus palustris,Tree,EFNative,103,"OH, MA, MD, KY, NJ, VA, RI, CT, NY, PA, DE, WV, ME, NH, VT","IL, IA, KS, MO, OK, WI, CT, IN, MA, MI, NJ, NY, OH, PA, RI, VT, WV, AL, AR, DE, KY, MD, NC, TN, VA",NA,0.3203125,0.253012048,1425
1426,Quercus ellipsoidalis,Quercus ellipsoidalis,Tree,EFNative,18,"OH, VT, MD, NJ, ME, NY, MA, CT","IL, IA, MN, WI, IN, MI, OH",NA,0.0703125,0,1426
1427,Salvia farinacea,Salvia farinacea,Forb/herb,EFNonNative,18,"MA, RI, PA, ME, VT, VA, NJ","NM, TX",NA,0.0703125,0,1427
1428,Rubus idaeus,Rubus idaeus,Shrub,EFNative,31,"OH, NY, NJ, PA, ME, DE, VT, MA, MD, CT, VA","AK, CO, ID, MT, OR, WA, WY, IL, IA, MN, MO, ND, NE, OK, SD, WI, CT, IN, ME, MA, MI, NH, NJ, NY, OH, PA, RI, VT, WV, AZ, CA, NV, UT, NM, DE, MD, NC, TN, VA",NA,0.109375,0.036144578,1428
1429,Amelanchier sanguinea,Amelanchier sanguinea,Shrub,EFNative,23,"OH, NY, VA, NJ, PA, ME, MD, MA","IL, IA, MN, ND, WI, CT, ME, MA, MI, NH, NJ, NY, OH, PA, VT, WV, GA, KY, MD, NC, TN, VA",NA,0.0859375,0.012048193,1429
1430,Helianthus annuus,Helianthus annuus,Forb/herb,EFNonNative,19,"MA, NJ, WV, VT, ME, MD, NY, PA","AZ, CA, NV",NA,0.07421875,0,1430
1431,Diervilla rivularis,Diervilla rivularis,Shrub,EFNative,28,"OH, KY, NY, CT, DE, MD, PA, VA, ME, MA, NH, NJ, VT","AL, GA, NC, TN",NA,0.1015625,0.024096386,1431
1432,Phlox subulata,Phlox subulata,Forb/herb,EFNative,118,"OH, DE, KY, MA, ME, NY, MD, RI, NJ, PA, CT, VA, NH, VT, WV","IA, MN, WI, CT, IN, ME, MA, MI, NH, NJ, NY, OH, PA, RI, VT, WV, UT, AR, DE, GA, KY, LA, MD, MS, NC, TN, VA",NA,0.3671875,0.289156627,1432
1433,Dicentra formosa,Dicentra formosa,Forb/herb,EFNonNative,20,"KY, MA, MD, NJ, PA, ME, DE, VT, NH","OR, WA, CA",NA,0.078125,0,1433
1434,Leucothoe fontanesiana,Leucothoe fontanesiana,Shrub,EFNative,53,"OH, KY, NY, NJ, MA, MD, CT, PA, VA, ME, DE, RI, NH","AL, GA, NC, SC, TN, VA",NA,0.17578125,0.096385542,1434
1435,Abies balsamea,Abies balsamea,Tree,EFNative,37,"RI, CT, MA, NY, OH, PA, VT, ME, DE, NH","IA, MN, WI, CT, ME, MA, MI, NH, NJ, NY, PA, VT, WV, MD, VA",NA,0.12890625,0.048192771,1435
1436,Rhododendron prinophyllum,Rhododendron prinophyllum,Shrub,EFNative,37,"NY, MA, NJ, OH, VA, PA, CT, ME, MD, NH, VT","IL, MO, OK, NH, NY, OH, PA, VT, WV, AL, AR, KY, MD, NC, VA",NA,0.12890625,0.048192771,1436
1437,Ilex glabra,Ilex glabra,Shrub,EFNative,131,"OH, DE, MD, KY, NY, NJ, PA, MA, CT, RI, VA, ME, VT, NH","CT, ME, MA, NH, NJ, NY, PA, RI, TX, AL, AR, DE, FL, GA, LA, MD, MS, NC, SC, VA",NA,0.40625,0.325301205,1437
1438,Cercis canadensis,Cercis canadensis,Shrub,EFNative,172,"OH, MD, PA, KY, NY, CT, NJ, MA, RI, VA, ME, DE, WV, NH, VT","IL, IA, KS, MO, NE, OK, WI, CT, IN, MA, MI, NJ, NY, OH, PA, WV, NM, TX, AL, AR, DE, FL, GA, KY, LA, MD, MS, NC, SC, TN, VA",NA,0.52734375,0.445783133,1438
1439,Chamaecyparis lawsoniana,Chamaecyparis lawsoniana,Tree,EFNonNative,21,"OH, CT, NJ, ME, NY, PA, DE, MA, NH, VT","OR, CA",NA,0.08203125,0,1439
1440,Salix candida,Salix candida,Shrub,EFNative,21,"OH, KY, NY, CT, MA, VT, DE, ME, RI, NJ","AK, CO, ID, MT, WA, WY, IL, IA, MN, ND, SD, WI, CT, IN, ME, MA, MI, NH, NJ, NY, OH, PA, VT",NA,0.08203125,0,1440
1441,Oenothera lindheimeri,Oenothera lindheimeri,Forb/herb,EFNative,42,"OH, MA, NY, MD, RI, ME, VA, PA, DE, NJ, CT","TX, LA",NA,0.14453125,0.060240964,1441
1442,Nassella tenuissima,Nassella tenuissima,Grass,EFNonNative,30,"NY, MD, CT, PA, NJ, DE, MA, ME, VA","CO, NM, TX",NA,0.109375,0.024096386,1442
1443,Wisteria frutescens,Wisteria frutescens,Vine,EFNative,63,"OH, NY, NJ, PA, RI, CT, MA, ME, MD, VA, VT, DE, NH","IL, IA, MO, OK, CT, IN, MA, MI, NJ, NY, OH, PA, RI, WV, TX, AL, AR, DE, FL, GA, KY, LA, MD, MS, NC, SC, TN, VA",NA,0.20703125,0.120481928,1443
1444,Leucothoe axillaris,Leucothoe axillaris,Shrub,EFNative,61,"KY, NY, NJ, MD, MA, CT, OH, ME, VA, PA, DE, RI, NH","AL, FL, GA, LA, MS, NC, SC, VA",NA,0.203125,0.108433735,1444
1445,Acer rubrum,Acer rubrum,Tree,EFNative,148,"OH, MD, KY, PA, MA, CT, NJ, VA, RI, NY, VT, NH, ME, DE","IL, MN, ND, SD, WI, IN, NJ, NY, OH, PA, VT, NM, TX, AL, AR, DE, FL, GA, KY, MD, NC, SC, TN, VA",NA,0.4609375,0.361445783,1445
1446,Spiraea betulifolia,Spiraea betulifolia,Shrub,EFNative,26,"OH, NJ, PA, VA, NH, MA, NY, VT, ME, MD, CT","OR, ID, MT, MN, NC",NA,0.1015625,0,1446
1447,Cladrastis kentukea,Cladrastis kentukea,Tree,EFNative,84,"OH, MD, KY, NJ, MA, NY, PA, VA, CT, RI, ME, DE, VT, NH","IL, MO, OK, IN, WV, AL, AR, GA, KY, MS, NC, SC, TN, VA",NA,0.2734375,0.168674699,1447
1448,Pseudotsuga menziesii,Pseudotsuga menziesii,Tree,EFNonNative,27,"KY, NJ, MA, CT, OH, PA, DE, ME, VT, MD","AK, CO, ID, MT, OR, WA, WY, AZ, CA, NV, UT, NM, TX",NA,0.10546875,0,1448
1449,Gleditsia triacanthos,Gleditsia triacanthos,Shrub,EFNative,60,"OH, MD, KY, NJ, PA, MA, NY, VA, CT, RI, DE, ME, VT","WY, IL, IA, KS, MN, MO, ND, NE, OK, SD, WI, CT, IN, ME, MA, MI, NH, NJ, NY, OH, PA, RI, VT, WV, NV, UT, TX, AL, AR, DE, FL, GA, KY, LA, MD, MS, NC, SC, TN, VA",NA,0.203125,0.096385542,1449
1450,Coreopsis grandiflora,Coreopsis grandiflora,Forb/herb,EFNative,41,"MA, OH, NY, MD, RI, ME, NJ, PA, VA, VT, NH, CT","IL, IA, KS, MO, OK, WI, CT, IN, ME, MI, NJ, NY, OH, PA, RI, VT, WV, NM, TX, AL, AR, FL, GA, KY, LA, MD, MS, NC, SC, TN, VA",NA,0.1484375,0.036144578,1450
1451,Stokesia laevis,Stokesia laevis,Forb/herb,EFNative,41,"MA, OH, NY, MD, RI, VT, PA, VA, ME, DE, CT, NJ","AL, FL, GA, LA, MS, SC",NA,0.1484375,0.036144578,1451
1452,Heuchera micrantha,Heuchera micrantha,Forb/herb,EFNonNative,33,"OH, VA, MD, NJ, ME, DE, PA, NY","ID, OR, WA, CA",NA,0.125,0.012048193,1452
1453,Juniperus communis,Juniperus communis,Shrub,EFNative,53,"DE, OH, KY, MD, NY, MA, VT, CT, ME, NJ, PA, NH, VA, RI","AK, CO, ID, MT, OR, WA, WY, IL, IA, MN, ND, NE, SD, WI, CT, IN, ME, MA, MI, NH, NJ, NY, OH, PA, RI, VT, WV, AZ, CA, NV, UT, NM, AL, GA, KY, MD, NC, SC, TN, VA",NA,0.1875,0.060240964,1453
1454,Tsuga canadensis,Tsuga canadensis,Tree,EFNative,75,"OH, MD, NY, NJ, PA, CT, ME, RI, VA, DE, VT, MA, NH","MN, WI, CT, IN, ME, MA, MI, NH, NJ, NY, OH, PA, RI, VT, WV, AL, GA, KY, MD, NC, SC, TN, VA",NA,0.25390625,0.120481928,1454
1455,Hamamelis vernalis,Hamamelis vernalis,Shrub,EFNative,48,"OH, MD, NY, NJ, MA, CT, ME, RI, DE, PA, VT, NH, VA","MO, OK, AR",NA,0.17578125,0.036144578,1455
1456,Pinus strobus,Pinus strobus,Tree,EFNative,118,"OH, MD, KY, NJ, ME, NY, RI, MA, PA, CT, VA, NH, DE, VT","IL, IA, MN, WI, CT, IN, ME, MA, MI, NH, NJ, NY, OH, PA, RI, VT, WV, AL, DE, GA, KY, MD, NC, SC, TN, VA",NA,0.3828125,0.240963855,1456
1457,Juniperus scopulorum,Juniperus scopulorum,Shrub,EFNonNative,40,"OH, ME, MD, CT, NJ, MA, PA, VA, NY, NH, RI, VT","CO, ID, MT, OR, WA, WY, ND, NE, SD, AZ, NV, UT, NM",NA,0.15625,0,1457
1458,Picea pungens,Picea pungens,Tree,EFNonNative,42,"OH, NY, RI, NJ, MA, PA, ME, MD, NH, VT","CO, ID, MT, WY, AZ, UT, NM",NA,0.1640625,0,1458
1459,Crataegus viridis,Crataegus viridis,Shrub,EFNative,64,"OH, MD, KY, NJ, MA, PA, NY, VA, NH, ME, DE","MT, IL, KS, MO, OK, IN, WV, TX, AL, AR, FL, GA, KY, LA, MD, MS, NC, SC, TN, VA",NA,0.23046875,0.060240964,1459
1460,Fothergilla gardenii,Fothergilla gardenii,Shrub,EFNative,85,"OH, MD, KY, NY, NJ, MA, RI, VT, VA, PA, DE, ME, NH, CT","GA, NC, SC",NA,0.29296875,0.120481928,1460
1461,Armeria maritima,Armeria maritima,Forb/herb,EFNonNative,45,"NY, MD, MA, ME, NJ, OH, WV, PA, VT, NH, VA","AK, CO, OR, WA, CA",NA,0.17578125,0,1461
1462,Abies concolor,Abies concolor,Tree,EFNonNative,48,"OH, MD, NJ, RI, MA, CT, NY, PA, ME, DE, VT, NH, VA","CO, ID, OR, WY, AZ, CA, NV, UT, NM",NA,0.1875,0,1462
1463,Rhododendron catawbiense,Rhododendron catawbiense,Shrub,EFNative,53,"OH, NY, NJ, MA, RI, VA, ME, DE, PA, CT, MD, VT, NH","WV, AL, GA, KY, NC, SC, TN, VA",NA,0.203125,0.012048193,1463
1464,Sambucus nigra,Sambucus nigra,Shrub,EFNative,53,"OH, DE, KY, NY, MA, RI, CT, ME, VA, PA, NJ, MD, VT, NH","AL, AZ, AR, CA, CO, CT, DE, FL, GA, ID, IL, IN, IA, KS, KY, LA, ME, MD, MA, MI, MN, MS, MO, MT, NE, NV, NH, NJ, NM, NY, NC, ND, OH, OK, OR, PA, RI, SC, SD, TN, TX, UT, VT, VA, WA, WV, WI, WY",NA,0.203125,0.012048193,1464
1465,Pinus flexilis,Pinus flexilis,Tree,EFNonNative,50,"OH, KY, NJ, PA, CT, RI, NY, MD, ME, DE, MA, NH, VT","CO, ID, MT, OR, WY, ND, NE, SD, AZ, CA, NV, UT, NM",NA,0.1953125,0,1465
1466,Hydrangea quercifolia,Hydrangea quercifolia,Shrub,EFNative,123,"OH, DE, MD, KY, NY, CT, NJ, MA, RI, PA, VA, NH, ME, VT","AL, FL, GA, LA, MS, SC, TN",NA,0.421875,0.180722892,1466
1467,Callitropsis nootkatensis,Callitropsis nootkatensis,Tree,EFNonNative,63,"OH, KY, NY, NJ, MA, PA, CT, ME, RI, VA, DE, MD, VT, NH","AK, OR, WA, CA",NA,0.24609375,0,1467
1468,Thuja occidentalis,Thuja occidentalis,Tree,EFNative,142,"OH, MD, KY, NY, NJ, RI, MA, PA, VA, CT, ME, VT, DE, NH","IL, MN, WI, CT, IN, ME, MA, MI, NH, NJ, NY, OH, PA, RI, VT, WV, KY, MD, NC, TN, VA",NA,0.4921875,0.192771084,1468
1469,Juniperus horizontalis,Juniperus horizontalis,Shrub,EFNative,89,"OH, KY, NY, NJ, MA, CT, ME, PA, MD, VA, DE, RI, NH, VT","AK, CO, MT, WY, IL, IA, MN, ND, SD, WI, MA, MI, NY, VT",NA,0.3359375,0.036144578,1469
1470,Thuja plicata,Thuja plicata,Tree,EFNonNative,88,"OH, KY, MD, PA, NY, NJ, RI, MA, VA, CT, ME, DE, NH, VT","AK, ID, MT, OR, WA, CA",NA,0.33984375,0.012048193,1470
1471,Picea glauca,Picea glauca,Tree,EFNative,119,"OH, KY, MA, MD, NY, NJ, PA, RI, CT, ME, VT, VA, NH, DE, WV","AK, ID, MT, WY, IL, MN, SD, WI, ME, MI, NH, NY, VT",NA,0.43359375,0.096385542,1471
