"","Name_submitted","Accepted_name","Accepted.Symbol","Range_Size","Precip","pH","Status"
"1","Arenaria livermorensis","Arenaria livermorensis","ARLI3",5865172230,374.0999756,2.180000305,"native"
"2","Croton suaveolens","Croton suaveolens","CRSU7",5865172230,374.0999756,2.180000305,"native"
"3","Lupinus congdonii","Lupinus congdonii","LUCO3",2480587324,1517.459961,2.170000076,"native"
"4","Oenothera texensis","Oenothera texensis","OETE3",5865172230,374.0999756,2.180000305,"native"
"5","Osmorhiza mexicana","Osmorhiza mexicana","OSME3",5865172230,374.0999756,2.180000305,"native"
"6","Philadelphus crinitus","Philadelphus microphyllus var. microphyllus","PHCR3",5865172230,374.0999756,2.180000305,"native"
"7","Pleopeltis polylepis","Pleopeltis polylepis","PLPO",5865172230,374.0999756,2.180000305,"native"
"8","Potamogeton clystocarpus","Potamogeton berchtoldii subsp. clystocarpus","POCL",5865172230,374.0999756,2.180000305,"native"
"9","Psilactis tenuis","Psilactis tenuis","PSTE6",5865172230,374.0999756,2.180000305,"native"
"10","Quercus depressipes","Quercus depressipes","QUDE3",5865172230,374.0999756,2.180000305,"native"
"11","Sidalcea stipularis","Sidalcea stipularis","SIST3",2480587324,1517.459961,2.170000076,"native"
"12","Viburnum australe","Viburnum australe","VIAU",5865172230,374.0999756,2.180000305,"native"
"13","Penstemon parviflorus","Penstemon auriberbis","PEPA25",14117193197,510.4100037,3.179999828,"native"
"14","Helianthus praetermissus",NA,"HEPR5",11758505178,663.8399963,3.71999979,"native"
"15","Ageratum littorale","Ageratum littorale","AGLI3",2546027976,494.4000244,1.480000019,"native"
"16","Aristida floridana","Aristida floridana","ARFL",2546027976,494.4000244,1.480000019,"native"
"17","Caesalpinia pauciflora","Denisophytum pauciflorum","CAPA34",2546027976,494.4000244,1.480000019,"native"
"18","Chromolaena frustrata","Chromolaena frustrata","CHFR4",2546027976,494.4000244,1.480000019,"native"
"19","Cienfuegosia yucatanensis","Cienfuegosia yucatanensis","CIYU",2546027976,494.4000244,1.480000019,"native"
"20","Consolea corallicola","Consolea macracantha","COCO14",2546027976,494.4000244,1.480000019,"native"
"21","Cupania glabra","Cupania glabra","CUGL",2546027976,494.4000244,1.480000019,"native"
"22","Indigofera oxycarpa","Indigastrum parviflorum subsp. parviflorum","INOX",2546027976,494.4000244,1.480000019,"native"
"23","Phoradendron rubrum","Phoradendron rubrum","PHRU",2546027976,494.4000244,1.480000019,"native"
"24","Pithecellobium bahamense","Pithecellobium bahamense","PIBA5",2546027976,494.4000244,1.480000019,"native"
"25","Pisonia floridana","Pisonia floridana","PIFL6",2546027976,494.4000244,1.480000019,"native"
"26","Pilosocereus polygonus","Pilosocereus polygonus","PIPO4",2546027976,494.4000244,1.480000019,"native"
"27","Pisonia rotundata","Pisonia rotundata","PIRO3",2546027976,494.4000244,1.480000019,"native"
"28","Portulaca minuta","Portulaca minuta","POMI22",2546027976,494.4000244,1.480000019,"native"
"29","Savia bahamensis","Heterosavia bahamensis","SABA6",2546027976,494.4000244,1.480000019,"native"
"30","Vallesia antillana","Vallesia antillana","VAAN3",2546027976,494.4000244,1.480000019,"native"
"31","Coryphantha ramillosa","Coryphantha ramillosa","CORA7",22123105280,287.5700073,1.019999504,"native"
"32","Dalea bartonii","Dalea bartonii","DABA2",22123105280,287.5700073,1.019999504,"native"
"33","Phyllanthus ericoides","Phyllanthus ericoides","PHER2",22123105280,287.5700073,1.019999504,"native"
"34","Polygala maravillasensis","Rhinotropis maravillasensis","POMA17",22123105280,287.5700073,1.019999504,"native"
"35","Rorippa ramosa","Rorippa ramosa","RORA2",22123105280,287.5700073,1.019999504,"native"
"36","Aconitum infectum","Aconitum infectum","ACIN2",48222143094,953.6300049,6.910000205,"native"
"37","Agave phillipsiana","Agave phillipsiana","AGPH",48222143094,953.6300049,6.910000205,"native"
"38","Astragalus beathii","Astragalus beathii","ASBE2",48222143094,953.6300049,6.910000205,"native"
"39","Astragalus cremnophylax","Astragalus cremnophylax","ASCR3",48222143094,953.6300049,6.910000205,"native"
"40","Astragalus endopterus","Astragalus endopterus","ASEN3",48222143094,953.6300049,6.910000205,"native"
"41","Astragalus sophoroides","Astragalus sophoroides","ASSO4",48222143094,953.6300049,6.910000205,"native"
"42","Astragalus troglodytus","Astragalus troglodytus","ASTR8",48222143094,953.6300049,6.910000205,"native"
"43","Brickellia hinckleyi","Brickellia hinckleyi","BRHI4",21881042101,407.0299683,2.229999542,"native"
"44","Castilleja kaibabensis","Castilleja kaibabensis","CAKA6",48222143094,953.6300049,6.910000205,"native"
"45","Cryptantha atwoodii","Oreocarya atwoodii","CRAT2",48222143094,953.6300049,6.910000205,"native"
"46","Deiregyne confusa","Sotoa confusa","DECO12",21881042101,407.0299683,2.229999542,"native"
"47","Erigeron vicinus","Erigeron vicinus","ERVI",21881042101,407.0299683,2.229999542,"native"
"48","Euphorbia aaron-rossii","Euphorbia aaron-rossii","EUAA",48222143094,953.6300049,6.910000205,"native"
"49","Hexalectris grandiflora","Hexalectris grandiflora","HEGR9",21881042101,407.0299683,2.229999542,"native"
"50","Hieracium schultzii","Hieracium schultzii","HISC10",21881042101,407.0299683,2.229999542,"native"
"51","Laennecia filaginoides","Laennecia filaginoides","LAFI",21881042101,407.0299683,2.229999542,"native"
"52","Lesquerella kaibabensis","Physaria kingii subsp. kaibabensis","LEKA",48222143094,953.6300049,6.910000205,"native"
"53","Mentzelia canyonensis","Mentzelia canyonensis","MECA22",48222143094,953.6300049,6.910000205,"native"
"54","Mentzelia collomiae","Mentzelia collomiae","MECO23",48222143094,953.6300049,6.910000205,"native"
"55","Oenothera arida","Oenothera arida","OEAR5",21881042101,407.0299683,2.229999542,"native"
"56","Packera franciscana","Packera franciscana","PAFR6",48222143094,953.6300049,6.910000205,"native"
"57","Pediocactus bradyi","Pediocactus bradyi","PEBR2",48222143094,953.6300049,6.910000205,"native"
"58","Penstemon clutei","Penstemon clutei","PECL5",48222143094,953.6300049,6.910000205,"native"
"59","Pellaea cordifolia",NA,"PECO11",21881042101,407.0299683,2.229999542,"native"
"60","Pediocactus paradinei","Pediocactus paradinei","PEPA5",48222143094,953.6300049,6.910000205,"native"
"61","Phacelia filiformis","Phacelia filiformis","PHFI",48222143094,953.6300049,6.910000205,"native"
"62","Phacelia welshii","Phacelia welshii","PHWE",48222143094,953.6300049,6.910000205,"native"
"63","Pseudognaphalium viscosum","Pseudognaphalium viscosum","PSVI4",21881042101,407.0299683,2.229999542,"native"
"64","Sedum havardii","Sedum havardii","SEHA",21881042101,407.0299683,2.229999542,"native"
"65","Selaginella viridissima","Selaginella viridissima","SEVI",21881042101,407.0299683,2.229999542,"native"
"66","Silene rectiramea","Silene rectiramea","SIRE5",48222143094,953.6300049,6.910000205,"native"
"67","Zanthoxylum parvum","Zanthoxylum americanum","ZAPA2",21881042101,407.0299683,2.229999542,"native"
"68","Erigeron hessii","Erigeron hessii","ERHE9",17933557078,882.1299438,3.239999771,"native"
"69","Rumex tomentellus","Rumex tomentellus","RUTO",17933557078,882.1299438,3.239999771,"native"
"70","Zigadenus mogollonensis","Anticlea mogollonensis","ZIMO",17933557078,882.1299438,3.239999771,"native"
"71","Harmonia doris-nilesiae","Harmonia doris-nilesiae","HADO2",8234265085,1583.389893,2.360000134,"native"
"72","Minuartia decumbens","Minuartia decumbens","MIDE8",8234265085,1583.389893,2.360000134,"native"
"73","Penstemon tracyi","Penstemon tracyi","PETR",8234265085,1583.389893,2.360000134,"native"
"74","Silene salmonacea","Silene salmonacea","SISA12",8234265085,1583.389893,2.360000134,"native"
"75","Streptanthus oblanceolatus","Streptanthus oblanceolatus","STOB5",8234265085,1583.389893,2.360000134,"native"
"76","Anisacanthus linearis","Anisacanthus linearis","ANLI3",16015869871,287.5700073,1.019999504,"native"
"77","Batesimalva violacea","Batesimalva violacea","BAVI5",16015869871,287.5700073,1.019999504,"native"
"78","Bouteloua kayi","Bouteloua kayi","BOKA",16015869871,287.5700073,1.019999504,"native"
"79","Bonamia ovalifolia","Bonamia ovalifolia","BOOV2",16015869871,287.5700073,1.019999504,"native"
"80","Bouchea spathulata","Bouchea spathulata","BOSP2",16015869871,287.5700073,1.019999504,"native"
"81","Brongniartia minutifolia","Brongniartia minutifolia","BRMI4",16015869871,287.5700073,1.019999504,"native"
"82","Carlowrightia parvifolia","Carlowrightia parvifolia","CAPA51",16015869871,287.5700073,1.019999504,"native"
"83","Chaetopappa parryi","Chaetopappa parryi","CHPA2",16015869871,287.5700073,1.019999504,"native"
"84","Chamaesyce perennans","Euphorbia perennans","CHPE10",16015869871,287.5700073,1.019999504,"native"
"85","Dichromanthus cinnabarinus","Dichromanthus cinnabarinus","DICI3",16015869871,287.5700073,1.019999504,"native"
"86","Echinocereus chisoensis","Echinocereus chisoensis","ECCH2",16015869871,287.5700073,1.019999504,"native"
"87","Echinocereus russanthus","Echinocereus russanthus","ECRU4",16015869871,287.5700073,1.019999504,"native"
"88","Emorya suaveolens","Buddleja normaniae","EMSU",16015869871,287.5700073,1.019999504,"native"
"89","Escobaria minima","Pelecyphora minima","ESMI2",16015869871,287.5700073,1.019999504,"native"
"90","Genistidium dumosum","Genistidium dumosum","GEDU",16015869871,287.5700073,1.019999504,"native"
"91","Giliastrum insigne","Giliastrum insigne","GIIN7",16015869871,287.5700073,1.019999504,"native"
"92","Helianthemum glomeratum","Crocanthemum glomeratum","HEGL",16015869871,287.5700073,1.019999504,"native"
"93","Hedeoma pilosa","Hedeoma pilosa","HEPI4",16015869871,287.5700073,1.019999504,"native"
"94","Juniperus flaccida","Juniperus flaccida","JUFL",16015869871,287.5700073,1.019999504,"native"
"95","Laennecia turnerorum","Laennecia turnerorum","LATU2",16015869871,287.5700073,1.019999504,"native"
"96","Leucophyllum candidum","Leucophyllum candidum","LECA12",16015869871,287.5700073,1.019999504,"native"
"97","Lechea mensalis","Lechea mensalis","LEME2",16015869871,287.5700073,1.019999504,"native"
"98","Matelea atrostellata","Matelea atrostellata","MAAT2",16015869871,287.5700073,1.019999504,"native"
"99","Matelea texensis","Matelea texensis","MATE10",16015869871,287.5700073,1.019999504,"native"
"100","Malaxis wendtii","Tamayorkis wendtii","MAWE",16015869871,287.5700073,1.019999504,"native"
"101","Mentzelia mexicana","Mentzelia mexicana","MEME",16015869871,287.5700073,1.019999504,"native"
"102","Muhlenbergia crispiseta","Muhlenbergia crispiseta","MUCR",16015869871,287.5700073,1.019999504,"native"
"103","Nectouxia formosa","Nectouxia formosa","NEFO",16015869871,287.5700073,1.019999504,"native"
"104","Nissolia platycalyx","Nissolia platycalyx","NIPL",16015869871,287.5700073,1.019999504,"native"
"105","Notholaena aliena","Hemionitis aliena","NOAL",16015869871,287.5700073,1.019999504,"native"
"106","Opuntia aureispina","Opuntia aureispina","OPAU7",16015869871,287.5700073,1.019999504,"native"
"107","Ostrya chisosensis","Ostrya knowltonii","OSCH2",16015869871,287.5700073,1.019999504,"native"
"108","Paronychia wilkinsonii","Paronychia wilkinsonii","PAWI3",16015869871,287.5700073,1.019999504,"native"
"109","Perityle vitreomontana","Perityle vitreomontana","PEVI10",16015869871,287.5700073,1.019999504,"native"
"110","Phacelia pallida","Phacelia pallida","PHPA15",16015869871,287.5700073,1.019999504,"native"
"111","Phanerophlebia umbonata","Phanerophlebia umbonata","PHUM",16015869871,287.5700073,1.019999504,"native"
"112","Plateilema palmeri","Plateilema palmeri","PLPA9",16015869871,287.5700073,1.019999504,"native"
"113","Poa strictiramea","Poa strictiramea","POST6",16015869871,287.5700073,1.019999504,"native"
"114","Quercus carmenensis","Quercus carmenensis","QUCA7",16015869871,287.5700073,1.019999504,"native"
"115","Quercus graciliformis","Quercus graciliformis","QUGR",16015869871,287.5700073,1.019999504,"native"
"116","Quercus intricata","Quercus intricata","QUIN3",16015869871,287.5700073,1.019999504,"native"
"117","Quercus robusta","Quercus robusta","QURO3",16015869871,287.5700073,1.019999504,"native"
"118","Quercus tardifolia","Quercus tardifolia","QUTA",16015869871,287.5700073,1.019999504,"native"
"119","Salvia regla","Salvia regla","SARE4",16015869871,287.5700073,1.019999504,"native"
"120","Schizachyrium spadiceum","Schizachyrium spadiceum","SCSP4",16015869871,287.5700073,1.019999504,"native"
"121","Seymeria falcata","Seymeria falcata","SEFA4",16015869871,287.5700073,1.019999504,"native"
"122","Sedum nanifolium","Sedum nanifolium","SENA",16015869871,287.5700073,1.019999504,"native"
"123","Senna ripleyana","Senna ripleyana","SERI7",16015869871,287.5700073,1.019999504,"native"
"124","Stenaria butterwickiae","Stenaria butterwickiae","STBU4",16015869871,287.5700073,1.019999504,"native"
"125","Streptanthus cutleri","Streptanthus cutleri","STCU3",16015869871,287.5700073,1.019999504,"native"
"126","Stenaria mullerae","Stenaria mullerae","STMU4",16015869871,287.5700073,1.019999504,"native"
"127","Villadia squamulosa","Villadia squamulosa","VISQ",16015869871,287.5700073,1.019999504,"native"
"128","Xylothamia triantha","Gundlachia triantha","XYTR",16015869871,287.5700073,1.019999504,"native"
"129","Actaea arizonica","Actaea arizonica","ACAR18",60545295821,953.6300049,6.910000205,"native"
"130","Astragalus castaneiformis","Astragalus castaneiformis","ASCA15",60545295821,953.6300049,6.910000205,"native"
"131","Calystegia stebbinsii","Calystegia stebbinsii","CAST21",6903877792,1551.23999,2.170000076,"native"
"132","Fremontodendron decumbens","Fremontodendron californicum subsp. decumbens","FRDE2",6903877792,1551.23999,2.170000076,"native"
"133","Cirsium turneri","Cirsium turneri","CITU",30267968944,339.4000244,1.019999504,"native"
"134","Echinocereus pectinatus","Echinocereus pectinatus","ECPE",30267968944,339.4000244,1.019999504,"native"
"135","Dalea urceolata","Dalea urceolata","DAUR",1.07e+11,1025.670044,7.179999709,"native"
"136","Crassula viridis","Crassula viridis","CRVI6",77223463822,1025.670044,7.179999709,"native"
"137","Antiphytum heliotropioides","Antiphytum heliotropioides","ANHE4",24160733535,339.4000244,1.019999504,"native"
"138","Flyriella parryi","Flyriella parryi","FLPA",24160733535,339.4000244,1.019999504,"native"
"139","Galium correllii","Galium correllii","GACO6",24160733535,339.4000244,1.019999504,"native"
"140","Mortonia sempervirens","Mortonia sempervirens","MOSE",24160733535,339.4000244,1.019999504,"native"
"141","Helenium arizonicum","Helenium arizonicum","HEAR2",89546616549,1025.670044,7.179999709,"native"
"142","Agnorhiza reticulata","Agnorhiza reticulata","AGRE8",4423290468,1261.160034,2.099999905,"native"
"143","Ceanothus roderickii","Ceanothus roderickii","CERO4",4423290468,1261.160034,2.099999905,"native"
"144","Astragalus nutriosensis","Astragalus nutriosensis","ASNU7",46934877806,1018.550049,7.179999709,"native"
"145","Dryopteris cinnamomea","Dryopteris cinnamomea","DRCI2",8144863664,209.5800171,0.46999979,"native"
"146","Hesperaloe funifera","Hesperaloe funifera","HEFU2",8144863664,209.5800171,0.46999979,"native"
"147","Pediomelum humile","Pediomelum humile","PEHU6",8144863664,209.5800171,0.46999979,"native"
"148","Perityle warnockii","Perityle warnockii","PEWA10",8144863664,209.5800171,0.46999979,"native"
"149","Pistacia mexicana","Pistacia mexicana","PIME4",8144863664,209.5800171,0.46999979,"native"
"150","Polygala palmeri","Hebecarpa palmeri","POPA17",8144863664,209.5800171,0.46999979,"native"
"151","Quercus polymorpha","Quercus polymorpha","QUPO2",8144863664,209.5800171,0.46999979,"native"
"152","Ruellia davisiorum","Ruellia ciliatiflora","RUDA",8144863664,209.5800171,0.46999979,"native"
"153","Cirsium navajoense","Cirsium chellyense","CINA",29001320728,1018.550049,7.179999709,"native"
"154","Phacelia buell-vivariensis","Phacelia buell-vivariensis","PHBU5",29001320728,1018.550049,7.179999709,"native"
"155","Arctostaphylos nissenana","Arctostaphylos nissenana","ARNI4",10175369840,1394.890045,3.549999952,"native"
"156","Adenophyllum wrightii","Adenophyllum wrightii","ADWR",39260748819,1018.550049,7.179999709,"native"
"157","Allium tuolumnense","Allium tuolumnense","ALTU",5752079372,1341.980011,3.450000048,"native"
"158","Erythronium taylorii","Erythronium taylorii","ERTA4",5752079372,1341.980011,3.450000048,"native"
"159","Erythronium tuolumnense","Erythronium tuolumnense","ERTU",5752079372,1341.980011,3.450000048,"native"
"160","Verbena californica","Verbena californica","VECA9",5752079372,1341.980011,3.450000048,"native"
"161","Allium yosemitense","Allium yosemitense","ALYO",9504551521,1392.059998,3.779999971,"native"
"162","Lomatium congdonii","Lomatium congdonii","LOCO3",9504551521,1392.059998,3.779999971,"native"
"163","Lupinus spectabilis","Lupinus spectabilis","LUSP3",9504551521,1392.059998,3.779999971,"native"
"164","Mimulus biolettii","Erythranthe filicaulis","MIBI7",9504551521,1392.059998,3.779999971,"native"
"165","Mimulus filicaulis","Erythranthe filicaulis","MIFI",9504551521,1392.059998,3.779999971,"native"
"166","Triteleia lemmoniae","Triteleia lemmoniae","TRLE4",1.11e+11,1025.670044,7.179999709,"native"
"167","Clarkia lingulata","Clarkia lingulata","CLLI",3752472149,1249.419983,3.779999971,"native"
"168","Eriophyllum congdonii","Eriophyllum congdonii","ERCO16",3752472149,1249.419983,3.779999971,"native"
"169","Erigeron mariposanus","Erigeron mariposanus","ERMA15",3752472149,1249.419983,3.779999971,"native"
"170","Platanthera yosemitensis","Platanthera yosemitensis","PLYO2",3752472149,1249.419983,3.779999971,"native"
"171","Streptanthus batrachopus","Streptanthus batrachopus","STBA4",3752472149,1249.419983,3.779999971,"native"
"172","Amsonia peeblesii","Amsonia peeblesii","AMPE",1.03e+11,1032.27005,7.179999709,"native"
"173","Astragalus xiphoides","Astragalus xiphoides","ASXI",1.03e+11,1032.27005,7.179999709,"native"
"174","Chrysothamnus molestus","Chrysothamnus molestus","CHMO2",1.03e+11,1032.27005,7.179999709,"native"
"175","Cirsium chellyense","Cirsium chellyense","CICH2",1.03e+11,1032.27005,7.179999709,"native"
"176","Cymopterus megacephalus","Cymopterus megacephalus","CYME",1.03e+11,1032.27005,7.179999709,"native"
"177","Delphinium geraniifolium","Delphinium geraniifolium","DEGE",1.03e+11,1032.27005,7.179999709,"native"
"178","Hymenopappus radiatus","Hymenopappus radiatus","HYRA2",1.03e+11,1032.27005,7.179999709,"native"
"179","Brickellia chenopodina","Brickellia chenopodina","BRCH",10259428091,463.8500366,3.089999676,"native"
"180","Sicyos parviflorus","Sicyos parviflorus","SIPA",10259428091,463.8500366,3.089999676,"native"
"181","Stevia salicifolia","Stevia salicifolia","STSA",10259428091,463.8500366,3.089999676,"native"
"182","Oxalis caerulea","Oxalis caerulea","OXCA5",98263260193,1025.670044,7.179999709,"native"
"183","Crataegus wootoniana","Crataegus wootoniana","CRWO",40705515230,882.1299438,3.819999695,"native"
"184","Mertensia macdougalii","Mertensia macdougalii","MEMA2",81585092192,953.6300049,6.910000205,"native"
"185","Fraxinus greggii","Fraxinus greggii","FRGR2",53259597945,758.1800079,4.669999599,"native"
"186","Hymenoxys bigelovii","Hymenoxys bigelovii","HYBI2",1.62e+11,1032.27005,7.179999709,"native"
"187","Errazurizia rotundata","Errazurizia rotundata","ERRO7",73992237310,960.230011,7.179999709,"native"
"188","Hymenoxys jamesii","Hymenoxys jamesii","HYJA",73992237310,960.230011,7.179999709,"native"
"189","Erigeron sivinskii","Erigeron sivinskii","ERSI9",80647113319,1032.27005,7.179999709,"native"
"190","Cyperus spectabilis","Cyperus acutiusculus","CYSP2",37407808068,697.2700195,4.049999714,"native"
"191","Argemone arizonica","Argemone arizonica","ARAR4",69261939465,953.6300049,6.910000205,"native"
"192","Astragalus rusbyi","Astragalus rusbyi","ASRU4",69261939465,953.6300049,6.910000205,"native"
"193","Erigeron saxatilis","Erigeron saxatilis","ERSA18",69261939465,953.6300049,6.910000205,"native"
"194","Ivesia multifoliolata","Potentilla multifoliolata","IVMU2",69261939465,953.6300049,6.910000205,"native"
"195","Pellaea lyngholmii","Hemionitis lyngholmii","PELY3",69261939465,953.6300049,6.910000205,"native"
"196","Phemeranthus validulus","Phemeranthus validulus","PHVA8",69261939465,953.6300049,6.910000205,"native"
"197","Perityle rupestris","Perityle rupestris","PERU3",37973334948,407.0299683,2.229999542,"native"
"198","Bonamia repens","Bonamia repens","BORE9",40253026382,339.4000244,1.019999504,"native"
"199","Nama havardii","Nama havardii","NAHA",40253026382,339.4000244,1.019999504,"native"
"200","Omphalodes aliena","Mimophytum alienum","OMAL",40253026382,339.4000244,1.019999504,"native"
"201","Tiquilia mexicana","Tiquilia mexicana","TIME",40253026382,339.4000244,1.019999504,"native"
"202","Tradescantia brevifolia","Tradescantia brevifolia","TRBR6",40010963203,407.0299683,2.229999542,"native"
"203","Senna orcuttii","Senna orcuttii","SEOR5",39249562051,758.1800079,4.669999599,"native"
"204","Asclepias welshii","Asclepias welshii","ASWE3",1.13e+11,1032.27005,7.460000396,"native"
"205","Kallstroemia perennans","Kallstroemia perennans","KAPE",34145790973,339.4000244,1.019999504,"native"
"206","Perityle aglossa","Perityle aglossa","PEAG",32108162718,287.5700073,1.019999504,"native"
"207","Helianthus neglectus","Helianthus neglectus","HENE",8400627547,107.210022,0.959999561,"native"
"208","Bahia bigelovii","Picradeniopsis bigelovii","BABI2",31866099539,407.0299683,2.229999542,"native"
"209","Brickellia conduplicata","Brickellia lemmonii var. conduplicata","BRCO7",31866099539,407.0299683,2.229999542,"native"
"210","Castilleja mexicana","Castilleja mexicana","CAME17",31866099539,407.0299683,2.229999542,"native"
"211","Cyclanthera stenura","Cyclanthera stenura","CYST10",31866099539,407.0299683,2.229999542,"native"
"212","Drymaria laxiflora","Drymaria laxiflora","DRLA4",31866099539,407.0299683,2.229999542,"native"
"213","Echeveria strictiflora","Echeveria strictiflora","ECST",31866099539,407.0299683,2.229999542,"native"
"214","Escobaria tuberculosa","Pelecyphora tuberculosa","ESTUV",31866099539,1027.319977,5.339999676,"native"
"215","Escobaria tuberculosa","Pelecyphora tuberculosa","ESTU",1.68e+11,1027.319977,5.339999676,"native"
"216","Hedeoma mollis","Hedeoma mollis","HEMO",31866099539,407.0299683,2.229999542,"native"
"217","Lepidium sordidum","Lepidium sordidum","LESO",31866099539,407.0299683,2.229999542,"native"
"218","Mandevilla hypoleuca","Mandevilla hypoleuca","MAHY5",31866099539,407.0299683,2.229999542,"native"
"219","Penstemon havardii","Penstemon havardii","PEHA2",31866099539,407.0299683,2.229999542,"native"
"220","Proboscidea spicata","Proboscidea spicata","PRSP3",31866099539,407.0299683,2.229999542,"native"
"221","Solanum davisense","Solanum davisense","SODA2",31866099539,407.0299683,2.229999542,"native"
"222","Stachys bigelovii","Stachys bigelovii","STBI",31866099539,407.0299683,2.229999542,"native"
"223","Tradescantia leiandra","Tradescantia leiandra","TRLE5",31866099539,407.0299683,2.229999542,"native"
"224","Muhlenbergia peruviana","Muhlenbergia peruviana","MUPE3",51705578881,1018.550049,7.259999633,"native"
"225","Sporobolus interruptus","Sporobolus interruptus","SPIN5",1.07e+11,960.230011,7.179999709,"native"
"226","Brickellia veronicifolia","Brickellia veronicifolia","BRVE2",33142326642,758.1800079,4.669999599,"native"
"227","Cryptantha crassipes","Oreocarya crassipes","CRCR7",33142326642,758.1800079,4.669999599,"native"
"228","Grindelia scabra","Grindelia scabra","GRSC",55914284794,758.1800079,5.21999979,"native"
"229","Muhlenbergia curtifolia","Muhlenbergia curtifolia","MUCU",1.08e+11,1068.640045,7.460000396,"native"
"230","Ipomoea dumetorum","Ipomoea dumetorum","IPDU",18377702291,730.0100098,2.960000515,"native"
"231","Anulocaulis eriosolenus","Anulocaulis eriosolenus","ANER",26000927309,287.5700073,1.019999504,"native"
"232","Buddleja marrubiifolia","Buddleja marrubiifolia","BUMA",26000927309,287.5700073,1.019999504,"native"
"233","Calliandra iselyi","Calliandra iselyi","CAIS2",26000927309,287.5700073,1.019999504,"native"
"234","Chamaesyce theriaca","Euphorbia theriaca","CHTH6",26000927309,287.5700073,1.019999504,"native"
"235","Croton sancti-lazari","Croton sancti-lazari","CRSA5",26000927309,287.5700073,1.019999504,"native"
"236","Echinomastus mariposensis","Sclerocactus mariposensis","ECMA2",26000927309,287.5700073,1.019999504,"native"
"237","Epithelantha bokei","Epithelantha bokei","EPBO",26000927309,287.5700073,1.019999504,"native"
"238","Eriogonum hemipterum","Eriogonum hemipterum","ERHE8",26000927309,287.5700073,1.019999504,"native"
"239","Fendlera rigida","Fendlera linearis","FERI2",26000927309,287.5700073,1.019999504,"native"
"240","Funastrum torreyi","Funastrum torreyi","FUTO2",26000927309,287.5700073,1.019999504,"native"
"241","Heliotropium molle","Heliotropium molle","HEMO4",26000927309,287.5700073,1.019999504,"native"
"242","Hechtia texensis","Hechtia texensis","HETE7",26000927309,287.5700073,1.019999504,"native"
"243","Holacantha stewartii","Castela stewartii","HOST2",26000927309,287.5700073,1.019999504,"native"
"244","Ipomopsis havardii","Dayia havardii","IPHA",26000927309,287.5700073,1.019999504,"native"
"245","Iresine leptoclada","Iresine leptoclada","IRLE",26000927309,287.5700073,1.019999504,"native"
"246","Malacomeles denticulata","Malacomeles denticulata","MADE5",26000927309,287.5700073,1.019999504,"native"
"247","Mammillaria pottsii","Mammillaria pottsii","MAPO3",26000927309,287.5700073,1.019999504,"native"
"248","Mentzelia pachyrhiza","Mentzelia pachyrhiza","MEPA4",26000927309,287.5700073,1.019999504,"native"
"249","Nama torynophyllum","Nama torynophylla","NATO",26000927309,287.5700073,1.019999504,"native"
"250","Notholaena greggii","Hemionitis greggii","NOGR2",26000927309,287.5700073,1.019999504,"native"
"251","Oenothera boquillensis","Oenothera boquillensis","OEBO",26000927309,287.5700073,1.019999504,"native"
"252","Oenothera havardii","Oenothera havardii","OEHA2",26000927309,287.5700073,1.019999504,"native"
"253","Palafoxia riograndensis","Palafoxia riograndensis","PARI",26000927309,287.5700073,1.019999504,"native"
"254","Perityle dissecta","Perityle dissecta","PEDI2",26000927309,287.5700073,1.019999504,"native"
"255","Perityle parryi","Perityle parryi","PEPA12",26000927309,287.5700073,1.019999504,"native"
"256","Perityle vaseyi","Perityle vaseyi","PEVA",26000927309,287.5700073,1.019999504,"native"
"257","Phyllanthopsis arida","Phyllanthopsis arida","PHAR6",26000927309,287.5700073,1.019999504,"native"
"258","Phacelia infundibuliformis","Phacelia infundibuliformis","PHIN12",26000927309,287.5700073,1.019999504,"native"
"259","Phacelia robusta","Phacelia robusta","PHRO",26000927309,287.5700073,1.019999504,"native"
"260","Poliomintha glabrescens","Poliomintha glabrescens","POGL4",26000927309,287.5700073,1.019999504,"native"
"261","Polygala nudata","Rhinotropis nudata","PONU5",26000927309,287.5700073,1.019999504,"native"
"262","Purshia ericifolia","Purshia ericifolia","PUER2",26000927309,287.5700073,1.019999504,"native"
"263","Quercus hinckleyi","Quercus hinckleyi","QUHI",26000927309,287.5700073,1.019999504,"native"
"264","Selinocarpus angustifolius","Acleisanthes angustifolia","SEAN",26000927309,287.5700073,1.019999504,"native"
"265","Senna pilosior","Senna pilosior","SEPI3",26000927309,287.5700073,1.019999504,"native"
"266","Thelypodium texanum","Thelypodium texanum","THTE4",26000927309,287.5700073,1.019999504,"native"
"267","Tidestromia carnosa","Tidestromia carnosa","TICA2",26000927309,287.5700073,1.019999504,"native"
"268","Vauquelinia corymbosa","Vauquelinia corymbosa","VACO4",26000927309,287.5700073,1.019999504,"native"
"269","Vachellia schottii","Vachellia schottii","VASC5",26000927309,287.5700073,1.019999504,"native"
"270","Packera cardamine","Packera cardamine","PACA34",32963686244,882.1299438,4.099999428,"native"
"271","Pteryxia davidsonii","Cymopterus davidsonii","PTDA",32963686244,882.1299438,4.099999428,"native"
"272","Galium collomiae","Galium collomiae","GACO",33362949098,697.0199738,4.489999771,"native"
"273","Astragalus kerrii","Astragalus kerrii","ASKE5",12512530061,730.0100098,2.940000057,"native"
"274","Heuchera woodsiaphila","Heuchera woodsiaphila","HEWO2",12512530061,730.0100098,2.940000057,"native"
"275","Ionactis elegans","Ionactis elegans","IOEL",12512530061,730.0100098,2.940000057,"native"
"276","Lesquerella lata","Physaria lata","LELA9",12512530061,730.0100098,2.940000057,"native"
"277","Hunzikeria texana","Hunzikeria texana","HUTE2",17152649027,348.1699829,0.46999979,"native"
"278","Cirsium vinaceum","Cirsium vinaceum","CIVI4",29638986832,758.1800079,4.639999866,"native"
"279","Delphinium novomexicanum","Delphinium novomexicanum","DENO",29638986832,758.1800079,4.639999866,"native"
"280","Lesquerella aurea","Physaria aurea","LEAU5",29638986832,758.1800079,4.639999866,"native"
"281","Lupinus sierrae-blancae","Lupinus sierrae-blancae","LUSI2",29638986832,758.1800079,4.639999866,"native"
"282","Penstemon neomexicanus","Penstemon neomexicanus","PENE6",29638986832,758.1800079,4.639999866,"native"
"283","Philadelphus wootonii","Philadelphus microphyllus var. argyrocalyx","PHWO",29638986832,758.1800079,4.639999866,"native"
"284","Potentilla sierrae-blancae","Potentilla sierrae-blancae","POSI4",29638986832,758.1800079,4.639999866,"native"
"285","Anulocaulis reflexus","Anulocaulis reflexus","ANRE3",15850229668,406.4999695,2.229999542,"native"
"286","Solanum leptosepalum","Solanum stoloniferum","SOLE4",15850229668,406.4999695,2.229999542,"native"
"287","Lupinus hillii","Lupinus hillii","LUHI2",1.94e+11,1032.27005,7.2299999,"native"
"288","Helianthus arizonensis","Helianthus arizonensis","HEAR8",1.76e+11,1049.670052,7.179999709,"native"
"289","Clematis bigelovii","Clematis bigelovii","CLBI2",1.41e+11,1032.27005,7.179999709,"native"
"290","Hymenoxys rusbyi","Hymenoxys rusbyi","HYRU",1.44e+11,1013.939949,7.139999747,"native"
"291","Astragalus altus","Astragalus altus","ASAL8",17126456771,758.1800079,4.639999866,"native"
"292","Microthelys rubrocallosa","Microthelys rubrocallosa","MIRU6",17126456771,758.1800079,4.639999866,"native"
"293","Phacelia cloudcroftensis","Phacelia cloudcroftensis","PHCL4",17126456771,758.1800079,4.639999866,"native"
"294","Mimulus pulchellus","Diplacus pulchellus","MIPU",12146380721,1392.059998,3.779999971,"native"
"295","Phacelia cliffordii","Phacelia cliffordii","PHCL3",25770094216,614.3799744,7.179999709,"native"
"296","Eriogonum pulchrum","Eriogonum pulchrum","ERPU21",1.59e+11,1049.670052,7.179999709,"native"
"297","Arenaria ludens","Arenaria ludens","ARLU2",31754481659,414.0499725,2.229999542,"native"
"298","Prunus murrayana","Prunus murrayana","PRMU2",31754481659,414.0499725,2.229999542,"native"
"299","Packera insulae-regalis","Packera insulae-regalis","PAIN4",1398883257,85.03997803,1.21999979,"native"
"300","Pomaria brachycarpa","Pomaria brachycarpa","POBR21",23284431183,398.190033,1.300000191,"native"
"301","Penstemon nudiflorus","Penstemon nudiflorus","PENU",1.42e+11,977.6300125,7.179999709,"native"
"302","Mancoa pubens","Halimolobos pubens","MAPU2",41739539097,414.0499725,2.229999542,"native"
"303","Arenaria aberrans","Eremogone aberrans","ARAB",1.16e+11,977.6300125,6.910000205,"native"
"304","Platanthera brevifolia","Platanthera brevifolia","PLBR3",50727663298,798.3600159,5.21999979,"native"
"305","Pediomelum verdiense","Pediomelum verdiense","PEVE10",21039796371,539.7299957,4.329999924,"native"
"306","Tetraneuris verdiensis","Tetraneuris verdiensis","TEVE3",21039796371,539.7299957,4.329999924,"native"
"307","Arabis gracilipes","Boechera perennans subsp. gracilipes","ARGR4",1.37e+11,996.6000061,7.259999633,"native"
"308","Eriogonum jonesii","Eriogonum jonesii","ERJO",1.08e+11,977.6300125,7.179999709,"native"
"309","Pediocactus peeblesianus","Pediocactus peeblesianus","PEPE8",1.08e+11,977.6300125,7.179999709,"native"
"310","Brodiaea pallida","Brodiaea pallida","BRPA2",8393908572,1341.980011,3.75999999,"native"
"311","Ceanothus connivens","Ceanothus connivens","CECO2",8393908572,1341.980011,3.75999999,"native"
"312","Navarretia paradoxiclara","Navarretia paradoxiclara","NAPA4",8393908572,1341.980011,3.75999999,"native"
"313","Astragalus titanophilus","Astragalus titanophilus","ASTI2",1.04e+11,977.6300125,6.910000205,"native"
"314","Hedeoma diffusa","Hedeoma diffusa","HEDI",1.04e+11,977.6300125,6.910000205,"native"
"315","Festuca ligulata","Festuca ligulata","FELI",25889309429,380.8199921,1.079999447,"native"
"316","Linum schiedeanum","Linum schiedeanum","LISC5",25889309429,380.8199921,1.079999447,"native"
"317","Camissonia gouldii","Eremothera gouldii","CAGO",54509180151,953.6300049,6.910000205,"native"
"318","Camissonia specuicola","Chylismia specicola","CASP13",82697647053,977.6300125,6.910000205,"native"
"319","Flaveria macdougalii","Flaveria mcdougallii","FLMA",82697647053,977.6300125,6.910000205,"native"
"320","Hesperodoria salicina","Lorandersonia salicina","HESA13",82697647053,977.6300125,6.910000205,"native"
"321","Mentzelia hualapaiensis","Mentzelia hualapaiensis","MEHU7",82697647053,977.6300125,6.910000205,"native"
"322","Panicum mohavense","Panicum mohavense","PAMO17",82697647053,977.6300125,6.910000205,"native"
"323","Phacelia glechomifolia","Phacelia glechomifolia","PHGL13",82697647053,977.6300125,6.910000205,"native"
"324","Ribes mescalerium","Ribes mescalerium","RIME2",55362656058,758.1800079,4.669999599,"native"
"325","Senecio arizonicus","Senecio arizonicus","SEAR3",1.07e+11,977.6300125,6.910000205,"native"
"326","Perityle congesta","Perityle congesta","PECO18",1.03e+11,996.6000061,7.259999633,"native"
"327","Camissonia exilis","Chylismia exilis","CAEX10",93031559631,977.6300125,7.460000396,"native"
"328","Woodsia cochisensis","Woodsia cochisensis","WOCO2",57127782808,953.6300049,7.259999633,"native"
"329","Euphorbia bifurcata","Euphorbia bifurcata","EUBI3",39192008104,798.3600159,3.009999752,"native"
"330","Astragalus striatiflorus","Astragalus striatiflorus","ASST6",64843092729,953.6300049,7.460000396,"native"
"331","Acleisanthes acutifolia","Acleisanthes acutifolia","ACAC",9985057438,242.4700012,1.019999504,"native"
"332","Anisacanthus puberulus","Anisacanthus puberulus","ANPU6",9985057438,242.4700012,1.019999504,"native"
"333","Aristida gypsophila","Aristida gypsophila","ARGY4",9985057438,242.4700012,1.019999504,"native"
"334","Eysenhardtia spinosa","Eysenhardtia spinosa","EYSP",9985057438,242.4700012,1.019999504,"native"
"335","Grindelia oxylepis","Grindelia oxylepis","GROX",9985057438,242.4700012,1.019999504,"native"
"336","Nama undulatum","Nama undulata","NAUN",9985057438,242.4700012,1.019999504,"native"
"337","Thelypodium tenue","Thelypodium tenue","THTE3",9985057438,242.4700012,1.019999504,"native"
"338","Tradescantia crassifolia","Tradescantia crassifolia","TRCR13",9985057438,242.4700012,1.019999504,"native"
"339","Zapoteca media","Zapoteca media","ZAME2",9985057438,242.4700012,1.019999504,"native"
"340","Bothriochloa edwardsiana","Bothriochloa edwardsiana","BOED",12108536370,356.2300415,0.75,"native"
"341","Sclerocactus sileri","Sclerocactus sileri","SCSI3",85282374185,996.6000061,7.460000396,"native"
"342","Erigeron rybius","Erigeron rybius","ERRY2",39512426390,758.1800079,4.669999599,"native"
"343","Lesquerella gooddingii","Physaria gooddingii","LEGO2",33533506528,931.7899475,4.099999428,"native"
"344","Angelica scabrida","Angelica scabrida","ANSC9",20439281456,624.0500183,4.209999561,"native"
"345","Antennaria soliceps","Antennaria soliceps","ANSO2",20439281456,624.0500183,4.209999561,"native"
"346","Astragalus aequalis","Astragalus aequalis","ASAE",20439281456,624.0500183,4.209999561,"native"
"347","Astragalus remotus","Astragalus remotus","ASRE4",20439281456,624.0500183,4.209999561,"native"
"348","Cirsium clokeyi","Cirsium clokeyi","CICL2",20439281456,624.0500183,4.209999561,"native"
"349","Cryptantha insolita","Oreocarya insolita","CRIN15",20439281456,624.0500183,4.209999561,"native"
"350","Draba jaegeri","Draba jaegeri","DRJA",20439281456,624.0500183,4.209999561,"native"
"351","Draba paucifructa","Draba paucifructa","DRPA8",20439281456,624.0500183,4.209999561,"native"
"352","Ericameria compacta","Ericameria compacta","ERCO40",20439281456,624.0500183,4.209999561,"native"
"353","Glossopetalon clokeyi","Glossopetalon clokeyi","GLCL",20439281456,624.0500183,4.209999561,"native"
"354","Ionactis caelestis","Ionactis caelestis","IOCA2",20439281456,624.0500183,4.209999561,"native"
"355","Ivesia cryptocaulis","Potentilla cryptocaulis","IVCR",20439281456,624.0500183,4.209999561,"native"
"356","Silene clokeyi","Silene petersonii","SICL",20439281456,624.0500183,4.209999561,"native"
"357","Sphaeromeria compacta","Artemisia constricta","SPCO8",20439281456,624.0500183,4.209999561,"native"
"358","Synthyris ranunculina","Veronica ranunculina","SYRA2",20439281456,624.0500183,4.209999561,"native"
"359","Mirabilis comata","Mirabilis comata","MICO15",21088676466,562.6800232,3.089999676,"native"
"360","Townsendia formosa","Townsendia formosa","TOFO",1.19e+11,1018.550049,7.259999633,"native"
"361","Perityle gracilis","Perityle gracilis","PEGR15",96201766788,996.6000061,7.360000014,"native"
"362","Heuchera wootonii","Heuchera wootonii","HEWO",53276663291,996.6199799,4.639999866,"native"
"363","Hedeoma todsenii","Hedeoma todsenii","HETO2",27955705146,798.3600159,4.639999866,"native"
"364","Heuchera novomexicana","Heuchera novomexicana","HENO",92830483173,931.7899475,4.489999771,"native"
"365","Thelypodiopsis ambigua","Thelypodiopsis ambigua","THAM3",1.2e+11,977.6300125,7.460000396,"native"
"366","Perityle ciliata","Perityle ciliata","PECI8",1.72e+11,1049.670052,7.179999709,"native"
"367","Penstemon pseudoputus","Penstemon pseudoputus","PEPS3",87395809891,960.230011,7.460000396,"native"
"368","Phacelia laxiflora","Phacelia laxiflora","PHLA8",1.09e+11,996.6000061,7.259999633,"native"
"369","Heliotropium glabriusculum","Heliotropium glabriusculum","HEGL3",55742351194,407.0299683,2.229999542,"native"
"370","Yucca thompsoniana","Yucca thompsoniana","YUTH",61895556102,339.4000244,1.019999504,"native"
"371","Cryptantha semiglabra","Oreocarya semiglabra","CRSE4",88984684110,977.6300125,6.910000205,"native"
"372","Astragalus ampullarius","Astragalus ampullarius","ASAM6",99318596688,977.6300125,7.460000396,"native"
"373","Opuntia aurea","Opuntia aurea","OPAU2",99318596688,977.6300125,7.460000396,"native"
"374","Pediocactus sileri","Pediocactus sileri","PESI4",99318596688,977.6300125,7.460000396,"native"
"375","Argythamnia cyanophylla","Ditaxis cyanophylla","ARCY",1.58e+11,1128.439972,7.259999633,"native"
"376","Aquilegia loriae","Aquilegia micrantha var. loriae","AQLO2",10333912578,682.3100281,7.460000396,"native"
"377","Camissonia atwoodii","Chylismia atwoodii","CAAT10",10333912578,682.3100281,7.460000396,"native"
"378","Heliomeris soliceps","Heliomeris soliceps","HESO2",10333912578,682.3100281,7.460000396,"native"
"379","Phacelia cronquistiana","Phacelia cronquistiana","PHCR7",10333912578,682.3100281,7.460000396,"native"
"380","Xylorhiza cronquistii","Xylorhiza cronquistii","XYCR2",10333912578,682.3100281,7.460000396,"native"
"381","Gaga kaulfussii","Hemionitis kaulfussii","GAKA3",29281033915,612.7799683,2.229999542,"native"
"382","Clematis palmeri","Clematis bigelovii","CLPA",1.09e+11,1032.27005,7.2299999,"native"
"383","Trifolium neurophyllum","Trifolium longipes var. neurophyllum","TRNE3",68919640544,1018.550049,7.259999633,"native"
"384","Viguiera phenax","Aldama phenax","VIPH",15738611788,414.0499725,2.229999542,"native"
"385","Phacelia pinkavae","Phacelia pinkavae","PHPI8",61491147371,1018.550049,7.179999709,"native"
"386","Eriogonum ericifolium","Eriogonum ericifolium","ERER6",93056736312,953.6300049,6.910000205,"native"
"387","Clarkia virgata","Clarkia virgata","CLVI2",18109604766,1444.970032,3.779999971,"native"
"388","Sida longipes","Sida longipes","SILO",49877178964,339.4000244,1.019999504,"native"
"389","Melica montezumae","Melica montezumae","MEMO",63516293300,408.8400116,1.079999447,"native"
"390","Atriplex asterocarpa","Atriplex saccaria var. asterocarpa","ATAS2",61625715675,953.6300049,7.460000396,"native"
"391","Paronychia monticola","Paronychia monticola","PAMO8",47597487530,407.0299683,2.229999542,"native"
"392","Antiphytum floribundum","Antiphytum floribundum","ANFL3",40771739253,407.0299683,2.899999619,"native"
"393","Streptanthus platycarpus","Streptanthus platycarpus","STPL2",64698693887,550.5100098,1.519999504,"native"
"394","Penstemon wrightii","Penstemon wrightii","PEWR2",38691633870,407.0299683,2.229999542,"native"
"395","Lewisia brachycalyx","Lewisia brachycalyx","LEBR",2.05e+11,1134.089951,7.259999633,"native"
"396","Mirabilis texensis","Mirabilis texensis","MITE13",52591301340,339.4000244,1.019999504,"native"
"397","Rhamnus serrata","Rhamnus serrata","RHSE3",1.59e+11,1025.670044,7.179999709,"native"
"398","Zinnia anomala","Zinnia anomala","ZIAN",51993941762,459.9500122,2.229999542,"native"
"399","Allium coryi","Allium coryi","ALCO",50311609906,407.0299683,2.229999542,"native"
"400","Petalonyx parryi","Petalonyx nitidus","PEPA13",1.37e+11,996.6000061,7.360000014,"native"
"401","Besseya oblongifolia","Veronica oblongifolia","BEOB2",35343106213,996.6199799,4.639999866,"native"
"402","Setaria liebmannii","Setaria liebmannii","SELI3",75220553181,953.6300049,6.910000205,"native"
"403","Ipomopsis globularis","Ipomopsis globularis","IPGL",8233987982,839.5499573,2.489999771,"native"
"404","Phacelia palmeri","Phacelia palmeri","PHPA13",1.13e+11,996.6000061,7.259999633,"native"
"405","Astragalus mokiacensis","Astragalus mokiacensis","ASMO6",54914785415,624.0500183,5.619999647,"native"
"406","Ipomopsis sancti-spiritus","Ipomopsis sancti-spiritus","IPSA2",12228666255,617.5900269,3.559999943,"native"
"407","Nolina greenei","Nolina greenei","NOGR5",12228666255,617.5900269,3.559999943,"native"
"408","Quercus gravesii","Quercus gravesii","QUGR2",42364180723,407.0299683,2.229999542,"native"
"409","Argemone chisosensis","Argemone chisosensis","ARCH2",60185049464,414.0499725,2.229999542,"native"
"410","Psilactis brevilingulata","Psilactis brevilingulata","PSBR5",30786681815,407.0299683,2.899999619,"native"
"411","Stenaria rupicola","Stenaria rupicola","STRU9",41732315300,293.1400146,1.019999504,"native"
"412","Talinum gooddingii","Phemeranthus parviflorus","TAGO",79991254256,953.6300049,7.259999633,"native"
"413","Lomatium tarantuloides","Lomatium tarantuloides","LOTA4",11726925901,807.1299438,3.139999866,"native"
"414","Luina serpentina","Luina serpentina","LUSE",11726925901,807.1299438,3.139999866,"native"
"415","Nesaea longipes","Ammannia grayi","NELO2",44654910757,670.2799683,1.019999504,"native"
"416","Ruellia corzoi","Ruellia corzoi","RUCO",37104312302,459.9500122,1.38999939,"native"
"417","Draba mogollonica","Draba mogollonica","DRMO3",56236295207,931.7899475,3.909999847,"native"
"418","Cirsium gilense","Cirsium parryi","CIGI",58489397177,931.7899475,3.909999847,"native"
"419","Aliciella heterostyla","Aliciella heterostyla","ALHE3",47090938910,574.9599991,5.080000401,"native"
"420","Astragalus beatleyae","Astragalus beatleyae","ASBE5",47090938910,574.9599991,5.080000401,"native"
"421","Astragalus phoenix","Astragalus phoenix","ASPH",47090938910,574.9599991,5.080000401,"native"
"422","Astragalus toquimanus","Astragalus toquimanus","ASTO3",47090938910,574.9599991,5.080000401,"native"
"423","Atriplex longitrichoma","Atriplex argentea var. longitrichoma","ATLO3",47090938910,574.9599991,5.080000401,"native"
"424","Camissonia megalantha","Chylismia megalantha","CAME16",47090938910,574.9599991,5.080000401,"native"
"425","Cryptantha mirabunda","Cryptantha utahensis","CRMI7",47090938910,574.9599991,5.080000401,"native"
"426","Eriogonum concinnum","Eriogonum concinnum","ERCO18",47090938910,574.9599991,5.080000401,"native"
"427","Johanneshowellia crateriorum","Johanneshowellia crateriorum","JOCR",47090938910,574.9599991,5.080000401,"native"
"428","Lewisia maguirei","Lewisia maguirei","LEMA3",47090938910,574.9599991,5.080000401,"native"
"429","Penstemon pudicus","Penstemon pudicus","PEPU11",47090938910,574.9599991,5.080000401,"native"
"430","Piptatheropsis shoshoneana","Piptatheropsis shoshoneana","PISH2",47090938910,574.9599991,5.080000401,"native"
"431","Spiranthes infernalis","Spiranthes infernalis","SPIN7",47090938910,574.9599991,5.080000401,"native"
"432","Pomaria melanosticta","Pomaria melanosticta","POME16",44446437676,287.5700073,1.019999504,"native"
"433","Eriogonum suffruticosum","Eriogonum suffruticosum","ERSU8",44204374497,407.0299683,2.229999542,"native"
"434","Phlox mesoleuca","Phlox mesoleuca","PHME2",49373874921,798.3600159,5.339999676,"native"
"435","Glossopetalon pungens","Glossopetalon pungens","GLPU",1.19e+11,1134.089951,5.080000401,"native"
"436","Ivesia jaegeri","Potentilla jaegeri","IVJA",72394177056,1134.089951,4.209999561,"native"
"437","Phacelia geraniifolia","Phacelia geraniifolia","PHGE2",72394177056,1134.089951,4.209999561,"native"
"438","Tonestus eximius","Tonestus eximius","TOEX3",22656180887,1628.560028,4.460000038,"native"
"439","Penstemon albomarginatus","Penstemon albomarginatus","PEAL3",1.54e+11,1134.089951,5.82000041,"native"
"440","Penstemon bicolor","Penstemon bicolor","PEBI2",1.54e+11,1134.089951,5.82000041,"native"
"441","Eutrema penlandii","Eutrema penlandii","EUPE10",7257772112,828.9599609,2.489999771,"native"
"442","Penstemon metcalfei","Penstemon metcalfei","PEME15",10829248375,494.019989,2.509999752,"native"
"443","Sphaeralcea polychroma","Sphaeralcea polychroma","SPPO6",10829248375,494.019989,2.509999752,"native"
"444","Seymeria scabra","Seymeria scabra","SESC3",54077814055,414.0499725,2.229999542,"native"
"445","Mimulus inconspicuus","Erythranthe inconspicua","MIIN",13686314298,1392.059998,3.779999971,"native"
"446","Agave utahensis","Agave utahensis","AGUT",2.62e+11,1282.420044,7.460000396,"native"
"447","Mortonia utahensis","Mortonia utahensis","MOUT",2.62e+11,1282.420044,7.460000396,"native"
"448","Ivesia arizonica","Ivesia arizonica","IVAR2",2.2e+11,1282.420044,7.460000396,"native"
"449","Mentzelia leucophylla","Mentzelia leucophylla","MELE3",95070562604,624.0500183,5.080000401,"native"
"450","Mirabilis pudica","Mirabilis pudica","MIPU5",95070562604,624.0500183,5.080000401,"native"
"451","Hymenopappus biennis","Hymenopappus biennis","HYBI",87424306322,798.3600159,5.309999943,"native"
"452","Horkelia parryi","Horkelia parryi","HOPA2",12357525394,1444.970032,3.779999971,"native"
"453","Camissonia confertiflora","Chylismia confertiflora","CACO32",34475503959,389.0499954,5.159999609,"native"
"454","Cylindropuntia abysii","Cylindropuntia abyssi","CYAB2",34475503959,389.0499954,5.159999609,"native"
"455","Eriogonum mortonianum","Eriogonum mortonianum","ERMO9",34475503959,389.0499954,5.159999609,"native"
"456","Mentzelia memorabilis","Mentzelia memorabilis","MEME7",34475503959,389.0499954,5.159999609,"native"
"457","Monardella eplingii","Monardella eplingii","MOEP",34475503959,389.0499954,5.159999609,"native"
"458","Penstemon distans","Penstemon distans","PEDI10",34475503959,389.0499954,5.159999609,"native"
"459","Pediomelum pauperitense","Pediomelum verdiense","PEPA39",34475503959,389.0499954,5.159999609,"native"
"460","Phacelia furnissii","Phacelia furnissii","PHFU5",34475503959,389.0499954,5.159999609,"native"
"461","Phacelia higginsii","Phacelia higginsii","PHHI19",34475503959,389.0499954,5.159999609,"native"
"462","Phacelia hughesii","Phacelia hughesii","PHHU5",34475503959,389.0499954,5.159999609,"native"
"463","Townsendia smithii","Townsendia smithii","TOSM",34475503959,389.0499954,5.159999609,"native"
"464","Cirsium inornatum","Cirsium parryi","CIIN5",46853048495,784.7200165,5.309999943,"native"
"465","Bothriochloa wrightii","Bothriochloa wrightii","BOWR2",14032861615,747.3700256,3.879999638,"native"
"466","Sisyrinchium funereum","Sisyrinchium funereum","SIFU",93898728796,1282.420044,5.080000401,"native"
"467","Dalea laniceps","Dalea laniceps","DALA6",34461380238,287.5700073,1.019999504,"native"
"468","Escobaria hesteri","Pelecyphora hesteri","ESHE",34461380238,287.5700073,1.019999504,"native"
"469","Perityle bisetosa","Perityle bisetosa","PEBI",34461380238,287.5700073,1.019999504,"native"
"470","Vernonia larseniae","Vernonia larseniae","VELA12",34461380238,287.5700073,1.019999504,"native"
"471","Agave havardiana","Agave havardiana","AGHA",34219317059,407.0299683,2.229999542,"native"
"472","Triphysaria floribunda","Triphysaria floribunda","TRFL14",5035808465,1249.419983,3.859999895,"native"
"473","Perityle angustifolia","Perityle angustifolia","PEAN6",33861309093,275.1600342,0.859999657,"native"
"474","Astragalus tidestromii","Astragalus tidestromii","ASTI",1.46e+11,1282.420044,5.080000401,"native"
"475","Brickellia knappiana","Brickellia knappiana","BRKN",1.46e+11,1282.420044,5.080000401,"native"
"476","Cryptantha tumulosa","Oreocarya tumulosa","CRTU",1.46e+11,1282.420044,5.080000401,"native"
"477","Cymopterus gilmanii","Cymopterus gilmanii","CYGI",1.46e+11,1282.420044,5.080000401,"native"
"478","Eriogonum bifurcatum","Eriogonum bifurcatum","ERBI2",1.46e+11,1282.420044,5.080000401,"native"
"479","Eriogonum contiguum","Eriogonum contiguum","ERCO20",1.46e+11,1282.420044,5.080000401,"native"
"480","Hazardia brickellioides","Hazardia brickellioides","HABR3",1.46e+11,1282.420044,5.080000401,"native"
"481","Phacelia barnebyana","Phacelia barnebyana","PHBA",1.46e+11,1282.420044,5.080000401,"native"
"482","Carlowrightia mexicana","Carlowrightia mexicana","CAME18",38339202267,287.5700073,1.019999504,"native"
"483","Escobaria albicolumnaria","Pelecyphora sneedii subsp. sneedii","ESAL",38339202267,287.5700073,1.019999504,"native"
"484","Sclerocactus nyensis","Sclerocactus nyensis","SCNY",56367988953,574.9599991,5.080000401,"native"
"485","Mimulus spissus","Diplacus bigelovii var. cuspidatus","MISP",1.39e+11,624.0500183,5.82000041,"native"
"486","Perityle tenella","Perityle tenella","PETE11",71535735050,731.4900208,7.460000396,"native"
"487","Pinus cembroides","Pinus cembroides","PICE",63369442302,512.5800171,3.209999561,"native"
"488","Pediomelum castoreum","Pediomelum castoreum","PECA24",1.34e+11,1134.089951,5.720000029,"native"
"489","Arenaria stenomeres","Eremogone stenomeres","ARST3",47979623694,624.0500183,4.980000019,"native"
"490","Astragalus ackermanii","Astragalus ackermanii","ASAC5",47979623694,624.0500183,4.980000019,"native"
"491","Chrysothamnus eremobius","Chrysothamnus eremobius","CHER3",47979623694,624.0500183,4.980000019,"native"
"492","Erigeron ovinus","Erigeron ovinus","EROV2",47979623694,624.0500183,4.980000019,"native"
"493","Eriogonum viscidulum","Eriogonum viscidulum","ERVI7",47979623694,624.0500183,4.980000019,"native"
"494","Porophyllum pygmaeum","Porophyllum pygmaeum","POPY",47979623694,624.0500183,4.980000019,"native"
"495","Stachys rothrockii","Stachys rothrockii","STRO",2.26e+11,1049.670052,7.460000396,"native"
"496","Arabis parishii","Boechera parishii","ARPA",51954895600,1134.089951,4.019999504,"native"
"497","Arenaria ursina","Eremogone ursina","ARUR",51954895600,1134.089951,4.019999504,"native"
"498","Astragalus albens","Astragalus albens","ASAL4",51954895600,1134.089951,4.019999504,"native"
"499","Astragalus jaegerianus","Astragalus jaegerianus","ASJA",51954895600,1134.089951,4.019999504,"native"
"500","Castilleja cinerea","Castilleja cinerea","CACI6",51954895600,1134.089951,4.019999504,"native"
"501","Castilleja montigena","Castilleja montigena","CAMO20",51954895600,1134.089951,4.019999504,"native"
"502","Cryptantha clokeyi","Cryptantha clokeyi","CRCL2",51954895600,1134.089951,4.019999504,"native"
"503","Eriophyllum mohavense","Eriophyllum mohavense","ERMO6",51954895600,1134.089951,4.019999504,"native"
"504","Eriogonum thornei","Eriogonum thornei","ERTH6",51954895600,1134.089951,4.019999504,"native"
"505","Festuca parishii","Festuca californica","FEPA6",51954895600,1134.089951,4.019999504,"native"
"506","Heuchera alpestris","Heuchera parishii","HEAL4",51954895600,1134.089951,4.019999504,"native"
"507","Horkelia wilderae","Horkelia wilderae","HOWI",51954895600,1134.089951,4.019999504,"native"
"508","Ivesia argyrocoma","Potentilla argyrocoma","IVAR",51954895600,1134.089951,4.019999504,"native"
"509","Ivesia patellifera","Potentilla patellifera","IVPA2",51954895600,1134.089951,4.019999504,"native"
"510","Linanthus killipii","Linanthus killipii","LIKI",51954895600,1134.089951,4.019999504,"native"
"511","Mimulus exiguus","Erythranthe exigua","MIEX",51954895600,1134.089951,4.019999504,"native"
"512","Mimulus mohavensis","Diplacus mohavensis","MIMO",51954895600,1134.089951,4.019999504,"native"
"513","Mimulus purpureus","Erythranthe purpurea","MIPU4",51954895600,1134.089951,4.019999504,"native"
"514","Packera bernardina","Packera bernardina","PABE7",51954895600,1134.089951,4.019999504,"native"
"515","Phlox dolichantha","Phlox dolichantha","PHDO2",51954895600,1134.089951,4.019999504,"native"
"516","Prunus eremophila","Prunus eremophila","PRER4",51954895600,1134.089951,4.019999504,"native"
"517","Sidalcea pedata","Sidalcea pedata","SIPE4",51954895600,1134.089951,4.019999504,"native"
"518","Taraxacum californicum","Taraxacum californicum","TACA5",51954895600,1134.089951,4.019999504,"native"
"519","Thelypodium stenopetalum","Thelypodium stenopetalum","THST",51954895600,1134.089951,4.019999504,"native"
"520","Astragalus eurylobus","Astragalus eurylobus","ASEU3",1.09e+11,574.9599991,5.82000041,"native"
"521","Selaginella utahensis","Selaginella utahensis","SEUT",37060231091,731.4900208,7.460000396,"native"
"522","Viola charlestonensis","Viola charlestonensis","VICH2",37060231091,731.4900208,7.460000396,"native"
"523","Oxystylis lutea","Cleomella oxystyloides","OXLU",1.55e+11,1282.420044,5.080000401,"native"
"524","Lupinus volutans","Lupinus volutans","LUVO2",1.18e+11,991.2200089,7.460000396,"native"
"525","Phacelia pulchella","Phacelia pulchella","PHPU",2.39e+11,1282.420044,7.460000396,"native"
"526","Carex mckittrickensis","Carex mckittrickensis","CAMC",9873439558,380.8199921,1.079999447,"native"
"527","Escobaria guadalupensis","Pelecyphora sneedii subsp. sneedii","ESGU",9873439558,380.8199921,1.079999447,"native"
"528","Nolina arenicola","Nolina arenicola","NOAR",9873439558,380.8199921,1.079999447,"native"
"529","Perityle fosteri","Perityle fosteri","PEFO6",9873439558,380.8199921,1.079999447,"native"
"530","Symphoricarpos guadalupensis","Symphoricarpos guadalupensis","SYGU",9873439558,380.8199921,1.079999447,"native"
"531","Eriogonum darrovii","Eriogonum darrovii","ERDA",1.91e+11,991.2200089,7.460000396,"native"
"532","Eriogonum mensicola","Eriogonum mensicola","ERME10",98762685486,1282.420044,4.329999447,"native"
"533","Selaginella leucobryoides","Selaginella leucobryoides","SELE3",98762685486,1282.420044,4.329999447,"native"
"534","Aliciella ripleyi","Aliciella ripleyi","ALRI3",1.73e+11,1282.420044,5.080000401,"native"
"535","Arctomecon merriamii","Arctomecon merriamii","ARME2",1.73e+11,1282.420044,5.080000401,"native"
"536","Chrysothamnus gramineus","Cuniculotinus gramineus","CHGR13",1.73e+11,1282.420044,5.080000401,"native"
"537","Eriogonum glandulosum","Eriogonum glandulosum","ERGL4",1.73e+11,1282.420044,5.080000401,"native"
"538","Perityle intricata","Perityle intricata","PEIN12",1.73e+11,1282.420044,5.080000401,"native"
"539","Aliciella nyensis","Aliciella nyensis","ALNY2",74631281148,574.9599991,5.080000401,"native"
"540","Mentzelia tiehmii","Mentzelia tiehmii","METI",74631281148,574.9599991,5.080000401,"native"
"541","Phacelia beatleyae","Phacelia beatleyae","PHBE3",74631281148,574.9599991,5.080000401,"native"
"542","Pedicularis angustifolia","Pedicularis angustifolia","PEAN9",35147618741,918.1499481,3.909999847,"native"
"543","Penstemon petiolatus","Penstemon petiolatus","PEPE13",1.36e+11,728.1100159,5.82000041,"native"
"544","Grindelia grandiflora","Grindelia grandiflora","GRGR",42735792250,413.75,0.859999657,"native"
"545","Arctomecon californica","Arctomecon californica","ARCA4",61201822472,728.1100159,5.619999647,"native"
"546","Cirsium virginense","Cirsium mohavense","CIVI6",61201822472,728.1100159,5.619999647,"native"
"547","Enceliopsis argophylla","Enceliopsis argophylla","ENAR",61201822472,728.1100159,5.619999647,"native"
"548","Crataegus uvaldensis","Crataegus uvaldensis","CRUV",3240035980,140.2600098,1.25,"native"
"549","Mammillaria sphaerica","Mammillaria sphaerica","MASP3",3240035980,140.2600098,1.25,"native"
"550","Astragalus funereus","Astragalus funereus","ASFU3",1.21e+11,1282.420044,5.080000401,"native"
"551","Camissonia munzii","Chylismia munzii","CAMU14",1.25e+11,1282.420044,5.080000401,"native"
"552","Phacelia calthifolia","Phacelia calthifolia","PHCA2",1.25e+11,1282.420044,5.080000401,"native"
"553","Phacelia mustelina","Phacelia mustelina","PHMU",1.25e+11,1282.420044,5.080000401,"native"
"554","Viguiera reticulata","Bahiopsis reticulata","VIRE",1.25e+11,1282.420044,5.080000401,"native"
"555","Hymenocallis franklinensis","Hymenocallis franklinensis","HYFR4",2982524474,167.1800537,2.720000267,"native"
"556","Liatris provincialis","Liatris provincialis","LIPR3",2982524474,167.1800537,2.720000267,"native"
"557","Scopulophila rixfordii","Scopulophila rixfordii","SCRI2",1.83e+11,1282.420044,5.080000401,"native"
"558","Astragalus cimae","Astragalus cimae","ASCI3",1.44e+11,1282.420044,5.080000401,"native"
"559","Calochortus panamintensis","Calochortus panamintensis","CAPA45",73459447340,1282.420044,5.080000401,"native"
"560","Centaurium namatophilum","Zeltnera namatophila","CENA2",73459447340,1282.420044,5.080000401,"native"
"561","Eriogonum rixfordii","Eriogonum rixfordii","ERRI2",73459447340,1282.420044,5.080000401,"native"
"562","Grindelia fraxinopratensis","Grindelia fraxinipratensis","GRFR",73459447340,1282.420044,5.080000401,"native"
"563","Lathyrus hitchcockianus","Lathyrus hitchcockianus","LAHI4",73459447340,1282.420044,5.080000401,"native"
"564","Nitrophila mohavensis","Nitrophila mohavensis","NIMO",73459447340,1282.420044,5.080000401,"native"
"565","Sibara deserti","Sibara deserti","SIDE",73459447340,1282.420044,5.080000401,"native"
"566","Buddleja utahensis","Buddleja utahensis","BUUT",2.14e+11,1282.420044,5.82000041,"native"
"567","Petalonyx nitidus","Petalonyx nitidus","PENI",2.14e+11,1282.420044,5.82000041,"native"
"568","Thymophylla micropoides","Thymophylla micropoides","THMI7",58524335193,592.5100098,1.38999939,"native"
"569","Phacelia serrata","Phacelia serrata","PHSE5",62743502480,953.6300049,7.2299999,"native"
"570","Cordylanthus tecopensis","Chloropyron tecopense","COTE2",1.35e+11,1282.420044,5.080000401,"native"
"571","Mimulus whipplei","Erythranthe guttata","MIWH2",2641829200,1065.109985,3.75999999,"native"
"572","Phacelia anelsonii","Phacelia anelsonii","PHAN",1.8e+11,1282.420044,5.080000401,"native"
"573","Plagiobothrys glomeratus","Plagiobothrys glomeratus","PLGL4",17378951468,1342.029999,4.460000038,"native"
"574","Astragalus nyensis","Astragalus nyensis","ASNY2",1.11e+11,728.1100159,5.080000401,"native"
"575","Astragalus egglestonii","Astragalus egglestonii","ASEG",1.08e+11,1018.550049,7.259999633,"native"
"576","Mimulus angustifolius","Mimulus gracilis","MIAN4",16320597789,1342.029999,4.460000038,"native"
"577","Acleisanthes wrightii","Acleisanthes wrightii","ACWR3",49431778233,339.4000244,1.019999504,"native"
"578","Puccinellia parishii","Puccinellia parishii","PUPA",2.45e+11,1134.089951,7.259999633,"native"
"579","Halimolobos jaegeri","Halimolobos jaegeri","HAJA",1.54e+11,1662,5.080000401,"native"
"580","Mentzelia reflexa","Mentzelia reflexa","MERE",1.54e+11,1662,5.080000401,"native"
"581","Senecio sacramentanus","Senecio sacramentanus","SESA3",38303061275,758.1800079,4.660000324,"native"
"582","Lupinus gracilentus","Lupinus gracilentus","LUGR",35873059951,1662,5.719999552,"native"
"583","Astragalus sabulosus","Astragalus sabulosus","ASSA3",9512361710,868.1300354,3.510000229,"native"
"584","Atriplex minuticarpa","Atriplex powellii var. minuticarpa","ATMI4",9512361710,868.1300354,3.510000229,"native"
"585","Atriplex welshii","Atriplex welshii","ATWE",9512361710,868.1300354,3.510000229,"native"
"586","Eriogonum panamintense","Eriogonum panamintense","ERPA12",1.73e+11,1662,5.080000401,"native"
"587","Lupinus holmgrenianus","Lupinus wyethii subsp. wyethii","LUHO",82736497383,1282.420044,5.080000401,"native"
"588","Penstemon pahutensis","Penstemon pahutensis","PEPA23",82736497383,1282.420044,5.080000401,"native"
"589","Salvia funerea","Salvia funerea","SAFU2",82736497383,1282.420044,5.080000401,"native"
"590","Cathestecum erectum","Bouteloua erecta","CAER2",49795724156,738.9799805,4.169999599,"native"
"591","Asclepias sperryi","Asclepias sperryi","ASSP2",28354144829,287.5700073,1.019999504,"native"
"592","Centaurium glanduliferum","Zeltnera glandulifera","CEGL6",28354144829,287.5700073,1.019999504,"native"
"593","Lesquerella mcvaughiana","Physaria mcvaughiana","LEMC",28354144829,287.5700073,1.019999504,"native"
"594","Astragalus gilmanii","Astragalus gilmanii","ASGI4",1.01e+11,1282.420044,5.080000401,"native"
"595","Polygala heterorhyncha","Rhinotropis heterorhyncha","POHE7",1.01e+11,1282.420044,5.080000401,"native"
"596","Lomatium stebbinsii","Lomatium stebbinsii","LOST5",9933842149,1341.980011,3.75999999,"native"
"597","Arceuthobium microcarpum","Arceuthobium microcarpum","ARMI8",93966902199,1025.670044,7.259999633,"native"
"598","Astranthium robustum","Astranthium robustum","ASRO2",51029908828,407.0299683,2.229999542,"native"
"599","Acamptopappus shockleyi","Acamptopappus shockleyi","ACSH",2e+11,1662,5.080000401,"native"
"600","Hecastocleis shockleyi","Hecastocleis shockleyi","HESH",2e+11,1662,5.080000401,"native"
"601","Anulocaulis annulatus","Anulocaulis annulatus","ANAN4",78323404030,1282.420044,4.329999447,"native"
"602","Cistanthe pygmaea","Cistanthe pygmaea","CIPY",78323404030,1282.420044,4.329999447,"native"
"603","Cuscuta veatchii","Cuscuta veatchii","CUVE2",78323404030,1282.420044,4.329999447,"native"
"604","Lupinus magnificus","Lupinus magnificus","LUMA",78323404030,1282.420044,4.329999447,"native"
"605","Penstemon calcareus","Penstemon calcareus","PECA5",78323404030,1282.420044,4.329999447,"native"
"606","Sibara rosulata","Sibara deserti","SIRO",78323404030,1282.420044,4.329999447,"native"
"607","Phlox amabilis","Phlox amabilis","PHAM6",93557829494,953.6300049,7.259999633,"native"
"608","Aristolochia coryi","Aristolochia coryi","ARCO8",79395486953,613.4400024,1.519999504,"native"
"609","Agastache pallida","Agastache pallida","AGPA11",3203613240,550.3300171,3.869999409,"native"
"610","Argyrochosma incana","Hemionitis incana","ARIN11",3203613240,550.3300171,3.869999409,"native"
"611","Ayenia glabra","Ayenia glabra","AYGL",3203613240,550.3300171,3.869999409,"native"
"612","Browallia eludens","Browallia eludens","BREL5",3203613240,550.3300171,3.869999409,"native"
"613","Coryphantha recurvata","Coryphantha recurvata","CORE3",3203613240,550.3300171,3.869999409,"native"
"614","Cyperus amabilis","Cyperus amabilis","CYAM",3203613240,550.3300171,3.869999409,"native"
"615","Dalea exserta","Dalea exserta","DAEX3",3203613240,550.3300171,3.869999409,"native"
"616","Dichondra sericea","Dichondra sericea","DISE8",3203613240,550.3300171,3.869999409,"native"
"617","Gentianella wrightii","Gentianella wrightii","GEWR2",3203613240,550.3300171,3.869999409,"native"
"618","Henrya insularis","Henrya insularis","HEIN3",3203613240,550.3300171,3.869999409,"native"
"619","Marina diffusa","Marina diffusa","MADI4",3203613240,550.3300171,3.869999409,"native"
"620","Macroptilium supinum","Macroptilium supinum","MASU18",3203613240,550.3300171,3.869999409,"native"
"621","Passiflora bryonioides","Passiflora bryonioides","PABR4",3203613240,550.3300171,3.869999409,"native"
"622","Pediomelum palmeri","Pediomelum palmeri","PEPA",3203613240,550.3300171,3.869999409,"native"
"623","Quercus viminea","Quercus viminea","QUVI2",3203613240,550.3300171,3.869999409,"native"
"624","Rhynchosia edulis","Rhynchosia edulis","RHED",3203613240,550.3300171,3.869999409,"native"
"625","Cymopterus ripleyi","Cymopterus ripleyi","CYRI2",1.1e+11,1282.420044,5.080000401,"native"
"626","Penstemon floridus","Penstemon floridus","PEFL3",1.21e+11,1662,5.080000401,"native"
"627","Phacelia parishii","Phacelia parishii","PHPA2",1.77e+11,1134.089951,5.82000041,"native"
"628","Poa occidentalis","Poa occidentalis","POOC",1.43e+11,1078.349976,7.179999709,"native"
"629","Thelypodiopsis vaseyi","Thelypodiopsis vaseyi","THVA",49921644763,996.6199799,4.669999599,"native"
"630","Phacelia cephalotes","Phacelia cephalotes","PHCE",1.88e+11,1049.670052,7.460000396,"native"
"631","Nama depressum","Nama depressa","NADE3",1.33e+11,1662,5.080000401,"native"
"632","Mimulus parryi","Diplacus parryi","MIPA4",1.15e+11,1282.420044,5.720000029,"native"
"633","Perityle megalocephala","Perityle megalocephala","PEME6",1.52e+11,1662,5.080000401,"native"
"634","Amsonia fugatei","Amsonia fugatei","AMFU",28972566841,701.5200043,4.400000095,"native"
"635","Encelia resinifera","Encelia resinifera","ENRE",95061841859,960.230011,7.179999709,"native"
"636","Opuntia edwardsii","Opuntia mackensenii","OPED",25716445429,228.9000244,0.859999657,"native"
"637","Phemeranthus humilis","Phemeranthus humilis","PHHU3",22368681045,659.940033,4.579999447,"native"
"638","Packera cynthioides","Packera cynthioides","PACY9",1.09e+11,1018.550049,7.2299999,"native"
"639","Polygonatum cobrense","Polygonatum biflorum","POCO6",1.04e+11,996.5399475,7.259999633,"native"
"640","Astragalus holmgreniorum","Astragalus holmgreniorum","ASHO5",40762541016,709.1400223,5.159999609,"native"
"641","Sphaeralcea gierischii","Sphaeralcea gierischii","SPGI2",40762541016,709.1400223,5.159999609,"native"
"642","Astragalus minthorniae","Astragalus minthorniae","ASMI7",1.96e+11,1282.420044,5.080000401,"native"
"643","Erigeron uncialis","Erigeron uncialis","ERUN2",1.96e+11,1282.420044,5.080000401,"native"
"644","Lupinus flavoculatus","Lupinus flavoculatus","LUFL",2.46e+11,1282.420044,5.82000041,"native"
"645","Leymus simplex","Leymus triticoides","LESI5",97380588806,1090.209953,7.360000014,"native"
"646","Astragalus gilensis","Astragalus gilensis","ASGI3",1.43e+11,1092.069977,7.259999633,"native"
"647","Astragalus ensiformis","Astragalus ensiformis","ASEN4",68302883254,709.1400223,5.720000029,"native"
"648","Fraxinus cuspidata","Fraxinus cuspidata","FRCU",3.05e+11,996.6000061,7.360000014,"native"
"649","Perityle ambrosiifolia","Perityle ambrosiifolia","PEAM11",4770701075,532.8099976,4.099999428,"native"
"650","Caulanthus glaucus","Streptanthus glaucus","CAGL12",1e+11,1662,5.080000401,"native"
"651","Frasera puberulenta","Frasera puberulenta","FRPU",1e+11,1662,5.080000401,"native"
"652","Psorothamnus fremontii","Psorothamnus fremontii","PSFR",3.41e+11,1282.420044,7.460000396,"native"
"653","Asclepias cutleri","Asclepias cutleri","ASCU9",1.33e+11,1034.010048,7.179999709,"native"
"654","Astragalus inyoensis","Astragalus inyoensis","ASIN8",1.09e+11,1662,5.080000401,"native"
"655","Eriogonum phoeniceum","Eriogonum microtheca var. phoeniceum","ERPH4",27540342238,395.7099838,4.980000019,"native"
"656","Mentzelia argillicola","Mentzelia argillicola","MEAR2",27540342238,395.7099838,4.980000019,"native"
"657","Ipomopsis arizonica","Ipomopsis arizonica","IPAR2",2.08e+11,1134.089951,7.460000396,"native"
"658","Carex specicola","Carex specuicola","CASP35",1.23e+11,1034.010048,7.179999709,"native"
"659","Castilleja wootonii","Castilleja wootonii","CAWO4",43458926155,816.1399994,5.309999943,"native"
"660","Cystopteris utahensis","Cystopteris utahensis","CYUT2",66157325554,1305.5,7.179999709,"native"
"661","Penstemon virgatus","Penstemon virgatus","PEVI4",3.65e+11,1109.469978,7.259999633,"native"
"662","Eriogonum gracilipes","Eriogonum gracilipes","ERGR11",90633335870,1662,5.080000401,"native"
"663","Penstemon laevis","Penstemon laevis","PELA15",1.19e+11,977.6300125,7.460000396,"native"
"664","Erigeron pringlei","Erigeron pringlei","ERPR10",75721646363,953.6300049,7.259999633,"native"
"665","Draba asterophora","Draba asterophora","DRAS2",36305098746,1638.520035,5.819999933,"native"
"666","Lesquerella hitchcockii","Physaria hitchcockii","LEHI3",1.18e+11,644.0299988,5.080000401,"native"
"667","Lithospermum cobrense","Lithospermum cobrense","LICO7",3.01e+11,1032.27005,7.259999633,"native"
"668","Phacelia perityloides","Phacelia perityloides","PHPE3",86220242517,1662,4.329999447,"native"
"669","Besseya arizonica","Veronica plantaginea","BEAR",1.27e+11,1025.670044,7.179999709,"native"
"670","Aliciella subacaulis","Aliciella subacaulis","ALSU10",95497292560,1662,4.980000019,"native"
"671","Salvia lycioides","Salvia lycioides","SALY",76330252364,758.1800079,4.669999599,"native"
"672","Astragalus accumbens","Astragalus missouriensis var. accumbens","ASAC2",46572109661,943.8499451,4.400000095,"native"
"673","Streptanthus niger","Streptanthus glandulosus subsp. niger","STNI2",5100448937,1249.419983,3.859999895,"native"
"674","Dalea polygonoides","Dalea polygonoides","DAPO3",2.94e+11,1025.670044,7.259999633,"native"
"675","Aquilegia desertorum","Aquilegia desertorum","AQDE",1.17e+11,1032.27005,7.179999709,"native"
"676","Opuntia martiniana","Opuntia martiniana","OPMA3",1.56e+11,977.6300125,7.179999709,"native"
"677","Mentzelia polita","Mentzelia polita","MEPO2",1.57e+11,1134.089951,5.720000029,"native"
"678","Penstemon patens","Penstemon patens","PEPA27",54704628373,1662,4.329999447,"native"
"679","Machaeranthera gypsophila","Xanthisma gypsophilum","MAGY3",27199119101,398.2700043,3.599999905,"native"
"680","Trifolium lemmonii","Trifolium lemmonii","TRLE2",27882280608,2749.599945,4.460000038,"native"
"681","Hackelia besseyi","Hackelia besseyi","HABE3",1.68e+11,1039.379974,5.309999943,"native"
"682","Desmodium grahamii","Desmodium grahamii","DEGR2",2.35e+11,996.5399475,7.259999633,"native"
"683","Dalea filiformis","Dalea filiformis","DAFI",2.82e+11,1049.670052,7.259999633,"native"
"684","Astragalus panamintensis","Astragalus panamintensis","ASPA11",26368508430,1282.420044,4.329999447,"native"
"685","Astragalus sepultipes","Astragalus sepultipes","ASSE3",26368508430,1282.420044,4.329999447,"native"
"686","Caulostramina jaegeri","Hesperidanthus jaegeri","CAJA5",26368508430,1282.420044,4.329999447,"native"
"687","Cryptantha roosiorum","Oreocarya roosiorum","CRRO3",26368508430,1282.420044,4.329999447,"native"
"688","Enceliopsis covillei","Enceliopsis covillei","ENCO",26368508430,1282.420044,4.329999447,"native"
"689","Erigeron calvus","Erigeron calvus","ERCA3",26368508430,1282.420044,4.329999447,"native"
"690","Eriogonum eremicola","Eriogonum eremicola","ERER4",26368508430,1282.420044,4.329999447,"native"
"691","Eriogonum gilmanii","Eriogonum gilmanii","ERGI3",26368508430,1282.420044,4.329999447,"native"
"692","Eriogonum hoffmannii","Eriogonum hoffmannii","ERHO4",26368508430,1282.420044,4.329999447,"native"
"693","Eriogonum intrafractum","Eriogonum intrafractum","ERIN5",26368508430,1282.420044,4.329999447,"native"
"694","Galium argense","Galium argense","GAAR3",26368508430,1282.420044,4.329999447,"native"
"695","Gilmania luteola","Gilmania luteola","GILU",26368508430,1282.420044,4.329999447,"native"
"696","Holmgrenanthe petrophila","Holmgrenanthe petrophila","HOPE2",26368508430,1282.420044,4.329999447,"native"
"697","Lomatium rigidum","Lomatium rigidum","LORI2",26368508430,1282.420044,4.329999447,"native"
"698","Mentzelia inyoensis","Mentzelia inyoensis","MEIN15",26368508430,1282.420044,4.329999447,"native"
"699","Mimulus rupicola","Diplacus rupicola","MIRU2",26368508430,1282.420044,4.329999447,"native"
"700","Perityle inyoensis","Perityle inyoensis","PEIN8",26368508430,1282.420044,4.329999447,"native"
"701","Perityle villosa","Perityle villosa","PEVI9",26368508430,1282.420044,4.329999447,"native"
"702","Phacelia amabilis","Phacelia amabilis","PHAM",26368508430,1282.420044,4.329999447,"native"
"703","Philadelphus pumilus","Philadelphus microphyllus var. pumilus","PHPU15",26368508430,1282.420044,4.329999447,"native"
"704","Sidalcea covillei","Sidalcea covillei","SICO2",26368508430,1282.420044,4.329999447,"native"
"705","Swallenia alexandrae","Swallenia alexandrae","SWAL",26368508430,1282.420044,4.329999447,"native"
"706","Tetracoccus ilicifolius","Tetracoccus ilicifolius","TEIL",26368508430,1282.420044,4.329999447,"native"
"707","Plantago argyrea","Plantago argyrea","PLAR9",2.44e+11,1092.069977,7.2299999,"native"
"708","Castilleja lineata","Castilleja lineata","CALI5",87111236218,1311.339966,7.179999709,"native"
"709","Packera hartiana","Packera hartiana","PAHA16",2.66e+11,1092.069977,7.460000396,"native"
"710","Cryptantha virginensis","Oreocarya virginensis","CRVI5",3.43e+11,1282.420044,7.460000396,"native"
"711","Cymopterus multinervatus","Vesper multinervatus","CYMU2",3.1e+11,1134.089951,7.460000396,"native"
"712","Salvia whitehousei","Salvia whitehousei","SAWH2",69791163453,380.8199921,1.079999447,"native"
"713","Senecio actinella","Packera actinella","SEAC2",1.66e+11,1025.670044,7.259999633,"native"
"714","Penstemon scapoides","Penstemon scapoides","PESC2",35645558473,1282.420044,4.980000019,"native"
"715","Bothriochloa alta","Bothriochloa alta","BOAL3",80571696099,784.7200165,5.309999943,"native"
"716","Phlox covillei","Phlox condensata subsp. covillei","PHCO12",2.21e+11,1714.910034,5.920000315,"native"
"717","Galium desereticum","Galium desereticum","GADE3",1.04e+11,772.0799866,5.080000401,"native"
"718","Lesquerella arizonica","Physaria arizonica","LEAR4",64500026175,712.5200272,7.460000396,"native"
"719","Asclepias scaposa","Asclepias scaposa","ASSC9",35179679160,287.5700073,1.019999504,"native"
"720","Drymaria molluginea","Drymaria molluginea","DRMO2",2.55e+11,1109.469978,7.259999633,"native"
"721","Machaeranthera blephariphylla","Xanthisma blephariphylla","MABL2",84579963427,784.7200165,5.309999943,"native"
"722","Cryptantha hoffmannii","Oreocarya hoffmannii","CRHO2",1.07e+11,1282.420044,5.080000401,"native"
"723","Cryptantha welshii","Oreocarya welshii","CRWE5",97616385332,638.6500015,5.080000401,"native"
"724","Lesquerella pendula","Physaria pendula","LEPE24",97616385332,638.6500015,5.080000401,"native"
"725","Euphorbia chamaesula","Euphorbia chamaesula","EUCH2",2.08e+11,1032.27005,7.259999633,"native"
"726","Eriogonum insigne","Eriogonum deflexum var. deflexum","ERIN10",2.23e+11,1282.420044,5.82000041,"native"
"727","Lobelia anatina","Lobelia anatina","LOAN",1.93e+11,1032.27005,7.259999633,"native"
"728","Astragalus proimanthus","Astragalus proimanthus","ASPR7",27005754244,396.5899963,1.53000021,"native"
"729","Ipomoea plummerae","Ipomoea plummerae","IPPL",2.94e+11,1032.27005,7.259999633,"native"
"730","Hilaria swallenii","Hilaria swallenii","HISW",39546044315,407.0299683,2.779999733,"native"
"731","Lupinus jonesii","Lupinus jonesii","LUJO2",16620949635,682.3100281,7.460000396,"native"
"732","Oenothera murdockii","Oenothera murdockii","OEMU5",16620949635,682.3100281,7.460000396,"native"
"733","Phlox jonesii","Phlox austromontana subsp. jonesii","PHJO",16620949635,682.3100281,7.460000396,"native"
"734","Sphaeromeria ruthiae","Artemisia ruthiae","SPRU3",16620949635,682.3100281,7.460000396,"native"
"735","Astragalus siliceus","Astragalus siliceus","ASSI3",28739812829,659.960022,3.790000439,"native"
"736","Eriogonum tiehmii","Eriogonum tiehmii","ERTI",9277050043,315.7000046,4.980000019,"native"
"737","Tonestus graniticus","Tonestus graniticus","TOGR2",9277050043,315.7000046,4.980000019,"native"
"738","Silene wrightii","Silene wrightii","SIWR",63916239983,931.7899475,3.909999847,"native"
"739","Muhlenbergia longiligula","Muhlenbergia longiligula","MULO",2.77e+11,1068.640045,7.259999633,"native"
"740","Selinocarpus nevadensis","Acleisanthes nevadensis","SENE5",2.34e+11,1282.420044,7.460000396,"native"
"741","Muhlenbergia dubia","Muhlenbergia dubia","MUDU",2.2e+11,1032.27005,7.179999709,"native"
"742","Purshia mexicana","Purshia mexicana","PUME",2.01e+11,1049.670052,7.259999633,"native"
"743","Poa atropurpurea","Poa atropurpurea","POAT",62855544991,1134.089951,4.019999504,"native"
"744","Selaginella cinerascens","Selaginella cinerascens","SECI",62855544991,1134.089951,4.019999504,"native"
"745","Pseudocymopterus longiradiatus","Cymopterus longiradiatus","PSLO3",87741147133,798.3600159,5.309999943,"native"
"746","Camissonia parryi","Chylismia parryi","CAPA38",1.3e+11,996.6000061,7.259999633,"native"
"747","Phacelia peirsoniana","Phacelia peirsoniana","PHPE2",1.36e+11,1662,5.080000401,"native"
"748","Allium gooddingii","Allium gooddingii","ALGO",1.34e+11,1025.420044,7.259999633,"native"
"749","Penstemon thompsoniae","Penstemon thompsoniae","PETH2",3.92e+11,1134.089951,7.460000396,"native"
"750","Arabis ophira","Boechera ophira","AROP",61310280002,574.9599991,5.080000401,"native"
"751","Draba arida","Draba arida","DRAR4",61310280002,574.9599991,5.080000401,"native"
"752","Tonestus alpinus","Toiyabea alpina","TOAL2",61310280002,574.9599991,5.080000401,"native"
"753","Trifolium rollinsii","Trifolium rollinsii","TRRO5",61310280002,574.9599991,5.080000401,"native"
"754","Baccharis havardii","Baccharis havardii","BAHA2",59697837095,758.1800079,4.669999599,"native"
"755","Tetraneuris argentea","Tetraneuris argentea","TEAR4",1.7e+11,1092.069977,7.2299999,"native"
"756","Agave gracilipes","Agave gracilipes","AGGR4",54853371703,766.210022,4.669999599,"native"
"757","Eriogonum rupinum","Eriogonum rupinum","ERRU3",1.15e+11,1662,5.080000401,"native"
"758","Oenothera cavernae","Oenothera cavernae","OECA5",1.33e+11,996.6000061,7.460000396,"native"
"759","Bouteloua ramosa","Bouteloua ramosa","BORA4",53819207779,391.75,1.079999447,"native"
"760","Penstemon barnebyi","Penstemon barnebyi","PEBA6",1.06e+11,1614.959999,5.080000401,"native"
"761","Echinomastus warnockii","Sclerocactus warnockii","ECWA3",53577144600,424.9799805,2.229999542,"native"
"762","Gilia stewartii","Giliastrum stewartii","GIST3",53577144600,424.9799805,2.229999542,"native"
"763","Porophyllum greggii","Porophyllum greggii","POGR6",53577144600,424.9799805,2.229999542,"native"
"764","Stellaria cuspidata","Stellaria cuspidata","STCU",53577144600,424.9799805,2.229999542,"native"
"765","Tagetes micrantha","Tagetes micrantha","TAMI",2.45e+11,1032.27005,7.259999633,"native"
"766","Echeandia flavescens","Echeandia flavescens","ECFL",2.63e+11,1032.27005,7.259999633,"native"
"767","Eriogonum ampullaceum","Eriogonum ampullaceum","ERAM2",53262212154,1662,4.980000019,"native"
"768","Grindelia havardii","Grindelia havardii","GRHA2",74935183584,755.280014,3.009999752,"native"
"769","Astragalus knightii","Astragalus knightii","ASKN",9609141803,642.4900055,4.549999952,"native"
"770","Physalis caudella","Physalis caudella","PHCA17",9609141803,642.4900055,4.549999952,"native"
"771","Townsendia gypsophila","Townsendia gypsophila","TOGY",9609141803,642.4900055,4.549999952,"native"
"772","Pennellia longifolia","Pennellia longifolia","PELO3",2.93e+11,1049.670052,7.259999633,"native"
"773","Primula specuicola","Primula specuicola","PRSP2",1.37e+11,1034.010048,7.460000396,"native"
"774","Tradescantia pinetorum","Tradescantia pinetorum","TRPI",2.36e+11,1032.27005,7.259999633,"native"
"775","Platanthera purpurascens","Platanthera purpurascens","PLPU7",1.29e+11,1078.349976,7.259999633,"native"
"776","Opuntia camanchica","Opuntia camanchica","OPCA7",81127880732,391.75,1.079999447,"native"
"777","Justicia warnockii","Justicia warnockii","JUWA",63554978241,311.0900269,1.079999447,"native"
"778","Argemone corymbosa","Argemone corymbosa","ARCO6",2.4e+11,1134.089951,7.460000396,"native"
"779","Echinomastus johnsonii","Sclerocactus johnsonii","ECJO3",2.2e+11,1282.420044,7.259999633,"native"
"780","Prunus havardii","Prunus havardii","PRHA",45109467874,311.0900269,1.079999447,"native"
"781","Ribes pinetorum","Ribes pinetorum","RIPI",2.76e+11,1032.27005,7.259999633,"native"
"782","Lycium shockleyi","Lycium shockleyi","LYSH",99297213758,624.0500183,5.080000401,"native"
"783","Mentzelia chrysantha","Mentzelia chrysantha","MECH",3970664370,523.3999939,2.740000248,"native"
"784","Mentzelia densa","Mentzelia densa","MEDE3",3970664370,523.3999939,2.740000248,"native"
"785","Penstemon degeneri","Penstemon degeneri","PEDE12",3970664370,523.3999939,2.740000248,"native"
"786","Astragalus albulus","Astragalus albulus","ASAL5",1.73e+11,1092.069977,7.2299999,"native"
"787","Hymenoxys brachyactis","Hymenoxys brachyactis","HYBR7",38390666167,784.7200165,3.650000095,"native"
"788","Malaxis soulei","Malaxis macrostachya","MASO8",2.4e+11,1025.670044,7.259999633,"native"
"789","Houstonia wrightii","Houstonia wrightii","HOWR",2.84e+11,1032.27005,7.259999633,"native"
"790","Mimosa emoryana","Mimosa emoryana","MIEM",43945768221,305.5200195,1.079999447,"native"
"791","Festuca calligera","Festuca calligera","FECA6",33396237205,996.6199799,4.549999952,"native"
"792","Psathyrotes pilifera","Psathyrotes pilifera","PSPI",1.28e+11,996.6000061,7.460000396,"native"
"793","Phaseolus maculatus","Phaseolus maculatus","PHMA17",2.47e+11,996.5399475,7.259999633,"native"
"794","Agastache micrantha","Agastache micrantha","AGMI",1.19e+11,1018.550049,7.2299999,"native"
"795","Cynanchum pringlei","Metastelma pringlei","CYPR11",43703705042,424.9799805,2.229999542,"native"
"796","Lycium puberulum","Lycium puberulum","LYPU",43703705042,424.9799805,2.229999542,"native"
"797","Lygodesmia ramosissima","Lygodesmia ramosissima","LYRA2",43703705042,424.9799805,2.229999542,"native"
"798","Xylorhiza wrightii","Xylorhiza wrightii","XYWR",43703705042,424.9799805,2.229999542,"native"
"799","Stanleya elata","Stanleya elata","STEL",1.46e+11,1282.420044,5.080000401,"native"
"800","Hymenocallis godfreyi","Hymenocallis godfreyi","HYGO2",1570616088,165.4400635,2.720000267,"native"
"801","Xyris panacea","Xyris panacea","XYPA",1570616088,165.4400635,2.720000267,"native"
"802","Erigeron subglaber","Erigeron subglaber","ERSU9",22921748434,996.6199799,3.769999504,"native"
"803","Scrophularia montana","Scrophularia montana","SCMO4",22921748434,996.6199799,3.769999504,"native"
"804","Muhlenbergia ramulosa","Muhlenbergia ramulosa","MURA4",2.6e+11,1085.469971,7.259999633,"native"
"805","Phacelia saxicola","Phacelia saxicola","PHSA",2.17e+11,1662,7.460000396,"native"
"806","Eurybia horrida","Eurybia horrida","EUHO4",44817554912,883.8199768,3.880000114,"native"
"807","Cryptantha setosissima","Oreocarya setosissima","CRSE5",3.13e+11,1063.260048,7.460000396,"native"
"808","Macromeria viridiflora","Lithospermum macromeria","MAVI",2.42e+11,1092.069977,7.259999633,"native"
"809","Eriogonum zionis","Eriogonum zionis","ERZI",1.26e+11,977.6300125,7.460000396,"native"
"810","Malaxis porphyrea","Tamayorkis porphyrea","MAPO15",2.09e+11,1025.670044,7.259999633,"native"
"811","Camissonia multijuga","Chylismia multijuga","CAMU13",2.66e+11,1039.279938,7.460000396,"native"
"812","Drymaria leptophylla","Drymaria leptophylla","DRLE3",2.13e+11,1109.469978,7.259999633,"native"
"813","Draba californica","Draba californica","DRCA5",43542396960,1662,4.980000019,"native"
"814","Draba subumbellata","Draba subumbellata","DRSU3",43542396960,1662,4.980000019,"native"
"815","Eriogonum latens","Eriogonum latens","ERLA4",43542396960,1662,4.980000019,"native"
"816","Potentilla thurberi","Potentilla thurberi","POTH2",2.49e+11,1032.27005,7.259999633,"native"
"817","Elymus bakeri","Elymus bakeri","ELBA3",54806969137,996.6199799,4.549999952,"native"
"818","Opuntia rufida","Opuntia rufida","OPRU3",47711972370,391.75,1.079999447,"native"
"819","Selinocarpus parvifolius","Acleisanthes parvifolia","SEPA",47711972370,391.75,1.079999447,"native"
"820","Penstemon cardinalis","Penstemon cardinalis","PECA15",65927607443,758.1800079,4.669999599,"native"
"821","Acleisanthes crassifolia","Acleisanthes crassifolia","ACCR",14981207022,330.1300049,1.319999695,"native"
"822","Bauhinia lunarioides","Bauhinia lunarioides","BALU",14981207022,330.1300049,1.319999695,"native"
"823","Carex wootonii","Carex wootonii","CAWO",2.42e+11,1025.670044,7.259999633,"native"
"824","Penstemon atwoodii","Penstemon atwoodii","PEAT4",23737485159,682.3100281,7.460000396,"native"
"825","Pediomelum pariense","Pediomelum pariense","PEPA41",23737485159,682.3100281,7.460000396,"native"
"826","Phacelia mammillarensis","Phacelia mammillarensis","PHMA10",23737485159,682.3100281,7.460000396,"native"
"827","Mentzelia obscura","Mentzelia obscura","MEOB3",2.98e+11,1282.420044,7.460000396,"native"
"828","Arabis tiehmii","Boechera tiehmii","ARTI2",24217436276,1585.610001,4.460000038,"native"
"829","Astragalus pinonis","Astragalus pinonis","ASPI4",1.81e+11,991.2200089,7.460000396,"native"
"830","Astragalus preussii","Astragalus preussii","ASPR6",3.8e+11,1282.420044,7.460000396,"native"
"831","Vanclevea stylosa","Chrysothamnus stylosus","VAST3",1.74e+11,1034.010048,7.460000396,"native"
"832","Penstemon acaulis","Penstemon acaulis","PEAC3",28810940160,845.8199768,2.930000305,"native"
"833","Phacelia neomexicana","Phacelia neomexicana","PHNE3",1.96e+11,1078.349976,7.2299999,"native"
"834","Cirsium chuskaense","Cirsium chellyense","CICH3",83178097256,1032.27005,7.179999709,"native"
"835","Draba asprella","Draba asprella","DRAS",1.16e+11,953.6300049,7.460000396,"native"
"836","Calochortus excavatus","Calochortus excavatus","CAEX2",34265346917,1662,4.329999447,"native"
"837","Dedeckera eurekensis","Dedeckera eurekensis","DEEU",34265346917,1662,4.329999447,"native"
"838","Hackelia brevicula","Hackelia brevicula","HABR4",34265346917,1662,4.329999447,"native"
"839","Horkelia hispidula","Horkelia hispidula","HOHI",34265346917,1662,4.329999447,"native"
"840","Penstemon monoensis","Penstemon monoensis","PEMO",34265346917,1662,4.329999447,"native"
"841","Phacelia inyoensis","Phacelia inyoensis","PHIN4",34265346917,1662,4.329999447,"native"
"842","Agave parviflora","Agave parviflora","AGPA5",26998410087,805.2700195,4.169999599,"native"
"843","Amoreuxia gonzalezii","Cochlospermum gonzalezii","AMGO",26998410087,805.2700195,4.169999599,"native"
"844","Amsonia grandiflora","Amsonia grandiflora","AMGR4",26998410087,805.2700195,4.169999599,"native"
"845","Anoda abutiloides","Anoda abutiloides","ANAB",26998410087,805.2700195,4.169999599,"native"
"846","Anoda reticulata","Anoda reticulata","ANRE2",26998410087,805.2700195,4.169999599,"native"
"847","Cuscuta odontolepis","Cuscuta odontolepis","CUOD",26998410087,805.2700195,4.169999599,"native"
"848","Dalea lumholtzii","Dalea lumholtzii","DALU",26998410087,805.2700195,4.169999599,"native"
"849","Hexalectris colemanii","Hexalectris colemanii","HECO18",26998410087,805.2700195,4.169999599,"native"
"850","Lagascea decipiens","Lagascea decipiens","LADE7",26998410087,805.2700195,4.169999599,"native"
"851","Loeselia glandulosa","Loeselia glandulosa","LOGL3",26998410087,805.2700195,4.169999599,"native"
"852","Manihot davisiae","Manihot davisiae","MADA2",26998410087,805.2700195,4.169999599,"native"
"853","Mammillaria mainiae","Cochemiea mainiae","MAMA6",26998410087,805.2700195,4.169999599,"native"
"854","Muhlenbergia elongata","Muhlenbergia elongata","MUEL2",26998410087,805.2700195,4.169999599,"native"
"855","Notholaena lemmonii","Hemionitis lemmonii","NOLE",26998410087,805.2700195,4.169999599,"native"
"856","Passiflora arizonica","Passiflora arizonica","PAAR",26998410087,805.2700195,4.169999599,"native"
"857","Solanum lumholtzianum","Solanum lumholtzianum","SOLU2",26998410087,805.2700195,4.169999599,"native"
"858","Stevia lemmonii","Stevia lemmonii","STLE",26998410087,805.2700195,4.169999599,"native"
"859","Tithonia thurberi","Tithonia thurberi","TITH",26998410087,805.2700195,4.169999599,"native"
"860","Zornia leptophylla","Zornia leptophylla","ZOLE",26998410087,805.2700195,4.169999599,"native"
"861","Bulbostylis schaffneri","Bulbostylis schaffneri","BUSC2",17214061663,398.2700043,3.599999905,"native"
"862","Penstemon pseudoparvus","Penstemon pseudoparvus","PEPS4",17214061663,398.2700043,3.599999905,"native"
"863","Phoradendron bolleanum","Phoradendron bolleanum","PHBO3",17214061663,398.2700043,3.599999905,"native"
"864","Cryptantha crymophila","Oreocarya crymophila","CRCR5",15561210489,1585.610001,5.630000353,"native"
"865","Nolina erumpens","Nolina erumpens","NOER",56284043179,305.5200195,1.079999447,"native"
"866","Ptilagrostis porteri","Ptilagrostis porteri","PTPO",22499386298,828.9599609,2.890000343,"native"
"867","Mimosa turneri","Mimosa turneri","MITU",56041980000,424.9799805,2.229999542,"native"
"868","Aliciella sedifolia","Aliciella sedifolia","ALSE11",2893614469,927.0699463,1.990000248,"native"
"869","Phlox cluteana","Phlox cluteana","PHCL",1.72e+11,1049.670052,7.179999709,"native"
"870","Valeriana texana","Valeriana texana","VATE",50329325055,758.1800079,4.669999599,"native"
"871","Eriogonum hieraciifolium","Eriogonum hieraciifolium","ERHI3",2.25e+11,1032.27005,7.259999633,"native"
"872","Ariocarpus fissuratus","Ariocarpus fissuratus","ARFI",67742724571,363.6799927,1.38999939,"native"
"873","Mirabilis decipiens","Mirabilis decipiens","MIDE5",2.73e+11,1093.809975,7.460000396,"native"
"874","Sisymbrium auriculatum","Cardamine komarovii","SIAU2",60050247328,391.75,1.079999447,"native"
"875","Myosurus nitidus","Ranunculus egglestonii","MYNI",84443926739,953.6300049,6.910000205,"native"
"876","Eriogonum subreniforme","Eriogonum subreniforme","ERSU5",2.02e+11,1049.670052,7.460000396,"native"
"877","Calochortus aureus","Calochortus aureus","CAAU8",2e+11,1034.010048,7.460000396,"native"
"878","Oxytheca watsonii","Oxytheca watsonii","OXWA",1.08e+11,1282.420044,5.080000401,"native"
"879","Houstonia rubra","Houstonia rubra","HORU",3.69e+11,1093.809975,7.259999633,"native"
"880","Pseudognaphalium arizonicum","Pseudognaphalium arizonicum","PSAR12",1.48e+11,977.6300125,7.259999633,"native"
"881","Leibnitzia lyrata","Leibnitzia lyrata","LELY6",1.4e+11,1025.670044,7.259999633,"native"
"882","Hedeoma plicata","Hedeoma plicata","HEPL",42682998204,407.0299683,2.619999409,"native"
"883","Erigeron rhizomatus","Erigeron rhizomatus","ERRH2",75341560118,1018.550049,7.179999709,"native"
"884","Arabis goodrichii","Boechera goodrichii","ARGO5",1.11e+11,968.6499405,5.080000401,"native"
"885","Dalea greggii","Dalea greggii","DAGR2",55456462267,339.4000244,2.619999409,"native"
"886","Abutilon reventum","Abutilon reventum","ABRE",23794796847,738.9799805,4.169999599,"native"
"887","Abutilon thurberi","Pseudabutilon thurberi","ABTH2",23794796847,738.9799805,4.169999599,"native"
"888","Amsonia kearneyana","Amsonia kearneyana","AMKE",23794796847,738.9799805,4.169999599,"native"
"889","Atamisquea emarginata","Morisonia atamisquea","ATEM",23794796847,738.9799805,4.169999599,"native"
"890","Boerhavia megaptera","Boerhavia megaptera","BOME",23794796847,738.9799805,4.169999599,"native"
"891","Bursera fagaroides","Bursera fagaroides","BUFA",23794796847,738.9799805,4.169999599,"native"
"892","Cordia parvifolia","Cordia parvifolia","COPA16",23794796847,738.9799805,4.169999599,"native"
"893","Cuscuta dentatasquamata","Cuscuta dentatasquamata","CUDE3",23794796847,738.9799805,4.169999599,"native"
"894","Cuscuta erosa","Cuscuta erosa","CUER",23794796847,738.9799805,4.169999599,"native"
"895","Cyperus hermaphroditus","Cyperus hermaphroditus","CYHE2",23794796847,738.9799805,4.169999599,"native"
"896","Desmanthus covillei","Desmanthus covillei","DECO4",23794796847,738.9799805,4.169999599,"native"
"897","Desmodium scopulorum","Desmodium scopulorum","DESC3",23794796847,738.9799805,4.169999599,"native"
"898","Eryngium sparganophyllum","Eryngium sparganophyllum","ERSP10",23794796847,738.9799805,4.169999599,"native"
"899","Jatropha cinerea","Jatropha cinerea","JACI",23794796847,738.9799805,4.169999599,"native"
"900","Lysiloma watsonii","Lysiloma watsonii","LYWA",23794796847,738.9799805,4.169999599,"native"
"901","Matelea cordifolia","Polystemma cordifolium","MACO27",23794796847,738.9799805,4.169999599,"native"
"902","Mimosa distachya","Mimosa distachya","MIDI12",23794796847,738.9799805,4.169999599,"native"
"903","Nissolia schottii","Nissolia schottii","NISC",23794796847,738.9799805,4.169999599,"native"
"904","Opuntia gosseliniana","Opuntia gosseliniana","OPGO",23794796847,738.9799805,4.169999599,"native"
"905","Perityle ajoensis","Perityle ajoensis","PEAJ",23794796847,738.9799805,4.169999599,"native"
"906","Peniocereus striatus","Peniocereus striatus","PEST11",23794796847,738.9799805,4.169999599,"native"
"907","Philadelphus maculatus","Philadelphus maculatus","PHMA7",23794796847,738.9799805,4.169999599,"native"
"908","Pisonia capitata","Pisonia capitata","PICA14",23794796847,738.9799805,4.169999599,"native"
"909","Sairocarpus watsonii","Sairocarpus watsonii","SAWA2",23794796847,738.9799805,4.169999599,"native"
"910","Setaria arizonica","Setaria arizonica","SEAR7",23794796847,738.9799805,4.169999599,"native"
"911","Setariopsis auriculata","Setariopsis auriculata","SEAU4",23794796847,738.9799805,4.169999599,"native"
"912","Solanum hindsianum","Solanum hindsianum","SOHI4",23794796847,738.9799805,4.169999599,"native"
"913","Streptanthus lemmonii","Streptanthus lemmonii","STLE8",23794796847,738.9799805,4.169999599,"native"
"914","Thymophylla concinna","Thymophylla concinna","THCO10",23794796847,738.9799805,4.169999599,"native"
"915","Ipomoea capillacea","Ipomoea capillacea","IPCA2",1.34e+11,953.6300049,7.259999633,"native"
"916","Trifolium pinetorum","Trifolium wormskioldii var. longicaule","TRPI3",2.06e+11,1085.469971,7.259999633,"native"
"917","Vicia pulchella","Vicia pulchella","VIPU2",3.38e+11,1092.069977,7.259999633,"native"
"918","Cirsium rydbergii","Cirsium rydbergii","CIRY",1.15e+11,1034.010048,7.460000396,"native"
"919","Nama retrorsum","Nama retrorsa","NARE",2.06e+11,1093.809975,7.460000396,"native"
"920","Arabis schistacea","Boechera schistacea","ARSC2",71309469746,720.4999771,5.080000401,"native"
"921","Hymenopappus mexicanus","Hymenopappus mexicanus","HYME",2.68e+11,1032.27005,7.259999633,"native"
"922","Boerhavia anisophylla","Boerhavia anisophylla","BOAN",37838532812,305.5200195,1.079999447,"native"
"923","Chamaesyce golondrina","Euphorbia golondrina","CHGO3",37838532812,305.5200195,1.079999447,"native"
"924","Lupinus havardii","Lupinus havardii","LUHA",37838532812,305.5200195,1.079999447,"native"
"925","Nicolletia edwardsii","Nicolletia edwardsii","NIED",37838532812,305.5200195,1.079999447,"native"
"926","Psathyrotopsis scaposa","Psathyrotopsis scaposa","PSSC14",37838532812,305.5200195,1.079999447,"native"
"927","Pseudoclappia watsonii","Pseudoclappia watsonii","PSWA3",37838532812,305.5200195,1.079999447,"native"
"928","Rosa stellata","Rosa stellata","ROST",1.56e+11,977.6300125,7.259999633,"native"
"929","Astragalus zionis","Astragalus zionis","ASZI",1.62e+11,1034.010048,7.460000396,"native"
"930","Psoralidium junceum","Ladeania juncea","PSJU2",92212760824,961.9700089,7.460000396,"native"
"931","Helianthus laciniatus","Helianthus laciniatus","HELA8",32615966978,494.019989,3.679999828,"native"
"932","Podistera nevadensis","Podistera nevadensis","PONE4",75583721819,1899.540024,5.719999552,"native"
"933","Penstemon deaveri","Penstemon deaveri","PEDE11",90643036157,1018.550049,7.259999633,"native"
"934","Sisyrinchium arizonicum","Sisyrinchium arizonicum","SIAR3",1.33e+11,1025.670044,7.259999633,"native"
"935","Shepherdia rotundifolia","Shepherdia rotundifolia","SHRO",2.2e+11,1049.670052,7.460000396,"native"
"936","Astragalus johannis-howellii","Astragalus johannis-howellii","ASJO",17616653681,1588.849998,4.240000248,"native"
"937","Senecio pattersonensis","Senecio pattersonensis","SEPA3",17616653681,1588.849998,4.240000248,"native"
"938","Mentzelia perennis","Mentzelia perennis","MEPE6",83005305921,798.3600159,5.309999943,"native"
"939","Heterotheca jonesii","Heterotheca jonesii","HEJO",30024522216,682.3100281,7.460000396,"native"
"940","Penstemon ammophilus","Penstemon ammophilus","PEAM5",30024522216,682.3100281,7.460000396,"native"
"941","Physaria lepidota","Physaria lepidota","PHLE10",30024522216,682.3100281,7.460000396,"native"
"942","Ranunculus oreogenes","Ranunculus glaberrimus var. ellipticus","RAOR",1e+11,1093.809975,7.460000396,"native"
"943","Atriplex garrettii","Atriplex garrettii","ATGA2",1.08e+11,961.9700089,7.460000396,"native"
"944","Penstemon leiophyllus","Penstemon leiophyllus","PELE7",1.57e+11,865.6499939,7.460000396,"native"
"945","Phacelia howelliana","Phacelia howelliana","PHHO2",90910920726,1034.010048,7.179999709,"native"
"946","Erigeron versicolor","Erigeron versicolor","ERVE13",85978546150,1018.550049,7.179999709,"native"
"947","Astragalus wittmannii","Astragalus wittmannii","ASWI3",20227036082,840.7599792,3.809999466,"native"
"948","Cleomella brevipes","Cleomella brevipes","CLBR2",1.45e+11,1774.089966,5.080000401,"native"
"949","Cymopterus aboriginum","Cymopterus aboriginum","CYAB",1.17e+11,1662,5.080000401,"native"
"950","Astragalus giganteus","Astragalus giganteus","ASGI2",87081219854,784.7200165,5.309999943,"native"
"951","Cymopterus jonesii","Cymopterus jonesii","CYJO",1.34e+11,977.6300125,7.360000014,"native"
"952","Euphorbia telephioides","Euphorbia telephioides","EUTE6",4809848075,149.1600342,2.720000267,"native"
"953","Potentilla subviscosa","Potentilla subviscosa","POSU6",2.16e+11,1109.469978,7.259999633,"native"
"954","Lesquerella pinetorum","Physaria pinetorum","LEPI3",57540632602,784.7200165,5.309999943,"native"
"955","Physaria newberryi","Physaria newberryi","PHNE5",3.47e+11,1128.439972,7.460000396,"native"
"956","Phlox griseola","Phlox griseola","PHGR10",1.97e+11,974.0299377,5.82000041,"native"
"957","Monardella follettii","Monardella follettii","MOFO3",9092988232,2574.399963,2.829999924,"native"
"958","Perityle cinerea","Perityle cinerea","PECI9",31569155429,287.5700073,1.019999504,"native"
"959","Acaciella suffrutescens","Acaciella angustissima var. angustissima","ACSU12",1.79e+11,1032.27005,7.259999633,"native"
"960","Brazoria enquistii","Brazoria enquistii","BREN",7399991814,183.7799683,1.430000305,"native"
"961","Penstemon arenarius","Penstemon arenarius","PEAR3",69580882259,574.9599991,5.080000401,"native"
"962","Erigeron acomanus","Erigeron acomanus","ERAC7",28638552583,727.2200012,4.400000095,"native"
"963","Castilleja austromontana","Castilleja nelsonii","CAAU5",1.86e+11,1025.670044,7.259999633,"native"
"964","Anulocaulis leiosolenus","Anulocaulis leiosolenus","ANLE5",2.27e+11,996.6000061,7.259999633,"native"
"965","Peganum mexicanum","Peganum mexicanum","PEME",33960710783,305.5200195,1.079999447,"native"
"966","Castilleja genevievana","Castilleja genevievana","CAGE6",30969084284,275.1600342,0.959999561,"native"
"967","Harperocallis flava","Harperocallis flava","HAFL3",3576007479,206.460083,2.720000267,"native"
"968","Cirsium grahamii","Cirsium grahamii","CIGR2",1.14e+11,1025.670044,7.259999633,"native"
"969","Plagiobothrys parishii","Plagiobothrys parishii","PLPA",96730914293,1662,4.559999466,"native"
"970","Yucca baileyi","Yucca baileyi","YUBA2",2.35e+11,1093.809975,7.460000396,"native"
"971","Agave glomeruliflora","Agave x glomeruliflora","AGGL2",37726914932,391.75,1.079999447,"native"
"972","Lycium texanum","Lycium texanum","LYTE4",37726914932,391.75,1.079999447,"native"
"973","Cryptantha capitata","Oreocarya capitata","CRCA13",98586772325,961.9700089,7.460000396,"native"
"974","Hackelia hirsuta","Hackelia hirsuta","HAHI2",62673542943,996.6199799,4.549999952,"native"
"975","Muhlenbergia sinuosa","Muhlenbergia sinuosa","MUSI",2.67e+11,1025.670044,7.259999633,"native"
"976","Scrophularia macrantha","Scrophularia macrantha","SCMA7",28768621242,562.6800232,3.089999676,"native"
"977","Delphinium scopulorum","Delphinium scopulorum","DESC2",1.44e+11,996.5399475,7.259999633,"native"
"978","Viguiera cordifolia","Aldama cordifolia","VICO",2.16e+11,996.5399475,7.259999633,"native"
"979","Rumex orthoneurus","Rumex orthoneurus","RUOR3",1.4e+11,1025.670044,7.259999633,"native"
"980","Penstemon inflatus","Penstemon inflatus","PEIN9",55116558004,996.6199799,5.309999943,"native"
"981","Astragalus moencoppensis","Astragalus moencoppensis","ASMO4",1.45e+11,961.9700089,7.460000396,"native"
"982","Hesperodoria scopulorum","Chrysothamnus scopulorum","HESC15",1.74e+11,977.6300125,7.460000396,"native"
"983","Woodsia phillipsii","Woodsia phillipsii","WOPH",1.32e+11,953.6300049,7.259999633,"native"
"984","Castilleja rigida","Castilleja rigida","CARI12",87036514072,568.460022,1.519999504,"native"
"985","Draba weberi","Draba weberi","DRWE",1575590691,573.2600098,2.489999771,"native"
"986","Grindelia laciniata","Grindelia arizonica","GRLA",1.2e+11,961.9700089,7.179999709,"native"
"987","Carex muriculata","Carex muriculata","CAMU8",50065189890,391.75,1.079999447,"native"
"988","Yucca angustissima","Yucca angustissima","YUAN2",3e+11,1109.469978,7.460000396,"native"
"989","Ageratina rothrockii","Ageratina rothrockii","AGRO5",1.8e+11,1025.420044,7.259999633,"native"
"990","Euphorbia cuphosperma","Euphorbia cuphosperma","EUCU9",1.4e+11,1085.219971,7.259999633,"native"
"991","Aquilegia triternata","Aquilegia desertorum","AQTR",1.67e+11,1025.420044,7.259999633,"native"
"992","Erigeron stanselliae","Erigeron stanselliae","ERST",4217488409,3293.259766,2.349999905,"native"
"993","Lasthenia ornduffii","Lasthenia ornduffii","LAOR3",4217488409,3293.259766,2.349999905,"native"
"994","Psacalium decompositum","Psacalium decompositum","PSDE2",1.05e+11,1025.670044,7.259999633,"native"
"995","Astragalus casei","Astragalus casei","ASCA14",1.45e+11,1662,5.080000401,"native"
"996","Grindelia arizonica","Grindelia arizonica","GRAR2",2.65e+11,1325.059967,7.259999633,"native"
"997","Selenia dissecta","Selenia dissecta","SEDI2",72557241958,414.0499725,2.229999542,"native"
"998","Arabis constancei","Boechera constancei","ARCO12",9081095495,2610.039948,2.829999924,"native"
"999","Justicia wrightii","Justicia wrightii","JUWR",47315907158,339.4000244,2.619999409,"native"
"1000","Astragalus episcopus","Astragalus episcopus","ASEP",2.2e+11,1049.670052,7.460000396,"native"
"1001","Lobelia fenestralis","Lobelia fenestralis","LOFE",1.22e+11,953.6300049,7.259999633,"native"
"1002","Thymophylla setifolia","Thymophylla setifolia","THSE4",82405122690,391.75,2.619999409,"native"
"1003","Eriogonum aliquantum","Eriogonum aliquantum","ERAL11",9733110158,436.7500305,2.71999979,"native"
"1004","Grindelia acutifolia","Grindelia hirsutula","GRAC",9733110158,436.7500305,2.71999979,"native"
"1005","Astragalus malacoides","Astragalus malacoides","ASMA5",30111496660,682.3100281,7.460000396,"native"
"1006","Xylorhiza confertifolia","Xylorhiza confertifolia","XYCO3",30111496660,682.3100281,7.460000396,"native"
"1007","Mentzelia springeri","Mentzelia springeri","MESP5",14839096588,795.7400055,4.549999952,"native"
"1008","Calystegia felix","Calystegia felix","CAFE11",62465567376,1134.089951,4.559999466,"native"
"1009","Galium jepsonii","Galium jepsonii","GAJE",62465567376,1134.089951,4.559999466,"native"
"1010","Heuchera abramsii","Heuchera abramsii","HEAB",62465567376,1134.089951,4.559999466,"native"
"1011","Linanthus concinnus","Linanthus concinnus","LICO2",62465567376,1134.089951,4.559999466,"native"
"1012","Monardella cinerea","Monardella australis subsp. cinerea","MOCI2",62465567376,1134.089951,4.559999466,"native"
"1013","Parnassia cirrata","Parnassia cirrata","PACI2",62465567376,1134.089951,4.559999466,"native"
"1014","Phacelia mohavensis","Phacelia mohavensis","PHMO",62465567376,1134.089951,4.559999466,"native"
"1015","Neolloydia conoidea","Cochemiea conoidea","NECO5",62429276528,510.9099884,1.079999447,"native"
"1016","Hackelia pinetorum","Hackelia pinetorum","HAPI2",1.25e+11,953.6300049,7.259999633,"native"
"1017","Penstemon utahensis","Penstemon utahensis","PEUT",3.77e+11,1282.420044,7.460000396,"native"
"1018","Chamaesyce astyla","Euphorbia astyla","CHAS2",12338274958,153,0.859999657,"native"
"1019","Cymopterus goodrichii","Cymopterus goodrichii","CYGO",76944971952,574.9599991,5.080000401,"native"
"1020","Erigeron neomexicanus","Erigeron neomexicanus","ERNE3",2.14e+11,989.9399414,7.259999633,"native"
"1021","Ephedra funerea","Ephedra funerea","EPFU",1.68e+11,1282.420044,5.220000267,"native"
"1022","Galium uncinulatum","Galium uncinulatum","GAUN",39655996467,744.7299805,4.579999447,"native"
"1023","Verbesina longifolia","Verbesina longifolia","VELO",1.21e+11,953.6300049,7.259999633,"native"
"1024","Galium magnifolium","Galium magnifolium","GAMA3",1.01e+11,1282.420044,7.360000014,"native"
"1025","Pinguicula ionantha","Pinguicula ionantha","PIIO",8544563256,208.960083,2.720000267,"native"
"1026","Ageratum corymbosum","Ageratum corymbosum","AGCO2",8905639714,332.7599792,2.029999733,"native"
"1027","Agastache mearnsii","Agastache mearnsii","AGME2",8905639714,332.7599792,2.029999733,"native"
"1028","Castilleja ornata","Castilleja ornata","CAOR21",8905639714,332.7599792,2.029999733,"native"
"1029","Castilleja tomentosa","Castilleja tomentosa","CATO2",8905639714,332.7599792,2.029999733,"native"
"1030","Eriogonum atrorubens","Eriogonum atrorubens","ERAT2",8905639714,332.7599792,2.029999733,"native"
"1031","Flourensia pringlei","Flourensia pringlei","FLPR2",8905639714,332.7599792,2.029999733,"native"
"1032","Ipomopsis pinnata","Ipomopsis pinnata","IPPI",8905639714,332.7599792,2.029999733,"native"
"1033","Machaeranthera gypsitherma","Leucosyris blepharophylla","MAGY2",8905639714,332.7599792,2.029999733,"native"
"1034","Yucca madrensis","Yucca madrensis","YUMA4",8905639714,332.7599792,2.029999733,"native"
"1035","Arctostaphylos myrtifolia","Arctostaphylos myrtifolia","ARMY",4181762777,1258.309937,3.75999999,"native"
"1036","Orobanche multicaulis","Orobanche cooperi subsp. latiloba","ORMU3",81200464321,477.9000244,4.700000286,"native"
"1037","Astragalus fucatus","Astragalus fucatus","ASFU2",2e+11,1034.010048,7.460000396,"native"
"1038","Monnina wrightii","Monnina wrightii","MOWR",1.57e+11,1032.27005,7.259999633,"native"
"1039","Scutellaria sapphirina","Scutellaria sapphirina","SCSA6",1.12e+11,860.2699966,5.080000401,"native"
"1040","Cirsium rothrockii","Cirsium arizonicum var. rothrockii","CIRO",2.12e+11,1049.670052,7.259999633,"native"
"1041","Arabis pinzliae","Boechera pinzliae","ARPI2",17173888530,1608.879997,4.980000019,"native"
"1042","Polemonium chartaceum","Polemonium chartaceum","POCH3",17173888530,1608.879997,4.980000019,"native"
"1043","Polanisia uniglandulosa","Cleome uniglandulosa","POUN3",94504022290,562.6800232,3.599999905,"native"
"1044","Elionurus barbiculmis","Elionurus barbiculmis","ELBA",1.28e+11,829.5200272,5.619999647,"native"
"1045","Bulbostylis funckii","Bulbostylis funckii","BUFU",1.27e+11,1013.939949,5.619999647,"native"
"1046","Leucophyllum minus","Leucophyllum minus","LEMI4",79012009657,391.75,2.619999409,"native"
"1047","Sophora gypsophila","Dermatophyllum gypsophilum","SOGY80",37816794994,758.1800079,4.669999599,"native"
"1048","Viola calcicola","Viola calcicola","VICA8",37816794994,758.1800079,4.669999599,"native"
"1049","Abronia bigelovii","Abronia bigelovii","ABBI",29735857328,968.8399811,4.549999952,"native"
"1050","Arabis shockleyi","Boechera shockleyi","ARSH",2.66e+11,1282.420044,5.080000401,"native"
"1051","Eriogonum brandegeei","Eriogonum brandegeei","ERBR9",12277561483,868.8799591,2.890000343,"native"
"1052","Lepidospartum latisquamum","Lepidospartum latisquamum","LELA4",2e+11,1662,5.080000401,"native"
"1053","Pseudognaphalium jaliscense","Pseudognaphalium jaliscense","PSJA4",1.64e+11,1092.069977,7.259999633,"native"
"1054","Astrolepis windhamii","Hemionitis windhamii","ASWI4",84672521604,688.0499725,3.989999771,"native"
"1055","Astragalus subcinereus","Astragalus subcinereus","ASSU6",1.65e+11,1042.040047,7.460000396,"native"
"1056","Verbena macdougalii","Verbena macdougalii","VEMA",3.3e+11,1436.77005,7.460000396,"native"
"1057","Phemeranthus brevifolius","Phemeranthus brevifolius","PHBR16",2.31e+11,1034.010048,7.460000396,"native"
"1058","Castilleja dissitiflora","Castilleja dissitiflora","CADI20",95110342441,638.6500015,5.080000401,"native"
"1059","Sclerocactus papyracanthus","Sclerocactus papyracanthus","SCPA10",1.69e+11,1092.069977,7.2299999,"native"
"1060","Delphinium sapellonis","Delphinium sapellonis","DESA",40768484353,996.6199799,4.919999838,"native"
"1061","Astragalus neomexicanus","Astragalus neomexicanus","ASNE4",45352854080,758.1800079,4.700000286,"native"
"1062","Macbridea alba","Macbridea alba","MAAL7",6973947168,206.460083,2.720000267,"native"
"1063","Nyssa ursina","Nyssa ursina","NYUR2",6973947168,206.460083,2.720000267,"native"
"1064","Scutellaria floridana","Scutellaria floridana","SCFL4",6973947168,206.460083,2.720000267,"native"
"1065","Cymopterus constancei","Vesper constancei","CYCO22",35439976709,996.6199799,4.549999952,"native"
"1066","Desmanthus glandulosus","Desmanthus glandulosus","DEGL8",1.92e+11,989.6899414,4.92999959,"native"
"1067","Eremocrinum albomarginatum","Eremocrinum albomarginatum","ERAL",1.26e+11,1034.010048,7.460000396,"native"
"1068","Asclepias rusbyi","Asclepias rusbyi","ASRU6",1.66e+11,966.4599686,7.360000014,"native"
"1069","Mentzelia conspicua","Mentzelia conspicua","MECO24",15179587763,960.8799744,4.549999952,"native"
"1070","Selaginella pilifera","Selaginella pilifera","SEPI",64636106444,391.75,2.619999409,"native"
"1071","Ephedra cutleri","Ephedra cutleri","EPCU",2.64e+11,1034.010048,7.460000396,"native"
"1072","Yucca faxoniana","Yucca faxoniana","YUFA",64394043265,424.9799805,2.619999409,"native"
"1073","Sanvitalia abertii","Sanvitalia abertii","SAAB",4.63e+11,1134.089951,7.259999633,"native"
"1074","Phlox caryophylla","Phlox caryophylla","PHCA14",28285438356,1201.829971,4.549999952,"native"
"1075","Plagiobothrys torreyi","Plagiobothrys torreyi","PLTO",33409875047,2749.599945,5.819999933,"native"
"1076","Astragalus chuskanus","Astragalus chuskanus","ASCH13",57408003040,1018.550049,7.179999709,"native"
"1077","Lewisia stebbinsii","Lewisia stebbinsii","LEST6",17315691744,1583.389893,2.679999828,"native"
"1078","Verbena perennis","Verbena perennis","VEPE",1.38e+11,856.2600098,4.929999828,"native"
"1079","Grusonia clavata","Grusonia clavata","GRCL",1.51e+11,1054.799973,5.309999943,"native"
"1080","Menodora spinescens","Menodora spinescens","MESP2",2.52e+11,1282.420044,5.82000041,"native"
"1081","Aristolochia wrightii","Aristolochia wrightii","ARWR2",58209184149,424.9799805,2.779999733,"native"
"1082","Perityle quinqueflora","Perityle quinqueflora","PEQU",65504630165,766.210022,4.669999599,"native"
"1083","Grindelia revoluta","Grindelia hirsutula","GRRE",5508504028,507.9500122,2.740000248,"native"
"1084","Oreoxis humilis","Cymopterus humilis","ORHU",5508504028,507.9500122,2.740000248,"native"
"1085","Selaginella lepidophylla","Selaginella lepidophylla","SELE2",84197421024,406.719986,1.079999447,"native"
"1086","Gutierrezia wrightii","Gutierrezia wrightii","GUWR",1.76e+11,1032.27005,7.259999633,"native"
"1087","Muhlenbergia setifolia","Muhlenbergia setifolia","MUSE",1.72e+11,931.7899475,5.309999943,"native"
"1088","Mentzelia candelariae","Mentzelia candelariae","MECA8",94492624252,574.9599991,5.080000401,"native"
"1089","Loeseliastrum depressum","Loeseliastrum depressum","LODE8",2.86e+11,1662,5.080000401,"native"
"1090","Schiedeella arizonica","Schiedeella arizonica","SCAR8",1.53e+11,989.6899414,5.339999676,"native"
"1091","Sorbus dumosa","Sorbus scopulina","SODU2",2.05e+11,1092.069977,7.259999633,"native"
"1092","Sicyos microphyllus","Sicyos microphyllus","SIMI8",44363678658,439.9499664,2.229999542,"native"
"1093","Halimolobos diffusa","Halimolobos diffusa","HADI4",1.76e+11,821.4300003,5.619999647,"native"
"1094","Gayophytum oligospermum","Gayophytum oligospermum","GAOL",73366216767,1134.089951,4.559999466,"native"
"1095","Sisyrinchium longipes","Sisyrinchium longipes","SILO5",1.34e+11,1025.670044,7.259999633,"native"
"1096","Cymopterus spellenbergii","Cymopterus spellenbergii","CYSP",20883707144,996.6199799,4.549999952,"native"
"1097","Tonestus microcephalus","Lorandersonia microcephala","TOMI",20883707144,996.6199799,4.549999952,"native"
"1098","Mahonia fremontii","Berberis fremontii","MAFR3",5.1e+11,1182.229965,7.460000396,"native"
"1099","Lepidospartum burgessii","Lepidospartum burgessii","LEBU2",28964062274,766.210022,4.639999866,"native"
"1100","Erythranthe carsonensis","Erythranthe carsonensis","ERCA9",20445733602,1552.599945,4.460000038,"native"
"1101","Ostrya knowltonii","Ostrya knowltonii","OSKN",1.9e+11,977.6300125,7.460000396,"native"
"1102","Potentilla crinita","Potentilla crinita","POCR4",2.29e+11,1361.429962,7.460000396,"native"
"1103","Pinus leiophylla","Pinus leiophylla","PILE",1.41e+11,1032.27005,7.259999633,"native"
"1104","Drymaria glandulosa","Drymaria glandulosa","DRGL5",1.4e+11,1085.469971,7.259999633,"native"
"1105","Mammillaria lasiacantha","Mammillaria lasiacantha","MALA2",1.14e+11,781.1800079,4.669999599,"native"
"1106","Adenophyllum cooperi","Adenophyllum cooperi","ADCO2",2.33e+11,1282.420044,5.82000041,"native"
"1107","Ranunculus hydrocharoides","Ranunculus hydrocharoides","RAHY",2.61e+11,1662,7.259999633,"native"
"1108","Vicia leucophaea","Vicia leucophaea","VILE3",1.16e+11,1025.420044,7.259999633,"native"
"1109","Quercus hypoleucoides","Quercus hypoleucoides","QUHY",1.43e+11,1025.420044,7.259999633,"native"
"1110","Galium munzii","Galium munzii","GAMU3",2.26e+11,1134.089951,7.360000014,"native"
"1111","Hieracium carneum","Hieracium carneum","HICA4",1.15e+11,953.6300049,7.259999633,"native"
"1112","Isocoma rusbyi","Isocoma rusbyi","ISRU2",2.59e+11,1174.020027,7.460000396,"native"
"1113","Amaranthus wrightii","Amaranthus wrightii","AMWR",1.69e+11,977.6300125,7.2299999,"native"
"1114","Peteria thompsoniae","Peteria thompsoniae","PETH5",2.79e+11,1282.420044,7.460000396,"native"
"1115","Philadelphus argyrocalyx","Philadelphus microphyllus var. argyrocalyx","PHAR10",1.3e+11,953.6300049,7.259999633,"native"
"1116","Dalea flavescens","Dalea flavescens","DAFL",1.54e+11,1026.380043,7.460000396,"native"
"1117","Valeriana arizonica","Valeriana arizonica","VAAR3",3.93e+11,1217.660042,7.259999633,"native"
"1118","Cymopterus newberryi","Cymopterus newberryi","CYNE",1.93e+11,1034.010048,7.460000396,"native"
"1119","Psorothamnus thompsoniae","Psorothamnus thompsoniae","PSTH",1.1e+11,961.9700089,7.460000396,"native"
"1120","Chorisiva nevadensis","Euphrosyne nevadensis","CHNE12",1.6e+11,1662,5.080000401,"native"
"1121","Parryella filifolia","Parryella filifolia","PAFI4",2.49e+11,1158.360023,7.2299999,"native"
"1122","Astragalus chamaemeniscus","Astragalus chamaemeniscus","ASCH5",1.13e+11,968.6499405,5.080000401,"native"
"1123","Tiquilia hispidissima","Tiquilia hispidissima","TIHI",1.58e+11,784.7200165,5.309999943,"native"
"1124","Muhlenbergia repens","Muhlenbergia repens","MURE",4.12e+11,1025.670044,7.460000396,"native"
"1125","Stevia serrata","Stevia serrata","STSE2",1.38e+11,1025.420044,7.259999633,"native"
"1126","Oenothera longissima","Oenothera longissima","OELO",3.66e+11,1282.420044,7.460000396,"native"
"1127","Halenia rothrockii","Halenia rothrockii","HARO5",1.1e+11,1025.670044,7.259999633,"native"
"1128","Lesquerella valida","Physaria valida","LEVA2",67114058320,822.0700073,4.839999676,"native"
"1129","Calylophus tubicula","Oenothera tubicula","CATU6",1.12e+11,634.1099701,4.700000286,"native"
"1130","Phacelia rafaelensis","Phacelia rafaelensis","PHRA9",58693795356,836.3800125,5.490000486,"native"
"1131","Mimulus ovatus","Diplacus ovatus","MIOV2",19217121789,1342.029999,4.460000038,"native"
"1132","Ranunculus aestivalis","Ranunculus acriformis var. aestivalis","RAAE",13403572581,674.7999725,4.240000248,"native"
"1133","Heuchera duranii","Heuchera parvifolia","HEDU3",1.22e+11,1662,5.080000401,"native"
"1134","Silene nachlingerae","Silene nachlingerae","SINA2",1.15e+11,1033.89994,5.080000401,"native"
"1135","Gomphrena nitida","Gomphrena nitida","GONI",1.08e+11,989.6899414,4.92999959,"native"
"1136","Tradescantia wrightii","Tradescantia wrightii","TRWR",1.21e+11,798.3600159,5.309999943,"native"
"1137","Pseudognaphalium pringlei","Pseudognaphalium pringlei","PSPR2",1e+11,805.2700195,4.92999959,"native"
"1138","Penstemon rubicundus","Penstemon rubicundus","PERU5",20835035558,739.0900192,4.980000019,"native"
"1139","Packera sanguisorboides","Packera sanguisorboides","PASA12",96710050064,1054.799973,4.940000057,"native"
"1140","Frasera paniculata","Frasera paniculata","FRPA2",2.62e+11,1097.689949,7.460000396,"native"
"1141","Acalypha californica","Acalypha californica","ACCA3",36748741007,790.8599854,4.169999599,"native"
"1142","Astragalus cyaneus","Astragalus cyaneus","ASCY",25830834906,996.6199799,4.549999952,"native"
"1143","Lesquerella cordiformis","Physaria cordiformis","LECO7",1.44e+11,1033.89994,5.080000401,"native"
"1144","Penstemon strictiformis","Penstemon strictiformis","PEST9",1.24e+11,1093.809975,7.179999709,"native"
"1145","Cyperus fendlerianus","Cyperus fendlerianus","CYFE2",3.77e+11,1129.839973,7.259999633,"native"
"1146","Cryptantha abata","Cryptantha abata","CRAB2",2.54e+11,1055.630043,7.460000396,"native"
"1147","Phlox stansburyi","Phlox longifolia","PHST11",4.65e+11,2835.949951,7.460000396,"native"
"1148","Dasylirion leiophyllum","Dasylirion leiophyllum","DALE2",93317902713,424.9799805,3.289999485,"native"
"1149","Tiquilia latior","Tiquilia latior","TILA6",2.39e+11,1068.640045,7.460000396,"native"
"1150","Achnatherum perplexum","Eriocoma perplexa","ACPE13",1.64e+11,1027.319977,4.940000057,"native"
"1151","Draba helleriana","Draba helleriana","DRHE",3.48e+11,1318.459961,7.259999633,"native"
"1152","Hymenoxys subintegra","Hymenoxys subintegra","HYSU",58627081621,953.6300049,7.219999671,"native"
"1153","Phaseolus parvulus","Phaseolus parvulus","PHPA7",93054578089,1025.420044,7.259999633,"native"
"1154","Solanum fendleri","Solanum stoloniferum","SOFE",1.97e+11,1025.420044,7.259999633,"native"
"1155","Astragalus lentiformis","Astragalus lentiformis","ASLE7",6612400908,2574.399963,2.829999924,"native"
"1156","Clarkia stellata","Clarkia stellata","CLST3",6612400908,2574.399963,2.829999924,"native"
"1157","Eleocharis torticulmis","Eleocharis torticulmis","ELTO5",6612400908,2574.399963,2.829999924,"native"
"1158","Eriogonum spectabile","Eriogonum spectabile","ERSP20",6612400908,2574.399963,2.829999924,"native"
"1159","Monardella stebbinsii","Monardella stebbinsii","MOST3",6612400908,2574.399963,2.829999924,"native"
"1160","Arnoglossum album","Arnoglossum album","ARAL30",3397939689,144.6600342,2.590000153,"native"
"1161","Bidens heterosperma","Bidens heterosperma","BIHE",1.33e+11,953.6300049,7.259999633,"native"
"1162","Dalea exigua","Dalea exigua","DAEX2",98049939003,989.6899414,4.949999571,"native"
"1163","Arceuthobium apachecum","Arceuthobium apachecum","ARAP2",1.34e+11,1025.420044,7.259999633,"native"
"1164","Ericameria watsonii","Ericameria watsonii","ERWA8",2.69e+11,1039.279938,7.460000396,"native"
"1165","Bromus mucroglumis","Bromus richardsonii","BRMU4",87983110749,953.6300049,7.259999633,"native"
"1166","Phlox variabilis","Phlox variabilis","PHVA3",5704119381,996.6199799,2.800000668,"native"
"1167","Phlox vermejoensis","Phlox vermejoensis","PHVE2",5704119381,996.6199799,2.800000668,"native"
"1168","Psorothamnus polydenius","Psorothamnus polydenius","PSPO",3.09e+11,1662,5.080000401,"native"
"1169","Allolepis texana","Allolepis texana","ALTE3",46828514058,439.9499664,2.229999542,"native"
"1170","Hieracium fendleri","Hieracium fendleri","HIFE",4.55e+11,1342.459969,7.259999633,"native"
"1171","Cylindropuntia whipplei","Cylindropuntia whipplei","CYWH",4.24e+11,1361.429962,7.460000396,"native"
"1172","Primula rusbyi","Primula rusbyi","PRRU",1.37e+11,856.2600098,5.339999676,"native"
"1173","Tiquilia greggii","Tiquilia greggii","TIGR",99110729037,781.1800079,4.669999599,"native"
"1174","Amsonia tomentosa","Amsonia tomentosa","AMTO2",4.12e+11,1282.420044,7.460000396,"native"
"1175","Nama carnosum","Nama carnosa","NACA",84608615520,784.7200165,5.309999943,"native"
"1176","Tidestromia suffruticosa","Tidestromia suffruticosa","TISU",88989407876,763.4000092,5.21999979,"native"
"1177","Zigadenus virescens","Anticlea virescens","ZIVI",1.78e+11,1674.430054,7.259999633,"native"
"1178","Hesperolinon didymocarpum",NA,"HEDI3",3254364315,1011.049988,2.679999828,"native"
"1179","Sedella leiocarpa",NA,"SELE7",3254364315,1011.049988,2.679999828,"native"
"1180","Streptanthus vernalis","Streptanthus vernalis","STVE7",3254364315,1011.049988,2.679999828,"native"
"1181","Sophora stenophylla","Sophora stenophylla","SOST4",2.94e+11,1093.809975,7.460000396,"native"
"1182","Ipomoea tenuiloba","Ipomoea tenuiloba","IPTE",1.23e+11,856.2600098,5.339999676,"native"
"1183","Townsendia eximia","Townsendia eximia","TOEX",1.11e+11,1024.129974,4.919999838,"native"
"1184","Brickellia rusbyi","Brickellia rusbyi","BRRU",2.04e+11,1085.219971,7.259999633,"native"
"1185","Sedum wrightii","Sedum wrightii","SEWR",86502522414,996.6199799,4.549999952,"native"
"1186","Sartwellia flaveriae","Sartwellia flaveriae","SAFL5",1.29e+11,784.7200165,5.309999943,"native"
"1187","Phacelia constancei","Phacelia constancei","PHCO19",1.63e+11,1202.390022,7.460000396,"native"
"1188","Arctomecon humilis","Arctomecon humilis","ARHU3",6287037057,631.3400269,2.609999657,"native"
"1189","Hymenoclea sandersonii","Ambrosia sandersonii","HYSA2",6287037057,631.3400269,2.609999657,"native"
"1190","Isocoma humilis","Isocoma humilis","ISHU",6287037057,631.3400269,2.609999657,"native"
"1191","Sisyrinchium radicatum","Sisyrinchium radicatum","SIRA3",6287037057,631.3400269,2.609999657,"native"
"1192","Viola clauseniana","Viola clauseniana","VICL",6287037057,631.3400269,2.609999657,"native"
"1193","Mirabilis pumila","Mirabilis pumila","MIPU6",4.44e+11,1662,7.460000396,"native"
"1194","Astragalus mohavensis","Astragalus mohavensis","ASMO5",1.92e+11,1282.420044,5.080000401,"native"
"1195","Muhlenbergia pauciflora","Muhlenbergia pauciflora","MUPA2",6.31e+11,1150.989975,7.460000396,"native"
"1196","Philadelphus madrensis","Philadelphus microphyllus var. madrensis","PHMA8",40380381337,738.9799805,4.579999447,"native"
"1197","Allium glandulosum","Allium glandulosum","ALGL",1.17e+11,931.7899475,4.92999959,"native"
"1198","Hedeoma costata","Hedeoma costata","HECO",83832742027,758.1800079,5.339999676,"native"
"1199","Chamaesyce dioica","Euphorbia dioeca","CHDI5",1.23e+11,840.9699707,5.019999504,"native"
"1200","Antennaria marginata","Antennaria marginata","ANMA5",5.2e+11,1383.979965,7.259999633,"native"
"1201","Oenothera hexandra","Oenothera hexandra","OEHE5",3.79e+11,1109.469978,7.399999976,"native"
"1202","Lesquerella pruinosa","Physaria pruinosa","LEPR2",18676296553,1193.869965,4.549999952,"native"
"1203","Hedeoma pulcherrima","Hedeoma pulcherrima","HEPU12",66975605681,784.7200165,5.309999943,"native"
"1204","Ipomopsis gunnisonii","Ipomopsis gunnisonii","IPGU",2.15e+11,1158.360023,7.460000396,"native"
"1205","Astragalus vaccarum","Astragalus vaccarum","ASVA2",76297566856,953.6300049,7.259999633,"native"
"1206","Camissonia heterochroma","Chylismia heterochroma","CAHE12",2.49e+11,1662,5.080000401,"native"
"1207","Heuchera glomerulata","Heuchera glomerulata","HEGL6",1.09e+11,1032.27005,7.259999633,"native"
"1208","Sagittaria demersa","Sagittaria demersa","SADE11",4988962798,807.3499756,3.599999905,"native"
"1209","Lomatium parryi","Lomatium parryi","LOPA",3.8e+11,1282.420044,7.460000396,"native"
"1210","Crataegus greggiana","Crataegus greggiana","CRGR2",15325494553,355.6399536,1.460000038,"native"
"1211","Mirabilis melanotricha","Mirabilis melanotricha","MIME8",1.17e+11,1027.319977,5.339999676,"native"
"1212","Draba pennellii","Draba pennellii","DRPE3",22985104184,571.5200043,4.980000019,"native"
"1213","Eriogonum holmgrenii","Eriogonum holmgrenii","ERHO5",22985104184,571.5200043,4.980000019,"native"
"1214","Penstemon moriahensis","Penstemon moriahensis","PEMO5",22985104184,571.5200043,4.980000019,"native"
"1215","Penstemon rhizomatosus","Penstemon rhizomatosus","PERH6",22985104184,571.5200043,4.980000019,"native"
"1216","Asclepias quinquedentata","Asclepias quinquedentata","ASQU2",1.13e+11,953.6300049,7.259999633,"native"
"1217","Agalinis calycina","Agalinis calycina","AGCA7",44068012077,287.5700073,4.700000286,"native"
"1218","Ivesia sabulosa","Potentilla sabulosa","IVSA",2.44e+11,1061.01004,7.460000396,"native"
"1219","Lygodesmia arizonica","Lygodesmia grandiflora var. arizonica","LYAR2",2.1e+11,1158.360023,7.460000396,"native"
"1220","Helianthus anomalus","Helianthus anomalus","HEAN4",3.07e+11,1068.640045,7.460000396,"native"
"1221","Mimosa dysocarpa","Mimosa dysocarpa","MIDY",1.19e+11,805.2700195,4.92999959,"native"
"1222","Dalea searlsiae","Dalea searlsiae","DASE3",4.44e+11,1513.329956,7.460000396,"native"
"1223","Brickelliastrum fendleri","Brickelliastrum fendleri","BRFE2",3.11e+11,1085.469971,7.259999633,"native"
"1224","Agastache pallidiflora","Agastache pallidiflora","AGPA",3.74e+11,1430.170044,7.259999633,"native"
"1225","Acanthomintha duttonii","Acanthomintha duttonii","ACDU2",1161960635,622.960022,2.630000114,"native"
"1226","Arctostaphylos imbricata","Arctostaphylos imbricata","ARIM",1161960635,622.960022,2.630000114,"native"
"1227","Arctostaphylos montaraensis","Arctostaphylos montaraensis","ARMO5",1161960635,622.960022,2.630000114,"native"
"1228","Arctostaphylos pacifica","Arctostaphylos pacifica","ARPA19",1161960635,622.960022,2.630000114,"native"
"1229","Eriophyllum latilobum","Eriophyllum latilobum","ERLA8",1161960635,622.960022,2.630000114,"native"
"1230","Penstemon haydenii","Penstemon haydenii","PEHA12",19151068094,146.8100281,0.949999809,"native"
"1231","Draba pedicellata","Draba pedicellata","DRPE7",1.25e+11,1033.89994,5.080000401,"native"
"1232","Lepidium nanum","Lepidium nanum","LENA2",1.25e+11,1033.89994,5.080000401,"native"
"1233","Viguiera triloba","Zaluzania grayana","VITR9",73093953616,953.6300049,7.259999633,"native"
"1234","Dichondra brachypoda","Dichondra brachypoda","DIBR",1.07e+11,758.1800079,5.339999676,"native"
"1235","Lesquerella goodrichii","Physaria occidentalis subsp. cinerascens","LEGO3",1.15e+11,736.4000015,5.080000401,"native"
"1236","Piptochaetium fimbriatum","Piptochaetium fimbriatum","PIFI",2.52e+11,1085.219971,5.339999676,"native"
"1237","Phlox gladiformis","Phlox gladiformis","PHGL10",66102338875,831.5400009,7.460000396,"native"
"1238","Asclepias hypoleuca","Asclepias hypoleuca","ASHY5",82225329714,1025.420044,7.259999633,"native"
"1239","Amaranthus torreyi","Amaranthus torreyi","AMTO6",1.61e+11,1134.089951,4.949999571,"native"
"1240","Frasera albomarginata","Frasera albomarginata","FRAL5",5.02e+11,1282.420044,7.460000396,"native"
"1241","Erioneuron avenaceum","Erioneuron avenaceum","ERAV",2.16e+11,953.6300049,7.259999633,"native"
"1242","Astragalus feensis","Astragalus feensis","ASFE2",41407571102,989.239975,4.919999838,"native"
"1243","Astragalus straturensis","Astragalus straturensis","ASST5",1.49e+11,977.6300125,7.360000014,"native"
"1244","Juncus chlorocephalus","Juncus chlorocephalus","JUCH",59189490349,2759.559952,5.819999933,"native"
"1245","Gnaphalium exilifolium","Gnaphalium exilifolium","GNEX",2.83e+11,1105.029945,7.259999633,"native"
"1246","Dalea grayi","Dalea grayi","DAGR",1.15e+11,1025.420044,7.259999633,"native"
"1247","Bernardia obovata","Bernardia obovata","BEOB",1.17e+11,424.9799805,2.619999409,"native"
"1248","Delphinium madrense","Delphinium madrense","DEMA5",65745112669,670.2799683,1.259999752,"native"
"1249","Aristida arizonica","Aristida arizonica","ARAR6",4.99e+11,1128.439972,7.460000396,"native"
"1250","Jatropha macrorhiza","Jatropha macrorhiza","JAMA",86736713567,1025.420044,7.259999633,"native"
"1251","Abronia nana","Abronia nana","ABNA",4.92e+11,1662,7.460000396,"native"
"1252","Astragalus harrisonii","Astragalus harrisonii","ASHA4",19777584082,674.7999725,4.960000515,"native"
"1253","Castilleja aquariensis","Castilleja aquariensis","CAAQ4",19777584082,674.7999725,4.960000515,"native"
"1254","Erigeron awapensis","Erigeron abajoensis","ERAW",19777584082,674.7999725,4.960000515,"native"
"1255","Eriogonum cronquistii","Eriogonum cronquistii","ERCR5",19777584082,674.7999725,4.960000515,"native"
"1256","Potentilla angelliae","Potentilla angelliae","POAN14",19777584082,674.7999725,4.960000515,"native"
"1257","Geranium lentum","Geranium lentum","GELE",1.21e+11,1018.550049,7.259999633,"native"
"1258","Cymopterus beckii","Cymopterus beckii","CYBE2",65800810869,950.7999649,7.460000396,"native"
"1259","Mirabilis coccinea","Mirabilis coccinea","MICO7",3.33e+11,1134.089951,7.399999976,"native"
"1260","Castilleja tenuiflora","Castilleja tenuiflora","CATE14",1.23e+11,989.6899414,4.92999959,"native"
"1261","Peteria scoparia","Peteria scoparia","PESC3",1.34e+11,1018.550049,7.259999633,"native"
"1262","Cryptantha oblata","Oreocarya oblata","CROB",1.65e+11,784.7200165,5.339999676,"native"
"1263","Lomatium scabrum","Lomatium scabrum","LOSC3",1.9e+11,974.0299377,5.82000041,"native"
"1264","Tetradymia filifolia","Tetradymia filifolia","TEFI",1.17e+11,1027.319977,5.309999943,"native"
"1265","Calylophus toumeyi","Oenothera toumeyi","CATO12",1.19e+11,1025.420044,7.259999633,"native"
"1266","Mimulus gemmiparus","Erythranthe gemmipara","MIGE",12443943288,1260.550049,2.840000153,"native"
"1267","Cerastium fastigiatum","Cerastium fastigiatum","CEFA2",1.62e+11,1085.469971,7.259999633,"native"
"1268","Notholaena aschenborniana","Hemionitis aschenborniana","NOAS",89337028946,805.2700195,4.92999959,"native"
"1269","Conopholis alpina","Conopholis alpina","COAL6",1.78e+11,1078.349976,7.259999633,"native"
"1270","Penstemon baccharifolius","Penstemon baccharifolius","PEBA",61509224493,656.6900024,1.859999657,"native"
"1271","Salix taxifolia","Salix taxifolia","SATA",1.33e+11,856.2600098,4.92999959,"native"
"1272","Solanum tenuipes","Solanum tenuipes","SOTE4",42331163658,440.039978,1.019999504,"native"
"1273","Philadelphus serpyllifolius","Philadelphus serpyllifolius","PHSE2",72021264652,705.1699982,5.019999504,"native"
"1274","Muhlenbergia fragilis","Muhlenbergia fragilis","MUFR",4.42e+11,1134.089951,7.399999976,"native"
"1275","Eriogonum esmeraldense","Eriogonum esmeraldense","ERES",2.44e+11,1662,5.080000401,"native"
"1276","Eriogonum nummulare","Eriogonum nummulare","ERNU4",4.12e+11,1774.089966,7.460000396,"native"
"1277","Polygala acanthoclada","Rhinotropis acanthoclada","POAC2",1.86e+11,1134.089951,7.259999633,"native"
"1278","Dyschoriste schiedeana","Dyschoriste schiedeana","DYSC",1.58e+11,856.2600098,5.339999676,"native"
"1279","Packera millelobata","Packera millelobata","PAMI26",56201284161,439.9499664,2.229999542,"native"
"1280","Mammillaria wrightii","Cochemiea wrightii","MAWR2",2.52e+11,989.6899414,5.339999676,"native"
"1281","Astragalus pseudiodanthus","Astragalus lentiginosus var. pseudiodanthus","ASPS",91937944053,1614.959999,5.080000401,"native"
"1282","Phemeranthus confertiflorus","Phemeranthus parviflorus","PHCO47",3.76e+11,1109.469978,7.460000396,"native"
"1283","Cryptantha osterhoutii","Oreocarya osterhoutii","CROS",1.13e+11,1082.029945,7.460000396,"native"
"1284","Astragalus humistratus","Astragalus humistratus","ASHU2",6.04e+11,1128.439972,7.460000396,"native"
"1285","Arenaria eastwoodiae","Eremogone eastwoodiae","AREA",3.71e+11,1381.589973,7.460000396,"native"
"1286","Aletes acaulis","Cymopterus hallii","ALAC2",1.04e+11,1047.689972,4.919999838,"native"
"1287","Chamaesyce chaetocalyx","Euphorbia chaetocalyx","CHCH5",3.6e+11,1128.439972,7.259999633,"native"
"1288","Endolepis covillei","Stutzia covillei","ENCO5",1.34e+11,1381.340004,5.080000401,"native"
"1289","Asclepias nummularia","Asclepias nummularia","ASNU",83736320148,805.2700195,4.92999959,"native"
"1290","Eryngium heterophyllum","Eryngium heterophyllum","ERHE3",83736320148,805.2700195,4.92999959,"native"
"1291","Chrysothamnus spathulatus","Lorandersonia spathulata","CHSP3",88235764188,798.3600159,5.309999943,"native"
"1292","Stephanomeria thurberi","Stephanomeria thurberi","STTH",2.27e+11,1013.939949,7.259999633,"native"
"1293","Sedum stelliforme","Sedum stelliforme","SEST",89903915082,1018.550049,7.259999633,"native"
"1294","Ancistrocactus brevihamatus","Sclerocactus brevihamatus","ANBR17",53252327621,670.2799683,1.359999657,"native"
"1295","Quercus rugosa","Quercus rugosa","QURU4",1.26e+11,989.6899414,4.92999959,"native"
"1296","Atriplex obovata","Atriplex obovata","ATOB",2.61e+11,1158.360023,7.259999633,"native"
"1297","Aliciella subnuda","Aliciella subnuda","ALSU9",2.37e+11,1158.360023,7.460000396,"native"
"1298","Eriogonum howellianum","Eriogonum howellianum","ERHO12",2.06e+11,1039.279938,5.080000401,"native"
"1299","Johanneshowellia puberula","Johanneshowellia puberula","JOPU",1.94e+11,1282.420044,5.080000401,"native"
"1300","Astragalus austiniae","Astragalus austiniae","ASAU",26868800843,1918.639984,4.460000038,"native"
"1301","Erigeron scopulinus","Erigeron scopulinus","ERSC7",72202466015,931.7899475,4.92999959,"native"
"1302","Astragalus sesquiflorus","Astragalus sesquiflorus","ASSE7",1.63e+11,1034.010048,7.460000396,"native"
"1303","Muhlenbergia depauperata","Muhlenbergia depauperata","MUDE",2.61e+11,1082.029945,7.259999633,"native"
"1304","Penstemon dasyphyllus","Penstemon dasyphyllus","PEDA",90209422876,805.2700195,4.92999959,"native"
"1305","Lesquerella calcicola","Physaria calcicola","LECA9",32968065561,776.2900085,4.13999939,"native"
"1306","Salix irrorata","Salix irrorata","SAIR",2.78e+11,1325.059967,7.259999633,"native"
"1307","Psilostrophe sparsiflora","Psilostrophe sparsiflora","PSSP",3.69e+11,1109.469978,7.460000396,"native"
"1308","Heuchera hallii","Heuchera hallii","HEHA2",19884172094,869.2699738,2.890000343,"native"
"1309","Linum neomexicanum","Linum neomexicanum","LINE",2.78e+11,1049.670052,7.399999976,"native"
"1310","Lupinus neomexicanus","Lupinus neomexicanus","LUNE2",1.03e+11,1027.319977,4.949999571,"native"
"1311","Heliomeris longifolia","Heliomeris longifolia","HELO6",5.51e+11,1123.059975,7.460000396,"native"
"1312","Echinocereus mojavensis","Echinocereus triglochidiatus subsp. mojavensis","ECMO",3.45e+11,1282.420044,7.460000396,"native"
"1313","Heuchera pulchella","Heuchera pulchella","HEPU10",21280855577,662.8899994,4.919999838,"native"
"1314","Encelia scaposa","Encelia scaposa","ENSC",21822662941,260.9500122,1.079999447,"native"
"1315","Sphaeralcea digitata","Sphaeralcea digitata","SPDI3",3.3e+11,1034.010048,7.259999633,"native"
"1316","Cirsium pallidum","Cirsium parryi","CIPA5",98654614663,1259.699966,5.309999943,"native"
"1317","Astragalus serenoi","Astragalus serenoi","ASSE4",1.68e+11,1662,5.080000401,"native"
"1318","Erigeron oreophilus","Erigeron oreophilus","EROR5",3.1e+11,1049.670052,7.399999976,"native"
"1319","Salvia vinacea","Salvia pinguifolia","SAVI3",23329428726,730.0100098,3.009999752,"native"
"1320","Streptanthus oliganthus","Streptanthus oliganthus","STOL",58445385418,1662,4.980000019,"native"
"1321","Astragalus monoensis","Astragalus monoensis","ASMO9",7896838487,1585.610001,3.920000553,"native"
"1322","Carex tiogana","Carex capillaris subsp. capillaris","CATI5",7896838487,1585.610001,3.920000553,"native"
"1323","Draba incrassata","Draba incrassata","DRIN8",7896838487,1585.610001,3.920000553,"native"
"1324","Draba monoensis","Draba monoensis","DRMO4",7896838487,1585.610001,3.920000553,"native"
"1325","Lupinus duranii","Lupinus duranii","LUDU",7896838487,1585.610001,3.920000553,"native"
"1326","Mentzelia monoensis","Mentzelia monoensis","MEMO12",7896838487,1585.610001,3.920000553,"native"
"1327","Potentilla morefieldii","Potentilla morefieldii","POMO18",7896838487,1585.610001,3.920000553,"native"
"1328","Desmodium arizonicum","Desmodium arizonicum","DEAR2",73221290700,989.6899414,4.92999959,"native"
"1329","Platanthera zothecina","Platanthera zothecina","PLZO",1.9e+11,1320.959999,7.460000396,"native"
"1330","Bouchea linifolia","Bouchea linifolia","BOLI3",56610757089,574.0599976,1.259999752,"native"
"1331","Sophora arizonica","Dermatophyllum arizonicum","SOAR3",1.07e+11,865.2199783,5.619999647,"native"
"1332","Draba standleyi","Draba standleyi","DRST",1.18e+11,1018.550049,7.259999633,"native"
"1333","Flaveria chlorifolia","Flaveria chlorifolia","FLCH",69522322300,380.8199921,4.700000286,"native"
"1334","Aletes filifolius","Cymopterus filifolius","ALFI3",1.16e+11,784.7200165,5.339999676,"native"
"1335","Desmodium neomexicanum","Desmodium procumbens var. neomexicanum","DENE",2.1e+11,989.6899414,5.019999504,"native"
"1336","Escobaria dasyacantha","Pelecyphora dasyacantha","ESDA",58666119561,439.9499664,2.229999542,"native"
"1337","Hymenocallis gholsonii","Hymenocallis gholsonii","HYGH",2164099093,206.460083,1.860000134,"native"
"1338","Astragalus callithrix","Astragalus callithrix","ASCA8",73917593814,736.4000015,5.080000401,"native"
"1339","Eriogonum leptophyllum","Eriogonum leptophyllum","ERLE10",1.84e+11,1158.360023,7.2299999,"native"
"1340","Descurainia obtusa","Descurainia obtusa","DEOB",4.06e+11,1642.889999,7.460000396,"native"
"1341","Erigeron arizonicus","Erigeron arizonicus","ERAR4",1.04e+11,1013.939949,5.619999647,"native"
"1342","Muhlenbergia thurberi","Muhlenbergia thurberi","MUTH",1.94e+11,1128.439972,7.460000396,"native"
"1343","Galium hilendiae","Galium hilendiae","GAHI3",1.53e+11,1282.420044,5.080000401,"native"
"1344","Muhlenbergia eludens","Muhlenbergia eludens","MUEL",58984383227,882.1299438,4.92999959,"native"
"1345","Muhlenbergia texana","Muhlenbergia texana","MUTE2",78145518571,805.2700195,4.92999959,"native"
"1346","Quercus laceyi","Quercus laceyi","QULA",22284910757,601.269989,1.489999771,"native"
"1347","Frangula betulifolia","Frangula betulifolia","FRBE2",4.55e+11,1068.640045,7.460000396,"native"
"1348","Matelea arizonica","Gonolobus arizonicus","MAAR12",38971147389,840.9699707,4.579999447,"native"
"1349","Jamesia tetrapetala","Jamesia tetrapetala","JATE2",1.59e+11,1033.89994,5.080000401,"native"
"1350","Koanophyllon solidaginifolium","Koanophyllon solidaginifolium","KOSO",71627067194,797.1799927,4.92999959,"native"
"1351","Lonicera arizonica","Lonicera arizonica","LOAR",3.07e+11,1036.890045,7.399999976,"native"
"1352","Astragalus pictiformis","Astragalus pictiformis","ASPI3",1.3e+11,854.2200012,5.309999943,"native"
"1353","Oxytenia acerosa","Euphrosyne acerosa","OXAC4",3.1e+11,1282.420044,7.460000396,"native"
"1354","Galium parishii","Galium parishii","GAPA4",1.76e+11,1134.089951,5.080000401,"native"
"1355","Eriogonum pharnaceoides","Eriogonum pharnaceoides","ERPH2",3.62e+11,1109.469978,7.399999976,"native"
"1356","Phacelia glaberrima","Phacelia glaberrima","PHGL12",79884318629,542.3799896,4.980000019,"native"
"1357","Lotus mearnsii","Acmispon mearnsii","LOME",1.82e+11,1049.670052,7.399999976,"native"
"1358","Baccharis thesioides","Baccharis thesioides","BATH",1.56e+11,953.6300049,7.259999633,"native"
"1359","Asclepias glaucescens","Asclepias glaucescens","ASGL5",1.34e+11,840.9699707,5.339999676,"native"
"1360","Scutellaria texana","Scutellaria texana","SCTE15",69025707517,440.039978,1.38999939,"native"
"1361","Eriogonum wetherillii","Eriogonum wetherillii","ERWE",1.99e+11,1158.360023,7.460000396,"native"
"1362","Astragalus brandegeei","Astragalus brandegeei","ASBR5",2.61e+11,1524.049957,7.460000396,"native"
"1363","Arabis glaucovalvula","Boechera glaucovalvula","ARGL2",1.52e+11,1662,5.080000401,"native"
"1364","Senna wislizeni","Senna wislizeni","SEWI3",1.13e+11,805.2700195,4.92999959,"native"
"1365","Nama xylopodum","Nama xylopoda","NAXY",53530662242,758.1800079,4.700000286,"native"
"1366","Sibara grisea","Thelypodium texanum","SIGR14",53530662242,758.1800079,4.700000286,"native"
"1367","Achnatherum robustum","Eriocoma robusta","ACRO7",3.32e+11,1318.459961,7.2299999,"native"
"1368","Aletes macdougalii","Cymopterus macdougalii","ALMA3",2.12e+11,1158.360023,7.460000396,"native"
"1369","Scutellaria laevis","Scutellaria laevis","SCLA4",21711045061,391.75,1.079999447,"native"
"1370","Senecio warnockii","Senecio warnockii","SEWA3",21711045061,391.75,1.079999447,"native"
"1371","Symphyotrichum welshii","Symphyotrichum welshii","SYWE",38678549886,924.8499451,7.460000396,"native"
"1372","Astragalus uncialis","Astragalus uncialis","ASUN3",87182882804,736.4000015,5.080000401,"native"
"1373","Frasera gypsicola","Frasera gypsicola","FRGY",87182882804,736.4000015,5.080000401,"native"
"1374","Carlowrightia serpyllifolia","Carlowrightia serpyllifolia","CASE3",28625066870,320.4900055,1.019999504,"native"
"1375","Grusonia aggeria","Grusonia aggeria","GRAG3",28625066870,320.4900055,1.019999504,"native"
"1376","Pinus strobiformis","Pinus strobiformis","PIST3",2.91e+11,1318.209961,7.259999633,"native"
"1377","Muhlenbergia arsenei","Muhlenbergia arsenei","MUAR4",1.29e+11,1134.089951,7.460000396,"native"
"1378","Escobaria duncanii","Pelecyphora duncanii","ESDU",46693304779,494.019989,2.539999485,"native"
"1379","Viola utahensis","Viola utahensis","VIUT",83758724717,1341.910004,4.010000229,"native"
"1380","Piptochaetium pringlei","Piptochaetium pringlei","PIPR2",3.21e+11,1032.27005,7.399999976,"native"
"1381","Oenothera brachycarpa","Oenothera brachycarpa","OEBR",3.05e+11,1128.439972,7.360000014,"native"
"1382","Smelowskia holmgrenii","Nevada holmgrenii","SMHO",1.25e+11,739.7599869,5.080000401,"native"
"1383","Porophyllum scoparium","Porophyllum scoparium","POSC6",1.43e+11,784.7200165,5.339999676,"native"
"1384","Oxytropis oreophila","Oxytropis oreophila","OXOR2",3.95e+11,1134.089951,7.460000396,"native"
"1385","Perityle staurophylla","Perityle staurophylla","PEST8",55032895904,798.3600159,5.309999943,"native"
"1386","Arabis beckwithii","Boechera puberula","ARBE2",82177335501,1019.130043,5.080000401,"native"
"1387","Euphorbia nephradenia","Euphorbia nephradenia","EUNE2",41668739499,806.1700134,7.460000396,"native"
"1388","Cuscuta fasciculata","Cuscuta umbellata var. umbellata","CUFA",4947127762,769.2000122,4.13999939,"native"
"1389","Rubus aliceae","Rubus idaeus subsp. strigosus","RUAL7",4947127762,769.2000122,4.13999939,"native"
"1390","Cleome sparsifolia","Cleomella sparsifolia","CLSP2",1.75e+11,1662,5.080000401,"native"
"1391","Heliopsis parvifolia","Heliopsis parvifolia","HEPA4",68965508204,805.2700195,4.92999959,"native"
"1392","Stenorrhynchos michuacanum","Dichromanthus michuacanus","STMI14",68965508204,805.2700195,4.92999959,"native"
"1393","Notholaena copelandii","Hemionitis candida","NOCO5",65091285713,670.2799683,1.519999504,"native"
"1394","Poliomintha incana","Poliomintha incana","POIN3",3.16e+11,1215.540024,7.460000396,"native"
"1395","Fendlerella utahensis","Fendlerella utahensis","FEUT",5.43e+11,1415.140015,7.460000396,"native"
"1396","Baccharis bigelovii","Baccharis bigelovii","BABI",81263922696,739.2799988,4.92999959,"native"
"1397","Ipomopsis macrosiphon","Ipomopsis macrosiphon","IPMA4",35767534149,840.9699707,4.579999447,"native"
"1398","Orthocarpus purpureoalbus","Orthocarpus purpureoalbus","ORPU2",3.33e+11,1326.799965,7.460000396,"native"
"1399","Astragalus tephrodes","Astragalus tephrodes","ASTE8",4.34e+11,3829.600006,7.460000396,"native"
"1400","Cologania angustifolia","Cologania angustifolia","COAN",3.37e+11,1032.27005,7.399999976,"native"
"1401","Mimulus eastwoodiae","Erythranthe eastwoodiae","MIEA",1.86e+11,1082.029945,7.460000396,"native"
"1402","Achnatherum parishii","Eriocoma parishii","ACPA13",3.43e+11,1662,7.460000396,"native"
"1403","Erioneuron nealleyi","Erioneuron avenaceum var. nealleyi","ERNE9",45737495962,388.9399872,1.079999447,"native"
"1404","Aquilegia scopulorum","Aquilegia scopulorum","AQSC",1.55e+11,1061.01004,7.460000396,"native"
"1405","Vitis arizonica","Vitis arizonica","VIAR2",6.1e+11,1128.439972,7.460000396,"native"
"1406","Sphaeralcea leptophylla","Sphaeralcea leptophylla","SPLE",3.45e+11,1158.360023,7.460000396,"native"
"1407","Cryptantha paysonii","Oreocarya paysonii","CRPA8",97015437880,798.3600159,5.309999943,"native"
"1408","Pellaea intermedia","Hemionitis horokana","PEIN",1.38e+11,805.2700195,4.92999959,"native"
"1409","Senecio wootonii","Senecio wootonii","SEWO",4.16e+11,1674.430054,7.259999633,"native"
"1410","Hesperolinon congestum","Linum congestum","HECO12",2631313104,1058.480042,2.630000114,"native"
"1411","Penstemon pinifolius","Penstemon pinifolius","PEPI3",82729503205,918.1499481,4.92999959,"native"
"1412","Camissonia eastwoodiae","Chylismia eastwoodiae","CAEA",1.64e+11,1082.029945,7.460000396,"native"
"1413","Achnatherum lobatum","Eriocoma lobata","ACLO7",1.44e+11,1010.139969,5.339999676,"native"
"1414","Pinus remota","Pinus remota","PIRE5",51337062476,592.5100098,1.259999752,"native"
"1415","Erigeron jonesii","Erigeron jonesii","ERJO2",1.99e+11,1033.89994,5.080000401,"native"
"1416","Penstemon ophianthus","Penstemon ophianthus","PEOP",3.02e+11,1202.390022,7.460000396,"native"
"1417","Physaria alpina","Physaria alpina","PHAL10",17561840277,1406.269958,3.050000191,"native"
"1418","Cordylanthus parviflorus","Cordylanthus parviflorus","COPA9",3.34e+11,1134.089951,7.460000396,"native"
"1419","Urtica gracilenta","Urtica gracilenta","URGR",1.38e+11,989.6899414,4.949999571,"native"
"1420","Carex davyi","Carex davyi","CADA2",22394337833,1756.169983,4.169999838,"native"
"1421","Trifolium mucronatum","Trifolium wormskioldii var. wormskioldii","TRMU3",3.37e+11,1130.119972,7.460000396,"native"
"1422","Chamaesyce acuta","Euphorbia acuta","CHAC2",1.6e+11,784.7200165,5.309999943,"native"
"1423","Echinomastus intertextus","Sclerocactus intertextus","ECIN2",1.98e+11,856.2600098,5.339999676,"native"
"1424","Pennellia micrantha","Pennellia micrantha","PEMI7",3.44e+11,1174.020027,7.399999976,"native"
"1425","Oreoxis trotteri","Cymopterus trotteri","ORTR",34473177130,896.2900238,4.240000248,"native"
"1426","Euphorbia palmeri","Euphorbia lurida","EUPA4",2.76e+11,1233.060043,7.259999633,"native"
"1427","Froelichia arizonica","Froelichia arizonica","FRAR2",1.5e+11,840.9699707,4.92999959,"native"
"1428","Allium atrorubens","Allium atrorubens","ALAT",4.72e+11,1774.089966,7.460000396,"native"
"1429","Muhlenbergia rigida","Muhlenbergia rigida","MURI3",1.68e+11,856.2600098,5.339999676,"native"
"1430","Angelica kingii","Angelica kingii","ANKI",3.1e+11,1662,5.080000401,"native"
"1431","Mimulus densus","Diplacus mephiticus","MIDE2",3.18e+11,2835.949951,5.080000401,"native"
"1432","Sedum cockerellii","Sedum cockerellii","SECO",3.19e+11,1092.069977,7.399999976,"native"
"1433","Sclerocactus whipplei","Sclerocactus whipplei","SCWH",2.03e+11,1105.029945,7.460000396,"native"
"1434","Euphorbia radians","Euphorbia radians","EURA2",64845622996,805.2700195,4.92999959,"native"
"1435","Argyrochosma limitanea","Hemionitis limitanea","ARLI4",2.4e+11,1134.089951,7.460000396,"native"
"1436","Tetradymia argyraea","Tetradymia argyraea","TEAR",1.26e+11,1134.089951,5.619999647,"native"
"1437","Brickellia floribunda","Brickellia floribunda","BRFL",2.52e+11,1013.939949,7.399999976,"native"
"1438","Pseudoclappia arenaria","Pseudoclappia arenaria","PSAR",89326944050,687.3300018,5.309999943,"native"
"1439","Geranium wislizeni","Geranium wislizeni","GEWI",56971911020,882.1299438,4.949999571,"native"
"1440","Delphinium andesicola","Delphinium andesicola","DEAN2",88709340000,1025.420044,7.259999633,"native"
"1441","Bouteloua chondrosioides","Bouteloua chondrosioides","BOCH",95309840164,840.9699707,4.92999959,"native"
"1442","Platanthera tescamnis","Platanthera tescamnis","PLTE5",2.44e+11,1662,7.460000396,"native"
"1443","Gomphrena caespitosa","Gomphrena caespitosa","GOCA",1.76e+11,989.9399414,7.259999633,"native"
"1444","Erigeron flettii","Erigeron flettii","ERFL2",7156482555,5529.880249,1.339999676,"native"
"1445","Muhlenbergia glauca","Muhlenbergia glauca","MUGL2",70842172692,857.1500244,4.92999959,"native"
"1446","Gaillardia parryi","Gaillardia parryi","GAPA",1.36e+11,1009.450012,7.460000396,"native"
"1447","Vachellia vernicosa","Vachellia vernicosa","VAVE",1.84e+11,856.2600098,5.339999676,"native"
"1448","Astragalus desperatus","Astragalus desperatus","ASDE3",2.2e+11,1082.029945,7.460000396,"native"
"1449","Erigeron utahensis","Erigeron utahensis","ERUT",3.25e+11,1215.540024,7.460000396,"native"
"1450","Ipomopsis macombii","Ipomopsis macombii","IPMA2",59374648224,713.260025,5.019999504,"native"
"1451","Atriplex saccaria","Atriplex saccaria","ATSA",3.54e+11,1192.990021,7.460000396,"native"
"1452","Gilia clokeyi","Gilia clokeyi","GICL2",5.53e+11,1428.380005,7.460000396,"native"
"1453","Melica porteri","Melica porteri","MEPO",3.68e+11,1326.799965,7.259999633,"native"
"1454","Drymaria effusa","Drymaria effusa","DREF",1.16e+11,1105.589966,7.259999633,"native"
"1455","Ericameria cervina","Ericameria cervina","ERCE3",1.42e+11,1061.01004,7.360000014,"native"
"1456","Drymaria pachyphylla","Drymaria pachyphylla","DRPA3",76368849739,707.1300049,4.92999959,"native"
"1457","Wyethia arizonica","Wyethia arizonica","WYAR",2.63e+11,1682.770058,7.460000396,"native"
"1458","Packera quercetorum","Packera quercetorum","PAQU8",1.94e+11,1013.939949,7.399999976,"native"
"1459","Erigeron bigelovii","Erigeron bigelovii","ERBI3",45044066771,527.7200165,3.209999561,"native"
"1460","Aquilegia longissima","Aquilegia longissima","AQLO",61642009756,797.1799927,4.92999959,"native"
"1461","Pleopeltis riograndensis","Pleopeltis riograndensis","PLRI",61642009756,797.1799927,4.92999959,"native"
"1462","Mandevilla macrosiphon","Mandevilla macrosiphon","MAMA5",1.2e+11,690.3800049,2.229999542,"native"
"1463","Lotus yollabolliensis","Hosackia yollabolliensis","LOYO",17475792515,3205.389893,2.360000134,"native"
"1464","Lupinus constancei","Lupinus constancei","LUCO7",17475792515,3205.389893,2.360000134,"native"
"1465","Lupinus elmeri","Lupinus elmeri","LUEL2",17475792515,3205.389893,2.360000134,"native"
"1466","Sanicula tracyi","Sanicula tracyi","SATR3",17475792515,3205.389893,2.360000134,"native"
"1467","Viola californica","Viola glabella","VICA3",17475792515,3205.389893,2.360000134,"native"
"1468","Astragalus hallii","Astragalus hallii","ASHA2",3.75e+11,1681.03006,7.460000396,"native"
"1469","Epixiphium wislizeni","Epixiphium wislizeni","EPWI2",1.14e+11,626.2499847,5.339999676,"native"
"1470","Phlox viridis","Phlox viridis","PHVI10",3.65e+11,1774.089966,5.080000401,"native"
"1471","Oryctes nevadensis","Oryctes nevadensis","ORNE",1.16e+11,1428.380005,4.980000019,"native"
"1472","Verbesina oreophila","Verbesina oreophila","VEOR",41617610754,422.1699677,2.229999542,"native"
"1473","Commelina dianthifolia","Commelina dianthifolia","CODI4",4.42e+11,1156.620026,7.399999976,"native"
"1474","Cirsium wheeleri","Cirsium wheeleri","CIWH",5.01e+11,1339.370018,7.460000396,"native"
"1475","Schizachyrium cirratum","Andropogon cirratus","SCCI2",2.85e+11,1041.569946,7.399999976,"native"
"1476","Stenandrium barbatum","Stenandrium barbatum","STBA",1.7e+11,798.3600159,4.700000286,"native"
"1477","Dalea scariosa","Dalea scariosa","DASC4",32593697005,687.3300018,4.919999838,"native"
"1478","Phaseolus ritensis","Phaseolus maculatus subsp. ritensis","PHRI",83938638925,1025.420044,7.259999633,"native"
"1479","Carex curatorum","Carex curatorum","CACU4",1.4e+11,961.9700089,7.460000396,"native"
"1480","Penstemon crandallii","Penstemon crandallii","PECR5",93712900148,1093.809975,7.259999633,"native"
"1481","Rumex nematopodus","Rumex nematopodus","RUNE4",52465872302,747.0400085,4.92999959,"native"
"1482","Cuscuta decipiens","Cuscuta decipiens","CUDE",24747244841,320.4900055,1.019999504,"native"
"1483","Carminatia tenuiflora","Carminatia tenuiflora","CATE8",1.31e+11,840.9699707,4.92999959,"native"
"1484","Castilleja salsuginosa","Castilleja salsuginosa","CASA20",33800062439,576.2100067,4.980000019,"native"
"1485","Aliciella caespitosa","Aliciella caespitosa","ALCA23",6374011501,540.5399933,4.349999905,"native"
"1486","Stanleya albescens","Stanleya albescens","STAL2",1.2e+11,1080.289948,7.179999709,"native"
"1487","Penstemon tiehmii","Penstemon tiehmii","PETI3",14219341092,488.3199921,3.480000019,"native"
"1488","Fendlera rupicola","Fendlera rupicola","FERU",5.74e+11,1361.429962,7.259999633,"native"
"1489","Cordylanthus wrightii","Cordylanthus wrightii","COWR2",3.96e+11,1186.730019,7.460000396,"native"
"1490","Astragalus micromerius","Astragalus micromerius","ASMI5",43586270075,1054.799973,4.549999952,"native"
"1491","Eriogonum kingii","Eriogonum kingii","ERKI",67453130832,1025.599945,4.980000019,"native"
"1492","Erigeron vreelandii","Erigeron vreelandii","ERVR",4.24e+11,1342.459969,7.399999976,"native"
"1493","Delphinium robustum","Delphinium robustum","DERO",75412582521,1129.360046,4.789999723,"native"
"1494","Isocoma azteca","Isocoma azteca","ISAZ",38015824115,728.4499969,4.549999952,"native"
"1495","Ipomopsis multiflora","Ipomopsis multiflora","IPMU3",3.7e+11,1342.459969,7.399999976,"native"
"1496","Acourtia thurberi","Acourtia thurberi","ACTH",1.06e+11,865.2199783,5.619999647,"native"
"1497","Polygala intermontana","Rhinotropis intermontana","POIN12",3.44e+11,1620.339996,7.460000396,"native"
"1498","Hedeoma apiculata","Hedeoma apiculata","HEAP",20690338223,380.8199921,2.619999409,"native"
"1499","Pinaropappus parvus","Pinaropappus parvus","PIPA",20690338223,380.8199921,2.619999409,"native"
"1500","Streptanthus sparsiflorus","Streptanthus platycarpus","STSP4",20690338223,380.8199921,2.619999409,"native"
"1501","Viola guadalupensis","Viola guadalupensis","VIGU",20690338223,380.8199921,2.619999409,"native"
"1502","Aristida schiedeana","Aristida schiedeana","ARSC3",3.15e+11,1077.300049,7.399999976,"native"
"1503","Cystopteris reevesiana","Cystopteris reevesiana","CYRE15",4.04e+11,1525.789955,7.2299999,"native"
"1504","Penstemon immanifestus","Penstemon immanifestus","PEIM2",2.09e+11,1033.89994,5.080000401,"native"
"1505","Eriogonum rubricaule","Eriogonum rubricaule","ERRU",1.55e+11,1381.340004,5.080000401,"native"
"1506","Iliamna grandiflora","Iliamna angulata","ILGR",96633939365,1517.449951,7.259999633,"native"
"1507","Eriogonum leptocladon","Eriogonum leptocladon","ERLE9",2.08e+11,1158.360023,7.460000396,"native"
"1508","Minuartia filiorum","Sabulina macrantha","MIFI2",1.11e+11,1161.449982,7.460000396,"native"
"1509","Verbesina nana","Verbesina nana","VENA",1.24e+11,424.9799805,4.700000286,"native"
"1510","Amaranthus acanthochiton","Amaranthus acanthochiton","AMAC",2.36e+11,1093.809975,7.460000396,"native"
"1511","Tetradymia tetrameres","Tetradymia tetrameres","TETE4",1.17e+11,1381.340004,5.080000401,"native"
"1512","Achnatherum contractum","Eriocoma contracta","ACCO22",95790197901,1328.619965,3.169999599,"native"
"1513","Hedeoma hyssopifolia","Hedeoma hyssopifolia","HEHY",2.34e+11,1036.890045,7.399999976,"native"
"1514","Phacelia salina","Phacelia salina","PHSA3",1.4e+11,1207.499969,4.980000019,"native"
"1515","Sicyos ampelophyllus","Sicyos laciniatus","SIAM",60800764026,797.1799927,5.019999504,"native"
"1516","Chamaesyce parryi","Euphorbia parryi","CHPA28",4.88e+11,1215.540024,7.460000396,"native"
"1517","Gentianella wislizeni","Gentianella wislizeni","GEWI2",49738192611,1018.550049,7.259999633,"native"
"1518","Aquilegia micrantha","Aquilegia micrantha","AQMI",2.04e+11,1320.959999,7.460000396,"native"
"1519","Aquilegia laramiensis","Aquilegia laramiensis","AQLA",11070455509,901.8799438,2.950000286,"native"
"1520","Sphaeromeria simplex","Artemisia simplex","SPSI3",11070455509,901.8799438,2.950000286,"native"
"1521","Lotus argyraeus","Acmispon argyraeus","LOAR4",1.17e+11,1282.420044,4.329999447,"native"
"1522","Allium bigelovii","Allium bigelovii","ALBI",2.37e+11,977.6300125,7.399999976,"native"
"1523","Mimulus johnstonii","Diplacus johnstonii","MIJO",67237535692,1233.060043,4.559999466,"native"
"1524","Mimulus brachiatus","Diplacus layneae","MIBR",12335790974,1669.759949,2.679999828,"native"
"1525","Plagiobothrys lithocaryus","Plagiobothrys lithocaryus","PLLI",12335790974,1669.759949,2.679999828,"native"
"1526","Carex geophila","Carex geophila","CAGE",3.57e+11,1202.000038,7.259999633,"native"
"1527","Cordylanthus laxiflorus","Cordylanthus laxiflorus","COLA4",1.77e+11,964.8500061,7.399999976,"native"
"1528","Lithospermum viride","Lithospermum viride","LIVI2",89933742569,798.3600159,5.339999676,"native"
"1529","Cheilanthes lendigera","Hemionitis lendigera","CHLE2",58980450766,805.2700195,4.92999959,"native"
"1530","Perityle specuicola","Perityle specuicola","PESP5",43169066862,950.7999649,7.460000396,"native"
"1531","Ivesia kingii","Potentilla kingii","IVKI",2.72e+11,1662,5.080000401,"native"
"1532","Epilobium septentrionale","Epilobium septentrionale","EPSE3",26557219174,3205.389893,2.679999828,"native"
"1533","Wyethia longicaulis","Wyethia longicaulis","WYLO",26557219174,3205.389893,2.679999828,"native"
"1534","Blepharidachne bigelovii","Blepharidachne bigelovii","BLBI",83789605270,352.7200317,2.619999409,"native"
"1535","Sphaeralcea caespitosa","Sphaeralcea caespitosa","SPCA4",70887460427,968.6499405,5.080000401,"native"
"1536","Acanthomintha ilicifolia","Acanthomintha ilicifolia","ACIL",10900649391,723.7700195,2.480000019,"native"
"1537","Adolphia californica","Adolphia californica","ADCA2",10900649391,723.7700195,2.480000019,"native"
"1538","Agave shawii","Agave shawii","AGSH",10900649391,723.7700195,2.480000019,"native"
"1539","Ambrosia chenopodiifolia","Ambrosia chenopodiifolia","AMCH5",10900649391,723.7700195,2.480000019,"native"
"1540","Arabis hirshbergiae","Boechera johnstonii","ARHI9",10900649391,723.7700195,2.480000019,"native"
"1541","Arctostaphylos otayensis","Arctostaphylos otayensis","AROT",10900649391,723.7700195,2.480000019,"native"
"1542","Artemisia palmeri","Artemisia palmeri","ARPA15",10900649391,723.7700195,2.480000019,"native"
"1543","Astragalus deanei","Astragalus deanei","ASDE",10900649391,723.7700195,2.480000019,"native"
"1544","Astragalus oocarpus","Astragalus oocarpus","ASOO2",10900649391,723.7700195,2.480000019,"native"
"1545","Calochortus dunnii","Calochortus dunnii","CADU",10900649391,723.7700195,2.480000019,"native"
"1546","Ceanothus verrucosus","Ceanothus verrucosus","CEVE2",10900649391,723.7700195,2.480000019,"native"
"1547","Chorizanthe orcuttiana","Chorizanthe orcuttiana","CHOR",10900649391,723.7700195,2.480000019,"native"
"1548","Clarkia delicata","Clarkia delicata","CLDE2",10900649391,723.7700195,2.480000019,"native"
"1549","Coreopsis maritima","Coreopsis maritima","COMA10",10900649391,723.7700195,2.480000019,"native"
"1550","Cordylanthus orcuttianus","Dicranostegia orcuttiana","COOR7",10900649391,723.7700195,2.480000019,"native"
"1551","Cylindropuntia ganderi","Cylindropuntia ganderi","CYGA5",10900649391,723.7700195,2.480000019,"native"
"1552","Deinandra conjugens","Deinandra conjugens","DECO13",10900649391,723.7700195,2.480000019,"native"
"1553","Dudleya attenuata","Dudleya attenuata","DUAT",10900649391,723.7700195,2.480000019,"native"
"1554","Dudleya variegata","Dudleya variegata","DUVA",10900649391,723.7700195,2.480000019,"native"
"1555","Eryngium pendletonensis",NA,"ERPE19",10900649391,723.7700195,2.480000019,"native"
"1556","Ferocactus viridescens","Ferocactus viridescens","FEVI2",10900649391,723.7700195,2.480000019,"native"
"1557","Fremontodendron mexicanum","Fremontodendron mexicanum","FRME2",10900649391,723.7700195,2.480000019,"native"
"1558","Frankenia palmeri","Frankenia palmeri","FRPA",10900649391,723.7700195,2.480000019,"native"
"1559","Hazardia orcuttii","Hazardia orcuttii","HAOR3",10900649391,723.7700195,2.480000019,"native"
"1560","Heuchera brevistaminea","Heuchera brevistaminea","HEBR3",10900649391,723.7700195,2.480000019,"native"
"1561","Hesperocyparis stephensonii","Hesperocyparis stephensonii","HEST10",10900649391,723.7700195,2.480000019,"native"
"1562","Hulsea californica","Hulsea californica","HUCA",10900649391,723.7700195,2.480000019,"native"
"1563","Hulsea mexicana","Hulsea mexicana","HUME",10900649391,723.7700195,2.480000019,"native"
"1564","Iva hayesiana","Iva hayesiana","IVHA",10900649391,723.7700195,2.480000019,"native"
"1565","Lathyrus splendens","Lathyrus splendens","LASP3",10900649391,723.7700195,2.480000019,"native"
"1566","Lepechinia ganderi","Lepechinia ganderi","LEGA",10900649391,723.7700195,2.480000019,"native"
"1567","Linanthus bellus","Linanthus bellus","LIBE",10900649391,723.7700195,2.480000019,"native"
"1568","Lotus nuttallianus","Acmispon prostratus","LONU4",10900649391,723.7700195,2.480000019,"native"
"1569","Muilla clevelandii","Bloomeria clevelandii","MUCL",10900649391,723.7700195,2.480000019,"native"
"1570","Nolina interrata","Nolina interrata","NOIN",10900649391,723.7700195,2.480000019,"native"
"1571","Ornithostaphylos oppositifolia","Ornithostaphylos oppositifolia","OROP",10900649391,723.7700195,2.480000019,"native"
"1572","Phacelia ixodes","Phacelia ixodes","PHIX2",10900649391,723.7700195,2.480000019,"native"
"1573","Phacelia umbrosa","Phacelia distans","PHUM2",10900649391,723.7700195,2.480000019,"native"
"1574","Pogogyne abramsii","Pogogyne abramsii","POAB2",10900649391,723.7700195,2.480000019,"native"
"1575","Pogogyne nudiuscula","Pogogyne nudiuscula","PONU",10900649391,723.7700195,2.480000019,"native"
"1576","Quercus cedrosensis","Quercus cedrosensis","QUCE2",10900649391,723.7700195,2.480000019,"native"
"1577","Ribes canthariforme","Ribes canthariforme","RICA2",10900649391,723.7700195,2.480000019,"native"
"1578","Rorippa intermedia","Rorippa intermedia","ROIN2",10900649391,723.7700195,2.480000019,"native"
"1579","Rosa minutifolia","Rosa minutifolia","ROMI80",10900649391,723.7700195,2.480000019,"native"
"1580","Salvia munzii","Salvia munzii","SAMU",10900649391,723.7700195,2.480000019,"native"
"1581","Solanum tenuilobatum","Solanum umbelliferum var. umbelliferum","SOTE",10900649391,723.7700195,2.480000019,"native"
"1582","Verbena abramsii","Verbena neomexicana var. hirtella","VEAB",10900649391,723.7700195,2.480000019,"native"
"1583","Platanthera limosa","Coenoemersa limosa","PLLI3",57694524733,989.6899414,4.92999959,"native"
"1584","Lathyrus graminifolius","Lathyrus graminifolius","LAGR3",4.05e+11,1036.890045,7.399999976,"native"
"1585","Muilla transmontana","Muilla transmontana","MUTR",59588779187,2762.79995,4.460000038,"native"
"1586","Erigeron consimilis","Erigeron consimilis","ERCO15",1.56e+11,1319.220001,7.179999709,"native"
"1587","Cneoridium dumosum","Cneoridium dumosum","CNDU",12953944160,723.7700195,2.480000019,"native"
"1588","Viguiera laciniata","Bahiopsis laciniata","VILA3",12953944160,723.7700195,2.480000019,"native"
"1589","Delphinium alpestre","Delphinium alpestre","DEAL",22530309193,1368.830048,3.639999866,"native"
"1590","Rorippa subumbellata","Rorippa subumbellata","ROSU2",29081644026,1918.639984,4.460000038,"native"
"1591","Besseya plantaginea","Veronica plantaginea","BEPL",1.83e+11,1171.27002,7.259999633,"native"
"1592","Penstemon gibbensii","Penstemon gibbensii","PEGI4",49266155126,1328.619965,3.229999542,"native"
"1593","Philadelphus argenteus","Philadelphus microphyllus var. microphyllus","PHAR12",1.41e+11,1032.909943,4.92999959,"native"
"1594","Chamaesyce spurca","Euphorbia spurca","CHSP5",40462672373,320.4900055,1.079999447,"native"
"1595","Cryptantha fulvocanescens","Oreocarya fulvocanescens","CRFU",4.14e+11,1336.620003,7.460000396,"native"
"1596","Arabis crandallii","Boechera crandallii","ARCR5",64157204405,1488.47995,4.069999695,"native"
"1597","Mammillaria meiacantha","Mammillaria meiacantha","MAME6",2.19e+11,798.3600159,5.339999676,"native"
"1598","Bouteloua warnockii","Bouteloua warnockii","BOWA",84008277177,781.1800079,4.700000286,"native"
"1599","Allium kunthii","Allium longifolium","ALKU",1.7e+11,856.2600098,5.339999676,"native"
"1600","Hedyotis greenei","Stenotis greenei","HEGR17",80747815643,840.9699707,5.019999504,"native"
"1601","Mentzelia cronquistii","Mentzelia cronquistii","MECR4",2.05e+11,1202.390022,7.460000396,"native"
"1602","Dicranocarpus parviflorus","Dicranocarpus parviflorus","DIPA3",1.05e+11,784.7200165,5.309999943,"native"
"1603","Hexalectris revoluta","Hexalectris revoluta","HERE2",76467175749,797.1799927,4.92999959,"native"
"1604","Cymopterus cinerarius","Cymopterus cinerarius","CYCI2",37828956360,1608.879997,5.819999933,"native"
"1605","Bromus frondosus","Bromus frondosus","BRFR2",3.27e+11,1096.689972,7.399999976,"native"
"1606","Pellaea truncata","Hemionitis truncata","PETR3",4.56e+11,1134.089951,7.460000396,"native"
"1607","Penstemon breviculus","Penstemon breviculus","PEBR9",1.79e+11,1202.390022,7.179999709,"native"
"1608","Erigeron religiosus","Erigeron religiosus","ERRE7",36874082206,950.7999649,7.460000396,"native"
"1609","Achnatherum aridum","Eriocoma arida","ACAR14",4.48e+11,1662,7.460000396,"native"
"1610","Muhlenbergia wrightii","Muhlenbergia wrightii","MUWR",5.82e+11,1698.430061,7.460000396,"native"
"1611","Dudleya stolonifera","Dudleya stolonifera","DUST",2053294769,427.1899719,1.099999905,"native"
"1612","Verbesina dissita","Verbesina dissita","VEDI",2053294769,427.1899719,1.099999905,"native"
"1613","Echinocereus stramineus","Echinocereus stramineus","ECST2",1.11e+11,781.1800079,4.669999599,"native"
"1614","Camissonia pterosperma","Chylismiella pterosperma","CAPT",5.85e+11,1662,7.460000396,"native"
"1615","Malaxis tenuis","Malaxis abieticola","MATE2",56887424426,856.2600098,5.339999676,"native"
"1616","Ranunculus arizonicus","Ranunculus arizonicus","RAAR2",57994710061,805.2700195,4.92999959,"native"
"1617","Atriplex bonnevillensis","Atriplex bonnevillensis","ATBO",1.74e+11,1381.340004,5.080000401,"native"
"1618","Sphaeralcea psoraloides","Sphaeralcea psoraloides","SPPS",27443616050,881.6400299,4.630000591,"native"
"1619","Centaurea rothrockii","Plectocephalus rothrockii","CERO",54268908937,739.2799988,4.92999959,"native"
"1620","Selinocarpus lanceolatus","Acleisanthes lanceolata","SELA3",1.02e+11,784.7200165,5.309999943,"native"
"1621","Astragalus gypsodes","Astragalus gypsodes","ASGY",39353478057,391.75,2.619999409,"native"
"1622","Astragalus wootonii","Astragalus wootonii","ASWO2",5.09e+11,1383.979965,7.399999976,"native"
"1623","Cologania pallida","Cologania pallida","COPA4",85802581406,712.4100189,4.92999959,"native"
"1624","Calochortus ambiguus","Calochortus ambiguus","CAAM4",2.6e+11,977.6300125,7.399999976,"native"
"1625","Opuntia santa-rita","Opuntia gosseliniana","OPSA",1.28e+11,805.2700195,4.92999959,"native"
"1626","Draba kassii","Draba kassii","DRKA3",26763964374,1011.140045,3.820000172,"native"
"1627","Hackelia ibapensis","Hackelia ibapensis","HAIB",26763964374,1011.140045,3.820000172,"native"
"1628","Lupinus palmeri","Lupinus argenteus var. palmeri","LUPA3",4.75e+11,2835.949951,7.460000396,"native"
"1629","Agrostis clivicola","Agrostis densiflora","AGCL2",1347976788,884.000061,1.909999847,"native"
"1630","Arctostaphylos virgata","Arctostaphylos virgata","ARVI3",1347976788,884.000061,1.909999847,"native"
"1631","Calochortus tiburonensis","Calochortus tiburonensis","CATI3",1347976788,884.000061,1.909999847,"native"
"1632","Carex turbinata","Carex turbinata","CATU17",1347976788,884.000061,1.909999847,"native"
"1633","Aliciella triodon","Aliciella triodon","ALTR14",3.41e+11,1409.270004,7.460000396,"native"
"1634","Arabis fernaldiana","Boechera fernaldiana","ARFE2",2.29e+11,1614.959999,5.080000401,"native"
"1635","Echinopepon wrightii","Echinopepon wrightii","ECWR",82410807951,840.9699707,4.92999959,"native"
"1636","Mentzelia asperula","Mentzelia asperula","MEAS2",79858827782,840.9699707,4.92999959,"native"
"1637","Pinus arizonica","Pinus arizonica","PIAR5",79858827782,840.9699707,4.92999959,"native"
"1638","Camissonia walkeri","Chylismia walkeri","CAWA3",6.2e+11,1662,7.460000396,"native"
"1639","Gaga arizonica","Hemionitis arizonica","GAAR9",44967491536,1018.550049,7.259999633,"native"
"1640","Choisya dumosa","Choisya dumosa","CHDU",1.54e+11,856.2600098,5.339999676,"native"
"1641","Oenothera neomexicana","Oenothera neomexicana","OENE",2.05e+11,989.9399414,7.259999633,"native"
"1642","Sphaeralcea incana","Sphaeralcea incana","SPIN2",3.21e+11,1092.069977,7.259999633,"native"
"1643","Lupinus barbiger","Lupinus barbiger","LUBA",1.11e+11,1018.040039,7.460000396,"native"
"1644","Phaseolus pedicellatus","Phaseolus pedicellatus","PHPE16",2.16e+11,1025.670044,7.399999976,"native"
"1645","Nolina microcarpa","Nolina microcarpa","NOMI",3.54e+11,1049.670052,7.399999976,"native"
"1646","Guardiola platyphylla","Guardiola platyphylla","GUPL",55287733622,805.2700195,4.92999959,"native"
"1647","Hybanthus attenuatus","Pombalia attenuata","HYAT",55287733622,805.2700195,4.92999959,"native"
"1648","Sicyosperma gracile","Sicyosperma gracile","SIGR",55287733622,805.2700195,4.92999959,"native"
"1649","Amsonia tharpii","Amsonia tharpii","AMTH",23155173623,275.5700378,2.619999409,"native"
"1650","Hedyotis intricata","Arcytophyllum fasciculatum","HEIN7",35864056404,311.2900238,1.019999504,"native"
"1651","Senecio parryi","Senecio parryi","SEPA2",75723889143,840.9699707,4.92999959,"native"
"1652","Tetramerium nervosum","Tetramerium nervosum","TENE",82136437298,840.9699707,4.92999959,"native"
"1653","Arabis falcifructa","Boechera falcifructa","ARFA3",58687367740,1025.599945,4.010000229,"native"
"1654","Salvia arizonica","Salvia arizonica","SAAR8",73614747058,840.9699707,4.92999959,"native"
"1655","Gaillardia flava","Gaillardia pinnatifida","GAFL",21069604549,877.8400269,3.780000687,"native"
"1656","Mentzelia shultziorum","Mentzelia shultziorum","MESH",21069604549,877.8400269,3.780000687,"native"
"1657","Trichostema micranthum","Trichostema micranthum","TRMI3",1.05e+11,1134.089951,5.619999647,"native"
"1658","Achnatherum eminens","Pseudoeriocoma eminens","ACEM4",1.94e+11,840.9699707,4.92999959,"native"
"1659","Tragia nepetifolia","Tragia nepetifolia","TRNE",3.34e+11,1081.490051,7.399999976,"native"
"1660","Cyperus dipsaceus","Cyperus dipsaceus","CYDI15",55477110956,856.2600098,4.92999959,"native"
"1661","Ruellia parryi","Ruellia parryi","RUPA3",97606513722,406.719986,2.619999409,"native"
"1662","Calochortus flexuosus","Calochortus flexuosus","CAFL",4.85e+11,1282.420044,7.460000396,"native"
"1663","Zephyranthes longifolia","Zephyranthes longifolia","ZELO",2.37e+11,856.2600098,5.339999676,"native"
"1664","Philadelphus microphyllus","Philadelphus microphyllus","PHMI4",9.3e+11,1662,7.460000396,"native"
"1665","Salix arizonica","Salix arizonica","SAAR14",63939892139,1078.349976,7.219999671,"native"
"1666","Pediomelum aromaticum","Pediomelum aromaticum","PEAR7",1.36e+11,1097.689949,7.460000396,"native"
"1667","Agave parryi","Agave parryi","AGPA4",2.61e+11,1001.159943,7.399999976,"native"
"1668","Glandularia gooddingii","Verbena gooddingii","GLGO",4.81e+11,1134.089951,7.460000396,"native"
"1669","Opuntia macrocentra","Opuntia macrocentra","OPMA8",2.96e+11,1025.420044,7.259999633,"native"
"1670","Scabrethia scabra","Scabrethia scabra","SCSC15",4.29e+11,1381.589973,7.460000396,"native"
"1671","Mimosa grahamii","Mimosa grahamii","MIGR2",69809593476,805.2700195,4.92999959,"native"
"1672","Muhlenbergia straminea","Muhlenbergia straminea","MUST",2.18e+11,1025.670044,7.399999976,"native"
"1673","Cirsium parryi","Cirsium parryi","CIPA",3.07e+11,1517.449951,7.259999633,"native"
"1674","Eriogonum divaricatum","Eriogonum divaricatum","ERDI5",2.88e+11,1174.020027,7.460000396,"native"
"1675","Sida neomexicana","Sida neomexicana","SINE",1.15e+11,805.2700195,5.339999676,"native"
"1676","Atriplex cuneata","Atriplex cuneata","ATCU",1.87e+11,1105.029945,7.460000396,"native"
"1677","Erigeron zothecinus","Erigeron concinnus var. subglaber","ERZO",30587045149,950.7999649,7.460000396,"native"
"1678","Castilleja revealii","Castilleja revealii","CARE10",32274959580,816.4700012,7.460000396,"native"
"1679","Cymopterus minimus","Cymopterus minimus","CYMI2",32274959580,816.4700012,7.460000396,"native"
"1680","Erigeron proselyticus","Erigeron sionis var. trilobatus","ERPR11",32274959580,816.4700012,7.460000396,"native"
"1681","Ericameria zionis","Ericameria zionis","ERZI2",32274959580,816.4700012,7.460000396,"native"
"1682","Lesquerella rubicundula","Physaria hitchcockii subsp. rubicundula","LERU4",32274959580,816.4700012,7.460000396,"native"
"1683","Lomatium minimum","Lomatium minimum","LOMI2",32274959580,816.4700012,7.460000396,"native"
"1684","Packera malmstenii","Packera malmstenii","PAMA36",32274959580,816.4700012,7.460000396,"native"
"1685","Penstemon bracteatus","Penstemon bracteatus","PEBR8",32274959580,816.4700012,7.460000396,"native"
"1686","Astragalus waterfallii","Astragalus waterfallii","ASWA3",94157621155,781.1800079,4.700000286,"native"
"1687","Phlox nana","Phlox nana","PHNA2",2.29e+11,931.7899475,5.309999943,"native"
"1688","Eriogonum apricum","Eriogonum apricum","ERAP4",1539933577,1178.179962,1.450000286,"native"
"1689","Psorothamnus scoparius","Psorothamnus scoparius","PSSC6",1.92e+11,953.6300049,7.259999633,"native"
"1690","Eriogonum villiflorum","Eriogonum villiflorum","ERVI4",1.82e+11,1019.130043,7.460000396,"native"
"1691","Mortonia scabrella","Mortonia scabrella","MOSC",1.37e+11,805.2700195,4.92999959,"native"
"1692","Draba sphaeroides","Draba sphaeroides","DRSP6",44468026648,1025.599945,4.010000229,"native"
"1693","Eriogonum argophyllum","Eriogonum argophyllum","ERAR18",44468026648,1025.599945,4.010000229,"native"
"1694","Lathyrus grimesii","Lathyrus grimesii","LAGR9",44468026648,1025.599945,4.010000229,"native"
"1695","Primula capillaris","Primula capillaris","PRCA3",44468026648,1025.599945,4.010000229,"native"
"1696","Muhlenbergia tenuifolia","Muhlenbergia tenuifolia","MUTE4",3.41e+11,989.9399414,7.399999976,"native"
"1697","Calliandra humilis","Calliandra humilis","CAHU",3.63e+11,1013.939949,7.399999976,"native"
"1698","Melampodium strigosum","Melampodium strigosum","MEST8",57735392839,805.2700195,4.92999959,"native"
"1699","Tradescantia pedicellata","Tradescantia pedicellata","TRPE9",11977659467,223.5999756,1.430000305,"native"
"1700","Brickellia atractyloides","Brickellia atractyloides","BRAT",4.2e+11,1282.420044,7.460000396,"native"
"1701","Fraxinus anomala","Fraxinus anomala","FRAN2",5.11e+11,1397.25,7.460000396,"native"
"1702","Amphipappus fremontii","Amphipappus fremontii","AMFR2",2.57e+11,1282.420044,5.82000041,"native"
"1703","Astragalus iodopetalus","Astragalus iodopetalus","ASIO2",48279046852,1287.789963,4.549999952,"native"
"1704","Symphoricarpos palmeri","Symphoricarpos palmeri","SYPA",1.66e+11,1032.27005,7.259999633,"native"
"1705","Cottea pappophoroides","Cottea pappophoroides","COPA13",1.08e+11,840.9699707,4.92999959,"native"
"1706","Alnus oblongifolia","Alnus oblongifolia","ALOB2",3.57e+11,1049.670052,7.399999976,"native"
"1707","Arctostaphylos mendocinoensis","Arctostaphylos nummularia subsp. mendocinoensis","ARME8",9081426659,1466.069946,2.109999657,"native"
"1708","Chorizanthe howellii","Chorizanthe howellii","CHHO2",9081426659,1466.069946,2.109999657,"native"
"1709","Eriogonum kelloggii","Eriogonum kelloggii","ERKE",9081426659,1466.069946,2.109999657,"native"
"1710","Harmonia guggolziorum","Harmonia guggolziorum","HAGU",9081426659,1466.069946,2.109999657,"native"
"1711","Limnanthes bakeri","Limnanthes bakeri","LIBA2",9081426659,1466.069946,2.109999657,"native"
"1712","Sedum eastwoodiae","Sedum eastwoodiae","SEEA2",9081426659,1466.069946,2.109999657,"native"
"1713","Cheilanthes pringlei","Hemionitis pringlei","CHPR2",52084120382,797.1799927,4.92999959,"native"
"1714","Brickellia betonicifolia","Brickellia betonicifolia","BRBE",2.25e+11,964.8500061,7.399999976,"native"
"1715","Astragalus pardalinus","Astragalus pardalinus","ASPA12",31334826921,804.2700043,4.960000515,"native"
"1716","Astragalus woodruffii","Astragalus woodruffii","ASWO",31334826921,804.2700043,4.960000515,"native"
"1717","Erigeron maguirei","Erigeron maguirei","ERMA8",31334826921,804.2700043,4.960000515,"native"
"1718","Townsendia fendleri","Townsendia fendleri","TOFE",52354181516,1054.799973,4.549999952,"native"
"1719","Asanthus squamulosus","Asanthus squamulosus","ASSQ",49164100228,747.3700256,4.92999959,"native"
"1720","Hexalectris arizonica","Hexalectris arizonica","HEAR23",1.08e+11,925.8000488,5.339999676,"native"
"1721","Cerastium axillare","Cerastium axillare","CEAX",72296723631,781.1800079,4.669999599,"native"
"1722","Galium wrightii","Galium wrightii","GAWR2",4.73e+11,1134.089951,7.399999976,"native"
"1723","Carex lativena","Carex lativena","CALA76",69635282966,758.1800079,5.339999676,"native"
"1724","Ageratina paupercula","Ageratina paupercula","AGPA13",72031171999,840.9699707,4.92999959,"native"
"1725","Phlox triovulata","Phlox triovulata","PHTR",1.1e+11,798.3600159,5.339999676,"native"
"1726","Helianthella microcephala","Helianthella microcephala","HEMI2",2.72e+11,1174.319954,7.460000396,"native"
"1727","Hieracium lemmonii","Hieracium crepidispermum","HILE2",52273497716,856.2600098,4.92999959,"native"
"1728","Chaetopappa hersheyi","Chaetopappa hersheyi","CHHE",32527943726,391.75,2.619999409,"native"
"1729","Carlowrightia linearifolia","Carlowrightia linearifolia","CALI2",1.61e+11,783.0699768,4.92999959,"native"
"1730","Thelypodium crispum","Thelypodium crispum","THCR",1.03e+11,2835.949951,4.980000019,"native"
"1731","Poa tracyi","Poa tracyi","POTR",1.22e+11,1421.219955,5.309999943,"native"
"1732","Epithelantha micromeris","Epithelantha micromeris","EPMI2",2.13e+11,798.3600159,5.339999676,"native"
"1733","Sphaeralcea janeae","Sphaeralcea janeae","SPJA3",36139505782,950.7999649,7.179999709,"native"
"1734","Linum subteres","Linum subteres","LISU5",2.8e+11,1139.659943,7.460000396,"native"
"1735","Penstemon linarioides","Penstemon linarioides","PELI2",5.19e+11,1471.669952,7.460000396,"native"
"1736","Polygala hemipterocarpa","Polygala hemipterocarpa","POHE",88570511238,805.2700195,4.92999959,"native"
"1737","Tripterocalyx crux-maltae","Tripterocalyx crux-maltae","TRCR5",2.14e+11,1727.049965,5.080000401,"native"
"1738","Astragalus sabulonum","Astragalus sabulonum","ASSA2",3.91e+11,1282.420044,7.460000396,"native"
"1739","Parishella californica","Nemacladus californicus","PACA10",67587484353,1134.089951,4.019999504,"native"
"1740","Cryptantha tenuis","Oreocarya tenuis","CRTE8",61100321202,950.7999649,7.460000396,"native"
"1741","Hoffmannseggia repens","Hoffmannseggia repens","HORE",61100321202,950.7999649,7.460000396,"native"
"1742","Phacelia demissa","Phacelia demissa","PHDE",2.8e+11,1156.620026,7.460000396,"native"
"1743","Epilobium nevadense","Epilobium nevadense","EPNE2",1.05e+11,865.6499939,4.980000019,"native"
"1744","Ivesia aperta","Potentilla aperta","IVAP",37846989693,2749.599945,4.460000038,"native"
"1745","Coryphantha robustispina","Coryphantha robustispina","CORO7",1.84e+11,856.2600098,5.339999676,"native"
"1746","Cryptantha wetherillii","Cryptantha wetherillii","CRWE3",64931388919,950.7999649,7.460000396,"native"
"1747","Thelypodiopsis divaricata","Thelypodiopsis divaricata","THDI3",64931388919,950.7999649,7.460000396,"native"
"1748","Selaginella rupincola","Selaginella rupincola","SERU2",84693809529,805.2700195,4.92999959,"native"
"1749","Euphorbia schizoloba","Euphorbia schizoloba","EUSC6",3.43e+11,1282.420044,7.399999976,"native"
"1750","Erigeron wilkenii","Erigeron wilkenii","ERWI2",12284943825,1225.669998,2.639999866,"native"
"1751","Cirsium wrightii","Cirsium wrightii","CIWR",79982995684,758.1800079,5.339999676,"native"
"1752","Artemisia franserioides","Artemisia franserioides","ARFR3",2.76e+11,1429.920044,7.259999633,"native"
"1753","Muhlenbergia polycaulis","Muhlenbergia polycaulis","MUPO",1.59e+11,989.6899414,4.92999959,"native"
"1754","Cymopterus williamsii","Cymopterus williamsii","CYWI3",30389238071,846.0600128,3.449999809,"native"
"1755","Eriogonum aretioides","Eriogonum aretioides","ERAR8",24960815420,804.2700043,4.240000248,"native"
"1756","Marsilea mollis","Marsilea mollis","MAMO4",17837909532,744.7299805,4.579999447,"native"
"1757","Castilleja chambersii","Castilleja chambersii","CACH40",2144880465,3206.369873,1.960000038,"native"
"1758","Lotus plebeius","Acmispon plebeius","LOPL2",5.28e+11,1109.469978,7.460000396,"native"
"1759","Apacheria chiricahuensis","Apacheria chiricahuensis","APCH",52915120560,739.2799988,4.92999959,"native"
"1760","Cordylanthus kingii","Cordylanthus kingii","COKI",3.97e+11,1774.089966,7.460000396,"native"
"1761","Erigeron compactus","Erigeron compactus","ERCO3",2.45e+11,1513.329956,5.080000401,"native"
"1762","Dudleya saxosa","Dudleya saxosa","DUSA",1.08e+11,1282.420044,4.329999447,"native"
"1763","Prenanthes carrii","Nabalus carrii","PRCA5",9457800699,229.5999756,1.460000038,"native"
"1764","Brickellia lemmonii","Brickellia lemmonii","BRLE",1.12e+11,783.0699768,4.92999959,"native"
"1765","Helianthus paradoxus","Helianthus paradoxus","HEPA2",71535597169,742.6399994,5.309999943,"native"
"1766","Astragalus iselyi","Astragalus iselyi","ASIS",29765494281,950.7999649,7.179999709,"native"
"1767","Erigeron mancus","Erigeron mancus","ERMA9",29765494281,950.7999649,7.179999709,"native"
"1768","Gaillardia coahuilensis","Gaillardia coahuilensis","GACO7",37864092975,483.8500061,1.359999657,"native"
"1769","Lesquerella wardii","Physaria kingii subsp. latifolia","LEWA2",1.25e+11,1026.380043,7.460000396,"native"
"1770","Chamaesyce serrula","Euphorbia serrula","CHSE7",3.6e+11,880.5100174,5.619999647,"native"
"1771","Lesquerella navajoensis","Physaria navajoensis","LENA8",28406682312,525.8300018,3.200000286,"native"
"1772","Arctostaphylos pringlei","Arctostaphylos pringlei","ARPR",3.02e+11,1134.089951,7.399999976,"native"
"1773","Ibervillea tenuisecta","Ibervillea tenuisecta","IBTE2",1.89e+11,722.0999908,5.339999676,"native"
"1774","Cyclanthera gracillima","Cyclanthera gracillima","CYGR16",45767178896,805.2700195,4.579999447,"native"
"1775","Symphoricarpos longiflorus","Symphoricarpos longiflorus","SYLO",7.75e+11,2835.949951,7.460000396,"native"
"1776","Trifolium andinum","Trifolium andinum","TRAN2",3.63e+11,1395.17997,7.460000396,"native"
"1777","Astragalus nidularius","Astragalus nidularius","ASNI2",40030716653,950.7999649,7.460000396,"native"
"1778","Anemone tuberosa","Anemone tuberosa","ANTU",5.85e+11,1282.420044,7.460000396,"native"
"1779","Grusonia grahamii","Grusonia grahamii","GRGR6",67452258239,781.1800079,4.669999599,"native"
"1780","Quercus pungens","Quercus pungens","QUPU",2.78e+11,1085.219971,5.339999676,"native"
"1781","Penstemon stephensii","Penstemon stephensii","PEST",96988305481,1282.420044,4.329999447,"native"
"1782","Verbena carolina","Verbena carolina","VECA10",57125903943,805.2700195,4.92999959,"native"
"1783","Astragalus andersonii","Astragalus andersonii","ASAN2",79508353057,2835.949951,4.460000038,"native"
"1784","Silene thurberi","Silene thurberi","SITH",45960486988,739.2799988,4.92999959,"native"
"1785","Selaginella weatherbiana","Selaginella weatherbiana","SEWE3",77186302883,1050.179977,4.789999723,"native"
"1786","Berberis wilcoxii","Berberis wilcoxii","BEWI",67260470924,840.9699707,4.92999959,"native"
"1787","Carex chihuahuensis","Carex chihuahuensis","CACH4",67260470924,840.9699707,4.92999959,"native"
"1788","Juniperus deppeana","Juniperus deppeana","JUDE2",3.98e+11,1036.890045,7.399999976,"native"
"1789","Eriogonum lewisii","Eriogonum brevicaule var. desertorum","ERLE13",55282984903,1025.599945,4.380000114,"native"
"1790","Astragalus thurberi","Astragalus thurberi","ASTH",81782330778,840.9699707,4.92999959,"native"
"1791","Verbesina rothrockii","Verbesina rothrockii","VERO2",81782330778,840.9699707,4.92999959,"native"
"1792","Heterotheca viscida","Heterotheca viscida","HEVI5",1.35e+11,856.2600098,5.339999676,"native"
"1793","Astragalus bernardinus","Astragalus bernardinus","ASBE4",91059078507,1134.089951,4.209999561,"native"
"1794","Nerisyrenia linearifolia","Nerisyrenia linearifolia","NELI",1.07e+11,492.5900116,5.309999943,"native"
"1795","Mirabilis rotundifolia","Mirabilis rotundifolia","MIRO2",10150581196,704.0700378,2.740000248,"native"
"1796","Sairocarpus kingii","Sairocarpus kingii","SAKI",5.26e+11,1662,5.82000041,"native"
"1797","Ipomopsis polyantha","Ipomopsis polyantha","IPPO",3496708790,1081.579956,3.200000286,"native"
"1798","Ageratina herbacea","Ageratina herbacea","AGHE5",7.83e+11,1403.089966,7.460000396,"native"
"1799","Silene laciniata","Silene laciniata","SILA2",5.13e+11,1233.060043,7.399999976,"native"
"1800","Ayenia compacta","Ayenia compacta","AYCO",1.5e+11,1134.089951,5.019999504,"native"
"1801","Townsendia incana","Townsendia incana","TOIN",6.17e+11,1560.419952,7.460000396,"native"
"1802","Lotus wrightii","Acmispon wrightii","LOWR",4.98e+11,1541.449959,7.399999976,"native"
"1803","Lesquerella intermedia","Physaria intermedia","LEIN3",2.57e+11,1120.689949,7.460000396,"native"
"1804","Indigofera lindheimeriana","Indigofera lindheimeriana","INLI",82903233371,672.4299927,1.859999657,"native"
"1805","Cirsium arizonicum","Cirsium arizonicum","CIAR3",4.98e+11,1662,7.460000396,"native"
"1806","Abronia elliptica","Abronia elliptica","ABEL",4.9e+11,1400.559967,7.460000396,"native"
"1807","Aletes sessiliflorus","Cymopterus sessiliflorus","ALSE5",77797412658,1119.350021,5.679999828,"native"
"1808","Schoenocrambe linearifolia","Hesperidanthus linearifolius","SCLI12",5.44e+11,1342.459969,7.399999976,"native"
"1809","Asplenium palmeri","Asplenium palmeri","ASPA",48829753125,805.2700195,4.92999959,"native"
"1810","Sisyrinchium cernuum","Sisyrinchium cernuum","SICE",48829753125,805.2700195,4.92999959,"native"
"1811","Tragia leptophylla","Tragia leptophylla","TRLE9",32208714616,466.6000061,1.200000286,"native"
"1812","Sclerocactus spinosior","Sclerocactus spinosior","SCSP2",1.32e+11,1055.630043,5.080000401,"native"
"1813","Phacelia monoensis","Phacelia monoensis","PHMO11",32076876988,1608.879997,4.980000019,"native"
"1814","Dalea albiflora","Dalea albiflora","DAAL",3.16e+11,1049.670052,7.399999976,"native"
"1815","Menodora scabra","Menodora scabra","MESC",7.9e+11,1150.989975,7.460000396,"native"
"1816","Perityle coronopifolia","Perityle coronopifolia","PECO19",97764133536,989.6899414,4.92999959,"native"
"1817","Baileya multiradiata","Baileya multiradiata","BAMU",7.02e+11,1134.089951,7.460000396,"native"
"1818","Antennaria rosulata","Antennaria rosulata","ANRO3",3.29e+11,1438.510048,7.460000396,"native"
"1819","Pinus longaeva","Pinus longaeva","PILO",3.6e+11,1662,7.460000396,"native"
"1820","Enceliopsis nudicaulis","Enceliopsis nudicaulis","ENNU",5.88e+11,1662,7.460000396,"native"
"1821","Oxytropis nana","Oxytropis nana","OXNA",1.13e+11,1335.239975,3.410000324,"native"
"1822","Chenopodium nevadense","Chenopodium nevadense","CHNE4",2e+11,1662,5.080000401,"native"
"1823","Sclerocactus parviflorus","Sclerocactus parviflorus","SCPA9",3.4e+11,1202.390022,7.460000396,"native"
"1824","Ambrosia eriocentra","Ambrosia eriocentra","AMER",3.52e+11,1282.420044,7.460000396,"native"
"1825","Scrophularia parviflora","Scrophularia parviflora","SCPA6",1.9e+11,977.6300125,7.399999976,"native"
"1826","Astragalus wardii","Astragalus wardii","ASWA2",43713524329,1011.830048,7.460000396,"native"
"1827","Zuckia brandegeei","Zuckia brandegeei","ZUBR",2.92e+11,1365.92997,7.460000396,"native"
"1828","Mentzelia desertorum","Mentzelia desertorum","MEDE5",1.39e+11,1282.420044,5.019999504,"native"
"1829","Gaillardia multiceps","Gaillardia multiceps","GAMU",2.05e+11,960.230011,7.259999633,"native"
"1830","Hedeoma nana","Hedeoma nana","HENA",5.74e+11,1282.420044,7.460000396,"native"
"1831","Astragalus platytropis","Astragalus platytropis","ASPL3",3.78e+11,1662,7.460000396,"native"
"1832","Muhlenbergia brevis","Muhlenbergia brevis","MUBR2",1.31e+11,1260.309967,5.019999504,"native"
"1833","Lathyrus laetivirens","Lathyrus laetivirens","LALA6",4.63e+11,1366.449974,7.460000396,"native"
"1834","Erigeron sionis","Erigeron sionis","ERSI6",58815129208,950.7999649,7.460000396,"native"
"1835","Chrysothamnus greenei","Chrysothamnus greenei","CHGR6",6.4e+11,1415.140015,7.460000396,"native"
"1836","Gilia ophthalmoides","Gilia ophthalmoides","GIOP",5.57e+11,1662,7.460000396,"native"
"1837","Astragalus oophorus","Astragalus oophorus","ASOO3",5.4e+11,1662,7.460000396,"native"
"1838","Arceuthobium gillii","Arceuthobium gillii","ARGI2",51870220609,805.2700195,4.92999959,"native"
"1839","Aspicarpa hirtella","Aspicarpa hirtella","ASHI3",51870220609,805.2700195,4.92999959,"native"
"1840","Bouteloua eludens","Bouteloua eludens","BOEL",51870220609,805.2700195,4.92999959,"native"
"1841","Brachystigma wrightii","Brachystigma wrightii","BRWR",51870220609,805.2700195,4.92999959,"native"
"1842","Condalia correllii","Condalia correllii","COCO11",51870220609,805.2700195,4.92999959,"native"
"1843","Dalea pulchra","Dalea pulchra","DAPU4",51870220609,805.2700195,4.92999959,"native"
"1844","Indigofera sphaerocarpa","Indigofera sphaerocarpa","INSP",51870220609,805.2700195,4.92999959,"native"
"1845","Ipomopsis thurberi","Ipomopsis thurberi","IPTH2",51870220609,805.2700195,4.92999959,"native"
"1846","Lasianthaea podocephala","Lasianthaea podocephala","LAPO4",51870220609,805.2700195,4.92999959,"native"
"1847","Milla biflora","Milla biflora","MIBI2",51870220609,805.2700195,4.92999959,"native"
"1848","Muhlenbergia arizonica","Muhlenbergia arizonica","MUAR3",51870220609,805.2700195,4.92999959,"native"
"1849","Schkuhria anthemoidea","Schkuhria pinnata","SCAN",51870220609,805.2700195,4.92999959,"native"
"1850","Valeriana sorbifolia","Valeriana sorbifolia","VASO",51870220609,805.2700195,4.92999959,"native"
"1851","Phemeranthus brevicaulis","Phemeranthus brevicaulis","PHBR15",1.25e+11,854.2200012,4.839999676,"native"
"1852","Hymenoxys helenioides","Hymenoxys helenioides","HYHE",1.13e+11,1166.669952,7.460000396,"native"
"1853","Echinocereus fendleri","Echinocereus fendleri","ECFE",5.53e+11,1161.240021,7.399999976,"native"
"1854","Phacelia incana","Phacelia incana","PHIN9",2.88e+11,1314.18998,7.460000396,"native"
"1855","Erigeron nauseosus","Erigeron nauseosus","ERNA6",1.01e+11,1026.900047,5.080000401,"native"
"1856","Astragalus nelsonianus","Astragalus nelsonianus","ASNE3",66428224215,1044.009995,3.470000267,"native"
"1857","Draba cusickii","Draba cusickii","DRCU2",1.52e+11,1220.110023,5.080000401,"native"
"1858","Mirabilis alipes","Mirabilis alipes","MIAL5",2.81e+11,1662,7.460000396,"native"
"1859","Potentilla ambigens","Potentilla ambigens","POAM6",43029834665,1303.670044,4.380000114,"native"
"1860","Telesonix jamesii","Telesonix jamesii","TEJA",32121861287,963.8499756,3.670000553,"native"
"1861","Arabis fendleri","Boechera perennans subsp. fendleri","ARFE",7.56e+11,1560.419952,7.460000396,"native"
"1862","Acalypha neomexicana","Acalypha neomexicana","ACNE",3.7e+11,964.8500061,7.399999976,"native"
"1863","Chlorogalum grandiflorum","Chlorogalum grandiflorum","CHGR3",15359628679,1598.630035,4.140000105,"native"
"1864","Asclepias hallii","Asclepias hallii","ASHA6",2.42e+11,1546.73996,7.460000396,"native"
"1865","Pinus discolor","Pinus discolor","PIDI3",68613658986,840.9699707,4.92999959,"native"
"1866","Lotus rigidus","Acmispon rigidus","LORI3",4.83e+11,1282.420044,7.460000396,"native"
"1867","Artemisia pygmaea","Artemisia pygmaea","ARPY2",4.51e+11,1466.289955,7.460000396,"native"
"1868","Castilleja parvula","Castilleja parvula","CAPA46",22057600251,922.9499359,4.240000248,"native"
"1869","Draba sobolifera","Draba sobolifera","DRSO",22057600251,922.9499359,4.240000248,"native"
"1870","Dichondra argentea","Dichondra argentea","DIAR2",72167454969,722.0999908,4.92999959,"native"
"1871","Erigeron eximius","Erigeron eximius","EREX4",5.06e+11,1682.770058,7.460000396,"native"
"1872","Isoetes lithophila","Isoetes lithophila","ISLI",10140710928,184.4400024,1.430000305,"native"
"1873","Conioselinum mexicanum","Conioselinum mexicanum","COME2",47735281970,805.2700195,4.92999959,"native"
"1874","Agave lechuguilla","Agave lechuguilla","AGLE",1.22e+11,606.9799957,2.619999409,"native"
"1875","Grusonia pulchella","Grusonia pulchella","GRPU3",3.24e+11,1662,5.080000401,"native"
"1876","Potentilla multisecta","Potentilla multisecta","POMU9",1.7e+11,1466.289955,5.080000401,"native"
"1877","Sphaeralcea parvifolia","Sphaeralcea parvifolia","SPPA2",7.44e+11,1386.720001,7.460000396,"native"
"1878","Allionia choisyi","Allionia choisyi","ALCH",3.47e+11,1034.010048,7.259999633,"native"
"1879","Lithospermum confine","Lithospermum confine","LICO9",38563554625,689.1799927,4.92999959,"native"
"1880","Euphorbia exstipulata","Euphorbia exstipulata","EUEX4",4.35e+11,1150.989975,7.259999633,"native"
"1881","Phlox idahonis","Phlox idahonis","PHID2",6364412194,1438.529907,1.739999771,"native"
"1882","Tiquilia gossypina","Tiquilia gossypina","TIGO",57652005254,329.0700226,1.019999504,"native"
"1883","Ageratina wrightii","Ageratina wrightii","AGWR2",1.3e+11,781.1800079,5.339999676,"native"
"1884","Arenaria paludicola","Arenaria paludicola","ARPA7",83141872920,5430.84996,4.679999828,"native"
"1885","Cryptantha recurvata","Cryptantha recurvata","CRRE5",5.65e+11,1662,7.460000396,"native"
"1886","Arnica venosa","Arnica venosa","ARVE",18012495159,2417.839966,2.78000021,"native"
"1887","Clarkia borealis","Clarkia borealis","CLBO4",18012495159,2417.839966,2.78000021,"native"
"1888","Sedum paradisum","Sedum paradisum","SEPA15",18012495159,2417.839966,2.78000021,"native"
"1889","Bahia dissecta","Hymenothrix dissecta","BADI",8.66e+11,1495.690048,7.460000396,"native"
"1890","Townsendia annua","Townsendia annua","TOAN",4.25e+11,1186.730019,7.460000396,"native"
"1891","Eriodictyon angustifolium","Eriodictyon angustifolium","ERAN2",3.75e+11,1134.089951,7.460000396,"native"
"1892","Lupinus brevicaulis","Lupinus brevicaulis","LUBR2",9.9e+11,3304.389893,7.460000396,"native"
"1893","Astragalus wingatanus","Astragalus wingatanus","ASWI2",2.85e+11,1326.799965,7.460000396,"native"
"1894","Lathyrus brachycalyx","Lathyrus brachycalyx","LABR",5.07e+11,1466.289955,7.460000396,"native"
"1895","Mentzelia pterosperma","Mentzelia pterosperma","MEPT",2.93e+11,1243.910019,7.460000396,"native"
"1896","Androstephium breviflorum","Androstephium breviflorum","ANBR4",5.68e+11,1442.219971,7.460000396,"native"
"1897","Tripterocalyx carneus","Tripterocalyx carneus","TRCA34",2.9e+11,1158.360023,7.460000396,"native"
"1898","Eriogonum havardii","Eriogonum havardii","ERHA",1.47e+11,806.239975,5.309999943,"native"
"1899","Eriogonum corymbosum","Eriogonum corymbosum","ERCO14",4.09e+11,1373.480011,7.460000396,"native"
"1900","Astragalus tiehmii","Astragalus tiehmii","ASTI3",41290131081,1342.029999,4.460000038,"native"
"1901","Valerianella texana","Valeriana edwardsensis","VATE4",7735036827,158.9000244,1.420000076,"native"
"1902","Chamaesaracha pallida","Chamaesaracha pallida","CHPA16",1.01e+11,787.7299805,2.619999409,"native"
"1903","Oonopsis wardii","Oonopsis wardii","OOWA",45357565706,1299.269974,3.169999599,"native"
"1904","Ceanothus martinii","Ceanothus martini","CEMA2",4.42e+11,1471.669952,7.460000396,"native"
"1905","Arabis pendulina","Boechera pendulina","ARPE",4.83e+11,1471.669952,7.460000396,"native"
"1906","Mirabilis oxybaphoides","Mirabilis oxybaphoides","MIOX",4.89e+11,1361.429962,7.460000396,"native"
"1907","Penstemon harringtonii","Penstemon harringtonii","PEHA11",10720612743,1228.580048,2.75,"native"
"1908","Nama dichotomum","Nama dichotoma","NADI",2.68e+11,1150.989975,7.259999633,"native"
"1909","Nemacladus longiflorus","Nemacladus longiflorus","NELO",1.18e+11,1134.089951,4.579999447,"native"
"1910","Mariosousa millefolia","Mariosousa millefolia","MAMI9",48666607369,797.1799927,4.92999959,"native"
"1911","Astragalus piutensis","Astragalus piutensis","ASPI7",1.43e+11,1047.640045,5.080000401,"native"
"1912","Cologania pulchella","Cologania broussonetii","COPU4",43451985912,763.4000092,3.559999943,"native"
"1913","Ipomoea barbatisepala","Ipomoea barbatisepala","IPBA",1.14e+11,840.9699707,5.019999504,"native"
"1914","Oxalis alpina","Oxalis alpina","OXAL2",3.08e+11,1096.689972,7.399999976,"native"
"1915","Cryptantha racemosa","Johnstonella racemosa","CRRA2",3.44e+11,1662,7.460000396,"native"
"1916","Pediomelum megalanthum","Pediomelum megalanthum","PEME7",4.07e+11,1221.360016,7.460000396,"native"
"1917","Perityle lemmonii","Perityle lemmonii","PELE11",65410045746,840.9699707,4.92999959,"native"
"1918","Pyrrocoma crocea","Pyrrocoma crocea","PYCR2",3.18e+11,1682.770058,7.259999633,"native"
"1919","Eriogonum shockleyi","Eriogonum shockleyi","ERSH",6.26e+11,1662,7.460000396,"native"
"1920","Ammocodon chenopodioides","Acleisanthes chenopodioides","AMCH3",2.3e+11,877.7799683,5.339999676,"native"
"1921","Boerhavia gracillima","Boerhavia gracillima","BOGR",1.1e+11,840.9699707,4.92999959,"native"
"1922","Notholaena grayi","Hemionitis grayi","NOGR",92303536553,840.9699707,4.92999959,"native"
"1923","Teucrium glandulosum","Teucrium glandulosum","TEGL2",1.12e+11,1134.089951,5.619999647,"native"
"1924","Penstemon pachyphyllus","Penstemon pachyphyllus","PEPA6",3.77e+11,1381.589973,7.460000396,"native"
"1925","Aristida pansa","Aristida pansa","ARPA9",3.15e+11,1009.450012,7.259999633,"native"
"1926","Brickellia baccharidea","Brickellia baccharidea","BRBA2",1.54e+11,1009.450012,7.259999633,"native"
"1927","Artemisia bigelovii","Artemisia bigelovii","ARBI3",7.77e+11,1403.089966,7.460000396,"native"
"1928","Pseudocymopterus montanus","Cymopterus lemmonii","PSMO",7.26e+11,1717.400055,7.460000396,"native"
"1929","Evolvulus arizonicus","Evolvulus arizonicus","EVAR",1.77e+11,865.2199783,7.399999976,"native"
"1930","Eriogonum anemophilum","Eriogonum anemophilum","ERAN8",83914292278,1363.770004,4.460000038,"native"
"1931","Astragalus recurvus","Astragalus recurvus","ASRE2",1.1e+11,964.8500061,7.399999976,"native"
"1932","Penstemon concinnus","Penstemon concinnus","PECO15",89146479417,939.9199448,4.980000019,"native"
"1933","Ivesia webberi","Potentilla webberi","IVWE",39001479197,2749.599945,4.460000038,"native"
"1934","Aloysia wrightii","Aloysia wrightii","ALWR",5.09e+11,1134.089951,7.399999976,"native"
"1935","Fallugia paradoxa","Fallugia paradoxa","FAPA",8.29e+11,1282.420044,7.460000396,"native"
"1936","Agave schottii","Agave schottii","AGSC3",63842957911,840.9699707,4.92999959,"native"
"1937","Arbutus arizonica","Arbutus arizonica","ARAR2",63842957911,840.9699707,4.92999959,"native"
"1938","Cuphea wrightii","Cuphea wrightii","CUWR",63842957911,840.9699707,4.92999959,"native"
"1939","Argemone pleiacantha","Argemone pleiacantha","ARPL3",3.25e+11,1049.670052,7.399999976,"native"
"1940","Astragalus cymboides","Astragalus cymboides","ASCY2",45153804837,950.7999649,7.179999709,"native"
"1941","Ancistrocactus tobuschii","Sclerocactus brevihamatus","ANTO3",31129222341,540.4599609,1.300000191,"native"
"1942","Selaginella mutica","Selaginella mutica","SEMU",4.23e+11,1365.92997,7.460000396,"native"
"1943","Thermopsis divaricarpa","Thermopsis rhombifolia var. divaricarpa","THDI4",2.09e+11,1643.760056,4.919999838,"native"
"1944","Blepharoneuron tricholepis","Muhlenbergia tricholepis","BLTR",6.92e+11,1698.430061,7.460000396,"native"
"1945","Oonopsis multicaulis","Oonopsis multicaulis","OOMU",1.43e+11,1335.239975,3.690000534,"native"
"1946","Cardamine macrocarpa","Cardamine macrocarpa","CAMA7",29423023480,574.0599976,2.229999542,"native"
"1947","Blepharidachne kingii","Blepharidachne kingii","BLKI",3.6e+11,1662,5.080000401,"native"
"1948","Douglasia conservatorum","Androsace conservatorum","DOCO7",13980303742,1927.879974,2.690000534,"native"
"1949","Packera quaerens","Packera hartiana","PAQU7",1.16e+11,1018.550049,7.399999976,"native"
"1950","Aquilegia elegantula","Aquilegia elegantula","AQEL",4e+11,1525.789955,7.460000396,"native"
"1951","Hesperolinon adenophyllum","Linum adenophyllum","HEAD",21577318404,3345.44989,2.679999828,"native"
"1952","Lygodesmia entrada","Lygodesmia grandiflora var. entrada","LYEN",41322737120,950.7999649,7.179999709,"native"
"1953","Penstemon tusharensis","Penstemon xylus","PETU2",40928987250,924.8499451,7.460000396,"native"
"1954","Lepidium thurberi","Lepidium thurberi","LETH2",2.15e+11,1822.35997,5.159999847,"native"
"1955","Machaeranthera tagetina","Machaeranthera tagetina","MATA",2.35e+11,1009.450012,7.399999976,"native"
"1956","Trichostema arizonicum","Trichostema arizonicum","TRAR",88391875117,840.9699707,4.92999959,"native"
"1957","Penstemon confusus","Penstemon confusus","PECO7",2e+11,1373.480011,5.080000401,"native"
"1958","Lupinus lemmonii","Lupinus lemmonii","LULE",44531668730,797.1799927,4.92999959,"native"
"1959","Penstemon kingii","Penstemon kingii","PEKI",2.36e+11,1699.850014,5.080000401,"native"
"1960","Yucca elata","Yucca elata","YUEL",5.38e+11,1081.490051,7.460000396,"native"
"1961","Viola lithion","Viola lithion","VILI7",1.29e+11,1466.289955,5.080000401,"native"
"1962","Sphaeromeria argentea","Artemisia nuttallii","SPAR2",1.82e+11,1355.000038,5.080000401,"native"
"1963","Gentiana setigera","Gentiana setigera","GESE2",20149116335,3814.469788,2.859999657,"native"
"1964","Penstemon palmeri","Penstemon palmeri","PEPA8",6.66e+11,2042.909912,7.460000396,"native"
"1965","Astragalus loanus","Astragalus loanus","ASLO2",24725584081,1009.930038,4.960000515,"native"
"1966","Purshia stansburiana","Purshia stansburiana","PUST",7.66e+11,2042.909912,7.460000396,"native"
"1967","Selaginella wrightii","Selaginella wrightii","SEWR2",1.28e+11,677.2999725,2.619999409,"native"
"1968","Allium monticola","Allium monticola","ALMO3",76374807289,1233.060043,4.559999466,"native"
"1969","Tetraneuris ivesiana","Tetraneuris ivesiana","TEIV",3.37e+11,1525.789955,7.460000396,"native"
"1970","Cymopterus globosus","Cymopterus globosus","CYGL2",2.51e+11,1614.959999,5.080000401,"native"
"1971","Atriplex nuttallii","Atriplex nuttallii","ATNU2",1.1e+11,1025.599945,4.380000114,"native"
"1972","Stenogonum salsuginosum","Stenogonum salsuginosum","STSA3",3.5e+11,1336.620003,7.460000396,"native"
"1973","Amsonia palmeri","Amsonia palmeri","AMPA5",2.08e+11,865.2199783,5.75999999,"native"
"1974","Carphochaete bigelovii","Carphochaete bigelovii","CABI6",2.11e+11,1036.890045,7.399999976,"native"
"1975","Agave univittata","Agave univittata","AGUN2",62460695222,665.2799759,5.299999952,"native"
"1976","Oxytheca parishii","Acanthoscyphus parishii","OXPA",74321512520,1233.060043,4.559999466,"native"
"1977","Phacelia longipes","Phacelia longipes","PHLO",74321512520,1233.060043,4.559999466,"native"
"1978","Chrysothamnus depressus","Chrysothamnus depressus","CHDE2",5.63e+11,1396.030014,7.460000396,"native"
"1979","Stylocline psilocarphoides","Stylocline psilocarphoides","STPS",2.91e+11,1282.420044,7.460000396,"native"
"1980","Oenothera harringtonii","Oenothera harringtonii","OEHA6",35410118545,762.5800476,2.879999638,"native"
"1981","Heuchera eastwoodiae","Heuchera eastwoodiae","HEEA",1.05e+11,964.8500061,7.399999976,"native"
"1982","Hesperocyparis glabra","Hesperocyparis glabra","HEGL4",1.05e+11,964.8500061,7.399999976,"native"
"1983","Astragalus flavus","Astragalus flavus","ASFL",4.78e+11,1361.429962,7.460000396,"native"
"1984","Lesquerella macrocarpa","Physaria macrocarpa","LEMA4",50791143068,1044.009995,2.910000324,"native"
"1985","Viola tomentosa","Viola tomentosa","VITO",13016897641,1806.469879,2.829999924,"native"
"1986","Penstemon sudans","Penstemon sudans","PESU10",28082213381,1687.73996,4.460000038,"native"
"1987","Penstemon subulatus","Penstemon subulatus","PESU7",1.9e+11,1009.450012,7.399999976,"native"
"1988","Polygala subspinosa","Rhinotropis subspinosa","POSU2",4.52e+11,1727.049965,7.460000396,"native"
"1989","Brickellia laciniata","Brickellia laciniata","BRLA",1.78e+11,798.3600159,5.309999943,"native"
"1990","Astragalus sparsiflorus","Astragalus sparsiflorus","ASSP5",16494211240,963.8499756,2.890000343,"native"
"1991","Zigadenus vaginatus","Anticlea elegans subsp. vaginata","ZIVA",63993670217,1320.959999,7.460000396,"native"
"1992","Eriogonum robustum","Eriogonum robustum","ERRO10",22562124732,1362.020004,4.460000038,"native"
"1993","Cyperus seslerioides","Cyperus seslerioides","CYSE2",35185653919,697.2700195,4.92999959,"native"
"1994","Penstemon lentus","Penstemon lentus","PELE2",1.5e+11,1326.799965,7.179999709,"native"
"1995","Aegopogon tenellus","Muhlenbergia uniseta","AETE",42964580895,805.2700195,4.92999959,"native"
"1996","Amoreuxia palmatifida","Cochlospermum palmatifidum","AMPA3",42964580895,805.2700195,4.92999959,"native"
"1997","Aralia humilis","Aralia humilis","ARHU",42964580895,805.2700195,4.92999959,"native"
"1998","Arabis tricornuta","Pennellia tricornuta","ARTR6",42964580895,805.2700195,4.92999959,"native"
"1999","Asclepias angustifolia","Asclepias angustifolia","ASAN5",42964580895,805.2700195,4.92999959,"native"
"2000","Asclepias lemmonii","Asclepias lemmonii","ASLE13",42964580895,805.2700195,4.92999959,"native"
"2001","Barkleyanthus salicifolius","Barkleyanthus salicifolius","BASA5",42964580895,805.2700195,4.92999959,"native"
"2002","Brickellia pringlei","Brickellia pringlei","BRPR",42964580895,805.2700195,4.92999959,"native"
"2003","Cnidoscolus angustidens","Cnidoscolus angustidens","CNAN",42964580895,805.2700195,4.92999959,"native"
"2004","Coreocarpus arizonicus","Coreocarpus arizonicus","COAR5",42964580895,805.2700195,4.92999959,"native"
"2005","Crusea diversifolia","Crusea simplex","CRDI12",42964580895,805.2700195,4.92999959,"native"
"2006","Cynanchum ligulatum","Cynanchum ligulatum","CYLI8",42964580895,805.2700195,4.92999959,"native"
"2007","Cynanchum wigginsii","Metastelma mexicanum","CYWI4",42964580895,805.2700195,4.92999959,"native"
"2008","Dalea pringlei","Dalea pringlei","DAPR",42964580895,805.2700195,4.92999959,"native"
"2009","Dalea tentaculoides","Dalea tentaculoides","DATE4",42964580895,805.2700195,4.92999959,"native"
"2010","Desmodium gramineum","Desmodium angustifolium","DEGR5",42964580895,805.2700195,4.92999959,"native"
"2011","Gentianella microcalyx","Gentianella microcalyx","GEMI3",42964580895,805.2700195,4.92999959,"native"
"2012","Graptopetalum bartramii","Graptopetalum bartramii","GRBA3",42964580895,805.2700195,4.92999959,"native"
"2013","Heterotheca rutteri","Heterotheca rutteri","HERU3",42964580895,805.2700195,4.92999959,"native"
"2014","Hymenoxys quinquesquamata","Hymenoxys quinquesquamata","HYQU2",42964580895,805.2700195,4.92999959,"native"
"2015","Ipomoea thurberi","Ipomoea thurberi","IPTH",42964580895,805.2700195,4.92999959,"native"
"2016","Manihot angustiloba","Manihot angustiloba","MAAN5",42964580895,805.2700195,4.92999959,"native"
"2017","Malaxis corymbosa","Malaxis brachystachys","MACO4",42964580895,805.2700195,4.92999959,"native"
"2018","Melampodium longicorne","Melampodium longicorne","MELO",42964580895,805.2700195,4.92999959,"native"
"2019","Mitracarpus breviflorus","Mitracarpus breviflorus","MIBR7",42964580895,805.2700195,4.92999959,"native"
"2020","Muhlenbergia palmeri","Muhlenbergia palmeri","MUPA5",42964580895,805.2700195,4.92999959,"native"
"2021","Muhlenbergia pectinata","Muhlenbergia pectinata","MUPE",42964580895,805.2700195,4.92999959,"native"
"2022","Parthenice mollis","Parthenice mollis","PAMO2",42964580895,805.2700195,4.92999959,"native"
"2023","Pectis imberbis","Pectis imberbis","PEIM",42964580895,805.2700195,4.92999959,"native"
"2024","Roldana hartwegii","Roldana hartwegii","ROHA3",42964580895,805.2700195,4.92999959,"native"
"2025","Salvia parryi","Salvia parryi","SAPA6",42964580895,805.2700195,4.92999959,"native"
"2026","Samolus vagans","Samolus vagans","SAVA2",42964580895,805.2700195,4.92999959,"native"
"2027","Tagetes lemmonii","Tagetes lemmonii","TALE",42964580895,805.2700195,4.92999959,"native"
"2028","Tephrosia leiocarpa","Tephrosia leiocarpa","TELE",42964580895,805.2700195,4.92999959,"native"
"2029","Tephrosia thurberi","Tephrosia thurberi","TETH",42964580895,805.2700195,4.92999959,"native"
"2030","Tragia laciniata","Tragia laciniata","TRLA",42964580895,805.2700195,4.92999959,"native"
"2031","Verbena pinetorum","Verbena pinetorum","VEPI",42964580895,805.2700195,4.92999959,"native"
"2032","Viola umbraticola","Viola umbraticola","VIUM",42964580895,805.2700195,4.92999959,"native"
"2033","Erigeron formosissimus","Erigeron formosissimus","ERFO3",6.64e+11,1682.770058,7.460000396,"native"
"2034","Eriogonum thompsoniae","Eriogonum thompsoniae","ERTH2",65377581424,744.3400269,7.460000396,"native"
"2035","Sphaeralcea rusbyi","Sphaeralcea rusbyi","SPRU2",2.42e+11,1282.420044,7.399999976,"native"
"2036","Leptosiphon floribundum","Leptosiphon floribundus","LEFL27",91470579698,1642.889999,4.019999504,"native"
"2037","Senecio neowebsteri","Senecio neowebsteri","SENE6",9174752369,5577.09024,1.639999866,"native"
"2038","Viola flettii","Viola flettii","VIFL",11659644717,5577.09024,1.639999866,"native"
"2039","Ipomoea costellata","Ipomoea costellata","IPCO2",4.02e+11,1049.670052,7.399999976,"native"
"2040","Trifolium kingii","Trifolium kingii","TRKI",2.72e+11,1373.480011,7.460000396,"native"
"2041","Ivesia sericoleuca","Potentilla sericoleuca","IVSE",43971902279,2749.599945,4.460000038,"native"
"2042","Festuca sororia","Festuca sororia","FESO",2.53e+11,1438.510048,7.259999633,"native"
"2043","Arctostaphylos nortensis","Arctostaphylos nortensis","ARNO6",2606117983,2412.030029,2.349999905,"native"
"2044","Sedum citrinum","Sedum citrinum","SECI6",2606117983,2412.030029,2.349999905,"native"
"2045","Stachys bergii","Stachys bergii","STBE6",2606117983,2412.030029,2.349999905,"native"
"2046","Hymenopappus newberryi","Hymenopappus newberryi","HYNE",83060852849,1387.570053,4.789999723,"native"
"2047","Mentzelia pumila","Mentzelia pumila","MEPU3",7.24e+11,1413.409973,7.460000396,"native"
"2048","Crataegus erythropoda","Crataegus erythropoda","CRER",2.62e+11,1682.770058,7.259999633,"native"
"2049","Trillium kurabayashii","Trillium kurabayashii","TRKU",16065133822,3503.819824,2.449999809,"native"
"2050","Linanthus demissus","Linanthus demissus","LIDE2",3.76e+11,1282.420044,7.460000396,"native"
"2051","Horkelia marinensis","Horkelia marinensis","HOMA3",12744230375,1936.639954,3.200000286,"native"
"2052","Cerastium texanum","Cerastium texanum","CETE3",1.61e+11,1036.890045,7.399999976,"native"
"2053","Dudleya collomiae","Dudleya saxosa subsp. collomiae","DUCO",1.15e+11,813.2799759,5.75999999,"native"
"2054","Echinocereus dasyacanthus","Echinocereus dasyacanthus","ECDA",1.97e+11,781.1800079,5.339999676,"native"
"2055","Opuntia chlorotica","Opuntia chlorotica","OPCH",4.56e+11,1134.089951,7.460000396,"native"
"2056","Lycium pallidum","Lycium pallidum","LYPA",6.95e+11,1282.420044,7.460000396,"native"
"2057","Corispermum welshii","Corispermum welshii","COWE",11837605503,251.8900146,1.049999714,"native"
"2058","Ipomopsis wrightii","Ipomopsis wrightii","IPWR2",11837605503,251.8900146,1.049999714,"native"
"2059","Quercus chihuahuensis","Quercus chihuahuensis","QUCH4",11837605503,251.8900146,1.049999714,"native"
"2060","Selinocarpus maloneanus","Acleisanthes lanceolata var. lanceolata","SEMA17",11837605503,251.8900146,1.049999714,"native"
"2061","Tidestromia gemmata","Tidestromia suffruticosa var. suffruticosa","TIGE",11837605503,251.8900146,1.049999714,"native"
"2062","Hedeoma oblongifolia","Hedeoma oblongifolia","HEOB",2.83e+11,1049.670052,7.399999976,"native"
"2063","Garrya wrightii","Garrya wrightii","GAWR3",4.11e+11,1013.939949,7.399999976,"native"
"2064","Draba petrophila","Draba petrophila","DRPE2",68321382354,1085.219971,4.92999959,"native"
"2065","Scleropogon brevifolius","Scleropogon brevifolius","SCBR2",6.44e+11,1134.089951,7.460000396,"native"
"2066","Phoradendron hawksworthii","Phoradendron hawksworthii","PHHA3",77143615351,787.7299805,1.989999771,"native"
"2067","Polygala obscura","Hebecarpa obscura","POOB",1.68e+11,847.8199768,7.399999976,"native"
"2068","Condalia ericoides","Condalia ericoides","COER5",1.98e+11,877.7799683,4.929999828,"native"
"2069","Echinocereus coccineus","Echinocereus coccineus","ECCO5",9.65e+11,1375.160011,7.460000396,"native"
"2070","Sisyrinchium demissum","Sisyrinchium demissum","SIDE4",7.24e+11,1375.160011,7.460000396,"native"
"2071","Laennecia sophiifolia","Laennecia sophiifolia","LASO2",95261826501,805.2700195,4.92999959,"native"
"2072","Carex oreocharis","Carex oreocharis","CAOR",1.24e+11,1105.839966,7.000000358,"native"
"2073","Echinocereus triglochidiatus","Echinocereus triglochidiatus","ECTR",4.97e+11,1517.449951,7.259999633,"native"
"2074","Silene plankii","Silene plankii","SIPL",61811434271,700.9700012,4.919999838,"native"
"2075","Phoradendron coryae","Phoradendron coryae","PHCO14",4.01e+11,1013.939949,7.399999976,"native"
"2076","Funastrum hirtellum","Funastrum hirtellum","FUHI",2.81e+11,1282.420044,7.460000396,"native"
"2077","Leucaena retusa","Leucaena retusa","LERE5",1.04e+11,672.4299927,2.619999409,"native"
"2078","Penstemon ramosus","Penstemon lanceolatus","PERA8",89207054256,783.0699768,4.92999959,"native"
"2079","Eriogonum racemosum","Eriogonum racemosum","ERRA3",6.45e+11,1560.419952,7.460000396,"native"
"2080","Amaranthus fimbriatus","Amaranthus fimbriatus","AMFI",4.86e+11,1282.420044,7.460000396,"native"
"2081","Physaria rectipes","Physaria rectipes","PHRE9",2.96e+11,1326.799965,7.460000396,"native"
"2082","Phacelia gymnoclada","Phacelia gymnoclada","PHGY",3.32e+11,1774.089966,5.080000401,"native"
"2083","Agastache pringlei","Agastache pringlei","AGPR3",26989585866,763.4000092,4.639999866,"native"
"2084","Escobaria villardii","Pelecyphora sneedii subsp. orcuttii","ESVI",26989585866,763.4000092,4.639999866,"native"
"2085","Yucca baccata","Yucca baccata","YUBA",7.75e+11,1383.979965,7.460000396,"native"
"2086","Clarkia franciscana","Clarkia franciscana","CLFR3",2030973694,444.9400024,2.120000362,"native"
"2087","Phaseolus acutifolius","Phaseolus acutifolius","PHAC",2.42e+11,1085.219971,5.089999914,"native"
"2088","Pediocactus knowltonii","Pediocactus knowltonii","PEKN2",29469076878,1054.799973,4.549999952,"native"
"2089","Stachys coccinea","Stachys coccinea","STCO",1.93e+11,1036.890045,7.399999976,"native"
"2090","Chorizanthe leptotheca","Chorizanthe leptotheca","CHLE6",83573741211,1134.089951,4.019999504,"native"
"2091","Jepsonia parryi","Jepsonia parryi","JEPA",83573741211,1134.089951,4.019999504,"native"
"2092","Penstemon cyathophorus","Penstemon cyathophorus","PECY6",57998350669,1645.460052,3.609999657,"native"
"2093","Cleomella plocasperma","Cleomella plocasperma","CLPL2",4.1e+11,1774.089966,7.460000396,"native"
"2094","Lupinus kingii","Lupinus kingii","LUKI",5.05e+11,1547.049957,7.460000396,"native"
"2095","Acourtia wrightii","Acourtia wrightii","ACWR5",5.12e+11,1068.640045,7.460000396,"native"
"2096","Quercus turbinella","Quercus turbinella","QUTU2",6.84e+11,1215.540024,7.460000396,"native"
"2097","Penstemon marcusii","Penstemon marcusii","PEMA13",21762322057,789.6200104,4.630000591,"native"
"2098","Phacelia coerulea","Phacelia coerulea","PHCO",4.15e+11,1134.089951,7.399999976,"native"
"2099","Galium fendleri","Galium fendleri","GAFE",1.71e+11,1085.219971,7.399999976,"native"
"2100","Machaeranthera asteroides","Dieteria asteroides","MAAS2",4.1e+11,1138.519951,7.399999976,"native"
"2101","Calochortus concolor","Calochortus concolor","CACO4",81520446442,1134.089951,4.019999504,"native"
"2102","Eriogonum apiculatum","Eriogonum apiculatum","ERAP2",81520446442,1134.089951,4.019999504,"native"
"2103","Eriogonum foliosum","Eriogonum foliosum","ERFO4",81520446442,1134.089951,4.019999504,"native"
"2104","Eriogonum molestum","Eriogonum molestum","ERMO4",81520446442,1134.089951,4.019999504,"native"
"2105","Leptosiphon lemmonii","Leptosiphon lemmonii","LELE29",81520446442,1134.089951,4.019999504,"native"
"2106","Mammillaria dioica","Cochemiea dioica","MADI3",81520446442,1134.089951,4.019999504,"native"
"2107","Quercus cornelius-mulleri","Quercus cornelius-mulleri","QUCO7",81520446442,1134.089951,4.019999504,"native"
"2108","Rupertia rigida","Rupertia rigida","RURI2",81520446442,1134.089951,4.019999504,"native"
"2109","Silene parishii","Silene parishii","SIPA3",81520446442,1134.089951,4.019999504,"native"
"2110","Streptanthus bernardinus","Streptanthus bernardinus","STBE",81520446442,1134.089951,4.019999504,"native"
"2111","Streptanthus campestris","Streptanthus campestris","STCA4",81520446442,1134.089951,4.019999504,"native"
"2112","Lomatium austiniae","Lomatium austiniae","LOAU5",96575559139,2771.339951,4.460000038,"native"
"2113","Townsendia leptotes","Townsendia leptotes","TOLE",3.13e+11,1962.65995,7.460000396,"native"
"2114","Pteryxia petraea","Cymopterus petraeus","PTPE",5.06e+11,1662,7.460000396,"native"
"2115","Mertensia franciscana","Mertensia franciscana","MEFR2",4.51e+11,1682.770058,7.360000014,"native"
"2116","Calamagrostis foliosa","Calamagrostis foliosa","CAFO",20929072072,3141.759888,2.859999657,"native"
"2117","Cirsium neomexicanum","Cirsium neomexicanum","CINE",9.18e+11,1662,7.460000396,"native"
"2118","Desmodium cinerascens","Desmodium cinerascens","DECI2",54937318197,840.9699707,4.92999959,"native"
"2119","Desmodium retinens","Desmodium retinens","DERE4",54937318197,840.9699707,4.92999959,"native"
"2120","Erigeron arisolius","Erigeron arisolius","ERAR22",54937318197,840.9699707,4.92999959,"native"
"2121","Mentzelia isolata","Mentzelia isolata","MEIS",54937318197,840.9699707,4.92999959,"native"
"2122","Physalis latiphysa","Physalis pubescens","PHLA10",54937318197,840.9699707,4.92999959,"native"
"2123","Pinus aristata","Pinus aristata","PIAR",1.42e+11,1517.449951,7.099999785,"native"
"2124","Malacothrix fendleri","Malacothrix fendleri","MAFE",2.57e+11,1032.27005,7.399999976,"native"
"2125","Juncus cooperi","Juncus cooperi","JUCO3",2.45e+11,1282.420044,5.82000041,"native"
"2126","Townsendia jonesii","Townsendia jonesii","TOJO",2.73e+11,1471.669952,5.82000041,"native"
"2127","Astragalus agnicidus","Astragalus agnicidus","ASAG",18322954089,3141.759888,2.109999657,"native"
"2128","Castilleja mendocinensis","Castilleja mendocinensis","CAME21",18322954089,3141.759888,2.109999657,"native"
"2129","Lathyrus glandulosus","Lathyrus glandulosus","LAGL8",18322954089,3141.759888,2.109999657,"native"
"2130","Lygodesmia grandiflora","Lygodesmia grandiflora","LYGR",3.34e+11,1365.92997,7.460000396,"native"
"2131","Carex bella","Carex bella","CABE3",4.62e+11,1546.73996,7.460000396,"native"
"2132","Mahonia haematocarpa","Berberis haematocarpa","MAHA4",4.77e+11,1134.089951,7.399999976,"native"
"2133","Platanus wrightii","Platanus wrightii","PLWR2",2.61e+11,1013.939949,7.399999976,"native"
"2134","Desmodium rosei","Desmodium rosei","DERO2",1.98e+11,1025.420044,7.399999976,"native"
"2135","Machaeranthera gracilis","Xanthisma gracile","MAGR10",6.89e+11,1383.979965,7.460000396,"native"
"2136","Chaetadelpha wheeleri","Chaetadelpha wheeleri","CHWH",2.59e+11,1774.089966,5.080000401,"native"
"2137","Astragalus barrii","Astragalus barrii","ASBA",85468236762,813.3600159,3.449999809,"native"
"2138","Eriogonum lemmonii","Eriogonum lemmonii","ERLE8",50592271975,1363.770004,4.460000038,"native"
"2139","Cymopterus purpureus","Cymopterus purpureus","CYPU2",4.32e+11,1342.459969,7.460000396,"native"
"2140","Simsia lagasceiformis","Simsia lagasceiformis","SILA11",33092627579,758.1800079,5.339999676,"native"
"2141","Allium plummerae","Allium plummerae","ALPL4",39760967655,797.1799927,4.92999959,"native"
"2142","Asplenium dalhousiae","Asplenium dalhousieae","ASDA",39760967655,797.1799927,4.92999959,"native"
"2143","Cologania obovata","Cologania obovata","COOB14",39760967655,797.1799927,4.92999959,"native"
"2144","Hermannia pauciflora","Hermannia pauciflora","HEPA13",39760967655,797.1799927,4.92999959,"native"
"2145","Salvia lemmonii","Salvia microphylla","SALE5",39760967655,797.1799927,4.92999959,"native"
"2146","Muhlenbergia filiculmis","Muhlenbergia filiculmis","MUFI",1.43e+11,1517.449951,7.099999785,"native"
"2147","Cheilanthes newberryi","Hemionitis newberryi","CHNE2",1.25e+11,1282.420044,4.559999466,"native"
"2148","Coleogyne ramosissima","Coleogyne ramosissima","CORA",4.77e+11,1662,7.460000396,"native"
"2149","Penstemon dolius","Penstemon dolius","PEDO3",1.83e+11,1134.279945,5.080000401,"native"
"2150","Amsonia jonesii","Amsonia jonesii","AMJO",2.03e+11,1174.020027,7.460000396,"native"
"2151","Ericameria laricifolia","Ericameria laricifolia","ERLA12",3.46e+11,1282.420044,5.75999999,"native"
"2152","Cryptantha flava","Oreocarya flava","CRFL5",4.26e+11,1365.92997,7.460000396,"native"
"2153","Penstemon parvus","Penstemon parvus","PEPA26",26689929944,1009.930038,4.960000515,"native"
"2154","Lilium parryi","Lilium parryi","LIPA2",1.35e+11,1134.089951,4.92999959,"native"
"2155","Psilactis asteroides","Psilactis asteroides","PSAS2",3.06e+11,1036.890045,7.399999976,"native"
"2156","Bartlettia scaposa","Bartlettia scaposa","BASC",19517550279,271.2700195,1.629999638,"native"
"2157","Trifolium andersonii","Trifolium andersonii","TRAN",2.34e+11,2835.949951,5.080000401,"native"
"2158","Draba rectifructa","Draba rectifructa","DRRE",2.34e+11,1525.789955,7.460000396,"native"
"2159","Escobaria orcuttii","Pelecyphora sneedii subsp. orcuttii","ESOR",69800769255,763.4000092,5.339999676,"native"
"2160","Deinandra bacigalupii","Deinandra bacigalupii","DEBA10",1909598013,444.9400024,1.790000439,"native"
"2161","Cryptantha johnstonii","Oreocarya johnstonii","CRJO",17931254340,789.6200104,4.630000591,"native"
"2162","Eriogonum smithii","Eriogonum smithii","ERSM",17931254340,789.6200104,4.630000591,"native"
"2163","Pediocactus despainii","Pediocactus despainii","PEDE17",17931254340,789.6200104,4.630000591,"native"
"2164","Pediocactus winkleri","Pediocactus winkleri","PEWI2",17931254340,789.6200104,4.630000591,"native"
"2165","Schoenocrambe barnebyi","Hesperidanthus barnebyi","SCBA80",17931254340,789.6200104,4.630000591,"native"
"2166","Lomatium junceum","Lomatium junceum","LOJU3",36282826920,1009.930038,4.960000515,"native"
"2167","Quercus emoryi","Quercus emoryi","QUEM",2.78e+11,964.8500061,7.399999976,"native"
"2168","Stevia viscida","Stevia viscida","STVI3",31982040679,689.1799927,4.92999959,"native"
"2169","Boerhavia pterocarpa","Boerhavia pterocarpa","BOPT",47440912431,797.1799927,4.92999959,"native"
"2170","Malacothrix stebbinsii","Malacothrix stebbinsii","MAST2",3.3e+11,1428.380005,7.399999976,"native"
"2171","Phacelia tetramera","Phacelia tetramera","PHTE",2.46e+11,1699.850014,5.080000401,"native"
"2172","Achnatherum scribneri","Eriocoma scribneri","ACSC11",1.69e+11,1147.570038,5.309999943,"native"
"2173","Aliciella micromeria","Aliciella micromeria","ALMI10",4.09e+11,2032.379883,5.080000401,"native"
"2174","Thelypodium laxiflorum","Thelypodium laxiflorum","THLA4",2.34e+11,1560.419952,7.460000396,"native"
"2175","Cheilanthes fendleri","Hemionitis fendleri","CHFE2",3.52e+11,1174.020027,7.399999976,"native"
"2176","Delphinium scaposum","Delphinium scaposum","DESC",5.15e+11,1396.030014,7.460000396,"native"
"2177","Astragalus lonchocarpus","Astragalus lonchocarpus","ASLO3",5.62e+11,1466.289955,7.460000396,"native"
"2178","Senecio bigelovii","Senecio bigelovii","SEBI2",4.45e+11,1682.770058,7.259999633,"native"
"2179","Pediomelum pentaphyllum","Pediomelum pentaphyllum","PEPE27",50033218502,744.7299805,4.92999959,"native"
"2180","Penstemon comarrhenus","Penstemon comarrhenus","PECO5",3.35e+11,1327.319969,7.460000396,"native"
"2181","Erigeron argentatus","Erigeron argentatus","ERAR3",3.7e+11,1513.329956,7.460000396,"native"
"2182","Euphorbia bilobata","Euphorbia bilobata","EUBI4",1.49e+11,934.7099457,5.159999847,"native"
"2183","Astragalus monumentalis","Astragalus monumentalis","ASMO10",78972225612,1158.360023,7.460000396,"native"
"2184","Thelypodiopsis purpusii","Mostacillastrum purpusii","THPU3",1.56e+11,936.3700027,5.589999914,"native"
"2185","Polyctenium williamsiae","Polyctenium fremontii","POWI",1.26e+11,1727.049965,5.080000401,"native"
"2186","Panicum havardii","Panicum havardii","PAHA2",44281012982,309.6300354,4.700000286,"native"
"2187","Hymenoxys cooperi","Hymenoxys cooperi","HYCO2",6.09e+11,1662,7.460000396,"native"
"2188","Eriogonum nutans","Eriogonum nutans","ERNU5",3.63e+11,1957.949989,5.080000401,"native"
"2189","Allium macropetalum","Allium macropetalum","ALMA4",6.18e+11,1234.210022,7.460000396,"native"
"2190","Quercus palmeri","Quercus palmeri","QUPA10",2.98e+11,1134.089951,7.399999976,"native"
"2191","Pectis filipes","Pectis filipes","PEFI",1.54e+11,805.2700195,5.159999847,"native"
"2192","Sium carsonii","Sium carsonii","SICA12",1618651428,139.6899414,1.25,"native"
"2193","Desmodium metcalfei","Desmodium metcalfei","DEME2",1.35e+11,953.6300049,7.399999976,"native"
"2194","Fraxinus papillosa","Fraxinus papillosa","FRPA4",57713163278,744.7299805,4.92999959,"native"
"2195","Eriogonum palmerianum","Eriogonum palmerianum","ERPA11",8.04e+11,1662,7.460000396,"native"
"2196","Allium tribracteatum","Allium tribracteatum","ALTR2",12038233834,1598.630035,4.140000105,"native"
"2197","Allium munzii","Allium munzii","ALMU6",70619797051,1134.089951,4.019999504,"native"
"2198","Astragalus tricarinatus","Astragalus tricarinatus","ASTR5",70619797051,1134.089951,4.019999504,"native"
"2199","Castilleja lasiorhyncha","Castilleja lasiorhyncha","CALA69",70619797051,1134.089951,4.019999504,"native"
"2200","Erigeron parishii","Erigeron parishii","ERPA3",70619797051,1134.089951,4.019999504,"native"
"2201","Heuchera parishii","Heuchera parishii","HEPA9",70619797051,1134.089951,4.019999504,"native"
"2202","Linanthus maculatus","Maculigilia maculata","LIMA2",70619797051,1134.089951,4.019999504,"native"
"2203","Monardella pringlei","Monardella pringlei","MOPR",70619797051,1134.089951,4.019999504,"native"
"2204","Monardella robisonii","Monardella robinsonii","MORO",70619797051,1134.089951,4.019999504,"native"
"2205","Sedum niveum","Sedum niveum","SENI",70619797051,1134.089951,4.019999504,"native"
"2206","Atriplex parishii","Atriplex parishii","ATPA2",94084412987,1134.089951,4.559999466,"native"
"2207","Brodiaea filifolia","Brodiaea filifolia","BRFI",94084412987,1134.089951,4.559999466,"native"
"2208","Dudleya multicaulis","Dudleya multicaulis","DUMU",94084412987,1134.089951,4.559999466,"native"
"2209","Ericameria parishii","Ericameria parishii","ERPA24",94084412987,1134.089951,4.559999466,"native"
"2210","Osmadenia tenella","Osmadenia tenella","OSTE",94084412987,1134.089951,4.559999466,"native"
"2211","Pentachaeta aurea","Pentachaeta aurea","PEAU3",94084412987,1134.089951,4.559999466,"native"
"2212","Tetradymia comosa","Tetradymia comosa","TECO2",94084412987,1134.089951,4.559999466,"native"
"2213","Penstemon eatonii","Penstemon eatonii","PEEA",6.78e+11,1415.140015,7.460000396,"native"
"2214","Ceanothus fendleri","Ceanothus fendleri","CEFE",6.74e+11,1698.430061,7.460000396,"native"
"2215","Camissonia lewisii","Camissoniopsis lewisii","CALE26",23464615936,1101.140015,4.559999466,"native"
"2216","Astragalus pattersonii","Astragalus pattersonii","ASPA14",2.79e+11,1682.770058,7.460000396,"native"
"2217","Myosurus cupulatus","Ranunculus cupulatus","MYCU",3.96e+11,1282.420044,7.460000396,"native"
"2218","Mertensia humilis","Mertensia humilis","MEHU2",60296300042,1616.110062,3.609999657,"native"
"2219","Astragalus leucolobus","Astragalus leucolobus","ASLE11",92031118218,1134.089951,4.559999466,"native"
"2220","Frasera parryi","Frasera parryi","FRPA3",92031118218,1134.089951,4.559999466,"native"
"2221","Galium johnstonii","Galium johnstonii","GAJO",92031118218,1134.089951,4.559999466,"native"
"2222","Gilia diegensis","Gilia diegensis","GIDI",92031118218,1134.089951,4.559999466,"native"
"2223","Linanthus orcuttii","Linanthus orcuttii","LIOR",92031118218,1134.089951,4.559999466,"native"
"2224","Mahonia nevinii","Berberis nevinii","MANE3",92031118218,1134.089951,4.559999466,"native"
"2225","Cryptantha holoptera","Johnstonella holoptera","CRHO3",2.99e+11,1282.420044,7.460000396,"native"
"2226","Arceuthobium divaricatum","Arceuthobium divaricatum","ARDI3",9.23e+11,1662,7.460000396,"native"
"2227","Cyperus sphaerolepis","Cyperus sphaerolepis","CYSP7",1.53e+11,840.9699707,5.069999933,"native"
"2228","Bidens leptocephala","Bidens leptocephala","BILE",1.8e+11,1025.420044,7.399999976,"native"
"2229","Pleurocoronis pluriseta","Pleurocoronis pluriseta","PLPL",2.93e+11,1282.420044,5.82000041,"native"
"2230","Echinocereus ledingii","Echinocereus ledingii","ECLE2",51733704957,840.9699707,4.92999959,"native"
"2231","Hieracium rusbyi","Hieracium abscissum","HIRU",51733704957,840.9699707,4.92999959,"native"
"2232","Castilleja scabrida","Castilleja scabrida","CASC19",3.48e+11,1350.209999,7.460000396,"native"
"2233","Geranium caespitosum","Geranium caespitosum","GECA3",1.01e+12,1555.039955,7.460000396,"native"
"2234","Ribes leptanthum","Ribes leptanthum","RILE",5.55e+11,1541.449959,7.460000396,"native"
"2235","Carex serpenticola","Carex serpenticola","CASE33",11067689676,3814.469788,2.349999905,"native"
"2236","Streptanthus howellii","Streptanthus howellii","STHO",11067689676,3814.469788,2.349999905,"native"
"2237","Plagiobothrys kingii","Plagiobothrys kingii","PLKI",3.33e+11,2835.949951,5.080000401,"native"
"2238","Eucnide bartonioides","Eucnide bartonioides","EUBA3",82706264658,691.4799805,2.229999542,"native"
"2239","Gaillardia arizonica","Gaillardia arizonica","GAAR2",3.06e+11,1009.450012,7.399999976,"native"
"2240","Physaria vitulifera","Physaria vitulifera","PHVI7",49538638806,1299.269974,3.609999657,"native"
"2241","Eriogonum ripleyi","Eriogonum ripleyi","ERRI",93087888992,964.8500061,7.399999976,"native"
"2242","Heliotropium greggii","Euploca greggii","HEGR6",1.35e+11,479.4400177,4.700000286,"native"
"2243","Keckiella antirrhinoides","Keckiella antirrhinoides","KEAN",2.82e+11,1134.089951,7.399999976,"native"
"2244","Astragalus musiniensis","Astragalus musiniensis","ASMU3",96469306281,1125.049965,7.460000396,"native"
"2245","Ferocactus cylindraceus","Ferocactus cylindraceus","FECY",4.14e+11,1134.089951,7.460000396,"native"
"2246","Juniperus coahuilensis","Juniperus coahuilensis","JUCO11",2.72e+11,977.6300125,7.399999976,"native"
"2247","Dalea wrightii","Dalea wrightii","DAWR",2.15e+11,805.2700195,5.069999933,"native"
"2248","Camissonia brevipes","Chylismia brevipes","CABR23",3.78e+11,1282.420044,7.460000396,"native"
"2249","Carex ultra","Carex ultra","CAUL",1.49e+11,1025.420044,7.399999976,"native"
"2250","Mentzelia laciniata","Mentzelia laciniata","MELA",74492246343,1275.85997,4.919999838,"native"
"2251","Lesquerella congesta","Physaria congesta","LECO10",8342275042,1012.869965,2.789999962,"native"
"2252","Physaria obcordata","Physaria obcordata","PHOB",8342275042,1012.869965,2.789999962,"native"
"2253","Aliciella hutchinsifolia","Aliciella hutchinsifolia","ALHU6",4.94e+11,1662,7.460000396,"native"
"2254","Bergerocactus emoryi","Bergerocactus emoryi","BEEM",21411321167,1101.140015,4.559999466,"native"
"2255","Chamaebatia australis","Chamaebatia australis","CHAU2",21411321167,1101.140015,4.559999466,"native"
"2256","Hemizonia floribunda","Deinandra floribunda","HEFL4",21411321167,1101.140015,4.559999466,"native"
"2257","Phacelia stellaris","Phacelia stellaris","PHST7",21411321167,1101.140015,4.559999466,"native"
"2258","Ribes viburnifolium","Ribes viburnifolium","RIVI",21411321167,1101.140015,4.559999466,"native"
"2259","Agastache cusickii","Agastache cusickii","AGCU",2.15e+11,1355.000038,5.080000401,"native"
"2260","Potentilla robbinsiana","Potentilla robbinsiana","PORO3",4647907788,1225.130066,0.860000134,"native"
"2261","Astragalus consobrinus","Astragalus consobrinus","ASCO16",38247172783,1009.930038,4.960000515,"native"
"2262","Camissonia nevadensis","Eremothera nevadensis","CANE11",52805115158,1363.770004,4.460000038,"native"
"2263","Argyrochosma microphylla","Hemionitis vooshvazool","ARMI6",1.11e+11,703.1999664,2.619999409,"native"
"2264","Erigeron abajoensis","Erigeron abajoensis","ERAB3",56446876564,950.7999649,7.460000396,"native"
"2265","Plagiobothrys nitens","Plagiobothrys scouleri var. scouleri","PLNI2",44406307069,1662,4.429999828,"native"
"2266","Brickellia parvula","Brickellia parvula","BRPA",65673055340,738.9799805,4.459999561,"native"
"2267","Physalis crassifolia","Physalis crassifolia","PHCR4",4.32e+11,1282.420044,7.460000396,"native"
"2268","Mentzelia humilis","Mentzelia humilis","MEHU",2.55e+11,1320.959999,7.2299999,"native"
"2269","Oreoxis alpina","Cymopterus alpinus","ORAL",2.22e+11,1682.770058,7.460000396,"native"
"2270","Astragalus anisus","Astragalus anisus","ASAN4",8389338082,1406.269958,3.050000191,"native"
"2271","Astragalus microcymbus","Astragalus microcymbus","ASMI3",8389338082,1406.269958,3.050000191,"native"
"2272","Phemeranthus longipes","Phemeranthus longipes","PHLO15",1.12e+11,819.8799744,4.919999838,"native"
"2273","Gilia flavocincta","Gilia flavocincta","GIFL",3.47e+11,1141.289978,7.399999976,"native"
"2274","Cleomella longipes","Cleomella longipes","CLLO",56428843181,722.0999908,4.92999959,"native"
"2275","Penstemon auriberbis","Penstemon auriberbis","PEAU2",52218979601,949.3899841,4.019999504,"native"
"2276","Cryptantha ochroleuca","Oreocarya ochroleuca","CROC2",21941047002,814.5699921,4.240000248,"native"
"2277","Penstemon carnosus","Penstemon carnosus","PECA9",63862312664,1011.830048,7.460000396,"native"
"2278","Astragalus coltonii","Astragalus coltonii","ASCO8",2.18e+11,1158.360023,7.460000396,"native"
"2279","Solidago wrightii","Solidago wrightii","SOWR",4.93e+11,1109.469978,7.399999976,"native"
"2280","Physaria chambersii","Physaria chambersii","PHCH2",6.15e+11,1631.869995,7.460000396,"native"
"2281","Packera spellenbergii","Packera spellenbergii","PASP18",15411829425,117.9200134,0.659999847,"native"
"2282","Penstemon thurberi","Penstemon thurberi","PETH3",2.72e+11,1138.519951,5.619999647,"native"
"2283","Eriogonum gordonii","Eriogonum gordonii","ERGO",3.36e+11,1365.92997,7.460000396,"native"
"2284","Navarretia prolifera","Navarretia prolifera","NAPR",12088136631,1551.23999,2.690000057,"native"
"2285","Hymenoclea monogyra","Ambrosia monogyra","HYMO",3.99e+11,1409.270004,5.75999999,"native"
"2286","Centaurium arizonicum","Zeltnera arizonica","CEAR12",5.8e+11,1145.929977,7.460000396,"native"
"2287","Cymopterus ibapensis","Cymopterus longipes var. ibapensis","CYIB",3.95e+11,1471.669952,5.080000401,"native"
"2288","Hymenoxys lemmonii","Hymenoxys lemmonii","HYLE",3.39e+11,3829.600006,5.080000401,"native"
"2289","Carex thurberi","Carex thurberi","CATH",1.27e+11,964.8500061,7.399999976,"native"
"2290","Helianthella parryi","Helianthella parryi","HEPA",1.96e+11,1423.050049,7.2299999,"native"
"2291","Dalea neomexicana","Dalea neomexicana","DANE",1.66e+11,805.2700195,5.480000019,"native"
"2292","Calochortus howellii","Calochortus howellii","CAHO11",8461571693,3814.469788,2.349999905,"native"
"2293","Hastingsia bracteosa","Hastingsia bracteosa","HABR5",8461571693,3814.469788,2.349999905,"native"
"2294","Packera hesperia","Packera hesperia","PAHE11",8461571693,3814.469788,2.349999905,"native"
"2295","Sophora leachiana","Sophora leachiana","SOLE3",8461571693,3814.469788,2.349999905,"native"
"2296","Mimosa texana","Mimosa texana","MITE6",1.08e+11,709.4299927,2.229999542,"native"
"2297","Astragalus pterocarpus","Astragalus pterocarpus","ASPT2",67593694489,722.1899872,4.380000114,"native"
"2298","Suaeda suffrutescens","Suaeda suffrutescens","SUSU",2.93e+11,1032.27005,7.2299999,"native"
"2299","Polygala scoparioides","Polygala scoparioides","POSC2",2.18e+11,889.2499695,5.159999847,"native"
"2300","Astragalus bicristatus","Astragalus bicristatus","ASBI",81130468827,1134.089951,4.559999466,"native"
"2301","Dodecahema leptoceras","Dodecahema leptoceras","DOLE",81130468827,1134.089951,4.559999466,"native"
"2302","Draba corrugata","Draba corrugata","DRCO",81130468827,1134.089951,4.559999466,"native"
"2303","Juncus duranii","Juncus mertensianus","JUDU3",81130468827,1134.089951,4.559999466,"native"
"2304","Lupinus hyacinthinus","Lupinus hyacinthinus","LUHY3",81130468827,1134.089951,4.559999466,"native"
"2305","Muhlenbergia californica","Muhlenbergia californica","MUCA",81130468827,1134.089951,4.559999466,"native"
"2306","Chamaesyce jejuna","Euphorbia jejuna","CHJE",47328016574,385.0599976,1.159999371,"native"
"2307","Nama pusillum","Nama pusilla","NAPU",2.1e+11,1282.420044,5.82000041,"native"
"2308","Amaranthus bigelovii","Amaranthus bigelowii","AMBI",7679944776,245.5700073,1.289999962,"native"
"2309","Sphaeralcea procera","Sphaeralcea procera","SPPR3",7679944776,245.5700073,1.289999962,"native"
"2310","Trifolium attenuatum","Trifolium attenuatum","TRAT",94489301662,1365.870056,5.679999828,"native"
"2311","Heterotheca fulcrata","Heterotheca fulcrata","HEFU3",7.87e+11,1473.140045,7.460000396,"native"
"2312","Dasylirion texanum","Dasylirion texanum","DATE3",89804511942,678.710022,2.229999542,"native"
"2313","Hieracium pringlei","Hieracium pringlei","HIPR2",31398450303,721.0500183,4.92999959,"native"
"2314","Astragalus perianus","Astragalus perianus","ASPE6",45876987249,1011.830048,7.460000396,"native"
"2315","Draba trichocarpa","Draba trichocarpa","DRTR3",12748378759,1239.149979,2.729999542,"native"
"2316","Eriogonum meledonum","Eriogonum crosbyae var. crosbyae","ERME6",12748378759,1239.149979,2.729999542,"native"
"2317","Linum aristatum","Linum aristatum","LIAR3",4.1e+11,1174.020027,7.460000396,"native"
"2318","Cheilanthes yavapensis","Hemionitis yavapensis","CHYA",1.18e+11,964.8500061,7.399999976,"native"
"2319","Physocarpus alternans","Physocarpus alternans","PHAL7",4.27e+11,1662,7.460000396,"native"
"2320","Stenogonum flexum","Stenogonum flexum","STFL2",1.74e+11,1158.360023,7.460000396,"native"
"2321","Baccharis pteronioides","Baccharis pteronioides","BAPT",3.24e+11,880.2000198,5.75999999,"native"
"2322","Astragalus newberryi","Astragalus newberryi","ASNE6",8.46e+11,3304.389893,7.460000396,"native"
"2323","Hedosyne ambrosiifolia","Hedosyne ambrosiifolia","HEAM11",2.06e+11,856.2600098,5.069999933,"native"
"2324","Centaurium maryannum",NA,"CEMA19",26530765913,275.5700378,4.700000286,"native"
"2325","Grusonia emoryi","Grusonia emoryi","GREM",96094096786,795.0499878,5.019999504,"native"
"2326","Eriogonum crosbyae","Eriogonum crosbyae","ERCR10",62369007084,1342.029999,4.460000038,"native"
"2327","Penstemon navajoa","Penstemon navajoa","PENA4",20253132571,950.7999649,7.179999709,"native"
"2328","Phacelia indecora","Phacelia indecora","PHIN11",20253132571,950.7999649,7.179999709,"native"
"2329","Bouteloua breviseta","Bouteloua breviseta","BOBR",1.09e+11,766.210022,4.700000286,"native"
"2330","Bromus lanatipes","Bromus lanatipes","BRLA6",4.28e+11,1674.430054,7.259999633,"native"
"2331","Echinocereus engelmannii","Echinocereus engelmannii","ECEN",6.62e+11,1282.420044,7.460000396,"native"
"2332","Ayenia microphylla","Ayenia microphylla","AYMI",1e+11,738.9799805,4.71999979,"native"
"2333","Muhlenbergia villiflora","Muhlenbergia villiflora","MUVI4",67208153731,766.210022,4.669999599,"native"
"2334","Agrostis pauzhetica","Agrostis scabra","AGPA9",34936212905,2736.239944,4.020000458,"native"
"2335","Woodsia neomexicana","Woodsia neomexicana","WONE",3.7e+11,1150.02002,7.259999633,"native"
"2336","Brickellia arguta","Brickellia atractyloides var. arguta","BRAR2",2.14e+11,1282.420044,5.080000401,"native"
"2337","Cirsium scopulorum","Cirsium scopulorum","CISC3",1.15e+11,1525.789955,7.179999709,"native"
"2338","Penstemon hallii","Penstemon hallii","PEHA9",35186277612,1453.149963,3.639999866,"native"
"2339","Linanthus jonesii","Linanthus jonesii","LIJO",2.26e+11,1282.420044,5.080000401,"native"
"2340","Draba streptocarpa","Draba streptocarpa","DRST4",1.3e+11,1341.200043,4.789999723,"native"
"2341","Iris thompsonii","Iris x thompsonii","IRTH",17334278168,4409.539764,4.579999447,"native"
"2342","Mandevilla brachysiphon","Mandevilla brachysiphon","MABR4",66467097472,840.9699707,4.92999959,"native"
"2343","Lesquerella purpurea","Physaria purpurea","LEPU2",1.84e+11,867.730011,5.480000019,"native"
"2344","Hymenothrix wrightii","Hymenothrix wrightii","HYWR",3.32e+11,1005.26001,7.399999976,"native"
"2345","Astrolepis cochisensis","Hemionitis cochisensis","ASCO42",3.23e+11,1134.089951,7.399999976,"native"
"2346","Cirsium ownbeyi","Cirsium ownbeyi","CIOW",69812043228,1289.789993,3.980000019,"native"
"2347","Echinocactus horizonthalonius","Echinocactus horizonthalonius","ECHO",2.18e+11,856.2600098,5.480000019,"native"
"2348","Leymus salinus","Leymus salinus","LESA4",5.4e+11,1513.329956,7.460000396,"native"
"2349","Cryptantha jonesiana","Oreocarya jonesiana","CRJO2",15388310556,785.8200073,3.750000477,"native"
"2350","Eriogonum lancifolium","Eriogonum lancifolium","ERLA10",15388310556,785.8200073,3.750000477,"native"
"2351","Galium emeryense","Galium emeryense","GAEM",15388310556,785.8200073,3.750000477,"native"
"2352","Dimorphocarpa wislizeni","Dimorphocarpa wislizeni","DIWI2",6.4e+11,1205.840027,7.460000396,"native"
"2353","Bommeria hispida","Hemionitis hispida","BOHI",1.56e+11,840.9699707,5.159999847,"native"
"2354","Eriogonum arizonicum","Eriogonum arizonicum","ERAR19",91664402584,813.2799759,5.75999999,"native"
"2355","Botrychium echo","Botrychium echo","BOEC",79307304576,1510.329956,7.179999709,"native"
"2356","Cheilanthes bonariensis","Hemionitis bonariensis","CHBO5",1.42e+11,1025.420044,7.399999976,"native"
"2357","Muhlenbergia arenacea","Muhlenbergia arenacea","MUAR",2.85e+11,898.4100342,5.339999676,"native"
"2358","Parthenium incanum","Parthenium incanum","PAIN2",4.7e+11,996.6000061,7.399999976,"native"
"2359","Lilium occidentale","Lilium occidentale","LIOC2",24442932071,3814.469788,2.449999809,"native"
"2360","Phacelia stebbinsii","Phacelia stebbinsii","PHST6",10548203054,1551.23999,2.690000057,"native"
"2361","Eriogonum bicolor","Eriogonum bicolor","ERBI",78501288206,1082.029945,7.460000396,"native"
"2362","Lotus hamatus","Acmispon micranthus","LOHA2",1.34e+11,1134.089951,4.579999447,"native"
"2363","Arenaria fendleri","Eremogone fendleri","ARFE3",5.15e+11,1698.430061,7.460000396,"native"
"2364","Atrichoseris platyphylla","Atrichoseris platyphylla","ATPL",2.58e+11,1282.420044,5.82000041,"native"
"2365","Sphaeralcea laxa","Sphaeralcea laxa","SPLA",2.46e+11,1001.159943,7.399999976,"native"
"2366","Eurytaenia hinckleyi","Eurytaenia hinckleyi","EUHI2",52960077877,309.6300354,4.700000286,"native"
"2367","Ephedra aspera","Ephedra aspera","EPAS",5.27e+11,1282.420044,7.460000396,"native"
"2368","Psilostrophe cooperi","Psilostrophe cooperi","PSCO2",4.67e+11,1138.519951,7.460000396,"native"
"2369","Antennaria suffrutescens","Antennaria suffrutescens","ANSU3",20309217106,3814.469788,2.449999809,"native"
"2370","Lilium kelloggii","Lilium kelloggii","LIKE2",20309217106,3814.469788,2.449999809,"native"
"2371","Sanicula peckiana","Sanicula peckiana","SAPE7",20309217106,3814.469788,2.449999809,"native"
"2372","Eriogonum hookeri","Eriogonum hookeri","ERHO6",6.79e+11,1662,7.460000396,"native"
"2373","Eucnide urens","Eucnide urens","EUUR",3.21e+11,1282.420044,7.460000396,"native"
"2374","Lupinus malacophyllus","Lupinus malacophyllus","LUMA2",23716614236,1362.020004,4.460000038,"native"
"2375","Baileya pleniradiata","Baileya pleniradiata","BAPL3",5.65e+11,1662,7.460000396,"native"
"2376","Oreochrysum parryi","Oreochrysum parryi","ORPA3",6.82e+11,1704.03006,7.460000396,"native"
"2377","Salvia davidsonii","Salvia henryi","SADA2",1.21e+11,964.8500061,7.399999976,"native"
"2378","Astragalus porrectus","Astragalus porrectus","ASPO3",74878124450,1363.770004,4.460000038,"native"
"2379","Quercus grisea","Quercus grisea","QUGR3",5.43e+11,1096.689972,7.399999976,"native"
"2380","Potentilla basaltica","Potentilla basaltica","POBA6",81199175532,1718.749969,4.010000229,"native"
"2381","Hexalectris warnockii","Hexalectris warnockii","HEWA",74750299218,824.8200531,4.92999959,"native"
"2382","Eurybia wasatchensis","Eurybia wasatchensis","EUWA4",57633182210,924.8499451,7.460000396,"native"
"2383","Dalea lachnostachys","Dalea lachnostachys","DALA",1.32e+11,840.9699707,4.92999959,"native"
"2384","Orobanche cooperi","Orobanche cooperi","ORCO4",5.66e+11,1662,7.460000396,"native"
"2385","Astragalus megacarpus","Astragalus megacarpus","ASME2",2.71e+11,1350.209999,7.460000396,"native"
"2386","Cryptantha compacta","Oreocarya compacta","CRCO17",1.24e+11,1047.640045,4.240000248,"native"
"2387","Leuciva dealbata","Euphrosyne dealbata","LEDE23",2.03e+11,798.3600159,5.339999676,"native"
"2388","Gaillardia spathulata","Gaillardia spathulata","GASP",1e+11,1082.029945,7.460000396,"native"
"2389","Cyphomeris gypsophiloides","Cyphomeris gypsophiloides","CYGY",1.84e+11,806.239975,5.309999943,"native"
"2390","Eriogonum gypsophilum","Eriogonum gypsophilum","ERGY",10816898665,275.5700378,2.619999409,"native"
"2391","Lithospermum parksii","Lithospermum mirabile","LIPA6",10816898665,275.5700378,2.619999409,"native"
"2392","Opuntia chihuahuensis","Opuntia phaeacantha","OPCH3",30055603932,763.4000092,3.559999943,"native"
"2393","Asclepias labriformis","Asclepias labriformis","ASLA",97710093097,1105.029945,7.460000396,"native"
"2394","Ipomopsis pumila","Ipomopsis pumila","IPPU4",5.19e+11,1320.959999,7.460000396,"native"
"2395","Sphaeromeria capitata","Artemisia capitata","SPCA8",1.55e+11,1351.910019,4.240000248,"native"
"2396","Phacelia affinis","Phacelia affinis","PHAF",6.15e+11,1662,7.460000396,"native"
"2397","Pectis papposa","Pectis papposa","PEPA2",6.32e+11,1662,7.460000396,"native"
"2398","Boerhavia linearifolia","Boerhavia linearifolia","BOLI2",1.46e+11,996.6199799,4.700000286,"native"
"2399","Condalia viridis","Condalia viridis","COVI8",90003517760,678.710022,1.859999657,"native"
"2400","Salvia amissa","Salvia amissa","SAAM5",40262060837,744.7299805,4.92999959,"native"
"2401","Thelesperma caespitosum","Thelesperma subnudum var. subnudum","THCA11",35385256971,1067.71994,3.13999939,"native"
"2402","Lupinus uncialis","Lupinus uncialis","LUUN",3.31e+11,1381.340004,5.080000401,"native"
"2403","Tetraneuris brandegeei","Hymenoxys brandegeei","TEBR",1.26e+11,1186.540039,7.179999709,"native"
"2404","Astragalus simplicifolius","Astragalus simplicifolius","ASSI4",1.27e+11,1335.239975,3.410000324,"native"
"2405","Penstemon versicolor","Penstemon secundiflorus var. versicolor","PEVE9",25780858196,762.5800476,2.879999638,"native"
"2406","Muhlenbergia spiciformis","Muhlenbergia spiciformis","MUSP4",94054840168,755.280014,3.009999752,"native"
"2407","Chaenactis nevadensis","Chaenactis nevadensis","CHNE",70323648169,2749.599945,5.819999933,"native"
"2408","Boerhavia purpurascens","Boerhavia purpurascens","BOPU",1.46e+11,840.9699707,5.159999847,"native"
"2409","Iris purdyi","Iris purdyi","IRPU",30638710281,3456.019897,2.679999828,"native"
"2410","Caulanthus major","Streptanthus major","CAMA17",2.7e+11,2816.839951,5.080000401,"native"
"2411","Delphinium wootonii","Delphinium wootonii","DEWO",2.62e+11,1085.219971,5.339999676,"native"
"2412","Astragalus proximus","Astragalus proximus","ASPR8",46951449484,1287.789963,5.309999943,"native"
"2413","Chamaesaracha villosa","Chamaesaracha villosa","CHVI9",63964837835,360.039978,1.419999599,"native"
"2414","Astragalus piscator","Astragalus piscator","ASPI6",44761405070,1082.029945,7.179999709,"native"
"2415","Erigeron miser","Erigeron miser","ERMI2",12737313494,2574.399963,2.829999924,"native"
"2416","Phacelia marcescens","Phacelia marcescens","PHMA3",12737313494,2574.399963,2.829999924,"native"
"2417","Matelea producta","Matelea producta","MAPR3",2.62e+11,880.2000198,5.75999999,"native"
"2418","Buddleja scordioides","Buddleja scordioides","BUSC",1.11e+11,643.4399719,5.159999847,"native"
"2419","Nemacladus rigidus","Nemacladus rigidus","NERI",2.43e+11,1662,5.080000401,"native"
"2420","Yucca schidigera","Yucca schidigera","YUSC2",2.11e+11,1138.519951,5.82000041,"native"
"2421","Caulanthus barnebyi","Streptanthus barnebyi","CABA11",40604225242,704.4899902,3.900000095,"native"
"2422","Mimulus nudatus","Erythranthe nudata","MINU2",14273905160,1800.529968,2.679999828,"native"
"2423","Erigeron heliographis","Erigeron heliographis","ERHE5",11972737302,744.7299805,4.579999447,"native"
"2424","Potentilla albiflora","Potentilla albiflora","POAL9",11972737302,744.7299805,4.579999447,"native"
"2425","Lupinus ammophilus","Lupinus ammophilus","LUAM",1.5e+11,1342.459969,7.179999709,"native"
"2426","Draba subalpina","Draba subalpina","DRSU",49381799290,816.4700012,7.460000396,"native"
"2427","Ipomoea pubescens","Ipomoea pubescens","IPPU3",57426325959,805.2700195,4.92999959,"native"
"2428","Fendlera wrightii","Fendlera rupicola","FEWR",2.22e+11,1149.77002,5.709999561,"native"
"2429","Crossosoma bigelovii","Crossosoma bigelovii","CRBI2",3.41e+11,1282.420044,5.82000041,"native"
"2430","Astragalus sinuatus","Astragalus sinuatus","ASSI5",7565788664,2803.879898,2.420000076,"native"
"2431","Hackelia venusta","Hackelia venusta","HAVE4",7565788664,2803.879898,2.420000076,"native"
"2432","Muhlenbergia porteri","Muhlenbergia porteri","MUPO2",8.32e+11,1282.420044,7.460000396,"native"
"2433","Dasyochloa pulchella","Munroa pulchella","DAPU7",9.14e+11,1282.420044,7.460000396,"native"
"2434","Carex occidentalis","Carex occidentalis","CAOC2",9.28e+11,1642.889999,7.460000396,"native"
"2435","Pedicularis procera","Pedicularis procera","PEPR7",4.08e+11,1933.40995,7.259999633,"native"
"2436","Nolina micrantha","Nolina micrantha","NOMI2",24335184622,406.719986,1.079999447,"native"
"2437","Linanthus glabrum",NA,"LIGL6",1.05e+11,1025.599945,4.010000229,"native"
"2438","Gilia salticola","Gilia salticola","GISA",1.12e+11,1709.479965,4.460000038,"native"
"2439","Allium praecox","Allium praecox","ALPR2",1.01e+11,1134.089951,4.559999466,"native"
"2440","Clematis pauciflora","Clematis pauciflora","CLPA2",1.01e+11,1134.089951,4.559999466,"native"
"2441","Monardella hypoleuca","Monardella hypoleuca","MOHY",1.01e+11,1134.089951,4.559999466,"native"
"2442","Penstemon spectabilis","Penstemon spectabilis","PESP3",1.01e+11,1134.089951,4.559999466,"native"
"2443","Anemia mexicana","Anemia mexicana","ANME",51394788102,701.0700073,1.859999657,"native"
"2444","Thelesperma longipes","Thelesperma longipes","THLO",2.5e+11,856.2600098,5.339999676,"native"
"2445","Lupinus antoninus","Lupinus antoninus","LUAN5",28208284809,2331.909973,2.679999828,"native"
"2446","Polygala rimulicola","Rhinotropis rimulicola","PORI",42391072821,391.75,2.619999409,"native"
"2447","Stevia plummerae","Stevia plummerae","STPL",1.18e+11,1025.420044,7.399999976,"native"
"2448","Erigeron latus","Erigeron latus","ERLA14",64328588278,1025.599945,4.010000229,"native"
"2449","Saltugilia australis","Saltugilia australis","SAAU11",86292414758,1233.060043,4.019999504,"native"
"2450","Camissonia chamaenerioides","Eremothera chamaenerioides","CACH12",5.8e+11,1662,7.460000396,"native"
"2451","Packera porteri","Packera porteri","PAPO12",25573269133,1560.190018,4.789999962,"native"
"2452","Petrophytum hendersonii","Petrophytum hendersonii","PEHE4",16584066329,5577.09024,1.809999943,"native"
"2453","Cymopterus lapidosus","Cymopterus lapidosus","CYLA10",47797238242,1149.23996,3.820000172,"native"
"2454","Ribes wolfii","Ribes wolfii","RIWO",4.66e+11,1987.879913,7.360000014,"native"
"2455","Scutellaria potosina","Scutellaria potosina","SCPO5",2.15e+11,1036.890045,7.399999976,"native"
"2456","Cryptantha bakeri","Oreocarya bakeri","CRBA4",2.2e+11,1525.789955,7.460000396,"native"
"2457","Dalea bicolor","Dalea bicolor","DABI",1.07e+11,867.730011,5.480000019,"native"
"2458","Abutilon parvulum","Abutilon parvulum","ABPA3",4.33e+11,1134.089951,7.399999976,"native"
"2459","Vesicarpa potentilloides","Artemisia potentilloides","VEPO6",3.29e+11,2788.90995,5.080000401,"native"
"2460","Ipomopsis polycladon","Ipomopsis polycladon","IPPO2",7.83e+11,1662,7.460000396,"native"
"2461","Chamaesyce revoluta","Euphorbia revoluta","CHRE4",5.18e+11,1215.540024,7.399999976,"native"
"2462","Agastache rupestris","Agastache rupestris","AGRU",1.15e+11,989.6899414,5.159999847,"native"
"2463","Chamaesyce melanadenia","Euphorbia melanadenia","CHME5",2.37e+11,1119.460014,7.399999976,"native"
"2464","Phemeranthus thompsonii","Phemeranthus thompsonii","PHTH6",11557242839,785.8200073,3.710000515,"native"
"2465","Thymophylla acerosa","Thymophylla acerosa","THAC",5.43e+11,996.6000061,7.460000396,"native"
"2466","Astragalus amphioxys","Astragalus amphioxys","ASAM5",5.61e+11,1471.669952,7.460000396,"native"
"2467","Cyperus parishii","Cyperus parishii","CYPA4",1.75e+11,1134.089951,5.159999847,"native"
"2468","Eriophorum altaicum","Eriophorum scheuchzeri var. scheuchzeri","ERAL7",29222183047,1406.269958,5.059999943,"native"
"2469","Salvia mohavensis","Salvia mohavensis","SAMO3",2.22e+11,1134.089951,5.82000041,"native"
"2470","Lupinus nevadensis","Lupinus nevadensis","LUNE",2.15e+11,2032.379883,4.980000019,"native"
"2471","Philadelphus mearnsii","Philadelphus mearnsii","PHME4",93533975938,819.8799744,5.339999676,"native"
"2472","Asplenium vespertinum","Asplenium vespertinum","ASVE3",98856381303,1233.060043,4.559999466,"native"
"2473","Chorizanthe procumbens","Chorizanthe procumbens","CHPR4",98856381303,1233.060043,4.559999466,"native"
"2474","Lasthenia coronaria","Lasthenia coronaria","LACO7",98856381303,1233.060043,4.559999466,"native"
"2475","Piperia cooperi","Platanthera cooperi","PICO9",98856381303,1233.060043,4.559999466,"native"
"2476","Astragalus molybdenus","Astragalus molybdenus","ASMO8",48666188302,1872.219955,3.880000114,"native"
"2477","Astragalus scopulorum","Astragalus scopulorum","ASSC7",3.16e+11,1682.770058,7.360000014,"native"
"2478","Krameria erecta","Krameria erecta","KRER",5.57e+11,1282.420044,7.460000396,"native"
"2479","Cusickiella quadricostata","Cusickiella quadricostata","CUQU",24637997266,1595.639999,4.429999828,"native"
"2480","Atriplex graciliflora","Atriplex graciliflora","ATGR",91793295961,1082.029945,7.460000396,"native"
"2481","Opuntia strigil","Opuntia strigil","OPST3",40743191664,417.9799957,0.959999561,"native"
"2482","Linum australe","Linum australe","LIAU4",4.74e+11,1473.140045,7.460000396,"native"
"2483","Galium microphyllum","Galium microphyllum","GAMI",3.57e+11,1009.450012,7.399999976,"native"
"2484","Grusonia parishii","Grusonia parishii","GRPA11",2.34e+11,1134.089951,5.82000041,"native"
"2485","Erigeron maniopotamicus","Erigeron maniopotamicus","ERMA19",9241527430,2977.199951,1.309999943,"native"
"2486","Lathyrus biflorus","Lathyrus biflorus","LABI3",9241527430,2977.199951,1.309999943,"native"
"2487","Astragalus arizonicus","Astragalus arizonicus","ASAR6",2.09e+11,977.6300125,7.399999976,"native"
"2488","Eriogonum desertorum","Eriogonum desertorum","ERDE11",1.36e+11,1458.299957,4.980000019,"native"
"2489","Rorippa microtitis","Rorippa microtitis","ROMI2",1.62e+11,1036.890045,7.399999976,"native"
"2490","Antennaria arcuata","Antennaria arcuata","ANAR4",75085125425,1305.889984,4.11000061,"native"
"2491","Desmodium psilophyllum","Desmodium psilophyllum","DEPS2",1.02e+11,840.9699707,4.92999959,"native"
"2492","Calystegia macounii","Calystegia macounii","CAMA23",1.29e+11,1112.439972,7.179999709,"native"
"2493","Cryptantha flavoculata","Oreocarya flavoculata","CRFL6",8.04e+11,1662,7.460000396,"native"
"2494","Eriogonum thurberi","Eriogonum thurberi","ERTH3",2.91e+11,1282.420044,5.75999999,"native"
"2495","Pedicularis centranthera","Pedicularis centranthera","PECE",6.69e+11,1727.049965,7.460000396,"native"
"2496","Euphorbia macropus","Euphorbia macropus","EUMA10",28778925851,688.8900299,4.949999571,"native"
"2497","Pericome caudata","Pericome caudata","PECA10",5.71e+11,1662,7.460000396,"native"
"2498","Poa bigelovii","Poa bigelovii","POBI",7.82e+11,1282.420044,7.460000396,"native"
"2499","Muhlenbergia montana","Muhlenbergia montana","MUMO",7.02e+11,3794.970009,7.460000396,"native"
"2500","Amsonia longiflora","Amsonia longiflora","AMLO",1.63e+11,798.3600159,5.339999676,"native"
"2501","Astragalus osterhoutii","Astragalus osterhoutii","ASOS",4782260510,1226.740051,2.75,"native"
"2502","Penstemon penlandii","Penstemon penlandii","PEPE25",4782260510,1226.740051,2.75,"native"
"2503","Phacelia gina-glenneae","Phacelia gina-glenneae","PHGI3",4782260510,1226.740051,2.75,"native"
"2504","Packera neomexicana","Packera neomexicana","PANE7",6.91e+11,1541.449959,7.460000396,"native"
"2505","Pediomelum mephiticum","Pediomelum mephiticum","PEME8",85027771999,728.1100159,5.75999999,"native"
"2506","Solidago juliae","Solidago juliae","SOJU2",77963691137,701.0700073,1.859999657,"native"
"2507","Stellaria porsildii","Stellaria porsildii","STPO8",26225598899,662.2799988,4.92999959,"native"
"2508","Draba oreibata","Draba oreibata","DROR",74396918391,1287.870041,4.980000019,"native"
"2509","Astragalus praelongus","Astragalus praelongus","ASPR5",6.12e+11,1361.429962,7.460000396,"native"
"2510","Calamagrostis scopulorum","Calamagrostis scopulorum","CASC",3.04e+11,1933.40995,7.460000396,"native"
"2511","Astragalus yoder-williamsii","Astragalus yoder-williamsii","ASYO",89298121570,1025.599945,4.010000229,"native"
"2512","Cardamine pattersonii","Cardamine pattersonii","CAPA13",5000003416,3206.369873,1.960000038,"native"
"2513","Saxifraga hitchcockiana","Micranthes hitchcockiana","SAHI7",5000003416,3206.369873,1.960000038,"native"
"2514","Chrysothamnus linifolius","Lorandersonia linifolia","CHLI3",4.36e+11,1365.92997,7.460000396,"native"
"2515","Brickellia simplex","Brickellia simplex","BRSI2",38892322427,670.3700256,4.92999959,"native"
"2516","Chenopodium overi","Chenopodium overi","CHOV",3.3e+11,1968.039948,5.150000334,"native"
"2517","Lesquerella parvula","Physaria parvula","LEPA7",68585080007,1373.570038,3.649999619,"native"
"2518","Anoda lanceolata","Anoda lanceolata","ANLA4",26795419183,739.2799988,4.92999959,"native"
"2519","Cleomella hillmanii","Cleomella hillmanii","CLHI2",2.4e+11,1727.049965,5.080000401,"native"
"2520","Lomatium latilobum","Lomatium latilobum","LOLA4",38387393569,1082.029945,7.179999709,"native"
"2521","Eriogonum acaule","Eriogonum acaule","ERAC3",1.18e+11,1335.239975,4.250000477,"native"
"2522","Phacelia lemmonii","Phacelia lemmonii","PHLE",2.79e+11,1396.719971,7.460000396,"native"
"2523","Glandulicactus uncinatus","Ferocactus uncinatus","GLUN",1.67e+11,798.3600159,4.700000286,"native"
"2524","Cryptantha rollinsii","Cryptantha rollinsii","CRRO6",77099173603,1093.949966,4.630000591,"native"
"2525","Apodanthera undulata","Apodanthera undulata","APUN",1.88e+11,840.9699707,5.480000019,"native"
"2526","Draba exunguiculata","Draba exunguiculata","DREX3",15333113618,1260.550049,2.840000153,"native"
"2527","Xylorhiza tortifolia","Xylorhiza tortifolia","XYTO2",5.1e+11,1662,7.460000396,"native"
"2528","Carex agrostoides","Carex alma","CAAG",1.2e+11,852.4399719,5.159999847,"native"
"2529","Cynanchum utahense","Funastrum utahense","CYUT",2.12e+11,1138.519951,5.82000041,"native"
"2530","Galium stellatum","Galium stellatum","GAST",4.36e+11,1282.420044,7.460000396,"native"
"2531","Cuscuta warneri","Cuscuta warneri","CUWA2",27936088085,668.9700012,3.980000019,"native"
"2532","Ipomoea lindheimeri","Ipomoea lindheimeri","IPLI",1.29e+11,696.6600342,2.229999542,"native"
"2533","Monardella australis","Monardella australis","MOAU3",88214445655,1134.089951,4.559999466,"native"
"2534","Astragalus welshii","Astragalus welshii","ASWE4",62668156653,1011.830048,7.460000396,"native"
"2535","Asclepias nyctaginifolia","Asclepias nyctaginifolia","ASNY",2.94e+11,1134.089951,5.75999999,"native"
"2536","Astragalus cobrensis","Astragalus cobrensis","ASCO5",1.24e+11,1001.159943,5.159999847,"native"
"2537","Lupinus johannis-howellii","Lupinus johannis-howellii","LUJO",7815545146,3140.309891,2.820000172,"native"
"2538","Rumex densiflorus","Rumex densiflorus","RUDE2",1.77e+11,1667.310059,7.2299999,"native"
"2539","Salix monticola","Salix monticola","SAMO2",4.08e+11,1682.770058,7.460000396,"native"
"2540","Boykinia intermedia","Boykinia intermedia","BOIN4",19370169097,5577.09024,2.550000191,"native"
"2541","Lepidium integrifolium","Lepidium integrifolium","LEIN5",1.37e+11,1089.569984,7.460000396,"native"
"2542","Atriplex pusilla","Atriplex pusilla","ATPU2",1.86e+11,1606.660004,4.460000038,"native"
"2543","Castilleja lanata","Castilleja lanata","CALA24",2.5e+11,1178.76004,5.480000019,"native"
"2544","Lathyrus eucosmus","Lathyrus eucosmus","LAEU",5.23e+11,1541.449959,7.259999633,"native"
"2545","Cryptantha pusilla","Johnstonella pusilla","CRPU7",1.48e+11,816.7400208,5.159999847,"native"
"2546","Physaria eburniflora","Physaria eburniflora","PHEB",58072499021,1335.239975,3.410000324,"native"
"2547","Descurainia paradisa","Descurainia paradisa","DEPA14",3.24e+11,3871.26001,5.080000401,"native"
"2548","Mohavea breviflora","Mohavea breviflora","MOBR",2.57e+11,1662,5.920000315,"native"
"2549","Astragalus tetrapterus","Astragalus tetrapterus","ASTE10",4.25e+11,2008.770058,7.460000396,"native"
"2550","Bouvardia ternifolia","Bouvardia ternifolia","BOTE2",1.24e+11,840.9699707,5.069999933,"native"
"2551","Tetradymia axillaris","Tetradymia axillaris","TEAX",2.73e+11,1662,5.82000041,"native"
"2552","Townsendia scapigera","Townsendia scapigera","TOSC",3.48e+11,1662,5.080000401,"native"
"2553","Galium proliferum","Galium proliferum","GAPR",4.88e+11,1134.089951,7.460000396,"native"
"2554","Calochortus plummerae","Calochortus plummerae","CAPL2",87955731912,1233.060043,4.559999466,"native"
"2555","Chorizanthe parryi","Chorizanthe parryi","CHPA9",87955731912,1233.060043,4.559999466,"native"
"2556","Lycurus setosus","Muhlenbergia alopecuroides","LYSE3",7.68e+11,1171.35997,7.460000396,"native"
"2557","Phacelia scopulina","Phacelia scopulina","PHSC5",3.45e+11,1373.350006,7.360000014,"native"
"2558","Machaeranthera bigelovii","Dieteria bigelovii","MABI",5.71e+11,1698.430061,7.460000396,"native"
"2559","Brickellia brachyphylla","Brickellia brachyphylla","BRBR2",3.13e+11,1311.339966,7.259999633,"native"
"2560","Carex ebenea","Carex ebenea","CAEB",5.04e+11,1704.03006,7.460000396,"native"
"2561","Salvia henryi","Salvia henryi","SAHE3",2e+11,923.5899963,5.480000019,"native"
"2562","Achnatherum curvifolium","Eriocoma curvifolia","ACCU6",30553467318,388.9399872,2.619999409,"native"
"2563","Lomatium ravenii","Lomatium ravenii","LORA",2.6e+11,1727.049965,5.080000401,"native"
"2564","Erigeron concinnus","Erigeron concinnus","ERCO27",1.02e+12,2042.909912,7.460000396,"native"
"2565","Thamnosma montana","Thamnosma montana","THMO",4.1e+11,1282.420044,7.460000396,"native"
"2566","Ephedra trifurca","Ephedra trifurca","EPTR",4.52e+11,1282.420044,5.75999999,"native"
"2567","Polygala rusbyi","Rhinotropis rusbyi","PORU2",79341249857,656.2199783,5.75999999,"native"
"2568","Pinus engelmannii","Pinus engelmannii","PIEN2",28075423762,670.3700256,4.92999959,"native"
"2569","Astragalus castetteri","Astragalus castetteri","ASCA16",20692377470,494.019989,2.509999752,"native"
"2570","Escobaria sandbergii","Pelecyphora sneedii subsp. orcuttii","ESSA",20692377470,494.019989,2.509999752,"native"
"2571","Erigeron pulcherrimus","Erigeron pulcherrimus","ERPU9",3.01e+11,1365.92997,7.460000396,"native"
"2572","Castilleja integra","Castilleja integra","CAIN14",6.75e+11,1454.170052,7.399999976,"native"
"2573","Cuscuta applanata","Cuscuta chinensis var. applanata","CUAP",1.52e+11,964.8500061,7.399999976,"native"
"2574","Astragalus pomonensis","Astragalus pomonensis","ASPO2",97153035195,1134.089951,4.019999504,"native"
"2575","Penstemon fremontii","Penstemon fremontii","PEFR",1.55e+11,1335.239975,4.250000477,"native"
"2576","Berberis fendleri","Berberis fendleri","BEFE",1.61e+11,1438.510048,7.179999709,"native"
"2577","Aquilegia desolatica","Aquilegia desolaticola","AQDE2",21121681243,906.5199738,3.739999771,"native"
"2578","Physaria grahamii","Physaria grahamii","PHGR8",21121681243,906.5199738,3.739999771,"native"
"2579","Eriogonum scabrellum","Eriogonum scabrellum","ERSC4",81670304972,1158.360023,7.460000396,"native"
"2580","Phoradendron capitellatum","Phoradendron capitellatum","PHCA12",2.03e+11,964.8500061,7.399999976,"native"
"2581","Cylindropuntia californica","Cylindropuntia californica","CYCA25",1.1e+11,1134.089951,4.559999466,"native"
"2582","Eriogonum fusiforme","Eriogonum fusiforme","ERFU3",81850551176,1105.029945,7.460000396,"native"
"2583","Desmodium batocaulon","Desmodium batocaulon","DEBA3",1.21e+11,852.4399719,5.159999847,"native"
"2584","Rosa manca","Rosa woodsii subsp. manca","ROMA3",34542621686,950.7999649,7.179999709,"native"
"2585","Cryptantha stricta","Oreocarya stricta","CRST5",1.33e+11,1651.600052,3.859999657,"native"
"2586","Lupinus sparsiflorus","Lupinus sparsiflorus","LUSP2",3.31e+11,1269.739975,5.75999999,"native"
"2587","Eriogonum collinum","Eriogonum collinum","ERCO10",99950926352,1938.62999,4.460000038,"native"
"2588","Quercus gambelii","Quercus gambelii","QUGA",1.02e+12,1717.400055,7.460000396,"native"
"2589","Pectis rusbyi","Pectis rusbyi","PERU6",80983695472,800.4999695,5.159999847,"native"
"2590","Condalia warnockii","Condalia warnockii","COWA",2.04e+11,877.7799683,5.480000019,"native"
"2591","Echinocereus fasciculatus","Echinocereus fasciculatus","ECFA",2.01e+11,964.8500061,7.399999976,"native"
"2592","Phacelia bombycina","Phacelia bombycina","PHBO4",2.01e+11,964.8500061,7.399999976,"native"
"2593","Thelypodium wrightii","Thelypodium wrightii","THWR",4.49e+11,1109.469978,7.399999976,"native"
"2594","Penstemon pseudospectabilis","Penstemon pseudospectabilis","PEPS",3.86e+11,1138.519951,7.460000396,"native"
"2595","Cordylanthus maritimus","Chloropyron maritimum","COMA5",4.82e+11,4150.919922,5.230000496,"native"
"2596","Cryptantha albida","Cryptantha albida","CRAL",2.07e+11,867.730011,5.480000019,"native"
"2597","Ligusticum porteri","Ligusticum porteri","LIPO",6.87e+11,1704.03006,7.460000396,"native"
"2598","Gilia millefoliata","Gilia millefoliata","GIMI",33236626497,4020.019775,2.859999657,"native"
"2599","Dudleya abramsii","Dudleya abramsii","DUAB",94841026683,1233.060043,4.019999504,"native"
"2600","Bouteloua parryi","Bouteloua parryi","BOPA2",1.58e+11,880.5100174,5.75999999,"native"
"2601","Notholaena neglecta","Hemionitis neglecta","NONE",44146360092,689.1799927,4.92999959,"native"
"2602","Mammillaria grahamii","Cochemiea grahamii","MAGR9",3.16e+11,1134.089951,5.75999999,"native"
"2603","Streptanthus carinatus","Streptanthus carinatus","STCA5",2.24e+11,867.730011,5.480000019,"native"
"2604","Phacelia alba","Phacelia alba","PHAL9",4.05e+11,1511.23996,7.460000396,"native"
"2605","Trifolium gymnocarpon","Trifolium gymnocarpon","TRGY",9.65e+11,3262.729889,7.460000396,"native"
"2606","Linanthus campanulatus","Linanthus campanulatus","LICA37",2.06e+11,1662,5.080000401,"native"
"2607","Townsendia spathulata","Townsendia spathulata","TOSP",95911195057,1201.210007,4.010000229,"native"
"2608","Machaeranthera arida","Leucosyris arida","MAAR5",2.33e+11,1282.420044,5.220000267,"native"
"2609","Brickellia coulteri","Brickellia coulteri","BRCO",2.8e+11,1009.450012,7.399999976,"native"
"2610","Cymopterus bulbosus","Vesper bulbosus","CYBU",4.12e+11,1525.789955,7.460000396,"native"
"2611","Cheilanthes parryi","Hemionitis parryi","CHPA4",4.01e+11,1282.420044,7.460000396,"native"
"2612","Psorothamnus kingii","Psorothamnus kingii","PSKI",37739661447,722.1899872,4.380000114,"native"
"2613","Astragalus amblytropis","Astragalus amblytropis","ASAM2",24568289167,1279.960037,2.729999542,"native"
"2614","Cryptantha salmonensis","Oreocarya salmonensis","CRSA6",24568289167,1279.960037,2.729999542,"native"
"2615","Cymopterus douglassii","Cymopterus douglassii","CYDO2",24568289167,1279.960037,2.729999542,"native"
"2616","Eriogonum verrucosum","Eriogonum crosbyae var. crosbyae","ERVE6",24568289167,1279.960037,2.729999542,"native"
"2617","Polemonium elusum","Polemonium elusum","POEL5",24568289167,1279.960037,2.729999542,"native"
"2618","Oxytropis parryi","Oxytropis parryi","OXPA2",3.25e+11,2446.610107,7.460000396,"native"
"2619","Conoclinium greggii","Conoclinium dissectum","COGR10",1.54e+11,707.1300049,4.92999959,"native"
"2620","Lepidium flavum","Lepidium flavum","LEFL2",3.29e+11,1662,5.080000401,"native"
"2621","Porophyllum gracile","Porophyllum gracile","POGR5",4.6e+11,1282.420044,7.460000396,"native"
"2622","Eriogonum contortum","Eriogonum contortum","ERCO13",29691503837,1047.129944,3.780000687,"native"
"2623","Holodiscus dumosus","Holodiscus dumosus","HODU",1.32e+12,2001.249908,7.460000396,"native"
"2624","Penstemon nanus","Penstemon nanus","PENA3",59097960312,1011.140045,3.980000019,"native"
"2625","Eriogonum soredium","Eriogonum soredium","ERSO2",6689681807,888.0899353,3.799999714,"native"
"2626","Lepidium ostleri","Lepidium ostleri","LEOS",6689681807,888.0899353,3.799999714,"native"
"2627","Phacelia pedicellata","Phacelia pedicellata","PHPE",4.02e+11,1282.420044,7.460000396,"native"
"2628","Stachydeoma graveolens","Stachydeoma graveolens","STGR6",11741039460,251.8800049,2.720000267,"native"
"2629","Leymus ambiguus","Leymus ambiguus","LEAM",52734760901,1050.179977,3.650000095,"native"
"2630","Eriastrum eremicum","Eriastrum eremicum","ERER2",5.6e+11,1662,7.460000396,"native"
"2631","Monardella viridis","Monardella viridis","MOVI3",73867864606,1822.35997,4.559999466,"native"
"2632","Astragalus eastwoodiae","Astragalus eastwoodiae","ASEA2",78858850168,1186.730019,7.460000396,"native"
"2633","Aliciella tenuis","Aliciella tenuis","ALTE12",22879254339,995.2800446,4.679999828,"native"
"2634","Sclerocactus wrightiae","Sclerocactus wrightiae","SCWR",22879254339,995.2800446,4.679999828,"native"
"2635","Rubus particularis","Rubus flagellaris","RUPA14",885617251,179.8399658,0.869999886,"native"
"2636","Penstemon secundiflorus","Penstemon secundiflorus","PESE11",1.83e+11,1628.340057,4.919999838,"native"
"2637","Lewisia sacajaweana","Lewisia sacajaweana","LESA17",35125229896,1353.150024,3.949999809,"native"
"2638","Woodsia plummerae","Woodsia plummerae","WOPL",3.36e+11,1215.540024,7.399999976,"native"
"2639","Penstemon saxosorum","Penstemon saxosorum","PESA2",74446889404,1616.110062,3.609999657,"native"
"2640","Rubus neomexicanus","Rubus deliciosus var. neomexicanus","RUNE",2.43e+11,1093.809975,7.399999976,"native"
"2641","Erigeron lobatus","Erigeron lobatus","ERLO6",2.03e+11,1009.450012,7.399999976,"native"
"2642","Atriplex coulteri","Atriplex coulteri","ATCO5",1.06e+11,1233.060043,4.559999466,"native"
"2643","Ericameria pinifolia","Ericameria pinifolia","ERPI7",1.06e+11,1233.060043,4.559999466,"native"
"2644","Eriodictyon trichocalyx","Eriodictyon trichocalyx","ERTR7",1.06e+11,1233.060043,4.559999466,"native"
"2645","Lomatium lucidum","Lomatium lucidum","LOLU",1.06e+11,1233.060043,4.559999466,"native"
"2646","Marah macrocarpus","Marah macrocarpa","MAMA8",1.06e+11,1233.060043,4.559999466,"native"
"2647","Ribes indecorum","Ribes indecorum","RIIN",1.06e+11,1233.060043,4.559999466,"native"
"2648","Atriplex griffithsii","Atriplex griffithsii","ATGR2",32551755298,681.4299927,4.92999959,"native"
"2649","Kalinia obtusiflora","Kalinia obtusiflora","KAOB",32551755298,681.4299927,4.92999959,"native"
"2650","Sclerocactus pubispinus","Sclerocactus pubispinus","SCPU6",1.41e+11,1458.299957,4.980000019,"native"
"2651","Canotia holacantha","Canotia holacantha","CAHO3",2.28e+11,1009.450012,7.399999976,"native"
"2652","Penstemon janishiae","Penstemon janishiae","PEJA2",2.88e+11,1727.049965,5.080000401,"native"
"2653","Flourensia cernua","Flourensia cernua","FLCE",2.36e+11,798.3600159,5.339999676,"native"
"2654","Muhlenbergia minutissima","Muhlenbergia minutissima","MUMI2",7.57e+11,3852.150009,7.460000396,"native"
"2655","Prenanthes boottii","Nabalus boottii","PRBO2",39726681167,1319.010071,2.220000267,"native"
"2656","Trixis californica","Trixis californica","TRCA8",4.72e+11,1138.519951,7.399999976,"native"
"2657","Calycoseris wrightii","Calycoseris wrightii","CAWR",4.72e+11,1282.420044,5.82000041,"native"
"2658","Arabis pallidifolia","Boechera pallidifolia","ARPA35",35077068785,1435.069962,4.549999952,"native"
"2659","Astragalus jejunus","Astragalus jejunus","ASJE2",1.69e+11,1386.879974,4.980000019,"native"
"2660","Boykinia rotundifolia","Boykinia rotundifolia","BORO3",1.04e+11,1233.060043,4.559999466,"native"
"2661","Cirsium clavatum","Cirsium clavatum","CICL",1.3e+11,1026.380043,7.460000396,"native"
"2662","Penstemon longiflorus","Penstemon longiflorus","PELO5",57472831753,1047.640045,3.980000019,"native"
"2663","Campanula piperi","Campanula piperi","CAPI2",15979248417,5577.09024,1.919999599,"native"
"2664","Fouquieria splendens","Fouquieria splendens","FOSP2",5.23e+11,1138.519951,7.399999976,"native"
"2665","Artemisia pattersonii","Delwiensia pattersonii","ARPA18",37246295902,1016.989975,4.380000114,"native"
"2666","Cyperus onerosus","Cyperus onerosus","CYON",8229927489,170.0100098,0.959999561,"native"
"2667","Trichostema rubisepalum","Trichostema rubisepalum","TRRU",15039256702,1493.710007,4.99000001,"native"
"2668","Gentianopsis barbellata","Gentianopsis barbellata","GEBA2",2.6e+11,1933.40995,7.460000396,"native"
"2669","Astragalus pubentissimus","Astragalus pubentissimus","ASPU6",1.27e+11,1335.239975,4.250000477,"native"
"2670","Penstemon floribundus","Penstemon floribundus","PEFL7",24969533292,663.2999878,3.900000095,"native"
"2671","Polemonium nevadense","Polemonium nevadense","PONE14",24969533292,663.2999878,3.900000095,"native"
"2672","Linum vernale","Linum vernale","LIVE2",45439115313,779.6999664,4.669999599,"native"
"2673","Ipomopsis tenuituba","Ipomopsis tenuituba","IPTE4",3.89e+11,2835.949951,5.920000315,"native"
"2674","Phacelia glandulosa","Phacelia glandulosa","PHGL3",1.27e+11,1407.340042,5.549999714,"native"
"2675","Senna lindheimeriana","Senna lindheimeriana","SELI4",2.17e+11,784.7200165,5.339999676,"native"
"2676","Verbena neomexicana","Verbena neomexicana","VENE",2.55e+11,880.5100174,5.75999999,"native"
"2677","Mentzelia packardiae","Mentzelia packardiae","MEPA5",70077078664,1025.599945,4.010000229,"native"
"2678","Eriogonum abertianum","Eriogonum abertianum","ERAB2",4.27e+11,1034.589943,7.399999976,"native"
"2679","Eriogonum brachypodum","Eriogonum brachypodum","ERBR8",3.16e+11,1662,5.82000041,"native"
"2680","Arabis demissa","Boechera oxylobula","ARDE",1.4e+11,1105.029945,7.460000396,"native"
"2681","Delphinium ramosum","Delphinium ramosum","DERA",1.28e+11,1474.84996,4.789999723,"native"
"2682","Delphinium barbeyi","Delphinium barbeyi","DEBA2",3.62e+11,1682.770058,7.460000396,"native"
"2683","Gentianella tortuosa","Gentianella tortuosa","GETO",89917486299,1373.480011,7.460000396,"native"
"2684","Chamaechaenactis scaposa","Chamaechaenactis scaposa","CHSC",2.21e+11,1320.959999,7.460000396,"native"
"2685","Thalictrum heliophilum","Thalictrum heliophilum","THHE2",15976380539,1012.869965,2.789999962,"native"
"2686","Penstemon watsonii","Penstemon watsonii","PEWA",5.08e+11,1712.020058,5.82000041,"native"
"2687","Potentilla cottamii","Potentilla cottamii","POCO16",86113007792,1458.299957,4.010000229,"native"
"2688","Parthenium ligulatum","Parthenium ligulatum","PALI6",80679801348,1289.860001,4.860000134,"native"
"2689","Monardella arizonica","Monardella arizonica","MOAR",1.17e+11,795.0499878,5.75999999,"native"
"2690","Helianthella quinquenervis","Helianthella quinquenervis","HEQU2",8.61e+11,1954.359955,7.460000396,"native"
"2691","Penstemon pinorum","Penstemon pinorum","PEPI4",14824511478,768.8800049,2.960000038,"native"
"2692","Conioselinum scopulorum","Conioselinum scopulorum","COSC2",3.92e+11,1682.770058,7.460000396,"native"
"2693","Trifolium beckwithii","Trifolium beckwithii","TRBE2",2.4e+11,2788.90995,5.080000401,"native"
"2694","Chamaesyce setiloba","Euphorbia setiloba","CHSE8",4.38e+11,1282.420044,5.82000041,"native"
"2695","Pentachaeta bellidiflora","Pentachaeta bellidiflora","PEBE",3662803716,1071.600037,3.200000286,"native"
"2696","Astragalus oocalycis","Astragalus oocalycis","ASOO",37342307681,1287.789963,5.309999943,"native"
"2697","Luzula subcapitata","Luzula subcapitata","LUSU9",47315192638,1415.379959,5.450000286,"native"
"2698","Yucca reverchonii","Yucca reverchonii","YURE",77101088125,549.2000122,1.519999504,"native"
"2699","Thelypodium eucosmum","Thelypodium eucosmum","THEU",24117397714,1425.080002,3.730000019,"native"
"2700","Astragalus emoryanus","Astragalus emoryanus","ASEM2",2.81e+11,977.6300125,7.460000396,"native"
"2701","Physaria saximontana","Physaria saximontana","PHSA4",43762857498,1494.85997,3.200000286,"native"
"2702","Grindelia decumbens","Grindelia decumbens","GRDE",69484332668,1374.510056,4.949999571,"native"
"2703","Bouteloua simplex","Bouteloua simplex","BOSI2",4.47e+11,1325.059967,7.460000396,"native"
"2704","Fimbristylis thermalis","Fimbristylis thermalis","FITH",3.45e+11,1662,7.460000396,"native"
"2705","Muhlenbergia appressa","Muhlenbergia appressa","MUAP",1.69e+11,1134.089951,5.159999847,"native"
"2706","Eriogonum batemanii","Eriogonum batemanii","ERBA5",81318781793,1320.959999,7.460000396,"native"
"2707","Festuca earlei","Festuca earlei","FEEA3",64283390822,1343.780045,5.549999714,"native"
"2708","Eriogonum pusillum","Eriogonum pusillum","ERPU6",4.93e+11,1774.089966,5.82000041,"native"
"2709","Hypericum exile","Hypericum exile","HYEX",11785954434,251.8800049,2.720000267,"native"
"2710","Psathyrotes annua","Psathyrotes annua","PSAN",4.3e+11,2004.98999,5.82000041,"native"
"2711","Galactia wrightii","Galactia wrightii","GAWR",2.16e+11,1001.159943,5.480000019,"native"
"2712","Xylorhiza glabriuscula","Xylorhiza glabriuscula","XYGL",3.13e+11,1437.039955,7.460000396,"native"
"2713","Streptanthus cordatus","Streptanthus cordatus","STCO6",9.43e+11,2835.949951,7.460000396,"native"
"2714","Penstemon harbourii","Penstemon harbourii","PEHA10",46727595746,1415.379959,5.089999676,"native"
"2715","Cymopterus coulteri","Cymopterus coulteri","CYCO5",66340278134,1047.640045,4.240000248,"native"
"2716","Sphaeralcea hastulata","Sphaeralcea hastulata","SPHA",6.07e+11,1109.469978,7.259999633,"native"
"2717","Artemisia pedatifida","Artemisia pedatifida","ARPE6",1.92e+11,1389.590012,4.010000229,"native"
"2718","Linanthus filiformis","Linanthus filiformis","LIFI3",2.82e+11,1662,5.82000041,"native"
"2719","Phlox condensata","Phlox condensata","PHCO11",1.02e+11,1876.990021,5.709999561,"native"
"2720","Boerhavia wrightii","Boerhavia wrightii","BOWR",4.1e+11,1282.420044,7.399999976,"native"
"2721","Dodecatheon austrofrigidum","Primula austrofrigida","DOAU",12340297193,4088.109985,2.200000286,"native"
"2722","Boerhavia coulteri","Boerhavia coulteri","BOCO2",3.14e+11,1134.089951,7.399999976,"native"
"2723","Lygodesmia doloresensis","Lygodesmia grandiflora var. doloresensis","LYDO",18134260998,1037.419952,3.510000229,"native"
"2724","Physaria iveyana","Physaria iveyana","PHIV2",3007639331,398.8699799,3.650000095,"native"
"2725","Polygala barbeyana","Hebecarpa barbeyana","POBA",2.02e+11,877.7799683,5.159999847,"native"
"2726","Matelea parvifolia","Matelea parvifolia","MAPA9",2.63e+11,1134.089951,5.75999999,"native"
"2727","Aristolochia watsonii","Aristolochia watsonii","ARWA",2.66e+11,1009.450012,7.399999976,"native"
"2728","Castilleja patriotica","Castilleja patriotica","CAPA41",24871810522,662.2799988,4.92999959,"native"
"2729","Eryngium lemmonii","Eryngium lemmonii","ERLE12",24871810522,662.2799988,4.92999959,"native"
"2730","Limosella pubiflora","Limosella aquatica var. aquatica","LIPU5",24871810522,662.2799988,4.92999959,"native"
"2731","Machaeranthera riparia","Machaeranthera riparia","MARI",24871810522,662.2799988,4.92999959,"native"
"2732","Penstemon paysoniorum","Penstemon paysoniorum","PEPA30",93225672814,1155.85997,4.250000477,"native"
"2733","Lupinus shockleyi","Lupinus shockleyi","LUSH",2.77e+11,1282.420044,5.82000041,"native"
"2734","Oreoxis bakeri","Cymopterus bakeri","ORBA",92092719171,1525.789955,7.179999709,"native"
"2735","Allium bisceptrum","Allium bisceptrum","ALBI2",9.31e+11,2835.949951,7.460000396,"native"
"2736","Sageretia wrightii","Sageretia wrightii","SAWR",1.09e+11,1096.689972,5.159999847,"native"
"2737","Cleomella parviflora","Cleomella parviflora","CLPA4",3.09e+11,1774.089966,5.080000401,"native"
"2738","Ericameria teretifolia","Ericameria teretifolia","ERTE18",2.85e+11,1662,5.82000041,"native"
"2739","Cymopterus purpurascens","Vesper purpurascens","CYPU",7.63e+11,1513.329956,7.460000396,"native"
"2740","Symphyotrichum hendersonii","Symphyotrichum hendersonii","SYHE5",1.12e+11,3986.799911,4.550000191,"native"
"2741","Anisacanthus thurberi","Anisacanthus thurberi","ANTH2",2.47e+11,1081.490051,7.399999976,"native"
"2742","Eriogonum rotundifolium","Eriogonum rotundifolium","ERRO2",2.07e+11,819.8799744,5.339999676,"native"
"2743","Phacelia rotundifolia","Phacelia rotundifolia","PHRO2",3.79e+11,1662,7.460000396,"native"
"2744","Astragalus cottonii","Astragalus cottonii","ASCO13",4503162162,4403.18985,1.639999866,"native"
"2745","Tracyina rostrata","Tracyina rostrata","TRRO",25658809511,3456.019897,2.679999828,"native"
"2746","Rhamnus smithii","Rhamnus smithii","RHSM",42978265326,1225.34996,4.549999952,"native"
"2747","Phacelia ivesiana","Phacelia ivesiana","PHIV",9.45e+11,1513.329956,7.460000396,"native"
"2748","Allium haematochiton","Allium haematochiton","ALHA",1.14e+11,1233.060043,4.559999466,"native"
"2749","Calochortus catalinae","Calochortus catalinae","CACA5",1.14e+11,1233.060043,4.559999466,"native"
"2750","Carex triquetra","Carex triquetra","CATR9",1.14e+11,1233.060043,4.559999466,"native"
"2751","Ceanothus crassifolius","Ceanothus crassifolius","CECR",1.14e+11,1233.060043,4.559999466,"native"
"2752","Ceanothus spinosus","Ceanothus spinosus","CESP",1.14e+11,1233.060043,4.559999466,"native"
"2753","Garrya veatchii","Garrya veatchii","GAVE2",1.14e+11,1233.060043,4.559999466,"native"
"2754","Keckiella cordifolia","Keckiella cordifolia","KECO",1.14e+11,1233.060043,4.559999466,"native"
"2755","Leptodactylon californicum","Linanthus californicus","LECA7",1.14e+11,1233.060043,4.559999466,"native"
"2756","Lupinus longifolius","Lupinus longifolius","LULO",1.14e+11,1233.060043,4.559999466,"native"
"2757","Malosma laurina","Malosma laurina","MALA6",1.14e+11,1233.060043,4.559999466,"native"
"2758","Opuntia littoralis","Opuntia littoralis","OPLI3",1.14e+11,1233.060043,4.559999466,"native"
"2759","Sairocarpus coulterianus","Sairocarpus coulterianus","SACO13",1.14e+11,1233.060043,4.559999466,"native"
"2760","Tauschia arguta","Tauschia arguta","TAAR2",1.14e+11,1233.060043,4.559999466,"native"
"2761","Brickellia incana","Brickellia incana","BRIN",2.11e+11,1396.719971,5.82000041,"native"
"2762","Collinsia parryi","Collinsia parryi","COPA2",92986413971,1233.060043,4.559999466,"native"
"2763","Bassia americana","Bassia americana","BAAM4",8.81e+11,1774.089966,7.460000396,"native"
"2764","Carex arapahoensis","Carex arapahoensis","CAAR13",2.04e+11,1525.789955,7.460000396,"native"
"2765","Lomatium thompsonii","Lomatium thompsonii","LOTH",21205142386,2803.879898,2.609999657,"native"
"2766","Penstemon washingtonensis","Penstemon washingtonensis","PEWA9",21205142386,2803.879898,2.609999657,"native"
"2767","Eragrostis erosa","Eragrostis erosa","ERER",1.62e+11,798.3600159,5.339999676,"native"
"2768","Chrysothamnus vaseyi","Chrysothamnus vaseyi","CHVA2",2.65e+11,1682.770058,7.460000396,"native"
"2769","Chamaesyce micromera","Euphorbia micromera","CHMI7",6.59e+11,1428.380005,7.460000396,"native"
"2770","Pellaea ovata","Hemionitis ovata","PEOV",49169503190,656.5,1.859999657,"native"
"2771","Lithospermum multiflorum","Lithospermum multiflorum","LIMU3",6.24e+11,1525.789955,7.460000396,"native"
"2772","Penstemon strictus","Penstemon strictus","PEST2",4.93e+11,1682.770058,7.460000396,"native"
"2773","Phacelia crenulata","Phacelia crenulata","PHCR",1.07e+12,1662,7.460000396,"native"
"2774","Lepidium crenatum","Lepidium crenatum","LECR12",1.43e+11,1320.959999,7.460000396,"native"
"2775","Abronia turbinata","Abronia turbinata","ABTU",4.19e+11,2835.949951,5.080000401,"native"
"2776","Calystegia vanzuukiae","Calystegia vanzuukiae","CAVA",8067615730,1464.900024,2.690000057,"native"
"2777","Lewisia serrata","Lewisia cantelovii","LESE3",8067615730,1464.900024,2.690000057,"native"
"2778","Astragalus limnocharis","Astragalus limnocharis","ASLI3",41340861049,1011.830048,7.460000396,"native"
"2779","Silene petersonii","Silene petersonii","SIPE",41340861049,1011.830048,7.460000396,"native"
"2780","Carex pelocarpa","Carex pelocarpa","CAPE5",2.44e+11,1954.359955,5.910000324,"native"
"2781","Rubus rydbergianus","Rubus rydbergianus","RURY",1115165961,140.460083,0.980000019,"native"
"2782","Arctostaphylos catalinae","Arctostaphylos catalinae","ARCA21",10510671776,1038.670013,4.559999466,"native"
"2783","Arctostaphylos gabrielensis","Arctostaphylos glandulosa subsp. gabrielensis","ARGA4",10510671776,1038.670013,4.559999466,"native"
"2784","Astragalus nevinii","Astragalus nevinii","ASNE5",10510671776,1038.670013,4.559999466,"native"
"2785","Baccharis malibuensis","Baccharis malibuensis","BAMA13",10510671776,1038.670013,4.559999466,"native"
"2786","Brodiaea kinkiensis","Brodiaea kinkiensis","BRKI",10510671776,1038.670013,4.559999466,"native"
"2787","Castilleja grisea","Castilleja grisea","CAGR21",10510671776,1038.670013,4.559999466,"native"
"2788","Camissonia guadalupensis","Camissoniopsis guadalupensis","CAGU4",10510671776,1038.670013,4.559999466,"native"
"2789","Calystegia peirsonii","Calystegia peirsonii","CAPE18",10510671776,1038.670013,4.559999466,"native"
"2790","Cercocarpus traskiae","Cercocarpus betuloides var. traskiae","CETR4",10510671776,1038.670013,4.559999466,"native"
"2791","Crossosoma californicum","Crossosoma californicum","CRCA4",10510671776,1038.670013,4.559999466,"native"
"2792","Dissanthelium californicum","Poa thomasii","DICA5",10510671776,1038.670013,4.559999466,"native"
"2793","Dudleya densiflora","Dudleya densiflora","DUDE2",10510671776,1038.670013,4.559999466,"native"
"2794","Eriastrum rosamondense","Eriastrum rosamondense","ERRO14",10510671776,1038.670013,4.559999466,"native"
"2795","Galium catalinense","Galium catalinense","GACA4",10510671776,1038.670013,4.559999466,"native"
"2796","Galium grande","Galium grande","GAGR5",10510671776,1038.670013,4.559999466,"native"
"2797","Hazardia cana","Hazardia cana","HACA6",10510671776,1038.670013,4.559999466,"native"
"2798","Lithophragma maximum","Lithophragma maximum","LIMA6",10510671776,1038.670013,4.559999466,"native"
"2799","Lupinus guadalupensis","Lupinus guadalupensis","LUGU",10510671776,1038.670013,4.559999466,"native"
"2800","Lycium hassei","Lycium brevipes var. hassei","LYHA5",10510671776,1038.670013,4.559999466,"native"
"2801","Malacothamnus clementinus","Malacothamnus clementinus","MACL",10510671776,1038.670013,4.559999466,"native"
"2802","Mimulus traskiae","Diplacus traskiae","MITR2",10510671776,1038.670013,4.559999466,"native"
"2803","Phacelia floribunda","Phacelia floribunda","PHFL",10510671776,1038.670013,4.559999466,"native"
"2804","Phacelia lyonii","Phacelia lyonii","PHLY",10510671776,1038.670013,4.559999466,"native"
"2805","Potentilla multijuga","Potentilla multijuga","POMU5",10510671776,1038.670013,4.559999466,"native"
"2806","Scrophularia villosa","Scrophularia villosa","SCVI",10510671776,1038.670013,4.559999466,"native"
"2807","Senecio lyonii","Senecio lyonii","SELY",10510671776,1038.670013,4.559999466,"native"
"2808","Solanum wallacei","Solanum wallacei","SOWA",10510671776,1038.670013,4.559999466,"native"
"2809","Stephanomeria blairii","Munzothamnus blairii","STBL2",10510671776,1038.670013,4.559999466,"native"
"2810","Symphyotrichum greatae","Symphyotrichum greatae","SYGR7",10510671776,1038.670013,4.559999466,"native"
"2811","Triteleia clementina","Triteleia clementina","TRCL",10510671776,1038.670013,4.559999466,"native"
"2812","Erigeron kachinensis","Erigeron kachinensis","ERKA",42793334830,1186.730019,7.460000396,"native"
"2813","Schistophragma intermedia","Schistophragma intermedium","SCIN3",1.12e+11,852.4399719,5.159999847,"native"
"2814","Packera multilobata","Packera multilobata","PAMU11",1.09e+12,1759.060059,7.460000396,"native"
"2815","Parthenium tetraneuris","Parthenium tetraneuris","PATE12",13330033496,837.3200378,3.379999638,"native"
"2816","Chamaesyce cinerascens","Euphorbia cinerascens","CHCI2",1.26e+11,610.460022,2.229999542,"native"
"2817","Astragalus aretioides","Astragalus aretioides","ASAR3",1.36e+11,1335.239975,3.470000267,"native"
"2818","Penstemon yampaensis","Penstemon yampaensis","PEYA2",25699449274,1289.789993,3.099999428,"native"
"2819","Cylindropuntia bigelovii","Cylindropuntia bigelovii","CYBI9",2.57e+11,1134.089951,5.75999999,"native"
"2820","Chrysactinia mexicana","Chrysactinia mexicana","CHME3",2.11e+11,798.3600159,5.21999979,"native"
"2821","Podistera eastwoodiae","Podistera eastwoodiae","POEA",1.18e+11,1525.789955,7.179999709,"native"
"2822","Lotus utahensis","Acmispon utahensis","LOUT3",2.67e+11,1386.330017,7.460000396,"native"
"2823","Pseudognaphalium leucocephalum","Pseudognaphalium leucocephalum","PSLE4",1.94e+11,1233.060043,5.159999847,"native"
"2824","Cryptantha creutzfeldtii","Oreocarya creutzfeldtii","CRCR8",20336310555,991.4800415,3.799999714,"native"
"2825","Stevia micrantha","Stevia micrantha","STMI",97636723571,805.2700195,5.159999847,"native"
"2826","Arabis cobrensis","Boechera cobrensis","ARCO",3.06e+11,3304.389893,4.980000019,"native"
"2827","Oenothera howardii","Oenothera howardii","OEHO2",2.63e+11,1373.480011,7.460000396,"native"
"2828","Pteryxia hendersonii","Cymopterus hendersonii","PTHE",5.34e+11,1962.65995,7.460000396,"native"
"2829","Cirsium mohavense","Cirsium mohavense","CIMO",2.69e+11,1662,5.220000267,"native"
"2830","Arabis selbyi","Boechera gracilenta","ARSE",2.48e+11,1525.789955,7.460000396,"native"
"2831","Ipomopsis roseata","Ipomopsis roseata","IPRO",89711042750,1105.029945,7.460000396,"native"
"2832","Eriogonum pendulum","Eriogonum pendulum","ERPE6",6850201267,3315.369934,2.349999905,"native"
"2833","Machaeranthera juncea","Xanthisma junceum","MAJU",26866820199,849.0599976,4.92999959,"native"
"2834","Gilia aliquanta","Gilia aliquanta","GIAL",2.29e+11,1662,5.080000401,"native"
"2835","Pleuraphis rigida","Hilaria rigida","PLRI3",4.04e+11,1282.420044,7.460000396,"native"
"2836","Polemonium pauciflorum","Polemonium pauciflorum","POPA20",21831343038,662.2799988,4.92999959,"native"
"2837","Erigeron reductus","Erigeron reductus","ERRE12",61722065680,2610.039948,3.039999962,"native"
"2838","Lomatium roseanum","Lomatium roseanum","LORO7",66899183097,1342.029999,4.460000038,"native"
"2839","Yucca torreyi","Yucca treculiana","YUTO",2.09e+11,798.3600159,4.669999599,"native"
"2840","Platyschkuhria integrifolia","Platyschkuhria integrifolia","PLIN7",2.54e+11,1220.470009,7.460000396,"native"
"2841","Oenothera wolfii","Oenothera wolfii","OEWO",31507996814,4079.89978,2.539999962,"native"
"2842","Senecio taraxacoides","Senecio taraxacoides","SETA",68200088197,1341.200043,4.479999542,"native"
"2843","Astragalus ripleyi","Astragalus ripleyi","ASRI2",24218152701,1259.699966,4.789999723,"native"
"2844","Hymenothrix wislizeni","Hymenothrix wislizeni","HYWI",1.89e+11,867.730011,5.480000019,"native"
"2845","Camissonia confusa","Camissoniopsis confusa","CACO33",1.3e+11,1134.089951,5.159999847,"native"
"2846","Hackelia davisii","Hackelia davisii","HADA",56017490794,1920.82991,3.269999504,"native"
"2847","Selaginella underwoodii","Selaginella underwoodii","SEUN",2.95e+11,1517.449951,7.460000396,"native"
"2848","Carex pityophila","Carex pityophila","CAPI7",1.24e+11,1275.85997,4.919999838,"native"
"2849","Penstemon fruticiformis","Penstemon fruticiformis","PEFR2",1.58e+11,1396.719971,5.080000401,"native"
"2850","Caulanthus crassicaulis","Streptanthus crassicaulis","CACR11",7.24e+11,1513.329956,7.460000396,"native"
"2851","Pedicularis crenulata","Pedicularis crenulata","PECR",2.12e+11,1683.290062,5.080000401,"native"
"2852","Monoptilon bellidiforme","Monoptilon bellidiforme","MOBE",2.63e+11,1282.420044,5.82000041,"native"
"2853","Ephedra viridis","Ephedra viridis","EPVI",1.08e+12,2835.949951,7.460000396,"native"
"2854","Aquilegia coerulea","Aquilegia coerulea","AQCO",8.38e+11,1962.65995,7.460000396,"native"
"2855","Carlowrightia arizonica","Carlowrightia arizonica","CAAR7",2.12e+11,897.039978,5.75999999,"native"
"2856","Quercus ajoensis","Quercus ajoensis","QUAJ",60458318577,1205.840027,4.950000286,"native"
"2857","Adolphia infesta","Adolphia infesta","ADIN",43195088366,769.7799683,2.899999619,"native"
"2858","Draba spectabilis","Draba spectabilis","DRSP",1.86e+11,1525.789955,7.219999671,"native"
"2859","Gilia mexicana","Gilia mexicana","GIME",1.22e+11,805.2700195,5.069999933,"native"
"2860","Hibiscus coulteri","Hibiscus coulteri","HICO",2.32e+11,912.3300171,5.480000019,"native"
"2861","Peniocereus greggii","Peniocereus greggii","PEGR3",2.76e+11,897.039978,5.159999847,"native"
"2862","Ferocactus eastwoodiae","Ferocactus cylindraceus subsp. eastwoodiae","FEEA2",71055204161,789.0299683,5.159999847,"native"
"2863","Hedeoma dentata","Hedeoma dentata","HEDE2",1.07e+11,840.9699707,5.069999933,"native"
"2864","Allium hoffmanii","Allium hoffmanii","ALHO",34892251339,3560.279907,2.78000021,"native"
"2865","Yucca harrimaniae","Yucca harrimaniae","YUHA",4.33e+11,1356.049965,7.460000396,"native"
"2866","Eurybia spinulosa","Eurybia spinulosa","EUSP4",6279238260,185.0400391,2.720000267,"native"
"2867","Phoebanthus tenuifolius","Phoebanthus tenuifolius","PHTE7",6478751669,206.460083,2.720000267,"native"
"2868","Eriogonum panguicense","Eriogonum panguicense","ERPA13",64734737816,1011.830048,7.460000396,"native"
"2869","Lycium torreyi","Lycium torreyi","LYTO",3.28e+11,1415.75,5.82000041,"native"
"2870","Penstemon cyanocaulis","Penstemon cyanocaulis","PECY4",69286345304,1186.730019,7.179999709,"native"
"2871","Tricardia watsonii","Tricardia watsonii","TRWA2",2.99e+11,1662,5.82000041,"native"
"2872","Cryptantha gracilis","Cryptantha gracilis","CRGR3",7.3e+11,1759.060059,7.460000396,"native"
"2873","Encelia virginensis","Encelia virginensis","ENVI",4.62e+11,1662,7.460000396,"native"
"2874","Parkinsonia microphylla","Parkinsonia microphylla","PAMI5",2.23e+11,1134.089951,5.75999999,"native"
"2875","Waldsteinia idahoensis","Waldsteinia idahoensis","WAID",35151905084,1705.109924,2.519999981,"native"
"2876","Viguiera parishii","Bahiopsis parishii","VIPA14",3.44e+11,1138.519951,7.399999976,"native"
"2877","Petradoria pumila","Petradoria pumila","PEPU7",7.94e+11,1582.969955,7.460000396,"native"
"2878","Cerastium sordidum","Cerastium texanum","CESO4",31142521350,744.7299805,4.92999959,"native"
"2879","Gentianopsis macrantha","Gentianopsis macrantha","GEMA6",31142521350,744.7299805,4.92999959,"native"
"2880","Grindelia fastigiata","Grindelia hirsutula","GRFA",92737546592,1320.959999,7.460000396,"native"
"2881","Thelypodium flexuosum","Thelypodium flexuosum","THFL3",3.98e+11,3824.220009,5.080000401,"native"
"2882","Rudbeckia graminifolia","Rudbeckia graminifolia","RUGR7",10170423372,249.3800049,2.720000267,"native"
"2883","Polypodium saximontanum","Polypodium saximontanum","POSA19",65814213080,1563.250061,4.549999952,"native"
"2884","Erigeron aphanactis","Erigeron aphanactis","ERAP",6.93e+11,3871.26001,7.460000396,"native"
"2885","Acourtia nana","Acourtia nana","ACNA2",3.88e+11,867.730011,5.480000019,"native"
"2886","Draba ramulosa","Draba ramulosa","DRRA2",8654027670,888.0899353,3.799999714,"native"
"2887","Packera castoreus","Packera castoreus","PACA35",8654027670,888.0899353,3.799999714,"native"
"2888","Ivesia baileyi","Potentilla baileyi","IVBA",3.21e+11,2788.90995,5.080000401,"native"
"2889","Lessingia micradenia","Lessingia micradenia","LEMI5",4691873265,1100.140045,3.039999962,"native"
"2890","Eriogonum lonchophyllum","Eriogonum lonchophyllum","ERLO4",2.12e+11,1525.789955,7.179999709,"native"
"2891","Sphaeralcea ambigua","Sphaeralcea ambigua","SPAM2",6.52e+11,1662,7.460000396,"native"
"2892","Hackelia ophiobia","Hackelia ophiobia","HAOP2",1.15e+11,1025.599945,4.010000229,"native"
"2893","Suaeda californica","Suaeda californica","SUCA",24702755806,1255.849976,2.589999676,"native"
"2894","Helianthus niveus","Helianthus niveus","HENI3",2.31e+11,911.1699753,5.019999504,"native"
"2895","Gutierrezia microcephala","Gutierrezia microcephala","GUMI",9.57e+11,1662,7.460000396,"native"
"2896","Machaeranthera coloradoensis","Xanthisma coloradoense","MACO13",69623807270,1459.129959,5.669999599,"native"
"2897","Oxypolis fendleri","Oxypolis fendleri","OXFE",2.84e+11,1682.770058,7.219999671,"native"
"2898","Xylorhiza venusta","Xylorhiza venusta","XYVE",1.24e+11,1320.959999,7.460000396,"native"
"2899","Lepidium fremontii","Lepidium fremontii","LEFR2",4.65e+11,1662,7.460000396,"native"
"2900","Mentzelia rusbyi","Mentzelia rusbyi","MERU",3.46e+11,1682.770058,7.460000396,"native"
"2901","Marah gilensis","Marah gilensis","MAGI",1.46e+11,865.2199783,5.75999999,"native"
"2902","Aliciella lottiae","Aliciella lottiae","ALLO6",2.04e+11,1774.089966,4.460000038,"native"
"2903","Arabis pulchra","Boechera pulchra","ARPU2",8.01e+11,2835.949951,7.460000396,"native"
"2904","Asclepias cryptoceras","Asclepias cryptoceras","ASCR",6.57e+11,1699.850014,7.460000396,"native"
"2905","Asclepias brachystephana","Asclepias brachystephana","ASBR",2.61e+11,856.2600098,5.339999676,"native"
"2906","Tonestus aberrans","Eurybia aberrans","TOAB",41956939849,1353.150024,3.949999809,"native"
"2907","Senecio pudicus","Senecio pudicus","SEPU3",98472473233,1509.339951,4.31000042,"native"
"2908","Thelypodiopsis aurea","Thelypodiopsis aurea","THAU3",69328917374,1158.360023,7.179999709,"native"
"2909","Glyptopleura setulosa","Glyptopleura setulosa","GLSE4",2.04e+11,1282.420044,7.460000396,"native"
"2910","Collinsia corymbosa","Collinsia corymbosa","COCO2",23873797665,3493.399902,2.199999809,"native"
"2911","Stellaria littoralis","Stellaria littoralis","STLI",23873797665,3493.399902,2.199999809,"native"
"2912","Linanthus arenicola","Linanthus arenicola","LIAR2",2.41e+11,1282.420044,5.080000401,"native"
"2913","Lesquerella condensata","Physaria nelsonii","LECO2",1.36e+11,1346.669968,4.250000477,"native"
"2914","Silene invisa","Silene invisa","SIIN",74869648139,3759.650009,5.719999552,"native"
"2915","Chamaesyce capitellata","Euphorbia capitellata","CHCA29",1.58e+11,821.4300003,5.75999999,"native"
"2916","Erigeron supplex","Erigeron supplex","ERSU4",23752421984,3456.019897,2.199999809,"native"
"2917","Symphyotrichum porteri","Symphyotrichum porteri","SYPO4",88677012072,1299.269974,4.389999866,"native"
"2918","Galium coloradoense","Galium coloradoense","GACO2",3.36e+11,1547.049957,7.460000396,"native"
"2919","Juglans major","Juglans major","JUMA",4.35e+11,1081.490051,7.399999976,"native"
"2920","Artemisia packardiae","Artemisia packardiae","ARPA20",1.57e+11,1373.040009,4.460000038,"native"
"2921","Eriogonum nidularium","Eriogonum nidularium","ERNI4",5.48e+11,1774.089966,5.82000041,"native"
"2922","Lycium andersonii","Lycium andersonii","LYAN",7.01e+11,1662,7.460000396,"native"
"2923","Erigeron clokeyi","Erigeron clokeyi","ERCL",2.01e+11,1662,5.080000401,"native"
"2924","Lomatium idahoense","Lomatium idahoense","LOID",53776850257,1353.150024,3.949999809,"native"
"2925","Thelocactus bicolor","Thelocactus bicolor","THBI",29168946547,320.3599854,1.419999599,"native"
"2926","Besseya alpina","Veronica besseya","BEAL",1.37e+11,1525.789955,7.219999671,"native"
"2927","Leptosiphon aureus","Leptosiphon aureus","LEAU16",4.69e+11,1282.420044,7.399999976,"native"
"2928","Calochortus gunnisonii","Calochortus gunnisonii","CAGU",6.88e+11,1682.770058,7.460000396,"native"
"2929","Rhus integrifolia","Rhus integrifolia","RHIN2",1.22e+11,1822.35997,4.559999466,"native"
"2930","Argemone gracilenta","Argemone gracilenta","ARGR3",1.91e+11,1009.450012,7.399999976,"native"
"2931","Astragalus parryi","Astragalus parryi","ASPA13",51327851376,1003.769974,3.390000343,"native"
"2932","Salix bonplandiana","Salix bonplandiana","SABO",99375571704,847.8199768,7.399999976,"native"
"2933","Bidens bigelovii","Bidens bigelovii","BIBI",2.4e+11,1025.420044,7.259999633,"native"
"2934","Antheropeas lanosum","Eriophyllum lanosum","ANLA7",3.49e+11,1138.519951,7.399999976,"native"
"2935","Janusia gracilis","Janusia gracilis","JAGR",2.43e+11,1009.450012,7.399999976,"native"
"2936","Erigeron nematophyllus","Erigeron nematophyllus","ERNE2",1.46e+11,1651.600052,4.069999695,"native"
"2937","Mammillaria barbata","Cochemiea barbata","MABA9",1.88e+11,885.8699722,5.75999999,"native"
"2938","Senna covesii","Senna covesii","SECO10",3.62e+11,1138.519951,7.399999976,"native"
"2939","Aliciella haydenii","Aliciella haydenii","ALHA6",1.14e+11,1158.65995,7.460000396,"native"
"2940","Stylocline intertexta","Stylocline intertexta","STIN4",2.06e+11,1282.420044,5.619999647,"native"
"2941","Gilia scopulorum","Gilia scopulorum","GISC",4.24e+11,1282.420044,7.460000396,"native"
"2942","Geraea canescens","Geraea canescens","GECA2",3.42e+11,1282.420044,5.82000041,"native"
"2943","Menodora longiflora","Menodora longiflora","MELO2",1.47e+11,962.3899689,2.709999561,"native"
"2944","Escobaria sneedii","Pelecyphora sneedii","ESSN",40857551655,406.719986,3.169999599,"native"
"2945","Eriogonum coloradense","Eriogonum coloradense","ERCO11",22278067197,1453.149963,3.949999809,"native"
"2946","Monoptilon bellioides","Monoptilon bellioides","MOBE2",3.38e+11,1282.420044,5.82000041,"native"
"2947","Ranunculus ranunculinus","Cyrtorhyncha ranunculina","RARA",1.76e+11,1495.09996,5.150000334,"native"
"2948","Cryptantha confertiflora","Oreocarya confertiflora","CRCO12",5.17e+11,1662,7.460000396,"native"
"2949","Chamaesyce arizonica","Euphorbia arizonica","CHAR18",2.68e+11,1023.580009,7.399999976,"native"
"2950","Syntrichopappus fremontii","Syntrichopappus fremontii","SYFR",2.61e+11,1282.420044,5.82000041,"native"
"2951","Arabis perennans","Boechera perennans","ARPE2",8.13e+11,1602.079956,7.460000396,"native"
"2952","Cymopterus corrugatus","Rhysopterus plurijugus","CYCO4",2.53e+11,1381.340004,5.080000401,"native"
"2953","Lesquerella kingii","Physaria kingii subsp. kingii","LEKI",5.89e+11,1926.359985,7.460000396,"native"
"2954","Atriplex tridentata","Atriplex tridentata","ATTR3",2.6e+11,1458.299957,4.980000019,"native"
"2955","Astragalus calycosus","Astragalus calycosus","ASCA9",8.62e+11,1662,7.460000396,"native"
"2956","Atriplex parryi","Atriplex parryi","ATPA3",2.14e+11,1282.420044,5.080000401,"native"
"2957","Thelypodiopsis elegans","Thelypodiopsis elegans","THEL",1.43e+11,1494.619949,4.069999695,"native"
"2958","Machaeranthera parviflora","Leucosyris parviflora","MAPA",3.68e+11,1386.330017,7.399999976,"native"
"2959","Lasthenia burkei","Lasthenia burkei","LABU",16417282081,1780.329956,2.679999828,"native"
"2960","Malacothrix torreyi","Malacothrix torreyi","MATO2",6.73e+11,1727.049965,7.460000396,"native"
"2961","Sphaeralcea emoryi","Sphaeralcea emoryi","SPEM",3.67e+11,1138.519951,5.82000041,"native"
"2962","Eurybia glauca","Eurybia glauca","EUGL19",5.65e+11,1954.669952,7.460000396,"native"
"2963","Pinus edulis","Pinus edulis","PIED",8.46e+11,1739.950058,7.460000396,"native"
"2964","Chamaebatiaria millefolium","Chamaebatiaria millefolium","CHMI2",7.01e+11,3871.26001,7.460000396,"native"
"2965","Polypogon elongatus","Polypogon elongatus","POEL",66840229485,816.7400208,5.159999847,"native"
"2966","Saltugilia latimeri","Gilia latimeri","SALA26",45033409881,1282.420044,4.329999447,"native"
"2967","Selaginella arizonica","Selaginella arizonica","SEAR2",1.39e+11,852.4399719,5.159999847,"native"
"2968","Packera fendleri","Packera fendleri","PAFE4",3.45e+11,1643.760056,5.309999943,"native"
"2969","Aquilegia saximontana","Aquilegia saximontana","AQSA",24761866719,963.8499756,2.890000343,"native"
"2970","Mertensia arizonica","Mertensia arizonica","MEAR6",3.37e+11,1466.289955,7.460000396,"native"
"2971","Seymeria texana","Seymeria texana","SETE7",18784885458,571.25,1.800000191,"native"
"2972","Proboscidea parviflora","Proboscidea parviflora","PRPA2",4.66e+11,1415.140015,7.399999976,"native"
"2973","Sullivantia hapemanii","Sullivantia hapemanii","SUHA",1.08e+11,1947.359909,4.069999695,"native"
"2974","Ericameria crispa","Ericameria crispa","ERCR7",23393876767,668.9700012,3.980000019,"native"
"2975","Sphaeralcea wrightii","Sphaeralcea wrightii","SPWR",64203488560,748.1099701,5.339999676,"native"
"2976","Mammillaria tetrancistra","Cochemiea tetrancistra","MATE4",3.35e+11,1282.420044,5.82000041,"native"
"2977","Arabis rigidissima","Boechera rigidissima","ARRI",53702648826,3892.039886,4.5,"native"
"2978","Astragalus serpens","Astragalus serpens","ASSE6",13286357363,995.2800446,4.679999828,"native"
"2979","Mentzelia oreophila","Mentzelia oreophila","MEOR3",3.33e+11,1662,5.82000041,"native"
"2980","Phoradendron juniperinum","Phoradendron juniperinum","PHJU",1.16e+12,3978.389893,7.460000396,"native"
"2981","Malacothrix sonchoides","Malacothrix sonchoides","MASO",9.79e+11,1662,7.460000396,"native"
"2982","Penstemon virens","Penstemon virens","PEVI3",84149966293,1616.110062,3.609999657,"native"
"2983","Abronia bolackii","Abronia bolackii","ABBO",14289489115,473.3899994,1.400000095,"native"
"2984","Aliciella formosa","Aliciella formosa","ALFO3",14289489115,473.3899994,1.400000095,"native"
"2985","Erigeron bistiensis","Erigeron pulcherrimus","ERBI9",14289489115,473.3899994,1.400000095,"native"
"2986","Mentzelia linearifolia","Mentzelia linearifolia","MELI13",14289489115,473.3899994,1.400000095,"native"
"2987","Brodiaea stellaris","Brodiaea stellaris","BRST",22404445196,3456.019897,2.199999809,"native"
"2988","Calamagrostis bolanderi","Calamagrostis bolanderi","CABO",22404445196,3456.019897,2.199999809,"native"
"2989","Artemisia nova","Artemisia nova","ARNO4",1.24e+12,3871.26001,7.460000396,"native"
"2990","Opuntia laevis","Opuntia engelmannii var. laevis","OPLA2",87021374969,797.1799927,5.159999847,"native"
"2991","Aletes anisatus","Cymopterus anisatus","ALAN3",54787149511,1129.360046,3.869999886,"native"
"2992","Notholaena californica","Hemionitis deserti","NOCA",1.7e+11,1233.060043,5.159999847,"native"
"2993","Abronia argillosa","Abronia argillosa","ABAR",38085855573,1093.879959,3.739999771,"native"
"2994","Castilleja kerryana","Castilleja kerryana","CAKE7",8957164709,1387.149963,2.209999561,"native"
"2995","Psorothamnus arborescens","Psorothamnus arborescens","PSAR4",2.41e+11,1662,7.460000396,"native"
"2996","Mimulus rubellus","Erythranthe rubella","MIRU",8.68e+11,2004.98999,7.460000396,"native"
"2997","Valeriana acutiloba","Valeriana acutiloba","VAAC",9.75e+11,3964.249908,7.460000396,"native"
"2998","Poa kelloggii","Poa kelloggii","POKE",29411145389,3653.989899,3.760000229,"native"
"2999","Ericameria ophitidis","Ericameria ophitidis","EROP2",25650723909,2417.839966,2.78000021,"native"
"3000","Harmonia stebbinsii","Harmonia stebbinsii","HAST10",25650723909,2417.839966,2.78000021,"native"
"3001","Minuartia rosei","Minuartia rosei","MIRO3",25650723909,2417.839966,2.78000021,"native"
"3002","Erigeron melanocephalus","Erigeron melanocephalus","ERME2",1.76e+11,1682.770058,7.219999671,"native"
"3003","Erigeron vetensis","Erigeron vetensis","ERVE2",1.73e+11,1471.359955,4.919999838,"native"
"3004","Adiantum shastense","Adiantum shastense","ADSH",9778230074,2417.839966,2.78000021,"native"
"3005","Ageratina shastensis","Ageratina shastensis","AGSH2",9778230074,2417.839966,2.78000021,"native"
"3006","Brodiaea matsonii","Brodiaea matsonii","BRMA7",9778230074,2417.839966,2.78000021,"native"
"3007","Calochortus syntrophus","Calochortus syntrophus","CASY7",9778230074,2417.839966,2.78000021,"native"
"3008","Ivesia longibracteata","Potentilla longibracteata","IVLO",9778230074,2417.839966,2.78000021,"native"
"3009","Juncus digitatus","Juncus digitatus","JUDI3",9778230074,2417.839966,2.78000021,"native"
"3010","Neviusia cliftonii","Neviusia cliftonii","NECL",9778230074,2417.839966,2.78000021,"native"
"3011","Puccinellia howellii","Puccinellia howellii","PUHO",9778230074,2417.839966,2.78000021,"native"
"3012","Trifolium piorkowskii","Trifolium piorkowskii","TRPI2",9778230074,2417.839966,2.78000021,"native"
"3013","Gomphrena sonorae","Gomphrena sonorae","GOSO",88019322863,816.7400208,5.159999847,"native"
"3014","Agastache wrightii","Agastache wrightii","AGWR",1.42e+11,852.4399719,5.159999847,"native"
"3015","Dimorphocarpa pinnatifida","Dimorphocarpa pinnatifida","DIPI2",38075924677,795.0499878,4.609999657,"native"
"3016","Jatropha cuneata","Jatropha cuneata","JACU",38075924677,795.0499878,4.609999657,"native"
"3017","Pachycereus schottii","Lophocereus schottii","PASC14",38075924677,795.0499878,4.609999657,"native"
"3018","Triteleiopsis palmeri","Triteleiopsis palmeri","TRPA9",38075924677,795.0499878,4.609999657,"native"
"3019","Castilleja viscidula","Castilleja viscidula","CAVI9",2.54e+11,1699.850014,5.080000401,"native"
"3020","Claytonia rosea","Claytonia rosea","CLRO5",1.04e+11,1150.02002,7.399999976,"native"
"3021","Ranunculus petiolaris","Ranunculus petiolaris","RAPE5",74749647706,840.9699707,4.71999979,"native"
"3022","Carex perglobosa","Carex perglobosa","CAPE12",81324505411,1525.789955,7.179999709,"native"
"3023","Erigeron salmonensis","Erigeron salmonensis","ERSA19",43269112035,1920.82991,3.269999504,"native"
"3024","Tetraclea coulteri","Tetraclea coulteri","TECO",3.48e+11,964.8500061,7.399999976,"native"
"3025","Cleomella macbrideana","Cleomella hillmanii var. goodrichii","CLMA3",11819910408,1279.960037,2.729999542,"native"
"3026","Cryptantha barbigera","Cryptantha barbigera","CRBA5",6.12e+11,1662,7.460000396,"native"
"3027","Rorippa sphaerocarpa","Rorippa sphaerocarpa","ROSP4",5.13e+11,1794.42997,7.460000396,"native"
"3028","Hackelia ursina","Hackelia ursina","HAUR",1.58e+11,1036.890045,7.399999976,"native"
"3029","Penstemon arenicola","Penstemon arenicola","PEAR",1.76e+11,1346.669968,4.250000477,"native"
"3030","Eriogonum inflatum","Eriogonum inflatum","ERIN4",7.3e+11,1662,7.460000396,"native"
"3031","Astragalus iodanthus","Astragalus lentiginosus var. iodanthus","ASIO",4.16e+11,2013.269882,5.080000401,"native"
"3032","Astragalus acutirostris","Astragalus acutirostris","ASAC3",2.67e+11,1662,5.82000041,"native"
"3033","Ephedra nevadensis","Ephedra nevadensis","EPNE",7e+11,1662,7.460000396,"native"
"3034","Yucca brevifolia","Yucca brevifolia","YUBR",3.38e+11,1662,5.82000041,"native"
"3035","Lomatium nevadense","Lomatium nevadense","LONE",9.91e+11,3871.26001,7.460000396,"native"
"3036","Phacelia bicolor","Phacelia bicolor","PHBI",3.59e+11,3304.389893,5.080000401,"native"
"3037","Erigeron tener","Erigeron tener","ERTE6",5.65e+11,3871.26001,5.080000401,"native"
"3038","Astragalus grayi","Astragalus grayi","ASGR4",92337643538,1385.430008,4.010000229,"native"
"3039","Boerhavia spicata","Boerhavia spicata","BOSP",3.15e+11,1036.890045,7.460000396,"native"
"3040","Notholaena nealleyi","Hemionitis nealleyi","NONE4",27328752773,339.4000244,1.419999599,"native"
"3041","Aliciella latifolia","Aliciella latifolia","ALLA13",3.96e+11,1662,7.460000396,"native"
"3042","Camissonia robusta","Camissoniopsis robusta","CARO13",28495297995,1101.140015,4.559999466,"native"
"3043","Agave palmeri","Agave palmeri","AGPA3",1.09e+11,840.9699707,5.069999933,"native"
"3044","Arabis oxylobula","Boechera oxylobula","AROX",60213245459,1453.149963,3.949999809,"native"
"3045","Rhodiola rhodantha","Rhodiola rhodantha","RHRH4",4.87e+11,1925.069946,7.460000396,"native"
"3046","Arabis falcatoria","Boechera falcatoria","ARFA2",68133450911,1457.98996,4.010000229,"native"
"3047","Boltonia apalachicolensis","Boltonia apalachicolensis","BOAP",6523666643,206.460083,2.720000267,"native"
"3048","Gentiana parryi","Gentiana parryi","GEPA",2.64e+11,1682.770058,7.460000396,"native"
"3049","Cryptantha maritima","Cryptantha maritima","CRMA7",3.05e+11,1282.420044,5.82000041,"native"
"3050","Astragalus layneae","Astragalus layneae","ASLA8",2.37e+11,1662,5.82000041,"native"
"3051","Echinocereus rigidissimus","Echinocereus rigidissimus","ECRI3",85955598227,816.7400208,5.159999847,"native"
"3052","Erigeron elatior","Erigeron elatior","EREL9",2.38e+11,1682.770058,7.219999671,"native"
"3053","Juniperus osteosperma","Juniperus osteosperma","JUOS",1.15e+12,2835.949951,7.460000396,"native"
"3054","Arabis dispar","Boechera dispar","ARDI",1.46e+11,1662,5.080000401,"native"
"3055","Penstemon pratensis","Penstemon pratensis","PEPR6",1.73e+11,1211.810028,4.380000114,"native"
"3056","Lilium maritimum","Lilium maritimum","LIMA",15794230870,1936.639954,2.769999981,"native"
"3057","Gomphrena haageana","Gomphrena haageana","GOHA",13509722339,646.3600006,1.489999771,"native"
"3058","Palafoxia arida","Palafoxia arida","PAAR8",2.57e+11,1282.420044,5.75999999,"native"
"3059","Poa reflexa","Poa reflexa","PORE",6.07e+11,1954.669952,7.460000396,"native"
"3060","Brickellia venosa","Brickellia venosa","BRVE",1.25e+11,840.9699707,5.069999933,"native"
"3061","Mentzelia multicaulis","Mentzelia multicaulis","MEMU2",1.24e+11,1410.880043,7.179999709,"native"
"3062","Eriogonum deflexum","Eriogonum deflexum","ERDE6",8.14e+11,1662,7.460000396,"native"
"3063","Haplophyton crooksii","Haplophyton crooksii","HACR3",1.09e+11,840.9699707,5.069999933,"native"
"3064","Penstemon caespitosus","Penstemon caespitosus","PECA4",4.19e+11,1682.770058,7.460000396,"native"
"3065","Hesperostipa neomexicana","Hesperostipa neomexicana","HENE5",7.66e+11,1363.109962,7.460000396,"native"
"3066","Cryptantha sericea","Cryptantha sericea","CRSE3",1.76e+11,1651.600052,4.040000439,"native"
"3067","Angelica grayi","Angelica grayi","ANGR3",1.55e+11,1631.830063,5.669999599,"native"
"3068","Cirsium calcareum","Cirsium calcareum","CICA10",3.08e+11,1338.850014,7.460000396,"native"
"3069","Cryptantha utahensis","Cryptantha utahensis","CRUT",2.99e+11,1282.420044,7.460000396,"native"
"3070","Tetradymia nuttallii","Tetradymia nuttallii","TENU2",2.33e+11,1458.299957,4.860000134,"native"
"3071","Draba sphaerocarpa","Draba sphaerocarpa","DRSP2",57081824209,1922.529907,3.949999809,"native"
"3072","Astragalus oreganus","Astragalus oreganus","ASOR2",75208941643,1389.590012,4.010000229,"native"
"3073","Eriastrum diffusum","Eriastrum diffusum","ERDI2",7.56e+11,1396.719971,7.460000396,"native"
"3074","Stylocline micropoides","Stylocline micropoides","STMI2",5.58e+11,1428.380005,7.460000396,"native"
"3075","Calycoseris parryi","Calycoseris parryi","CAPA7",3.87e+11,1662,7.460000396,"native"
"3076","Cryptantha rugulosa","Oreocarya rugulosa","CRRU4",2.18e+11,1466.289955,5.080000401,"native"
"3077","Heuchera rubescens","Heuchera rubescens","HERU",1.22e+12,3978.389893,7.460000396,"native"
"3078","Mentzelia marginata","Mentzelia marginata","MEMA5",86399816840,1082.029945,7.460000396,"native"
"3079","Cheilanthes wrightii","Hemionitis wrightii","CHWR",1.63e+11,852.4399719,5.159999847,"native"
"3080","Carex saliniformis","Carex hassei","CASA6",23557311489,3553.829895,2.630000114,"native"
"3081","Phacelia rupestris","Phacelia rupestris","PHRU2",1.29e+11,877.7799683,5.069999933,"native"
"3082","Physaria acutifolia","Physaria acutifolia","PHAC4",4.81e+11,1962.65995,7.460000396,"native"
"3083","Nolina cismontana","Nolina cismontana","NOCI",28236584252,1219.170044,4.559999466,"native"
"3084","Pediocactus simpsonii","Pediocactus simpsonii","PESI",8.22e+11,1995.869911,7.460000396,"native"
"3085","Baccharis emoryi","Baccharis salicina","BAEM",5.51e+11,1138.519951,7.460000396,"native"
"3086","Lomatium graveolens","Lomatium graveolens","LOGR6",3.08e+11,1471.669952,7.460000396,"native"
"3087","Acamptopappus sphaerocephalus","Acamptopappus sphaerocephalus","ACSP",4.4e+11,1282.420044,7.460000396,"native"
"3088","Tetraneuris torreyana","Tetraneuris torreyana","TETO",1.94e+11,1346.669968,5.910000324,"native"
"3089","Gilia transmontana","Gilia transmontana","GITR",2.66e+11,1282.420044,5.82000041,"native"
"3090","Polemonium brandegeei","Polemonium brandegeei","POBR8",1.82e+11,1663.510056,5.150000334,"native"
"3091","Dimeresia howellii","Dimeresia howellii","DIHO2",2.97e+11,3815.920013,4.46999979,"native"
"3092","Phaseolus filiformis","Phaseolus filiformis","PHFI3",2.37e+11,1014.090012,7.399999976,"native"
"3093","Astragalus leptaleus","Astragalus leptaleus","ASLE9",74143429430,1636.980057,4.069999695,"native"
"3094","Allowissadula holosericea","Allowissadula holosericea","ALHO4",1.14e+11,698.4999847,2.619999409,"native"
"3095","Aliciella mcvickerae","Aliciella mcvickerae","ALMC",11871212162,869.6399384,2.629999638,"native"
"3096","Senecio amplectens","Senecio amplectens","SEAM",3.53e+11,1954.359955,7.460000396,"native"
"3097","Krameria grayi","Krameria bicolor","KRGR",3.58e+11,1138.519951,5.75999999,"native"
"3098","Sidalcea neomexicana","Sidalcea neomexicana","SINE3",9.85e+11,1739.950058,7.460000396,"native"
"3099","Sairocarpus nuttallianus","Sairocarpus nuttallianus","SANU6",2.05e+11,1134.089951,5.159999847,"native"
"3100","Cryptantha dumetorum","Cryptantha dumetorum","CRDU",2.37e+11,1282.420044,5.82000041,"native"
"3101","Perityle stansburyi","Perityle stansburyi","PEST14",1.49e+11,1458.299957,4.980000019,"native"
"3102","Senecio rapifolius","Senecio rapifolius","SERA",1.28e+11,1663.510056,3.850000381,"native"
"3103","Tonestus pygmaeus","Tonestus pygmaeus","TOPY",1.14e+11,1474.84996,5.549999714,"native"
"3104","Echinocactus polycephalus","Echinocactus polycephalus","ECPO2",3.48e+11,1282.420044,7.460000396,"native"
"3105","Ambrosia ambrosioides","Ambrosia ambrosioides","AMAM2",1.67e+11,897.039978,5.75999999,"native"
"3106","Crataegus tracyi","Crataegus tracyi","CRTR",35095708107,670.2799683,2.229999542,"native"
"3107","Stephanomeria parryi","Stephanomeria parryi","STPA3",2.38e+11,1662,7.460000396,"native"
"3108","Collomia renacta","Collomia renacta","CORE10",96325151555,1211.810028,4.010000229,"native"
"3109","Trifolium leibergii","Trifolium leibergii","TRLE",96325151555,1211.810028,4.010000229,"native"
"3110","Draba grayana","Draba grayana","DRGR3",35126851354,1338.240051,3.639999866,"native"
"3111","Oenothera primiveris","Oenothera primiveris","OEPR",5.22e+11,1282.420044,7.460000396,"native"
"3112","Eriogonum capillare","Eriogonum capillare","ERCA11",91630656689,840.9699707,5.069999933,"native"
"3113","Sedum borschii","Sedum borschii","SEBO2",68926007463,1920.82991,3.269999504,"native"
"3114","Iresine heterophylla","Iresine heterophylla","IRHE",1.16e+11,805.2700195,5.069999933,"native"
"3115","Astragalus rafaelensis","Astragalus rafaelensis","ASRA3",26873628108,877.8400269,3.900000572,"native"
"3116","Oenothera californica","Oenothera californica","OECA2",3.85e+11,1662,5.82000041,"native"
"3117","Potentilla brevifolia","Potentilla brevifolia","POBR5",2.16e+11,2518.289886,4.570000172,"native"
"3118","Erigeron flabellifolius","Erigeron flabellifolius","ERFL8",30421840046,1543.080032,3.550000191,"native"
"3119","Peraphyllum ramosissimum","Peraphyllum ramosissimum","PERA4",5.55e+11,2835.949951,7.460000396,"native"
"3120","Ipomoea cardiophylla","Ipomoea cardiophylla","IPCA3",97670390594,766.7599945,4.92999959,"native"
"3121","Chorizanthe corrugata","Chorizanthe corrugata","CHCO6",2.47e+11,1282.420044,5.75999999,"native"
"3122","Phacelia neglecta","Phacelia neglecta","PHNE",2.47e+11,1282.420044,5.75999999,"native"
"3123","Psorothamnus spinosus","Psorothamnus spinosus","PSSP3",2.47e+11,1282.420044,5.75999999,"native"
"3124","Minuartia macrantha","Minuartia macrantha","MIMA3",34963023546,1406.269958,5.129999638,"native"
"3125","Ceanothus greggii","Ceanothus pauciflorus","CEGR",6.76e+11,1662,7.460000396,"native"
"3126","Eriogonum exilifolium","Eriogonum exilifolium","EREX2",47210469469,1616.110062,3.609999657,"native"
"3127","Ericameria cooperi","Ericameria cooperi","ERCO23",2.64e+11,1662,5.080000401,"native"
"3128","Silene nuda","Silene nuda","SINU",1.74e+11,2780.609955,4.5,"native"
"3129","Mohavea confertiflora","Mohavea confertiflora","MOCO",1.62e+11,1138.519951,5.619999647,"native"
"3130","Tiquilia palmeri","Tiquilia palmeri","TIPA",1.62e+11,1138.519951,5.619999647,"native"
"3131","Acaciella shrevei","Acaciella lemmonii","ACSH2",19169784048,670.3700256,4.92999959,"native"
"3132","Asplenium exiguum","Asplenium exiguum","ASEX2",19169784048,670.3700256,4.92999959,"native"
"3133","Astragalus hypoxylus","Astragalus hypoxylus","ASHY3",19169784048,670.3700256,4.92999959,"native"
"3134","Castilleja nervata","Castilleja nervata","CANE18",19169784048,670.3700256,4.92999959,"native"
"3135","Coursetia glabella","Coursetia glabella","COGL7",19169784048,670.3700256,4.92999959,"native"
"3136","Cyperus manimae","Cyperus manimae","CYMA4",19169784048,670.3700256,4.92999959,"native"
"3137","Fraxinus gooddingii","Fraxinus gooddingii","FRGO",19169784048,670.3700256,4.92999959,"native"
"3138","Ipomoea longifolia","Ipomoea longifolia","IPLO",19169784048,670.3700256,4.92999959,"native"
"3139","Laennecia eriophylla","Laennecia eriophylla","LAER",19169784048,670.3700256,4.92999959,"native"
"3140","Lupinus huachucanus","Lupinus huachucanus","LUHU",19169784048,670.3700256,4.92999959,"native"
"3141","Paspalum virletii","Paspalum virletii","PAVI7",19169784048,670.3700256,4.92999959,"native"
"3142","Penstemon stenophyllus","Penstemon stenophyllus","PEST6",19169784048,670.3700256,4.92999959,"native"
"3143","Phemeranthus parvulus","Phemeranthus parvulus","PHPA31",19169784048,670.3700256,4.92999959,"native"
"3144","Polygala glochidiata","Polygala glochidiata","POGL6",19169784048,670.3700256,4.92999959,"native"
"3145","Senecio multidentatus","Senecio multidentatus","SEMU9",19169784048,670.3700256,4.92999959,"native"
"3146","Spiranthes delitescens","Spiranthes delitescens","SPDE6",19169784048,670.3700256,4.92999959,"native"
"3147","Symphyotrichum potosinum","Symphyotrichum potosinum","SYPO5",19169784048,670.3700256,4.92999959,"native"
"3148","Erythrina flabelliformis","Erythrina flabelliformis","ERFL7",82894135596,856.2600098,5.480000019,"native"
"3149","Hymenocallis henryae","Hymenocallis henryae","HYHE2",9661687136,290.0500488,2.720000267,"native"
"3150","Brickellia amplexicaulis","Brickellia amplexicaulis","BRAM3",82861532627,805.2700195,5.069999933,"native"
"3151","Agave delamateri","Agave delamateri","AGDE10",57188898625,800.4999695,5.159999847,"native"
"3152","Mirabilis multiflora","Mirabilis multiflora","MIMU",1.01e+12,1662,7.460000396,"native"
"3153","Eriogonum reniforme","Eriogonum reniforme","ERRE3",4.37e+11,1662,7.460000396,"native"
"3154","Pinus torreyana","Pinus torreyana","PITO",17984626219,1097.469971,2.789999962,"native"
"3155","Eriogonum ammophilum","Eriogonum ammophilum","ERAM6",25891247203,700.7899933,3.980000019,"native"
"3156","Gutierrezia petradoria","Gutierrezia petradoria","GUPE2",25891247203,700.7899933,3.980000019,"native"
"3157","Arctostaphylos pungens","Arctostaphylos pungens","ARPU5",5.59e+11,1418.550034,7.460000396,"native"
"3158","Chaenactis evermannii","Chaenactis evermannii","CHEV",71683988505,1922.529907,3.949999809,"native"
"3159","Scoliopus bigelovii","Scoliopus bigelovii","SCBI",33258857588,3730.18988,3.760000229,"native"
"3160","Noccaea parviflora","Noccaea parviflora","NOPA5",1.05e+11,1914.149948,4.010000229,"native"
"3161","Ericameria nana","Ericameria nana","ERNA7",5.6e+11,1662,7.460000396,"native"
"3162","Caulanthus cooperi","Streptanthus cooperi","CACO18",2.7e+11,1662,5.82000041,"native"
"3163","Crataegus pearsonii","Crataegus pearsonii","CRPE13",2418212542,163.7000732,0.940000057,"native"
"3164","Jacquemontia pringlei","Jacquemontia pringlei","JAPR",54042095485,853.25,5.019999504,"native"
"3165","Cymopterus basalticus","Cymopterus basalticus","CYBA3",51970983643,1300.970016,4.980000019,"native"
"3166","Fleischmannia pycnocephala","Fleischmannia pycnocephala","FLPY",90063568854,840.9699707,5.069999933,"native"
"3167","Hesperolinon spergulinum","Linum spergulinum","HESP5",24770851392,2054.499939,3.760000229,"native"
"3168","Quercus vaseyana","Quercus vaseyana","QUVA5",52958448709,485.0099945,2.229999542,"native"
"3169","Artemisia porteri","Artemisia porteri","ARPO5",23785388824,1044.009995,2.910000324,"native"
"3170","Arabis pusilla","Boechera pusilla","ARPU18",23785388824,1044.009995,2.910000324,"native"
"3171","Claytonia flava","Claytonia multiscapa subsp. multiscapa","CLFL3",23785388824,1044.009995,2.910000324,"native"
"3172","Cryptantha subcapitata","Oreocarya subcapitata","CRSU15",23785388824,1044.009995,2.910000324,"native"
"3173","Lesquerella fremontii","Physaria fremontii","LEFR4",23785388824,1044.009995,2.910000324,"native"
"3174","Phlox pungens","Phlox pungens","PHPU12",23785388824,1044.009995,2.910000324,"native"
"3175","Trifolium barnebyi","Trifolium barnebyi","TRBA5",23785388824,1044.009995,2.910000324,"native"
"3176","Yermo xanthocephalus","Yermo xanthocephalus","YEXA",23785388824,1044.009995,2.910000324,"native"
"3177","Perityle lindheimeri","Perityle lindheimeri","PELI3",53514112718,593.6100159,1.800000191,"native"
"3178","Phacelia cryptantha","Phacelia cryptantha","PHCR2",4.56e+11,1662,7.460000396,"native"
"3179","Astragalus eremiticus","Astragalus eremiticus","ASER4",4.21e+11,2001.249908,7.460000396,"native"
"3180","Juncus hallii","Juncus hallii","JUHA",2.06e+11,1394.430038,5.150000334,"native"
"3181","Coryphantha echinus","Coryphantha echinus","COEC",70797730539,736.8300018,1.859999657,"native"
"3182","Penstemon debilis","Penstemon debilis","PEDE22",7634105497,970.2099609,2.779999733,"native"
"3183","Tragia nigricans","Tragia nigricans","TRNI",17423940295,425.3200073,1.200000286,"native"
"3184","Eriogonum brachyanthum","Eriogonum brachyanthum","ERBR7",3.29e+11,1662,5.080000401,"native"
"3185","Allium nevadense","Allium nevadense","ALNE",6.3e+11,1853.34996,7.460000396,"native"
"3186","Stellaria irrigua","Stellaria irrigua","STIR",19995741299,1406.269958,5.089999676,"native"
"3187","Vachellia constricta","Vachellia constricta","VACO9",3.83e+11,1009.450012,7.399999976,"native"
"3188","Sedum rupicola","Sedum rupicola","SERU3",82185347090,5815.160233,3.619999409,"native"
"3189","Eriogonum ephedroides","Eriogonum ephedroides","EREP",19951594575,1093.879959,3.18999958,"native"
"3190","Fritillaria grayana","Fritillaria biflora var. ineziana","FRGR4",14324878401,1936.639954,2.769999981,"native"
"3191","Elatine heterandra","Elatine heterandra","ELHE2",1.03e+11,2816.839951,4.999999523,"native"
"3192","Astragalus scaphoides","Astragalus scaphoides","ASSC4",38923781270,1322.570023,2.849999428,"native"
"3193","Argythamnia claryana","Ditaxis claryana","ARCL2",1.26e+11,1138.519951,4.579999447,"native"
"3194","Mentzelia torreyi","Mentzelia torreyi","METO2",1.6e+11,1662,5.080000401,"native"
"3195","Chorizanthe rigida","Chorizanthe rigida","CHRI",5.46e+11,1662,7.460000396,"native"
"3196","Lesquerella carinata","Physaria carinata","LECA10",67235666254,1921.179916,3.319999695,"native"
"3197","Camissonia claviformis","Chylismia claviformis","CACL4",8.07e+11,1774.089966,5.82000041,"native"
"3198","Chaenactis macrantha","Chaenactis macrantha","CHMA",6.99e+11,2573.629883,7.460000396,"native"
"3199","Asclepias uncialis","Asclepias uncialis","ASUN4",3.58e+11,1063.260048,7.460000396,"native"
"3200","Ceanothus gloriosus","Ceanothus gloriosus","CEGL",14510894554,1780.329956,2.199999809,"native"
"3201","Horkelia tenuiloba","Potentilla micheneri","HOTE2",14510894554,1780.329956,2.199999809,"native"
"3202","Pleuropogon hooverianus","Pleuropogon hooverianus","PLHO2",14510894554,1780.329956,2.199999809,"native"
"3203","Mentzelia multiflora","Mentzelia multiflora","MEMU3",1.05e+12,1500.120049,7.460000396,"native"
"3204","Penstemon scariosus","Penstemon scariosus","PESC5",1.15e+11,1322.400009,4.960000515,"native"
"3205","Lupinus concinnus","Lupinus concinnus","LUCO",6.39e+11,1662,7.460000396,"native"
"3206","Erigeron ursinus","Erigeron ursinus","ERUR2",5.1e+11,1933.40995,7.460000396,"native"
"3207","Camissonia arenaria","Chylismia arenaria","CAAR20",1.78e+11,1138.519951,5.619999647,"native"
"3208","Lomatium juniperinum","Lomatium juniperinum","LOJU",1.2e+11,1651.600052,3.900000572,"native"
"3209","Nerisyrenia camporum","Nerisyrenia camporum","NECA3",1.68e+11,784.7200165,5.309999943,"native"
"3210","Saxifragopsis fragarioides","Saxifragopsis fragarioides","SAFR5",52371204115,4342.489761,4.179999828,"native"
"3211","Eriogonum heermannii","Eriogonum heermannii","ERHE",6.45e+11,1662,7.460000396,"native"
"3212","Talinopsis frutescens","Talinopsis frutescens","TAFR",55990183250,787.7299805,2.229999542,"native"
"3213","Eleocharis parishii","Eleocharis parishii","ELPA4",1.01e+12,4005.909912,7.460000396,"native"
"3214","Artemisia scopulorum","Artemisia scopulorum","ARSC",4.07e+11,1954.359955,7.460000396,"native"
"3215","Arabis macdonaldiana","Arabis macdonaldiana","ARMA33",44645314680,4284.919769,4.179999828,"native"
"3216","Bouteloua rothrockii","Bouteloua barbata","BORO2",1.91e+11,897.039978,5.75999999,"native"
"3217","Astragalus gibbsii","Astragalus gibbsii","ASGI",73750006267,3794.87001,4.460000038,"native"
"3218","Lupinus depressus","Lupinus depressus","LUDE3",1.72e+11,1947.359909,4.020000458,"native"
"3219","Eriogonum trichopes","Eriogonum trichopes","ERTR8",5.33e+11,1282.420044,7.460000396,"native"
"3220","Boerhavia intermedia","Boerhavia triquetra var. intermedia","BOIN",4.17e+11,1138.519951,5.75999999,"native"
"3221","Polygala macradenia","Hebecarpa macradenia","POMA7",2.38e+11,933.8499756,5.159999847,"native"
"3222","Atriplex corrugata","Atriplex corrugata","ATCO4",1.49e+11,1320.959999,7.460000396,"native"
"3223","Festuca dasyclada","Festuca dasyclada","FEDA",48383189646,1108.59996,4.240000248,"native"
"3224","Primula angustifolia","Primula angustifolia","PRAN",68002683960,1461.789963,4.479999542,"native"
"3225","Solidago nana","Solidago nana","SONA",5.24e+11,1954.359955,7.460000396,"native"
"3226","Cryptantha mensana","Oreocarya mensana","CRME5",70829222513,1322.400009,4.960000515,"native"
"3227","Fagonia laevis","Zygophyllum laeve","FALA",2.81e+11,1282.420044,7.399999976,"native"
"3228","Abronia angustifolia","Abronia angustifolia","ABAN",2.39e+11,1009.450012,7.399999976,"native"
"3229","Eysenhardtia orthocarpa","Eysenhardtia orthocarpa","EYOR",87999844218,840.9699707,5.069999933,"native"
"3230","Marina calycosa","Marina calycosa","MACA8",87999844218,840.9699707,5.069999933,"native"
"3231","Pectis longipes","Pectis longipes","PELO",87999844218,840.9699707,5.069999933,"native"
"3232","Helictotrichon mortonianum","Helictotrichon mortonianum","HEMO3",73788142464,1494.619949,4.469999313,"native"
"3233","Arctostaphylos nummularia","Arctostaphylos nummularia","ARNU3",20169617959,1978.299957,3.760000229,"native"
"3234","Draba crassa","Draba crassa","DRCR",1.24e+11,1909.989944,5.910000324,"native"
"3235","Brickellia microphylla","Brickellia microphylla","BRMI",1.01e+12,3230.129883,7.460000396,"native"
"3236","Nicotiana clevelandii","Nicotiana clevelandii","NICL",87459454228,1106.299973,5.610000372,"native"
"3237","Linum kingii","Linum kingii","LIKI2",4.26e+11,1471.669952,7.460000396,"native"
"3238","Calamagrostis ophitidis","Calamagrostis ophitidis","CAOP2",19703373055,1800.529968,2.679999828,"native"
"3239","Ericameria parryi","Ericameria parryi","ERPA30",1.17e+12,3871.26001,7.460000396,"native"
"3240","Agastache breviflora","Agastache breviflora","AGBR",85961233184,856.2600098,5.480000019,"native"
"3241","Sairocarpus pusillus","Sairocarpus nuttallianus","SAPU18",39097204689,1101.140015,4.559999466,"native"
"3242","Penstemon laricifolius","Penstemon laricifolius","PELA9",1.88e+11,1389.590012,4.010000229,"native"
"3243","Cuscuta plattensis","Cuscuta plattensis","CUPL",16411230599,509.7400208,2.109999657,"native"
"3244","Lomatium ochocense","Lomatium ochocense","LOOC2",7715303368,665.3800049,2.820000172,"native"
"3245","Pectocarya heterocarpa","Pectocarya heterocarpa","PEHE",5.26e+11,1282.420044,7.460000396,"native"
"3246","Arnica cernua","Arnica cernua","ARCE",48939130416,4284.919769,4.179999828,"native"
"3247","Saussurea weberi","Saussurea weberi","SAWE",43699089942,1044.009995,3.850000381,"native"
"3248","Packera layneae","Packera layneae","PALA41",18424684593,2574.399963,4.269999743,"native"
"3249","Physaria rollinsii","Physaria rollinsii","PHRO4",19525342274,1422.529953,3.640000343,"native"
"3250","Sisyrinchium pallidum","Sisyrinchium pallidum","SIPA11",31682192850,1129.360046,3.639999866,"native"
"3251","Senecio atratus","Senecio atratus","SEAT",2.36e+11,1682.770058,7.460000396,"native"
"3252","Dichondra occidentalis","Dichondra occidentalis","DIOC2",40886026277,4472.009766,4.579999447,"native"
"3253","Tetracoccus hallii","Tetracoccus hallii","TEHA",1.51e+11,1138.519951,5.619999647,"native"
"3254","Cladium californicum","Cladium mariscus subsp. californicum","CLCA2",3.06e+11,1471.01001,7.460000396,"native"
"3255","Cryptantha micrantha","Eremocarya micrantha","CRMI",7.27e+11,1662,7.460000396,"native"
"3256","Phacelia insularis","Phacelia insularis","PHIN13",17513380275,2160.199951,3.03000021,"native"
"3257","Packera debilis","Packera debilis","PADE22",1.12e+11,1902.719955,4.020000458,"native"
"3258","Astragalus nuttallii","Astragalus nuttallii","ASNU5",1.5e+11,2302.699951,4.489999771,"native"
"3259","Pyrrocoma clementis","Pyrrocoma clementis","PYCL2",2.18e+11,1511.23996,7.460000396,"native"
"3260","Linum puberulum","Linum puberulum","LIPU4",6.76e+11,1243.910019,7.460000396,"native"
"3261","Erigeron asperugineus","Erigeron asperugineus","ERAS",1.03e+11,1283.129974,4.980000019,"native"
"3262","Penstemon absarokensis","Penstemon absarokensis","PEAB2",41757416520,1197.050003,4.010000229,"native"
"3263","Shoshonea pulvinata","Shoshonea pulvinata","SHPU",41757416520,1197.050003,4.010000229,"native"
"3264","Townsendia strigosa","Townsendia strigosa","TOST",1.09e+11,1334.759964,3.989999771,"native"
"3265","Atriplex wolfii","Atriplex wolfii","ATWO",1.36e+11,1349.479965,4.240000248,"native"
"3266","Phoradendron californicum","Phoradendron californicum","PHCA8",4.89e+11,1282.420044,7.460000396,"native"
"3267","Achyronychia cooperi","Achyronychia cooperi","ACCO3",2.41e+11,1282.420044,5.75999999,"native"
"3268","Cheilanthes wootonii","Hemionitis wootonii","CHWO",4.1e+11,1282.420044,7.399999976,"native"
"3269","Trifolium friscanum","Trifolium friscanum","TRFR4",23796521517,901.2199402,3.980000019,"native"
"3270","Aristida havardii","Aristida havardii","ARHA3",4.41e+11,1001.159943,7.399999976,"native"
"3271","Penstemon whippleanus","Penstemon whippleanus","PEWH",6.43e+11,1954.669952,7.460000396,"native"
"3272","Notholaena standleyi",NA,"NOST",2.66e+11,909.8800354,5.159999847,"native"
"3273","Muhlenbergia utilis","Muhlenbergia utilis","MUUT",2.42e+11,1428.380005,5.080000401,"native"
"3274","Astragalus pycnostachyus","Astragalus pycnostachyus","ASPY",29087399714,3882.919891,4.559999466,"native"
"3275","Carex nelsonii","Carex nelsonii","CANE3",1.59e+11,1502.369949,5.910000324,"native"
"3276","Cheilanthes leucopoda","Hemionitis leucopoda","CHLE3",14838053983,316.7600098,1.190000057,"native"
"3277","Eriogonum caespitosum","Eriogonum caespitosum","ERCA8",7.22e+11,2835.949951,5.82000041,"native"
"3278","Townsendia nuttallii","Townsendia hookeri","TONU",1.25e+11,1914.149948,4.250000477,"native"
"3279","Stillingia spinulosa","Stillingia spinulosa","STSP",1.54e+11,1138.519951,5.220000267,"native"
"3280","Plagiobothrys tener","Plagiobothrys tener","PLTE2",50077150794,2607.929962,4.5,"native"
"3281","Pedicularis parryi","Pedicularis parryi","PEPA3",5.3e+11,1925.069946,7.460000396,"native"
"3282","Linanthus watsonii","Linanthus watsonii","LIWA4",3.23e+11,2250.629921,7.460000396,"native"
"3283","Brickellia desertorum","Brickellia desertorum","BRDE3",2.45e+11,1282.420044,5.82000041,"native"
"3284","Draba argyrea","Draba argyrea","DRAR2",44284242943,1281.660034,3.949999809,"native"
"3285","Carex nova","Carex nova","CANO3",4.46e+11,1987.879913,7.360000014,"native"
"3286","Hesperocyparis abramsiana","Hesperocyparis abramsiana","HEAB2",2314826928,1071.600037,3.200000286,"native"
"3287","Calliandra eriophylla","Calliandra eriophylla","CAER",2.92e+11,1023.580009,7.399999976,"native"
"3288","Lomatium engelmannii","Lomatium engelmannii","LOEN",42039196697,4284.919769,4.179999828,"native"
"3289","Chorizanthe brevicornu","Chorizanthe brevicornu","CHBR",7.26e+11,1662,7.460000396,"native"
"3290","Astragalus wetherillii","Astragalus wetherillii","ASWE2",45260053244,1276.350006,3.75,"native"
"3291","Calochortus indecorus","Calochortus x indecorus","CAIN18",4244083284,3315.369934,1.230000019,"native"
"3292","Lupinus fissicalyx","Lupinus fissicalyx","LUFI",4244083284,3315.369934,1.230000019,"native"
"3293","Plagiobothrys lamprocarpus","Plagiobothrys lamprocarpus","PLLA3",4244083284,3315.369934,1.230000019,"native"
"3294","Salix tracyi","Salix tracyi","SATR",4244083284,3315.369934,1.230000019,"native"
"3295","Sedum moranii","Sedum moranii","SEMO5",4244083284,3315.369934,1.230000019,"native"
"3296","Hesperaloe parviflora","Hesperaloe parviflora","HEPA8",21077313378,526.6799927,1.789999962,"native"
"3297","Cleomella palmeriana","Cleomella palmeriana","CLPA3",99719865010,1143.810028,7.460000396,"native"
"3298","Petrophytum caespitosum","Petrophytum caespitosum","PECA12",9.28e+11,2042.909912,7.460000396,"native"
"3299","Astragalus aquilonius","Astragalus aquilonius","ASAQ2",30360763162,1280.310043,3.319999695,"native"
"3300","Ephedra torreyana","Ephedra torreyana","EPTO",6.77e+11,1355.589996,7.460000396,"native"
"3301","Eucrypta micrantha","Eucrypta micrantha","EUMI2",4.77e+11,1282.420044,7.460000396,"native"
"3302","Arenaria macradenia","Eremogone macradenia","ARMA3",4.37e+11,1662,7.460000396,"native"
"3303","Eriogonum capistratum","Eriogonum crosbyae var. crosbyae","ERCA17",56821764334,1921.179916,3.319999695,"native"
"3304","Carex elynoides","Carex elynoides","CAEL3",5.43e+11,1954.359955,7.460000396,"native"
"3305","Graptopetalum rusbyi","Graptopetalum rusbyi","GRRU",1.38e+11,852.4399719,5.159999847,"native"
"3306","Cycladenia humilis","Cycladenia humilis","CYHU",3.19e+11,3978.389893,7.460000396,"native"
"3307","Cymopterus evertii","Cymopterus evertii","CYEV",34772794537,1197.050003,3.63999939,"native"
"3308","Dicoria canescens","Dicoria canescens","DICA4",4.97e+11,1282.420044,7.460000396,"native"
"3309","Primula parryi","Primula parryi","PRPA",5.98e+11,1954.669952,7.460000396,"native"
"3310","Mimulus dentilobus","Erythranthe dentiloba","MIDE4",57605803812,750.4499817,5.159999847,"native"
"3311","Eatonella nivea","Eatonella nivea","EANI",3.76e+11,3411.719971,5.080000401,"native"
"3312","Townsendia aprica","Townsendia aprica","TOAP",37745909165,995.2800446,4.71999979,"native"
"3313","Cryptantha mexicana","Cryptantha mexicana","CRME4",2.18e+11,798.3600159,5.019999981,"native"
"3314","Arctostaphylos andersonii","Arctostaphylos andersonii","ARAN2",5658723405,1113.26004,3.760000229,"native"
"3315","Arctostaphylos regismontana","Arctostaphylos regismontana","ARRE7",5658723405,1113.26004,3.760000229,"native"
"3316","Erigeron eatonii","Erigeron eatonii","EREA",1.14e+12,4463.349762,7.460000396,"native"
"3317","Mentzelia montana","Mentzelia montana","MEMO4",8.64e+11,3871.26001,7.460000396,"native"
"3318","Cirsium eatonii","Cirsium eatonii","CIEA",4.99e+11,1962.65995,7.460000396,"native"
"3319","Crataegus saligna","Crataegus saligna","CRSA2",54329111822,1494.619949,3.93999958,"native"
"3320","Atriplex muricata","Atriplex muricata","ATMU3",12020004440,92.43997192,1.260000229,"native"
"3321","Bebbia juncea","Bebbia juncea","BEJU",5.13e+11,1282.420044,7.460000396,"native"
"3322","Saxifraga subapetala","Micranthes subapetala","SASU6",1.21e+11,1914.149948,4.010000229,"native"
"3323","Physaria floribunda","Physaria floribunda","PHFL3",1.24e+11,1651.600052,4.789999723,"native"
"3324","Dalea sabinalis","Dalea sabinalis","DASA",14212986268,540.4599609,1.200000286,"native"
"3325","Glandularia tumidula","Verbena tumidula","GLTU",14212986268,540.4599609,1.200000286,"native"
"3326","Cryptantha angustifolia","Johnstonella angustifolia","CRAN4",5.04e+11,1282.420044,7.460000396,"native"
"3327","Garrya ovata","Garrya ovata","GAOV",1.45e+11,819.8799744,4.669999599,"native"
"3328","Asclepias texana","Asclepias texana","ASTE",54210267560,701.0700073,2.259999752,"native"
"3329","Solidago spectabilis","Solidago spectabilis","SOSP3",6.46e+11,2835.949951,7.460000396,"native"
"3330","Atriplex pacifica","Atriplex pacifica","ATPA",77780259378,1228.000046,4.579999447,"native"
"3331","Agave deserti","Agave deserti","AGDE",2.03e+11,1134.089951,5.75999999,"native"
"3332","Proatriplex pleiantha","Proatriplex pleiantha","PRPL2",39798558815,1158.360023,7.179999709,"native"
"3333","Canbya aurea","Canbya aurea","CAAU2",1.37e+11,3218.039886,4.460000038,"native"
"3334","Gentiana plurisetosa","Gentiana plurisetosa","GEPL6",44805415451,4284.919769,4.179999828,"native"
"3335","Lupinus tracyi","Lupinus tracyi","LUTR",44805415451,4284.919769,4.179999828,"native"
"3336","Cymopterus planosus","Lomatium planosum","CYPL",57257307113,1592.050064,3.75,"native"
"3337","Solidago velutina","Solidago velutina","SOVE6",1.28e+12,3871.26001,7.460000396,"native"
"3338","Astragalus naturitensis","Astragalus naturitensis","ASNA",71674280978,1186.730019,7.179999709,"native"
"3339","Camissonia kernensis","Camissonia kernensis","CAKE4",2.2e+11,1282.420044,5.080000401,"native"
"3340","Baccharis sarothroides","Baccharis sarothroides","BASA2",2.98e+11,926.4600143,5.75999999,"native"
"3341","Isocoma tenuisecta","Isocoma tenuisecta","ISTE2",1.53e+11,852.4399719,5.159999847,"native"
"3342","Ceanothus ferrisiae","Ceanothus ferrisiae","CEFE2",3343896477,964.4499817,2.170000076,"native"
"3343","Cirsium praeteriens","Cirsium praeteriens","CIPR2",3343896477,964.4499817,2.170000076,"native"
"3344","Dudleya setchellii","Dudleya abramsii subsp. setchellii","DUSE",3343896477,964.4499817,2.170000076,"native"
"3345","Streptanthus callistus","Streptanthus callistus","STCA3",3343896477,964.4499817,2.170000076,"native"
"3346","Agrostis blasdalei","Agrostis blasdalei","AGBL",15663760847,1878.139954,2.630000114,"native"
"3347","Campanula californica","Campanula californica","CACA7",15663760847,1878.139954,2.630000114,"native"
"3348","Parkinsonia florida","Parkinsonia florida","PAFL6",3.04e+11,1138.519951,5.75999999,"native"
"3349","Saxifraga rhomboidea","Micranthes rhomboidea","SARH2",9.34e+11,2331.939972,7.460000396,"native"
"3350","Astragalus salmonis","Astragalus salmonis","ASSA4",1.87e+11,1691.550018,4.46999979,"native"
"3351","Dryopetalon runcinatum","Dryopetalon runcinatum","DRRU2",85485672188,805.2700195,5.069999933,"native"
"3352","Lupinus bakeri","Lupinus sericeus subsp. sericeus","LUBA3",79528728751,1474.84996,5.549999714,"native"
"3353","Phacelia inconspicua","Phacelia inconspicua","PHIN10",28258875898,1278.919983,3.920000076,"native"
"3354","Hesperocyparis pigmaea","Hesperocyparis pigmaea","HEPI11",13162917766,1780.329956,2.199999809,"native"
"3355","Veratrum fimbriatum","Veratrum fimbriatum","VEFI2",13162917766,1780.329956,2.199999809,"native"
"3356","Camissonia refracta","Eremothera refracta","CARE2",3.23e+11,1282.420044,5.82000041,"native"
"3357","Eschscholzia minutiflora","Eschscholzia minutiflora","ESMI",5.4e+11,1662,7.460000396,"native"
"3358","Penstemon flavescens","Penstemon flavescens","PEFL6",57157411183,1834.339905,3.06000042,"native"
"3359","Ceanothus confusus","Ceanothus confusus","CECO6",18355396267,1800.529968,2.679999828,"native"
"3360","Sairocarpus virga","Sairocarpus virga","SAVI8",18355396267,1800.529968,2.679999828,"native"
"3361","Eriochloa lemmonii","Eriochloa lemmonii","ERLE7",75696170136,816.7400208,5.159999847,"native"
"3362","Baccharis brachyphylla","Baccharis brachyphylla","BABR",2.73e+11,1138.519951,5.75999999,"native"
"3363","Gilia malior","Gilia malior","GIMA",2.46e+11,1774.089966,5.080000401,"native"
"3364","Pectocarya platycarpa","Pectocarya platycarpa","PEPL",4.94e+11,1282.420044,7.460000396,"native"
"3365","Streptanthus hesperidis","Streptanthus hesperidis","STHE6",5192478501,1141.820007,2.679999828,"native"
"3366","Bidens lemmonii","Bidens lemmonii","BILE2",76027106916,805.2700195,5.069999933,"native"
"3367","Rubus arizonensis","Rubus flagellaris","RUAR3",1.39e+11,923.5899963,5.159999847,"native"
"3368","Croton fruticulosus","Croton fruticulosus","CRFR",1.7e+11,709.4299927,4.92999959,"native"
"3369","Helenium bolanderi","Helenium bolanderi","HEBO2",40570364460,4079.89978,2.859999657,"native"
"3370","Synthyris platycarpa","Veronica idahoensis","SYPL",28321006507,1705.109924,2.519999981,"native"
"3371","Draba globosa","Draba globosa","DRGL6",1.59e+11,1909.989944,4.069999695,"native"
"3372","Phacelia curvipes","Phacelia curvipes","PHCU",3.52e+11,2004.98999,5.82000041,"native"
"3373","Dalea mollissima","Dalea mollissima","DAMO2",2.77e+11,1282.420044,5.220000267,"native"
"3374","Eriogonum eremicum","Eriogonum eremicum","ERER5",32333995938,901.2199402,3.980000019,"native"
"3375","Gymnosteris parvula","Gymnosteris parvula","GYPA2",5.94e+11,4005.909912,5.080000401,"native"
"3376","Achnatherum wallowaense","Eriocoma wallowaensis","ACWA",15863138738,1571.210022,2.820000172,"native"
"3377","Hackelia setosa","Hackelia setosa","HASE",71187007250,3785.819916,4.179999828,"native"
"3378","Erigeron oxyphyllus","Erigeron oxyphyllus","EROX2",1.38e+11,1134.089951,5.75999999,"native"
"3379","Chrysothamnus albidus","Ericameria albida","CHAL9",2.81e+11,1662,5.080000401,"native"
"3380","Castilleja crista-galli","Castilleja crista-galli","CACR13",17972027696,1197.050003,3.550000191,"native"
"3381","Lomatium attenuatum","Lomatium attenuatum","LOAT",17972027696,1197.050003,3.550000191,"native"
"3382","Salazaria mexicana","Scutellaria mexicana","SAME",3.95e+11,1282.420044,5.82000041,"native"
"3383","Eriogonum prociduum","Eriogonum prociduum","ERPR9",85550122427,1687.73996,4.460000038,"native"
"3384","Rhamnus crocea","Rhamnus crocea","RHCR",3.44e+11,2278.529953,7.399999976,"native"
"3385","Eriogonum ostlundii","Eriogonum ostlundii","EROS",24433819913,1009.930038,4.240000248,"native"
"3386","Packera dimorphophylla","Packera dimorphophylla","PADI11",3.96e+11,1987.569916,7.460000396,"native"
"3387","Chamaesyce angusta","Euphorbia angusta","CHAN5",99533523458,701.0700073,2.259999752,"native"
"3388","Sphaeromeria diversifolia","Sphaeromeria diversifolia","SPDI5",1.17e+11,1466.289955,5.080000401,"native"
"3389","Lomatium brunsfeldianum","Lomatium brunsfeldianum","LOBR9",31993326768,1705.109924,2.519999981,"native"
"3390","Setaria vulpiseta","Setaria vulpiseta","SEVU2",68793441063,1036.890045,7.399999976,"native"
"3391","Isocoma pluriflora","Isocoma pluriflora","ISPL",5.36e+11,1081.490051,7.399999976,"native"
"3392","Hesperocallis undulata","Hesperocallis undulata","HEUN2",2.21e+11,1138.519951,5.75999999,"native"
"3393","Trichoptilium incisum","Trichoptilium incisum","TRIN2",2.21e+11,1138.519951,5.75999999,"native"
"3394","Acer grandidentatum","Acer grandidentatum","ACGR3",6.46e+11,1471.669952,7.460000396,"native"
"3395","Lupinus odoratus","Lupinus odoratus","LUOD",1.79e+11,1662,5.720000029,"native"
"3396","Hyptis emoryi","Hyptis emoryi","HYEM",2.8e+11,1138.519951,5.75999999,"native"
"3397","Mentzelia jonesii","Mentzelia jonesii","MEJO",3.88e+11,1662,7.399999976,"native"
"3398","Dudleya pulverulenta","Dudleya pulverulenta","DUPU",3.21e+11,1237.490044,5.82000041,"native"
"3399","Senegalia greggii","Senegalia greggii","SEGR4",6.79e+11,3963.709892,7.460000396,"native"
"3400","Lesquerella parviflora","Physaria parviflora","LEPA10",24598279827,1021.789963,3.430000305,"native"
"3401","Stanleya tomentosa","Stanleya tomentosa","STTO",67821924341,1265.679977,4.010000229,"native"
"3402","Dalea versicolor","Dalea versicolor","DAVE",82511117202,840.9699707,5.069999933,"native"
"3403","Purshia glandulosa","Purshia glandulosa","PUGL2",4.19e+11,1662,5.82000041,"native"
"3404","Phanerophlebia auriculata","Phanerophlebia auriculata","PHAU2",1.84e+11,897.039978,5.159999847,"native"
"3405","Ipomoea ternifolia","Ipomoea ternifolia","IPTE5",89864115852,840.9699707,5.069999933,"native"
"3406","Paronychia lindheimeri","Paronychia lindheimeri","PALI5",61911522741,571.25,1.800000191,"native"
"3407","Ranunculus andersonii","Ranunculus andersonii","RAAN",6.05e+11,2835.949951,7.460000396,"native"
"3408","Allium anceps","Allium anceps","ALAN",3.71e+11,4457.969765,5.080000401,"native"
"3409","Sclerocactus polyancistrus","Sclerocactus polyancistrus","SCPO4",1.65e+11,1282.420044,5.080000401,"native"
"3410","Brickellia longifolia","Brickellia longifolia","BRLO",4.75e+11,1471.01001,7.460000396,"native"
"3411","Astragalus chamaeleuce","Astragalus chamaeleuce","ASCH4",2.2e+11,1320.959999,7.460000396,"native"
"3412","Astragalus toanus","Astragalus toanus","ASTO2",3.21e+11,1466.289955,5.82000041,"native"
"3413","Ambrosia dumosa","Ambrosia dumosa","AMDU2",4.44e+11,1662,7.460000396,"native"
"3414","Schoenus nigricans","Schoenus nigricans","SCNI",1.99e+11,1564.530029,5.180000305,"native"
"3415","Tiquilia canescens","Tiquilia canescens","TICA3",5.75e+11,1138.519951,7.460000396,"native"
"3416","Pleuraphis jamesii","Hilaria jamesii","PLJA",1.13e+12,1662,7.460000396,"native"
"3417","Senecio lemmonii","Senecio lemmonii","SELE8",1.35e+11,845.0999756,7.399999976,"native"
"3418","Aliciella leptomeria","Aliciella leptomeria","ALLE7",1.04e+12,3871.26001,7.460000396,"native"
"3419","Eriocaulon nigrobracteatum","Eriocaulon nigrobracteatum","ERNI7",4867329874,185.0400391,2.590000153,"native"
"3420","Astragalus duchesnensis","Astragalus duchesnensis","ASDU2",42421227043,1289.789993,3.18999958,"native"
"3421","Saxifraga chrysantha","Saxifraga chrysantha","SACH4",1.03e+11,1502.369949,5.549999714,"native"
"3422","Ivesia shockleyi","Potentilla shockleyi","IVSH",2.83e+11,1918.650024,5.080000401,"native"
"3423","Symphoricarpos rotundifolius","Symphoricarpos rotundifolius","SYRO",1.03e+12,2835.949951,7.460000396,"native"
"3424","Triteleia bridgesii","Triteleia bridgesii","TRBR7",1.02e+11,4279.099762,4.580000162,"native"
"3425","Acalypha phleoides","Acalypha phleoides","ACPH3",3.05e+11,856.2600098,5.339999676,"native"
"3426","Geranium atropurpureum","Geranium caespitosum","GEAT2",39580409738,1062.709976,4.690000296,"native"
"3427","Psathyrotes ramosissima","Psathyrotes ramosissima","PSRA",3.39e+11,1428.380005,5.82000041,"native"
"3428","Ferocactus wislizeni","Ferocactus wislizeni","FEWI",1.87e+11,912.3300171,5.159999847,"native"
"3429","Penstemon moffatii","Penstemon moffatii","PEMO3",96729210215,1338.850014,7.460000396,"native"
"3430","Nolina bigelovii","Nolina bigelovii","NOBI",2.58e+11,1382.03997,7.259999633,"native"
"3431","Astragalus pulsiferae","Astragalus pulsiferae","ASPU7",61930015050,2749.599945,4.5,"native"
"3432","Angelica ampla","Angelica ampla","ANAM",69247417816,1610.130066,3.949999809,"native"
"3433","Eriogonum watsonii","Eriogonum watsonii","ERWA3",2.23e+11,1220.110023,5.080000401,"native"
"3434","Ranunculus macauleyi","Ranunculus macauleyi","RAMA",68749258674,1458.689957,5.549999714,"native"
"3435","Lomatium mohavense","Lomatium mohavense","LOMO",2.43e+11,1282.420044,7.259999633,"native"
"3436","Townsendia rothrockii","Townsendia rothrockii","TORO",38528187094,1422.529953,5.240000248,"native"
"3437","Phlox austromontana","Phlox austromontana","PHAU3",1.24e+12,4005.909912,7.460000396,"native"
"3438","Marina parryi","Marina parryi","MAPA7",2.84e+11,1138.519951,5.75999999,"native"
"3439","Astragalus obscurus","Astragalus obscurus","ASOB4",2.74e+11,3815.920013,4.46999979,"native"
"3440","Lilium rubescens","Lilium rubescens","LIRU",65630336392,3758.299896,4.179999828,"native"
"3441","Houstonia acerosa","Houstonia acerosa","HOAC",2.62e+11,806.239975,5.309999943,"native"
"3442","Camissonia pallida","Camissoniopsis pallida","CAPA36",4e+11,1282.420044,7.399999976,"native"
"3443","Nolina texana","Nolina texana","NOTE",2.51e+11,826.8700409,4.92999959,"native"
"3444","Nolina parryi","Nolina parryi","NOPA",2.2e+11,1233.060043,7.259999633,"native"
"3445","Primula cusickiana","Primula cusickiana","PRCU2",2.64e+11,1995.869911,5.080000401,"native"
"3446","Salvia pinguifolia","Salvia pinguifolia","SAPI2",1.84e+11,1001.159943,5.480000019,"native"
"3447","Camissonia parvula","Camissonia parvula","CAPA39",7.35e+11,3173.72998,7.460000396,"native"
"3448","Penstemon rostriflorus","Penstemon rostriflorus","PERO10",6.62e+11,1662,7.460000396,"native"
"3449","Polemonium foliosissimum","Polemonium foliosissimum","POFO",6.94e+11,1995.869911,7.460000396,"native"
"3450","Linanthus caespitosus","Linanthus caespitosus","LICA36",2.93e+11,1350.209999,5.080000401,"native"
"3451","Astragalus lemmonii","Astragalus lemmonii","ASLE6",86123595832,3227.999893,4.460000038,"native"
"3452","Astragalus detritalis","Astragalus detritalis","ASDE5",40616041127,1289.789993,3.18999958,"native"
"3453","Cymopterus duchesnensis","Cymopterus duchesnensis","CYDU",40616041127,1289.789993,3.18999958,"native"
"3454","Lupinus onustus","Lupinus onustus","LUON",80166259932,4393.399765,4.579999447,"native"
"3455","Carlowrightia torreyana","Carlowrightia torreyana","CATO13",47328481291,614.4700317,1.859999657,"native"
"3456","Cryptantha humilis","Oreocarya humilis","CRHU2",7.55e+11,2835.949951,7.460000396,"native"
"3457","Astragalus amnis-amissi","Astragalus amnis-amissi","ASAM4",18540852754,1239.499985,3.319999695,"native"
"3458","Draba hitchcockii","Draba hitchcockii","DRHI2",18540852754,1239.499985,3.319999695,"native"
"3459","Lupinus arizonicus","Lupinus arizonicus","LUAR4",2.73e+11,1282.420044,5.75999999,"native"
"3460","Baptisia simplicifolia","Baptisia simplicifolia","BASI",8210904021,251.8800049,2.720000267,"native"
"3461","Pityopsis flexuosa","Pityopsis flexuosa","PIFL5",8210904021,251.8800049,2.720000267,"native"
"3462","Castilleja glandulifera","Castilleja glandulifera","CAGL10",75147706958,1636.360016,4.240000248,"native"
"3463","Asclepias involucrata","Asclepias involucrata","ASIN14",4.31e+11,1158.360023,7.460000396,"native"
"3464","Penstemon griffinii","Penstemon griffinii","PEGR20",48597373396,1371.410049,4.789999723,"native"
"3465","Penstemon uintahensis","Penstemon uintahensis","PEUI",46891919236,1126.819984,7.179999709,"native"
"3466","Cylindropuntia echinocarpa","Cylindropuntia echinocarpa","CYEC3",3.89e+11,1662,5.82000041,"native"
"3467","Setaria villosissima","Setaria villosissima","SEVI3",39778200991,962.5999756,3.209999561,"native"
"3468","Melica frutescens","Melica frutescens","MEFR",1.54e+11,1282.420044,5.159999847,"native"
"3469","Erigeron gracilis","Erigeron gracilis","ERGR2",1.03e+11,1306.490036,4.650000572,"native"
"3470","Picrothamnus desertorum","Artemisia spinescens","PIDE4",9.77e+11,1774.089966,7.460000396,"native"
"3471","Lupinus monticola","Lupinus monticola","LUMO4",16386434886,1279.960037,2.729999542,"native"
"3472","Cuphea aspera","Cuphea aspera","CUAS",4314652576,183.3000488,2.720000267,"native"
"3473","Castilleja rubida","Castilleja rubida","CARU8",8147835370,1423.420013,1.899999619,"native"
"3474","Castilleja wallowensis","Castilleja wallowensis","CAWA4",8147835370,1423.420013,1.899999619,"native"
"3475","Eriogonum scopulorum","Eriogonum scopulorum","ERSC5",8147835370,1423.420013,1.899999619,"native"
"3476","Lomatium greenmanii","Lomatium greenmanii","LOGR2",8147835370,1423.420013,1.899999619,"native"
"3477","Juniperus grandis","Juniperus grandis","JUGR7",1.33e+11,2835.949951,4.559999943,"native"
"3478","Trifolium nanum","Trifolium nanum","TRNA2",2.2e+11,1682.770058,7.460000396,"native"
"3479","Carex egglestonii","Carex egglestonii","CAEG",2.13e+11,1682.770058,7.460000396,"native"
"3480","Astragalus nothoxys","Astragalus nothoxys","ASNO3",1.29e+11,852.4399719,5.159999847,"native"
"3481","Oreostemma elatum","Oreostemma elatum","OREL4",30256328534,3894.299911,4.399999619,"native"
"3482","Packera crocata","Packera crocata","PACR5",2e+11,1525.789955,7.460000396,"native"
"3483","Astrolepis integerrima","Hemionitis integerrima","ASIN19",4.01e+11,1357.669952,7.399999976,"native"
"3484","Phacelia denticulata","Phacelia denticulata","PHDE2",63290312662,963.8499756,3.390000343,"native"
"3485","Eriogonum natum","Eriogonum natum","ERNA4",17106839710,668.9700012,3.980000019,"native"
"3486","Veratrum tenuipetalum","Veratrum californicum var. californicum","VETE4",93840812885,1616.110062,5.669999599,"native"
"3487","Hibiscus denudatus","Hibiscus denudatus","HIDE",3.38e+11,1138.519951,5.480000019,"native"
"3488","Castilleja covilleana","Castilleja covilleana","CACO36",84053041722,1922.529907,3.949999809,"native"
"3489","Physostegia godfreyi","Physostegia godfreyi","PHGO2",12701693409,290.0500488,2.720000267,"native"
"3490","Artemisia parryi","Artemisia laciniata subsp. parryi","ARPA17",15211796439,1371.410049,4.789999723,"native"
"3491","Castilleja oresbia","Castilleja oresbia","CAOR4",48409807286,3140.309891,3.31000042,"native"
"3492","Hymenoxys hoopesii","Hymenoxys hoopesii","HYHO",9.65e+11,4015.060059,7.460000396,"native"
"3493","Eriophyllum pringlei","Eriophyllum pringlei","ERPR4",4.26e+11,1662,5.82000041,"native"
"3494","Lesquerella vicina","Physaria vicina","LEVI22",1402719365,887.0599365,3.019999504,"native"
"3495","Salvia summa","Salvia summa","SASU4",59519932054,819.8799744,4.700000286,"native"
"3496","Phacelia adenophora","Phacelia adenophora","PHAD",93629819691,1707.729965,4.460000038,"native"
"3497","Dasylirion wheeleri","Dasylirion wheeleri","DAWH2",2.12e+11,852.4399719,5.480000019,"native"
"3498","Erythronium howellii","Erythronium howellii","ERHO10",27517815013,4079.89978,2.449999809,"native"
"3499","Abutilon parishii","Abutilon parishii","ABPA2",1.1e+11,852.4399719,5.159999847,"native"
"3500","Oenothera calcicola","Oenothera calcicola","OECA4",95978521886,929.4699707,2.709999561,"native"
"3501","Artemisia rothrockii","Artemisia rothrockii","ARRO4",1.31e+11,2004.98999,5.719999552,"native"
"3502","Aliciella stenothyrsa","Aliciella stenothyrsa","ALST12",43719407858,1093.879959,3.750000477,"native"
"3503","Cryptantha longiflora","Oreocarya longiflora","CRLO6",71288860640,1125.049965,7.179999709,"native"
"3504","Gilia tweedyi","Gilia tweedyi","GITW",2.83e+11,1576.529999,4.250000477,"native"
"3505","Astragalus cronquistii","Astragalus cronquistii","ASCR4",25509069700,1158.360023,7.179999709,"native"
"3506","Chamaesyce florida","Euphorbia florida","CHFL3",1.26e+11,852.4399719,5.159999847,"native"
"3507","Echinocereus bonkerae","Echinocereus bonkerae","ECBO2",1.26e+11,852.4399719,5.159999847,"native"
"3508","Cryptantha caespitosa","Oreocarya caespitosa","CRCA7",2.01e+11,1346.669968,4.250000477,"native"
"3509","Eriogonum tumulosum","Eriogonum tumulosum","ERTU2",48779008923,1289.789993,3.779999733,"native"
"3510","Sarcocornia utahensis","Salicornia utahensis","SAUT2",1.21e+11,1458.299957,5.440000057,"native"
"3511","Symphyotrichum molle","Symphyotrichum molle","SYMO2",53747500537,1053.929977,3.449999809,"native"
"3512","Cheilanthes lindheimeri","Hemionitis lindheimeri","CHLI",2.36e+11,852.4399719,5.159999847,"native"
"3513","Lotus greenei","Acmispon neomexicanus","LOGR4",1.4e+11,1001.159943,5.159999847,"native"
"3514","Castilleja linariifolia","Castilleja linariifolia","CALI4",1.73e+12,4005.909912,7.460000396,"native"
"3515","Penstemon parryi","Penstemon parryi","PEPA24",69185191838,805.2700195,5.069999933,"native"
"3516","Hymenoclea salsola","Ambrosia salsola","HYSA",6.27e+11,1662,7.460000396,"native"
"3517","Erigeron allocotus","Erigeron allocotus","ERAL13",31217499703,879.6500092,3.230000496,"native"
"3518","Aphanisma blitoides","Aphanisma blitoides","APBL",35320561080,1219.170044,4.559999466,"native"
"3519","Cistanthe maritima","Cistanthe maritima","CIMA4",35320561080,1219.170044,4.559999466,"native"
"3520","Opuntia oricola","Opuntia oricola","OPOR",35320561080,1219.170044,4.559999466,"native"
"3521","Phacelia parryi","Phacelia parryi","PHPA3",35320561080,1219.170044,4.559999466,"native"
"3522","Suaeda esteroa","Suaeda esteroa","SUES",35320561080,1219.170044,4.559999466,"native"
"3523","Mentzelia mollis","Mentzelia mollis","MEMO2",70439146938,900.5400391,3.900000095,"native"
"3524","Calochortus bruneaunis","Calochortus bruneaunis","CABR4",4.92e+11,2835.949951,5.080000401,"native"
"3525","Allium punctum","Allium punctum","ALPU",97905534202,1156.620026,3.900000095,"native"
"3526","Dicliptera resupinata","Dicliptera resupinata","DIRE4",77740416127,840.9699707,5.069999933,"native"
"3527","Draba brachystylis","Draba brachystylis","DRBR4",44714493286,1373.480011,4.209999561,"native"
"3528","Tidestromia oblongifolia","Tidestromia suffruticosa var. oblongifolia","TIOB",3.03e+11,1282.420044,7.460000396,"native"
"3529","Rhus ovata","Rhus ovata","RHOV",2.82e+11,1233.060043,7.399999976,"native"
"3530","Quercus toumeyi","Quercus toumeyi","QUTO2",78651246477,805.2700195,5.069999933,"native"
"3531","Glyptopleura marginata","Glyptopleura marginata","GLMA2",5.86e+11,1774.089966,7.460000396,"native"
"3532","Lupinus crassus","Lupinus ammophilus var. crassus","LUCR2",26057156130,950.7999649,7.179999709,"native"
"3533","Erigeron watsonii","Erigeron watsonii","ERWA5",76019970271,1359.800018,4.980000019,"native"
"3534","Chionophila tweedyi","Chionophila tweedyi","CHTW",1.08e+11,1922.529907,3.949999809,"native"
"3535","Eriogonum ternatum","Eriogonum ternatum","ERTE10",35563888021,4284.919769,4.179999828,"native"
"3536","Hymenoxys ambigens","Hymenoxys ambigens","HYAM8",72993650078,852.4399719,5.159999847,"native"
"3537","Astragalus anxius","Astragalus tegetarioides var. anxius","ASAN18",11761615592,1662.479965,3.419999599,"native"
"3538","Ivesia paniculata","Potentilla paniculata","IVPA",11761615592,1662.479965,3.419999599,"native"
"3539","Muhlenbergia jonesii","Muhlenbergia jonesii","MUJO",76811156144,3794.87001,4.5,"native"
"3540","Cleome multicaulis","Cleomella multicaulis","CLMU",75525102624,1138.000046,4.92999959,"native"
"3541","Cirsium pulcherrimum","Cirsium pulcherrimum","CIPU3",2.33e+11,1346.669968,4.250000477,"native"
"3542","Carex platylepis","Carex praticola","CAPL8",69050089029,1201.210007,3.550000191,"native"
"3543","Castilleja haydenii","Castilleja haydenii","CAHA16",56201679700,1138.000046,5.549999714,"native"
"3544","Maurandella antirrhiniflora","Maurandella antirrhiniflora","MAAN9",5.16e+11,1498.85997,7.399999976,"native"
"3545","Argythamnia argyraea","Argythamnia argyraea","ARAR5",10686889094,194.5000305,1.319999695,"native"
"3546","Astragalus asclepiadoides","Astragalus asclepiadoides","ASAS2",95793008421,1108.59996,4.960000515,"native"
"3547","Eriogonum parishii","Eriogonum parishii","ERPA6",1.6e+11,1662,5.019999504,"native"
"3548","Agastache cana","Agastache cana","AGCA",52892704953,819.8799744,3.089999676,"native"
"3549","Acalypha mexicana","Acalypha mexicana","ACME7",15966170808,662.2799988,4.92999959,"native"
"3550","Ageratina lemmonii","Ageratina lemmonii","AGLE3",15966170808,662.2799988,4.92999959,"native"
"3551","Anoda thurberi","Anoda thurberi","ANTH3",15966170808,662.2799988,4.92999959,"native"
"3552","Arceuthobium blumeri","Arceuthobium blumeri","ARBL3",15966170808,662.2799988,4.92999959,"native"
"3553","Astragalus hartwegii","Astragalus hartwegii","ASHA5",15966170808,662.2799988,4.92999959,"native"
"3554","Buchnera obliqua","Buchnera obliqua","BUOB3",15966170808,662.2799988,4.92999959,"native"
"3555","Cuscuta mitriformis","Cuscuta mitriformis","CUMI2",15966170808,662.2799988,4.92999959,"native"
"3556","Diphysa thurberi","Diphysa thurberi","DITH",15966170808,662.2799988,4.92999959,"native"
"3557","Dryopteris rossii","Dryopteris rossii","DRRO2",15966170808,662.2799988,4.92999959,"native"
"3558","Echinochloa oplismenoides","Echinochloa oplismenoides","ECOP",15966170808,662.2799988,4.92999959,"native"
"3559","Erigeron kuschei","Erigeron kuschei","ERKU",15966170808,662.2799988,4.92999959,"native"
"3560","Eryngium phyteumae","Eryngium phyteumae","ERPH3",15966170808,662.2799988,4.92999959,"native"
"3561","Escobaria robbinsiorum","Pelecyphora robbinsiorum","ESRO",15966170808,662.2799988,4.92999959,"native"
"3562","Heliotropium pringlei","Euploca pringlei","HEPR9",15966170808,662.2799988,4.92999959,"native"
"3563","Hedyotis vegrandis","Houstonia prostrata","HEVE4",15966170808,662.2799988,4.92999959,"native"
"3564","Hypoxis mexicana","Hypoxis mexicana","HYME2",15966170808,662.2799988,4.92999959,"native"
"3565","Justicia sonorae","Justicia sonorae","JUSO",15966170808,662.2799988,4.92999959,"native"
"3566","Matelea balbisii","Matelea balbisii","MABA4",15966170808,662.2799988,4.92999959,"native"
"3567","Nissolia wislizeni","Nissolia wislizeni","NIWI",15966170808,662.2799988,4.92999959,"native"
"3568","Perityle cochisensis","Perityle cochisensis","PECO17",15966170808,662.2799988,4.92999959,"native"
"3569","Philadelphus palmeri","Philadelphus palmeri","PHPA11",15966170808,662.2799988,4.92999959,"native"
"3570","Polygala piliophora","Hebecarpa obscura","POPI",15966170808,662.2799988,4.92999959,"native"
"3571","Psilactis gentryi","Psilactis gentryi","PSGE",15966170808,662.2799988,4.92999959,"native"
"3572","Seymeria bipinnatisecta","Seymeria bipinnatisecta","SEBI6",15966170808,662.2799988,4.92999959,"native"
"3573","Sicyos laciniatus","Sicyos laciniatus","SILA",15966170808,662.2799988,4.92999959,"native"
"3574","Trifolium amabile","Trifolium amabile","TRAM2",15966170808,662.2799988,4.92999959,"native"
"3575","Lupinus lapidicola","Lupinus lapidicola","LULA",36343843758,3758.299896,4.179999828,"native"
"3576","Atriplex subspicata","Atriplex subspicata","ATSU2",5.57e+11,1786.129974,7.460000396,"native"
"3577","Hieracium argutum","Hieracium argutum","HIAR2",1.03e+11,1418.550034,4.559999466,"native"
"3578","Gilia brecciarum","Gilia brecciarum","GIBR",5.26e+11,3304.389893,5.080000401,"native"
"3579","Encelia frutescens","Encelia frutescens","ENFR",4.92e+11,1662,7.460000396,"native"
"3580","Oxalis frutescens","Oxalis frutescens","OXFR",2942674729,56.38000488,0.940000057,"native"
"3581","Paronychia congesta","Paronychia congesta","PACO16",2942674729,56.38000488,0.940000057,"native"
"3582","Justicia longii","Justicia longii","JULO3",1.08e+11,852.4399719,5.159999847,"native"
"3583","Calochortus kennedyi","Calochortus kennedyi","CAKE",3.29e+11,1282.420044,7.460000396,"native"
"3584","Erigeron pinnatisectus","Erigeron pinnatisectus","ERPI6",1.46e+11,1618.770065,5.669999599,"native"
"3585","Nemacladus rubescens","Nemacladus rubescens","NERU",2.9e+11,1282.420044,5.82000041,"native"
"3586","Agave chrysantha","Agave chrysantha","AGCH2",1.23e+11,852.4399719,5.159999847,"native"
"3587","Gutierrezia serotina","Gutierrezia serotina","GUSE",1.23e+11,852.4399719,5.159999847,"native"
"3588","Clematis texensis","Clematis texensis","CLTE2",14896153823,260.1699829,1.800000191,"native"
"3589","Penstemon peckii","Penstemon peckii","PEPE10",20146823771,3140.309891,2.820000172,"native"
"3590","Picea breweriana","Picea breweriana","PIBR",65925958397,4284.919769,4.179999828,"native"
"3591","Cylindropuntia ramosissima","Cylindropuntia ramosissima","CYRA9",3.64e+11,1282.420044,5.82000041,"native"
"3592","Thelypodium rollinsii","Thelypodium rollinsii","THRO",47442244059,989.720047,3.980000019,"native"
"3593","Calandrinia breweri","Calandrinia breweri","CABR3",1.3e+11,2283.589951,5.719999552,"native"
"3594","Physaria dornii","Physaria dornii","PHDO4",10555073745,1125.35997,3.820000172,"native"
"3595","Thelypodium paniculatum","Thelypodium paniculatum","THPA6",92765479498,1902.719955,4.250000477,"native"
"3596","Lycium californicum","Lycium californicum","LYCA",1.79e+11,1233.060043,5.159999847,"native"
"3597","Eriogonum thomasii","Eriogonum thomasii","ERTH",4.19e+11,1282.420044,5.82000041,"native"
"3598","Astragalus lutosus","Astragalus lutosus","ASLU2",57848997854,1322.400009,4.240000248,"native"
"3599","Astragalus argophyllus","Astragalus argophyllus","ASAR4",6.9e+11,2009.699951,7.460000396,"native"
"3600","Penstemon jamesii","Penstemon jamesii","PEJA",2.44e+11,1024.799973,5.309999943,"native"
"3601","Descurainia californica","Descurainia californica","DECA6",8.53e+11,2009.699951,7.460000396,"native"
"3602","Draba smithii","Draba smithii","DRSM",30117815966,1374.510056,3.639999866,"native"
"3603","Cusickiella douglasii","Cusickiella douglasii","CUDO3",4.01e+11,2816.839951,5.080000401,"native"
"3604","Opuntia basilaris","Opuntia basilaris","OPBA2",4.89e+11,1396.719971,7.460000396,"native"
"3605","Collinsia linearis","Collinsia linearis","COLI",97133304555,4394.479767,4.450000286,"native"
"3606","Caulanthus pilosus","Streptanthus pilosus","CAPI4",4.95e+11,3304.389893,5.080000401,"native"
"3607","Synthyris laciniata","Veronica utahensis","SYLA",60008753077,1322.400009,4.960000515,"native"
"3608","Eleocharis decumbens","Eleocharis decumbens","ELDE2",28919488813,3651.170013,4,"native"
"3609","Astragalus atratus","Astragalus atratus","ASAT",3.59e+11,1631.869995,5.080000401,"native"
"3610","Allium parishii","Allium parishii","ALPA2",1.3e+11,1138.519951,5.619999647,"native"
"3611","Penstemon osterhoutii","Penstemon osterhoutii","PEOS",35045288094,1631.830063,3.300000191,"native"
"3612","Coreopsis palustris","Coreopsis palustris","COPA5",5807852003,280.8400879,2.570000172,"native"
"3613","Leucopoa kingii","Festuca kingii","LEKI2",8.24e+11,2009.699951,5.080000401,"native"
"3614","Campanula parryi","Campanula parryi","CAPA10",5.85e+11,4687.049843,7.460000396,"native"
"3615","Carnegiea gigantea","Carnegiea gigantea","CAGI10",2.68e+11,1138.519951,5.75999999,"native"
"3616","Justicia candicans","Dianthera candicans","JUCA9",50824359614,816.7400208,5.159999847,"native"
"3617","Gentianopsis thermalis","Gentianopsis thermalis","GETH",4.99e+11,1954.359955,7.460000396,"native"
"3618","Matelea sagittifolia","Matelea sagittifolia","MASA4",12524552284,526.6799927,1.789999962,"native"
"3619","Cercocarpus intricatus","Cercocarpus intricatus","CEIN7",6.78e+11,1662,7.460000396,"native"
"3620","Monardella macrantha","Monardella macrantha","MOMA",1.1e+11,1311.560043,4.559999466,"native"
"3621","Nothoscordum texanum","Nothoscordum bivalve var. bivalve","NOTE2",1.14e+11,816.7400208,5.159999847,"native"
"3622","Astragalus cerussatus","Astragalus cerussatus","ASCE2",47146658945,1458.689957,4.789999723,"native"
"3623","Xyris isoetifolia","Xyris isoetifolia","XYIS",4912244848,144.6600342,2.590000153,"native"
"3624","Cryptantha palmeri","Oreocarya palmeri","CRPA21",1.41e+11,477.9000244,4.700000286,"native"
"3625","Langloisia setosissima","Langloisia setosissima","LASE3",5.44e+11,2031.409912,7.460000396,"native"
"3626","Eriogonum cusickii","Eriogonum cusickii","ERCU3",47326948894,1156.620026,3.080000401,"native"
"3627","Astragalus webberi","Astragalus webberi","ASWE",19222055647,2610.039948,4.380000114,"native"
"3628","Astragalus eurekensis","Astragalus eurekensis","ASEU4",1.11e+11,1458.299957,4.960000515,"native"
"3629","Eriogonum cinereum","Eriogonum cinereum","ERCI5",33267266311,1219.170044,4.559999466,"native"
"3630","Astragalus coccineus","Astragalus coccineus","ASCO6",2.81e+11,1662,5.82000041,"native"
"3631","Erigeron leiomerus","Erigeron leiomerus","ERLE6",5.1e+11,1962.65995,5.910000324,"native"
"3632","Chamaesyce conferta","Euphorbia conferta","CHCO10",10579800649,613.6099854,3.869999886,"native"
"3633","Penstemon franklinii","Penstemon franklinii","PEFR9",8537474421,711.0699921,2.960000038,"native"
"3634","Allionia incarnata","Allionia incarnata","ALIN",9.23e+11,1282.420044,7.460000396,"native"
"3635","Rubus huttonii","Rubus hispidus","RUHU2",4126292294,709.1500244,1.119999886,"native"
"3636","Pectocarya peninsularis","Pectocarya peninsularis","PEPE33",36177951750,2811.779953,4.270000458,"native"
"3637","Cistanthe ambigua","Cistanthe ambigua","CIAM3",1.33e+11,1282.420044,5.019999504,"native"
"3638","Cryptantha costata","Johnstonella costata","CRCO15",1.33e+11,1282.420044,5.019999504,"native"
"3639","Lupinus meionanthus","Lupinus meionanthus","LUME",1.11e+11,2769.589951,5.819999933,"native"
"3640","Tetradymia glabrata","Tetradymia glabrata","TEGL",6.47e+11,3304.389893,5.080000401,"native"
"3641","Prunus fasciculata","Prunus fasciculata","PRFA",4.43e+11,1396.719971,7.460000396,"native"
"3642","Eriogonum plumatella","Eriogonum plumatella","ERPL3",1.89e+11,1134.089951,5.619999647,"native"
"3643","Encelia nutans","Encelia nutans","ENNU4",62843500492,1073.929947,4.630000591,"native"
"3644","Tetradymia spinosa","Tetradymia spinosa","TESP2",9.08e+11,1774.089966,7.460000396,"native"
"3645","Oligomeris linifolia","Oligomeris linifolia","OLLI",4.79e+11,1282.420044,5.82000041,"native"
"3646","Arceuthobium cyanocarpum","Arceuthobium cyanocarpum","ARCY2",4.89e+11,3871.26001,7.460000396,"native"
"3647","Carex oronensis","Carex oronensis","CAOR6",14799936231,403.4599609,0.980000019,"native"
"3648","Primula alcalina","Primula alcalina","PRAL6",49282779743,1322.920029,3.319999695,"native"
"3649","Heterotheca pumila","Heterotheca pumila","HEPU14",77897534340,1461.789963,5.549999714,"native"
"3650","Crataegus turnerorum","Crataegus turnerorum","CRTU2",45512462475,445.0599976,2.199999809,"native"
"3651","Ionactis alpina","Ionactis alpina","IOAL",4.64e+11,1738.000038,5.080000401,"native"
"3652","Draba howellii","Draba howellii","DRHO",61792243432,4284.919769,4.179999828,"native"
"3653","Meconella denticulata","Meconella denticulata","MEDE4",1.18e+11,1311.560043,4.559999466,"native"
"3654","Mimulus hymenophyllus","Erythranthe hymenophylla","MIHY",30104429683,1719.439911,2.569999695,"native"
"3655","Mirabilis macfarlanei","Mirabilis macfarlanei","MIMA2",30104429683,1719.439911,2.569999695,"native"
"3656","Sicyos glaber","Sicyos glaber","SIGL",21392908370,403.009964,2.029999733,"native"
"3657","Eriogonum spathulatum","Eriogonum spathulatum","ERSP5",49738254771,995.2800446,4.860000134,"native"
"3658","Allium lemmonii","Allium lemmonii","ALLE3",3.32e+11,3824.220009,5.080000401,"native"
"3659","Polygonum heterosepalum","Polygonum heterosepalum","POHE2",2.13e+11,1373.040009,4.46999979,"native"
"3660","Abronia maritima","Abronia maritima","ABMA2",43869173005,1219.170044,4.559999466,"native"
"3661","Atriplex watsonii","Atriplex watsonii","ATWA",43869173005,1219.170044,4.559999466,"native"
"3662","Dudleya blochmaniae","Dudleya blochmaniae","DUBL",43869173005,1219.170044,4.559999466,"native"
"3663","Suaeda taxifolia","Suaeda taxifolia","SUTA2",43869173005,1219.170044,4.559999466,"native"
"3664","Frankenia jamesii","Frankenia jamesii","FRJA",1.13e+11,1119.350021,5.309999943,"native"
"3665","Smilax jamesii","Smilax jamesii","SMJA",36880546402,3651.170013,4.179999828,"native"
"3666","Glossopetalon texense","Glossopetalon texense","GLTE2",12164319413,444.2399902,1.190000057,"native"
"3667","Trichocoronis rivularis","Shinnersia rivularis","TRRI6",12164319413,444.2399902,1.190000057,"native"
"3668","Argythamnia neomexicana","Ditaxis serrata","ARNE2",3.95e+11,1023.580009,7.399999976,"native"
"3669","Sedum debile","Sedum debile","SEDE",4.04e+11,1995.869911,5.080000401,"native"
"3670","Thelypodiopsis vermicularis","Thelypodiopsis vermicularis","THVE3",1.06e+11,1458.299957,4.980000019,"native"
"3671","Sesuvium trianthemoides","Sesuvium trianthemoides","SETR3",3777375654,167.0899658,1.779999733,"native"
"3672","Machaeranthera viscida","Xanthisma viscidum","MAVI9",74622563570,410.2599945,5.309999943,"native"
"3673","Philadelphus hitchcockianus","Philadelphus mearnsii","PHHI3",13441038226,367.6900177,2.619999409,"native"
"3674","Phacelia leibergii","Phacelia leibergii","PHLE6",80751546056,3193.859894,3.240000248,"native"
"3675","Quercus engelmannii","Quercus engelmannii","QUEN",42129517387,1109.970016,4.559999466,"native"
"3676","Coryphantha nickelsiae","Coryphantha nickelsiae","CONI16",8706186712,88.79995728,1.000000477,"native"
"3677","Paronychia maccartii","Paronychia maccartii","PAMA7",8706186712,88.79995728,1.000000477,"native"
"3678","Eryngium alismifolium","Eryngium alismifolium","ERAL8",2.36e+11,3815.920013,5.819999933,"native"
"3679","Oenothera acutissima","Oenothera acutissima","OEAC",34078952001,1289.789993,3.13999939,"native"
"3680","Galium muricatum","Galium muricatum","GAMU5",49967934192,4079.89978,2.859999657,"native"
"3681","Argythamnia adenophora","Ditaxis adenophora","ARAD2",72582581316,688.039978,5.75999999,"native"
"3682","Eschscholzia glyptosperma","Eschscholzia glyptosperma","ESGL",3.44e+11,1282.420044,5.82000041,"native"
"3683","Achnatherum pinetorum","Eriocoma pinetorum","ACPI2",5.41e+11,1714.910034,5.920000315,"native"
"3684","Pectis cylindrica","Pectis cylindrica","PECY",1.56e+11,816.7400208,5.159999847,"native"
"3685","Tetradymia stenolepis","Tetradymia stenolepis","TEST2",1.83e+11,1282.420044,5.619999647,"native"
"3686","Cryptantha sobolifera","Oreocarya sobolifera","CRSO3",2.19e+11,3784.910004,4.5,"native"
"3687","Asclepias erosa","Asclepias erosa","ASER2",4.51e+11,1662,7.460000396,"native"
"3688","Chrysothamnus baileyi","Lorandersonia baileyi","CHBA11",4.25e+11,1093.809975,7.2299999,"native"
"3689","Frasera montana","Frasera montana","FRMO",86219832191,1922.529907,3.949999809,"native"
"3690","Tephrosia vicioides","Tephrosia vicioides","TEVI9",1.12e+11,867.730011,5.159999847,"native"
"3691","Astragalus alvordensis","Astragalus alvordensis","ASAL9",76826658199,1156.620026,3.900000095,"native"
"3692","Astragalus solitarius","Astragalus solitarius","ASSO3",76826658199,1156.620026,3.900000095,"native"
"3693","Sphaeralcea grossulariifolia","Sphaeralcea grossulariifolia","SPGR2",9.31e+11,3382.909973,7.460000396,"native"
"3694","Lesquerella tenella","Physaria tenella","LETE3",1.97e+11,1138.519951,5.159999847,"native"
"3695","Pleiacanthus spinosus","Pleiacanthus spinosus","PLSP7",6.97e+11,3304.389893,7.460000396,"native"
"3696","Carex scabriuscula","Carex scabriuscula","CASC14",49384886836,4284.919769,4.179999828,"native"
"3697","Asclepias subulata","Asclepias subulata","ASSU",2.38e+11,1138.519951,5.75999999,"native"
"3698","Packera werneriifolia","Packera werneriifolia","PAWE4",6.7e+11,2009.699951,7.460000396,"native"
"3699","Oenothera arizonica","Oenothera arizonica","OEAR4",95993708549,763.2299881,5.75999999,"native"
"3700","Erigeron oreganus","Erigeron oreganus","EROR2",7444607168,3782.150085,2.25,"native"
"3701","Amaranthus obcordatus","Amaranthus obcordatus","AMOB",63586917182,808.6499939,5.159999847,"native"
"3702","Erigeron lemmonii","Erigeron lemmonii","ERLE14",63586917182,808.6499939,5.159999847,"native"
"3703","Eriogonum giganteum","Eriogonum giganteum","ERGI2",45159774713,1255.849976,4.559999466,"native"
"3704","Prenanthes nana","Nabalus trifoliolatus","PRNA",4646744231,865.0800171,2.110000134,"native"
"3705","Spiraea septentrionalis","Spiraea alba var. latifolia","SPSE",4646744231,865.0800171,2.110000134,"native"
"3706","Carex schottii","Carex schottii","CASC8",1.08e+11,1418.550034,4.489999771,"native"
"3707","Dasynotus daubenmirei","Dasynotus daubenmirei","DADA",21956594313,1705.109924,2.519999981,"native"
"3708","Sedum valens","Sedum valens","SEVA5",21956594313,1705.109924,2.519999981,"native"
"3709","Forestiera shrevei","Forestiera shrevei","FOSH",89977297966,861.3400269,5.159999847,"native"
"3710","Hieracium longiberbe","Hieracium longiberbe","HILO",6763650359,3782.150085,1.700000286,"native"
"3711","Horkelia cuneata","Horkelia cuneata","HOCU",1.29e+11,1418.550034,4.559999466,"native"
"3712","Clarkia similis","Clarkia similis","CLSI",1.2e+11,1311.560043,4.559999466,"native"
"3713","Cirsium scapanolepis","Cirsium scapanolepis","CISC",12568868340,1563.250061,3.300000191,"native"
"3714","Penstemon roezlii","Penstemon roezlii","PERO12",2.31e+11,4005.909912,5.819999933,"native"
"3715","Nemacladus glanduliferus","Nemacladus glanduliferus","NEGL",4.85e+11,1662,7.460000396,"native"
"3716","Erigeron tweedyi","Erigeron tweedyi","ERTW",1.15e+11,1909.989944,4.020000458,"native"
"3717","Malacothrix incana","Malacothrix incana","MAIN",41815878236,1219.170044,4.559999466,"native"
"3718","Phacelia lutea","Phacelia lutea","PHLU",2.02e+11,3218.039886,4.46999979,"native"
"3719","Aristida californica","Aristida californica","ARCA9",2.42e+11,1138.519951,5.75999999,"native"
"3720","Glossopetalon spinescens","Glossopetalon spinescens","GLSP",9.56e+11,3871.26001,7.460000396,"native"
"3721","Sanicula arguta","Sanicula arguta","SAAR10",1.25e+11,1311.560043,4.559999466,"native"
"3722","Lycium parishii","Lycium parishii","LYPA2",2.35e+11,1138.519951,5.75999999,"native"
"3723","Rafinesquia neomexicana","Rafinesquia neomexicana","RANE",5.16e+11,1428.380005,7.460000396,"native"
"3724","Achnatherum webberi","Eriocoma webberi","ACWE3",4.18e+11,2835.949951,5.920000315,"native"
"3725","Achnatherum swallenii","Eriocoma swallenii","ACSW3",47583216646,1280.310043,3.590000153,"native"
"3726","Stanleya viridiflora","Stanleya viridiflora","STVI",5.37e+11,2780.609955,7.460000396,"native"
"3727","Calliscirpus criniger","Calliscirpus criniger","CACR29",89229836315,4284.919769,4.679999828,"native"
"3728","Castilleja nivea","Castilleja nivea","CANI8",28467005755,1385.430008,3.550000191,"native"
"3729","Chlorogalum parviflorum","Hooveria parviflora","CHPA7",40076222618,1109.970016,4.559999466,"native"
"3730","Cryptantha wigginsii","Cryptantha wigginsii","CRWI7",40076222618,1109.970016,4.559999466,"native"
"3731","Hemizonia paniculata","Deinandra paniculata","HEPA6",40076222618,1109.970016,4.559999466,"native"
"3732","Nemacladus pinnatifidus","Nemacladus pinnatifidus","NEPI",40076222618,1109.970016,4.559999466,"native"
"3733","Salvia clevelandii","Salvia clevelandii","SACL",40076222618,1109.970016,4.559999466,"native"
"3734","Xylococcus bicolor","Xylococcus bicolor","XYBI",40076222618,1109.970016,4.559999466,"native"
"3735","Nothocalais nigrescens","Nothocalais nigrescens","NONI",2.19e+11,1947.359909,4.250000477,"native"
"3736","Phacelia inundata","Phacelia inundata","PHIN3",1.52e+11,1969.460052,4.460000038,"native"
"3737","Echinocereus nicholii","Echinocereus nicholii","ECNI",47620746374,750.4499817,5.159999847,"native"
"3738","Jatropha cardiophylla","Jatropha cardiophylla","JACA2",47620746374,750.4499817,5.159999847,"native"
"3739","Astragalus utahensis","Astragalus utahensis","ASUT",3.99e+11,1466.289955,5.080000401,"native"
"3740","Collomia tracyi","Collomia tracyi","COTR",55743688100,3866.779892,4.579999447,"native"
"3741","Antheropeas wallacei","Eriophyllum wallacei var. wallacei","ANWA",2.51e+11,1662,5.619999647,"native"
"3742","Sidalcea hickmanii","Sidalcea hickmanii","SIHI",84616644031,1822.35997,4.489999771,"native"
"3743","Arctostaphylos klamathensis","Arctostaphylos klamathensis","ARKL",34274428419,3651.170013,4,"native"
"3744","Eriogonum congdonii","Eriogonum congdonii","ERCO19",34274428419,3651.170013,4,"native"
"3745","Howellanthus dalesianus","Phacelia dalesiana","HODA2",34274428419,3651.170013,4,"native"
"3746","Lupinus croceus","Lupinus croceus","LUCR",34274428419,3651.170013,4,"native"
"3747","Penstemon filiformis","Penstemon filiformis","PEFI2",34274428419,3651.170013,4,"native"
"3748","Forestiera reticulata","Forestiera reticulata","FORE",38026773162,588.5000305,1.829999924,"native"
"3749","Senecio soldanella","Senecio soldanella","SESO",42400132838,1474.84996,5.549999714,"native"
"3750","Constancea nevinii","Constancea nevinii","CONE9",17594648604,1038.670013,4.559999466,"native"
"3751","Dudleya greenei","Dudleya greenei","DUGR",17594648604,1038.670013,4.559999466,"native"
"3752","Gambelia speciosa","Gambelia speciosa","GASP10",17594648604,1038.670013,4.559999466,"native"
"3753","Helianthemum greenei","Crocanthemum greenei","HEGR2",17594648604,1038.670013,4.559999466,"native"
"3754","Lyonothamnus floribundus","Lyonothamnus floribundus","LYFL2",17594648604,1038.670013,4.559999466,"native"
"3755","Quercus pacifica","Quercus pacifica","QUPA6",17594648604,1038.670013,4.559999466,"native"
"3756","Rhamnus pirifolia","Rhamnus crocea subsp. pirifolia","RHPI",17594648604,1038.670013,4.559999466,"native"
"3757","Sibara filifolia","Sibara filifolia","SIFI",17594648604,1038.670013,4.559999466,"native"
"3758","Xanthocephalum gymnospermoides","Xanthocephalum gymnospermoides","XAGY",62727211341,805.2700195,5.069999933,"native"
"3759","Lobelia dunnii","Palmerella debilis","LODU",1.12e+11,1311.560043,4.559999466,"native"
"3760","Gossypium thurberi","Gossypium thurberi","GOTH",1.14e+11,852.4399719,5.159999847,"native"
"3761","Acourtia microcephala","Acourtia microcephala","ACMI3",1.23e+11,1311.560043,4.559999466,"native"
"3762","Calystegia macrostegia","Calystegia macrostegia","CAMA24",1.23e+11,1311.560043,4.559999466,"native"
"3763","Chorizanthe staticoides","Chorizanthe staticoides","CHST4",1.23e+11,1311.560043,4.559999466,"native"
"3764","Gilia angelensis","Gilia angelensis","GIAN",1.23e+11,1311.560043,4.559999466,"native"
"3765","Paeonia californica","Paeonia californica","PACA2",1.23e+11,1311.560043,4.559999466,"native"
"3766","Plantago tweedyi","Plantago tweedyi","PLTW",3.67e+11,2370.320107,7.460000396,"native"
"3767","Rhododendron chapmanii","Rhododendron chapmanii","RHCH5",9640017229,322.4300537,2.720000267,"native"
"3768","Mirabilis laevis","Mirabilis laevis","MILA6",6.55e+11,1662,7.460000396,"native"
"3769","Galium glabrescens","Galium glabrescens","GAGL2",62566235767,3853.289917,4.679999828,"native"
"3770","Trifolium dasyphyllum","Trifolium dasyphyllum","TRDA2",3.46e+11,1682.770058,7.460000396,"native"
"3771","Passiflora mexicana","Passiflora mexicana","PAME2",68834776413,840.9699707,5.069999933,"native"
"3772","Penstemon discolor","Penstemon discolor","PEDI6",68834776413,840.9699707,5.069999933,"native"
"3773","Saxifraga eriophora","Micranthes eriophora","SAER3",68834776413,840.9699707,5.069999933,"native"
"3774","Physalis subulata","Physalis pubescens","PHSU7",58508009252,996.6199799,4.13999939,"native"
"3775","Lupinus truncatus","Lupinus truncatus","LUTR2",1.24e+11,1418.550034,4.559999466,"native"
"3776","Nama demissum","Nama demissa var. demissa","NADE",5.3e+11,1662,5.82000041,"native"
"3777","Chionophila jamesii","Chionophila jamesii","CHJA",76419962448,1474.84996,5.549999714,"native"
"3778","Lycium exsertum","Lycium exsertum","LYEX",1.38e+11,897.039978,5.75999999,"native"
"3779","Ivesia rhypara","Potentilla rhypara","IVRH",1.89e+11,3950.569916,4.460000038,"native"
"3780","Rubus bartonianus","Rubus bartonianus","RUBA",53399985817,1920.82991,3.359999657,"native"
"3781","Lupinus hirsutissimus","Lupinus hirsutissimus","LUHI3",1.32e+11,1418.550034,4.559999466,"native"
"3782","Anisocoma acaulis","Anisocoma acaulis","ANAC",4.21e+11,3871.26001,7.460000396,"native"
"3783","Tanacetum camphoratum","Tanacetum bipinnatum subsp. bipinnatum","TACA2",80219582003,5089.809967,3.309999943,"native"
"3784","Adenophyllum porophylloides","Adenophyllum porophylloides","ADPO",3.29e+11,1382.03997,7.399999976,"native"
"3785","Lesquerella montana","Physaria montana","LEMO3",2.19e+11,1631.830063,4.9599998,"native"
"3786","Peucephyllum schottii","Peucephyllum schottii","PESC4",2.62e+11,1282.420044,5.82000041,"native"
"3787","Aquilegia grahamii","Aquilegia micrantha var. grahamii","AQGR",11609319533,906.5199738,3.099999428,"native"
"3788","Astragalus chloodes","Astragalus chloodes","ASCH7",11609319533,906.5199738,3.099999428,"native"
"3789","Astragalus hamiltonii","Astragalus hamiltonii","ASHA3",11609319533,906.5199738,3.099999428,"native"
"3790","Astragalus saurinus","Astragalus saurinus","ASSA5",11609319533,906.5199738,3.099999428,"native"
"3791","Cryptantha barnebyi","Oreocarya barnebyi","CRBA6",11609319533,906.5199738,3.099999428,"native"
"3792","Hymenoxys lapidicola","Tetraneuris torreyana","HYLA7",11609319533,906.5199738,3.099999428,"native"
"3793","Lepidium huberi","Lepidium huberi","LEHU8",11609319533,906.5199738,3.099999428,"native"
"3794","Schoenocrambe argillacea","Hesperidanthus argillaceus","SCAR5",11609319533,906.5199738,3.099999428,"native"
"3795","Nama aretioides","Nama aretioides","NAAR",3.27e+11,3173.72998,5.080000401,"native"
"3796","Adenostoma sparsifolium","Adenostoma sparsifolium","ADSP",1.21e+11,1311.560043,4.559999466,"native"
"3797","Abutilon palmeri","Abutilon palmeri","ABPA",88768694403,853.25,5.159999847,"native"
"3798","Lesquerella subumbellata","Physaria subumbellata","LESU",45108375366,1095.649979,3.779999733,"native"
"3799","Senecio mohavensis","Senecio mohavensis","SEMO3",2.15e+11,1282.420044,5.159999847,"native"
"3800","Cistanthe rosea","Cistanthe rosea","CIRO2",2.81e+11,1662,5.080000401,"native"
"3801","Leucophysalis nana","Leucophysalis nana","LENA3",2.69e+11,3871.26001,4.5,"native"
"3802","Allophyllum glutinosum","Allophyllum glutinosum","ALGL3",1.27e+11,1311.560043,4.559999466,"native"
"3803","Delphinium cardinale","Delphinium cardinale","DECA2",1.27e+11,1311.560043,4.559999466,"native"
"3804","Silene grayi","Silene grayi","SIGR3",69430472182,4284.919769,4.179999828,"native"
"3805","Oxytheca trilobata","Sidotheca trilobata","OXTR2",1.05e+11,1138.519951,4.559999466,"native"
"3806","Trichostema parishii","Trichostema parishii","TRPA3",1.05e+11,1138.519951,4.559999466,"native"
"3807","Cucurbita digitata","Cucurbita digitata","CUDI",1.58e+11,911.1699753,5.159999847,"native"
"3808","Ayenia filiformis","Ayenia filiformis","AYFI",1.39e+11,889.2499695,5.159999847,"native"
"3809","Camissonia cardiophylla","Chylismia cardiophylla","CACA34",1.67e+11,1282.420044,5.159999847,"native"
"3810","Hoffmannseggia oxycarpa","Hoffmannseggia oxycarpa","HOOX",72722561656,678.710022,1.859999657,"native"
"3811","Pedicularis pulchella","Pedicularis pulchella","PEPU10",90143021880,1914.149948,4.010000229,"native"
"3812","Achnatherum lettermanii","Eriocoma lettermanii","ACLE9",1.25e+12,4005.909912,7.460000396,"native"
"3813","Rorippa alpina","Rorippa alpina","ROAL",2.63e+11,1916.959946,5.910000324,"native"
"3814","Allium platycaule","Allium platycaule","ALPL2",1.45e+11,2749.599945,4.5,"native"
"3815","Agastache parvifolia","Agastache parvifolia","AGPA2",61447125041,3759.650009,4.5,"native"
"3816","Ligusticum tenuifolium","Ligusticum tenuifolium","LITE2",1.96e+11,1935.449905,4.409999847,"native"
"3817","Chorizanthe cuspidata","Chorizanthe cuspidata","CHCU3",11966298701,1593.269958,3.760000229,"native"
"3818","Mentzelia tricuspis","Mentzelia tricuspis","METR2",2.22e+11,1282.420044,5.720000029,"native"
"3819","Monardella glauca","Monardella odoratissima subsp. glauca","MOGL",9.02e+11,3978.389893,7.460000396,"native"
"3820","Navarretia fossalis","Navarretia fossalis","NAFO",48624834543,1109.970016,4.559999466,"native"
"3821","Achnatherum speciosum","Pappostipa speciosa","ACSP12",9.02e+11,1662,7.460000396,"native"
"3822","Calamagrostis tweedyi","Greeneochloa tweedyi","CATW",47292270371,3289.639969,3.269999504,"native"
"3823","Dichelostemma ida-maia","Dichelostemma ida-maia","DIID",94808529791,4284.919769,4.179999828,"native"
"3824","Sisyrinchium halophilum","Sisyrinchium halophilum","SIHA2",4e+11,3304.389893,5.080000401,"native"
"3825","Euphorbia eriantha","Euphorbia eriantha","EUER2",2.31e+11,911.1699753,5.75999999,"native"
"3826","Penstemon grahamii","Penstemon grahamii","PEGR6",32162165019,1093.879959,3.750000477,"native"
"3827","Chamaesyce villifera","Euphorbia villifera","CHVI17",81105786324,729.8099976,2.229999542,"native"
"3828","Bouteloua barbata","Bouteloua barbata","BOBA2",1.02e+12,1282.420044,7.460000396,"native"
"3829","Leptosiphon nuttallii","Leptosiphon nuttallii","LENU8",1.05e+12,3996.919922,7.460000396,"native"
"3830","Cryptantha breviflora","Oreocarya breviflora","CRBR7",39654543129,1289.789993,3.13999939,"native"
"3831","Thelesperma pubescens","Thelesperma subnudum var. subnudum","THPU4",11765643265,550.969986,4.450000286,"native"
"3832","Lathyrus rigidus","Lathyrus rigidus","LARI",1.55e+11,1660.540009,4.46999979,"native"
"3833","Eriogonum salicornioides","Eriogonum salicornioides","ERSA8",1.05e+11,1250.699982,3.900000095,"native"
"3834","Funastrum crispum","Funastrum crispum","FUCR",3.63e+11,950.0500565,5.75999999,"native"
"3835","Jamesia americana","Jamesia americana","JAAM",4.6e+11,1662,7.460000396,"native"
"3836","Malacothrix sonorae","Malacothrix sonorae","MASO6",1e+11,1001.159943,5.159999847,"native"
"3837","Erigeron uintahensis","Erigeron uintahensis","ERUI",1.3e+11,1422.48996,7.460000396,"native"
"3838","Penstemon seorsus","Penstemon seorsus","PESE12",1.47e+11,2658.109894,4.240000248,"native"
"3839","Heuchera flabellifolia","Heuchera parvifolia","HEFL14",1.27e+11,1391.530022,4.980000019,"native"
"3840","Plagiobothrys jonesii","Plagiobothrys jonesii","PLJO",4.73e+11,1662,7.460000396,"native"
"3841","Phacelia bolanderi","Phacelia bolanderi","PHBO",70926757750,4284.919769,4.179999828,"native"
"3842","Allium brevistylum","Allium brevistylum","ALBR2",3.32e+11,2081.739975,4.240000248,"native"
"3843","Streptanthus barbiger","Streptanthus barbiger","STBA3",25993625017,2333.779968,2.679999828,"native"
"3844","Hymenoxys vaseyi","Hymenoxys vaseyi","HYVA",40329788246,819.8799744,3.599999905,"native"
"3845","Valeriana columbiana","Valeriana columbiana","VACO2",27155119372,3271.699966,2.890000343,"native"
"3846","Astragalus brauntonii","Astragalus brauntonii","ASBR6",17335934861,1156.700043,4.559999466,"native"
"3847","Dudleya virens","Dudleya virens","DUVI",17335934861,1156.700043,4.559999466,"native"
"3848","Comarostaphylis diversifolia","Comarostaphylis diversifolia","CODI3",49213494215,1109.970016,4.559999466,"native"
"3849","Euphorbia misera","Euphorbia misera","EUMI4",49213494215,1109.970016,4.559999466,"native"
"3850","Eragrostis lutescens","Eragrostis lutescens","ERLU2",1.65e+11,3460.98011,7.360000014,"native"
"3851","Mentzelia nitens","Mentzelia nitens","MENI2",2.03e+11,1662,5.080000401,"native"
"3852","Lomatium packardiae","Lomatium packardiae","LOPA5",1.09e+11,1342.029999,4.460000038,"native"
"3853","Lupinus caespitosus","Lupinus caespitosus","LUCA3",6.23e+11,2009.699951,7.460000396,"native"
"3854","Ceanothus pumilus","Ceanothus pumilus","CEPU",97001619229,4284.919769,4.679999828,"native"
"3855","Draba carnosula","Draba carnosula","DRCA6",27102316328,3651.170013,4.179999828,"native"
"3856","Argyrochosma fendleri","Hemionitis engywookii","ARFE5",1.63e+11,1461.789963,4.919999838,"native"
"3857","Cirsium centaureae","Cirsium centaureae","CICE",1.02e+11,1682.770058,7.219999671,"native"
"3858","Nemacladus sigmoideus","Nemacladus sigmoideus","NESI",3.02e+11,2835.949951,5.82000041,"native"
"3859","Phacelia pringlei","Phacelia pringlei","PHPR",36257813937,3759.650009,4.399999619,"native"
"3860","Mertensia brevistyla","Mertensia brevistyla","MEBR",2.71e+11,1704.03006,7.360000014,"native"
"3861","Erigeron engelmannii","Erigeron engelmannii","EREN",4.44e+11,1987.879913,7.460000396,"native"
"3862","Astragalus misellus","Astragalus misellus","ASMI8",48435312612,3271.699966,3.820000172,"native"
"3863","Cirsium barnebyi","Cirsium barnebyi","CIBA",35965202799,1093.879959,3.18999958,"native"
"3864","Clarkia lassenensis","Clarkia lassenensis","CLLA",1.44e+11,3919.559906,4.5,"native"
"3865","Hackelia bella","Hackelia bella","HABE",61910062375,3785.819916,4,"native"
"3866","Heuchera merriamii","Heuchera merriamii","HEME2",66385199441,4284.919769,4.179999828,"native"
"3867","Gilia modocensis","Gilia modocensis","GIMO",3.38e+11,3285.279892,5.080000401,"native"
"3868","Iliamna crandallii","Iliamna crandallii","ILCR",6117602765,1484.350067,2.960000038,"native"
"3869","Noccaea fendleri","Noccaea fendleri","NOFE3",1.62e+12,5408.299957,7.460000396,"native"
"3870","Mentzelia involucrata","Mentzelia involucrata","MEIN5",3.51e+11,1282.420044,7.399999976,"native"
"3871","Cymopterus nivalis","Cymopterus nivalis","CYNI3",3.72e+11,1595.750038,5.080000401,"native"
"3872","Navarretia hamata","Navarretia hamata","NAHA2",1.24e+11,1418.550034,4.999999523,"native"
"3873","Ceanothus impressus","Ceanothus impressus","CEIM",26143260529,1038.670013,4.559999466,"native"
"3874","Chorizanthe angustifolia","Chorizanthe angustifolia","CHAN3",26143260529,1038.670013,4.559999466,"native"
"3875","Chenopodium littoreum","Chenopodium littoreum","CHLI11",26143260529,1038.670013,4.559999466,"native"
"3876","Dudleya palmeri","Dudleya palmeri","DUPA2",26143260529,1038.670013,4.559999466,"native"
"3877","Erythronium citrinum","Erythronium citrinum","ERCI7",74137706652,4284.919769,4.179999828,"native"
"3878","Gilia stellata","Gilia stellata","GIST",2.94e+11,1282.420044,5.220000267,"native"
"3879","Penstemon alamosensis","Penstemon alamosensis","PEAL10",44549604601,802.6999664,4.639999866,"native"
"3880","Viguiera stenoloba","Sidneya tenuifolia var. tenuifolia","VIST",2.08e+11,798.3600159,5.019999981,"native"
"3881","Hesperocyparis arizonica","Hesperocyparis arizonica","HEAR22",3.43e+11,1438.01001,7.399999976,"native"
"3882","Hackelia cusickii","Hackelia cusickii","HACU",1.68e+11,3784.910004,4.5,"native"
"3883","Collinsia concolor","Collinsia concolor","COCO",94391034144,1138.519951,4.019999504,"native"
"3884","Ziziphus parryi","Pseudoziziphus parryi","ZIPA",94391034144,1138.519951,4.019999504,"native"
"3885","Cylindropuntia arbuscula","Cylindropuntia arbuscula","CYAR14",1.02e+11,816.7400208,5.159999847,"native"
"3886","Trifolium parryi","Trifolium parryi","TRPA5",2.55e+11,1682.770058,7.219999671,"native"
"3887","Aletris bracteata","Aletris bracteata","ALBR6",7463774413,613.6099854,3.869999886,"native"
"3888","Argythamnia blodgettii","Ditaxis argothamnoides","ARBL2",7463774413,613.6099854,3.869999886,"native"
"3889","Bourreria cassinifolia","Bourreria havanensis","BOCA4",7463774413,613.6099854,3.869999886,"native"
"3890","Chamaesyce deltoidea","Euphorbia deltoidea","CHDE7",7463774413,613.6099854,3.869999886,"native"
"3891","Chamaesyce garberi","Euphorbia garberi","CHGA3",7463774413,613.6099854,3.869999886,"native"
"3892","Chamaesyce porteriana","Euphorbia porteriana","CHPO7",7463774413,613.6099854,3.869999886,"native"
"3893","Colubrina cubensis","Colubrina cubensis","COCU",7463774413,613.6099854,3.869999886,"native"
"3894","Cynanchum blodgettii","Metastelma blodgettii","CYBL",7463774413,613.6099854,3.869999886,"native"
"3895","Dalbergia brownei","Dalbergia brownei","DABR2",7463774413,613.6099854,3.869999886,"native"
"3896","Drypetes diversifolia","Drypetes diversifolia","DRDI",7463774413,613.6099854,3.869999886,"native"
"3897","Ernodea cokeri","Ernodea cokeri","ERCO44",7463774413,613.6099854,3.869999886,"native"
"3898","Euphorbia pinetorum","Euphorbia pinetorum","EUPI5",7463774413,613.6099854,3.869999886,"native"
"3899","Hibiscus poeppigii","Hibiscus poeppigii","HIPO",7463774413,613.6099854,3.869999886,"native"
"3900","Linum arenicola","Linum arenicola","LIAR5",7463774413,613.6099854,3.869999886,"native"
"3901","Reynosia septentrionalis","Reynosia septentrionalis","RESE",7463774413,613.6099854,3.869999886,"native"
"3902","Rhynchosia parvifolia","Rhynchosia parvifolia","RHPA2",7463774413,613.6099854,3.869999886,"native"
"3903","Rhynchosia swartzii","Rhynchosia swartzii","RHSW",7463774413,613.6099854,3.869999886,"native"
"3904","Sachsia polycephala","Sachsia polycephala","SAPO3",7463774413,613.6099854,3.869999886,"native"
"3905","Senna mexicana","Senna mexicana","SEME4",7463774413,613.6099854,3.869999886,"native"
"3906","Spermacoce floridana","Spermacoce keyensis","SPFL4",7463774413,613.6099854,3.869999886,"native"
"3907","Stylosanthes calcicola","Stylosanthes calcicola","STCA7",7463774413,613.6099854,3.869999886,"native"
"3908","Tragia saxicola","Tragia saxicola","TRSA2",7463774413,613.6099854,3.869999886,"native"
"3909","Vachellia choriophylla","Vachellia choriophylla","VACH3",7463774413,613.6099854,3.869999886,"native"
"3910","Tauschia glauca","Tauschia glauca","TAGL",44576858324,3580.799927,2.539999962,"native"
"3911","Ericameria paniculata","Ericameria paniculata","ERPA29",2.85e+11,1396.719971,5.82000041,"native"
"3912","Arctostaphylos stanfordiana","Arctostaphylos stanfordiana","ARST",21560606102,2026.109955,3.699999809,"native"
"3913","Kelseya uniflora","Kelseya uniflora","KEUN",94022798832,1506.289963,3.56000042,"native"
"3914","Atriplex pachypoda","Atriplex pachypoda","ATPA8",18666011128,1119.350021,5.230000019,"native"
"3915","Eriogonum brevicaule","Eriogonum brevicaule","ERBR5",4.63e+11,1954.669952,4.250000477,"native"
"3916","Chamaesyce abramsiana","Euphorbia abramsiana","CHAB2",2.15e+11,1138.519951,5.159999847,"native"
"3917","Sidalcea asprella","Sidalcea asprella","SIAS4",1.41e+11,4393.399765,5.719999552,"native"
"3918","Euphorbia brachycera","Euphorbia brachycera","EUBR",1.25e+12,1743.380035,7.460000396,"native"
"3919","Cryptantha elata","Oreocarya elata","CREL4",21092356175,1037.419952,3.630000114,"native"
"3920","Astragalus diversifolius","Astragalus diversifolius","ASDI5",1.23e+11,1347.01004,4.980000019,"native"
"3921","Baccharis sergiloides","Baccharis sergiloides","BASE",3.01e+11,1396.719971,7.399999976,"native"
"3922","Potentilla newberryi","Potentilla newberryi","PONE7",1.63e+11,3794.87001,4.460000038,"native"
"3923","Clinopodium chandleri","Clinopodium chandleri","CLCH5",31618845611,763.989975,3.03000021,"native"
"3924","Diplacus clevelandii","Diplacus clevelandii","DICL2",31618845611,763.989975,3.03000021,"native"
"3925","Dudleya edulis","Dudleya edulis","DUED",31618845611,763.989975,3.03000021,"native"
"3926","Dudleya viscida","Dudleya viscida","DUVI2",31618845611,763.989975,3.03000021,"native"
"3927","Hesperocyparis forbesii","Hesperocyparis forbesii","HEFO10",31618845611,763.989975,3.03000021,"native"
"3928","Lepechinia cardiophylla","Lepechinia cardiophylla","LECA4",31618845611,763.989975,3.03000021,"native"
"3929","Malacothamnus densiflorus","Malacothamnus densiflorus","MADE",31618845611,763.989975,3.03000021,"native"
"3930","Mimulus diffusus","Erythranthe diffusa","MIDI",31618845611,763.989975,3.03000021,"native"
"3931","Monardella nana","Monardella nana","MONA",31618845611,763.989975,3.03000021,"native"
"3932","Tetracoccus dioicus","Tetracoccus dioicus","TEDI",31618845611,763.989975,3.03000021,"native"
"3933","Lomatium bentonitum","Lomatium bentonitum","LOBE4",45469613646,900.5400391,3.109999657,"native"
"3934","Anemone edwardsiana","Anemone edwardsiana","ANED2",53972835725,663.7400208,3.289999485,"native"
"3935","Senecio sphaerocephalus","Senecio sphaerocephalus","SESP4",2.67e+11,2746.430023,4.250000477,"native"
"3936","Simmondsia chinensis","Simmondsia chinensis","SICH",2.64e+11,1400.460014,5.159999847,"native"
"3937","Aquilegia barnebyi","Aquilegia barnebyi","AQBA",52672669344,1494.619949,3.93999958,"native"
"3938","Eriogonum maculatum","Eriogonum maculatum","ERMA2",8.17e+11,3173.72998,5.82000041,"native"
"3939","Coryphantha macromeris","Pelecyphora macromeris","COMA14",1.6e+11,781.1800079,5.019999981,"native"
"3940","Cryptantha crinita","Cryptantha crinita","CRCR4",17416458824,2417.839966,2.78000021,"native"
"3941","Phacelia leonis","Phacelia leonis","PHLE2",28740281629,3785.819916,4,"native"
"3942","Triteleia montana","Triteleia montana","TRMO11",35156106894,2759.559952,5.630000353,"native"
"3943","Cryptantha virgata","Oreocarya virgata","CRVI4",64996018555,1299.269974,3.609999657,"native"
"3944","Castilleja puberula","Castilleja puberula","CAPU19",15310041649,963.8499756,2.840000153,"native"
"3945","Coursetia glandulosa","Coursetia glandulosa","COGL8",1.09e+11,845.0999756,5.159999847,"native"
"3946","Gayophytum decipiens","Gayophytum decipiens","GADE2",8.01e+11,3411.719971,7.460000396,"native"
"3947","Penstemon lemhiensis","Penstemon lemhiensis","PELE8",18012564789,1920.82991,2.849999428,"native"
"3948","Lycium fremontii","Lycium fremontii","LYFR",1.77e+11,1138.519951,5.75999999,"native"
"3949","Salix wolfii","Salix wolfii","SAWO",4.95e+11,1987.569916,5.910000324,"native"
"3950","Carex stenoptila","Carex stenoptila","CAST4",86444154595,1663.510056,3.989999771,"native"
"3951","Penstemon sepalulus","Penstemon sepalulus","PESE13",28257270462,1302.190018,3.870000362,"native"
"3952","Proboscidea althaeifolia","Proboscidea althaeifolia","PRAL4",2.68e+11,947.9799728,5.75999999,"native"
"3953","Dodecatheon redolens","Primula fragrans","DORE",3.27e+11,1662,5.080000401,"native"
"3954","Stenotus acaulis","Stenotus acaulis","STAC",1.1e+12,2835.949951,7.460000396,"native"
"3955","Boerhavia triquetra","Boerhavia triquetra","BOTR",92337739375,1138.519951,4.019999504,"native"
"3956","Fagonia pachyacantha","Zygophyllum pachyacanthum","FAPA2",92337739375,1138.519951,4.019999504,"native"
"3957","Penstemon clevelandii","Penstemon clevelandii","PECL",92337739375,1138.519951,4.019999504,"native"
"3958","Salvia vaseyi","Salvia vaseyi","SAVA",92337739375,1138.519951,4.019999504,"native"
"3959","Tauschia kelloggii","Tauschia kelloggii","TAKE",83790211914,4336.719772,3.849999905,"native"
"3960","Iris innominata","Iris innominata","IRIN",28243671276,3814.469788,2.349999905,"native"
"3961","Achnatherum diegoense","Thorneochloa diegoensis","ACDI10",22756594535,1219.170044,2.789999962,"native"
"3962","Iris bracteata","Iris bracteata","IRBR",18276287583,4079.89978,2.349999905,"native"
"3963","Lewisia oppositifolia","Lewisia oppositifolia","LEOP",18276287583,4079.89978,2.349999905,"native"
"3964","Astragalus tegetarioides","Astragalus tegetarioides","ASTE4",33963376259,1156.620026,3.240000248,"native"
"3965","Gilia cana","Gilia cana","GICA3",2.35e+11,1662,5.080000401,"native"
"3966","Cleome platycarpa","Cleomella platycarpa","CLPL",2.85e+11,3815.920013,4.46999979,"native"
"3967","Astragalus palmeri","Astragalus palmeri","ASPA10",1.01e+11,1138.519951,4.019999504,"native"
"3968","Lupinus holosericeus","Lupinus holosericeus","LUHO2",2.91e+11,1426.490028,5.080000401,"native"
"3969","Abutilon malacum","Abutilon malacum","ABMA3",1.65e+11,933.8499756,5.159999847,"native"
"3970","Pyrrocoma linearis","Pyrrocoma linearis","PYLI2",46108634521,1156.620026,3.260000229,"native"
"3971","Selaginella watsonii","Selaginella watsonii","SEWA2",6.81e+11,2297.669922,7.460000396,"native"
"3972","Harpagonella palmeri","Harpagonella palmeri","HAPA7",1.28e+11,1109.970016,5.159999847,"native"
"3973","Phacelia arizonica","Phacelia arizonica","PHAR13",1.09e+11,852.4399719,5.159999847,"native"
"3974","Streptanthus barbatus","Streptanthus barbatus","STBA2",38732687887,3651.170013,4,"native"
"3975","Polemonium confertum","Polemonium viscosum","POCO26",49588812480,1461.789963,5.549999714,"native"
"3976","Dalea mollis","Dalea mollis","DAMO",2.14e+11,1138.519951,5.75999999,"native"
"3977","Olneya tesota","Olneya tesota","OLTE",2.14e+11,1138.519951,5.75999999,"native"
"3978","Ivesia gordonii","Ivesia gordonii","IVGO",8.44e+11,4440.310059,7.460000396,"native"
"3979","Plagiobothrys pringlei","Plagiobothrys pringlei","PLPR3",98524171769,808.6499939,5.159999847,"native"
"3980","Galium matthewsii","Galium matthewsii","GAMA4",1.29e+11,1282.420044,4.980000019,"native"
"3981","Astragalus malacus","Astragalus malacus","ASMA6",3.04e+11,1754.979965,4.980000019,"native"
"3982","Valeriana occidentalis","Valeriana occidentalis","VAOC2",9.58e+11,3257.349892,7.460000396,"native"
"3983","Nemacaulis denudata","Nemacaulis denudata","NEDE",1.78e+11,1138.519951,5.159999847,"native"
"3984","Mentzelia veatchiana","Mentzelia veatchiana","MEVE5",5.75e+11,3304.389893,5.220000267,"native"
"3985","Plagiobothrys mollis","Plagiobothrys mollis","PLMO",93025472829,2749.599945,4.460000038,"native"
"3986","Eriogonum libertini","Eriogonum libertini","ERLI4",41912657169,3651.170013,4,"native"
"3987","Atriplex hymenelytra","Atriplex hymenelytra","ATHY",2.98e+11,1282.420044,5.82000041,"native"
"3988","Stuckenia striata","Stuckenia striata","STST20",1.95e+11,1774.089966,5.819999933,"native"
"3989","Phacelia minutissima","Phacelia minutissima","PHMI7",1.23e+11,3356.379974,4.46999979,"native"
"3990","Tripogon spicatus","Tripogonella spicata","TRSP",14546535216,227.5,1.770000458,"native"
"3991","Cryptantha crassisepala","Cryptantha crassisepala","CRCR3",7.57e+11,1698.430061,7.460000396,"native"
"3992","Vauquelinia californica","Vauquelinia californica","VACA5",98713167839,808.6499939,5.159999847,"native"
"3993","Erigeron cervinus","Erigeron cervinus","ERCE",42772485928,4284.919769,4.179999828,"native"
"3994","Thalictrum fendleri","Thalictrum fendleri","THFE",1.8e+12,4011.300049,7.460000396,"native"
"3995","Viola cuneata","Viola cuneata","VICU2",1.02e+11,4284.919769,4.179999828,"native"
"3996","Castilleja peckiana","Castilleja peckiana","CAPE19",1.65e+11,3249.049896,4.46999979,"native"
"3997","Lathyrus delnorticus","Lathyrus delnorticus","LADE3",31463337901,4284.919769,4.179999828,"native"
"3998","Poa piperi","Poa rhizomata","POPI2",31463337901,4284.919769,4.179999828,"native"
"3999","Trifolium owyheense","Trifolium owyheense","TROW",71717686537,1156.620026,3.260000229,"native"
"4000","Erigeron simplex","Erigeron grandiflorus","ERSI3",5.76e+11,2391.270111,7.460000396,"native"
"4001","Chaenactis carphoclinia","Chaenactis carphoclinia","CHCA",4.72e+11,1662,7.460000396,"native"
"4002","Cryptantha ganderi","Cryptantha ganderi","CRGA2",25181777221,727.960022,4.460000038,"native"
"4003","Sidalcea glaucescens","Sidalcea glaucescens","SIGL2",1.63e+11,3852.150009,5.819999933,"native"
"4004","Ceanothus lemmonii","Ceanothus lemmonii","CELE",72045174806,3752.479889,4.580000162,"native"
"4005","Triteleia crocea","Triteleia crocea","TRCR7",48333227593,3785.819916,4.179999828,"native"
"4006","Eriogonum mancum","Eriogonum mancum","ERMA3",57407461497,1349.100021,3.56000042,"native"
"4007","Carex leucodonta","Carex turbinata","CALE12",56862039111,805.2700195,5.069999933,"native"
"4008","Cylindropuntia versicolor","Cylindropuntia thurberi subsp. versicolor","CYVE3",56862039111,805.2700195,5.069999933,"native"
"4009","Lilaeopsis schaffneriana","Lilaeopsis schaffneriana","LISC7",56862039111,805.2700195,5.069999933,"native"
"4010","Sphinctospermum constrictum","Sphinctospermum constrictum","SPCO3",56862039111,805.2700195,5.069999933,"native"
"4011","Angelica roseana","Angelica roseana","ANRO",2.03e+11,2221.379921,7.460000396,"native"
"4012","Arctostaphylos hispidula","Arctostaphylos hispidula","ARHI5",37432974848,3982.639771,2.859999657,"native"
"4013","Arabis murrayi","Boechera lyallii","ARMU6",14355492103,1264.39003,2.609999657,"native"
"4014","Lesquerella pulchella","Physaria carinata subsp. pulchella","LEPU15",14355492103,1264.39003,2.609999657,"native"
"4015","Ambrosia cordifolia","Ambrosia cordifolia","AMCO4",65105487444,861.3400269,5.159999847,"native"
"4016","Mentzelia speciosa","Mentzelia speciosa","MESP4",31655537330,1365.870056,3.639999866,"native"
"4017","Astragalus atropubescens","Astragalus atropubescens","ASAT2",74055856249,1921.179916,3.319999695,"native"
"4018","Heuchera bracteata","Heuchera bracteata","HEBR2",48655440633,1298.700043,3.390000343,"native"
"4019","Arenaria kingii","Eremogone kingii","ARKI",8.6e+11,4005.909912,7.460000396,"native"
"4020","Townsendia alpigena","Townsendia montana","TOAL",2.35e+11,1918.859955,7.460000396,"native"
"4021","Chaenactis suffrutescens","Chaenactis suffrutescens","CHSU",24496198345,3651.170013,4,"native"
"4022","Eriogonum alpinum","Eriogonum alpinum","ERAL6",24496198345,3651.170013,4,"native"
"4023","Eriogonum siskiyouense","Eriogonum siskiyouense","ERSI5",24496198345,3651.170013,4,"native"
"4024","Ivesia pickeringii","Potentilla pickeringii","IVPI",24496198345,3651.170013,4,"native"
"4025","Potentilla cristae","Potentilla cristae","POCR6",24496198345,3651.170013,4,"native"
"4026","Polemonium eddyense","Polemonium eddyense","POED",24496198345,3651.170013,4,"native"
"4027","Raillardella pringlei","Raillardella pringlei","RAPR",24496198345,3651.170013,4,"native"
"4028","Rudbeckia klamathensis","Rudbeckia klamathensis","RUKL",24496198345,3651.170013,4,"native"
"4029","Veronica copelandii","Veronica copelandii","VECO",24496198345,3651.170013,4,"native"
"4030","Phlox tenuifolia","Phlox tenuifolia","PHTE6",1.02e+11,852.4399719,5.159999847,"native"
"4031","Allium siskiyouense","Allium siskiyouense","ALSI2",69189994958,4284.919769,4.179999828,"native"
"4032","Rudbeckia glaucescens","Rudbeckia glaucescens","RUGL7",69189994958,4284.919769,4.179999828,"native"
"4033","Cryptantha echinella","Cryptantha echinella","CREC",4.02e+11,2835.949951,5.920000315,"native"
"4034","Ambrosia pumila","Ambrosia pumila","AMPU4",29565550842,763.989975,3.03000021,"native"
"4035","Argythamnia californica","Ditaxis serrata","ARCA19",29565550842,763.989975,3.03000021,"native"
"4036","Arctostaphylos peninsularis","Arctostaphylos peninsularis","ARPE9",29565550842,763.989975,3.03000021,"native"
"4037","Arctostaphylos rainbowensis","Arctostaphylos rainbowensis","ARRA7",29565550842,763.989975,3.03000021,"native"
"4038","Baccharis vanessae","Baccharis vanessae","BAVA3",29565550842,763.989975,3.03000021,"native"
"4039","Brodiaea orcuttii","Brodiaea orcuttii","BROR",29565550842,763.989975,3.03000021,"native"
"4040","Brodiaea santarosae","Brodiaea santarosae","BRSA",29565550842,763.989975,3.03000021,"native"
"4041","Caulanthus hallii","Streptanthus hallii","CAHA8",29565550842,763.989975,3.03000021,"native"
"4042","Caulanthus simulans","Streptanthus simulans","CASI5",29565550842,763.989975,3.03000021,"native"
"4043","Ceanothus cyaneus","Ceanothus cyaneus","CECY",29565550842,763.989975,3.03000021,"native"
"4044","Chaenactis parishii","Chaenactis parishii","CHPA",29565550842,763.989975,3.03000021,"native"
"4045","Ericameria brachylepis","Ericameria brachylepis","ERBR13",29565550842,763.989975,3.03000021,"native"
"4046","Horkelia clevelandii","Horkelia clevelandii","HOCL",29565550842,763.989975,3.03000021,"native"
"4047","Horkelia truncata","Potentilla truncata","HOTR2",29565550842,763.989975,3.03000021,"native"
"4048","Packera ganderi","Packera ganderi","PAGA5",29565550842,763.989975,3.03000021,"native"
"4049","Pinus quadrifolia","Pinus quadrifolia","PIQU",29565550842,763.989975,3.03000021,"native"
"4050","Saltugilia caruifolia","Saltugilia caruifolia","SACA51",29565550842,763.989975,3.03000021,"native"
"4051","Salvia eremostachya","Salvia eremostachya","SAER2",29565550842,763.989975,3.03000021,"native"
"4052","Sibaropsis hammittii","Streptanthus hammittii","SIHA8",29565550842,763.989975,3.03000021,"native"
"4053","Navarretia breweri","Navarretia breweri","NABR",8.14e+11,3411.719971,7.460000396,"native"
"4054","Horkelia sericata","Horkelia sericata","HOSE",44693796613,4079.89978,2.449999809,"native"
"4055","Campanula reverchonii","Campanula reverchonii","CARE3",14425334302,272.0700073,1.770000458,"native"
"4056","Scutellaria nana","Scutellaria nana","SCNA",2.86e+11,3815.920013,4.5,"native"
"4057","Calamagrostis koelerioides","Calamagrostis koelerioides","CAKO",1.57e+11,4472.009766,4.450000286,"native"
"4058","Cirsium subniveum","Cirsium subniveum","CISU",4.56e+11,1962.65995,5.080000401,"native"
"4059","Tiquilia plicata","Tiquilia plicata","TIPL2",3.31e+11,1428.380005,5.82000041,"native"
"4060","Grusonia kunzei","Grusonia kunzei","GRKU",58930220128,785.989975,5.069999933,"native"
"4061","Lomatium tracyi","Lomatium tracyi","LOTR",84730559084,3785.819916,4,"native"
"4062","Ranunculus adoneus","Ranunculus adoneus","RAAD",2.91e+11,1935.929916,5.080000401,"native"
"4063","Streptanthella longirostris","Streptanthus longirostris","STLO4",1.14e+12,3173.72998,7.460000396,"native"
"4064","Amsinckia carinata","Amsinckia carinata","AMCA8",25609052016,481.2500305,2.920000076,"native"
"4065","Eriogonum chrysops","Eriogonum chrysops","ERCH6",25609052016,481.2500305,2.920000076,"native"
"4066","Eriogonum novonudum","Eriogonum novonudum","ERNO3",25609052016,481.2500305,2.920000076,"native"
"4067","Senecio ertterae","Senecio ertterae","SEER4",25609052016,481.2500305,2.920000076,"native"
"4068","Platanthera sparsiflora","Platanthera sparsiflora","PLSP2",1.03e+12,5469.160156,7.460000396,"native"
"4069","Orcuttia californica","Orcuttia californica","ORCA",44848190934,1228.000046,4.559999466,"native"
"4070","Astragalus drabelliformis","Astragalus drabelliformis","ASDR2",23211002751,1125.35997,3.820000172,"native"
"4071","Hieracium canadense","Hieracium umbellatum subsp. umbellatum","HICA3",79887426037,967.3599243,1.349999905,"native"
"4072","Amorpha californica","Amorpha californica","AMCA5",3.55e+11,3852.150009,7.360000014,"native"
"4073","Mimulus bigelovii","Diplacus bigelovii","MIBI6",3.05e+11,1662,5.82000041,"native"
"4074","Phacelia rattanii","Phacelia rattanii","PHRA4",2.4e+11,3950.569916,5.099999905,"native"
"4075","Camissonia palmeri","Tetrapteron palmeri","CAPA37",2.07e+11,1282.420044,4.659999847,"native"
"4076","Castilleja chlorotica","Castilleja chlorotica","CACH15",52001364320,3151.769897,3.36000061,"native"
"4077","Lesquerella occidentalis","Physaria occidentalis subsp. occidentalis","LEOC",4.44e+11,3824.220009,5.080000401,"native"
"4078","Penstemon rattanii","Penstemon rattanii","PERA3",72847919685,4180.609772,3.849999905,"native"
"4079","Carex idahoa","Carex idahoa","CAID",50086561612,1322.570023,3.869999409,"native"
"4080","Pseudostellaria jamesiana","Pseudostellaria jamesiana","PSJA2",1.31e+12,4421.200058,7.460000396,"native"
"4081","Galium californicum","Galium californicum","GACA3",1.72e+11,3959.279892,4.999999523,"native"
"4082","Lupinus caudatus","Lupinus caudatus","LUCA",1.34e+12,3871.26001,7.460000396,"native"
"4083","Galium hypotrichium","Galium hypotrichium","GAHY",3.42e+11,2835.949951,5.920000315,"native"
"4084","Eriastrum sparsiflorum","Eriastrum sparsiflorum","ERSP3",6.1e+11,3285.279892,7.460000396,"native"
"4085","Cryptantha paradoxa","Oreocarya paradoxa","CRPA6",92061248057,1186.730019,7.179999709,"native"
"4086","Abronia villosa","Abronia villosa","ABVI",3.37e+11,1662,5.75999999,"native"
"4087","Cryptantha traskiae","Cryptantha traskiae","CRTR7",15282640092,1156.700043,4.559999466,"native"
"4088","Deinandra minthornii","Deinandra minthornii","DEMI4",15282640092,1156.700043,4.559999466,"native"
"4089","Eriogonum crocatum","Eriogonum crocatum","ERCR3",15282640092,1156.700043,4.559999466,"native"
"4090","Lepechinia rossii","Lepechinia rossii","LERO8",15282640092,1156.700043,4.559999466,"native"
"4091","Lomatium insulare","Lomatium insulare","LOIN2",15282640092,1156.700043,4.559999466,"native"
"4092","Lupinus elatus","Lupinus elatus","LUEL",15282640092,1156.700043,4.559999466,"native"
"4093","Pentachaeta lyonii","Pentachaeta lyonii","PELY4",15282640092,1156.700043,4.559999466,"native"
"4094","Rubus russeus","Rubus flagellaris","RURU2",3778130069,761.2900391,1.599999905,"native"
"4095","Abutilon mollicomum","Abutilon mollicomum","ABMO2",1.29e+11,889.2499695,5.159999847,"native"
"4096","Eriogonum davidsonii","Eriogonum davidsonii","ERDA4",3.95e+11,1396.719971,7.460000396,"native"
"4097","Hieracium bolanderi","Hieracium bolanderi","HIBO",1.07e+11,4284.919769,4.179999828,"native"
"4098","Argythamnia lanceolata","Ditaxis lanceolata","ARLA12",1.89e+11,1138.519951,5.159999847,"native"
"4099","Erigeron lassenianus","Erigeron lassenianus","ERLA2",74377550461,2724.339951,4.5,"native"
"4100","Chaenactis artemisiifolia","Chaenactis artemisiifolia","CHAR",53985462531,1228.000046,4.559999466,"native"
"4101","Diplacus puniceus","Diplacus puniceus","DIPU4",53985462531,1228.000046,4.559999466,"native"
"4102","Phacelia grandiflora","Phacelia grandiflora","PHGR",53985462531,1228.000046,4.559999466,"native"
"4103","Stephanomeria diegensis","Stephanomeria diegensis","STDI6",53985462531,1228.000046,4.559999466,"native"
"4104","Chamaesyce polycarpa","Euphorbia polycarpa","CHPO12",4.37e+11,1396.719971,7.460000396,"native"
"4105","Potentilla pectinisecta","Potentilla gracilis var. elmeri","POPE23",7.43e+11,3871.26001,5.920000315,"native"
"4106","Epilobium suffruticosum","Epilobium suffruticosum","EPSU",1.04e+11,1909.989944,4.650000572,"native"
"4107","Helianthemum scoparium","Helianthemum scoparium","HESC2",1.78e+11,2283.589951,5.719999552,"native"
"4108","Potentilla rupincola","Potentilla rupincola","PORU4",14286479844,963.8499756,2.840000153,"native"
"4109","Encelia californica","Encelia californica","ENCA",62534074456,1228.000046,4.559999466,"native"
"4110","Malacothrix glabrata","Malacothrix glabrata","MAGL3",8.83e+11,3871.26001,7.460000396,"native"
"4111","Selaginella eremophila","Selaginella eremophila","SEER",91467425046,799.6899872,5.159999847,"native"
"4112","Salix ligulifolia","Salix ligulifolia","SALI",5.67e+11,2759.65995,7.360000014,"native"
"4113","Chamaesyce parishii","Euphorbia parishii","CHPA30",2.07e+11,1282.420044,5.080000401,"native"
"4114","Kallstroemia californica","Kallstroemia californica","KACA",4.25e+11,1095.620049,7.460000396,"native"
"4115","Wyethia helianthoides","Wyethia helianthoides","WYHE2",3e+11,1987.569916,4.550000191,"native"
"4116","Lesquerella fendleri","Physaria fendleri","LEFE",6.09e+11,1189.610016,7.399999976,"native"
"4117","Agave toumeyana","Agave toumeyana","AGTO",83059094143,852.4399719,5.159999847,"native"
"4118","Salvia pachyphylla","Salvia pachyphylla","SAPA5",2.36e+11,1396.719971,7.259999633,"native"
"4119","Lomatium nuttallii","Lomatium nuttallii","LONU3",1.68e+11,1380.190048,5.150000334,"native"
"4120","Eryngium constancei","Eryngium constancei","ERCO39",7335855422,1319.099976,2.679999828,"native"
"4121","Prunus andersonii","Prunus andersonii","PRAN2",2.77e+11,2835.949951,5.080000401,"native"
"4122","Lewisia leeana","Lewisia leeana","LELE8",65056279993,4284.919769,4.179999828,"native"
"4123","Senecio crassulus","Senecio crassulus","SECR",7.25e+11,1995.869911,7.460000396,"native"
"4124","Ranunculus oresterus","Ranunculus oresterus","RAOR2",60628154261,1626.51001,3.839999676,"native"
"4125","Cirsium peckii","Cirsium peckii","CIPE4",26248072891,1156.620026,3.080000401,"native"
"4126","Stephanomeria malheurensis","Stephanomeria malheurensis","STMA5",26248072891,1156.620026,3.080000401,"native"
"4127","Pavonia lasiopetala","Pavonia lasiopetala","PALA13",25846136486,1139.269989,1.829999924,"native"
"4128","Argythamnia serrata","Ditaxis serrata","ARSE7",1.07e+11,1138.519951,5.019999504,"native"
"4129","Chamaesyce platysperma","Euphorbia platysperma","CHPL3",1.07e+11,1138.519951,5.019999504,"native"
"4130","Bensoniella oregona","Bensoniella oregona","BEOR",42087678630,4079.89978,2.449999809,"native"
"4131","Verbena gracilis","Verbena gracilis","VEGR2",94582591150,1096.689972,5.159999847,"native"
"4132","Morus microphylla","Morus microphylla","MOMI",4.78e+11,1225.019958,7.399999976,"native"
"4133","Lomatium vaginatum","Lomatium vaginatum","LOVA",2.51e+11,3784.910004,4.5,"native"
"4134","Orthocarpus cuspidatus","Orthocarpus cuspidatus","ORCU",2.94e+11,4005.909912,5.819999933,"native"
"4135","Amelanchier utahensis","Amelanchier utahensis","AMUT",1.74e+12,4005.909912,7.460000396,"native"
"4136","Ferocactus emoryi","Ferocactus emoryi","FEEM",61901874204,795.0499878,5.159999847,"native"
"4137","Sebastiania bilocularis","Pleradenophora bilocularis","SEBI9",61901874204,795.0499878,5.159999847,"native"
"4138","Asplenium septentrionale","Asplenium septentrionale","ASSE",3.78e+11,2759.65995,7.219999671,"native"
"4139","Garrya buxifolia","Garrya buxifolia","GABU2",80429066414,4284.919769,4.179999828,"native"
"4140","Erysimum franciscanum","Erysimum franciscanum","ERFR3",11209566981,1517.069977,3.760000229,"native"
"4141","Echinomastus erectocentrus","Sclerocactus johnsonii subsp. erectocentrus","ECER2",53658425871,797.1799927,5.069999933,"native"
"4142","Abronia minor","Abronia x minor","ABMI2",8548611925,784.2600098,2.46999979,"native"
"4143","Arctostaphylos luciana","Arctostaphylos luciana","ARLU4",8548611925,784.2600098,2.46999979,"native"
"4144","Arctostaphylos morroensis","Arctostaphylos morroensis","ARMO2",8548611925,784.2600098,2.46999979,"native"
"4145","Arctostaphylos osoensis","Arctostaphylos osoensis","AROS",8548611925,784.2600098,2.46999979,"native"
"4146","Arctostaphylos pechoensis","Arctostaphylos pechoensis","ARPE5",8548611925,784.2600098,2.46999979,"native"
"4147","Arctostaphylos wellsii","Arctostaphylos wellsii","ARWE",8548611925,784.2600098,2.46999979,"native"
"4148","Calochortus obispoensis","Calochortus obispoensis","CAOB",8548611925,784.2600098,2.46999979,"native"
"4149","Ceanothus hearstiorum","Ceanothus hearstiorum","CEHE2",8548611925,784.2600098,2.46999979,"native"
"4150","Ceanothus maritimus","Ceanothus maritimus","CEMA",8548611925,784.2600098,2.46999979,"native"
"4151","Eriodictyon altissimum","Eriodictyon altissimum","ERAL12",8548611925,784.2600098,2.46999979,"native"
"4152","Lasthenia gracilis","Lasthenia gracilis","LAGR10",8548611925,784.2600098,2.46999979,"native"
"4153","Lupinus ludovicianus","Lupinus ludovicianus","LULU",8548611925,784.2600098,2.46999979,"native"
"4154","Lupinus nipomensis","Lupinus nipomensis","LUNI2",8548611925,784.2600098,2.46999979,"native"
"4155","Sarcocornia pacifica","Salicornia pacifica","SAPA30",16812948556,4837.559967,2.820000172,"native"
"4156","Astragalus geyeri","Astragalus geyeri","ASGE",6.76e+11,1774.089966,5.82000041,"native"
"4157","Harbouria trachypleura","Harbouria trachypleura","HATR",1.42e+11,1299.269974,4.919999838,"native"
"4158","Cymopterus rosei","Cymopterus rosei","CYRO3",46385119370,1068.369949,3.980000019,"native"
"4159","Castilleja angustifolia","Castilleja angustifolia","CAAN7",1.25e+12,4015.060059,7.460000396,"native"
"4160","Scrophularia desertorum","Scrophularia desertorum","SCDE",2.71e+11,2835.949951,5.920000315,"native"
"4161","Kelloggia galioides","Kelloggia galioides","KEGA",9.21e+11,4440.310059,7.460000396,"native"
"4162","Delphinium geyeri","Delphinium geyeri","DEGE2",2.36e+11,1346.669968,4.010000229,"native"
"4163","Atriplex tenuissima","Atriplex wolfii var. tenuissima","ATTE",4947999999,949.5600433,3.779999733,"native"
"4164","Ericameria lignumviridis","Ericameria lignumviridis","ERLI8",4947999999,949.5600433,3.779999733,"native"
"4165","Erigeron austiniae","Erigeron chrysopsidis var. austiniae","ERAU6",2.92e+11,3815.920013,4.980000019,"native"
"4166","Centaurium nudicaule","Zeltnera nudicaulis","CENU",88532160635,852.4399719,5.159999847,"native"
"4167","Astragalus nutans","Astragalus nutans","ASNU3",81437089984,1138.519951,4.019999504,"native"
"4168","Escobaria alversonii","Pelecyphora alversonii","ESAL2",81437089984,1138.519951,4.019999504,"native"
"4169","Salvia greatae","Salvia greatae","SAGR3",81437089984,1138.519951,4.019999504,"native"
"4170","Bahia biternata","Hymenothrix biternata","BABI3",87383179319,800.4999695,5.159999847,"native"
"4171","Artemisia nesiotica","Artemisia nesiotica","ARNE6",24419911689,1156.700043,4.559999466,"native"
"4172","Ceanothus tomentosus","Ceanothus tomentosus","CETO",1.21e+11,2816.839951,5.719999552,"native"
"4173","Astragalus terminalis","Astragalus terminalis","ASTE9",62254447449,1887.969955,3.319999695,"native"
"4174","Stylocline sonorensis","Stylocline sonorensis","STSO2",71533507056,901.6799774,4.71999979,"native"
"4175","Arbutus xalapensis","Arbutus xalapensis","ARXA80",1.05e+11,708.0900116,2.619999409,"native"
"4176","Allenrolfea occidentalis","Allenrolfea occidentalis","ALOC2",9.74e+11,1662,7.460000396,"native"
"4177","Psorothamnus emoryi","Psorothamnus emoryi","PSEM",1.18e+11,1138.519951,5.019999504,"native"
"4178","Castilleja organorum","Castilleja organorum","CAOR7",9863129095,311.2900238,0.549999714,"native"
"4179","Echinocereus polyacanthus","Echinocereus polyacanthus","ECPO6",9863129095,311.2900238,0.549999714,"native"
"4180","Echinocereus pseudopectinatus","Echinocereus pseudopectinatus","ECPS",9863129095,311.2900238,0.549999714,"native"
"4181","Escobaria organensis","Pelecyphora sneedii subsp. orcuttii","ESOR2",9863129095,311.2900238,0.549999714,"native"
"4182","Oenothera organensis","Oenothera organensis","OEOR",9863129095,311.2900238,0.549999714,"native"
"4183","Perityle cernua","Perityle cernua","PECE3",9863129095,311.2900238,0.549999714,"native"
"4184","Scrophularia laevis","Scrophularia laevis","SCLA5",9863129095,311.2900238,0.549999714,"native"
"4185","Jefea brevifolia","Jefea brevifolia","JEBR",1.2e+11,899.6399536,3.269999504,"native"
"4186","Arenaria aculeata","Eremogone aculeata","ARAC2",4.22e+11,2780.609955,4.550000191,"native"
"4187","Phlox pulvinata","Phlox pulvinata","PHPU5",7.82e+11,3871.26001,7.460000396,"native"
"4188","Artemisia arbuscula","Artemisia arbuscula","ARAR8",1.09e+12,4005.909912,7.460000396,"native"
"4189","Paronychia pulvinata","Paronychia pulvinata","PAPU2",1.29e+11,1651.600052,4.599999428,"native"
"4190","Microseris howellii","Microseris howellii","MIHO2",15670169600,4079.89978,2.349999905,"native"
"4191","Draba graminea","Draba graminea","DRGR2",8273797098,998.8000183,5.059999943,"native"
"4192","Botrychium pumicola","Botrychium pumicola","BOPU2",44286060952,3151.769897,3.36000061,"native"
"4193","Eriogonum ochrocephalum","Eriogonum ochrocephalum","EROC2",1.47e+11,1707.729965,4.460000038,"native"
"4194","Eriogonum clavellatum","Eriogonum clavellatum","ERCL2",48560677551,1158.360023,7.179999709,"native"
"4195","Lilium bolanderi","Lilium bolanderi","LIBO",43779748273,4284.919769,4.179999828,"native"
"4196","Petalonyx thurberi","Petalonyx thurberi","PETH4",4.17e+11,1396.719971,5.82000041,"native"
"4197","Camissonia scapoidea","Chylismia scapoidea","CASC18",7.61e+11,4449.979767,7.460000396,"native"
"4198","Penstemon wardii","Penstemon wardii","PEWA8",28137087042,988.2000427,3.980000019,"native"
"4199","Atriplex hillmanii","Atriplex argentea var. hillmanii","ATHI",2.03e+11,2749.599945,4.46999979,"native"
"4200","Margaranthus solanaceus","Physalis solanacea","MASO4",1.69e+11,916.8000488,5.019999504,"native"
"4201","Thermopsis robusta","Thermopsis robusta","THRO4",28109578673,3758.299896,4.179999828,"native"
"4202","Oxytheca dendroidea","Oxytheca dendroidea","OXDE",4.45e+11,3173.72998,5.080000401,"native"
"4203","Epilobium rigidum","Epilobium rigidum","EPRI",27329622936,4284.919769,4.179999828,"native"
"4204","Minuartia howellii","Minuartia howellii","MIHO",27329622936,4284.919769,4.179999828,"native"
"4205","Salix delnortensis","Salix delnortensis","SADE2",27329622936,4284.919769,4.179999828,"native"
"4206","Vancouveria chrysantha","Vancouveria chrysantha","VACH2",27329622936,4284.919769,4.179999828,"native"
"4207","Iliamna bakeri","Iliamna bakeri","ILBA",1.17e+11,3759.650009,4.5,"native"
"4208","Pogogyne floribunda","Pogogyne floribunda","POFL17",97355355327,3759.650009,4.5,"native"
"4209","Frasera speciosa","Frasera speciosa","FRSP",1.55e+12,4505.009766,7.460000396,"native"
"4210","Ericameria discoidea","Ericameria discoidea","ERDI14",6.49e+11,2283.810059,5.920000315,"native"
"4211","Cirsium murdockii","Cirsium tweedyi","CIMU2",26638786665,1095.649979,3.13999939,"native"
"4212","Nama lobbii","Nama lobbii","NALO",1.16e+11,3784.910004,4.5,"native"
"4213","Pedicularis cystopteridifolia","Pedicularis cystopteridifolia","PECY5",88540221351,1914.149948,3.550000191,"native"
"4214","Proboscidea sabulosa","Proboscidea sabulosa","PRSA2",70046010540,398.2700043,3.599999905,"native"
"4215","Penstemon miser","Penstemon miser","PEMI3",93375539409,1937.560059,3.579999924,"native"
"4216","Berberis harrisoniana","Berberis harrisoniana","BEHA2",73555859407,795.0499878,5.159999847,"native"
"4217","Astragalus humillimus","Astragalus humillimus","ASHU",19545426244,1119.350021,3.300000191,"native"
"4218","Sclerocactus mesae-verdae","Sclerocactus mesae-verdae","SCME4",19545426244,1119.350021,3.300000191,"native"
"4219","Astragalus camptopus","Astragalus camptopus","ASCA10",27824978999,1242.97998,3.380000591,"native"
"4220","Ericameria obovata","Ericameria obovata","EROB3",77491886927,1458.299957,3.980000019,"native"
"4221","Dodecatheon alpinum","Primula tetrandra","DOAL",6.84e+11,4005.909912,7.460000396,"native"
"4222","Luzula subcongesta","Luzula subcongesta","LUSU7",1.2e+11,3871.26001,5.819999933,"native"
"4223","Asclepias linaria","Asclepias linaria","ASLI6",1.33e+11,860.8199768,5.159999847,"native"
"4224","Poa rhizomata","Poa rhizomata","PORH",38554997519,3785.819916,4.179999828,"native"
"4225","Arabis oregana","Arabis oregana","AROR",55499806598,4284.919769,4.679999828,"native"
"4226","Verbesina chapmanii","Verbesina chapmanii","VECH2",12645382480,290.0500488,2.720000267,"native"
"4227","Erigeron subtrinervis","Erigeron subtrinervis","ERSU2",6.38e+11,5860.950233,7.460000396,"native"
"4228","Eriogonum polyanthum","Eriogonum umbellatum var. polyanthum","ERPO16",45974181998,3651.170013,4,"native"
"4229","Campanula wilkinsiana","Campanula wilkinsiana","CAWI8",32134427095,3651.170013,4,"native"
"4230","Ribes velutinum","Ribes velutinum","RIVE",8.15e+11,3871.26001,7.460000396,"native"
"4231","Eremalche rotundifolia","Eremalche rotundifolia","ERRO8",3.05e+11,1282.420044,5.82000041,"native"
"4232","Cuscuta tuberculata","Cuscuta tuberculata","CUTU",1.09e+11,912.3300171,5.480000019,"native"
"4233","Pectocarya recurvata","Pectocarya recurvata","PERE",3.82e+11,1396.719971,5.82000041,"native"
"4234","Erigeron colomexicanus","Erigeron tracyi","ERCO28",8.06e+11,1193.289948,7.460000396,"native"
"4235","Thismia americana","Thismia americana","THAM2",2447370818,70.94000244,0.940000057,"native"
"4236","Arabis suffrutescens","Boechera suffrutescens","ARSU2",3.31e+11,3901.999893,5.819999933,"native"
"4237","Atriplex torreyi","Atriplex torreyi","ATTO",3.36e+11,1471.01001,5.080000401,"native"
"4238","Mimulus evanescens","Erythranthe inflatula","MIEV",1.08e+11,3760.730011,4.46999979,"native"
"4239","Camissonia pusilla","Camissonia pusilla","CAPU16",4.74e+11,3304.389893,5.080000401,"native"
"4240","Thermopsis macrophylla","Thermopsis macrophylla","THMA2",9690094811,3728.76001,3.78000021,"native"
"4241","Eriogonum rosense","Eriogonum rosense","ERRO",2.1e+11,2835.949951,5.920000315,"native"
"4242","Senna armata","Senna armata","SEAR8",1.95e+11,1282.420044,5.619999647,"native"
"4243","Rhus virens","Rhus virens","RHVI3",2.35e+11,841.0999756,5.069999933,"native"
"4244","Ericameria suffruticosa","Ericameria suffruticosa","ERSU13",4.95e+11,2835.949951,5.920000315,"native"
"4245","Croton pottsii","Croton pottsii","CRPO5",3.39e+11,835.1199951,5.339999676,"native"
"4246","Hexalectris nitida","Hexalectris nitida","HENI2",81271187168,827.720047,4.669999599,"native"
"4247","Camissonia cheiranthifolia","Camissoniopsis cheiranthifolia","CACH13",1.01e+11,4472.009766,4.999999523,"native"
"4248","Cryptantha grahamii","Oreocarya grahamii","CRGR4",23819889977,1073.85994,3.750000477,"native"
"4249","Sclerocactus wetlandicus","Sclerocactus wetlandicus","SCWE",23819889977,1073.85994,3.750000477,"native"
"4250","Penstemon aridus","Penstemon aridus","PEAR2",1.31e+11,1496.149948,3.56000042,"native"
"4251","Cylindropuntia acanthocarpa","Cylindropuntia acanthocarpa","CYAC8",3.07e+11,1138.519951,5.75999999,"native"
"4252","Perityle saxicola","Perityle saxicola","PESA12",36149102254,800.4999695,5.159999847,"native"
"4253","Lycium brevipes","Lycium brevipes","LYBR",1.41e+11,1237.490044,5.159999847,"native"
"4254","Encelia actonii",NA,"ENAC",2.57e+11,1662,5.080000401,"native"
"4255","Parietaria hespera","Parietaria hespera","PAHE5",4.82e+11,1437.660034,7.399999976,"native"
"4256","Tetraneuris grandiflora","Hymenoxys grandiflora","TEGR3",3.03e+11,1933.40995,7.460000396,"native"
"4257","Brickellia californica","Brickellia californica","BRCA3",1.37e+12,4505.009766,7.460000396,"native"
"4258","Lepidium davisii","Lepidium davisii","LEDA2",1.06e+11,1305.889984,4.010000229,"native"
"4259","Dithyrea maritima","Dithyrea maritima","DIMA6",30915228845,1156.700043,4.559999466,"native"
"4260","Erysimum insulare","Erysimum insulare","ERIN8",30915228845,1156.700043,4.559999466,"native"
"4261","Cordylanthus ramosus","Cordylanthus ramosus","CORA5",7.56e+11,3871.26001,5.080000401,"native"
"4262","Styrax platanifolius","Styrax platanifolius","STPL3",47885645650,668.1400146,2.180000305,"native"
"4263","Lotus salsuginosus","Acmispon maritimus","LOSA",4.14e+11,1437.660034,7.399999976,"native"
"4264","Dalea frutescens","Dalea frutescens","DAFR2",2.45e+11,827.720047,5.21999979,"native"
"4265","Castilleja flava","Castilleja flava","CAFL7",6.76e+11,1987.569916,4.960000515,"native"
"4266","Limonium californicum","Limonium californicum","LICA5",77673611396,3982.060059,4.999999523,"native"
"4267","Penstemon spatulatus","Penstemon spatulatus","PESP2",33096356395,1534.730011,3.730000019,"native"
"4268","Malvella lepidota","Malvella lepidota","MALE2",2.27e+11,852.4399719,5.480000019,"native"
"4269","Carex alma","Carex alma","CAAL7",2.94e+11,1642.889999,5.82000041,"native"
"4270","Zizania texana","Zizania texana","ZITE",1755978790,116.3200073,1.21999979,"native"
"4271","Erigeron untermannii","Erigeron untermannii","ERUN5",40611966568,1073.85994,3.819999695,"native"
"4272","Galium watsonii","Galium watsonii","GAWA",2.71e+11,4449.979767,4.679999828,"native"
"4273","Bromus grandis","Bromus grandis","BRGR4",1.5e+11,1899.540024,5.719999552,"native"
"4274","Penstemon leonardii","Penstemon leonardii","PELE9",1.33e+11,1458.299957,4.980000019,"native"
"4275","Phlox albomarginata","Phlox albomarginata","PHAL8",60350314885,1480.10997,3.319999695,"native"
"4276","Carex neurophora","Carex neurophora","CANE6",3.9e+11,5142.369965,4.550000191,"native"
"4277","Mimulus coccineus","Diplacus mephiticus","MICO",86203028771,1662,4.980000019,"native"
"4278","Chaenactis xantiana","Chaenactis xantiana","CHXA",5.51e+11,1774.089966,7.460000396,"native"
"4279","Pleuropogon oregonus","Pleuropogon oregonus","PLOR3",26354474334,1594.27002,2.840000629,"native"
"4280","Phlox multiflora","Phlox multiflora","PHMU3",5.51e+11,2331.629974,5.910000324,"native"
"4281","Phacelia integrifolia","Phacelia integrifolia","PHIN",4.91e+11,1158.360023,7.460000396,"native"
"4282","Camissonia pubens","Camissonia pubens","CAPU15",2.37e+11,2835.949951,5.080000401,"native"
"4283","Astragalus convallarius","Astragalus convallarius","ASCO12",6.33e+11,1954.669952,7.460000396,"native"
"4284","Delphinium andersonii","Delphinium andersonii","DEAN",7.75e+11,3964.260048,5.230000496,"native"
"4285","Corispermum pacificum","Corispermum pacificum","COPA37",52815639820,3411.080109,3.61000061,"native"
"4286","Cordylanthus nevinii","Cordylanthus nevinii","CONE",1.59e+11,1233.060043,5.619999647,"native"
"4287","Pellaea breweri","Hemionitis breweri","PEBR4",8.71e+11,5937.240234,5.920000315,"native"
"4288","Panicum urvilleanum","Panicum urvilleanum","PAUR",95718217814,1138.519951,5.019999504,"native"
"4289","Astragalus miguelensis","Astragalus miguelensis","ASMI6",22366616920,1156.700043,4.559999466,"native"
"4290","Deinandra clementina","Deinandra clementina","DECL",22366616920,1156.700043,4.559999466,"native"
"4291","Diplacus parviflorus","Diplacus parviflorus","DIPA10",22366616920,1156.700043,4.559999466,"native"
"4292","Eschscholzia ramosa","Eschscholzia ramosa","ESRA",22366616920,1156.700043,4.559999466,"native"
"4293","Gilia nevinii","Gilia nevinii","GINE",22366616920,1156.700043,4.559999466,"native"
"4294","Jepsonia malvifolia","Jepsonia malvifolia","JEMA",22366616920,1156.700043,4.559999466,"native"
"4295","Lavatera assurgentiflora","Malva assurgentiflora","LAAS",22366616920,1156.700043,4.559999466,"native"
"4296","Lepechinia fragrans","Lepechinia fragrans","LEFR",22366616920,1156.700043,4.559999466,"native"
"4297","Lotus dendroideus","Acmispon dendroideus","LODE2",22366616920,1156.700043,4.559999466,"native"
"4298","Malacothrix foliosa","Malacothrix foliosa","MAFO",22366616920,1156.700043,4.559999466,"native"
"4299","Quercus tomentella","Quercus tomentella","QUTO",22366616920,1156.700043,4.559999466,"native"
"4300","Agave murpheyi","Agave murpheyi","AGMU",71086356841,800.4999695,5.159999847,"native"
"4301","Echinocereus boyce-thompsonii","Echinocereus fasciculatus var. boyce-thompsonii","ECBO3",71086356841,800.4999695,5.159999847,"native"
"4302","Epilobium siskiyouense","Epilobium siskiyouense","EPSI2",35948879536,3785.819916,4,"native"
"4303","Eriogonum diclinum","Eriogonum diclinum","ERDI10",35948879536,3785.819916,4,"native"
"4304","Eucephalus glabratus","Eucephalus glabratus","EUGL18",35948879536,3785.819916,4,"native"
"4305","Mimulus pygmaeus","Diplacus pygmaeus","MIPY",1.02e+11,3894.299911,4.5,"native"
"4306","Cheilanthes eatonii","Hemionitis eatonii","CHEA",4.41e+11,1373.539955,7.259999633,"native"
"4307","Salvia roemeriana","Salvia roemeriana","SARO3",62100677926,701.0700073,2.259999752,"native"
"4308","Artemisia papposa","Artemisia papposa","ARPA16",1.44e+11,1305.889984,4.010000229,"native"
"4309","Penstemon gracilentus","Penstemon gracilentus","PEGR4",1.4e+11,3784.910004,4.5,"native"
"4310","Brickellia frutescens","Brickellia frutescens","BRFR",95977031854,795.0499878,5.159999847,"native"
"4311","Gilia inconspicua","Gilia inconspicua","GIIN2",7.4e+11,3173.72998,7.460000396,"native"
"4312","Aliciella penstemonoides",NA,"ALPE11",14193361641,1435.069962,3.520000458,"native"
"4313","Erythronium californicum","Erythronium californicum","ERCA15",59256925879,3560.279907,3.440000057,"native"
"4314","Lycium cooperi","Lycium cooperi","LYCO2",2.45e+11,1662,5.720000029,"native"
"4315","Pseudorontium cyathiferum","Pseudorontium cyathiferum","PSCY2",80566775655,799.6899872,5.159999847,"native"
"4316","Viola beckwithii","Viola beckwithii","VIBE2",3.96e+11,3871.26001,4.5,"native"
"4317","Cypripedium californicum","Cypripedium californicum","CYCA4",1.04e+11,4284.919769,4.179999828,"native"
"4318","Cistanthe monandra","Cistanthe monandra","CIMO4",4.7e+11,2004.98999,5.82000041,"native"
"4319","Eriogonum grande","Eriogonum grande","ERGR12",23519483213,1342.190033,4.559999466,"native"
"4320","Hypericum lissophloeus","Hypericum lissophloeus","HYLI4",3478890843,98.52001953,2.590000153,"native"
"4321","Astragalus curvicarpus","Astragalus curvicarpus","ASCU4",4.55e+11,3824.220009,5.080000401,"native"
"4322","Campanula scabrella","Campanula scabrella","CASC6",1.4e+11,3749.180008,4.5,"native"
"4323","Caulanthus heterophyllus","Streptanthus heterophyllus","CAHE11",1.24e+11,1489.249985,5.719999552,"native"
"4324","Astragalus shortianus","Astragalus shortianus","ASSH3",1.52e+11,1391.620041,5.150000334,"native"
"4325","Kalmiopsis leachiana","Kalmiopsis leachiana","KALE",21503838328,3814.469788,2.349999905,"native"
"4326","Silene marmorensis","Silene marmorensis","SIMA5",25503460690,3758.299896,3.059999943,"native"
"4327","Gentiana pennelliana","Gentiana autumnalis subsp. pennelliana","GEPE3",17280279022,332.9699707,2.720000267,"native"
"4328","Penstemon platyphyllus","Penstemon platyphyllus","PEPL4",38785852393,1458.299957,3.300000191,"native"
"4329","Philadelphus texensis","Philadelphus texensis","PHTE3",19961735959,386.4299927,1.800000191,"native"
"4330","Physaria condensata","Physaria condensata","PHCO16",28602634515,1125.35997,3.820000172,"native"
"4331","Lathyrus lanszwertii","Lathyrus lanszwertii","LALA3",1.35e+12,4440.310059,7.460000396,"native"
"4332","Penstemon humilis","Penstemon humilis","PEHU",9.28e+11,3824.220009,7.460000396,"native"
"4333","Eragrostis palmeri","Eragrostis palmeri","ERPA",32639166886,400.7500305,2.96999979,"native"
"4334","Navarretia rosulata","Navarretia rosulata","NARO2",3286090974,941.0499878,2.139999866,"native"
"4335","Eriogonum jamesii","Eriogonum jamesii","ERJA",8.31e+11,1454.170052,7.460000396,"native"
"4336","Mammillaria thornberi","Cochemiea thornberi","MATH",37692255063,738.9799805,4.71999979,"native"
"4337","Pellaea wrightiana","Hemionitis wrightiana","PEWR",3.06e+11,1339.949951,7.460000396,"native"
"4338","Castilleja pilosa","Castilleja pilosa","CAPI3",5.22e+11,4005.909912,5.920000315,"native"
"4339","Ageratina havanensis","Ageratina havanensis","AGHA4",50793732355,561.6599731,1.800000191,"native"
"4340","Leptosiphon rosaceus","Leptosiphon rosaceus","LERO7",6712804211,1475.409973,2.769999981,"native"
"4341","Physaria repanda","Physaria grahamii","PHRE2",34690541912,1307.680008,3.900000572,"native"
"4342","Polypodium californicum","Polypodium californicum","POCA12",1.62e+11,2816.839951,4.999999523,"native"
"4343","Mertensia campanulata","Mertensia campanulata","MECA6",60498296619,1911.029907,3.319999695,"native"
"4344","Chamaesyce trachysperma","Euphorbia trachysperma","CHTR3",67939553701,853.25,5.159999847,"native"
"4345","Viola aurea","Viola purpurea var. aurea","VIAU3",1.14e+11,2013.269882,4.559999943,"native"
"4346","Erigeron canus","Erigeron canus","ERCA4",4.45e+11,1524.049957,7.460000396,"native"
"4347","Astragalus inversus","Astragalus inversus","ASIN7",47942739078,3759.650009,4.5,"native"
"4348","Eryngium mathiasiae","Eryngium mathiasiae","ERMA10",47942739078,3759.650009,4.5,"native"
"4349","Cheilanthes clevelandii","Hemionitis clevelandii","CHCL",49970107911,1228.000046,3.340000153,"native"
"4350","Epilobium oreganum","Epilobium oreganum","EPOR",90435117242,3785.819916,4.179999828,"native"
"4351","Castilleja nana","Castilleja nana","CANA3",2.92e+11,2032.379883,5.920000315,"native"
"4352","Vitis girdiana","Vitis girdiana","VIGI2",1.49e+11,1282.420044,4.559999466,"native"
"4353","Grindelia subalpina","Grindelia subalpina","GRSU",43329407213,1517.610046,3.390000343,"native"
"4354","Lewisia cotyledon","Lewisia cotyledon","LECO5",90226149870,4284.919769,4.179999828,"native"
"4355","Phacelia glandulifera","Phacelia glandulifera","PHGL2",5.05e+11,3871.26001,5.080000401,"native"
"4356","Abronia ammophila","Abronia ammophila","ABAM3",12655929006,1009.439987,2.539999962,"native"
"4357","Calystegia longipes","Calystegia longipes","CALO12",2.85e+11,1662,7.399999976,"native"
"4358","Clarkia epilobioides","Clarkia epilobioides","CLEP",1.97e+11,1311.560043,5.159999847,"native"
"4359","Sedum laxum","Sedum laxum","SELA2",1.02e+11,4284.919769,4.179999828,"native"
"4360","Cleome lutea","Cleome foliosa var. lutea","CLLU2",1.2e+12,3411.719971,7.460000396,"native"
"4361","Astragalus debequaeus","Astragalus debequaeus","ASDE11",8621899288,978.7699432,3.430000305,"native"
"4362","Synthyris schizantha","Veronica schizantha","SYSC",16147576050,4445.01001,2.519999981,"native"
"4363","Penstemon mensarum","Penstemon mensarum","PEME2",19969332547,1451.139954,3.640000343,"native"
"4364","Arabis modesta","Arabis modesta","ARMO",37886993722,3785.819916,4,"native"
"4365","Navarretia heterodoxa","Navarretia heterodoxa","NAHE2",13026305486,1517.069977,3.760000229,"native"
"4366","Senegalia roemeriana","Senegalia roemeriana","SERO",2e+11,758.1800079,5.21999979,"native"
"4367","Mimulus cusickii","Diplacus cusickii","MICU2",1.83e+11,3193.859894,4.550000191,"native"
"4368","Agalinis acuta","Agalinis decemloba","AGAC",18695359014,382.7099609,1.920000076,"native"
"4369","Lycurus phleoides","Muhlenbergia phleoides","LYPH",3.65e+11,1266.750031,7.259999633,"native"
"4370","Astragalus vallaris","Astragalus vallaris","ASVA3",40847568104,1500.470001,3.579999924,"native"
"4371","Argyrochosma jonesii","Hemionitis jonesii","ARJO2",3.66e+11,1471.01001,7.460000396,"native"
"4372","Cryptantha leiocarpa","Cryptantha leiocarpa","CRLE4",73710404938,4409.539764,4.579999447,"native"
"4373","Eremalche exilis","Eremalche exilis","EREX3",5.05e+11,1662,5.82000041,"native"
"4374","Polygonum bolanderi","Polygonum bolanderi","POBO3",59319136624,3716.839905,4.580000162,"native"
"4375","Oxypolis greenmanii","Tiedemannia filiformis subsp. greenmannii","OXGR5",6381635033,185.0400391,2.590000153,"native"
"4376","Trillium rivale","Pseudotrillium rivale","TRRI2",44505604536,4284.919769,4.179999828,"native"
"4377","Chaenactis fremontii","Chaenactis fremontii","CHFR",5.08e+11,1662,7.460000396,"native"
"4378","Penstemon caryi","Penstemon caryi","PECA17",20458295625,879.6500092,3.230000496,"native"
"4379","Draba calcifuga","Draba oligosperma","DRCA",1.07e+11,1943.199905,3.590000153,"native"
"4380","Asclepias viridula","Asclepias viridula","ASVI9",23058514536,507.9200439,3.119999886,"native"
"4381","Perideridia parishii","Perideridia parishii","PEPA21",4.71e+11,3978.389893,7.360000014,"native"
"4382","Ipomopsis congesta","Ipomopsis congesta","IPCO5",1.36e+12,4005.909912,7.460000396,"native"
"4383","Amorpha roemeriana","Amorpha roemeriana","AMRO2",24136983771,355.3400269,1.800000191,"native"
"4384","Croton californicus","Croton californicus","CRCA5",3.28e+11,1330.670044,5.75999999,"native"
"4385","Nemacladus ramosissimus","Nemacladus ramosissimus","NERA",1.25e+11,1311.560043,5.719999552,"native"
"4386","Forestiera pubescens","Forestiera pubescens","FOPU2",8e+11,1396.719971,7.460000396,"native"
"4387","Penstemon abietinus","Penstemon abietinus","PEAB",21694600780,1303.950012,3.850000381,"native"
"4388","Cryptantha nevadensis","Cryptantha nevadensis","CRNE2",6.44e+11,1662,7.460000396,"native"
"4389","Eriogonum tenellum","Eriogonum tenellum","ERTE9",2.64e+11,1010.139969,4.839999676,"native"
"4390","Kallstroemia hirsutissima","Kallstroemia hirsutissima","KAHI",1.51e+11,982.4300537,4.92999959,"native"
"4391","Carex hirtissima","Carex hirtissima","CAHI7",44721421284,3716.839905,4.580000162,"native"
"4392","Clematis hirsutissima","Clematis hirsutissima","CLHI",9.66e+11,2144.889931,7.460000396,"native"
"4393","Hackelia patens","Hackelia patens","HAPA",5.69e+11,3474.570107,7.460000396,"native"
"4394","Astragalus puniceus","Astragalus puniceus","ASPU8",89835752150,996.6199799,4.549999952,"native"
"4395","Penstemon montanus","Penstemon montanus","PEMO4",2.59e+11,2197.959915,4.250000477,"native"
"4396","Smilax californica","Smilax californica","SMCA2",74455666053,4284.919769,4.179999828,"native"
"4397","Poa arnowiae","Poa arnowiae","POAR21",97046858869,1898.509949,4.040000439,"native"
"4398","Physaria oregona","Physaria oregona","PHOR2",77290988582,1920.82991,3.869999409,"native"
"4399","Erigeron bloomeri","Erigeron bloomeri","ERBL",6.01e+11,4457.969765,5.080000401,"native"
"4400","Campanula shetleri","Campanula shetleri","CASH3",26040163334,3651.170013,4,"native"
"4401","Sidalcea celata","Sidalcea celata","SICE3",26040163334,3651.170013,4,"native"
"4402","Penstemon glaucinus","Penstemon glaucinus","PEGL10",36470515806,1903.190063,3.36000061,"native"
"4403","Orobanche parishii","Orobanche parishii","ORPA2",1.6e+11,1282.420044,4.559999466,"native"
"4404","Hesperocyparis bakeri","Hesperocyparis bakeri","HEBA5",61884434335,3785.819916,4.5,"native"
"4405","Ceanothus divergens","Ceanothus divergens","CEDI",9273969608,1339.299988,2.679999828,"native"
"4406","Erigeron angustatus","Erigeron reductus var. angustatus","ERAN19",9273969608,1339.299988,2.679999828,"native"
"4407","Erythronium helenae","Erythronium helenae","ERHE6",9273969608,1339.299988,2.679999828,"native"
"4408","Leptosiphon jepsonii","Leptosiphon jepsonii","LEJE",9273969608,1339.299988,2.679999828,"native"
"4409","Streptanthus brachiatus","Streptanthus brachiatus","STBR4",9273969608,1339.299988,2.679999828,"native"
"4410","Streptanthus morrisonii","Streptanthus morrisonii","STMO3",9273969608,1339.299988,2.679999828,"native"
"4411","Arabis gunnisoniana","Boechera gunnisoniana","ARGU",22399909335,1453.149963,3.949999809,"native"
"4412","Buddleja racemosa","Buddleja racemosa","BURA",32875934872,731.4199829,2.400000095,"native"
"4413","Cornus sessilis","Cornus sessilis","COSE3",80840597956,3758.299896,5.319999933,"native"
"4414","Ericameria cuneata","Ericameria cuneata","ERCU7",5.6e+11,2835.949951,7.460000396,"native"
"4415","Silphium wasiotense","Silphium wasiotense","SIWA",8198504183,800.9399414,1.990000248,"native"
"4416","Pogogyne serpylloides","Pogogyne serpylloides","POSE2",85937735187,3855.819885,5.269999743,"native"
"4417","Cercocarpus montanus","Cercocarpus montanus","CEMO2",1.61e+12,4485.899765,7.460000396,"native"
"4418","Monardella purpurea","Monardella purpurea","MOPU2",71952961021,4382.439758,4.179999828,"native"
"4419","Agrostis hooveri","Agrostis hooveri","AGHO",15632588753,1007.899963,2.899999619,"native"
"4420","Arctostaphylos rudis","Arctostaphylos rudis","ARRU2",15632588753,1007.899963,2.899999619,"native"
"4421","Castilleja mollis","Castilleja mollis","CAMO8",15632588753,1007.899963,2.899999619,"native"
"4422","Calochortus simulans","Calochortus simulans","CASI7",15632588753,1007.899963,2.899999619,"native"
"4423","Chorizanthe breweri","Chorizanthe breweri","CHBR2",15632588753,1007.899963,2.899999619,"native"
"4424","Cirsium loncholepis","Cirsium scariosum var. citrinum","CILO",15632588753,1007.899963,2.899999619,"native"
"4425","Cirsium rhothophilum","Cirsium rhothophilum","CIRH",15632588753,1007.899963,2.899999619,"native"
"4426","Erigeron blochmaniae","Erigeron blochmaniae","ERBL4",15632588753,1007.899963,2.899999619,"native"
"4427","Erigeron sanctarum","Erigeron sanctarum","ERSA2",15632588753,1007.899963,2.899999619,"native"
"4428","Gilia austrooccidentalis","Gilia austrooccidentalis","GIAU2",15632588753,1007.899963,2.899999619,"native"
"4429","Monardella crispa","Monardella undulata subsp. crispa","MOCR",15632588753,1007.899963,2.899999619,"native"
"4430","Monardella frutescens","Monardella undulata subsp. undulata","MOFR3",15632588753,1007.899963,2.899999619,"native"
"4431","Scrophularia atrata","Scrophularia atrata","SCAT3",15632588753,1007.899963,2.899999619,"native"
"4432","Senecio blochmaniae","Senecio blochmaniae","SEBL",15632588753,1007.899963,2.899999619,"native"
"4433","Bothriochloa springfieldii","Bothriochloa springfieldii","BOSP3",4.68e+11,1093.809975,7.460000396,"native"
"4434","Ambrosia deltoidea","Ambrosia deltoidea","AMDE4",88122485147,845.0999756,5.159999847,"native"
"4435","Silene occidentalis","Silene occidentalis","SIOC",65828600503,2724.339951,5.819999933,"native"
"4436","Helianthella castanea","Helianthella castanea","HECA2",6398144164,1176.340027,4.110000134,"native"
"4437","Trifolium breweri","Trifolium breweri","TRBR3",92561344157,3894.299911,5.719999552,"native"
"4438","Arabis subpinnatifida","Boechera subpinnatifida","ARSU",1.22e+11,3853.289917,4.679999828,"native"
"4439","Balsamorhiza macrolepis","Balsamorhiza macrolepis","BAMA3",2.13e+11,3950.569916,5.819999933,"native"
"4440","Plagiobothrys hispidus","Plagiobothrys hispidus","PLHI3",1.83e+11,3929.519913,4.5,"native"
"4441","Helianthemum dumosum","Crocanthemum dumosum","HEDU",9964520878,312.4199219,1.920000076,"native"
"4442","Lupinus obtusilobus","Lupinus obtusilobus","LUOB",69849066628,3759.650009,4.399999619,"native"
"4443","Ranunculus acriformis","Ranunculus acriformis","RAAC2",3.57e+11,5376.420151,4.650000572,"native"
"4444","Penstemon tidestromii","Penstemon tidestromii","PETI2",35198506615,1302.190018,3.980000019,"native"
"4445","Eupatorium novae-angliae","Eupatorium novae-angliae","EUNO",3580521972,250.5100098,1.920000076,"native"
"4446","Argemone munita","Argemone munita","ARMU",8.64e+11,3978.389893,7.460000396,"native"
"4447","Quercus sadleriana","Quercus sadleriana","QUSA2",92219863511,4284.919769,4.179999828,"native"
"4448","Ranunculus triternatus","Ranunculus triternatus","RATR6",60315525153,1817.119965,4.010000229,"native"
"4449","Stillingia linearifolia","Stillingia linearifolia","STLI3",2.86e+11,1282.420044,5.75999999,"native"
"4450","Cynanchum arizonicum","Metastelma arizonicum","CYAR12",70423844304,750.4499817,5.159999847,"native"
"4451","Penstemon radicosus","Penstemon radicosus","PERA2",4.25e+11,1954.359955,4.250000477,"native"
"4452","Atriplex acanthocarpa","Atriplex acanthocarpa","ATAC",1.06e+11,914.6099396,4.579999447,"native"
"4453","Canbya candida","Canbya candida","CACA8",1.1e+11,1282.420044,4.559999466,"native"
"4454","Chorizanthe spinosa","Chorizanthe spinosa","CHSP",1.1e+11,1282.420044,4.559999466,"native"
"4455","Amaranthus watsonii","Amaranthus watsonii","AMWA",1.01e+11,1138.519951,5.159999847,"native"
"4456","Polyctenium fremontii","Polyctenium fremontii","POFR",2.75e+11,3934.910049,5.130000114,"native"
"4457","Lotus stipularis","Hosackia stipularis","LOST3",2.17e+11,4005.909912,5.719999552,"native"
"4458","Carex aboriginum","Carex aboriginum","CAAB18",7292519295,1100.859985,2.619999886,"native"
"4459","Coreopsis californica","Coreopsis californica","COCA8",2.63e+11,1282.420044,5.75999999,"native"
"4460","Carex luzulifolia","Carex luzulifolia","CALU6",1.16e+11,3871.26001,5.719999552,"native"
"4461","Cordylanthus capitatus","Cordylanthus capitatus","COCA7",2.37e+11,3525.910004,4.550000191,"native"
"4462","Eriogonum ursinum","Eriogonum ursinum","ERUR3",73118719028,3759.650009,4.399999619,"native"
"4463","Atriplex leucophylla","Atriplex leucophylla","ATLE2",86457960585,3982.060059,4.999999523,"native"
"4464","Phacelia idahoensis","Phacelia idahoensis","PHID",62944171188,1920.82991,3.949999809,"native"
"4465","Polytaenia albiflora","Polytaenia albiflora","POAL29",11973719049,355.3400269,1.460000038,"native"
"4466","Allium brandegeei","Allium brandegeei","ALBR",4.67e+11,1987.569916,4.46999979,"native"
"4467","Vancouveria planipetala","Vancouveria planipetala","VAPL",83506894632,4276.029755,3.849999905,"native"
"4468","Mentzelia argillosa","Mentzelia argillosa","MEAR5",16700006966,1048.229965,3.819999695,"native"
"4469","Asclepias macrotis","Asclepias macrotis","ASMA",1.85e+11,1085.219971,5.339999676,"native"
"4470","Cryptantha pterocarya","Cryptantha pterocarya","CRPT",1.3e+12,3411.719971,7.460000396,"native"
"4471","Cryptantha thompsonii","Oreocarya thompsonii","CRTH3",29609597813,3271.699966,3.220000267,"native"
"4472","Brandegea bigelovii","Brandegea bigelovii","BRBI",1.57e+11,1138.519951,5.159999847,"native"
"4473","Potentilla millefolia","Potentilla millefolia","POMI4",1.22e+11,3759.650009,4.5,"native"
"4474","Allium sanbornii","Allium sanbornii","ALSA",68268965138,4243.459778,4.580000162,"native"
"4475","Castela emoryi","Castela emoryi","CAEM4",1.69e+11,1138.519951,5.159999847,"native"
"4476","Astragalus paysonii","Astragalus paysonii","ASPA16",62748847446,1920.82991,3.820000172,"native"
"4477","Trifolium brandegeei","Trifolium brandegeei","TRBR2",41790522819,1387.570053,5.549999714,"native"
"4478","Calycadenia fremontii","Calycadenia fremontii","CAFR",79181094950,3785.819916,4,"native"
"4479","Poa curtifolia","Poa curtifolia","POCU2",13515765650,3271.699966,2.890000343,"native"
"4480","Rudbeckia alpicola","Rudbeckia alpicola","RUAL17",13515765650,3271.699966,2.890000343,"native"
"4481","Chorizanthe watsonii","Chorizanthe watsonii","CHWA2",7.07e+11,3173.72998,7.460000396,"native"
"4482","Erigeron elegantulus","Erigeron elegantulus","EREL4",1.57e+11,3760.730011,4.5,"native"
"4483","Arctostaphylos patula","Arctostaphylos patula","ARPA6",8.41e+11,4505.009766,7.460000396,"native"
"4484","Dithyrea californica","Dithyrea californica","DICA7",3.19e+11,1396.719971,5.75999999,"native"
"4485","Trichostema simulatum","Trichostema simulatum","TRSI",72732444250,3894.299911,4.399999619,"native"
"4486","Oxytheca perfoliata","Oxytheca perfoliata","OXPE2",4.24e+11,1774.089966,5.82000041,"native"
"4487","Crassula solieri","Crassula solieri","CRSO5",99260850799,2802.949951,5.099999905,"native"
"4488","Centrostegia thurberi","Centrostegia thurberi","CETH3",5.56e+11,1662,7.460000396,"native"
"4489","Silene kingii","Silene kingii","SIKI",66747945847,1525.789955,7.179999709,"native"
"4490","Ribes marshallii","Ribes marshallii","RIMA2",36956141881,3785.819916,3.409999847,"native"
"4491","Penstemon triflorus","Penstemon triflorus","PETR2",57159796075,593.6100159,1.829999924,"native"
"4492","Astragalus anserinus","Astragalus anserinus","ASAN7",65993939189,1457.98996,4.010000229,"native"
"4493","Angelica hendersonii","Angelica hendersonii","ANHE",75676932330,5220.97995,3.900000095,"native"
"4494","Mentzelia saxicola","Mentzelia saxicola","MESA2",24246012054,787.7299805,1.989999771,"native"
"4495","Halimolobos perplexa",NA,"HAPE2",64259009582,1920.82991,3.269999504,"native"
"4496","Rubus arenicola","Rubus flagellaris","RUAR7",14841006213,469.2299805,1.920000076,"native"
"4497","Eriogonum microthecum","Eriogonum microthecum","ERMI4",1.43e+12,3871.26001,7.460000396,"native"
"4498","Gilia latiflora","Gilia latiflora","GILA",1.3e+11,1282.420044,4.559999466,"native"
"4499","Silene seelyi","Silene seelyi","SISE2",18919824223,4271.649918,2.890000343,"native"
"4500","Penstemon rydbergii","Penstemon rydbergii","PERY",1.18e+12,4763.339844,7.460000396,"native"
"4501","Chamaesyce pediculifera","Euphorbia pediculifera","CHPE9",1.5e+11,911.1699753,5.159999847,"native"
"4502","Logfia arizonica","Logfia arizonica","LOAR12",1.23e+11,1228.000046,5.159999847,"native"
"4503","Philadelphus ernestii","Philadelphus texensis var. ernestii","PHER",11375347264,186.9199829,1.800000191,"native"
"4504","Cheilanthes horridula","Hemionitis aspera","CHHO",1.75e+11,1260.320007,2.849999428,"native"
"4505","Limnanthes gracilis","Limnanthes alba subsp. gracilis","LIGR7",54060498668,3981.739914,4.120000362,"native"
"4506","Sphaeromeria cana","Sphaeromeria cana","SPCA7",2.74e+11,1662,5.920000315,"native"
"4507","Nicolletia occidentalis","Nicolletia occidentalis","NIOC",1.29e+11,1282.420044,4.559999466,"native"
"4508","Stillingia paucidentata","Stillingia paucidentata","STPA5",1.29e+11,1282.420044,4.559999466,"native"
"4509","Grammitis nimbata","Grammitis nimbata","GRNI",1335356542,1050.109985,0.46999979,"native"
"4510","Salix gooddingii","Salix gooddingii","SAGO",1.02e+12,2835.949951,7.460000396,"native"
"4511","Ceanothus prostratus","Ceanothus prostratus","CEPR",2.79e+11,4418.65976,5.819999933,"native"
"4512","Garrya flavescens","Garrya flavescens","GAFL2",5.39e+11,2302.699951,7.399999976,"native"
"4513","Chaenactis thompsonii","Chaenactis thompsonii","CHTH",27589686547,5329.140152,2.890000343,"native"
"4514","Lomatium howellii","Lomatium howellii","LOHO",40371889571,4284.919769,4.179999828,"native"
"4515","Sidalcea elegans","Sidalcea elegans","SIEL2",40371889571,4284.919769,4.179999828,"native"
"4516","Lithospermum californicum","Lithospermum californicum","LICA11",88840247547,3785.819916,5.819999933,"native"
"4517","Mimosa aculeaticarpa","Mimosa aculeaticarpa","MIAC3",6.06e+11,1049.670052,7.399999976,"native"
"4518","Pedicularis howellii","Pedicularis howellii","PEHO",23112134527,3785.819916,4.179999828,"native"
"4519","Camissonia minor","Eremothera minor","CAMI23",5.94e+11,3126.68998,5.080000401,"native"
"4520","Eriogonum viridulum","Eriogonum viridulum","ERVI13",19988822260,1073.85994,3.13999939,"native"
"4521","Glaucocarpum suffrutescens","Hesperidanthus suffrutescens","GLSU",19988822260,1073.85994,3.13999939,"native"
"4522","Penstemon flowersii","Penstemon flowersii","PEFL8",19988822260,1073.85994,3.13999939,"native"
"4523","Penstemon goodrichii","Penstemon goodrichii","PEGO2",19988822260,1073.85994,3.13999939,"native"
"4524","Sclerocactus brevispinus","Sclerocactus brevispinus","SCBR12",19988822260,1073.85994,3.13999939,"native"
"4525","Townsendia mensana","Townsendia mensana","TOME2",19988822260,1073.85994,3.13999939,"native"
"4526","Draba streptobrachia","Draba streptobrachia","DRST5",49694856076,1618.770065,5.549999714,"native"
"4527","Arnica spathulata","Arnica spathulata","ARSP4",69901314540,4284.919769,4.179999828,"native"
"4528","Chrysothamnus humilis","Chrysothamnus humilis","CHHU2",2.55e+11,3815.920013,4.5,"native"
"4529","Helenium thurberi","Helenium thurberi","HETH",94969116468,861.3400269,5.159999847,"native"
"4530","Eucephalus elegans","Eucephalus elegans","EUEL2",5.45e+11,1987.879913,5.080000401,"native"
"4531","Carex mendocinensis","Carex mendocinensis","CAME5",1.2e+11,4284.919769,4.179999828,"native"
"4532","Mentzelia congesta","Mentzelia congesta","MECO2",4.19e+11,3871.26001,5.920000315,"native"
"4533","Castilleja arachnoidea","Castilleja arachnoidea","CAAR11",2.07e+11,3894.299911,4.679999828,"native"
"4534","Psilostrophe gnaphalioides","Psilostrophe gnaphalioides","PSGN",1.36e+11,592.0100098,2.229999542,"native"
"4535","Calochortus nuttallii","Calochortus nuttallii","CANU3",1.36e+12,2404.950104,7.460000396,"native"
"4536","Phacelia utahensis","Phacelia utahensis","PHUT",12896969186,961.5400391,3.839999676,"native"
"4537","Phacelia austromontana","Phacelia austromontana","PHAU",1.88e+11,1662,5.080000401,"native"
"4538","Poa douglasii","Poa douglasii","PODO",57188583770,3945.389893,4.019999981,"native"
"4539","Trifolium longipes","Trifolium longipes","TRLO",1.45e+12,5918.130234,7.460000396,"native"
"4540","Polygonum phytolaccifolium","Koenigia phytolaccifolia","POPH",3.45e+11,4095.579926,5.819999933,"native"
"4541","Cryptantha micromeres","Johnstonella micromeres","CRMI2",97036833195,1637.830002,5.719999552,"native"
"4542","Carex globosa","Carex globosa","CAGL7",87898059712,3945.389893,4.999999523,"native"
"4543","Astragalus umbraticus","Astragalus umbraticus","ASUM3",43663478450,3814.469788,2.449999809,"native"
"4544","Thelypodium integrifolium","Thelypodium integrifolium","THIN",1.27e+12,3173.72998,7.460000396,"native"
"4545","Aliciella pinnatifida","Aliciella pinnatifida","ALPI2",3.21e+11,1668.220062,7.460000396,"native"
"4546","Rubus rosarius","Rubus rosarius","RURO5",5128172552,774.6700439,1.400000095,"native"
"4547","Viola ocellata","Viola ocellata","VIOC",1.04e+11,4276.029755,3.849999905,"native"
"4548","Chaetopappa bellioides","Chaetopappa bellioides","CHBE3",82427650117,574.0599976,1.419999599,"native"
"4549","Monolepis pusilla","Micromonolepis pusilla","MOPU3",4.04e+11,3126.68998,5.080000401,"native"
"4550","Arabis williamsii","Boechera williamsii","ARWI",1.56e+11,1377.980026,4.020000458,"native"
"4551","Carex angustata","Carex angustata","CAAN15",3.63e+11,3931.349892,5.920000315,"native"
"4552","Navarretia sinistra","Navarretia sinistra","NASI2",2.61e+11,3895.379913,4.5,"native"
"4553","Salvia dorrii","Salvia dorrii","SADO4",9.1e+11,3871.26001,7.460000396,"native"
"4554","Thelypodium howellii","Thelypodium howellii","THHO",1.92e+11,3301.189972,4.5,"native"
"4555","Delphinium parishii","Delphinium parishii","DEPA",5.27e+11,1662,7.460000396,"native"
"4556","Sanicula laciniata","Sanicula laciniata","SALA7",75097947323,4382.439758,4.549999714,"native"
"4557","Mahonia pinnata","Berberis pinnata","MAPI2",86731631471,4472.009766,4.999999523,"native"
"4558","Dirca occidentalis","Dirca occidentalis","DIOC3",13702156067,1593.269958,4.269999981,"native"
"4559","Ivesia pityocharis","Potentilla pityocharis","IVPI2",1838170321,649.8900146,2.949999809,"native"
"4560","Eucrypta chrysanthemifolia","Eucrypta chrysanthemifolia","EUCH",4.73e+11,1471.01001,7.460000396,"native"
"4561","Cercocarpus ledifolius","Cercocarpus ledifolius","CELE3",1.35e+12,4005.909912,7.460000396,"native"
"4562","Thelypodium sagittatum","Thelypodium sagittatum","THSA2",5.07e+11,1595.750038,7.460000396,"native"
"4563","Erythronium purpurascens","Erythronium purpurascens","ERPU7",42612984463,2610.039948,4.580000162,"native"
"4564","Chamaesyce vallis-mortae","Euphorbia vallis-mortae","CHVA4",99385860159,1282.420044,4.459999561,"native"
"4565","Mentzelia eremophila","Mentzelia eremophila","MEER2",99385860159,1282.420044,4.459999561,"native"
"4566","Festuca ammobia","Festuca rubra","FEAM5",38589369316,3746.269775,2.800000191,"native"
"4567","Spartina foliosa","Sporobolus foliosus","SPFO",38676779480,3838.26001,4.019999981,"native"
"4568","Eriophyllum stoechadifolium","Eriophyllum stoechadifolium","ERST9",80327622817,4409.539764,4.999999523,"native"
"4569","Lupinus angustiflorus","Lupinus angustiflorus","LUAN3",78721525363,3794.87001,4.5,"native"
"4570","Erigeron breweri","Erigeron breweri","ERBR4",4.23e+11,4505.009766,5.920000315,"native"
"4571","Eriogonum baileyi","Eriogonum baileyi","ERBA7",6.35e+11,3871.26001,5.080000401,"native"
"4572","Juncus mexicanus","Juncus balticus subsp. mexicanus","JUME4",7.49e+11,3871.26001,7.460000396,"native"
"4573","Grayia spinosa","Grayia spinosa","GRSP",1.2e+12,3411.719971,7.460000396,"native"
"4574","Bromus maritimus","Bromus maritimus","BRMA5",84347109077,4409.539764,4.579999447,"native"
"4575","Wislizenia refracta","Cleomella refracta","WIRE",6.08e+11,1662,7.460000396,"native"
"4576","Koeberlinia spinosa","Koeberlinia spinosa","KOSP",3.35e+11,947.9799728,5.480000019,"native"
"4577","Mimulus parishii","Erythranthe nasuta","MIPA3",1.99e+11,1396.719971,5.080000401,"native"
"4578","Datura discolor","Datura discolor","DADI2",1.77e+11,911.1699753,5.159999847,"native"
"4579","Erigeron piscaticus","Erigeron piscaticus","ERPI9",35798686829,852.4399719,5.159999847,"native"
"4580","Justicia californica","Justicia californica","JUCA8",1.62e+11,809.179985,5.75999999,"native"
"4581","Collomia debilis","Collomia debilis","CODE",2.9e+11,4384.970062,4.46999979,"native"
"4582","Odontostomum hartwegii","Odontostomum hartwegii","ODHA",54536909724,2574.399963,4.580000162,"native"
"4583","Pyrrocoma lucida","Pyrrocoma lucida","PYLU",10718009340,2610.039948,2.829999924,"native"
"4584","Cheilanthes covillei","Hemionitis covillei","CHCO4",5.34e+11,2835.949951,7.460000396,"native"
"4585","Arnica viscosa","Arnica viscosa","ARVI6",64989733213,3841.82991,4,"native"
"4586","Clarkia arcuata","Clarkia arcuata","CLAR",33240636017,2566.009949,4.580000162,"native"
"4587","Pyrrocoma hirta","Pyrrocoma hirta","PYHI",3.56e+11,3941.579926,4.46999979,"native"
"4588","Eriogonum wrightii","Eriogonum wrightii","ERWR",8.27e+11,2835.949951,7.399999976,"native"
"4589","Horkelia daucifolia","Horkelia daucifolia","HODA",68756978163,3785.819916,4,"native"
"4590","Carex sheldonii","Carex sheldonii","CASH",2.23e+11,2780.609955,4.550000191,"native"
"4591","Loeseliastrum matthewsii","Loeseliastrum matthewsii","LOMA10",2.49e+11,1662,5.080000401,"native"
"4592","Achnatherum stillmanii","Barkworthia stillmanii","ACST7",61357103436,3651.170013,4,"native"
"4593","Plagiobothrys collinus","Plagiobothrys collinus","PLCO13",2.17e+11,1418.550034,5.159999847,"native"
"4594","Ligusticum filicinum","Ligusticum filicinum","LIFI",2.37e+11,1987.879913,4.650000572,"native"
"4595","Artemisia pycnocephala","Artemisia pycnocephala","ARPY3",47555160925,4276.029755,3.690000057,"native"
"4596","Ericameria greenei","Ericameria greenei","ERGR16",3.56e+11,4394.479767,4.679999828,"native"
"4597","Silene scaposa","Silene scaposa","SISC",2.82e+11,2986.830116,5.080000401,"native"
"4598","Lomatium peckianum","Lomatium peckianum","LOPE3",52732449066,3718.640015,3.36000061,"native"
"4599","Juncus bryoides","Juncus bryoides","JUBR5",3.99e+11,2835.949951,7.460000396,"native"
"4600","Mitella diversifolia","Mitella diversifolia","MIDI4",94904320272,3835.499908,4.179999828,"native"
"4601","Crataegus spatiosa","Crataegus spatiosa","CRSP5",6943097707,200.3299561,1.700000286,"native"
"4602","Linanthus bigelovii","Linanthus bigelovii","LIBI2",5.72e+11,1662,7.460000396,"native"
"4603","Fritillaria atropurpurea","Fritillaria atropurpurea","FRAT",1.54e+12,4005.909912,7.460000396,"native"
"4604","Trifolium macraei","Trifolium macraei","TRMA2",1.21e+11,4472.009766,4.999999523,"native"
"4605","Trifolium productum","Trifolium productum","TRPR4",1.91e+11,3794.87001,5.819999933,"native"
"4606","Cymopterus panamintensis","Cymopterus panamintensis","CYPA",1.18e+11,1282.420044,4.459999561,"native"
"4607","Hastingsia alba","Hastingsia alba","HAAL2",1.01e+11,4284.919769,4.179999828,"native"
"4608","Erigeron vagus","Erigeron vagus","ERVA3",2.42e+11,1746.890015,7.460000396,"native"
"4609","Salvia sonomensis","Salvia sonomensis","SASO",1.11e+11,3838.26001,5.319999933,"native"
"4610","Liatris gholsonii","Liatris gholsonii","LIGH",3501293528,230.9000244,1.860000134,"native"
"4611","Taxus floridana","Taxus floridana","TAFL",3501293528,230.9000244,1.860000134,"native"
"4612","Carex exserta","Carex filifolia var. erostrata","CAEX4",2.16e+11,2835.949951,5.819999933,"native"
"4613","Thymophylla aurea","Thymophylla aurea","THAU4",1.32e+11,995.1699829,4.71999979,"native"
"4614","Chamaesyce pergamena","Euphorbia pergamena","CHPE14",7716459445,566.9699707,2.21999979,"native"
"4615","Maxillaria crassifolia","Maxillaria crassifolia","MACR2",7716459445,566.9699707,2.21999979,"native"
"4616","Physaria integrifolia","Physaria integrifolia","PHIN19",40169815121,1872.219955,3.820000172,"native"
"4617","Dalea pogonathera","Dalea pogonathera","DAPO",4.16e+11,989.6899414,5.480000019,"native"
"4618","Arctostaphylos glutinosa","Arctostaphylos glutinosa","ARGL5",1152866293,1013.100037,1.590000153,"native"
"4619","Arctostaphylos ohloneana","Arctostaphylos ohloneana","AROH2",1152866293,1013.100037,1.590000153,"native"
"4620","Arctostaphylos silvicola","Arctostaphylos silvicola","ARSI",1152866293,1013.100037,1.590000153,"native"
"4621","Erysimum teretifolium","Erysimum teretifolium","ERTE14",1152866293,1013.100037,1.590000153,"native"
"4622","Polygonum hickmanii","Polygonum hickmanii","POHI14",1152866293,1013.100037,1.590000153,"native"
"4623","Malacothrix clevelandii","Malacothrix clevelandii","MACL2",4.22e+11,3959.279892,7.399999976,"native"
"4624","Clematis columbiana","Clematis columbiana","CLCO2",9.34e+11,3335.42997,7.460000396,"native"
"4625","Astragalus peckii","Astragalus peckii","ASPE4",30922488317,3140.309891,3.029999733,"native"
"4626","Cuscuta denticulata","Cuscuta denticulata","CUDE2",3.92e+11,2042.909912,7.460000396,"native"
"4627","Carex senta","Carex senta","CASE",3.36e+11,2816.839951,7.399999976,"native"
"4628","Cryptantha hispidula","Cryptantha hispidula","CRHI",48622372500,2587.749939,4.830000162,"native"
"4629","Carex abrupta","Carex abrupta","CAAB2",3.45e+11,3978.389893,5.819999933,"native"
"4630","Agrostis densiflora","Agrostis densiflora","AGDE7",52599682312,4382.439758,4.129999638,"native"
"4631","Bouteloua trifida","Bouteloua trifida","BOTR2",6.37e+11,1282.420044,7.460000396,"native"
"4632","Melica stricta","Melica stricta","MEST",6.2e+11,3978.389893,5.920000315,"native"
"4633","Thelypodium brachycarpum","Thelypodium brachycarpum","THBR",97291772090,3759.650009,4.399999619,"native"
"4634","Lesquerella utahensis","Physaria kingii subsp. utahensis","LEUT",36798556246,1307.680008,3.300000191,"native"
"4635","Cryptantha scoparia","Cryptantha scoparia","CRSC2",3.69e+11,3173.72998,5.080000401,"native"
"4636","Carex californica","Carex californica","CACA9",99667082222,5112.159973,3.78000021,"native"
"4637","Machaeranthera carnosa","Leucosyris carnosa","MACA17",3.68e+11,1662,7.460000396,"native"
"4638","Achnatherum latiglume","Eriocoma latiglumis","ACLA8",70202057987,1642.889999,5.719999552,"native"
"4639","Juncus luciensis","Juncus luciensis","JULU2",95587554278,2811.779953,4.5,"native"
"4640","Chlorocrambe hastata","Chlorocrambe hastata","CHHA",43148563334,1691.860016,3.260000229,"native"
"4641","Pinus attenuata","Pinus attenuata","PIAT",2.87e+11,4485.899765,5.819999933,"native"
"4642","Poa chambersii","Poa chambersii","POCH10",38049626807,3193.859894,4.000000477,"native"
"4643","Eleocharis bolanderi","Eleocharis bolanderi","ELBO",2.95e+11,3249.049896,7.360000014,"native"
"4644","Eriastrum wilcoxii","Eriastrum wilcoxii","ERWI",6.96e+11,3871.26001,5.080000401,"native"
"4645","Poa unilateralis","Poa unilateralis","POUN",46715947520,4276.029755,3.900000095,"native"
"4646","Allium bolanderi","Allium bolanderi","ALBO",1.03e+11,4284.919769,4.179999828,"native"
"4647","Trifolium haydenii","Trifolium haydenii","TRHA",1.01e+11,1543.080032,3.56000042,"native"
"4648","Oenothera deltoides","Oenothera deltoides","OEDE2",7.25e+11,3871.26001,5.920000315,"native"
"4649","Malvella sagittifolia","Malvella sagittifolia","MASA3",2.32e+11,1135.840027,5.75999999,"native"
"4650","Cryptantha circumscissa","Greeneocharis circumscissa","CRCI2",1.11e+12,3411.719971,7.460000396,"native"
"4651","Cryptantha propria","Oreocarya propria","CRPR3",1.44e+11,1521.339996,4.240000248,"native"
"4652","Nama densum","Nama densa","NADE2",6.44e+11,3871.26001,7.460000396,"native"
"4653","Plagiobothrys arizonicus","Plagiobothrys arizonicus","PLAR",5.82e+11,2835.949951,7.460000396,"native"
"4654","Limonium limbatum","Limonium limbatum","LILI4",1.33e+11,784.7200165,5.339999676,"native"
"4655","Astragalus cusickii","Astragalus cusickii","ASCU5",1.14e+11,1924.659912,3.579999924,"native"
"4656","Asclepias albicans","Asclepias albicans","ASAL",1.56e+11,1138.519951,5.159999847,"native"
"4657","Poa pringlei","Poa pringlei","POPR2",1.45e+11,3871.26001,5.819999933,"native"
"4658","Astragalus mulfordiae","Astragalus mulfordiae","ASMU",53011018385,1043.170044,3.109999657,"native"
"4659","Astragalus californicus","Astragalus californicus","ASCA7",33248761241,3651.170013,4,"native"
"4660","Salix orestera","Salix orestera","SAOR",3.55e+11,3871.26001,5.920000315,"native"
"4661","Epilobium pallidum","Epilobium pallidum","EPPA7",1.27e+11,3894.299911,4.5,"native"
"4662","Lonicera albiflora","Lonicera albiflora","LOAL",2.9e+11,1035.219971,7.259999633,"native"
"4663","Lygodesmia dianthopsis","Lygodesmia grandiflora var. dianthopsis","LYDI4",3.59e+11,1471.669952,7.460000396,"native"
"4664","Mimulus suksdorfii","Erythranthe suksdorfii","MISU2",1.05e+12,3871.26001,7.460000396,"native"
"4665","Allium parvum","Allium parvum","ALPA3",4.94e+11,4457.969765,5.080000401,"native"
"4666","Balsamorhiza hookeri","Balsamorhiza hookeri","BAHO",7.28e+11,3958.869911,5.82000041,"native"
"4667","Arabis aculeolata","Arabis aculeolata","ARAC4",47580487478,4284.919769,4.179999828,"native"
"4668","Arabis koehleri","Boechera koehleri","ARKO",47580487478,4284.919769,4.179999828,"native"
"4669","Physaria brassicoides","Physaria brassicoides","PHBR5",1.06e+11,576.4300232,2.519999504,"native"
"4670","Wyethia mollis","Wyethia mollis","WYMO",2.52e+11,3824.220009,5.920000315,"native"
"4671","Stephanomeria lactucina","Stephanomeria lactucina","STLA",1.92e+11,3794.87001,5.819999933,"native"
"4672","Gymnosperma glutinosum","Gymnosperma glutinosum","GYGL",3.71e+11,912.3300171,5.480000019,"native"
"4673","Sairocarpus breweri","Sairocarpus vexillocalyculatus subsp. breweri","SABR12",1.4e+11,4393.399765,5.719999552,"native"
"4674","Crepis pleurocarpa","Crepis pleurocarpa","CRPL",1.74e+11,4362.689758,4.450000286,"native"
"4675","Navarretia prostrata","Navarretia prostrata","NAPR2",1.1e+11,1311.560043,5.719999552,"native"
"4676","Boschniakia strobilacea","Kopsiopsis strobilacea","BOST2",2.42e+11,4485.899765,4.579999447,"native"
"4677","Panicum alatum","Panicum alatum","PAAL30",39792120335,808.6499939,5.159999847,"native"
"4678","Erigeron arenarioides","Erigeron arenarioides","ERAR20",50618401192,1458.299957,3.300000191,"native"
"4679","Hoita strobilina","Hoita strobilina","HOST3",8263593830,1189.460022,4.269999981,"native"
"4680","Neoparrya lithophila","Neoparrya lithophila","NELI2",26352540743,1259.699966,3.639999866,"native"
"4681","Chamaesaracha coronopus","Chamaesaracha coronopus","CHCO2",7.62e+11,1215.540024,7.460000396,"native"
"4682","Eriogonum alatum","Eriogonum alatum","ERAL4",8.94e+11,1381.589973,7.460000396,"native"
"4683","Jacquinia keyensis","Jacquinia keyensis","JAKE",9489187831,613.6099854,3.869999886,"native"
"4684","Collinsia callosa","Collinsia callosa","COCA3",2e+11,1396.719971,5.080000401,"native"
"4685","Epilobium obcordatum","Epilobium obcordatum","EPOB",3.58e+11,3871.26001,5.920000315,"native"
"4686","Salix eastwoodiae","Salix eastwoodiae","SAEA",4.28e+11,3978.389893,5.920000315,"native"
"4687","Chamaesyce gracillima","Euphorbia gracillima","CHGR17",61518204590,750.4499817,5.159999847,"native"
"4688","Croton sonorae","Croton sonorae","CRSO",61518204590,750.4499817,5.159999847,"native"
"4689","Gutierrezia arizonica","Gutierrezia arizonica","GUAR",61518204590,750.4499817,5.159999847,"native"
"4690","Hibiscus biseptus","Hibiscus biseptus","HIBI",61518204590,750.4499817,5.159999847,"native"
"4691","Malvastrum bicuspidatum","Malvastrum bicuspidatum","MABI2",61518204590,750.4499817,5.159999847,"native"
"4692","Stenocereus thurberi","Stenocereus thurberi","STTH3",61518204590,750.4499817,5.159999847,"native"
"4693","Tumamoca macdougalii","Ibervillea macdougalii","TUMA",61518204590,750.4499817,5.159999847,"native"
"4694","Trifolium monanthum","Trifolium monanthum","TRMO2",5.04e+11,3978.389893,5.920000315,"native"
"4695","Lupinus ornatus","Lupinus ornatus","LUOR2",36286047275,2820.999908,3.260000229,"native"
"4696","Hastingsia serpentinicola","Hastingsia serpentinicola","HASE3",20506016544,3785.819916,3.059999943,"native"
"4697","Viola hallii","Viola hallii","VIHA",1.48e+11,4394.479767,4.450000286,"native"
"4698","Calochortus striatus","Calochortus striatus","CAST2",1.64e+11,1377.60997,5.080000401,"native"
"4699","Phacelia malvifolia","Phacelia malvifolia","PHMA2",52960530897,4382.439758,4.129999638,"native"
"4700","Penstemon payettensis","Penstemon payettensis","PEPA29",1.37e+11,1924.659912,4.11000061,"native"
"4701","Erigeron goodrichii","Erigeron goodrichii","ERGO3",31828144607,1307.680008,3.300000191,"native"
"4702","Arceuthobium monticola","Arceuthobium monticola","ARMO13",18868051243,3651.170013,4.179999828,"native"
"4703","Eriogonum hirtellum","Eriogonum hirtellum","ERHI7",18868051243,3651.170013,4.179999828,"native"
"4704","Carex subnigricans","Carex subnigricans","CASU7",3.4e+11,1918.650024,5.920000315,"native"
"4705","Carex biltmoreana","Carex biltmoreana","CABI9",1962838443,1157.480103,0.569999695,"native"
"4706","Draba aureola","Draba aureola","DRAU2",69279316750,3707.180008,4,"native"
"4707","Arctostaphylos confertiflora","Arctostaphylos confertiflora","ARCO13",7083976828,987.9699707,2.550000191,"native"
"4708","Arctostaphylos insularis","Arctostaphylos insularis","ARIN2",7083976828,987.9699707,2.550000191,"native"
"4709","Arctostaphylos purissima","Arctostaphylos purissima","ARPU10",7083976828,987.9699707,2.550000191,"native"
"4710","Arctostaphylos refugioensis","Arctostaphylos refugioensis","ARRE5",7083976828,987.9699707,2.550000191,"native"
"4711","Arctostaphylos viridissima","Arctostaphylos viridissima","ARVI7",7083976828,987.9699707,2.550000191,"native"
"4712","Chorizanthe wheeleri","Chorizanthe wheeleri","CHWH2",7083976828,987.9699707,2.550000191,"native"
"4713","Dendromecon harfordii","Dendromecon harfordii","DEHA3",7083976828,987.9699707,2.550000191,"native"
"4714","Diplacus lompocensis","Diplacus lompocensis","DILO5",7083976828,987.9699707,2.550000191,"native"
"4715","Dudleya candelabrum","Dudleya candelabrum","DUCA2",7083976828,987.9699707,2.550000191,"native"
"4716","Dudleya gnoma","Dudleya gnoma","DUGN",7083976828,987.9699707,2.550000191,"native"
"4717","Dudleya nesiotica","Dudleya nesiotica","DUNE",7083976828,987.9699707,2.550000191,"native"
"4718","Dudleya traskiae","Dudleya traskiae","DUTR",7083976828,987.9699707,2.550000191,"native"
"4719","Eriodictyon capitatum","Eriodictyon capitatum","ERCA7",7083976828,987.9699707,2.550000191,"native"
"4720","Galium buxifolium","Galium buxifolium","GABU",7083976828,987.9699707,2.550000191,"native"
"4721","Malacothrix indecora","Malacothrix indecora","MAIN2",7083976828,987.9699707,2.550000191,"native"
"4722","Mimulus brandegeei","Diplacus brandegeei","MIBR2",7083976828,987.9699707,2.550000191,"native"
"4723","Mimulus latifolius","Diplacus brandegeei","MILA9",7083976828,987.9699707,2.550000191,"native"
"4724","Ribes thacherianum","Ribes thacherianum","RITH",7083976828,987.9699707,2.550000191,"native"
"4725","Salvia brandegeei","Salvia brandegeei","SABR3",7083976828,987.9699707,2.550000191,"native"
"4726","Solanum clokeyi","Solanum umbelliferum var. clokeyi","SOCL",7083976828,987.9699707,2.550000191,"native"
"4727","Thysanocarpus conchuliferus","Thysanocarpus conchuliferus","THCO9",7083976828,987.9699707,2.550000191,"native"
"4728","Mertensia ciliata","Mertensia ciliata","MECI3",1.21e+12,3257.349892,7.460000396,"native"
"4729","Arabis puberula","Boechera puberula","ARPU",6.48e+11,3871.26001,5.080000401,"native"
"4730","Astragalus aridus","Astragalus aridus","ASAR5",81032480035,1282.420044,5.019999504,"native"
"4731","Hoffmannseggia microphylla","Hoffmannseggia microphylla","HOMI5",81032480035,1282.420044,5.019999504,"native"
"4732","Schoenocaulon texanum","Schoenocaulon texanum","SCTE2",1.44e+11,766.210022,3.009999752,"native"
"4733","Clintonia andrewsiana","Clintonia andrewsiana","CLAN2",44037848773,4276.029755,3.849999905,"native"
"4734","Hesperevax sparsiflora","Hesperevax sparsiflora","HESP9",99053488919,4472.009766,4.549999714,"native"
"4735","Cryptantha gypsophila","Oreocarya revealii","CRGY",17758528966,1096.010025,3.56000042,"native"
"4736","Synthyris pinnatifida","Veronica paysonii","SYPI",1.96e+11,5882.210236,4.110000134,"native"
"4737","Astragalus insularis","Astragalus insularis","ASIN6",75831625825,809.179985,5.010000229,"native"
"4738","Oxytheca caryophylloides","Sidotheca caryophylloides","OXCA3",98397520158,1377.60997,4.559999466,"native"
"4739","Collomia tinctoria","Collomia tinctoria","COTI2",6.12e+11,4457.969765,5.080000401,"native"
"4740","Ludwigia ravenii","Ludwigia ravenii","LURA",1566375291,47.82006836,2.150000095,"native"
"4741","Veratrum insolitum","Veratrum insolitum","VEIN",1.28e+11,4394.479767,4.450000286,"native"
"4742","Symphyotrichum defoliatum","Symphyotrichum defoliatum","SYDE",1.24e+11,1134.089951,4.559999466,"native"
"4743","Achnatherum nevadense","Eriocoma nevadensis","ACNE10",3.88e+11,2356.389893,5.920000315,"native"
"4744","Eriogonum latifolium","Eriogonum latifolium","ERLA5",53827290932,4382.439758,4.549999714,"native"
"4745","Lomatium donnellii","Lomatium donnellii","LODO2",2.45e+11,2759.559952,4.5,"native"
"4746","Pholisma arenarium","Pholisma arenarium","PHAR5",1.4e+11,1134.089951,5.019999504,"native"
"4747","Cryptantha interrupta","Oreocarya interrupta","CRIN9",3.91e+11,3958.869911,5.080000401,"native"
"4748","Nassella lepida","Nassella lepida","NALE2",2e+11,3959.279892,5.719999552,"native"
"4749","Phacelia davidsonii","Phacelia davidsonii","PHDA3",1.61e+11,1330.670044,4.559999466,"native"
"4750","Triodanis coloradoensis","Triodanis coloradoensis","TRCO5",65197666169,610.8600159,2.230000019,"native"
"4751","Ceanothus foliosus","Ceanothus foliosus","CEFO",52399490155,3855.819885,3.949999809,"native"
"4752","Thelypodium repandum","Thelypodium repandum","THRE2",53837794447,1921.179916,3.319999695,"native"
"4753","Hoffmannseggia drepanocarpa","Hoffmannseggia drepanocarpa","HODR",4.8e+11,977.6300125,7.259999633,"native"
"4754","Ceanothus jepsonii","Ceanothus jepsonii","CEJE",42322923657,2511.549957,3.670000076,"native"
"4755","Lupinus evermannii","Lupinus evermannii","LUEV",20588601317,1240.849976,3.319999695,"native"
"4756","Ivesia tweedyi","Potentilla tweedyi","IVTW",66754945907,3283.149963,3.319999695,"native"
"4757","Camissonia ovata","Camissonia ovata","CAOV4",87849086748,4382.439758,4.549999714,"native"
"4758","Camissonia bistorta","Camissoniopsis bistorta","CABI12",1.38e+11,1233.060043,4.559999466,"native"
"4759","Trifolium eriocephalum","Trifolium eriocephalum","TRER2",6.15e+11,4457.969765,5.230000496,"native"
"4760","Chamaesyce albomarginata","Euphorbia albomarginata","CHAL11",1.02e+12,1282.420044,7.460000396,"native"
"4761","Chorizanthe valida","Chorizanthe valida","CHVA",5429467895,1319.099976,2.199999809,"native"
"4762","Delphinium bakeri","Delphinium bakeri","DEBA",5429467895,1319.099976,2.199999809,"native"
"4763","Delphinium luteum","Delphinium luteum","DELU",5429467895,1319.099976,2.199999809,"native"
"4764","Tauschia stricklandii","Tauschia stricklandii","TAST",5436162476,2728.980042,1.539999962,"native"
"4765","Hulsea vestita","Hulsea vestita","HUVE",2.21e+11,1662,5.920000315,"native"
"4766","Erythronium multiscapoideum","Erythronium multiscapideum","ERMU7",48213515130,2610.039948,4.580000162,"native"
"4767","Lomatium hendersonii","Lomatium hendersonii","LOHE2",2.02e+11,2749.599945,4.46999979,"native"
"4768","Sporobolus giganteus","Sporobolus giganteus","SPGI",6.7e+11,1354.510017,7.460000396,"native"
"4769","Physaria bellii","Physaria bellii","PHBE2",10583799780,893.1299744,2.840000153,"native"
"4770","Lessingia arachnoidea","Lessingia arachnoidea","LEAR33",6396318035,1475.409973,3.200000286,"native"
"4771","Phoradendron densum","Phoradendron densum","PHDE14",3.78e+11,3871.26001,5.159999847,"native"
"4772","Populus fremontii","Populus fremontii","POFR2",1.08e+12,3978.389893,7.460000396,"native"
"4773","Funastrum cynanchoides","Funastrum cynanchoides","FUCY",6.57e+11,1470.07,7.460000396,"native"
"4774","Poa sierrae","Poa sierrae","POSI6",31177272222,2574.399963,3.260000229,"native"
"4775","Colubrina californica","Colubrina californica","COCA18",1.48e+11,809.179985,5.159999847,"native"
"4776","Lycium macrodon","Lycium macrodon","LYMA",75799332420,795.0499878,5.159999847,"native"
"4777","Ericameria palmeri","Ericameria palmeri","ERPA15",1.36e+11,1233.060043,4.559999466,"native"
"4778","Ligusticum californicum","Ligusticum californicum","LICA",91167140262,3785.819916,4.179999828,"native"
"4779","Linanthus dianthiflorus","Linanthus dianthiflorus","LIDI",1.22e+11,1134.089951,4.559999466,"native"
"4780","Erigeron biolettii","Erigeron biolettii","ERBI7",27818863792,3651.049896,2.900000095,"native"
"4781","Phalaris californica","Phalaris californica","PHCA4",75039841631,4382.439758,4.549999714,"native"
"4782","Lomatium cusickii","Lomatium cusickii","LOCU",1.43e+11,2177.289917,3.980000019,"native"
"4783","Ephedra pedunculata","Ephedra pedunculata","EPPE",46556537190,526.8699951,1.829999924,"native"
"4784","Calochortus monophyllus","Calochortus monophyllus","CAMO3",79207661412,2615.859955,5.259999514,"native"
"4785","Mimulus primuloides","Erythranthe primuloides","MIPR",8.85e+11,5469.160156,7.460000396,"native"
"4786","Aralia californica","Aralia californica","ARCA2",2.51e+11,4485.899765,4.999999523,"native"
"4787","Dudleya farinosa","Dudleya farinosa","DUFA",79232529034,4362.509766,4.630000114,"native"
"4788","Agoseris apargioides","Agoseris apargioides","AGAP2",1.2e+11,5327.389954,4.579999924,"native"
"4789","Lesquerella hemiphysaria","Physaria hemiphysaria","LEHE3",55952557435,1402.139954,3.870000362,"native"
"4790","Phlox opalensis","Phlox opalensis","PHOP2",7196817680,815.8599854,2.960000038,"native"
"4791","Ranunculus jovis","Ranunculus digitatus","RAJO",1.54e+11,1909.989944,4.150000095,"native"
"4792","Muhlenbergia rigens","Muhlenbergia rigens","MURI2",6.27e+11,2816.839951,7.399999976,"native"
"4793","Carex multicostata","Carex multicostata","CAMU6",6.64e+11,4015.060059,5.819999933,"native"
"4794","Pseudostellaria sierrae","Pseudostellaria sierrae","PSSI5",26480303201,2574.399963,4.580000162,"native"
"4795","Cymopterus longipes","Cymopterus longipes","CYLO",1.92e+11,1954.669952,4.040000439,"native"
"4796","Lupinus purpurascens","Lupinus purpurascens","LUPU6",16179020387,2382.199951,2.820000172,"native"
"4797","Besseya ritteriana","Veronica ritteriana","BERI",32328765400,1474.84996,5.320000172,"native"
"4798","Atriplex californica","Atriplex californica","ATCA",62144058484,1808.469971,4.559999466,"native"
"4799","Verbena menthifolia","Verbena menthifolia","VEME",99337248432,763.989975,5.480000019,"native"
"4800","Navarretia subuligera","Navarretia subuligera","NASU",59904999113,3643.240021,4.679999828,"native"
"4801","Ceanothus thyrsiflorus","Ceanothus thyrsiflorus","CETH",1.19e+11,4409.539764,4.999999523,"native"
"4802","Gaillardia pinnatifida","Gaillardia pinnatifida","GAPI",9.52e+11,1355.589996,7.460000396,"native"
"4803","Ribes speciosum","Ribes speciosum","RISP",76287185908,1306.500046,4.559999466,"native"
"4804","Lupinus eximius","Lupinus arboreus var. eximius","LUEX2",5243451742,1475.409973,2.769999981,"native"
"4805","Sidalcea sparsifolia","Sidalcea sparsifolia","SISP7",1.33e+11,1233.060043,4.559999466,"native"
"4806","Lupinus excubitus","Lupinus excubitus","LUEX",2.64e+11,1519.359985,5.920000315,"native"
"4807","Mimulus cleistogamus","Diplacus douglasii","MICL",3596590995,487.1600189,2.019999981,"native"
"4808","Sidalcea malachroides","Sidalcea malachroides","SIMA",42224431320,4276.029755,3.849999905,"native"
"4809","Cryptantha similis","Greeneocharis similis","CRSI4",94428672896,1134.089951,4.559999466,"native"
"4810","Pseudognaphalium ramosissimum","Pseudognaphalium ramosissimum","PSRA5",87796469719,3945.389893,4.999999523,"native"
"4811","Sida tragiifolia","Sida tragiifolia","SITR",71348491945,840.9699707,4.579999447,"native"
"4812","Penstemon pumilus","Penstemon pumilus","PEPU12",39760159263,1280.310043,3.319999695,"native"
"4813","Keckiella rothrockii","Keckiella rothrockii","KERO",1.73e+11,1662,5.080000401,"native"
"4814","Manilkara jaimiqui","Manilkara jaimiqui","MAJA2",12634205882,613.6099854,3.869999886,"native"
"4815","Passiflora pallens","Passiflora pallens","PAPA14",12634205882,613.6099854,3.869999886,"native"
"4816","Thelypteris augescens","Thelypteris augescens","THAU",12634205882,613.6099854,3.869999886,"native"
"4817","Tripsacum floridanum","Tripsacum dactyloides","TRFL4",12634205882,613.6099854,3.869999886,"native"
"4818","Carex multicaulis","Carex multicaulis","CAMU5",4.44e+11,4485.899765,5.920000315,"native"
"4819","Delphinium stachydeum","Delphinium stachydeum","DEST",2.63e+11,4707.999847,4.46999979,"native"
"4820","Callitriche longipedunculata","Callitriche longipedunculata","CALO2",26303130201,2811.779953,4.390000343,"native"
"4821","Caulanthus amplexicaulis","Streptanthus amplexicaulis","CAAM11",1.27e+11,1233.060043,4.559999466,"native"
"4822","Pseudotsuga macrocarpa","Pseudotsuga macrocarpa","PSMA",1.27e+11,1233.060043,4.559999466,"native"
"4823","Carex integra","Carex integra","CAIN10",2.68e+11,3959.279892,5.819999933,"native"
"4824","Lewisia kelloggii","Lewisia kelloggii","LEKE",73081412539,2715.569946,5.24000001,"native"
"4825","Camassia howellii","Camassia howellii","CAHO12",11452681191,3580.799927,1.579999924,"native"
"4826","Fritillaria gentneri","Fritillaria gentneri","FRGE",11452681191,3580.799927,1.579999924,"native"
"4827","Lomatium cookii","Lomatium cookii","LOCO8",11452681191,3580.799927,1.579999924,"native"
"4828","Garrya elliptica","Garrya elliptica","GAEL",1.06e+11,4382.439758,4.549999714,"native"
"4829","Crepis acuminata","Crepis acuminata","CRAC2",1.64e+12,4015.060059,7.460000396,"native"
"4830","Orthocarpus tolmiei","Orthocarpus tolmiei","ORTO",1.55e+11,1954.669952,4.150000095,"native"
"4831","Paeonia brownii","Paeonia brownii","PABR",6.66e+11,3958.869911,5.920000315,"native"
"4832","Castilleja applegatei","Castilleja applegatei","CAAP4",1.25e+12,4505.009766,5.920000315,"native"
"4833","Petalonyx linearis","Petalonyx linearis","PELI5",78458768452,809.179985,5.010000229,"native"
"4834","Sphaeralcea orcuttii","Sphaeralcea orcuttii","SPOR",78458768452,809.179985,5.010000229,"native"
"4835","Quercus chrysolepis","Quercus chrysolepis","QUCH2",6.08e+11,4505.009766,7.360000014,"native"
"4836","Ranunculus gormanii","Ranunculus gormanii","RAGO",87613265364,3841.82991,4.179999828,"native"
"4837","Penstemon anguineus","Penstemon anguineus","PEAN3",1.01e+11,4284.919769,4.179999828,"native"
"4838","Antennaria geyeri","Antennaria geyeri","ANGE3",2.09e+11,3919.559906,4.5,"native"
"4839","Papaver californicum","Papaver californicum","PACA9",72810829414,1400.370041,4.999999523,"native"
"4840","Phemeranthus aurantiacus","Phemeranthus aurantiacus","PHAU13",3.41e+11,877.7799683,5.480000019,"native"
"4841","Triteleia hendersonii","Triteleia hendersonii","TRHE",60909638376,4284.919769,4.179999828,"native"
"4842","Gutierrezia sphaerocephala","Gutierrezia sphaerocephala","GUSP",3.66e+11,798.3600159,5.339999676,"native"
"4843","Vitis monticola","Vitis monticola","VIMO2",56605681965,635.0700073,3.089999676,"native"
"4844","Madia madioides","Anisocarpus madioides","MAMA",1.15e+11,5814.670227,4.549999714,"native"
"4845","Saxifraga howellii","Micranthes howellii","SAHO4",67105842246,4284.919769,4.179999828,"native"
"4846","Erysimum menziesii","Erysimum menziesii","ERME5",39075645338,4276.029755,3.449999809,"native"
"4847","Cuscuta suksdorfii","Cuscuta suksdorfii","CUSU3",91449196710,4421.200058,4.459999561,"native"
"4848","Eriogonum parvifolium","Eriogonum parvifolium","ERPA8",55712686444,1297.670044,4.559999466,"native"
"4849","Hackelia cronquistii","Hackelia cronquistii","HACR4",38371765318,1500.470001,3.579999924,"native"
"4850","Pyrrocoma radiata","Pyrrocoma radiata","PYRA2",38371765318,1500.470001,3.579999924,"native"
"4851","Elymus texensis","Elymus texensis","ELTE3",9335309086,267.710022,1.449999809,"native"
"4852","Coreopsis gigantea","Coreopsis gigantea","COGI",74096155724,1413.490036,4.559999466,"native"
"4853","Delphinium glaucescens","Delphinium glaucescens","DEGL2",70121936489,1324.27002,3.319999695,"native"
"4854","Linanthus parryae","Linanthus parryae","LIPA4",1.36e+11,1662,4.459999561,"native"
"4855","Polygonum parryi","Polygonum parryi","POPA8",1.33e+11,3972.909912,5.590000391,"native"
"4856","Hulsea heterochroma","Hulsea heterochroma","HUHE",3.46e+11,2032.379883,5.819999933,"native"
"4857","Pholistoma racemosum","Pholistoma racemosum","PHRA5",1.25e+11,1233.060043,4.559999466,"native"
"4858","Sarcodes sanguinea","Sarcodes sanguinea","SASA5",2.96e+11,4485.899765,5.819999933,"native"
"4859","Arabis johnstonii","Boechera johnstonii","ARJO",18664901451,763.989975,2.550000191,"native"
"4860","Ceanothus ophiochilus","Ceanothus ophiochilus","CEOP",18664901451,763.989975,2.550000191,"native"
"4861","Heuchera hirsutissima","Heuchera hirsutissima","HEHI4",18664901451,763.989975,2.550000191,"native"
"4862","Ivesia callida","Potentilla callida","IVCA",18664901451,763.989975,2.550000191,"native"
"4863","Linanthus jaegeri","Linanthus jaegeri","LIJA2",18664901451,763.989975,2.550000191,"native"
"4864","Marina orcuttii","Marina orcuttii","MAOR4",18664901451,763.989975,2.550000191,"native"
"4865","Oxytheca emarginata","Sidotheca emarginata","OXEM",18664901451,763.989975,2.550000191,"native"
"4866","Penstemon californicus","Penstemon californicus","PECA6",18664901451,763.989975,2.550000191,"native"
"4867","Potentilla acuminata","Potentilla acuminata","POAC7",18664901451,763.989975,2.550000191,"native"
"4868","Potentilla rimicola","Potentilla rimicola","PORI7",18664901451,763.989975,2.550000191,"native"
"4869","Ceanothus oliganthus","Ceanothus oliganthus","CEOL",1.74e+11,3959.279892,5.719999552,"native"
"4870","Astragalus cibarius","Astragalus cibarius","ASCI2",5.7e+11,1464.130035,5.080000401,"native"
"4871","Cryptantha clevelandii","Cryptantha clevelandii","CRCL",80690568866,1817.299973,4.559999466,"native"
"4872","Penstemon labrosus","Penstemon labrosus","PELA6",1.18e+11,1233.060043,4.559999466,"native"
"4873","Clarkia davyi","Clarkia davyi","CLDA",76827110301,3855.819885,4.179999828,"native"
"4874","Agoseris lackschewitzii","Agoseris aurantiaca var. carnea","AGLA9",37765717892,1520.710037,3.279999733,"native"
"4875","Lupinus apertus","Lupinus apertus","LUAP",25780029365,2610.039948,3.140000343,"native"
"4876","Acleisanthes longiflora","Acleisanthes longiflora","ACLO2",3.15e+11,1398.189987,5.480000019,"native"
"4877","Dalea formosa","Dalea formosa","DAFO",7.77e+11,1096.689972,7.399999976,"native"
"4878","Lupinus andersonii","Lupinus andersonii","LUAN2",3.04e+11,3978.389893,5.920000315,"native"
"4879","Erigeron coulteri","Erigeron coulteri","ERCO6",4.71e+11,3289.949951,5.819999933,"native"
"4880","Phacelia splendens","Phacelia splendens","PHSP3",36929444268,1119.350021,3.640000343,"native"
"4881","Astragalus whitneyi","Astragalus whitneyi","ASWH",5.4e+11,3978.389893,5.819999933,"native"
"4882","Casasia clusiifolia","Casasia clusiifolia","CACL3",17775645536,613.6099854,3.869999886,"native"
"4883","Galium ambiguum","Galium x pomeranicum","GAAM2",1.12e+11,4284.919769,4.179999828,"native"
"4884","Camissonia boothii","Eremothera boothii","CABO7",9.94e+11,4440.310059,7.460000396,"native"
"4885","Perideridia bolanderi","Perideridia bolanderi","PEBO2",6.66e+11,3958.869911,5.920000315,"native"
"4886","Eriogonum marifolium","Eriogonum marifolium","ERMA4",2.22e+11,3794.87001,5.819999933,"native"
"4887","Muhlenbergia lindheimeri","Muhlenbergia lindheimeri","MULI",60687520409,571.25,2.200000286,"native"
"4888","Hulsea algida","Hulsea algida","HUAL",3.63e+11,1746.890015,5.920000315,"native"
"4889","Downingia bacigalupii","Downingia bacigalupii","DOBA",3.2e+11,3950.569916,4.679999828,"native"
"4890","Lotus humistratus","Acmispon brachycarpus","LOHU2",7.37e+11,4505.009766,7.460000396,"native"
"4891","Cardamine carrii","Cardamine carrii","CACA35",7541981379,298.3099976,1.190000057,"native"
"4892","Allium pleianthum","Allium tolmiei var. tolmiei","ALPL3",10611585954,1665.669968,3.139999866,"native"
"4893","Crataegus forbesiae","Crataegus forbesiae","CRFO",5635280806,219.9699707,0.809999943,"native"
"4894","Stanleya confertiflora","Stanleya confertiflora","STCO2",99584302302,1521.339996,3.730000496,"native"
"4895","Neogaerrhinum strictum","Neogaerrhinum strictum","NEST2",85917229951,1817.299973,4.999999523,"native"
"4896","Carex gynodynama","Carex gynodynama","CAGY3",70368007782,4276.029755,3.449999809,"native"
"4897","Stachys stebbinsii","Stachys stebbinsii","STST17",20724391318,1419.049973,3.850000381,"native"
"4898","Mentzelia micrantha","Mentzelia micrantha","MEMI3",1.59e+11,2337.279892,4.999999523,"native"
"4899","Trichostema lanatum","Trichostema lanatum","TRLA3",74630282413,1306.500046,4.559999466,"native"
"4900","Phacelia verna","Phacelia verna","PHVE3",33221618800,3324.520081,1.900000095,"native"
"4901","Calochortus weedii","Calochortus weedii","CAWE",71033691418,1306.500046,4.559999466,"native"
"4902","Venegasia carpesioides","Venegasia carpesioides","VECA",71033691418,1306.500046,4.559999466,"native"
"4903","Linum elongatum","Linum elongatum","LIEL3",24167867567,365.75,1.359999657,"native"
"4904","Senna roemeriana","Senna roemeriana","SERO8",3.62e+11,871.6699524,5.339999676,"native"
"4905","Agnorhiza bolanderi","Agnorhiza bolanderi","AGBO4",45744820543,2574.399963,4.580000162,"native"
"4906","Penstemon globosus","Penstemon globosus","PEGL5",1.43e+11,1932.379913,4.320000648,"native"
"4907","Douglasia idahoensis","Androsace idahoensis","DOID",50978341221,1922.529907,4.220000267,"native"
"4908","Nitrophila occidentalis","Nitrophila occidentalis","NIOC2",5.85e+11,3871.26001,5.920000315,"native"
"4909","Stachys bullata","Stachys bullata","STBU",98321824824,3945.389893,4.559999466,"native"
"4910","Penstemon cusickii","Penstemon cusickii","PECU",1.74e+11,1945.28006,4.320000648,"native"
"4911","Phacelia capitata","Phacelia capitata","PHCA15",24384579507,3589.950073,1.900000095,"native"
"4912","Thelesperma simplicifolium","Thelesperma simplicifolium","THSI",2.38e+11,758.1800079,4.700000286,"native"
"4913","Brodiaea jolonensis","Brodiaea jolonensis","BRJO",52368789967,1297.670044,4.559999466,"native"
"4914","Cirsium canovirens","Cirsium cymosum var. canovirens","CICA6",3.31e+11,3174.789886,4.46999979,"native"
"4915","Madia citrigracilis","Madia citrigracilis","MACI",50169873662,2724.339951,4.5,"native"
"4916","Desmanthus cooleyi","Desmanthus cooleyi","DECO2",6.24e+11,1130.119972,7.399999976,"native"
"4917","Jensia rammii","Jensia rammii","JERA",25580804925,2574.399963,4.580000162,"native"
"4918","Ribes amarum","Ribes amarum","RIAM",1.55e+11,2816.839951,5.719999552,"native"
"4919","Iliamna latibracteata","Iliamna latibracteata","ILLA2",75113631922,4284.919769,4.179999828,"native"
"4920","Triglochin concinna","Triglochin maritima","TRCO19",97671043406,5416.959961,5.029999733,"native"
"4921","Stanleya pinnata","Stanleya pinnata","STPI",1.52e+12,2042.909912,7.460000396,"native"
"4922","Carex harfordii","Carex harfordii","CAHA4",50320830308,3855.819885,4.039999962,"native"
"4923","Castilleja schizotricha","Castilleja schizotricha","CASC20",27714614451,3785.819916,3.409999847,"native"
"4924","Cirsium ciliolatum","Cirsium ciliolatum","CICI",27714614451,3785.819916,3.409999847,"native"
"4925","Sedum oblanceolatum","Sedum oblanceolatum","SEOB3",27714614451,3785.819916,3.409999847,"native"
"4926","Angelica tomentosa","Angelica tomentosa","ANTO",82898884278,3758.299896,4.599999905,"native"
"4927","Mimulus clivicola","Diplacus clivicola","MICL3",86622110628,1962.319977,3.390000343,"native"
"4928","Baccharis salicifolia","Baccharis salicifolia","BASA4",8.28e+11,2835.949951,7.460000396,"native"
"4929","Lewisia nevadensis","Lewisia nevadensis","LENE5",6.01e+11,4763.339844,7.360000014,"native"
"4930","Hackelia californica","Hackelia californica","HACA",1.58e+11,3866.779892,4.5,"native"
"4931","Melica fugax","Melica fugax","MEFU",4.13e+11,4363.920059,5.819999933,"native"
"4932","Rhus microphylla","Rhus microphylla","RHMI3",3.93e+11,1020.040039,5.339999676,"native"
"4933","Atriplex polycarpa","Atriplex polycarpa","ATPO",4.07e+11,1471.01001,5.82000041,"native"
"4934","Calamagrostis tacomensis","Calamagrostis tacomensis","CATA6",81122013734,5826.710236,4.160000324,"native"
"4935","Hypericum concinnum","Hypericum concinnum","HYCO3",80074219376,3716.839905,4.700000048,"native"
"4936","Crataegus arcana","Crataegus pruinosa var. pruinosa","CRAR7",1567869620,386.1300659,0.890000343,"native"
"4937","Crataegus erythrocarpa","Crataegus erythrocarpa","CRER3",1567869620,386.1300659,0.890000343,"native"
"4938","Penstemon neotericus","Penstemon neotericus","PENE2",56290846770,3759.650009,4.399999619,"native"
"4939","Lotus heermannii","Acmispon tomentosus var. tomentosus","LOHE",1.55e+11,2283.589951,4.559999466,"native"
"4940","Silene multinervia","Silene multinervia","SIMU2",74409864544,1817.299973,4.559999466,"native"
"4941","Pycnanthemum californicum","Pycnanthemum californicum","PYCA",1.81e+11,3959.279892,5.719999552,"native"
"4942","Lotus alamosanus","Acmispon watsonii","LOAL2",27029562767,816.7400208,5.159999847,"native"
"4943","Loeseliastrum schottii","Loeseliastrum schottii","LOSC6",4.06e+11,1662,5.82000041,"native"
"4944","Linum rupestre","Linum rupestre","LIRU2",1.36e+11,749.9000244,2.349999428,"native"
"4945","Phacelia bakeri","Phacelia bakeri","PHBA3",33407330714,1262.799973,5.549999714,"native"
"4946","Eryngium armatum","Eryngium armatum","ERAR12",57684252363,3855.819885,4.549999714,"native"
"4947","Calochortus coeruleus","Calochortus coeruleus","CACO3",1.08e+11,3866.779892,4.399999619,"native"
"4948","Arenaria benthamii","Arenaria benthamii","ARBE",1.1e+11,733.0999756,2.289999485,"native"
"4949","Eriogonum diatomaceum","Eriogonum diatomaceum","ERDI18",5183173264,600.2100067,4.070000172,"native"
"4950","Stroganowia tiehmii","Lepidium tiehmii","STTI2",5183173264,600.2100067,4.070000172,"native"
"4951","Phlox hendersonii","Phlox hendersonii","PHHE9",42854855466,5808.670227,3.669999599,"native"
"4952","Collomia larsenii","Collomia larsenii","COLA8",98924155826,5808.670227,4,"native"
"4953","Atriplex falcata","Atriplex falcata","ATFA",3.73e+11,1719.059967,4.46999979,"native"
"4954","Deeringothamnus rugelii","Deeringothamnus rugelii","DERU",2852206495,147.1500244,2.389999866,"native"
"4955","Bahia pedata","Hymenothrix pedata","BAPE",2.37e+11,784.7200165,5.309999943,"native"
"4956","Grindelia stricta","Grindelia hirsutula","GRST3",1.5e+11,5814.670227,4.579999924,"native"
"4957","Allium denticulatum","Allium fimbriatum var. denticulatum","ALDE6",1.03e+11,1134.089951,4.459999561,"native"
"4958","Deinandra mohavensis","Deinandra mohavensis","DEMO5",1.03e+11,1134.089951,4.459999561,"native"
"4959","Eucephalus brickellioides","Doellingeria tomentella","EUBR13",67218727564,4284.919769,4.179999828,"native"
"4960","Imperata brevifolia","Imperata brevifolia","IMBR2",3.98e+11,2835.949951,7.259999633,"native"
"4961","Orobanche bulbosa","Orobanche bulbosa","ORBU",1.93e+11,2816.839951,5.719999552,"native"
"4962","Navarretia peninsularis","Navarretia peninsularis","NAPE",91001977948,1134.089951,4.459999561,"native"
"4963","Cirsium perplexans","Cirsium perplexans","CIPE5",25018123521,1050.399963,3.56000042,"native"
"4964","Sclerocactus glaucus","Sclerocactus glaucus","SCGL3",25018123521,1050.399963,3.56000042,"native"
"4965","Eriogonum elatum","Eriogonum elatum","EREL5",5.49e+11,3958.869911,5.080000401,"native"
"4966","Eriophyllum multicaule","Eriophyllum multicaule","ERMU6",1.93e+11,1451.900009,5.159999847,"native"
"4967","Crepis monticola","Crepis monticola","CRMO5",1.58e+11,3894.299911,4.5,"native"
"4968","Ericameria ericoides","Ericameria ericoides","ERER11",56361942970,2207.22995,4.559999466,"native"
"4969","Ceanothus sorediatus","Ceanothus arboreus","CESO2",1.63e+11,3959.279892,5.719999552,"native"
"4970","Zigadenus brevibracteatus","Toxicoscordion brevibracteatum","ZIBR",1.26e+11,1233.060043,4.559999466,"native"
"4971","Croton dioicus","Croton dioicus","CRDI6",3.22e+11,699.5800018,5.309999943,"native"
"4972","Trifolium howellii","Trifolium howellii","TRHO",79797720218,3785.819916,4.179999828,"native"
"4973","Calochortus palmeri","Calochortus palmeri","CAPA3",1.23e+11,1233.060043,4.559999466,"native"
"4974","Castilleja plagiotoma","Castilleja plagiotoma","CAPL7",92076635430,1134.089951,4.559999466,"native"
"4975","Eleocharis bella","Eleocharis bella","ELBE",6.63e+11,4005.909912,7.360000014,"native"
"4976","Lupinus pallidus","Lupinus pallidus","LUPA7",83918001120,1134.089951,4.459999561,"native"
"4977","Arabis rollei","Boechera rollei","ARRO11",16261933260,3651.170013,3.059999943,"native"
"4978","Balsamorhiza lanata","Balsamorhiza lanata","BALA8",16261933260,3651.170013,3.059999943,"native"
"4979","Calochortus monanthus","Calochortus monanthus","CAMO2",16261933260,3651.170013,3.059999943,"native"
"4980","Draba pterosperma","Draba pterosperma","DRPT",16261933260,3651.170013,3.059999943,"native"
"4981","Minuartia stolonifera","Minuartia stolonifera","MIST9",16261933260,3651.170013,3.059999943,"native"
"4982","Monardella siskiyouensis","Monardella siskiyouensis","MOSI3",16261933260,3651.170013,3.059999943,"native"
"4983","Orthocarpus pachystachyus","Orthocarpus pachystachyus","ORPA",16261933260,3651.170013,3.059999943,"native"
"4984","Perideridia leptocarpa","Perideridia leptocarpa","PELE6",16261933260,3651.170013,3.059999943,"native"
"4985","Phacelia cookei","Phacelia cookei","PHCO20",16261933260,3651.170013,3.059999943,"native"
"4986","Phacelia greenei","Phacelia greenei","PHGR2",16261933260,3651.170013,3.059999943,"native"
"4987","Phlox hirsuta","Phlox hirsuta","PHHI7",16261933260,3651.170013,3.059999943,"native"
"4988","Veratrum californicum","Veratrum californicum","VECA2",1.34e+12,5937.240234,7.460000396,"native"
"4989","Calochortus umpquaensis","Calochortus umpquaensis","CAUM5",24494947826,3580.799927,1.900000095,"native"
"4990","Phacelia peckii","Phacelia peckii","PHPE8",24494947826,3580.799927,1.900000095,"native"
"4991","Trifolium siskiyouense","Trifolium siskiyouense","TRSI4",24494947826,3580.799927,1.900000095,"native"
"4992","Phacelia humilis","Phacelia humilis","PHHU",3.34e+11,3871.26001,4.559999943,"native"
"4993","Cirsium douglasii","Cirsium douglasii","CIDO2",2.09e+11,3892.039886,5.099999905,"native"
"4994","Agoseris retrorsa","Agoseris retrorsa","AGRE",5.53e+11,4485.899765,7.360000014,"native"
"4995","Mimulus cardinalis","Erythranthe cardinalis","MICA3",6.64e+11,4505.009766,7.399999976,"native"
"4996","Cheilanthes viscida","Hemionitis viscida","CHVI2",1.4e+11,1282.420044,4.459999561,"native"
"4997","Mentzelia tridentata","Mentzelia tridentata","METR4",1.4e+11,1282.420044,4.459999561,"native"
"4998","Cirsium andrewsii","Cirsium andrewsii","CIAN2",4488546151,1147.950043,3.699999809,"native"
"4999","Lewisia cantelovii","Lewisia cantelovii","LECA11",25578351079,2610.039948,3.260000229,"native"
"5000","Gilia leptantha","Gilia leptantha","GILE2",1.82e+11,1396.719971,4.559999466,"native"
"5001","Nestotus stenophyllus","Nestotus stenophyllus","NEST5",3.26e+11,3356.379974,4.46999979,"native"
"5002","Reverchonia arenaria","Phyllanthus warnockii","REAR",2.61e+11,1034.010048,7.460000396,"native"
"5003","Eriogonum lagopus","Eriogonum brevicaule var. canum","ERLA9",95678722299,1547.240036,3.550000191,"native"
"5004","Eriogonum cithariforme","Eriogonum cithariforme","ERCI8",1.04e+11,1233.060043,4.559999466,"native"
"5005","Iris tenuissima","Iris tenuissima","IRTE3",85493908651,3758.299896,4,"native"
"5006","Carex specifica","Carex specifica","CASP4",1.8e+11,2835.949951,5.819999933,"native"
"5007","Calochortus eurycarpus","Calochortus eurycarpus","CAEU",3.34e+11,2331.629974,4.550000191,"native"
"5008","Bernardia myricifolia","Bernardia myricifolia","BEMY",3.42e+11,1403.249985,7.399999976,"native"
"5009","Allium lacunosum","Allium lacunosum","ALLA3",1.84e+11,1445.75,5.719999552,"native"
"5010","Parthenium confertum","Parthenium confertum","PACO11",3.45e+11,798.3600159,5.339999676,"native"
"5011","Ceanothus megacarpus","Ceanothus megacarpus","CEME",43820178042,1297.670044,4.559999466,"native"
"5012","Phacelia fremontii","Phacelia fremontii","PHFR2",3.94e+11,1662,5.920000315,"native"
"5013","Oenothera coloradensis","Oenothera coloradensis","OECO",92865711802,1287.789963,5.309999943,"native"
"5014","Rhynchospora marliniana","Rhynchospora marliniana","RHMA15",17610263372,332.3699951,3.170000076,"native"
"5015","Cardamine constancei","Cardamine constancei","CACO27",41795020740,1793.139923,2.609999657,"native"
"5016","Chaenactis nevii","Chaenactis nevii","CHNE6",30074701055,2596.009888,3.329999924,"native"
"5017","Digitaria californica","Digitaria californica","DICA8",6.69e+11,1009.450012,7.399999976,"native"
"5018","Grusonia schottii","Grusonia schottii","GRSC6",89163541699,582.0899811,1.920000076,"native"
"5019","Viola psychodes","Viola lobata var. lobata","VIPS",41118984588,3651.170013,4.179999828,"native"
"5020","Ceanothus incanus","Ceanothus incanus","CEIN",53632715893,3758.299896,4,"native"
"5021","Bromus subvelutinus","Bromus carinatus","BRSU4",55555988026,3143.779877,4.46999979,"native"
"5022","Arctostaphylos parryana","Arctostaphylos parryana","ARPA4",1.14e+11,1233.060043,4.559999466,"native"
"5023","Polygala californica","Rhinotropis californica","POCA5",1.08e+11,4409.539764,4.579999447,"native"
"5024","Argythamnia brandegeei","Ditaxis brandegeei","ARBR3",14281127830,134.8300018,4.340000153,"native"
"5025","Rhus kearneyi","Rhus kearneyi","RHKE",14281127830,134.8300018,4.340000153,"native"
"5026","Stephanomeria schottii","Stephanomeria exigua subsp. exigua","STSC5",14281127830,134.8300018,4.340000153,"native"
"5027","Selaginella peruviana","Selaginella peruviana","SEPE",1.41e+11,780.8700104,3.759999752,"native"
"5028","Tetragonotheca texana","Tetragonotheca texana","TETE2",68740313992,701.0700073,2.229999542,"native"
"5029","Pyrrocoma integrifolia","Pyrrocoma integrifolia","PYIN3",79834905785,1520.710037,3.520000458,"native"
"5030","Vaccinium caesariense","Vaccinium caesariense","VACA6",14293360781,819.5299683,1.920000076,"native"
"5031","Nothocalais alpestris","Microseris alpestris","NOAL2",2.44e+11,4505.009766,4.679999828,"native"
"5032","Castilleja pruinosa","Castilleja pruinosa","CAPR14",2.05e+11,4409.539764,5.819999933,"native"
"5033","Oreostemma alpigenum","Oreostemma alpigenum","ORAL4",7.62e+11,4763.339844,5.920000315,"native"
"5034","Layia glandulosa","Layia glandulosa","LAGL5",1.19e+12,3871.26001,7.460000396,"native"
"5035","Lomatium bicolor","Lomatium bicolor","LOBI",5.77e+11,3950.569916,7.360000014,"native"
"5036","Phacelia egena","Phacelia egena","PHEG",5.62e+11,4005.909912,7.399999976,"native"
"5037","Parthenium alpinum","Parthenium alpinum","PAAL6",82189649148,1311.499969,3.639999866,"native"
"5038","Hilaria belangeri","Hilaria belangeri","HIBE",4.21e+11,1034.589943,7.399999976,"native"
"5039","Astragalus accidens","Astragalus accidens","ASAC",70646043181,3785.819916,4,"native"
"5040","Parnassia californica","Parnassia palustris var. palustris","PACA18",2.98e+11,4505.009766,5.719999552,"native"
"5041","Asarum marmoratum","Asarum marmoratum","ASMA8",74773681197,4284.919769,4.179999828,"native"
"5042","Navarretia atractyloides","Navarretia atractyloides","NAAT",1.95e+11,3986.799911,5.719999552,"native"
"5043","Erythronium klamathense","Erythronium klamathense","ERKL",77728304879,3785.819916,4,"native"
"5044","Rhynchosia senna","Rhynchosia senna","RHSE4",4.72e+11,1271.370026,7.399999976,"native"
"5045","Allium simillimum","Allium simillimum","ALSI",1.3e+11,1924.659912,4.220000267,"native"
"5046","Polygala lindheimeri","Rhinotropis lindheimeri","POLI",2.1e+11,809.0700073,4.92999959,"native"
"5047","Cymopterus deserticola","Cymopterus deserticola","CYDE",83528023505,1134.089951,4.559999466,"native"
"5048","Eriogonum mohavense","Eriogonum mohavense","ERMO3",83528023505,1134.089951,4.559999466,"native"
"5049","Heuchera elegans","Heuchera elegans","HEEL2",83528023505,1134.089951,4.559999466,"native"
"5050","Leptosiphon breviculus","Leptosiphon breviculus","LEBR20",83528023505,1134.089951,4.559999466,"native"
"5051","Oreonana vestita","Oreonana vestita","ORVE",83528023505,1134.089951,4.559999466,"native"
"5052","Packera ionophylla","Packera ionophylla","PAIO4",83528023505,1134.089951,4.559999466,"native"
"5053","Juncus rugulosus","Juncus dubius","JURU",1.39e+11,1311.560043,4.559999466,"native"
"5054","Hypericum chapmanii","Hypericum chapmanii","HYCH2",20487575115,319.4700928,2.720000267,"native"
"5055","Zigadenus paniculatus","Toxicoscordion paniculatum","ZIPA2",1.31e+12,4005.909912,7.460000396,"native"
"5056","Astragalus arthurii","Astragalus arthurii","ASAR8",33949013423,1793.139923,3.039999962,"native"
"5057","Centaurium davyi","Zeltnera davyi","CEDA",70070557243,3882.919891,4.999999523,"native"
"5058","Lomatium eastwoodiae","Lomatium eastwoodiae","LOEA",14425922847,991.3099518,3.56000042,"native"
"5059","Bromus arizonicus","Bromus arizonicus","BRAR4",4.54e+11,1822.35997,7.399999976,"native"
"5060","Calamagrostis howellii","Calamagrostis howellii","CAHO2",15855249591,4269.900055,2.610000134,"native"
"5061","Penstemon cinicola","Penstemon cinicola","PECI2",1.67e+11,3760.730011,4.679999828,"native"
"5062","Fritillaria glauca","Fritillaria glauca","FRGL",84930089685,4127.799774,3.440000057,"native"
"5063","Pleuraphis mutica","Hilaria mutica","PLMU3",5.03e+11,912.3300171,5.75999999,"native"
"5064","Stephanomeria cichoriacea","Stephanomeria cichoriacea","STCI",1.49e+11,1418.550034,4.559999466,"native"
"5065","Mentzelia sinuata","Mentzelia speciosa","MESI",26631108897,949.0199585,3.390000343,"native"
"5066","Sidalcea multifida","Sidalcea multifida","SIMU",69826515902,1595.639999,4.559999943,"native"
"5067","Calochortus invenustus","Calochortus invenustus","CAIN3",2.02e+11,1662,5.719999552,"native"
"5068","Clarkia bottae","Clarkia bottae","CLBO",1.48e+11,1311.560043,4.559999466,"native"
"5069","Rubus permixtus","Rubus permixtus","RUPE7",8567355441,761.2900391,1.599999905,"native"
"5070","Polygala cornuta","Rhinotropis cornuta","POCO4",2.04e+11,3978.389893,5.819999933,"native"
"5071","Hazardia squarrosa","Hazardia squarrosa","HASQ2",1.44e+11,1311.560043,4.559999466,"native"
"5072","Mucronea californica","Mucronea californica","MUCA3",1.44e+11,1311.560043,4.559999466,"native"
"5073","Lomatium rollinsii","Lomatium rollinsii","LORO2",41895010216,1830.749908,3.220000267,"native"
"5074","Sphenosciadium capitellatum","Angelica capitellata","SPCA5",5.37e+11,4005.909912,5.819999933,"native"
"5075","Limnanthes floccosa","Limnanthes floccosa","LIFL2",78187894850,3785.819916,4,"native"
"5076","Ribes niveum","Ribes niveum","RINI2",3.16e+11,3257.349892,5.080000401,"native"
"5077","Ageratina occidentalis","Ageratina occidentalis","AGOC2",7.14e+11,4505.009766,5.920000315,"native"
"5078","Nama rothrockii","Nama rothrockii","NARO",1.64e+11,1662,5.720000029,"native"
"5079","Carex leporinella","Carex leporinella","CALE9",4.02e+11,4505.009766,5.920000315,"native"
"5080","Castilleja pulchella","Castilleja pulchella","CAPU10",2.13e+11,1914.149948,4.250000477,"native"
"5081","Eriogonum kennedyi","Eriogonum kennedyi","ERKE2",88299991821,1233.060043,4.559999466,"native"
"5082","Frasera neglecta","Frasera neglecta","FRNE",88299991821,1233.060043,4.559999466,"native"
"5083","Horkelia rydbergii","Horkelia rydbergii","HORY",88299991821,1233.060043,4.559999466,"native"
"5084","Phacelia heterophylla","Phacelia heterophylla","PHHE2",1.4e+12,5937.240234,7.460000396,"native"
"5085","Lupinus versicolor","Lupinus versicolor","LUVE",39248820540,2180.129944,4.039999962,"native"
"5086","Arctostaphylos malloryi","Arctostaphylos malloryi","ARMA31",30074254682,2458.73996,3.260000229,"native"
"5087","Ligusticum grayi","Ligusticum grayi","LIGR",6.15e+11,4449.669769,5.819999933,"native"
"5088","Monardella linoides","Monardella linoides","MOLI3",1.98e+11,1662,5.719999552,"native"
"5089","Lupinus affinis","Lupinus affinis","LUAF",1.95e+11,4485.899765,4.999999523,"native"
"5090","Silene verecunda","Silene verecunda","SIVE",4.04e+11,3871.26001,7.460000396,"native"
"5091","Escobaria emskoetteriana","Pelecyphora emskoetteriana","ESEM",11312882902,209.5800171,1.389999866,"native"
"5092","Senecio flaccidus","Senecio flaccidus","SEFL3",1.39e+12,2835.949951,7.460000396,"native"
"5093","Pyrrocoma apargioides","Pyrrocoma apargioides","PYAP2",1.87e+11,2835.949951,5.920000315,"native"
"5094","Orobanche valida","Orobanche valida","ORVA",44679425399,2740.47995,4.559999466,"native"
"5095","Plantago helleri","Plantago helleri","PLHE",1.88e+11,1067.969955,3.209999561,"native"
"5096","Sidalcea hirtipes","Sidalcea hirtipes","SIHI3",16071098850,3697.839905,2.519999981,"native"
"5097","Muilla coronata","Muilla coronata","MUCO",1.39e+11,1428.380005,4.659999847,"native"
"5098","Dichanthelium pedicellatum","Dichanthelium transiens","DIPE4",58773620459,736.8300018,1.859999657,"native"
"5099","Calochortus coxii","Calochortus coxii","CACO41",13042266635,1814.889893,1.900000095,"native"
"5100","Kalmiopsis fragrans","Kalmiopsis fragrans","KAFR",13042266635,1814.889893,1.900000095,"native"
"5101","Plagiobothrys hirtus","Plagiobothrys hirtus","PLHI6",13042266635,1814.889893,1.900000095,"native"
"5102","Phacelia procera","Phacelia procera","PHPR2",2.14e+11,5382.81015,4.679999828,"native"
"5103","Camissonia californica","Eulobus californicus","CACA32",3.76e+11,1471.01001,5.75999999,"native"
"5104","Erigeron anchana","Erigeron anchana","ERAN17",50046560470,800.4999695,5.159999847,"native"
"5105","Mabrya acerifolia","Mabrya acerifolia","MAAC3",50046560470,800.4999695,5.159999847,"native"
"5106","Perityle gilensis","Perityle gilensis","PEGI2",50046560470,800.4999695,5.159999847,"native"
"5107","Limosella acaulis","Limosella acaulis","LIAC2",3.31e+11,4505.009766,7.360000014,"native"
"5108","Calochortus persistens","Calochortus persistens","CAPE",23470531167,3651.170013,3.409999847,"native"
"5109","Horkelia hendersonii",NA,"HOHE2",23470531167,3651.170013,3.409999847,"native"
"5110","Tauschia howellii","Tauschia howellii","TAHO2",23470531167,3651.170013,3.409999847,"native"
"5111","Crataegus berberifolia","Crataegus berberifolia","CRBE2",2361492153,196.9200439,1.650000095,"native"
"5112","Penstemon laxus","Penstemon laxus","PELA17",91653027280,1924.659912,4.220000267,"native"
"5113","Cyperus niger","Cyperus melanostachyus","CYNI2",4.59e+11,3978.389893,7.399999976,"native"
"5114","Silene suksdorfii","Silene suksdorfii","SISU",1.44e+11,5340.590149,4,"native"
"5115","Cymopterus glaucus","Cymopterus glaucus","CYGL",1.1e+11,2100.799927,4.220000267,"native"
"5116","Cryptantha weberi","Oreocarya weberi","CRWE2",13462118261,1134.340042,3.639999866,"native"
"5117","Phoradendron pauciflorum","Phoradendron pauciflorum","PHPA17",1.46e+11,1642.889999,5.719999552,"native"
"5118","Corydalis caseana","Corydalis caseana","COCA15",2.27e+11,4328.700058,4.949999571,"native"
"5119","Alvaradoa amorphoides","Alvaradoa amorphoides","ALAM3",4917746437,371.2999268,3.869999886,"native"
"5120","Anemia wrightii","Anemia wrightii","ANWR4",4917746437,371.2999268,3.869999886,"native"
"5121","Beloglottis costaricensis","Beloglottis costaricensis","BECO5",4917746437,371.2999268,3.869999886,"native"
"5122","Bletia florida","Bletia florida","BLFL",4917746437,371.2999268,3.869999886,"native"
"5123","Brassia caudata","Brassia caudata","BRCA7",4917746437,371.2999268,3.869999886,"native"
"5124","Bucida molinetii","Terminalia molinetii","BUMO",4917746437,371.2999268,3.869999886,"native"
"5125","Digitaria pauciflora","Digitaria pauciflora","DIPA5",4917746437,371.2999268,3.869999886,"native"
"5126","Galeandra bicarinata","Galeandra bicarinata","GABI6",4917746437,371.2999268,3.869999886,"native"
"5127","Galactia pinetorum","Galactia pinetorum","GAPI3",4917746437,371.2999268,3.869999886,"native"
"5128","Galactia smallii","Galactia smallii","GASM",4917746437,371.2999268,3.869999886,"native"
"5129","Koanophyllon villosum","Koanophyllon villosum","KOVI2",4917746437,371.2999268,3.869999886,"native"
"5130","Macradenia lutescens","Macradenia lutescens","MALU",4917746437,371.2999268,3.869999886,"native"
"5131","Oncidium floridanum","Oncidium ensatum","ONFL",4917746437,371.2999268,3.869999886,"native"
"5132","Selaginella eatonii","Selaginella eatonii","SEEA",4917746437,371.2999268,3.869999886,"native"
"5133","Spiranthes amesiana","Spiranthes torta","SPAM7",4917746437,371.2999268,3.869999886,"native"
"5134","Tectaria coriandrifolia","Tectaria coriandrifolia","TECO3",4917746437,371.2999268,3.869999886,"native"
"5135","Raillardella argentea","Raillardella argentea","RAAR",2.75e+11,3871.26001,5.819999933,"native"
"5136","Arabis hoffmannii","Boechera hoffmannii","ARHO",11855945144,1109.670044,2.550000191,"native"
"5137","Astragalus traskiae","Astragalus traskiae","ASTR4",11855945144,1109.670044,2.550000191,"native"
"5138","Chorizanthe blakleyi","Chorizanthe blakleyi","CHBL",11855945144,1109.670044,2.550000191,"native"
"5139","Hazardia detonsa","Hazardia detonsa","HADE4",11855945144,1109.670044,2.550000191,"native"
"5140","Heuchera maxima","Heuchera maxima","HEMA4",11855945144,1109.670044,2.550000191,"native"
"5141","Malacothrix similis","Malacothrix similis","MASI5",11855945144,1109.670044,2.550000191,"native"
"5142","Malacothrix squalida","Malacothrix squalida","MASQ",11855945144,1109.670044,2.550000191,"native"
"5143","Bursera microphylla","Bursera microphylla","BUMI",1.28e+11,809.179985,5.159999847,"native"
"5144","Eriogonum fasciculatum","Eriogonum fasciculatum","ERFA2",5.95e+11,2356.389893,7.460000396,"native"
"5145","Tonestus kingii","Eurybia kingii","TOKI",52392726934,1401.859955,3.980000019,"native"
"5146","Navarretia filicaulis","Navarretia filicaulis","NAFI",49000991269,2574.399963,4.580000162,"native"
"5147","Logfia depressa","Filago depressa","LODE9",2.03e+11,1396.719971,5.159999847,"native"
"5148","Silene bernardina","Silene bernardina","SIBE4",2.8e+11,4005.909912,5.819999933,"native"
"5149","Ribes cruentum","Ribes roezlii var. cruentum","RICR",1.39e+11,4340.929764,4.679999828,"native"
"5150","Ptilimnium ahlesii","Ptilimnium ahlesii","PTAH",15270456608,347.1600342,2.610000134,"native"
"5151","Solanum xanti","Solanum umbelliferum var. xanti","SOXA",5.05e+11,3978.389893,7.399999976,"native"
"5152","Guillenia lasiophylla","Streptanthus lasiophyllus","GULA4",6.04e+11,5469.160156,7.460000396,"native"
"5153","Condalia globosa","Condalia globosa","COGL",91384068588,809.179985,5.159999847,"native"
"5154","Phacelia pachyphylla","Phacelia pachyphylla","PHPA",1.29e+11,1282.420044,4.459999561,"native"
"5155","Arceuthobium littorum","Arceuthobium littorum","ARLI12",36074839437,3748.690002,4.129999638,"native"
"5156","Lomatium erythrocarpum","Lomatium erythrocarpum","LOER2",7945996793,1419.709991,3.220000267,"native"
"5157","Salix lasiolepis","Salix lasiolepis","SALA6",1.37e+12,4505.009766,7.460000396,"native"
"5158","Opuntia atrispina","Opuntia atrispina","OPAT",24073889948,565.9200134,1.230000019,"native"
"5159","Amelanchier nantucketensis","Amelanchier nantucketensis","AMNA2",14932228516,480.0300293,2.329999924,"native"
"5160","Prunus ilicifolia","Prunus ilicifolia","PRIL",1.59e+11,1424.10997,4.559999466,"native"
"5161","Mimulus nanus","Erythranthe minima","MINA",7.16e+11,4005.909912,5.920000315,"native"
"5162","Ceanothus cordulatus","Ceanothus cordulatus","CECO",4.13e+11,4505.009766,5.920000315,"native"
"5163","Ammoselinum giganteum","Spermolepis gigantea","AMGI",67288958585,763.989975,5.159999847,"native"
"5164","Tauschia parishii","Tauschia parishii","TAPA5",1.66e+11,1396.719971,4.559999466,"native"
"5165","Penstemon leptanthus","Penstemon tidestromii","PELE14",9065901469,949.5600433,3.819999695,"native"
"5166","Polystichum dudleyi","Polystichum dudleyi","PODU2",37217846846,2180.129944,4.039999962,"native"
"5167","Argythamnia aphoroides","Ditaxis aphoroides","ARAP",35538615610,463.0299988,1.829999924,"native"
"5168","Townsendia glabella","Townsendia glabella","TOGL4",13129167932,1275.85997,5.320000172,"native"
"5169","Penstemon deustus","Penstemon deustus","PEDE4",9.01e+11,4463.349762,5.920000315,"native"
"5170","Eriogonum tripodum","Eriogonum tripodum","ERTR9",32985026757,2566.009949,4.580000162,"native"
"5171","Pellaea brachyptera","Hemionitis brachyptera","PEBR3",1.52e+11,3843.389908,5.319999933,"native"
"5172","Carex helleri","Carex helleri","CAHE6",1.86e+11,2835.949951,5.920000315,"native"
"5173","Allium cratericola","Allium cratericola","ALCR3",1.84e+11,3852.150009,5.719999552,"native"
"5174","Cressa truxillensis","Cressa truxillensis","CRTR5",7.42e+11,2835.949951,7.460000396,"native"
"5175","Pectocarya setosa","Pectocarya setosa","PESE",6.14e+11,3173.72998,5.920000315,"native"
"5176","Mammillaria heyderi","Mammillaria heyderi","MAHE2",3.15e+11,856.2600098,5.480000019,"native"
"5177","Eriastrum filifolium","Eriastrum filifolium","ERFI",2.17e+11,2356.389893,4.559999466,"native"
"5178","Chrysolepis chrysophylla","Chrysolepis chrysophylla","CHCH7",2.55e+11,5087.179962,4.900000572,"native"
"5179","Juncus xiphioides","Juncus xiphioides","JUXI",5.14e+11,3978.389893,5.920000315,"native"
"5180","Ehrendorferia ochroleuca","Ehrendorferia ochroleuca","EHOC",60133042027,1306.500046,4.559999466,"native"
"5181","Carex jonesii","Carex jonesii","CAJO",7.11e+11,5937.240234,5.819999933,"native"
"5182","Arctostaphylos tomentosa","Arctostaphylos tomentosa","ARTO2",49724512818,1347.749969,4.999999523,"native"
"5183","Leucocrinum montanum","Leucocrinum montanum","LEMO4",9.69e+11,3958.869911,7.460000396,"native"
"5184","Hesperochiron californicus","Hesperochiron californicus","HECA7",6.76e+11,4005.909912,5.920000315,"native"
"5185","Ceanothus integerrimus","Ceanothus integerrimus","CEIN3",6.3e+11,4485.899765,7.399999976,"native"
"5186","Ceanothus dentatus","Ceanothus dentatus","CEDE",40594075619,2180.129944,3.409999847,"native"
"5187","Ivesia saxosa","Ivesia saxosa","IVSA3",1.49e+11,1662,4.459999561,"native"
"5188","Stephanomeria wrightii","Stephanomeria tenuifolia","STWR2",22258928613,190.2200317,0.850000381,"native"
"5189","Acaena pinnatifida","Acaena pinnatifida","ACPI3",48442724933,2180.129944,4.549999714,"native"
"5190","Philadelphus californicus","Philadelphus lewisii","PHCA18",47609342932,3651.170013,4,"native"
"5191","Phoenicaulis cheiranthoides","Phoenicaulis cheiranthoides","PHCH",6.63e+11,4505.009766,5.920000315,"native"
"5192","Aristida divaricata","Aristida divaricata","ARDI5",5.24e+11,1134.089951,7.259999633,"native"
"5193","Lupinus adsurgens","Lupinus adsurgens","LUAD",1.56e+11,4005.909912,5.719999552,"native"
"5194","Trillium chloropetalum","Trillium chloropetalum","TRCH2",84072999967,3758.299896,4.599999905,"native"
"5195","Synthlipsis greggii","Synthlipsis greggii","SYGR",61077146095,419.9399872,1.419999599,"native"
"5196","Trifolium barbigerum","Trifolium barbigerum","TRBA",98337939139,4382.439758,5.269999743,"native"
"5197","Erigeron nanus","Erigeron nanus","ERNA5",94002657067,1401.859955,4.009999752,"native"
"5198","Phacelia vallis-mortae","Phacelia vallis-mortae","PHVA2",2.96e+11,1662,5.920000315,"native"
"5199","Delphinium antoninum","Delphinium antoninum","DEAN5",80231728317,3758.299896,4.599999905,"native"
"5200","Ivesia utahensis","Potentilla utahensis","IVUT",16497070516,1281.109955,3.260000229,"native"
"5201","Heuchera pilosissima","Heuchera pilosissima","HEPI3",39805060904,2180.129944,4.039999962,"native"
"5202","Castilleja kraliana","Castilleja kraliana","CAKR4",1612167481,120.1499023,0.949999809,"native"
"5203","Dalea cahaba","Dalea cahaba","DACA19",1612167481,120.1499023,0.949999809,"native"
"5204","Liatris oligocephala","Liatris oligocephala","LIOL2",1612167481,120.1499023,0.949999809,"native"
"5205","Onosmodium decipiens","Lithospermum decipiens","ONDE2",1612167481,120.1499023,0.949999809,"native"
"5206","Silphium glutinosum","Silphium glutinosum","SIGL10",1612167481,120.1499023,0.949999809,"native"
"5207","Spigelia alabamensis","Spigelia alabamensis","SPAL6",1612167481,120.1499023,0.949999809,"native"
"5208","Perideridia erythrorhiza","Perideridia erythrorhiza","PEER3",32677989722,3785.819916,3.669999599,"native"
"5209","Brickellia dentata","Brickellia dentata","BRDE2",45980557743,1075.609955,3.389999866,"native"
"5210","Mentzelia strictissima","Mentzelia strictissima","MEST3",49040791783,398.8699799,5.309999943,"native"
"5211","Rhynchospora crinipes","Rhynchospora crinipes","RHCR3",15453695095,319.4700928,3.170000076,"native"
"5212","Diplacus longiflorus","Diplacus longiflorus","DILO6",1.33e+11,1311.560043,4.559999466,"native"
"5213","Penstemon unilateralis","Penstemon secundiflorus var. secundiflorus","PEUN",1.15e+11,1262.799973,5.549999714,"native"
"5214","Lessingia lemmonii","Lessingia glandulifera var. glandulifera","LELE13",2.59e+11,1662,5.720000029,"native"
"5215","Perideridia howellii","Perideridia howellii","PEHO5",1.07e+11,3785.819916,5.319999933,"native"
"5216","Salix laevigata","Salix laevigata","SALA3",7e+11,3978.389893,7.460000396,"native"
"5217","Pycnanthemum beadlei","Pycnanthemum beadlei","PYBE",3177870407,1261.839966,1.309999943,"native"
"5218","Allium passeyi","Allium passeyi","ALPA5",14881016770,1401.859955,2.699999809,"native"
"5219","Draba burkei","Draba burkei","DRBU2",14881016770,1401.859955,2.699999809,"native"
"5220","Synthyris canbyi","Veronica canbyi","SYCA2",9293284845,1411.129944,2.419999599,"native"
"5221","Sagittaria teres","Sagittaria teres","SATE2",15852078898,314.9699707,2.059999943,"native"
"5222","Amaranthus venulosus","Amaranthus venulosus","AMVE2",23825949527,643.4399719,5.159999847,"native"
"5223","Gilia ochroleuca","Gilia ochroleuca","GIOC",1.92e+11,1662,4.559999466,"native"
"5224","Orcuttia tenuis","Orcuttia tenuis","ORTE",72186662141,3759.650009,4.5,"native"
"5225","Iris douglasiana","Iris douglasiana","IRDO",78064799956,4382.439758,4.579999924,"native"
"5226","Isoetes appalachiana","Isoetes appalachiana","ISAP",9258790822,407.0700684,2.720000267,"native"
"5227","Downingia concolor","Downingia concolor","DOCO2",67114576695,3838.26001,4.399999619,"native"
"5228","Brickellia greenei","Brickellia greenei","BRGR2",1.03e+11,3785.819916,4.179999828,"native"
"5229","Lotus aboriginus","Hosackia rosea","LOAB",1.16e+11,5738.530228,3.800000191,"native"
"5230","Calochortus greenei","Calochortus greenei","CAGR",49003131122,3651.170013,3.909999847,"native"
"5231","Coreopsis douglasii","Coreopsis douglasii","CODO2",1.15e+11,1311.560043,4.559999466,"native"
"5232","Sanicula saxatilis","Sanicula saxatilis","SASA3",5201129524,1012.259979,4.269999981,"native"
"5233","Ceanothus griseus","Ceanothus griseus","CEGR2",39917342243,2180.129944,3.46999979,"native"
"5234","Lyrocarpa coulteri","Lyrocarpa coulteri","LYCO4",97517274744,809.179985,5.159999847,"native"
"5235","Collomia macrocalyx","Collomia macrocalyx","COMA3",88417787498,3283.149963,4.089999676,"native"
"5236","Pyrrocoma racemosa","Pyrrocoma racemosa","PYRA",6.16e+11,4505.009766,5.080000401,"native"
"5237","Scutellaria brittonii","Scutellaria brittonii","SCBR3",1.45e+11,1299.269974,3.609999657,"native"
"5238","Lesquerella paysonii","Physaria carinata subsp. paysonii","LEPA8",42964899426,1872.219955,3.820000172,"native"
"5239","Orogenia fusiformis","Lomatium fusiformis","ORFU",1.01e+11,3785.819916,4,"native"
"5240","Eriogonum arborescens","Eriogonum arborescens","ERAR6",40957689715,1404.660034,2.899999619,"native"
"5241","Lupinus sellulus","Lupinus sellulus","LUSE2",5.75e+11,5937.240234,5.819999933,"native"
"5242","Deinandra corymbosa","Deinandra corymbosa","DECO14",65094590648,3855.819885,4.549999714,"native"
"5243","Penstemon elegantulus","Penstemon elegantulus","PEEL4",37577167834,1793.139923,3.130000114,"native"
"5244","Conradina glabra","Conradina glabra","COGL9",4786149719,319.4700928,2.590000153,"native"
"5245","Leymus pacificus","Leymus pacificus","LEPA12",38764475950,2180.129944,3.46999979,"native"
"5246","Phacelia corymbosa","Phacelia corymbosa","PHCO3",1.18e+11,4284.919769,4.179999828,"native"
"5247","Enemion stipitatum","Enemion stipitatum","ENST",1.34e+11,4284.919769,5.130000114,"native"
"5248","Leptosiphon latisectus","Leptosiphon latisectus","LELA43",62237258743,3601.179901,3.440000057,"native"
"5249","Aletes humilis",NA,"ALHU",8604298423,893.1299744,2.840000153,"native"
"5250","Chrysosplenium glechomifolium","Chrysosplenium glechomifolium","CHGL5",94021074417,5529.880249,3.309999943,"native"
"5251","Phlox adsurgens","Phlox adsurgens","PHAD2",99054227704,4284.919769,4.179999828,"native"
"5252","Microseris paludosa","Microseris paludosa","MIPA",33995326050,2180.129944,4.039999962,"native"
"5253","Romanzoffia californica","Romanzoffia californica","ROCA6",1.18e+11,4405.579926,4.630000114,"native"
"5254","Yucca necopina","Yucca necopina","YUNE",6149396523,145.7999878,1.869999886,"native"
"5255","Eriastrum sapphirinum","Eriastrum sapphirinum","ERSA",1.67e+11,1330.670044,5.719999552,"native"
"5256","Packera eurycephala","Packera eurycephala","PAEU5",1.45e+11,3784.910004,4.5,"native"
"5257","Amelanchier pumila","Amelanchier pumila","AMPU5",5.96e+11,4625.669922,7.460000396,"native"
"5258","Penstemon speciosus","Penstemon speciosus","PESP",8.78e+11,4005.909912,5.920000315,"native"
"5259","Lomatium oreganum","Lomatium oreganum","LOOR3",21369430494,1534.730011,3.220000267,"native"
"5260","Isocoma acradenia","Isocoma acradenia","ISAC2",5.25e+11,1471.01001,7.460000396,"native"
"5261","Pectis angustifolia","Pectis angustifolia","PEAN",7.31e+11,1342.459969,7.460000396,"native"
"5262","Hierochloe occidentalis","Anthoxanthum occidentale","HIOC",1.28e+11,4382.439758,4.129999638,"native"
"5263","Logfia californica","Filago californica","LOCA19",5.2e+11,3978.389893,7.399999976,"native"
"5264","Eriogonum lobbii","Eriogonum lobbii","ERLO2",1.88e+11,4005.909912,5.819999933,"native"
"5265","Orobanche vallicola","Orobanche vallicola","ORVA2",1.1e+11,2337.279892,5.719999552,"native"
"5266","Eriogonum hylophilum","Eriogonum hylophilum","ERHY3",8379502727,1061.60994,3.13999939,"native"
"5267","Lepidium barnebyanum","Lepidium barnebyanum","LEBA",8379502727,1061.60994,3.13999939,"native"
"5268","Mentzelia goodrichii","Mentzelia goodrichii","MEGO",8379502727,1061.60994,3.13999939,"native"
"5269","Saltugilia splendens","Saltugilia splendens","SASP12",1.26e+11,1311.560043,4.559999466,"native"
"5270","Cryptantha decipiens","Cryptantha decipiens","CRDE",4.52e+11,1471.01001,5.920000315,"native"
"5271","Carex vernacula","Carex vernacula","CAVE5",3.46e+11,3581.25,5.819999933,"native"
"5272","Silene sargentii","Silene sargentii","SISA",1.74e+11,2835.949951,5.920000315,"native"
"5273","Townsendia grandiflora","Townsendia grandiflora","TOGR",1.96e+11,1044.499969,4.9599998,"native"
"5274","Juncus hemiendytus","Juncus hemiendytus","JUHE",5.04e+11,3986.799911,5.819999933,"native"
"5275","Lotus junceus","Acmispon junceus","LOJU2",42815160244,2180.129944,4.549999714,"native"
"5276","Orogenia linearifolia","Lomatium linearifolium","ORLI",4.38e+11,3356.689972,7.360000014,"native"
"5277","Navarretia capillaris","Navarretia capillaris","NACA6",5.07e+11,3986.799911,5.819999933,"native"
"5278","Ceanothus papillosus","Ceanothus papillosus","CEPA2",58877684651,1413.490036,4.480000496,"native"
"5279","Trifolium macrocephalum","Trifolium macrocephalum","TRMA3",3.76e+11,3784.910004,4.5,"native"
"5280","Senecio astephanus","Senecio astephanus","SEAS2",1.08e+11,1311.560043,4.559999466,"native"
"5281","Phyllodoce breweri","Phyllodoce breweri","PHBR4",2.21e+11,2835.949951,5.819999933,"native"
"5282","Mertensia alpina","Mertensia lanceolata var. lanceolata","MEAL7",1.81e+11,1423.870041,4.010000229,"native"
"5283","Ziziphus obtusifolia","Sarcomphalus obtusifolius","ZIOB",6.59e+11,1239.149956,7.399999976,"native"
"5284","Carex straminiformis","Carex straminiformis","CAST7",4.34e+11,4411.669922,5.819999933,"native"
"5285","Arabis platysperma","Boechera platysperma","ARPL",5.46e+11,4005.909912,5.819999933,"native"
"5286","Amelanchier pallida","Amelanchier pallida","AMPA2",4.08e+11,4505.009766,5.819999933,"native"
"5287","Microseris laciniata","Microseris laciniata","MILA",2.5e+11,5363.609955,4.679999828,"native"
"5288","Cistanthe parryi","Cistanthe parryi","CIPA7",2.79e+11,1662,5.080000401,"native"
"5289","Lupinus chamissonis","Lupinus chamissonis","LUCH",1.11e+11,1822.35997,4.999999523,"native"
"5290","Cistanthe monosperma","Cistanthe monosperma","CIMO5",3.73e+11,4505.009766,5.819999933,"native"
"5291","Helianthus californicus","Helianthus californicus","HECA5",1.2e+11,1822.35997,5.719999552,"native"
"5292","Phacelia californica","Phacelia californica","PHCA",41119975394,3730.18988,4.269999981,"native"
"5293","Physostegia longisepala","Physostegia longisepala","PHLO11",10414576437,213.4000244,3.019999981,"native"
"5294","Oxytropis multiceps","Oxytropis multiceps","OXMU",1.59e+11,1328.619965,3.609999657,"native"
"5295","Nyctaginia capitata","Nyctaginia capitata","NYCA",2.21e+11,833.9500122,5.339999676,"native"
"5296","Plagiobothrys strictus","Plagiobothrys strictus","PLST2",1938114186,941.0499878,2.139999866,"native"
"5297","Poa napensis","Poa napensis","PONA",1938114186,941.0499878,2.139999866,"native"
"5298","Trichostema ruygtii","Trichostema ruygtii","TRRU11",1938114186,941.0499878,2.139999866,"native"
"5299","Collinsia rattanii","Collinsia rattanii","CORA2",1.88e+11,4352.389771,4.450000286,"native"
"5300","Emmenanthe penduliflora","Emmenanthe penduliflora","EMPE",4.77e+11,2835.949951,5.920000315,"native"
"5301","Lotus procumbens","Acmispon procumbens","LOPR3",1.84e+11,1396.719971,4.559999466,"native"
"5302","Urochloa arizonica","Urochloa arizonica","URAR",3.12e+11,1472.059998,5.75999999,"native"
"5303","Baileya pauciradiata","Baileya pauciradiata","BAPA",1.34e+11,1138.519951,5.019999504,"native"
"5304","Lupinus cusickii","Lupinus cusickii","LUCU3",79858022043,1521.339996,4.240000248,"native"
"5305","Syntrichopappus lemmonii","Syntrichopappus lemmonii","SYLE",1.11e+11,1311.560043,4.559999466,"native"
"5306","Arctostaphylos glandulosa","Arctostaphylos glandulosa","ARGL3",2.71e+11,4485.899765,4.999999523,"native"
"5307","Arceuthobium siskiyouense","Arceuthobium siskiyouense","ARSI10",42938825279,4284.919769,4.179999828,"native"
"5308","Arabis furcata","Arabis furcata","ARFU",69058714578,5808.670227,3.669999599,"native"
"5309","Hackelia nervosa","Hackelia nervosa","HANE",1.2e+11,2835.949951,5.819999933,"native"
"5310","Helianthus carnosus","Helianthus carnosus","HECA14",7230943129,149.1099854,2.809999943,"native"
"5311","Juncus tiehmii","Juncus tiehmii","JUTI",3.4e+11,3871.26001,5.819999933,"native"
"5312","Astragalus clarianus","Astragalus clarianus","ASCL6",6019605293,1339.299988,2.199999809,"native"
"5313","Ceanothus sonomensis","Ceanothus sonomensis","CESO",6019605293,1339.299988,2.199999809,"native"
"5314","Harmonia nutans","Harmonia nutans","HANU3",6019605293,1339.299988,2.199999809,"native"
"5315","Limnanthes vinculans","Limnanthes vinculans","LIVI3",6019605293,1339.299988,2.199999809,"native"
"5316","Lomatium cuspidatum","Lomatium cuspidatum","LOCU2",18363281598,3271.699966,2.890000343,"native"
"5317","Eriastrum harwoodii","Eriastrum harwoodii","ERHA5",1.44e+11,3978.389893,4.559999943,"native"
"5318","Castilleja fraterna","Castilleja fraterna","CAFR8",13423433701,1483.580017,2.460000038,"native"
"5319","Lythrum ovalifolium","Lythrum ovalifolium","LYOV",27524763759,582.2200012,2.230000019,"native"
"5320","Arctostaphylos bakeri","Arctostaphylos bakeri","ARBA4",4081491107,1319.099976,2.199999809,"native"
"5321","Arctostaphylos densiflora","Arctostaphylos densiflora","ARDE2",4081491107,1319.099976,2.199999809,"native"
"5322","Blennosperma bakeri","Blennosperma bakeri","BLBA",4081491107,1319.099976,2.199999809,"native"
"5323","Calochortus raichei","Calochortus raichei","CARA16",4081491107,1319.099976,2.199999809,"native"
"5324","Clarkia imbricata","Clarkia imbricata","CLIM",4081491107,1319.099976,2.199999809,"native"
"5325","Erigeron serpentinus","Erigeron serpentinus","ERSE8",4081491107,1319.099976,2.199999809,"native"
"5326","Potentilla uliginosa","Potentilla uliginosa","POUL",4081491107,1319.099976,2.199999809,"native"
"5327","Descurainia ramosissima","Descurainia pinnata subsp. brachycarpon","DERA2",26904258018,1374.510056,3.639999866,"native"
"5328","Collinsia greenei","Collinsia greenei","COGR3",59631140760,3601.179901,3.260000229,"native"
"5329","Penstemon purpusii","Penstemon purpusii","PEPU4",53611535467,3601.179901,3.260000229,"native"
"5330","Eriogonum saxatile","Eriogonum saxatile","ERSA6",2.65e+11,1662,5.080000401,"native"
"5331","Gymnosteris nudicaulis","Gymnosteris nudicaulis","GYNU",1.55e+11,1545.519989,4.980000019,"native"
"5332","Mertensia oblongifolia","Mertensia oblongifolia","MEOB",1.32e+12,3364.67997,7.460000396,"native"
"5333","Penstemon incertus","Penstemon incertus","PEIN3",1.41e+11,1396.719971,4.559999466,"native"
"5334","Clinopodium mimuloides","Clinopodium mimuloides","CLMI9",34642877491,1235.200043,4.559999466,"native"
"5335","Heuchera grossulariifolia","Heuchera grossulariifolia","HEGR8",2.74e+11,3525.910004,4.550000191,"native"
"5336","Stylocline gnaphalioides","Stylocline gnaphalioides","STGN",3.5e+11,2816.839951,5.859999895,"native"
"5337","Vaccinium simulatum","Vaccinium corymbosum","VASI2",6195751089,588.4700928,3.090000153,"native"
"5338","Atriplex phyllostegia","Atriplex phyllostegia","ATPH",3.2e+11,2055.810059,5.920000315,"native"
"5339","Allophyllum gilioides","Allophyllum gilioides","ALGI",5.72e+11,4005.909912,5.920000315,"native"
"5340","Rhamnus ilicifolia","Rhamnus crocea subsp. ilicifolia","RHIL",5.56e+11,3986.799911,7.399999976,"native"
"5341","Cryptantha milo-bakeri","Cryptantha milobakeri","CRMI4",98864598102,3785.819916,4.179999828,"native"
"5342","Plagiobothrys glyptocarpus","Plagiobothrys glyptocarpus","PLGL2",34598446556,2417.839966,3.260000229,"native"
"5343","Bassia californica","Bassia californica","BACA21",2.03e+11,2283.810059,5.920000315,"native"
"5344","Juncus macrophyllus","Juncus macrophyllus","JUMA3",2.46e+11,1489.249985,5.859999895,"native"
"5345","Allium dichlamydeum","Allium dichlamydeum","ALDI2",27637744309,2073.71994,3.760000229,"native"
"5346","Cordylanthus pringlei","Cordylanthus pringlei","COPR",38752187955,2458.73996,3.260000229,"native"
"5347","Sisyrinchium elmeri","Sisyrinchium elmeri","SIEL3",1.6e+11,3959.279892,5.719999552,"native"
"5348","Cirsium quercetorum","Cirsium quercetorum","CIQU2",54666717343,3855.819885,4.549999714,"native"
"5349","Keckiella lemmonii","Keckiella lemmonii","KELE",1.38e+11,3919.559906,5.819999933,"native"
"5350","Calystegia subacaulis","Calystegia subacaulis","CASU19",59107427533,2180.129944,4.549999714,"native"
"5351","Lupinus latifolius","Lupinus latifolius","LULA4",7.72e+11,5918.130234,7.360000014,"native"
"5352","Baccharis plummerae","Baccharis plummerae","BAPL",39414845807,1235.200043,4.559999466,"native"
"5353","Eriodictyon traskiae","Eriodictyon traskiae","ERTR6",39414845807,1235.200043,4.559999466,"native"
"5354","Galium cliftonsmithii","Galium cliftonsmithii","GACL2",39414845807,1235.200043,4.559999466,"native"
"5355","Camissonia subacaulis","Camissonia subacaulis","CASU18",8.76e+11,3364.67997,5.080000401,"native"
"5356","Selinocarpus diffusus","Acleisanthes diffusa","SEDI3",84180994948,816.1399994,5.309999943,"native"
"5357","Stenotus lanuginosus","Stenotus lanuginosus","STLA7",3.07e+11,3356.379974,4.550000191,"native"
"5358","Pedicularis semibarbata","Pedicularis semibarbata","PESE2",3.4e+11,3871.26001,5.819999933,"native"
"5359","Claytonia nevadensis","Claytonia nevadensis","CLNE",1.1e+11,2759.559952,5.719999552,"native"
"5360","Cypripedium fasciculatum","Cypripedium fasciculatum","CYFA",2.87e+11,4397.549759,4.539999485,"native"
"5361","Horkelia fusca","Horkelia fusca","HOFU",5.33e+11,3950.569916,5.819999933,"native"
"5362","Dalea hallii","Dalea hallii","DAHA",28398921908,481.9499512,2.519999981,"native"
"5363","Juncus orthophyllus","Juncus orthophyllus","JUOR",6.69e+11,5449.959961,5.819999933,"native"
"5364","Galium grayanum","Galium grayanum","GAGR2",1.18e+11,3892.039886,4.5,"native"
"5365","Phoradendron macrophyllum","Phoradendron macrophyllum","PHMA18",5.84e+11,2821.269951,7.399999976,"native"
"5366","Lilium humboldtii","Lilium humboldtii","LIHU",1.8e+11,2816.839951,5.719999552,"native"
"5367","Rafinesquia californica","Rafinesquia californica","RACA",4.86e+11,3978.389893,5.859999895,"native"
"5368","Arabis breweri","Boechera breweri","ARBR",1.99e+11,4485.899765,5.719999552,"native"
"5369","Pinus coulteri","Pinus coulteri","PICO3",1.5e+11,1822.35997,4.999999523,"native"
"5370","Eriogonum nealleyi","Eriogonum nealleyi","ERNE5",27913955669,378.6799927,1.159999371,"native"
"5371","Pterostegia drymarioides","Pterostegia drymarioides","PTDR",5.85e+11,3978.389893,7.399999976,"native"
"5372","Allium madidum","Allium madidum","ALMA6",1.43e+11,1945.28006,4.240000248,"native"
"5373","Hulsea nana","Hulsea nana","HUNA",1.68e+11,3759.650009,4.5,"native"
"5374","Acaciella leucothrix","Acaciella hartwegii","ACLE10",15316001318,111.9200134,1.389999866,"native"
"5375","Corispermum navicula","Corispermum navicula","CONA4",4179530258,1469.170044,2.840000153,"native"
"5376","Phacelia formosula","Phacelia formosula","PHFO2",4179530258,1469.170044,2.840000153,"native"
"5377","Elymus multisetus","Elymus multisetus","ELMU3",9.56e+11,4505.009766,7.460000396,"native"
"5378","Mahonia trifoliolata","Berberis trifoliolata","MATR3",2.39e+11,841.0999756,4.259999752,"native"
"5379","Penstemon diphyllus","Penstemon diphyllus","PEDI5",1.21e+11,2052.399979,3.300000191,"native"
"5380","Chrysopsis lanuginosa","Chrysopsis lanuginosa","CHLA21",15248152038,334.4599609,2.590000153,"native"
"5381","Collomia mazama","Collomia mazama","COMA",35642504345,2353.539886,3.669999599,"native"
"5382","Stephanomeria pauciflora","Stephanomeria pauciflora","STPA4",1.36e+12,1662,7.460000396,"native"
"5383","Chrysolepis sempervirens","Chrysolepis sempervirens","CHSE11",3.44e+11,4005.909912,5.819999933,"native"
"5384","Juncus tweedyi","Juncus tweedyi","JUTW",40643733401,1898.22995,3.609999657,"native"
"5385","Blepharipappus scaber","Blepharipappus scaber","BLSC",4.66e+11,3950.569916,4.550000191,"native"
"5386","Juniperus californica","Juniperus californica","JUCA7",2.98e+11,2816.839951,5.719999552,"native"
"5387","Limnanthes pumila","Limnanthes floccosa subsp. pumila","LIPU8",7208597907,1224.130005,1.579999924,"native"
"5388","Ranunculus austrooreganus","Ranunculus austro-oreganus","RAAU",7208597907,1224.130005,1.579999924,"native"
"5389","Rosa myriadenia","Rosa myriadena","ROMY",7208597907,1224.130005,1.579999924,"native"
"5390","Streptanthus drepanoides","Streptanthus drepanoides","STDR2",45628113359,2417.839966,3.260000229,"native"
"5391","Achnatherum coronatum","Eriocoma coronata","ACCO21",1.49e+11,1424.10997,4.559999466,"native"
"5392","Monardella exilis","Monardella exilis","MOEX",1.22e+11,1396.719971,4.559999466,"native"
"5393","Lupinus aridus","Lupinus aridus","LUAR7",8.58e+11,3958.869911,7.460000396,"native"
"5394","Salvia columbariae","Salvia columbariae","SACO6",6.11e+11,2835.949951,7.460000396,"native"
"5395","Eriogonum vimineum","Eriogonum vimineum","ERVI5",4.4e+11,3815.920013,4.550000191,"native"
"5396","Delphinium decorum","Delphinium decorum","DEDE",97893715899,3758.299896,4.599999905,"native"
"5397","Helianthus cusickii","Helianthus cusickii","HECU2",2.8e+11,3804.900009,4.550000191,"native"
"5398","Linum macrocarpum","Linum macrocarpum","LIMA10",9989357144,290.5899658,3.170000076,"native"
"5399","Muhlenbergia arenicola","Muhlenbergia arenicola","MUAR2",5.27e+11,936.3700027,5.619999647,"native"
"5400","Polemonium carneum","Polemonium carneum","POCA4",1.87e+11,5340.590149,4.630000114,"native"
"5401","Chamaesyce fendleri","Euphorbia fendleri","CHFE3",1.35e+12,1397.25,7.460000396,"native"
"5402","Oxalis trilliifolia","Oxalis trilliifolia","OXTR",1.34e+11,4631.93985,4.75,"native"
"5403","Lupinus agardhianus","Lupinus agardhianus","LUAG",37675190189,1306.500046,4.559999466,"native"
"5404","Navarretia leptalea","Navarretia leptalea","NALE5",3.21e+11,3959.279892,5.819999933,"native"
"5405","Polygonella macrophylla","Polygonella macrophylla","POMA14",12797122178,277.6900635,2.720000267,"native"
"5406","Ribes nevadense","Ribes nevadense","RINE",3.28e+11,4005.909912,5.819999933,"native"
"5407","Erigeron aliceae","Erigeron aliceae","ERAL3",1.31e+11,5285.879959,4.630000114,"native"
"5408","Wyethia amplexicaulis","Wyethia amplexicaulis","WYAM",7.27e+11,3526.220001,5.080000401,"native"
"5409","Asarum wagneri","Asarum wagneri","ASWA6",47444058261,3084.299896,3.669999599,"native"
"5410","Ribes victoris","Ribes victoris","RIVI2",18577336362,1975.359955,2.900000095,"native"
"5411","Physaria stylosa","Physaria acutifolia var. acutifolia","PHST14",16617328640,1295.430008,3.300000191,"native"
"5412","Carex spissa","Carex spissa","CASP6",66134858007,2259.64006,4.559999466,"native"
"5413","Oenothera coronopifolia","Oenothera coronopifolia","OECO2",8.5e+11,1704.03006,7.460000396,"native"
"5414","Gentianopsis simplex","Gentianopsis simplex","GESI3",4.56e+11,3959.279892,5.819999933,"native"
"5415","Nama californicum","Nama californica","NACA3",1.33e+11,1624.87999,4.459999561,"native"
"5416","Bromus suksdorfii","Bromus suksdorfii","BRSU2",3.05e+11,4440.310059,5.819999933,"native"
"5417","Silene hookeri","Silene hookeri","SIHO",1.24e+11,4284.919769,4.630000114,"native"
"5418","Lupinus parviflorus","Lupinus argenteus var. parviflorus","LUPA8",3.99e+11,2221.379921,7.219999671,"native"
"5419","Fritillaria eastwoodiae","Fritillaria eastwoodiae","FREA",36029124349,2574.399963,3.260000229,"native"
"5420","Pinus jeffreyi","Pinus jeffreyi","PIJE",4.07e+11,4505.009766,5.819999933,"native"
"5421","Angelica wheeleri","Angelica wheeleri","ANWH",25824693870,1302.190018,3.870000362,"native"
"5422","Allium peninsulare","Allium peninsulare","ALPE",2.52e+11,3959.279892,5.719999552,"native"
"5423","Malacothamnus davidsonii","Malacothamnus davidsonii","MADA",27558900663,1235.200043,4.559999466,"native"
"5424","Calystegia purpurata","Calystegia purpurata","CAPU18",78143766575,3855.819885,4.549999714,"native"
"5425","Antennaria argentea","Antennaria argentea","ANAR5",2.51e+11,3895.379913,5.819999933,"native"
"5426","Penstemon guadalupensis","Penstemon guadalupensis","PEGU",21231104771,405.2099915,1.889999866,"native"
"5427","Porterella carnosula","Porterella carnosula","POCA15",4.02e+11,3822.860008,7.360000014,"native"
"5428","Astragalus linifolius","Astragalus linifolius","ASLI5",17384018024,1007.379944,3.56000042,"native"
"5429","Collinsia torreyi","Collinsia torreyi","COTO",3.54e+11,4505.009766,5.819999933,"native"
"5430","Mitella stauropetala","Mitella stauropetala","MIST3",5.47e+11,3356.689972,7.460000396,"native"
"5431","Hesperocnide tenella","Hesperocnide tenella","HETE5",2.68e+11,2816.839951,5.819999933,"native"
"5432","Eschscholzia papastillii","Eschscholzia papastillii","ESPA3",1.13e+11,1138.519951,4.459999561,"native"
"5433","Eriogonum sphaerocephalum","Eriogonum sphaerocephalum","ERSP7",4.32e+11,3941.579926,4.5,"native"
"5434","Carlowrightia texana","Carlowrightia texana","CATE15",1.39e+11,738.9700165,2.96999979,"native"
"5435","Mimetanthe pilosa","Mimetanthe pilosa","MIPI5",8.74e+11,4005.909912,7.460000396,"native"
"5436","Dichelostemma capitatum","Dichelostemma capitatum","DICA14",7.51e+11,4505.009766,7.460000396,"native"
"5437","Lupinus alpicola","Lupinus sericeus subsp. sericeus","LUAL6",38277876652,3283.149963,3.279999733,"native"
"5438","Saxifraga apetala","Micranthes apetala","SAAP4",38277876652,3283.149963,3.279999733,"native"
"5439","Arctostaphylos pallida","Arctostaphylos pallida","ARPA21",3766831060,488.9500122,4.110000134,"native"
"5440","Lupinus luteolus","Lupinus luteolus","LULU2",1.23e+11,4362.509766,4.599999905,"native"
"5441","Tephrosia potosina","Tephrosia potosina","TEPO",7224564245,345.75,1.259999752,"native"
"5442","Chorizanthe polygonoides","Chorizanthe polygonoides","CHPO4",1.16e+11,2811.779953,5.819999933,"native"
"5443","Silene oregana","Silene oregana","SIOR3",4.32e+11,4384.970062,4.46999979,"native"
"5444","Carex brainerdii","Carex brainerdii","CABR7",1.88e+11,3957.509911,5.719999552,"native"
"5445","Kyhosia bolanderi","Kyhosia bolanderi","KYBO",1.72e+11,3894.299911,5.819999933,"native"
"5446","Calamagrostis breweri","Calamagrostis breweri","CABR",1.23e+11,3871.26001,5.719999552,"native"
"5447","Senecio serra","Senecio serra","SESE2",1.07e+12,4440.310059,7.460000396,"native"
"5448","Claytonia saxosa","Claytonia saxosa","CLSA3",67303836560,3758.299896,4,"native"
"5449","Sphaeralcea coulteri","Sphaeralcea coulteri","SPCO2",86616625353,809.179985,5.159999847,"native"
"5450","Lotus oblongifolius","Hosackia oblongifolia","LOOB2",4.4e+11,4505.009766,5.819999933,"native"
"5451","Dudleya caespitosa","Dudleya caespitosa","DUCA4",60768728290,2180.129944,4.549999714,"native"
"5452","Hackelia cinerea","Hackelia cinerea","HACI2",1.22e+11,2100.799927,3.949999809,"native"
"5453","Eleocharis cylindrica","Eleocharis cylindrica","ELCY",17287181947,612.2499695,1.869999886,"native"
"5454","Echinocereus enneacanthus","Echinocereus enneacanthus","ECEN2",1.33e+11,706.6199799,2.210000038,"native"
"5455","Puccinellia lucida","Puccinellia nutkaensis","PULU2",8325730280,4998.940186,2.5,"native"
"5456","Juncus textilis","Juncus textilis","JUTE2",1.48e+11,1377.60997,4.559999466,"native"
"5457","Cryptantha cinerea","Cryptantha cinerea","CRCI3",1.39e+12,1662,7.460000396,"native"
"5458","Aquilegia eximia","Aquilegia eximia","AQEX",68966652139,2233.819885,5.269999743,"native"
"5459","Rudbeckia occidentalis","Rudbeckia occidentalis","RUOC2",6.74e+11,4570.639923,7.460000396,"native"
"5460","Abies lowiana","Abies concolor","ABLO",3.61e+11,3978.389893,5.819999933,"native"
"5461","Saxifraga idahoensis","Micranthes idahoensis","SAID",1.19e+11,5347.080154,3.529999733,"native"
"5462","Lupinus saxosus","Lupinus saxosus","LUSA2",3e+11,3356.379974,4.46999979,"native"
"5463","Githopsis pulchella","Githopsis pulchella","GIPU2",50251565508,2636.089951,5.24000001,"native"
"5464","Fritillaria recurva","Fritillaria recurva","FRRE",1.59e+11,4362.689758,4.679999828,"native"
"5465","Eryngium pinnatisectum","Eryngium pinnatisectum","ERPI4",12434333053,1341.980011,4.419999838,"native"
"5466","Adiantum jordanii","Adiantum jordanii","ADJO",2.97e+11,4505.009766,5.719999552,"native"
"5467","Layia hieracioides","Layia hieracioides","LAHI3",37275726856,1315.090027,4.549999714,"native"
"5468","Erigeron garrettii","Erigeron garrettii","ERGA3",10159769581,1155.200012,3.260000229,"native"
"5469","Vanilla phaeantha","Vanilla phaeantha","VAPH",10088177906,371.2999268,3.869999886,"native"
"5470","Lithophragma campanulatum","Lithophragma campanulatum","LICA21",1.17e+11,4284.919769,4.179999828,"native"
"5471","Eucephalus ledophyllus","Eucephalus ledophyllus","EULE14",1.56e+11,4311.740051,4.630000114,"native"
"5472","Ribes binominatum","Ribes binominatum","RIBI",1.36e+11,4306.299759,4.179999828,"native"
"5473","Layia carnosa","Layia carnosa","LACA4",26294473689,3835.889893,2.970000267,"native"
"5474","Cryptantha muricata","Cryptantha muricata","CRMU2",4.43e+11,2835.949951,5.859999895,"native"
"5475","Navarretia eriocephala","Navarretia eriocephala","NAER",14749869411,1596.780029,4.419999838,"native"
"5476","Musineon vaginatum","Musineon vaginatum","MUVA",21407114709,1335.630051,3.230000496,"native"
"5477","Eriophyllum ambiguum","Eriophyllum ambiguum","ERAM3",2.12e+11,1662,5.080000401,"native"
"5478","Ceanothus parryi","Ceanothus parryi","CEPA3",31573045248,3643.249878,3.380000114,"native"
"5479","Monardella douglasii","Monardella douglasii","MODO",86587558003,2264.700058,5.719999552,"native"
"5480","Cercis orbiculata","Cercis orbiculata","CEOR9",4.75e+11,3945.389893,7.460000396,"native"
"5481","Carex fissuricola","Carex fissuricola","CAFI2",1.66e+11,2835.949951,5.819999933,"native"
"5482","Bolandra californica","Bolandra californica","BOCA",23896560220,1515.050034,5.24000001,"native"
"5483","Chaetopappa effusa","Chaetopappa effusa","CHEF",25855813631,355.3400269,1.800000191,"native"
"5484","Lathyrus vestitus","Lathyrus vestitus","LAVE2",2.93e+11,4485.899765,4.999999523,"native"
"5485","Ferocactus hamatacanthus","Ferocactus hamatacanthus","FEHA2",1.11e+11,781.1800079,5.019999981,"native"
"5486","Lesquerella garrettii","Physaria garrettii","LEGA2",10934270339,1155.200012,3.260000229,"native"
"5487","Ribes californicum","Ribes californicum","RICA",1.33e+11,3954.219894,4.999999523,"native"
"5488","Plagiobothrys chorisianus","Plagiobothrys chorisianus","PLCH",28334516981,1315.090027,4.039999962,"native"
"5489","Ranunculus populago","Ranunculus populago","RAPO",2.46e+11,4005.909912,4.519999504,"native"
"5490","Calamovilfa curtissii","Sporobolus vaseyi","CACU",13883592055,499.4700928,3.119999886,"native"
"5491","Balsamorhiza sericea","Balsamorhiza sericea","BASE4",1.15e+11,3895.379913,4.270000458,"native"
"5492","Astragalus sheldonii","Astragalus sheldonii","ASSH2",43135152174,1830.749908,3.220000267,"native"
"5493","Astragalus conjunctus","Astragalus conjunctus","ASCO11",1.67e+11,3470.720001,4.240000248,"native"
"5494","Elatine californica","Elatine californica","ELCA",3.38e+11,4744.229843,7.360000014,"native"
"5495","Desmanthus velutinus","Desmanthus velutinus","DEVE2",2.48e+11,1037.740051,3.009999752,"native"
"5496","Iris macrosiphon","Iris macrosiphon","IRMA",1.28e+11,3806.159897,5.319999933,"native"
"5497","Clarkia rubicunda","Clarkia rubicunda","CLRU",31539726816,1315.090027,4.549999714,"native"
"5498","Streptanthus tortuosus","Streptanthus tortuosus","STTO3",2.97e+11,4505.009766,5.819999933,"native"
"5499","Hieracium cynoglossoides","Hieracium scouleri","HICY",5.49e+11,5357.219955,4.700000286,"native"
"5500","Arnica discoidea","Arnica discoidea","ARDI6",3.18e+11,4418.65976,5.819999933,"native"
"5501","Malacothrix coulteri","Malacothrix coulteri","MACO3",3.76e+11,1519.359985,5.920000315,"native"
"5502","Hieracium horridum","Hieracium horridum","HIHO",3e+11,4505.009766,5.819999933,"native"
"5503","Lupinus breweri","Lupinus breweri","LUBR3",2.5e+11,3871.26001,5.819999933,"native"
"5504","Navarretia mellita","Navarretia mellita","NAME",77256314756,3855.819885,5.269999743,"native"
"5505","Dichelostemma multiflorum","Dichelostemma multiflorum","DIMU5",1.55e+11,4393.399765,5.819999933,"native"
"5506","Cordylanthus eremicus","Cordylanthus eremicus","COER6",1.12e+11,1396.719971,4.459999561,"native"
"5507","Keckiella ternata","Keckiella ternata","KETE",1.39e+11,1377.60997,4.559999466,"native"
"5508","Passiflora affinis","Passiflora affinis","PAAF",52413089420,678.9800415,2.400000095,"native"
"5509","Penstemon cyaneus","Penstemon cyaneus","PECY3",2.18e+11,1943.199905,4.020000458,"native"
"5510","Dalea jamesii","Dalea jamesii","DAJA",4.91e+11,1085.219971,5.339999676,"native"
"5511","Cryptantha simulans","Cryptantha simulans","CRSI2",4.47e+11,3986.799911,5.819999933,"native"
"5512","Calydorea coelestina","Salpingostylis coelestina","CACO72",9891285714,173.5200195,2.869999886,"native"
"5513","Polygonum davisiae","Koenigia davisiae","PODA",2.62e+11,4651.729843,5.819999933,"native"
"5514","Thamnosma texana","Thamnosma texana","THTE2",4.1e+11,1048.939972,7.399999976,"native"
"5515","Lotus strigosus","Acmispon strigosus","LOST4",4.56e+11,2835.949951,5.859999895,"native"
"5516","Dudleya lanceolata","Dudleya lanceolata","DULA",1.65e+11,1377.60997,4.559999466,"native"
"5517","Phlox kelseyi","Phlox kelseyi","PHKE",2.05e+11,1678.060043,5.080000401,"native"
"5518","Wyethia glabra","Wyethia glabra","WYGL",58779059787,3855.819885,5.269999743,"native"
"5519","Allium jepsonii","Allium jepsonii","ALJE",16602918466,2574.399963,4.580000162,"native"
"5520","Eriogonum purpusii","Eriogonum kennedyi var. purpusii","ERPU15",64604853089,1662,4.980000019,"native"
"5521","Scutellaria antirrhinoides","Scutellaria antirrhinoides","SCAN4",2.79e+11,4394.479767,4.679999828,"native"
"5522","Eurybia integrifolia","Eurybia integrifolia","EUIN9",6.21e+11,2780.609955,5.920000315,"native"
"5523","Mertensia bella","Mertensia bella","MEBE",84966262415,3785.819916,3.730000019,"native"
"5524","Juncus trilocularis","Juncus trilocularis","JUTR6",3.32e+11,3784.910004,5.819999933,"native"
"5525","Lupinus prunophilus","Lupinus prunophilus","LUPR2",4.9e+11,5422.120155,7.460000396,"native"
"5526","Penstemon cyananthus","Penstemon cyananthus","PECY2",1.99e+11,1954.669952,4.040000439,"native"
"5527","Adenostoma fasciculatum","Adenostoma fasciculatum","ADFA",2.79e+11,3959.279892,5.719999552,"native"
"5528","Physaria scrotiformis","Physaria scrotiformis","PHSC",4376522013,970.4300232,5.059999943,"native"
"5529","Amsinckia lunaris","Amsinckia lunaris","AMLU",45724100582,3651.170013,4.599999905,"native"
"5530","Cuscuta squamata","Cuscuta squamata","CUSQ",71747461610,416.3100128,1.380000114,"native"
"5531","Hydrophyllum occidentale","Hydrophyllum occidentale","HYOC",4.79e+11,3962.900047,7.360000014,"native"
"5532","Monardella undulata","Monardella undulata","MOUN",31997876219,1718.899963,4.039999962,"native"
"5533","Phacelia nemoralis","Phacelia nemoralis","PHNE2",2.28e+11,5814.670227,4.579999924,"native"
"5534","Eriogonum spergulinum","Eriogonum spergulinum","ERSP6",4.26e+11,3871.26001,5.819999933,"native"
"5535","Selaginella asprella","Selaginella asprella","SEAS",1.28e+11,1377.60997,4.559999466,"native"
"5536","Camissonia tanacetifolia","Camissonia tanacetifolia","CATA2",4.75e+11,3824.220009,5.080000401,"native"
"5537","Tragia amblyodonta","Tragia amblyodonta","TRAM9",2.45e+11,914.6099396,5.339999676,"native"
"5538","Salix monochroma","Salix monochroma","SAMO4",1.46e+11,3193.859894,4.320000648,"native"
"5539","Cyperus pallidicolor","Cyperus pallidicolor","CYPA24",33931812387,805.2700195,4.169999599,"native"
"5540","Lathyrus pauciflorus","Lathyrus pauciflorus","LAPA5",4.82e+11,4385.28006,7.360000014,"native"
"5541","Monardella lanceolata","Monardella breweri subsp. lanceolata","MOLA2",2.67e+11,2835.949951,5.819999933,"native"
"5542","Coptis occidentalis","Coptis occidentalis","COOC",93063745054,2133.799927,3.199999809,"native"
"5543","Frangula rubra","Frangula rubra","FRRU",2.88e+11,3978.389893,5.819999933,"native"
"5544","Astragalus applegatei","Astragalus applegatei","ASAP",15391639803,1835.720062,3.029999733,"native"
"5545","Lophophora williamsii","Lophophora williamsii","LOWI",47472294658,383.5800171,1.419999599,"native"
"5546","Pedicularis attollens","Pedicularis attollens","PEAT",3.01e+11,3871.26001,5.819999933,"native"
"5547","Ambrosia ilicifolia","Ambrosia ilicifolia","AMIL2",54663971605,773.4799728,5.010000229,"native"
"5548","Astragalus crotalariae","Astragalus crotalariae","ASCR5",54663971605,773.4799728,5.010000229,"native"
"5549","Mirabilis tenuiloba","Mirabilis tenuiloba","MITE",54663971605,773.4799728,5.010000229,"native"
"5550","Psorothamnus schottii","Psorothamnus schottii","PSSC5",54663971605,773.4799728,5.010000229,"native"
"5551","Trichostema austromontanum","Trichostema austromontanum","TRAU",1.25e+11,1642.889999,4.459999561,"native"
"5552","Notholithocarpus densiflorus","Notholithocarpus densiflorus","NODE3",2.21e+11,4409.539764,5.719999552,"native"
"5553","Sairocarpus multiflorus","Sairocarpus multiflorus","SAMU2",1.36e+11,1642.889999,5.719999552,"native"
"5554","Arabis crucisetosa","Arabis crucisetosa","ARCR",35189155381,1793.139923,3.039999962,"native"
"5555","Coptis laciniata","Coptis laciniata","COLA3",1.11e+11,5024.849976,3.309999943,"native"
"5556","Diplacus linearis","Diplacus linearis","DILI4",4771968316,1074.980042,2.120000362,"native"
"5557","Dudleya verityi","Dudleya verityi","DUVE",4771968316,1074.980042,2.120000362,"native"
"5558","Malacothrix junakii","Malacothrix junakii","MAJU2",4771968316,1074.980042,2.120000362,"native"
"5559","Heliotropium confertifolium","Euploca confertifolia","HECO4",81925073200,505.5899658,1.769999981,"native"
"5560","Hieracium greenei","Hieracium greenei","HIGR2",1.32e+11,4284.919769,4.179999828,"native"
"5561","Packera flettii","Packera flettii","PAFL15",42616879077,5808.670227,4.579999924,"native"
"5562","Platystemon californicus","Platystemon californicus","PLCA5",5.41e+11,4505.009766,7.399999976,"native"
"5563","Packera bolanderi","Packera bolanderi","PABO6",1e+11,4426.959915,3.800000191,"native"
"5564","Trifolium amoenum","Trifolium amoenum","TRAM3",17153899554,1593.269958,4.99000001,"native"
"5565","Eriogonum douglasii","Eriogonum douglasii","ERDO",1.47e+11,3784.910004,4.46999979,"native"
"5566","Solanum parishii","Solanum umbelliferum var. glabrescens","SOPA",1.71e+11,4480.839767,4.679999828,"native"
"5567","Cirsium remotifolium","Cirsium remotifolium","CIRE",1.91e+11,5321.389954,4.179999828,"native"
"5568","Horkeliella congdonis","Horkeliella congdonis","HOCO5",46760429932,1662,4.459999561,"native"
"5569","Lupinus padre-crowleyi","Lupinus padre-crowleyi","LUPA6",46760429932,1662,4.459999561,"native"
"5570","Clarkia prostrata","Clarkia prostrata","CLPR",30043623638,1315.090027,4.039999962,"native"
"5571","Hesperocyparis sargentii","Hesperocyparis sargentii","HESA17",56313489408,3883.339905,3.949999809,"native"
"5572","Dalea lasiathera","Dalea lasiathera","DALA4",91138300697,637.3499756,2.199999809,"native"
"5573","Melica imperfecta","Melica imperfecta","MEIM",3.08e+11,2835.949951,5.719999552,"native"
"5574","Desmanthus obtusus","Desmanthus obtusus","DEOB2",1.96e+11,678.710022,2.619999409,"native"
"5575","Carex klamathensis","Carex klamathensis","CAKL",26351274298,3628.699921,3.260000229,"native"
"5576","Galactia floridana","Galactia floridana","GAFL3",10524976919,521.2099609,3.090000153,"native"
"5577","Boykinia major","Boykinia major","BOMA3",2.17e+11,4338.499771,5.330000162,"native"
"5578","Ribes roezlii","Ribes roezlii","RIRO",3.5e+11,4485.899765,5.819999933,"native"
"5579","Pickeringia montana","Pickeringia montana","PIMO5",2.12e+11,2816.839951,4.999999523,"native"
"5580","Castilleja affinis","Castilleja affinis","CAAF",2.82e+11,5430.84996,5.719999552,"native"
"5581","Setaria leucopila","Setaria leucopila","SELE6",7.49e+11,1285.099983,7.399999976,"native"
"5582","Nemophila kirtleyi","Nemophila kirtleyi","NEKI",1.41e+11,1924.659912,3.579999924,"native"
"5583","Quercus mohriana","Quercus mohriana","QUMO",2.04e+11,766.210022,4.700000286,"native"
"5584","Anemone deltoidea","Anemonastrum deltoideum","ANDE3",1.97e+11,4485.649918,4.630000114,"native"
"5585","Perideridia oregana","Perideridia oregana","PEOR6",2.6e+11,4393.399765,5.130000114,"native"
"5586","Stachys rigida","Stachys rigida","STRI",4.9e+11,5918.130234,5.819999933,"native"
"5587","Daucosma laciniata","Daucosma laciniata","DALA5",46280779160,663.7400208,2.759999752,"native"
"5588","Liatris tenuis","Liatris tenuis","LITE",14264231941,327.2700195,1.480000019,"native"
"5589","Piperia leptopetala","Platanthera leptopetala","PILE3",2.17e+11,3986.799911,5.719999552,"native"
"5590","Mahonia swaseyi","Berberis swaseyi","MASW",15814638170,337.4799805,1.800000191,"native"
"5591","Eschscholzia parishii","Eschscholzia parishii","ESPA",1.22e+11,1315.990044,4.459999561,"native"
"5592","Polygonum cascadense","Polygonum cascadense","POCA9",59002581995,3301.520111,3.909999371,"native"
"5593","Carex mariposana","Carex mariposana","CAMA13",2.34e+11,3871.26001,5.819999933,"native"
"5594","Zigadenus micranthus","Toxicoscordion micranthum","ZIMI2",1.48e+11,4456.609764,5.719999552,"native"
"5595","Phlox roemeriana","Phlox roemeriana","PHRO3",92538430497,953.4899597,3.179999828,"native"
"5596","Lomatium ciliolatum","Lomatium ciliolatum","LOCI",43833305393,3601.179901,3.260000229,"native"
"5597","Agrostis hallii","Agrostis hallii","AGHA2",1.2e+11,4382.439758,4.579999924,"native"
"5598","Cordylanthus tenuis","Cordylanthus tenuis","COTE3",2.45e+11,4428.619766,5.819999933,"native"
"5599","Erigeron inornatus","Erigeron inornatus","ERIN2",3.31e+11,4418.65976,5.819999933,"native"
"5600","Calochortus argillosus","Calochortus argillosus","CAAR44",30714539903,1718.899963,3.46999979,"native"
"5601","Quercus parvula","Quercus parvula","QUPA8",30714539903,1718.899963,3.46999979,"native"
"5602","Malacothrix phaeocarpa","Malacothrix phaeocarpa","MAPH3",27476102192,1208.100037,2.899999619,"native"
"5603","Lepidium paysonii","Lepidium paysonii","LEPA42",2527123157,950.1600647,1.979999542,"native"
"5604","Festuca elmeri","Festuca elmeri","FEEL2",1.13e+11,3883.339905,4.549999714,"native"
"5605","Tragia ramosa","Tragia ramosa","TRRA5",1.02e+12,1383.979965,7.460000396,"native"
"5606","Lotus benthamii","Acmispon cytisoides","LOBE2",30528523750,1718.899963,4.039999962,"native"
"5607","Lotus incanus","Acmispon decumbens var. decumbens","LOIN6",24575889570,2574.399963,3.140000343,"native"
"5608","Liatris densispicata","Liatris punctata var. punctata","LIDE4",3616875588,100.6999817,1.119999886,"native"
"5609","Whipplea modesta","Whipplea modesta","WHMO",1.78e+11,4610.719849,4.900000572,"native"
"5610","Anisocarpus scabridus","Anisocarpus scabridus","ANSC14",44370008037,2458.73996,3.260000229,"native"
"5611","Helianthella californica","Helianthella californica","HECA",2.45e+11,3838.26001,5.819999933,"native"
"5612","Achnatherum thurberianum","Eriocoma thurberiana","ACTH7",7.13e+11,3871.26001,5.920000315,"native"
"5613","Solidago faucibus","Solidago faucibus","SOFA",24303501323,1022.23999,2.220000267,"native"
"5614","Deinandra pentactis","Deinandra pentactis","DEPE5",25150676994,1208.100037,4.039999962,"native"
"5615","Ligusticum apiifolium","Lomatium dissectum","LIAP",1.83e+11,5297.339966,4.900000572,"native"
"5616","Lilium pardalinum","Lilium pardalinum","LIPA",3.84e+11,4505.009766,5.719999552,"native"
"5617","Synthyris reniformis","Veronica regina-nivalis","SYRE",1.48e+11,5229.869965,4.630000114,"native"
"5618","Fritillaria pinetorum","Fritillaria pinetorum","FRPI",1.9e+11,1642.889999,5.080000401,"native"
"5619","Asclepias asperula","Asclepias asperula","ASAS",1.32e+12,1494.219955,7.460000396,"native"
"5620","Pholistoma auritum","Pholistoma auritum","PHAU4",4.2e+11,2288.019951,7.399999976,"native"
"5621","Sericocarpus oregonensis","Sericocarpus oregonensis","SEOR6",1.66e+11,4364.089767,5.529999971,"native"
"5622","Heliotropium torreyi","Euploca torreyi","HETO",1.1e+11,663.6299896,1.419999599,"native"
"5623","Filipendula occidentalis","Filipendula occidentalis","FIOC",11874081350,3657.309937,2.470000267,"native"
"5624","Saxifraga aprica","Micranthes aprica","SAAP3",2.01e+11,4005.909912,5.819999933,"native"
"5625","Erythronium hendersonii","Erythronium hendersonii","ERHE7",55853497610,4284.919769,4.179999828,"native"
"5626","Chorizanthe fimbriata","Chorizanthe fimbriata","CHFI2",42436138544,773.4799728,3.03000021,"native"
"5627","Chaetopappa bellidifolia","Chaetopappa bellidifolia","CHBE2",58712461969,599.9899902,1.900000095,"native"
"5628","Hesperocyparis macrocarpa","Hesperocyparis macrocarpa","HEMA22",19089121180,3749.409882,2.639999866,"native"
"5629","Centaurium calycosum","Zeltnera calycosa","CECA3",1.52e+11,902.6300049,2.519999981,"native"
"5630","Chrysopsis godfreyi","Chrysopsis godfreyi","CHGO2",11385213792,223.1800537,2.590000153,"native"
"5631","Cevallia sinuata","Cevallia sinuata","CESI",2.63e+11,877.7799683,5.480000019,"native"
"5632","Lessingia tenuis","Lessingia tenuis","LETE8",30813772044,1208.100037,2.899999619,"native"
"5633","Lesquerella sessilis","Physaria sessilis","LESE",51619212576,755.72995,2.569999695,"native"
"5634","Bromus orcuttianus","Bromus orcuttianus","BROR2",5.31e+11,4485.899765,7.360000014,"native"
"5635","Juncus occidentalis","Juncus occidentalis","JUOC2",2.93e+11,5937.240234,5.819999933,"native"
"5636","Allium aaseae","Allium aaseae","ALAA",21875445132,1240.849976,3.920000076,"native"
"5637","Phacelia popei","Phacelia popei","PHPO",1.53e+11,787.7299805,4.700000286,"native"
"5638","Monolopia gracilens","Monolopia gracilens","MOGR",26473783352,1315.090027,4.549999714,"native"
"5639","Valeriana californica","Valeriana californica","VACA2",2.21e+11,3901.999893,5.819999933,"native"
"5640","Pellaea bridgesii","Hemionitis bridgesii","PEBR5",1.62e+11,2835.949951,5.819999933,"native"
"5641","Pellaea mucronata","Hemionitis mucronata","PEMU",4.03e+11,4005.909912,5.920000315,"native"
"5642","Hackelia amethystina","Hackelia amethystina","HAAM",41204178871,2574.399963,3.260000229,"native"
"5643","Aspidotis carlotta-halliae","Hemionitis carlotta-halliae","ASCA17",23902394683,1301.970032,3.319999695,"native"
"5644","Chorizanthe diffusa","Chorizanthe diffusa","CHDI3",26447032643,1315.090027,4.039999962,"native"
"5645","Sanicula hoffmannii","Sanicula hoffmannii","SAHO2",26447032643,1315.090027,4.039999962,"native"
"5646","Amphiachyris amoena","Amphiachyris amoena","AMAM3",57491733076,708.5400085,2.259999752,"native"
"5647","Penstemon barrettiae","Penstemon barrettiae","PEBA7",17778277241,4269.900055,2.610000134,"native"
"5648","Baptisia arachnifera","Baptisia arachnifera","BAAR",2810008004,129.7000732,0.900000095,"native"
"5649","Phlox colubrina","Phlox colubrina","PHCO10",52364289998,3045.159973,3.319999695,"native"
"5650","Githopsis diffusa","Githopsis diffusa","GIDI2",2.38e+11,3959.279892,5.719999552,"native"
"5651","Penstemon personatus","Penstemon personatus","PEPE3",15800121005,2610.039948,3.140000343,"native"
"5652","Spiranthes porrifolia","Spiranthes porrifolia","SPPO7",4.13e+11,4505.009766,5.819999933,"native"
"5653","Muhlenbergia pungens","Muhlenbergia pungens","MUPU2",6.15e+11,1368.809967,7.460000396,"native"
"5654","Jepsonia heterandra","Jepsonia heterandra","JEHE",21984267590,1515.050034,5.24000001,"native"
"5655","Hesperolinon micranthum","Linum micranthum","HEMI9",4.11e+11,3981.739914,5.819999933,"native"
"5656","Monardella antonina","Monardella odoratissima subsp. villosa","MOAN",27755547419,1208.100037,4.549999714,"native"
"5657","Silene campanulata","Silene campanulata","SICA5",1.38e+11,4284.919769,4.179999828,"native"
"5658","Carex whitneyi","Carex whitneyi","CAWH",2.17e+11,3871.26001,5.819999933,"native"
"5659","Cuscuta californica","Cuscuta californica","CUCA",7.34e+11,4505.009766,5.920000315,"native"
"5660","Warea sessilifolia","Warea sessilifolia","WASE",21040126175,368.0400391,2.720000267,"native"
"5661","Cirsium occidentale","Cirsium occidentale","CIOC",4.59e+11,4505.009766,5.819999933,"native"
"5662","Pinus lambertiana","Pinus lambertiana","PILA",4.3e+11,4485.899765,5.819999933,"native"
"5663","Astragalus curtipes","Astragalus curtipes","ASCU3",27728796710,1208.100037,2.899999619,"native"
"5664","Chorizanthe palmeri","Chorizanthe palmeri","CHPA8",27728796710,1208.100037,2.899999619,"native"
"5665","Chamaesyce ocellata","Euphorbia ocellata","CHOC",4.7e+11,3871.26001,5.819999933,"native"
"5666","Viola sheltonii","Viola sheltonii","VISH",3.24e+11,4485.899765,5.819999933,"native"
"5667","Arabis rectissima","Boechera rectissima","ARRE",1.97e+11,3852.150009,5.819999933,"native"
"5668","Gentiana newberryi","Gentiana newberryi","GENE",2.08e+11,3871.26001,5.819999933,"native"
"5669","Pediomelum californicum","Pediomelum californicum","PECA33",1.49e+11,2816.839951,4.999999523,"native"
"5670","Vancouveria hexandra","Vancouveria hexandra","VAHE",1.66e+11,5279.549957,4.630000114,"native"
"5671","Gayophytum heterozygum","Gayophytum heterozygum","GAHE3",4.5e+11,4416.14006,5.819999933,"native"
"5672","Sidalcea gigantea","Sidalcea gigantea","SIGI",24734677600,2610.039948,3.260000229,"native"
"5673","Sorbus californica","Sorbus californica","SOCA8",1.89e+11,3978.389893,5.819999933,"native"
"5674","Trifolium trichocalyx","Trifolium trichocalyx","TRTR",17581043621,2073.71994,2.699999809,"native"
"5675","Pappophorum vaginatum","Pappophorum philippianum","PAVA2",2.11e+11,1190.420044,5.339999676,"native"
"5676","Penstemon wilcoxii","Penstemon wilcoxii","PEWI",2.37e+11,2326.230103,3.980000496,"native"
"5677","Sisyrinchium bellum","Sisyrinchium bellum","SIBE",4.42e+11,4625.669922,5.819999933,"native"
"5678","Rubus oklahomus","Rubus pensilvanicus","RUOK",6581147672,210.5700073,1.869999886,"native"
"5679","Penstemon acuminatus","Penstemon acuminatus","PEAC",4.14e+11,3364.67997,5.080000401,"native"
"5680","Euphorbia roemeriana","Euphorbia roemeriana","EURO7",45184805293,656.789978,2.459999561,"native"
"5681","Rosa pinetorum","Rosa pinetorum","ROPI",17426844798,2606.96994,3.360000134,"native"
"5682","Ruellia noctiflora","Ruellia noctiflora","RUNO",32988138603,567.3299561,3.170000076,"native"
"5683","Phacelia suaveolens","Phacelia suaveolens","PHSU",29217813182,1306.500046,2.990000248,"native"
"5684","Rosa spithamea","Rosa spithamea","ROSP3",1.4e+11,4382.439758,4.809999943,"native"
"5685","Grindelia pusilla","Grindelia pusilla","GRPU2",40669316873,448.6400146,1.789999962,"native"
"5686","Symphoricarpos acutus","Symphoricarpos acutus","SYAC",1.17e+11,3784.910004,5.819999933,"native"
"5687","Juncus macrandrus","Juncus macrandrus","JUMA2",2.19e+11,2835.949951,5.719999552,"native"
"5688","Carex nudata","Carex nudata","CANU5",2.7e+11,4515.139923,5.590000391,"native"
"5689","Hypericum buckleii","Hypericum buckleyi","HYBU",9278692709,1354.580017,0.599999905,"native"
"5690","Hoita orbicularis","Hoita orbicularis","HOOR",2.16e+11,2816.839951,5.719999552,"native"
"5691","Plagiobothrys uncinatus","Plagiobothrys uncinatus","PLUN",23988716359,1208.100037,2.549999714,"native"
"5692","Astragalus ceramicus","Astragalus ceramicus","ASCE",7.52e+11,1387.189972,7.460000396,"native"
"5693","Desmodium lindheimeri","Desmodium lindheimeri","DELI",5468585455,326.7000122,1.190000057,"native"
"5694","Muhlenbergia torreyi","Muhlenbergia torreyi","MUTO2",6.04e+11,1342.459969,7.259999633,"native"
"5695","Juncus howellii","Juncus howellii","JUHO",1.85e+11,4328.700058,4.579999447,"native"
"5696","Calochortus uniflorus","Calochortus uniflorus","CAUN",96845393898,3883.339905,3.949999809,"native"
"5697","Juncus phaeocephalus","Juncus phaeocephalus","JUPH",2.04e+11,3959.279892,4.999999523,"native"
"5698","Chaenactis santolinoides","Chaenactis santolinoides","CHSA",1.27e+11,1377.60997,4.559999466,"native"
"5699","Chaenactis cusickii","Chaenactis cusickii","CHCU",59913261145,1513.619995,3.579999924,"native"
"5700","Carex fracta","Carex fracta","CAFR2",4.01e+11,4005.909912,5.819999933,"native"
"5701","Cynanchum maccartii","Metastelma palmeri","CYMA3",30500667684,526.8699951,1.829999924,"native"
"5702","Quercus vacciniifolia","Quercus vacciniifolia","QUVA",2.17e+11,4428.619766,5.819999933,"native"
"5703","Allium tolmiei","Allium tolmiei","ALTO",3.55e+11,3218.039886,4.46999979,"native"
"5704","Phoradendron libocedri","Phoradendron libocedri","PHLI4",2.13e+11,3986.799911,5.719999552,"native"
"5705","Allium campanulatum","Allium campanulatum","ALCA2",4.78e+11,3986.799911,5.819999933,"native"
"5706","Anelsonia eurycarpa","Anelsonia eurycarpa","ANEU",1.3e+11,1662,5.819999933,"native"
"5707","Angelica breweri","Angelica breweri","ANBR5",1.62e+11,2782.829948,5.819999933,"native"
"5708","Saxifraga bryophora","Micranthes bryophora","SABR7",1.87e+11,3871.26001,5.719999552,"native"
"5709","Allium parryi","Allium parryi","ALPA11",1.15e+11,1377.60997,4.459999561,"native"
"5710","Tridens buckleyanus","Tridentopsis buckleyana","TRBU",18029453470,292.7000122,1.800000191,"native"
"5711","Lycium berlandieri","Lycium berlandieri","LYBE",3.08e+11,1087.129944,5.480000019,"native"
"5712","Arctostaphylos canescens","Arctostaphylos canescens","ARCA5",1.22e+11,4490.329765,4.019999981,"native"
"5713","Ericameria linearifolia","Ericameria linearifolia","ERLI6",4.25e+11,2835.949951,5.920000315,"native"
"5714","Verbena plicata","Verbena plicata","VEPL",4.07e+11,1036.890045,7.399999976,"native"
"5715","Mimulus montioides","Erythranthe montioides","MIMO2",1.75e+11,1662,5.920000315,"native"
"5716","Prunus fremontii","Prunus fremontii","PRFR",40382843775,773.4799728,3.03000021,"native"
"5717","Xylorhiza orcuttii","Xylorhiza orcuttii","XYOR",40382843775,773.4799728,3.03000021,"native"
"5718","Penstemon heterodoxus","Penstemon heterodoxus","PEHE2",1.79e+11,3871.26001,5.819999933,"native"
"5719","Delphinium umbraculorum","Delphinium umbraculorum","DEUM",28904174031,1208.100037,2.899999619,"native"
"5720","Fritillaria ojaiensis","Fritillaria ojaiensis","FROJ",28904174031,1208.100037,2.899999619,"native"
"5721","Phacelia grisea","Phacelia grisea","PHGR3",28904174031,1208.100037,2.899999619,"native"
"5722","Angelica californica","Angelica californica","ANCA32",57268989945,2587.749939,4.110000134,"native"
"5723","Mimulus rattanii","Diplacus rattanii","MIRA",54828384260,2180.129944,4.549999714,"native"
"5724","Thermopsis californica","Thermopsis californica","THCA4",1.15e+11,3838.26001,4.659999847,"native"
"5725","Sisyrinchium hitchcockii","Sisyrinchium hitchcockii","SIHI4",26592533100,2545.649902,1.900000095,"native"
"5726","Rhexia parviflora","Rhexia parviflora","RHPA3",17650318625,320.1300049,2.720000267,"native"
"5727","Calochortus splendens","Calochortus splendens","CASP",1.61e+11,1642.829941,4.999999523,"native"
"5728","Carex nervina","Carex nervina","CANE5",1.19e+11,3919.559906,5.819999933,"native"
"5729","Lomatium piperi","Lomatium piperi","LOPI",2.32e+11,3895.379913,4.46999979,"native"
"5730","Selaginella bigelovii","Selaginella bigelovii","SEBI",1.76e+11,1822.35997,5.719999552,"native"
"5731","Yucca rupicola","Yucca rupicola","YURU",62032245748,461.2000122,2.200000286,"native"
"5732","Ipomopsis spicata","Ipomopsis spicata","IPSP",4.5e+11,1947.359909,4.020000458,"native"
"5733","Lesquerella prostrata","Physaria prostrata","LEPR3",28519318140,1140.320053,3.820000172,"native"
"5734","Asclepias fascicularis","Asclepias fascicularis","ASFA",8.02e+11,4505.009766,7.460000396,"native"
"5735","Heterotheca marginata","Heterotheca marginata","HEMA20",37723407743,643.4399719,5.159999847,"native"
"5736","Leptosiphon parviflorus","Leptosiphon parviflorus","LEPA51",61995533193,2259.64006,4.480000496,"native"
"5737","Erioneuron pilosum","Erioneuron pilosum","ERPI5",1.21e+12,1572.73999,7.460000396,"native"
"5738","Haploesthes greggii","Haploesthes greggii","HAGR4",1.9e+11,784.7200165,5.309999943,"native"
"5739","Callitriche trochlearis","Callitriche trochlearis","CATR2",58568105827,3855.819885,5.269999743,"native"
"5740","Garrya fremontii","Garrya fremontii","GAFR",2.85e+11,4480.839767,5.819999933,"native"
"5741","Yucca constricta","Yucca constricta","YUCO",1.02e+11,613.5699768,2.429999828,"native"
"5742","Carex breweri","Carex breweri","CABR12",2.15e+11,5937.240234,5.719999552,"native"
"5743","Phacelia argentea","Phacelia argentea","PHAR",13090472993,4311.729767,3.21999979,"native"
"5744","Chorizanthe obovata","Chorizanthe obovata","CHOB4",24132205715,1208.100037,2.899999619,"native"
"5745","Chorizanthe rectispina","Chorizanthe rectispina","CHRE",24132205715,1208.100037,2.899999619,"native"
"5746","Deinandra increscens","Deinandra increscens","DEIN15",24132205715,1208.100037,2.899999619,"native"
"5747","Horkelia yadonii","Horkelia yadonii","HOYA2",24132205715,1208.100037,2.899999619,"native"
"5748","Malacothamnus jonesii","Malacothamnus jonesii","MAJO",24132205715,1208.100037,2.899999619,"native"
"5749","Quercus kelloggii","Quercus kelloggii","QUKE",4.21e+11,4505.009766,5.819999933,"native"
"5750","Polemonium californicum","Polemonium californicum","POCA3",3.76e+11,5850.890228,5.819999933,"native"
"5751","Galphimia angustifolia","Galphimia angustifolia","GAAN3",21834931772,548.8900146,1.829999924,"native"
"5752","Townsendia florifer","Townsendia florifer","TOFL5",5.48e+11,3364.67997,5.080000401,"native"
"5753","Sullivantia oregana","Sullivantia oregana","SUOR",13313193040,3782.150085,2.180000305,"native"
"5754","Lathyrus polyphyllus","Lathyrus polyphyllus","LAPO3",1.88e+11,4634.769836,4.630000114,"native"
"5755","Saxifraga marshallii","Micranthes marshallii","SAMA5",1.11e+11,4284.919769,4.179999828,"native"
"5756","Monarda stanfieldii","Monarda stanfieldii","MOST5",4988059239,201.960022,1.75,"native"
"5757","Lotus nevadensis","Acmispon decumbens var. decumbens","LONE4",5.4e+11,5197.709961,5.819999933,"native"
"5758","Rorippa calycina","Rorippa calycina","ROCA",1.12e+11,1346.669968,4.010000229,"native"
"5759","Epidendrum acunae","Epidendrum acunae","EPAC",5170431469,251.3900146,2.21999979,"native"
"5760","Lechea lakelae","Lechea lakelae","LELA11",5170431469,251.3900146,2.21999979,"native"
"5761","Trichocentrum maculatum","Trichocentrum pulchrum","TRMA19",5170431469,251.3900146,2.21999979,"native"
"5762","Selaginella douglasii","Selaginella douglasii","SEDO",48138583804,4190.54007,3.059999943,"native"
"5763","Physostegia correllii","Physostegia correllii","PHCO17",20193578512,1099.659973,2.849999905,"native"
"5764","Tridens muticus","Tridens muticus","TRMU",1.16e+12,1295.910034,7.460000396,"native"
"5765","Arnica nevadensis","Arnica nevadensis","ARNE3",2.98e+11,5937.240234,5.819999933,"native"
"5766","Thelypodiopsis juniperorum","Thelypodiopsis juniperorum","THJU",5804023559,671.7700348,3.440000534,"native"
"5767","Arabis repanda","Yosemitea repanda","ARRE2",2.66e+11,3871.26001,5.819999933,"native"
"5768","Lotus grandiflorus","Lotus aegaeus","LOGR3",2.25e+11,2816.839951,5.719999552,"native"
"5769","Douglasia nivalis","Androsace nivalis","DONI",29412597143,3856.899918,3.059999466,"native"
"5770","Carex edwardsiana","Carex edwardsiana","CAED5",34896748389,355.3400269,1.800000191,"native"
"5771","Lilium washingtonianum","Lilium washingtonianum","LIWA",2.14e+11,3885.409912,5.590000391,"native"
"5772","Dendromecon rigida","Dendromecon rigida","DERI",2.48e+11,2816.839951,5.719999552,"native"
"5773","Hesperocyparis macnabiana","Hesperocyparis macnabiana","HEMA21",77754760018,2574.399963,3.380000114,"native"
"5774","Oonopsis foliosa","Oonopsis foliosa","OOFO",28428225280,745.1000366,2.879999638,"native"
"5775","Allium membranaceum","Allium membranaceum","ALME",66863826588,3837.469894,5.529999971,"native"
"5776","Arctostaphylos glauca","Arctostaphylos glauca","ARGL4",1.71e+11,1377.60997,5.719999552,"native"
"5777","Hackelia sharsmithii","Hackelia sharsmithii","HASH",1.16e+11,1471.01001,5.080000401,"native"
"5778","Philadelphus floridus","Philadelphus inodorus","PHFL4",1676140493,641.2700195,1.829999924,"native"
"5779","Potentilla wheeleri","Potentilla wheeleri","POWH",1.05e+11,1377.60997,4.92999959,"native"
"5780","Gutierrezia elegans","Gutierrezia elegans","GUEL2",2763958517,969.0499573,3.069999695,"native"
"5781","Packera mancosana","Packera mancosana","PAMA2",2763958517,969.0499573,3.069999695,"native"
"5782","Zigadenus fremontii","Toxicoscordion fremontii","ZIFR",2.52e+11,4485.899765,5.719999552,"native"
"5783","Carex roanensis","Carex roanensis","CARO10",2963703633,798.3299561,1.329999924,"native"
"5784","Erigeron petrophilus","Erigeron petrophilus","ERPE5",1.44e+11,3883.339905,5.319999933,"native"
"5785","Lomatium knokei","Lomatium knokei","LOKN",5949976986,3271.699966,2.890000343,"native"
"5786","Stachys albens","Stachys albens","STAL",3.49e+11,2835.949951,5.920000315,"native"
"5787","Mentzelia affinis","Mentzelia affinis","MEAF2",4.2e+11,1471.01001,5.859999895,"native"
"5788","Chorizanthe robusta","Chorizanthe robusta","CHRO",17415915168,1208.680023,3.760000229,"native"
"5789","Packera serpenticola","Packera serpenticola","PASE16",556804508,776.710083,0.449999809,"native"
"5790","Symphyotrichum rhiannon","Symphyotrichum rhiannon","SYRH",556804508,776.710083,0.449999809,"native"
"5791","Fremontodendron californicum","Fremontodendron californicum","FRCA6",3.65e+11,2816.839951,5.859999895,"native"
"5792","Salvia spathacea","Salvia spathacea","SASP3",65461520702,1410.219971,4.999999523,"native"
"5793","Triteleia lilacinum","Triteleia lilacina","TRLI8",32549296486,2515.929962,4.580000162,"native"
"5794","Poa tenerrima","Poa tenerrima","POTE5",40507880893,2658.759949,4.920000315,"native"
"5795","Lasthenia conjugens","Lasthenia conjugens","LACO6",35842189794,2160.199951,4.269999981,"native"
"5796","Stephanomeria virgata","Stephanomeria virgata","STVI2",4.58e+11,4485.899765,5.819999933,"native"
"5797","Erigeron howellii","Erigeron howellii","ERHO3",11608684906,3782.150085,1.700000286,"native"
"5798","Lotus crassifolius","Hosackia crassifolia","LOCR",4.64e+11,5430.84996,5.819999933,"native"
"5799","Allium burlewii","Allium burlewii","ALBU",1.39e+11,1377.60997,4.559999466,"native"
"5800","Giliastrum acerosum","Giliastrum acerosum","GIAC4",4.93e+11,1092.069977,7.259999633,"native"
"5801","Mentzelia gracilenta","Mentzelia gracilenta","MEGR",1.19e+11,1330.670044,5.719999552,"native"
"5802","Cheilanthes cooperae","Hemionitis cooperae","CHCO3",1.57e+11,2816.839951,5.719999552,"native"
"5803","Frankenia johnstonii","Frankenia johnstonii","FRJO",14460082169,112.0199585,1.389999866,"native"
"5804","Thymophylla tephroleuca","Thymophylla tephroleuca","THTE8",14460082169,112.0199585,1.389999866,"native"
"5805","Galium oreganum","Galium oreganum","GAOR",1.86e+11,5808.670227,4.630000114,"native"
"5806","Diplacus aurantiacus","Diplacus aurantiacus","DIAU",2.53e+11,4485.899765,5.719999552,"native"
"5807","Allium fimbriatum","Allium fimbriatum","ALFI2",2.03e+11,1661.939941,5.719999552,"native"
"5808","Castilleja rubicundula","Castilleja rubicundula","CARU20",1.3e+11,3791.210052,5.130000114,"native"
"5809","Allophyllum integrifolium","Allophyllum integrifolium","ALIN3",2.28e+11,2816.839951,5.819999933,"native"
"5810","Antennaria pulchella","Antennaria pulchella","ANPU8",1.14e+11,1714.910034,5.819999933,"native"
"5811","Ungnadia speciosa","Ungnadia speciosa","UNSP",2.17e+11,1255.789993,5.019999981,"native"
"5812","Phacelia mutabilis","Phacelia mutabilis","PHMU2",5.2e+11,5469.160156,5.819999933,"native"
"5813","Arenaria hookeri","Eremogone hookeri","ARHO4",6e+11,1587.450043,4.960000515,"native"
"5814","Caesalpinia caudata","Erythrostemon caudatus","CACA26",27932913176,179.9699707,1.399999619,"native"
"5815","Arctostaphylos hookeri","Arctostaphylos hookeri","ARHO3",19670447649,1315.090027,3.319999695,"native"
"5816","Gentianopsis holopetala","Gentianopsis holopetala","GEHO3",1.36e+11,1662,5.819999933,"native"
"5817","Astragalus didymocarpus","Astragalus didymocarpus","ASDI3",3.86e+11,1508.359985,5.920000315,"native"
"5818","Ponthieva brittoniae","Ponthieva brittoniae","POBR9",11530460772,371.2999268,3.869999886,"native"
"5819","Chorizanthe douglasii","Chorizanthe douglasii","CHDO2",21797686175,1315.090027,2.549999714,"native"
"5820","Minuartia douglasii","Minuartia douglasii","MIDO3",4.49e+11,4485.899765,5.859999895,"native"
"5821","Astragalus hyalinus","Astragalus hyalinus","ASHY2",1.77e+11,1346.669968,3.690000534,"native"
"5822","Buddleja sessiliflora","Buddleja sessiliflora","BUSE",45347564636,840.9699707,4.579999447,"native"
"5823","Sanicula maritima","Sanicula maritima","SAMA3",19079202581,1208.100037,2.559999943,"native"
"5824","Rhynchosida physocalyx","Rhynchosida physocalyx","RHPH2",3.18e+11,1168.949951,5.159999847,"native"
"5825","Lepechinia calycina","Lepechinia calycina","LECA3",76836400548,2713.379944,5.269999743,"native"
"5826","Galium hallii","Galium hallii","GAHA",1.08e+11,1377.60997,4.559999466,"native"
"5827","Stephanomeria elata","Stephanomeria elata","STEL3",1.43e+11,4382.439758,5.529999971,"native"
"5828","Psilostrophe bakeri","Psilostrophe bakeri","PSBA2",35783775613,1050.399963,3.800000191,"native"
"5829","Quercus berberidifolia","Quercus berberidifolia","QUBE5",2.5e+11,3959.279892,5.719999552,"native"
"5830","Quercus havardii","Quercus havardii","QUHA3",3.67e+11,1525.789955,7.460000396,"native"
"5831","Calylophus hartwegii","Oenothera hartwegii","CAHA14",8.34e+11,1092.069977,7.399999976,"native"
"5832","Phlox viscida","Phlox viscida","PHVI3",1.99e+11,3091.419983,4.46999979,"native"
"5833","Eriodictyon crassifolium","Eriodictyon crassifolium","ERCR2",83596530585,1228.000046,4.559999466,"native"
"5834","Perideridia lemmonii","Perideridia lemmonii","PELE5",1.81e+11,2769.589951,5.819999933,"native"
"5835","Silene lemmonii","Silene lemmonii","SILE2",3.03e+11,4485.899765,5.819999933,"native"
"5836","Camissonia intermedia","Camissoniopsis intermedia","CAIN23",91334798016,1419.049973,5.719999552,"native"
"5837","Scutellaria californica","Scutellaria californica","SCCA3",89404326098,3752.479889,4.830000162,"native"
"5838","Paronychia ahartii","Paronychia ahartii","PAAH",21654897010,2417.839966,3.260000229,"native"
"5839","Polygonum bidwelliae","Polygonum bidwelliae","POBI4",21654897010,2417.839966,3.260000229,"native"
"5840","Styrax redivivus","Styrax redivivus","STRE4",1.91e+11,2816.839951,5.719999552,"native"
"5841","Pedicularis dudleyi","Pedicularis dudleyi","PEDU",19363055815,1315.090027,4.039999962,"native"
"5842","Chamaesaracha sordida","Chamaesaracha sordida","CHSO",4.18e+11,877.7799683,5.480000019,"native"
"5843","Leptosiphon ciliatus","Leptosiphon ciliatus","LECI18",4.6e+11,4505.009766,5.819999933,"native"
"5844","Passiflora tenuiloba","Passiflora tenuiloba","PATE9",1.54e+11,817.8000488,2.549999714,"native"
"5845","Houstonia correllii","Houstonia correllii","HOCO2",2585876219,75.09997559,1.170000553,"native"
"5846","Lachnocaulon digynum","Paepalanthus digynus","LADI5",40342185072,365.0599365,3.170000076,"native"
"5847","Astragalus pachypus","Astragalus pachypus","ASPA9",85139826811,1228.000046,4.559999466,"native"
"5848","Lithophragma heterophyllum","Lithophragma heterophyllum","LIHE",2.44e+11,3992.190048,5.719999552,"native"
"5849","Sisyrinchium chilense","Sisyrinchium chilense","SICH2",1.89e+11,815.5500336,2.289999485,"native"
"5850","Hesperoyucca whipplei","Hesperoyucca whipplei","HEWH",2.1e+11,1451.900009,5.619999647,"native"
"5851","Ctenium floridanum","Ctenium floridanum","CTFL",20667901207,193.2301025,2.869999886,"native"
"5852","Ipomopsis longiflora","Ipomopsis longiflora","IPLO2",9.02e+11,1217.660042,7.460000396,"native"
"5853","Madia anomala","Madia anomala","MAAN2",37925635269,3730.18988,4.110000134,"native"
"5854","Symphoricarpos mollis","Symphoricarpos mollis","SYMO",3.25e+11,3959.279892,5.819999933,"native"
"5855","Asyneuma prenanthoides","Smithiastrum prenanthoides","ASPR10",2.11e+11,4364.089767,5.529999971,"native"
"5856","Cordylanthus pilosus","Cordylanthus pilosus","COPI2",1.17e+11,3806.159897,5.24000001,"native"
"5857","Eriastrum virgatum","Eriastrum virgatum","ERVI2",20644819882,1208.100037,2.549999714,"native"
"5858","Fritillaria viridea","Fritillaria viridea","FRVI2",20644819882,1208.100037,2.549999714,"native"
"5859","Acoelorraphe wrightii","Acoelorraphe wrightii","ACWR4",15280780751,613.6099854,3.869999886,"native"
"5860","Astragalus deterior","Astragalus deterior","ASDE4",5255937129,1107.420029,3.300000191,"native"
"5861","Astragalus schmolliae","Astragalus schmolliae","ASSC5",5255937129,1107.420029,3.300000191,"native"
"5862","Astragalus tortipes","Astragalus tortipes","ASTO9",5255937129,1107.420029,3.300000191,"native"
"5863","Hackelia gracilenta","Hackelia gracilenta","HAGR10",5255937129,1107.420029,3.300000191,"native"
"5864","Ipomopsis ramosa","Ipomopsis ramosa","IPRA",5255937129,1107.420029,3.300000191,"native"
"5865","Trifolium latifolium","Trifolium latifolium","TRLA8",1.18e+11,2175.58992,4.06000042,"native"
"5866","Anisacanthus quadrifidus","Anisacanthus quadrifidus","ANQU2",18713023687,413.2600403,1.829999924,"native"
"5867","Astragalus magdalenae","Astragalus magdalenae","ASMA4",35999070154,742.0900192,4.460000038,"native"
"5868","Eriogonum deserticola","Eriogonum deserticola","ERDE9",35999070154,742.0900192,4.460000038,"native"
"5869","Eucnide rupestris","Eucnide rupestris","EURU5",35999070154,742.0900192,4.460000038,"native"
"5870","Grindelia inornata","Grindelia hirsutula","GRIN2",32795283439,762.5800476,2.879999638,"native"
"5871","Penstemon papillatus","Penstemon papillatus","PEPA9",55327803046,1662,4.459999561,"native"
"5872","Plectritis ciliosa","Valeriana ciliosa","PLCI",4.19e+11,3995.950058,5.859999895,"native"
"5873","Astragalus wrightii","Astragalus wrightii","ASWR",42495718980,889.9700317,2.860000134,"native"
"5874","Pyrrocoma insecticruris","Pyrrocoma insecticruris","PYIN2",22578831609,1240.849976,3.319999695,"native"
"5875","Arabis inyoensis","Boechera inyoensis","ARIN",1.64e+11,1662,5.080000401,"native"
"5876","Lupinus confertus","Lupinus confertus","LUCO2",2.49e+11,2835.949951,5.819999933,"native"
"5877","Clarkia gracilis","Clarkia gracilis","CLGR",2.49e+11,5086.09996,5.099999905,"native"
"5878","Carex halliana","Carex halliana","CAHA2",96467434391,4311.740051,3.730000019,"native"
"5879","Achnatherum hendersonii","Eriocoma hendersonii","ACHE10",49431201362,3283.149963,3.919999599,"native"
"5880","Viola bakeri","Viola bakeri","VIBA2",2.25e+11,3939.549911,5.819999933,"native"
"5881","Sairocarpus vexillocalyculatus","Sairocarpus vexillocalyculatus","SAVE7",1.67e+11,3882.919891,5.719999552,"native"
"5882","Sedum oregonense","Sedum oregonense","SEOR2",1.04e+11,4340.929764,4.179999828,"native"
"5883","Abutilon wrightii","Abutilon wrightii","ABWR",1.29e+11,713.5800018,2.699999809,"native"
"5884","Eriogonum loganum","Eriogonum loganum","ERLO3",22140096032,1401.859955,4.009999752,"native"
"5885","Euphorbia wrightii","Euphorbia wrightii","EUWR2",74954971908,378.6799927,1.349999428,"native"
"5886","Erigeron rydbergii","Erigeron rydbergii","ERRY",1.63e+11,1947.359909,4.650000572,"native"
"5887","Hypericum graveolens","Hypericum graveolens","HYGR3",12466643905,1276.890015,1.449999809,"native"
"5888","Phacelia exilis","Phacelia exilis","PHEX",1.01e+11,1377.60997,4.559999466,"native"
"5889","Senna pumilio","Senna pumilio","SEPU13",1.58e+11,701.0700073,2.349999905,"native"
"5890","Allium falcifolium","Allium falcifolium","ALFA3",1.3e+11,4305.149765,5.319999933,"native"
"5891","Hoffmannseggia glauca","Hoffmannseggia glauca","HOGL2",1.04e+12,1282.420044,7.399999976,"native"
"5892","Ribes watsonianum","Ribes watsonianum","RIWA",76903026029,4311.740051,3.679999828,"native"
"5893","Fragaria cascadensis","Fragaria cascadensis","FRCA",64787855699,3417.169998,3.669999599,"native"
"5894","Balsamorhiza macrophylla","Balsamorhiza macrophylla","BAMA4",1.21e+11,1406.34996,4.250000477,"native"
"5895","Castilleja lemmonii","Castilleja lemmonii","CALE18",1.35e+11,2835.949951,5.819999933,"native"
"5896","Verbesina heterophylla","Verbesina heterophylla","VEHE3",16399425915,219.3300781,2.869999886,"native"
"5897","Eriodictyon parryi","Turricula parryi","ERPA7",1.9e+11,1471.01001,4.559999466,"native"
"5898","Rubus vermontanus","Rubus vermontanus","RUVE5",1.9e+11,1550.940063,3.490000248,"native"
"5899","Glyceria nubigena","Glyceria nubigena","GLNU",2901347183,862,1.28000021,"native"
"5900","Trillium persistens","Trillium persistens","TRPE7",1675639120,833.1800537,0.339999676,"native"
"5901","Mimulus pulsiferae","Erythranthe pulsiferae","MIPU2",2.3e+11,3866.779892,5.819999933,"native"
"5902","Potentilla pseudosericea","Potentilla pseudosericea","POPS7",1.1e+11,1662,5.819999933,"native"
"5903","Allium fibrillum","Allium fibrillum","ALFI",1.9e+11,1932.379913,4.320000648,"native"
"5904","Penstemon newberryi","Penstemon newberryi","PENE3",2.44e+11,4505.009766,5.819999933,"native"
"5905","Lomatium concinnum","Cymopterus glomeratus var. concinnus","LOCO2",10164838101,1020.759949,3.470000267,"native"
"5906","Balsamorhiza incana","Balsamorhiza incana","BAIN",2.62e+11,1947.359909,4.570000172,"native"
"5907","Juncus patens","Juncus patens","JUPA2",1.98e+11,4480.839767,5.029999733,"native"
"5908","Phacelia divaricata","Phacelia divaricata","PHDI2",43173977729,2134.409958,4.269999981,"native"
"5909","Poa leibergii","Poa leibergii","POLE",1.53e+11,3463,4.240000248,"native"
"5910","Arctostaphylos nevadensis","Arctostaphylos nevadensis","ARNE",4.72e+11,4456.609764,5.819999933,"native"
"5911","Polygala crenata","Polygala crenata","POCR11",36621838813,500.8399658,3.170000076,"native"
"5912","Erigeron foliosus","Erigeron foliosus","ERFO2",4.32e+11,4625.669922,5.719999552,"native"
"5913","Tinantia anomala","Tinantia anomala","TIAN",81675133432,662.519989,2.210000038,"native"
"5914","Bromus pseudolaevipes","Bromus pseudolaevipes","BRPS",1.66e+11,1451.900009,4.559999466,"native"
"5915","Gilia minor","Gilia minor","GIMI2",2.94e+11,1471.01001,5.920000315,"native"
"5916","Pinaropappus roseus","Pinaropappus roseus","PIRO",2.92e+11,1037.469971,4.92999959,"native"
"5917","Salix jepsonii","Salix jepsonii","SAJE",1.63e+11,3913.779892,5.819999933,"native"
"5918","Opuntia pusilla","Opuntia pusilla","OPPU2",47916750084,601.5299072,3.409999847,"native"
"5919","Nemophila spatulata","Nemophila spatulata","NESP",2.04e+11,2816.839951,5.819999933,"native"
"5920","Scirpus congdonii","Scirpus congdonii","SCCO",2.56e+11,4418.65976,5.819999933,"native"
"5921","Galium angustifolium","Galium angustifolium","GAAN2",1.65e+11,1451.900009,4.559999466,"native"
"5922","Condalia spathulata","Condalia spathulata","COSP3",24887518271,431.7099609,1.769999981,"native"
"5923","Packera greenei","Packera greenei","PAGR9",40611383256,2458.73996,3.260000229,"native"
"5924","Castilleja latifolia","Castilleja latifolia","CALA26",18201095180,1315.090027,2.549999714,"native"
"5925","Lomatium parvifolium","Lomatium parvifolium","LOPA2",18201095180,1315.090027,2.549999714,"native"
"5926","Calochortus longebarbatus","Calochortus longibarbatus","CALO3",1.84e+11,3760.730011,4.5,"native"
"5927","Lonicera interrupta","Lonicera interrupta","LOIN4",3.89e+11,3986.799911,5.859999895,"native"
"5928","Thysanocarpus laciniatus","Thysanocarpus laciniatus","THLA3",2.33e+11,2835.949951,5.719999552,"native"
"5929","Torreyochloa erecta","Torreyochloa erecta","TOER",2.06e+11,4005.909912,5.819999933,"native"
"5930","Delphinium nudicaule","Delphinium nudicaule","DENU",1.7e+11,3894.299911,5.819999933,"native"
"5931","Musineon lineare","Musineon lineare","MULI2",20424778832,1401.859955,2.699999809,"native"
"5932","Clematis drummondii","Clematis drummondii","CLDR",3.34e+11,980.7099915,5.159999847,"native"
"5933","Viola pinetorum","Viola pinetorum","VIPI2",1.8e+11,2835.949951,5.719999552,"native"
"5934","Anemone oregana","Anemonoides oregana","ANOR",2.76e+11,5808.670227,5.330000162,"native"
"5935","Eriastrum densifolium","Eriastrum densifolium","ERDE2",2.02e+11,1471.01001,4.559999466,"native"
"5936","Senecio quaylei","Senecio quaylei","SEQU3",2340006541,99.95996094,1.449999809,"native"
"5937","Chamaesyce carunculata","Euphorbia carunculata","CHCA30",31469469810,503.8000183,4.700000286,"native"
"5938","Senecio musiniensis","Packera musiniensis","SEMU12",4117901470,717.9899902,2.759999752,"native"
"5939","Pyrrocoma scaberula","Pyrrocoma scaberula","PYSC4",27041320011,1793.139923,3.039999962,"native"
"5940","Ilex collina","Ilex collina","ILCO2",12735383534,845.3599854,1.880000114,"native"
"5941","Solidago californica","Solidago velutina subsp. californica","SOCA5",4.11e+11,4505.009766,5.819999933,"native"
"5942","Salvia leucophylla","Salvia leucophylla","SALE3",1.59e+11,1451.900009,4.559999466,"native"
"5943","Penstemon compactus","Penstemon compactus","PECO10",14226457348,1140.310028,3.309999943,"native"
"5944","Polygonum shastense","Polygonum shastense","POSH",1.63e+11,3794.87001,5.819999933,"native"
"5945","Mimulus fremontii","Diplacus fremontii","MIFR2",1.61e+11,1451.900009,4.559999466,"native"
"5946","Quercus john-tuckeri","Quercus john-tuckeri","QUJO3",1.61e+11,1451.900009,4.559999466,"native"
"5947","Rorippa columbiae","Rorippa columbiae","ROCO3",1.63e+11,4329.78006,4.46999979,"native"
"5948","Arabis lasiocarpa","Boechera lasiocarpa","ARLA10",24751323511,1401.859955,4.009999752,"native"
"5949","Thelypodium milleflorum","Thelypodium milleflorum","THMI5",4.48e+11,3364.67997,5.080000401,"native"
"5950","Magnolia ashei","Magnolia ashei","MAAS",20375036271,362.3900146,2.720000267,"native"
"5951","Giliastrum rigidulum","Giliastrum rigidulum","GIRI3",2.43e+11,1039.379974,5.339999676,"native"
"5952","Lithophragma affine","Lithophragma affine","LIAF",2.8e+11,3986.799911,5.719999552,"native"
"5953","Delphinium trolliifolium","Delphinium trolliifolium","DETR2",87548307338,4200.559937,3.309999943,"native"
"5954","Dalea tenuis","Dalea tenuis","DATE6",97102921610,816,2.289999485,"native"
"5955","Carex proposita","Carex proposita","CAPR10",1.25e+11,4440.310059,4.459999561,"native"
"5956","Hudsonia montana","Hudsonia montana","HUMO",2450624405,379.0100098,1.039999962,"native"
"5957","Lonicera conjugialis","Lonicera conjugialis","LOCO5",2.84e+11,4363.920059,5.819999933,"native"
"5958","Cryptantha intermedia","Cryptantha intermedia","CRIN8",7.8e+11,4763.339844,5.859999895,"native"
"5959","Malacothrix saxatilis","Malacothrix saxatilis","MASA2",92096147547,1306.500046,4.559999466,"native"
"5960","Carex gracilior","Carex gracilior","CAGR9",88297982729,3929.989891,4.489999771,"native"
"5961","Arabis pygmaea","Boechera pygmaea","ARPY",38863591445,1396.719971,4.459999561,"native"
"5962","Castilleja praeterita","Castilleja praeterita","CAPR11",38863591445,1396.719971,4.459999561,"native"
"5963","Cryptantha incana","Cryptantha incana","CRIN7",38863591445,1396.719971,4.459999561,"native"
"5964","Phlox dispersa","Phlox dispersa","PHDI4",38863591445,1396.719971,4.459999561,"native"
"5965","Burmannia flava","Burmannia flava","BUFL2",7195844887,251.3900146,2.21999979,"native"
"5966","Epidendrum strobiliferum","Epidendrum strobiliferum","EPST2",7195844887,251.3900146,2.21999979,"native"
"5967","Utricularia amethystina","Utricularia amethystina","UTAM",7195844887,251.3900146,2.21999979,"native"
"5968","Abies bracteata","Abies bracteata","ABBR",17048228887,1208.100037,2.549999714,"native"
"5969","Allium hickmanii","Allium hickmanii","ALHI",17048228887,1208.100037,2.549999714,"native"
"5970","Arctostaphylos cruzensis","Arctostaphylos cruzensis","ARCR6",17048228887,1208.100037,2.549999714,"native"
"5971","Arctostaphylos hooveri","Arctostaphylos hooveri","ARHO7",17048228887,1208.100037,2.549999714,"native"
"5972","Aristocapsa insignis","Aristocapsa insignis","ARIN12",17048228887,1208.100037,2.549999714,"native"
"5973","Arctostaphylos obispoensis","Arctostaphylos obispoensis","AROB",17048228887,1208.100037,2.549999714,"native"
"5974","Arctostaphylos pilosula","Arctostaphylos pilosula","ARPI",17048228887,1208.100037,2.549999714,"native"
"5975","Bloomeria humilis","Bloomeria humilis","BLHU",17048228887,1208.100037,2.549999714,"native"
"5976","Camissonia hardhamiae","Camissoniopsis hardhamiae","CAHA15",17048228887,1208.100037,2.549999714,"native"
"5977","Carex obispoensis","Carex obispoensis","CAOB2",17048228887,1208.100037,2.549999714,"native"
"5978","Chlorogalum purpureum","Hooveria purpurea","CHPU2",17048228887,1208.100037,2.549999714,"native"
"5979","Diplacus fasciculatus","Diplacus linearis","DIFA3",17048228887,1208.100037,2.549999714,"native"
"5980","Eriastrum luteum","Eriastrum luteum","ERLU3",17048228887,1208.100037,2.549999714,"native"
"5981","Galium hardhamiae","Galium hardhamiae","GAHA2",17048228887,1208.100037,2.549999714,"native"
"5982","Layia jonesii","Layia jonesii","LAJO",17048228887,1208.100037,2.549999714,"native"
"5983","Lupinus cervinus","Lupinus cervinus","LUCE",17048228887,1208.100037,2.549999714,"native"
"5984","Malacothamnus palmeri","Malacothamnus palmeri","MAPA2",17048228887,1208.100037,2.549999714,"native"
"5985","Monardella palmeri","Monardella palmeri","MOPA",17048228887,1208.100037,2.549999714,"native"
"5986","Navarretia jaredii","Navarretia jaredii","NAJA2",17048228887,1208.100037,2.549999714,"native"
"5987","Ribes sericeum","Ribes sericeum","RISE",17048228887,1208.100037,2.549999714,"native"
"5988","Systenotheca vortriedei","Systenotheca vortriedei","SYVO",17048228887,1208.100037,2.549999714,"native"
"5989","Trifolium olivaceum","Trifolium olivaceum","TROL2",72782987400,3730.18988,4.110000134,"native"
"5990","Linanthus dichotomus","Linanthus dichotomus","LIDI2",4.46e+11,2835.949951,5.920000315,"native"
"5991","Pentachaeta alsinoides","Pentachaeta alsinoides","PEAL19",85588025300,3855.819885,5.529999971,"native"
"5992","Astragalus nudisiliquus","Astragalus nudisiliquus","ASNU2",73545145770,1513.619995,3.579999924,"native"
"5993","Bolandra oregana","Bolandra oregana","BOOR",1.08e+11,4318.230057,3.980000019,"native"
"5994","Horkelia tridentata","Horkelia tridentata","HOTR",1.84e+11,3919.559906,5.819999933,"native"
"5995","Erysimum ammophilum","Erysimum ammophilum","ERAM4",17898420718,1295.160034,3.690000534,"native"
"5996","Calystegia occidentalis","Calystegia occidentalis","CAOC6",4.14e+11,4485.899765,5.819999933,"native"
"5997","Cornus glabrata","Cornus glabrata","COGL3",2.43e+11,3981.739914,5.719999552,"native"
"5998","Camissonia strigulosa","Camissonia strigulosa","CAST20",2.14e+11,3959.279892,5.719999552,"native"
"5999","Chamaesaracha edwardsiana","Chamaesaracha edwardsiana","CHED",59577767707,1232.789993,4.639999866,"native"
"6000","Linanthus inyoensis","Linanthus inyoensis","LIIN10",91762042347,1662,4.559999943,"native"
"6001","Baccharis douglasii","Baccharis douglasii","BADO",1.91e+11,4485.899765,5.719999552,"native"
"6002","Iris chrysophylla","Iris chrysophylla","IRCH",1.16e+11,4284.919769,4.179999828,"native"
"6003","Digitaria pubiflora","Digitaria pubiflora","DIPU9",4.8e+11,855.9500122,5.339999676,"native"
"6004","Sisyrinchium farwellii","Sisyrinchium fuscatum","SIFA2",2246566547,57.32000732,0.75,"native"
"6005","Penstemon cardwellii","Penstemon cardwellii","PECA16",90425617746,4485.649918,4.480000496,"native"
"6006","Solanum pseudogracile","Solanum pseudogracile","SOPS2",11341805497,616.5599365,3.090000153,"native"
"6007","Eriogonum nudum",NA,"ERNU3",5.87e+11,4505.009766,5.819999933,"native"
"6008","Galium serpenticum","Galium serpenticum","GASE2",2.42e+11,3760.730011,4.5,"native"
"6009","Ribes erythrocarpum","Ribes erythrocarpum","RIER",53367695225,3084.299896,3.669999599,"native"
"6010","Solidago spithamaea","Solidago spithamaea","SOSP6",2097497478,468.710083,1.409999847,"native"
"6011","Astragalus hornii","Astragalus hornii","ASHO2",1.35e+11,1409.270004,4.659999847,"native"
"6012","Horsfordia alata","Horsfordia alata","HOAL",43763322214,773.4799728,5.010000229,"native"
"6013","Eriogonum luteolum","Eriogonum luteolum","ERLU5",2.03e+11,4393.399765,5.719999552,"native"
"6014","Hedeoma drummondii","Hedeoma drummondii","HEDR",1.57e+12,3257.349892,7.460000396,"native"
"6015","Cleome isomeris","Cleomella arborea","CLIS",1.98e+11,1456.330009,5.159999847,"native"
"6016","Festuca californica","Festuca californica","FECA",1.97e+11,4382.439758,4.599999905,"native"
"6017","Lepidium papilliferum","Lepidium papilliferum","LEPA17",42374896865,1242.97998,4.11000061,"native"
"6018","Rigiopappus leptocladus","Rigiopappus leptocladus","RILE2",6.04e+11,3957.509911,5.819999933,"native"
"6019","Leptosiphon bolanderi","Leptosiphon bolanderi","LEBO9",1.91e+11,4393.399765,5.719999552,"native"
"6020","Helianthemum arenicola","Helianthemum arenicola","HEAR11",26129654185,290.5899658,3.170000076,"native"
"6021","Calystegia atriplicifolia","Calystegia atriplicifolia","CAAT9",1.36e+11,4311.740051,4.900000572,"native"
"6022","Sanicula tuberosa","Sanicula tuberosa","SATU",3.38e+11,4485.899765,5.719999552,"native"
"6023","Arabis petiolaris","Streptanthus petiolaris","ARPE4",34998067809,402.960022,2.019999981,"native"
"6024","Eucephalus breweri","Eucephalus breweri","EUBR12",2.15e+11,4005.909912,5.819999933,"native"
"6025","Calochortus amabilis","Calochortus amabilis","CAAM3",70014125324,3945.389893,5.24000001,"native"
"6026","Microseris heterocarpa","Microseris heterocarpa","MIHE",2.04e+11,2264.700058,5.719999552,"native"
"6027","Osmorhiza brachypoda","Osmorhiza brachypoda","OSBR",2.31e+11,2816.839951,5.719999552,"native"
"6028","Monardella villosa","Monardella villosa","MOVI2",1.64e+11,3883.339905,5.529999971,"native"
"6029","Prunus maritima","Prunus maritima","PRMA2",56637363343,455.4899902,2.079999924,"native"
"6030","Monardella sheltonii","Monardella sheltonii","MOSH",1.79e+11,4384.509766,5.410000086,"native"
"6031","Conradina etonia","Conradina grandiflora var. etonia","COET",1885167077,103.2999268,1.730000019,"native"
"6032","Hymenopappus flavescens","Hymenopappus flavescens","HYFL",6.38e+11,1092.069977,7.259999633,"native"
"6033","Heuchera alba","Heuchera alba","HEAL8",7201543944,796.1000366,2.449999809,"native"
"6034","Prosthechea boothiana","Prosthechea boothiana","PRBO3",8872171439,613.6099854,3.869999886,"native"
"6035","Lomatium californicum","Lomatium californicum","LOCA3",1.78e+11,3972.909912,4.999999523,"native"
"6036","Dichondra donelliana","Dichondra donelliana","DIDO3",74700726081,4382.439758,5.269999743,"native"
"6037","Pectocarya linearis","Pectocarya linearis","PELI",1.96e+11,1330.670044,5.719999552,"native"
"6038","Lomatium laevigatum","Lomatium laevigatum","LOLA3",66527034245,1741.059967,4.089999676,"native"
"6039","Downingia insignis","Downingia insignis","DOIN",1.89e+11,3784.910004,5.819999933,"native"
"6040","Dalea mountjoyae","Dalea mountjoyae","DAMO4",36727889853,409.3599854,3.170000076,"native"
"6041","Polygala chapmanii","Polygala chapmanii","POCH5",34892803586,332.3699951,3.170000076,"native"
"6042","Ephedra californica","Ephedra californica","EPCA2",1.95e+11,1471.01001,5.719999552,"native"
"6043","Astragalus pauperculus","Astragalus pauperculus","ASPA15",26936136117,2417.839966,3.260000229,"native"
"6044","Oenothera suffulta","Oenothera suffulta","OESU4",2.96e+11,1097.409958,5.309999943,"native"
"6045","Pediomelum cyphocalyx","Pediomelum cyphocalyx","PECY7",39448611437,330.2699585,1.889999866,"native"
"6046","Jatropha dioica","Jatropha dioica","JADI",1.17e+11,685.7300262,2.579999924,"native"
"6047","Astragalus tyghensis","Astragalus tyghensis","ASTY",6167110934,1636.309967,2.260000229,"native"
"6048","Cylindropuntia davisii","Cylindropuntia davisii","CYDA4",2.07e+11,1013.679977,5.339999676,"native"
"6049","Madia citriodora","Madia citriodora","MACI2",2.49e+11,3919.559906,4.5,"native"
"6050","Cardamine californica","Cardamine californica","CACA39",3.69e+11,4485.899765,5.819999933,"native"
"6051","Damasonium californicum","Damasonium californicum","DACA12",3.09e+11,3822.860008,5.819999933,"native"
"6052","Galium nuttallii","Galium nuttallii","GANU",1.87e+11,3954.219894,5.719999552,"native"
"6053","Iris tenax","Iris tenax","IRTE",1.32e+11,5229.869965,4.630000114,"native"
"6054","Helianthus glaucophyllus","Helianthus glaucophyllus","HEGL2",7682609273,1019.900024,1.659999847,"native"
"6055","Penstemon grinnellii","Penstemon grinnellii","PEGR8",1.92e+11,1471.01001,4.559999466,"native"
"6056","Draba maguirei","Draba maguirei","DRMA2",19390178121,1401.859955,2.739999771,"native"
"6057","Elatine brachysperma","Elatine brachysperma","ELBR5",4.97e+11,3847.090012,7.360000014,"native"
"6058","Collinsia multicolor","Collinsia multicolor","COMU",14279716048,1208.680023,3.760000229,"native"
"6059","Carex ovalis","Carex leporina","CAOV8",1.84e+11,4600.819839,4.630000114,"native"
"6060","Chrysothamnus pulchellus","Lorandersonia pulchella","CHPU4",2.2e+11,825.8400116,5.309999943,"native"
"6061","Quercus durata","Quercus durata","QUDU4",2.06e+11,2816.839951,5.719999552,"native"
"6062","Guaiacum angustifolium","Porlieria angustifolia","GUAN",1.3e+11,678.710022,2.210000038,"native"
"6063","Elymus californicus","Elymus californicus","ELCA10",16243911785,1612.48996,3.360000134,"native"
"6064","Trillium albidum","Trillium albidum","TRAL4",1.53e+11,3791.210052,4.630000114,"native"
"6065","Astragalus adanus","Astragalus adanus","ASAD2",78722218684,1922.529907,4.220000267,"native"
"6066","Senecio scorzonella","Senecio scorzonella","SESC",1.24e+11,2835.949951,5.719999552,"native"
"6067","Orbexilum virgatum","Orbexilum virgatum","ORVI",14954886766,193.2301025,2.869999886,"native"
"6068","Penstemon ambiguus","Penstemon ambiguus","PEAM",4.83e+11,1101.669952,7.460000396,"native"
"6069","Calochortus leichtlinii","Calochortus leichtlinii","CALE3",1.48e+11,2762.79995,5.819999933,"native"
"6070","Matelea biflora","Matelea biflora","MABI6",71317066757,859.1600037,3.329999924,"native"
"6071","Castilleja suksdorfii","Castilleja suksdorfii","CASU11",1.02e+11,5340.590149,3.679999828,"native"
"6072","Abronia pogonantha","Abronia pogonantha","ABPO",1.85e+11,1471.01001,5.719999552,"native"
"6073","Brodiaea terrestris","Brodiaea terrestris","BRTE4",2.12e+11,4485.899765,4.999999523,"native"
"6074","Rubus pugnax","Rubus allegheniensis","RUPU5",5305861751,709.1500244,1.300000191,"native"
"6075","Eriogonum argillosum","Eriogonum argillosum","ERAR9",15440104434,1162.380051,2.269999981,"native"
"6076","Rubus prestonensis","Rubus pensilvanicus","RUPR3",8347168038,709.1500244,1.300000191,"native"
"6077","Allophyllum divaricatum","Allophyllum divaricatum","ALDI4",2.95e+11,3852.150009,5.719999552,"native"
"6078","Oenothera xylocarpa","Oenothera xylocarpa","OEXY",36712519291,1585.610001,4.559999943,"native"
"6079","Lupinus fulcratus","Lupinus fulcratus","LUFU",1.17e+11,1667.870033,5.920000315,"native"
"6080","Penstemon euglaucus","Penstemon euglaucus","PEEU",90911559907,4311.740051,4.000000477,"native"
"6081","Chaetopappa ericoides","Chaetopappa ericoides","CHER2",1.59e+12,1662,7.460000396,"native"
"6082","Castilleja lacera","Castilleja lacera","CALA68",1.96e+11,3894.299911,5.819999933,"native"
"6083","Sedum obtusatum","Sedum obtusatum","SEOB",1.77e+11,4431.859764,5.630000353,"native"
"6084","Datisca glomerata","Datisca glomerata","DAGL2",3.29e+11,3978.389893,5.719999552,"native"
"6085","Clarkia concinna","Clarkia concinna","CLCO",84971398538,3730.18988,4.269999981,"native"
"6086","Malacothrix californica","Malacothrix californica","MACA6",2.09e+11,1508.359985,5.719999552,"native"
"6087","Corethrogyne filaginifolia","Corethrogyne filaginifolia","COFI2",2.71e+11,4505.009766,5.719999552,"native"
"6088","Pseudognaphalium californicum","Pseudognaphalium californicum","PSCA13",3.06e+11,4606.559921,5.719999552,"native"
"6089","Giliastrum incisum","Giliastrum incisum","GIIN6",1.63e+11,825.9199982,5.019999981,"native"
"6090","Streptanthus bracteatus","Streptanthus bracteatus","STBR",18541745033,332.9800415,1.800000191,"native"
"6091","Cirsium andersonii","Cirsium andersonii","CIAN",1.55e+11,3784.910004,5.819999933,"native"
"6092","Lesquerella recurvata","Physaria recurvata","LERE4",83987866338,847.7399292,2.879999638,"native"
"6093","Rumex violascens","Rumex violascens","RUVI",1.5e+11,1015.700005,5.719999552,"native"
"6094","Brickellia cylindracea","Brickellia cylindracea","BRCY",37324934059,321.4400024,1.800000191,"native"
"6095","Zinnia grandiflora","Zinnia grandiflora","ZIGR",8.2e+11,1109.469978,7.259999633,"native"
"6096","Lonicera subspicata","Lonicera subspicata","LOSU2",1.74e+11,1451.900009,5.719999552,"native"
"6097","Dalea reverchonii","Dalea reverchonii","DARE2",5771993457,185.0199585,1.829999447,"native"
"6098","Viola lobata","Viola lobata","VILO2",2.08e+11,4472.009766,5.719999552,"native"
"6099","Lupinus suksdorfii","Lupinus suksdorfii","LUSU4",12422870401,3410.839996,2.849999905,"native"
"6100","Cynanchum northropiae","Metastelma northropiae","CYNO",11395284902,613.6099854,3.869999886,"native"
"6101","Scutellaria tuberosa","Scutellaria tuberosa","SCTU2",3.28e+11,4485.899765,5.719999552,"native"
"6102","Castilleja xanthotricha","Castilleja xanthotricha","CAXA",18347775154,2596.009888,3.329999924,"native"
"6103","Carex teneriformis","Carex subfusca","CATE4",1.1e+11,2780.609955,5.819999933,"native"
"6104","Isoetes louisianensis","Isoetes louisianensis","ISLO",13140141820,298.7099609,2.929999828,"native"
"6105","Eryngium aristulatum","Eryngium aristulatum","ERAR11",1.55e+11,3954.219894,5.099999905,"native"
"6106","Cheilanthes intertexta","Hemionitis intertexta","CHIN",2.05e+11,2816.839951,5.719999552,"native"
"6107","Thelesperma ambiguum","Thelesperma ambiguum","THAM4",1.26e+11,678.710022,2.440000057,"native"
"6108","Calochortus albus","Calochortus albus","CAAL2",1.52e+11,2811.779953,5.719999552,"native"
"6109","Ribes echinellum","Ribes echinellum","RIEC",3816347492,359.9799805,2.720000267,"native"
"6110","Penstemon glandulosus","Penstemon glandulosus","PEGL4",1.3e+11,3293.469971,3.520000458,"native"
"6111","Dalea lanata","Dalea lanata","DALA3",6.54e+11,1305.309967,7.460000396,"native"
"6112","Psilostrophe tagetina","Psilostrophe tagetina","PSTA",7.56e+11,1092.069977,7.259999633,"native"
"6113","Coreopsis bigelovii","Coreopsis bigelovii","COBI",2.02e+11,1508.359985,5.719999552,"native"
"6114","Eriophyllum confertiflorum","Eriophyllum confertiflorum","ERCO25",2.66e+11,2835.949951,5.719999552,"native"
"6115","Sidalcea ranunculacea","Sidalcea ranunculacea","SIRA",85512434744,1377.60997,4.459999561,"native"
"6116","Arceuthobium occidentale","Arceuthobium occidentale","AROC",2.7e+11,3959.279892,5.719999552,"native"
"6117","Navarretia heterandra","Navarretia heterandra","NAHE",44969371026,2458.73996,3.260000229,"native"
"6118","Helianthus gracilentus","Helianthus gracilentus","HEGR3",1.72e+11,1451.900009,4.999999523,"native"
"6119","Downingia bicornuta","Downingia bicornuta","DOBI",3.05e+11,3950.569916,5.819999933,"native"
"6120","Mimulus androsaceus","Erythranthe androsacea","MIAN",1.44e+11,1642.829941,5.719999552,"native"
"6121","Clappia suaedifolia","Clappia suaedifolia","CLSU",39216741266,758.1800079,5.019999981,"native"
"6122","Xyris longisepala","Xyris longisepala","XYLO",19642062641,352.9399414,2.720000267,"native"
"6123","Matricaria occidentalis","Matricaria occidentalis","MAOC",2.36e+11,3978.389893,5.719999552,"native"
"6124","Arceuthobium californicum","Arceuthobium californicum","ARCA17",2.41e+11,3852.150009,5.719999552,"native"
"6125","Argythamnia simulans","Ditaxis simulans","ARSI2",59047583227,430.1500244,2.200000286,"native"
"6126","Streptanthus albidus","Streptanthus glandulosus subsp. albidus","STAL5",15610344499,1101.690033,4.269999981,"native"
"6127","Marah watsonii","Marah watsonii","MAWA2",60304626310,2574.399963,4.700000048,"native"
"6128","Erigeron cascadensis","Erigeron cascadensis","ERCA5",61276340955,3841.82991,3.669999599,"native"
"6129","Stillingia texana","Stillingia texana","STTE3",1.17e+11,766.9700623,2.429999828,"native"
"6130","Penstemon triphyllus","Penstemon triphyllus","PETR6",92657562538,1920.82991,3.359999657,"native"
"6131","Matelea reticulata","Matelea reticulata","MARE4",1.18e+11,1104.130005,3.799999714,"native"
"6132","Cuscuta ceanothi","Cuscuta ceanothi","CUCE2",2.81e+11,3959.279892,5.819999933,"native"
"6133","Scrophularia californica","Scrophularia californica","SCCA2",3.49e+11,3978.389893,5.819999933,"native"
"6134","Penstemon retrorsus","Penstemon retrorsus","PERE7",8762118736,1007.379944,3.470000267,"native"
"6135","Ancistrocarphus filagineus","Ancistrocarphus filagineus","ANFI3",4.35e+11,3847.090012,5.819999933,"native"
"6136","Streptanthus glandulosus","Streptanthus glandulosus","STGL8",71372661213,3883.339905,5.269999743,"native"
"6137","Symphyotrichum bracei","Symphyotrichum tenuifolium var. aphyllum","SYBR",28946248625,660.1700439,3.869999886,"native"
"6138","Quercus dumosa","Quercus dumosa","QUDU",1.87e+11,2816.839951,4.559999466,"native"
"6139","Baptisia calycosa","Baptisia calycosa","BACA4",13783077893,463.3699951,3.119999886,"native"
"6140","Clinopodium dentatum","Clinopodium dentatum","CLDE4",13616606614,323.0799561,2.720000267,"native"
"6141","Plagiobothrys leptocladus","Plagiobothrys leptocladus","PLLE",7e+11,3285.279892,5.920000315,"native"
"6142","Polygonum leptocarpum","Polygonum ramosissimum subsp. ramosissimum","POLE6",36103459183,722.8100281,2.460000038,"native"
"6143","Muhlenbergia reverchonii","Muhlenbergia reverchonii","MURE2",55894422515,495.8499756,2.419999599,"native"
"6144","Perideridia bacigalupii","Perideridia bacigalupii","PEBA5",34189272033,2663.719955,5.24000001,"native"
"6145","Physalis angustifolia","Physalis angustifolia","PHAN8",48187687228,783.5799561,3.869999886,"native"
"6146","Phacelia hydrophylloides","Phacelia hydrophylloides","PHHY",1.21e+11,2759.559952,5.819999933,"native"
"6147","Perityle huecoensis","Perityle huecoensis","PEHU5",2624139561,182.9499969,0.399999619,"native"
"6148","Penstemon perpulcher","Penstemon perpulcher","PEPE12",1.06e+11,1628.640015,4.220000267,"native"
"6149","Xyris drummondii","Xyris drummondii","XYDR",61314680252,521.2099609,3.170000076,"native"
"6150","Mimulus kelloggii","Diplacus kelloggii","MIKE",1.65e+11,3957.509911,5.719999552,"native"
"6151","Vernonia lindheimeri","Vernonia lindheimeri","VELI3",88345787667,687.9800415,2.21999979,"native"
"6152","Rubus exsularis","Rubus flagellaris","RUEX2",11359588478,933.6399536,1.880000114,"native"
"6153","Pellaea andromedifolia","Hemionitis myrtillifolia","PEAN2",2.88e+11,3995.950058,5.719999552,"native"
"6154","Penstemon attenuatus","Penstemon attenuatus","PEAT3",5.26e+11,4667.789841,4.320000648,"native"
"6155","Penstemon laetus","Penstemon laetus","PELA7",2.44e+11,4456.609764,5.819999933,"native"
"6156","Chlorogalum pomeridianum","Chlorogalum pomeridianum","CHPO3",3.59e+11,4485.899765,5.719999552,"native"
"6157","Nama hispidum","Nama hispida","NAHI",8.16e+11,1239.149956,7.460000396,"native"
"6158","Aspidotis californica","Hemionitis californica","ASCA5",2.64e+11,2816.839951,5.719999552,"native"
"6159","Euphorbia crenulata","Euphorbia crenulata","EUCR2",3.11e+11,4480.839767,5.819999933,"native"
"6160","Lilium parvum","Lilium parvum","LIPA3",1.98e+11,4505.009766,5.819999933,"native"
"6161","Lipocarpha occidentalis","Cyperus hemioccidentalis","LIOC3",1.73e+11,3959.279892,5.719999552,"native"
"6162","Calochortus tolmiei","Calochortus tolmiei","CATO",1.95e+11,4338.499771,4.640000343,"native"
"6163","Fritillaria liliacea","Fritillaria liliacea","FRLI2",28048067327,1673.179977,4.269999981,"native"
"6164","Dalea nana","Dalea nana","DANA",6.68e+11,1404.289948,7.399999976,"native"
"6165","Pilostyles thurberi","Pilostyles thurberi","PITH",2.62e+11,964.1100388,5.540000439,"native"
"6166","Carex barbarae","Carex barbarae","CABA4",2.76e+11,4485.899765,5.719999552,"native"
"6167","Ericameria resinosa","Ericameria resinosa","ERRE8",1.33e+11,3283.149963,4.089999676,"native"
"6168","Pholistoma membranaceum","Pholistoma membranaceum","PHME3",2.86e+11,4015.060059,5.719999552,"native"
"6169","Calycadenia truncata","Calycadenia truncata","CATR3",1.98e+11,3885.409912,5.410000086,"native"
"6170","Arenaria pumicola","Eremogone pumicola","ARPU6",65258774098,4306.299759,4.119999409,"native"
"6171","Antennaria stenophylla","Antennaria stenophylla","ANST2",3.49e+11,3525.910004,4.46999979,"native"
"6172","Holocarpha macradenia","Holocarpha macradenia","HOMA",14767291103,1208.680023,4.110000134,"native"
"6173","Viola douglasii","Viola douglasii","VIDO",2.86e+11,3986.799911,5.719999552,"native"
"6174","Downingia yina","Downingia yina","DOYI",2.73e+11,5339.429962,5.130000114,"native"
"6175","Brickellia nevinii","Brickellia nevinii","BRNE2",70642586425,1228.000046,4.559999466,"native"
"6176","Fritillaria purdyi","Fritillaria purdyi","FRPU3",52643647626,3670.769897,3.380000114,"native"
"6177","Delphinium polycladon","Delphinium polycladon","DEPO",96202355051,2835.949951,5.719999552,"native"
"6178","Eupatorium anomalum","Eupatorium anomalum","EUAN4",41580487567,610.1400146,3.170000076,"native"
"6179","Rubus trux","Rubus trux","RUTR6",8245393178,865.1999512,2.199999809,"native"
"6180","Pedicularis densiflora","Pedicularis densiflora","PEDE",3.27e+11,3986.799911,5.719999552,"native"
"6181","Scutellaria bolanderi","Scutellaria bolanderi","SCBO2",1.73e+11,2816.839951,5.719999552,"native"
"6182","Dudleya cymosa","Dudleya cymosa","DUCY",2.74e+11,3978.389893,5.719999552,"native"
"6183","Musineon tenuifolium","Musineon tenuifolium","MUTE3",1.59e+11,1299.269974,3.659999847,"native"
"6184","Lomatium hallii","Lomatium hallii","LOHA",58639109077,4200.559937,2.800000191,"native"
"6185","Saxifraga nuttallii","Cascadia nuttallii","SANU3",82315240805,4759.419983,2.800000191,"native"
"6186","Sedum radiatum","Sedum radiatum","SERA4",1.42e+11,4384.509766,5.529999971,"native"
"6187","Ericameria gilmanii","Ericameria gilmanii","ERGI5",47430964559,1282.420044,4.459999561,"native"
"6188","Galium andrewsii","Galium andrewsii","GAAN",2.18e+11,2816.839951,5.719999552,"native"
"6189","Trichostema laxum","Trichostema laxum","TRLA5",70871316331,3758.299896,4,"native"
"6190","Mimulus leptaleus","Diplacus leptaleus","MILE",1.29e+11,2835.949951,5.819999933,"native"
"6191","Asclepias eriocarpa","Asclepias eriocarpa","ASER",2.45e+11,3959.279892,5.719999552,"native"
"6192","Saxifraga gormanii","Micranthes gormanii","SAGO2",54141597439,4200.559937,2.800000191,"native"
"6193","Lithospermum mirabile","Lithospermum mirabile","LIMI3",95408666488,724.3999786,2.210000038,"native"
"6194","Viburnum carolinianum","Viburnum carolinianum","VICA11",17909163961,1354.580017,1.409999847,"native"
"6195","Melampodium leucanthum","Melampodium leucanthum","MELE2",9.35e+11,1130.119972,7.399999976,"native"
"6196","Mertensia umbratilis","Mertensia umbratilis","MEUM2",39879049357,3283.149963,3.279999733,"native"
"6197","Picradeniopsis oppositifolia","Picradeniopsis oppositifolia","PIOP",6.2e+11,1558.160034,7.460000396,"native"
"6198","Acalypha monostachya","Acalypha monostachya","ACMO",1.04e+11,678.710022,2.210000038,"native"
"6199","Lupinus tidestromii","Lupinus tidestromii","LUTI",13929084857,1612.48996,2.789999962,"native"
"6200","Nassella pulchra","Nassella pulchra","NAPU4",2.02e+11,3954.219894,5.719999552,"native"
"6201","Grindelia nuda","Grindelia nuda","GRNU",7.5e+11,1158.360023,7.460000396,"native"
"6202","Saxifraga californica","Lithophragma cymbalaria","SACA18",3.49e+11,4485.899765,5.719999552,"native"
"6203","Ivesia santolinoides","Potentilla santolinoides","IVSA2",1.64e+11,1714.910034,5.719999552,"native"
"6204","Minuartia cumberlandensis","Minuartia cumberlandensis","MICU3",5550019019,568.3699951,1.029999733,"native"
"6205","Hackelia hispida","Hackelia hispida","HAHI3",1.89e+11,3299.299973,4.220000267,"native"
"6206","Erigeron pygmaeus","Erigeron pygmaeus","ERPY",1.12e+11,1714.910034,5.819999933,"native"
"6207","Utricularia olivacea","Utricularia olivacea","UTOL",24589506093,706.2999268,3.170000076,"native"
"6208","Solidago villosicarpa","Solidago villosicarpa","SOVI10",6927250326,205.0200195,2.590000153,"native"
"6209","Galium porrigens","Galium porrigens","GAPO",3.3e+11,3986.799911,5.719999552,"native"
"6210","Rubus michiganensis","Rubus flagellaris","RUMI2",13436616989,900.9599609,2.449999809,"native"
"6211","Eriogonum elongatum","Eriogonum elongatum","EREL6",1.68e+11,1451.900009,5.719999552,"native"
"6212","Ceanothus leucodermis","Ceanothus leucodermis","CELE2",2.32e+11,1714.910034,5.719999552,"native"
"6213","Navarretia willamettensis",NA,"NAWI",13550266465,2298.989868,1.570000172,"native"
"6214","Linum westii","Linum westii","LIWE",12184126034,434.7099609,2.720000267,"native"
"6215","Mertensia platyphylla","Mertensia platyphylla","MEPL",1.36e+11,5808.670227,4.579999924,"native"
"6216","Ivesia muirii","Potentilla muirii","IVMU",59201302515,1662,5.719999552,"native"
"6217","Potentilla hickmanii","Potentilla hickmanii","POHI5",13743068704,1612.48996,3.360000134,"native"
"6218","Allium unifolium","Allium unifolium","ALUN",65316202481,3888.730042,5.269999743,"native"
"6219","Aphanostephus riddellii","Aphanostephus riddellii","APRI",2.88e+11,789.1899872,3.650000095,"native"
"6220","Delphinium multiplex","Delphinium multiplex","DEMU",29486038878,3283.149963,3.279999733,"native"
"6221","Physaria alpestris","Physaria alpestris","PHAL6",29486038878,3283.149963,3.279999733,"native"
"6222","Lathyrus torreyi","Lathyrus torreyi","LATO",1.08e+11,5031.199966,4.190000057,"native"
"6223","Synthyris missurica","Veronica missurica","SYMI",1.77e+11,3469.639999,4.550000191,"native"
"6224","Xyris louisianica","Xyris stricta var. obscura","XYLO2",28539002119,397.5699463,3.170000076,"native"
"6225","Verbesina walteri","Verbesina walteri","VEWA",16249811963,793.6400146,2.199999809,"native"
"6226","Grindelia howellii","Grindelia howellii","GRHO",8423215346,1240.470047,2.729999542,"native"
"6227","Hemizonia congesta","Hemizonia congesta","HECO7",1.51e+11,4382.439758,4.549999714,"native"
"6228","Keckiella corymbosa","Keckiella corymbosa","KECO2",1.07e+11,3810.099899,4.599999905,"native"
"6229","Isocoma menziesii","Isocoma menziesii","ISME5",2.05e+11,1471.01001,5.719999552,"native"
"6230","Camissonia micrantha","Camissoniopsis micrantha","CAMI22",1.82e+11,1822.35997,4.999999523,"native"
"6231","Calochortus elegans","Calochortus elegans","CAEL",2.31e+11,4384.629761,4.190000057,"native"
"6232","Ehrendorferia chrysantha","Ehrendorferia chrysantha","EHCH",2.23e+11,2283.589951,5.719999552,"native"
"6233","Phacelia racemosa","Phacelia racemosa","PHRA",97112473526,2724.339951,5.719999552,"native"
"6234","Phyllanthus liebmannianus","Phyllanthus liebmannianus","PHLI13",8831933814,271.3699951,2.720000267,"native"
"6235","Bromus laevipes","Bromus laevipes","BRLA3",3.31e+11,4480.839767,5.819999933,"native"
"6236","Eriogonum incanum","Eriogonum incanum","ERIN9",1.1e+11,2032.379883,5.819999933,"native"
"6237","Astragalus allochrous","Astragalus allochrous","ASAL6",13002255767,837.0399933,4.609999657,"native"
"6238","Hoita macrostachya","Hoita macrostachya","HOMA4",2.47e+11,2816.839951,5.719999552,"native"
"6239","Plantago sparsiflora","Plantago sparsiflora","PLSP",34190224110,422.9500122,2.909999847,"native"
"6240","Madia elegans","Madia elegans","MAEL",4.86e+11,4505.009766,5.819999933,"native"
"6241","Astragalus rattanii","Astragalus rattanii","ASRA4",52481055449,3643.249878,3.380000114,"native"
"6242","Rhododendron occidentale","Rhododendron occidentale","RHOC",2.6e+11,4480.839767,5.719999552,"native"
"6243","Rubus densissimus","Rubus pensilvanicus","RUDE7",9087277019,884.2700195,1.78000021,"native"
"6244","Asclepias solanoana","Asclepias solanoana","ASSO",53017758093,2500.809937,3.380000114,"native"
"6245","Delphinium xantholeucum","Delphinium xantholeucum","DEXA",23706236468,3856.899918,3.059999466,"native"
"6246","Camissonia luciae","Camissoniopsis luciae","CALU13",38306824796,1521.419983,4.549999714,"native"
"6247","Eschscholzia caespitosa","Eschscholzia caespitosa","ESCA",3e+11,3986.799911,5.719999552,"native"
"6248","Desmodium tweedyi","Desmodium tweedyi","DETW",26231219890,541.1899414,2.509999752,"native"
"6249","Xyris stricta","Xyris stricta","XYST",56158308355,616.5599365,3.510000229,"native"
"6250","Oxalis suksdorfii","Oxalis suksdorfii","OXSU",83919845626,4592.92984,3.900000095,"native"
"6251","Clarkia heterandra","Clarkia heterandra","CLHE4",1.76e+11,3986.799911,5.719999552,"native"
"6252","Lomatium suksdorfii","Lomatium suksdorfii","LOSU4",12366830313,3410.839996,2.360000134,"native"
"6253","Plagiobothrys nothofulvus","Plagiobothrys nothofulvus","PLNO",4.44e+11,4606.559921,5.819999933,"native"
"6254","Thalictrum cooleyi","Thalictrum cooleyi","THCO5",7415605327,432.0999756,2.590000153,"native"
"6255","Lesquerella pallida","Physaria pallida","LEPA4",1374395182,88.88989258,0.910000324,"native"
"6256","Keckiella breviflora","Keckiella breviflora","KEBR",2.57e+11,3871.26001,5.819999933,"native"
"6257","Houstonia humifusa","Houstonia humifusa","HOHU",1.98e+11,715.1700287,5.309999943,"native"
"6258","Solanum pumilum","Solanum pumilum","SOPU9",6323092858,292.5299072,1.550000191,"native"
"6259","Asclepias cordifolia","Asclepias cordifolia","ASCO",2.8e+11,4456.609764,5.819999933,"native"
"6260","Gentiana austromontana","Gentiana austromontana","GEAU3",16486902017,777.4800415,2.329999924,"native"
"6261","Calliandra conferta","Calliandra conferta","CACO",70659881199,706.5599976,2.349999428,"native"
"6262","Simsia calva","Simsia calva","SICA7",2.51e+11,951.0600433,2.819999695,"native"
"6263","Lupinus albicaulis","Lupinus albicaulis","LUAL3",3.27e+11,5888.840233,5.719999552,"native"
"6264","Celtis ehrenbergiana","Celtis iguanaea","CEEH",2.4e+11,1352.439972,5.159999847,"native"
"6265","Trifolium buckwestiorum","Trifolium buckwestiorum","TRBU3",13733974362,1612.48996,2.789999962,"native"
"6266","Cylindropuntia wolfii","Cylindropuntia wolfii","CYWO",21717942324,742.0900192,2.480000019,"native"
"6267","Diplacus aridus","Diplacus aridus","DIAR6",21717942324,742.0900192,2.480000019,"native"
"6268","Geraea viscida","Geraea viscida","GEVI",21717942324,742.0900192,2.480000019,"native"
"6269","Ipomopsis tenuifolia","Ipomopsis tenuifolia","IPTE3",21717942324,742.0900192,2.480000019,"native"
"6270","Lotus haydonii","Acmispon haydonii","LOHA3",21717942324,742.0900192,2.480000019,"native"
"6271","Malperia tenuis","Malperia tenuis","MATE3",21717942324,742.0900192,2.480000019,"native"
"6272","Mentzelia hirsutissima","Mentzelia hirsutissima","MEHI3",21717942324,742.0900192,2.480000019,"native"
"6273","Nemacladus capillaris","Nemacladus capillaris","NECA",1.52e+11,3929.989891,5.719999552,"native"
"6274","Primula suffrutescens","Primula suffrutescens","PRSU",1.29e+11,3871.26001,5.719999552,"native"
"6275","Raillardella scaposa","Raillardella scaposa","RASC2",1.08e+11,3304.389893,5.819999933,"native"
"6276","Erigeron decumbens","Erigeron decumbens","ERDE3",82703371138,3791.210052,4.569999695,"native"
"6277","Lomatium repostum","Lomatium repostum","LORE2",11402297230,1514.129974,3.380000114,"native"
"6278","Eucephalus vialis","Eucephalus vialis","EUVI8",49495242322,4079.89978,2.349999905,"native"
"6279","Epilobium nivium","Epilobium nivium","EPNI",26953549213,1979.179901,3.260000229,"native"
"6280","Trifolium obtusiflorum","Trifolium obtusiflorum","TROB2",3.1e+11,3959.279892,5.719999552,"native"
"6281","Isoetes tegetiformans","Isoetes tegetiformans","ISTE",3868084880,82.09997559,1.179999828,"native"
"6282","Clematis lasiantha","Clematis lasiantha","CLLA3",2.94e+11,3959.279892,5.719999552,"native"
"6283","Ceanothus cuneatus","Ceanothus cuneatus","CECU",4.2e+11,4485.899765,5.819999933,"native"
"6284","Verbesina lindheimeri","Verbesina lindheimeri","VELI2",31861960117,647.3099365,1.840000153,"native"
"6285","Astragalus desereticus","Astragalus desereticus","ASDE2",5189357942,1155.200012,3.260000229,"native"
"6286","Phacelia argillacea","Phacelia argillacea","PHAR2",5189357942,1155.200012,3.260000229,"native"
"6287","Campanula angustiflora","Campanula angustiflora","CAAN3",22402757273,1612.48996,3.380000114,"native"
"6288","Phlox aculeata","Phlox aculeata","PHAC2",1.92e+11,3301.189972,4.240000248,"native"
"6289","Matelea flavidula","Matelea flavidula","MAFL3",16462982194,478.7700195,2.579999924,"native"
"6290","Luzula divaricata","Luzula divaricata","LUDI",1.75e+11,3871.26001,5.819999933,"native"
"6291","Eriogonum lachnogynum","Eriogonum lachnogynum","ERLA3",2.39e+11,1186.540039,7.179999709,"native"
"6292","Microseris decipiens","Microseris decipiens","MIDE",11000460043,1208.680023,2.639999866,"native"
"6293","Clarkia dudleyana","Clarkia dudleyana","CLDU",1.94e+11,1662,5.719999552,"native"
"6294","Panicum hallii","Panicum hallii","PAHA",7.64e+11,1361.839996,7.399999976,"native"
"6295","Triteleia lugens","Triteleia lugens","TRLU4",23498505187,1673.179977,3.670000076,"native"
"6296","Columbiadoria hallii","Columbiadoria hallii","COHA5",64909956203,4334.599762,3.449999809,"native"
"6297","Geum geniculatum","Geum geniculatum","GEGE",2266055763,563.2299805,1.409999847,"native"
"6298","Lagophylla ramosissima","Lagophylla ramosissima","LARA",7.36e+11,3986.799911,5.819999933,"native"
"6299","Ribes malvaceum","Ribes malvaceum","RIMA",2.23e+11,2816.839951,5.719999552,"native"
"6300","Senecio aronicoides","Senecio aronicoides","SEAR4",2.23e+11,4393.399765,5.819999933,"native"
"6301","Horkelia bolanderi","Potentilla bolanderi","HOBO2",15316123838,1925.48996,3.260000229,"native"
"6302","Delphinium uliginosum","Delphinium uliginosum","DEUL",24434744625,3651.170013,4,"native"
"6303","Apiastrum angustifolium","Apiastrum angustifolium","APAN",2.45e+11,2283.589951,5.719999552,"native"
"6304","Iris fernaldii","Iris fernaldii","IRFE",27960819523,1978.299957,3.670000076,"native"
"6305","Quercus agrifolia","Quercus agrifolia","QUAG",2.03e+11,2283.589951,5.719999552,"native"
"6306","Centaurium venustum","Zeltnera venusta","CEVE3",2.66e+11,3852.150009,5.719999552,"native"
"6307","Arctostaphylos gabilanensis","Arctostaphylos gabilanensis","ARGA5",12096207957,1162.380051,2.269999981,"native"
"6308","Clarkia lewisii","Clarkia lewisii","CLLE2",12096207957,1162.380051,2.269999981,"native"
"6309","Eriogonum nortonii","Eriogonum nortonii","ERNO2",12096207957,1162.380051,2.269999981,"native"
"6310","Phacelia cicutaria","Phacelia cicutaria","PHCI",2.79e+11,2835.949951,5.719999552,"native"
"6311","Stachys pycnantha","Stachys pycnantha","STPY",1.12e+11,2811.779953,4.990000248,"native"
"6312","Scutellaria siphocampyloides","Scutellaria siphocampyloides","SCSI6",2.65e+11,3959.279892,5.719999552,"native"
"6313","Phlox rigida","Phlox rigida","PHRI5",2.19e+11,3978.389893,5.819999933,"native"
"6314","Ruellia metziae","Ruellia metziae","RUME",92535797689,726.0099487,2.549999714,"native"
"6315","Trifolium bifidum","Trifolium bifidum","TRBI",2.3e+11,4472.009766,5.299999475,"native"
"6316","Castilleja foliolosa","Castilleja foliolosa","CAFO2",2.48e+11,3959.279892,5.719999552,"native"
"6317","Lomatium columbianum","Lomatium columbianum","LOCO",39175593616,4497.099915,4.579999924,"native"
"6318","Centaurium beyrichii","Zeltnera beyrichii","CEBE",64754599763,771.1699829,2.259999752,"native"
"6319","Rudbeckia scabrifolia","Rudbeckia scabrifolia","RUSC4",10249633544,327.2700195,1.029999733,"native"
"6320","Balsamorhiza serrata","Balsamorhiza serrata","BASE2",2e+11,3087.379974,4.46999979,"native"
"6321","Juncus leiospermus","Juncus leiospermus","JULE2",32078456221,2514.079956,4.580000162,"native"
"6322","Cordylanthus rigidus","Cordylanthus rigidus","CORI2",2.02e+11,1642.889999,5.719999552,"native"
"6323","Pentachaeta exilis","Pentachaeta exilis","PEEX4",98586192612,2713.379944,5.299999475,"native"
"6324","Mammillaria prolifera","Mammillaria prolifera","MAPR2",31908417024,548.8900146,1.829999924,"native"
"6325","Parthenocissus heptaphylla","Parthenocissus heptaphylla","PAHE4",29125136703,459.0599976,1.800000191,"native"
"6326","Clarkia australis","Clarkia australis","CLAU2",15039168993,1489.770004,5.24000001,"native"
"6327","Eriophyllum nubigenum","Eriophyllum nubigenum","ERNU6",15039168993,1489.770004,5.24000001,"native"
"6328","Iris hartwegii","Iris hartwegii","IRHA",1.82e+11,2816.839951,5.719999552,"native"
"6329","Scoliopus hallii","Scoliopus hallii","SCHA2",57627281114,3935.129944,2.800000191,"native"
"6330","Echinocactus texensis","Echinocactus texensis","ECTE",1.68e+11,808.5300293,5.019999981,"native"
"6331","Penstemon azureus","Penstemon azureus","PEAZ",1.72e+11,4384.509766,5.529999971,"native"
"6332","Abronia fragrans","Abronia fragrans","ABFR2",1.05e+12,1458.299957,7.460000396,"native"
"6333","Camissonia hirtella","Camissoniopsis hirtella","CAHI13",2.55e+11,2816.839951,5.719999552,"native"
"6334","Carex dudleyi","Carex densa","CADU2",1.02e+11,3855.819885,5.819999933,"native"
"6335","Paronychia depressa","Paronychia depressa","PADE4",2.19e+11,1313.079971,3.5,"native"
"6336","Chaptalia texana","Chaptalia texana","CHTE6",92209751285,741.5699921,2.699999809,"native"
"6337","Lobelia floridana","Lobelia floridana","LOFL3",50157477059,500.3399658,3.170000076,"native"
"6338","Mimulus palmeri","Erythranthe palmeri","MIPA2",1.58e+11,1451.900009,4.559999466,"native"
"6339","Baccharis angustifolia","Baccharis angustifolia","BAAN",80278309929,777.1600342,3.869999886,"native"
"6340","Polygonum glaucum","Polygonum glaucum","POGL7",40279490417,640.5200195,3.059999943,"native"
"6341","Hesperolinon clevelandii","Linum clevelandii","HECL3",29611881203,2102.839951,5.24000001,"native"
"6342","Oxytropis sericea","Oxytropis sericea","OXSE",1.2e+12,2391.270111,7.460000396,"native"
"6343","Potamogeton floridanus","Potamogeton floridanus","POFL5",2622050626,111.3400879,2.590000153,"native"
"6344","Dichaetophora campestris","Dichaetophora campestris","DICA2",36427117734,403.3999939,1.829999924,"native"
"6345","Sedum leibergii","Sedum leibergii","SELE",1.54e+11,3051.649979,3.980000019,"native"
"6346","Cylindropuntia munzii","Cylindropuntia munzii","CYMU12",29482194384,773.4799728,2.550000191,"native"
"6347","Xylorhiza cognata","Xylorhiza cognata","XYCO2",29482194384,773.4799728,2.550000191,"native"
"6348","Narthecium californicum","Narthecium californicum","NACA2",1.12e+11,4384.509766,5.529999971,"native"
"6349","Triteleia peduncularis","Triteleia peduncularis","TRPE10",58571926619,3778.529892,5.24000001,"native"
"6350","Salvia mellifera","Salvia mellifera","SAME3",1.79e+11,1451.900009,5.719999552,"native"
"6351","Symphyotrichum hallii","Symphyotrichum hallii","SYHA",80895155619,3810.409912,3.730000019,"native"
"6352","Heliotropium convolvulaceum","Euploca convolvulacea","HECO5",7.05e+11,1419.079941,7.460000396,"native"
"6353","Marshallia grandiflora","Marshallia grandiflora","MAGR7",25852433131,987.6600342,1.400000095,"native"
"6354","Pediocactus nigrispinus","Pediocactus nigrispinus","PENI5",77167886598,3301.189972,4.240000248,"native"
"6355","Lupinus succulentus","Lupinus succulentus","LUSU3",2.64e+11,2283.589951,5.859999895,"native"
"6356","Viola pedunculata","Viola pedunculata","VIPE3",1.86e+11,2264.700058,5.719999552,"native"
"6357","Lomatium watsonii","Lomatium watsonii","LOWA",44741542443,3452.679993,3.279999733,"native"
"6358","Tradescantia edwardsiana","Tradescantia edwardsiana","TRED",60833232165,793.0299683,2.519999981,"native"
"6359","Festuca washingtonica","Festuca washingtonica","FEWA",42680818515,3283.149963,3.279999733,"native"
"6360","Rubus glaucifolius","Rubus glaucifolius","RUGL",1.29e+11,3838.26001,5.719999552,"native"
"6361","Triteleia ixioides","Triteleia ixioides","TRIX",2.41e+11,3871.26001,5.719999552,"native"
"6362","Phacelia imbricata","Phacelia imbricata","PHIM",3.02e+11,3959.279892,5.719999552,"native"
"6363","Arabis davidsonii","Boechera davidsonii","ARDA",1.43e+11,2835.949951,5.819999933,"native"
"6364","Calochortus nitidus","Calochortus nitidus","CANI",94585793280,1922.529907,3.319999695,"native"
"6365","Hypericum microsepalum","Hypericum microsepalum","HYMI4",32580004682,476.6999512,2.720000267,"native"
"6366","Lessingia germanorum","Lessingia germanorum","LEGE",9782953278,1101.690033,3.360000134,"native"
"6367","Grindelia nana","Grindelia hirsutula","GRNA",4.78e+11,4449.669769,4.78000021,"native"
"6368","Selaginella tortipila","Selaginella tortipila","SETO",15666785345,1279.910034,1.039999962,"native"
"6369","Bartonia texana","Bartonia paniculata subsp. texana","BATE2",19654365610,357.4899902,2.419999599,"native"
"6370","Melica torreyana","Melica torreyana","METO",1.37e+11,3929.989891,5.719999552,"native"
"6371","Cryptantha mariposae","Cryptantha mariposae","CRMA6",16021043545,1462.139999,5.24000001,"native"
"6372","Krameria ramosissima","Krameria ramosissima","KRRA",36090822521,330.1300049,1.389999866,"native"
"6373","Clarkia xantiana","Clarkia xantiana","CLXA",80960767038,1662,5.719999552,"native"
"6374","Delphinium parryi","Delphinium parryi","DEPA2",2.16e+11,1508.359985,5.719999552,"native"
"6375","Krigia montana","Krigia montana","KRMO",18425283338,1391.890015,1.369999886,"native"
"6376","Ceanothus palmeri","Ceanothus palmeri","CEPA",93320148509,1690.740036,4.559999466,"native"
"6377","Onosmodium helleri","Lithospermum helleri","ONHE",18504623480,260.1699829,2.200000286,"native"
"6378","Oxalis albicans","Oxalis albicans","OXAL",6.46e+11,3954.219894,7.399999976,"native"
"6379","Cryptantha thyrsiflora","Oreocarya thyrsiflora","CRTH",3.19e+11,1663.510056,4.649999619,"native"
"6380","Agrostis hendersonii","Agrostis hendersonii","AGHE3",46775351231,2674.869949,5.299999475,"native"
"6381","Streptanthus breweri","Streptanthus breweri","STBR2",1.13e+11,3978.389893,5.719999552,"native"
"6382","Echinocereus viridiflorus","Echinocereus viridiflorus","ECVI2",4.35e+11,1135.51004,5.309999943,"native"
"6383","Wedelia acapulcensis","Wedelia acapulcensis","WEAC",1.58e+11,785.9100342,2.949999809,"native"
"6384","Ruellia malacosperma","Ruellia simplex","RUMA9",14541463470,976.1899719,2.650000095,"native"
"6385","Downingia montana","Downingia montana","DOMO2",84663047568,3759.650009,5.719999552,"native"
"6386","Rhus lanceolata","Rhus lanceolata","RHLA3",2.04e+11,1394.999985,3.449999332,"native"
"6387","Lotus argophyllus","Acmispon argophyllus","LOAR3",2.16e+11,2821.269951,5.719999552,"native"
"6388","Rhynchospora curtissii","Rhynchospora curtissii","RHCU3",33773036337,375.289917,3.170000076,"native"
"6389","Melica californica","Melica californica","MECA2",3.06e+11,4485.899765,5.819999933,"native"
"6390","Geranium californicum","Geranium californicum","GECA4",1.5e+11,1642.889999,5.719999552,"native"
"6391","Galactia texana","Galactia texana","GATE",53261285754,775.8700562,2.410000324,"native"
"6392","Symphyotrichum cusickii","Symphyotrichum foliaceum var. cusickii","SYCU2",1.29e+11,3883.82991,4.06000042,"native"
"6393","Arnica dealbata","Arnica dealbata","ARDE11",1.15e+11,3759.650009,5.719999552,"native"
"6394","Penstemon heterophyllus","Penstemon heterophyllus","PEHE3",2.59e+11,3959.279892,5.719999552,"native"
"6395","Cardamine penduliflora","Cardamine penduliflora","CAPE2",63416679150,3513.099976,4.390000343,"native"
"6396","Mimulus glaucescens","Erythranthe glaucescens","MIGL2",30370181513,2458.73996,3.260000229,"native"
"6397","Prunus subcordata","Prunus subcordata","PRSU2",2.84e+11,4577.26992,5.819999933,"native"
"6398","Valerianella stenocarpa","Valeriana stenocarpa","VAST2",31880310065,275.4400024,2.03000021,"native"
"6399","Lupinus subvexus","Lupinus subvexus","LUSU10",4.12e+11,3978.389893,5.819999933,"native"
"6400","Calycadenia micrantha","Calycadenia micrantha","CAMI53",22968579226,2127.409882,3.269999981,"native"
"6401","Asclepias californica","Asclepias californica","ASCA3",2.43e+11,2302.699951,5.719999552,"native"
"6402","Chaenactis alpigena","Chaenactis alpigena","CHAL",99887183889,1714.910034,5.819999933,"native"
"6403","Ivesia lycopodioides","Potentilla lycopodioides","IVLY",99887183889,1714.910034,5.819999933,"native"
"6404","Perideridia kelloggii","Perideridia kelloggii","PEKE",1.51e+11,3945.389893,5.410000086,"native"
"6405","Sophora secundiflora","Dermatophyllum secundiflorum","SOSE3",1.89e+11,971.7700195,3.360000134,"native"
"6406","Coelorachis tessellata","Rottboellia tessellata","COTE5",26368528658,325.9500732,3.170000076,"native"
"6407","Matelea edwardsensis","Matelea edwardsensis","MAED",38754505428,503.1600342,2.139999866,"native"
"6408","Malacothamnus fasciculatus","Malacothamnus fasciculatus","MAFA",2.37e+11,2302.699951,5.719999552,"native"
"6409","Pinus balfouriana","Pinus balfouriana","PIBA",1e+11,4005.909912,4.459999561,"native"
"6410","Phoradendron villosum","Phoradendron villosum","PHVI9",3.74e+11,4485.899765,5.719999552,"native"
"6411","Castilleja densiflora","Castilleja densiflora","CADE29",1.59e+11,2278.529953,5.719999552,"native"
"6412","Stephanomeria paniculata","Stephanomeria paniculata","STPA2",2.7e+11,3784.910004,4.550000191,"native"
"6413","Thelypteris ovata","Thelypteris ovata","THOV",1.52e+11,1488.640015,4.309999466,"native"
"6414","Eriogonum roseum","Eriogonum roseum","ERRO6",2.86e+11,3986.799911,5.719999552,"native"
"6415","Argemone aurantiaca","Argemone aurantiaca","ARAU2",26958241695,790.1999512,3.150000095,"native"
"6416","Zanthoxylum hirsutum","Zanthoxylum clava-herculis subsp. fruticosum","ZAHI2",49233038260,623.8600159,2.210000038,"native"
"6417","Cistanthe quadripetala","Cistanthe quadripetala","CIQU4",31529956597,2458.73996,3.260000229,"native"
"6418","Chasmanthium ornithorhynchum","Chasmanthium ornithorhynchum","CHOR3",30780658932,365.3999023,3.170000076,"native"
"6419","Carphephorus pseudoliatris","Carphephorus pseudoliatris","CAPS5",47393160217,406.9599609,3.170000076,"native"
"6420","Plantago erecta","Plantago erecta","PLER3",3.7e+11,4505.009766,5.719999552,"native"
"6421","Mahonia dictyota","Berberis dictyota","MADI11",2.51e+11,3852.150009,5.719999552,"native"
"6422","Rhynchospora californica","Rhynchospora californica","RHCA10",13420378230,2013.870056,4.580000162,"native"
"6423","Micropus californicus","Micropus californicus","MICA",3.94e+11,4485.899765,5.719999552,"native"
"6424","Pedicularis rainierensis","Pedicularis rainierensis","PERA6",21665512002,3500.710022,3.529999733,"native"
"6425","Rainiera stricta","Rainiera stricta","RAST",75203588352,3500.710022,3.679999828,"native"
"6426","Leptosiphon pygmaeus","Leptosiphon pygmaeus","LEPY4",2.23e+11,2816.839951,5.719999552,"native"
"6427","Grindelia camporum","Grindelia hirsutula","GRCA",3.24e+11,3978.389893,5.819999933,"native"
"6428","Pseudognaphalium biolettii","Pseudognaphalium biolettii","PSBI3",1.91e+11,1489.249985,5.719999552,"native"
"6429","Arctostaphylos pajaroensis","Arctostaphylos pajaroensis","ARPA3",9652483255,1208.680023,1.869999886,"native"
"6430","Tauschia tenuissima","Lomatium tenuissimum","TATE3",22562488859,1694.109924,2.759999752,"native"
"6431","Erigeron modestus","Erigeron modestus","ERMO2",4.3e+11,928.0000305,5.480000019,"native"
"6432","Gaylussacia ursina","Gaylussacia ursina","GAUR",24877484427,1354.580017,1.360000134,"native"
"6433","Garrya congdonii","Garrya flavescens","GACO9",58746599083,2667.659958,5.24000001,"native"
"6434","Pleea tenuifolia","Pleea tenuifolia","PLTE3",36212301369,592.9799805,3.170000076,"native"
"6435","Lupinus horizontalis","Lupinus horizontalis","LUHO3",1.58e+11,1471.01001,5.719999552,"native"
"6436","Lespedeza texana","Lespedeza texana","LETE2",59598775453,889.9199829,2.53000021,"native"
"6437","Glandularia quandrangulata","Verbena quadrangulata","GLQU",1.56e+11,754.9700165,4.110000134,"native"
"6438","Penstemon gairdneri","Penstemon gairdneri","PEGA",2.5e+11,3301.189972,4.240000248,"native"
"6439","Cynoglossum occidentale","Andersonglossum occidentale","CYOC",2.25e+11,3957.509911,5.819999933,"native"
"6440","Erigeron algidus","Erigeron algidus","ERAL18",97974891259,1714.910034,5.819999933,"native"
"6441","Sidalcea reptans","Sidalcea reptans","SIRE",98372777892,1642.889999,5.719999552,"native"
"6442","Collinsia sparsiflora","Collinsia sparsiflora","COSP",2.79e+11,4329.78006,5.590000391,"native"
"6443","Eriogonum viridescens","Eriogonum viridescens","ERVI12",1.66e+11,1471.01001,5.719999552,"native"
"6444","Dalea cylindriceps","Dalea cylindriceps","DACY",2.61e+11,1075.169968,4.9599998,"native"
"6445","Pleuropogon californicus","Pleuropogon californicus","PLCA6",57019202376,3855.819885,5.269999743,"native"
"6446","Yucca pallida","Yucca pallida","YUPA",51184820167,392.1700439,2.179999828,"native"
"6447","Cryptantha microstachys","Cryptantha microstachys","CRMI3",2.14e+11,2816.839951,5.719999552,"native"
"6448","Eriogonum hirtiflorum","Eriogonum hirtiflorum","ERHI4",1.89e+11,3852.150009,5.719999552,"native"
"6449","Calochortus subalpinus","Calochortus subalpinus","CASU2",75274316990,5808.670227,3.769999981,"native"
"6450","Platanthera chapmanii","Platanthera chapmanii","PLCH2",30733858209,426.8300781,3.510000229,"native"
"6451","Penstemon oklahomensis","Penstemon oklahomensis","PEOK",10240908903,273.2900391,2.050000191,"native"
"6452","Trisetum interruptum","Koeleria spicata subsp. spicata","TRIN5",2.86e+11,1408.909943,5.480000019,"native"
"6453","Penstemon idahoensis","Penstemon idahoensis","PEID",21525912541,1401.859955,2.699999809,"native"
"6454","Rubus fecundus","Rubus flagellaris","RUFE",25380233744,867.2700195,2.860000134,"native"
"6455","Calylophus lavandulifolius","Oenothera lavandulifolia","CALA38",8.96e+11,1355.589996,7.460000396,"native"
"6456","Torreya californica","Torreya californica","TOCA",1.37e+11,4384.509766,5.529999971,"native"
"6457","Euphorbia strictior","Euphorbia strictior","EUST5",32693812357,617.5900269,3.790000439,"native"
"6458","Linum hudsonioides","Linum hudsonioides","LIHU2",81618989720,726.4299927,2.289999485,"native"
"6459","Agalinis aphylla","Agalinis aphylla","AGAP3",51311816328,582.0799561,3.170000076,"native"
"6460","Ranunculus hebecarpus","Ranunculus hebecarpus","RAHE",3.19e+11,3981.739914,5.819999933,"native"
"6461","Calliscirpus brachythrix","Calliscirpus brachythrix","CABR30",98772594181,2835.949951,5.719999552,"native"
"6462","Aphanostephus ramosissimus","Aphanostephus ramosissimus","APRA",5.09e+11,912.1199951,5.480000019,"native"
"6463","Juncus capillaris","Juncus capillaris","JUCA4",1.17e+11,2283.810059,5.719999552,"native"
"6464","Carex lemmonii","Carex lemmonii","CALE7",1.56e+11,2816.839951,5.719999552,"native"
"6465","Amaranthus pumilus","Amaranthus pumilus","AMPU2",21573481982,514.2900391,2.670000076,"native"
"6466","Ayenia pilosa","Ayenia pilosa","AYPI",63644747451,517.0200195,2.579999924,"native"
"6467","Carex perdentata","Carex perdentata","CAPE40",39527947415,463.8000488,2.119999409,"native"
"6468","Alnus rhombifolia","Alnus rhombifolia","ALRH2",6e+11,4606.559921,5.819999933,"native"
"6469","Abronia carletonii","Abronia fragrans","ABCA",53380270926,755.280014,3.040000439,"native"
"6470","Lupinus albifrons","Lupinus albifrons","LUAL4",3.49e+11,4505.009766,5.719999552,"native"
"6471","Rhynchosia cytisoides","Rhynchosia cytisoides","RHCY4",48425945971,381.5600586,3.170000076,"native"
"6472","Agalinis edwardsiana","Agalinis edwardsiana","AGED",17696793243,285.5299683,2.230000019,"native"
"6473","Calycadenia oppositifolia","Calycadenia oppositifolia","CAOP",10850839094,2574.399963,3.140000343,"native"
"6474","Eremogone cliftonii","Eremogone cliftonii","ERCL5",10850839094,2574.399963,3.140000343,"native"
"6475","Mimulus filicifolius","Erythranthe filicifolia","MIFI4",10850839094,2574.399963,3.140000343,"native"
"6476","Sedum albomarginatum","Sedum albomarginatum","SEAL2",10850839094,2574.399963,3.140000343,"native"
"6477","Silene californica","Silene laciniata subsp. californica","SICA4",2.28e+11,4456.609764,5.719999552,"native"
"6478","Viburnum ellipticum","Viburnum ellipticum","VIEL",1.7e+11,4394.479767,4.900000572,"native"
"6479","Lotus wrangelianus","Acmispon wrangelianus","LOWR2",3.48e+11,3959.279892,5.819999933,"native"
"6480","Frasera fastigiata","Frasera fastigiata","FRFA",1.1e+11,4260.40976,3.849999905,"native"
"6481","Grindelia integrifolia","Grindelia integrifolia","GRIN",59161959333,5529.880249,2.849999905,"native"
"6482","Penstemon fendleri","Penstemon fendleri","PEFE",4.26e+11,1287.789963,5.339999676,"native"
"6483","Diplacus grandiflorus","Diplacus grandiflorus","DIGR5",14968340263,2574.399963,3.140000343,"native"
"6484","Anoda pentaschista","Anoda pentaschista","ANPE4",93653485902,867.3799973,5.159999847,"native"
"6485","Eriogonum effusum","Eriogonum effusum","EREF",2.82e+11,1326.919968,4.9599998,"native"
"6486","Rubus mundus","Rubus flagellaris","RUMU5",2338282054,225.5,1.730000019,"native"
"6487","Lithophragma bolanderi","Lithophragma bolanderi","LIBO5",2.26e+11,2816.839951,5.719999552,"native"
"6488","Astragalus tridactylicus","Astragalus tridactylicus","ASTR7",44325300789,949.0199585,3.390000343,"native"
"6489","Calystegia malacophylla","Calystegia malacophylla","CAMA38",1.88e+11,3822.860008,5.719999552,"native"
"6490","Clarkia mildrediae","Clarkia mildrediae","CLMI",14956447526,2610.039948,3.140000343,"native"
"6491","Lupinus dalesiae","Lupinus dalesiae","LUDA",14956447526,2610.039948,3.140000343,"native"
"6492","Eriogonum compositum","Eriogonum compositum","ERCO12",4.11e+11,4394.479767,4.450000286,"native"
"6493","Legenere limosa","Legenere valdiviana","LELI",44981006001,2636.089951,5.24000001,"native"
"6494","Vitis californica","Vitis californica","VICA5",3.06e+11,4485.899765,5.719999552,"native"
"6495","Cuscuta leptantha","Cuscuta leptantha","CULE",56171553606,711.6300201,5.309999943,"native"
"6496","Silphium scaberrimum","Silphium asteriscus var. asteriscus","SISC4",2656469661,210.5599365,1.840000153,"native"
"6497","Agrostis lacuna-vernalis","Agrostis lacuna-vernalis","AGLA",8499616962,1101.690033,1.869999886,"native"
"6498","Arctostaphylos edmundsii","Arctostaphylos edmundsii","ARED",8499616962,1101.690033,1.869999886,"native"
"6499","Arctostaphylos montereyensis","Arctostaphylos montereyensis","ARMO6",8499616962,1101.690033,1.869999886,"native"
"6500","Arctostaphylos pumila","Arctostaphylos pumila","ARPU4",8499616962,1101.690033,1.869999886,"native"
"6501","Clarkia jolonensis","Clarkia jolonensis","CLJO2",8499616962,1101.690033,1.869999886,"native"
"6502","Delphinium hutchinsoniae","Delphinium hutchinsoniae","DEHU",8499616962,1101.690033,1.869999886,"native"
"6503","Eriogonum butterworthianum","Eriogonum butterworthianum","ERBU2",8499616962,1101.690033,1.869999886,"native"
"6504","Ericameria fasciculata","Ericameria fasciculata","ERFA5",8499616962,1101.690033,1.869999886,"native"
"6505","Galium clementis","Galium clementis","GACL",8499616962,1101.690033,1.869999886,"native"
"6506","Hesperocyparis goveniana","Hesperocyparis goveniana","HEGO3",8499616962,1101.690033,1.869999886,"native"
"6507","Lupinus abramsii","Lupinus albifrons var. abramsii","LUAB",8499616962,1101.690033,1.869999886,"native"
"6508","Malacothamnus abbottii","Malacothamnus abbottii","MAAB",8499616962,1101.690033,1.869999886,"native"
"6509","Piperia yadonii","Platanthera yadonii","PIYA",8499616962,1101.690033,1.869999886,"native"
"6510","Pogogyne clareana","Pogogyne clareana","POCL2",8499616962,1101.690033,1.869999886,"native"
"6511","Triteleia versicolor","Triteleia versicolor","TRVE3",8499616962,1101.690033,1.869999886,"native"
"6512","Wyethia angustifolia","Wyethia angustifolia","WYAN",2.96e+11,4393.399765,5.719999552,"native"
"6513","Helenium vernale","Helenium vernale","HEVE",51222354162,594.3000488,3.170000076,"native"
"6514","Pinguicula planifolia","Pinguicula planifolia","PIPL",37424380462,365.3999023,3.170000076,"native"
"6515","Rhynchospora stenophylla","Rhynchospora stenophylla","RHST2",51539378275,678.789917,3.170000076,"native"
"6516","Isoetes orcuttii","Isoetes orcuttii","ISOR",1.68e+11,2816.839951,5.719999552,"native"
"6517","Delphinium patens","Delphinium patens","DEPA3",2.83e+11,2816.839951,5.719999552,"native"
"6518","Trichostema lanceolatum","Trichostema lanceolatum","TRLA4",3.68e+11,3986.799911,5.719999552,"native"
"6519","Trifolium albopurpureum","Trifolium albopurpureum","TRAL5",4.32e+11,5450.050156,5.859999895,"native"
"6520","Harrisia simpsonii","Harrisia fragrans","HASI",20898578617,613.6099854,3.869999886,"native"
"6521","Cheilanthes aemula","Hemionitis aemula","CHAE",15287854924,814.2200317,2.399999619,"native"
"6522","Heterotheca sessiliflora","Heterotheca sessiliflora","HESE",2.16e+11,2283.589951,5.719999552,"native"
"6523","Astragalus gambelianus","Astragalus gambelianus","ASGA",3.19e+11,3959.279892,5.719999552,"native"
"6524","Eleocharis halophila","Eleocharis uniglumis subsp. uniglumis","ELHA2",64960644533,660.5100098,3.059999943,"native"
"6525","Agalinis pulchella","Agalinis pulchella","AGPU4",3058498769,321.1600342,0.579999924,"native"
"6526","Eucephalus glaucescens","Eucephalus glaucescens","EUGL11",20265161380,4311.740051,3.109999657,"native"
"6527","Dicentra pauciflora","Dicentra pauciflora","DIPA",92168417371,3957.509911,4.459999561,"native"
"6528","Besseya rubra","Veronica rubra","BERU",2.34e+11,2187.139923,4.240000248,"native"
"6529","Wolffiella oblonga","Wolffiella oblonga","WOOB",85849891609,2264.700058,4.299999714,"native"
"6530","Hemizonia fitchii","Centromadia fitchii","HEFI",2.44e+11,3986.799911,5.719999552,"native"
"6531","Ranunculus macranthus","Ranunculus macranthus","RAMA3",1.49e+11,1175.799957,7.259999633,"native"
"6532","Solidago glomerata","Solidago glomerata","SOGL2",13599943218,1276.890015,1.429999828,"native"
"6533","Rhynchospora nivea","Rhynchospora nivea","RHNI2",66594214630,889.9700317,2.879999638,"native"
"6534","Sidalcea cusickii","Sidalcea cusickii","SICU",48705057677,3589.950073,2.800000191,"native"
"6535","Lasthenia microglossa","Lasthenia microglossa","LAMI4",2.2e+11,2835.949951,5.719999552,"native"
"6536","Arnoglossum sulcatum","Arnoglossum sulcatum","ARSU5",25863744270,368.8699951,2.590000153,"native"
"6537","Sairocarpus cornutus","Sairocarpus cornutus","SACO12",1.44e+11,3929.989891,5.719999552,"native"
"6538","Setaria reverchonii","Setaria reverchonii","SERE3",2.56e+11,817.8000488,5.019999981,"native"
"6539","Carex planostachys","Carex planostachys","CAPL3",2.12e+11,1133.889999,4.92999959,"native"
"6540","Cirsium fontinale","Cirsium fontinale","CIFO2",18838729874,1166.279968,5.269999743,"native"
"6541","Dalea ornata","Dalea ornata","DAOR2",2.89e+11,3514.889999,4.46999979,"native"
"6542","Senecio californicus","Senecio californicus","SECA",1.87e+11,1456.330009,5.719999552,"native"
"6543","Leucothoe davisiae","Leucothoe davisiae","LEDA",1.19e+11,4384.509766,5.529999971,"native"
"6544","Pediomelum reverchonii","Pediomelum reverchonii","PERE10",14562831332,222.3800049,2.21999979,"native"
"6545","Quercus wislizeni","Quercus wislizeni","QUWI2",3.4e+11,3978.389893,5.719999552,"native"
"6546","Atriplex serenana","Atriplex serenana","ATSE2",2.44e+11,2283.810059,5.819999933,"native"
"6547","Oenothera engelmannii","Oenothera engelmannii","OEEN",1.48e+11,763.7600098,5.309999943,"native"
"6548","Minuartia cismontana","Minuartia cismontana","MICI3",57640554255,3855.819885,5.299999475,"native"
"6549","Lomatium canbyi","Lomatium canbyi","LOCA4",2.91e+11,3784.910004,4.46999979,"native"
"6550","Lessingia ramulosa","Lessingia ramulosa","LERA3",23464056753,1975.359955,3.380000114,"native"
"6551","Fraxinus albicans","Fraxinus albicans","FRAL3",84779201557,746.3099365,3.169999599,"native"
"6552","Brodiaea elegans","Brodiaea elegans","BREL",3.27e+11,4606.559921,5.719999552,"native"
"6553","Pentagramma pallida","Hemionitis pallida","PEPA40",1.67e+11,2816.839951,5.719999552,"native"
"6554","Croton wigginsii","Croton wigginsii","CRWI2",25098420763,329.7499924,4.460000038,"native"
"6555","Pholisma sonorae","Pholisma sonorae","PHSO",25098420763,329.7499924,4.460000038,"native"
"6556","Lupinus formosus","Lupinus formosus","LUFO2",2.91e+11,3959.279892,5.719999552,"native"
"6557","Erigeron chrysopsidis","Erigeron chrysopsidis","ERCH4",97923940699,3175.819885,3.980000019,"native"
"6558","Pityopus californica","Pityopus californicus","PICA9",1.26e+11,4384.509766,5.529999971,"native"
"6559","Tridens ambiguus","Tridens ambiguus","TRAM",75617406522,635.1199951,3.170000076,"native"
"6560","Acourtia runcinata","Acourtia runcinata","ACRU3",1.33e+11,706.5599976,2.699999809,"native"
"6561","Plagiobothrys bracteatus","Plagiobothrys bracteatus","PLBR",2.49e+11,4472.009766,5.819999933,"native"
"6562","Hamamelis ovalis","Hamamelis ovalis","HAOV4",13798307765,249.7399902,2,"native"
"6563","Ivesia pygmaea","Potentilla nubigena","IVPY",80011997945,1918.650024,5.819999933,"native"
"6564","Camissonia ignota","Camissoniopsis ignota","CAIG2",1.83e+11,1489.249985,5.719999552,"native"
"6565","Trifolium ciliolatum","Trifolium ciliolatum","TRCI",3.58e+11,3986.799911,5.719999552,"native"
"6566","Phlox pulchra","Phlox pulchra","PHPU16",12667580215,226.3599854,1.929999828,"native"
"6567","Prunus minutiflora","Prunus minutiflora","PRMI2",48491904124,596.6099854,2.259999752,"native"
"6568","Rosa californica","Rosa californica","ROCA2",3.34e+11,3992.190048,5.819999933,"native"
"6569","Holozonia filipes","Holozonia filipes","HOFI",64845393711,2657.239944,5.24000001,"native"
"6570","Navarretia furnissii","Navarretia furnissii","NAFU",55491982212,1621.580063,3.849999905,"native"
"6571","Layia gaillardioides","Layia gaillardioides","LAGA",69066832959,3855.819885,5.299999475,"native"
"6572","Polymnia cossatotensis","Polymnia cossatotensis","POCO25",2019823598,342.3500977,0.409999847,"native"
"6573","Liatris helleri","Liatris helleri","LIHE2",1222192503,343.6900635,0.78000021,"native"
"6574","Mucronea perfoliata","Mucronea perfoliata","MUPE2",1.7e+11,1471.01001,5.719999552,"native"
"6575","Polygala hookeri","Polygala hookeri","POHO3",54184063711,555.8699951,3.170000076,"native"
"6576","Packera millefolium","Packera millefolium","PAMI25",10983407003,1316.070007,1.53000021,"native"
"6577","Pentachaeta fragilis","Pentachaeta fragilis","PEFR6",55718709532,1613.599998,5.719999552,"native"
"6578","Arenaria franklinii","Eremogone franklinii","ARFR",2.97e+11,3347.10997,4.46999979,"native"
"6579","Ribes lasianthum","Ribes lasianthum","RILA2",94336022598,1928.599991,5.819999933,"native"
"6580","Asclepias vestita","Asclepias vestita","ASVE2",2.31e+11,1841.469971,5.719999552,"native"
"6581","Stachys ajugoides","Stachys ajugoides","STAJ",1.27e+11,3945.389893,5.719999552,"native"
"6582","Hazardia whitneyi","Hazardia whitneyi","HAWH3",1.97e+11,4456.609764,5.719999552,"native"
"6583","Galium bolanderi","Galium bolanderi","GABO",2.15e+11,4456.609764,5.819999933,"native"
"6584","Saxifraga caroliniana","Micranthes micranthidifolia","SACA20",3645558983,386.6900635,1.380000114,"native"
"6585","Juncus dubius","Juncus dubius","JUDU",1.79e+11,2835.949951,5.719999552,"native"
"6586","Solanum umbelliferum","Solanum umbelliferum","SOUM",2.61e+11,3852.150009,5.719999552,"native"
"6587","Mentzelia lindleyi","Mentzelia lindleyi","MELI4",1.01e+11,3945.389893,5.859999895,"native"
"6588","Leptosiphon montanus","Leptosiphon montanus","LEMO19",1.45e+11,2283.589951,5.719999552,"native"
"6589","Castilleja chrysantha","Castilleja chrysantha","CACH16",52850488313,1723.199966,3.980000019,"native"
"6590","Polygonum californicum","Polygonum californicum","POCA7",1.85e+11,3885.409912,5.529999971,"native"
"6591","Eryngium articulatum","Eryngium articulatum","ERAR14",1.38e+11,4393.399765,5.099999905,"native"
"6592","Astragalus ravenii","Astragalus ravenii","ASRA5",49696750994,1662,4.459999561,"native"
"6593","Draba sierrae","Draba sierrae","DRSI",49696750994,1662,4.459999561,"native"
"6594","Lupinus pratensis","Lupinus pratensis","LUPR",49696750994,1662,4.459999561,"native"
"6595","Tonestus peirsonii","Toiyabea peirsonii","TOPE",49696750994,1662,4.459999561,"native"
"6596","Rubus kennedyanus","Rubus kennedyanus","RUKE3",56294368380,246.1699829,3.78000021,"native"
"6597","Mirabilis greenei","Mirabilis greenei","MIGR6",37492253071,3651.170013,4,"native"
"6598","Draperia systyla","Draperia systyla","DRSY",1.17e+11,3857.889893,5.529999971,"native"
"6599","Malacothrix floccifera","Malacothrix floccifera","MAFL",2.29e+11,3929.989891,5.819999933,"native"
"6600","Ipomopsis laxiflora","Ipomopsis laxiflora","IPLA2",2.84e+11,1016.989975,5.339999676,"native"
"6601","Carex misera","Carex misera","CAMI17",10016952877,1391.890015,1.369999886,"native"
"6602","Lepidospartum squamatum","Lepidospartum squamatum","LESQ",1.89e+11,1451.900009,5.719999552,"native"
"6603","Polygala brevifolia","Polygala brevifolia","POBR2",53295850444,747.4400024,3.409999847,"native"
"6604","Aristida mohrii","Aristida mohrii","ARMO3",18671553713,486.8900146,3.170000076,"native"
"6605","Trifolium dedeckerae","Trifolium dedeckerae","TRDE4",67822886061,1662,4.459999561,"native"
"6606","Lotus scoparius","Acmispon glaber subsp. glaber","LOSC2",2.71e+11,3963.709892,5.719999552,"native"
"6607","Luzula orestera","Luzula orestera","LUOR4",85119819231,1746.890015,5.719999552,"native"
"6608","Atriplex spinifera","Atriplex spinifera","ATSP",1.39e+11,1471.01001,5.719999552,"native"
"6609","Vicia ludoviciana","Vicia ludoviciana","VILU",1.32e+12,2816.839951,7.399999976,"native"
"6610","Drosera tracyi","Drosera tracyi","DRTR4",65483845238,1466.069946,3.170000076,"native"
"6611","Leptosiphon rattanii","Leptosiphon rattanii","LERA15",26357512878,2458.73996,3.260000229,"native"
"6612","Astilbe crenatiloba","Astilbe crenatiloba","ASCR7",883854964,351.6300049,1.300000191,"native"
"6613","Romanzoffia thompsonii","Romanzoffia thompsonii","ROTH",41033670629,2879.279907,1.900000095,"native"
"6614","Cirsium cymosum","Cirsium cymosum","CICY",1.56e+11,3957.509911,5.819999933,"native"
"6615","Sedum nevii","Sedum nevii","SENE",13788716460,434.4199219,1.25,"native"
"6616","Calochortus umbellatus","Calochortus umbellatus","CAUM",17902558392,1444.12999,5.24000001,"native"
"6617","Lupinus stiversii","Lupinus stiversii","LUST2",1.52e+11,2816.839951,5.719999552,"native"
"6618","Mimosa borealis","Mimosa borealis","MIBO2",4.32e+11,987.1399689,4.700000286,"native"
"6619","Oenothera xerogaura","Oenothera hispida","OEXE",2.43e+11,1822.35997,4.559999466,"native"
"6620","Eritrichium howardii","Eritrichium howardii","ERHO8",95271743321,1543.080032,3.550000191,"native"
"6621","Nemophila heterophylla","Nemophila heterophylla","NEHE",1.98e+11,4456.609764,5.719999552,"native"
"6622","Eriogonum gracillimum","Eriogonum gracillimum","ERGR6",1.98e+11,1508.359985,5.719999552,"native"
"6623","Carex serratodens","Carex serratodens","CASE2",1.88e+11,3957.509911,5.719999552,"native"
"6624","Ribes menziesii","Ribes menziesii","RIME",1.57e+11,4456.609764,4.999999523,"native"
"6625","Mentzelia lindheimeri","Mentzelia lindheimeri","MELI3",81133810447,744.7299805,4.92999959,"native"
"6626","Erigeron barbellulatus","Erigeron barbellulatus","ERBA3",82188147209,2759.559952,5.719999552,"native"
"6627","Adiantum tricholepis","Adiantum tricholepis","ADTR",3432663420,248.3200073,1.730000496,"native"
"6628","Rubus junceus","Rubus setosus","RUJU2",30314020265,168.8499756,2.240000248,"native"
"6629","Myosurus sessilis","Ranunculus sessilis","MYSE2",1.56e+11,2816.839951,5.719999552,"native"
"6630","Mimosa roemeriana","Mimosa quadrivalvis var. platycarpa","MIRO6",1.31e+11,792.7399597,2.549999714,"native"
"6631","Draba lemmonii","Draba lemmonii","DRLE",1.34e+11,1746.890015,5.819999933,"native"
"6632","Micropus amphibolus","Micropus amphibolus","MIAM3",32493817674,1612.48996,4.269999981,"native"
"6633","Cynoglossum grande","Cynoglossum grande","CYGR",2.59e+11,4642.839844,5.529999971,"native"
"6634","Chenopodium cycloides","Chenopodium cycloides","CHCY",1.43e+11,1010.139969,4.549999952,"native"
"6635","Psilocarphus oregonus","Psilocarphus oregonus","PSOR",4.27e+11,3966.660057,5.819999933,"native"
"6636","Chrysopsis linearifolia","Chrysopsis linearifolia","CHLI4",42982104839,518.9199219,3.869999886,"native"
"6637","Lythrum lineare","Lythrum lineare","LYLI2",1.12e+11,754.3599243,3.869999886,"native"
"6638","Camassia cusickii","Camassia cusickii","CACU2",33164122470,1580.38002,3.980000019,"native"
"6639","Paronychia erecta","Paronychia erecta","PAER2",38128979252,456.8299561,3.170000076,"native"
"6640","Justicia pilosella","Justicia pilosella","JUPI5",2.63e+11,941.0099487,2.96999979,"native"
"6641","Amaranthus scleropoides","Amaranthus scleropoides","AMSC",1.53e+11,894.1599884,2.809999943,"native"
"6642","Croton alabamensis","Croton alabamensis","CRAL3",14697647601,747.6100464,3.400000095,"native"
"6643","Leptosiphon pachyphyllus","Leptosiphon pachyphyllus","LEPA50",1.21e+11,2835.949951,4.559999943,"native"
"6644","Forestiera angustifolia","Forestiera angustifolia","FOAN",1.28e+11,1260.320007,3.199999809,"native"
"6645","Mimulus layneae","Mimulus layneae","MILA5",1.83e+11,3929.989891,5.819999933,"native"
"6646","Lomatium tamanitchii","Lomatium tamanitchii","LOTA3",10123114279,1576.480011,2.440000057,"native"
"6647","Ribes quercetorum","Ribes quercetorum","RIQU",2.05e+11,1637.830002,5.859999895,"native"
"6648","Rumex hesperius","Rumex hesperius","RUHE7",4847515948,1416.150055,1.949999809,"native"
"6649","Chrysoma pauciflosculosa","Chrysoma pauciflosculosa","CHPA18",36605358207,606.5899658,3.170000076,"native"
"6650","Pycnanthemum floridanum","Pycnanthemum floridanum","PYFL2",31524319985,373.9599609,3.119999886,"native"
"6651","Nolina lindheimeriana","Nolina lindheimeriana","NOLI",29281026297,494.1600342,2.400000095,"native"
"6652","Delphinium viridescens","Delphinium viridescens","DEVI2",18227635505,3271.699966,3.059999466,"native"
"6653","Iliamna longisepala","Iliamna longisepala","ILLO2",18227635505,3271.699966,3.059999466,"native"
"6654","Pilularia americana","Pilularia americana","PIAM",3.86e+11,3285.279892,5.819999933,"native"
"6655","Trillium vaseyi","Trillium vaseyi","TRVA2",36022599738,1391.890015,1.409999847,"native"
"6656","Schizachyrium maritimum","Schizachyrium maritimum","SCMA3",10659360760,223.7999268,3.090000153,"native"
"6657","Lobelia brevifolia","Lobelia brevifolia","LOBR3",54316487119,375.289917,3.170000076,"native"
"6658","Pediomelum piedmontanum","Pediomelum piedmontanum","PEPI",4523113190,79.7199707,1.210000038,"native"
"6659","Castilleja cryptantha","Castilleja cryptantha","CACR14",15442360980,3500.710022,3.109999657,"native"
"6660","Collinsia childii","Collinsia childii","COCH",1.37e+11,1500.249985,5.719999552,"native"
"6661","Evolvulus arenarius","Evolvulus arenarius","EVAR3",50249374017,275.5700378,4.700000286,"native"
"6662","Chenopodium californicum","Chenopodium californicum","CHCA3",2.2e+11,2816.839951,5.719999552,"native"
"6663","Ceanothus diversifolius","Ceanothus diversifolius","CEDI2",1.37e+11,3822.860008,5.719999552,"native"
"6664","Nama parvifolium","Nama parvifolia","NAPA",44850586444,656.1300049,1.419999599,"native"
"6665","Agnorhiza ovata","Agnorhiza ovata","AGOV",75687056531,1372.549973,4.559999466,"native"
"6666","Parnassia caroliniana","Parnassia caroliniana","PACA13",13013583743,442.210083,2.720000267,"native"
"6667","Microseris elegans","Microseris elegans","MIEL",1.43e+11,2811.779953,5.719999552,"native"
"6668","Cryptantha glomeriflora","Cryptantha glomeriflora","CRGL3",74805487922,2032.379883,5.719999552,"native"
"6669","Vernonia pulchella","Vernonia pulchella","VEPU2",8491026094,144.4199219,2.389999866,"native"
"6670","Cheilanthes villosa","Hemionitis villosa","CHVI",4.62e+11,1386.940002,7.399999976,"native"
"6671","Centaurium trichanthum","Zeltnera trichantha","CETR2",65915390271,3671.400009,5.319999933,"native"
"6672","Pogogyne ziziphoroides","Pogogyne zizyphoroides","POZI",82398723751,3710.180008,5.319999933,"native"
"6673","Arctostaphylos auriculata","Arctostaphylos auriculata","ARAU",1857233047,460.5600281,3.699999809,"native"
"6674","Cordylanthus nidularius","Cordylanthus nidularius","CONI2",1857233047,460.5600281,3.699999809,"native"
"6675","Eriastrum ertterae","Eriastrum ertterae","ERER3",1857233047,460.5600281,3.699999809,"native"
"6676","Streptanthus hispidus","Streptanthus hispidus","STHI2",1857233047,460.5600281,3.699999809,"native"
"6677","Panicum obtusum","Hopia obtusa","PAOB",1.11e+12,1424.120003,7.460000396,"native"
"6678","Stylocline masonii","Stylocline masonii","STMA10",48621356792,1282.270042,4.559999466,"native"
"6679","Lepidium dictyotum","Lepidium dictyotum","LEDI2",5.33e+11,3173.72998,5.819999933,"native"
"6680","Elymus sierrus","Elymus violaceus","ELSI11",1.01e+11,2759.559952,5.819999933,"native"
"6681","Yeatesia platystegia","Yeatesia platystegia","YEPL",11038020723,318.8300171,1.389999866,"native"
"6682","Crataegus alma","Crataegus pulcherrima","CRAL14",1207042884,76.76000977,0.389999866,"native"
"6683","Eriastrum signatum","Eriastrum signatum","ERSI2",78000357750,3822.860008,4.459999561,"native"
"6684","Lathyrus sulphureus","Lathyrus sulphureus","LASU",1.76e+11,4456.609764,5.719999552,"native"
"6685","Atriplex klebergorum","Atriplex klebergorum","ATKL",18007324124,308.2399597,1.769999981,"native"
"6686","Aristida simpliciflora","Aristida simpliciflora","ARSI3",39532027032,528.6999512,3.170000076,"native"
"6687","Cuscuta howelliana","Cuscuta howelliana","CUHO",58539130424,3710.180008,5.319999933,"native"
"6688","Carex sartwelliana","Carex sartwelliana","CASA7",72627641507,1637.830002,5.719999552,"native"
"6689","Cynanchum racemosum","Cynanchum racemosum","CYRA4",1.57e+11,1229.47998,2.639999866,"native"
"6690","Lithophragma cymbalaria","Lithophragma cymbalaria","LICY3",68652470191,1297.670044,5.719999552,"native"
"6691","Howelliella ovata","Howelliella ovata","HOOV",53563221155,1282.270042,4.459999561,"native"
"6692","Limnanthes striata","Limnanthes douglasii subsp. striata","LIST5",75202300862,2715.449951,5.410000086,"native"
"6693","Loeflingia squarrosa","Loeflingia squarrosa","LOSQ",4.9e+11,2835.949951,5.859999895,"native"
"6694","Schaefferia cuneifolia","Schaefferia cuneifolia","SCCU4",91670149917,678.710022,2.210000038,"native"
"6695","Cryptantha oxygona","Cryptantha oxygona","CROX",1.64e+11,1642.889999,5.719999552,"native"
"6696","Lomatium dasycarpum","Lomatium dasycarpum","LODA",2.17e+11,3954.219894,5.719999552,"native"
"6697","Salvia texana","Salvia texana","SATE3",2.01e+11,1001.749969,3.559999943,"native"
"6698","Argemone aenea","Argemone aenea","ARAE",30164053350,428.3399963,2.579999924,"native"
"6699","Senecio aphanactis","Senecio aphanactis","SEAP2",1.01e+11,1446.840012,5.719999552,"native"
"6700","Arthrocnemum subterminale","Arthrocnemum subterminale","ARSU11",1.76e+11,1642.829941,5.719999552,"native"
"6701","Hymenocallis coronaria","Hymenocallis coronaria","HYCO5",16809000995,395.9499512,1.429999828,"native"
"6702","Pectocarya pusilla","Pectocarya pusilla","PEPU",2.29e+11,4577.26992,5.719999552,"native"
"6703","Senegalia berlandieri","Senegalia berlandieri","SEBE2",1.13e+11,706.5599976,2.699999809,"native"
"6704","Allium obtusum","Allium obtusum","ALOB",1.42e+11,3822.860008,5.819999933,"native"
"6705","Pityopsis oligantha","Pityopsis oligantha","PIOL",39068616776,417.2600098,2.720000267,"native"
"6706","Delphinium nuttallii","Delphinium nuttallii","DENU3",98676718376,5311.359955,4.010000229,"native"
"6707","Bletia purpurea","Bletia purpurea","BLPU",22866583675,613.6099854,3.869999886,"native"
"6708","Packera clevelandii","Packera clevelandii","PACL10",24787300585,2036.369904,4.700000048,"native"
"6709","Penstemon caesius","Penstemon caesius","PECA3",1.11e+11,1451.900009,4.559999466,"native"
"6710","Rubus felix","Rubus flagellaris","RUFE2",4444452190,542.9799805,1.739999771,"native"
"6711","Sanicula bipinnata","Sanicula bipinnata","SABI2",2.52e+11,3959.279892,5.719999552,"native"
"6712","Artemisia californica","Artemisia californica","ARCA11",1.41e+11,2278.529953,5.719999552,"native"
"6713","Rugelia nudicaulis","Rugelia nudicaulis","RUNU2",8246529515,1354.580017,1.429999828,"native"
"6714","Pityopsis ruthii","Pityopsis ruthii","PIRU3",1125616970,368.7698975,0.940000057,"native"
"6715","Mimulus washingtonensis","Erythranthe washingtonensis","MIWA2",1.19e+11,4295.510056,3.980000019,"native"
"6716","Oenothera mexicana","Oenothera mexicana","OEME",5875940433,344.0700073,1.730000496,"native"
"6717","Cyperus pseudothyrsiflorus","Cyperus pseudothyrsiflorus","CYPS3",68511265564,1322.780029,3.739999771,"native"
"6718","Spigelia hedyotidea","Spigelia hedyotidea","SPHE7",44438234472,970.7399597,3.179999828,"native"
"6719","Thysanocarpus radians","Thysanocarpus radians","THRA",1.37e+11,3885.409912,5.410000086,"native"
"6720","Eriodictyon californicum","Eriodictyon californicum","ERCA6",2.54e+11,4456.609764,5.719999552,"native"
"6721","Morella inodora","Myrica inodora","MOIN",46629848125,521.2099609,3.170000076,"native"
"6722","Phacelia hubbyi","Phacelia hubbyi","PHHU4",43429073049,1203.770042,4.559999466,"native"
"6723","Heterotheca oregona","Heterotheca oregona","HEOR2",2.84e+11,5401.559959,5.719999552,"native"
"6724","Calochortus clavatus","Calochortus clavatus","CACL",1.47e+11,1695.800034,5.719999552,"native"
"6725","Arabis hastatula","Boechera hastatula","ARHA2",14071472334,2906.659882,2.539999962,"native"
"6726","Clarkia biloba","Clarkia biloba","CLBI",67598113398,2787.54995,5.719999552,"native"
"6727","Thaspium pinnatifidum","Thaspium pinnatifidum","THPI",10552766674,1265.540039,1.960000038,"native"
"6728","Hordeum intercedens","Hordeum pusillum","HOIN2",85673140549,1637.830002,4.559999466,"native"
"6729","Carex xerophila","Carex xerophila","CAXE2",12779229823,1840.170044,3.130000114,"native"
"6730","Gilia tenuiflora","Gilia tenuiflora","GITE2",49944119132,1389.260033,4.459999561,"native"
"6731","Agalinis divaricata","Agalinis divaricata","AGDI2",40815354221,490.4000244,2.720000267,"native"
"6732","Horkelia congesta","Horkelia congesta","HOCO",53427414551,3580.799927,2.349999905,"native"
"6733","Lupinus pachylobus","Lupinus pachylobus","LUPA2",1.27e+11,2802.949951,5.630000353,"native"
"6734","Helianthus heterophyllus","Helianthus heterophyllus","HEHE4",62537240494,596.8798828,3.170000076,"native"
"6735","Poa keckii","Poa keckii","POKE4",72336793335,2004.98999,5.719999552,"native"
"6736","Xyris scabrifolia","Xyris scabrifolia","XYSC",60537652729,732.6399536,3.409999847,"native"
"6737","Oxalis drummondii","Oxalis drummondii","OXDR",2.07e+11,1168.949951,5.339999676,"native"
"6738","Coreopsis calliopsidea","Coreopsis calliopsidea","COCA9",1.76e+11,1471.01001,5.719999552,"native"
"6739","Hesperevax acaulis","Hesperevax acaulis","HEAC8",2.27e+11,3981.739914,5.719999552,"native"
"6740","Perideridia californica","Perideridia californica","PECA14",46148062708,1539.429993,5.299999475,"native"
"6741","Orbexilum stipulatum","Orbexilum stipulatum","ORST",985970624,49,1.290000439,"native"
"6742","Lastarriaea coriacea","Lastarriaea coriacea","LACO4",2.01e+11,1826.78997,5.719999552,"native"
"6743","Polymnia johnbeckii","Polymnia johnbeckii","POJO3",1290468301,310.7199707,1.039999962,"native"
"6744","Arctostaphylos manzanita","Arctostaphylos manzanita","ARMA",1.1e+11,3837.469894,5.529999971,"native"
"6745","Trillium petiolatum","Trillium petiolatum","TRPE3",1.49e+11,2827.229904,4.06000042,"native"
"6746","Downingia cuspidata","Downingia cuspidata","DOCU",2.23e+11,3954.219894,5.819999933,"native"
"6747","Poa stebbinsii","Poa stebbinsii","POST11",84134880794,2004.98999,5.719999552,"native"
"6748","Artemisia lindleyana","Artemisia ludoviciana subsp. lindleyana","ARLI2",1.6e+11,4329.78006,4.240000248,"native"
"6749","Leptosiphon androsaceus","Leptosiphon androsaceus","LEAN19",1.34e+11,3945.389893,5.410000086,"native"
"6750","Arctostaphylos mewukka","Arctostaphylos mewukka","ARME3",62797644010,2695.029953,5.529999971,"native"
"6751","Arabis fructicosa","Boechera fructicosa","ARFR5",1.13e+11,2331.5401,3.399999619,"native"
"6752","Arabis bodiensis","Boechera bodiensis","ARBO",71911649203,1662,4.459999561,"native"
"6753","Sabatia macrophylla","Sabatia macrophylla","SAMA8",72903903918,592.7099609,3.170000076,"native"
"6754","Actaea laciniata","Actaea laciniata","ACLA12",12346295318,3782.150085,2.990000248,"native"
"6755","Echinodorus floridanus","Aquarius grandiflorus","ECFL4",1701544502,75.18005371,2.180000305,"native"
"6756","Cyperus ovatus","Cyperus ovatus","CYOV3",5213154614,190.6099854,2.929999828,"native"
"6757","Polypodium calirhiza","Polypodium calirhiza","POCA26",1.81e+11,3957.509911,5.719999552,"native"
"6758","Carex tenax","Carex tenax","CATE12",48618552175,592.5400391,2.740000248,"native"
"6759","Evax verna","Diaperia verna","EVVE",4.72e+11,1408.909943,5.480000019,"native"
"6760","Sidalcea calycosa","Sidalcea calycosa","SICA",81757002851,2695.029953,5.529999971,"native"
"6761","Erigeron basalticus","Erigeron basalticus","ERBA4",17072734266,3283.149963,3.279999733,"native"
"6762","Lomatium quintuplex","Lomatium quintuplex","LOQU2",17072734266,3283.149963,3.279999733,"native"
"6763","Tauschia hooveri","Lomatium lithosolamans","TAHO",17072734266,3283.149963,3.279999733,"native"
"6764","Lilium kelleyanum","Lilium kelleyanum","LIKE",1.59e+11,3871.26001,5.819999933,"native"
"6765","Valerianella amarella","Valeriana amarella","VAAM2",1.06e+11,902.4899597,3.179999828,"native"
"6766","Coreopsis latifolia","Coreopsis latifolia","COLA7",7399388174,1269.460083,0.940000057,"native"
"6767","Euphorbia floridana","Euphorbia floridana","EUFL4",38614453407,400.5400391,3.170000076,"native"
"6768","Astragalus mollissimus","Astragalus mollissimus","ASMO7",1.19e+12,1207.990021,7.460000396,"native"
"6769","Cirsium brevifolium","Cirsium brevifolium","CIBR",1.91e+11,3411.080109,4.550000668,"native"
"6770","Lasthenia glabrata","Lasthenia glabrata","LAGL4",2.37e+11,3959.279892,5.719999552,"native"
"6771","Carex manhartii","Carex manhartii","CAMA33",5638993020,1188.250061,1.5,"native"
"6772","Erigeron disparipilus","Erigeron disparipilus","ERDI3",61089324695,1628.640015,3.480000496,"native"
"6773","Eriogonum gracile","Eriogonum gracile","ERGR5",2.42e+11,2821.269951,5.719999552,"native"
"6774","Limnanthes alba","Limnanthes alba","LIAL3",89468515282,3143.309891,5.299999475,"native"
"6775","Leitneria floridana","Leitneria floridana","LEFL",15633679460,371.4200439,2.829999924,"native"
"6776","Eriogonum visheri","Eriogonum visheri","ERVI14",38960279947,297.0700378,1.799999714,"native"
"6777","Chorizanthe xanti","Chorizanthe xanti","CHXA2",1.85e+11,1642.889999,5.719999552,"native"
"6778","Astragalus bolanderi","Astragalus bolanderi","ASBO2",83097315200,2749.599945,5.819999933,"native"
"6779","Dodecatheon poeticum","Primula poetica","DOPO",52366759345,4497.099915,4.640000343,"native"
"6780","Mimulus torreyi","Diplacus torreyi","MITO",99636828056,2724.339951,5.719999552,"native"
"6781","Iva imbricata","Iva imbricata","IVIM",80805558842,1060.139954,4.659999847,"native"
"6782","Muilla maritima","Muilla maritima","MUMA2",2.11e+11,1822.35997,5.719999552,"native"
"6783","Houstonia serpyllifolia","Houstonia serpyllifolia","HOSE2",55194894139,1413.890015,2.210000038,"native"
"6784","Oenothera coryi","Oenothera coryi","OECO3",4677430277,216.25,1.309999466,"native"
"6785","Arctostaphylos viscida","Arctostaphylos viscida","ARVI4",2.26e+11,4456.609764,5.719999552,"native"
"6786","Calochortus nudus","Calochortus nudus","CANU2",1.47e+11,3957.509911,5.719999552,"native"
"6787","Eutrochium steelei","Eutrochium steelei","EUST2",13131985641,1071.640015,2.180000305,"native"
"6788","Trifolium douglasii","Trifolium douglasii","TRDO",1.15e+11,1920.82991,3.980000019,"native"
"6789","Navarretia tagetina","Navarretia tagetina","NATA3",1.72e+11,3972.909912,5.410000086,"native"
"6790","Calochortus venustus","Calochortus venustus","CAVE3",1.82e+11,2802.949951,5.719999552,"native"
"6791","Cynanchum angustifolium","Ditassa angustifolia","CYAN5",1.03e+11,1129.119934,4.659999847,"native"
"6792","Ephedra antisyphilitica","Ephedra antisyphilitica","EPAN",2.53e+11,698.4999847,2.579999924,"native"
"6793","Lagophylla glandulosa","Lagophylla glandulosa","LAGL",97690229883,2787.54995,5.719999552,"native"
"6794","Juncus texanus","Juncus texanus","JUTE3",63842110249,655.9100342,3.409999371,"native"
"6795","Cyperus filicinus","Cyperus filicinus","CYFI",1.01e+11,753.8599243,3.569999695,"native"
"6796","Mimulus douglasii","Diplacus douglasii","MIDO2",1.94e+11,4456.609764,5.719999552,"native"
"6797","Plagiobothrys fulvus","Plagiobothrys fulvus","PLFU",1.71e+11,3981.739914,5.710000277,"native"
"6798","Horkelia californica","Horkelia californica","HOCA3",1.3e+11,3857.889893,5.529999971,"native"
"6799","Eriastrum abramsii","Eriastrum abramsii","ERAB",15231475246,1475.699997,5.24000001,"native"
"6800","Hemizonia kelloggii","Deinandra kelloggii","HEKE",2.5e+11,2288.019951,5.719999552,"native"
"6801","Helianthus smithii","Helianthus smithii","HESM",12692736295,908.710083,1.099999905,"native"
"6802","Tauschia hartwegii","Tauschia hartwegii","TAHA2",1.46e+11,2787.54995,5.719999552,"native"
"6803","Camissonia pygmaea","Eremothera pygmaea","CAPY5",1.18e+11,3301.189972,4.240000248,"native"
"6804","Castilleja subinclusa","Castilleja subinclusa","CASU10",1.61e+11,3945.389893,5.719999552,"native"
"6805","Ranunculus canus","Ranunculus canus","RACA3",1.94e+11,2816.839951,5.719999552,"native"
"6806","Nama stevensii","Nama stevensii","NAST2",89535769722,630.5400238,4.700000286,"native"
"6807","Croton coryi","Croton coryi","CRCO10",11445899834,284.6499634,1.779999733,"native"
"6808","Paronychia lundelliorum","Paronychia setacea","PALU5",11445899834,284.6499634,1.779999733,"native"
"6809","Sporobolus floridanus","Sporobolus floridanus","SPFL3",42768009713,610.8399658,3.119999886,"native"
"6810","Eryngium petiolatum","Eryngium petiolatum","ERPE7",58648781110,3835.499908,3.389999866,"native"
"6811","Juncus abortivus","Juncus pelocarpus","JUAB",46161608152,622.2200928,3.409999847,"native"
"6812","Rhexia salicifolia","Rhexia salicifolia","RHSA3",18841626328,414.5299072,2.720000267,"native"
"6813","Camissonia lacustris","Camissonia lacustris","CALA39",62867863444,2182.199951,5.410000086,"native"
"6814","Rupertia hallii","Rupertia hallii","RUHA5",11876666936,2392.309937,3.260000229,"native"
"6815","Streptanthus longisiliquus","Streptanthus longisiliquus","STLO7",11876666936,2392.309937,3.260000229,"native"
"6816","Parkinsonia texana","Parkinsonia texana","PATE10",68274455323,526.8699951,2.210000038,"native"
"6817","Fritillaria falcata","Fritillaria falcata","FRFA2",21224365271,1162.380051,5.24000001,"native"
"6818","Eleocharis montevidensis","Eleocharis montevidensis","ELMO2",8.34e+11,3871.26001,7.399999976,"native"
"6819","Penstemon angustifolius","Penstemon angustifolius","PEAN4",8.42e+11,1365.92997,7.460000396,"native"
"6820","Juncus uncialis","Juncus uncialis","JUUN",2.5e+11,2802.949951,5.819999933,"native"
"6821","Crataegus desueta","Crataegus desueta","CRDE3",3624558763,73.98999023,1.670000076,"native"
"6822","Cymophyllus fraserianus","Carex fraseriana","CYFR4",49456853621,1385.160034,2.909999847,"native"
"6823","Nemacladus montanus","Nemacladus montanus","NEMO",16705370075,2636.089951,5.24000001,"native"
"6824","Corydalis curvisiliqua","Corydalis curvisiliqua","COCU2",9.99e+11,1342.459969,7.460000396,"native"
"6825","Marah fabaceus","Marah fabacea","MAFA3",1.68e+11,2794.289948,5.719999552,"native"
"6826","Ceanothus arboreus","Ceanothus arboreus","CEAR",38657104733,1085.740013,4.559999466,"native"
"6827","Mimulus bicolor","Erythranthe bicolor","MIBI4",98302793351,2715.449951,5.529999971,"native"
"6828","Collinsia tinctoria","Collinsia tinctoria","COTI",1.57e+11,2835.949951,5.719999552,"native"
"6829","Carex turgescens","Carex turgescens","CATU4",38270158581,702.3500366,3.170000076,"native"
"6830","Hybanthus verticillatus","Hybanthus verticillatus","HYVE",6.92e+11,1284.150032,7.399999976,"native"
"6831","Cuscuta rostrata","Cuscuta rostrata","CURO",44906545660,1466.650024,2.550000191,"native"
"6832","Ceanothus pinetorum","Ceanothus pinetorum","CEPI",59926047574,1396.719971,4.459999561,"native"
"6833","Cryptantha mohavensis","Cryptantha mohavensis","CRMO7",59926047574,1396.719971,4.459999561,"native"
"6834","Dudleya calcicola","Dudleya abramsii subsp. calcicola","DUCA3",59926047574,1396.719971,4.459999561,"native"
"6835","Frasera tubulosa","Frasera tubulosa","FRTU",59926047574,1396.719971,4.459999561,"native"
"6836","Leptosiphon nudatus","Leptosiphon nudatus","LENU7",59926047574,1396.719971,4.459999561,"native"
"6837","Monardella beneolens","Monardella beneolens","MOBE5",59926047574,1396.719971,4.459999561,"native"
"6838","Orochaenactis thysanocarpha","Orochaenactis thysanocarpha","ORTH",59926047574,1396.719971,4.459999561,"native"
"6839","Phacelia nashiana","Phacelia nashiana","PHNA",59926047574,1396.719971,4.459999561,"native"
"6840","Phacelia novenmillensis","Phacelia novenmillensis","PHNO",59926047574,1396.719971,4.459999561,"native"
"6841","Platanus racemosa","Platanus racemosa","PLRA",2.53e+11,2816.839951,5.719999552,"native"
"6842","Bloomeria crocea","Bloomeria crocea","BLCR",1.17e+11,1446.840012,5.719999552,"native"
"6843","Astragalus douglasii","Astragalus douglasii","ASDO",1.93e+11,1493.679985,5.719999552,"native"
"6844","Lessingia hololeuca","Lessingia hololeuca","LEHO",27039126553,1612.48996,3.760000229,"native"
"6845","Varilla texana","Varilla texana","VATE2",28644574596,182.8499756,1.389999866,"native"
"6846","Coreopsis nudata","Coreopsis nudata","CONU5",59160952951,583.8898926,3.170000076,"native"
"6847","Collinsia bartsiifolia","Collinsia bartsiifolia","COBA",2.15e+11,3959.279892,5.719999552,"native"
"6848","Lilium iridollae","Lilium iridollae","LIIR",21839471954,276.1400146,3.170000076,"native"
"6849","Salix breweri","Salix breweri","SABR2",44053656679,2134.409958,5.24000001,"native"
"6850","Chorizanthe clevelandii","Chorizanthe clevelandii","CHCL2",72498902487,2254.29995,4.459999561,"native"
"6851","Symphyotrichum retroflexum","Symphyotrichum retroflexum","SYRE3",43981797430,1391.890015,1.449999809,"native"
"6852","Camissonia graciliflora","Tetrapteron graciliflorum","CAGR14",2.32e+11,3981.739914,5.719999552,"native"
"6853","Eriogonum dasyanthemum","Eriogonum dasyanthemum","ERDA2",41286364534,2508.609955,3.380000114,"native"
"6854","Minuartia godfreyi","Minuartia godfreyi","MIGO",19430664584,477.4199219,3.119999886,"native"
"6855","Astragalus oniciformis","Astragalus oniciformis","ASON2",11903837937,1168.789978,3.319999695,"native"
"6856","Monardella breweri","Monardella breweri","MOBR3",71446987150,1282.270042,4.999999523,"native"
"6857","Castilleja campestris","Castilleja campestris","CACA79",1.73e+11,2725.419952,5.819999933,"native"
"6858","Ericameria arborescens","Ericameria arborescens","ERAR27",1.95e+11,4456.609764,5.719999552,"native"
"6859","Lessingia glandulifera","Lessingia glandulifera","LEGL18",2.11e+11,1899.540024,5.719999552,"native"
"6860","Howellia aquatilis","Howellia aquatilis","HOAQ",41926179977,4961.559967,2.75,"native"
"6861","Allium macrum","Allium macrum","ALMA5",1.74e+11,3301.189972,4.240000248,"native"
"6862","Stylomecon heterophylla","Papaver heterophyllum","STHE3",2.12e+11,1624.87999,5.719999552,"native"
"6863","Lindera subcoriacea","Lindera subcoriacea","LISU8",48381353633,671.9399414,3.090000153,"native"
"6864","Phlox floridana","Phlox floridana","PHFL5",43579815825,522.2299805,3.170000076,"native"
"6865","Carex orestera","Carex orestera","CAOR23",67943913381,1662,5.719999552,"native"
"6866","Trillium angustipetalum","Trillium angustipetalum","TRAN5",95103170153,3750.76001,5.410000086,"native"
"6867","Cardamine pachystigma","Cardamine pachystigma","CAPA79",59909838680,2695.029953,4.269999981,"native"
"6868","Silphium albiflorum","Silphium albiflorum","SIAL",70704541791,443.7600708,2.230000019,"native"
"6869","Hesperolinon breweri","Linum breweri","HEBR4",9520265850,1274.929977,4.269999981,"native"
"6870","Lobelia berlandieri","Lobelia berlandieri","LOBE3",77210862044,656.6099854,2.210000038,"native"
"6871","Penstemon pennellianus","Penstemon pennellianus","PEPE11",33940859259,1580.38002,3.980000019,"native"
"6872","Eucephalus gormanii","Eucephalus gormanii","EUGO5",37452413798,3105.679886,2.900000095,"native"
"6873","Luziola bahiensis","Luziola bahiensis","LUBA2",12832237719,222.3699951,3.170000076,"native"
"6874","Rhynchospora macra","Rhynchospora macra","RHMA5",55167016592,806.0799561,3.779999733,"native"
"6875","Achyrachaena mollis","Achyrachaena mollis","ACMO2",2.76e+11,3981.739914,5.719999552,"native"
"6876","Acanthomintha obovata","Acanthomintha obovata","ACOB",58442840879,1375.540009,4.559999466,"native"
"6877","Enemion hallii","Enemion hallii","ENHA",43042992556,3914.769928,3.800000191,"native"
"6878","Perideridia pringlei","Perideridia pringlei","PEPR5",72972384951,1348.319969,4.559999466,"native"
"6879","Euphorbia longicruris","Euphorbia longicruris","EULO2",1.13e+11,1184.410004,3.46999979,"native"
"6880","Viola appalachiensis","Viola appalachiensis","VIAP",15483184212,805.8200073,2.309999943,"native"
"6881","Astragalus caricinus","Astragalus caricinus","ASCA12",99878228381,3061.309982,3.590000153,"native"
"6882","Centromadia parryi","Centromadia parryi","CEPA21",90706145298,2250.810059,5.719999552,"native"
"6883","Opuntia austrina","Opuntia austrina","OPAU3",6830832935,217.3800049,3.090000153,"native"
"6884","Coreopsis linifolia","Coreopsis linifolia","COLI5",80620673608,585.2999268,3.409999847,"native"
"6885","Streptanthus polygaloides","Streptanthus polygaloides","STPO2",51445521533,2715.449951,5.410000086,"native"
"6886","Mimulus congdonii","Diplacus congdonii","MICO2",1.23e+11,2269.699951,5.719999552,"native"
"6887","Ipomoea rupicola","Ipomoea rupicola","IPRU",42465752926,453.4799805,1.779999733,"native"
"6888","Colubrina texensis","Colubrina texensis","COTE6",1.26e+11,731.3200073,2.809999943,"native"
"6889","Setaria macrosperma","Setaria macrosperma","SEMA4",56900277152,660.1700439,3.869999886,"native"
"6890","Nama stenocarpum","Nama stenocarpa","NAST",80542422025,1119.460014,5.019999504,"native"
"6891","Gutierrezia californica","Gutierrezia californica","GUCA",1.96e+11,1822.35997,5.719999552,"native"
"6892","Lomatium minus","Lomatium minus","LOMI3",48483397877,1741.059967,4.089999676,"native"
"6893","Astragalus obcordatus","Astragalus obcordatus","ASOB3",43168682866,410.0200195,3.119999886,"native"
"6894","Plagiobothrys austiniae","Plagiobothrys austinae","PLAU",53851221284,2657.239944,5.24000001,"native"
"6895","Lessingia nemaclada","Lessingia nemaclada","LENE3",1.72e+11,3929.989891,5.719999552,"native"
"6896","Cryptantha cana","Oreocarya cana","CRCA8",1.75e+11,1346.669968,3.690000534,"native"
"6897","Hackelia velutina","Hackelia velutina","HAVE",1e+11,2787.54995,5.819999933,"native"
"6898","Artemisia rigida","Artemisia rigida","ARRI2",2.46e+11,3301.189972,4.240000248,"native"
"6899","Amoreuxia wrightii","Cochlospermum wrightii","AMWR2",48550771598,533.2999878,1.769999981,"native"
"6900","Sarracenia rosea","Sarracenia rosea","SARO14",54866738510,561.5499268,3.170000076,"native"
"6901","Andropogon tracyi","Andropogon tracyi","ANTR",28292343514,652.2399902,3.869999886,"native"
"6902","Lupinus mollis","Lupinus mollis","LUMO3",14250239556,3271.699966,2.890000343,"native"
"6903","Galium sparsiflorum","Galium sparsiflorum","GASP2",1.1e+11,2759.559952,5.630000353,"native"
"6904","Malacothamnus fremontii","Malacothamnus fremontii","MAFR2",1.97e+11,2816.839951,5.719999552,"native"
"6905","Sidalcea diploscypha","Sidalcea diploscypha","SIDI",99630078005,3855.819885,5.269999743,"native"
"6906","Agalinis filicaulis","Agalinis filicaulis","AGFI",33214005279,537.0299072,3.170000076,"native"
"6907","Mimulus viscidus","Diplacus viscidus","MIVI2",1.14e+11,1714.910034,5.719999552,"native"
"6908","Astragalus breweri","Astragalus breweri","ASBR8",25311850682,1967.559937,3.380000114,"native"
"6909","Lepidium latipes","Lepidium latipes","LELA3",1.23e+11,3945.389893,5.719999552,"native"
"6910","Caulanthus inflatus","Streptanthus inflatus","CAIN15",1.25e+11,1451.900009,5.719999552,"native"
"6911","Calochortus superbus","Calochortus superbus","CASU3",1.49e+11,2802.949951,5.719999552,"native"
"6912","Rubus concameratus","Rubus allegheniensis","RUCO3",2169021987,596.0300293,2.449999809,"native"
"6913","Lathyrus jepsonii","Lathyrus jepsonii","LAJE",1.86e+11,3857.889893,5.529999971,"native"
"6914","Polygonum striatulum","Polygonum striatulum","POST7",33927197797,576.3399963,1.779999733,"native"
"6915","Carex congdonii","Carex congdonii","CACO12",77231003002,1662,5.719999552,"native"
"6916","Calamagrostis muiriana","Calamagrostis muiriana","CAMU15",77231003002,1662,5.719999552,"native"
"6917","Erigeron elmeri","Erigeron elmeri","EREL15",77231003002,1662,5.719999552,"native"
"6918","Lewisia glandulosa","Lewisia pygmaea","LEGL4",77231003002,1662,5.719999552,"native"
"6919","Polemonium eximium","Polemonium eximium","POEX",77231003002,1662,5.719999552,"native"
"6920","Ptilagrostis kingii","Ptilagrostiella kingii","PTKI",77231003002,1662,5.719999552,"native"
"6921","Astragalus macrodon","Astragalus macrodon","ASMA3",41707276011,1282.270042,4.459999561,"native"
"6922","Lagophylla minor","Lagophylla minor","LAMI",41556881024,2508.609955,3.380000114,"native"
"6923","Mimulus tricolor","Diplacus tricolor","MITR3",1.26e+11,3718.640015,5.819999933,"native"
"6924","Solidago albopilosa","Solidago albopilosa","SOAL3",1566260825,135.2399902,1.699999809,"native"
"6925","Sabatia stellaris","Sabatia stellaris","SAST5",1.69e+11,783.5799561,3.869999886,"native"
"6926","Rubus spectatus","Rubus setosus","RUSP4",21964667817,163.4599609,2.480000019,"native"
"6927","Sedum pusillum","Sedum pusillum","SEPU6",19499888449,525.6200562,1.429999828,"native"
"6928","Ceanothus purpureus","Ceanothus purpureus","CEPU2",8147932915,1514.129974,2.900000095,"native"
"6929","Liatris patens","Liatris patens","LIPA17",17106458548,285.4399414,2.639999866,"native"
"6930","Orbexilum macrophyllum","Orbexilum macrophyllum","ORMA2",615606312,678.2299805,0.300000191,"native"
"6931","Plagiobothrys undulatus","Plagiobothrys undulatus","PLUN2",1.18e+11,3847.090012,5.710000277,"native"
"6932","Karwinskia humboldtiana","Karwinskia humboldtiana","KAHU",86227695077,663.1199951,1.779999733,"native"
"6933","Claytonia gypsophiloides","Claytonia gypsophiloides","CLGY2",77409340371,2254.29995,5.719999552,"native"
"6934","Asclepias michauxii","Asclepias michauxii","ASMI12",1e+11,600.7199707,3.170000076,"native"
"6935","Lomatium torreyi","Lomatium torreyi","LOTO2",77401780245,1918.650024,5.719999552,"native"
"6936","Meehania cordata","Meehania cordata","MECO",1.06e+11,923.8800049,2.869999886,"native"
"6937","Dodecatheon clevelandii","Primula clevelandii","DOCL",2.37e+11,2816.839951,5.719999552,"native"
"6938","Utricularia striata","Utricularia striata","UTST",62997261061,750.4200439,3.059999943,"native"
"6939","Festuca versuta","Festuca versuta","FEVE",25138040711,883.5,3.410000324,"native"
"6940","Hesperolinon bicarpellatum","Linum bicarpellatum","HEBI3",15058230445,1641.60997,5.24000001,"native"
"6941","Pediomelum latestipulatum","Pediomelum latestipulatum","PELA18",83009267108,856.3599854,3.359999657,"native"
"6942","Leptosiphon bicolor","Leptosiphon bicolor","LEBI8",3.08e+11,5401.559959,5.719999552,"native"
"6943","Piperia michaelii","Platanthera michaelii","PIMI6",1.08e+11,3882.919891,5.719999552,"native"
"6944","Petrophytum cinerascens","Petrophytum cinerascens","PECI4",12277658519,2803.879898,2.88999939,"native"
"6945","Trifolium thompsonii","Trifolium thompsonii","TRTH2",12277658519,2803.879898,2.88999939,"native"
"6946","Selenia jonesii","Selenia jonesii","SEJO",17309966279,185.6800232,0.929999828,"native"
"6947","Lomatium marginatum","Lomatium marginatum","LOMA4",92426882137,3750.76001,5.410000086,"native"
"6948","Stachys latidens","Stachys latidens","STLA5",43858532905,1391.890015,1.809999943,"native"
"6949","Allium douglasii","Allium douglasii","ALDO",1.14e+11,3428.190002,3.980000019,"native"
"6950","Oenothera curtissii","Oenothera curtissii","OECU",35143669016,543.8200684,2.720000267,"native"
"6951","Selaginella ludoviciana","Selaginella ludoviciana","SELU3",48086922335,543.8200684,3.170000076,"native"
"6952","Coccothrinax argentata","Coccothrinax argentata","COAR",15670738788,613.6099854,3.869999886,"native"
"6953","Rubus originalis","Rubus pensilvanicus","RUOR4",1508194692,331.3000488,2.449999809,"native"
"6954","Tridens texanus","Tridens texanus","TRTE2",1.17e+11,861.2399902,2.809999943,"native"
"6955","Aesculus californica","Aesculus californica","AECA",2.43e+11,3929.989891,5.719999552,"native"
"6956","Crataegus pennsylvanica","Crataegus pennsylvanica","CRPE3",6117610786,349.3299561,1.949999809,"native"
"6957","Hesperolinon tehamense",NA,"HETE8",11041389040,2393.639954,3.260000229,"native"
"6958","Rhynchospora compressa","Rhynchospora compressa","RHCO3",37907814794,566.2799072,3.170000076,"native"
"6959","Cyperus lanceolatus","Cyperus lanceolatus","CYLA5",66531148710,1027.620056,3.829999924,"native"
"6960","Cryptantha flaccida","Cryptantha flaccida","CRFL4",5.56e+11,4480.839767,5.819999933,"native"
"6961","Cirsium lecontei","Cirsium lecontei","CILE2",50095395802,556.4799805,3.170000076,"native"
"6962","Carex vestita","Carex vestita","CAVE9",1.27e+11,1019.780029,2.559999943,"native"
"6963","Asarum lemmonii","Asarum lemmonii","ASLE",32047676169,2695.029953,5.529999971,"native"
"6964","Hibiscus coccineus","Hibiscus coccineus","HICO2",59122028305,550.2399902,3.5,"native"
"6965","Cleistes bifaria","Cleistesiopsis bifaria","CLBI3",1.01e+11,1020.610046,3.170000076,"native"
"6966","Trillium gracile","Trillium gracile","TRGR6",17762312713,357.4899902,3.019999981,"native"
"6967","Vicia hassei","Vicia hassei","VIHA3",1.08e+11,3945.389893,4.999999523,"native"
"6968","Allium oxyphilum","Allium cernuum","ALOX",5884751828,648.0299683,1.240000248,"native"
"6969","Amaranthus floridanus","Amaranthus floridanus","AMFL3",17283121024,610.3100586,2.809999943,"native"
"6970","Goodmania luteola","Goodmania luteola","GOLU",1.09e+11,1662,5.719999552,"native"
"6971","Solanum triquetrum","Solanum triquetrum","SOTR2",1.84e+11,1260.320007,3.559999943,"native"
"6972","Erigeron bellidiastrum","Erigeron bellidiastrum","ERBE2",7.83e+11,1093.809975,7.460000396,"native"
"6973","Salvia carduacea","Salvia carduacea","SACA8",1.99e+11,1489.249985,5.719999552,"native"
"6974","Gratiola heterosepala","Gratiola heterosepala","GRHE",1.18e+11,3759.650009,5.819999933,"native"
"6975","Helenium brevifolium","Helenium brevifolium","HEBR",55363096204,929.5100098,3.170000076,"native"
"6976","Corallorhiza bentleyi","Corallorhiza bentleyi","COBE7",3520258090,367.1699829,0.840000153,"native"
"6977","Amsinckia douglasiana","Amsinckia douglasiana","AMDO",1.36e+11,2278.529953,5.719999552,"native"
"6978","Rubus invisus","Rubus invisus","RUIN5",18428372750,920.0300293,2.550000191,"native"
"6979","Litsea aestivalis","Litsea aestivalis","LIAE",61820936592,640.1199951,3.359999657,"native"
"6980","Cardamine longii","Cardamine longii","CALO11",40101007053,698.0100098,2.839999676,"native"
"6981","Lesquerella gordonii","Physaria gordonii","LEGO",5.63e+11,1096.689972,5.480000019,"native"
"6982","Platystigma linearis","Platystigma lineare","PLLI4",1.39e+11,3871.26001,5.719999552,"native"
"6983","Arabis cusickii","Boechera cusickii","ARCU",1.93e+11,3356.379974,4.46999979,"native"
"6984","Lupinus benthamii","Lupinus benthamii","LUBE",1.86e+11,1985.87999,5.719999552,"native"
"6985","Triphysaria eriantha","Triphysaria eriantha","TRER6",2.4e+11,4472.009766,5.719999552,"native"
"6986","Amsinckia vernicosa","Amsinckia vernicosa","AMVE",1.73e+11,1471.01001,5.719999552,"native"
"6987","Sagittaria engelmanniana","Sagittaria engelmanniana","SAEN",85248934760,741.3000488,3.409999847,"native"
"6988","Ipomoea macrorhiza","Ipomoea macrorhiza","IPMA",70733742505,629.8900146,3.170000076,"native"
"6989","Spiranthes longilabris","Spiranthes longilabris","SPLO2",82111270751,652.2399902,3.869999886,"native"
"6990","Hymenocallis crassifolia","Hymenocallis crassifolia","HYCR",40237954872,327.4799805,2.909999847,"native"
"6991","Lygodesmia texana","Lygodesmia texana","LYTE",4.03e+11,983.280014,5.019999981,"native"
"6992","Clinopodium coccineum","Clinopodium coccineum","CLCO10",51893751172,606.5899658,3.170000076,"native"
"6993","Chamaesyce lata","Euphorbia lata","CHLA10",4.28e+11,826.8700409,5.309999943,"native"
"6994","Chorizanthe membranacea","Chorizanthe membranacea","CHME2",2.14e+11,3822.860008,5.719999552,"native"
"6995","Stylocline citroleum","Stylocline citroleum","STCI10",31963105520,997.3800049,4.459999561,"native"
"6996","Kalmia hirsuta","Kalmia hirsuta","KAHI2",1.22e+11,610.1400146,3.170000076,"native"
"6997","Asclepias engelmanniana","Asclepias engelmanniana","ASEN",7.9e+11,1129.839973,7.269999862,"native"
"6998","Arabis georgiana","Arabis georgiana","ARGE",11893619543,283.6699219,2,"native"
"6999","Calycadenia villosa","Calycadenia villosa","CAVI",38110685016,1282.270042,4.459999561,"native"
"7000","Eriogonum temblorense","Eriogonum temblorense","ERTE15",38110685016,1282.270042,4.459999561,"native"
"7001","Lasthenia leptalea","Lasthenia leptalea","LALE4",38110685016,1282.270042,4.459999561,"native"
"7002","Viola trinervata","Viola trinervata","VITR3",99515886292,3299.299973,3.460000038,"native"
"7003","Quercus buckleyi","Quercus buckleyi","QUBU2",1.21e+11,840.3399658,3.339999676,"native"
"7004","Leptosiphon acicularis","Leptosiphon acicularis","LEAC11",53543534443,3857.889893,4.690000057,"native"
"7005","Trichophorum clementis","Trichophorum clementis","TRCL3",73478530853,1662,5.719999552,"native"
"7006","Plagiobothrys acanthocarpus","Plagiobothrys acanthocarpus","PLAC",1.87e+11,2811.779953,5.819999933,"native"
"7007","Diospyros texana","Diospyros texana","DITE3",1.85e+11,1242.369995,3.269999981,"native"
"7008","Stachys stricta","Stachys stricta","STST",65640260666,2674.869949,5.299999475,"native"
"7009","Leptosiphon liniflorus","Leptosiphon liniflorus","LELI14",4.24e+11,3392.60997,5.819999933,"native"
"7010","Chamaecyparis thyoides","Chamaecyparis thyoides","CHTH2",1.72e+11,783.6899414,3.409999847,"native"
"7011","Ptelea crenulata","Ptelea crenulata","PTCR3",1.44e+11,3775.790009,5.719999552,"native"
"7012","Trifolium plumosum","Trifolium plumosum","TRPL2",66300059301,1889.849915,3.980000019,"native"
"7013","Eurybia eryngiifolia","Eurybia eryngiifolia","EUER7",28104127174,364.6400146,2.720000267,"native"
"7014","Morinda royoc","Morinda royoc","MORO3",29550862247,613.6099854,3.869999886,"native"
"7015","Conradina verticillata","Conradina verticillata","COVE4",7867347843,568.3699951,1.029999733,"native"
"7016","Navarretia cotulifolia","Navarretia cotulifolia","NACO",63611575099,3702.970016,4.599999905,"native"
"7017","Lesquerella multiceps","Physaria multiceps","LEMU2",33003529986,1375.84996,3.980000019,"native"
"7018","Isocoma coronopifolia","Isocoma coronopifolia","ISCO",49510078416,448.6400146,2.059999943,"native"
"7019","Clethra acuminata","Clethra acuminata","CLAC3",93072488460,1430.890015,2.860000134,"native"
"7020","Dendrophylax lindenii","Dendrophylax lindenii","DELI8",17654238583,613.6099854,3.869999886,"native"
"7021","Delphinium gracilentum","Delphinium gracilentum","DEGR",1.24e+11,2787.54995,5.719999552,"native"
"7022","Cheilanthes alabamensis","Hemionitis alabamensis","CHAL5",3.19e+11,1896.110046,5.119999647,"native"
"7023","Fritillaria agrestis","Fritillaria agrestis","FRAG",1.04e+11,2254.29995,5.719999552,"native"
"7024","Delphinium hansenii","Delphinium hansenii","DEHA",1.8e+11,2816.839951,5.719999552,"native"
"7025","Illicium floridanum","Illicium floridanum","ILFL",1.11e+11,528.3200684,3.170000076,"native"
"7026","Carphephorus odoratissimus","Carphephorus odoratissimus","CAOD3",1.72e+11,616.5599365,3.170000076,"native"
"7027","Macranthera flammea","Macranthera flammea","MAFL4",45022056141,585.7099609,3.170000076,"native"
"7028","Mimulus bolanderi","Diplacus bolanderi","MIBO3",1.64e+11,2787.54995,5.719999552,"native"
"7029","Stillingia treculiana","Stillingia treculiana","STTR2",55044605898,454.0699768,1.769999981,"native"
"7030","Calystegia collina","Calystegia collina","CACO35",60639191258,2182.199951,4.150000095,"native"
"7031","Phacelia vallicola","Phacelia vallicola","PHVA",59693249411,2715.449951,5.410000086,"native"
"7032","Eysenhardtia texana","Eysenhardtia texana","EYTE",2.01e+11,1119.410034,3.799999714,"native"
"7033","Sophora nuttalliana","Sophora nuttalliana","SONU",1.11e+12,1342.459969,7.269999862,"native"
"7034","Euphorbia trichotoma","Euphorbia trichotoma","EUTR3",26233572618,613.6099854,3.869999886,"native"
"7035","Boykinia aconitifolia","Boykinia aconitifolia","BOAC",67213555986,1476.75,2.860000134,"native"
"7036","Hymenophyllum tunbrigense","Hymenophyllum tunbrigense","HYTU2",1287006199,710.25,0.369999886,"native"
"7037","Phacelia douglasii","Phacelia douglasii","PHDO",2e+11,1489.249985,5.719999552,"native"
"7038","Leavenworthia aurea","Leavenworthia aurea","LEAU",5099471328,208.1500244,0.960000038,"native"
"7039","Polygala ovatifolia","Hebecarpa ovatifolia","POOV",32711383000,526.789978,1.840000153,"native"
"7040","Croton incanus","Croton incanus","CRIN13",58149187634,656.6099854,1.769999981,"native"
"7041","Hymenocallis rotata","Hymenocallis rotata","HYRO2",24274190750,426.8300781,3.119999886,"native"
"7042","Astragalus diaphanus","Astragalus diaphanus","ASDI2",42906200423,1723.199966,3.980000019,"native"
"7043","Angelica lineariloba","Angelica lineariloba","ANLI2",92531340181,1662,4.980000019,"native"
"7044","Carex baltzellii","Carex baltzellii","CABA8",25045595670,423.9799805,2.590000153,"native"
"7045","Isoetes melanospora","Isoetes melanospora","ISME3",4655808297,182.2301025,0.860000134,"native"
"7046","Echinocereus reichenbachii","Echinocereus reichenbachii","ECRE",2.98e+11,804.5800171,5.019999981,"native"
"7047","Nyssa ogeche","Nyssa ogeche","NYOG",78585126130,594.2099609,3.170000076,"native"
"7048","Carex amplectens","Carex amplectens","CAAM9",62362370929,2787.54995,5.719999552,"native"
"7049","Mentzelia reverchonii","Mentzelia reverchonii","MERE2",1.24e+11,790.4100342,3.179999828,"native"
"7050","Astragalus hoodianus","Astragalus hoodianus","ASHO",14499981949,3410.839996,2.360000134,"native"
"7051","Croomia pauciflora","Croomia pauciflora","CRPA9",56595501160,519.7099609,2.639999866,"native"
"7052","Pieris phillyreifolia","Pieris phillyreifolia","PIPH",74549734253,606.5899658,3.170000076,"native"
"7053","Lupinus sericatus","Lupinus sericatus","LUSE3",12254302472,1464.259979,3.260000229,"native"
"7054","Suaeda linearis","Suaeda linearis","SULI",1.51e+11,1182.439941,4.659999847,"native"
"7055","Blennosperma nanum","Blennosperma nanum","BLNA",2.11e+11,2811.779953,5.719999552,"native"
"7056","Rubus multifer","Rubus flagellaris","RUMU2",39850709545,1082.959961,2.75,"native"
"7057","Angelica canbyi","Angelica canbyi","ANCA11",98709031086,5340.590149,4.130000114,"native"
"7058","Eriogonum elegans","Eriogonum elegans","EREL8",51276065580,1350.51001,4.150000095,"native"
"7059","Aletris obovata","Aletris obovata","ALOB3",66655984449,553.2900391,3.119999886,"native"
"7060","Angelica dentata","Angelica dentata","ANDE4",19139404617,421.1700439,2.720000267,"native"
"7061","Navarretia pubescens","Navarretia pubescens","NAPU2",2.39e+11,3957.509911,5.719999552,"native"
"7062","Calochortus vestae","Calochortus vestae","CAVE4",1.15e+11,3929.989891,5.719999552,"native"
"7063","Leptosiphon grandiflorus","Leptosiphon grandiflorus","LEGR23",68861745254,1793.069969,5.719999552,"native"
"7064","Calycadenia pauciflora","Calycadenia pauciflora","CAPA6",42658851662,2636.089951,5.24000001,"native"
"7065","Astragalus inflexus","Astragalus inflexus","ASIN5",2.07e+11,3299.299973,4.03000021,"native"
"7066","Amphianthus pusillus","Gratiola amphiantha","AMPU7",17317671388,288.1500244,1.429999828,"native"
"7067","Caulanthus coulteri","Streptanthus coulteri","CACO38",1.62e+11,1489.249985,5.719999552,"native"
"7068","Pogogyne douglasii","Pogogyne douglasii","PODO2",99124080225,2787.54995,5.719999552,"native"
"7069","Rhynchospora careyana","Rhynchospora careyana","RHCA13",7860396641,322.8800049,2.570000172,"native"
"7070","Euphorbia inundata","Euphorbia inundata","EUIN5",66047474208,758.6099243,3.170000076,"native"
"7071","Alopecurus saccatus","Alopecurus saccatus","ALSA3",2.87e+11,5444.990158,5.819999933,"native"
"7072","Lupinus peirsonii","Lupinus peirsonii","LUPE2",31573127905,1085.740013,4.559999466,"native"
"7073","Hibiscus martianus","Hibiscus martianus","HIMA6",47432790084,330.1300049,1.779999733,"native"
"7074","Epidendrum floridense","Epidendrum floridense","EPFL",27521207956,613.6099854,3.869999886,"native"
"7075","Polygala leptostachys","Polygala leptostachys","POLE7",40784461416,521.4500732,3.170000076,"native"
"7076","Gaylussacia mosieri","Gaylussacia mosieri","GAMO3",91297007433,576.6899414,3.170000076,"native"
"7077","Lupinus westianus","Lupinus westianus","LUWE",26175727579,524.1300049,2.730000019,"native"
"7078","Camissonia hilgardii","Neoholmgrenia hilgardii","CAHI12",66002977263,3409.190109,3.289999962,"native"
"7079","Gelsemium rankinii","Gelsemium rankinii","GERA4",90895437844,583.8898926,3.170000076,"native"
"7080","Allium diabolense","Allium diabolense","ALDI10",36233008309,1166.279968,5.299999475,"native"
"7081","Rudbeckia mollis","Rudbeckia mollis","RUMO",47211602228,574.2399902,3.119999886,"native"
"7082","Iris tridentata","Iris tridentata","IRTR",47747519985,511.710083,2.820000172,"native"
"7083","Coryphantha sulcata","Coryphantha sulcata","COSU7",73453338145,944.0400391,2.469999313,"native"
"7084","Trillium foetidissimum","Trillium foetidissimum","TRFO",16833827698,243.8699951,2.75,"native"
"7085","Pteris bahamensis","Pteris longifolia","PTBA",22321826008,613.6099854,3.869999886,"native"
"7086","Liatris aestivalis","Liatris aestivalis","LIAE3",23673790128,426.1699829,3.139999866,"native"
"7087","Enemion occidentale","Enemion occidentale","ENOC",1.43e+11,2787.54995,5.719999552,"native"
"7088","Senna durangensis","Senna durangensis","SEDU",28146182575,453.4799805,1.769999981,"native"
"7089","Utricularia floridana","Utricularia floridana","UTFL",38959470975,476.9300537,3.170000076,"native"
"7090","Matelea alabamensis","Matelea alabamensis","MAAL6",8138804097,394.5599365,1.909999847,"native"
"7091","Silene bridgesii","Silene bridgesii","SIBR",82916977897,3857.889893,5.529999971,"native"
"7092","Cryptantha corollata","Cryptantha decipiens","CRCO33",39649370846,1208.100037,5.299999475,"native"
"7093","Calystegia catesbeiana","Calystegia catesbeiana","CACA101",9489719209,1097.459961,1.150000095,"native"
"7094","Rhynchospora leptocarpa","Rhynchospora leptocarpa","RHLE2",24369427456,719.7400513,3.409999847,"native"
"7095","Cordia podocephala","Varronia podocephala","COPO2",46961284348,576.7399902,2.699999809,"native"
"7096","Eurybia chapmanii","Symphyotrichum chapmanii","EUCH11",28362141357,565.1000977,3.119999886,"native"
"7097","Peltandra sagittifolia","Peltandra sagittifolia","PESA7",85790534517,652.2399902,3.409999847,"native"
"7098","Carex godfreyi","Carex godfreyi","CAGO3",57403626866,627.4100342,3.119999886,"native"
"7099","Coreopsis integrifolia","Coreopsis integrifolia","COIN4",12967584366,356.3099365,2.639999866,"native"
"7100","Mentzelia pectinata","Mentzelia pectinata","MEPE4",1.05e+11,1446.840012,4.459999561,"native"
"7101","Carex dasycarpa","Carex dasycarpa","CADA3",68539410461,593.6900635,3.170000076,"native"
"7102","Diphylleia cymosa","Podophyllum cymosum","DICY2",28935969449,1391.890015,1.53000021,"native"
"7103","Campanula exigua","Campanula exigua","CAEX3",14581981356,1120.559982,5.24000001,"native"
"7104","Calycadenia multiglandulosa","Calycadenia multiglandulosa","CAMU3",1.69e+11,3929.989891,5.719999552,"native"
"7105","Astragalus reventiformis","Astragalus reventiformis","ASRE6",45061765513,3468.830002,3.289999962,"native"
"7106","Cheilanthes tomentosa","Hemionitis bradburyi","CHTO2",3.82e+11,2188.380005,5.119999647,"native"
"7107","Pinguicula pumila","Pinguicula pumila","PIPU4",1.57e+11,783.5799561,3.880000114,"native"
"7108","Ilex amelanchier","Ilex amelanchier","ILAM2",64144525383,635.1199951,3.170000076,"native"
"7109","Lessingia nana","Lessingia nana","LENA",60171419149,2787.54995,5.719999552,"native"
"7110","Symphyotrichum georgianum","Symphyotrichum georgianum","SYGE",28156907781,729.5900269,2.660000086,"native"
"7111","Quercus georgiana","Quercus georgiana","QUGE",21896048818,525.6200562,1.429999828,"native"
"7112","Wyethia helenioides","Wyethia helenioides","WYHE",1.22e+11,2715.449951,5.410000086,"native"
"7113","Scleria baldwinii","Scleria baldwinii","SCBA2",94084361489,783.5799561,3.510000229,"native"
"7114","Viola nuttallii","Viola nuttallii","VINU2",1.02e+12,2351.060104,4.650000572,"native"
"7115","Symphyotrichum tenuifolium","Symphyotrichum tenuifolium","SYTE6",1.23e+11,885.8899536,4.529999733,"native"
"7116","Carex constanceana","Carex constanceana","CACO80",11122757280,3045.159973,3.109999657,"native"
"7117","Hibiscus aculeatus","Hibiscus aculeatus","HIAC",1.35e+11,616.5599365,3.170000076,"native"
"7118","Lathyrus holochlorus","Lathyrus holochlorus","LAHO2",52290970134,3252.560059,2.800000191,"native"
"7119","Smilax renifolia","Smilax bona-nox","SMRE",2568875749,120.0700073,1.75,"native"
"7120","Sagittaria fasciculata","Sagittaria fasciculata","SAFA5",965884896,778.5600586,0.449999809,"native"
"7121","Juncus triformis","Juncus triformis","JUTR3",1.11e+11,2802.949951,5.719999552,"native"
"7122","Magnolia pyramidata","Magnolia fraseri var. pyramidata","MAPY",77689254122,624.5,2.909999847,"native"
"7123","Xyris serotina","Xyris serotina","XYSE",66594089180,652.2399902,3.170000076,"native"
"7124","Ilex laevigata","Ilex laevigata","ILLA",1.55e+11,934.2199707,3.059999943,"native"
"7125","Rhynchospora baldwinii","Rhynchospora baldwinii","RHBA",98534901002,750.8199463,3.170000076,"native"
"7126","Platanthera integra","Platanthera integra","PLIN5",1.07e+11,723.0999146,3.170000076,"native"
"7127","Rubus fryei","Rubus allegheniensis","RUFR5",1658615872,189.1800537,1.739999771,"native"
"7128","Solidago flaccidifolia","Solidago curtisii var. flaccidifolia","SOFL",40048137554,960.2399902,3.080000162,"native"
"7129","Holocarpha virgata","Holocarpha virgata","HOVI",1.58e+11,2278.529953,5.710000277,"native"
"7130","Asclepias prostrata","Asclepias prostrata","ASPR9",5753895457,90.28997803,1.389999866,"native"
"7131","Lesquerella thamnophila","Physaria thamnophila","LETH3",5753895457,90.28997803,1.389999866,"native"
"7132","Sporobolus curtissii","Sporobolus curtissii","SPCU",39644886153,555.6500244,3.119999886,"native"
"7133","Symphyotrichum elliottii","Symphyotrichum elliottii","SYEL2",87363219679,605.8100586,3.869999886,"native"
"7134","Sabatia dodecandra","Sabatia dodecandra","SADO",1.27e+11,753.8599243,3.75,"native"
"7135","Prunus alabamensis","Prunus serotina var. alabamensis","PRAL7",62978898757,599.0200195,2.829999924,"native"
"7136","Frasera coloradensis","Frasera coloradensis","FRCO7",27140936925,708.8400269,2.740000248,"native"
"7137","Tridens carolinianus","Tridens carolinianus","TRCA4",51084898738,596.1500244,3.170000076,"native"
"7138","Lupinus villosus","Lupinus villosus","LUVI",1.43e+11,630.9199219,3.170000076,"native"
"7139","Clematis vinacea","Clematis vinacea","CLVI",2017852120,609.789917,0.940000057,"native"
"7140","Calamagrostis cainii","Calamagrostis cainii","CACA2",1534536725,862,1.28000021,"native"
"7141","Cocculus diversifolius","Cocculus diversifolius","CODI",63271634289,805.2700195,4.259999752,"native"
"7142","Cliftonia monophylla","Cliftonia monophylla","CLMO2",1.26e+11,616.5599365,3.170000076,"native"
"7143","Arundinaria appalachiana","Arundinaria appalachiana","ARAP4",45511698180,1391.890015,1.659999847,"native"
"7144","Asclepias latifolia","Asclepias latifolia","ASLA4",8.31e+11,1150.989975,7.460000396,"native"
"7145","Scutellaria wrightii","Scutellaria wrightii","SCWR2",1.41e+11,942.8900146,2.659999371,"native"
"7146","Symphyotrichum adnatum","Symphyotrichum adnatum","SYAD",94733856022,652.2399902,3.869999886,"native"
"7147","Sabal palmetto","Sabal palmetto","SAPA",1.05e+11,1130.620056,4.659999847,"native"
"7148","Rubus regionalis","Rubus setosus","RURE3",32195819981,170.7999878,1.789999962,"native"
"7149","Chlorogalum angustifolium","Chlorogalum angustifolium","CHAN2",1.02e+11,3885.409912,5.410000086,"native"
"7150","Rubus flavinanus","Rubus flavinanus","RUFL3",1680419589,292.4000244,0.630000114,"native"
"7151","Rubus notatus","Rubus setosus","RUNO2",1680419589,292.4000244,0.630000114,"native"
"7152","Rubus pervarius","Rubus hispidus","RUPE10",1680419589,292.4000244,0.630000114,"native"
"7153","Rubus provincialis","Rubus hispidus","RUPR9",1680419589,292.4000244,0.630000114,"native"
"7154","Rubus racemiger",NA,"RURA",1680419589,292.4000244,0.630000114,"native"
"7155","Crataegus aestivalis","Crataegus aestivalis","CRAE",65919367248,639.8299561,3.409999847,"native"
"7156","Sagittaria filiformis","Sagittaria filiformis","SAFI2",87908685497,635.2000122,3.869999886,"native"
"7157","Pycnanthemum montanum","Pycnanthemum montanum","PYMO2",42798071639,1276.890015,1.590000153,"native"
"7158","Ruellia drummondiana","Ruellia drummondiana","RUDR",42951564383,472.0700684,2.419999599,"native"
"7159","Penstemon subserratus","Penstemon subserratus","PESU6",40957484734,4311.740051,3.980000019,"native"
"7160","Eriochloa michauxii","Eriochloa michauxii","ERMI3",66518518162,660.1700439,3.869999886,"native"
"7161","Prunus rivularis","Prunus rivularis","PRRI",1.04e+11,1058.450012,3.579999924,"native"
"7162","Asimina incana","Asimina incana","ASIN12",64252236142,359.7099609,3.119999886,"native"
"7163","Carex cyrtostachya","Carex cyrtostachya","CACY2",10298642499,1840.170044,3.130000114,"native"
"7164","Forestiera godfreyi","Forestiera godfreyi","FOGO",30587006737,442.1400146,2.720000267,"native"
"7165","Meconella californica","Meconella californica","MECA",97085371412,2802.949951,5.719999552,"native"
"7166","Lupinus grayi","Lupinus grayi","LUGR2",1.33e+11,3822.860008,5.719999552,"native"
"7167","Verbesina aristata","Verbesina aristata","VEAR2",30817254139,535,3.170000076,"native"
"7168","Zigadenus exaltatus","Toxicoscordion exaltatum","ZIEX",71288498428,2787.54995,5.719999552,"native"
"7169","Allium runyonii","Allium runyonii","ALRU",30708660397,426.539978,1.779999733,"native"
"7170","Atriplex fruticulosa","Atriplex fruticulosa","ATFR",1.24e+11,1489.249985,5.719999552,"native"
"7171","Solidago brachyphylla","Solidago brachyphylla","SOBR",22014578941,580.0300293,2.590000153,"native"
"7172","Eriophyllum jepsonii","Eriophyllum jepsonii","ERJE",48916022763,1282.270042,5.719999552,"native"
"7173","Trillium discolor","Trillium discolor","TRDI5",10982930860,1074.329956,1.429999828,"native"
"7174","Asarum hartwegii","Asarum hartwegii","ASHA",72546024027,3750.76001,5.529999971,"native"
"7175","Geum radiatum","Geum radiatum","GERA2",6989425507,970.9400635,1.409999847,"native"
"7176","Plagiobothrys shastensis","Plagiobothrys shastensis","PLSH",88920898801,3844.82991,5.319999933,"native"
"7177","Quincula lobata","Quincula lobata","QULO2",8.65e+11,1171.35997,7.399999976,"native"
"7178","Trillium simile","Trillium simile","TRSI3",7921357050,1146.780029,1.429999828,"native"
"7179","Rhynchospora punctata","Rhynchospora punctata","RHPU4",6018653314,220.6500244,2.809999943,"native"
"7180","Gochnatia hypoleuca","Gochnatia hypoleuca","GOHY",26116451246,179.9699707,1.389999866,"native"
"7181","Menodora heterophylla","Menodora heterophylla","MEHE2",1.6e+11,885.4300537,2.809999943,"native"
"7182","Delphinium californicum","Delphinium californicum","DECA",54305091718,1718.899963,5.299999475,"native"
"7183","Silene subciliata","Silene subciliata","SISU3",20891887539,311.8300781,3.019999981,"native"
"7184","Microseris acuminata","Microseris acuminata","MIAC",1.19e+11,3857.889893,5.410000086,"native"
"7185","Deeringothamnus pulchellus","Asimina pulchella","DEPU6",6127038075,257.1600342,2.389999866,"native"
"7186","Ludwigia alata","Ludwigia alata","LUAL",1.18e+11,754.3599243,3.869999886,"native"
"7187","Jatropha cathartica","Jatropha cathartica","JACA3",40182711962,448.6400146,2.210000038,"native"
"7188","Tephrosia chrysophylla","Tephrosia chrysophylla","TECH",91866040001,750.8199463,3.170000076,"native"
"7189","Carex polymorpha","Carex polymorpha","CAPO4",59090574718,746.4500122,2.079999924,"native"
"7190","Asclepias longifolia","Asclepias longifolia","ASLO",1.72e+11,783.5799561,4.180000305,"native"
"7191","Sarracenia psittacina","Sarracenia psittacina","SAPS2",90502562632,589.1599121,3.170000076,"native"
"7192","Carex striata","Carex striata","CAST41",1.19e+11,783.6899414,3.409999847,"native"
"7193","Carex latebracteata","Carex latebracteata","CALA31",8984557939,432.3599854,1.570000172,"native"
"7194","Monotropsis reynoldsiae","Monotropsis odorata","MORE",13187493352,147.1500244,2.519999981,"native"
"7195","Valerianella palmeri","Valeriana arkansana","VAPA6",10577938697,432.3599854,1.570000172,"native"
"7196","Plagiobothrys greenei","Plagiobothrys greenei","PLGR",1.28e+11,3885.409912,5.410000086,"native"
"7197","Caulanthus lemmonii","Streptanthus coulteri var. lemmonii","CALE25",32918401273,1203.770042,4.459999561,"native"
"7198","Lesquerella argyraea","Physaria argyraea","LEAR3",1.8e+11,863.1899414,2.949999809,"native"
"7199","Cirsium pumilum","Cirsium pumilum","CIPU4",3.6e+11,1339.880066,3.050000191,"native"
"7200","Sidalcea hartwegii","Sidalcea hartwegii","SIHA",1.08e+11,2695.029953,5.529999971,"native"
"7201","Eschscholzia hypecoides","Eschscholzia hypecoides","ESHY",55974943551,2288.019951,4.150000095,"native"
"7202","Tonella floribunda","Tonella floribunda","TOFL",68270540570,2144.609924,3.470000267,"native"
"7203","Pectis glaucescens","Pectis glaucescens","PEGL16",30757475697,613.6099854,3.869999886,"native"
"7204","Vaccinium erythrocarpum","Vaccinium erythrocarpum","VAER",64933209328,1499.330017,2.449999809,"native"
"7205","Minuartia californica","Minuartia californica","MICA7",2.27e+11,3957.509911,5.719999552,"native"
"7206","Clarkia affinis","Clarkia affinis","CLAF",1.32e+11,3929.989891,5.719999552,"native"
"7207","Eriastrum pluriflorum","Eriastrum pluriflorum","ERPL2",1.69e+11,1489.249985,5.719999552,"native"
"7208","Rhynchospora mixta","Rhynchospora mixta","RHMI9",1.27e+11,601.1199951,3.839999676,"native"
"7209","Euphorbia exserta","Euphorbia exserta","EUEX6",87247341072,591.8400269,3.119999886,"native"
"7210","Desmodium humifusum","Desmodium humifusum","DEHU3",26800239343,449.1600342,2.449999809,"native"
"7211","Zephyranthes grandiflora","Zephyranthes minuta","ZEGR",3678233340,353.6500244,2.720000267,"native"
"7212","Baptisia lanceolata","Baptisia lanceolata","BALA3",84865027517,586.2900391,3.119999886,"native"
"7213","Calochortus luteus","Calochortus luteus","CALU9",2.09e+11,3978.389893,5.719999552,"native"
"7214","Mitella prostrata","Mitella nuda","MIPR2",1343479727,177.5100098,1.949999809,"native"
"7215","Cuscuta exaltata","Cuscuta exaltata","CUEX",63680425532,1153.419983,3.690000057,"native"
"7216","Quercus arkansana","Quercus arkansana","QUAR2",50463351257,528.8100586,3.639999866,"native"
"7217","Scirpus diffusus","Scirpus diffusus","SCDI",67144113377,3857.889893,5.529999971,"native"
"7218","Carex elliottii","Carex elliottii","CAEL9",72493064037,645.8200684,3.170000076,"native"
"7219","Simarouba glauca","Simarouba glauca","SIGL3",26359529711,613.6099854,3.869999886,"native"
"7220","Quercus lobata","Quercus lobata","QULO",2.31e+11,2802.949951,5.719999552,"native"
"7221","Coreopsis wrightii","Coreopsis wrightii","COWR3",85964769693,1071.920044,3.160000324,"native"
"7222","Asclepias cinerea","Asclepias cinerea","ASCI5",86611011344,584.2399902,3.119999886,"native"
"7223","Monolopia major","Monolopia major","MOMA2",92914698031,2740.47995,5.719999552,"native"
"7224","Rubus ostryifolius","Rubus ostryifolius","RUOS",8800235709,340.2799683,2.449999809,"native"
"7225","Palafoxia sphacelata","Palafoxia sphacelata","PASP",4.45e+11,1013.679977,5.309999943,"native"
"7226","Tephrosia florida","Tephrosia florida","TEFL",1.98e+11,715.249939,3.869999886,"native"
"7227","Salvia engelmannii","Salvia engelmannii","SAEN2",55386150100,840.3399658,3.150000095,"native"
"7228","Pithecellobium keyense","Pithecellobium keyense","PIKE",17079135814,613.6099854,3.869999886,"native"
"7229","Trillium underwoodii","Trillium underwoodii","TRUN2",60723481699,526.4399414,2.929999828,"native"
"7230","Thalictrum macrostylum","Thalictrum macrostylum","THMA4",41073132260,1391.97998,3.059999943,"native"
"7231","Allium serra","Allium serra","ALSE3",93931186547,3710.180008,5.319999933,"native"
"7232","Eriocaulon lineare","Eriocaulon lineare","ERLI3",59757094608,582.0799561,3.170000076,"native"
"7233","Bolboschoenus novae-angliae","Bolboschoenus novae-angliae","BONO",30688885954,430.7800293,2.5,"native"
"7234","Lyonia ferruginea","Lyonia ferruginea","LYFE",1.18e+11,736.2599487,3.119999886,"native"
"7235","Carex austrocaroliniana","Carex austrocaroliniana","CAAU7",41361109052,1257.330017,2.430000067,"native"
"7236","Isoetes piedmontana","Isoetes piedmontana","ISPI",21302699054,269.8199463,1.309999943,"native"
"7237","Eleocharis occulta","Eleocharis occulta","ELOC4",50024360356,823.8599243,3.269999981,"native"
"7238","Mandevilla lanuginosa","Mandevilla lanuginosa","MALA15",21471367349,153.5100098,1.389999866,"native"
"7239","Rubus plus","Rubus plus","RUPL2",4489017934,108.3000488,1.359999657,"native"
"7240","Oenothera grandiflora","Oenothera grandiflora","OEGR4",51952912809,853.3200073,2.929999828,"native"
"7241","Hymenocallis choctawensis","Hymenocallis choctawensis","HYCH",30298869443,494.8299561,3.170000076,"native"
"7242","Baptisia megacarpa","Baptisia megacarpa","BAME",16004018082,337.8200684,2.590000153,"native"
"7243","Dalea austrotexana","Dalea austrotexana","DAAU3",14639153430,277.7999878,1.779999733,"native"
"7244","Dioscorea floridana","Dioscorea floridana","DIFL4",36302551001,467.2299805,2.720000267,"native"
"7245","Schwalbea americana","Schwalbea americana","SCAM",77758042948,783.6899414,3.170000076,"native"
"7246","Lycopodiella prostrata","Lycopodiella prostrata","LYPR3",1.28e+11,958.6299438,3.829999924,"native"
"7247","Verbena cloverae","Verbena cloverae","VECL",63104707965,448.6400146,2.210000038,"native"
"7248","Carex calcifugens","Carex calcifugens","CACA24",25958746310,467.2299805,3.059999943,"native"
"7249","Asclepias emoryi","Asclepias emoryi","ASEM",89182974078,477.4800415,2.440000057,"native"
"7250","Collinsonia serotina","Collinsonia punctata","COSE11",41777032595,1039.530029,3.170000076,"native"
"7251","Nasturtium floridanum","Nasturtium floridanum","NAFL2",50949901793,528.8300781,3.869999886,"native"
"7252","Juncus roemerianus","Juncus roemerianus","JURO",1.13e+11,885.8899536,4.659999847,"native"
"7253","Hedeoma acinoides","Hedeoma acinoides","HEAC",89403488910,931.1299438,3.190000057,"native"
"7254","Andropogon longiberbis","Andropogon longiberbis","ANLO2",82487432346,660.1700439,3.869999886,"native"
"7255","Senegalia wrightii","Senegalia wrightii","SEWR4",1.41e+11,616.3500061,2.699999809,"native"
"7256","Crataegus menandiana","Crataegus menandiana","CRME6",1354120790,150.1000366,1.889999866,"native"
"7257","Clarkia cylindrica","Clarkia cylindrica","CLCY",1.03e+11,1613.599998,5.719999552,"native"
"7258","Staphylea bolanderi","Staphylea bolanderi","STBO",71647648619,3750.76001,5.529999971,"native"
"7259","Leptosiphon filipes","Leptosiphon filipes","LEFI14",1.66e+11,3954.219894,5.719999552,"native"
"7260","Leiophyllum buxifolium","Kalmia buxifolia","LEBU",46768174468,1354.580017,2.670000076,"native"
"7261","Cardamine clematitis","Cardamine clematitis","CACL2",24716904122,1294.72998,1.53000021,"native"
"7262","Asclepias connivens","Asclepias connivens","ASCO19",75212918875,639.3400879,3.869999886,"native"
"7263","Heuchera longiflora","Heuchera longiflora","HELO5",51020165534,941.8300781,2.240000248,"native"
"7264","Actaea podocarpa","Actaea podocarpa","ACPO11",95035183317,1499.330017,3.050000191,"native"
"7265","Ilex myrtifolia","Ilex myrtifolia","ILMY",1.52e+11,1079.450073,3.170000076,"native"
"7266","Oenothera demareei","Oenothera demareei","OEDE",23209934799,532.5700684,3.210000038,"native"
"7267","Polygonella gracilis","Polygonella gracilis","POGR10",1.26e+11,750.8199463,3.869999886,"native"
"7268","Solidago discoidea","Brintonia discoidea","SODI3",69038826190,417,3.170000076,"native"
"7269","Mimulus latidens","Erythranthe latidens","MILA4",1.21e+11,2802.949951,5.819999933,"native"
"7270","Carex austrodeflexa","Carex austrodeflexa","CAAU24",37307422057,997.25,3.059999943,"native"
"7271","Ammophila champlainensis","Calamagrostis breviligulata subsp. champlainensis","AMCH6",5152519284,700.7900391,2.040000439,"native"
"7272","Nemacladus secundiflorus","Nemacladus secundiflorus","NESE",54202359026,1348.319969,4.459999561,"native"
"7273","Rhynchospora elliottii","Rhynchospora elliottii","RHEL",1.34e+11,637.2999268,3.510000229,"native"
"7274","Triphora gentianoides","Triphora gentianoides","TRGE",22510218100,584.3899536,3.869999886,"native"
"7275","Iris tenuis","Iris tenuis","IRTE2",13263291814,3315.369934,1.510000229,"native"
"7276","Quercus oglethorpensis","Quercus oglethorpensis","QUOG",23974347848,643.0098877,3.019999981,"native"
"7277","Solidago roanensis","Solidago roanensis","SORO2",1.08e+11,1499.330017,2.799999952,"native"
"7278","Ctenitis sloanei","Ctenitis sloanei","CTSL",21191931526,580.8499756,3.869999886,"native"
"7279","Setaria scheelei","Setaria scheelei","SESC2",2e+11,1130.209961,4.259999752,"native"
"7280","Sclerolinon digynum","Linum digynum","SCDI5",1.22e+11,3885.409912,5.410000086,"native"
"7281","Agalinis laxa","Agalinis laxa","AGLA10",6829032512,129.3699951,2.389999866,"native"
"7282","Dicerandra densiflora","Dicerandra densiflora","DIDE5",15621820384,280.0299072,3.119999886,"native"
"7283","Scutellaria glabriuscula","Scutellaria glabriuscula","SCGL4",16313383753,326.6099854,2.590000153,"native"
"7284","Hemizonia lobbii","Deinandra lobbii","HELO4",47630106046,1350.51001,4.690000057,"native"
"7285","Xyris tennesseensis","Xyris tennesseensis","XYTE",8057838004,232.7999268,0.949999809,"native"
"7286","Sporobolus texanus","Sporobolus texanus","SPTE5",1.94e+11,953.6300049,6.910000205,"native"
"7287","Alternanthera maritima","Alternanthera littoralis var. maritima","ALMA10",23730223034,613.6099854,3.869999886,"native"
"7288","Eriogonum ordii","Eriogonum ordii","EROR3",99152563448,1456.330009,5.719999552,"native"
"7289","Xyris flabelliformis","Xyris flabelliformis","XYFL2",1.21e+11,754.3599243,3.869999886,"native"
"7290","Dichanthelium erectifolium","Dichanthelium erectifolium","DIER4",1.17e+11,783.5799561,3.869999886,"native"
"7291","Polygonum marinense","Polygonum marinense","POMA15",11996400607,1519.599976,2.900000095,"native"
"7292","Allium nevii","Allium nevii","ALNE4",98387237987,3895.379913,4.240000248,"native"
"7293","Xyris smalliana","Xyris smalliana","XYSM",1.99e+11,783.6899414,3.869999886,"native"
"7294","Chamaebatia foliolosa","Chamaebatia foliolosa","CHFO",1e+11,2787.54995,5.719999552,"native"
"7295","Glandularia tampensis","Verbena tampensis","GLTA",27039348227,355.4300537,2.389999866,"native"
"7296","Lathyrus polymorphus","Lathyrus nevadensis var. nevadensis","LAPO2",4.5e+11,1039.379974,4.9599998,"native"
"7297","Saccharum coarctatum","Erianthus coarctatus","SACO31",60927221831,747.4400024,3.839999676,"native"
"7298","Astilbe biternata","Astilbe biternata","ASBI4",75221696622,1391.97998,2.240000248,"native"
"7299","Hypericum brachyphyllum","Hypericum brachyphyllum","HYBR3",1.85e+11,783.5799561,3.869999886,"native"
"7300","Galactia erecta","Galactia erecta","GAER",1.25e+11,637.2999268,3.170000076,"native"
"7301","Campanula griffinii","Campanula griffinii","CAGR26",54339664239,1720.969971,5.410000086,"native"
"7302","Eleocharis elongata","Eleocharis elongata","ELEL2",85354921577,754.3599243,3.869999886,"native"
"7303","Erodium macrophyllum","California macrophylla","ERMA5",1.85e+11,2811.779953,5.719999552,"native"
"7304","Astragalus villosus","Astragalus villosus","ASVI6",76170160323,586.8100586,3.170000076,"native"
"7305","Prenanthes roanensis","Nabalus roanensis","PRRO2",14063170407,1178.160095,1.53000021,"native"
"7306","Ayenia euphrasiifolia","Ayenia euphrasiifolia","AYEU",12554712552,613.6099854,3.869999886,"native"
"7307","Croton ciliatoglandulifer","Croton ciliatoglandulifer","CRCI",11240081135,550.3300171,4.259999752,"native"
"7308","Hypoxis sessilis","Hypoxis sessilis","HYSE2",53808519627,579.7399902,4.009999752,"native"
"7309","Ancistrocactus scheeri","Sclerocactus scheeri","ANSC",47487871091,431.7099609,2.210000038,"native"
"7310","Desmodium floridanum","Desmodium floridanum","DEFL3",85619968835,546.8399658,3.869999886,"native"
"7311","Crataegus vailiae","Crataegus vailiae","CRVA",4230383191,105.0600586,1.289999962,"native"
"7312","Astragalus clevelandii","Astragalus clevelandii","ASCL2",22035775873,2667.659958,3.670000076,"native"
"7313","Rhexia lutea","Rhexia lutea","RHLU",1.61e+11,635.1199951,3.510000229,"native"
"7314","Baptisia albescens","Baptisia albescens","BAAL3",13332603337,602.7600098,2.590000153,"native"
"7315","Lysimachia fraseri","Lysimachia fraseri","LYFR2",25344357723,1391.890015,1.96999979,"native"
"7316","Delphinium hesperium","Delphinium hesperium","DEHE",1.91e+11,3954.219894,5.719999552,"native"
"7317","Collomia rawsoniana","Collomia rawsoniana","CORA3",9287089621,1347.12999,5.24000001,"native"
"7318","Rhynchospora floridensis","Rhynchospora floridensis","RHFL2",12745118173,613.6099854,3.869999886,"native"
"7319","Danthonia epilis","Danthonia sericea","DAEP2",5995458611,830.5,1.429999828,"native"
"7320","Rubus semisetosus","Rubus setosus","RUSE3",18326932345,531.7600098,2.53000021,"native"
"7321","Osmanthus americanus","Cartrema americana","OSAM",2.26e+11,652.2399902,3.409999847,"native"
"7322","Piperia colemanii","Platanthera colemanii","PICO8",86481316639,3750.76001,5.529999971,"native"
"7323","Deinandra pallida","Deinandra pallida","DEPA17",69053762869,1613.599998,5.719999552,"native"
"7324","Helianthus resinosus","Helianthus resinosus","HERE5",38498318767,1064.420044,3.00999999,"native"
"7325","Collomia diversifolia","Collomia diversifolia","CODI2",38795669022,2636.089951,5.24000001,"native"
"7326","Zigadenus glaberrimus","Zigadenus glaberrimus","ZIGL",1.17e+11,1220.440063,3.409999847,"native"
"7327","Draba sharsmithii","Draba sharsmithii","DRSH",54294995522,1471.01001,4.459999561,"native"
"7328","Ivesia campestris","Ivesia campestris","IVCA2",54294995522,1471.01001,4.459999561,"native"
"7329","Leptosiphon oblanceolatus","Leptosiphon oblanceolatus","LEOB14",54294995522,1471.01001,4.459999561,"native"
"7330","Oreostemma peirsonii","Oreostemma peirsonii","ORPE4",54294995522,1471.01001,4.459999561,"native"
"7331","Petrophytum acuminatum","Petrophytum caespitosum subsp. acuminatum","PEAC4",54294995522,1471.01001,4.459999561,"native"
"7332","Streptanthus gracilis","Streptanthus gracilis","STGR3",54294995522,1471.01001,4.459999561,"native"
"7333","Sabatia bartramii","Sabatia decandra","SABA8",1.36e+11,783.5799561,3.869999886,"native"
"7334","Hypericum erythreae","Hypericum erythreae","HYER4",13298529275,194.4100342,2.389999866,"native"
"7335","Quercus douglasii","Quercus douglasii","QUDO",2.19e+11,2787.54995,5.719999552,"native"
"7336","Hydrangea radiata","Hydrangea radiata","HYRA6",28775991415,1391.890015,1.659999847,"native"
"7337","Eriogonum truncatum","Eriogonum truncatum","ERTR11",5895158682,615.2199707,4.110000134,"native"
"7338","Pyrularia pubera","Pyrularia pubera","PYPU",1.96e+11,1450.48999,3.080000162,"native"
"7339","Eriogonum prattenianum","Eriogonum prattenianum","ERPR8",43660605324,1884.48999,5.410000086,"native"
"7340","Mentzelia floridana","Mentzelia floridana","MEFL",47187180523,613.6099854,3.869999886,"native"
"7341","Euphorbia curtisii","Euphorbia curtisii","EUCU3",93405810197,692.8999634,3.119999886,"native"
"7342","Rhododendron austrinum","Rhododendron austrinum","RHAU",67714785118,554.7199707,3.170000076,"native"
"7343","Eurybia jonesiae","Eurybia jonesiae","EUJO3",7215378996,309.5899658,1.429999828,"native"
"7344","Asimina pygmea","Asimina pygmaea","ASPY2",62979224966,376.9700928,3.119999886,"native"
"7345","Ilex longipes","Ilex longipes","ILLO",96024330546,693.8300781,3.599999905,"native"
"7346","Thalictrum mirabile","Thalictrum mirabile","THMI4",7200792969,119.0899658,0.900000095,"native"
"7347","Dichanthelium wrightianum","Dichanthelium wrightianum","DIWR3",62888378751,706.2999268,3.409999847,"native"
"7348","Agalinis flexicaulis","Agalinis flexicaulis","AGFL2",761362115,37.33996582,1.599999905,"native"
"7349","Gaylussacia tomentosa","Gaylussacia tomentosa","GATO5",1.3e+11,926.6300049,3.119999886,"native"
"7350","Navarretia viscidula","Navarretia viscidula","NAVI",1.32e+11,3857.889893,5.529999971,"native"
"7351","Gentiana decora","Gentiana decora","GEDE3",58950716229,1391.97998,1.590000153,"native"
"7352","Astragalus tweedyi","Astragalus tweedyi","ASTW",27390749741,3045.159973,3.109999657,"native"
"7353","Rhododendron cumberlandense","Rhododendron cumberlandense","RHCU",52663793709,1007.100037,2.180000305,"native"
"7354","Krameria lanceolata","Krameria lanceolata","KRLA",7.37e+11,1580.709961,5.339999676,"native"
"7355","Houstonia croftiae","Houstonia croftiae","HOCR",7813103135,154.8099976,1.389999866,"native"
"7356","Agastache occidentalis","Agastache occidentalis","AGOC",33753334648,3283.149963,3.279999733,"native"
"7357","Helianthemum corymbosum","Crocanthemum corymbosum","HECO3",1.34e+11,729.8200073,3.869999886,"native"
"7358","Spiranthes laciniata","Spiranthes laciniata","SPLA3",1.2e+11,783.5799561,4.029999733,"native"
"7359","Lilium grayi","Lilium grayi","LIGR2",16204807054,739.5799561,1.590000153,"native"
"7360","Xyris fimbriata","Xyris fimbriata","XYFI",1.95e+11,750.8199463,3.409999847,"native"
"7361","Portulaca smallii","Portulaca smallii","POSM",20802076693,277.710083,1.370000362,"native"
"7362","Ilex coriacea","Ilex coriacea","ILCO",2.6e+11,715.249939,3.839999676,"native"
"7363","Andropogon mohrii","Andropogon liebmannii","ANMO3",22704577989,606.5899658,3.409999847,"native"
"7364","Cornus asperifolia","Cornus asperifolia","COAS2",1.04e+11,583.2900391,2.929999828,"native"
"7365","Liatris glandulosa","Liatris glandulosa","LIGL5",10059531470,281.3700562,2.159999371,"native"
"7366","Chrysopsis gossypina","Chrysopsis gossypina","CHGO",1.85e+11,708.8300171,3.409999847,"native"
"7367","Linum pratense","Linum pratense","LIPR",3.97e+11,1377.559944,7.179999709,"native"
"7368","Fritillaria micrantha","Fritillaria micrantha","FRMI",73779965850,2715.449951,5.529999971,"native"
"7369","Carex chapmanii","Carex chapmanii","CACH9",69789289826,461.8900146,3.119999886,"native"
"7370","Delphinium variegatum","Delphinium variegatum","DEVA",1.66e+11,2740.47995,5.719999552,"native"
"7371","Liatris pauciflora","Liatris pauciflora","LIPA8",95954948481,708.8300171,3.119999886,"native"
"7372","Astragalus lindheimeri","Astragalus lindheimeri","ASLI4",1.28e+11,707.0699463,2.639999866,"native"
"7373","Callirhoe pedata","Callirhoe pedata","CAPE23",98515577522,1260.910034,3.46999979,"native"
"7374","Quercus fusiformis","Quercus fusiformis","QUFU",1.59e+11,970.7399597,3.559999943,"native"
"7375","Galactia mollis","Galactia mollis","GAMO2",66049716102,570.2700195,3.170000076,"native"
"7376","Calopogon barbatus","Calopogon barbatus","CABA",1.4e+11,754.3599243,3.170000076,"native"
"7377","Calopogon multiflorus","Calopogon multiflorus","CAMU10",88814217152,750.8199463,3.869999886,"native"
"7378","Eryngium vaseyi","Eryngium vaseyi","ERVA5",1.2e+11,2802.949951,5.719999552,"native"
"7379","Smilax pumila","Smilax pumila","SMPU",2.64e+11,652.2399902,3.639999866,"native"
"7380","Dyschoriste angusta","Dyschoriste angusta","DYAN",32351425658,660.1700439,3.869999886,"native"
"7381","Schoenoplectus etuberculatus","Schoenoplectus etuberculatus","SCET2",91249576084,708.8300171,3.409999847,"native"
"7382","Eurybia spectabilis","Eurybia spectabilis","EUSP3",84321631803,607.4799194,2.419999599,"native"
"7383","Cyperus tetragonus","Cyperus tetragonus","CYTE5",96724019646,770.6800537,3.869999886,"native"
"7384","Angelica triquinata","Angelica triquinata","ANTR2",1.08e+11,1499.330017,2.579999924,"native"
"7385","Tragia smallii","Tragia smallii","TRSM",81336450143,652.2399902,3.639999866,"native"
"7386","Picradeniopsis woodhousei","Picradeniopsis woodhousei","PIWO",3.3e+11,1092.069977,7.2299999,"native"
"7387","Stylodon carneus","Verbena carnea","STCA6",1.71e+11,737.9200439,3.510000229,"native"
"7388","Micranthemum micranthemoides","Micranthemum micranthemoides","MIMI6",17114372796,335.2099609,2.329999924,"native"
"7389","Physaria geyeri","Physaria geyeri","PHGE",84395597895,3289.639969,3.5,"native"
"7390","Persea palustris","Persea palustris","PEPA37",1.69e+11,783.6899414,3.869999886,"native"
"7391","Baccharis neglecta","Baccharis neglecta","BANE2",1.94e+11,1125.000031,4.92999959,"native"
"7392","Chamaesyce laredana","Euphorbia laredana","CHLA8",39685333957,426.539978,1.840000153,"native"
"7393","Galium hispidulum","Galium bermudense","GAHI",1.72e+11,1254.01001,3.869999886,"native"
"7394","Jacquemontia curtissii","Jacquemontia curtissii","JACU4",17037222191,613.6099854,3.869999886,"native"
"7395","Ludwigia simpsonii","Ludwigia simpsonii","LUSI3",54970213994,754.7900391,3.869999886,"native"
"7396","Diervilla sessilifolia","Diervilla sessilifolia","DISE",33476015175,1391.890015,1.440000057,"native"
"7397","Phacelia maculata","Phacelia maculata","PHMA9",25518111607,978.4699707,1.429999828,"native"
"7398","Meximalva filipes","Meximalva filipes","MEFI",47062098857,656.6099854,2.210000038,"native"
"7399","Myriophyllum laxum","Myriophyllum laxum","MYLA2",80115052662,715.249939,3.170000076,"native"
"7400","Fuirena longa","Fuirena longa","FULO",42285405658,1004.02002,3.920000076,"native"
"7401","Schoenolirion albiflorum","Schoenolirion albiflorum","SCAL5",63599773461,657.6700439,3.869999886,"native"
"7402","Agrimonia incisa","Agrimonia incisa","AGIN3",59849826526,650,2.760000229,"native"
"7403","Vachellia rigidula","Vachellia rigidula","VARI",1.07e+11,885.4300537,2.949999809,"native"
"7404","Streptanthus diversifolius","Streptanthus diversifolius","STDI2",67947982528,2197.460052,5.819999933,"native"
"7405","Morella caroliniensis","Myrica caroliniensis","MOCA7",3.12e+11,1109,3.879999638,"native"
"7406","Warnockia scutellarioides","Warnockia scutellarioides","WASC",1.02e+11,1101.879944,3.799999714,"native"
"7407","Juncus gymnocarpus","Juncus gymnocarpus","JUGY",43604057072,1279.910034,3.170000076,"native"
"7408","Warea cuneifolia","Warea cuneifolia","WACU",27170558234,589.3400269,2.639999866,"native"
"7409","Okenia hypogaea","Okenia hypogaea","OKHY",17151394539,613.6099854,3.869999886,"native"
"7410","Quercus myrtifolia","Quercus myrtifolia","QUMY",1.19e+11,754.3599243,3.869999886,"native"
"7411","Listera smallii","Neottia smallii","LISM",70203480259,1450.48999,2.449999809,"native"
"7412","Balduina uniflora","Balduina uniflora","BAUN",1.13e+11,606.5899658,3.170000076,"native"
"7413","Carex collinsii","Carex collinsii","CACO21",61315447730,971.5100098,2.029999733,"native"
"7414","Erythronium elegans","Erythronium elegans","EREL13",9167497908,3215.9599,2.470000267,"native"
"7415","Lysimachia tonsa","Lysimachia tonsa","LYTO2",83604910682,1082.380066,3.080000162,"native"
"7416","Zigadenus leimanthoides","Stenanthium leimanthoides","ZILE",61902380971,920.0300293,3.460000038,"native"
"7417","Hypericum suffruticosum","Hypericum suffruticosum","HYSU2",99117670578,610.1400146,3.170000076,"native"
"7418","Ruellia occidentalis","Ruellia ciliatiflora","RUOC4",81585546671,548.8900146,2.210000038,"native"
"7419","Opuntia cymochila","Opuntia cymochila","OPCY",6335242830,72.72000122,0.61000061,"native"
"7420","Bartonia verna","Bartonia verna","BAVE2",1.2e+11,745.710022,3.739999771,"native"
"7421","Lobelia amoena","Lobelia amoena","LOAM4",1e+11,1257.26001,3.409999847,"native"
"7422","Polygala boykinii","Polygala boykinii","POBO4",1.23e+11,783.5799561,3.869999886,"native"
"7423","Giliastrum ludens","Giliastrum ludens","GILU3",23597246813,385.7200317,1.319999695,"native"
"7424","Sisyrinchium sarmentosum","Sisyrinchium sarmentosum","SISA4",31770692871,4311.740051,4.579999924,"native"
"7425","Rubus suus","Rubus pensilvanicus","RUSU4",18475655539,865.1999512,2.909999847,"native"
"7426","Seymeria cassioides","Seymeria cassioides","SECA4",1.86e+11,637.2999268,3.409999847,"native"
"7427","Rubus longii","Rubus cuneifolius","RULO4",4378179985,596.0300293,2.449999809,"native"
"7428","Dimorphocarpa candicans","Dimorphocarpa candicans","DICA31",2.02e+11,616.690033,4.700000286,"native"
"7429","Convallaria majuscula","Convallaria pseudomajalis","COMA19",90256755275,1499.330017,2.210000038,"native"
"7430","Vernonia lettermannii","Vernonia lettermannii","VELE",16946799346,498.2199707,2.260000229,"native"
"7431","Oxypolis ternata","Oxypolis ternata","OXTE",46235202521,494.6700439,2.820000172,"native"
"7432","Asplenium resiliens","Asplenium resiliens","ASRE",7.37e+11,2129.450012,7.259999633,"native"
"7433","Mirabilis glabra","Mirabilis glabra","MIGL3",4.67e+11,1112.439972,7.2299999,"native"
"7434","Clematis albicoma","Clematis albicoma","CLAL",18094488150,751.0499878,2.449999809,"native"
"7435","Helianthus radula","Helianthus radula","HERA",1.22e+11,750.8199463,3.170000076,"native"
"7436","Layia septentrionalis","Layia septentrionalis","LASE2",36565809461,2500.809937,3.380000114,"native"
"7437","Hexastylis contracta","Asarum contractum","HECO19",16100217678,994.3900146,1.269999981,"native"
"7438","Physostegia leptophylla","Physostegia leptophylla","PHLE9",51470336331,516.4200439,3.359999657,"native"
"7439","Bacopa eisenii","Bacopa eisenii","BAEI",1.28e+11,2283.810059,5.819999933,"native"
"7440","Nemophila pulchella","Nemophila pulchella","NEPU2",1.09e+11,1470.959984,5.719999552,"native"
"7441","Bergia texana","Bergia texana","BETE",3.5e+11,3488.610107,5.819999933,"native"
"7442","Houstonia procumbens","Houstonia procumbens","HOPR",1.84e+11,758.6099243,3.869999886,"native"
"7443","Sairocarpus subcordatus","Sairocarpus subcordatus","SASU8",17276086219,2458.73996,3.260000229,"native"
"7444","Quercus minima","Quercus minima","QUMI2",1.28e+11,750.8199463,3.869999886,"native"
"7445","Kumlienia hystricula","Ranunculus hystriculus","KUHY",69355200949,2715.449951,5.529999971,"native"
"7446","Pediomelum canescens","Pediomelum canescens","PECA25",1.26e+11,639.3400879,3.119999886,"native"
"7447","Sorghastrum secundum","Sorghastrum secundum","SOSE5",1.63e+11,777.1600342,3.869999886,"native"
"7448","Seymeria pectinata","Seymeria pectinata","SEPE2",1.33e+11,741.460022,3.869999886,"native"
"7449","Phacelia phacelioides","Phacelia phacelioides","PHPH",12672383343,1120.559982,5.24000001,"native"
"7450","Eubotrys recurvus","Eubotrys recurva","EURE18",60522962855,1391.97998,1.650000095,"native"
"7451","Digitaria patens","Digitaria patens","DIPA6",42768949786,556.3999634,2.440000057,"native"
"7452","Stylisma aquatica","Stylisma aquatica","STAQ3",69024601222,645.5599365,3.599999905,"native"
"7453","Rhynchospora chapmanii","Rhynchospora chapmanii","RHCH3",1.21e+11,754.3599243,3.170000076,"native"
"7454","Orbexilum lupinellum","Orbexilum lupinellum","ORLU3",66081012035,601.8500977,3.170000076,"native"
"7455","Carex aestivalis","Carex aestivalis","CAAE2",1.9e+11,1499.330017,3.039999962,"native"
"7456","Euphorbia discoidalis","Euphorbia discoidalis","EUDI5",47598684698,562.2800293,3.170000076,"native"
"7457","Calylophus berlandieri","Oenothera capillifolia subsp. berlandieri","CABE6",4.96e+11,1300.449997,5.309999943,"native"
"7458","Aristida condensata","Aristida condensata","ARCO7",77191140882,722.0300293,3.869999886,"native"
"7459","Ludwigia spathulata","Ludwigia spathulata","LUSP5",24350992066,583.8100586,3.170000076,"native"
"7460","Rhynchospora grayi","Rhynchospora grayi","RHGR2",1.88e+11,708.8300171,3.869999886,"native"
"7461","Delphinium inopinum","Delphinium inopinum","DEIN",80129419967,1471.01001,4.459999561,"native"
"7462","Matelea floridana","Matelea floridana","MAFL5",41864896996,424.3300781,3.869999886,"native"
"7463","Bidens bidentoides","Bidens bidentoides","BIBI3",33213746488,703.1900024,2.509999752,"native"
"7464","Brodiaea minor","Brodiaea minor","BRMI3",55984570163,2674.869949,5.299999475,"native"
"7465","Lesquerella arenosa","Physaria arenosa subsp. arenosa","LEAR6",2.81e+11,1044.009995,3.690000534,"native"
"7466","Hesperolinon disjunctum",NA,"HEDI4",65688991042,2715.449951,5.410000086,"native"
"7467","Carex gholsonii","Carex gholsonii","CAGH",58282721979,469.7299805,3.119999886,"native"
"7468","Bidens mitis","Bidens mitis","BIMI",1.61e+11,971.5100098,3.409999847,"native"
"7469","Dicerandra linearifolia","Dicerandra linearifolia","DILI3",77461035895,600.1700439,2.929999828,"native"
"7470","Delphinium lineapetalum","Delphinium lineapetalum","DELI3",88031487968,5356.740158,3.409999847,"native"
"7471","Rubus recurvicaulis","Rubus recurvicaulis","RURE2",77133456824,608.5100098,2.629999638,"native"
"7472","Eriogonum allenii","Eriogonum allenii","ERAL5",22062445445,796.1000366,1.539999962,"native"
"7473","Layia chrysanthemoides","Layia chrysanthemoides","LACH",74344560520,2667.659958,5.24000001,"native"
"7474","Habenaria quinqueseta","Habenaria quinqueseta","HAQU",71138125789,741.1900635,3.869999886,"native"
"7475","Lesquerella engelmannii","Physaria engelmannii","LEEN",43604494239,368.9299316,2.519999981,"native"
"7476","Liatris elegantula","Liatris elegantula","LIEL7",4117546676,217.3800049,2.260000229,"native"
"7477","Rhynchospora tracyi","Rhynchospora tracyi","RHTR2",1.26e+11,783.5799561,3.869999886,"native"
"7478","Licania michauxii","Geobalanus oblongifolius","LIMI5",1.88e+11,783.5799561,3.869999886,"native"
"7479","Pseudobahia heermannii","Pseudobahia heermannii","PSHE",1e+11,2235.410057,5.719999552,"native"
"7480","Eupatorium leptophyllum","Eupatorium leptophyllum","EULE3",1.06e+11,761.2299805,3.869999886,"native"
"7481","Pluchea longifolia","Pluchea longifolia","PLLO2",43101743467,413.6199951,3.119999886,"native"
"7482","Rhododendron prunifolium","Rhododendron prunifolium","RHPR2",10789330190,194.5900879,1.269999981,"native"
"7483","Syngonanthus flavidulus","Syngonanthus flavidulus","SYFL",1.78e+11,758.6099243,3.869999886,"native"
"7484","Lechea sessiliflora","Lechea sessiliflora","LESE7",1.65e+11,750.8199463,3.869999886,"native"
"7485","Lomatium caruifolium","Lomatium caruifolium","LOCA5",1.69e+11,2787.54995,5.719999552,"native"
"7486","Zanthoxylum coriaceum","Zanthoxylum coriaceum","ZACO",13124710812,584.3899536,3.869999886,"native"
"7487","Helianthemum propinquum","Helianthemum propinquum","HEPR",78510368636,1284.859985,2.799999714,"native"
"7488","Monotropsis odorata","Monotropsis odorata","MOOD2",80682747592,1450.48999,2.389999866,"native"
"7489","Cyperus grayi","Cyperus grayi","CYGR2",81198483073,624.460083,3.059999943,"native"
"7490","Hypoxis rigida","Hypoxis rigida","HYRI2",26476150149,799.6600342,3.779999733,"native"
"7491","Calamovilfa arcuata","Sporobolus arcuatus","CAAR12",16826740651,739.3299561,3.079999924,"native"
"7492","Anthaenantia rufa","Anthenantia rufa","ANRU",1.25e+11,806.0799561,3.779999733,"native"
"7493","Rudbeckia californica","Rudbeckia californica","RUCA3",76552002535,2787.54995,5.719999552,"native"
"7494","Saxifraga michauxii","Micranthes petiolaris var. petiolaris","SAMI5",85111034493,1499.330017,1.610000134,"native"
"7495","Hypericum galioides","Hypericum galioides","HYGA",2.62e+11,715.249939,3.599999905,"native"
"7496","Phlox andicola","Phlox andicola","PHAN4",3.11e+11,831.6400146,3.5,"native"
"7497","Galactia heterophylla","Galactia heterophylla","GAHE",52893962993,426.539978,2.210000038,"native"
"7498","Physalis carpenteri","Calliphysalis carpenteri","PHCA16",20703346497,463.5500488,2.909999847,"native"
"7499","Phacelia purpusii","Phacelia purpusii","PHPU2",88960563000,2787.54995,5.819999933,"native"
"7500","Stillingia aquatica","Stillingia aquatica","STAQ2",85545823033,777.1600342,3.869999886,"native"
"7501","Luziola fluitans","Luziola fluitans","LUFL2",1.39e+11,758.6099243,3.739999771,"native"
"7502","Onosmodium virginianum","Lithospermum virginianum","ONVI2",2.73e+11,1306.030029,3.170000076,"native"
"7503","Rhynchospora decurrens","Rhynchospora decurrens","RHDE",63026427134,629.8900146,3.119999886,"native"
"7504","Calopogon pallidus","Calopogon pallidus","CAPA4",1.38e+11,754.3599243,3.739999771,"native"
"7505","Astragalus asymmetricus","Astragalus asymmetricus","ASAS3",1.21e+11,1610.98999,5.719999552,"native"
"7506","Argythamnia humilis","Ditaxis humilis","ARHU5",3.23e+11,1169.850037,5.019999981,"native"
"7507","Cordia boissieri","Cordia boissieri","COBO2",27629719881,223.4099731,1.769999981,"native"
"7508","Lessingia leptoclada","Lessingia leptoclada","LELE7",88868165731,2787.54995,5.719999552,"native"
"7509","Sidalcea campestris","Sidalcea campestris","SICA2",39620712216,3181.090027,2.680000305,"native"
"7510","Bulbostylis stenophylla","Bulbostylis stenophylla","BUST",1.23e+11,732.0099487,3.869999886,"native"
"7511","Epilobium howellii","Epilobium howellii","EPHO3",32409338059,2759.559952,4.370000362,"native"
"7512","Liatris gracilis","Liatris gracilis","LIGR9",1.69e+11,758.6099243,3.869999886,"native"
"7513","Ammoselinum popei","Ammoselinum popei","AMPO4",3.35e+11,1238.60997,5.019999981,"native"
"7514","Solidago curtisii","Solidago curtisii","SOCU",1.69e+11,1450.48999,3.080000162,"native"
"7515","Scutellaria montana","Scutellaria montana","SCMO6",5860253287,492.7999268,2.080000162,"native"
"7516","Callirhoe scabriuscula","Callirhoe scabriuscula","CASC4",7443094618,171.1699829,1.129999638,"native"
"7517","Smilax auriculata","Smilax auriculata","SMAU",1.96e+11,783.5799561,3.869999886,"native"
"7518","Galium latifolium","Galium latifolium","GALA4",1.47e+11,1499.330017,3.080000162,"native"
"7519","Quercus chapmanii","Quercus chapmanii","QUCH",1.27e+11,747.9400024,3.869999886,"native"
"7520","Stewartia malacodendron","Stewartia malacodendron","STMA",1.71e+11,1339.179993,3.409999847,"native"
"7521","Cyperus distinctus","Cyperus distinctus","CYDI8",1e+11,660.1700439,3.869999886,"native"
"7522","Carex acidicola","Carex acidicola","CAAC20",11329581390,280.6199951,1.25,"native"
"7523","Tephrosia hispidula","Tephrosia hispidula","TEHI2",1.47e+11,750.8199463,3.170000076,"native"
"7524","Cardamine micranthera","Cardamine micranthera","CAMI19",3469936121,440.0100098,1.180000305,"native"
"7525","Oenothera simulans","Oenothera simulans","OESI",2.02e+11,777.1600342,3.869999886,"native"
"7526","Tradescantia hirsuticaulis","Tradescantia hirsuticaulis","TRHI5",96572530842,1010.800049,3.559999943,"native"
"7527","Ditrysinia fruticosa","Ditrysinia fruticosa","DIFR6",2.61e+11,616.5599365,3.639999866,"native"
"7528","Diervilla rivularis","Diervilla rivularis","DIRI",7342750792,667.6199951,1.409999847,"native"
"7529","Elephantopus elatus","Elephantopus elatus","ELEL3",1.66e+11,758.6099243,4.00999999,"native"
"7530","Gratiola hispida","Gratiola hispida","GRHI2",1.21e+11,754.3599243,3.869999886,"native"
"7531","Dichelostemma volubile","Dichelostemma volubile","DIVO",1.23e+11,2787.54995,5.719999552,"native"
"7532","Monarda stipitatoglandulosa","Monarda fistulosa var. stipitatoglandulosa","MOST2",29716198095,532.5700684,2.470000267,"native"
"7533","Scirpus lineatus","Scirpus lineatus","SCLI5",79430559911,528.8300781,3.119999886,"native"
"7534","Eriodictyon tomentosum","Eriodictyon tomentosum","ERTO",64222656916,1422.610008,4.459999561,"native"
"7535","Brickellia cordifolia","Brickellia cordifolia","BRCO8",25376663605,411.3300781,2.720000267,"native"
"7536","Gratiola graniticola","Gratiola graniticola","GRGR7",12131624828,278,1.429999828,"native"
"7537","Cyrilla parvifolia","Cyrilla racemiflora","CYPA6",14005135675,609.9200439,2.590000153,"native"
"7538","Baccharis glomeruliflora","Baccharis glomeruliflora","BAGL",1.25e+11,736.2599487,3.869999886,"native"
"7539","Quercus sinuata","Quercus sinuata","QUSI",1.98e+11,1287.410034,3.909999847,"native"
"7540","Spiranthes floridana","Spiranthes brevilabris var. floridana","SPFL10",69250487175,652.2399902,3.170000076,"native"
"7541","Platanthera cristata","Platanthera cristata","PLCR",3.01e+11,1190.47998,3.839999676,"native"
"7542","Eupatorium godfreyanum","Eupatorium godfreyanum","EUGO4",84566455813,933.6399536,2.360000134,"native"
"7543","Ephedra coryi","Ephedra coryi","EPCO2",45010799096,398.2700043,3.599999905,"native"
"7544","Rhynchospora latifolia","Rhynchospora latifolia","RHLA7",1.93e+11,836.0299683,4.149999619,"native"
"7545","Pityopsis aspera","Pityopsis aspera","PIAS2",1.62e+11,1216.750061,3.409999847,"native"
"7546","Hypericum myrtifolium","Hypericum myrtifolium","HYMY",1.5e+11,758.6099243,3.869999886,"native"
"7547","Smilax walteri","Smilax walteri","SMWA",2.82e+11,753.8599243,3.75,"native"
"7548","Rhynchospora miliacea","Rhynchospora miliacea","RHMI5",1.53e+11,777.1600342,3.869999886,"native"
"7549","Rubus dissimilis","Rubus setosus","RUDI3",2464747828,470.3900146,2.010000229,"native"
"7550","Triplasis americana","Triplasis americana","TRAM7",1.45e+11,702.3500366,3.869999886,"native"
"7551","Thermopsis fraxinifolia","Thermopsis mollis var. fraxinifolia","THFR3",18539647742,1276.890015,1.449999809,"native"
"7552","Ludwigia virgata","Ludwigia virgata","LUVI2",1.5e+11,635.1199951,3.409999847,"native"
"7553","Prosartes maculata","Prosartes maculata","PRMA14",61453417666,1202.710022,3.109999895,"native"
"7554","Rhapidophyllum hystrix","Rhapidophyllum hystrix","RHHY",1.56e+11,652.2399902,3.170000076,"native"
"7555","Eurybia avita","Eurybia avita","EUAV",5324213729,168.8601074,0.840000153,"native"
"7556","Justicia crassifolia","Dianthera crassifolia","JUCR",7444616966,510.8100586,2.720000267,"native"
"7557","Agalinis plukenetii","Agalinis plukenetii","AGPL",11595002403,508.3499756,1.169999599,"native"
"7558","Eriastrum brandegeeae","Eriastrum tracyi","ERBR3",75126338061,2787.54995,4.459999561,"native"
"7559","Aristida beyrichiana","Aristida beyrichiana","ARBE7",1.84e+11,754.3599243,3.869999886,"native"
"7560","Eleocharis tricostata","Eleocharis tricostata","ELTR5",77928636112,877.9299927,3.059999943,"native"
"7561","Epidendrum magnoliae","Epidendrum conopseum","EPMA3",1.36e+11,652.2399902,3.170000076,"native"
"7562","Rudbeckia mohrii","Rudbeckia mohrii","RUMO6",26336285963,450.6099854,2.720000267,"native"
"7563","Rhynchospora debilis","Rhynchospora debilis","RHDE2",91811915132,740.960022,3.75,"native"
"7564","Pinguicula lutea","Pinguicula lutea","PILU2",1.77e+11,758.6099243,3.5,"native"
"7565","Rosa bridgesii","Rosa bridgesii","ROBR3",92322027545,2787.54995,5.719999552,"native"
"7566","Tradescantia gigantea","Tradescantia gigantea","TRGI",50218143862,537.6199951,3.300000191,"native"
"7567","Quercus geminata","Quercus geminata","QUGE2",1.73e+11,754.3599243,3.5,"native"
"7568","Agalinis filifolia","Agalinis filifolia","AGFI2",1.03e+11,770.6800537,3.869999886,"native"
"7569","Rubus tygartensis","Rubus pensilvanicus","RUTY",447475055,126.0699463,0.699999809,"native"
"7570","Saxifraga micranthidifolia","Micranthes micranthidifolia","SAMI6",1.07e+11,1402.080017,2.289999962,"native"
"7571","Sabatia gentianoides","Sabatia gentianoides","SAGE",1.27e+11,678.789917,3.510000229,"native"
"7572","Isoetes tennesseensis","Isoetes tennesseensis","ISTE6",2772079866,836.2299805,1.360000134,"native"
"7573","Elephantopus nudatus","Elephantopus nudatus","ELNU",2.4e+11,753.8599243,3.879999638,"native"
"7574","Acer leucoderme","Acer saccharum subsp. leucoderme","ACLE",1.53e+11,1350.869995,4.280000448,"native"
"7575","Oreonana clementis","Oreonana clementis","ORCL",75357451651,1471.01001,4.459999561,"native"
"7576","Helianthus floridanus","Helianthus floridanus","HEFL2",47003724182,285.6500244,2.869999886,"native"
"7577","Eustachys glauca","Eustachys glauca","EUGL5",95667684688,770.6800537,3.869999886,"native"
"7578","Physalis walteri","Physalis walteri","PHWA4",1.44e+11,777.1600342,3.869999886,"native"
"7579","Salvia ballotiflora","Salvia ballotiflora","SABA5",92198155006,576.7399902,2.699999809,"native"
"7580","Serenoa repens","Serenoa repens","SERE2",1.72e+11,1143.519958,4.659999847,"native"
"7581","Crataegus pulcherrima","Crataegus pulcherrima","CRPU9",12172947892,214.1099854,1.900000095,"native"
"7582","Rhexia alifanus","Rhexia alifanus","RHAL4",2.21e+11,637.2999268,3.170000076,"native"
"7583","Pinguicula caerulea","Pinguicula caerulea","PICA7",1.6e+11,635.2000122,3.119999886,"native"
"7584","Dryopteris ludoviciana","Dryopteris ludoviciana","DRLU",1.32e+11,618.9700928,3.119999886,"native"
"7585","Amsonia ciliata","Amsonia ciliata","AMCI",2.89e+11,1381.180023,3.909999847,"native"
"7586","Lomatium bradshawii","Lomatium bradshawii","LOBR",24159283799,2666.940002,1.78000021,"native"
"7587","Crataegus opaca","Crataegus opaca","CROP",43658318413,945.7300415,3.829999924,"native"
"7588","Lechea torreyi","Lechea torreyi","LETO2",1.15e+11,758.6099243,3.869999886,"native"
"7589","Tephrosia mohrii","Tephrosia mohrii","TEMO3",11647751542,553.3800049,2.590000153,"native"
"7590","Eriocaulon compressum","Eriocaulon compressum","ERCO7",2.45e+11,806.5699463,3.880000114,"native"
"7591","Veratrum parviflorum","Veratrum parviflorum","VEPA3",97511888773,1499.330017,2.669999838,"native"
"7592","Collinsonia verticillata","Collinsonia verticillata","COVE3",35678467761,1111.640015,3.080000162,"native"
"7593","Juncus paludosus","Juncus paludosus","JUPA3",73377474597,741.1900635,3.5,"native"
"7594","Packera breweri","Packera breweri","PABR11",1.09e+11,1422.610008,5.719999552,"native"
"7595","Polygala setacea","Polygala setacea","POSE7",1.17e+11,635.2000122,3.869999886,"native"
"7596","Citharexylum brachyanthum","Citharexylum brachyanthum","CIBR3",18528692620,153.5100098,1.389999866,"native"
"7597","Juncus filipendulus","Juncus filipendulus","JUFI2",81824645326,1115.710022,3.5,"native"
"7598","Dalea ceciliana","Dalea ceciliana","DACE2",27261937242,426.6199951,2.210000038,"native"
"7599","Chorizanthe biloba","Chorizanthe biloba","CHBI2",36076223959,1350.51001,4.150000095,"native"
"7600","Chorizanthe ventricosa","Chorizanthe ventricosa","CHVE3",36076223959,1350.51001,4.150000095,"native"
"7601","Deinandra halliana","Deinandra halliana","DEHA7",36076223959,1350.51001,4.150000095,"native"
"7602","Mimulus subsecundus","Diplacus fremontii","MISU",36076223959,1350.51001,4.150000095,"native"
"7603","Abronia mellifera","Abronia mellifera","ABME",2.28e+11,3301.189972,4.240000248,"native"
"7604","Chasmanthium nitidum","Chasmanthium nitidum","CHNI",70943865577,525.6600342,3.170000076,"native"
"7605","Mimulus angustatus","Mimulus angustatus","MIAN2",1.17e+11,2787.54995,5.819999933,"native"
"7606","Hackelia mundula","Hackelia mundula","HAMU",85469131706,1666.510033,5.719999552,"native"
"7607","Taxodium ascendens","Taxodium distichum var. imbricarium","TAAS",2.05e+11,783.5799561,3.869999886,"native"
"7608","Plagiobothrys glaber","Plagiobothrys glaber","PLGL",15211363217,1263.460037,5.299999475,"native"
"7609","Minuartia uniflora","Minuartia uniflora","MIUN",45537895912,599.6299438,1.429999828,"native"
"7610","Scutellaria pseudoserrata","Scutellaria pseudoserrata","SCPS",15493272903,665.3199463,1.460000038,"native"
"7611","Holocarpha heermannii","Holocarpha heermannii","HOHE",1.16e+11,1470.959984,5.719999552,"native"
"7612","Spergularia atrosperma","Spergularia atrosperma","SPAT",76161714353,2787.54995,5.819999933,"native"
"7613","Ludwigia arcuata","Ludwigia arcuata","LUAR8",84131322773,574.2399902,3.170000076,"native"
"7614","Pinckneya bracteata","Pinckneya pubens","PIBR6",69510254832,468.3800049,2.720000267,"native"
"7615","Rhynchospora divergens","Rhynchospora divergens","RHDI3",1.36e+11,1037.789978,4.659999847,"native"
"7616","Lithospermum matamorense","Lithospermum matamorense","LIMA5",70671481515,553.9799805,2.210000038,"native"
"7617","Kosteletzkya virginica","Kosteletzkya virginica","KOVI",2.1e+11,885.8899536,4.659999847,"native"
"7618","Rudbeckia auriculata","Rudbeckia auriculata","RUAU2",16102359100,450.1800537,1.929999828,"native"
"7619","Sabatia brevifolia","Sabatia brevifolia","SABR10",1.57e+11,752.1900024,3.119999886,"native"
"7620","Agalinis linifolia","Agalinis linifolia","AGLI2",1.44e+11,783.5799561,3.869999886,"native"
"7621","Carex verrucosa","Carex verrucosa","CAVE8",1.56e+11,754.3599243,3.599999905,"native"
"7622","Ludwigia linifolia","Ludwigia linifolia","LULI3",1.05e+11,754.3599243,3.170000076,"native"
"7623","Rhynchospora perplexa","Rhynchospora perplexa","RHPE2",1.18e+11,885.8899536,4.529999733,"native"
"7624","Vaccinium darrowii","Vaccinium darrowii","VADA",1.5e+11,652.2399902,3.170000076,"native"
"7625","Sabatia quadrangula","Sabatia quadrangula","SAQU",1.09e+11,668.6800537,2.929999828,"native"
"7626","Cymopterus macrorhizus","Vesper macrorhizus","CYMA",1.06e+11,835.3699646,3.93999958,"native"
"7627","Carex glaucescens","Carex glaucescens","CAGL5",3.17e+11,783.6899414,4.020000219,"native"
"7628","Quercus boyntonii","Quercus boyntonii","QUBO2",11431510409,242.3399658,1.510000229,"native"
"7629","Asclepias humistrata","Asclepias humistrata","ASHU3",2.09e+11,652.2399902,3.170000076,"native"
"7630","Polygala nana","Polygala nana","PONA2",2.44e+11,758.6099243,3.510000229,"native"
"7631","Amphicarpum muehlenbergianum","Amphicarpum muehlenbergianum","AMMU2",1.01e+11,745.710022,3.869999886,"native"
"7632","Saxifraga careyana","Saxifraga careyana","SACA19",48579861170,1391.97998,1.53000021,"native"
"7633","Scutellaria alabamensis","Scutellaria alabamensis","SCAL2",16659910501,232.5700684,1.190000057,"native"
"7634","Setaria corrugata","Setaria corrugata","SECO4",1.52e+11,754.3599243,3.880000114,"native"
"7635","Paronychia baldwinii","Paronychia baldwinii","PABA3",1.37e+11,645.8200684,3.359999657,"native"
"7636","Juncus trigonocarpus","Juncus trigonocarpus","JUTR5",1.06e+11,732.6399536,3.409999847,"native"
"7637","Dalea tenuifolia","Dalea tenuifolia","DATE5",2.75e+11,1129.839973,5.220000029,"native"
"7638","Claytonia palustris","Claytonia palustris","CLPA10",62677488196,3750.76001,4.269999981,"native"
"7639","Spiranthes brevilabris","Spiranthes brevilabris","SPBR",47608057393,750.8199463,3.880000114,"native"
"7640","Styphnolobium affine","Styphnolobium affine","STAF4",79024753431,1018.689941,3.46999979,"native"
"7641","Chamaesaracha coniodes","Chamaesaracha coniodes","CHCO",4.98e+11,924.2600555,5.309999943,"native"
"7642","Thalictrum coriaceum","Thalictrum coriaceum","THCO2",72466265590,1450.48999,2.860000134,"native"
"7643","Rhynchosia michauxii","Rhynchosia michauxii","RHMI10",58790444188,728.4699707,3.869999886,"native"
"7644","Pluchea rosea","Pluchea baccharis","PLRO",2.41e+11,783.5799561,3.880000114,"native"
"7645","Dalea pinnata","Dalea pinnata","DAPI2",1.67e+11,750.8199463,3.170000076,"native"
"7646","Spigelia loganioides","Spigelia loganioides","SPLO3",12812430359,263.5799561,2.389999866,"native"
"7647","Ludwigia microcarpa","Ludwigia microcarpa","LUMI4",1.8e+11,783.5799561,4.020000219,"native"
"7648","Selaginella hansenii","Selaginella hansenii","SEHA2",82481287323,2715.449951,5.529999971,"native"
"7649","Colubrina stricta","Colubrina stricta","COST6",6496618380,802.6999664,1.960000038,"native"
"7650","Eurybia surculosa","Eurybia surculosa","EUSU7",80752574998,1384.179993,3.149999857,"native"
"7651","Hymenocallis pygmaea","Hymenocallis pygmaea","HYPY2",15279643690,318.9799805,2.610000134,"native"
"7652","Pomaria austrotexana","Pomaria austrotexana","POAU15",15817814066,302.9599609,1.779999733,"native"
"7653","Sericocarpus tortifolius","Sericocarpus tortifolius","SETO7",2.57e+11,758.6099243,3.869999886,"native"
"7654","Viola walteri","Viola walteri","VIWA",1.6e+11,1269.320007,3.639999866,"native"
"7655","Amorpha herbacea","Amorpha herbacea","AMHE",1.37e+11,764.1800537,3.869999886,"native"
"7656","Thelesperma burridgeanum","Thelesperma burridgeanum","THBU",24250838777,422.8900146,1.980000019,"native"
"7657","Nolina atopocarpa","Nolina atopocarpa","NOAT",26284439817,624.9100342,3.119999886,"native"
"7658","Asclepias pedicellata","Asclepias pedicellata","ASPE8",1.17e+11,716.289978,3.869999886,"native"
"7659","Aconitum reclinatum","Aconitum reclinatum","ACRE",37459961202,952.710022,2.449999809,"native"
"7660","Juncus longii","Juncus longii","JULO2",61915274415,1294.640015,3.059999943,"native"
"7661","Tragia urens","Tragia urens","TRUR",2.71e+11,1101.809998,3.869999886,"native"
"7662","Setaria texana","Setaria texana","SETE6",83148723520,588.5000305,2.440000057,"native"
"7663","Nemacladus interior","Nemacladus interior","NEIN",99551604564,2787.54995,5.719999552,"native"
"7664","Hazardia stenolepis","Hazardia stenolepis","HAST4",60626065921,1422.610008,4.459999561,"native"
"7665","Houstonia ouachitana","Houstonia ouachitana","HOOU",9455161658,498.2199707,3.139999866,"native"
"7666","Liatris tenuifolia","Liatris tenuifolia","LITE6",1.88e+11,777.1600342,3.869999886,"native"
"7667","Sideroxylon tenax","Sideroxylon tenax","SITE2",93123216756,584.3899536,3.869999886,"native"
"7668","Rhododendron viscosum","Rhododendron viscosum","RHVI2",5.67e+11,1481.540039,3.929999828,"native"
"7669","Coelorachis rugosa","Rottboellia rugosa","CORU3",1.64e+11,783.6899414,3.869999886,"native"
"7670","Lobelia glandulosa","Lobelia glandulosa","LOGL",2.26e+11,770.6800537,3.869999886,"native"
"7671","Cuscuta runyonii","Cuscuta runyonii","CURU",29010035871,501.25,1.769999981,"native"
"7672","Juncus megacephalus","Juncus megacephalus","JUME",1.77e+11,1060.139954,4.659999847,"native"
"7673","Rhexia petiolata","Rhexia petiolata","RHPE",2.53e+11,750.8199463,3.75,"native"
"7674","Rhynchosia reniformis","Rhynchosia reniformis","RHRE",2.26e+11,715.249939,3.869999886,"native"
"7675","Arabis serotina","Borodinia serotina","ARSE9",14920403865,751.0499878,2.449999809,"native"
"7676","Phyllanthus abnormis","Phyllanthus abnormis","PHAB",2.37e+11,1332.10997,5.019999981,"native"
"7677","Scutellaria altamaha","Scutellaria altamaha","SCAL3",3502216055,32.72998047,1.75,"native"
"7678","Hypericum setosum","Hypericum setosum","HYSE",1.52e+11,641.8399658,3.409999847,"native"
"7679","Astragalus columbianus","Astragalus columbianus","ASCO9",21475676129,3283.149963,3.279999733,"native"
"7680","Conradina canescens","Conradina canescens","COCA19",41939333222,652.2399902,3.170000076,"native"
"7681","Ipomopsis effusa","Ipomopsis effusa","IPEF",10817292933,329.7499924,1.850000381,"native"
"7682","Ludwigia maritima","Ludwigia maritima","LUMA4",1.9e+11,758.6099243,3.869999886,"native"
"7683","Platanthera nivea","Platanthera nivea","PLNI",1.92e+11,754.3599243,3.96999979,"native"
"7684","Paronychia patula","Paronychia patula","PAPA16",70055128550,645.8200684,3.119999886,"native"
"7685","Pyrrocoma liatriformis","Pyrrocoma liatriformis","PYLI",57256461785,1904.309906,2.75,"native"
"7686","Polygala balduinii","Polygala balduinii","POBA4",1.08e+11,777.1600342,3.869999886,"native"
"7687","Asimina angustifolia","Asimina angustifolia","ASAN6",83183773042,564.2700195,2.929999828,"native"
"7688","Cynanchum scoparium","Orthosia scoparia","CYSC5",82304076756,640.4100342,3.869999886,"native"
"7689","Hexastylis arifolia","Asarum arifolium","HEAR6",3.97e+11,1391.890015,3.680000067,"native"
"7690","Stylisma patens","Stylisma patens","STPA8",2.22e+11,715.249939,3.170000076,"native"
"7691","Rhynchospora knieskernii","Rhynchospora knieskernii","RHKN",9346870010,195.5800171,2.029999733,"native"
"7692","Rubus nefrens","Rubus enslenii","RUNE2",2582034602,227.9299316,2.299999714,"native"
"7693","Hermannia texana","Hermannia texana","HETE9",71770795514,839.2599792,3.059999943,"native"
"7694","Pycnanthemum nudum",NA,"PYNU",49616569464,610.1400146,3.039999962,"native"
"7695","Marshallia trinervia","Marshallia trinervia","MATR2",66880686201,1120.060059,2.740000248,"native"
"7696","Silphium compositum","Silphium compositum","SICO5",2.89e+11,1476.75,3.629999876,"native"
"7697","Rhynchospora pineticola","Rhynchospora intermedia","RHPI5",68909198664,752.1900024,3.869999886,"native"
"7698","Viola tripartita","Viola tripartita","VITR4",1.52e+11,1379.5,3.129999876,"native"
"7699","Baptisia perfoliata","Baptisia perfoliata","BAPE3",37918815633,217.1500244,2.389999866,"native"
"7700","Allium howellii","Allium howellii","ALHO2",91468757588,1422.610008,5.719999552,"native"
"7701","Balduina angustifolia","Balduina angustifolia","BAAN3",1.36e+11,754.3599243,3.869999886,"native"
"7702","Oxypolis filiformis","Tiedemannia filiformis","OXFI",2.29e+11,783.5799561,3.96999979,"native"
"7703","Lythrum curtissii","Lythrum curtissii","LYCU2",9680205210,459.8000488,2.720000267,"native"
"7704","Lechea divaricata","Lechea divaricata","LEDI",50614718267,747.9400024,3.869999886,"native"
"7705","Flaveria linearis","Flaveria linearis","FLLI",60221518291,660.1700439,3.869999886,"native"
"7706","Selenicereus coniflorus","Selenicereus grandiflorus subsp. grandiflorus","SECO16",4596681987,405.7700195,2.599999905,"native"
"7707","Asclepias lanceolata","Asclepias lanceolata","ASLA2",2.39e+11,783.5799561,3.920000076,"native"
"7708","Rhynchospora pleiantha","Rhynchospora pleiantha","RHPL6",36154974355,629.8900146,2.980000019,"native"
"7709","Vernonia angustifolia","Vernonia angustifolia","VEAN",2.52e+11,806.5699463,3.170000076,"native"
"7710","Clarkia williamsonii","Clarkia williamsonii","CLWI",90676243694,2787.54995,5.719999552,"native"
"7711","Polygonum meisnerianum","Persicaria meisneriana","POME4",6819532739,309.75,2.720000267,"native"
"7712","Rubus pergratus","Rubus pergratus","RUPE6",33370161594,872.2200317,3.659999847,"native"
"7713","Tetragonotheca helianthoides","Tetragonotheca helianthoides","TEHE2",1.48e+11,1101.809998,3.170000076,"native"
"7714","Eupatorium leucolepis","Eupatorium leucolepis","EULE",2.14e+11,814.539917,3.75,"native"
"7715","Juncus georgianus","Juncus georgianus","JUGE2",32498825351,341.9199219,1.869999886,"native"
"7716","Lobelia paludosa","Lobelia paludosa","LOPA3",1.08e+11,635.2000122,3.869999886,"native"
"7717","Chelone cuthbertii","Chelone cuthbertii","CHCU5",20441822333,1327.590027,2.199999809,"native"
"7718","Vaccinium hirsutum","Vaccinium hirsutum","VAHI",9980902079,997.8599854,1.389999866,"native"
"7719","Anemone lancifolia","Anemonoides lancifolia","ANLA",1.24e+11,1499.330017,2.449999809,"native"
"7720","Astragalus howellii","Astragalus howellii","ASHO3",40725344202,3045.159973,3.980000019,"native"
"7721","Eubotrys racemosus","Eubotrys racemosa","EURA14",4.43e+11,1068.579956,3.409999847,"native"
"7722","Ceanothus parvifolius","Ceanothus parvifolius","CEPA4",62421548424,2715.449951,5.529999971,"native"
"7723","Hedeoma reverchonii","Hedeoma reverchonii","HERE3",2.01e+11,1060.949951,3.559999943,"native"
"7724","Lindernia monticola","Lindernia monticola","LIMO3",67795675781,1161.699951,2.869999886,"native"
"7725","Ilex montana","Ilex montana","ILMO",3.22e+11,1499.330017,3.03000021,"native"
"7726","Quercus pumila","Quercus pumila","QUPU80",1.85e+11,754.3599243,3.869999886,"native"
"7727","Thalictrum clavatum","Thalictrum clavatum","THCL",1.14e+11,1450.48999,1.980000019,"native"
"7728","Spartina bakeri","Sporobolus bakeri","SPBA",88092258322,660.1700439,3.510000229,"native"
"7729","Oenothera argillicola","Oenothera argillicola","OEAR",42149152122,952.710022,2.449999809,"native"
"7730","Cardamine flagellifera","Cardamine flagellifera","CAFL13",13257161678,1262.730103,1.590000153,"native"
"7731","Chamaesyce mendezii","Euphorbia mendezii","CHME6",33234379081,613.6099854,3.869999886,"native"
"7732","Prenanthes serpentaria","Nabalus serpentarius","PRSE",3.84e+11,1466.650024,3.460000038,"native"
"7733","Rhododendron canescens","Rhododendron canescens","RHCA7",4.6e+11,1121.190063,4.149999857,"native"
"7734","Lilium michauxii","Lilium michauxii","LIMI",2.11e+11,1396.309998,3.170000076,"native"
"7735","Heuchera caespitosa","Heuchera caespitosa","HECA36",45413484288,1348.319969,4.459999561,"native"
"7736","Eriocaulon ravenelii","Eriocaulon ravenelii","ERRA7",61054020727,660.1700439,3.869999886,"native"
"7737","Diamorpha smallii","Sedum smallii","DISM3",70707421761,930.8300171,2.310000181,"native"
"7738","Hypericum radfordiorum","Hypericum radfordiorum","HYRA4",3849800428,350.6101074,0.78000021,"native"
"7739","Ceratiola ericoides","Ceratiola ericoides","CEER3",1.21e+11,754.3599243,3.5,"native"
"7740","Allium columbianum","Allium columbianum","ALCO2",56875077543,1870.129913,2.819999695,"native"
"7741","Liatris chapmanii","Liatris chapmanii","LICH2",83968301558,747.9400024,3.869999886,"native"
"7742","Carex ouachitana","Carex ouachitana","CAOU",10577753431,537.8499756,2.510000229,"native"
"7743","Oonopsis engelmannii","Oonopsis engelmannii","OOEN",26224683547,707.9000244,2.879999638,"native"
"7744","Glandularia maritima","Verbena maritima","GLMA5",39217131686,613.6099854,3.869999886,"native"
"7745","Trillium lancifolium","Trillium lancifolium","TRLA15",56752486802,688.2799683,3.419999838,"native"
"7746","Eriogonum thymoides","Eriogonum thymoides","ERTH4",1.2e+11,3299.299973,3.579999924,"native"
"7747","Andropogon glaucopsis","Andropogon cretaceus","ANGL10",94120011293,758.6099243,3.170000076,"native"
"7748","Echites umbellatus","Echites umbellatus","ECUM2",22491302054,613.6099854,3.869999886,"native"
"7749","Navarretia paradoxinota","Navarretia paradoxinota","NAPA5",8172811365,1266.779999,3.260000229,"native"
"7750","Ageratina luciae-brauniae","Ageratina luciae-brauniae","AGLU",10669184161,624.5100098,1.289999962,"native"
"7751","Astragalus sericoleucus","Astragalus sericoleucus","ASSE5",1.96e+11,1335.239975,3.410000324,"native"
"7752","Desmodium strictum","Desmodium strictum","DEST2",1.58e+11,777.2700195,3.869999886,"native"
"7753","Menziesia pilosa","Rhododendron pilosum","MEPI2",96565987522,1499.330017,2.449999809,"native"
"7754","Waldsteinia lobata","Waldsteinia lobata","WALO",6852685048,513.9899902,0.690000057,"native"
"7755","Andropogon capillipes","Andropogon capillipes","ANCA4",1.19e+11,758.6099243,3.869999886,"native"
"7756","Uvularia floridana","Uvularia floridana","UVFL",30754750641,474.5100098,2.639999866,"native"
"7757","Amsonia hubrichtii","Amsonia hubrichtii","AMHU",18862905868,557.210083,2.470000267,"native"
"7758","Physostegia purpurea","Physostegia purpurea","PHPU10",1.55e+11,660.1700439,3.869999886,"native"
"7759","Hypericum nudiflorum","Hypericum nudiflorum","HYNU",1.55e+11,854.9000244,3.409999847,"native"
"7760","Sisyrinchium nashii","Sisyrinchium nashii","SINA",1.66e+11,1246.470093,4.00999999,"native"
"7761","Lachnocaulon minus","Paepalanthus minus","LAMI3",1.32e+11,732.0099487,3.5,"native"
"7762","Sageretia minutiflora","Sageretia minutiflora","SAMI10",1.06e+11,758.6099243,3.170000076,"native"
"7763","Smilax pseudochina","Smilax pseudochina","SMPS",73643396360,514.2900391,3.059999943,"native"
"7764","Clarkia modesta","Clarkia modesta","CLMO",88039887675,2715.449951,5.529999971,"native"
"7765","Gayophytum eriospermum","Gayophytum eriospermum","GAER2",79245566367,2787.54995,5.719999552,"native"
"7766","Hypericum nitidum","Hypericum nitidum","HYNI3",97501435090,708.8300171,3.170000076,"native"
"7767","Fuirena breviseta","Fuirena breviseta","FUBR",1.91e+11,1113.479919,4.659999847,"native"
"7768","Helianthemum carolinianum","Crocanthemum carolinianum","HECA4",2.08e+11,836.0299683,3.909999847,"native"
"7769","Carex impressinervia","Carex impressinervia","CAIM2",16190302111,538.5999756,2,"native"
"7770","Castilleja lineariiloba","Castilleja lineariloba","CALI20",1.17e+11,2787.54995,5.719999552,"native"
"7771","Rhododendron arborescens","Rhododendron arborescens","RHAR3",1.86e+11,1413.890015,3.109999895,"native"
"7772","Anthaenantia villosa","Anthenantia villosa","ANVI4",1.41e+11,890.9599609,4.079999924,"native"
"7773","Triantha racemosa","Triantha racemosa","TRRA6",1.91e+11,814.539917,3.75,"native"
"7774","Phlox carolina","Phlox carolina","PHCA19",1.84e+11,1450.48999,3.680000067,"native"
"7775","Penstemon multiflorus","Penstemon multiflorus","PEMU9",1.15e+11,744.4000244,3.869999886,"native"
"7776","Hypericum cistifolium","Hypericum cistifolium","HYCI",2.47e+11,783.5799561,3.880000114,"native"
"7777","Trillium rugelii","Trillium rugelii","TRRU2",41423742785,964.8900146,1.650000095,"native"
"7778","Solidago stricta","Solidago stricta","SOST",2.44e+11,783.5799561,3.869999886,"native"
"7779","Tropidocarpum capparideum","Tropidocarpum capparideum","TRCA9",22619767948,1483.229935,4.499999523,"native"
"7780","Stylisma humistrata","Stylisma humistrata","STHU2",2.23e+11,1096.040039,3.879999638,"native"
"7781","Ribes rotundifolium","Ribes rotundifolium","RIRO2",2.11e+11,1384.820007,3.03000021,"native"
"7782","Sabatia calycina","Sabatia calycina","SACA2",1.74e+11,744.4000244,3.739999771,"native"
"7783","Platythelys querceticola","Microchilus querceticola","PLQU",59388949094,660.1700439,3.869999886,"native"
"7784","Rudbeckia nitida","Rudbeckia nitida","RUNI3",25557908583,465.1600342,3.119999886,"native"
"7785","Eriogonum tomentosum","Eriogonum tomentosum","ERTO2",1.42e+11,708.8300171,3.119999886,"native"
"7786","Quercus austrina","Quercus austrina","QUAU",1.05e+11,608.5699463,3.119999886,"native"
"7787","Allium cuthbertii","Allium cuthbertii","ALCU",51178745603,578.4699707,3.629999876,"native"
"7788","Hibiscus grandiflorus","Hibiscus grandiflorus","HIGR4",97921378845,783.5799561,3.869999886,"native"
"7789","Gordonia lasianthus","Gordonia lasianthus","GOLA",1.98e+11,747.9400024,3.409999847,"native"
"7790","Ilex ambigua","Ilex ambigua","ILAM",3.31e+11,1213.710083,4.149999857,"native"
"7791","Thelocactus setispinus","Thelocactus setispinus","THSE5",89901395623,733.3699341,2.949999809,"native"
"7792","Cooperia drummondii","Zephyranthes chlorosolen","CODR2",2.23e+11,1450.660019,3.869999886,"native"
"7793","Eupatorium resinosum","Eupatorium resinosum","EURE8",17332223464,299.0299683,2.029999733,"native"
"7794","Polygala grandiflora","Polygala myrtifolia var. myrtifolia","POGR11",3.16e+11,783.5799561,3.869999886,"native"
"7795","Rhododendron prinophyllum","Rhododendron prinophyllum","RHPR",3.84e+11,1134.830017,3.800000191,"native"
"7796","Delphinium newtonianum","Delphinium newtonianum","DENE2",9220456173,385.4299316,2.460000038,"native"
"7797","Minuartia caroliniana","Minuartia caroliniana","MICA8",76721277103,700.749939,2.820000172,"native"
"7798","Aristida palustris","Aristida palustris","ARPA26",91213287771,754.3599243,3.170000076,"native"
"7799","Penstemon australis","Penstemon australis","PEAU",2.45e+11,1041.600037,3.680000067,"native"
"7800","Lyonia lucida","Lyonia lucida","LYLU3",3.44e+11,758.6099243,3.869999886,"native"
"7801","Rhynchospora thornei","Rhynchospora thornei","RHTH",12815805180,285.7099609,2.820000172,"native"
"7802","Rhynchospora cephalantha","Rhynchospora cephalantha","RHCE",2.47e+11,783.6899414,3.409999847,"native"
"7803","Fothergilla gardenii","Fothergilla gardenii","FOGA",88813143372,628.7000732,2.820000172,"native"
"7804","Tetraneuris scaposa","Tetraneuris scaposa","TESC2",7.27e+11,1075.519943,5.309999943,"native"
"7805","Vernonia flaccidifolia","Vernonia flaccidifolia","VEFL",20472656546,492.7999268,2.200000048,"native"
"7806","Lyonia ligustrina","Lyonia ligustrina","LYLI",8.21e+11,1485.600037,4.149999857,"native"
"7807","Xyris brevifolia","Xyris brevifolia","XYBR",1.29e+11,752.1900024,3.119999886,"native"
"7808","Spigelia gentianoides","Spigelia gentianoides","SPGE",5361761531,219.9499512,1.860000134,"native"
"7809","Rhynchospora fernaldii","Rhynchospora fernaldii","RHFE",71477433928,716.289978,3.119999886,"native"
"7810","Astragalus gracilis","Astragalus gracilis","ASGR3",7.22e+11,1543.080032,4.440000057,"native"
"7811","Ludwigia pilosa","Ludwigia pilosa","LUPI",2.31e+11,926.2299194,4.019999504,"native"
"7812","Lycopus amplectens","Lycopus amplectens","LYAM2",79228810177,743.2900391,3.090000153,"native"
"7813","Sarracenia minor","Sarracenia minor","SAMI9",1.58e+11,627.4100342,3.119999886,"native"
"7814","Carex floridana","Carex floridana","CAFL5",92689604180,693.8300781,3.359999657,"native"
"7815","Vaccinium elliottii","Vaccinium corymbosum","VAEL",3.28e+11,715.249939,3.409999847,"native"
"7816","Trillium catesbaei","Trillium catesbaei","TRCA11",1.41e+11,1391.890015,2.110000134,"native"
"7817","Quercus laevis","Quercus laevis","QULA2",3.3e+11,754.3599243,3.409999847,"native"
"7818","Veratrum hybridum","Veratrum hybridum","VEHY",1.49e+11,1450.48999,2.889999866,"native"
"7819","Aletris lutea","Aletris lutea","ALLU",1.5e+11,783.5799561,3.869999886,"native"
"7820","Gaillardia suavis","Gaillardia suavis","GASU",4.27e+11,1325.399963,3.710000038,"native"
"7821","Grindelia columbiana","Grindelia hirsutula","GRCO",49579553626,4301.710052,3.980000019,"native"
"7822","Cirsium virginianum","Cirsium virginianum","CIVI",57534697294,628.7700806,4.050000191,"native"
"7823","Ceanothus microphyllus","Ceanothus microphyllus","CEMI4",1.29e+11,645.8200684,3.119999886,"native"
"7824","Spiranthes eatonii","Spiranthes eatonii","SPEA",31315556304,609.9200439,3.869999886,"native"
"7825","Stewartia ovata","Stewartia ovata","STOV",90503078075,1261.839966,2.580000162,"native"
"7826","Githopsis tenella","Githopsis tenella","GITE9",42057156106,1348.319969,4.459999561,"native"
"7827","Zephyranthes treatiae","Zephyranthes treatiae","ZETR",81729771016,528.8300781,3.119999886,"native"
"7828","Zephyranthes atamasca","Zephyranthes atamasco","ZEAT",2.45e+11,1170.25,3.409999847,"native"
"7829","Crotalaria purshii","Crotalaria purshii","CRPU5",2.2e+11,930.8300171,3.409999847,"native"
"7830","Sideroxylon alachuense","Sideroxylon alachuense","SIAL13",10397920952,162.2401123,2.329999924,"native"
"7831","Desmodium lineatum","Desmodium lineatum","DELI2",1.72e+11,1048.97998,3.869999886,"native"
"7832","Dicerandra odoratissima","Dicerandra odaratissima","DIOD",18678911817,162.8800049,2.389999866,"native"
"7833","Amorpha ouachitensis","Amorpha ouachitensis","AMOU",14689682364,532.5700684,2.400000095,"native"
"7834","Cyperus lecontei","Cyperus lecontei","CYLE2",99109597432,758.6099243,3.869999886,"native"
"7835","Eriogonum eastwoodianum","Eriogonum eastwoodianum","EREA2",32479632964,1350.51001,4.150000095,"native"
"7836","Solidago ouachitensis","Solidago ouachitensis","SOOU",4630428434,483.460083,2.400000095,"native"
"7837","Narthecium americanum","Narthecium americanum","NAAM",12083513620,910.9199829,2.429999828,"native"
"7838","Dyschoriste humistrata","Dyschoriste humistrata","DYHU",64671398622,627.4100342,3.119999886,"native"
"7839","Elytraria caroliniensis","Elytraria caroliniensis","ELCA6",92196381687,660.1700439,3.869999886,"native"
"7840","Penstemon smallii","Penstemon smallii","PESM",27737604487,1391.890015,1.449999809,"native"
"7841","Kalmia cuneata","Kalmia cuneata","KACU",12535534826,353.210083,2.559999943,"native"
"7842","Eschscholzia rhombipetala","Eschscholzia rhombipetala","ESRH",19170438673,1492.389954,5.269999743,"native"
"7843","Senecio riddellii","Senecio riddellii","SERI2",7.2e+11,1364.189972,7.269999862,"native"
"7844","Sagittaria isoetiformis","Sagittaria isoetiformis","SAIS",93440012930,736.2599487,3.119999886,"native"
"7845","Eupatorium mohrii","Eupatorium mohrii","EUMO4",2.81e+11,1004.309998,3.96999979,"native"
"7846","Carphephorus corymbosus","Carphephorus corymbosus","CACO37",1.1e+11,642.1500244,3.5,"native"
"7847","Agalinis obtusifolia","Agalinis obtusifolia","AGOB",1.92e+11,1276.890015,3.409999847,"native"
"7848","Dalea carnea","Dalea carnea","DACA8",78914812321,584.3899536,3.869999886,"native"
"7849","Borrichia frutescens","Borrichia frutescens","BOFR",1.82e+11,1430.819946,4.659999847,"native"
"7850","Glandularia pumila","Verbena pumila","GLPU4",2.86e+11,1161.709961,3.769999981,"native"
"7851","Phemeranthus mengesii","Phemeranthus mengesii","PHME14",34805146697,694.2800293,1.420000076,"native"
"7852","Zigadenus densus","Stenanthium densum","ZIDE",1.9e+11,752.1900024,3.170000076,"native"
"7853","Heterodraba unilateralis","Athysanus unilateralis","HEUN3",81250431782,1616.23999,5.719999552,"native"
"7854","Dysodiopsis tagetoides","Dysodiopsis tagetoides","DYTA2",67110125210,535.3599854,2.860000134,"native"
"7855","Spermacoce terminalis","Spermacoce neoterminalis","SPTE8",25244186566,613.6099854,3.869999886,"native"
"7856","Rhynchospora filifolia","Rhynchospora filifolia","RHFI",1.64e+11,811.3799438,3.779999733,"native"
"7857","Crataegus nuda","Crataegus nuda","CRNU4",1637791188,60.88000488,0.990000248,"native"
"7858","Erythronium umbilicatum","Erythronium umbilicatum","ERUM2",1.33e+11,1328.060059,2.7900002,"native"
"7859","Prunus umbellata","Prunus umbellata","PRUM",3.88e+11,840.7999268,3.869999886,"native"
"7860","Hypericum fasciculatum","Hypericum fasciculatum","HYFA",2.44e+11,758.6099243,3.869999886,"native"
"7861","Nemacladus twisselmannii","Nemacladus twisselmannii","NETW",42106151069,1348.319969,4.459999561,"native"
"7862","Pterocaulon pycnostachyum","Pterocaulon pycnostachyum","PTPY2",2.24e+11,777.1600342,3.869999886,"native"
"7863","Xyris baldwiniana","Xyris baldwiniana","XYBA",1.64e+11,806.0799561,3.779999733,"native"
"7864","Sidalcea nelsoniana","Sidalcea nelsoniana","SINE2",34372968674,3234.009949,2.680000305,"native"
"7865","Rhynchospora ciliaris","Rhynchospora ciliaris","RHCI",1.57e+11,741.460022,3.869999886,"native"
"7866","Dichanthelium scabriusculum","Dichanthelium scabriusculum","DISC2",2.95e+11,1391.890015,4.019999504,"native"
"7867","Astragalus speirocarpus","Astragalus speirocarpus","ASSP7",43749760205,3516.860031,3.279999733,"native"
"7868","Calamovilfa brevipilis","Sporobolus brevipilis","CABR2",26484228606,453.7000122,2.670000076,"native"
"7869","Sedella pentandra","Sedum pentandrum","SEPE3",32419998428,1482.909988,5.299999475,"native"
"7870","Sidalcea hirsuta","Sidalcea hirsuta","SIHI2",91839910589,2695.029953,5.529999971,"native"
"7871","Eurybia saxicastellii","Eurybia saxicastellii","EUSA15",5313366215,573.5800781,1.159999847,"native"
"7872","Lilium catesbaei","Lilium catesbaei","LICA4",2.06e+11,754.3599243,3.409999847,"native"
"7873","Chorizanthe stellulata","Chorizanthe stellulata","CHST5",90933262387,2715.449951,5.529999971,"native"
"7874","Gamochaeta chionesthes","Gamochaeta chionesthes","GACH3",64698578944,596.0300293,2.590000153,"native"
"7875","Carex ruthii","Carex ruthii","CARU6",45267110365,1427.700012,2.25,"native"
"7876","Eupatorium mikanioides","Eupatorium mikanioides","EUMI7",65755745921,630.9500122,3.869999886,"native"
"7877","Lysimachia asperulifolia","Lysimachia asperulifolia","LYAS2",19675366340,365.7200928,2.590000153,"native"
"7878","Sideroxylon thornei","Sideroxylon thornei","SITH2",15127526071,570.9899902,2.720000267,"native"
"7879","Rhododendron alabamense","Rhododendron alabamense","RHAL5",67231580821,520.9299316,3.230000257,"native"
"7880","Helenium pinnatifidum","Helenium pinnatifidum","HEPI",1.71e+11,777.1600342,3.869999886,"native"
"7881","Asimina parviflora","Asimina parviflora","ASPA18",4.2e+11,1266.23999,3.970000267,"native"
"7882","Rhododendron periclymenoides","Rhododendron periclymenoides","RHPE4",6.23e+11,1500.030029,3.110000134,"native"
"7883","Indigofera caroliniana","Indigofera caroliniana","INCA",2.07e+11,754.3599243,3.869999886,"native"
"7884","Eriogonum covilleanum","Eriogonum covilleanum","ERCO17",81226485477,1422.610008,5.719999552,"native"
"7885","Dyschoriste linearis","Dyschoriste linearis","DYLI",2.63e+11,1093.219971,3.009999752,"native"
"7886","Symphyotrichum concolor","Symphyotrichum concolor","SYCO3",3.85e+11,1330.450012,4.00999999,"native"
"7887","Aristolochia pentandra","Aristolochia pentandra","ARPE8",11532384864,1053.089966,4.279999733,"native"
"7888","Lachnocaulon anceps","Paepalanthus anceps","LAAN",3.56e+11,1460.300049,4.199999809,"native"
"7889","Jacquemontia reclinata","Jacquemontia reclinata","JARE",14533107838,584.3899536,3.869999886,"native"
"7890","Uvularia puberula","Uvularia puberula","UVPU2",2e+11,1476.75,3.110000134,"native"
"7891","Bulbostylis warei","Bulbostylis warei","BUWA",1.1e+11,747.9400024,3.170000076,"native"
"7892","Zizia trifoliata","Zizia trifoliata","ZITR",1.74e+11,1402.080017,3.110000134,"native"
"7893","Downingia pusilla","Downingia pusilla","DOPU3",36208327593,2674.869949,5.299999475,"native"
"7894","Polygala cymosa","Polygala cymosa","POCY",1.85e+11,754.3599243,3.409999847,"native"
"7895","Vaccinium myrsinites","Vaccinium myrsinites","VAMY3",1.81e+11,752.1900024,3.869999886,"native"
"7896","Pteroglossaspis ecristata","Eulophia ecristata","PTEC2",1.03e+11,737.9200439,3.869999886,"native"
"7897","Aureolaria laevigata","Aureolaria laevigata","AULA",2.81e+11,1499.330017,2.920000076,"native"
"7898","Eupatorium pilosum","Eupatorium pilosum","EUPI2",3.41e+11,1450.48999,3.460000038,"native"
"7899","Triphora rickettii","Triphora yucatanensis","TRRI4",6240188609,142.8299561,2.25,"native"
"7900","Iva microcephala","Iva microcephala","IVMI",1.11e+11,630.9500122,3.869999886,"native"
"7901","Rhynchospora oligantha","Rhynchospora oligantha","RHOL",72524949231,806.0799561,3.779999733,"native"
"7902","Tephrosia spicata","Tephrosia spicata","TESP",4.44e+11,1271.76001,4.00999999,"native"
"7903","Rhynchosia difformis","Rhynchosia difformis","RHDI2",1.34e+11,711.2200317,3.839999676,"native"
"7904","Gaylussacia brachycera","Gaylussacia brachycera","GABR5",28168961364,979.1199951,2.46999979,"native"
"7905","Oenothera latifolia","Oenothera pallida subsp. latifolia","OELA2",3.55e+11,1360.110016,4.9599998,"native"
"7906","Rubus bellobatus","Rubus pensilvanicus","RUBE",10880062698,884.2700195,2.449999809,"native"
"7907","Phacelia quickii","Phacelia quickii","PHQU",53483001960,1594.410034,5.529999971,"native"
"7908","Vaccinium fuscatum","Vaccinium fuscatum","VAFU",3.26e+11,1409.880005,3.879999638,"native"
"7909","Danthonia sericea","Danthonia sericea","DASE2",3.78e+11,1409.880005,3.589999676,"native"
"7910","Tephrosia lindheimeri","Tephrosia lindheimeri","TELI",91459554950,490.9599609,2.809999943,"native"
"7911","Centaurea transalpina","Centaurea nigrescens subsp. transalpina","CETR6",45513489331,822.5400391,3.570000172,"native"
"7912","Clintonia umbellulata","Clintonia umbellulata","CLUM2",2.01e+11,1516.880005,3.039999962,"native"
"7913","Physalis arenicola","Physalis arenicola","PHAR14",1.21e+11,758.6099243,3.869999886,"native"
"7914","Thelesperma filifolium","Thelesperma filifolium","THFI",8.13e+11,1559.100021,5.349999905,"native"
"7915","Polygala lutea","Polygala lutea","POLU",3.79e+11,837.789917,3.739999771,"native"
"7916","Clematis glaucophylla","Clematis glaucophylla","CLGL",55024290024,1022.150024,3.339999914,"native"
"7917","Vaccinium virgatum","Vaccinium pallidum","VAVI2",2.59e+11,752.1900024,3.639999866,"native"
"7918","Sabatia campanulata","Sabatia campanulata","SACA26",2.25e+11,1399.859985,3.409999847,"native"
"7919","Carex venusta","Carex venusta","CAVE7",1.25e+11,1369.01001,3.409999847,"native"
"7920","Styrax grandifolius","Styrax grandifolius","STGR4",3.81e+11,1185.559998,3.879999638,"native"
"7921","Paronychia jamesii","Paronychia jamesii","PAJA",7.58e+11,1517.449951,7.269999862,"native"
"7922","Bejaria racemosa","Bejaria racemosa","BERA3",99965273251,584.3899536,3.869999886,"native"
"7923","Fimbristylis castanea","Fimbristylis spadicea","FICA4",2.23e+11,1359.100037,4.659999847,"native"
"7924","Polygala nuttallii","Polygala nuttallii","PONU2",1.07e+11,793.9200439,3.409999847,"native"
"7925","Eragrostis polytricha","Eragrostis polytricha","ERPO15",6669678278,260.6099854,2.150000095,"native"
"7926","Amelanchier obovalis","Amelanchier obovalis","AMOB2",1.13e+11,485.999939,3.059999943,"native"
"7927","Trichomanes intricatum","Trichomanes intricatum","TRIN13",96486033138,920.9200439,2.949999809,"native"
"7928","Kosteletzkya depressa","Kosteletzkya depressa","KODE2",4853834772,854.3400269,2.650000095,"native"
"7929","Vernonia blodgettii","Vernonia blodgettii","VEBL3",30335862420,613.6099854,3.869999886,"native"
"7930","Ipomoea shumardiana","Ipomoea shumardiana","IPSH",27479227623,403.3399658,2.509999752,"native"
"7931","Ibervillea lindheimeri","Ibervillea lindheimeri","IBLI",2.41e+11,1229.47998,3.559999943,"native"
"7932","Viburnum obovatum","Viburnum obovatum","VIOB",1.63e+11,741.2600098,3.5,"native"
"7933","Clematis ochroleuca","Clematis ochroleuca","CLOC",94662297677,1289.179993,2.369999886,"native"
"7934","Allium sharsmithiae","Allium sharsmithiae","ALSH2",9128157314,1088.989975,5.24000001,"native"
"7935","Coreopsis hamiltonii","Coreopsis hamiltonii","COHA2",9128157314,1088.989975,5.24000001,"native"
"7936","Callisia graminea","Callisia graminea","CAGR25",1.14e+11,591.8400269,2.820000172,"native"
"7937","Potamogeton tennesseensis","Potamogeton tennesseensis","POTE4",28891346530,1197.640015,2.670000076,"native"
"7938","Polygala ramosa","Polygala ramosa","PORA2",2.74e+11,758.6099243,3.880000114,"native"
"7939","Trichomanes petersii","Trichomanes petersii","TRPE2",58743962355,1083.369995,3.410000086,"native"
"7940","Scutellaria multiglandulosa","Scutellaria multiglandulosa","SCMU4",46765513728,414.4599609,2.929999828,"native"
"7941","Gaylussacia nana","Gaylussacia nana","GANA",46748746047,560.0600586,3.090000153,"native"
"7942","Phoradendron tomentosum","Phoradendron leucarpum","PHTO2",2.67e+11,1397.809998,3.799999714,"native"
"7943","Calochortus minimus","Calochortus minimus","CAMI",53675101015,1798.150024,5.529999971,"native"
"7944","Monolopia lanceolata","Monolopia lanceolata","MOLA3",1.31e+11,1446.840012,5.719999552,"native"
"7945","Pediomelum hypogaeum","Pediomelum hypogaeum","PEHY4",3.93e+11,1318.260056,4.9599998,"native"
"7946","Sabatia capitata","Sabatia capitata","SACA27",13465054820,492.7999268,2.120000124,"native"
"7947","Helianthus praecox","Helianthus praecox","HEPR2",47259485623,999.4099731,2.210000038,"native"
"7948","Smilax laurifolia","Smilax laurifolia","SMLA",4.72e+11,1192.640015,4.149999619,"native"
"7949","Rhexia nashii","Rhexia nashii","RHNA",2.35e+11,752.1900024,3.409999847,"native"
"7950","Eurybia chlorolepis","Eurybia chlorolepis","EUCH12",5512183680,1059.619995,1.320000172,"native"
"7951","Chamaesyce cumulicola","Euphorbia cumulicola","CHCU4",34245596817,721.0900269,3.090000153,"native"
"7952","Calycadenia spicata","Calycadenia spicata","CASP2",73648825414,2235.410057,5.719999552,"native"
"7953","Rhynchospora inundata","Rhynchospora inundata","RHIN7",1.51e+11,783.5799561,3.869999886,"native"
"7954","Hymenocallis duvalensis","Hymenocallis duvalensis","HYDU",22512603210,363.1700439,2.639999866,"native"
"7955","Layia heterotricha","Layia heterotricha","LAHE",72595509056,1422.610008,4.459999561,"native"
"7956","Isoetes hyemalis","Isoetes hyemalis","ISHY",1240232909,149.1900635,0.920000076,"native"
"7957","Senna ligustrina","Senna ligustrina","SELI9",42337606926,613.6099854,3.869999886,"native"
"7958","Oenothera falfurriae","Oenothera falfurriae","OEFA",41766259797,533.2999878,2.210000038,"native"
"7959","Manfreda maculosa","Agave maculata","MAMA7",69786884793,490.9599609,2.809999943,"native"
"7960","Mitreola sessilifolia","Mitreola sessilifolia","MISE3",2.59e+11,806.0799561,4.149999619,"native"
"7961","Cryptantha sparsiflora","Cryptantha flaccida","CRSP3",63301179964,1470.959984,5.719999552,"native"
"7962","Lobelia flaccidifolia","Lobelia flaccidifolia","LOFL2",49267974195,599.0400391,3.510000229,"native"
"7963","Eryngium castrense","Eryngium castrense","ERCA33",1.26e+11,2787.54995,5.819999933,"native"
"7964","Sphaeralcea pedatifida","Sphaeralcea pedatifida","SPPE2",61407406333,547.4100342,2.210000038,"native"
"7965","Eryngium aromaticum","Eryngium aromaticum","ERAR13",98520427473,611.1900024,3.869999886,"native"
"7966","Triteleia dudleyi","Triteleia dudleyi","TRDU4",76683543105,1613.599998,5.719999552,"native"
"7967","Abutilon hypoleucum","Abutilon hypoleucum","ABHY",5830332426,184.2000122,1.090000153,"native"
"7968","Astragalus arrectus","Astragalus arrectus","ASAR7",83148458937,3299.299973,3.319999695,"native"
"7969","Lobelia nuttallii","Lobelia nuttallii","LONU",2.49e+11,1339.179993,3.680000067,"native"
"7970","Chorizanthe uniaristata","Chorizanthe uniaristata","CHUN",90291721595,1422.610008,4.999999523,"native"
"7971","Microseris sylvatica","Microseris sylvatica","MISY",1.27e+11,2787.54995,5.719999552,"native"
"7972","Fuirena squarrosa","Fuirena squarrosa","FUSQ",3.81e+11,1957.950073,4.179999352,"native"
"7973","Gaylussacia frondosa","Gaylussacia frondosa","GAFR2",3.08e+11,922.9099121,3.409999847,"native"
"7974","Viola brittoniana","Viola brittoniana","VIBR",65959325005,453.7000122,3.059999943,"native"
"7975","Galactia microphylla","Galactia microphylla","GAMI3",69250540192,637.2999268,3.090000153,"native"
"7976","Ludwigia curtissii","Ludwigia curtissii","LUCU4",62613027914,660.1700439,3.869999886,"native"
"7977","Polygonum hirsutum","Persicaria viscosa","POHI3",68056265778,510.8100586,3.119999886,"native"
"7978","Ageratina jucunda","Ageratina jucunda","AGJU2",1.02e+11,584.3899536,3.869999886,"native"
"7979","Lachnocaulon beyrichianum","Paepalanthus beyrichianus","LABE",69649984126,712.039978,3.119999886,"native"
"7980","Cardamine rotundifolia","Cardamine rotundifolia","CARO3",1.88e+11,1193.870056,2.960000038,"native"
"7981","Atriplex texana","Atriplex texana","ATTE2",50203034232,969.5799866,3.199999809,"native"
"7982","Mimosa rupertiana","Mimosa quadrivalvis var. occidentalis","MIRU5",1.49e+11,529.9799957,4.700000286,"native"
"7983","Nuttallanthus floridanus","Nuttallanthus floridanus","NUFL",72207693919,754.3599243,3.5,"native"
"7984","Rhynchospora chalarocephala","Rhynchospora chalarocephala","RHCH2",1.9e+11,865.1699219,3.649999619,"native"
"7985","Iris verna","Iris verna","IRVE",3.13e+11,1476.75,3.839999914,"native"
"7986","Coreopsis floridana","Coreopsis floridana","COFL6",71793101487,712.039978,3.869999886,"native"
"7987","Galactia elliottii","Galactia elliottii","GAEL2",1.04e+11,642.1500244,3.119999886,"native"
"7988","Streptanthus squamiformis","Streptanthus squamiformis","STSQ",5209443981,432.3599854,1.570000172,"native"
"7989","Silphium brachiatum","Silphium brachiatum","SIBR2",4785749461,368.7698975,1.039999962,"native"
"7990","Scutellaria arguta","Scutellaria arguta","SCAR4",6498557646,580.7700195,2.240000248,"native"
"7991","Clinopodium georgianum","Clinopodium carolinianum","CLGE",64752015190,624.5,2.639999866,"native"
"7992","Lomatium serpentinum","Lomatium serpentinum","LOSE2",63495967435,1930.489914,3.470000267,"native"
"7993","Lupinus sabinianus","Lupinus sabinianus","LUSA3",35526358101,1597.63002,3.980000019,"native"
"7994","Hexastylis heterophylla","Asarum heterophyllum","HEHE12",81645362017,1335.48999,2.260000229,"native"
"7995","Monanthochloe littoralis","Distichlis littoralis","MOLI",1.04e+11,1484.969971,4.979999542,"native"
"7996","Marshallia graminifolia","Marshallia graminifolia","MAGR6",2.06e+11,758.7599487,3.779999733,"native"
"7997","Spiranthes praecox","Spiranthes praecox","SPPR2",3.35e+11,824.5599365,4.289999723,"native"
"7998","Layia pentachaeta","Layia pentachaeta","LAPE",1e+11,1870.250023,5.719999552,"native"
"7999","Cryptantha nemaclada","Cryptantha nemaclada","CRNE",86144932527,1566.559959,5.719999552,"native"
"8000","Cleistes divaricata","Cleistesiopsis divaricata","CLDI",92661518871,1380.540039,3.059999943,"native"
"8001","Eriastrum hooveri","Eriastrum hooveri","ERHO2",69834595554,1422.610008,4.559999466,"native"
"8002","Aeschynomene viscidula","Aeschynomene indica","AEVI",1.05e+11,1182.439941,4.659999847,"native"
"8003","Lespedeza angustifolia","Lespedeza angustifolia","LEAN",1.75e+11,941.6799927,3.359999657,"native"
"8004","Harrisia fragrans","Harrisia fragrans","HAFR3",8264372735,289.6700439,2.389999866,"native"
"8005","Cyperus granitophilus","Cyperus granitophilus","CYGR10",30473517580,854.3100586,2.580000162,"native"
"8006","Madia subspicata","Madia subspicata","MASU",44189436094,2715.449951,5.410000086,"native"
"8007","Solidago fistulosa","Solidago fistulosa","SOFI",2.46e+11,783.6899414,3.869999886,"native"
"8008","Bulbostylis ciliatifolia","Bulbostylis ciliatifolia","BUCI",3.32e+11,1344.700012,4.659999847,"native"
"8009","Eriogonum angulosum","Eriogonum angulosum","ERAN3",1.32e+11,1475.359985,5.719999552,"native"
"8010","Carex thornei","Carex thornei","CATH5",12594532724,421.9899902,1.860000134,"native"
"8011","Echinocereus poselgeri","Echinocereus poselgeri","ECPO4",25481583313,223.4099731,1.769999981,"native"
"8012","Astragalus tener","Astragalus tener","ASTE6",76192414814,2250.810059,5.719999552,"native"
"8013","Phacelia eisenii","Phacelia eisenii","PHEI",57865917680,1666.510033,5.719999552,"native"
"8014","Sisyrinchium biforme","Sisyrinchium biforme","SIBI",63018666462,1177.629944,3.710000038,"native"
"8015","Spiranthes odorata","Spiranthes odorata","SPOD",1.67e+11,945.7300415,4.279999733,"native"
"8016","Ageratina aromatica","Ageratina aromatica","AGAR4",4.6e+11,1450.48999,3.680000067,"native"
"8017","Lomatium salmoniflorum","Lomatium salmoniflorum","LOSA2",47286211527,1897.889908,2.970000267,"native"
"8018","Carex crebriflora","Carex crebriflora","CACR5",1.58e+11,1312.630005,4.289999723,"native"
"8019","Persea borbonia","Persea borbonia","PEBO",3.53e+11,1113.479919,4.659999847,"native"
"8020","Chrysopsis mariana","Chrysopsis mariana","CHMA14",6.85e+11,1476.75,4.020000219,"native"
"8021","Andropogon floridanus","Andropogon floridanus","ANFL",79201506588,611.1900024,3.869999886,"native"
"8022","Carex barrattii","Carex barrattii","CABA9",42292233003,1111.800049,2.420000076,"native"
"8023","Sibara viereckii","Phravenia viereckii","SIVI5",37001714388,331.4599609,2.210000038,"native"
"8024","Trichloris pluriflora","Leptochloa pluriflora","TRPL3",73703116786,662.519989,2.210000038,"native"
"8025","Matelea parviflora","Matelea parviflora","MAPA8",43103901715,341.8600159,2.210000038,"native"
"8026","Asplenium montanum","Asplenium montanum","ASMO2",3.34e+11,1499.330017,3.839999914,"native"
"8027","Heliotropium texanum","Heliotropium texanum","HETE4",44481167413,476.4899902,2.699999809,"native"
"8028","Halesia tetraptera","Halesia carolina","HATE3",1.28e+11,1511.679993,2.800000191,"native"
"8029","Hypericum lloydii","Hypericum lloydii","HYLL",56054976609,367.2600098,1.740000248,"native"
"8030","Chaptalia tomentosa","Chaptalia tomentosa","CHTO",2.33e+11,754.3599243,3.739999771,"native"
"8031","Echinocereus papillosus","Echinocereus papillosus","ECPA4",34742489010,425.4200134,2.210000038,"native"
"8032","Liatris pilosa","Liatris pilosa","LIPI7",3.23e+11,1335.48999,3.409999847,"native"
"8033","Vicia acutifolia","Vicia acutifolia","VIAC3",1.11e+11,770.6800537,3.869999886,"native"
"8034","Lyonia fruticosa","Lyonia fruticosa","LYFR3",1.4e+11,630.9500122,3.869999886,"native"
"8035","Polanisia tenuifolia","Cleome aldenella","POTE8",78233253390,754.3599243,3.869999886,"native"
"8036","Parietaria praetermissa","Parietaria praetermissa","PAPR6",60462546330,630.9500122,3.869999886,"native"
"8037","Sclerolepis uniflora","Sclerolepis uniflora","SCUN3",1.04e+11,777.2700195,2.929999828,"native"
"8038","Agrostis howellii","Agrostis howellii","AGHO2",8392399171,2923.090027,1.390000343,"native"
"8039","Clematis addisonii","Clematis addisonii","CLAD",4597764566,646.5799561,1.5,"native"
"8040","Stylisma abdita","Stylisma abdita","STAB",31004315125,435.6300049,2.809999943,"native"
"8041","Rhynchosia cinerea","Rhynchosia cinerea","RHCI3",64711038631,613.6099854,3.869999886,"native"
"8042","Hypericum tenuifolium","Hypericum tenuifolium","HYTE11",1.53e+11,752.1900024,3.170000076,"native"
"8043","Oclemena reticulata","Oclemena reticulata","OCRE2",1.17e+11,716.289978,3.119999886,"native"
"8044","Rhynchospora pallida","Rhynchospora pallida","RHPA",50727070943,495.2200317,3.059999943,"native"
"8045","Eleocharis obtusetrigona","Eleocharis obtusetrigona","ELOB5",6085182450,181.4899902,1.779999733,"native"
"8046","Amorpha georgiana","Amorpha georgiana","AMGE",13007404342,348.6800537,2.570000172,"native"
"8047","Mimulus dudleyi","Erythranthe geniculata","MIDU",23781779859,1521.080002,5.529999971,"native"
"8048","Erigeron vernus","Erigeron vernus","ERVE",2.61e+11,758.6099243,3.869999886,"native"
"8049","Ranunculus allegheniensis","Ranunculus allegheniensis","RAAL2",2.19e+11,1340.460083,3.03000021,"native"
"8050","Cordylanthus mollis","Chloropyron molle","COMO",45483314002,1870.250023,5.719999552,"native"
"8051","Mimulus platycalyx","Erythranthe guttata","MIPL2",16247555164,1378.439987,5.529999971,"native"
"8052","Marah horridus","Marah horrida","MAHO",74538783990,1613.599998,5.719999552,"native"
"8053","Zornia bracteata","Zornia bracteata","ZOBR",2.76e+11,1242.639954,4.659999847,"native"
"8054","Juncus polycephalos","Juncus polycephalos","JUPO5",2.56e+11,1135.849915,4.090000153,"native"
"8055","Hypoxis juncea","Hypoxis juncea","HYJU",1.39e+11,752.1900024,3.119999886,"native"
"8056","Antennaria virginica","Antennaria virginica","ANVI13",64136933968,952.710022,2.550000191,"native"
"8057","Carex lonchocarpa","Carex lonchocarpa","CALO9",1.49e+11,777.2700195,3.75,"native"
"8058","Trillium decipiens","Trillium decipiens","TRDE2",29814276342,539.5300293,2.28000021,"native"
"8059","Clematis reticulata","Clematis reticulata","CLRE",1.8e+11,843.1100464,3.81000042,"native"
"8060","Nemacladus gracilis","Nemacladus gracilis","NEGR",76057998206,1429.350006,5.719999552,"native"
"8061","Orobanche riparia","Orobanche riparia","ORRI",1.64e+11,1643.760056,4.919999838,"native"
"8062","Hexastylis shuttleworthii","Asarum shuttleworthii","HESH2",78088422605,1391.890015,3.439999819,"native"
"8063","Carex paeninsulae","Carex paeninsulae","CAPA27",17471690033,314.0300293,2.329999924,"native"
"8064","Doellingeria infirma","Doellingeria infirma","DOIN2",3.93e+11,1484.280029,3.180000067,"native"
"8065","Eupatorium album","Eupatorium album","EUAL2",4.88e+11,1450.48999,4.020000219,"native"
"8066","Berlandiera subacaulis","Berlandiera subacaulis","BESU",68040113644,482.2700195,3.869999886,"native"
"8067","Arnoglossum ovatum","Arnoglossum ovatum","AROV",2.24e+11,806.4599609,4.029999733,"native"
"8068","Muhlenbergia filipes","Muhlenbergia sericea","MUFI3",65694214579,660.1700439,3.869999886,"native"
"8069","Collinsonia tuberosa","Collinsonia canadensis","COTU2",28733536967,840.9799805,2.369999886,"native"
"8070","Xyris ambigua","Xyris ambigua","XYAM",3.38e+11,814.539917,4.019999504,"native"
"8071","Sphenopholis pensylvanica","Sphenopholis pensylvanica","SPPE3",3.03e+11,1504.790039,3.110000134,"native"
"8072","Cirsium nuttallii","Cirsium nuttallii","CINU",1.18e+11,721.0900269,3.739999771,"native"
"8073","Parthenium auriculatum","Parthenium integrifolium","PAAU7",9708840324,295.8099976,1.629999638,"native"
"8074","Ludwigia lanceolata","Ludwigia lanceolata","LULA6",55824112887,708.5,3.359999657,"native"
"8075","Eriochloa sericea","Eriochloa sericea","ERSE5",1.55e+11,868.8000183,3.269999981,"native"
"8076","Eryngium integrifolium","Eryngium integrifolium","ERIN6",2.73e+11,1269.460083,3.779999733,"native"
"8077","Dalea albida","Dalea carnea var. albida","DAAL2",51251633261,529.5100098,3.170000076,"native"
"8078","Fuirena simplex","Fuirena simplex","FUSI",3.95e+11,1398.209938,4.699999809,"native"
"8079","Coreopsis stillmanii","Coreopsis stillmanii","COST3",51415706761,2142.89006,5.529999971,"native"
"8080","Lasthenia fremontii","Lasthenia fremontii","LAFR4",1.57e+11,2787.54995,5.719999552,"native"
"8081","Ludwigia suffruticosa","Ludwigia suffruticosa","LUSU11",1.51e+11,635.2000122,3.119999886,"native"
"8082","Phemeranthus spinescens","Phemeranthus spinescens","PHSP10",63534260601,3299.299973,3.279999733,"native"
"8083","Crataegus uniflora","Crataegus uniflora","CRUN",4.23e+11,1499.330017,3.929999828,"native"
"8084","Trichostema setaceum","Trichostema setaceum","TRSE5",1.99e+11,1239.320007,3.460000038,"native"
"8085","Gratiola ramosa","Gratiola ramosa","GRRA",1.65e+11,783.5799561,3.869999886,"native"
"8086","Digitaria gracillima","Digitaria gracillima","DIGR",19696155954,371.2999268,3.869999886,"native"
"8087","Eleocharis baldwinii","Eleocharis baldwinii","ELBA2",2.16e+11,847.3300171,4.149999619,"native"
"8088","Hartwrightia floridana","Hartwrightia floridana","HAFL4",31789584061,1115.130127,2.869999886,"native"
"8089","Rhexia nuttallii","Rhexia nuttallii","RHNU2",96837043890,712.039978,3.119999886,"native"
"8090","Andropogon brachystachyus","Andropogon brachystachyus","ANBR2",86542122444,582.1299438,3.5,"native"
"8091","Sedum glaucophyllum","Sedum glaucophyllum","SEGL3",61499489178,1384.330017,2.449999809,"native"
"8092","Quercus acerifolia","Quercus acerifolia","QUAC2",7452835395,537.8499756,2.510000229,"native"
"8093","Trillium decumbens","Trillium decumbens","TRDE3",36280940776,668.7999268,1.409999847,"native"
"8094","Galactia canescens","Galactia canescens","GACA",88354139975,921.8300171,2.809999943,"native"
"8095","Crataegus flava","Crataegus flava","CRFL2",2.33e+11,1450.48999,3.409999847,"native"
"8096","Lupinus diffusus","Lupinus diffusus","LUDI2",1.64e+11,741.460022,3.5,"native"
"8097","Allium scilloides","Allium scilloides","ALSC2",28860103708,3299.299973,3.279999733,"native"
"8098","Prenanthes autumnalis","Nabalus autumnalis","PRAU",89651561093,514.2900391,3.059999943,"native"
"8099","Palafoxia integrifolia","Palafoxia integrifolia","PAIN8",1.02e+11,628.4500122,3.869999886,"native"
"8100","Lesquerella densiflora","Physaria densiflora","LEDE2",88057996538,827.8100586,2.889999866,"native"
"8101","Carex mitchelliana","Carex mitchelliana","CAMI18",59584062598,1246.580078,3.059999943,"native"
"8102","Draba aprica","Draba aprica","DRAP2",23927420314,852.4399414,2.429999828,"native"
"8103","Rhynchospora gracilenta","Rhynchospora gracilenta","RHGR",2.12e+11,1414.299988,4.019999504,"native"
"8104","Carphephorus paniculatus","Carphephorus paniculatus","CAPA53",2.1e+11,747.9400024,3.119999886,"native"
"8105","Paronychia montana","Paronychia fastigiata var. pumila","PAMO7",31404112677,796.1000366,2.449999809,"native"
"8106","Eryngium baldwinii","Eryngium baldwinii","ERBA6",1.18e+11,660.1700439,3.869999886,"native"
"8107","Fimbristylis caroliniana","Fimbristylis caroliniana","FICA3",1.57e+11,1143.519958,4.659999847,"native"
"8108","Helonias bullata","Helonias bullata","HEBU",33098246099,1284.859985,2.029999733,"native"
"8109","Rumex spiralis","Rumex spiralis","RUSP2",50436402327,1022.080017,2.569999695,"native"
"8110","Myrica hartwegii","Myrica hartwegii","MYHA",36530777383,1795.719971,5.410000086,"native"
"8111","Fraxinus caroliniana","Fraxinus caroliniana","FRCA3",3.38e+11,783.5799561,3.879999638,"native"
"8112","Justicia angusta","Dianthera angusta","JUAN",90393395729,660.1700439,3.869999886,"native"
"8113","Pediomelum linearifolium","Pediomelum linearifolium","PELI10",2.26e+11,1013.679977,4.919999838,"native"
"8114","Rhynchosia tomentosa","Rhynchosia tomentosa","RHTO3",3.44e+11,1271.76001,3.680000067,"native"
"8115","Carex abscondita","Carex abscondita","CAAB5",2.76e+11,1377.390076,3.930000067,"native"
"8116","Juncus debilis","Juncus debilis","JUDE",3.42e+11,1399.859985,3.879999638,"native"
"8117","Helianthus atrorubens","Helianthus atrorubens","HEAT",3.38e+11,1450.48999,3.330000162,"native"
"8118","Selaginella acanthonota","Selaginella acanthonota","SEAC4",22405745067,361.5200195,2.559999943,"native"
"8119","Pityopsis pinifolia","Pityopsis pinifolia","PIPI4",10570151252,177.4801025,1.429999828,"native"
"8120","Asclepias tomentosa","Asclepias tomentosa","ASTO",92222271757,609.2300415,3.409999847,"native"
"8121","Solidago gracillima","Solidago gracillima","SOGR4",35490851182,1183.730103,2.720000267,"native"
"8122","Amorpha glabra","Amorpha glabra","AMGL2",47589721085,1391.890015,2.389999866,"native"
"8123","Sisyrinchium xerophyllum","Sisyrinchium xerophyllum","SIXE",76212342137,712.039978,3.869999886,"native"
"8124","Chrysopsis latisquamea","Chrysopsis latisquamea","CHLA7",41946323928,452.25,3.119999886,"native"
"8125","Allium dictuon","Allium dictuon","ALDI3",20566489438,1580.38002,3.980000019,"native"
"8126","Solidago leavenworthii","Solidago leavenworthii","SOLE5",1.34e+11,657.6700439,3.869999886,"native"
"8127","Phalacroseris bolanderi","Phalacroseris bolanderi","PHBO2",49869533877,1884.48999,5.529999971,"native"
"8128","Juncus repens","Juncus repens","JURE2",3.49e+11,893.7700195,4.289999723,"native"
"8129","Agalinis oligophylla","Agalinis oligophylla","AGOL",44487108039,611.9399414,3.430000305,"native"
"8130","Balduina atropurpurea","Balduina atropurpurea","BAAT",23996445579,222.6799316,2.389999866,"native"
"8131","Hypericum crux-andreae","Hypericum crux-andreae","HYCR3",4.37e+11,1319.290039,4.019999504,"native"
"8132","Gymnopogon chapmanianus","Gymnopogon chapmanianus","GYCH",56578582538,627.4100342,3.5,"native"
"8133","Illicium parviflorum","Illicium parviflorum","ILPA",18632524541,205.0200195,2.609999657,"native"
"8134","Lessingia virgata","Lessingia virgata","LEVI8",61894664073,2715.449951,5.410000086,"native"
"8135","Gratiola viscidula","Gratiola viscidula","GRVI2",1.1e+11,1391.890015,2.839999676,"native"
"8136","Ludwigia sphaerocarpa","Ludwigia sphaerocarpa","LUSP",1.33e+11,819.1400146,3.359999657,"native"
"8137","Symphyotrichum walteri","Symphyotrichum walteri","SYWA",1.04e+11,461.8500977,3.359999657,"native"
"8138","Aphanostephus pilosus","Aphanostephus pilosus","APPI",52140069824,598.9699707,4.700000286,"native"
"8139","Lachnocaulon engleri","Paepalanthus engleri","LAEN",58517418977,747.9400024,3.119999886,"native"
"8140","Polygala glandulosa","Hebecarpa punctata","POGL5",24969767462,426.539978,1.400000095,"native"
"8141","Stipulicida setacea","Stipulicida setacea","STSE3",2.4e+11,758.6099243,3.739999771,"native"
"8142","Platanthera integrilabia","Platanthera integrilabia","PLIN6",20760403642,1078.810059,1.159999847,"native"
"8143","Oxalis dichondrifolia","Oxalis dichondrifolia","OXDI",71108704809,576.7399902,2.699999809,"native"
"8144","Lobelia boykinii","Lobelia boykinii","LOBO",35441935331,706.2999268,3.170000076,"native"
"8145","Aletris aurea","Aletris aurea","ALAU",2.08e+11,806.0799561,4.019999504,"native"
"8146","Dalea aurea","Dalea aurea","DAAU",7.68e+11,1092.069977,7.269999862,"native"
"8147","Campanula robinsiae","Campanula robinsiae","CARO15",3871059978,195.2299805,2.25,"native"
"8148","Cynanchum barbigerum","Metastelma barbigerum","CYBA",87650735407,695.7000427,2.949999809,"native"
"8149","Mimulus laciniatus","Erythranthe laciniata","MILA3",55356428756,2715.449951,5.529999971,"native"
"8150","Cyperus cephalanthus","Cyperus cephalanthus","CYCE",5397896868,346.3599854,2.420000076,"native"
"8151","Rayjacksonia aurea","Rayjacksonia aurea","RAAU4",5397896868,346.3599854,2.420000076,"native"
"8152","Hypoxis curtissii","Hypoxis curtissii","HYCU5",1.01e+11,745.710022,3.510000229,"native"
"8153","Navarretia jepsonii","Navarretia jepsonii","NAJE",21842345168,2500.809937,3.380000114,"native"
"8154","Sabatia difformis","Sabatia difformis","SADI2",1.88e+11,770.7900391,3.359999657,"native"
"8155","Marshallia ramosa","Marshallia ramosa","MARA6",8352693971,436.3199463,0.769999981,"native"
"8156","Quercus margaretta","Quercus margaretta","QUMA13",4.28e+11,1128.379944,4.319999695,"native"
"8157","Cirsium hydrophilum","Cirsium hydrophilum","CIHY",3476304410,1097.200043,2.840000153,"native"
"8158","Cymopterus montanus","Vesper montanus","CYMO",3.68e+11,1129.360046,4.9599998,"native"
"8159","Hydrolea corymbosa","Hydrolea corymbosa","HYCO7",1.07e+11,660.1700439,3.869999886,"native"
"8160","Eurybia compacta","Eurybia compacta","EUCO37",75677778988,433.5800171,2.819999695,"native"
"8161","Carex styloflexa","Carex styloflexa","CAST9",2.39e+11,1542.450012,4.100000381,"native"
"8162","Scutellaria muriculata","Scutellaria muriculata","SCMU2",35141064146,754.1300659,2.150000095,"native"
"8163","Salvia riparia","Salvia misella","SARI5",42408176803,613.6099854,3.869999886,"native"
"8164","Aesculus sylvatica","Aesculus sylvatica","AESY",1.35e+11,1203.320007,2.239999771,"native"
"8165","Paronychia americana","Paronychia americana","PAAM3",76130173099,630.9500122,3.869999886,"native"
"8166","Lechea deckertii","Lechea deckertii","LEDE4",57534771990,630.9500122,3.869999886,"native"
"8167","Coreopsis leavenworthii","Coreopsis leavenworthii","COLE3",1.13e+11,770.6800537,3.869999886,"native"
"8168","Amianthium muscitoxicum","Amianthium muscitoxicum","AMMU",3.92e+11,1499.330017,4.149999857,"native"
"8169","Glyceria acutiflora","Glyceria acutiflora","GLAC",2.14e+11,959.7000122,3.050000191,"native"
"8170","Taenidia montana","Taenidia montana","TAMO",31398721374,751.0499878,2.449999809,"native"
"8171","Scutellaria serrata","Scutellaria serrata","SCSE5",1.28e+11,1450.48999,2.889999866,"native"
"8172","Rhynchospora microcephala","Rhynchospora microcephala","RHMI8",2.07e+11,783.6899414,3.409999847,"native"
"8173","Nyssa biflora","Nyssa biflora","NYBI",3.62e+11,758.6099243,3.75,"native"
"8174","Sagittaria sanfordii","Sagittaria sanfordii","SASA2",85312594199,3822.860008,5.719999552,"native"
"8175","Lilium pyrophilum","Lilium pyrophilum","LIPY5",24413591968,219.289978,1.339999676,"native"
"8176","Eupatorium rotundifolium","Eupatorium rotundifolium","EURO4",8.58e+11,1450.48999,4.32000041,"native"
"8177","Packera antennariifolia","Packera antennariifolia","PAAN7",33223158841,751.0499878,2.449999809,"native"
"8178","Lilium superbum","Lilium superbum","LISU",3.85e+11,1499.820007,3.879999876,"native"
"8179","Quercus incana","Quercus incana","QUIN",4.13e+11,885.8899536,4.529999733,"native"
"8180","Phemeranthus teretifolius","Phemeranthus teretifolius","PHTE18",1.59e+11,1315.890015,2.640000105,"native"
"8181","Cypripedium kentuckiense","Cypripedium kentuckiense","CYKE2",1.04e+11,765.6300049,3.489999771,"native"
"8182","Tragia brevispica","Tragia brevispica","TRBR4",79761722676,699.7999878,3.269999981,"native"
"8183","Physalis lanceolata","Physalis lanceolata","PHLA32",26449712937,443.4900513,1.599999905,"native"
"8184","Pectis linearifolia","Pectis linearifolia","PELI8",36671690070,580.8499756,3.869999886,"native"
"8185","Allium shevockii","Allium shevockii","ALSH",21062456129,981.9800034,4.459999561,"native"
"8186","Astragalus ertterae","Astragalus ertterae","ASER6",21062456129,981.9800034,4.459999561,"native"
"8187","Atriplex tularensis","Atriplex tularensis","ATTU",21062456129,981.9800034,4.459999561,"native"
"8188","Camissonia integrifolia","Camissonia integrifolia","CAIN22",21062456129,981.9800034,4.459999561,"native"
"8189","Deinandra arida","Deinandra arida","DEAR8",21062456129,981.9800034,4.459999561,"native"
"8190","Heterotheca shevockii","Heterotheca shevockii","HESH4",21062456129,981.9800034,4.459999561,"native"
"8191","Layia leucopappa","Layia leucopappa","LALE3",21062456129,981.9800034,4.459999561,"native"
"8192","Lomatium shevockii","Lomatium shevockii","LOSH",21062456129,981.9800034,4.459999561,"native"
"8193","Mimulus shevockii","Erythranthe shevockii","MISH",21062456129,981.9800034,4.459999561,"native"
"8194","Marshallia legrandii","Marshallia legrandii","MALE8",3495760217,51.17004395,1.150000095,"native"
"8195","Ludwigia hirtella","Ludwigia hirtella","LUHI",2.26e+11,971.5100098,3.839999676,"native"
"8196","Polygala mariana","Polygala mariana","POMA8",2.7e+11,740.960022,3.75,"native"
"8197","Castilleja purpurea","Castilleja purpurea","CAPU11",2.37e+11,953.4899597,3.179999828,"native"
"8198","Eschscholzia lobbii","Eschscholzia lobbii","ESLO",1.37e+11,2787.54995,5.719999552,"native"
"8199","Brodiaea nana","Brodiaea nana","BRNA4",46112616725,2674.869949,5.299999475,"native"
"8200","Woodsia appalachiana","Woodsia appalachiana","WOAP",30365156457,1010.069946,3.200000048,"native"
"8201","Hieracium megacephalon","Hieracium megacephalon","HIME",95621035842,635.2000122,3.869999886,"native"
"8202","Astragalus leibergii","Astragalus leibergii","ASLE5",25167488999,3299.299973,3.059999466,"native"
"8203","Mimulus jungermannioides","Erythranthe jungermannioides","MIJU",34470988702,2619.379898,3.980000019,"native"
"8204","Dalea feayi","Dalea feayi","DAFE2",47799231127,630.9500122,3.869999886,"native"
"8205","Heuchera villosa","Heuchera villosa","HEVI2",2.32e+11,1450.48999,3.410000086,"native"
"8206","Valerianella nuttallii","Valeriana nuttallii","VANU",20023265150,537.8499756,2.580000401,"native"
"8207","Ruellia purshiana","Ruellia purshiana","RUPU2",50373216590,745.4299316,2.289999962,"native"
"8208","Celosia palmeri","Celosia palmeri","CEPA5",3168019238,65.13000488,1.389999866,"native"
"8209","Eucnide lobata","Eucnide lobata","EULO3",3168019238,65.13000488,1.389999866,"native"
"8210","Hechtia glomerata","Hechtia glomerata","HEGL7",3168019238,65.13000488,1.389999866,"native"
"8211","Phlox buckleyi","Phlox buckleyi","PHBU",23328884448,706.6500244,1.610000134,"native"
"8212","Sanicula smallii","Sanicula smallii","SASM",2.95e+11,1283.290039,3.589999676,"native"
"8213","Solidago odora","Solidago odora","SOOD",8.36e+11,1574.76001,4.799999952,"native"
"8214","Benitoa occidentalis","Benitoa occidentalis","BEOC",27527612034,1350.51001,4.150000095,"native"
"8215","Lagophylla diabolensis","Lagophylla diabolensis","LADI6",27527612034,1350.51001,4.150000095,"native"
"8216","Malacothamnus aboriginum","Malacothamnus aboriginum","MAAB2",27527612034,1350.51001,4.150000095,"native"
"8217","Arnoglossum diversifolium","Arnoglossum diversifolium","ARDI9",20244816908,437.6999512,2.460000038,"native"
"8218","Gentiana villosa","Gentiana villosa","GEVI5",2.6e+11,1450.48999,3.460000038,"native"
"8219","Bigelowia nudata","Bigelowia nudata","BINU",2.51e+11,760.0299683,4.019999504,"native"
"8220","Eschscholzia lemmonii","Eschscholzia lemmonii","ESLE",77608810000,1422.610008,5.719999552,"native"
"8221","Phlox amoena","Phlox amoena","PHAM3",2e+11,1294.640015,3.680000067,"native"
"8222","Baptisia lecontei","Baptisia lecontei","BALE4",55550729671,528.8300781,3.119999886,"native"
"8223","Coreopsis falcata","Coreopsis falcata","COFA",65090377903,390.2000732,3.059999943,"native"
"8224","Linum carteri","Linum carteri","LICA14",22128160330,613.6099854,3.869999886,"native"
"8225","Navarretia nigelliformis","Navarretia nigelliformis","NANI",1.04e+11,2787.54995,5.719999552,"native"
"8226","Gossypianthus lanuginosus","Guilleminea lanuginosa","GOLA2",1.61e+11,1227.630005,3.849999905,"native"
"8227","Helenium linifolium","Helenium linifolium","HELI",47510325279,331.4599609,2.210000038,"native"
"8228","Rhexia aristosa","Rhexia aristosa","RHAR",31219524219,484.460022,2.670000076,"native"
"8229","Astragalus congdonii","Astragalus congdonii","ASCO10",41612801390,1541.5,5.529999971,"native"
"8230","Elymus interruptus","Elymus interruptus","ELIN6",26260652452,1350.51001,4.150000095,"native"
"8231","Scutellaria integrifolia","Scutellaria integrifolia","SCIN2",7.34e+11,1369.400024,4.289999723,"native"
"8232","Symphyotrichum lentum","Symphyotrichum lentum","SYLE2",21271956348,3799.679886,4.499999523,"native"
"8233","Croton cascarilla","Croton eluteria","CRCA29",15443765329,613.6099854,3.869999886,"native"
"8234","Eleocharis vivipara","Eleocharis vivipara","ELVI4",1.09e+11,784.6199951,4.019999504,"native"
"8235","Muhlenbergia torreyana","Muhlenbergia torreyana","MUTO",16688599829,512.0800171,2.029999733,"native"
"8236","Poa cuspidata","Poa cuspidata","POCU4",4.01e+11,1481.540039,3.050000191,"native"
"8237","Tillandsia paucifolia","Tillandsia paucifolia","TIPA2",37093049480,613.6099854,3.869999886,"native"
"8238","Helietta parvifolia","Helietta parvifolia","HEPA3",20836499416,223.4099731,1.769999981,"native"
"8239","Sedella pumila","Sedum pumilum","SEPU4",1.22e+11,2787.54995,5.719999552,"native"
"8240","Chamaesyce bombensis","Euphorbia bombensis","CHBO7",1.38e+11,1226.340027,4.659999847,"native"
"8241","Gentiana catesbaei","Gentiana catesbaei","GECA10",1.21e+11,630.4500122,3.059999943,"native"
"8242","Agalinis densiflora","Agalinis densiflora","AGDE6",47597449891,539.1900024,2.959999561,"native"
"8243","Pycnanthemum curvipes","Pycnanthemum curvipes","PYCU",8893926033,419.7600098,1.510000229,"native"
"8244","Paronychia virginica","Paronychia virginica","PAVI4",85478075243,816.0499268,4.18999958,"native"
"8245","Solidago plumosa","Solidago plumosa","SOPL",2296412919,58.08996582,0.539999962,"native"
"8246","Ctenitis submarginalis","Ctenitis submarginalis","CTSU2",15830070136,582.1299438,2.769999981,"native"
"8247","Chrysopsis scabrella","Chrysopsis scabrella","CHSC2",75528584949,707.1900024,3.5,"native"
"8248","Coelorachis tuberculosa","Rottboellia tuberculosa","COTU",53064063324,744.4000244,3.119999886,"native"
"8249","Polygonella polygama","Polygonella polygama","POPO2",1.46e+11,1004.02002,4.659999847,"native"
"8250","Townsendia texensis","Townsendia texensis","TOTE2",44302819845,337.7499695,1.46999979,"native"
"8251","Nestronia umbellula","Nestronia umbellula","NEUM",80755421892,1060.189941,2.130000114,"native"
"8252","Streptanthus maculatus","Streptanthus maculatus","STMA2",43335629503,629.8100586,2.920000076,"native"
"8253","Sabatia grandiflora","Sabatia grandiflora","SAGR8",1.05e+11,750.3100586,3.869999886,"native"
"8254","Gratiola pilosa","Gratiola pilosa","GRPI",3.72e+11,1269.460083,4.019999504,"native"
"8255","Lyonia mariana","Lyonia mariana","LYMA2",3.3e+11,800.3200073,3.970000267,"native"
"8256","Scutellaria saxatilis","Scutellaria saxatilis","SCSA5",99920399859,1001.700012,3.140000105,"native"
"8257","Gymnopogon brevifolius","Gymnopogon brevifolius","GYBR",1.66e+11,783.6899414,3.880000114,"native"
"8258","Lobelia elongata","Lobelia elongata","LOEL",1.01e+11,684.6100464,3.409999847,"native"
"8259","Triphora craigheadii","Triphora craigheadii","TRCR4",14626317849,435.6300049,2.389999866,"native"
"8260","Pycnanthemum clinopodioides","Pycnanthemum clinopodioides","PYCL",45516143516,560.7099609,2.449999809,"native"
"8261","Amphicarpum purshii","Amphicarpum amphicarpon","AMPU6",34287054304,453.7000122,2.670000076,"native"
"8262","Vittaria appalachiana","Vittaria appalachiana","VIAP2",1.04e+11,1249.440063,3.039999962,"native"
"8263","Trichostema suffrutescens","Trichostema suffrutescens","TRSU6",40660484388,584.3899536,3.869999886,"native"
"8264","Xerophyllum asphodeloides","Xerophyllum asphodeloides","XEAS",62481959239,1384.330017,2.46999979,"native"
"8265","Nemastylis floridana","Nemastylis floridana","NEFL",33537685430,582.1299438,2.900000095,"native"
"8266","Mimosa microphylla","Pithecellobium unguis-cati","MIMI22",4.17e+11,1890.980011,4.140000105,"native"
"8267","Sideroxylon reclinatum","Sideroxylon reclinatum","SIRE8",1.19e+11,770.6800537,3.869999886,"native"
"8268","Viola villosa","Viola villosa","VIVI3",89203037947,780.749939,3.440000057,"native"
"8269","Gamochaeta falcata","Gamochaeta falcata","GAFA3",2.72e+11,1878.820099,4.659999847,"native"
"8270","Websteria confervoides","Eleocharis confervoides","WECO",28524302559,639.3400879,3.119999886,"native"
"8271","Boltonia caroliniana","Boltonia caroliniana","BOCA2",55624928931,686.460022,3.149999619,"native"
"8272","Rhynchospora harperi","Rhynchospora harperi","RHHA2",60439253515,783.6899414,3.170000076,"native"
"8273","Sericocarpus linifolius","Sericocarpus linifolius","SELI5",4.51e+11,1450.48999,3.409999847,"native"
"8274","Matelea carolinensis","Matelea carolinensis","MACA9",1.64e+11,1228.940002,3.439999819,"native"
"8275","Bothriochloa hybrida","Bothriochloa hybrida","BOHY",1.11e+11,1099.659973,3.909999847,"native"
"8276","Streptanthus insignis","Streptanthus insignis","STIN",39624889806,1350.51001,5.410000086,"native"
"8277","Pyxidanthera barbulata","Pyxidanthera barbulata","PYBA",53069204979,495.2200317,3.059999943,"native"
"8278","Spartina spartinae","Sporobolus spartinae","SPSP",1.02e+11,1239.239929,4.659999847,"native"
"8279","Tephrosia rugelii","Tephrosia rugelii","TERU",75392643055,584.3899536,3.869999886,"native"
"8280","Scutellaria arenicola","Scutellaria arenicola","SCAR3",47251668397,478.9700928,2.869999886,"native"
"8281","Vaccinium tenellum","Vaccinium tenellum","VATE3",1.77e+11,715.249939,3.409999847,"native"
"8282","Dichondra recurvata","Dichondra recurvata","DIRE2",36742836086,565.250061,2.820000172,"native"
"8283","Lepidium jaredii","Lepidium jaredii","LEJA",48639063126,1422.610008,4.459999561,"native"
"8284","Symphyotrichum jessicae","Symphyotrichum jessicae","SYJE",45676226108,1889.849915,3.380000114,"native"
"8285","Trillium stamineum","Trillium stamineum","TRST7",86536588737,481.4499512,2.779999733,"native"
"8286","Buckleya distichophylla","Buckleya distichophylla","BUDI",20073293716,1391.97998,1.53000021,"native"
"8287","Eurybia paludosa","Eurybia paludosa","EUPA23",85541830192,871.9099731,3.330000162,"native"
"8288","Grindelia microcephala","Grindelia microcephala","GRMI",36962810778,409.8299866,2.210000038,"native"
"8289","Clarkia speciosa","Clarkia speciosa","CLSP",91140321171,1459.959984,5.719999552,"native"
"8290","Urochloa ciliatissima","Urochloa ciliatissima","URCI",1.58e+11,1197.730011,3.590000153,"native"
"8291","Rubus persistens","Rubus persistens","RUPE8",4416454882,339.75,2.420000076,"native"
"8292","Silene polypetala","Silene polypetala","SIPO",7787140725,367.3299561,1.860000134,"native"
"8293","Echinochloa paludigena","Echinochloa paludigena","ECPA5",46093977276,973.5499878,4.659999847,"native"
"8294","Centrosema arenicola","Centrosema arenicola","CEAR5",31950055104,321.3300781,2.389999866,"native"
"8295","Panicum hemitomon","Panicum hemitomon","PAHE2",2.26e+11,860.2299194,4.149999619,"native"
"8296","Cyperus flavicomus","Cyperus odoratus subsp. odoratus","CYFL5",2e+11,2198.930054,4.92999959,"native"
"8297","Carex striatula","Carex striatula","CAST17",3.65e+11,1450.48999,4.100000381,"native"
"8298","Carex superata","Carex superata","CASU67",55252038483,564.6199951,2.670000076,"native"
"8299","Asclepias rubra","Asclepias rubra","ASRU",1.28e+11,824.8900146,4.019999504,"native"
"8300","Trichomanes boschianum","Trichomanes boschianum","TRBO",82185196883,1328.820007,2.659999847,"native"
"8301","Corallorhiza wisteriana","Corallorhiza wisteriana","COWI5",1.02e+12,1925.069946,7.460000396,"native"
"8302","Vernonia acaulis","Vernonia acaulis","VEAC",86809306810,487.3700562,2.610000134,"native"
"8303","Sideroxylon celastrinum","Sideroxylon celastrinum","SICE2",71583945479,1095.019958,4.659999847,"native"
"8304","Thermopsis mollis","Thermopsis mollis","THMO2",65267054837,1191.52002,2,"native"
"8305","Malacothamnus marrubioides","Malacothamnus marrubioides","MAMA3",47004531982,1422.610008,4.559999466,"native"
"8306","Argemone squarrosa","Argemone squarrosa","ARSQ",1.95e+11,1004.60997,4.700000286,"native"
"8307","Arnica acaulis","Arnica acaulis","ARAC3",1.45e+11,679.3200684,3.409999847,"native"
"8308","Nolina georgiana","Nolina georgiana","NOGE",32620859085,219.289978,1.869999886,"native"
"8309","Ardisia escallonoides","Ardisia escallonioides","ARES",51448192655,613.6099854,3.869999886,"native"
"8310","Xyris chapmanii","Xyris chapmanii","XYCH",63807142999,732.6399536,3.409999847,"native"
"8311","Tragia urticifolia","Tragia urticifolia","TRUR2",2.48e+11,1345.190002,3.829999924,"native"
"8312","Lewisia longipetala","Lewisia longipetala","LELO2",25979607131,1884.48999,4.150000095,"native"
"8313","Quercus montana","Quercus montana","QUMO4",7.99e+11,1516.880005,3.879999876,"native"
"8314","Scirpus polyphyllus","Scirpus polyphyllus","SCPO2",5.31e+11,1506.320007,3.960000038,"native"
"8315","Hollisteria lanata","Hollisteria lanata","HOLA2",90103893015,1422.610008,5.719999552,"native"
"8316","Marshallia obovata","Marshallia obovata","MAOB",1.2e+11,1101.809998,2.820000172,"native"
"8317","Oenothera filipes","Oenothera filipes","OEFI3",1.52e+11,1098.350037,3.680000067,"native"
"8318","Triodanis biflora","Triodanis perfoliata subsp. biflora","TRBI2",1e+12,4485.899765,5.859999895,"native"
"8319","Triphysaria micrantha","Triphysaria micrantha","TRMI16",88961682785,1470.959984,5.719999552,"native"
"8320","Pycnanthemum setosum","Pycnanthemum setosum","PYSE2",35107164305,630.1499634,3.059999943,"native"
"8321","Macbridea caroliniana","Macbridea caroliniana","MACA",34893303264,445.8500366,2.610000134,"native"
"8322","Sarracenia alata","Sarracenia alata","SAAL4",59653640993,806.0799561,3.699999809,"native"
"8323","Flaveria floridana","Flaveria floridana","FLFL",19341853173,362.6600342,2.389999866,"native"
"8324","Manfreda sileri","Agave sileri","MASI",21462763880,425.4200134,2.210000038,"native"
"8325","Ptilimnium nodosum","Harperella nodosa","PTNO",24686120696,711.4899292,2.199999809,"native"
"8326","Argythamnia mercurialina","Ditaxis mercurialina","ARME5",2.13e+11,1091.110016,7.179999709,"native"
"8327","Eupatorium paludicola","Eupatorium paludicola","EUPA30",8546862749,347.7800293,1.630000114,"native"
"8328","Microseris campestris","Microseris campestris","MICA2",1.12e+11,1613.599998,5.719999552,"native"
"8329","Solidago auriculata","Solidago auriculata","SOAU2",49289546107,574.5599365,4.149999857,"native"
"8330","Clarkia rostrata","Clarkia rostrata","CLRO2",18392515289,1500.919998,5.299999475,"native"
"8331","Paspalum bifidum","Paspalum bifidum","PABI3",99284204339,792.039917,3.81000042,"native"
"8332","Lycopodiella margueritiae","Lycopodiella margueritae","LYMA7",1734131679,238.7299805,2.059999943,"native"
"8333","Allium crispum","Allium crispum","ALCR5",80483714903,1422.610008,5.719999552,"native"
"8334","Astragalus brazoensis","Astragalus brazoensis","ASBR7",54664620458,453.269989,2.699999809,"native"
"8335","Erysimum occidentale","Erysimum occidentale","EROC3",1.46e+11,3409.190109,4.06000042,"native"
"8336","Parnassia grandifolia","Parnassia grandifolia","PAGR",86373038721,1277.430054,2.720000267,"native"
"8337","Dodecatheon subalpinum","Primula subalpina","DOSU",49033568240,2715.449951,5.529999971,"native"
"8338","Hexastylis virginica","Asarum virginicum","HEVI3",1.6e+11,1335.48999,3.059999943,"native"
"8339","Hymenocallis puntagordensis","Hymenocallis latifolia var. puntagordensis","HYPU10",1764058624,107.6800537,2.21999979,"native"
"8340","Brodiaea appendiculata","Brodiaea appendiculata","BRAP",54184421981,2122.730057,5.299999475,"native"
"8341","Hexastylis naniflora","Asarum minus","HENA3",13438928585,967.1099854,1.25,"native"
"8342","Pluchea foetida","Pluchea foetida","PLFO",3.71e+11,1060.139954,4.529999733,"native"
"8343","Hexastylis speciosa","Asarum speciosum","HESP4",7470767892,152.3400879,2.150000095,"native"
"8344","Trillium sulcatum","Trillium sulcatum","TRSU7",78741229895,928.4699707,3.080000162,"native"
"8345","Cirsium repandum","Cirsium repandum","CIRE2",1e+11,487.3700562,3.059999943,"native"
"8346","Monardella candicans","Monardella candicans","MOCA3",86239004028,1956.589989,5.719999552,"native"
"8347","Packera anonyma","Packera anonyma","PAAN6",5.26e+11,1499.330017,3.330000162,"native"
"8348","Layia fremontii","Layia fremontii","LAFR2",99671024751,2715.449951,5.529999971,"native"
"8349","Scleria minor","Scleria minor","SCMI4",50555192007,1369.01001,2.740000248,"native"
"8350","Caulanthus anceps","Streptanthus anceps","CAAN25",81986033052,1422.610008,5.719999552,"native"
"8351","Rhynchospora eximia","Rhynchospora eximia","RHEX",8444096323,273.8399658,2.389999866,"native"
"8352","Polygala smallii","Polygala smallii","POSM3",16013763589,584.3899536,3.869999886,"native"
"8353","Astragalus oxyphysus","Astragalus oxyphysus","ASOX",81483472824,1422.610008,5.719999552,"native"
"8354","Smilax hugeri","Smilax hugeri","SMHU",87565489744,1354.580017,2.369999886,"native"
"8355","Stemodia schottii","Stemodia schottii","STSC",17689300149,323.6599731,1.769999981,"native"
"8356","Zephyranthes simpsonii","Zephyranthes simpsonii","ZESI",94534819496,675.749939,3.869999886,"native"
"8357","Solidago arenicola","Solidago arenicola","SOAR4",9025520947,612.9400635,1.400000095,"native"
"8358","Euphorbia ipecacuanhae","Euphorbia ipecacuanhae","EUIP",1.12e+11,495.2200317,3.059999943,"native"
"8359","Vicia floridana","Vicia floridana","VIFL2",45783538580,607.6500244,3.119999886,"native"
"8360","Carya pallida","Carya pallida","CAPA24",3.54e+11,1380.540039,3.569999695,"native"
"8361","Sporobolus silveanus","Sporobolus silveanus","SPSI2",18462078607,546.7700806,3.289999485,"native"
"8362","Isoetes flaccida","Isoetes flaccida","ISFL",67733195402,660.1700439,3.869999886,"native"
"8363","Juncus coriaceus","Juncus coriaceus","JUCO4",5e+11,1334.97998,4.289999723,"native"
"8364","Hieracium scribneri",NA,"HISC11",2048380411,676.4299316,1.74000001,"native"
"8365","Arnoglossum floridanum","Arnoglossum floridanum","ARFL2",64300188009,478.9700928,3.119999886,"native"
"8366","Solidago erecta","Solidago erecta","SOER",4.35e+11,1499.330017,3.439999819,"native"
"8367","Madia radiata","Madia radiata","MARA",73287036946,1422.610008,4.999999523,"native"
"8368","Carex tompkinsii","Carex tompkinsii","CATO9",24935955598,1541.5,5.410000086,"native"
"8369","Mimulus gracilipes","Erythranthe gracilipes","MIGR3",24935955598,1541.5,5.410000086,"native"
"8370","Oxalis priceae","Oxalis macrantha","OXPR",1.2e+11,861.8600464,3.599999905,"native"
"8371","Vaccinium crassifolium","Vaccinium crassifolium","VACR",70382569630,407.2401123,3.059999943,"native"
"8372","Phacelia fimbriata","Phacelia fimbriata","PHFI2",15331948758,1018.040039,1.53000021,"native"
"8373","Pityopsis graminifolia","Pityopsis graminifolia","PIGR4",7.22e+11,1548.210022,4.799999952,"native"
"8374","Bouteloua hirsuta","Bouteloua hirsuta","BOHI2",1.72e+12,1457.339973,7.399999976,"native"
"8375","Hexalectris spicata","Hexalectris spicata","HESP3",3.93e+11,1972.400009,4.369999886,"native"
"8376","Clematis coactilis","Clematis coactilis","CLCO4",6852451827,540.6699219,1.5,"native"
"8377","Asclepias obovata","Asclepias obovata","ASOB",1.18e+11,853.8099976,3.779999733,"native"
"8378","Panicum verrucosum","Kellochloa verrucosa","PAVE2",4.64e+11,1399.890076,4.32000041,"native"
"8379","Sisyrinchium sagittiferum","Sisyrinchium sagittiferum","SISA3",40773231623,587.750061,3.349999905,"native"
"8380","Harrisia aboriginum","Harrisia aboriginum","HAAB2",7156460985,279.9400635,2.389999866,"native"
"8381","Echinacea laevigata","Echinacea laevigata","ECLA",15520587267,581.6699219,1.829999924,"native"
"8382","Xyris calcicola","Xyris calcicola","XYCA2",26433258446,571.7600098,2.869999886,"native"
"8383","Lechea racemulosa","Lechea racemulosa","LERA",4.33e+11,1463.059998,3.270000219,"native"
"8384","Eleocharis nana","Eleocharis nana","ELNA",8000395237,392.7600098,2.730000019,"native"
"8385","Phacelia covillei","Phacelia covillei","PHCO30",10566612885,180.4000244,2.239999771,"native"
"8386","Eleocharis albida","Eleocharis albida","ELAL",1.54e+11,1223.059937,4.659999847,"native"
"8387","Matelea pubiflora","Matelea pubiflora","MAPU3",40534160711,416.0300293,2.980000019,"native"
"8388","Eupatorium glaucescens","Eupatorium linearifolium","EUGL7",2.11e+11,1122.700012,4.529999733,"native"
"8389","Rhus michauxii","Rhus michauxii","RHMI11",19998822938,358.2400513,1.599999905,"native"
"8390","Carex basiantha","Carex basiantha","CABA24",1.38e+11,576.4499512,3.599999905,"native"
"8391","Carya myristiciformis","Carya myristiciformis","CAMY",1.02e+11,971.2999268,3.730000019,"native"
"8392","Solidago tortifolia","Solidago tortifolia","SOTO2",1.76e+11,793.6400757,4.279999733,"native"
"8393","Allium hyalinum","Allium hyalinum","ALHY",87365516608,1666.510033,5.719999552,"native"
"8394","Lygodesmia aphylla","Lygodesmia aphylla","LYAP3",1.12e+11,635.2000122,3.5,"native"
"8395","Asplenium plenum","Asplenium plenum","ASPL10",5216382465,142.7800293,2.190000057,"native"
"8396","Lasthenia debilis","Lasthenia debilis","LADE8",66824644767,1470.959984,5.719999552,"native"
"8397","Lindheimera texana","Lindheimera texana","LITE3",2.23e+11,1054.249969,3.389999866,"native"
"8398","Allium perdulce","Allium perdulce","ALPE2",3.91e+11,967.009964,4.700000286,"native"
"8399","Baccharis texana","Baccharis texana","BATE",1e+11,892.3899536,3.269999981,"native"
"8400","Ceanothus fresnensis","Ceanothus fresnensis","CEFR",45607485285,1541.5,5.529999971,"native"
"8401","Rudbeckia texana","Rudbeckia texana","RUTE4",26767284689,439.6600342,3.059999943,"native"
"8402","Fritillaria pluriflora","Fritillaria pluriflora","FRPL",28209110976,2508.609955,3.380000114,"native"
"8403","Symphyotrichum lowrieanum","Symphyotrichum cordifolium","SYLO2",2.41e+11,1376.390076,3.170000076,"native"
"8404","Liatris savannensis","Liatris spicata var. savannensis","LISA9",9803035854,355.4300537,2.389999866,"native"
"8405","Castilleja christii","Castilleja christii","CACH19",6644895771,738.480011,2.510000229,"native"
"8406","Cymopterus davisii","Cymopterus davisii","CYDA3",6644895771,738.480011,2.510000229,"native"
"8407","Carex shinnersii","Carex shinnersii","CASH8",8138231965,575.539978,2.21999979,"native"
"8408","Aristida patula","Aristida patula","ARPA11",80420671492,635.2000122,3.869999886,"native"
"8409","Fothergilla major","Fothergilla latifolia","FOMA",38886397417,1187.960022,2.680000067,"native"
"8410","Solidago verna","Solidago verna","SOVE2",24888110910,367.9000244,2.590000153,"native"
"8411","Prenanthes barbata","Nabalus barbatus","PRBA",50531333016,429.7900391,2.990000248,"native"
"8412","Anemone berlandieri","Anemone berlandieri","ANBE",3.04e+11,1398.209961,4.289999962,"native"
"8413","Matelea brevicoronata","Matelea brevicoronata","MABR2",13599881562,302.9599609,1.779999733,"native"
"8414","Hypericum denticulatum","Hypericum denticulatum","HYDE2",1.34e+11,771.7700195,3.409999847,"native"
"8415","Gratiola floridana","Gratiola floridana","GRFL2",49214340182,975.8100586,3.629999876,"native"
"8416","Eustachys floridana","Eustachys floridana","EUFL3",29103379937,728.4699707,3.119999886,"native"
"8417","Symphyotrichum grandiflorum","Symphyotrichum grandiflorum","SYGR5",75077072583,504.3800049,3.059999943,"native"
"8418","Acleisanthes anisophylla","Acleisanthes anisophylla","ACAN2",8486535813,401.3800049,1.400000095,"native"
"8419","Prosopis reptans","Strombocarpa reptans","PRRE2",67607752692,741.7000122,2.299999714,"native"
"8420","Castilleja brevistyla","Castilleja brevistyla","CABR37",90866542171,1459.959984,5.719999552,"native"
"8421","Zanthoxylum clava-herculis","Zanthoxylum clava-herculis","ZACL",2.98e+11,997.4099121,4.199999809,"native"
"8422","Carphephorus tomentosus","Carphephorus tomentosus","CATO5",75215803478,409.4200439,3.059999943,"native"
"8423","Malus angustifolia","Malus angustifolia","MAAN3",3.92e+11,1476.75,4.149999857,"native"
"8424","Aloysia macrostachya","Aloysia macrostachya","ALMA9",20103061432,286.9500122,1.389999866,"native"
"8425","Pediomelum rhombifolium","Pediomelum rhombifolium","PERH2",1.93e+11,1282.309967,3.739999771,"native"
"8426","Salvia urticifolia","Salvia urticifolia","SAUR",1.69e+11,1450.48999,3.439999819,"native"
"8427","Sedella congdonii","Sedum pumilum","SECO6",78445781854,1956.589989,5.719999552,"native"
"8428","Galactia volubilis","Galactia volubilis","GAVO",5.87e+11,1639.700012,4.239999771,"native"
"8429","Froelichia drummondii","Froelichia drummondii","FRDR",64485455917,478.0299988,2.699999809,"native"
"8430","Utricularia foliosa","Utricularia foliosa","UTFO",1.08e+11,777.1600342,3.920000076,"native"
"8431","Trillium reliquum","Trillium reliquum","TRRE6",2712313716,252.0899658,0.559999943,"native"
"8432","Erigeron cronquistii","Erigeron cronquistii","ERCR",3016638905,914.1900024,2.409999847,"native"
"8433","Viola frank-smithii","Viola frank-smithii","VIFR2",3016638905,914.1900024,2.409999847,"native"
"8434","Layia munzii","Layia munzii","LAMU2",45042472131,1422.610008,4.459999561,"native"
"8435","Carlquistia muirii","Carlquistia muirii","CAMU27",57488560183,1422.610008,4.459999561,"native"
"8436","Silene rotundifolia","Silene rotundifolia","SIRO4",58206101021,888.8400269,3.140000105,"native"
"8437","Yucca treculeana","Yucca treculeana","YUTR",68282712947,655.3600464,2.699999809,"native"
"8438","Astragalus subvestitus","Astragalus subvestitus","ASSU8",33557539144,1348.319969,4.459999561,"native"
"8439","Calochortus westonii","Calochortus westonii","CAWE2",33557539144,1348.319969,4.459999561,"native"
"8440","Clarkia exilis","Clarkia exilis","CLEX",33557539144,1348.319969,4.459999561,"native"
"8441","Delphinium purpusii","Delphinium purpusii","DEPU",33557539144,1348.319969,4.459999561,"native"
"8442","Eriogonum breedlovei","Eriogonum breedlovei","ERBR10",33557539144,1348.319969,4.459999561,"native"
"8443","Fritillaria brandegeei","Fritillaria brandegeei","FRBR",33557539144,1348.319969,4.459999561,"native"
"8444","Fritillaria striata","Fritillaria striata","FRST",33557539144,1348.319969,4.459999561,"native"
"8445","Hesperocyparis nevadensis","Hesperocyparis nevadensis","HENE2",33557539144,1348.319969,4.459999561,"native"
"8446","Horkeliella purpurascens","Potentilla purpurascens","HOPU8",33557539144,1348.319969,4.459999561,"native"
"8447","Mimulus pictus","Erythranthe guttata","MIPI2",33557539144,1348.319969,4.459999561,"native"
"8448","Navarretia setiloba","Navarretia setiloba","NASE2",33557539144,1348.319969,4.459999561,"native"
"8449","Liatris garberi","Liatris garberi","LIGA",45412517870,584.3899536,3.869999886,"native"
"8450","Eragrostis refracta","Eragrostis refracta","ERRE",2.53e+11,806.0799561,4.050000191,"native"
"8451","Eupatorium hyssopifolium","Eupatorium hyssopifolium","EUHY",4.31e+11,1450.48999,3.439999819,"native"
"8452","Yeatesia viridiflora","Yeatesia viridiflora","YEVI",45369782623,723.0600586,3.909999847,"native"
"8453","Ribes curvatum","Ribes curvatum","RICU",38645581376,665.25,2.480000019,"native"
"8454","Downingia pulchella","Downingia pulchella","DOPU2",64844656831,1867.819969,5.719999552,"native"
"8455","Verbena riparia","Verbena officinalis var. officinalis","VERI3",2245562962,380.8900146,1.25,"native"
"8456","Drosera brevifolia","Drosera brevifolia","DRBR3",2.87e+11,1113.479919,4.529999733,"native"
"8457","Dalea adenopoda","Dalea pinnata var. adenopoda","DAAD",35258332548,582.1299438,2.769999981,"native"
"8458","Tephrosia angustissima","Tephrosia angustissima","TEAN",24383702830,584.3899536,3.869999886,"native"
"8459","Limnanthes montana","Limnanthes montana","LIMO2",64028112214,1613.599998,5.719999552,"native"
"8460","Phacelia breweri","Phacelia breweri","PHBR2",43526303339,1350.51001,5.410000086,"native"
"8461","Evax prolifera","Diaperia prolifera","EVPR",3.69e+11,1306.089966,4.71999979,"native"
"8462","Potentilla grayi","Potentilla grayi","POGR20",45281192443,1798.150024,5.529999971,"native"
"8463","Tradescantia roseolens","Tradescantia roseolens","TRRO4",30041031131,321.3300781,2.809999943,"native"
"8464","Schisandra glabra","Schisandra glabra","SCGL7",1.02e+11,679.1298828,3.170000076,"native"
"8465","Aureolaria pectinata","Aureolaria pectinata","AUPE",3.53e+11,1302.960022,3.839999914,"native"
"8466","Atriplex coronata","Atriplex coronata","ATCO3",97600420267,1637.769943,5.719999552,"native"
"8467","Clematis baldwinii","Clematis baldwinii","CLBA",77567783919,613.6099854,3.869999886,"native"
"8468","Carex purpurifera","Carex purpurifera","CAPU12",74550596197,1302.619995,3.080000162,"native"
"8469","Clematis catesbyana","Clematis catesbyana","CLCA3",73016176527,688.6300049,3.059999943,"native"
"8470","Asclepias curtissii","Asclepias curtissii","ASCU8",60316917358,582.1299438,3.190000057,"native"
"8471","Eryngium diffusum","Eryngium diffusum","ERDI7",76236054417,1054.97995,3.329999924,"native"
"8472","Persea humilis","Persea humilis","PEHU2",51644774627,581.0900269,2.389999866,"native"
"8473","Selaginella apoda","Selaginella apoda","SEAP",9.19e+11,1734.650024,4.390000105,"native"
"8474","Lycium carolinianum","Lycium carolinianum","LYCA2",1.05e+11,1241.769928,4.659999847,"native"
"8475","Psoralidium tenuiflorum","Pediomelum tenuiflorum","PSTE5",1.76e+12,1512.109993,7.460000396,"native"
"8476","Polygonella ciliata","Polygonella ciliata","POCI2",38461940721,584.3899536,3.869999886,"native"
"8477","Echinocereus berlandieri","Echinocereus berlandieri","ECBE",18250623197,200.1899719,1.769999981,"native"
"8478","Camissonia sierrae","Camissonia sierrae","CASI9",30470573070,1541.5,5.410000086,"native"
"8479","Chasmanthium laxum","Chasmanthium laxum","CHLA6",6.35e+11,1330.450012,4.050000191,"native"
"8480","Eremalche parryi","Eremalche parryi","ERPA14",1.02e+11,1422.610008,5.719999552,"native"
"8481","Amorpha schwerinii","Amorpha schwerinii","AMSC2",16299586833,441.8399658,1.429999828,"native"
"8482","Desmodium fernaldii","Desmodium fernaldii","DEFE",49165495991,1140.419983,3.419999838,"native"
"8483","Stachys crenata","Stachys eremicola","STCR7",1.99e+11,1603.490021,7.179999709,"native"
"8484","Jensia yosemitana","Jensia yosemitana","JEYO",44505589662,1541.5,5.529999971,"native"
"8485","Rhynchospora torreyana","Rhynchospora torreyana","RHTO4",1.07e+11,888.7300415,3.059999943,"native"
"8486","Calochortus pulchellus","Calochortus pulchellus","CAPU2",3985560669,586.8299866,3.980000019,"native"
"8487","Isocoma arguta","Isocoma arguta","ISAR2",3985560669,586.8299866,3.980000019,"native"
"8488","Linum intercursum","Linum intercursum","LIIN",88275440704,1197.640015,3.299999952,"native"
"8489","Itea virginica","Itea virginica","ITVI",7.46e+11,1294.640015,4.289999723,"native"
"8490","Galium orizabense","Galium orizabense","GAOR2",7546030458,343.75,2.260000229,"native"
"8491","Salix floridana","Salix floridana","SAFL",38856895637,409.8599854,2.730000019,"native"
"8492","Heliotropium polyphyllum","Euploca polyphylla","HEPO",76367873756,750.3100586,3.869999886,"native"
"8493","Rhododendron flammeum","Rhododendron flammeum","RHFL",14468603717,558.2600098,1.75,"native"
"8494","Selaginella arenicola","Selaginella arenicola","SEAR",2.02e+11,1066.129944,4.239999771,"native"
"8495","Silene ovata","Silene ovata","SIOV",49491926630,1391.890015,2.589999676,"native"
"8496","Senecio clarkianus","Senecio clarkianus","SECL",63398449366,1956.589989,5.719999552,"native"
"8497","Euonymus americanus","Euonymus americanus","EUAM9",9.83e+11,1500.030029,4.180000067,"native"
"8498","Lobelia canbyi","Lobelia canbyi","LOCA",64365637596,982.9699707,3.059999943,"native"
"8499","Cakile constricta","Cakile constricta","CACO25",6886113544,529.3299561,3.309999943,"native"
"8500","Hexastylis sorriei","Asarum sorriei","HESO5",13131230525,131.4000244,1.25,"native"
"8501","Stanfordia californica","Streptanthus californicus","STCA23",72994384114,1422.610008,4.459999561,"native"
"8502","Carex joorii","Carex joorii","CAJO2",2.48e+11,783.6899414,3.879999638,"native"
"8503","Oldenlandia boscii","Oldenlandia boscii","OLBO",1.32e+11,1047.240051,4.529999733,"native"
"8504","Ficus aurea","Ficus aurea","FIAU",55390452944,613.6099854,3.869999886,"native"
"8505","Paronychia rugelii","Paronychia rugelii","PARU2",42627059751,465.1700439,3.119999886,"native"
"8506","Rhododendron atlanticum","Rhododendron atlanticum","RHAT",1.22e+11,525.9800415,3.059999943,"native"
"8507","Tetragonotheca repanda","Tetragonotheca repanda","TERE2",55880127612,522.6599731,2.699999809,"native"
"8508","Astragalus michauxii","Astragalus michauxii","ASMI2",41525130484,381.4000244,2.46999979,"native"
"8509","Trifolium virginicum","Trifolium virginicum","TRVI3",37988235451,751.0499878,2.449999809,"native"
"8510","Polygala appendiculata","Polygala appendiculata","POAP7",18961643767,583.5700684,3.599999905,"native"
"8511","Hasteola robertiorum","Hasteola robertiorum","HARO",5358507245,268.6199951,1.759999752,"native"
"8512","Liatris virgata","Liatris virgata","LIVI8",39258784106,520.5099487,2.559999943,"native"
"8513","Helianthemum nashii","Crocanthemum nashii","HENA2",59012061035,582.1299438,3.190000057,"native"
"8514","Ophioglossum crotalophoroides","Ophioglossum crotalophoroides","OPCR",2.05e+11,1034.100037,3.840000153,"native"
"8515","Carex kraliana","Carex kraliana","CAKR5",1.13e+11,779.0800171,2.659999847,"native"
"8516","Acanthomintha lanceolata","Acanthomintha lanceolata","ACLA2",41669070292,1350.51001,5.410000086,"native"
"8517","Clarkia breweri","Clarkia breweri","CLBR",41669070292,1350.51001,5.410000086,"native"
"8518","Carphephorus bellidifolius","Carphephorus bellidifolius","CABE4",90821458773,487.3700562,3.059999943,"native"
"8519","Schoenocaulon dubium","Schoenocaulon dubium","SCDU",52248574381,582.1299438,3.190000057,"native"
"8520","Polygala rugelii","Polygala rugelii","PORU5",84855956684,588.6399536,3.869999886,"native"
"8521","Monolopia congdonii","Monolopia congdonii","MOCO7",71819006793,1422.610008,4.459999561,"native"
"8522","Conradina grandiflora","Conradina grandiflora","COGR8",28227564768,584.3899536,3.869999886,"native"
"8523","Cooperia pedunculata","Zephyranthes drummondii","COPE",83066797337,1354.330048,3.880000114,"native"
"8524","Lesquerella ovalifolia","Physaria ovalifolia","LEOV",3.06e+11,826.8700409,3.599999905,"native"
"8525","Eriocaulon texense","Eriocaulon texense","ERTE8",64840646582,848.9699707,3.779999733,"native"
"8526","Silphium perplexum","Silphium perplexum","SIPE10",4398820220,87.42004395,1.740000248,"native"
"8527","Gratiola brevifolia","Gratiola brevifolia","GRBR",86198665927,833.1900024,3.81000042,"native"
"8528","Lobelia homophylla","Lobelia homophylla","LOHO2",35236075127,585.3400269,2.519999981,"native"
"8529","Phyllanthopsis phyllanthoides","Phyllanthopsis phyllanthoides","PHPH9",80237345838,945.0900269,3.559999943,"native"
"8530","Schoenoplectus deltarum","Schoenoplectus deltarum","SCDE6",15369864857,872.3400269,3.579999924,"native"
"8531","Warea carteri","Warea carteri","WACA",22034447053,588.6399536,3.869999886,"native"
"8532","Halophila engelmannii","Halophila engelmannii","HAEN2",43525174785,1143.519958,4.659999847,"native"
"8533","Heuchera parviflora","Heuchera parviflora","HEPA10",1.43e+11,1391.97998,3.21999979,"native"
"8534","Monarda fruticulosa","Monarda fruticulosa","MOFR2",21157061185,433.0499878,1.779999733,"native"
"8535","Sabatia brachiata","Sabatia brachiata","SABR9",1.53e+11,802.9400024,3.409999847,"native"
"8536","Lysimachia loomisii","Lysimachia loomisii","LYLO",35948907681,371.5200195,2.610000134,"native"
"8537","Galium texense","Galium texense","GATE3",58338382674,1086.839966,3.849999905,"native"
"8538","Garberia heterophylla","Garberia heterophylla","GAHE4",40482526690,478.9700928,2.809999943,"native"
"8539","Marshallia mohrii","Marshallia mohrii","MAMO3",8620404095,197.0599365,1.190000057,"native"
"8540","Croton leucophyllus","Croton leucophyllus","CRLE3",28488628287,397.6700134,1.769999981,"native"
"8541","Erigeron quercifolius","Erigeron quercifolius","ERQU",2.32e+11,741.1900635,4.009999752,"native"
"8542","Stachys eplingii","Stachys eplingii","STEP",23889918502,801,2.639999866,"native"
"8543","Tipularia discolor","Tipularia discolor","TIDI",6.75e+11,1500.030029,3.879999638,"native"
"8544","Helianthus agrestis","Helianthus agrestis","HEAG",35628042210,585.3400269,2.869999886,"native"
"8545","Ambrosia linearis","Ambrosia linearis","AMLI3",21368980251,511.2500305,2.879999638,"native"
"8546","Carex microdonta","Carex microdonta","CAMI5",2.14e+11,1314.469955,4.92999959,"native"
"8547","Botrychium lunarioides","Botrychium lunarioides","BOLU2",86230298228,840.4899902,3.81000042,"native"
"8548","Lotus rubriflorus","Acmispon rubriflorus","LORU",14493224438,2636.089951,5.24000001,"native"
"8549","Vachellia bravoensis","Vachellia bravoensis","VABR4",91912980118,741.7000122,2.949999809,"native"
"8550","Lechea cernua","Lechea cernua","LECE",52259839975,582.1299438,2.769999981,"native"
"8551","Lomatium gormanii","Lomatium gormanii","LOGO",1.39e+11,4327.89006,3.980000019,"native"
"8552","Viola hirsutula","Viola hirsutula","VIHI2",3.09e+11,1402.080017,2.960000038,"native"
"8553","Symphyotrichum simmondsii","Symphyotrichum simmondsii","SYSI3",4113955311,86.22998047,1.71999979,"native"
"8554","Balsamorhiza careyana","Balsamorhiza careyana","BACA3",1.36e+11,4513.249924,4.640000343,"native"
"8555","Oenothera psammophila","Oenothera psammophila","OEPS2",7660250394,1299.250031,2.540000439,"native"
"8556","Trillium maculatum","Trillium maculatum","TRMA5",33364110875,389.0699463,2.720000267,"native"
"8557","Oenothera mckelveyae","Oenothera mckelveyae","OEMC",54508525143,585.9299927,2.289999962,"native"
"8558","Pinus echinata","Pinus echinata","PIEC2",8.75e+11,1402.080017,4.159999847,"native"
"8559","Campanula floridana","Campanula floridana","CAFL18",77019554780,615.4400024,3.5,"native"
"8560","Angelica venenosa","Angelica venenosa","ANVE",7.29e+11,1516.880005,4.180000067,"native"
"8561","Chrysopsis subulata","Chrysopsis subulata","CHSU6",52507496742,577.5500488,2.809999943,"native"
"8562","Chamaesyce missurica","Euphorbia missurica","CHMI8",9.13e+11,1337.670029,5.540000439,"native"
"8563","Citharexylum berlandieri","Citharexylum berlandieri","CIBE",6327262545,228.3300171,1.610000134,"native"
"8564","Liatris turgida","Liatris helleri","LITU3",29981241346,1068.579956,2.210000038,"native"
"8565","Euphorbia polyphylla","Euphorbia polyphylla","EUPO5",47690341910,584.3899536,3.869999886,"native"
"8566","Mirabilis gigantea","Mirabilis gigantea","MIGI",18386626936,653.1499634,3.139999866,"native"
"8567","Liatris lancifolia","Liatris lancifolia","LILA",1.74e+11,784.7200165,5.349999905,"native"
"8568","Juncus scirpoides","Juncus scirpoides","JUSC",6.67e+11,1894.700012,4.799999952,"native"
"8569","Carex reznicekii","Carex reznicekii","CARE18",1.42e+11,1427.700012,3.270000219,"native"
"8570","Symphyotrichum phlogifolium","Symphyotrichum phlogifolium","SYPH3",1.17e+11,946.0100098,3.050000191,"native"
"8571","Abronia ameliae","Abronia ameliae","ABAM2",21375326421,306.2999878,1.779999733,"native"
"8572","Zenobia pulverulenta","Zenobia pulverulenta","ZEPU3",65474557129,409.4200439,3.059999943,"native"
"8573","Heuchera caroliniana","Heuchera caroliniana","HECA23",30370160878,1019.900024,1.349999905,"native"
"8574","Botrychium biternatum","Botrychium biternatum","BOBI",5.58e+11,1384.179993,4.289999723,"native"
"8575","Rhynchospora glomerata","Rhynchospora glomerata","RHGL3",4.58e+11,1328.060059,4.430000067,"native"
"8576","Fimbristylis tomentosa","Fimbristylis dichotoma subsp. podocarpa","FITO",80973803809,1189.180054,3.699999809,"native"
"8577","Hulsea brevifolia","Hulsea brevifolia","HUBR",42965656085,1541.5,5.529999971,"native"
"8578","Lupinus covillei","Lupinus covillei","LUCO4",42965656085,1541.5,5.529999971,"native"
"8579","Mentzelia crocea","Mentzelia crocea","MECR",42965656085,1541.5,5.529999971,"native"
"8580","Hypericum harperi","Hypericum harperi","HYHA",16826690642,450.0600586,2.720000267,"native"
"8581","Helenium drummondii","Helenium drummondii","HEDR2",27390285257,546.4199829,3.059999943,"native"
"8582","Cyclanthera naudiniana","Cyclanthera naudiniana","CYNA5",1.88e+11,967.5499573,3.899999619,"native"
"8583","Desmanthus reticulatus","Desmanthus reticulatus","DERE3",28023213755,375.2999878,2.440000057,"native"
"8584","Condalia hookeri","Condalia hookeri","COHO",1e+11,793.2399292,2.949999809,"native"
"8585","Sedum nuttallianum","Sedum nuttallii","SENU",1.82e+11,1292.580048,3.459999561,"native"
"8586","Mecardonia acuminata","Mecardonia acuminata","MEAC",4.92e+11,947.9199829,4.289999723,"native"
"8587","Tofieldia glabra","Tofieldia glabra","TOGL",36493901186,407.2401123,2.590000153,"native"
"8588","Cyperus plukenetii","Cyperus plukenetii","CYPL3",2.38e+11,1185.539978,4.050000191,"native"
"8589","Urochloa texana","Urochloa texana","URTE2",3.24e+11,1542.689964,5.159999847,"native"
"8590","Eriogonum nervulosum","Eriogonum nervulosum","ERNE8",18285607525,1506.329956,3.380000114,"native"
"8591","Pyxidanthera brevifolia","Pyxidanthera brevifolia","PYBR",4800130488,83.32995605,1.03000021,"native"
"8592","Encyclia tampensis","Encyclia tampensis","ENTA",76670102164,613.6099854,3.869999886,"native"
"8593","Linum berlandieri","Linum berlandieri","LIBE2",4.18e+11,1330.400009,5.019999981,"native"
"8594","Pycnanthemum muticum","Pycnanthemum muticum","PYMU",3.41e+11,1500.030029,3.929999828,"native"
"8595","Aristida stricta","Aristida stricta","ARST5",50233012250,409.4200439,2.590000153,"native"
"8596","Astragalus reventus","Astragalus reventus","ASRE5",53790186683,1597.63002,3.980000019,"native"
"8597","Campanula sharsmithiae","Campanula sharsmithiae","CASH4",7218559301,1088.989975,5.24000001,"native"
"8598","Lomatium observatorium","Lomatium observatorium","LOOB3",7218559301,1088.989975,5.24000001,"native"
"8599","Schoenolirion croceum","Schoenolirion croceum","SCCR",98127649624,695.7599487,3.529999733,"native"
"8600","Sesbania vesicaria","Sesbania vesicaria","SEVE",3.44e+11,1113.479919,4.659999847,"native"
"8601","Blepharizonia plumosa","Blepharizonia plumosa","BLPL",86212926349,1422.610008,5.719999552,"native"
"8602","Croptilon divaricatum","Croptilon divaricatum","CRDI17",4.31e+11,1412.070007,4.339999914,"native"
"8603","Aristida rhizomophora","Aristida rhizomophora","ARRH",45461510067,542.539978,2.869999886,"native"
"8604","Valerianella longiflora","Valeriana fedtschenkoi","VALO2",31826599239,557.210083,2.570000172,"native"
"8605","Argemone sanguinea","Argemone sanguinea","ARSA4",91316992528,755.6100464,2.699999809,"native"
"8606","Saccharum baldwinii","Erianthus strictus","SABA10",1.98e+11,850.2300415,3.81000042,"native"
"8607","Allium drummondii","Allium drummondii","ALDR",7.96e+11,1369.609955,5.349999905,"native"
"8608","Acer floridanum","Acer saccharum subsp. floridanum","ACFL",4.8e+11,1171.350037,4.32000041,"native"
"8609","Marshallia caespitosa","Marshallia caespitosa","MACA7",1.27e+11,977.6500244,3.409999371,"native"
"8610","Hexastylis minor","Asarum minus","HEMI13",45956674186,1201.099976,1.629999638,"native"
"8611","Jamesianthus alabamensis","Jamesianthus alabamensis","JAAL",14367219553,222,2.010000229,"native"
"8612","Ranunculus bonariensis","Ranunculus bonariensis","RABO",35266713400,2674.869949,5.299999475,"native"
"8613","Carex cumberlandensis","Carex cumberlandensis","CACU26",41271819928,580.1199951,2.240000248,"native"
"8614","Baptisia cinerea","Baptisia cinerea","BACI",84281122142,437.3300781,2.610000134,"native"
"8615","Phlox latifolia","Phlox ovata","PHLA13",1.43e+11,1499.330017,3.099999905,"native"
"8616","Cryptantha rattanii","Cryptantha decipiens","CRRA3",32540912978,1350.51001,5.410000086,"native"
"8617","Justicia ovata","Justicia ovata","JUOV",62454687638,344.6199951,3.059999943,"native"
"8618","Sideroxylon lanuginosum","Sideroxylon lanuginosum","SILA20",7.62e+11,1603.059937,7.259999633,"native"
"8619","Scutellaria elliptica","Scutellaria elliptica","SCEL",6.81e+11,1511.679993,4.32000041,"native"
"8620","Atriplex wardii","Atriplex wardii","ATWA2",2288233616,33.15002441,1.260000229,"native"
"8621","Lithospermum tuberosum","Lithospermum tuberosum","LITU2",1.55e+11,703.7799683,4.149999857,"native"
"8622","Vitis shuttleworthii","Vitis shuttleworthii","VISH2",69442651123,588.6399536,3.869999886,"native"
"8623","Lesquerella lasiocarpa","Paysonia lasiocarpa subsp. lasiocarpa","LELA6",70160797414,501.25,2.809999943,"native"
"8624","Stachys appalachiana","Stachys appalachiana","STAP5",5877549765,612.2999268,0.950000286,"native"
"8625","Smilax biltmoreana","Smilax biltmoreana","SMBI",32574364642,1129.570068,2.929999828,"native"
"8626","Hexastylis lewisii","Asarum lewisii","HELE2",28287116198,273.1400146,1.430000305,"native"
"8627","Lomatium farinosum","Lomatium farinosum","LOFA",1.12e+11,3299.299973,3.380000114,"native"
"8628","Stillingia sylvatica","Stillingia sylvatica","STSY",6.72e+11,1463.500031,5.019999981,"native"
"8629","Elliottia racemosa","Elliottia racemosa","ELRA2",14122066027,120.8499756,1.880000114,"native"
"8630","Chasmanthium sessiliflorum","Chasmanthium laxum","CHSE2",4.8e+11,1243.330017,4.32000041,"native"
"8631","Asimina obovata","Asimina obovata","ASOB6",50545753330,585.3400269,2.809999943,"native"
"8632","Clematis viticaulis","Clematis viticaulis","CLVI8",5420372616,697.6099854,1.5,"native"
"8633","Palafoxia feayi","Palafoxia feayi","PAFE",61747349602,588.6399536,3.869999886,"native"
"8634","Viburnum dentatum","Viburnum dentatum","VIDE",6.65e+11,1496.299988,4.289999723,"native"
"8635","Saccharum giganteum","Erianthus giganteus","SAGI",5.08e+11,1421.520081,4.199999809,"native"
"8636","Tillandsia simulata","Tillandsia simulata","TISI",37634678283,416.0300293,2.389999866,"native"
"8637","Epilobium cleistogamum","Epilobium cleistogamum","EPCL3",94627730972,2715.449951,5.529999971,"native"
"8638","Mimosa malacophylla","Mimosa malacophylla","MIMA",40002102789,438.1899719,1.779999733,"native"
"8639","Liatris microcephala","Liatris microcephala","LIMI7",58275564691,1208.810059,2.310000181,"native"
"8640","Phanopyrum gymnocarpon","Panicum gymnocarpon","PHGY2",1.91e+11,913.3300171,3.779999733,"native"
"8641","Crataegus marshallii","Crataegus marshallii","CRMA5",4.78e+11,1378.899963,4.019999504,"native"
"8642","Leucaena pulverulenta","Leucaena pulverulenta","LEPU3",31232042234,391.1199951,2.210000038,"native"
"8643","Halophila johnsonii","Halophila ovalis subsp. ovalis","HAJO",16829247842,584.3899536,3.869999886,"native"
"8644","Symphyotrichum fendleri","Symphyotrichum fendleri","SYFE",1.73e+11,1059.749969,3.179999828,"native"
"8645","Utricularia simulans","Utricularia simulans","UTSI",42341342183,584.3899536,3.869999886,"native"
"8646","Hesperevax caulescens","Hesperevax caulescens","HECA30",1e+11,2802.949951,5.719999552,"native"
"8647","Tradescantia longipes","Tradescantia longipes","TRLO2",38907834730,568.2900391,2.889999866,"native"
"8648","Eriogonum longifolium","Eriogonum longifolium","ERLO5",5.02e+11,1488.540024,3.509999752,"native"
"8649","Galactia regularis","Galactia regularis","GARE2",5.85e+11,856.7200317,4.149999619,"native"
"8650","Lomatium tuberosum","Lomatium tuberosum","LOTU",28415529623,3299.299973,3.279999733,"native"
"8651","Calamagrostis porteri","Calamagrostis porteri","CAPO3",1.17e+11,900.960022,3.050000191,"native"
"8652","Acalypha radians","Acalypha radians","ACRA",98969646905,661.6199341,2.949999809,"native"
"8653","Cyperus retrofractus","Cyperus retrofractus","CYRE4",2.15e+11,1330.549988,3.909999847,"native"
"8654","Lindernia grandiflora","Lindernia grandiflora","LIGR8",67936471599,615.4400024,3.119999886,"native"
"8655","Callicarpa americana","Callicarpa americana","CAAM2",7.55e+11,1710.309998,4.799999952,"native"
"8656","Rayjacksonia annua","Rayjacksonia annua","RAAN2",1.35e+11,972.4499817,3.659999847,"native"
"8657","Cardamine angustata","Cardamine angustata","CAAN11",3.33e+11,986.9799805,3.21999979,"native"
"8658","Kalmia carolina","Kalmia angustifolia subsp. carolina","KACA2",62079878118,1391.890015,3.059999943,"native"
"8659","Axonopus furcatus","Axonopus furcatus","AXFU",2.3e+11,913.3300171,4.449999809,"native"
"8660","Chamaesyce stictospora","Euphorbia stictospora","CHST8",7.1e+11,1278.280029,5.339999676,"native"
"8661","Vicia ocalensis","Vicia ocalensis","VIOC80",6576251514,163.6800537,1.759999752,"native"
"8662","Plagiobothrys humistratus","Plagiobothrys humistratus","PLHU",32194406858,2674.869949,5.299999475,"native"
"8663","Carex picta","Carex picta","CAPI5",80338511753,583.3499756,3.439999819,"native"
"8664","Liatris elegans","Liatris elegans","LIEL",3.26e+11,1182.439941,4.289999962,"native"
"8665","Piloblephis rigida","Piloblephis rigida","PIRI5",82370958849,588.6399536,3.869999886,"native"
"8666","Dichanthelium commutatum","Dichanthelium commutatum","DICO2",1.15e+12,1511.549988,4.32000041,"native"
"8667","Rubus immanis","Rubus immanis","RUIM",7191253264,228.7600098,2.119999886,"native"
"8668","Callisia ornata","Callisia ornata","CAOR10",62673978027,585.3400269,3.119999886,"native"
"8669","Conoclinium betonicifolium","Conoclinium betonicifolium","COBE4",29284335101,755.6100464,2.150000095,"native"
"8670","Plagiobothrys infectivus","Plagiobothrys infectivus","PLIN",73884755279,1666.510033,5.719999552,"native"
"8671","Delphinium gypsophilum","Delphinium gypsophilum","DEGY",85449974640,1459.959984,5.719999552,"native"
"8672","Andropogon gyrans","Andropogon gyrans","ANGY2",4.67e+11,1294.880005,4.149999619,"native"
"8673","Trillium texanum","Trillium texanum","TRTE3",29555004128,422.4599609,2.25,"native"
"8674","Helianthus schweinitzii","Helianthus schweinitzii","HESC3",11791526574,334.3199463,1.389999866,"native"
"8675","Delphinium recurvatum","Delphinium recurvatum","DERE2",89061465894,1566.559959,5.719999552,"native"
"8676","Gentiana autumnalis","Gentiana autumnalis","GEAU4",62945604327,495.2200317,3.059999943,"native"
"8677","Betula uber","Betula lenta fo. uber","BEUB",1168992135,583.5299683,1.5,"native"
"8678","Heuchera pubescens","Heuchera pubescens","HEPU7",93186525794,1239.320007,2.550000191,"native"
"8679","Fimbristylis annua","Fimbristylis dichotoma subsp. dichotoma","FIAN",2.29e+11,1596.640015,4.92999959,"native"
"8680","Phacelia congdonii","Phacelia congdonii","PHCO18",52741415370,1470.959984,5.719999552,"native"
"8681","Sabal etonia","Sabal etonia","SAET",57134972210,584.3899536,3.869999886,"native"
"8682","Gymnopogon ambiguus","Gymnopogon ambiguus","GYAM",5.19e+11,1601.549988,4.659999847,"native"
"8683","Schizachyrium littorale","Schizachyrium littorale","SCLI11",26491075783,1114.730042,4.289999962,"native"
"8684","Scirpus divaricatus","Scirpus divaricatus","SCDI2",80659569047,678.1700439,3.569999695,"native"
"8685","Solidago sphacelata","Solidago sphacelata","SOSP4",1.51e+11,1274.070068,2.430000305,"native"
"8686","Crataegus pratensis","Crataegus pratensis","CRPR4",415125907,45.60998535,0.599999905,"native"
"8687","Atriplex joaquinana","Atriplex joaquinana","ATJO4",55900153241,1521.019943,5.529999971,"native"
"8688","Ruellia caroliniensis","Ruellia caroliniensis","RUCA4",8.02e+11,1335.48999,4.32000041,"native"
"8689","Phoebanthus grandiflorus","Phoebanthus grandiflorus","PHGR12",53720834999,577.5500488,2.809999943,"native"
"8690","Spiraea corymbosa","Spiraea corymbosa","SPCO12",56823596351,746.4500122,2.449999809,"native"
"8691","Scleria oligantha","Scleria oligantha","SCOL2",4.02e+11,1375.559998,4.109999657,"native"
"8692","Polygonum setaceum","Persicaria setacea","POSE6",4.61e+11,1879,4.799999952,"native"
"8693","Aristida gyrans","Aristida gyrans","ARGY",41389759764,578.5899658,3.190000057,"native"
"8694","Quercus coccinea","Quercus coccinea","QUCO2",8.57e+11,1618.570007,4.189999819,"native"
"8695","Arabis missouriensis","Borodinia missouriensis","ARMI5",2.27e+11,1214.349976,3.230000019,"native"
"8696","Obolaria virginica","Obolaria virginica","OBVI",4e+11,1450.48999,3.879999876,"native"
"8697","Plagiobothrys distantiflorus","Plagiobothrys distantiflorus","PLDI2",34345235894,1541.5,5.410000086,"native"
"8698","Lewisia disepala","Lewisia disepala","LEDI3",58276032842,1470.959984,5.719999552,"native"
"8699","Leptosiphon serrulatus","Leptosiphon serrulatus","LESE18",58276032842,1470.959984,5.719999552,"native"
"8700","Gymnocarpium appalachianum","Gymnocarpium appalachianum","GYAP",23119710944,746.4500122,2.480000019,"native"
"8701","Eragrostis swallenii","Eragrostis swallenii","ERSW",15480676629,400.9000244,1.779999733,"native"
"8702","Packera tomentosa","Packera tomentosa","PATO4",2.16e+11,1079.169983,3.879999638,"native"
"8703","Eleocharis melanocarpa","Eleocharis melanocarpa","ELME",1.12e+11,859.4500122,3.779999733,"native"
"8704","Amsonia ludoviciana","Amsonia ludoviciana","AMLU2",3480257756,290.9200439,2.75,"native"
"8705","Rubus deamii","Rubus deamii","RUDE4",17849012923,794.3599854,2.570000172,"native"
"8706","Asimina reticulata","Asimina reticulata","ASRE7",82587523344,588.6399536,3.869999886,"native"
"8707","Carex vexans","Carex vexans","CAVE10",70477993216,630.9500122,3.119999886,"native"
"8708","Rubus trivialis","Rubus trivialis","RUTR",5.93e+11,1690.549988,4.529999733,"native"
"8709","Astragalus pleianthus","Astragalus pleianthus","ASPL8",96002303284,1004.329987,3.359999657,"native"
"8710","Dichanthelium consanguineum","Dichanthelium consanguineum","DICO4",1.28e+11,816.1799316,3.819999695,"native"
"8711","Chamaecrista deeringiana","Chamaecrista deeringiana","CHDE9",10930173082,555.1300049,2.260000229,"native"
"8712","Oxalis grandis","Oxalis grandis","OXGR",3.28e+11,1476.75,3.460000038,"native"
"8713","Mimosa hystricina","Mimosa hystricina","MIHY2",38385735968,588.3500366,3.289999485,"native"
"8714","Cardamine dissecta","Cardamine dissecta","CADI28",1.11e+11,1070.669983,3.270000219,"native"
"8715","Blepharizonia laxa","Blepharizonia laxa","BLLA4",77000621899,1422.610008,5.719999552,"native"
"8716","Brazoria arenaria","Brazoria arenaria","BRAR",18162860482,480.7299805,1.779999733,"native"
"8717","Pycnanthemum loomisii","Pycnanthemum loomisii","PYLO",1.1e+11,1207.150085,3.310000181,"native"
"8718","Paronychia chartacea","Paronychia chartacea","PACH6",21653477043,510.8100586,2.980000019,"native"
"8719","Hymenocallis palmeri","Hymenocallis palmeri","HYPA4",44349233779,610.3100586,2.869999886,"native"
"8720","Phoradendron leucarpum","Phoradendron leucarpum","PHLE14",7.62e+11,2095.520004,4.899999619,"native"
"8721","Asclepias feayi","Asclepias feayi","ASFE4",38593221095,585.3400269,2.809999943,"native"
"8722","Yucca arkansana","Yucca arkansana","YUAR2",2.07e+11,1228.230011,3.860000134,"native"
"8723","Lobelia feayana","Lobelia feayana","LOFE2",75828150579,585.3400269,3.119999886,"native"
"8724","Quercus nigra","Quercus nigra","QUNI",9.06e+11,1291.799988,4.799999952,"native"
"8725","Justicia cooleyi","Justicia cooleyi","JUCO8",5129696541,163.6800537,1.759999752,"native"
"8726","Rubus apogaeus","Rubus flagellaris","RUAP",14569872698,643.3900757,3.379999638,"native"
"8727","Sarracenia oreophila","Sarracenia oreophila","SAOR3",12607785685,1024.440063,2.200000048,"native"
"8728","Indigofera miniata","Indigofera miniata","INMI",3.64e+11,1362.460052,4.659999847,"native"
"8729","Crataegus brachyacantha","Crataegus brachyacantha","CRBR",42300004727,690.9500732,3.230000019,"native"
"8730","Desmodium viridiflorum","Desmodium viridiflorum","DEVI4",3.66e+11,1450.48999,4.159999847,"native"
"8731","Xylothamia palmeri","Medranoa palmeri","XYPA3",49240361259,433.0499878,2.210000038,"native"
"8732","Coreopsis delphiniifolia","Coreopsis delphiniifolia","CODE3",24349413698,532.1999512,2.259999752,"native"
"8733","Cirsium carolinianum","Cirsium carolinianum","CICA7",1.72e+11,1169.900024,3.379999638,"native"
"8734","Forestiera ligustrina","Forestiera ligustrina","FOLI",1.48e+11,847.3300171,3.779999733,"native"
"8735","Carex tetrastachya","Carex tetrastachya","CATE29",1.39e+11,1099.659973,3.269999981,"native"
"8736","Crataegus spathulata","Crataegus spathulata","CRSP",2.79e+11,1522.320007,4.430000067,"native"
"8737","Smallanthus uvedalius","Smallanthus uvedalia","SMUV",7.19e+11,1609.48999,4.379999876,"native"
"8738","Heterotheca barbata","Heterotheca hirsuta","HEBA2",12177227878,1291.910004,2.320000172,"native"
"8739","Carex gigantea","Carex gigantea","CAGI4",2.35e+11,777.2700195,4.149999857,"native"
"8740","Cucurbita okeechobeensis","Cucurbita okeechobeensis","CUOK",13295915036,546.789978,2.389999866,"native"
"8741","Stylisma villosa","Stylisma villosa","STVI6",66465202443,1037.789978,4.659999847,"native"
"8742","Berlandiera betonicifolia","Berlandiera betonicifolia","BEBE4",2.04e+11,1340.440033,3.53000021,"native"
"8743","Liatris squarrulosa","Liatris squarrulosa","LISQ2",1.85e+11,1153.440063,3.289999962,"native"
"8744","Najas filifolia","Najas filifolia","NAFI2",24219842688,639.3400879,2.980000019,"native"
"8745","Phlox oklahomensis","Phlox oklahomensis","PHOK",18873341461,508.1100464,2.160000324,"native"
"8746","Solidago guiradonis","Solidago guiradonis","SOGU",22371891549,1350.51001,4.150000095,"native"
"8747","Eastwoodia elegans","Eastwoodia elegans","EAEL",78499717034,1422.610008,5.719999552,"native"
"8748","Saxifraga palmeri","Micranthes palmeri","SAPA13",46829017756,616.5100098,3.210000038,"native"
"8749","Melica mutica","Melica mutica","MEMU",6.17e+11,1745.089996,4.430000067,"native"
"8750","Hymenopappus tenuifolius","Hymenopappus tenuifolius","HYTE2",8.59e+11,1050.499969,5.349999905,"native"
"8751","Clinopodium brownei","Clinopodium brownei","CLBR7",86483280927,1194.27002,4.659999847,"native"
"8752","Astragalus plattensis","Astragalus plattensis","ASPL2",4.81e+11,1000.369965,3.690000057,"native"
"8753","Polygonella fimbriata","Polygonella fimbriata","POFI4",13189969427,463.4200439,2.720000267,"native"
"8754","Navarretia myersii","Navarretia myersii","NAMY",12308089740,1482.909988,5.299999475,"native"
"8755","Abronia alpina","Abronia alpina","ABAL",12495083015,1255.799973,4.269999981,"native"
"8756","Astragalus shevockii","Astragalus shevockii","ASSH5",12495083015,1255.799973,4.269999981,"native"
"8757","Brodiaea insignis","Brodiaea insignis","BRIN5",12495083015,1255.799973,4.269999981,"native"
"8758","Clarkia springvillensis","Clarkia springvillensis","CLSP6",12495083015,1255.799973,4.269999981,"native"
"8759","Cuscuta brachycalyx","Cuscuta brachycalyx","CUBR",12495083015,1255.799973,4.269999981,"native"
"8760","Draba cruciata","Draba cruciata","DRCR3",12495083015,1255.799973,4.269999981,"native"
"8761","Erythronium pusaterii","Erythronium pusaterii","ERPU11",12495083015,1255.799973,4.269999981,"native"
"8762","Eriogonum twisselmannii","Eriogonum twisselmannii","ERTW2",12495083015,1255.799973,4.269999981,"native"
"8763","Horkelia tularensis","Horkelia tularensis","HOTU",12495083015,1255.799973,4.269999981,"native"
"8764","Iris munzii","Iris munzii","IRMU",12495083015,1255.799973,4.269999981,"native"
"8765","Mimulus barbatus","Erythranthe barbata","MIBA",12495083015,1255.799973,4.269999981,"native"
"8766","Oreonana purpurascens","Oreonana purpurascens","ORPU5",12495083015,1255.799973,4.269999981,"native"
"8767","Ribes tularense","Ribes tularense","RITU",12495083015,1255.799973,4.269999981,"native"
"8768","Silene aperta","Silene aperta","SIAP",12495083015,1255.799973,4.269999981,"native"
"8769","Carex molestiformis","Carex molestiformis","CAMO35",13431113175,191.75,1.650000095,"native"
"8770","Eriogonum correllii","Eriogonum correllii","ERCO21",21721486109,293.5200195,0.960000038,"native"
"8771","Crataegus harbisonii","Crataegus harbisonii","CRHA2",10339026815,262.0999756,2.589999676,"native"
"8772","Draba ramosissima","Draba ramosissima","DRRA",67991014467,968.5900269,2.909999847,"native"
"8773","Rhexia mariana","Rhexia mariana","RHMA",9.24e+11,1807.559998,4.799999952,"native"
"8774","Berlandiera pumila","Berlandiera pumila","BEPU2",2.1e+11,1019.090027,3.909999847,"native"
"8775","Lechea san-sabeana","Lechea san-sabeana","LESA",1.2e+11,1069.490021,3.799999714,"native"
"8776","Cuscuta compacta","Cuscuta compacta","CUCO2",5.07e+11,1645.179993,4.050000191,"native"
"8777","Spigelia marilandica","Spigelia marilandica","SPMA3",4.26e+11,1303.690063,4.32000041,"native"
"8778","Andropogon ternarius","Andropogon ternarius","ANTE2",7.26e+11,1631.590027,4.799999952,"native"
"8779","Silphium radula","Silphium radula","SIRA2",1.38e+11,1208.700012,4.390000105,"native"
"8780","Linum imbricatum","Linum imbricatum","LIIM",1.27e+11,1240.820007,3.559999943,"native"
"8781","Streptanthus hyacinthoides","Streptanthus hyacinthoides","STHY",37193972637,761.2000122,3.429999828,"native"
"8782","Erigeron piperianus","Erigeron piperianus","ERPI3",70368559851,3299.299973,3.279999733,"native"
"8783","Carex complanata","Carex complanata","CACO9",5.46e+11,1543.950012,4.339999914,"native"
"8784","Eurytaenia texana","Eurytaenia texana","EUTE5",1.68e+11,1176.149963,3.710000038,"native"
"8785","Ipomoea leptophylla","Ipomoea leptophylla","IPLE",6.37e+11,1403.860031,4.9599998,"native"
"8786","Polygonella robusta","Polygonella robusta","PORO6",62765518747,635.2000122,3.119999886,"native"
"8787","Lasthenia ferrisiae","Lasthenia ferrisiae","LAFE",1.06e+11,2235.410057,5.719999552,"native"
"8788","Hesperolinon californicum","Linum californicum","HECA11",45550254013,2674.869949,5.299999475,"native"
"8789","Dicerandra cornutissima","Dicerandra frutescens var. cornutissima","DICO5",5556870540,132.3800049,1.759999752,"native"
"8790","Physalis hispida","Physalis pumila var. hispida","PHHI8",6.2e+11,1382.76001,7.269999862,"native"
"8791","Isoetes texana","Isoetes texana","ISTE7",1965511646,276.2600708,2.150000095,"native"
"8792","Chamaecrista flexuosa","Chamaecrista flexuosa","CHFL4",74150969541,633.1199341,2.949999809,"native"
"8793","Aristolochia erecta","Aristolochia erecta","ARER",67959559662,889.3400269,3.269999981,"native"
"8794","Dalea multiflora","Dalea multiflora","DAMU",3.42e+11,1217.47995,3.769999981,"native"
"8795","Croton argyranthemus","Croton argyranthemus","CRAR2",2.15e+11,1258.570007,4.289999962,"native"
"8796","Palafoxia rosea","Palafoxia rosea","PARO",2.65e+11,1196.549988,4.18999958,"native"
"8797","Eupatorium lancifolium","Eupatorium lancifolium","EULA7",6707481397,549.9100342,2.75,"native"
"8798","Amsonia rigida","Amsonia rigida","AMRI",12152425204,404.4500732,2.340000153,"native"
"8799","Lupinus culbertsonii","Lupinus culbertsonii","LUCU",39697988403,1585.610001,5.630000353,"native"
"8800","Scutellaria bushii","Scutellaria bushii","SCBU",21860390895,166.1600342,1.509999752,"native"
"8801","Callirhoe leiocarpa","Callirhoe leiocarpa","CALE2",1.36e+11,940.4400024,3.71999979,"native"
"8802","Penstemon dissectus","Penstemon dissectus","PEDI7",11771444028,168.9000244,1.239999771,"native"
"8803","Calycadenia mollis","Calycadenia mollis","CAMO4",47978957029,1541.5,5.529999971,"native"
"8804","Packera tampicana","Packera tampicana","PATA5",2.88e+11,1325.399963,3.799999714,"native"
"8805","Isoetes valida","Isoetes valida","ISVA2",8616537682,896.960022,1.659999847,"native"
"8806","Pycnanthemum pycnanthemoides","Pycnanthemum pycnanthemoides","PYPY",1.76e+11,1376.900085,3.879999876,"native"
"8807","Gentiana saponaria","Gentiana saponaria","GESA",3.39e+11,1348.059998,3.659999847,"native"
"8808","Hieracium greenii","Hieracium greenii","HIGR5",41602153458,728.4699707,3.960000038,"native"
"8809","Clinopodium ashei","Clinopodium ashei","CLAS2",22698874229,427.7000122,2.739999771,"native"
"8810","Saccharum alopecuroides","Erianthus alopecuroides","SAAL21",3.81e+11,1380.540039,3.639999866,"native"
"8811","Polygala lewtonii","Polygala lewtonii","POLE8",24917848188,318.7700195,2.389999866,"native"
"8812","Asplenium pinnatifidum","Asplenium pinnatifidum","ASPI",3.04e+11,1368.890015,3.879999876,"native"
"8813","Ebenopsis ebano","Ebenopsis ebano","EBEB",41054616642,792.1399536,1.819999695,"native"
"8814","Paronychia herniarioides","Paronychia herniarioides","PAHE6",52701873142,526.3300781,2.980000019,"native"
"8815","Nemophila aphylla","Nemophila aphylla","NEAP",1.34e+11,693.1799927,4.020000219,"native"
"8816","Dichanthelium longiligulatum","Dichanthelium longiligulatum","DILO4",1.02e+11,753.4300537,3.409999847,"native"
"8817","Tradescantia paludosa","Tradescantia ohiensis","TRPA8",9835488437,431.9599609,2.490000248,"native"
"8818","Grindelia papposa","Grindelia ciliata","GRPA8",5.89e+11,1369.449997,5.21999979,"native"
"8819","Neptunia pubescens","Neptunia pubescens","NEPU3",1.67e+11,1365.239929,4.659999847,"native"
"8820","Salvia lyrata","Salvia lyrata","SALY2",1.07e+12,1807.559998,4.119999886,"native"
"8821","Trichostema ovatum","Trichostema ovatum","TROV",61138438970,1422.610008,4.459999561,"native"
"8822","Calycadenia hooveri","Calycadenia hooveri","CAHO18",20816882589,1358.279984,5.299999475,"native"
"8823","Penstemon buckleyi","Penstemon buckleyi","PEBU",2.01e+11,765.27005,2.879999638,"native"
"8824","Clarkia mosquinii","Clarkia mosquinii","CLMO3",4238438186,1840.170044,2.160000324,"native"
"8825","Sidalcea robusta","Sidalcea robusta","SIRO2",4238438186,1840.170044,2.160000324,"native"
"8826","Trifolium jokerstii","Trifolium jokerstii","TRJO",4238438186,1840.170044,2.160000324,"native"
"8827","Cheilanthes lanosa","Hemionitis feei","CHLA2",5.75e+11,1598.400024,4.32000041,"native"
"8828","Sagittaria australis","Sagittaria australis","SAAU2",2.07e+11,1188.630005,3.639999866,"native"
"8829","Rhynchospora scirpoides","Rhynchospora scirpoides","RHSC5",1.07e+11,984.999939,3.649999619,"native"
"8830","Symphyotrichum patens","Symphyotrichum patens","SYPA11",1.1e+12,1520.429993,4.589999914,"native"
"8831","Xyris torta","Xyris torta","XYTO",3.85e+11,1577.26001,4.32000041,"native"
"8832","Clematis crispa","Clematis crispa","CLCR",3.82e+11,1106.559937,4.319999695,"native"
"8833","Rubus stipulatus","Rubus stipulatus","RUST7",77096022065,177.3499756,2.760000229,"native"
"8834","Eriogonum gossypinum","Eriogonum gossypinum","ERGO2",48643355955,1422.610008,4.459999561,"native"
"8835","Agave neglecta","Agave weberi","AGNE3",3506069169,315.9100342,2.21999979,"native"
"8836","Asplenium tutwilerae","Asplenium tutwilerae","ASTU3",1667907112,64.34997559,1.639999866,"native"
"8837","Chamaesyce cordifolia","Euphorbia cordifolia","CHCO11",2.16e+11,1218.179932,4.289999962,"native"
"8838","Luzula echinata","Luzula echinata","LUEC",6.67e+11,1496.299988,3.960000038,"native"
"8839","Chloris andropogonoides","Chloris andropogonoides","CHAN",65646074812,630.2000732,2.949999809,"native"
"8840","Paspalum monostachyum","Paspalum monostachyum","PAMO4",67398361086,1189.390015,4.659999847,"native"
"8841","Thalictrum debile","Thalictrum debile","THDE5",20488773443,357.4099121,2.590000153,"native"
"8842","Oenothera triangulata","Oenothera triangulata","OETR",39783138878,652.3100281,2.929999828,"native"
"8843","Trillium ludovicianum","Trillium ludovicianum","TRLU2",7378837585,146.7099609,1.940000057,"native"
"8844","Acleisanthes obtusa","Acleisanthes obtusa","ACOB2",66580052266,754.1300659,2.699999809,"native"
"8845","Helianthemum georgianum","Crocanthemum georgianum","HEGE",2.15e+11,1223.059937,4.529999733,"native"
"8846","Pycnanthemum albescens","Pycnanthemum albescens","PYAL",3.15e+11,1222.239929,3.779999733,"native"
"8847","Agnorhiza invenusta","Agnorhiza invenusta","AGIN8",48988943221,1422.610008,4.459999561,"native"
"8848","Angelica callii","Angelica callii","ANCA13",48988943221,1422.610008,4.459999561,"native"
"8849","Diplacus calycinus","Diplacus calycinus","DICA12",48988943221,1422.610008,4.459999561,"native"
"8850","Erigeron aequifolius","Erigeron aequifolius","ERAE",48988943221,1422.610008,4.459999561,"native"
"8851","Mimulus whitneyi","Diplacus bicolor","MIWH3",48988943221,1422.610008,4.459999561,"native"
"8852","Pseudobahia peirsonii","Pseudobahia peirsonii","PSPE",48988943221,1422.610008,4.459999561,"native"
"8853","Crataegus jesupii","Crataegus jesupii","CRJE",25013759380,549.0699463,2.539999962,"native"
"8854","Strophostyles umbellata","Strophostyles umbellata","STUM2",6.02e+11,1410.97998,4.019999504,"native"
"8855","Calochortus amoenus","Calochortus amoenus","CAAM5",54523560693,1459.959984,5.719999552,"native"
"8856","Streptanthus farnsworthianus","Streptanthus farnsworthianus","STFA2",54523560693,1459.959984,5.719999552,"native"
"8857","Monolopia stricta","Monolopia stricta","MOST",69748330909,1422.610008,5.719999552,"native"
"8858","Asplenium bradleyi","Asplenium bradleyi","ASBR2",1.93e+11,1344.220093,3.879999876,"native"
"8859","Warea amplexifolia","Warea amplexifolia","WAAM",12893242440,195.8800049,2,"native"
"8860","Orbexilum simplex","Orbexilum simplex","ORSI",77088876760,771.7600098,3.730000496,"native"
"8861","Fuirena bushii","Fuirena bushii","FUBU",40883926289,687.9500122,3.349999905,"native"
"8862","Eryngium jepsonii","Eryngium aristulatum subsp. aristulatum","ERJE2",6394975823,686.0299683,4.110000134,"native"
"8863","Chamaesyce hooveri","Euphorbia hooveri","CHHO3",36662874009,2695.029953,5.529999971,"native"
"8864","Callirhoe papaver","Callirhoe papaver","CAPA2",90569447558,677.1699829,3.779999733,"native"
"8865","Triadenum walteri","Hypericum walteri","TRWA",4.29e+11,1710.309998,4.360000372,"native"
"8866","Vaccinium arboreum","Vaccinium arboreum","VAAR",9.86e+11,1645.460022,4.799999952,"native"
"8867","Centaurium texense","Zeltnera texensis","CETE2",75713471417,882.4200439,3.440000057,"native"
"8868","Liatris spheroidea","Liatris spheroidea","LISP4",1369014399,129.9700928,2.150000095,"native"
"8869","Desmodium laevigatum","Desmodium laevigatum","DELA2",4.71e+11,1302.22998,4.210000038,"native"
"8870","Astragalus succumbens","Astragalus succumbens","ASSU7",64775630532,3299.299973,3.980000019,"native"
"8871","Chapmannia floridana","Chapmannia floridana","CHFL2",49027602619,585.3400269,2.809999943,"native"
"8872","Zanthoxylum fagara","Zanthoxylum fagara","ZAFA",1.06e+11,1095.019958,4.659999847,"native"
"8873","Sporobolus teretifolius","Sporobolus teretifolius","SPTE4",31223118148,445.8500366,2.590000153,"native"
"8874","Spiranthes tuberosa","Spiranthes tuberosa","SPTU",5.7e+11,1445.549988,4.050000191,"native"
"8875","Lepuropetalon spathulatum","Lepuropetalon spathulatum","LESP",1.2e+11,1034.100037,3.819999695,"native"
"8876","Piptochaetium avenacioides","Piptochaetium avenacioides","PIAV2",22791522457,577.5500488,2.389999866,"native"
"8877","Heliotropium racemosum","Euploca racemosa","HERA5",38142882755,589.2399902,2.809999943,"native"
"8878","Thelesperma nuecense","Thelesperma nuecense","THNU",27206046389,459.3200073,1.779999733,"native"
"8879","Cyperus lancastriensis","Cyperus lancastriensis","CYLA3",2.48e+11,1141.52002,3.659999847,"native"
"8880","Carya carolinae-septentrionalis","Carya ovata var. australis","CACA38",1.34e+11,733.4200439,2.579999924,"native"
"8881","Hymenopappus scabiosaeus","Hymenopappus scabiosaeus","HYSC",6.15e+11,1481.52002,3.93999958,"native"
"8882","Aristolochia reticulata","Aristolochia reticulata","ARRE3",89344870911,843.1199951,3.349999905,"native"
"8883","Oligoneuron nitidum","Solidago nitida","OLNI",1.02e+11,1084.690002,3.869999886,"native"
"8884","Erythronium pluriflorum","Erythronium pluriflorum","ERPL8",5534617472,1336.12999,5.24000001,"native"
"8885","Dichanthelium laxiflorum","Dichanthelium laxiflorum","DILA9",8.36e+11,1367.75,4.279999733,"native"
"8886","Hamamelis vernalis","Hamamelis vernalis","HAVE2",1.53e+11,683.2199707,2.920000076,"native"
"8887","Stellaria prostrata","Stellaria cuspidata subsp. prostrata","STPR",64288076992,1079.890015,4.289999962,"native"
"8888","Stenandrium dulce","Stenandrium dulce","STDU2",64510852006,1071.799957,4.659999847,"native"
"8889","Quercus falcata","Quercus falcata","QUFA",1.02e+12,1499.330017,4.369999886,"native"
"8890","Cornus amomum","Cornus amomum","COAM2",1.16e+12,1614.809998,3.96999979,"native"
"8891","Cyperus refractus","Cyperus refractus","CYRE3",1.49e+11,1104.920044,3.619999886,"native"
"8892","Downingia ornatissima","Downingia ornatissima","DOOR",90147520467,2715.449951,5.529999971,"native"
"8893","Elymus churchii","Elymus churchii","ELCH5",23318877453,610.5400391,2.570000172,"native"
"8894","Baptisia nuttalliana","Baptisia nuttalliana","BANU2",1.25e+11,843.1100464,3.380000591,"native"
"8895","Orcuttia pilosa","Orcuttia pilosa","ORPI",29702408466,2674.869949,5.299999475,"native"
"8896","Isoetes virginica","Isoetes melanopoda subsp. melanopoda","ISVI",7505189612,657,1.559999943,"native"
"8897","Styrax americanus","Styrax americanus","STAM4",5.36e+11,1202.73999,3.899999619,"native"
"8898","Arundinaria gigantea","Arundinaria gigantea","ARGI",9.8e+11,1427.700012,4.109999657,"native"
"8899","Notholithocarpus densiflorus f. attenuatodentatus","Notholithocarpus densiflorus","NODEA",1636913845,1451.329956,2.140000343,"native"
"8900","Harmonia hallii","Harmonia hallii","HAHA11",10800956128,1308.849976,3.380000114,"native"
"8901","Lomatium hooveri","Lomatium hooveri","LOHO3",10800956128,1308.849976,3.380000114,"native"
"8902","Tuctoria greenei","Tuctoria greenei","TUGR",71013388791,2715.449951,5.529999971,"native"
"8903","Leptosiphon ambiguus","Leptosiphon ambiguus","LEAM13",25516372387,1276.580032,5.299999475,"native"
"8904","Agnorhiza elata","Agnorhiza elata","AGEL8",37213576713,1398.859985,5.529999971,"native"
"8905","Mimulus grayi","Erythranthe grayi","MIGR4",37213576713,1398.859985,5.529999971,"native"
"8906","Prunus texana","Prunus texana","PRTE",23688967954,550.5699463,2.949999809,"native"
"8907","Androstephium coeruleum","Androstephium coeruleum","ANCO9",1.5e+11,602.6099854,2.929999828,"native"
"8908","Cinna bolanderi","Cinna bolanderi","CIBO2",31678959241,1398.859985,5.529999971,"native"
"8909","Dichanthelium ravenelii","Dichanthelium ravenelii","DIRA",3.07e+11,1063.639954,4.32000041,"native"
"8910","Hieracium kalmii","Hieracium umbellatum subsp. umbellatum","HIKA2",5.74e+11,1767.860046,4.019999504,"native"
"8911","Rubus baileyanus","Rubus baileyanus","RUBA2",7754891065,384.9899292,2.039999962,"native"
"8912","Matelea radiata","Matelea radiata","MARA5",7549886402,426.539978,1.400000095,"native"
"8913","Carex albolutescens","Carex albolutescens","CAAL5",5.34e+11,1360.690002,4.069999695,"native"
"8914","Trixis inula","Trixis inula","TRIN6",17794109658,277.7999878,1.779999733,"native"
"8915","Viburnum bracteatum","Viburnum bracteatum","VIBR2",4142924074,336.7199707,0.860000134,"native"
"8916","Guillenia flavescens","Streptanthus flavescens","GUFL3",50835444693,1494.459961,5.410000086,"native"
"8917","Stylosanthes biflora","Stylosanthes biflora","STBI2",1.16e+12,1622.600037,4.430000067,"native"
"8918","Sideroxylon lycioides","Sideroxylon lycioides","SILY",2.72e+11,773.9700317,4.149999857,"native"
"8919","Nolina brittoniana","Nolina brittoniana","NOBR",23513026620,318.7700195,2.25,"native"
"8920","Boltonia montana","Boltonia montana","BOMO4",6131112898,646.9799805,1.949999809,"native"
"8921","Abutilon berlandieri","Abutilon berlandieri","ABBE",61034945694,684.7000122,2.809999943,"native"
"8922","Rubus depavitus","Rubus flagellaris","RUDE8",19897243407,607.3599854,2.289999962,"native"
"8923","Hibiscus lasiocarpos","Hibiscus lasiocarpos","HILA6",1.66e+11,2106.070053,4.839999676,"native"
"8924","Bonamia grandiflora","Bonamia grandiflora","BOGR5",30159066737,478.9700928,2.389999866,"native"
"8925","Pediomelum cuspidatum","Pediomelum cuspidatum","PECU3",4.47e+11,987.809967,3.339999676,"native"
"8926","Houstonia micrantha","Houstonia micrantha","HOMI4",1.73e+11,1003.25,3.759999752,"native"
"8927","Atriplex erecticaulis","Atriplex cordulata var. erecticaulis","ATER",37158422968,1348.319969,4.459999561,"native"
"8928","Neptunia lutea","Neptunia lutea","NELU2",2.08e+11,1168.599915,4,"native"
"8929","Cornus foemina","Cornus foemina","COFO",6.92e+11,1433.170044,4.379999876,"native"
"8930","Rubus burnhamii","Rubus pensilvanicus","RUBU",2152713608,519.1799316,1.940000057,"native"
"8931","Clarkia tembloriensis","Clarkia tembloriensis","CLTE5",61630470946,1422.610008,5.719999552,"native"
"8932","Phemeranthus parviflorus","Phemeranthus parviflorus","PHPA29",4.37e+11,1322.780029,4.629999876,"native"
"8933","Rhynchospora macrostachya","Rhynchospora macrostachya","RHMA6",2.19e+11,872.9800415,4.159999847,"native"
"8934","Lupinus amphibius","Lupinus amphibius","LUAM2",39768133035,3299.299973,3.340000153,"native"
"8935","Lycopus cokeri","Lycopus cokeri","LYCO7",12159302953,219.4801025,1.25,"native"
"8936","Alnus maritima","Alnus maritima","ALMA7",10435652608,223.6899414,3.460000038,"native"
"8937","Quercus inopina","Quercus inopina","QUIN7",27138360366,577.5500488,2.519999981,"native"
"8938","Clitoria fragrans","Clitoria fragrans","CLFR2",14735830277,318.7700195,2.25,"native"
"8939","Silphium trifoliatum","Silphium asteriscus var. trifoliatum","SITR7",4.59e+11,1376.900085,3.960000038,"native"
"8940","Trillium pusillum","Trillium pusillum","TRPU3",82344815532,900.4700317,3.25,"native"
"8941","Hygrophila lacustris","Hygrophila costata","HYLA",37701778951,687.6899414,3.840000153,"native"
"8942","Ranunculus pusillus","Ranunculus pusillus","RAPU",6.84e+11,3656.519897,5.189999819,"native"
"8943","Matelea cynanchoides","Matelea cynanchoides","MACY3",94623578199,989.0600586,3.409999371,"native"
"8944","Eleocharis tortilis","Eleocharis tortilis","ELTO",1.39e+11,883.8400269,4.019999504,"native"
"8945","Sagittaria papillosa","Sagittaria papillosa","SAPA2",75744050021,914.3099976,3.860000134,"native"
"8946","Asclepias pumila","Asclepias pumila","ASPU",6.5e+11,1047.189972,4.9599998,"native"
"8947","Lesquerella lyrata","Paysonia lyrata","LELY",3177043727,123.4699707,0.880000114,"native"
"8948","Pseudognaphalium austrotexanum","Pseudognaphalium austrotexanum","PSAU3",33976796871,945.9899902,3.199999809,"native"
"8949","Agalinis homalantha","Agalinis homalantha","AGHO4",16397106641,786.6699829,3.579999924,"native"
"8950","Helianthemum rosmarinifolium","Helianthemum stipulatum","HERO2",1.64e+11,1004.02002,3.920000076,"native"
"8951","Plagiobothrys myosotoides","Plagiobothrys myosotoides","PLMY",31270383569,1350.51001,4.269999981,"native"
"8952","Helianthus microcephalus","Helianthus microcephalus","HEMI3",5.07e+11,1496.299988,4.180000067,"native"
"8953","Trifolium calcaricum","Trifolium calcaricum","TRCA26",2731467910,385.7299805,1.480000019,"native"
"8954","Solidago petiolaris","Solidago petiolaris","SOPE",5.37e+11,1740.059998,3.909999847,"native"
"8955","Digitaria filiformis","Digitaria filiformis","DIFI",5.84e+11,1640.630005,4.659999847,"native"
"8956","Euphorbia purpurea","Euphorbia purpurea","EUPU4",45141366229,1274.070068,2.909999847,"native"
"8957","Cistanthe pulchella","Cistanthe pulchella","CIPU5",24718493698,1398.859985,5.410000086,"native"
"8958","Ivesia unguiculata","Potentilla unguiculata","IVUN",24718493698,1398.859985,5.410000086,"native"
"8959","Lupinus citrinus","Lupinus citrinus","LUCI",24718493698,1398.859985,5.410000086,"native"
"8960","Phacelia platyloba","Phacelia platyloba","PHPL",24718493698,1398.859985,5.410000086,"native"
"8961","Trifolium bolanderi","Trifolium bolanderi","TRBO3",24718493698,1398.859985,5.410000086,"native"
"8962","Cryptantha leucophaea","Cryptantha leucophaea","CRLE6",47600216833,3299.299973,3.340000153,"native"
"8963","Linum lundellii","Linum lundellii","LILU",10179304418,128.3500366,1.389999866,"native"
"8964","Quercus michauxii","Quercus michauxii","QUMI",6.08e+11,1738.480042,4.130000114,"native"
"8965","Selenia grandis","Selenia grandis","SEGR2",18792052110,407.2999878,1.769999981,"native"
"8966","Leavenworthia exigua","Leavenworthia exigua","LEEX",22592044052,572.9499512,2.9599998,"native"
"8967","Hypericum edisonianum","Hypericum edisonianum","HYED",18844556760,541.999939,2.389999866,"native"
"8968","Cocculus carolinus","Cocculus carolinus","COCA",9.2e+11,1881.619995,4.449999571,"native"
"8969","Phacelia patuliflora","Phacelia patuliflora","PHPA4",1.23e+11,1022.080017,3.269999981,"native"
"8970","Tradescantia buckleyi","Tradescantia buckleyi","TRBU2",20127881260,467.7399597,2.809999943,"native"
"8971","Lythrum flagellare","Lythrum flagellare","LYFL4",24613048401,585.3400269,2.389999866,"native"
"8972","Lespedeza repens","Lespedeza repens","LERE2",1.04e+12,1520.600037,4.159999847,"native"
"8973","Atriplex vallicola","Atriplex coronata var. vallicola","ATVA",53656656899,1422.610008,5.719999552,"native"
"8974","Panicum anceps","Coleataenia anceps","PAAN",1.12e+12,1609.700012,4.109999657,"native"
"8975","Cunila origanoides","Cunila origanoides","CUOR",6.29e+11,1216.73999,4.32000041,"native"
"8976","Chloris texensis","Chloris texensis","CHTE",20025740194,1209.440002,3.199999809,"native"
"8977","Houstonia purpurea","Houstonia purpurea","HOPU2",7.95e+11,1511.419983,4.149999857,"native"
"8978","Erythronium rostratum","Erythronium rostratum","ERRO5",1.29e+11,711.5400391,3.059999943,"native"
"8979","Lasthenia platycarpha","Lasthenia platycarpha","LAPL2",79113234096,2715.449951,5.529999971,"native"
"8980","Euphorbia innocua","Euphorbia innocua","EUIN4",12856880414,418.7000122,1.779999733,"native"
"8981","Lewisia congdonii","Lewisia congdonii","LECO4",19183876226,1398.859985,5.410000086,"native"
"8982","Mimulus arenarius","Erythranthe arenaria","MIAR",19183876226,1398.859985,5.410000086,"native"
"8983","Carya floridana","Carya floridana","CAFL6",38951285744,581.0900269,2.389999866,"native"
"8984","Tradescantia ozarkana","Tradescantia ozarkana","TROZ",31570827627,639.1600342,2.460000038,"native"
"8985","Astragalus reflexus","Astragalus reflexus","ASRE3",28815855874,743.3300171,3.269999981,"native"
"8986","Phacelia strictiflora","Phacelia strictiflora","PHST",1.03e+11,1102.170044,3.440000057,"native"
"8987","Manihot walkerae","Manihot walkerae","MAWA",11881713586,154.8099976,1.389999866,"native"
"8988","Vulpia elliotea","Festuca quadriflora","VUEL",1.5e+11,1003.159973,4.079999924,"native"
"8989","Liatris scariosa","Liatris scariosa","LISC2",3.18e+11,1618.570007,4.180000067,"native"
"8990","Hesperolinon drymarioides","Linum drymarioides","HEDR4",14204116418,1326.799927,3.380000114,"native"
"8991","Micranthemum glomeratum","Micranthemum glomeratum","MIGL6",54629546995,585.3400269,2.809999943,"native"
"8992","Matelea gonocarpos","Gonolobus gonocarpos","MAGO",4.31e+11,1532.430054,4.109999657,"native"
"8993","Dichanthelium boscii","Dichanthelium boscii","DIBO2",9.82e+11,1499.330017,4.169999838,"native"
"8994","Delphinium alabamicum","Delphinium alabamicum","DEAL2",9364728194,229.9399414,1.740000248,"native"
"8995","Carphephorus carnosus","Carphephorus carnosus","CACA59",32985561664,532.3900146,2.389999866,"native"
"8996","Rubus ferrofluvius","Rubus flagellaris","RUFE6",23719213862,193.6899414,2.390000343,"native"
"8997","Panicum capillarioides","Panicum capillarioides","PACA8",67277092497,768.9199524,2.949999809,"native"
"8998","Eleocharis minima","Eleocharis minima","ELMI3",35050687756,1121.169983,4.289999962,"native"
"8999","Dryopteris celsa","Dryopteris celsa","DRCE",1.11e+11,1326.420105,3.859999895,"native"
"9000","Stenaria nigricans","Stenaria nigricans","STNI6",1.1e+12,1506.590027,5.309999943,"native"
"9001","Pycnanthemum torrei","Pycnanthemum torreyi","PYTO",68556189055,567.8399658,3.529999733,"native"
"9002","Heterotheca stenophylla","Heterotheca stenophylla","HEST3",3.34e+11,784.9200134,2.490000248,"native"
"9003","Luzula bulbosa","Luzula bulbosa","LUBU",4.76e+11,1382.7901,4.119999886,"native"
"9004","Ophioglossum vulgatum","Ophioglossum vulgatum","OPVU",5.22e+11,1931.050079,4.92999959,"native"
"9005","Eleocharis reverchonii","Eleocharis reverchonii","ELRE",23433126351,955.9099731,3.710000038,"native"
"9006","Spiranthes vernalis","Spiranthes vernalis","SPVE",8.81e+11,1593.7901,4.659999847,"native"
"9007","Polytaenia texana","Polytaenia texana","POTE3",2.04e+11,1036.529968,3.589999676,"native"
"9008","Apios priceana","Apios priceana","APPR",35695561132,467.7099609,2.709999561,"native"
"9009","Paspalum dissectum","Paspalum dissectum","PADI5",1.14e+11,892.960022,3.970000267,"native"
"9010","Coursetia axillaris","Coursetia axillaris","COAX",19347740740,306.2999878,1.769999981,"native"
"9011","Hymenocallis tridentata","Hymenocallis tridentata","HYTR4",21462688301,610.3100586,2.389999866,"native"
"9012","Cayaponia quinqueloba","Cayaponia quinqueloba","CAQU3",1.21e+11,700.3100586,3.510000229,"native"
"9013","Digitaria arenicola","Digitaria arenicola","DIAR7",12141595261,890.8300171,3.199999809,"native"
"9014","Trachelospermum difforme","Thyrsanthella difformis","TRDI",4.95e+11,770.7900391,4.019999504,"native"
"9015","Dalea compacta","Dalea compacta","DACO2",1.26e+11,848.539917,3.419999599,"native"
"9016","Rubus arvensis","Rubus pensilvanicus","RUAR5",5056253880,187.1700439,2.21999979,"native"
"9017","Solidago rupestris","Solidago rupestris","SORU3",30371100838,449.499939,2.909999847,"native"
"9018","Aconitum noveboracense","Aconitum noveboracense","ACNO2",26930597169,861.7399902,2.610000134,"native"
"9019","Lesquerella grandiflora","Paysonia grandiflora","LEGR3",1.11e+11,858.7199707,3.269999981,"native"
"9020","Carya aquatica","Carya aquatica","CAAQ2",4.48e+11,905.9399414,4.069999695,"native"
"9021","Desmodium nuttallii","Desmodium nuttallii","DENU5",2.74e+11,1370.600037,3.659999847,"native"
"9022","Elephantopus carolinianus","Elephantopus carolinianus","ELCA3",1.04e+12,1433.940002,4.430000067,"native"
"9023","Verbesina virginica","Verbesina virginica","VEVI3",6.99e+11,1650.73999,4.589999914,"native"
"9024","Polygonella myriophylla","Polygonella myriophylla","POMY2",18174586200,318.7700195,2.25,"native"
"9025","Prunus geniculata","Prunus geniculata","PRGE",18174586200,318.7700195,2.25,"native"
"9026","Manfreda virginica","Agave virginica","MAVI5",5.28e+11,1456.880005,4.32000041,"native"
"9027","Rhynchospora corniculata","Rhynchospora corniculata","RHCO2",6.51e+11,1088.479919,4.319999695,"native"
"9028","Salix caroliniana","Salix caroliniana","SACA5",8.39e+11,1563.52002,4.390000105,"native"
"9029","Cryptantha texana","Cryptantha texana","CRTE5",72987031234,688.8100586,2.949999809,"native"
"9030","Lagophylla dichotoma","Lagophylla dichotoma","LADI",46949082561,2163.310059,5.529999971,"native"
"9031","Chamaesyce maculata","Euphorbia maculata","CHMA15",3.17e+12,4505.009766,5.920000315,"native"
"9032","Carex louisianica","Carex louisianica","CALO6",2.99e+11,860.6600342,4.050000191,"native"
"9033","Nyssa aquatica","Nyssa aquatica","NYAQ2",3.8e+11,732.6399536,3.879999638,"native"
"9034","Eryngium spinosepalum","Eryngium vaseyi var. globosum","ERSP16",48101147704,1541.5,5.529999971,"native"
"9035","Cuscuta harperi","Cuscuta harperi","CUHA",5156391965,417.5200195,1.690000057,"native"
"9036","Thelypteris pilosa","Thelypteris pilosa","THPI3",3376473167,139.6700439,0.880000114,"native"
"9037","Galium arkansanum","Galium arkansanum","GAAR4",89660491896,650.6900635,2.900000095,"native"
"9038","Sagittaria longiloba","Sagittaria longiloba","SALO2",2.72e+11,2235.410057,5.719999552,"native"
"9039","Zizaniopsis miliacea","Zizaniopsis miliacea","ZIMI",3.13e+11,1257.019928,4.319999695,"native"
"9040","Ludwigia glandulosa","Ludwigia glandulosa","LUGL",4.3e+11,1222.239929,4.529999733,"native"
"9041","Valerianella ozarkana","Valeriana ozarkana","VAOZ",26558757315,426.8599854,2.470000267,"native"
"9042","Rubus wheeleri","Rubus wheeleri","RUWH2",73413209589,272.4699707,2.869999886,"native"
"9043","Penstemon laxiflorus","Penstemon laxiflorus","PELA10",2.49e+11,1222.239929,3.840000153,"native"
"9044","Stenosiphon linifolius","Oenothera glaucifolia","STLI2",4.01e+11,1360.799973,4.169999599,"native"
"9045","Vicia minutiflora","Vicia minutiflora","VIMI",1.64e+11,879.6000366,3.869999886,"native"
"9046","Asclepias arenaria","Asclepias arenaria","ASAR",3.17e+11,870.27005,5.349999905,"native"
"9047","Puccinellia simplex","Puccinellia simplex","PUSI",62843376651,2235.410057,5.719999552,"native"
"9048","Atriplex cordulata","Atriplex cordulata","ATCO2",95865000024,2254.29995,5.719999552,"native"
"9049","Lesquerella obdeltata","Physaria obdeltata","LEOB13",5422887259,448.4500122,2.029999733,"native"
"9050","Phlox glabriflora","Phlox glabriflora","PHGL5",36299461439,522.6599731,1.779999733,"native"
"9051","Carex pigra","Carex pigra","CAPI21",5687514991,140.2900391,2.330000401,"native"
"9052","Matelea obliqua","Matelea obliqua","MAOB2",1.52e+11,1248.27002,3.619999886,"native"
"9053","Dichanthelium hirstii","Dichanthelium hirstii","DIHI13",7294397241,416.7800293,2.029999733,"native"
"9054","Digitaria simpsonii","Digitaria simpsonii","DISI",3366988943,243.960083,2.389999866,"native"
"9055","Eriocaulon koernickianum","Eriocaulon koernickianum","ERKO",31290896159,820.9799805,3.410000324,"native"
"9056","Lespedeza procumbens","Lespedeza procumbens","LEPR",8.8e+11,1549.630005,4.159999847,"native"
"9057","Houstonia rosea","Houstonia rosea","HORO",1.25e+11,947.3499756,3.649999619,"native"
"9058","Atriplex depressa","Atriplex parishii var. depressa","ATDE3",82556759246,2235.410057,5.719999552,"native"
"9059","Camissonia benitensis","Camissonia benitensis","CABE7",19027995072,1350.51001,4.150000095,"native"
"9060","Layia discoidea","Layia discoidea","LADI4",19027995072,1350.51001,4.150000095,"native"
"9061","Schoenolirion wrightii","Schoenolirion wrightii","SCWR3",17892841248,595.7000122,3.509999752,"native"
"9062","Planera aquatica","Planera aquatica","PLAQ",3.46e+11,849.9500122,3.81000042,"native"
"9063","Grindelia adenodonta","Grindelia adenodonta","GRAD2",35442578050,425.4099121,2.739999771,"native"
"9064","Crataegus meridionalis","Crataegus mollis var. meridionalis","CRME3",3297088667,123.289917,2.400000095,"native"
"9065","Amorpha nitens","Amorpha nitens","AMNI",47665466087,582.6300049,2.470000267,"native"
"9066","Vaseyochloa multinervosa","Vaseyochloa multinervosa","VAMU",26187820146,440.1099854,2.210000038,"native"
"9067","Heliotropium tenellum","Euploca tenella","HETE3",3.84e+11,1374.060028,3.5,"native"
"9068","Tradescantia hirsutiflora","Tradescantia hirsutiflora","TRHI",2.28e+11,1086.689941,3.869999886,"native"
"9069","Desmodium perplexum","Desmodium perplexum","DEPE80",7.47e+11,1560.73999,4.069999695,"native"
"9070","Polanisia erosa","Cleome erosa","POER",1.25e+11,1092.710022,3.860000134,"native"
"9071","Iva angustifolia","Iva asperifolia var. angustifolia","IVAN",1.22e+11,995.0599976,3.899999619,"native"
"9072","Billieturnera helleri","Billieturnera helleri","BIHE4",22748183232,433.0499878,2.210000038,"native"
"9073","Triodanis lamprosperma","Triodanis lamprosperma","TRLA10",60740649436,778.5,3.440000057,"native"
"9074","Eriogonum multiflorum","Eriogonum multiflorum","ERMU4",1.85e+11,1192.960022,3.860000134,"native"
"9075","Cardiospermum dissectum","Serjania dissecta","CADI15",9822505908,153.5100098,1.389999866,"native"
"9076","Croton michauxii","Croton michauxii","CRMI8",5.99e+11,1456.220032,4.32000041,"native"
"9077","Monarda russeliana","Monarda russeliana","MORU",48832877823,1208.700012,3.540000439,"native"
"9078","Lesquerella lescurii","Paysonia lescurii","LELE9",13864888491,160.7600098,1.470000267,"native"
"9079","Penstemon arkansanus","Penstemon arkansanus","PEAR4",89544294445,651.4500732,2.940000057,"native"
"9080","Aureolaria patula","Aureolaria patula","AUPA",26919818495,440.7800293,2.139999866,"native"
"9081","Chrysopsis floridana","Chrysopsis floridana","CHFL8",8373900250,355.4300537,2.389999866,"native"
"9082","Allowissadula lozanii","Allowissadula lozanii","ALLO2",36391288874,632.1400452,2.150000095,"native"
"9083","Phaulothamnus spinescens","Phaulothamnus spinescens","PHSP2",29060702512,433.0499878,1.779999733,"native"
"9084","Plagiobothrys scriptus","Plagiobothrys scriptus","PLSC3",5414596401,1439.089951,5.24000001,"native"
"9085","Euphorbia peplidion","Euphorbia peplidion","EUPE5",37109854524,465.2099609,2.440000057,"native"
"9086","Symphyotrichum divaricatum","Symphyotrichum divaricatum","SYDI2",6.33e+11,1893.300034,4.409999847,"native"
"9087","Elionurus tripsacoides","Elionurus tripsacoides","ELTR4",1.12e+11,1190.52002,4.659999847,"native"
"9088","Allium speculae","Allium speculae","ALSP2",3888676262,344.1400146,1.159999847,"native"
"9089","Holocarpha obconica","Holocarpha obconica","HOOB",67750492112,1422.610008,5.719999552,"native"
"9090","Astragalus lyallii","Astragalus lyallii","ASLY",37771848218,3299.299973,3.059999466,"native"
"9091","Digitaria floridana","Digitaria floridana","DIFL",7973209311,295.2800293,1.730000019,"native"
"9092","Neviusia alabamensis","Neviusia alabamensis","NEAL",37088062067,986.2700195,3.410000086,"native"
"9093","Echinacea atrorubens","Echinacea atrorubens","ECAT",98141280970,956.7000122,3.349999905,"native"
"9094","Mirabilis austrotexana","Mirabilis austrotexana","MIAU7",28133501995,664.9399414,3.269999981,"native"
"9095","Linum alatum","Linum alatum","LIAL2",56863758799,999.4099731,2.949999809,"native"
"9096","Allium abramsii","Allium abramsii","ALAB2",33461104564,1387.859985,5.529999971,"native"
"9097","Mimulus acutidens","Erythranthe moschata","MIAC2",33461104564,1387.859985,5.529999971,"native"
"9098","Physalis mollis","Physalis mollis","PHMO9",1.3e+11,1291.869995,3.860000134,"native"
"9099","Prunus gracilis","Prunus gracilis","PRGR",1.82e+11,1181.220032,3.419999599,"native"
"9100","Spigelia texana","Spigelia texana","SPTE2",26257433190,1076.070007,3.419999599,"native"
"9101","Lilaeopsis masonii","Lilaeopsis occidentalis","LIMA7",13940026931,1264.509964,4.499999523,"native"
"9102","Caesalpinia phyllanthoides","Erythrostemon phyllanthoides","CAPH",8145717568,317.210022,1.829999924,"native"
"9103","Solidago altiplanities","Solidago altiplanities","SOAL5",35649866918,227.4200134,1.509999752,"native"
"9104","Crataegus nananixonii","Crataegus nananixonii","CRNA4",1509910100,101.4799805,0.619999886,"native"
"9105","Pediomelum digitatum","Pediomelum digitatum","PEDI9",3.35e+11,1136.01001,4.129999638,"native"
"9106","Rumex orbiculatus","Rumex orbiculatus","RUOR2",6.77e+11,2574.399963,4.019999981,"native"
"9107","Helianthus verticillatus","Helianthus verticillatus","HEVE3",740053450,53.23999023,0.490000248,"native"
"9108","Rhynchospora megaplumosa","Rhynchospora megaplumosa","RHME3",6579330358,362.6600342,2.389999866,"native"
"9109","Atriplex subtilis","Atriplex parishii var. subtilis","ATSU5",67376183647,2235.410057,5.719999552,"native"
"9110","Vernonia texana","Vernonia texana","VETE3",1.79e+11,980.0499878,3.480000019,"native"
"9111","Oenothera patriciae","Oenothera patriciae","OEPA2",1.26e+11,1020.600037,3.559999943,"native"
"9112","Scutellaria cardiophylla","Scutellaria cardiophylla","SCCA4",80628034143,893.7800293,3.360000134,"native"
"9113","Tradescantia ernestiana","Tradescantia ernestiana","TRER4",51777834003,639.1600342,2.580000401,"native"
"9114","Hibiscus dasycalyx","Hibiscus dasycalyx","HIDA",14417281265,831.5299683,3.799999714,"native"
"9115","Calamagrostis perplexa","Calamagrostis perplexa","CAPE10",2873085704,414.3500366,1.590000153,"native"
"9116","Rubus lucidus","Rubus lucidus","RULU",5999728118,524.6800537,3.230000496,"native"
"9117","Dioscorea quaternata","Dioscorea quaternata","DIQU",2.86e+11,952.710022,3.659999847,"native"
"9118","Cyperus floribundus","Cyperus floribundus","CYFL10",27484748765,475.5,2.210000038,"native"
"9119","Ulmus serotina","Ulmus serotina","ULSE",1.33e+11,675.1600342,3.400000572,"native"
"9120","Symphyotrichum priceae","Symphyotrichum priceae","SYPR4",60922835582,1100.740051,2.440000057,"native"
"9121","Elymus glabriflorus","Elymus virginicus","ELGL3",8.38e+11,1764.640015,4.170000076,"native"
"9122","Dichanthelium meridionale","Dichanthelium meridionale","DIME2",2.05e+11,1417.470032,3.96999979,"native"
"9123","Phemeranthus calycinus","Phemeranthus calycinus","PHCA48",2.8e+11,1389.77002,3.480000019,"native"
"9124","Ulmus crassifolia","Ulmus crassifolia","ULCR",2.53e+11,1124.630005,4.289999962,"native"
"9125","Crataegus dispessa","Crataegus dispessa","CRDI9",8970098390,134.6300049,1.389999866,"native"
"9126","Quercus stellata","Quercus stellata","QUST",1.48e+12,1859.77002,4.369999886,"native"
"9127","Rhynchosia latifolia","Rhynchosia latifolia","RHLA5",2.25e+11,1060.400024,3.490000248,"native"
"9128","Pyrrhopappus grandiflorus","Pyrrhopappus grandiflorus","PYGR2",2.63e+11,858.5199585,3.71999979,"native"
"9129","Arabis patens","Arabis patens","ARPA2",50330697032,715.1799927,3.050000191,"native"
"9130","Eupatorium sessilifolium","Eupatorium sessilifolium","EUSE3",5.81e+11,1515.059998,3.960000038,"native"
"9131","Dicentra nevadensis","Dicentra nevadensis","DINE",27926487092,1350.51001,4.269999981,"native"
"9132","Erigeron multiceps","Erigeron multiceps","ERMU2",27926487092,1350.51001,4.269999981,"native"
"9133","Eriogonum polypodum","Eriogonum polypodum","ERPO8",27926487092,1350.51001,4.269999981,"native"
"9134","Mimulus norrisii","Erythranthe norrisii","MINO",27926487092,1350.51001,4.269999981,"native"
"9135","Phacelia orogenes","Phacelia orogenes","PHOR",27926487092,1350.51001,4.269999981,"native"
"9136","Sidalcea keckii","Sidalcea keckii","SIKE",27926487092,1350.51001,4.269999981,"native"
"9137","Torreyochloa californica","Torreyochloa erecta","TOCA2",27926487092,1350.51001,4.269999981,"native"
"9138","Ruellia pedunculata","Ruellia pedunculata","RUPE4",2.5e+11,677.5300293,3.81000042,"native"
"9139","Parthenium hispidum","Parthenium integrifolium","PAHI8",1.11e+11,744.3099976,3.369999886,"native"
"9140","Dalea phleoides","Dalea phleoides","DAPH2",1.15e+11,1151.980042,3.799999714,"native"
"9141","Lomatium pastorale","Lomatium pastorale","LOPA9",8327974442,1380.179947,3.980000019,"native"
"9142","Thelesperma flavodiscum","Thelesperma flavodiscum","THFL",48507717358,914.4100342,3.320000172,"native"
"9143","Isolepis carinata","Isolepis carinata","ISCA6",3.7e+11,3855.819885,4.159999847,"native"
"9144","Ilex decidua","Ilex decidua","ILDE",9.99e+11,1211.969971,4.159999847,"native"
"9145","Sanvitalia ocymoides","Sanvitalia ocymoides","SAOC3",13563892234,318.8300171,1.769999981,"native"
"9146","Carex oxylepis","Carex oxylepis","CAOX",2.28e+11,995.5800781,4.050000191,"native"
"9147","Cyperus hystricinus","Cyperus hystricinus","CYHY",41287509433,1195.829956,3.580000401,"native"
"9148","Croton parksii","Croton parksii","CRPA5",21149033083,608.5500488,2.150000095,"native"
"9149","Synandra hispidula","Synandra hispidula","SYHI",1.14e+11,1068.000061,3.190000057,"native"
"9150","Mimosa strigillosa","Mimosa strigillosa","MIST2",1.87e+11,1069.73999,4.659999847,"native"
"9151","Dicliptera brachiata","Dicliptera brachiata","DIBR2",3.78e+11,1103.630005,4.319999695,"native"
"9152","Schizachyrium niveum","Schizachyrium niveum","SCNI2",15901412885,318.7700195,2.389999866,"native"
"9153","Flaveria brownii","Flaveria brownii","FLBR2",16477394218,572.8100586,2.150000095,"native"
"9154","Erigeron geiseri","Erigeron geiseri","ERGE",80132300448,942.7800293,3.799999714,"native"
"9155","Eleocharis lanceolata","Eleocharis lanceolata","ELLA",1e+11,858.8900146,3.440000057,"native"
"9156","Crotalaria avonensis","Crotalaria avonensis","CRAV",9935968041,318.7700195,2.25,"native"
"9157","Dicerandra frutescens","Dicerandra frutescens","DIFR",9935968041,318.7700195,2.25,"native"
"9158","Hypericum cumulicola","Hypericum cumulicola","HYCU",9935968041,318.7700195,2.25,"native"
"9159","Liatris ohlingerae","Liatris ohlingerae","LIOH",9935968041,318.7700195,2.25,"native"
"9160","Polygonella basiramia","Polygonella basiramia","POBA5",9935968041,318.7700195,2.25,"native"
"9161","Ziziphus celata","Ziziphus celata","ZICE",9935968041,318.7700195,2.25,"native"
"9162","Triadenum tubulosum","Hypericum tubulosum","TRTU",1.21e+11,750.4200439,3.369999886,"native"
"9163","Tetragonotheca ludoviciana","Tetragonotheca ludoviciana","TELU",53720232054,736.6300049,3.329999447,"native"
"9164","Callitriche pedunculosa","Callitriche pedunculosa","CAPE44",67615682855,1011.730042,4.039999962,"native"
"9165","Desmodium ochroleucum","Desmodium ochroleucum","DEOC2",36102844953,726.5200195,2.760000229,"native"
"9166","Ranunculus harveyi","Ranunculus harveyi","RAHA",1.81e+11,1055.480042,3.380000591,"native"
"9167","Chaetopappa imberbis","Chaetopappa imberbis","CHIM",26917249841,497.249939,2.949999809,"native"
"9168","Silphium gracile","Silphium radula var. gracile","SIGR4",51114688462,786.5499878,3.799999714,"native"
"9169","Carex flaccosperma","Carex flaccosperma","CAFL3",4.22e+11,1335.130066,4.159999847,"native"
"9170","Rudbeckia missouriensis","Rudbeckia missouriensis","RUMI",1.14e+11,581.1199951,3.210000038,"native"
"9171","Verbesina microptera","Verbesina microptera","VEMI",50180273346,499.4399719,2.699999809,"native"
"9172","Hypericum lobocarpum","Hypericum lobocarpum","HYLO2",1.32e+11,1208.700012,3.300000191,"native"
"9173","Agalinis harperi","Agalinis harperi","AGHA3",4421020578,473.3299561,1.109999657,"native"
"9174","Lasthenia chrysantha","Lasthenia chrysantha","LACH2",69140735907,1459.959984,5.719999552,"native"
"9175","Carya tomentosa","Carya tomentosa","CATO6",1.39e+12,1528.679993,4.379999876,"native"
"9176","Orbexilum pedunculatum","Orbexilum pedunculatum","ORPE",6.7e+11,1414.429993,4.289999723,"native"
"9177","Matelea baldwyniana","Matelea baldwyniana","MABA3",47739750108,639.1600342,2.690000057,"native"
"9178","Suaeda tampicensis","Suaeda tampicensis","SUTA",5475826034,198.25,1.769999981,"native"
"9179","Thelypodiopsis shinnersii","Thelypodiopsis shinnersii","THSH",5475826034,198.25,1.769999981,"native"
"9180","Clematis versicolor","Clematis versicolor","CLVE",99682850367,740.3900146,2.470000267,"native"
"9181","Rhynchospora harveyi","Rhynchospora harveyi","RHHA",1.82e+11,1530.460022,4.529999733,"native"
"9182","Quercus pagoda","Quercus pagoda","QUPA5",3.37e+11,715.249939,3.879999638,"native"
"9183","Balsamorhiza rosea","Balsamorhiza rosea","BARO2",43363218036,3061.309982,3.980000019,"native"
"9184","Astragalus soxmaniorum","Astragalus soxmaniorum","ASSO5",37704495736,506.8900757,3.210000038,"native"
"9185","Aristolochia serpentaria","Aristolochia serpentaria","ARSE3",9.61e+11,1668.48999,4.390000105,"native"
"9186","Iresine rhizomatosa","Iresine rhizomatosa","IRRH",2.99e+11,1004.02002,4.159999847,"native"
"9187","Tephrosia onobrychoides","Tephrosia onobrychoides","TEON",1.95e+11,1088.479919,4,"native"
"9188","Quercus lyrata","Quercus lyrata","QULY",5.78e+11,860.2299194,4.050000191,"native"
"9189","Betula nigra","Betula nigra","BENI",1.28e+12,1463.210022,4.100000381,"native"
"9190","Helianthus eggertii","Helianthus eggertii","HEEG",35568391955,470.7299805,2.069999695,"native"
"9191","Rudbeckia heliopsidis","Rudbeckia heliopsidis","RUHE",12993781879,1004.640015,3.419999838,"native"
"9192","Monarda clinopodioides","Monarda clinopodioides","MOCL2",1.95e+11,1054.97995,3.360000134,"native"
"9193","Atriplex minuscula","Atriplex parishii var. minuscula","ATMI3",42712843694,2163.310059,5.529999971,"native"
"9194","Liatris acidota","Liatris acidota","LIAC",66098101897,797.1300049,3.799999714,"native"
"9195","Sida lindheimeri","Sida lindheimeri","SILI",1.05e+11,974.25,3.269999981,"native"
"9196","Coreopsis intermedia","Coreopsis intermedia","COIN2",31920891341,560.3600464,2.919999599,"native"
"9197","Cryptantha excavata","Cryptantha excavata","CREX",8862841942,1308.849976,3.380000114,"native"
"9198","Justicia turneri","Justicia pilosella","JUTU3",10153792901,261.0299683,1.779999733,"native"
"9199","Polygonella americana","Polygonella americana","POAM3",1.1e+11,1594.770004,4.329999924,"native"
"9200","Tragia glanduligera","Tragia glanduligera","TRGL",14851434929,277.7999878,1.779999733,"native"
"9201","Hymenoxys texana","Hymenoxys texana","HYTE5",8444866037,339.75,3.049999714,"native"
"9202","Gratiola virginiana","Gratiola virginiana","GRVI",7.15e+11,1343.000061,4.369999886,"native"
"9203","Dalea gattingeri","Dalea gattingeri","DAGA",22010188640,492.7999268,2.660000086,"native"
"9204","Ophioglossum engelmannii","Ophioglossum engelmannii","OPEN",4.35e+11,1441.189972,5.119999647,"native"
"9205","Asclepias amplexicaulis","Asclepias amplexicaulis","ASAM",1.02e+12,1850.119995,4.159999847,"native"
"9206","Desmodium glabellum","Desmodium glabellum","DEGL4",4.84e+11,1485.600037,4.159999847,"native"
"9207","Solidago ludoviciana","Solidago ludoviciana","SOLU",46162292998,617.2099609,3.379999638,"native"
"9208","Trillium viridescens","Trillium viridescens","TRVI5",72232142653,650.8599854,3.210000038,"native"
"9209","Rayjacksonia phyllocephala","Rayjacksonia phyllocephala","RAPH2",84152952050,1261.030029,3.710000038,"native"
"9210","Passiflora lutea","Passiflora lutea","PALU2",9.25e+11,1543.950012,4.430000067,"native"
"9211","Allium robinsonii","Allium robinsonii","ALRO",39566011353,1760.039963,3.980000019,"native"
"9212","Juncus fascinatus","Juncus fascinatus","JUFA4",55901483823,863.539978,3.579999924,"native"
"9213","Argyrochosma dealbata","Hemionitis artax","ARDE5",1.7e+11,1053.829987,3.46999979,"native"
"9214","Plagiobothrys hystriculus","Plagiobothrys hystriculus","PLHY",2128327622,536.0799866,2.840000153,"native"
"9215","Phlox solivagus","Phlox solivaga","PHSO5",4090679626,1299.310028,2.200000286,"native"
"9216","Atriplex persistens","Atriplex parishii var. persistens","ATPE3",32449152167,1521.019943,5.529999971,"native"
"9217","Yucca louisianensis","Yucca flaccida","YULO",66866824608,654.6099243,3.380000591,"native"
"9218","Chionanthus pygmaeus","Chionanthus pygmaeus","CHPY2",21654381169,478.9700928,2.389999866,"native"
"9219","Alophia drummondii","Alophia drummondii","ALDR2",1.24e+11,1069.490021,3.860000134,"native"
"9220","Cyperus setigerus","Cyperus setigerus","CYSE3",1.73e+11,950.0499878,3.590000153,"native"
"9221","Ratibida peduncularis","Ratibida peduncularis","RAPE3",28098636898,877.9400024,2.949999809,"native"
"9222","Tradescantia humilis","Tradescantia humilis","TRHU",1.03e+11,1069.490021,3.710000038,"native"
"9223","Phacelia lenta","Phacelia lenta","PHLE12",4711869855,163.4000092,2.429999352,"native"
"9224","Echinacea tennesseensis","Echinacea tennesseensis","ECTE3",4386997770,160.7600098,1.470000267,"native"
"9225","Orcuttia viscida","Orcuttia viscida","ORVI2",2500490904,338.8099976,1.860000134,"native"
"9226","Lesquerella gracilis","Physaria gracilis subsp. gracilis","LEGR2",1.71e+11,853.4499512,3.489999771,"native"
"9227","Panicum abscissum","Coleataenia abscissa","PAAB",22794556408,542.539978,2.389999866,"native"
"9228","Boltonia diffusa","Boltonia diffusa","BODI",4.1e+11,968.8099365,4.659999847,"native"
"9229","Bigelowia nuttallii","Bigelowia nuttallii","BINU2",62358987158,804.960022,3.699999809,"native"
"9230","Stylisma pickeringii","Stylisma pickeringii","STPI3",1.45e+11,975.4299927,3.679999828,"native"
"9231","Symphyotrichum racemosum","Symphyotrichum racemosum","SYRA5",3.13e+11,900.7399902,4.069999695,"native"
"9232","Juncus biflorus","Juncus biflorus","JUBI",5.86e+11,1047.909973,4.180000067,"native"
"9233","Phlox longipilosa","Phlox longipilosa","PHLO5",7023480283,238.9299927,1.960000515,"native"
"9234","Tragia cordata","Tragia cordata","TRCO",94379195024,611.9499512,3.639999866,"native"
"9235","Fleischmannia incarnata","Fleischmannia incarnata","FLIN2",3.96e+11,1606.160034,4.799999952,"native"
"9236","Houstonia canadensis","Houstonia canadensis","HOCA5",1.56e+11,1186.149963,3.460000038,"native"
"9237","Carex decomposita","Carex decomposita","CADE6",1.15e+11,831.2900391,3.879999638,"native"
"9238","Veratrum virginicum","Veratrum virginicum","VEVI5",3.52e+11,1391.450012,4.069999695,"native"
"9239","Hymenopappus artemisiifolius","Hymenopappus artemisiifolius","HYAR3",1.54e+11,1051.380005,3.860000134,"native"
"9240","Trichocoronis wrightii","Trichocoronis wrightii","TRWR2",61474388898,1590.789963,5.710000277,"native"
"9241","Desmodium obtusum","Desmodium obtusum","DEOB5",5.23e+11,1519.080017,4.159999847,"native"
"9242","Chrysopsis pilosa","Chrysopsis gossypina subsp. gossypina","CHPI8",4.29e+11,1099.940002,4.049999714,"native"
"9243","Amaranthus greggii","Amaranthus greggii","AMGR2",29334424468,955.9099731,3.710000038,"native"
"9244","Oenothera linifolia","Oenothera linifolia","OELI",3.77e+11,1498.590027,3.550000191,"native"
"9245","Penstemon tenuiflorus","Penstemon tenuiflorus","PETE4",80552495981,432.0899658,2.709999561,"native"
"9246","Astrophytum asterias","Astrophytum asterias","ASAS6",12130312704,223.4099731,1.769999981,"native"
"9247","Zigadenus nuttallii","Toxicoscordion nuttallii","ZINU",1.98e+11,850.9699707,3.459999561,"native"
"9248","Carpenteria californica","Carpenteria californica","CACA17",20966021549,1387.859985,5.410000086,"native"
"9249","Cyperus drummondii","Cyperus drummondii","CYDR4",6761615875,797.1300049,3.56000042,"native"
"9250","Echinacea sanguinea","Echinacea sanguinea","ECSA",74402813212,688.5499878,3.320000172,"native"
"9251","Eriogonum vestitum","Eriogonum vestitum","ERVE4",24041296016,1350.51001,5.410000086,"native"
"9252","Mimosa latidens","Mimosa latidens","MILA15",1.21e+11,1051.730042,3.710000038,"native"
"9253","Agalinis viridis","Agalinis viridis","AGVI5",63590442244,659.0700684,3.349999905,"native"
"9254","Ptilimnium costatum","Ptilimnium costatum","PTCO",85188691537,893.1299438,4.379999876,"native"
"9255","Solidago gattingeri","Solidago gattingeri","SOGA",42231975677,348.9200439,2.769999981,"native"
"9256","Pediomelum subacaule","Pediomelum subacaule","PESU5",17923416337,492.7999268,2.580000162,"native"
"9257","Iva texensis","Iva texensis","IVTE",23481071405,572.8100586,2.210000038,"native"
"9258","Orcuttia inaequalis","Orcuttia inaequalis","ORIN",42349068332,1387.859985,5.529999971,"native"
"9259","Ruellia yucatana","Ruellia ciliatiflora","RUYU",39810942199,499.4399719,2.699999809,"native"
"9260","Eurybia hemispherica","Eurybia hemispherica","EUHE10",2.19e+11,822.4900513,3.510000229,"native"
"9261","Eragrostis spicata","Eragrostis spicata","ERSP2",20760505478,605.4199829,2.809999943,"native"
"9262","Chamaecrista calycioides","Chamaecrista calycioides","CHCA26",34567779642,423.4800415,2.440000057,"native"
"9263","Carya ovalis","Carya glabra var. odorata","CAOV3",6.64e+11,1516.880005,3.960000038,"native"
"9264","Cirsium crassicaule","Cirsium crassicaule","CICR",28269603112,981.9800034,4.459999561,"native"
"9265","Houstonia subviscosa","Houstonia subviscosa","HOSU",52581174883,681.9700317,3.119999886,"native"
"9266","Actaea rubifolia","Actaea rubifolia","ACRU14",29362715086,810.3499756,3.119999886,"native"
"9267","Euphorbia bicolor","Euphorbia bicolor","EUBI2",1.09e+11,945.0900269,3.860000134,"native"
"9268","Palafoxia reverchonii","Palafoxia reverchonii","PARE",31008093327,592.8200684,3.320000172,"native"
"9269","Allium elmendorfii","Allium elmendorfii","ALEL",33328609117,398.7299805,2.809999943,"native"
"9270","Crataegus reverchonii","Crataegus reverchonii","CRRE3",44784592517,573.0200195,3.339999676,"native"
"9271","Desmodium pauciflorum","Hylodesmum pauciflorum","DEPA7",3.32e+11,1199.26001,3.609999657,"native"
"9272","Downingia bella","Downingia bella","DOBE",58331335096,2699.72995,5.529999971,"native"
"9273","Hymenocallis liriosme","Hymenocallis liriosme","HYLI",99177664454,890.9599609,4,"native"
"9274","Tradescantia reverchonii","Tradescantia reverchonii","TRRE",88822463832,692.6800537,3.400000095,"native"
"9275","Matelea decipiens","Matelea decipiens","MADE3",1.77e+11,955.25,3.609999657,"native"
"9276","Evax candida","Diaperia candida","EVCA",78151145586,1050.780029,3.860000134,"native"
"9277","Silphium mohrii","Silphium mohrii","SIMO4",15815832016,492.7999268,2.310000181,"native"
"9278","Hypericum pseudomaculatum","Hypericum pseudomaculatum","HYPS",1.67e+11,1208.700012,3.630000114,"native"
"9279","Arabis perstellata","Borodinia perstellata","ARPE3",5097049386,287.7299805,2.019999981,"native"
"9280","Leavenworthia uniflora","Leavenworthia uniflora","LEUN",1.22e+11,999.039978,3.839999914,"native"
"9281","Crataegus viridis","Crataegus viridis","CRVI2",4.99e+11,1059.119995,4.159999847,"native"
"9282","Isolepis molesta","Isolepis pseudosetacea","ISMO2",39760199516,672.6199341,3.349999905,"native"
"9283","Croptilon hookerianum","Croptilon hookerianum","CRHO7",2.04e+11,1042.980011,3.849999905,"native"
"9284","Hypericum drummondii","Hypericum drummondii","HYDR",6.91e+11,1631.140076,4.289999962,"native"
"9285","Rubus rosa","Rubus allegheniensis","RURO3",71214561998,846.1199951,3.300000191,"native"
"9286","Dioclea multiflora","Lackeya multiflora","DIMU",1.24e+11,807.7400513,3.819999695,"native"
"9287","Carex reniformis","Carex reniformis","CARE17",1.53e+11,1011.27002,4.159999847,"native"
"9288","Antennaria plantaginifolia","Antennaria plantaginifolia","ANPL",1.21e+12,1799.140015,4.189999819,"native"
"9289","Trepocarpus aethusae","Trepocarpus aethusae","TRAE2",2.12e+11,817.8400269,3.920000076,"native"
"9290","Hydrolea uniflora","Hydrolea uniflora","HYUN",1.71e+11,783.5799561,4.029999733,"native"
"9291","Chenopodium pallescens","Chenopodium pallescens","CHPA5",1.49e+11,1102.929962,4.700000286,"native"
"9292","Helenium virginicum","Helenium virginicum","HEVI6",18102276642,657,1.389999866,"native"
"9293","Phacelia bipinnatifida","Phacelia bipinnatifida","PHBI2",2.84e+11,1456.220032,3.879999876,"native"
"9294","Cleomella angustifolia","Cleomella angustifolia","CLAN",94298931710,1036.51001,2.819999695,"native"
"9295","Minuartia patula","Minuartia patula","MIPA6",3.41e+11,1120.969971,4.339999914,"native"
"9296","Penstemon kralii","Penstemon kralii","PEKR3",9474898075,282.5699463,1.230000019,"native"
"9297","Platanthera peramoena","Platanthera peramoena","PLPE",2.98e+11,1466.650024,3.659999847,"native"
"9298","Dracopis amplexicaulis","Rudbeckia amplexicaulis","DRAM",2.81e+11,1227.130035,4.139999866,"native"
"9299","Bromus texensis","Bromus texensis","BRTE2",19697283014,426.2699585,2.210000038,"native"
"9300","Cressa nudicaulis","Cressa nudicaulis","CRNU",12721410197,379.7800293,1.779999733,"native"
"9301","Carex caroliniana","Carex caroliniana","CACA15",5.01e+11,1336.490051,4.579999924,"native"
"9302","Celtis lindheimeri","Celtis lindheimeri","CELI",9992211820,336.0199585,2.440000057,"native"
"9303","Hymenopappus carrizoanus","Hymenopappus carrizoanus","HYCA18",26040190605,608.5999756,3.099999905,"native"
"9304","Hydrolea ovata","Hydrolea ovata","HYOV",2.06e+11,1199.889954,3.929999828,"native"
"9305","Sphaeralcea lindheimeri","Sphaeralcea lindheimeri","SPLI",41462642327,613.4300537,2.949999809,"native"
"9306","Limnosciadium pinnatum","Limnosciadium pinnatum","LIPI2",1.55e+11,1080.27002,3.860000134,"native"
"9307","Desmanthus acuminatus","Desmanthus acuminatus","DEAC3",59818034039,787.8300171,3.059999943,"native"
"9308","Justicia lanceolata","Justicia lanceolata","JULA3",2.73e+11,1143.519958,4.289999962,"native"
"9309","Vanilla inodora","Vanilla inodora","VAIN",1408397026,532.3900146,2.389999866,"native"
"9310","Thalictrum arkansanum","Thalictrum arkansanum","THAR",21877967606,1051.519958,3.190000057,"native"
"9311","Asclepias perennis","Asclepias perennis","ASPE",3.56e+11,738.9700317,3.920000076,"native"
"9312","Monarda lindheimeri","Monarda lindheimeri","MOLI2",25351754821,654.039978,3.289999962,"native"
"9313","Hymenocallis occidentalis","Hymenocallis occidentalis","HYOC2",1.78e+11,1066.98999,4.289999723,"native"
"9314","Amorpha laevigata","Amorpha laevigata","AMLA2",652649200,94.89001465,1.550000191,"native"
"9315","Symphyotrichum pratense","Symphyotrichum pratense","SYPR7",1.79e+11,1028.339966,4.799999952,"native"
"9316","Valerianella florifera","Valeriana florifera","VAFL",15672153063,751.9799805,3.260000229,"native"
"9317","Crataegus stenosepala","Crataegus stenosepala","CRST",4896832404,392.5,3.169999599,"native"
"9318","Oenothera lindheimeri","Oenothera lindheimeri","OELI2",37144326622,669.039978,3.419999599,"native"
"9319","Amyris madrensis","Amyris madrensis","AMMA3",11683415691,261.0299683,1.779999733,"native"
"9320","Helianthus silphioides","Helianthus silphioides","HESI",1.12e+11,767.7200317,2.580000401,"native"
"9321","Asimina tetramera","Asimina tetramera","ASTE11",6499335165,542.539978,2.389999866,"native"
"9322","Tolumnia bahamensis","Tolumnia bahamensis","TOBA2",6499335165,542.539978,2.389999866,"native"
"9323","Phemeranthus calcaricus","Phemeranthus calcaricus","PHCA47",17042187029,713.9099121,3.339999676,"native"
"9324","Krigia wrightii","Krigia wrightii","KRWR",80885463202,969.3800049,3.799999714,"native"
"9325","Saxifraga texana","Micranthes texana","SATE4",69506244070,1019.049988,3.410000324,"native"
"9326","Rubus bushii","Rubus pensilvanicus","RUBU2",44418758986,283.1799316,3.210000038,"native"
"9327","Sporobolus tharpii","Sporobolus airoides","SPTH",22462208515,871.3300171,3.199999809,"native"
"9328","Carex bulbostylis","Carex bulbostylis","CABU4",84034405425,732.9599609,3.409999371,"native"
"9329","Gilia yorkii","Gilia yorkii","GIYO",15431404077,1350.51001,4.150000095,"native"
"9330","Heterotheca monarchensis","Heterotheca monarchensis","HEMO14",15431404077,1350.51001,4.150000095,"native"
"9331","Mimulus platylaemus","Diplacus bolanderi","MIPL",15431404077,1350.51001,4.150000095,"native"
"9332","Streptanthus fenestratus","Streptanthus fenestratus","STFE",15431404077,1350.51001,4.150000095,"native"
"9333","Ehretia anacua","Ehretia anacua","EHAN",72275736354,969.5799866,3.199999809,"native"
"9334","Amsonia repens","Amsonia repens","AMRE3",74343868115,754.5499878,3.589999676,"native"
"9335","Krigia caespitosa","Krigia cespitosa","KRCA",6.54e+11,1469.790039,4.430000067,"native"
"9336","Havardia pallens","Havardia pallens","HAPA10",19374787354,306.2999878,1.779999733,"native"
"9337","Lechea tenuifolia","Lechea tenuifolia","LETE",9.04e+11,1761.170013,4.229999542,"native"
"9338","Rubus centralis","Rubus flagellaris","RUCE2",9340421638,197.25,1.970000267,"native"
"9339","Nemastylis geminiflora","Nemastylis geminiflora","NEGE",2.12e+11,942.7599487,3.880000114,"native"
"9340","Callirhoe bushii","Callirhoe bushii","CABU8",27555544704,493.5699463,2.570000172,"native"
"9341","Eleocharis brittonii","Eleocharis brittonii","ELBR",3075946252,138.8499756,1.949999809,"native"
"9342","Tridens congestus","Tridens congestus","TRCO2",55137266938,785.960022,3.119999886,"native"
"9343","Paronychia jonesii","Paronychia jonesii","PAJO2",17191859020,459.3200073,1.779999733,"native"
"9344","Oenothera heterophylla","Oenothera heterophylla","OEHE3",61200096015,838.1600342,3.490000248,"native"
"9345","Echinacea paradoxa","Echinacea paradoxa","ECPA2",29955842962,250.9500732,1.730000019,"native"
"9346","Sisyrinchium langloisii","Sisyrinchium langloisii","SILA5",2.49e+11,1126.059998,4.139999866,"native"
"9347","Euthamia leptocephala","Euthamia leptocephala","EULE4",2.15e+11,879.4700317,4.210000038,"native"
"9348","Paspalum langei","Paspalum langei","PALA11",99909357024,1049.790039,4.289999962,"native"
"9349","Dicerandra christmanii","Dicerandra frutescens var. christmanii","DICH4",5281343760,318.7700195,2.25,"native"
"9350","Eryngium cuneifolium","Eryngium cuneifolium","ERCU4",5281343760,318.7700195,2.25,"native"
"9351","Elymus svensonii","Elymus svensonii","ELSV",12121882594,396.1799316,1.679999828,"native"
"9352","Paspalum fluitans","Paspalum repens","PAFL5",3.19e+11,773.6200562,3.779999733,"native"
"9353","Symphyotrichum depauperatum","Symphyotrichum depauperatum","SYDE2",12382942321,515.1699219,1.880000114,"native"
"9354","Tradescantia subacaulis","Tradescantia subacaulis","TRSU",1.12e+11,1017.439941,3.559999943,"native"
"9355","Amsinckia grandiflora","Amsinckia grandiflora","AMGR3",7373094219,558.4400177,4.499999523,"native"
"9356","Isoetes butleri","Isoetes butleri","ISBU",91445139103,1026.980042,3.400000095,"native"
"9357","Juncus brachyphyllus","Juncus brachyphyllus","JUBR3",1.54e+11,1174.529999,4.179999828,"native"
"9358","Vitis mustangensis","Vitis mustangensis","VIMU2",1.16e+11,1158.139954,4.139999866,"native"
"9359","Sisyrinchium calciphilum","Sisyrinchium calciphilum","SICA22",4931318561,189.1298828,0.880000114,"native"
"9360","Paspalum hartwegianum","Paspalum hartwegianum","PAHA3",34223802142,496.9099731,2.440000057,"native"
"9361","Rhynchosia americana","Rhynchosia americana","RHAM",95500072952,1012.299988,3.799999714,"native"
"9362","Paronychia drummondii","Paronychia drummondii","PADR",91809530557,941.2000122,3.799999714,"native"
"9363","Scutellaria incana","Scutellaria incana","SCIN",6.09e+11,1428,3.659999847,"native"
"9364","Dodecatheon frenchii","Primula frenchii","DOFR2",29798033649,393.7900391,2.929999828,"native"
"9365","Asclepias stenophylla","Asclepias stenophylla","ASST",4.34e+11,1174.019989,4.179999828,"native"
"9366","Rubus ithacanus","Rubus ithacanus","RUIT",76859914345,734.6300049,2.620000362,"native"
"9367","Crataegus engelmannii","Crataegus engelmannii","CREN",1.13e+11,487.8800049,3.329999924,"native"
"9368","Viola triloba","Viola palmata","VITR2",6.35e+11,1381.299988,3.779999733,"native"
"9369","Leavenworthia alabamica","Leavenworthia alabamica","LEAL2",6396850421,198.8999023,0.880000114,"native"
"9370","Erigeron procumbens","Erigeron procumbens","ERPR16",47835862824,970.3699951,3.269999981,"native"
"9371","Claytonia arenicola","Claytonia arenicola","CLAR3",33320662327,1593.830017,3.230000019,"native"
"9372","Crataegus dallasiana","Crataegus dallasiana","CRDA3",2423349113,103.5799561,1.86000061,"native"
"9373","Dichanthelium malacophyllum","Dichanthelium malacophyllum","DIMA5",1.97e+11,849.1099854,3.440000057,"native"
"9374","Paronychia setacea","Paronychia setacea","PASE2",21116340223,746.2699585,3.260000229,"native"
"9375","Blephilia subnuda","Blephilia subnuda","BLSU",9367990602,461.7698975,1.690000057,"native"
"9376","Rubus vagus","Rubus flagellaris","RUVA",2333330399,69.41998291,1.46999979,"native"
"9377","Symphyotrichum eulae","Symphyotrichum eulae","SYEU",2686132776,91.40002441,1.730000496,"native"
"9378","Solidago shortii","Solidago shortii","SOSH",3907847581,98.2199707,2.220000267,"native"
"9379","Willkommia texana","Willkommia texana","WITE",21248098631,890.8300171,3.199999809,"native"
"9380","Ranunculus micranthus","Ranunculus micranthus","RAMI2",4.69e+11,1328.450012,4.109999657,"native"
"9381","Lipocarpha drummondii","Cyperus hemidrummondii","LIDR3",1.84e+11,1457.669983,3.960000515,"native"
"9382","Minuartia muscorum","Minuartia muscorum","MIMU6",1.23e+11,892.4000244,3.440000057,"native"
"9383","Hypericum adpressum","Hypericum adpressum","HYAD",59410890911,675.5499878,3.21999979,"native"
"9384","Agrimonia rostellata","Agrimonia rostellata","AGRO3",8.32e+11,1538.330017,4.379999876,"native"
"9385","Trifolium bejariense","Trifolium bejariense","TRBE3",79586944421,1238.860001,4.329999924,"native"
"9386","Hypericum pauciflorum","Hypericum pauciflorum","HYPA2",20034188818,613.4300537,2.150000095,"native"
"9387","Euphorbia tetrapora","Euphorbia tetrapora","EUTE4",70676811452,713.5900269,3.529999733,"native"
"9388","Crataegus lucorum","Crataegus lucorum","CRLU",39347636722,545.1300659,3.46999979,"native"
"9389","Crataegus harveyana","Crataegus harveyana","CRHA4",1397247174,63.77001953,1.25,"native"
"9390","Crataegus latebrosa","Crataegus latebrosa","CRLA11",1397247174,63.77001953,1.25,"native"
"9391","Isoetes melanopoda","Isoetes melanopoda","ISME",2.52e+11,1248.980011,3.599999428,"native"
"9392","Poa paludigena","Poa paludigena","POPA",1.32e+11,881.3300781,3.71999979,"native"
"9393","Sabatia arenicola","Sabatia arenicola","SAAR",32428571415,955.9099731,3.710000038,"native"
"9394","Lindera melissifolia","Lindera melissifolia","LIME7",44148442276,365.0400391,2.759999752,"native"
"9395","Euphorbia hexagona","Euphorbia hexagona","EUHE5",3.4e+11,1232.670013,4.179999828,"native"
"9396","Liatris bracteata","Liatris bracteata","LIBR",16936756825,844.4699707,2.819999695,"native"
"9397","Croton elliottii","Croton elliottii","CREL3",14058574423,335.1300049,1.860000134,"native"
"9398","Cryptantha hooveri","Cryptantha hooveri","CRHO4",21795675459,1347.279984,5.299999475,"native"
"9399","Acalypha monococca","Acalypha monococca","ACMO4",3.88e+11,1038.309998,3.440000057,"native"
"9400","Lesquerella densipila","Paysonia densipila","LEDE3",12894356456,307.9099121,1.590000153,"native"
"9401","Phlox cuspidata","Phlox cuspidata","PHCU2",36239317715,576.9500122,3.059999943,"native"
"9402","Rubus missouricus","Rubus missouricus","RUMI4",19633771027,755.2799683,3.659999847,"native"
"9403","Lesquerella auriculata","Paysonia auriculata","LEAU4",57674755888,537.3300171,3.299999714,"native"
"9404","Fimbristylis perpusilla","Fimbristylis perpusilla","FIPE",10731084907,529.1099854,1.699999809,"native"
"9405","Rhododendron oblongifolium","Rhododendron viscosum","RHOB",2752198848,146.3299561,2.03000021,"native"
"9406","Rubus riograndis","Rubus riograndis","RURI",2752198848,146.3299561,2.03000021,"native"
"9407","Agalinis strictifolia","Agalinis strictifolia","AGST4",37935762493,533.8900757,2.949999809,"native"
"9408","Selenia aurea","Selenia aurea","SEAU",1.09e+11,779.6000366,3.260000229,"native"
"9409","Schoenoplectiella hallii","Schoenoplectiella hallii","SCHA10",78513318169,991.3899536,3.340000629,"native"
"9410","Penstemon murrayanus","Penstemon murrayanus","PEMU2",57167289094,712.9700317,3.480000019,"native"
"9411","Oxalis illinoensis","Oxalis illinoensis","OXIL",20425798994,260.1300049,2.230000019,"native"
"9412","Diarrhena americana","Diarrhena americana","DIAM",1.7e+11,1209.850037,3.839999914,"native"
"9413","Crataegus triflora","Crataegus triflora","CRTR2",16798707359,276.1699219,2.589999676,"native"
"9414","Crassula longipes","Crassula longipes","CRLO7",26613224064,823.8099976,3.589999676,"native"
"9415","Penstemon tubaeflorus","Penstemon tubaeflorus","PETU",3.62e+11,1223.909973,3.710000515,"native"
"9416","Astragalus leptocarpus","Astragalus leptocarpus","ASLE10",1.24e+11,955.9099731,3.860000134,"native"
"9417","Rubus recurvans","Rubus pensilvanicus","RURE",48016915481,208.7199707,2.760000229,"native"
"9418","Stemodia lanata","Stemodia lanata","STLA17",21706364423,459.3200073,2.699999809,"native"
"9419","Solidago buckleyi","Solidago buckleyi","SOBU",42082400634,334.8400269,2.809999943,"native"
"9420","Triodanis texana","Triodanis texana","TRTE4",49398452496,927.8000488,3.710000038,"native"
"9421","Symphyotrichum oblongifolium","Symphyotrichum oblongifolium","SYOB",1.05e+12,1878.160034,4.909999847,"native"
"9422","Sclerocarpus uniserialis","Sclerocarpus uniserialis","SCUN2",79687266166,1052.219971,3.710000038,"native"
"9423","Gomphrena nealleyi","Gomphrena nealleyi","GONE",41697576963,957.4799805,2.949999809,"native"
"9424","Ptilimnium nuttallii","Ptilimnium nuttallii","PTNU",3.31e+11,1010.630005,3.789999962,"native"
"9425","Phacelia glabra","Phacelia glabra","PHGL",67823404470,979.25,3.440000057,"native"
"9426","Gratiola flava","Gratiola torreyi","GRFL",25759818458,912.4099731,3.799999714,"native"
"9427","Bothriochloa longipaniculata","Bothriochloa longipaniculata","BOLO",13144711269,840.2599487,3.769999981,"native"
"9428","Cordylanthus palmatus","Chloropyron palmatum","COPA8",32090360348,1494.459961,5.410000086,"native"
"9429","Melica nitens","Melica nitens","MENI",4.8e+11,1427.430038,4.229999542,"native"
"9430","Carex planispicata","Carex planispicata","CAPL18",37229381020,505.8300171,2.569999695,"native"
"9431","Cyphomeris crassifolia","Cyphomeris crassifolia","CYCR2",7236629689,128.3500366,1.389999866,"native"
"9432","Eriogonum greggii","Eriogonum greggii","ERGR7",7236629689,128.3500366,1.389999866,"native"
"9433","Mortonia greggii","Mortonia greggii","MOGR2",7236629689,128.3500366,1.389999866,"native"
"9434","Asclepias viridis","Asclepias viridis","ASVI2",6.34e+11,1272.369995,4.659999847,"native"
"9435","Plantago pusilla","Plantago pusilla","PLPU",3.7e+11,3561.77002,5.299999475,"native"
"9436","Trifolium reflexum","Trifolium reflexum","TRRE2",4.15e+11,1413.22998,4.289999723,"native"
"9437","Clematis morefieldii","Clematis morefieldii","CLMO6",3512207200,242.0198975,0.769999981,"native"
"9438","Lesquerella lindheimeri","Physaria lindheimeri","LELI2",39945898595,667.2399292,2.949999809,"native"
"9439","Isocoma drummondii","Isocoma drummondii","ISDR",34428499206,709.5899658,2.949999809,"native"
"9440","Stellaria fontinalis","Stellaria fontinalis","STFO",20691654437,390.3900146,1.679999828,"native"
"9441","Leavenworthia stylosa","Leavenworthia stylosa","LEST7",9386908266,266.1400146,1.470000267,"native"
"9442","Heteranthera mexicana","Heteranthera mexicana","HEME6",19000385832,435.8299866,1.769999981,"native"
"9443","Pseudobahia bahiifolia","Pseudobahia bahiifolia","PSBA",31414531844,1387.859985,5.410000086,"native"
"9444","Sphenopholis longiflora","Sphenopholis intermedia","SPLO",11500809796,487.8400269,2.759999752,"native"
"9445","Helenium campestre","Helenium campestre","HECA13",34593850661,297.4599609,3.210000038,"native"
"9446","Polymnia laevigata","Polymnia laevigata","POLA8",20100147920,522.6300049,2.829999924,"native"
"9447","Eriogonum codium","Eriogonum codium","ERCO43",4402941863,114.5299988,1.550000191,"native"
"9448","Penstemon alluviorum","Penstemon digitalis","PEAL4",38629307676,583.3699341,2.559999943,"native"
"9449","Eryngium yuccifolium","Eryngium yuccifolium","ERYU",1.14e+12,1645.460022,4.799999952,"native"
"9450","Trifolium stoloniferum","Trifolium stoloniferum","TRST4",59685498287,1210.710022,3.880000114,"native"
"9451","Sibara virginica","Planodes virginicum","SIVI2",7.96e+11,2269.699951,5.529999971,"native"
"9452","Viola missouriensis","Viola missouriensis","VIMI3",5.75e+11,1848.990036,4.549999952,"native"
"9453","Sedum pulchellum","Sedum pulchellum","SEPU",2.63e+11,1447.690063,4.409999609,"native"
"9454","Elodea schweinitzii","Elodea canadensis","ELSC",957377695,161.0700684,1.789999962,"native"
"9455","Clematis pitcheri","Clematis pitcheri","CLPI",6.2e+11,1389.779984,5.019999981,"native"
"9456","Atriplex matamorensis","Atriplex matamorensis","ATMA",26046611257,877.9400024,2.949999809,"native"
"9457","Gillenia stipulata","Gillenia stipulata","GIST5",4.87e+11,1605.340027,4.220000029,"native"
"9458","Oxypolis canbyi","Tiedemannia canbyi","OXCA2",9545049322,236.9700928,1.949999809,"native"
"9459","Cirsium engelmannii","Cirsium engelmannii","CIEN2",6943332380,363.5899658,2.349999905,"native"
"9460","Nemastylis nuttallii","Nemastylis nuttallii","NENU",40895559828,807.25,3.480000019,"native"
"9461","Dichanthelium nodatum","Dichanthelium nodatum","DINO",47344438720,637.8600464,2.949999809,"native"
"9462","Serjania brachycarpa","Serjania brachycarpa","SEBR4",26892143941,451.3300171,2.699999809,"native"
"9463","Viola egglestonii","Viola egglestonii","VIEG",31605283469,588.8699951,2.9599998,"native"
"9464","Forestiera acuminata","Forestiera acuminata","FOAC",3.41e+11,856.3699341,3.909999847,"native"
"9465","Oenothera canescens","Oenothera canescens","OECA3",1.9e+11,426.9100037,1.679999828,"native"
"9466","Allium constrictum","Allium constrictum","ALCO3",11651723349,213.5000153,3.059999466,"native"
"9467","Monarda maritima","Monarda maritima","MOMA5",4930922635,371.1499634,1.480000019,"native"
"9468","Amsonia illustris","Amsonia illustris","AMIL",1.05e+11,533.8900146,3.339999676,"native"
"9469","Arnoglossum atriplicifolium","Arnoglossum atriplicifolium","ARAT",1e+12,1693.72998,4.180000067,"native"
"9470","Quercus similis","Quercus similis","QUSI2",41534722884,558.9400635,3.559999943,"native"
"9471","Hibiscus striatus","Hibiscus striatus","HIST",13098057798,787.9500122,3.199999809,"native"
"9472","Astragalus bibullatus","Astragalus bibullatus","ASBI6",1603845509,140.1600342,1.470000267,"native"
"9473","Lesquerella stonensis","Paysonia stonensis","LEST8",1603845509,140.1600342,1.470000267,"native"
"9474","Cuscuta attenuata","Cuscuta attenuata","CUAT",18867178593,937.8999634,3.799999714,"native"
"9475","Corydalis micrantha","Corydalis micrantha","COMI2",6.81e+11,1618.340027,4.289999962,"native"
"9476","Stachys drummondii","Stachys drummondii","STDR",32606124817,987.1400146,3.199999809,"native"
"9477","Tillandsia baileyi","Tillandsia baileyi","TIBA",13854643572,391.1199951,1.779999733,"native"
"9478","Calopogon oklahomensis","Calopogon oklahomensis","CAOK2",97966537989,790.5999756,3.380000591,"native"
"9479","Lysimachia radicans","Lysimachia radicans","LYRA3",1.29e+11,763.1199951,3.319999695,"native"
"9480","Carlowrightia parviflora","Carlowrightia parviflora","CAPA42",19032908606,501.25,1.769999981,"native"
"9481","Leavenworthia crassa","Leavenworthia crassa","LECR",4755009015,185.2700195,0.880000114,"native"
"9482","Viburnum alabamense","Viburnum alabamense","VIAL",5381281358,229.5699463,0.960000038,"native"
"9483","Croton cortesianus","Croton cortesianus","CRCO9",9544436485,198.25,1.769999981,"native"
"9484","Manfreda longiflora","Agave longiflora","MALO",9544436485,198.25,1.769999981,"native"
"9485","Taxodium mucronatum","Taxodium mucronatum","TAMU",9544436485,198.25,1.769999981,"native"
"9486","Arnoglossum reniforme","Arnoglossum reniforme","ARRE6",3.34e+11,1429.140015,3.659999847,"native"
"9487","Dalea obovata","Dalea obovata","DAOB",63160154656,672.0400391,2.949999809,"native"
"9488","Hydrophyllum macrophyllum","Hydrophyllum macrophyllum","HYMA",2.17e+11,1319.880066,3.960000038,"native"
"9489","Cyperus thyrsiflorus","Cyperus thyrsiflorus","CYTH",41420469793,1216.640015,4.210000038,"native"
"9490","Chrysopsis texana","Bradburia hirtella","CHTE10",36080013081,741.9199829,3.339999676,"native"
"9491","Neeragrostis reptans","Eragrostis reptans","NERE3",2.24e+11,1059.369934,3.940000057,"native"
"9492","Gaillardia amblyodon","Gaillardia amblyodon","GAAM",62916433371,720.4400024,2.889999866,"native"
"9493","Collinsia violacea","Collinsia violacea","COVI2",1.6e+11,1107.039978,3.429999828,"native"
"9494","Senna marilandica","Senna marilandica","SEMA11",7.89e+11,1752.090027,4.379999876,"native"
"9495","Silene regia","Silene regia","SIRE2",1.33e+11,837.2699585,3.369999886,"native"
"9496","Physostegia intermedia","Physostegia intermedia","PHIN8",1.23e+11,1107.039978,3.650000095,"native"
"9497","Phacelia gilioides","Phacelia gilioides","PHGI",87942228175,419.5100098,2.920000076,"native"
"9498","Clematis fremontii","Clematis fremontii","CLFR",47543874810,673.1700439,3.130000114,"native"
"9499","Carex corrugata","Carex corrugata","CACO22",1.15e+11,914.0599365,4.199999809,"native"
"9500","Rubus trifrons","Rubus trifrons","RUTR4",974691089,120.5900879,1.519999981,"native"
"9501","Physalis missouriensis","Physalis missouriensis","PHMI5",85066856856,965.4799805,3.199999809,"native"
"9502","Rubus whartoniae","Rubus flagellaris","RUWH",6389726620,129.9000244,1.960000038,"native"
"9503","Carex hyalina","Carex hyalina","CAHY2",50341219331,623.2399292,3.329999447,"native"
"9504","Prunus mexicana","Prunus mexicana","PRME",7.06e+11,1323.780029,4.359999657,"native"
"9505","Chamaecrista greggii","Chamaecrista greggii","CHGR18",4933576885,155.5200195,1.319999695,"native"
"9506","Geocarpon minimum","Geocarpon minimum","GEMI",24631946302,475.5999756,2.330000401,"native"
"9507","Lesquerella perforata","Paysonia perforata","LEPE3",3082965102,140.1600342,1.470000267,"native"
"9508","Callisia micrantha","Callisia micrantha","CAMI25",35567838059,555.8400269,2.949999809,"native"
"9509","Tragia betonicifolia","Tragia betonicifolia","TRBE4",1.98e+11,1151.080017,3.46999979,"native"
"9510","Carex triangularis","Carex triangularis","CATR6",1.33e+11,1032.860046,3.590000153,"native"
"9511","Trillium viride","Trillium viride","TRVI4",41987603418,350.8800659,2.809999943,"native"
"9512","Symphyotrichum anomalum","Symphyotrichum anomalum","SYAN2",2.08e+11,818.3699951,3.210000038,"native"
"9513","Malvastrum aurantiacum","Malvastrum aurantiacum","MAAU",38905420636,571.5199585,2.949999809,"native"
"9514","Erythronium mesochoreum","Erythronium mesochoreum","ERME15",1.6e+11,666.0499878,3.260000229,"native"
"9515","Paspalum denticulatum","Paspalum denticulatum","PADE24",59126908288,1051.380005,3.799999714,"native"
"9516","Carex timida","Carex timida","CATI6",7437886391,354.0200195,2.430000305,"native"
"9517","Valeriana pauciflora","Valeriana pauciflora","VAPA2",2e+11,771.3899536,3.490000248,"native"
"9518","Ceanothus masonii","Ceanothus masonii","CEMA3",6455040381,884.000061,2.5,"native"
"9519","Palafoxia hookeriana","Palafoxia hookeriana","PAHO",90037561667,1034.209961,3.799999714,"native"
"9520","Poa wolfii","Poa wolfii","POWO",1.15e+11,805.6800537,2.980000019,"native"
"9521","Scutellaria ovata","Scutellaria ovata","SCOV",6.89e+11,1449.420105,4.390000105,"native"
"9522","Hoffmannseggia drummondii","Hoffmannseggia drummondii","HODR3",21866334507,394.5699463,2.440000057,"native"
"9523","Eleocharis bifida","Eleocharis bifida","ELBI4",15519806751,256.6600342,2.230000019,"native"
"9524","Adelia vaseyi","Adelia vaseyi","ADVA",11074059275,198.25,1.779999733,"native"
"9525","Dyschoriste crenulata","Dyschoriste crenulata","DYCR",11074059275,198.25,1.779999733,"native"
"9526","Vernonia baldwinii","Vernonia baldwinii","VEBA",8.14e+11,1376.980011,3.480000019,"native"
"9527","Physostegia angustifolia","Physostegia angustifolia","PHAN6",2.51e+11,961.2099609,3.539999962,"native"
"9528","Galactia marginalis","Galactia marginalis","GAMA2",50680803811,861.3699951,3.199999809,"native"
"9529","Tradescantia tharpii","Tradescantia tharpii","TRTH",74022976605,991.1199951,3.270000458,"native"
"9530","Delphinium treleasei","Delphinium treleasei","DETR3",23108981764,436.25,1.509999752,"native"
"9531","Polygala nitida","Rhinotropis nitida","PONI4",15861365410,684.7000122,2.329999924,"native"
"9532","Coreopsis nuecensoides","Coreopsis nuecensoides","CONU6",64915660090,1017.439941,3.400000095,"native"
"9533","Delphinium tricorne","Delphinium tricorne","DETR",7.55e+11,1272.740051,4.089999914,"native"
"9534","Silphium pinnatifidum","Silphium terebinthinaceum var. pinnatifidum","SIPI2",30792949323,735.3199463,3.049999952,"native"
"9535","Trillium sessile","Trillium sessile","TRSE2",5.05e+11,974.6900024,3.960000038,"native"
"9536","Crataegus anamesa","Crataegus anamesa","CRAN10",6358939225,361.3300781,1.480000019,"native"
"9537","Artemisia serrata","Artemisia serrata","ARSE4",1.44e+11,632.5100708,3.220000267,"native"
"9538","Polytaenia nuttallii","Polytaenia nuttallii","PONU4",5.91e+11,1129.120056,3.929999828,"native"
"9539","Cyperus grayoides","Cyperus grayioides","CYGR11",72256171533,676.5800171,3.289999485,"native"
"9540","Coreopsis pulchra","Coreopsis pulchra","COPU9",2012676479,226.9699707,0.419999599,"native"
"9541","Sagittaria secundifolia","Sagittaria secundifolia","SASE9",2012676479,226.9699707,0.419999599,"native"
"9542","Minuartia drummondii","Minuartia drummondii","MIDR",72579476597,755.4400024,3.650000095,"native"
"9543","Anemone caroliniana","Anemone caroliniana","ANCA9",5.82e+11,1623.420013,3.659999847,"native"
"9544","Crataegus arborea","Crataegus arborea","CRAR6",10585438786,297.8499756,2.200000286,"native"
"9545","Vitis palmata","Vitis palmata","VIPA7",1.81e+11,1011.27002,3.840000153,"native"
"9546","Dicerandra immaculata","Dicerandra frutescens var. immaculata","DIIM",2782859563,289.6700439,2.389999866,"native"
"9547","Crataegus texana","Crataegus texana","CRTE2",35498945444,812.250061,3.340000153,"native"
"9548","Astragalus distortus","Astragalus distortus","ASDI4",3.14e+11,955.2700195,4.210000038,"native"
"9549","Sullivantia sullivantii","Sullivantia sullivantii","SUSU3",65431228369,778.1300049,2.940000057,"native"
"9550","Cakile geniculata","Cakile geniculata","CAGE4",10502229433,890.8300171,3.199999809,"native"
"9551","Monarda bradburiana","Monarda bradburiana","MOBR2",2.55e+11,678.0499878,2.940000057,"native"
"9552","Leavenworthia torulosa","Leavenworthia torulosa","LETO",24675378657,455.8199463,1.759999752,"native"
"9553","Monardella leucocephala","Monardella leucocephala","MOLE",8887963768,419.8000031,5.299999475,"native"
"9554","Sagittaria ambigua","Sagittaria ambigua","SAAM4",43963758584,893.0999756,3.270000458,"native"
"9555","Thurovia triflora","Thurovia triflora","THTR7",22247975642,638.2700195,3.269999981,"native"
"9556","Amyris texana","Amyris texana","AMTE4",22327750729,667.8299561,2.210000038,"native"
"9557","Rubus grimesii","Rubus flagellaris","RUGR5",2424543661,138.8499756,1.949999809,"native"
"9558","Desmanthus tatuhyensis","Desmanthus tatuhyensis","DETA",13695339519,886.9099731,3.199999809,"native"
"9559","Veratrum woodii","Veratrum woodii","VEWO3",1.39e+11,809.5900269,3.879999876,"native"
"9560","Leersia lenticularis","Leersia lenticularis","LELE2",3.4e+11,911.4800415,4.019999504,"native"
"9561","Amaranthus tamaulipensis","Amaranthus tamaulipensis","AMTA",2307806796,101.9400024,1.090000153,"native"
"9562","Colubrina greggii","Colubrina greggii","COGR7",2307806796,101.9400024,1.090000153,"native"
"9563","Croton soliman","Croton soliman","CRSO2",2307806796,101.9400024,1.090000153,"native"
"9564","Echeandia texensis","Echeandia texensis","ECTE4",2307806796,101.9400024,1.090000153,"native"
"9565","Egletes viscosa","Egletes viscosa","EGVI",2307806796,101.9400024,1.090000153,"native"
"9566","Esenbeckia berlandieri","Esenbeckia berlandieri","ESBE",2307806796,101.9400024,1.090000153,"native"
"9567","Iresine palmeri","Iresine palmeri","IRPA",2307806796,101.9400024,1.090000153,"native"
"9568","Operculina pinnatifida","Operculina pinnatifida","OPPI",2307806796,101.9400024,1.090000153,"native"
"9569","Passiflora filipes","Passiflora filipes","PAFI6",2307806796,101.9400024,1.090000153,"native"
"9570","Suaeda conferta","Suaeda conferta","SUCO",2307806796,101.9400024,1.090000153,"native"
"9571","Neostapfia colusana","Neostapfia colusana","NECO2",16624769017,1453.879959,5.299999475,"native"
"9572","Chamaesyce velleriflora","Euphorbia velleriflora","CHVE11",2279809496,216.3800049,0.900000095,"native"
"9573","Tuctoria mucronata","Tuctoria mucronata","TUMU",4756472385,606.8899841,2.840000153,"native"
"9574","Fimbristylis decipiens","Fimbristylis decipiens","FIDE3",8417563773,666.7600098,3.840000153,"native"
"9575","Physostegia pulchella","Physostegia pulchella","PHPU9",66372746019,1034.629944,3.429999828,"native"
"9576","Eryngium hookeri","Eryngium hookeri","ERHO9",85417029555,822.8299561,3.799999714,"native"
"9577","Elytraria bromoides","Elytraria bromoides","ELBR2",20016647437,407.8900146,1.779999733,"native"
"9578","Chamaesyce humistrata","Euphorbia humistrata","CHHU3",2.65e+11,989.5100708,4.050000191,"native"
"9579","Camassia angusta","Camassia angusta","CAAN2",95893476458,761.1199951,3.440000057,"native"
"9580","Verbesina helianthoides","Verbesina helianthoides","VEHE",4.13e+11,818.3699951,3.440000057,"native"
"9581","Carex microrhyncha","Carex microrhyncha","CAMI8",30130924202,505.9299927,3.109999657,"native"
"9582","Schoenocaulon drummondii","Schoenocaulon texanum","SCDR",28779267396,523.9300537,2.949999809,"native"
"9583","Verbena runyonii","Verbena neomexicana var. neomexicana","VERU",9904769738,879.9000244,2.110000134,"native"
"9584","Eryngium racemosum","Eryngium racemosum","ERRA5",14351459974,576.0700226,5.299999475,"native"
"9585","Boerhavia mathisiana","Boerhavia ciliata","BOMA5",4488787843,271.5999756,1.019999981,"native"
"9586","Croptilon rigidifolium","Croptilon rigidifolium","CRRI3",63820286302,700.6799316,3.269999981,"native"
"9587","Penstemon deamii","Penstemon deamii","PEDE10",14248581749,195.3199463,2.609999657,"native"
"9588","Limnosciadium pumilum","Limnosciadium pinnatum","LIPU2",82458705808,951.9899292,3.860000134,"native"
"9589","Polygonella parksii","Polygonella parksii","POPA6",19629403932,505.460022,2.659999847,"native"
"9590","Malvastrum hispidum","Malvastrum hispidum","MAHI",2.14e+11,1066.130005,3.380000591,"native"
"9591","Glandularia polyantha","Verbena polyantha","GLPO",10838654171,459.3200073,1.779999733,"native"
"9592","Rubus meracus","Rubus flagellaris","RUME3",10662178570,568.2999878,2.319999695,"native"
"9593","Crataegus viburnifolia","Crataegus viburnifolia","CRVI",6025257993,474.1199951,1.839999676,"native"
"9594","Sabal mexicana","Sabal mexicana","SAME8",12673625695,871.3300171,3.199999809,"native"
"9595","Thalictrum texanum","Thalictrum texanum","THTE",11762144872,537.1799927,2.759999752,"native"
"9596","Rubus steelei","Rubus flagellaris","RUST5",33299732100,812.1799927,2.760000229,"native"
"9597","Rhododon ciliatus","Rhododon ciliatus","RHCI4",29859538042,550.5800171,3.230000496,"native"
"9598","Acalypha deamii","Acalypha deamii","ACDE4",36860282663,657.1099854,2.929999828,"native"
"9599","Phyllanthus pudens","Phyllanthus evanescens","PHPU6",35610161024,980.9899292,3.710000038,"native"
"9600","Lesquerella globosa","Physaria globosa","LEGL2",15176965267,355.0599365,1.940000057,"native"
"9601","Houstonia parviflora","Houstonia parviflora","HOPA3",13364490854,311.5800171,2.210000038,"native"
"9602","Astragalus riparius","Astragalus riparius","ASRI",14767866423,1299.310028,2.889999866,"native"
"9603","Cynosciadium digitatum","Cynosciadium digitatum","CYDI2",1.06e+11,723.039978,3.389999866,"native"
"9604","Lycopodiella subappressa","Lycopodiella subappressa","LYSU2",1965229444,155.75,1.5,"native"
"9605","Carex socialis","Carex socialis","CASO",51768350027,605.4400024,3.110000134,"native"
"9606","Ruellia strepens","Ruellia strepens","RUST2",8.32e+11,1145.97998,4.210000038,"native"
"9607","Phacelia ranunculacea","Phacelia ranunculacea","PHRA3",59765932155,626.4099731,3.179999828,"native"
"9608","Rubus multiformis","Rubus biformispinus","RUMU3",3133097730,62.5,1.289999962,"native"
"9609","Penstemon tenuis","Penstemon tenuis","PETE3",50577200358,415.5799561,3.210000038,"native"
"9610","Euphorbia rosescens","Euphorbia rosescens","EURO3",2634768891,227.1400146,1.730000019,"native"
"9611","Lupinus cumulicola","Lupinus cumulicola","LUCU2",2634768891,227.1400146,1.730000019,"native"
"9612","Xyris correlliorum","Xyris correlliorum","XYCO8",2634768891,227.1400146,1.730000019,"native"
"9613","Lesquerella angustifolia","Physaria angustifolia","LEAN2",2703626782,116.4699707,2.710000038,"native"
"9614","Tetraneuris turneri","Tetraneuris turneri","TETU2",13152084262,345.0599976,2.329999924,"native"
"9615","Phacelia laxa","Phacelia laxa","PHLA",9867509629,359.5299683,2.809999943,"native"
"9616","Brazoria truncata","Brazoria truncata","BRTR",56438320692,601.0999756,3.349999905,"native"
"9617","Lupinus subcarnosus","Lupinus subcarnosus","LUSU",64670512433,907.8599243,3.799999714,"native"
"9618","Symphyotrichum turbinellum","Symphyotrichum turbinellum","SYTU2",2.33e+11,797.3200073,2.940000057,"native"
"9619","Euphorbia texana","Euphorbia texana","EUTE16",29308615425,654.6099243,3.03000021,"native"
"9620","Carex ozarkana","Carex ozarkana","CAOZ2",7517952597,126.9899902,2.840000153,"native"
"9621","Prenanthes crepidinea","Nabalus serpentarius","PRCR",1.63e+11,944.5,3.659999847,"native"
"9622","Tauschia texana","Tauschia texana","TATE2",32935699349,696.6199951,2.889999866,"native"
"9623","Abutilon trisulcatum","Abutilon trisulcatum","ABTR",6376417247,181.4799805,1.769999981,"native"
"9624","Cephalanthus salicifolius","Cephalanthus salicifolius","CESA3",6376417247,181.4799805,1.769999981,"native"
"9625","Erigeron tenellus","Erigeron tenellus","ERTE5",6376417247,181.4799805,1.769999981,"native"
"9626","Glandularia delticola","Verbena delticola","GLDE2",6376417247,181.4799805,1.769999981,"native"
"9627","Panicum hirsutum","Panicum hirsutum","PAHI4",6376417247,181.4799805,1.769999981,"native"
"9628","Sporobolus buckleyi","Sporobolus buckleyi","SPBU",6376417247,181.4799805,1.769999981,"native"
"9629","Heteranthera multiflora","Heteranthera multiflora","HEMU5",60892992775,796.1599731,4.139999866,"native"
"9630","Cynanchum laeve","Cynanchum laeve","CYLA",6.67e+11,1443.120056,3.899999619,"native"
"9631","Justicia pacifica","Justicia pacifica","JUPA7",10112738644,434.5599976,2.699999809,"native"
"9632","Aureolaria grandiflora","Aureolaria grandiflora","AUGR",3.5e+11,1208.700012,3.440000057,"native"
"9633","Rorippa sessiliflora","Rorippa sessiliflora","ROSE",6.66e+11,1214.630035,3.909999847,"native"
"9634","Lesquerella tuplashensis","Physaria douglasii subsp. tuplashensis","LETU7",3215718499,123.5899811,0.769999981,"native"
"9635","Ambrosia cheiranthifolia","Ambrosia cheiranthifolia","AMCH2",6761607115,311.5800171,1.279999733,"native"
"9636","Echeandia chandleri","Echeandia chandleri","ECCH3",6761607115,311.5800171,1.279999733,"native"
"9637","Ayenia limitaris","Ayenia limitaris","AYLI",7906040037,181.4799805,1.779999733,"native"
"9638","Tamaulipa azurea","Tamaulipa azurea","TAAZ",7906040037,181.4799805,1.779999733,"native"
"9639","Urvillea ulmacea","Urvillea ulmacea","URUL",7906040037,181.4799805,1.779999733,"native"
"9640","Zephyranthes refugiensis","Zephyranthes refugiensis","ZERE",1995545559,148.6300049,1.269999981,"native"
"9641","Dodecatheon amethystinum","Primula fassettii","DOAM",57983452536,715.4200439,3.380000114,"native"
"9642","Rubus wisconsinensis","Rubus wisconsinensis","RUWI",25893171747,185.5200195,2.620000362,"native"
"9643","Rubus impar","Rubus pensilvanicus","RUIM2",2058178956,85.69006348,1.830000401,"native"
"9644","Monarda viridissima","Monarda viridissima","MOVI5",14539764223,422.1399536,2.330000401,"native"
"9645","Calliandra biflora","Calliandra biflora","CABI",4560936534,259.6600342,2.470000267,"native"
"9646","Rhynchospora indianolensis","Rhynchospora scutellata","RHIN3",10493784621,495.9599609,2.489999771,"native"
"9647","Rhamnus lanceolata","Rhamnus lanceolata","RHLA",4.79e+11,1133.889984,3.960000038,"native"
"9648","Rhododon angulatus","Rhododon ciliatus","RHAN5",4819578078,317.8099976,1.480000019,"native"
"9649","Solidago sciaphila","Solidago sciaphila","SOSC",48091762449,233.2699585,2.929999828,"native"
"9650","Symphyotrichum drummondii","Symphyotrichum drummondii","SYDR",5.9e+11,962.8500366,3.670000076,"native"
"9651","Echinocereus pentalophus","Echinocereus pentalophus","ECPE2",4068610451,111.5800171,1.389999866,"native"
"9652","Polemonium pectinatum","Polemonium pectinatum","POPE14",22972088201,944.279953,2.930000305,"native"
"9653","Dasistoma macrophylla","Dasistoma macrophylla","DAMA",4.75e+11,937.7399902,4.379999876,"native"
"9654","Crataegus kelloggii","Crataegus kelloggii","CRKE2",6979282132,221.9700317,2.460000038,"native"
"9655","Muhlenbergia glabriflora","Muhlenbergia glabriflora","MUGL",71942216386,919.2399902,3.380000591,"native"
"9656","Agalinis auriculata","Agalinis auriculata","AGAU3",1.57e+11,1026.419983,4.100000381,"native"
"9657","Iodanthus pinnatifidus","Iodanthus pinnatifidus","IOPI",4.11e+11,1007.580017,3.71999979,"native"
"9658","Hoffmannseggia tenella","Hoffmannseggia tenella","HOTE",4453800319,281.539978,1.279999733,"native"
"9659","Cienfuegosia drummondii","Cienfuegosia drummondii","CIDR",12082766409,401.1900024,1.779999733,"native"
"9660","Randia rhagocarpa","Randia obcordata","RARH2",10077267918,391.1199951,1.779999733,"native"
"9661","Hymenoxys perpygmaea","Hymenoxys perpygmaea","HYPE2",2349588921,82.38000488,2.139999866,"native"
"9662","Abronia macrocarpa","Abronia macrocarpa","ABMA5",7267493213,223.0600586,2.609999657,"native"
"9663","Spiranthes parksii","Spiranthes cernua","SPPA5",22827372672,632.2600098,3.289999485,"native"
"9664","Leitneria pilosa","Leitneria pilosa","LEPI16",41432144876,424.3299561,3.110000134,"native"
"9665","Phemeranthus rugospermus","Phemeranthus rugospermus","PHRU8",1.1e+11,630.2799683,3.56000042,"native"
"9666","Grindelia oolepis","Grindelia oolepis","GROO",10550380677,401.1900024,1.480000019,"native"
"9667","Stachys aspera","Stachys aspera","STAS",1.15e+11,657.9899292,3.909999847,"native"
"9668","Lupinus garfieldensis","Lupinus garfieldensis","LUGA",9080959917,742.5600281,2.889999866,"native"
"9669","Carex conjuncta","Carex conjuncta","CACO13",3.88e+11,1054.090027,3.869999886,"native"
"9670","Lenophyllum texanum","Lenophyllum texanum","LETE4",4479034677,311.5800171,1.279999733,"native"
"9671","Eriogonum helichrysoides","Eriogonum helichrysoides","ERHE11",13905748381,212.1799927,0.990000248,"native"
"9672","Carex aureolensis","Carex aureolensis","CAAU4",3563562655,431.9400024,2.210000038,"native"
"9673","Dalea foliosa","Dalea foliosa","DAFO2",22223052741,650.4400024,2.889999866,"native"
"9674","Cyclanthera dissecta","Cyclanthera dissecta","CYDI",11043405633,492.8700562,2.889999866,"native"
"9675","Astragalus tennesseensis","Astragalus tennesseensis","ASTE7",27190632462,648.7200317,2.889999866,"native"
"9676","Solidago deamii","Solidago gillmanii","SODE5",1082793402,50.83001709,1.380000114,"native"
"9677","Perideridia americana","Perideridia americana","PEAM2",1.66e+11,748.6199341,3.079999924,"native"
"9678","Eurybia furcata","Eurybia furcata","EUFU3",62737544997,472.1900024,2.809999943,"native"
"9679","Crataegus distincta","Crataegus distincta","CRDI11",861398471,60.65997314,0.529999733,"native"
"9680","Psilactis heterocarpa","Psilactis heterocarpa","PSHE5",16820935386,541.4799194,2.949999809,"native"
"9681","Coreopsis palmata","Coreopsis palmata","COPA10",5.65e+11,1143.570007,3.349999905,"native"
"9682","Symphyotrichum parviceps","Symphyotrichum parviceps","SYPA10",1.01e+11,387.5299683,2.809999943,"native"
"9683","Orbexilum onobrychis","Orbexilum onobrychis","ORON",1.86e+11,1279.80011,3.039999962,"native"
"9684","Eleocharis austrotexana","Eleocharis ravenelii","ELAU",6963059441,620.2300415,2.440000057,"native"
"9685","Carex viridistellata","Carex viridistellata","CAVI30",20436753633,442.2999878,3.029999733,"native"
"9686","Liatris cymosa","Liatris cymosa","LICY2",11695153716,381.1000366,2.759999752,"native"
"9687","Callirhoe triangulata","Callirhoe triangulata","CATR",70426710354,655.4200439,2.989999771,"native"
"9688","Rubus uniformis","Rubus setosus","RUUN",4073026533,56.30999756,1.230000019,"native"
"9689","Crataegus lanuginosa","Crataegus lanuginosa","CRLA3",11600006096,125.3400879,1.78000021,"native"
"9690","Crataegus ovata","Crataegus viridis var. ovata","CROV2",7448426949,272.2299805,2.630000114,"native"
"9691","Besseya bullii","Veronica bullii","BEBU",75868705496,426.2000732,2.980000019,"native"
"9692","Asclepias meadii","Asclepias meadii","ASME",47503618937,400.2900391,3.019999981,"native"
"9693","Agalinis navasotensis","Agalinis navasotensis","AGNA",2039530033,153.8100586,2.759999752,"native"
"9694","Lesquerella filiformis","Physaria filiformis","LEFI2",7713563194,125.3400879,1.25,"native"
"9695","Lespedeza leptostachya","Lespedeza leptostachya","LELE5",51731682139,443.1499634,2.839999676,"native"
"9696","Rubus nigerrimus","Rubus leucodermis var. nigerrimus","RUNI",7433515997,742.5600281,2.200000286,"native"
"9697","Crataegus prona","Crataegus prona","CRPR5",7695337089,363.9699707,1.880000114,"native"
"9698","Boltonia decurrens","Boltonia decurrens","BODE2",26908765297,374.7999878,2.420000076,"native"
"9699","Rubus variispinus",NA,"RUVA3",1871121259,40.13000488,0.78000021,"native"
"9700","Manihot subspicata","Manihot subspicata","MASU15",1795990945,171.9899902,1.019999981,"native"
"9701","Carex missouriensis","Carex missouriensis","CAMI50",77475648406,381.9900513,2.859999657,"native"
"9702","Crataegus nitida","Crataegus nitida","CRNI",12009699675,357.7400513,2.130000114,"native"
"9703","Erythronium propullans","Erythronium propullans","ERPR6",3244506071,78.23999023,1.329999924,"native"
"9704","Twisselmannia californica","Tropidocarpum californicum","TWCA",3600883824,432.6999817,2,"native"
"9705","Botrychium gallicomontanum","Botrychium gallicomontanum","BOGA2",2260512791,59.22998047,0.679999828,"native"
"9706","Brickellia eupatorioides","Brickellia eupatorioides","BREU",2.53e+12,2199.850006,7.399999976,"native"
