"","genus","ResolvedName","csr_c","csr_r","usda_habit","usda_growth","usda_allelo","usda_lifespan","usda_nitro","usda_toxic","hyb_prop","hyb_ratio","gpi_inv_cong","gpi_inv_else","will_rangesize","will_preciprange","will_phrange"
"1","Abies","Abies concolor",NA,NA,"Tree","Slow","No","Long","None","None",0.362318841,0.041666667,TRUE,FALSE,3.61e+11,3978.389893,5.819999933
"2","Abies","Abies lasiocarpa var. lasiocarpa",NA,NA,NA,NA,NA,NA,NA,NA,0.362318841,0.041666667,TRUE,FALSE,NA,NA,NA
"3","Abies","Abies magnifica var. shastensis",NA,NA,NA,NA,NA,NA,NA,NA,0.362318841,0.041666667,TRUE,FALSE,NA,NA,NA
"4","Abronia","Abronia maritima",NA,NA,NA,NA,NA,NA,NA,NA,4.166666667,0.3125,FALSE,FALSE,43869173005,1219.170044,4.559999466
"5","Abronia","Abronia umbellata",NA,NA,NA,NA,NA,NA,NA,NA,4.166666667,0.3125,FALSE,FALSE,NA,NA,NA
"6","Abronia","Abronia villosa",NA,NA,NA,NA,NA,NA,NA,NA,4.166666667,0.3125,FALSE,FALSE,3.37e+11,1662,5.75999999
"7","Abutilon","Abutilon palmeri",NA,NA,NA,NA,NA,NA,NA,NA,0,0,TRUE,FALSE,88768694403,853.25,5.159999847
"8","Acalypha","Acalypha californica",NA,NA,NA,NA,NA,NA,NA,NA,0,0,TRUE,FALSE,36748741007,790.8599854,4.169999599
"9","Acer","Acer circinatum",NA,NA,"Tree, Shrub, Vine","Moderate","No","Long","None","None",0.185013876,0.042553191,TRUE,FALSE,NA,NA,NA
"10","Acer","Acer macrophyllum",NA,NA,"Tree","Rapid","No","Moderate","None","None",0.185013876,0.042553191,TRUE,FALSE,NA,NA,NA
"11","Acer","Acer negundo",50.3802345739496,26.3079482388856,"Tree","Rapid","No","Short","None","None",0.185013876,0.042553191,TRUE,TRUE,NA,NA,NA
"12","Achillea","Achillea millefolium",22.0177339375738,19.1772422149128,"Forb/herb","Moderate","No","Moderate","None","Slight",0.790960452,0.233333333,TRUE,TRUE,NA,NA,NA
"13","Achyrachaena","Achyrachaena mollis",NA,NA,NA,NA,NA,NA,NA,NA,NA,NA,FALSE,FALSE,2.76e+11,3981.739914,5.719999552
"14","Acmispon","Acmispon americanus",NA,NA,NA,NA,NA,NA,NA,NA,NA,NA,FALSE,FALSE,NA,NA,NA
"15","Acmispon","Acmispon glaber",NA,NA,NA,NA,NA,NA,NA,NA,NA,NA,FALSE,FALSE,NA,NA,NA
"16","Acmispon","Acmispon strigosus",NA,NA,NA,NA,NA,NA,NA,NA,NA,NA,FALSE,FALSE,4.56e+11,2835.949951,5.859999895
"17","Actaea","Actaea rubra",NA,NA,NA,NA,NA,NA,NA,NA,16.66666667,0.25,FALSE,FALSE,NA,NA,NA
"18","Adelinia","Adelinia grandis",NA,NA,NA,NA,NA,NA,NA,NA,NA,NA,FALSE,FALSE,NA,NA,NA
"19","Adenostoma","Adenostoma fasciculatum",NA,NA,"Shrub",NA,"Yes","Moderate","None","None",0,0,FALSE,FALSE,2.79e+11,3959.279892,5.719999552
"20","Adenostoma","Adenostoma sparsifolium",NA,NA,NA,NA,NA,NA,NA,NA,0,0,FALSE,FALSE,1.21e+11,1311.560043,4.559999466
"21","Adiantum","Adiantum aleuticum",NA,NA,NA,NA,NA,NA,NA,NA,0.526315789,0.05,TRUE,FALSE,NA,NA,NA
"22","Adiantum","Adiantum capillus-veneris",48.0008809775213,51.9991190224787,"Forb/herb","Moderate","No","Moderate","None","None",0.526315789,0.05,TRUE,FALSE,NA,NA,NA
"23","Adiantum","Adiantum jordanii",NA,NA,NA,NA,NA,NA,NA,NA,0.526315789,0.05,TRUE,FALSE,2.97e+11,4505.009766,5.719999552
"24","Adolphia","Adolphia californica",NA,NA,NA,NA,NA,NA,NA,NA,NA,NA,FALSE,FALSE,10900649391,723.7700195,2.480000019
"25","Aesculus","Aesculus californica",NA,NA,"Tree, Shrub","Moderate","No","Long","None","Severe",0,0,FALSE,FALSE,2.43e+11,3929.989891,5.719999552
"26","Agastache","Agastache urticifolia",NA,NA,"Forb/herb, Subshrub","Rapid","No","Long","None","None",0,0,FALSE,FALSE,NA,NA,NA
"27","Agave","Agave deserti",NA,NA,NA,NA,NA,NA,NA,NA,0,0,TRUE,FALSE,2.03e+11,1134.089951,5.75999999
"28","Agave","Agave shawii",NA,NA,NA,NA,NA,NA,NA,NA,0,0,TRUE,FALSE,10900649391,723.7700195,2.480000019
"29","Agave","Agave utahensis",NA,NA,"Subshrub, Shrub, Forb/herb","Moderate","No","Moderate","None","None",0,0,TRUE,FALSE,2.62e+11,1282.420044,7.460000396
"30","Agoseris","Agoseris grandiflora",NA,NA,"Forb/herb","Moderate","No","Short","None","None",3.03030303,0.166666667,FALSE,FALSE,NA,NA,NA
"31","Agrostis","Agrostis exarata",NA,NA,"Graminoid","Moderate","No","Moderate","None","None",0.293040293,0.152380952,TRUE,FALSE,NA,NA,NA
"32","Agrostis","Agrostis pallens",NA,NA,"Graminoid","Moderate","No","Short","None","None",0.293040293,0.152380952,TRUE,FALSE,NA,NA,NA
"33","Agrostis","Agrostis scabra",NA,NA,"Graminoid","Moderate","No","Moderate","None","None",0.293040293,0.152380952,TRUE,FALSE,34936212905,2736.239944,4.020000458
"34","Allium","Allium amplectens",NA,NA,NA,NA,NA,NA,NA,NA,0,0,TRUE,FALSE,NA,NA,NA
"35","Allium","Allium bisceptrum",NA,NA,NA,NA,NA,NA,NA,NA,0,0,TRUE,FALSE,9.31e+11,2835.949951,7.460000396
"36","Allium","Allium falcifolium",NA,NA,NA,NA,NA,NA,NA,NA,0,0,TRUE,FALSE,1.3e+11,4305.149765,5.319999933
"37","Allium","Allium haematochiton",NA,NA,NA,NA,NA,NA,NA,NA,0,0,TRUE,FALSE,1.14e+11,1233.060043,4.559999466
"38","Allium","Allium hyalinum",NA,NA,NA,NA,NA,NA,NA,NA,0,0,TRUE,FALSE,87365516608,1666.510033,5.719999552
"39","Allium","Allium praecox",NA,NA,NA,NA,NA,NA,NA,NA,0,0,TRUE,FALSE,1.01e+11,1134.089951,4.559999466
"40","Allium","Allium unifolium",NA,NA,NA,NA,NA,NA,NA,NA,0,0,TRUE,FALSE,65316202481,3888.730042,5.269999743
"41","Alnus","Alnus incana",40.1214095803772,24.5757383683875,"Tree, Shrub","Rapid","No","Short","Medium","None",0.865800866,0.090909091,TRUE,TRUE,NA,NA,NA
"42","Alnus","Alnus incana subsp. tenuifolia",NA,NA,"Shrub, Tree","Rapid","No","Moderate","Medium","None",0.865800866,0.090909091,TRUE,FALSE,NA,NA,NA
"43","Alnus","Alnus rhombifolia",NA,NA,"Tree","Rapid","No","Long","Low","None",0.865800866,0.090909091,TRUE,FALSE,6e+11,4606.559921,5.819999933
"44","Alnus","Alnus rubra",NA,NA,"Tree","Rapid","No","Short","High","None",0.865800866,0.090909091,TRUE,TRUE,NA,NA,NA
"45","Ambrosia","Ambrosia chamissonis",NA,NA,NA,NA,NA,NA,NA,NA,0.158562368,0.034090909,TRUE,FALSE,NA,NA,NA
"46","Ambrosia","Ambrosia chamissonis",NA,NA,NA,NA,NA,NA,NA,NA,50,0.25,TRUE,FALSE,NA,NA,NA
"47","Ambrosia","Ambrosia chenopodiifolia",NA,NA,NA,NA,NA,NA,NA,NA,0.158562368,0.034090909,TRUE,FALSE,10900649391,723.7700195,2.480000019
"48","Ambrosia","Ambrosia chenopodiifolia",NA,NA,NA,NA,NA,NA,NA,NA,50,0.25,TRUE,FALSE,10900649391,723.7700195,2.480000019
"49","Ambrosia","Ambrosia dumosa",NA,NA,"Subshrub, Shrub","Rapid","No","Short","None","None",0.158562368,0.034090909,TRUE,FALSE,4.44e+11,1662,7.460000396
"50","Ambrosia","Ambrosia dumosa",NA,NA,"Subshrub, Shrub","Rapid","No","Short","None","None",50,0.25,TRUE,FALSE,4.44e+11,1662,7.460000396
"51","Ambrosia","Ambrosia psilostachya",16.9808964166896,36.5688141553315,NA,NA,NA,NA,NA,NA,0.158562368,0.034090909,TRUE,TRUE,NA,NA,NA
"52","Ambrosia","Ambrosia psilostachya",16.9808964166896,36.5688141553315,NA,NA,NA,NA,NA,NA,50,0.25,TRUE,TRUE,NA,NA,NA
"53","Ambrosia","Ambrosia psilostachya",15.8954957412001,22.7645597387722,NA,NA,NA,NA,NA,NA,0.158562368,0.034090909,TRUE,TRUE,NA,NA,NA
"54","Ambrosia","Ambrosia psilostachya",15.8954957412001,22.7645597387722,NA,NA,NA,NA,NA,NA,50,0.25,TRUE,TRUE,NA,NA,NA
"55","Ambrosia","Ambrosia pumila",NA,NA,NA,NA,NA,NA,NA,NA,0.158562368,0.034090909,TRUE,FALSE,29565550842,763.989975,3.03000021
"56","Ambrosia","Ambrosia pumila",NA,NA,NA,NA,NA,NA,NA,NA,50,0.25,TRUE,FALSE,29565550842,763.989975,3.03000021
"57","Ambrosia","Ambrosia salsola",NA,NA,NA,NA,NA,NA,NA,NA,0.158562368,0.034090909,TRUE,FALSE,6.27e+11,1662,7.460000396
"58","Ambrosia","Ambrosia salsola",NA,NA,NA,NA,NA,NA,NA,NA,50,0.25,TRUE,FALSE,6.27e+11,1662,7.460000396
"59","Amelanchier","Amelanchier alnifolia",NA,NA,"Tree, Shrub","Moderate","No","Short","None","None",1.169590643,0.105263158,TRUE,FALSE,NA,NA,NA
"60","Amorpha","Amorpha californica",NA,NA,NA,NA,NA,NA,NA,NA,0,0,TRUE,FALSE,3.55e+11,3852.150009,7.360000014
"61","Amorpha","Amorpha fruticosa",40.3789092757635,20.5316799727593,"Shrub","Moderate","No","Moderate","Medium","Slight",0,0,TRUE,TRUE,NA,NA,NA
"62","Amsinckia","Amsinckia vernicosa",NA,NA,NA,NA,NA,NA,NA,NA,0.246305419,0.034482759,TRUE,FALSE,1.73e+11,1471.01001,5.719999552
"63","Anaphalis","Anaphalis margaritacea",31.3745692522165,17.0067614353366,"Forb/herb","Rapid","No","Short","None","None",NA,NA,FALSE,FALSE,NA,NA,NA
"64","Anemopsis","Anemopsis californica",NA,NA,"Forb/herb","Moderate","No","Long","None","None",NA,NA,FALSE,FALSE,NA,NA,NA
"65","Angelica","Angelica hendersonii",NA,NA,NA,NA,NA,NA,NA,NA,0,0,TRUE,FALSE,75676932330,5220.97995,3.900000095
"66","Anisocarpus","Anisocarpus madioides",NA,NA,NA,NA,NA,NA,NA,NA,0,0,FALSE,FALSE,1.15e+11,5814.670227,4.549999714
"67","Apocynum","Apocynum cannabinum",NA,NA,"Forb/herb","Moderate","No","Moderate","None","Severe",11.11111111,0.444444444,TRUE,TRUE,NA,NA,NA
"68","Apocynum","Apocynum cannabinum",NA,NA,"Forb/herb","Moderate","No","Moderate","None","Severe",0,0,TRUE,TRUE,NA,NA,NA
"69","Aquilegia","Aquilegia eximia",NA,NA,NA,NA,NA,NA,NA,NA,0.740055504,0.170212766,FALSE,FALSE,68966652139,2233.819885,5.269999743
"70","Aquilegia","Aquilegia formosa",NA,NA,"Forb/herb","Rapid","No","Short","None","None",0.740055504,0.170212766,FALSE,FALSE,NA,NA,NA
"71","Aquilegia","Aquilegia pubescens",NA,NA,NA,NA,NA,NA,NA,NA,0.740055504,0.170212766,FALSE,FALSE,NA,NA,NA
"72","Arabis","Arabis blepharophylla",NA,NA,NA,NA,NA,NA,NA,NA,0.035267149,0.018691589,TRUE,FALSE,NA,NA,NA
"73","Aralia","Aralia californica",NA,NA,NA,NA,NA,NA,NA,NA,0,0,TRUE,FALSE,2.51e+11,4485.899765,4.999999523
"74","Arbutus","Arbutus menziesii",NA,NA,"Tree","Slow","No","Long","None","None",100,0.5,FALSE,FALSE,NA,NA,NA
"75","Arceuthobium","Arceuthobium campylopodum",NA,NA,NA,NA,NA,NA,NA,NA,0,0,FALSE,FALSE,NA,NA,NA
"76","Arctostaphylos","Arctostaphylos andersonii",NA,NA,NA,NA,NA,NA,NA,NA,0.372960373,0.121212121,FALSE,FALSE,5658723405,1113.26004,3.760000229
"77","Arctostaphylos","Arctostaphylos auriculata",NA,NA,NA,NA,NA,NA,NA,NA,0.372960373,0.121212121,FALSE,FALSE,1857233047,460.5600281,3.699999809
"78","Arctostaphylos","Arctostaphylos bakeri",NA,NA,NA,NA,NA,NA,NA,NA,0.372960373,0.121212121,FALSE,FALSE,4081491107,1319.099976,2.199999809
"79","Arctostaphylos","Arctostaphylos columbiana",NA,NA,"Tree, Shrub","Slow","No","Moderate","None","None",0.372960373,0.121212121,FALSE,FALSE,NA,NA,NA
"80","Arctostaphylos","Arctostaphylos crustacea",NA,NA,NA,NA,NA,NA,NA,NA,0.372960373,0.121212121,FALSE,FALSE,NA,NA,NA
"81","Arctostaphylos","Arctostaphylos crustacea subsp. crustacea",NA,NA,NA,NA,NA,NA,NA,NA,0.372960373,0.121212121,FALSE,FALSE,NA,NA,NA
"82","Arctostaphylos","Arctostaphylos crustacea subsp. rosei",NA,NA,NA,NA,NA,NA,NA,NA,0.372960373,0.121212121,FALSE,FALSE,NA,NA,NA
"83","Arctostaphylos","Arctostaphylos crustacea subsp. subcordata",NA,NA,NA,NA,NA,NA,NA,NA,0.372960373,0.121212121,FALSE,FALSE,NA,NA,NA
"84","Arctostaphylos","Arctostaphylos cruzensis",NA,NA,NA,NA,NA,NA,NA,NA,0.372960373,0.121212121,FALSE,FALSE,17048228887,1208.100037,2.549999714
"85","Arctostaphylos","Arctostaphylos densiflora",NA,NA,NA,NA,NA,NA,NA,NA,0.372960373,0.121212121,FALSE,FALSE,4081491107,1319.099976,2.199999809
"86","Arctostaphylos","Arctostaphylos edmundsii",NA,NA,NA,NA,NA,NA,NA,NA,0.372960373,0.121212121,FALSE,FALSE,8499616962,1101.690033,1.869999886
"87","Arctostaphylos","Arctostaphylos franciscana",NA,NA,NA,NA,NA,NA,NA,NA,0.372960373,0.121212121,FALSE,FALSE,NA,NA,NA
"88","Arctostaphylos","Arctostaphylos glandulosa",NA,NA,NA,NA,NA,NA,NA,NA,0.372960373,0.121212121,FALSE,FALSE,2.71e+11,4485.899765,4.999999523
"89","Arctostaphylos","Arctostaphylos glandulosa subsp. crassifolia",NA,NA,NA,NA,NA,NA,NA,NA,0.372960373,0.121212121,FALSE,FALSE,NA,NA,NA
"90","Arctostaphylos","Arctostaphylos glandulosa subsp. glandulosa",NA,NA,NA,NA,NA,NA,NA,NA,0.372960373,0.121212121,FALSE,FALSE,NA,NA,NA
"91","Arctostaphylos","Arctostaphylos glauca",NA,NA,"Tree, Shrub","Slow","No","Long","None","None",0.372960373,0.121212121,FALSE,FALSE,1.71e+11,1377.60997,5.719999552
"92","Arctostaphylos","Arctostaphylos pungens",NA,NA,"Subshrub, Shrub","Slow","No","Long","None","None",0.372960373,0.121212121,FALSE,FALSE,5.59e+11,1418.550034,7.460000396
"93","Arctostaphylos","Arctostaphylos hookeri",NA,NA,NA,NA,NA,NA,NA,NA,0.372960373,0.121212121,FALSE,FALSE,19670447649,1315.090027,3.319999695
"94","Arctostaphylos","Arctostaphylos insularis",NA,NA,NA,NA,NA,NA,NA,NA,0.372960373,0.121212121,FALSE,FALSE,7083976828,987.9699707,2.550000191
"95","Arctostaphylos","Arctostaphylos manzanita",NA,NA,"Shrub","Slow","No","Long","None","None",0.372960373,0.121212121,FALSE,FALSE,1.1e+11,3837.469894,5.529999971
"96","Arctostaphylos","Arctostaphylos montaraensis",NA,NA,NA,NA,NA,NA,NA,NA,0.372960373,0.121212121,FALSE,FALSE,1161960635,622.960022,2.630000114
"97","Arctostaphylos","Arctostaphylos morroensis",NA,NA,NA,NA,NA,NA,NA,NA,0.372960373,0.121212121,FALSE,FALSE,8548611925,784.2600098,2.46999979
"98","Arctostaphylos","Arctostaphylos nevadensis",NA,NA,"Subshrub, Shrub","Slow","No","Long","None","None",0.372960373,0.121212121,FALSE,FALSE,4.72e+11,4456.609764,5.819999933
"99","Arctostaphylos","Arctostaphylos nummularia",NA,NA,NA,NA,NA,NA,NA,NA,0.372960373,0.121212121,FALSE,FALSE,20169617959,1978.299957,3.760000229
"100","Arctostaphylos","Arctostaphylos otayensis",NA,NA,NA,NA,NA,NA,NA,NA,0.372960373,0.121212121,FALSE,FALSE,10900649391,723.7700195,2.480000019
"101","Arctostaphylos","Arctostaphylos pacifica",NA,NA,NA,NA,NA,NA,NA,NA,0.372960373,0.121212121,FALSE,FALSE,1161960635,622.960022,2.630000114
"102","Arctostaphylos","Arctostaphylos pajaroensis",NA,NA,NA,NA,NA,NA,NA,NA,0.372960373,0.121212121,FALSE,FALSE,9652483255,1208.680023,1.869999886
"103","Arctostaphylos","Arctostaphylos parryana",NA,NA,NA,NA,NA,NA,NA,NA,0.372960373,0.121212121,FALSE,FALSE,1.14e+11,1233.060043,4.559999466
"104","Arctostaphylos","Arctostaphylos patula",NA,NA,"Shrub","Slow","Yes","Long","None","None",0.372960373,0.121212121,FALSE,FALSE,8.41e+11,4505.009766,7.460000396
"105","Arctostaphylos","Arctostaphylos pilosula",NA,NA,NA,NA,NA,NA,NA,NA,0.372960373,0.121212121,FALSE,FALSE,17048228887,1208.100037,2.549999714
"106","Arctostaphylos","Arctostaphylos pringlei",NA,NA,NA,NA,NA,NA,NA,NA,0.372960373,0.121212121,FALSE,FALSE,3.02e+11,1134.089951,7.399999976
"107","Arctostaphylos","Arctostaphylos pringlei subsp. drupacea",NA,NA,NA,NA,NA,NA,NA,NA,0.372960373,0.121212121,FALSE,FALSE,NA,NA,NA
"108","Arctostaphylos","Arctostaphylos pumila",NA,NA,NA,NA,NA,NA,NA,NA,0.372960373,0.121212121,FALSE,FALSE,8499616962,1101.690033,1.869999886
"109","Arctostaphylos","Arctostaphylos purissima",NA,NA,NA,NA,NA,NA,NA,NA,0.372960373,0.121212121,FALSE,FALSE,7083976828,987.9699707,2.550000191
"110","Arctostaphylos","Arctostaphylos rainbowensis",NA,NA,NA,NA,NA,NA,NA,NA,0.372960373,0.121212121,FALSE,FALSE,29565550842,763.989975,3.03000021
"111","Arctostaphylos","Arctostaphylos refugioensis",NA,NA,NA,NA,NA,NA,NA,NA,0.372960373,0.121212121,FALSE,FALSE,7083976828,987.9699707,2.550000191
"112","Arctostaphylos","Arctostaphylos rudis",NA,NA,NA,NA,NA,NA,NA,NA,0.372960373,0.121212121,FALSE,FALSE,15632588753,1007.899963,2.899999619
"113","Arctostaphylos","Arctostaphylos silvicola",NA,NA,NA,NA,NA,NA,NA,NA,0.372960373,0.121212121,FALSE,FALSE,1152866293,1013.100037,1.590000153
"114","Arctostaphylos","Arctostaphylos stanfordiana",NA,NA,NA,NA,NA,NA,NA,NA,0.372960373,0.121212121,FALSE,FALSE,21560606102,2026.109955,3.699999809
"115","Arctostaphylos","Arctostaphylos tomentosa",NA,NA,NA,NA,NA,NA,NA,NA,0.372960373,0.121212121,FALSE,FALSE,49724512818,1347.749969,4.999999523
"116","Arctostaphylos","Arctostaphylos uva-ursi",11.3436080573168,0,"Shrub","Rapid","No","Short","None","None",0.372960373,0.121212121,FALSE,FALSE,NA,NA,NA
"117","Arctostaphylos","Arctostaphylos uva-ursi",11.3436080573168,0,"Subshrub, Shrub","Moderate","Yes","Long","None","None",0.372960373,0.121212121,FALSE,FALSE,NA,NA,NA
"118","Arctostaphylos","Arctostaphylos viridissima",NA,NA,NA,NA,NA,NA,NA,NA,0.372960373,0.121212121,FALSE,FALSE,7083976828,987.9699707,2.550000191
"119","Arctostaphylos","Arctostaphylos viscida",NA,NA,NA,NA,NA,NA,NA,NA,0.372960373,0.121212121,FALSE,FALSE,2.26e+11,4456.609764,5.719999552
"120","Arctostaphylos","Arctostaphylos viscida subsp. viscida",NA,NA,NA,NA,NA,NA,NA,NA,0.372960373,0.121212121,FALSE,FALSE,NA,NA,NA
"121","Argemone","Argemone corymbosa",NA,NA,NA,NA,NA,NA,NA,NA,1.515151515,0.083333333,TRUE,FALSE,2.4e+11,1134.089951,7.460000396
"122","Argemone","Argemone munita",NA,NA,NA,NA,NA,NA,NA,NA,1.515151515,0.083333333,TRUE,FALSE,8.64e+11,3978.389893,7.460000396
"123","Aristida","Aristida purpurea",0,0,NA,NA,NA,NA,NA,NA,0,0,TRUE,FALSE,NA,NA,NA
"124","Aristolochia","Aristolochia californica",NA,NA,NA,NA,NA,NA,NA,NA,0,0,TRUE,FALSE,NA,NA,NA
"125","Armeria","Armeria maritima",15.6052500263413,54.4572579547848,"Subshrub, Forb/herb","Moderate","No","Moderate","None","None",0.606060606,0.133333333,FALSE,FALSE,NA,NA,NA
"126","Armeria","Armeria maritima subsp. californica",NA,NA,NA,NA,NA,NA,NA,NA,0.606060606,0.133333333,FALSE,FALSE,NA,NA,NA
"127","Arnica","Arnica chamissonis",NA,NA,"Forb/herb","Moderate","No","Short","None","None",0.158730159,0.027777778,TRUE,FALSE,NA,NA,NA
"128","Arnica","Arnica ovata",NA,NA,"Forb/herb","Moderate","No","Moderate","None","None",0.158730159,0.027777778,TRUE,FALSE,NA,NA,NA
"129","Artemisia","Artemisia arbuscula",NA,NA,"Shrub, Subshrub","Slow","No","Long","None","None",0.064350064,0.047297297,TRUE,FALSE,1.09e+12,4005.909912,7.460000396
"130","Artemisia","Artemisia campestris subsp. borealis",NA,NA,NA,NA,NA,NA,NA,NA,0.064350064,0.047297297,TRUE,FALSE,NA,NA,NA
"131","Artemisia","Artemisia californica",NA,NA,NA,NA,NA,NA,NA,NA,0.064350064,0.047297297,TRUE,FALSE,1.41e+11,2278.529953,5.719999552
"132","Artemisia","Artemisia douglasiana",NA,NA,NA,NA,NA,NA,NA,NA,0.064350064,0.047297297,TRUE,FALSE,NA,NA,NA
"133","Artemisia","Artemisia dracunculus",10.6334561573028,42.5039346895057,NA,NA,NA,NA,NA,NA,0.064350064,0.047297297,TRUE,FALSE,NA,NA,NA
"134","Artemisia","Artemisia ludoviciana",12.5353688075839,22.3724047431213,"Subshrub, Forb/herb","Rapid","Yes","Moderate","None","None",0.064350064,0.047297297,TRUE,FALSE,NA,NA,NA
"135","Artemisia","Artemisia vulgaris",39.0527676886099,11.2997322319496,NA,NA,NA,NA,NA,NA,0.064350064,0.047297297,TRUE,TRUE,NA,NA,NA
"136","Artemisia","Artemisia palmeri",NA,NA,NA,NA,NA,NA,NA,NA,0.064350064,0.047297297,TRUE,FALSE,10900649391,723.7700195,2.480000019
"137","Artemisia","Artemisia pycnocephala",NA,NA,NA,NA,NA,NA,NA,NA,0.064350064,0.047297297,TRUE,FALSE,47555160925,4276.029755,3.690000057
"138","Artemisia","Artemisia tridentata",NA,NA,"Tree, Shrub","Slow","No","Long","None","None",0.064350064,0.047297297,TRUE,FALSE,NA,NA,NA
"139","Artemisia","Artemisia tridentata subsp. vaseyana",NA,NA,"Tree, Shrub","Slow","No","Long","None","None",0.064350064,0.047297297,TRUE,FALSE,NA,NA,NA
"140","Arthrocnemum","Arthrocnemum subterminale",NA,NA,NA,NA,NA,NA,NA,NA,0,0,FALSE,FALSE,1.76e+11,1642.829941,5.719999552
"141","Aruncus","Aruncus dioicus",70.5838981322733,26.077321840023,NA,NA,NA,NA,NA,NA,NA,NA,FALSE,FALSE,NA,NA,NA
"142","Asarum","Asarum caudatum",NA,NA,NA,NA,NA,NA,NA,NA,0,0,FALSE,FALSE,NA,NA,NA
"143","Asarum","Asarum hartwegii",NA,NA,NA,NA,NA,NA,NA,NA,0,0,FALSE,FALSE,72546024027,3750.76001,5.529999971
"144","Asarum","Asarum lemmonii",NA,NA,NA,NA,NA,NA,NA,NA,0,0,FALSE,FALSE,32047676169,2695.029953,5.529999971
"145","Asclepias","Asclepias cordifolia",NA,NA,NA,NA,NA,NA,NA,NA,0.037023325,0.013513514,TRUE,FALSE,2.8e+11,4456.609764,5.819999933
"146","Asclepias","Asclepias cryptoceras",NA,NA,NA,NA,NA,NA,NA,NA,0.037023325,0.013513514,TRUE,FALSE,6.57e+11,1699.850014,7.460000396
"147","Asclepias","Asclepias eriocarpa",NA,NA,NA,NA,NA,NA,NA,NA,0.037023325,0.013513514,TRUE,FALSE,2.45e+11,3959.279892,5.719999552
"148","Asclepias","Asclepias erosa",NA,NA,NA,NA,NA,NA,NA,NA,0.037023325,0.013513514,TRUE,FALSE,4.51e+11,1662,7.460000396
"149","Asclepias","Asclepias fascicularis",NA,NA,NA,NA,NA,NA,NA,NA,0.037023325,0.013513514,TRUE,FALSE,8.02e+11,4505.009766,7.460000396
"150","Asclepias","Asclepias speciosa",NA,NA,"Forb/herb","Moderate","No","Long","None","Slight",0.037023325,0.013513514,TRUE,FALSE,NA,NA,NA
"151","Asclepias","Asclepias subulata",NA,NA,NA,NA,NA,NA,NA,NA,0.037023325,0.013513514,TRUE,FALSE,2.38e+11,1138.519951,5.75999999
"152","Astragalus","Astragalus pomonensis",NA,NA,NA,NA,NA,NA,NA,NA,0,0,TRUE,FALSE,97153035195,1134.089951,4.019999504
"153","Astragalus","Astragalus trichopodus",NA,NA,NA,NA,NA,NA,NA,NA,0,0,TRUE,FALSE,NA,NA,NA
"154","Astragalus","Astragalus trichopodus var. lonchus",NA,NA,NA,NA,NA,NA,NA,NA,0,0,TRUE,FALSE,NA,NA,NA
"155","Smithiastrum","Smithiastrum prenanthoides",NA,NA,NA,NA,NA,NA,NA,NA,NA,NA,FALSE,FALSE,2.11e+11,4364.089767,5.529999971
"156","Athyrium","Athyrium filix-femina",NA,NA,"Forb/herb","Moderate","No","Long","None","None",NA,NA,FALSE,FALSE,NA,NA,NA
"157","Atriplex","Atriplex argentea var. expansa",NA,NA,NA,NA,NA,NA,NA,NA,0.158940397,0.119205298,TRUE,FALSE,NA,NA,NA
"158","Atriplex","Atriplex argentea var. expansa",NA,NA,NA,NA,NA,NA,NA,NA,0,0,TRUE,FALSE,NA,NA,NA
"159","Atriplex","Atriplex canescens",NA,NA,"Shrub","Rapid","No","Moderate","None","None",0.158940397,0.119205298,TRUE,FALSE,NA,NA,NA
"160","Atriplex","Atriplex canescens",NA,NA,"Shrub","Rapid","No","Moderate","None","None",0,0,TRUE,FALSE,NA,NA,NA
"161","Atriplex","Atriplex canescens var. linearis",NA,NA,NA,NA,NA,NA,NA,NA,0.158940397,0.119205298,TRUE,FALSE,NA,NA,NA
"162","Atriplex","Atriplex canescens var. linearis",NA,NA,NA,NA,NA,NA,NA,NA,0,0,TRUE,FALSE,NA,NA,NA
"163","Atriplex","Atriplex confertifolia",NA,NA,"Subshrub, Shrub","Slow","Yes","Moderate","None","None",0.158940397,0.119205298,TRUE,TRUE,NA,NA,NA
"164","Atriplex","Atriplex confertifolia",NA,NA,"Subshrub, Shrub","Slow","Yes","Moderate","None","None",0,0,TRUE,TRUE,NA,NA,NA
"165","Atriplex","Atriplex gardneri var. falcata",NA,NA,NA,NA,NA,NA,NA,NA,0.158940397,0.119205298,TRUE,FALSE,NA,NA,NA
"166","Atriplex","Atriplex gardneri var. falcata",NA,NA,NA,NA,NA,NA,NA,NA,0,0,TRUE,FALSE,NA,NA,NA
"167","Atriplex","Atriplex hymenelytra",NA,NA,NA,NA,NA,NA,NA,NA,0.158940397,0.119205298,TRUE,FALSE,2.98e+11,1282.420044,5.82000041
"168","Atriplex","Atriplex hymenelytra",NA,NA,NA,NA,NA,NA,NA,NA,0,0,TRUE,FALSE,2.98e+11,1282.420044,5.82000041
"169","Atriplex","Atriplex lentiformis",NA,NA,"Subshrub, Shrub","Moderate","No","Long","None","None",0.158940397,0.119205298,TRUE,FALSE,NA,NA,NA
"170","Atriplex","Atriplex lentiformis",NA,NA,"Subshrub, Shrub","Moderate","No","Long","None","None",0,0,TRUE,FALSE,NA,NA,NA
"171","Atriplex","Atriplex lentiformis subsp. breweri",NA,NA,NA,NA,NA,NA,NA,NA,0.158940397,0.119205298,TRUE,FALSE,NA,NA,NA
"172","Atriplex","Atriplex lentiformis subsp. breweri",NA,NA,NA,NA,NA,NA,NA,NA,0,0,TRUE,FALSE,NA,NA,NA
"173","Atriplex","Atriplex leucophylla",NA,NA,NA,NA,NA,NA,NA,NA,0.158940397,0.119205298,TRUE,FALSE,86457960585,3982.060059,4.999999523
"174","Atriplex","Atriplex leucophylla",NA,NA,NA,NA,NA,NA,NA,NA,0,0,TRUE,FALSE,86457960585,3982.060059,4.999999523
"175","Atriplex","Atriplex patula",50.8351798361595,49.1648201638405,NA,NA,NA,NA,NA,NA,0.158940397,0.119205298,TRUE,TRUE,NA,NA,NA
"176","Atriplex","Atriplex patula",50.8351798361595,49.1648201638405,NA,NA,NA,NA,NA,NA,0,0,TRUE,TRUE,NA,NA,NA
"177","Atriplex","Atriplex polycarpa",NA,NA,"Shrub","Slow","No","Moderate","None","None",0.158940397,0.119205298,TRUE,FALSE,4.07e+11,1471.01001,5.82000041
"178","Atriplex","Atriplex polycarpa",NA,NA,"Shrub","Slow","No","Moderate","None","None",0,0,TRUE,FALSE,4.07e+11,1471.01001,5.82000041
"179","Atriplex","Atriplex spinifera",NA,NA,NA,NA,NA,NA,NA,NA,0.158940397,0.119205298,TRUE,FALSE,1.39e+11,1471.01001,5.719999552
"180","Atriplex","Atriplex spinifera",NA,NA,NA,NA,NA,NA,NA,NA,0,0,TRUE,FALSE,1.39e+11,1471.01001,5.719999552
"181","Atriplex","Atriplex watsonii",NA,NA,NA,NA,NA,NA,NA,NA,0.158940397,0.119205298,TRUE,FALSE,43869173005,1219.170044,4.559999466
"182","Atriplex","Atriplex watsonii",NA,NA,NA,NA,NA,NA,NA,NA,0,0,TRUE,FALSE,43869173005,1219.170044,4.559999466
"183","Baccharis","Baccharis glutinosa",NA,NA,NA,NA,NA,NA,NA,NA,0,0,TRUE,FALSE,NA,NA,NA
"184","Baccharis","Baccharis pilularis",NA,NA,"Subshrub, Shrub","Moderate","No","Moderate","None","Slight",0,0,TRUE,FALSE,NA,NA,NA
"185","Baccharis","Baccharis pilularis subsp. consanguinea",NA,NA,NA,NA,NA,NA,NA,NA,0,0,TRUE,FALSE,NA,NA,NA
"186","Baccharis","Baccharis pilularis subsp. pilularis",NA,NA,NA,NA,NA,NA,NA,NA,0,0,TRUE,FALSE,NA,NA,NA
"187","Baccharis","Baccharis salicifolia",NA,NA,"Shrub","Rapid","No","Short","None","None",0,0,TRUE,FALSE,8.28e+11,2835.949951,7.460000396
"188","Baccharis","Baccharis salicina",NA,NA,NA,NA,NA,NA,NA,NA,0,0,TRUE,FALSE,5.51e+11,1138.519951,7.460000396
"189","Baccharis","Baccharis sarothroides",NA,NA,"Shrub","Moderate","No","Short","None","Slight",0,0,TRUE,FALSE,2.98e+11,926.4600143,5.75999999
"190","Bahiopsis","Bahiopsis laciniata",NA,NA,NA,NA,NA,NA,NA,NA,NA,NA,FALSE,FALSE,12953944160,723.7700195,2.480000019
"191","Baileya","Baileya multiradiata",NA,NA,NA,NA,NA,NA,NA,NA,0,0,FALSE,FALSE,7.02e+11,1134.089951,7.460000396
"192","Balsamorhiza","Balsamorhiza hookeri",NA,NA,"Forb/herb","Moderate","No","Moderate","None","None",7.272727273,0.363636364,TRUE,FALSE,7.28e+11,3958.869911,5.82000041
"193","Bebbia","Bebbia juncea",NA,NA,NA,NA,NA,NA,NA,NA,NA,NA,FALSE,FALSE,5.13e+11,1282.420044,7.460000396
"194","Berberis","Berberis aquifolium",47.8747687425802,0,"Subshrub, Shrub","Moderate","No","Long","None","None",0.362318841,0.041666667,TRUE,TRUE,NA,NA,NA
"195","Berberis","Berberis aquifolium",47.8747687425802,0,"Subshrub, Shrub","Moderate","No","Long","None","None",0,0,TRUE,TRUE,NA,NA,NA
"196","Berberis","Berberis repens",NA,NA,"Subshrub, Shrub","Slow","No","Long","None","None",0.362318841,0.041666667,TRUE,TRUE,NA,NA,NA
"197","Berberis","Berberis repens",NA,NA,"Subshrub, Shrub","Slow","No","Long","None","None",0,0,TRUE,TRUE,NA,NA,NA
"198","Berberis","Berberis fremontii",NA,NA,NA,NA,NA,NA,NA,NA,0.362318841,0.041666667,TRUE,FALSE,5.1e+11,1182.229965,7.460000396
"199","Berberis","Berberis fremontii",NA,NA,NA,NA,NA,NA,NA,NA,0,0,TRUE,FALSE,5.1e+11,1182.229965,7.460000396
"200","Berberis","Berberis nervosa",NA,NA,"Subshrub, Shrub","Slow","No","Long","None","None",0.362318841,0.041666667,TRUE,FALSE,NA,NA,NA
"201","Berberis","Berberis nervosa",NA,NA,"Subshrub, Shrub","Slow","No","Long","None","None",0,0,TRUE,FALSE,NA,NA,NA
"202","Berberis","Berberis nevinii",NA,NA,NA,NA,NA,NA,NA,NA,0.362318841,0.041666667,TRUE,FALSE,92031118218,1134.089951,4.559999466
"203","Berberis","Berberis nevinii",NA,NA,NA,NA,NA,NA,NA,NA,0,0,TRUE,FALSE,92031118218,1134.089951,4.559999466
"204","Berberis","Berberis pinnata",NA,NA,NA,NA,NA,NA,NA,NA,0.362318841,0.041666667,TRUE,FALSE,86731631471,4472.009766,4.999999523
"205","Berberis","Berberis pinnata",NA,NA,NA,NA,NA,NA,NA,NA,0,0,TRUE,FALSE,86731631471,4472.009766,4.999999523
"206","Berberis","Berberis moranensis",NA,NA,NA,NA,NA,NA,NA,NA,0.362318841,0.041666667,TRUE,FALSE,NA,NA,NA
"207","Berberis","Berberis moranensis",NA,NA,NA,NA,NA,NA,NA,NA,0,0,TRUE,FALSE,NA,NA,NA
"208","Bergerocactus","Bergerocactus emoryi",NA,NA,NA,NA,NA,NA,NA,NA,NA,NA,FALSE,FALSE,21411321167,1101.140015,4.559999466
"209","Betula","Betula occidentalis",NA,NA,"Tree, Shrub","Rapid","No","Short","None","None",2.645502646,0.357142857,TRUE,FALSE,NA,NA,NA
"210","Bidens","Bidens laevis",NA,NA,"Forb/herb","Rapid","No","Short","None","None",0.324569945,0.126582278,TRUE,FALSE,NA,NA,NA
"211","Bidens","Bidens laevis",NA,NA,"Forb/herb","Rapid","No","Short","None","None",0,0,TRUE,FALSE,NA,NA,NA
"212","Bloomeria","Bloomeria crocea",NA,NA,NA,NA,NA,NA,NA,NA,0,0,FALSE,FALSE,1.17e+11,1446.840012,5.719999552
"213","Bolboschoenus","Bolboschoenus maritimus",38.4237002894914,13.5530373572275,NA,NA,NA,NA,NA,NA,NA,NA,FALSE,FALSE,NA,NA,NA
"214","Bolboschoenus","Bolboschoenus robustus",NA,NA,NA,NA,NA,NA,NA,NA,NA,NA,FALSE,FALSE,NA,NA,NA
"215","Bothriochloa","Bothriochloa barbinodis",NA,NA,"Graminoid","Rapid","No","Short","None","None",0,0,TRUE,TRUE,NA,NA,NA
"216","Bouteloua","Bouteloua curtipendula",15.212511475036,18.7765212933518,"Graminoid","Moderate","No","Moderate","None","None",0.284900285,0.037037037,TRUE,FALSE,NA,NA,NA
"217","Bouteloua","Bouteloua gracilis",4.73592129987492,22.162143684581,"Graminoid","Rapid","No","Moderate","None","None",0.284900285,0.037037037,TRUE,TRUE,NA,NA,NA
"218","Boykinia","Boykinia occidentalis",NA,NA,NA,NA,NA,NA,NA,NA,0,0,FALSE,FALSE,NA,NA,NA
"219","Brickellia","Brickellia californica",NA,NA,NA,NA,NA,NA,NA,NA,0.362318841,0.041666667,FALSE,FALSE,1.37e+12,4505.009766,7.460000396
"220","Brickellia","Brickellia californica",NA,NA,NA,NA,NA,NA,NA,NA,0,0,FALSE,FALSE,1.37e+12,4505.009766,7.460000396
"221","Brodiaea","Brodiaea californica",NA,NA,NA,NA,NA,NA,NA,NA,1.098901099,0.071428571,FALSE,FALSE,NA,NA,NA
"222","Brodiaea","Brodiaea elegans",NA,NA,NA,NA,NA,NA,NA,NA,1.098901099,0.071428571,FALSE,FALSE,3.27e+11,4606.559921,5.719999552
"223","Brodiaea","Brodiaea jolonensis",NA,NA,NA,NA,NA,NA,NA,NA,1.098901099,0.071428571,FALSE,FALSE,52368789967,1297.670044,4.559999466
"224","Brodiaea","Brodiaea minor",NA,NA,NA,NA,NA,NA,NA,NA,1.098901099,0.071428571,FALSE,FALSE,55984570163,2674.869949,5.299999475
"225","Bromus","Bromus carinatus",NA,NA,"Graminoid","Rapid","No","Short","None","None",0,0,TRUE,FALSE,55555988026,3143.779877,4.46999979
"226","Bromus","Bromus carinatus",NA,NA,"Graminoid","Rapid","No","Short","None","None",0,0,TRUE,FALSE,55555988026,3143.779877,4.46999979
"227","Bromus","Bromus carinatus",NA,NA,"Graminoid","Rapid","No","Short","None","None",0.031735957,0.02173913,TRUE,FALSE,55555988026,3143.779877,4.46999979
"228","Bromus","Bromus carinatus",NA,NA,"Graminoid","Rapid","No","Short","None","None",0,0,TRUE,FALSE,55555988026,3143.779877,4.46999979
"229","Calamagrostis","Calamagrostis foliosa",NA,NA,NA,NA,NA,NA,NA,NA,5,0.1,TRUE,FALSE,20929072072,3141.759888,2.859999657
"230","Calamagrostis","Calamagrostis foliosa",NA,NA,NA,NA,NA,NA,NA,NA,1.341463415,0.268292683,TRUE,FALSE,20929072072,3141.759888,2.859999657
"231","Calamagrostis","Calamagrostis foliosa",NA,NA,NA,NA,NA,NA,NA,NA,0,0,TRUE,FALSE,20929072072,3141.759888,2.859999657
"232","Calamagrostis","Calamagrostis nutkaensis",NA,NA,NA,NA,NA,NA,NA,NA,5,0.1,TRUE,FALSE,NA,NA,NA
"233","Calamagrostis","Calamagrostis nutkaensis",NA,NA,NA,NA,NA,NA,NA,NA,1.341463415,0.268292683,TRUE,FALSE,NA,NA,NA
"234","Calamagrostis","Calamagrostis nutkaensis",NA,NA,NA,NA,NA,NA,NA,NA,0,0,TRUE,FALSE,NA,NA,NA
"235","Calandrinia","Calandrinia ciliata",NA,NA,NA,NA,NA,NA,NA,NA,0,0,FALSE,FALSE,NA,NA,NA
"236","Calliandra","Calliandra californica",NA,NA,NA,NA,NA,NA,NA,NA,NA,NA,TRUE,FALSE,NA,NA,NA
"237","Calliandra","Calliandra eriophylla",NA,NA,"Subshrub, Shrub","Moderate","No","Moderate","Low","None",NA,NA,TRUE,FALSE,2.92e+11,1023.580009,7.399999976
"238","Calocedrus","Calocedrus decurrens",NA,NA,"Tree","Slow","No","Long","None","None",NA,NA,FALSE,FALSE,NA,NA,NA
"239","Calochortus","Calochortus albus",NA,NA,NA,NA,NA,NA,NA,NA,0.134680135,0.036363636,FALSE,FALSE,1.52e+11,2811.779953,5.719999552
"240","Calochortus","Calochortus splendens",NA,NA,NA,NA,NA,NA,NA,NA,0.134680135,0.036363636,FALSE,FALSE,1.61e+11,1642.829941,4.999999523
"241","Calochortus","Calochortus uniflorus",NA,NA,NA,NA,NA,NA,NA,NA,0.134680135,0.036363636,FALSE,FALSE,96845393898,3883.339905,3.949999809
"242","Calochortus","Calochortus venustus",NA,NA,NA,NA,NA,NA,NA,NA,0.134680135,0.036363636,FALSE,FALSE,1.82e+11,2802.949951,5.719999552
"243","Caltha","Caltha leptosepala",NA,NA,"Forb/herb","Moderate","No","Moderate","None","Slight",NA,NA,FALSE,FALSE,NA,NA,NA
"244","Calycanthus","Calycanthus occidentalis",NA,NA,NA,NA,NA,NA,NA,NA,NA,NA,FALSE,FALSE,NA,NA,NA
"245","Calypso","Calypso bulbosa",NA,NA,NA,NA,NA,NA,NA,NA,NA,NA,FALSE,FALSE,NA,NA,NA
"246","Calyptridium","Calyptridium umbellatum",NA,NA,NA,NA,NA,NA,NA,NA,1.282051282,0.076923077,FALSE,FALSE,NA,NA,NA
"247","Calystegia","Calystegia macrostegia",NA,NA,NA,NA,NA,NA,NA,NA,1.176470588,0.2,TRUE,FALSE,1.23e+11,1311.560043,4.559999466
"248","Calystegia","Calystegia macrostegia subsp. cyclostegia",NA,NA,NA,NA,NA,NA,NA,NA,1.176470588,0.2,TRUE,FALSE,NA,NA,NA
"249","Calystegia","Calystegia purpurata",NA,NA,NA,NA,NA,NA,NA,NA,1.176470588,0.2,TRUE,FALSE,78143766575,3855.819885,4.549999714
"250","Calystegia","Calystegia soldanella",49.4140425944038,50.5859574055962,NA,NA,NA,NA,NA,NA,1.176470588,0.2,TRUE,FALSE,NA,NA,NA
"251","Camassia","Camassia quamash",NA,NA,"Forb/herb","Moderate","No","Moderate","None","None",0,0,FALSE,FALSE,NA,NA,NA
"252","Camissoniopsis","Camissoniopsis cheiranthifolia",NA,NA,NA,NA,NA,NA,NA,NA,NA,NA,FALSE,FALSE,1.01e+11,4472.009766,4.999999523
"253","Campanula","Campanula rotundifolia",7.37046165089348,69.0255387718467,NA,NA,NA,NA,NA,NA,0.005569479,0.005263158,TRUE,FALSE,NA,NA,NA
"254","Campanula","Campanula rotundifolia",7.37046165089348,69.0255387718467,NA,NA,NA,NA,NA,NA,0,0,TRUE,FALSE,NA,NA,NA
"255","Carex","Carex amplifolia",NA,NA,NA,NA,NA,NA,NA,NA,0.024607728,0.104582844,TRUE,FALSE,NA,NA,NA
"256","Carex","Carex amplifolia",NA,NA,NA,NA,NA,NA,NA,NA,0,0,TRUE,FALSE,NA,NA,NA
"257","Carex","Carex amplifolia",NA,NA,NA,NA,NA,NA,NA,NA,0,0,TRUE,FALSE,NA,NA,NA
"258","Carex","Carex angustata",NA,NA,NA,NA,NA,NA,NA,NA,0.024607728,0.104582844,TRUE,FALSE,3.63e+11,3931.349892,5.920000315
"259","Carex","Carex angustata",NA,NA,NA,NA,NA,NA,NA,NA,0,0,TRUE,FALSE,3.63e+11,3931.349892,5.920000315
"260","Carex","Carex angustata",NA,NA,NA,NA,NA,NA,NA,NA,0,0,TRUE,FALSE,3.63e+11,3931.349892,5.920000315
"261","Carex","Carex aquatilis var. aquatilis",NA,NA,NA,NA,NA,NA,NA,NA,0.024607728,0.104582844,TRUE,FALSE,NA,NA,NA
"262","Carex","Carex aquatilis var. aquatilis",NA,NA,NA,NA,NA,NA,NA,NA,0,0,TRUE,FALSE,NA,NA,NA
"263","Carex","Carex aquatilis var. aquatilis",NA,NA,NA,NA,NA,NA,NA,NA,0,0,TRUE,FALSE,NA,NA,NA
"264","Carex","Carex aquatilis var. dives",NA,NA,NA,NA,NA,NA,NA,NA,0.024607728,0.104582844,TRUE,FALSE,NA,NA,NA
"265","Carex","Carex aquatilis var. dives",NA,NA,NA,NA,NA,NA,NA,NA,0,0,TRUE,FALSE,NA,NA,NA
"266","Carex","Carex aquatilis var. dives",NA,NA,NA,NA,NA,NA,NA,NA,0,0,TRUE,FALSE,NA,NA,NA
"267","Carex","Carex arcta",NA,NA,NA,NA,NA,NA,NA,NA,0.024607728,0.104582844,TRUE,FALSE,NA,NA,NA
"268","Carex","Carex arcta",NA,NA,NA,NA,NA,NA,NA,NA,0,0,TRUE,FALSE,NA,NA,NA
"269","Carex","Carex arcta",NA,NA,NA,NA,NA,NA,NA,NA,0,0,TRUE,FALSE,NA,NA,NA
"270","Carex","Carex athrostachya",NA,NA,"Graminoid","Slow","No","Long","None","None",0.024607728,0.104582844,TRUE,FALSE,NA,NA,NA
"271","Carex","Carex athrostachya",NA,NA,"Graminoid","Slow","No","Long","None","None",0,0,TRUE,FALSE,NA,NA,NA
"272","Carex","Carex athrostachya",NA,NA,"Graminoid","Slow","No","Long","None","None",0,0,TRUE,FALSE,NA,NA,NA
"273","Carex","Carex aurea",NA,NA,"Graminoid","Slow","No","Long","None","None",0.024607728,0.104582844,TRUE,FALSE,NA,NA,NA
"274","Carex","Carex aurea",NA,NA,"Graminoid","Slow","No","Long","None","None",0,0,TRUE,FALSE,NA,NA,NA
"275","Carex","Carex aurea",NA,NA,"Graminoid","Slow","No","Long","None","None",0,0,TRUE,FALSE,NA,NA,NA
"276","Carex","Carex barbarae",NA,NA,NA,NA,NA,NA,NA,NA,0.024607728,0.104582844,TRUE,FALSE,2.76e+11,4485.899765,5.719999552
"277","Carex","Carex barbarae",NA,NA,NA,NA,NA,NA,NA,NA,0,0,TRUE,FALSE,2.76e+11,4485.899765,5.719999552
"278","Carex","Carex barbarae",NA,NA,NA,NA,NA,NA,NA,NA,0,0,TRUE,FALSE,2.76e+11,4485.899765,5.719999552
"279","Carex","Carex brevicaulis",NA,NA,NA,NA,NA,NA,NA,NA,0.024607728,0.104582844,TRUE,FALSE,NA,NA,NA
"280","Carex","Carex brevicaulis",NA,NA,NA,NA,NA,NA,NA,NA,0,0,TRUE,FALSE,NA,NA,NA
"281","Carex","Carex brevicaulis",NA,NA,NA,NA,NA,NA,NA,NA,0,0,TRUE,FALSE,NA,NA,NA
"282","Carex","Carex comosa",NA,NA,"Graminoid","Slow","No","Long","None","None",0.024607728,0.104582844,TRUE,FALSE,NA,NA,NA
"283","Carex","Carex comosa",NA,NA,"Graminoid","Slow","No","Long","None","None",0,0,TRUE,FALSE,NA,NA,NA
"284","Carex","Carex comosa",NA,NA,"Graminoid","Slow","No","Long","None","None",0,0,TRUE,FALSE,NA,NA,NA
"285","Carex","Carex cusickii",NA,NA,NA,NA,NA,NA,NA,NA,0.024607728,0.104582844,TRUE,FALSE,NA,NA,NA
"286","Carex","Carex cusickii",NA,NA,NA,NA,NA,NA,NA,NA,0,0,TRUE,FALSE,NA,NA,NA
"287","Carex","Carex cusickii",NA,NA,NA,NA,NA,NA,NA,NA,0,0,TRUE,FALSE,NA,NA,NA
"288","Carex","Carex densa",NA,NA,NA,NA,NA,NA,NA,NA,0.024607728,0.104582844,TRUE,FALSE,1.02e+11,3855.819885,5.819999933
"289","Carex","Carex densa",NA,NA,NA,NA,NA,NA,NA,NA,0,0,TRUE,FALSE,1.02e+11,3855.819885,5.819999933
"290","Carex","Carex densa",NA,NA,NA,NA,NA,NA,NA,NA,0,0,TRUE,FALSE,1.02e+11,3855.819885,5.819999933
"291","Carex","Carex diandra",NA,NA,"Graminoid","Slow","No","Long","None","None",0.024607728,0.104582844,TRUE,FALSE,NA,NA,NA
"292","Carex","Carex diandra",NA,NA,"Graminoid","Slow","No","Long","None","None",0,0,TRUE,FALSE,NA,NA,NA
"293","Carex","Carex diandra",NA,NA,"Graminoid","Slow","No","Long","None","None",0,0,TRUE,FALSE,NA,NA,NA
"294","Carex","Carex douglasii",NA,NA,"Graminoid","Slow","No","Long","None","None",0.024607728,0.104582844,TRUE,FALSE,NA,NA,NA
"295","Carex","Carex douglasii",NA,NA,"Graminoid","Slow","No","Long","None","None",0,0,TRUE,FALSE,NA,NA,NA
"296","Carex","Carex douglasii",NA,NA,"Graminoid","Slow","No","Long","None","None",0,0,TRUE,FALSE,NA,NA,NA
"297","Carex","Carex exsiccata",NA,NA,NA,NA,NA,NA,NA,NA,0.024607728,0.104582844,TRUE,FALSE,NA,NA,NA
"298","Carex","Carex exsiccata",NA,NA,NA,NA,NA,NA,NA,NA,0,0,TRUE,FALSE,NA,NA,NA
"299","Carex","Carex exsiccata",NA,NA,NA,NA,NA,NA,NA,NA,0,0,TRUE,FALSE,NA,NA,NA
"300","Carex","Carex feta",NA,NA,NA,NA,NA,NA,NA,NA,0.024607728,0.104582844,TRUE,FALSE,NA,NA,NA
"301","Carex","Carex feta",NA,NA,NA,NA,NA,NA,NA,NA,0,0,TRUE,FALSE,NA,NA,NA
"302","Carex","Carex feta",NA,NA,NA,NA,NA,NA,NA,NA,0,0,TRUE,FALSE,NA,NA,NA
"303","Carex","Carex filifolia var. filifolia",NA,NA,NA,NA,NA,NA,NA,NA,0.024607728,0.104582844,TRUE,FALSE,NA,NA,NA
"304","Carex","Carex filifolia var. filifolia",NA,NA,NA,NA,NA,NA,NA,NA,0,0,TRUE,FALSE,NA,NA,NA
"305","Carex","Carex filifolia var. filifolia",NA,NA,NA,NA,NA,NA,NA,NA,0,0,TRUE,FALSE,NA,NA,NA
"306","Carex","Carex geyeri",NA,NA,"Graminoid","Slow","No","Moderate","None","None",0.024607728,0.104582844,TRUE,FALSE,NA,NA,NA
"307","Carex","Carex geyeri",NA,NA,"Graminoid","Slow","No","Moderate","None","None",0,0,TRUE,FALSE,NA,NA,NA
"308","Carex","Carex geyeri",NA,NA,"Graminoid","Slow","No","Moderate","None","None",0,0,TRUE,FALSE,NA,NA,NA
"309","Carex","Carex globosa",NA,NA,NA,NA,NA,NA,NA,NA,0.024607728,0.104582844,TRUE,FALSE,87898059712,3945.389893,4.999999523
"310","Carex","Carex globosa",NA,NA,NA,NA,NA,NA,NA,NA,0,0,TRUE,FALSE,87898059712,3945.389893,4.999999523
"311","Carex","Carex globosa",NA,NA,NA,NA,NA,NA,NA,NA,0,0,TRUE,FALSE,87898059712,3945.389893,4.999999523
"312","Carex","Carex gynodynama",NA,NA,NA,NA,NA,NA,NA,NA,0.024607728,0.104582844,TRUE,FALSE,70368007782,4276.029755,3.449999809
"313","Carex","Carex gynodynama",NA,NA,NA,NA,NA,NA,NA,NA,0,0,TRUE,FALSE,70368007782,4276.029755,3.449999809
"314","Carex","Carex gynodynama",NA,NA,NA,NA,NA,NA,NA,NA,0,0,TRUE,FALSE,70368007782,4276.029755,3.449999809
"315","Carex","Carex harfordii",NA,NA,NA,NA,NA,NA,NA,NA,0.024607728,0.104582844,TRUE,FALSE,50320830308,3855.819885,4.039999962
"316","Carex","Carex harfordii",NA,NA,NA,NA,NA,NA,NA,NA,0,0,TRUE,FALSE,50320830308,3855.819885,4.039999962
"317","Carex","Carex harfordii",NA,NA,NA,NA,NA,NA,NA,NA,0,0,TRUE,FALSE,50320830308,3855.819885,4.039999962
"318","Carex","Carex haydeniana",NA,NA,NA,NA,NA,NA,NA,NA,0.024607728,0.104582844,TRUE,FALSE,NA,NA,NA
"319","Carex","Carex haydeniana",NA,NA,NA,NA,NA,NA,NA,NA,0,0,TRUE,FALSE,NA,NA,NA
"320","Carex","Carex haydeniana",NA,NA,NA,NA,NA,NA,NA,NA,0,0,TRUE,FALSE,NA,NA,NA
"321","Carex","Carex heteroneura",NA,NA,NA,NA,NA,NA,NA,NA,0.024607728,0.104582844,TRUE,FALSE,NA,NA,NA
"322","Carex","Carex heteroneura",NA,NA,NA,NA,NA,NA,NA,NA,0,0,TRUE,FALSE,NA,NA,NA
"323","Carex","Carex heteroneura",NA,NA,NA,NA,NA,NA,NA,NA,0,0,TRUE,FALSE,NA,NA,NA
"324","Carex","Carex hoodii",NA,NA,NA,NA,NA,NA,NA,NA,0.024607728,0.104582844,TRUE,FALSE,NA,NA,NA
"325","Carex","Carex hoodii",NA,NA,NA,NA,NA,NA,NA,NA,0,0,TRUE,FALSE,NA,NA,NA
"326","Carex","Carex hoodii",NA,NA,NA,NA,NA,NA,NA,NA,0,0,TRUE,FALSE,NA,NA,NA
"327","Carex","Carex hystericina",NA,NA,NA,NA,NA,NA,NA,NA,0.024607728,0.104582844,TRUE,FALSE,NA,NA,NA
"328","Carex","Carex hystericina",NA,NA,NA,NA,NA,NA,NA,NA,0,0,TRUE,FALSE,NA,NA,NA
"329","Carex","Carex hystericina",NA,NA,NA,NA,NA,NA,NA,NA,0,0,TRUE,FALSE,NA,NA,NA
"330","Carex","Carex inops subsp. inops",NA,NA,NA,NA,NA,NA,NA,NA,0.024607728,0.104582844,TRUE,FALSE,NA,NA,NA
"331","Carex","Carex inops subsp. inops",NA,NA,NA,NA,NA,NA,NA,NA,0,0,TRUE,FALSE,NA,NA,NA
"332","Carex","Carex inops subsp. inops",NA,NA,NA,NA,NA,NA,NA,NA,0,0,TRUE,FALSE,NA,NA,NA
"333","Carex","Carex interior",NA,NA,"Graminoid","Slow","No","Moderate","None","None",0.024607728,0.104582844,TRUE,FALSE,NA,NA,NA
"334","Carex","Carex interior",NA,NA,"Graminoid","Slow","No","Moderate","None","None",0,0,TRUE,FALSE,NA,NA,NA
"335","Carex","Carex interior",NA,NA,"Graminoid","Slow","No","Moderate","None","None",0,0,TRUE,FALSE,NA,NA,NA
"336","Carex","Carex laeviculmis",NA,NA,NA,NA,NA,NA,NA,NA,0.024607728,0.104582844,TRUE,FALSE,NA,NA,NA
"337","Carex","Carex laeviculmis",NA,NA,NA,NA,NA,NA,NA,NA,0,0,TRUE,FALSE,NA,NA,NA
"338","Carex","Carex laeviculmis",NA,NA,NA,NA,NA,NA,NA,NA,0,0,TRUE,FALSE,NA,NA,NA
"339","Carex","Carex lasiocarpa",23.2610974576313,4.22749168773286,NA,NA,NA,NA,NA,NA,0.024607728,0.104582844,TRUE,FALSE,NA,NA,NA
"340","Carex","Carex lasiocarpa",23.2610974576313,4.22749168773286,NA,NA,NA,NA,NA,NA,0,0,TRUE,FALSE,NA,NA,NA
"341","Carex","Carex lasiocarpa",23.2610974576313,4.22749168773286,NA,NA,NA,NA,NA,NA,0,0,TRUE,FALSE,NA,NA,NA
"342","Carex","Carex lemmonii",NA,NA,NA,NA,NA,NA,NA,NA,0.024607728,0.104582844,TRUE,FALSE,1.56e+11,2816.839951,5.719999552
"343","Carex","Carex lemmonii",NA,NA,NA,NA,NA,NA,NA,NA,0,0,TRUE,FALSE,1.56e+11,2816.839951,5.719999552
"344","Carex","Carex lemmonii",NA,NA,NA,NA,NA,NA,NA,NA,0,0,TRUE,FALSE,1.56e+11,2816.839951,5.719999552
"345","Carex","Carex kelloggii var. kelloggii",NA,NA,"Graminoid","Moderate","No","Long","None","None",0.024607728,0.104582844,TRUE,FALSE,NA,NA,NA
"346","Carex","Carex kelloggii var. kelloggii",NA,NA,"Graminoid","Moderate","No","Long","None","None",0,0,TRUE,FALSE,NA,NA,NA
"347","Carex","Carex kelloggii var. kelloggii",NA,NA,"Graminoid","Moderate","No","Long","None","None",0,0,TRUE,FALSE,NA,NA,NA
"348","Carex","Carex leporina",14.140751640606,35.2401605718933,NA,NA,NA,NA,NA,NA,0.024607728,0.104582844,TRUE,FALSE,1.84e+11,4600.819839,4.630000114
"349","Carex","Carex leporina",14.140751640606,35.2401605718933,NA,NA,NA,NA,NA,NA,0,0,TRUE,FALSE,1.84e+11,4600.819839,4.630000114
"350","Carex","Carex leporina",14.140751640606,35.2401605718933,NA,NA,NA,NA,NA,NA,0,0,TRUE,FALSE,1.84e+11,4600.819839,4.630000114
"351","Carex","Carex leptopoda",NA,NA,NA,NA,NA,NA,NA,NA,0.024607728,0.104582844,TRUE,FALSE,NA,NA,NA
"352","Carex","Carex leptopoda",NA,NA,NA,NA,NA,NA,NA,NA,0,0,TRUE,FALSE,NA,NA,NA
"353","Carex","Carex leptopoda",NA,NA,NA,NA,NA,NA,NA,NA,0,0,TRUE,FALSE,NA,NA,NA
"354","Carex","Carex lyngbyei",NA,NA,"Graminoid",NA,"No","Short","None","None",0.024607728,0.104582844,TRUE,FALSE,NA,NA,NA
"355","Carex","Carex lyngbyei",NA,NA,"Graminoid",NA,"No","Short","None","None",0,0,TRUE,FALSE,NA,NA,NA
"356","Carex","Carex lyngbyei",NA,NA,"Graminoid",NA,"No","Short","None","None",0,0,TRUE,FALSE,NA,NA,NA
"357","Carex","Carex mertensii",NA,NA,"Graminoid","Slow","No","Short","None","None",0.024607728,0.104582844,TRUE,FALSE,NA,NA,NA
"358","Carex","Carex mertensii",NA,NA,"Graminoid","Slow","No","Short","None","None",0,0,TRUE,FALSE,NA,NA,NA
"359","Carex","Carex mertensii",NA,NA,"Graminoid","Slow","No","Short","None","None",0,0,TRUE,FALSE,NA,NA,NA
"360","Carex","Carex microptera",NA,NA,"Graminoid","Slow","No","Long","None","None",0.024607728,0.104582844,TRUE,FALSE,NA,NA,NA
"361","Carex","Carex microptera",NA,NA,"Graminoid","Slow","No","Long","None","None",0,0,TRUE,FALSE,NA,NA,NA
"362","Carex","Carex microptera",NA,NA,"Graminoid","Slow","No","Long","None","None",0,0,TRUE,FALSE,NA,NA,NA
"363","Carex","Carex nebrascensis",NA,NA,"Graminoid","Moderate","No","Long","None","None",0.024607728,0.104582844,TRUE,FALSE,NA,NA,NA
"364","Carex","Carex nebrascensis",NA,NA,"Graminoid","Moderate","No","Long","None","None",0,0,TRUE,FALSE,NA,NA,NA
"365","Carex","Carex nebrascensis",NA,NA,"Graminoid","Moderate","No","Long","None","None",0,0,TRUE,FALSE,NA,NA,NA
"366","Carex","Carex nervina",NA,NA,NA,NA,NA,NA,NA,NA,0.024607728,0.104582844,TRUE,FALSE,1.19e+11,3919.559906,5.819999933
"367","Carex","Carex nervina",NA,NA,NA,NA,NA,NA,NA,NA,0,0,TRUE,FALSE,1.19e+11,3919.559906,5.819999933
"368","Carex","Carex nervina",NA,NA,NA,NA,NA,NA,NA,NA,0,0,TRUE,FALSE,1.19e+11,3919.559906,5.819999933
"369","Carex","Carex nigricans",NA,NA,NA,NA,NA,NA,NA,NA,0.024607728,0.104582844,TRUE,FALSE,NA,NA,NA
"370","Carex","Carex nigricans",NA,NA,NA,NA,NA,NA,NA,NA,0,0,TRUE,FALSE,NA,NA,NA
"371","Carex","Carex nigricans",NA,NA,NA,NA,NA,NA,NA,NA,0,0,TRUE,FALSE,NA,NA,NA
"372","Carex","Carex nudata",NA,NA,NA,NA,NA,NA,NA,NA,0.024607728,0.104582844,TRUE,FALSE,2.7e+11,4515.139923,5.590000391
"373","Carex","Carex nudata",NA,NA,NA,NA,NA,NA,NA,NA,0,0,TRUE,FALSE,2.7e+11,4515.139923,5.590000391
"374","Carex","Carex nudata",NA,NA,NA,NA,NA,NA,NA,NA,0,0,TRUE,FALSE,2.7e+11,4515.139923,5.590000391
"375","Carex","Carex obnupta",NA,NA,"Graminoid","Rapid","No","Moderate","None","None",0.024607728,0.104582844,TRUE,FALSE,NA,NA,NA
"376","Carex","Carex obnupta",NA,NA,"Graminoid","Rapid","No","Moderate","None","None",0,0,TRUE,FALSE,NA,NA,NA
"377","Carex","Carex obnupta",NA,NA,"Graminoid","Rapid","No","Moderate","None","None",0,0,TRUE,FALSE,NA,NA,NA
"378","Carex","Carex occidentalis",NA,NA,NA,NA,NA,NA,NA,NA,0.024607728,0.104582844,TRUE,FALSE,9.28e+11,1642.889999,7.460000396
"379","Carex","Carex occidentalis",NA,NA,NA,NA,NA,NA,NA,NA,0,0,TRUE,FALSE,9.28e+11,1642.889999,7.460000396
"380","Carex","Carex occidentalis",NA,NA,NA,NA,NA,NA,NA,NA,0,0,TRUE,FALSE,9.28e+11,1642.889999,7.460000396
"381","Carex","Carex pachystachya",NA,NA,"Graminoid","Moderate","No","Moderate","None","None",0.024607728,0.104582844,TRUE,FALSE,NA,NA,NA
"382","Carex","Carex pachystachya",NA,NA,"Graminoid","Moderate","No","Moderate","None","None",0,0,TRUE,FALSE,NA,NA,NA
"383","Carex","Carex pachystachya",NA,NA,"Graminoid","Moderate","No","Moderate","None","None",0,0,TRUE,FALSE,NA,NA,NA
"384","Carex","Carex pansa",NA,NA,NA,NA,NA,NA,NA,NA,0.024607728,0.104582844,TRUE,FALSE,NA,NA,NA
"385","Carex","Carex pansa",NA,NA,NA,NA,NA,NA,NA,NA,0,0,TRUE,FALSE,NA,NA,NA
"386","Carex","Carex pansa",NA,NA,NA,NA,NA,NA,NA,NA,0,0,TRUE,FALSE,NA,NA,NA
"387","Carex","Carex pellita",NA,NA,NA,NA,NA,NA,NA,NA,0.024607728,0.104582844,TRUE,FALSE,NA,NA,NA
"388","Carex","Carex pellita",NA,NA,NA,NA,NA,NA,NA,NA,0,0,TRUE,FALSE,NA,NA,NA
"389","Carex","Carex pellita",NA,NA,NA,NA,NA,NA,NA,NA,0,0,TRUE,FALSE,NA,NA,NA
"390","Carex","Carex phaeocephala",NA,NA,NA,NA,NA,NA,NA,NA,0.024607728,0.104582844,TRUE,FALSE,NA,NA,NA
"391","Carex","Carex phaeocephala",NA,NA,NA,NA,NA,NA,NA,NA,0,0,TRUE,FALSE,NA,NA,NA
"392","Carex","Carex phaeocephala",NA,NA,NA,NA,NA,NA,NA,NA,0,0,TRUE,FALSE,NA,NA,NA
"393","Carex","Carex praegracilis",NA,NA,"Graminoid","Moderate","No","Long","None","None",0.024607728,0.104582844,TRUE,FALSE,NA,NA,NA
"394","Carex","Carex praegracilis",NA,NA,"Graminoid","Moderate","No","Long","None","None",0,0,TRUE,FALSE,NA,NA,NA
"395","Carex","Carex praegracilis",NA,NA,"Graminoid","Moderate","No","Long","None","None",0,0,TRUE,FALSE,NA,NA,NA
"396","Carex","Carex raynoldsii",NA,NA,"Graminoid","Moderate","No","Long","None","None",0.024607728,0.104582844,TRUE,FALSE,NA,NA,NA
"397","Carex","Carex raynoldsii",NA,NA,"Graminoid","Moderate","No","Long","None","None",0,0,TRUE,FALSE,NA,NA,NA
"398","Carex","Carex raynoldsii",NA,NA,"Graminoid","Moderate","No","Long","None","None",0,0,TRUE,FALSE,NA,NA,NA
"399","Carex","Carex rossii",NA,NA,"Graminoid","Moderate","No","Moderate","None","None",0.024607728,0.104582844,TRUE,FALSE,NA,NA,NA
"400","Carex","Carex rossii",NA,NA,"Graminoid","Moderate","No","Moderate","None","None",0,0,TRUE,FALSE,NA,NA,NA
"401","Carex","Carex rossii",NA,NA,"Graminoid","Moderate","No","Moderate","None","None",0,0,TRUE,FALSE,NA,NA,NA
"402","Carex","Carex senta",NA,NA,NA,NA,NA,NA,NA,NA,0.024607728,0.104582844,TRUE,FALSE,3.36e+11,2816.839951,7.399999976
"403","Carex","Carex senta",NA,NA,NA,NA,NA,NA,NA,NA,0,0,TRUE,FALSE,3.36e+11,2816.839951,7.399999976
"404","Carex","Carex senta",NA,NA,NA,NA,NA,NA,NA,NA,0,0,TRUE,FALSE,3.36e+11,2816.839951,7.399999976
"405","Carex","Carex serratodens",NA,NA,NA,NA,NA,NA,NA,NA,0.024607728,0.104582844,TRUE,FALSE,1.88e+11,3957.509911,5.719999552
"406","Carex","Carex serratodens",NA,NA,NA,NA,NA,NA,NA,NA,0,0,TRUE,FALSE,1.88e+11,3957.509911,5.719999552
"407","Carex","Carex serratodens",NA,NA,NA,NA,NA,NA,NA,NA,0,0,TRUE,FALSE,1.88e+11,3957.509911,5.719999552
"408","Carex","Carex simulata",NA,NA,"Graminoid","Slow","No","Moderate","None","None",0.024607728,0.104582844,TRUE,FALSE,NA,NA,NA
"409","Carex","Carex simulata",NA,NA,"Graminoid","Slow","No","Moderate","None","None",0,0,TRUE,FALSE,NA,NA,NA
"410","Carex","Carex simulata",NA,NA,"Graminoid","Slow","No","Moderate","None","None",0,0,TRUE,FALSE,NA,NA,NA
"411","Carex","Carex spectabilis",NA,NA,NA,NA,NA,NA,NA,NA,0.024607728,0.104582844,TRUE,FALSE,NA,NA,NA
"412","Carex","Carex spectabilis",NA,NA,NA,NA,NA,NA,NA,NA,0,0,TRUE,FALSE,NA,NA,NA
"413","Carex","Carex spectabilis",NA,NA,NA,NA,NA,NA,NA,NA,0,0,TRUE,FALSE,NA,NA,NA
"414","Carex","Carex spissa",NA,NA,NA,NA,NA,NA,NA,NA,0.024607728,0.104582844,TRUE,FALSE,66134858007,2259.64006,4.559999466
"415","Carex","Carex spissa",NA,NA,NA,NA,NA,NA,NA,NA,0,0,TRUE,FALSE,66134858007,2259.64006,4.559999466
"416","Carex","Carex spissa",NA,NA,NA,NA,NA,NA,NA,NA,0,0,TRUE,FALSE,66134858007,2259.64006,4.559999466
"417","Carex","Carex subbracteata",NA,NA,NA,NA,NA,NA,NA,NA,0.024607728,0.104582844,TRUE,FALSE,NA,NA,NA
"418","Carex","Carex subbracteata",NA,NA,NA,NA,NA,NA,NA,NA,0,0,TRUE,FALSE,NA,NA,NA
"419","Carex","Carex subbracteata",NA,NA,NA,NA,NA,NA,NA,NA,0,0,TRUE,FALSE,NA,NA,NA
"420","Carex","Carex subfusca",NA,NA,NA,NA,NA,NA,NA,NA,0.024607728,0.104582844,TRUE,FALSE,1.1e+11,2780.609955,5.819999933
"421","Carex","Carex subfusca",NA,NA,NA,NA,NA,NA,NA,NA,0,0,TRUE,FALSE,1.1e+11,2780.609955,5.819999933
"422","Carex","Carex subfusca",NA,NA,NA,NA,NA,NA,NA,NA,0,0,TRUE,FALSE,1.1e+11,2780.609955,5.819999933
"423","Carex","Carex tompkinsii",NA,NA,NA,NA,NA,NA,NA,NA,0.024607728,0.104582844,TRUE,FALSE,24935955598,1541.5,5.410000086
"424","Carex","Carex tompkinsii",NA,NA,NA,NA,NA,NA,NA,NA,0,0,TRUE,FALSE,24935955598,1541.5,5.410000086
"425","Carex","Carex tompkinsii",NA,NA,NA,NA,NA,NA,NA,NA,0,0,TRUE,FALSE,24935955598,1541.5,5.410000086
"426","Carex","Carex tumulicola",NA,NA,NA,NA,NA,NA,NA,NA,0.024607728,0.104582844,TRUE,FALSE,NA,NA,NA
"427","Carex","Carex tumulicola",NA,NA,NA,NA,NA,NA,NA,NA,0,0,TRUE,FALSE,NA,NA,NA
"428","Carex","Carex tumulicola",NA,NA,NA,NA,NA,NA,NA,NA,0,0,TRUE,FALSE,NA,NA,NA
"429","Carex","Carex unilateralis",NA,NA,NA,NA,NA,NA,NA,NA,0.024607728,0.104582844,TRUE,FALSE,NA,NA,NA
"430","Carex","Carex unilateralis",NA,NA,NA,NA,NA,NA,NA,NA,0,0,TRUE,FALSE,NA,NA,NA
"431","Carex","Carex unilateralis",NA,NA,NA,NA,NA,NA,NA,NA,0,0,TRUE,FALSE,NA,NA,NA
"432","Carex","Carex utriculata",NA,NA,"Graminoid","Moderate","No","Moderate","None","None",0.024607728,0.104582844,TRUE,FALSE,NA,NA,NA
"433","Carex","Carex utriculata",NA,NA,"Graminoid","Moderate","No","Moderate","None","None",0,0,TRUE,FALSE,NA,NA,NA
"434","Carex","Carex utriculata",NA,NA,"Graminoid","Moderate","No","Moderate","None","None",0,0,TRUE,FALSE,NA,NA,NA
"435","Carex","Carex vesicaria",29.1071877552497,4.58736941665458,"Graminoid","Moderate","No","Moderate","None","None",0.024607728,0.104582844,TRUE,FALSE,NA,NA,NA
"436","Carex","Carex vesicaria",29.1071877552497,4.58736941665458,"Graminoid","Moderate","No","Moderate","None","None",0,0,TRUE,FALSE,NA,NA,NA
"437","Carex","Carex vesicaria",29.1071877552497,4.58736941665458,"Graminoid","Moderate","No","Moderate","None","None",0,0,TRUE,FALSE,NA,NA,NA
"438","Carpenteria","Carpenteria californica",NA,NA,NA,NA,NA,NA,NA,NA,NA,NA,FALSE,FALSE,20966021549,1387.859985,5.410000086
"439","Castilleja","Castilleja exserta",NA,NA,NA,NA,NA,NA,NA,NA,0.385964912,0.144736842,FALSE,FALSE,NA,NA,NA
"440","Streptanthus","Streptanthus anceps",NA,NA,NA,NA,NA,NA,NA,NA,0,0,FALSE,FALSE,81986033052,1422.610008,5.719999552
"441","Streptanthus","Streptanthus anceps",NA,NA,NA,NA,NA,NA,NA,NA,0,0,FALSE,FALSE,81986033052,1422.610008,5.719999552
"442","Streptanthus","Streptanthus anceps",NA,NA,NA,NA,NA,NA,NA,NA,0,0,FALSE,FALSE,81986033052,1422.610008,5.719999552
"443","Streptanthus","Streptanthus inflatus",NA,NA,NA,NA,NA,NA,NA,NA,0,0,FALSE,FALSE,1.25e+11,1451.900009,5.719999552
"444","Streptanthus","Streptanthus inflatus",NA,NA,NA,NA,NA,NA,NA,NA,0,0,FALSE,FALSE,1.25e+11,1451.900009,5.719999552
"445","Streptanthus","Streptanthus inflatus",NA,NA,NA,NA,NA,NA,NA,NA,0,0,FALSE,FALSE,1.25e+11,1451.900009,5.719999552
"446","Ceanothus","Ceanothus arboreus",NA,NA,NA,NA,NA,NA,NA,NA,0.653120464,0.169811321,FALSE,FALSE,1.63e+11,3959.279892,5.719999552
"447","Ceanothus","Ceanothus arboreus",NA,NA,NA,NA,NA,NA,NA,NA,0.653120464,0.169811321,FALSE,FALSE,38657104733,1085.740013,4.559999466
"448","Ceanothus","Ceanothus cordulatus",NA,NA,"Shrub","Slow","No","Long","Medium","None",0.653120464,0.169811321,FALSE,FALSE,4.13e+11,4505.009766,5.920000315
"449","Ceanothus","Ceanothus crassifolius",NA,NA,NA,NA,NA,NA,NA,NA,0.653120464,0.169811321,FALSE,FALSE,1.14e+11,1233.060043,4.559999466
"450","Ceanothus","Ceanothus cuneatus",NA,NA,"Shrub","Moderate","No","Long","Low","None",0.653120464,0.169811321,FALSE,FALSE,4.2e+11,4485.899765,5.819999933
"451","Ceanothus","Ceanothus cuneatus var. ramulosus",NA,NA,NA,NA,NA,NA,NA,NA,0.653120464,0.169811321,FALSE,FALSE,NA,NA,NA
"452","Ceanothus","Ceanothus cyaneus",NA,NA,NA,NA,NA,NA,NA,NA,0.653120464,0.169811321,FALSE,FALSE,29565550842,763.989975,3.03000021
"453","Ceanothus","Ceanothus dentatus",NA,NA,NA,NA,NA,NA,NA,NA,0.653120464,0.169811321,FALSE,FALSE,40594075619,2180.129944,3.409999847
"454","Ceanothus","Ceanothus foliosus",NA,NA,NA,NA,NA,NA,NA,NA,0.653120464,0.169811321,FALSE,FALSE,52399490155,3855.819885,3.949999809
"455","Ceanothus","Ceanothus gloriosus",NA,NA,NA,NA,NA,NA,NA,NA,0.653120464,0.169811321,FALSE,FALSE,14510894554,1780.329956,2.199999809
"456","Ceanothus","Ceanothus gloriosus var. exaltatus",NA,NA,NA,NA,NA,NA,NA,NA,0.653120464,0.169811321,FALSE,FALSE,NA,NA,NA
"457","Ceanothus","Ceanothus gloriosus var. gloriosus",NA,NA,NA,NA,NA,NA,NA,NA,0.653120464,0.169811321,FALSE,FALSE,NA,NA,NA
"458","Ceanothus","Ceanothus gloriosus var. porrectus",NA,NA,NA,NA,NA,NA,NA,NA,0.653120464,0.169811321,FALSE,FALSE,NA,NA,NA
"459","Ceanothus","Ceanothus pauciflorus",NA,NA,"Shrub","Moderate","No","Moderate","Low","None",0.653120464,0.169811321,FALSE,FALSE,6.76e+11,1662,7.460000396
"460","Ceanothus","Ceanothus griseus",NA,NA,NA,NA,NA,NA,NA,NA,0.653120464,0.169811321,FALSE,FALSE,39917342243,2180.129944,3.46999979
"461","Ceanothus","Ceanothus hearstiorum",NA,NA,NA,NA,NA,NA,NA,NA,0.653120464,0.169811321,FALSE,FALSE,8548611925,784.2600098,2.46999979
"462","Ceanothus","Ceanothus impressus",NA,NA,NA,NA,NA,NA,NA,NA,0.653120464,0.169811321,FALSE,FALSE,26143260529,1038.670013,4.559999466
"463","Ceanothus","Ceanothus impressus var. impressus",NA,NA,NA,NA,NA,NA,NA,NA,0.653120464,0.169811321,FALSE,FALSE,NA,NA,NA
"464","Ceanothus","Ceanothus integerrimus",NA,NA,"Shrub","Moderate","No","Long","Low","None",0.653120464,0.169811321,FALSE,FALSE,6.3e+11,4485.899765,7.399999976
"465","Ceanothus","Ceanothus lemmonii",NA,NA,NA,NA,NA,NA,NA,NA,0.653120464,0.169811321,FALSE,FALSE,72045174806,3752.479889,4.580000162
"466","Ceanothus","Ceanothus leucodermis",NA,NA,NA,NA,NA,NA,NA,NA,0.653120464,0.169811321,FALSE,FALSE,2.32e+11,1714.910034,5.719999552
"467","Ceanothus","Ceanothus maritimus",NA,NA,NA,NA,NA,NA,NA,NA,0.653120464,0.169811321,FALSE,FALSE,8548611925,784.2600098,2.46999979
"468","Ceanothus","Ceanothus megacarpus",NA,NA,"Shrub","Moderate","No","Moderate","Low","None",0.653120464,0.169811321,FALSE,FALSE,43820178042,1297.670044,4.559999466
"469","Ceanothus","Ceanothus megacarpus var. megacarpus",NA,NA,NA,NA,NA,NA,NA,NA,0.653120464,0.169811321,FALSE,FALSE,NA,NA,NA
"470","Ceanothus","Ceanothus oliganthus",NA,NA,NA,NA,NA,NA,NA,NA,0.653120464,0.169811321,FALSE,FALSE,1.74e+11,3959.279892,5.719999552
"471","Ceanothus","Ceanothus papillosus",NA,NA,"Shrub","Moderate","No","Moderate","Low","None",0.653120464,0.169811321,FALSE,FALSE,58877684651,1413.490036,4.480000496
"472","Ceanothus","Ceanothus pendletonensis",NA,NA,NA,NA,NA,NA,NA,NA,0.653120464,0.169811321,FALSE,FALSE,NA,NA,NA
"473","Ceanothus","Ceanothus prostratus",NA,NA,"Shrub, Subshrub","Slow","No","Long","Low","None",0.653120464,0.169811321,FALSE,FALSE,2.79e+11,4418.65976,5.819999933
"474","Ceanothus","Ceanothus cuneatus var. rigidus",NA,NA,NA,NA,NA,NA,NA,NA,0.653120464,0.169811321,FALSE,FALSE,NA,NA,NA
"475","Ceanothus","Ceanothus spinosus",NA,NA,NA,NA,NA,NA,NA,NA,0.653120464,0.169811321,FALSE,FALSE,1.14e+11,1233.060043,4.559999466
"476","Ceanothus","Ceanothus thyrsiflorus",NA,NA,NA,NA,NA,NA,NA,NA,0.653120464,0.169811321,FALSE,FALSE,1.19e+11,4409.539764,4.999999523
"477","Ceanothus","Ceanothus thyrsiflorus var. thyrsiflorus",NA,NA,NA,NA,NA,NA,NA,NA,0.653120464,0.169811321,FALSE,FALSE,NA,NA,NA
"478","Ceanothus","Ceanothus tomentosus",NA,NA,NA,NA,NA,NA,NA,NA,0.653120464,0.169811321,FALSE,FALSE,1.21e+11,2816.839951,5.719999552
"479","Ceanothus","Ceanothus velutinus",NA,NA,"Tree, Shrub","Moderate","No","Moderate","Medium","None",0.653120464,0.169811321,FALSE,FALSE,NA,NA,NA
"480","Ceanothus","Ceanothus verrucosus",NA,NA,NA,NA,NA,NA,NA,NA,0.653120464,0.169811321,FALSE,FALSE,10900649391,723.7700195,2.480000019
"481","Celtis","Celtis reticulata",NA,NA,"Tree, Shrub","Rapid","Yes","Moderate","None","None",0,0,TRUE,FALSE,NA,NA,NA
"482","Centromadia","Centromadia parryi",NA,NA,NA,NA,NA,NA,NA,NA,NA,NA,FALSE,FALSE,90706145298,2250.810059,5.719999552
"483","Cephalanthus","Cephalanthus occidentalis",NA,NA,"Shrub, Tree","Moderate","No","Short","None","None",NA,NA,FALSE,FALSE,NA,NA,NA
"484","Cerastium","Cerastium beeringianum",NA,NA,NA,NA,NA,NA,NA,NA,0.153508772,0.072916667,TRUE,FALSE,NA,NA,NA
"485","Cercis","Cercis occidentalis",NA,NA,NA,NA,NA,NA,NA,NA,NA,NA,FALSE,FALSE,NA,NA,NA
"486","Cercocarpus","Cercocarpus betuloides",NA,NA,NA,NA,NA,NA,NA,NA,10.71428571,0.375,FALSE,FALSE,NA,NA,NA
"487","Cercocarpus","Cercocarpus ledifolius",NA,NA,"Tree, Shrub","Moderate","No","Long","Low","Slight",10.71428571,0.375,FALSE,FALSE,1.35e+12,4005.909912,7.460000396
"488","Cercocarpus","Cercocarpus montanus",NA,NA,"Tree, Shrub","Slow","No","Long","Low","Moderate",10.71428571,0.375,FALSE,FALSE,1.61e+12,4485.899765,7.460000396
"489","Chaenactis","Chaenactis glabriuscula",NA,NA,NA,NA,NA,NA,NA,NA,0.865800866,0.090909091,FALSE,FALSE,NA,NA,NA
"490","Chamaebatiaria","Chamaebatiaria millefolium",NA,NA,"Shrub","Moderate","No","Moderate","None","None",NA,NA,FALSE,FALSE,7.01e+11,3871.26001,7.460000396
"491","Chilopsis","Chilopsis linearis",NA,NA,"Tree, Shrub","Rapid","No","Short","None","None",NA,NA,FALSE,FALSE,NA,NA,NA
"492","Chilopsis","Chilopsis linearis subsp. arcuata",NA,NA,NA,NA,NA,NA,NA,NA,NA,NA,FALSE,FALSE,NA,NA,NA
"493","Chlorogalum","Chlorogalum pomeridianum",NA,NA,NA,NA,NA,NA,NA,NA,0,0,FALSE,FALSE,3.59e+11,4485.899765,5.719999552
"494","Chrysolepis","Chrysolepis chrysophylla",NA,NA,NA,NA,NA,NA,NA,NA,0,0,FALSE,FALSE,2.55e+11,5087.179962,4.900000572
"495","Heterotheca","Heterotheca villosa",10.8529006201629,27.6519256015944,"Subshrub, Forb/herb","Moderate","No","Short","None","None",0,0,TRUE,FALSE,NA,NA,NA
"496","Heterotheca","Heterotheca villosa",10.8529006201629,27.6519256015944,"Subshrub, Forb/herb","Moderate","No","Long","None","None",0,0,TRUE,FALSE,NA,NA,NA
"497","Cirsium","Cirsium occidentale",NA,NA,NA,NA,NA,NA,NA,NA,0.245630609,0.178082192,TRUE,FALSE,4.59e+11,4505.009766,5.819999933
"498","Clarkia","Clarkia amoena",NA,NA,NA,NA,NA,NA,NA,NA,0.769230769,0.15,FALSE,FALSE,NA,NA,NA
"499","Clarkia","Clarkia amoena subsp. whitneyi",NA,NA,NA,NA,NA,NA,NA,NA,0.769230769,0.15,FALSE,FALSE,NA,NA,NA
"500","Clarkia","Clarkia bottae",NA,NA,NA,NA,NA,NA,NA,NA,0.769230769,0.15,FALSE,FALSE,1.48e+11,1311.560043,4.559999466
"501","Clarkia","Clarkia concinna",NA,NA,NA,NA,NA,NA,NA,NA,0.769230769,0.15,FALSE,FALSE,84971398538,3730.18988,4.269999981
"502","Clarkia","Clarkia purpurea",NA,NA,NA,NA,NA,NA,NA,NA,0.769230769,0.15,FALSE,FALSE,NA,NA,NA
"503","Clarkia","Clarkia purpurea subsp. purpurea",NA,NA,NA,NA,NA,NA,NA,NA,0.769230769,0.15,FALSE,FALSE,NA,NA,NA
"504","Clarkia","Clarkia rubicunda",NA,NA,NA,NA,NA,NA,NA,NA,0.769230769,0.15,FALSE,FALSE,31539726816,1315.090027,4.549999714
"505","Clarkia","Clarkia speciosa",NA,NA,NA,NA,NA,NA,NA,NA,0.769230769,0.15,FALSE,FALSE,91140321171,1459.959984,5.719999552
"506","Clarkia","Clarkia speciosa subsp. immaculata",NA,NA,NA,NA,NA,NA,NA,NA,0.769230769,0.15,FALSE,FALSE,NA,NA,NA
"507","Clarkia","Clarkia unguiculata",NA,NA,NA,NA,NA,NA,NA,NA,0.769230769,0.15,FALSE,FALSE,NA,NA,NA
"508","Claytonia","Claytonia perfoliata",21.4910950518757,78.5089049481243,"Forb/herb","Rapid","No","Short","None","None",1.13960114,0.148148148,TRUE,TRUE,NA,NA,NA
"509","Claytonia","Claytonia sibirica",NA,NA,"Forb/herb","Moderate","No","Short","None","None",1.13960114,0.148148148,TRUE,TRUE,NA,NA,NA
"510","Clematis","Clematis lasiantha",NA,NA,NA,NA,NA,NA,NA,NA,0,0,TRUE,FALSE,2.94e+11,3959.279892,5.719999552
"511","Clematis","Clematis ligusticifolia",NA,NA,"Vine","Moderate","No","Long","None","None",0,0,TRUE,FALSE,NA,NA,NA
"512","Clematis","Clematis pauciflora",NA,NA,NA,NA,NA,NA,NA,NA,0,0,TRUE,FALSE,1.01e+11,1134.089951,4.559999466
"513","Cleomella","Cleomella arborea",NA,NA,"Subshrub, Shrub","Moderate","No","Moderate","Medium","None",0,0,FALSE,FALSE,1.98e+11,1456.330009,5.159999847
"514","Clinopodium","Clinopodium chandleri",NA,NA,NA,NA,NA,NA,NA,NA,0,0,TRUE,FALSE,31618845611,763.989975,3.03000021
"515","Micromeria","Micromeria douglasii",NA,NA,NA,NA,NA,NA,NA,NA,0.476190476,0.047619048,FALSE,FALSE,NA,NA,NA
"516","Clinopodium","Clinopodium mimuloides",NA,NA,NA,NA,NA,NA,NA,NA,0,0,TRUE,FALSE,34642877491,1235.200043,4.559999466
"517","Cneoridium","Cneoridium dumosum",NA,NA,NA,NA,NA,NA,NA,NA,NA,NA,FALSE,FALSE,12953944160,723.7700195,2.480000019
"518","Collinsia","Collinsia heterophylla",NA,NA,NA,NA,NA,NA,NA,NA,1.754385965,0.157894737,FALSE,FALSE,NA,NA,NA
"519","Comarostaphylis","Comarostaphylis diversifolia",NA,NA,NA,NA,NA,NA,NA,NA,NA,NA,FALSE,FALSE,49213494215,1109.970016,4.559999466
"520","Condea","Condea emoryi",NA,NA,NA,NA,NA,NA,NA,NA,NA,NA,FALSE,FALSE,NA,NA,NA
"521","Constancea","Constancea nevinii",NA,NA,NA,NA,NA,NA,NA,NA,NA,NA,FALSE,FALSE,17594648604,1038.670013,4.559999466
"522","Corethrogyne","Corethrogyne filaginifolia",NA,NA,NA,NA,NA,NA,NA,NA,NA,NA,FALSE,FALSE,2.71e+11,4505.009766,5.719999552
"523","Cornus","Cornus glabrata",NA,NA,NA,NA,NA,NA,NA,NA,1.322751323,0.178571429,TRUE,FALSE,2.43e+11,3981.739914,5.719999552
"524","Cornus","Cornus nuttallii",NA,NA,"Tree","Moderate","No","Long","None","None",1.322751323,0.178571429,TRUE,FALSE,NA,NA,NA
"525","Cornus","Cornus sericea",21.8851774777727,14.3557932951287,"Shrub, Tree","Moderate","No","Moderate","None","None",1.322751323,0.178571429,TRUE,TRUE,NA,NA,NA
"526","Cornus","Cornus torreyi",NA,NA,"Tree, Shrub","Moderate","No","Long","None","None",1.322751323,0.178571429,TRUE,FALSE,NA,NA,NA
"527","Cornus","Cornus sessilis",NA,NA,NA,NA,NA,NA,NA,NA,1.322751323,0.178571429,TRUE,FALSE,80840597956,3758.299896,5.319999933
"528","Corylus","Corylus cornuta",NA,NA,"Tree, Shrub","Moderate","No","Long","None","None",2.222222222,0.1,FALSE,FALSE,NA,NA,NA
"529","Corylus","Corylus cornuta subsp. californica",NA,NA,"Tree, Shrub","Slow","No","Long","None","None",2.222222222,0.1,FALSE,FALSE,NA,NA,NA
"530","Crataegus","Crataegus douglasii",NA,NA,"Shrub, Tree","Moderate","No","Moderate","None","None",0.737704918,0.221311475,TRUE,FALSE,NA,NA,NA
"531","Cressa","Cressa truxillensis",NA,NA,"Subshrub, Forb/herb","Moderate","No","Moderate","None","None",NA,NA,FALSE,FALSE,7.42e+11,2835.949951,7.460000396
"532","Crocanthemum","Crocanthemum scoparium",NA,NA,NA,NA,NA,NA,NA,NA,NA,NA,FALSE,FALSE,NA,NA,NA
"533","Croton","Croton californicus",NA,NA,NA,NA,NA,NA,NA,NA,0,0,TRUE,FALSE,3.28e+11,1330.670044,5.75999999
"534","Cucurbita","Cucurbita foetidissima",NA,NA,"Forb/herb, Vine","Rapid","No","Moderate","None","None",0,0,FALSE,FALSE,NA,NA,NA
"535","Hesperocyparis","Hesperocyparis arizonica",NA,NA,NA,NA,NA,NA,NA,NA,NA,NA,TRUE,TRUE,3.43e+11,1438.01001,7.399999976
"536","Cylindropuntia","Cylindropuntia bernardina",NA,NA,NA,NA,NA,NA,NA,NA,30,0.6,TRUE,FALSE,NA,NA,NA
"537","Cylindropuntia","Cylindropuntia echinocarpa",NA,NA,NA,NA,NA,NA,NA,NA,30,0.6,TRUE,FALSE,3.89e+11,1662,5.82000041
"538","Cylindropuntia","Cylindropuntia prolifera",NA,NA,NA,NA,NA,NA,NA,NA,30,0.6,TRUE,FALSE,NA,NA,NA
"539","Cylindropuntia","Cylindropuntia ramosissima",NA,NA,NA,NA,NA,NA,NA,NA,30,0.6,TRUE,FALSE,3.64e+11,1282.420044,5.82000041
"540","Cyperus","Cyperus eragrostis",NA,NA,NA,NA,NA,NA,NA,NA,0,0,TRUE,TRUE,NA,NA,NA
"541","Cyperus","Cyperus eragrostis",NA,NA,NA,NA,NA,NA,NA,NA,0,0,TRUE,TRUE,NA,NA,NA
"542","Cyperus","Cyperus eragrostis",NA,NA,NA,NA,NA,NA,NA,NA,0,0,TRUE,TRUE,NA,NA,NA
"543","Cyperus","Cyperus eragrostis",NA,NA,NA,NA,NA,NA,NA,NA,0,0,TRUE,TRUE,NA,NA,NA
"544","Cyperus","Cyperus eragrostis",NA,NA,NA,NA,NA,NA,NA,NA,0,0,TRUE,TRUE,NA,NA,NA
"545","Cyperus","Cyperus eragrostis",NA,NA,NA,NA,NA,NA,NA,NA,0,0,TRUE,TRUE,NA,NA,NA
"546","Cyperus","Cyperus eragrostis",NA,NA,NA,NA,NA,NA,NA,NA,0,0,TRUE,TRUE,NA,NA,NA
"547","Danthonia","Danthonia californica",NA,NA,"Graminoid","Moderate","No","Short","None","None",0.793650794,0.138888889,FALSE,FALSE,NA,NA,NA
"548","Darmera","Darmera peltata",NA,NA,NA,NA,NA,NA,NA,NA,NA,NA,FALSE,FALSE,NA,NA,NA
"549","Dasiphora","Dasiphora fruticosa",NA,NA,NA,NA,NA,NA,NA,NA,NA,NA,FALSE,FALSE,NA,NA,NA
"550","Datura","Datura wrightii",NA,NA,NA,NA,NA,NA,NA,NA,0.432900433,0.045454545,TRUE,TRUE,NA,NA,NA
"551","Deinandra","Deinandra corymbosa",NA,NA,NA,NA,NA,NA,NA,NA,NA,NA,FALSE,FALSE,65094590648,3855.819885,4.549999714
"552","Deinandra","Deinandra fasciculata",NA,NA,NA,NA,NA,NA,NA,NA,NA,NA,FALSE,FALSE,NA,NA,NA
"553","Deinandra","Deinandra kelloggii",NA,NA,NA,NA,NA,NA,NA,NA,NA,NA,FALSE,FALSE,2.5e+11,2288.019951,5.719999552
"554","Delphinium","Delphinium cardinale",NA,NA,NA,NA,NA,NA,NA,NA,0.910973085,0.314285714,TRUE,FALSE,1.27e+11,1311.560043,4.559999466
"555","Delphinium","Delphinium nudicaule",NA,NA,NA,NA,NA,NA,NA,NA,0.910973085,0.314285714,TRUE,FALSE,1.7e+11,3894.299911,5.819999933
"556","Dendromecon","Dendromecon harfordii",NA,NA,NA,NA,NA,NA,NA,NA,0,0,FALSE,FALSE,7083976828,987.9699707,2.550000191
"557","Dendromecon","Dendromecon rigida",NA,NA,NA,NA,NA,NA,NA,NA,0,0,FALSE,FALSE,2.48e+11,2816.839951,5.719999552
"558","Deschampsia","Deschampsia cespitosa",13.4554225614985,20.0701896319407,NA,NA,NA,NA,NA,NA,0,0,TRUE,FALSE,NA,NA,NA
"559","Deschampsia","Deschampsia cespitosa subsp. holciformis",NA,NA,NA,NA,NA,NA,NA,NA,0,0,TRUE,FALSE,NA,NA,NA
"560","Deschampsia","Deschampsia elongata",NA,NA,"Graminoid","Moderate","No","Short","None","None",0,0,TRUE,FALSE,NA,NA,NA
"561","Dicentra","Dicentra formosa",NA,NA,"Forb/herb","Rapid","No","Short","None","Moderate",0,0,FALSE,FALSE,NA,NA,NA
"562","Dichelostemma","Dichelostemma capitatum",NA,NA,NA,NA,NA,NA,NA,NA,20,0.4,FALSE,FALSE,7.51e+11,4505.009766,7.460000396
"563","Dichelostemma","Dichelostemma ida-maia",NA,NA,NA,NA,NA,NA,NA,NA,20,0.4,FALSE,FALSE,94808529791,4284.919769,4.179999828
"564","Dichelostemma","Dichelostemma multiflorum",NA,NA,NA,NA,NA,NA,NA,NA,20,0.4,FALSE,FALSE,1.55e+11,4393.399765,5.819999933
"565","Diplacus","Diplacus aurantiacus",NA,NA,NA,NA,NA,NA,NA,NA,NA,NA,FALSE,FALSE,2.53e+11,4485.899765,5.719999552
"566","Diplacus","Diplacus clevelandii",NA,NA,NA,NA,NA,NA,NA,NA,NA,NA,FALSE,FALSE,31618845611,763.989975,3.03000021
"567","Diplacus","Diplacus longiflorus",NA,NA,NA,NA,NA,NA,NA,NA,NA,NA,FALSE,FALSE,1.33e+11,1311.560043,4.559999466
"568","Diplacus","Diplacus puniceus",NA,NA,NA,NA,NA,NA,NA,NA,NA,NA,FALSE,FALSE,53985462531,1228.000046,4.559999466
"569","Dipterostemon","Dipterostemon capitatus",NA,NA,NA,NA,NA,NA,NA,NA,NA,NA,FALSE,FALSE,NA,NA,NA
"570","Distichlis","Distichlis spicata",NA,NA,"Graminoid","Slow","No","Long","None","None",NA,NA,FALSE,FALSE,NA,NA,NA
"571","Doellingeria","Doellingeria engelmannii",NA,NA,NA,NA,NA,NA,NA,NA,NA,NA,FALSE,FALSE,NA,NA,NA
"572","Draba","Draba oligosperma",NA,NA,NA,NA,NA,NA,NA,NA,0.058412698,0.036507937,TRUE,FALSE,1.07e+11,1943.199905,3.590000153
"573","Draba","Draba oligosperma",NA,NA,NA,NA,NA,NA,NA,NA,0,0,TRUE,FALSE,1.07e+11,1943.199905,3.590000153
"574","Drymocallis","Drymocallis glandulosa",NA,NA,"Subshrub, Forb/herb","Moderate","No","Moderate","None","None",NA,NA,FALSE,FALSE,NA,NA,NA
"575","Dryopteris","Dryopteris arguta",NA,NA,NA,NA,NA,NA,NA,NA,0.92506938,0.212765957,FALSE,FALSE,NA,NA,NA
"576","Dryopteris","Dryopteris filix-mas",70.8946004994274,21.2471284250224,NA,NA,NA,NA,NA,NA,0.92506938,0.212765957,FALSE,FALSE,NA,NA,NA
"577","Dudleya","Dudleya attenuata",NA,NA,NA,NA,NA,NA,NA,NA,0,0,FALSE,FALSE,10900649391,723.7700195,2.480000019
"578","Dudleya","Dudleya brittonii",NA,NA,NA,NA,NA,NA,NA,NA,0,0,FALSE,FALSE,NA,NA,NA
"579","Dudleya","Dudleya cespitosa",NA,NA,NA,NA,NA,NA,NA,NA,0,0,FALSE,FALSE,NA,NA,NA
"580","Dudleya","Dudleya cymosa",NA,NA,NA,NA,NA,NA,NA,NA,0,0,FALSE,FALSE,2.74e+11,3978.389893,5.719999552
"581","Dudleya","Dudleya cymosa subsp. pumila",NA,NA,NA,NA,NA,NA,NA,NA,0,0,FALSE,FALSE,NA,NA,NA
"582","Dudleya","Dudleya edulis",NA,NA,NA,NA,NA,NA,NA,NA,0,0,FALSE,FALSE,31618845611,763.989975,3.03000021
"583","Dudleya","Dudleya farinosa",NA,NA,NA,NA,NA,NA,NA,NA,0,0,FALSE,FALSE,79232529034,4362.509766,4.630000114
"584","Dudleya","Dudleya gnoma",NA,NA,NA,NA,NA,NA,NA,NA,0,0,FALSE,FALSE,7083976828,987.9699707,2.550000191
"585","Dudleya","Dudleya greenei",NA,NA,NA,NA,NA,NA,NA,NA,0,0,FALSE,FALSE,17594648604,1038.670013,4.559999466
"586","Dudleya","Dudleya lanceolata",NA,NA,NA,NA,NA,NA,NA,NA,0,0,FALSE,FALSE,1.65e+11,1377.60997,4.559999466
"587","Dudleya","Dudleya pulverulenta",NA,NA,NA,NA,NA,NA,NA,NA,0,0,FALSE,FALSE,3.21e+11,1237.490044,5.82000041
"588","Dudleya","Dudleya traskiae",NA,NA,NA,NA,NA,NA,NA,NA,0,0,FALSE,FALSE,7083976828,987.9699707,2.550000191
"589","Dudleya","Dudleya virens",NA,NA,NA,NA,NA,NA,NA,NA,0,0,FALSE,FALSE,17335934861,1156.700043,4.559999466
"590","Dudleya","Dudleya virens subsp. hassei",NA,NA,NA,NA,NA,NA,NA,NA,0,0,FALSE,FALSE,NA,NA,NA
"591","Echinocereus","Echinocereus engelmannii",NA,NA,NA,NA,NA,NA,NA,NA,0,0,FALSE,FALSE,6.62e+11,1282.420044,7.460000396
"592","Eleocharis","Eleocharis macrostachya",NA,NA,NA,NA,NA,NA,NA,NA,0.057110223,0.029126214,TRUE,FALSE,NA,NA,NA
"593","Eleocharis","Eleocharis montevidensis",NA,NA,NA,NA,NA,NA,NA,NA,0.057110223,0.029126214,TRUE,FALSE,8.34e+11,3871.26001,7.399999976
"594","Elymus","Elymus californicus",NA,NA,NA,NA,NA,NA,NA,NA,1.797814208,0.539344262,TRUE,FALSE,16243911785,1612.48996,3.360000134
"595","Elymus","Elymus californicus",NA,NA,NA,NA,NA,NA,NA,NA,3.846153846,0.25,TRUE,FALSE,16243911785,1612.48996,3.360000134
"596","Elymus","Elymus californicus",NA,NA,NA,NA,NA,NA,NA,NA,200,1,TRUE,FALSE,16243911785,1612.48996,3.360000134
"597","Leymus","Leymus condensatus",NA,NA,"Graminoid","Moderate","No","Long","None","None",4.285714286,0.3,TRUE,FALSE,NA,NA,NA
"598","Elymus","Elymus elymoides",15.397653192829,17.3460303612471,"Graminoid","Moderate","No","Long","None","None",1.797814208,0.539344262,TRUE,FALSE,NA,NA,NA
"599","Elymus","Elymus elymoides",15.397653192829,17.3460303612471,"Graminoid","Moderate","No","Long","None","None",3.846153846,0.25,TRUE,FALSE,NA,NA,NA
"600","Elymus","Elymus elymoides",15.397653192829,17.3460303612471,"Graminoid","Moderate","No","Long","None","None",200,1,TRUE,FALSE,NA,NA,NA
"601","Elymus","Elymus glaucus",NA,NA,"Graminoid","Rapid","No","Moderate","None","None",1.797814208,0.539344262,TRUE,FALSE,NA,NA,NA
"602","Elymus","Elymus glaucus",NA,NA,"Graminoid","Rapid","No","Moderate","None","None",3.846153846,0.25,TRUE,FALSE,NA,NA,NA
"603","Elymus","Elymus glaucus",NA,NA,"Graminoid","Rapid","No","Moderate","None","None",200,1,TRUE,FALSE,NA,NA,NA
"604","Leymus","Leymus innovatus",NA,NA,NA,NA,NA,NA,NA,NA,4.285714286,0.3,TRUE,FALSE,NA,NA,NA
"605","Elymus","Elymus multisetus",NA,NA,NA,NA,NA,NA,NA,NA,1.797814208,0.539344262,TRUE,FALSE,9.56e+11,4505.009766,7.460000396
"606","Elymus","Elymus multisetus",NA,NA,NA,NA,NA,NA,NA,NA,3.846153846,0.25,TRUE,FALSE,9.56e+11,4505.009766,7.460000396
"607","Elymus","Elymus multisetus",NA,NA,NA,NA,NA,NA,NA,NA,200,1,TRUE,FALSE,9.56e+11,4505.009766,7.460000396
"608","Elymus","Elymus violaceus",12.9011806863863,38.9536897842483,"Graminoid","Rapid","No","Moderate","None","None",1.797814208,0.539344262,TRUE,TRUE,1.01e+11,2759.559952,5.819999933
"609","Elymus","Elymus violaceus",12.9011806863863,38.9536897842483,"Graminoid","Rapid","No","Moderate","None","None",3.846153846,0.25,TRUE,TRUE,1.01e+11,2759.559952,5.819999933
"610","Elymus","Elymus violaceus",12.9011806863863,38.9536897842483,"Graminoid","Rapid","No","Moderate","None","None",200,1,TRUE,TRUE,1.01e+11,2759.559952,5.819999933
"611","Leymus","Leymus triticoides",NA,NA,"Graminoid","Rapid","No","Long","None","None",4.285714286,0.3,TRUE,FALSE,97380588806,1090.209953,7.360000014
"612","Encelia","Encelia actoni",NA,NA,NA,NA,NA,NA,NA,NA,26.19047619,0.785714286,FALSE,FALSE,NA,NA,NA
"613","Encelia","Encelia californica",NA,NA,NA,NA,NA,NA,NA,NA,26.19047619,0.785714286,FALSE,FALSE,62534074456,1228.000046,4.559999466
"614","Encelia","Encelia farinosa",NA,NA,"Subshrub, Shrub","Rapid","Yes","Short","None","None",26.19047619,0.785714286,FALSE,FALSE,NA,NA,NA
"615","Ephedra","Ephedra californica",NA,NA,NA,NA,NA,NA,NA,NA,0.735294118,0.058823529,FALSE,FALSE,1.95e+11,1471.01001,5.719999552
"616","Ephedra","Ephedra nevadensis",NA,NA,"Subshrub, Shrub","Moderate","No","Short","None","None",0.735294118,0.058823529,FALSE,FALSE,7e+11,1662,7.460000396
"617","Ephedra","Ephedra viridis",NA,NA,"Shrub","Slow","No","Long","None","None",0.735294118,0.058823529,FALSE,FALSE,1.08e+12,2835.949951,7.460000396
"618","Epilobium","Epilobium canum",NA,NA,NA,NA,NA,NA,NA,NA,0,0,TRUE,FALSE,NA,NA,NA
"619","Epilobium","Epilobium canum",NA,NA,NA,NA,NA,NA,NA,NA,0.834575261,0.504918033,TRUE,FALSE,NA,NA,NA
"620","Epilobium","Epilobium brachycarpum",6.70674450003726,87.4229871450546,NA,NA,NA,NA,NA,NA,0,0,TRUE,TRUE,NA,NA,NA
"621","Epilobium","Epilobium brachycarpum",6.70674450003726,87.4229871450546,NA,NA,NA,NA,NA,NA,0.834575261,0.504918033,TRUE,TRUE,NA,NA,NA
"622","Epilobium","Epilobium ciliatum subsp. ciliatum",NA,NA,NA,NA,NA,NA,NA,NA,0,0,TRUE,FALSE,NA,NA,NA
"623","Epilobium","Epilobium ciliatum subsp. ciliatum",NA,NA,NA,NA,NA,NA,NA,NA,0.834575261,0.504918033,TRUE,FALSE,NA,NA,NA
"624","Epilobium","Epilobium canum subsp. canum",NA,NA,NA,NA,NA,NA,NA,NA,0,0,TRUE,FALSE,NA,NA,NA
"625","Epilobium","Epilobium canum subsp. canum",NA,NA,NA,NA,NA,NA,NA,NA,0.834575261,0.504918033,TRUE,FALSE,NA,NA,NA
"626","Epilobium","Epilobium canum subsp. latifolium",NA,NA,NA,NA,NA,NA,NA,NA,0,0,TRUE,FALSE,NA,NA,NA
"627","Epilobium","Epilobium canum subsp. latifolium",NA,NA,NA,NA,NA,NA,NA,NA,0.834575261,0.504918033,TRUE,FALSE,NA,NA,NA
"628","Epilobium","Epilobium septentrionale",NA,NA,NA,NA,NA,NA,NA,NA,0,0,TRUE,FALSE,26557219174,3205.389893,2.679999828
"629","Epilobium","Epilobium septentrionale",NA,NA,NA,NA,NA,NA,NA,NA,0.834575261,0.504918033,TRUE,FALSE,26557219174,3205.389893,2.679999828
"630","Epipactis","Epipactis gigantea",NA,NA,NA,NA,NA,NA,NA,NA,1.307189542,0.111111111,TRUE,FALSE,NA,NA,NA
"631","Equisetum","Equisetum arvense",14.7096212181703,21.5251836663755,"Forb/herb","Rapid","No","Short","None","Moderate",2.70531401,0.608695652,TRUE,TRUE,NA,NA,NA
"632","Equisetum","Equisetum x ferrissii",NA,NA,NA,NA,NA,NA,NA,NA,2.70531401,0.608695652,TRUE,FALSE,NA,NA,NA
"633","Equisetum","Equisetum hyemale",NA,NA,NA,NA,NA,NA,NA,NA,2.70531401,0.608695652,TRUE,TRUE,NA,NA,NA
"634","Equisetum","Equisetum praealtum",NA,NA,NA,NA,NA,NA,NA,NA,2.70531401,0.608695652,TRUE,FALSE,NA,NA,NA
"635","Eremogone","Eremogone congesta",NA,NA,NA,NA,NA,NA,NA,NA,0,0,FALSE,FALSE,NA,NA,NA
"636","Eriastrum","Eriastrum densifolium",NA,NA,NA,NA,NA,NA,NA,NA,0,0,FALSE,FALSE,2.02e+11,1471.01001,4.559999466
"637","Ericameria","Ericameria ericoides",NA,NA,NA,NA,NA,NA,NA,NA,1.307189542,0.111111111,FALSE,FALSE,56361942970,2207.22995,4.559999466
"638","Ericameria","Ericameria laricifolia",NA,NA,NA,NA,NA,NA,NA,NA,1.307189542,0.111111111,FALSE,FALSE,3.46e+11,1282.420044,5.75999999
"639","Ericameria","Ericameria linearifolia",NA,NA,NA,NA,NA,NA,NA,NA,1.307189542,0.111111111,FALSE,FALSE,4.25e+11,2835.949951,5.920000315
"640","Ericameria","Ericameria nauseosa",NA,NA,"Subshrub, Shrub","Slow","No","Long","None","None",1.307189542,0.111111111,FALSE,FALSE,NA,NA,NA
"641","Ericameria","Ericameria palmeri",NA,NA,NA,NA,NA,NA,NA,NA,1.307189542,0.111111111,FALSE,FALSE,1.36e+11,1233.060043,4.559999466
"642","Erigeron","Erigeron filifolius",NA,NA,"Forb/herb","Rapid","No","Short","None","None",1.086956522,0.125,TRUE,FALSE,NA,NA,NA
"643","Erigeron","Erigeron filifolius",NA,NA,"Forb/herb","Rapid","No","Short","None","None",0.073664825,0.066298343,TRUE,FALSE,NA,NA,NA
"644","Erigeron","Erigeron filifolius",NA,NA,"Forb/herb","Rapid","No","Short","None","None",0,0,TRUE,FALSE,NA,NA,NA
"645","Erigeron","Erigeron glaucus",NA,NA,NA,NA,NA,NA,NA,NA,1.086956522,0.125,TRUE,FALSE,NA,NA,NA
"646","Erigeron","Erigeron glaucus",NA,NA,NA,NA,NA,NA,NA,NA,0.073664825,0.066298343,TRUE,FALSE,NA,NA,NA
"647","Erigeron","Erigeron glaucus",NA,NA,NA,NA,NA,NA,NA,NA,0,0,TRUE,FALSE,NA,NA,NA
"648","Eriodictyon","Eriodictyon californicum",NA,NA,"Shrub","Moderate","No","Moderate","None","None",0,0,FALSE,FALSE,2.54e+11,4456.609764,5.719999552
"649","Eriodictyon","Eriodictyon crassifolium",NA,NA,NA,NA,NA,NA,NA,NA,0,0,FALSE,FALSE,83596530585,1228.000046,4.559999466
"650","Eriodictyon","Eriodictyon trichocalyx",NA,NA,NA,NA,NA,NA,NA,NA,0,0,FALSE,FALSE,1.06e+11,1233.060043,4.559999466
"651","Eriogonum","Eriogonum arborescens",NA,NA,NA,NA,NA,NA,NA,NA,0.016457654,0.020242915,FALSE,FALSE,40957689715,1404.660034,2.899999619
"652","Eriogonum","Eriogonum cinereum",NA,NA,NA,NA,NA,NA,NA,NA,0.016457654,0.020242915,FALSE,FALSE,33267266311,1219.170044,4.559999466
"653","Eriogonum","Eriogonum clavatum",NA,NA,NA,NA,NA,NA,NA,NA,0.016457654,0.020242915,FALSE,FALSE,NA,NA,NA
"654","Eriogonum","Eriogonum crocatum",NA,NA,NA,NA,NA,NA,NA,NA,0.016457654,0.020242915,FALSE,FALSE,15282640092,1156.700043,4.559999466
"655","Eriogonum","Eriogonum elongatum",NA,NA,NA,NA,NA,NA,NA,NA,0.016457654,0.020242915,FALSE,FALSE,1.68e+11,1451.900009,5.719999552
"656","Eriogonum","Eriogonum fasciculatum",NA,NA,"Shrub, Subshrub","Moderate","No","Long","None","None",0.016457654,0.020242915,FALSE,FALSE,5.95e+11,2356.389893,7.460000396
"657","Eriogonum","Eriogonum fasciculatum var. foliolosum",NA,NA,NA,NA,NA,NA,NA,NA,0.016457654,0.020242915,FALSE,FALSE,NA,NA,NA
"658","Eriogonum","Eriogonum fasciculatum var. polifolium",NA,NA,NA,NA,NA,NA,NA,NA,0.016457654,0.020242915,FALSE,FALSE,NA,NA,NA
"659","Eriogonum","Eriogonum giganteum",NA,NA,NA,NA,NA,NA,NA,NA,0.016457654,0.020242915,FALSE,FALSE,45159774713,1255.849976,4.559999466
"660","Eriogonum","Eriogonum gracile",NA,NA,NA,NA,NA,NA,NA,NA,0.016457654,0.020242915,FALSE,FALSE,2.42e+11,2821.269951,5.719999552
"661","Eriogonum","Eriogonum grande",NA,NA,NA,NA,NA,NA,NA,NA,0.016457654,0.020242915,FALSE,FALSE,23519483213,1342.190033,4.559999466
"662","Eriogonum","Eriogonum grande var. rubescens",NA,NA,NA,NA,NA,NA,NA,NA,0.016457654,0.020242915,FALSE,FALSE,NA,NA,NA
"663","Eriogonum","Eriogonum kennedyi",NA,NA,NA,NA,NA,NA,NA,NA,0.016457654,0.020242915,FALSE,FALSE,88299991821,1233.060043,4.559999466
"664","Eriogonum","Eriogonum latifolium",NA,NA,NA,NA,NA,NA,NA,NA,0.016457654,0.020242915,FALSE,FALSE,53827290932,4382.439758,4.549999714
"665","Eriogonum","Eriogonum lobbii",NA,NA,NA,NA,NA,NA,NA,NA,0.016457654,0.020242915,FALSE,FALSE,1.88e+11,4005.909912,5.819999933
"666","Eriogonum","Eriogonum nudum",NA,NA,NA,NA,NA,NA,NA,NA,0.016457654,0.020242915,FALSE,FALSE,NA,NA,NA
"667","Eriogonum","Eriogonum parvifolium",NA,NA,NA,NA,NA,NA,NA,NA,0.016457654,0.020242915,FALSE,FALSE,55712686444,1297.670044,4.559999466
"668","Eriogonum","Eriogonum umbellatum",NA,NA,"Subshrub, Shrub, Forb/herb","Slow","No","Moderate","None","None",0.016457654,0.020242915,FALSE,FALSE,NA,NA,NA
"669","Eriogonum","Eriogonum umbellatum var. aureum",NA,NA,NA,NA,NA,NA,NA,NA,0.016457654,0.020242915,FALSE,FALSE,NA,NA,NA
"670","Eriogonum","Eriogonum umbellatum var. polyanthum",NA,NA,NA,NA,NA,NA,NA,NA,0.016457654,0.020242915,FALSE,FALSE,45974181998,3651.170013,4
"671","Eriogonum","Eriogonum ursinum",NA,NA,NA,NA,NA,NA,NA,NA,0.016457654,0.020242915,FALSE,FALSE,73118719028,3759.650009,4.399999619
"672","Eriogonum","Eriogonum wrightii",NA,NA,"Subshrub, Shrub, Forb/herb","Slow","No","Long","None","None",0.016457654,0.020242915,FALSE,FALSE,8.27e+11,2835.949951,7.399999976
"673","Eriogonum","Eriogonum wrightii var. subscaposum",NA,NA,NA,NA,NA,NA,NA,NA,0.016457654,0.020242915,FALSE,FALSE,NA,NA,NA
"674","Eriophyllum","Eriophyllum confertiflorum",NA,NA,NA,NA,NA,NA,NA,NA,0.833333333,0.0625,FALSE,FALSE,2.66e+11,2835.949951,5.719999552
"675","Eriophyllum","Eriophyllum lanatum",NA,NA,NA,NA,NA,NA,NA,NA,0.833333333,0.0625,FALSE,FALSE,NA,NA,NA
"676","Eriophyllum","Eriophyllum staechadifolium",NA,NA,NA,NA,NA,NA,NA,NA,0.833333333,0.0625,FALSE,FALSE,NA,NA,NA
"677","Erysimum","Erysimum capitatum",NA,NA,NA,NA,NA,NA,NA,NA,0.054644809,0.016393443,TRUE,FALSE,NA,NA,NA
"678","Erysimum","Erysimum capitatum",NA,NA,NA,NA,NA,NA,NA,NA,0,0,TRUE,FALSE,NA,NA,NA
"679","Erysimum","Erysimum capitatum var. capitatum",NA,NA,"Forb/herb","Rapid","No","Short","None","None",0.054644809,0.016393443,TRUE,FALSE,NA,NA,NA
"680","Erysimum","Erysimum capitatum var. capitatum",NA,NA,"Forb/herb","Rapid","No","Short","None","None",0,0,TRUE,FALSE,NA,NA,NA
"681","Erysimum","Erysimum concinnum",NA,NA,NA,NA,NA,NA,NA,NA,0.054644809,0.016393443,TRUE,FALSE,NA,NA,NA
"682","Erysimum","Erysimum concinnum",NA,NA,NA,NA,NA,NA,NA,NA,0,0,TRUE,FALSE,NA,NA,NA
"683","Erysimum","Erysimum franciscanum",NA,NA,NA,NA,NA,NA,NA,NA,0.054644809,0.016393443,TRUE,FALSE,11209566981,1517.069977,3.760000229
"684","Erysimum","Erysimum franciscanum",NA,NA,NA,NA,NA,NA,NA,NA,0,0,TRUE,FALSE,11209566981,1517.069977,3.760000229
"685","Erysimum","Erysimum insulare",NA,NA,NA,NA,NA,NA,NA,NA,0.054644809,0.016393443,TRUE,FALSE,30915228845,1156.700043,4.559999466
"686","Erysimum","Erysimum insulare",NA,NA,NA,NA,NA,NA,NA,NA,0,0,TRUE,FALSE,30915228845,1156.700043,4.559999466
"687","Erysimum","Erysimum menziesii",NA,NA,NA,NA,NA,NA,NA,NA,0.054644809,0.016393443,TRUE,FALSE,39075645338,4276.029755,3.449999809
"688","Erysimum","Erysimum menziesii",NA,NA,NA,NA,NA,NA,NA,NA,0,0,TRUE,FALSE,39075645338,4276.029755,3.449999809
"689","Erysimum","Erysimum suffrutescens",NA,NA,NA,NA,NA,NA,NA,NA,0.054644809,0.016393443,TRUE,FALSE,NA,NA,NA
"690","Erysimum","Erysimum suffrutescens",NA,NA,NA,NA,NA,NA,NA,NA,0,0,TRUE,FALSE,NA,NA,NA
"691","Erythranthe","Erythranthe cardinalis",NA,NA,"Forb/herb","Moderate","No","Moderate","None","None",NA,NA,TRUE,FALSE,6.64e+11,4505.009766,7.399999976
"692","Erythranthe","Erythranthe guttata",36.0542155629999,63.9457844370001,"Forb/herb","Rapid","No","Short","None","None",NA,NA,TRUE,TRUE,2641829200,1065.109985,3.75999999
"693","Erythranthe","Erythranthe guttata",36.0542155629999,63.9457844370001,"Forb/herb","Rapid","No","Short","None","None",NA,NA,TRUE,TRUE,16247555164,1378.439987,5.529999971
"694","Erythranthe","Erythranthe guttata",36.0542155629999,63.9457844370001,"Forb/herb","Rapid","No","Short","None","None",NA,NA,TRUE,TRUE,33557539144,1348.319969,4.459999561
"695","Erythranthe","Erythranthe lewisii",NA,NA,NA,NA,NA,NA,NA,NA,NA,NA,TRUE,FALSE,NA,NA,NA
"696","Erythranthe","Erythranthe linearifolia",NA,NA,NA,NA,NA,NA,NA,NA,NA,NA,TRUE,FALSE,NA,NA,NA
"697","Erythranthe","Erythranthe moschata",NA,NA,NA,NA,NA,NA,NA,NA,NA,NA,TRUE,TRUE,33461104564,1387.859985,5.529999971
"698","Erythranthe","Erythranthe tilingii",NA,NA,NA,NA,NA,NA,NA,NA,NA,NA,TRUE,FALSE,NA,NA,NA
"699","Erythronium","Erythronium californicum",NA,NA,NA,NA,NA,NA,NA,NA,0,0,FALSE,FALSE,59256925879,3560.279907,3.440000057
"700","Erythronium","Erythronium multiscapideum",NA,NA,NA,NA,NA,NA,NA,NA,0,0,FALSE,FALSE,48213515130,2610.039948,4.580000162
"701","Erythronium","Erythronium tuolumnense",NA,NA,NA,NA,NA,NA,NA,NA,0,0,FALSE,FALSE,5752079372,1341.980011,3.450000048
"702","Eschscholzia","Eschscholzia caespitosa",NA,NA,NA,NA,NA,NA,NA,NA,0,0,TRUE,FALSE,3e+11,3986.799911,5.719999552
"703","Eschscholzia","Eschscholzia californica",NA,NA,"Forb/herb","Moderate","No","Short","None","None",0,0,TRUE,TRUE,NA,NA,NA
"704","Eschscholzia","Eschscholzia californica subsp. californica",NA,NA,NA,NA,NA,NA,NA,NA,0,0,TRUE,FALSE,NA,NA,NA
"705","Eschscholzia","Eschscholzia californica subsp. mexicana",NA,NA,NA,NA,NA,NA,NA,NA,0,0,TRUE,FALSE,NA,NA,NA
"706","Eschscholzia","Eschscholzia lobbii",NA,NA,NA,NA,NA,NA,NA,NA,0,0,TRUE,FALSE,1.37e+11,2787.54995,5.719999552
"707","Eucrypta","Eucrypta chrysanthemifolia",NA,NA,NA,NA,NA,NA,NA,NA,0,0,FALSE,FALSE,4.73e+11,1471.01001,7.460000396
"708","Euonymus","Euonymus occidentalis",NA,NA,NA,NA,NA,NA,NA,NA,0,0,TRUE,FALSE,NA,NA,NA
"709","Euonymus","Euonymus occidentalis",NA,NA,NA,NA,NA,NA,NA,NA,0,0,TRUE,FALSE,NA,NA,NA
"710","Euphorbia","Euphorbia misera",NA,NA,NA,NA,NA,NA,NA,NA,0.023912004,0.024390244,TRUE,FALSE,49213494215,1109.970016,4.559999466
"711","Eurybia","Eurybia radulina",NA,NA,NA,NA,NA,NA,NA,NA,NA,NA,FALSE,FALSE,NA,NA,NA
"712","Euthamia","Euthamia occidentalis",NA,NA,"Forb/herb","Moderate","No","Long","None","None",0,0,TRUE,FALSE,NA,NA,NA
"713","Extriplex","Extriplex californica",NA,NA,NA,NA,NA,NA,NA,NA,NA,NA,FALSE,FALSE,NA,NA,NA
"714","Fallugia","Fallugia paradoxa",NA,NA,"Shrub","Rapid","No","Moderate","None","None",NA,NA,FALSE,FALSE,8.29e+11,1282.420044,7.460000396
"715","Ferocactus","Ferocactus cylindraceus",NA,NA,NA,NA,NA,NA,NA,NA,0,0,FALSE,FALSE,4.14e+11,1134.089951,7.460000396
"716","Ferocactus","Ferocactus viridescens",NA,NA,NA,NA,NA,NA,NA,NA,0,0,FALSE,FALSE,10900649391,723.7700195,2.480000019
"717","Festuca","Festuca californica",NA,NA,"Graminoid","Moderate","No","Moderate","None","None",0,0,TRUE,FALSE,51954895600,1134.089951,4.019999504
"718","Festuca","Festuca californica",NA,NA,"Graminoid","Moderate","No","Moderate","None","None",0,0,TRUE,FALSE,1.97e+11,4382.439758,4.599999905
"719","Festuca","Festuca californica",NA,NA,"Graminoid","Moderate","No","Moderate","None","None",0.051848673,0.061181435,TRUE,FALSE,51954895600,1134.089951,4.019999504
"720","Festuca","Festuca californica",NA,NA,"Graminoid","Moderate","No","Moderate","None","None",0.051848673,0.061181435,TRUE,FALSE,1.97e+11,4382.439758,4.599999905
"721","Festuca","Festuca californica",NA,NA,"Graminoid","Moderate","No","Moderate","None","None",0,0,TRUE,FALSE,51954895600,1134.089951,4.019999504
"722","Festuca","Festuca californica",NA,NA,"Graminoid","Moderate","No","Moderate","None","None",0,0,TRUE,FALSE,1.97e+11,4382.439758,4.599999905
"723","Festuca","Festuca californica",NA,NA,"Graminoid","Moderate","No","Moderate","None","None",0.525525526,0.094594595,TRUE,FALSE,51954895600,1134.089951,4.019999504
"724","Festuca","Festuca californica",NA,NA,"Graminoid","Moderate","No","Moderate","None","None",0.525525526,0.094594595,TRUE,FALSE,1.97e+11,4382.439758,4.599999905
"725","Festuca","Festuca idahoensis",NA,NA,"Graminoid","Moderate","No","Long","None","None",0,0,TRUE,FALSE,NA,NA,NA
"726","Festuca","Festuca idahoensis",NA,NA,"Graminoid","Moderate","No","Long","None","None",0.051848673,0.061181435,TRUE,FALSE,NA,NA,NA
"727","Festuca","Festuca idahoensis",NA,NA,"Graminoid","Moderate","No","Long","None","None",0,0,TRUE,FALSE,NA,NA,NA
"728","Festuca","Festuca idahoensis",NA,NA,"Graminoid","Moderate","No","Long","None","None",0.525525526,0.094594595,TRUE,FALSE,NA,NA,NA
"729","Festuca","Festuca microstachys",NA,NA,NA,NA,NA,NA,NA,NA,0,0,TRUE,FALSE,NA,NA,NA
"730","Festuca","Festuca microstachys",NA,NA,NA,NA,NA,NA,NA,NA,0.051848673,0.061181435,TRUE,FALSE,NA,NA,NA
"731","Festuca","Festuca microstachys",NA,NA,NA,NA,NA,NA,NA,NA,0,0,TRUE,FALSE,NA,NA,NA
"732","Festuca","Festuca microstachys",NA,NA,NA,NA,NA,NA,NA,NA,0.525525526,0.094594595,TRUE,FALSE,NA,NA,NA
"733","Festuca","Festuca occidentalis",NA,NA,"Graminoid","Moderate","No","Short","None","None",0,0,TRUE,FALSE,NA,NA,NA
"734","Festuca","Festuca occidentalis",NA,NA,"Graminoid","Moderate","No","Short","None","None",0.051848673,0.061181435,TRUE,FALSE,NA,NA,NA
"735","Festuca","Festuca occidentalis",NA,NA,"Graminoid","Moderate","No","Short","None","None",0,0,TRUE,FALSE,NA,NA,NA
"736","Festuca","Festuca occidentalis",NA,NA,"Graminoid","Moderate","No","Short","None","None",0.525525526,0.094594595,TRUE,FALSE,NA,NA,NA
"737","Festuca","Festuca rubra",10.4088549783315,53.890812836486,"Graminoid","Moderate","No","Long","None","None",0,0,TRUE,TRUE,38589369316,3746.269775,2.800000191
"738","Festuca","Festuca rubra",10.4088549783315,53.890812836486,"Graminoid","Moderate","No","Long","None","None",0.051848673,0.061181435,TRUE,TRUE,38589369316,3746.269775,2.800000191
"739","Festuca","Festuca rubra",10.4088549783315,53.890812836486,"Graminoid","Moderate","No","Long","None","None",0,0,TRUE,TRUE,38589369316,3746.269775,2.800000191
"740","Festuca","Festuca rubra",10.4088549783315,53.890812836486,"Graminoid","Moderate","No","Long","None","None",0.525525526,0.094594595,TRUE,TRUE,38589369316,3746.269775,2.800000191
"741","Forestiera","Forestiera pubescens",NA,NA,NA,NA,NA,NA,NA,NA,0,0,FALSE,FALSE,8e+11,1396.719971,7.460000396
"742","Fouquieria","Fouquieria splendens",NA,NA,"Shrub","Rapid","No","Short","None","None",NA,NA,FALSE,FALSE,5.23e+11,1138.519951,7.399999976
"743","Fragaria","Fragaria chiloensis",NA,NA,"Forb/herb","Moderate","No","Moderate","None","None",0,0,TRUE,FALSE,NA,NA,NA
"744","Fragaria","Fragaria vesca",NA,NA,NA,NA,NA,NA,NA,NA,0,0,TRUE,TRUE,NA,NA,NA
"745","Frangula","Frangula californica",NA,NA,NA,NA,NA,NA,NA,NA,0,0,TRUE,FALSE,NA,NA,NA
"746","Frangula","Frangula californica subsp. tomentella",NA,NA,NA,NA,NA,NA,NA,NA,0,0,TRUE,FALSE,NA,NA,NA
"747","Frangula","Frangula purshiana",NA,NA,"Tree, Shrub","Slow","No","Long","None","None",0,0,TRUE,FALSE,NA,NA,NA
"748","Frangula","Frangula rubra",NA,NA,NA,NA,NA,NA,NA,NA,0,0,TRUE,FALSE,2.88e+11,3978.389893,5.819999933
"749","Frankenia","Frankenia salina",NA,NA,NA,NA,NA,NA,NA,NA,0,0,FALSE,FALSE,NA,NA,NA
"750","Fraxinus","Fraxinus dipetala",NA,NA,NA,NA,NA,NA,NA,NA,0.476190476,0.047619048,TRUE,FALSE,NA,NA,NA
"751","Fraxinus","Fraxinus latifolia",NA,NA,"Tree","Moderate","No","Moderate","None","None",0.476190476,0.047619048,TRUE,FALSE,NA,NA,NA
"752","Fraxinus","Fraxinus velutina",NA,NA,"Tree","Moderate","No","Moderate","None","None",0.476190476,0.047619048,TRUE,FALSE,NA,NA,NA
"753","Fremontodendron","Fremontodendron californicum",NA,NA,"Tree, Shrub","Moderate","No","Moderate","None","None",0,0,FALSE,FALSE,3.65e+11,2816.839951,5.859999895
"754","Fremontodendron","Fremontodendron californicum subsp. decumbens",NA,NA,NA,NA,NA,NA,NA,NA,0,0,FALSE,FALSE,6903877792,1551.23999,2.170000076
"755","Fremontodendron","Fremontodendron mexicanum",NA,NA,NA,NA,NA,NA,NA,NA,0,0,FALSE,FALSE,10900649391,723.7700195,2.480000019
"756","Fritillaria","Fritillaria affinis",NA,NA,NA,NA,NA,NA,NA,NA,0.096618357,0.02173913,FALSE,FALSE,NA,NA,NA
"757","Galium","Galium angustifolium",NA,NA,NA,NA,NA,NA,NA,NA,0.081892896,0.106870229,TRUE,FALSE,1.65e+11,1451.900009,4.559999466
"758","Gambelia","Gambelia speciosa",NA,NA,NA,NA,NA,NA,NA,NA,NA,NA,FALSE,FALSE,17594648604,1038.670013,4.559999466
"759","Gambelia","Gambelia juncea",NA,NA,NA,NA,NA,NA,NA,NA,NA,NA,FALSE,FALSE,NA,NA,NA
"760","Garrya","Garrya elliptica",NA,NA,NA,NA,NA,NA,NA,NA,0,0,FALSE,FALSE,1.06e+11,4382.439758,4.549999714
"761","Garrya","Garrya flavescens",NA,NA,NA,NA,NA,NA,NA,NA,0,0,FALSE,FALSE,5.39e+11,2302.699951,7.399999976
"762","Garrya","Garrya flavescens",NA,NA,NA,NA,NA,NA,NA,NA,0,0,FALSE,FALSE,58746599083,2667.659958,5.24000001
"763","Garrya","Garrya veatchii",NA,NA,NA,NA,NA,NA,NA,NA,0,0,FALSE,FALSE,1.14e+11,1233.060043,4.559999466
"764","Gaultheria","Gaultheria shallon",NA,NA,"Shrub, Subshrub","Rapid","No","Moderate","None","None",2.222222222,0.1,TRUE,TRUE,NA,NA,NA
"765","Gentiana","Gentiana affinis",NA,NA,NA,NA,NA,NA,NA,NA,0.519480519,0.142857143,FALSE,FALSE,NA,NA,NA
"766","Geranium","Geranium californicum",NA,NA,NA,NA,NA,NA,NA,NA,0.057830211,0.037878788,TRUE,FALSE,1.5e+11,1642.889999,5.719999552
"767","Gilia","Gilia capitata",NA,NA,NA,NA,NA,NA,NA,NA,0,0,TRUE,FALSE,NA,NA,NA
"768","Gilia","Gilia capitata subsp. chamissonis",NA,NA,NA,NA,NA,NA,NA,NA,0,0,TRUE,FALSE,NA,NA,NA
"769","Gilia","Gilia tricolor",NA,NA,NA,NA,NA,NA,NA,NA,0,0,TRUE,TRUE,NA,NA,NA
"770","Glyceria","Glyceria grandis",NA,NA,NA,NA,NA,NA,NA,NA,0.332225914,0.069767442,TRUE,FALSE,NA,NA,NA
"771","Grindelia","Grindelia hirsutula",NA,NA,NA,NA,NA,NA,NA,NA,4.093567251,0.368421053,TRUE,FALSE,9733110158,436.7500305,2.71999979
"772","Grindelia","Grindelia hirsutula",NA,NA,NA,NA,NA,NA,NA,NA,4.093567251,0.368421053,TRUE,FALSE,5508504028,507.9500122,2.740000248
"773","Grindelia","Grindelia hirsutula",NA,NA,NA,NA,NA,NA,NA,NA,4.093567251,0.368421053,TRUE,FALSE,92737546592,1320.959999,7.460000396
"774","Grindelia","Grindelia hirsutula",NA,NA,NA,NA,NA,NA,NA,NA,4.093567251,0.368421053,TRUE,FALSE,1.5e+11,5814.670227,4.579999924
"775","Grindelia","Grindelia hirsutula",NA,NA,NA,NA,NA,NA,NA,NA,4.093567251,0.368421053,TRUE,FALSE,32795283439,762.5800476,2.879999638
"776","Grindelia","Grindelia hirsutula",NA,NA,NA,NA,NA,NA,NA,NA,4.093567251,0.368421053,TRUE,FALSE,4.78e+11,4449.669769,4.78000021
"777","Grindelia","Grindelia hirsutula",NA,NA,NA,NA,NA,NA,NA,NA,4.093567251,0.368421053,TRUE,FALSE,3.24e+11,3978.389893,5.819999933
"778","Grindelia","Grindelia hirsutula",NA,NA,NA,NA,NA,NA,NA,NA,4.093567251,0.368421053,TRUE,FALSE,49579553626,4301.710052,3.980000019
"779","Gutierrezia","Gutierrezia californica",NA,NA,NA,NA,NA,NA,NA,NA,0,0,FALSE,FALSE,1.96e+11,1822.35997,5.719999552
"780","Gutierrezia","Gutierrezia sarothrae",NA,NA,"Subshrub, Shrub, Forb/herb","Moderate","No","Moderate","None","Slight",0,0,FALSE,FALSE,NA,NA,NA
"781","Hazardia","Hazardia detonsa",NA,NA,NA,NA,NA,NA,NA,NA,0,0,FALSE,FALSE,11855945144,1109.670044,2.550000191
"782","Hazardia","Hazardia squarrosa",NA,NA,NA,NA,NA,NA,NA,NA,0,0,FALSE,FALSE,1.44e+11,1311.560043,4.559999466
"783","Helenium","Helenium autumnale",9.87078948987231,4.6231702742676,"Forb/herb","Rapid","No","Moderate","None","Severe",0,0,TRUE,TRUE,NA,NA,NA
"784","Helenium","Helenium bigelovii",NA,NA,NA,NA,NA,NA,NA,NA,0,0,TRUE,FALSE,NA,NA,NA
"785","Helenium","Helenium puberulum",NA,NA,NA,NA,NA,NA,NA,NA,0,0,TRUE,FALSE,NA,NA,NA
"786","Helianthus","Helianthus annuus",77.2468406189853,22.7531593810147,"Forb/herb","Rapid","No",NA,"None","None",1.647058824,0.411764706,TRUE,TRUE,NA,NA,NA
"787","Helianthus","Helianthus californicus",NA,NA,NA,NA,NA,NA,NA,NA,1.647058824,0.411764706,TRUE,FALSE,1.2e+11,1822.35997,5.719999552
"788","Helianthus","Helianthus gracilentus",NA,NA,NA,NA,NA,NA,NA,NA,1.647058824,0.411764706,TRUE,FALSE,1.72e+11,1451.900009,4.999999523
"789","Hemizonia","Hemizonia congesta",NA,NA,NA,NA,NA,NA,NA,NA,0,0,FALSE,FALSE,1.51e+11,4382.439758,4.549999714
"790","Hemizonia","Hemizonia congesta subsp. congesta",NA,NA,NA,NA,NA,NA,NA,NA,0,0,FALSE,FALSE,NA,NA,NA
"791","Hemizonia","Hemizonia congesta subsp. lutescens",NA,NA,NA,NA,NA,NA,NA,NA,0,0,FALSE,FALSE,NA,NA,NA
"792","Hemizonia","Hemizonia congesta subsp. luzulifolia",NA,NA,NA,NA,NA,NA,NA,NA,0,0,FALSE,FALSE,NA,NA,NA
"793","Heracleum","Heracleum maximum",NA,NA,"Forb/herb","Moderate","No","Short","None","Slight",1.098901099,0.071428571,TRUE,FALSE,NA,NA,NA
"794","Hesperocyparis","Hesperocyparis forbesii",NA,NA,NA,NA,NA,NA,NA,NA,NA,NA,TRUE,FALSE,31618845611,763.989975,3.03000021
"795","Hesperocyparis","Hesperocyparis macnabiana",NA,NA,NA,NA,NA,NA,NA,NA,NA,NA,TRUE,FALSE,77754760018,2574.399963,3.380000114
"796","Hesperocyparis","Hesperocyparis macrocarpa",NA,NA,NA,NA,NA,NA,NA,NA,NA,NA,TRUE,TRUE,19089121180,3749.409882,2.639999866
"797","Hesperocyparis","Hesperocyparis sargentii",NA,NA,NA,NA,NA,NA,NA,NA,NA,NA,TRUE,FALSE,56313489408,3883.339905,3.949999809
"798","Hesperocyparis","Hesperocyparis stephensonii",NA,NA,NA,NA,NA,NA,NA,NA,NA,NA,TRUE,FALSE,10900649391,723.7700195,2.480000019
"799","Hesperoyucca","Hesperoyucca whipplei",NA,NA,NA,NA,NA,NA,NA,NA,NA,NA,FALSE,FALSE,2.1e+11,1451.900009,5.619999647
"800","Heteromeles","Heteromeles arbutifolia",NA,NA,NA,NA,NA,NA,NA,NA,NA,NA,FALSE,FALSE,NA,NA,NA
"801","Heterotheca","Heterotheca grandiflora",NA,NA,NA,NA,NA,NA,NA,NA,0,0,TRUE,TRUE,NA,NA,NA
"802","Heterotheca","Heterotheca sessiliflora",NA,NA,NA,NA,NA,NA,NA,NA,0,0,TRUE,FALSE,2.16e+11,2283.589951,5.719999552
"803","Heterotheca","Heterotheca sessiliflora subsp. bolanderi",NA,NA,NA,NA,NA,NA,NA,NA,0,0,TRUE,FALSE,NA,NA,NA
"804","Heuchera","Heuchera caespitosa",NA,NA,NA,NA,NA,NA,NA,NA,3.296703297,0.214285714,FALSE,FALSE,45413484288,1348.319969,4.459999561
"805","Heuchera","Heuchera cylindrica",NA,NA,"Forb/herb","Rapid","No","Short","None","None",3.296703297,0.214285714,FALSE,FALSE,NA,NA,NA
"806","Heuchera","Heuchera hirsutissima",NA,NA,NA,NA,NA,NA,NA,NA,3.296703297,0.214285714,FALSE,FALSE,18664901451,763.989975,2.550000191
"807","Heuchera","Heuchera maxima",NA,NA,NA,NA,NA,NA,NA,NA,3.296703297,0.214285714,FALSE,FALSE,11855945144,1109.670044,2.550000191
"808","Heuchera","Heuchera micrantha",NA,NA,NA,NA,NA,NA,NA,NA,3.296703297,0.214285714,FALSE,FALSE,NA,NA,NA
"809","Heuchera","Heuchera parishii",NA,NA,NA,NA,NA,NA,NA,NA,3.296703297,0.214285714,FALSE,FALSE,51954895600,1134.089951,4.019999504
"810","Heuchera","Heuchera parishii",NA,NA,NA,NA,NA,NA,NA,NA,3.296703297,0.214285714,FALSE,FALSE,70619797051,1134.089951,4.019999504
"811","Heuchera","Heuchera pilosissima",NA,NA,NA,NA,NA,NA,NA,NA,3.296703297,0.214285714,FALSE,FALSE,39805060904,2180.129944,4.039999962
"812","Heuchera","Heuchera rubescens",NA,NA,NA,NA,NA,NA,NA,NA,3.296703297,0.214285714,FALSE,FALSE,1.22e+12,3978.389893,7.460000396
"813","Hilaria","Hilaria jamesii",NA,NA,"Graminoid","Slow","No","Long","None","None",0,0,FALSE,FALSE,1.13e+12,1662,7.460000396
"814","Hilaria","Hilaria jamesii",NA,NA,"Graminoid","Slow","No","Long","None","None",0,0,FALSE,FALSE,1.13e+12,1662,7.460000396
"815","Hoita","Hoita macrostachya",NA,NA,NA,NA,NA,NA,NA,NA,0,0,FALSE,FALSE,2.47e+11,2816.839951,5.719999552
"816","Holodiscus","Holodiscus discolor",NA,NA,"Shrub","Moderate","No","Moderate","None","None",100,0.5,FALSE,FALSE,NA,NA,NA
"817","Hordeum","Hordeum brachyantherum",NA,NA,"Graminoid","Moderate","No","Moderate","None","None",0,0,TRUE,FALSE,NA,NA,NA
"818","Hordeum","Hordeum brachyantherum",NA,NA,"Graminoid","Moderate","No","Moderate","None","None",0.808080808,0.177777778,TRUE,FALSE,NA,NA,NA
"819","Hordeum","Hordeum californicum",NA,NA,"Graminoid","Slow","No","Short","None","None",0,0,TRUE,FALSE,NA,NA,NA
"820","Hordeum","Hordeum californicum",NA,NA,"Graminoid","Slow","No","Short","None","None",0.808080808,0.177777778,TRUE,FALSE,NA,NA,NA
"821","Horkelia","Horkelia californica",NA,NA,NA,NA,NA,NA,NA,NA,0,0,FALSE,FALSE,1.3e+11,3857.889893,5.529999971
"822","Horkelia","Horkelia clevelandii",NA,NA,NA,NA,NA,NA,NA,NA,0,0,FALSE,FALSE,29565550842,763.989975,3.03000021
"823","Horkelia","Horkelia cuneata",NA,NA,NA,NA,NA,NA,NA,NA,0,0,FALSE,FALSE,1.29e+11,1418.550034,4.559999466
"824","Hosackia","Hosackia crassifolia",NA,NA,"Forb/herb","Moderate","No","Long","Low","None",NA,NA,FALSE,FALSE,4.64e+11,5430.84996,5.819999933
"825","Hosackia","Hosackia crassifolia var. otayensis",NA,NA,NA,NA,NA,NA,NA,NA,NA,NA,FALSE,FALSE,NA,NA,NA
"826","Hosackia","Hosackia gracilis",NA,NA,NA,NA,NA,NA,NA,NA,NA,NA,FALSE,FALSE,NA,NA,NA
"827","Hymenoxys","Hymenoxys hoopesii",NA,NA,NA,NA,NA,NA,NA,NA,0.735294118,0.058823529,FALSE,FALSE,9.65e+11,4015.060059,7.460000396
"828","Iris","Iris chrysophylla",NA,NA,NA,NA,NA,NA,NA,NA,0.233100233,0.08974359,TRUE,FALSE,1.16e+11,4284.919769,4.179999828
"829","Iris","Iris douglasiana",NA,NA,NA,NA,NA,NA,NA,NA,0.233100233,0.08974359,TRUE,FALSE,78064799956,4382.439758,4.579999924
"830","Iris","Iris hartwegii",NA,NA,NA,NA,NA,NA,NA,NA,0.233100233,0.08974359,TRUE,FALSE,1.82e+11,2816.839951,5.719999552
"831","Iris","Iris innominata",NA,NA,NA,NA,NA,NA,NA,NA,0.233100233,0.08974359,TRUE,FALSE,28243671276,3814.469788,2.349999905
"832","Iris","Iris longipetala",NA,NA,NA,NA,NA,NA,NA,NA,0.233100233,0.08974359,TRUE,FALSE,NA,NA,NA
"833","Iris","Iris macrosiphon",NA,NA,NA,NA,NA,NA,NA,NA,0.233100233,0.08974359,TRUE,FALSE,1.28e+11,3806.159897,5.319999933
"834","Iris","Iris missouriensis",48.9027522379203,0,"Forb/herb","Rapid","No","Short","None","None",0.233100233,0.08974359,TRUE,FALSE,NA,NA,NA
"835","Iris","Iris tenax",NA,NA,"Forb/herb","Moderate","No","Moderate","None","None",0.233100233,0.08974359,TRUE,FALSE,1.32e+11,5229.869965,4.630000114
"836","Iris","Iris tenuissima",NA,NA,NA,NA,NA,NA,NA,NA,0.233100233,0.08974359,TRUE,FALSE,85493908651,3758.299896,4
"837","Isocoma","Isocoma menziesii",NA,NA,NA,NA,NA,NA,NA,NA,100,0.5,FALSE,FALSE,2.05e+11,1471.01001,5.719999552
"838","Isolepis","Isolepis cernua",NA,NA,NA,NA,NA,NA,NA,NA,0,0,FALSE,FALSE,NA,NA,NA
"839","Iva","Iva hayesiana",NA,NA,NA,NA,NA,NA,NA,NA,0,0,FALSE,FALSE,10900649391,723.7700195,2.480000019
"840","Jaumea","Jaumea carnosa",NA,NA,NA,NA,NA,NA,NA,NA,NA,NA,FALSE,FALSE,NA,NA,NA
"841","Juglans","Juglans californica",NA,NA,NA,NA,NA,NA,NA,NA,0,0,TRUE,FALSE,NA,NA,NA
"842","Juglans","Juglans hindsii",NA,NA,NA,NA,NA,NA,NA,NA,0,0,TRUE,FALSE,NA,NA,NA
"843","Juncus","Juncus acutus",NA,NA,NA,NA,NA,NA,NA,NA,0.116788321,0.16,TRUE,TRUE,NA,NA,NA
"844","Juncus","Juncus acutus subsp. leopoldii",NA,NA,NA,NA,NA,NA,NA,NA,0.116788321,0.16,TRUE,FALSE,NA,NA,NA
"845","Juncus","Juncus balticus",NA,NA,NA,NA,NA,NA,NA,NA,0.116788321,0.16,TRUE,FALSE,NA,NA,NA
"846","Juncus","Juncus bufonius",NA,NA,"Graminoid","Rapid","No",NA,"None","None",0.116788321,0.16,TRUE,TRUE,NA,NA,NA
"847","Juncus","Juncus dubius",NA,NA,NA,NA,NA,NA,NA,NA,0.116788321,0.16,TRUE,FALSE,1.39e+11,1311.560043,4.559999466
"848","Juncus","Juncus dubius",NA,NA,NA,NA,NA,NA,NA,NA,0.116788321,0.16,TRUE,FALSE,1.79e+11,2835.949951,5.719999552
"849","Juncus","Juncus effusus",38.4839146641987,0,"Graminoid","Moderate","No","Long","None","None",0.116788321,0.16,TRUE,TRUE,NA,NA,NA
"850","Juncus","Juncus effusus subsp. pacificus",NA,NA,NA,NA,NA,NA,NA,NA,0.116788321,0.16,TRUE,FALSE,NA,NA,NA
"851","Juncus","Juncus hesperius",NA,NA,NA,NA,NA,NA,NA,NA,0.116788321,0.16,TRUE,FALSE,NA,NA,NA
"852","Juncus","Juncus balticus subsp. mexicanus",NA,NA,"Graminoid","Moderate","No","Moderate","None","None",0.116788321,0.16,TRUE,FALSE,7.49e+11,3871.26001,7.460000396
"853","Juncus","Juncus nevadensis",NA,NA,"Graminoid","Moderate","No","Moderate","None","None",0.116788321,0.16,TRUE,FALSE,NA,NA,NA
"854","Juncus","Juncus occidentalis",NA,NA,NA,NA,NA,NA,NA,NA,0.116788321,0.16,TRUE,FALSE,2.93e+11,5937.240234,5.819999933
"855","Juncus","Juncus oxymeris",NA,NA,NA,NA,NA,NA,NA,NA,0.116788321,0.16,TRUE,FALSE,NA,NA,NA
"856","Juncus","Juncus patens",NA,NA,NA,NA,NA,NA,NA,NA,0.116788321,0.16,TRUE,FALSE,1.98e+11,4480.839767,5.029999733
"857","Juncus","Juncus phaeocephalus",NA,NA,NA,NA,NA,NA,NA,NA,0.116788321,0.16,TRUE,FALSE,2.04e+11,3959.279892,4.999999523
"858","Juncus","Juncus tenuis",6.67844106859528,27.5537814748063,"Graminoid","Slow","No","Moderate","None","None",0.116788321,0.16,TRUE,TRUE,NA,NA,NA
"859","Juncus","Juncus textilis",NA,NA,NA,NA,NA,NA,NA,NA,0.116788321,0.16,TRUE,FALSE,1.48e+11,1377.60997,4.559999466
"860","Juncus","Juncus torreyi",NA,NA,"Graminoid","Moderate","No","Long","None","None",0.116788321,0.16,TRUE,FALSE,NA,NA,NA
"861","Juncus","Juncus xiphioides",NA,NA,NA,NA,NA,NA,NA,NA,0.116788321,0.16,TRUE,FALSE,5.14e+11,3978.389893,5.920000315
"862","Juniperus","Juniperus californica",NA,NA,NA,NA,NA,NA,NA,NA,0.793650794,0.107142857,TRUE,FALSE,2.98e+11,2816.839951,5.719999552
"863","Juniperus","Juniperus communis",0,13.3856656602483,"Tree, Shrub","Slow","Yes","Long","None","None",0.793650794,0.107142857,TRUE,TRUE,NA,NA,NA
"864","Justicia","Justicia californica",NA,NA,NA,NA,NA,NA,NA,NA,NA,NA,TRUE,FALSE,1.62e+11,809.179985,5.75999999
"865","Keckiella","Keckiella antirrhinoides",NA,NA,NA,NA,NA,NA,NA,NA,0,0,FALSE,FALSE,2.82e+11,1134.089951,7.399999976
"866","Keckiella","Keckiella breviflora",NA,NA,NA,NA,NA,NA,NA,NA,0,0,FALSE,FALSE,2.57e+11,3871.26001,5.819999933
"867","Keckiella","Keckiella cordifolia",NA,NA,NA,NA,NA,NA,NA,NA,0,0,FALSE,FALSE,1.14e+11,1233.060043,4.559999466
"868","Keckiella","Keckiella corymbosa",NA,NA,NA,NA,NA,NA,NA,NA,0,0,FALSE,FALSE,1.07e+11,3810.099899,4.599999905
"869","Keckiella","Keckiella ternata",NA,NA,NA,NA,NA,NA,NA,NA,0,0,FALSE,FALSE,1.39e+11,1377.60997,4.559999466
"870","Koeleria","Koeleria macrantha",14.2059444810218,12.9458485561601,"Graminoid","Rapid","No","Short","None","None",1.470588235,0.117647059,FALSE,FALSE,NA,NA,NA
"871","Krascheninnikovia","Krascheninnikovia lanata",NA,NA,"Shrub, Subshrub","Rapid","No","Long","None","None",NA,NA,FALSE,FALSE,NA,NA,NA
"872","Larrea","Larrea tridentata",NA,NA,"Shrub","Slow","Yes","Long","None","Slight",NA,NA,TRUE,TRUE,NA,NA,NA
"873","Lasthenia","Lasthenia californica",NA,NA,NA,NA,NA,NA,NA,NA,0.735294118,0.058823529,FALSE,FALSE,NA,NA,NA
"874","Lasthenia","Lasthenia glabrata",NA,NA,NA,NA,NA,NA,NA,NA,0.735294118,0.058823529,FALSE,FALSE,2.37e+11,3959.279892,5.719999552
"875","Lathyrus","Lathyrus vestitus",NA,NA,NA,NA,NA,NA,NA,NA,0.024996875,0.015748031,TRUE,FALSE,2.93e+11,4485.899765,4.999999523
"876","Layia","Layia gaillardioides",NA,NA,NA,NA,NA,NA,NA,NA,0,0,FALSE,FALSE,69066832959,3855.819885,5.299999475
"877","Layia","Layia glandulosa",NA,NA,NA,NA,NA,NA,NA,NA,0,0,FALSE,FALSE,1.19e+12,3871.26001,7.460000396
"878","Layia","Layia platyglossa",NA,NA,NA,NA,NA,NA,NA,NA,0,0,FALSE,FALSE,NA,NA,NA
"879","Lepechinia","Lepechinia calycina",NA,NA,NA,NA,NA,NA,NA,NA,0,0,FALSE,FALSE,76836400548,2713.379944,5.269999743
"880","Lepechinia","Lepechinia fragrans",NA,NA,NA,NA,NA,NA,NA,NA,0,0,FALSE,FALSE,22366616920,1156.700043,4.559999466
"881","Lepidium","Lepidium fremontii",NA,NA,NA,NA,NA,NA,NA,NA,3.571428571,0.125,TRUE,FALSE,4.65e+11,1662,7.460000396
"882","Lepidium","Lepidium fremontii",NA,NA,NA,NA,NA,NA,NA,NA,0.014992504,0.00862069,TRUE,FALSE,4.65e+11,1662,7.460000396
"883","Lepidospartum","Lepidospartum squamatum",NA,NA,NA,NA,NA,NA,NA,NA,0,0,FALSE,FALSE,1.89e+11,1451.900009,5.719999552
"884","Leptosiphon","Leptosiphon androsaceus",NA,NA,NA,NA,NA,NA,NA,NA,NA,NA,FALSE,FALSE,1.34e+11,3945.389893,5.410000086
"885","Leptosiphon","Leptosiphon grandiflorus",NA,NA,NA,NA,NA,NA,NA,NA,NA,NA,FALSE,FALSE,68861745254,1793.069969,5.719999552
"886","Leptosiphon","Leptosiphon nuttallii",NA,NA,NA,NA,NA,NA,NA,NA,NA,NA,FALSE,FALSE,1.05e+12,3996.919922,7.460000396
"887","Coreopsis","Coreopsis bigelovii",NA,NA,NA,NA,NA,NA,NA,NA,0,0,TRUE,FALSE,2.02e+11,1508.359985,5.719999552
"888","Coreopsis","Coreopsis calliopsidea",NA,NA,NA,NA,NA,NA,NA,NA,0,0,TRUE,FALSE,1.76e+11,1471.01001,5.719999552
"889","Coreopsis","Coreopsis gigantea",NA,NA,NA,NA,NA,NA,NA,NA,0,0,TRUE,FALSE,74096155724,1413.490036,4.559999466
"890","Coreopsis","Coreopsis maritima",NA,NA,NA,NA,NA,NA,NA,NA,0,0,TRUE,FALSE,10900649391,723.7700195,2.480000019
"891","Coreopsis","Coreopsis stillmanii",NA,NA,NA,NA,NA,NA,NA,NA,0,0,TRUE,FALSE,51415706761,2142.89006,5.529999971
"892","Lewisia","Lewisia cotyledon",NA,NA,NA,NA,NA,NA,NA,NA,4.093567251,0.368421053,FALSE,FALSE,90226149870,4284.919769,4.179999828
"893","Lewisia","Lewisia longipetala",NA,NA,NA,NA,NA,NA,NA,NA,4.093567251,0.368421053,FALSE,FALSE,25979607131,1884.48999,4.150000095
"894","Lewisia","Lewisia rediviva",NA,NA,NA,NA,NA,NA,NA,NA,4.093567251,0.368421053,FALSE,FALSE,NA,NA,NA
"895","Lilium","Lilium humboldtii",NA,NA,NA,NA,NA,NA,NA,NA,1.505376344,0.225806452,TRUE,FALSE,1.8e+11,2816.839951,5.719999552
"896","Lilium","Lilium pardalinum",NA,NA,NA,NA,NA,NA,NA,NA,1.505376344,0.225806452,TRUE,FALSE,3.84e+11,4505.009766,5.719999552
"897","Lilium","Lilium pardalinum subsp. pitkinense",NA,NA,NA,NA,NA,NA,NA,NA,1.505376344,0.225806452,TRUE,FALSE,NA,NA,NA
"898","Lilium","Lilium parryi",NA,NA,NA,NA,NA,NA,NA,NA,1.505376344,0.225806452,TRUE,FALSE,1.35e+11,1134.089951,4.92999959
"899","Lilium","Lilium parvum",NA,NA,NA,NA,NA,NA,NA,NA,1.505376344,0.225806452,TRUE,FALSE,1.98e+11,4505.009766,5.819999933
"900","Limnanthes","Limnanthes douglasii",NA,NA,NA,NA,NA,NA,NA,NA,0,0,FALSE,FALSE,NA,NA,NA
"901","Limonium","Limonium californicum",NA,NA,NA,NA,NA,NA,NA,NA,0.12642225,0.07079646,TRUE,FALSE,77673611396,3982.060059,4.999999523
"902","Linanthus","Linanthus californicus",NA,NA,NA,NA,NA,NA,NA,NA,0,0,FALSE,FALSE,1.14e+11,1233.060043,4.559999466
"903","Linanthus","Linanthus californicus",NA,NA,NA,NA,NA,NA,NA,NA,0,0,FALSE,FALSE,1.14e+11,1233.060043,4.559999466
"904","Linanthus","Linanthus pungens",NA,NA,NA,NA,NA,NA,NA,NA,0,0,FALSE,FALSE,NA,NA,NA
"905","Linanthus","Linanthus pungens",NA,NA,NA,NA,NA,NA,NA,NA,0,0,FALSE,FALSE,NA,NA,NA
"906","Linum","Linum lewisii",0,18.3684394299347,"Subshrub, Forb/herb","Moderate","No","Moderate","None","None",0,0,TRUE,FALSE,NA,NA,NA
"907","Linum","Linum lewisii",0,18.3684394299347,"Subshrub, Forb/herb","Moderate","No","Moderate","None","None",0,0,TRUE,FALSE,NA,NA,NA
"908","Linum","Linum lewisii var. lewisii",NA,NA,NA,NA,NA,NA,NA,NA,0,0,TRUE,FALSE,NA,NA,NA
"909","Linum","Linum lewisii var. lewisii",NA,NA,NA,NA,NA,NA,NA,NA,0,0,TRUE,FALSE,NA,NA,NA
"910","Lobelia","Lobelia cardinalis",NA,NA,"Forb/herb","Moderate","No","Moderate","None","None",0.12195122,0.024390244,TRUE,FALSE,NA,NA,NA
"911","Lobelia","Lobelia cardinalis",NA,NA,"Forb/herb","Moderate","No","Moderate","None","None",0,0,TRUE,FALSE,NA,NA,NA
"912","Palmerella","Palmerella debilis",NA,NA,NA,NA,NA,NA,NA,NA,NA,NA,FALSE,FALSE,1.12e+11,1311.560043,4.559999466
"913","Palmerella","Palmerella debilis subsp. serrata",NA,NA,NA,NA,NA,NA,NA,NA,NA,NA,FALSE,FALSE,NA,NA,NA
"914","Lomatium","Lomatium californicum",NA,NA,NA,NA,NA,NA,NA,NA,0,0,FALSE,FALSE,1.78e+11,3972.909912,4.999999523
"915","Lomatium","Lomatium dasycarpum",NA,NA,NA,NA,NA,NA,NA,NA,0,0,FALSE,FALSE,2.17e+11,3954.219894,5.719999552
"916","Lonicera","Lonicera hispidula",NA,NA,NA,NA,NA,NA,NA,NA,0.175336061,0.050847458,TRUE,FALSE,NA,NA,NA
"917","Lonicera","Lonicera interrupta",NA,NA,NA,NA,NA,NA,NA,NA,0.175336061,0.050847458,TRUE,FALSE,3.89e+11,3986.799911,5.859999895
"918","Lonicera","Lonicera involucrata",NA,NA,"Shrub","Moderate","No","Long","None","None",0.175336061,0.050847458,TRUE,FALSE,NA,NA,NA
"919","Lonicera","Lonicera involucrata var. ledebourii",NA,NA,NA,NA,NA,NA,NA,NA,0.175336061,0.050847458,TRUE,FALSE,NA,NA,NA
"920","Lonicera","Lonicera subspicata",NA,NA,NA,NA,NA,NA,NA,NA,0.175336061,0.050847458,TRUE,FALSE,1.74e+11,1451.900009,5.719999552
"921","Lonicera","Lonicera subspicata var. denudata",NA,NA,NA,NA,NA,NA,NA,NA,0.175336061,0.050847458,TRUE,FALSE,NA,NA,NA
"922","Lonicera","Lonicera subspicata var. subspicata",NA,NA,NA,NA,NA,NA,NA,NA,0.175336061,0.050847458,TRUE,FALSE,NA,NA,NA
"923","Lupinus","Lupinus albicaulis",NA,NA,NA,NA,NA,NA,NA,NA,0.043459365,0.025423729,TRUE,FALSE,3.27e+11,5888.840233,5.719999552
"924","Lupinus","Lupinus albifrons",NA,NA,NA,NA,NA,NA,NA,NA,0.043459365,0.025423729,TRUE,FALSE,3.49e+11,4505.009766,5.719999552
"925","Lupinus","Lupinus albifrons var. collinus",NA,NA,NA,NA,NA,NA,NA,NA,0.043459365,0.025423729,TRUE,FALSE,NA,NA,NA
"926","Lupinus","Lupinus arboreus",NA,NA,"Subshrub, Shrub","Moderate","No","Moderate","Medium","None",0.043459365,0.025423729,TRUE,TRUE,NA,NA,NA
"927","Lupinus","Lupinus arizonicus",NA,NA,NA,NA,NA,NA,NA,NA,0.043459365,0.025423729,TRUE,FALSE,2.73e+11,1282.420044,5.75999999
"928","Lupinus","Lupinus benthamii",NA,NA,NA,NA,NA,NA,NA,NA,0.043459365,0.025423729,TRUE,FALSE,1.86e+11,1985.87999,5.719999552
"929","Lupinus","Lupinus bicolor",NA,NA,NA,NA,NA,NA,NA,NA,0.043459365,0.025423729,TRUE,FALSE,NA,NA,NA
"930","Lupinus","Lupinus chamissonis",NA,NA,NA,NA,NA,NA,NA,NA,0.043459365,0.025423729,TRUE,FALSE,1.11e+11,1822.35997,4.999999523
"931","Lupinus","Lupinus excubitus",NA,NA,NA,NA,NA,NA,NA,NA,0.043459365,0.025423729,TRUE,FALSE,2.64e+11,1519.359985,5.920000315
"932","Lupinus","Lupinus formosus",NA,NA,NA,NA,NA,NA,NA,NA,0.043459365,0.025423729,TRUE,FALSE,2.91e+11,3959.279892,5.719999552
"933","Lupinus","Lupinus hirsutissimus",NA,NA,NA,NA,NA,NA,NA,NA,0.043459365,0.025423729,TRUE,FALSE,1.32e+11,1418.550034,4.559999466
"934","Lupinus","Lupinus latifolius",NA,NA,"Forb/herb","Rapid","No","Short","Low","Severe",0.043459365,0.025423729,TRUE,FALSE,7.72e+11,5918.130234,7.360000014
"935","Lupinus","Lupinus longifolius",NA,NA,NA,NA,NA,NA,NA,NA,0.043459365,0.025423729,TRUE,FALSE,1.14e+11,1233.060043,4.559999466
"936","Lupinus","Lupinus microcarpus",NA,NA,NA,NA,NA,NA,NA,NA,0.043459365,0.025423729,TRUE,FALSE,NA,NA,NA
"937","Lupinus","Lupinus densiflorus",NA,NA,NA,NA,NA,NA,NA,NA,0.043459365,0.025423729,TRUE,FALSE,NA,NA,NA
"938","Lupinus","Lupinus nanus",NA,NA,NA,NA,NA,NA,NA,NA,0.043459365,0.025423729,TRUE,FALSE,NA,NA,NA
"939","Lupinus","Lupinus polyphyllus",67.4212532890378,26.5014410784681,NA,NA,NA,NA,NA,NA,0.043459365,0.025423729,TRUE,TRUE,NA,NA,NA
"940","Lupinus","Lupinus burkei",NA,NA,NA,NA,NA,NA,NA,NA,0.043459365,0.025423729,TRUE,FALSE,NA,NA,NA
"941","Lupinus","Lupinus arboreus var. arboreus",NA,NA,NA,NA,NA,NA,NA,NA,0.043459365,0.025423729,TRUE,FALSE,NA,NA,NA
"942","Lupinus","Lupinus rivularis",NA,NA,NA,NA,NA,NA,NA,NA,0.043459365,0.025423729,TRUE,FALSE,NA,NA,NA
"943","Lupinus","Lupinus sericatus",NA,NA,NA,NA,NA,NA,NA,NA,0.043459365,0.025423729,TRUE,FALSE,12254302472,1464.259979,3.260000229
"944","Lupinus","Lupinus sparsiflorus",NA,NA,NA,NA,NA,NA,NA,NA,0.043459365,0.025423729,TRUE,FALSE,3.31e+11,1269.739975,5.75999999
"945","Lupinus","Lupinus succulentus",NA,NA,NA,NA,NA,NA,NA,NA,0.043459365,0.025423729,TRUE,FALSE,2.64e+11,2283.589951,5.859999895
"946","Lupinus","Lupinus truncatus",NA,NA,NA,NA,NA,NA,NA,NA,0.043459365,0.025423729,TRUE,FALSE,1.24e+11,1418.550034,4.559999466
"947","Lycium","Lycium andersonii",NA,NA,NA,NA,NA,NA,NA,NA,0,0,TRUE,FALSE,7.01e+11,1662,7.460000396
"948","Lycium","Lycium brevipes",NA,NA,NA,NA,NA,NA,NA,NA,0,0,TRUE,FALSE,1.41e+11,1237.490044,5.159999847
"949","Lycium","Lycium californicum",NA,NA,NA,NA,NA,NA,NA,NA,0,0,TRUE,FALSE,1.79e+11,1233.060043,5.159999847
"950","Lyonothamnus","Lyonothamnus floribundus",NA,NA,NA,NA,NA,NA,NA,NA,NA,NA,FALSE,FALSE,17594648604,1038.670013,4.559999466
"951","Lysichiton","Lysichiton americanus",NA,NA,NA,NA,NA,NA,NA,NA,0,0,TRUE,TRUE,NA,NA,NA
"952","Lysimachia","Lysimachia europaea",10.7337227901265,55.5425080530396,NA,NA,NA,NA,NA,NA,0,0,TRUE,FALSE,NA,NA,NA
"953","Lysimachia","Lysimachia europaea",10.7337227901265,55.5425080530396,NA,NA,NA,NA,NA,NA,0.150829563,0.038461538,TRUE,FALSE,NA,NA,NA
"954","Lysimachia","Lysimachia europaea",10.7337227901265,55.5425080530396,NA,NA,NA,NA,NA,NA,0,0,TRUE,FALSE,NA,NA,NA
"955","Madia","Madia elegans",NA,NA,NA,NA,NA,NA,NA,NA,0.793650794,0.107142857,FALSE,FALSE,4.86e+11,4505.009766,5.819999933
"956","Maianthemum","Maianthemum dilatatum",NA,NA,NA,NA,NA,NA,NA,NA,0,0,FALSE,FALSE,NA,NA,NA
"957","Maianthemum","Maianthemum dilatatum",NA,NA,NA,NA,NA,NA,NA,NA,0,0,FALSE,FALSE,NA,NA,NA
"958","Maianthemum","Maianthemum racemosum subsp. amplexicaule",NA,NA,NA,NA,NA,NA,NA,NA,0,0,FALSE,FALSE,NA,NA,NA
"959","Maianthemum","Maianthemum racemosum subsp. amplexicaule",NA,NA,NA,NA,NA,NA,NA,NA,0,0,FALSE,FALSE,NA,NA,NA
"960","Maianthemum","Maianthemum stellatum",NA,NA,NA,NA,NA,NA,NA,NA,0,0,FALSE,FALSE,NA,NA,NA
"961","Maianthemum","Maianthemum stellatum",NA,NA,NA,NA,NA,NA,NA,NA,0,0,FALSE,FALSE,NA,NA,NA
"962","Malacothamnus","Malacothamnus clementinus",NA,NA,NA,NA,NA,NA,NA,NA,0,0,FALSE,FALSE,10510671776,1038.670013,4.559999466
"963","Malacothamnus","Malacothamnus densiflorus",NA,NA,NA,NA,NA,NA,NA,NA,0,0,FALSE,FALSE,31618845611,763.989975,3.03000021
"964","Malacothamnus","Malacothamnus fasciculatus",NA,NA,NA,NA,NA,NA,NA,NA,0,0,FALSE,FALSE,2.37e+11,2302.699951,5.719999552
"965","Malacothamnus","Malacothamnus fremontii",NA,NA,NA,NA,NA,NA,NA,NA,0,0,FALSE,FALSE,1.97e+11,2816.839951,5.719999552
"966","Malacothamnus","Malacothamnus involucratus",NA,NA,NA,NA,NA,NA,NA,NA,0,0,FALSE,FALSE,NA,NA,NA
"967","Malacothamnus","Malacothamnus jonesii",NA,NA,NA,NA,NA,NA,NA,NA,0,0,FALSE,FALSE,24132205715,1208.100037,2.899999619
"968","Malacothamnus","Malacothamnus lucianus",NA,NA,NA,NA,NA,NA,NA,NA,0,0,FALSE,FALSE,NA,NA,NA
"969","Malacothamnus","Malacothamnus nuttallii",NA,NA,NA,NA,NA,NA,NA,NA,0,0,FALSE,FALSE,NA,NA,NA
"970","Malacothrix","Malacothrix coulteri",NA,NA,NA,NA,NA,NA,NA,NA,0,0,FALSE,FALSE,3.76e+11,1519.359985,5.920000315
"971","Malacothrix","Malacothrix floccifera",NA,NA,NA,NA,NA,NA,NA,NA,0,0,FALSE,FALSE,2.29e+11,3929.989891,5.819999933
"972","Malacothrix","Malacothrix glabrata",NA,NA,NA,NA,NA,NA,NA,NA,0,0,FALSE,FALSE,8.83e+11,3871.26001,7.460000396
"973","Malacothrix","Malacothrix incana",NA,NA,NA,NA,NA,NA,NA,NA,0,0,FALSE,FALSE,41815878236,1219.170044,4.559999466
"974","Malacothrix","Malacothrix saxatilis",NA,NA,NA,NA,NA,NA,NA,NA,0,0,FALSE,FALSE,92096147547,1306.500046,4.559999466
"975","Malacothrix","Malacothrix saxatilis var. implicata",NA,NA,NA,NA,NA,NA,NA,NA,0,0,FALSE,FALSE,NA,NA,NA
"976","Malacothrix","Malacothrix saxatilis var. saxatilis",NA,NA,NA,NA,NA,NA,NA,NA,0,0,FALSE,FALSE,NA,NA,NA
"977","Malacothrix","Malacothrix sonchoides",NA,NA,NA,NA,NA,NA,NA,NA,0,0,FALSE,FALSE,9.79e+11,1662,7.460000396
"978","Malosma","Malosma laurina",NA,NA,NA,NA,NA,NA,NA,NA,NA,NA,FALSE,FALSE,1.14e+11,1233.060043,4.559999466
"979","Malus","Malus fusca",NA,NA,"Tree, Shrub","Slow","No","Moderate","None",NA,1.098901099,0.071428571,TRUE,FALSE,NA,NA,NA
"980","Malva","Malva assurgentiflora",NA,NA,"Subshrub, Shrub","Rapid","No","Short","None","None",0,0,TRUE,FALSE,22366616920,1156.700043,4.559999466
"981","Malva","Malva assurgentiflora",NA,NA,"Subshrub, Shrub","Rapid","No","Short","None","None",0.317124736,0.068181818,TRUE,FALSE,22366616920,1156.700043,4.559999466
"982","Cochemiea","Cochemiea dioica",NA,NA,NA,NA,NA,NA,NA,NA,NA,NA,FALSE,FALSE,81520446442,1134.089951,4.019999504
"983","Marah","Marah fabacea",NA,NA,NA,NA,NA,NA,NA,NA,20,0.4,FALSE,FALSE,1.68e+11,2794.289948,5.719999552
"984","Marah","Marah macrocarpa",NA,NA,NA,NA,NA,NA,NA,NA,20,0.4,FALSE,FALSE,1.06e+11,1233.060043,4.559999466
"985","Matricaria","Matricaria occidentalis",NA,NA,NA,NA,NA,NA,NA,NA,0,0,TRUE,FALSE,2.36e+11,3978.389893,5.719999552
"986","Maurandella","Maurandella antirrhiniflora",NA,NA,"Vine, Forb/herb","Rapid","No","Moderate","None","None",NA,NA,FALSE,FALSE,5.16e+11,1498.85997,7.399999976
"987","Melica","Melica californica",NA,NA,"Graminoid","Moderate","No","Short","None","None",0,0,FALSE,FALSE,3.06e+11,4485.899765,5.819999933
"988","Melica","Melica imperfecta",NA,NA,"Graminoid","Moderate","No","Moderate","None","None",0,0,FALSE,FALSE,3.08e+11,2835.949951,5.719999552
"989","Melica","Melica torreyana",NA,NA,NA,NA,NA,NA,NA,NA,0,0,FALSE,FALSE,1.37e+11,3929.989891,5.719999552
"990","Mentzelia","Mentzelia laevicaulis var. laevicaulis",NA,NA,NA,NA,NA,NA,NA,NA,0.153609831,0.047619048,FALSE,FALSE,NA,NA,NA
"991","Mentzelia","Mentzelia lindleyi",NA,NA,NA,NA,NA,NA,NA,NA,0.153609831,0.047619048,FALSE,FALSE,1.01e+11,3945.389893,5.859999895
"992","Erythranthe","Erythranthe primuloides",NA,NA,"Forb/herb","Moderate","No","Short","None","None",NA,NA,TRUE,FALSE,8.85e+11,5469.160156,7.460000396
"993","Mirabilis","Mirabilis albida",NA,NA,NA,NA,NA,NA,NA,NA,0,0,TRUE,FALSE,NA,NA,NA
"994","Mirabilis","Mirabilis laevis",NA,NA,NA,NA,NA,NA,NA,NA,0,0,TRUE,FALSE,6.55e+11,1662,7.460000396
"995","Mirabilis","Mirabilis laevis var. crassifolia",NA,NA,NA,NA,NA,NA,NA,NA,0,0,TRUE,FALSE,NA,NA,NA
"996","Mirabilis","Mirabilis laevis var. villosa",NA,NA,NA,NA,NA,NA,NA,NA,0,0,TRUE,FALSE,NA,NA,NA
"997","Mirabilis","Mirabilis multiflora",NA,NA,"Forb/herb, Subshrub","Moderate","No","Moderate","None","None",0,0,TRUE,FALSE,1.01e+12,1662,7.460000396
"998","Monardella","Monardella australis",NA,NA,NA,NA,NA,NA,NA,NA,4.086021505,0.612903226,FALSE,FALSE,88214445655,1134.089951,4.559999466
"999","Monardella","Monardella linoides",NA,NA,NA,NA,NA,NA,NA,NA,4.086021505,0.612903226,FALSE,FALSE,1.98e+11,1662,5.719999552
"1000","Monardella","Monardella macrantha",NA,NA,NA,NA,NA,NA,NA,NA,4.086021505,0.612903226,FALSE,FALSE,1.1e+11,1311.560043,4.559999466
"1001","Monardella","Monardella villosa",NA,NA,NA,NA,NA,NA,NA,NA,4.086021505,0.612903226,FALSE,FALSE,1.64e+11,3883.339905,5.529999971
"1002","Monardella","Monardella odoratissima subsp. franciscana",NA,NA,NA,NA,NA,NA,NA,NA,4.086021505,0.612903226,FALSE,FALSE,NA,NA,NA
"1003","Monardella","Monardella villosa subsp. villosa",NA,NA,NA,NA,NA,NA,NA,NA,4.086021505,0.612903226,FALSE,FALSE,NA,NA,NA
"1004","Monardella","Monardella viminea",NA,NA,NA,NA,NA,NA,NA,NA,4.086021505,0.612903226,FALSE,FALSE,NA,NA,NA
"1005","Myrica","Myrica californica",NA,NA,"Tree, Shrub","Moderate","No","Long","Low","None",0,0,TRUE,FALSE,NA,NA,NA
"1006","Muhlenbergia","Muhlenbergia dumosa",NA,NA,NA,NA,NA,NA,NA,NA,0,0,TRUE,FALSE,NA,NA,NA
"1007","Muhlenbergia","Muhlenbergia dumosa",NA,NA,NA,NA,NA,NA,NA,NA,0.052882073,0.016129032,TRUE,FALSE,NA,NA,NA
"1008","Muhlenbergia","Muhlenbergia rigens",11.3165719290211,0,"Graminoid","Moderate","No","Long","None","None",0,0,TRUE,FALSE,6.27e+11,2816.839951,7.399999976
"1009","Muhlenbergia","Muhlenbergia rigens",11.3165719290211,0,"Graminoid","Moderate","No","Long","None","None",0.052882073,0.016129032,TRUE,FALSE,6.27e+11,2816.839951,7.399999976
"1010","Hemionitis","Hemionitis covillei",NA,NA,NA,NA,NA,NA,NA,NA,0,0,FALSE,FALSE,5.34e+11,2835.949951,7.460000396
"1011","Hemionitis","Hemionitis covillei",NA,NA,NA,NA,NA,NA,NA,NA,100,0.5,FALSE,FALSE,5.34e+11,2835.949951,7.460000396
"1012","Hemionitis","Hemionitis covillei",NA,NA,NA,NA,NA,NA,NA,NA,0.860215054,0.129032258,FALSE,FALSE,5.34e+11,2835.949951,7.460000396
"1013","Hemionitis","Hemionitis covillei",NA,NA,NA,NA,NA,NA,NA,NA,16.66666667,0.25,FALSE,FALSE,5.34e+11,2835.949951,7.460000396
"1014","Hemionitis","Hemionitis covillei",NA,NA,NA,NA,NA,NA,NA,NA,0,0,FALSE,FALSE,5.34e+11,2835.949951,7.460000396
"1015","Hemionitis","Hemionitis covillei",NA,NA,NA,NA,NA,NA,NA,NA,2.857142857,0.2,FALSE,FALSE,5.34e+11,2835.949951,7.460000396
"1016","Hemionitis","Hemionitis covillei",NA,NA,NA,NA,NA,NA,NA,NA,0,0,FALSE,FALSE,5.34e+11,2835.949951,7.460000396
"1017","Neltuma","Neltuma odorata",NA,NA,NA,NA,NA,NA,NA,NA,NA,NA,TRUE,TRUE,NA,NA,NA
"1018","Nemophila","Nemophila maculata",NA,NA,"Forb/herb","Rapid","No",NA,"None","None",0,0,FALSE,FALSE,NA,NA,NA
"1019","Nemophila","Nemophila menziesii",NA,NA,NA,NA,NA,NA,NA,NA,0,0,FALSE,FALSE,NA,NA,NA
"1020","Neviusia","Neviusia cliftonii",NA,NA,NA,NA,NA,NA,NA,NA,NA,NA,FALSE,FALSE,9778230074,2417.839966,2.78000021
"1021","Nicotiana","Nicotiana quadrivalvis",NA,NA,NA,NA,NA,NA,NA,NA,0.793650794,0.107142857,TRUE,FALSE,NA,NA,NA
"1022","Nolina","Nolina bigelovii",NA,NA,NA,NA,NA,NA,NA,NA,0,0,FALSE,FALSE,2.58e+11,1382.03997,7.259999633
"1023","Nolina","Nolina parryi",NA,NA,NA,NA,NA,NA,NA,NA,0,0,FALSE,FALSE,2.2e+11,1233.060043,7.259999633
"1024","Notholithocarpus","Notholithocarpus densiflorus",NA,NA,NA,NA,NA,NA,NA,NA,NA,NA,FALSE,FALSE,2.21e+11,4409.539764,5.719999552
"1025","Notholithocarpus","Notholithocarpus densiflorus",NA,NA,NA,NA,NA,NA,NA,NA,NA,NA,FALSE,FALSE,1636913845,1451.329956,2.140000343
"1026","Notholithocarpus","Notholithocarpus densiflorus var. densiflorus",NA,NA,NA,NA,NA,NA,NA,NA,NA,NA,FALSE,FALSE,NA,NA,NA
"1027","Odontostomum","Odontostomum hartwegii",NA,NA,NA,NA,NA,NA,NA,NA,NA,NA,FALSE,FALSE,54536909724,2574.399963,4.580000162
"1028","Oemleria","Oemleria cerasiformis",NA,NA,"Shrub, Tree","Rapid","No","Short","None",NA,NA,NA,FALSE,FALSE,NA,NA,NA
"1029","Oenothera","Oenothera avita",NA,NA,NA,NA,NA,NA,NA,NA,0,0,TRUE,FALSE,NA,NA,NA
"1030","Oenothera","Oenothera avita",NA,NA,NA,NA,NA,NA,NA,NA,0.102145046,0.04494382,TRUE,FALSE,NA,NA,NA
"1031","Oenothera","Oenothera cespitosa",NA,NA,NA,NA,NA,NA,NA,NA,0,0,TRUE,FALSE,NA,NA,NA
"1032","Oenothera","Oenothera cespitosa",NA,NA,NA,NA,NA,NA,NA,NA,0.102145046,0.04494382,TRUE,FALSE,NA,NA,NA
"1033","Oenothera","Oenothera deltoides",NA,NA,NA,NA,NA,NA,NA,NA,0,0,TRUE,FALSE,7.25e+11,3871.26001,5.920000315
"1034","Oenothera","Oenothera deltoides",NA,NA,NA,NA,NA,NA,NA,NA,0.102145046,0.04494382,TRUE,FALSE,7.25e+11,3871.26001,5.920000315
"1035","Oenothera","Oenothera elata",NA,NA,"Forb/herb","Moderate","No","Short","None","None",0,0,TRUE,FALSE,NA,NA,NA
"1036","Oenothera","Oenothera elata",NA,NA,"Forb/herb","Moderate","No","Short","None","None",0.102145046,0.04494382,TRUE,FALSE,NA,NA,NA
"1037","Oenothera","Oenothera elata subsp. hirsutissima",NA,NA,NA,NA,NA,NA,NA,NA,0,0,TRUE,FALSE,NA,NA,NA
"1038","Oenothera","Oenothera elata subsp. hirsutissima",NA,NA,NA,NA,NA,NA,NA,NA,0.102145046,0.04494382,TRUE,FALSE,NA,NA,NA
"1039","Oenothera","Oenothera elata subsp. hookeri",NA,NA,"Forb/herb","Rapid","No","Moderate","None","None",0,0,TRUE,FALSE,NA,NA,NA
"1040","Oenothera","Oenothera elata subsp. hookeri",NA,NA,"Forb/herb","Rapid","No","Moderate","None","None",0.102145046,0.04494382,TRUE,FALSE,NA,NA,NA
"1041","Olneya","Olneya tesota",NA,NA,"Tree, Shrub","Slow","No","Long","Low","None",NA,NA,FALSE,FALSE,2.14e+11,1138.519951,5.75999999
"1042","Opuntia","Opuntia littoralis",NA,NA,NA,NA,NA,NA,NA,NA,1.333333333,0.333333333,TRUE,FALSE,1.14e+11,1233.060043,4.559999466
"1043","Opuntia","Opuntia phaeacantha",NA,NA,NA,NA,NA,NA,NA,NA,1.333333333,0.333333333,TRUE,TRUE,30055603932,763.4000092,3.559999943
"1044","Osmorhiza","Osmorhiza berteroi",NA,NA,NA,NA,NA,NA,NA,NA,0,0,FALSE,FALSE,NA,NA,NA
"1045","Oxalis","Oxalis oregana",NA,NA,NA,NA,NA,NA,NA,NA,0,0,TRUE,FALSE,NA,NA,NA
"1046","Paeonia","Paeonia californica",NA,NA,NA,NA,NA,NA,NA,NA,0,0,FALSE,FALSE,1.23e+11,1311.560043,4.559999466
"1047","Papaver","Papaver heterophyllum",NA,NA,NA,NA,NA,NA,NA,NA,0.067340067,0.018181818,TRUE,FALSE,2.12e+11,1624.87999,5.719999552
"1048","Parkinsonia","Parkinsonia florida",NA,NA,NA,NA,NA,NA,NA,NA,0,0,TRUE,FALSE,3.04e+11,1138.519951,5.75999999
"1049","Parkinsonia","Parkinsonia microphylla",NA,NA,NA,NA,NA,NA,NA,NA,0,0,TRUE,FALSE,2.23e+11,1134.089951,5.75999999
"1050","Parnassia","Parnassia palustris",NA,NA,"Forb/herb","Moderate","No","Long","None","None",1.818181818,0.090909091,FALSE,FALSE,NA,NA,NA
"1051","Hemionitis","Hemionitis myrtillifolia",NA,NA,NA,NA,NA,NA,NA,NA,0,0,FALSE,FALSE,2.88e+11,3995.950058,5.719999552
"1052","Hemionitis","Hemionitis myrtillifolia",NA,NA,NA,NA,NA,NA,NA,NA,100,0.5,FALSE,FALSE,2.88e+11,3995.950058,5.719999552
"1053","Hemionitis","Hemionitis myrtillifolia",NA,NA,NA,NA,NA,NA,NA,NA,0.860215054,0.129032258,FALSE,FALSE,2.88e+11,3995.950058,5.719999552
"1054","Hemionitis","Hemionitis myrtillifolia",NA,NA,NA,NA,NA,NA,NA,NA,16.66666667,0.25,FALSE,FALSE,2.88e+11,3995.950058,5.719999552
"1055","Hemionitis","Hemionitis myrtillifolia",NA,NA,NA,NA,NA,NA,NA,NA,0,0,FALSE,FALSE,2.88e+11,3995.950058,5.719999552
"1056","Hemionitis","Hemionitis myrtillifolia",NA,NA,NA,NA,NA,NA,NA,NA,2.857142857,0.2,FALSE,FALSE,2.88e+11,3995.950058,5.719999552
"1057","Hemionitis","Hemionitis myrtillifolia",NA,NA,NA,NA,NA,NA,NA,NA,0,0,FALSE,FALSE,2.88e+11,3995.950058,5.719999552
"1058","Penstemon","Penstemon azureus",NA,NA,NA,NA,NA,NA,NA,NA,0.081371694,0.075268817,TRUE,FALSE,1.72e+11,4384.509766,5.529999971
"1059","Penstemon","Penstemon azureus var. angustissimus",NA,NA,NA,NA,NA,NA,NA,NA,0.081371694,0.075268817,TRUE,FALSE,NA,NA,NA
"1060","Penstemon","Penstemon centranthifolius",NA,NA,NA,NA,NA,NA,NA,NA,0.081371694,0.075268817,TRUE,FALSE,NA,NA,NA
"1061","Penstemon","Penstemon clevelandii",NA,NA,NA,NA,NA,NA,NA,NA,0.081371694,0.075268817,TRUE,FALSE,92337739375,1138.519951,4.019999504
"1062","Penstemon","Penstemon davidsonii var. davidsonii",NA,NA,NA,NA,NA,NA,NA,NA,0.081371694,0.075268817,TRUE,FALSE,NA,NA,NA
"1063","Penstemon","Penstemon eatonii",NA,NA,"Forb/herb","Rapid","No","Short","None","None",0.081371694,0.075268817,TRUE,FALSE,6.78e+11,1415.140015,7.460000396
"1064","Penstemon","Penstemon grinnellii",NA,NA,NA,NA,NA,NA,NA,NA,0.081371694,0.075268817,TRUE,FALSE,1.92e+11,1471.01001,4.559999466
"1065","Penstemon","Penstemon heterophyllus",NA,NA,NA,NA,NA,NA,NA,NA,0.081371694,0.075268817,TRUE,FALSE,2.59e+11,3959.279892,5.719999552
"1066","Penstemon","Penstemon sepalulus",NA,NA,NA,NA,NA,NA,NA,NA,0.081371694,0.075268817,TRUE,FALSE,28257270462,1302.190018,3.870000362
"1067","Penstemon","Penstemon incertus",NA,NA,NA,NA,NA,NA,NA,NA,0.081371694,0.075268817,TRUE,FALSE,1.41e+11,1396.719971,4.559999466
"1068","Penstemon","Penstemon labrosus",NA,NA,NA,NA,NA,NA,NA,NA,0.081371694,0.075268817,TRUE,FALSE,1.18e+11,1233.060043,4.559999466
"1069","Penstemon","Penstemon newberryi",NA,NA,"Forb/herb, Subshrub","Slow","No","Long","None","None",0.081371694,0.075268817,TRUE,FALSE,2.44e+11,4505.009766,5.819999933
"1070","Penstemon","Penstemon newberryi var. sonomensis",NA,NA,NA,NA,NA,NA,NA,NA,0.081371694,0.075268817,TRUE,FALSE,NA,NA,NA
"1071","Penstemon","Penstemon palmeri",NA,NA,"Subshrub, Forb/herb","Moderate","No","Moderate","None","None",0.081371694,0.075268817,TRUE,FALSE,6.66e+11,2042.909912,7.460000396
"1072","Penstemon","Penstemon palmeri var. palmeri",NA,NA,NA,NA,NA,NA,NA,NA,0.081371694,0.075268817,TRUE,FALSE,NA,NA,NA
"1073","Penstemon","Penstemon procerus",NA,NA,NA,NA,NA,NA,NA,NA,0.081371694,0.075268817,TRUE,FALSE,NA,NA,NA
"1074","Penstemon","Penstemon pseudospectabilis",NA,NA,NA,NA,NA,NA,NA,NA,0.081371694,0.075268817,TRUE,FALSE,3.86e+11,1138.519951,7.460000396
"1075","Penstemon","Penstemon rostriflorus",NA,NA,NA,NA,NA,NA,NA,NA,0.081371694,0.075268817,TRUE,FALSE,6.62e+11,1662,7.460000396
"1076","Penstemon","Penstemon rydbergii",NA,NA,"Subshrub, Forb/herb","Moderate","No","Moderate","None","Slight",0.081371694,0.075268817,TRUE,FALSE,1.18e+12,4763.339844,7.460000396
"1077","Penstemon","Penstemon speciosus",NA,NA,"Forb/herb","Moderate","No","Long","None","None",0.081371694,0.075268817,TRUE,FALSE,8.78e+11,4005.909912,5.920000315
"1078","Penstemon","Penstemon spectabilis",NA,NA,NA,NA,NA,NA,NA,NA,0.081371694,0.075268817,TRUE,FALSE,1.01e+11,1134.089951,4.559999466
"1079","Penstemon","Penstemon thurberi",NA,NA,NA,NA,NA,NA,NA,NA,0.081371694,0.075268817,TRUE,FALSE,2.72e+11,1138.519951,5.619999647
"1080","Hemionitis","Hemionitis triangularis",NA,NA,NA,NA,NA,NA,NA,NA,0,0,FALSE,FALSE,NA,NA,NA
"1081","Hemionitis","Hemionitis triangularis",NA,NA,NA,NA,NA,NA,NA,NA,100,0.5,FALSE,FALSE,NA,NA,NA
"1082","Hemionitis","Hemionitis triangularis",NA,NA,NA,NA,NA,NA,NA,NA,0.860215054,0.129032258,FALSE,FALSE,NA,NA,NA
"1083","Hemionitis","Hemionitis triangularis",NA,NA,NA,NA,NA,NA,NA,NA,16.66666667,0.25,FALSE,FALSE,NA,NA,NA
"1084","Hemionitis","Hemionitis triangularis",NA,NA,NA,NA,NA,NA,NA,NA,0,0,FALSE,FALSE,NA,NA,NA
"1085","Hemionitis","Hemionitis triangularis",NA,NA,NA,NA,NA,NA,NA,NA,2.857142857,0.2,FALSE,FALSE,NA,NA,NA
"1086","Hemionitis","Hemionitis triangularis",NA,NA,NA,NA,NA,NA,NA,NA,0,0,FALSE,FALSE,NA,NA,NA
"1087","Perideridia","Perideridia kelloggii",NA,NA,NA,NA,NA,NA,NA,NA,0,0,FALSE,FALSE,1.51e+11,3945.389893,5.410000086
"1088","Persicaria","Persicaria amphibia",34.9214751681529,55.5308890787853,"Forb/herb","Moderate","No","Moderate","None","None",1.814516129,0.28125,TRUE,TRUE,NA,NA,NA
"1089","Persicaria","Persicaria amphibia",43.0895977280953,23.3964390772807,"Forb/herb","Moderate","No","Moderate","None","None",1.814516129,0.28125,TRUE,TRUE,NA,NA,NA
"1090","Petasites","Petasites frigidus var. palmatus",NA,NA,NA,NA,NA,NA,NA,NA,1.169590643,0.105263158,TRUE,FALSE,NA,NA,NA
"1091","Phacelia","Phacelia bolanderi",NA,NA,NA,NA,NA,NA,NA,NA,0.03740835,0.030487805,TRUE,FALSE,70926757750,4284.919769,4.179999828
"1092","Phacelia","Phacelia californica",NA,NA,NA,NA,NA,NA,NA,NA,0.03740835,0.030487805,TRUE,FALSE,41119975394,3730.18988,4.269999981
"1093","Phacelia","Phacelia campanularia",NA,NA,NA,NA,NA,NA,NA,NA,0.03740835,0.030487805,TRUE,FALSE,NA,NA,NA
"1094","Phacelia","Phacelia grandiflora",NA,NA,NA,NA,NA,NA,NA,NA,0.03740835,0.030487805,TRUE,FALSE,53985462531,1228.000046,4.559999466
"1095","Phacelia","Phacelia imbricata",NA,NA,NA,NA,NA,NA,NA,NA,0.03740835,0.030487805,TRUE,FALSE,3.02e+11,3959.279892,5.719999552
"1096","Phacelia","Phacelia minor",NA,NA,NA,NA,NA,NA,NA,NA,0.03740835,0.030487805,TRUE,FALSE,NA,NA,NA
"1097","Phacelia","Phacelia ramosissima",NA,NA,NA,NA,NA,NA,NA,NA,0.03740835,0.030487805,TRUE,FALSE,NA,NA,NA
"1098","Phacelia","Phacelia sericea var. ciliosa",NA,NA,NA,NA,NA,NA,NA,NA,0.03740835,0.030487805,TRUE,FALSE,NA,NA,NA
"1099","Phacelia","Phacelia tanacetifolia",54.1719875119525,45.8280124880475,"Forb/herb","Rapid","No",NA,"None","None",0.03740835,0.030487805,TRUE,TRUE,NA,NA,NA
"1100","Phalaris","Phalaris arundinacea",35.7248493016989,28.6603911769534,"Graminoid","Rapid","No","Long","None","Slight",0,0,TRUE,TRUE,NA,NA,NA
"1101","Philadelphus","Philadelphus lewisii",NA,NA,"Shrub","Moderate","No","Moderate","None","None",0,0,FALSE,FALSE,47609342932,3651.170013,4
"1102","Philadelphus","Philadelphus microphyllus",NA,NA,"Shrub","Moderate","No","Moderate","None","None",0,0,FALSE,FALSE,9.3e+11,1662,7.460000396
"1103","Phlox","Phlox adsurgens",NA,NA,NA,NA,NA,NA,NA,NA,0.408163265,0.1,FALSE,FALSE,99054227704,4284.919769,4.179999828
"1104","Phlox","Phlox diffusa",NA,NA,"Subshrub, Forb/herb","Slow","No","Moderate","None","None",0.408163265,0.1,FALSE,FALSE,NA,NA,NA
"1105","Phlox","Phlox douglasii",NA,NA,NA,NA,NA,NA,NA,NA,0.408163265,0.1,FALSE,FALSE,NA,NA,NA
"1106","Phlox","Phlox hoodii subsp. muscoides",NA,NA,NA,NA,NA,NA,NA,NA,0.408163265,0.1,FALSE,FALSE,NA,NA,NA
"1107","Phlox","Phlox pulvinata",NA,NA,NA,NA,NA,NA,NA,NA,0.408163265,0.1,FALSE,FALSE,7.82e+11,3871.26001,7.460000396
"1108","Phlox","Phlox speciosa",9.94714748517086,5.02284845228456,NA,NA,NA,NA,NA,NA,0.408163265,0.1,FALSE,FALSE,NA,NA,NA
"1109","Phyla","Phyla nodiflora",NA,NA,"Forb/herb","Rapid","No","Moderate","None","None",NA,NA,TRUE,TRUE,NA,NA,NA
"1110","Physaria","Physaria occidentalis subsp. occidentalis",NA,NA,NA,NA,NA,NA,NA,NA,0,0,FALSE,FALSE,4.44e+11,3824.220009,5.080000401
"1111","Physaria","Physaria occidentalis subsp. occidentalis",NA,NA,NA,NA,NA,NA,NA,NA,0.378787879,0.060606061,FALSE,FALSE,4.44e+11,3824.220009,5.080000401
"1112","Physocarpus","Physocarpus capitatus",NA,NA,"Shrub","Rapid","No","Long","None","None",0,0,TRUE,FALSE,NA,NA,NA
"1113","Picea","Picea sitchensis",NA,NA,"Tree","Moderate","No","Long","None","None",0,0,TRUE,TRUE,NA,NA,NA
"1114","Pickeringia","Pickeringia montana",NA,NA,NA,NA,NA,NA,NA,NA,NA,NA,FALSE,FALSE,2.12e+11,2816.839951,4.999999523
"1115","Pinus","Pinus attenuata",NA,NA,NA,NA,NA,NA,NA,NA,0.216216216,0.08,TRUE,FALSE,2.87e+11,4485.899765,5.819999933
"1116","Pinus","Pinus contorta",NA,NA,"Tree","Rapid","No","Long","None","None",0.216216216,0.08,TRUE,TRUE,NA,NA,NA
"1117","Pinus","Pinus contorta var. contorta",NA,NA,"Tree","Rapid","No","Moderate","None","None",0.216216216,0.08,TRUE,FALSE,NA,NA,NA
"1118","Pinus","Pinus coulteri",NA,NA,"Tree","Slow","No","Moderate","None","None",0.216216216,0.08,TRUE,FALSE,1.5e+11,1822.35997,4.999999523
"1119","Pinus","Pinus edulis",NA,NA,"Tree","Slow","Yes","Long","None","None",0.216216216,0.08,TRUE,FALSE,8.46e+11,1739.950058,7.460000396
"1120","Pinus","Pinus jeffreyi",NA,NA,"Tree","Rapid","No","Long","None","None",0.216216216,0.08,TRUE,FALSE,4.07e+11,4505.009766,5.819999933
"1121","Pinus","Pinus lambertiana",NA,NA,"Tree","Rapid","No","Long","None","None",0.216216216,0.08,TRUE,FALSE,4.3e+11,4485.899765,5.819999933
"1122","Pinus","Pinus monophylla",NA,NA,"Tree","Slow","Yes","Long","None","Slight",0.216216216,0.08,TRUE,FALSE,NA,NA,NA
"1123","Pinus","Pinus muricata",NA,NA,"Tree","Rapid","No","Moderate","None","None",0.216216216,0.08,TRUE,TRUE,NA,NA,NA
"1124","Pinus","Pinus ponderosa",8.99934347272442,0,"Tree","Moderate","No","Long","None","None",0.216216216,0.08,TRUE,TRUE,NA,NA,NA
"1125","Pinus","Pinus radiata",NA,NA,"Tree","Rapid","No","Moderate","None","None",0.216216216,0.08,TRUE,TRUE,NA,NA,NA
"1126","Pinus","Pinus sabiniana",NA,NA,"Tree","Slow","No","Moderate","None","None",0.216216216,0.08,TRUE,FALSE,NA,NA,NA
"1127","Pinus","Pinus torreyana",NA,NA,NA,NA,NA,NA,NA,NA,0.216216216,0.08,TRUE,FALSE,17984626219,1097.469971,2.789999962
"1128","Plantago","Plantago elongata",NA,NA,NA,NA,NA,NA,NA,NA,0,0,TRUE,FALSE,NA,NA,NA
"1129","Plantago","Plantago elongata",NA,NA,NA,NA,NA,NA,NA,NA,0.131967086,0.074561404,TRUE,FALSE,NA,NA,NA
"1130","Plantago","Plantago erecta",NA,NA,NA,NA,NA,NA,NA,NA,0,0,TRUE,FALSE,3.7e+11,4505.009766,5.719999552
"1131","Plantago","Plantago erecta",NA,NA,NA,NA,NA,NA,NA,NA,0.131967086,0.074561404,TRUE,FALSE,3.7e+11,4505.009766,5.719999552
"1132","Plantago","Plantago subnuda",NA,NA,NA,NA,NA,NA,NA,NA,0,0,TRUE,FALSE,NA,NA,NA
"1133","Plantago","Plantago subnuda",NA,NA,NA,NA,NA,NA,NA,NA,0.131967086,0.074561404,TRUE,FALSE,NA,NA,NA
"1134","Platanthera","Platanthera dilatata var. leucostachys",NA,NA,NA,NA,NA,NA,NA,NA,0,0,FALSE,FALSE,NA,NA,NA
"1135","Platanthera","Platanthera dilatata var. leucostachys",NA,NA,NA,NA,NA,NA,NA,NA,1.333333333,0.16,FALSE,FALSE,NA,NA,NA
"1136","Platanus","Platanus racemosa",NA,NA,"Tree","Slow","No","Long","None","None",NA,NA,TRUE,FALSE,2.53e+11,2816.839951,5.719999552
"1137","Platystemon","Platystemon californicus",NA,NA,NA,NA,NA,NA,NA,NA,NA,NA,FALSE,FALSE,5.41e+11,4505.009766,7.399999976
"1138","Pluchea","Pluchea odorata",NA,NA,"Forb/herb, Subshrub","Moderate","No","Short","Low","None",2.222222222,0.1,TRUE,FALSE,NA,NA,NA
"1139","Pluchea","Pluchea sericea",NA,NA,NA,NA,NA,NA,NA,NA,2.222222222,0.1,TRUE,TRUE,NA,NA,NA
"1140","Poa","Poa secunda",NA,NA,"Graminoid","Rapid","No","Long","None","None",0,0,TRUE,FALSE,NA,NA,NA
"1141","Poa","Poa secunda",NA,NA,"Graminoid","Rapid","No","Long","None","None",0.116245278,0.107526882,TRUE,FALSE,NA,NA,NA
"1142","Pogogyne","Pogogyne douglasii",NA,NA,NA,NA,NA,NA,NA,NA,0,0,FALSE,FALSE,99124080225,2787.54995,5.719999552
"1143","Polygonum","Polygonum paronychia",NA,NA,NA,NA,NA,NA,NA,NA,0.02920774,0.024096386,TRUE,FALSE,NA,NA,NA
"1144","Polypodium","Polypodium californicum",NA,NA,NA,NA,NA,NA,NA,NA,6.666666667,0.5,FALSE,FALSE,1.62e+11,2816.839951,4.999999523
"1145","Polypodium","Polypodium plesiosorum var. plesiosorum",NA,NA,NA,NA,NA,NA,NA,NA,6.666666667,0.5,FALSE,FALSE,NA,NA,NA
"1146","Polypodium","Polypodium scouleri",NA,NA,NA,NA,NA,NA,NA,NA,6.666666667,0.5,FALSE,FALSE,NA,NA,NA
"1147","Polystichum","Polystichum munitum",NA,NA,"Forb/herb","Moderate","No","Long","None","None",4.666666667,0.56,FALSE,FALSE,NA,NA,NA
"1148","Populus","Populus fremontii",NA,NA,"Tree","Rapid","No","Moderate","None","None",2.43902439,0.5,TRUE,FALSE,1.08e+12,3978.389893,7.460000396
"1149","Populus","Populus tremuloides",25.5314278740329,17.7120203008532,"Tree","Rapid","No","Short","None","None",2.43902439,0.5,TRUE,TRUE,NA,NA,NA
"1150","Populus","Populus trichocarpa",NA,NA,NA,NA,NA,NA,NA,NA,2.43902439,0.5,TRUE,FALSE,NA,NA,NA
"1151","Potentilla","Potentilla anserina",67.5032576120808,16.26977448678,NA,NA,NA,NA,NA,NA,0.163203816,0.145251397,TRUE,FALSE,NA,NA,NA
"1152","Potentilla","Potentilla glaucophylla",NA,NA,NA,NA,NA,NA,NA,NA,0.163203816,0.145251397,TRUE,FALSE,NA,NA,NA
"1153","Potentilla","Potentilla gracilis",NA,NA,"Subshrub, Forb/herb","Moderate","No","Moderate","None","None",0.163203816,0.145251397,TRUE,FALSE,NA,NA,NA
"1154","Primula","Primula clevelandii",NA,NA,NA,NA,NA,NA,NA,NA,0,0,TRUE,FALSE,2.37e+11,2816.839951,5.719999552
"1155","Primula","Primula clevelandii",NA,NA,NA,NA,NA,NA,NA,NA,0.784313725,0.196078431,TRUE,FALSE,2.37e+11,2816.839951,5.719999552
"1156","Primula","Primula hendersonii",NA,NA,NA,NA,NA,NA,NA,NA,0,0,TRUE,FALSE,NA,NA,NA
"1157","Primula","Primula hendersonii",NA,NA,NA,NA,NA,NA,NA,NA,0.784313725,0.196078431,TRUE,FALSE,NA,NA,NA
"1158","Prosartes","Prosartes hookeri",NA,NA,NA,NA,NA,NA,NA,NA,NA,NA,FALSE,FALSE,NA,NA,NA
"1159","Prosartes","Prosartes smithii",NA,NA,NA,NA,NA,NA,NA,NA,NA,NA,FALSE,FALSE,NA,NA,NA
"1160","Prunella","Prunella vulgaris",12.5451597626635,33.4691199845385,"Forb/herb","Rapid","No","Moderate","None","None",2.222222222,0.1,TRUE,TRUE,NA,NA,NA
"1161","Prunella","Prunella vulgaris subsp. lanceolata",NA,NA,NA,NA,NA,NA,NA,NA,2.222222222,0.1,TRUE,FALSE,NA,NA,NA
"1162","Prunus","Prunus andersonii",NA,NA,NA,NA,NA,NA,NA,NA,0.240891298,0.097560976,TRUE,FALSE,2.77e+11,2835.949951,5.080000401
"1163","Prunus","Prunus fasciculata",NA,NA,"Shrub","Slow","No","Moderate","None","Slight",0.240891298,0.097560976,TRUE,FALSE,4.43e+11,1396.719971,7.460000396
"1164","Prunus","Prunus ilicifolia",NA,NA,NA,NA,NA,NA,NA,NA,0.240891298,0.097560976,TRUE,FALSE,1.59e+11,1424.10997,4.559999466
"1165","Prunus","Prunus ilicifolia var. occidentalis",NA,NA,"Tree, Shrub","Rapid","No","Moderate","None","None",0.240891298,0.097560976,TRUE,FALSE,NA,NA,NA
"1166","Prunus","Prunus virginiana",NA,NA,"Tree, Shrub","Rapid","Yes","Short","None","Severe",0.240891298,0.097560976,TRUE,FALSE,NA,NA,NA
"1167","Prunus","Prunus virginiana var. demissa",NA,NA,"Tree, Shrub","Rapid","No","Short","None","Severe",0.240891298,0.097560976,TRUE,FALSE,NA,NA,NA
"1168","Pseudognaphalium","Pseudognaphalium beneolens",NA,NA,NA,NA,NA,NA,NA,NA,NA,NA,TRUE,FALSE,NA,NA,NA
"1169","Pseudognaphalium","Pseudognaphalium californicum",NA,NA,NA,NA,NA,NA,NA,NA,NA,NA,TRUE,FALSE,3.06e+11,4606.559921,5.719999552
"1170","Pseudognaphalium","Pseudognaphalium canescens",NA,NA,NA,NA,NA,NA,NA,NA,NA,NA,TRUE,FALSE,NA,NA,NA
"1171","Pseudognaphalium","Pseudognaphalium microcephalum",NA,NA,NA,NA,NA,NA,NA,NA,NA,NA,TRUE,FALSE,NA,NA,NA
"1172","Pseudotsuga","Pseudotsuga macrocarpa",NA,NA,"Tree","Moderate","No","Long","None","None",0,0,TRUE,FALSE,1.27e+11,1233.060043,4.559999466
"1173","Pseudotsuga","Pseudotsuga menziesii",NA,NA,"Tree","Moderate","No","Long","None","None",0,0,TRUE,TRUE,NA,NA,NA
"1174","Ptelea","Ptelea crenulata",NA,NA,NA,NA,NA,NA,NA,NA,NA,NA,FALSE,FALSE,1.44e+11,3775.790009,5.719999552
"1175","Pteridium","Pteridium aquilinum",80.8856881736798,5.75484278549672,"Forb/herb","Moderate","No","Moderate","None","Slight",NA,NA,TRUE,TRUE,NA,NA,NA
"1176","Purshia","Purshia tridentata",NA,NA,"Shrub","Rapid","No","Long","Low","None",33.33333333,0.5,FALSE,FALSE,NA,NA,NA
"1177","Pycnanthemum","Pycnanthemum californicum",NA,NA,NA,NA,NA,NA,NA,NA,0,0,FALSE,FALSE,1.81e+11,3959.279892,5.719999552
"1178","Quercus","Quercus agrifolia",NA,NA,"Tree, Shrub","Slow","No","Long","None","None",1.865203762,0.811363636,TRUE,FALSE,2.03e+11,2283.589951,5.719999552
"1179","Quercus","Quercus berberidifolia",NA,NA,NA,NA,NA,NA,NA,NA,1.865203762,0.811363636,TRUE,FALSE,2.5e+11,3959.279892,5.719999552
"1180","Quercus","Quercus chrysolepis",NA,NA,"Shrub, Tree","Slow","No","Long","None","None",1.865203762,0.811363636,TRUE,FALSE,6.08e+11,4505.009766,7.360000014
"1181","Quercus","Quercus douglasii",NA,NA,"Tree","Slow","No","Long","None","None",1.865203762,0.811363636,TRUE,FALSE,2.19e+11,2787.54995,5.719999552
"1182","Quercus","Quercus dumosa",NA,NA,"Tree, Shrub","Slow","No","Long","None","None",1.865203762,0.811363636,TRUE,FALSE,1.87e+11,2816.839951,4.559999466
"1183","Quercus","Quercus durata",NA,NA,NA,NA,NA,NA,NA,NA,1.865203762,0.811363636,TRUE,FALSE,2.06e+11,2816.839951,5.719999552
"1184","Quercus","Quercus engelmannii",NA,NA,NA,NA,NA,NA,NA,NA,1.865203762,0.811363636,TRUE,FALSE,42129517387,1109.970016,4.559999466
"1185","Quercus","Quercus garryana",NA,NA,"Tree, Shrub","Slow","No","Long","None","Slight",1.865203762,0.811363636,TRUE,FALSE,NA,NA,NA
"1186","Quercus","Quercus garryana var. fruticosa",NA,NA,NA,NA,NA,NA,NA,NA,1.865203762,0.811363636,TRUE,FALSE,NA,NA,NA
"1187","Quercus","Quercus kelloggii",NA,NA,"Tree, Shrub","Slow","No","Long","None","None",1.865203762,0.811363636,TRUE,FALSE,4.21e+11,4505.009766,5.819999933
"1188","Quercus","Quercus lobata",NA,NA,"Tree","Rapid","No","Moderate","None","None",1.865203762,0.811363636,TRUE,FALSE,2.31e+11,2802.949951,5.719999552
"1189","Quercus","Quercus tomentella",NA,NA,NA,NA,NA,NA,NA,NA,1.865203762,0.811363636,TRUE,FALSE,22366616920,1156.700043,4.559999466
"1190","Quercus","Quercus wislizeni",NA,NA,NA,NA,NA,NA,NA,NA,1.865203762,0.811363636,TRUE,FALSE,3.4e+11,3978.389893,5.719999552
"1191","Ranunculus","Ranunculus californicus",NA,NA,NA,NA,NA,NA,NA,NA,2.222222222,0.1,TRUE,FALSE,NA,NA,NA
"1192","Ranunculus","Ranunculus californicus",NA,NA,NA,NA,NA,NA,NA,NA,0.044003432,0.066225166,TRUE,FALSE,NA,NA,NA
"1193","Halerpestes","Halerpestes cymbalaria",NA,NA,"Forb/herb","Moderate","No","Moderate","None","None",NA,NA,FALSE,FALSE,NA,NA,NA
"1194","Rhamnus","Rhamnus crocea",NA,NA,"Shrub, Tree","Slow","No","Moderate","None","None",0.189393939,0.03030303,TRUE,FALSE,3.44e+11,2278.529953,7.399999976
"1195","Rhamnus","Rhamnus crocea subsp. ilicifolia",NA,NA,NA,NA,NA,NA,NA,NA,0.189393939,0.03030303,TRUE,FALSE,5.56e+11,3986.799911,7.399999976
"1196","Rhododendron","Rhododendron macrophyllum",NA,NA,"Shrub, Tree","Moderate","No","Moderate","None","Moderate",0,0,TRUE,FALSE,NA,NA,NA
"1197","Rhododendron","Rhododendron occidentale",NA,NA,"Shrub","Moderate","No","Moderate","None","Moderate",0,0,TRUE,FALSE,2.6e+11,4480.839767,5.719999552
"1198","Rhus","Rhus aromatica",NA,NA,NA,NA,NA,NA,NA,NA,1.470588235,0.117647059,TRUE,FALSE,NA,NA,NA
"1199","Rhus","Rhus trilobata",NA,NA,"Shrub","Moderate","No","Moderate","None","Slight",1.470588235,0.117647059,TRUE,FALSE,NA,NA,NA
"1200","Rhus","Rhus integrifolia",NA,NA,NA,NA,NA,NA,NA,NA,1.470588235,0.117647059,TRUE,FALSE,1.22e+11,1822.35997,4.559999466
"1201","Rhus","Rhus ovata",NA,NA,"Tree, Shrub","Moderate","No","Long","None","None",1.470588235,0.117647059,TRUE,FALSE,2.82e+11,1233.060043,7.399999976
"1202","Ribes","Ribes amarum",NA,NA,NA,NA,NA,NA,NA,NA,0.088157508,0.036144578,TRUE,FALSE,1.55e+11,2816.839951,5.719999552
"1203","Ribes","Ribes aureum",NA,NA,"Shrub","Moderate","No","Long","None","None",0.088157508,0.036144578,TRUE,FALSE,NA,NA,NA
"1204","Ribes","Ribes aureum var. gracillimum",NA,NA,NA,NA,NA,NA,NA,NA,0.088157508,0.036144578,TRUE,FALSE,NA,NA,NA
"1205","Ribes","Ribes californicum",NA,NA,NA,NA,NA,NA,NA,NA,0.088157508,0.036144578,TRUE,FALSE,1.33e+11,3954.219894,4.999999523
"1206","Ribes","Ribes cereum",NA,NA,"Shrub","Rapid","No","Moderate","None","None",0.088157508,0.036144578,TRUE,FALSE,NA,NA,NA
"1207","Ribes","Ribes divaricatum",NA,NA,NA,NA,NA,NA,NA,NA,0.088157508,0.036144578,TRUE,FALSE,NA,NA,NA
"1208","Ribes","Ribes indecorum",NA,NA,NA,NA,NA,NA,NA,NA,0.088157508,0.036144578,TRUE,FALSE,1.06e+11,1233.060043,4.559999466
"1209","Ribes","Ribes malvaceum",NA,NA,NA,NA,NA,NA,NA,NA,0.088157508,0.036144578,TRUE,FALSE,2.23e+11,2816.839951,5.719999552
"1210","Ribes","Ribes menziesii",NA,NA,NA,NA,NA,NA,NA,NA,0.088157508,0.036144578,TRUE,FALSE,1.57e+11,4456.609764,4.999999523
"1211","Ribes","Ribes nevadense",NA,NA,"Shrub","Moderate","No","Long","None","None",0.088157508,0.036144578,TRUE,FALSE,3.28e+11,4005.909912,5.819999933
"1212","Ribes","Ribes quercetorum",NA,NA,NA,NA,NA,NA,NA,NA,0.088157508,0.036144578,TRUE,FALSE,2.05e+11,1637.830002,5.859999895
"1213","Ribes","Ribes roezlii",NA,NA,"Shrub","Moderate","No","Long","None","None",0.088157508,0.036144578,TRUE,FALSE,3.5e+11,4485.899765,5.819999933
"1214","Ribes","Ribes roezlii var. cruentum",NA,NA,NA,NA,NA,NA,NA,NA,0.088157508,0.036144578,TRUE,FALSE,1.39e+11,4340.929764,4.679999828
"1215","Ribes","Ribes sanguineum",NA,NA,"Shrub","Moderate","No","Long","None","None",0.088157508,0.036144578,TRUE,FALSE,NA,NA,NA
"1216","Ribes","Ribes sanguineum var. glutinosum",NA,NA,NA,NA,NA,NA,NA,NA,0.088157508,0.036144578,TRUE,FALSE,NA,NA,NA
"1217","Ribes","Ribes sanguineum var. sanguineum",NA,NA,NA,NA,NA,NA,NA,NA,0.088157508,0.036144578,TRUE,FALSE,NA,NA,NA
"1218","Ribes","Ribes speciosum",NA,NA,NA,NA,NA,NA,NA,NA,0.088157508,0.036144578,TRUE,FALSE,76287185908,1306.500046,4.559999466
"1219","Ribes","Ribes thacherianum",NA,NA,NA,NA,NA,NA,NA,NA,0.088157508,0.036144578,TRUE,FALSE,7083976828,987.9699707,2.550000191
"1220","Ribes","Ribes viburnifolium",NA,NA,"Shrub","Rapid","No","Short","None","None",0.088157508,0.036144578,TRUE,FALSE,21411321167,1101.140015,4.559999466
"1221","Romanzoffia","Romanzoffia californica",NA,NA,NA,NA,NA,NA,NA,NA,0,0,FALSE,FALSE,1.18e+11,4405.579926,4.630000114
"1222","Romneya","Romneya coulteri",NA,NA,NA,NA,NA,NA,NA,NA,0,0,FALSE,FALSE,NA,NA,NA
"1223","Romneya","Romneya trichocalyx",NA,NA,NA,NA,NA,NA,NA,NA,0,0,FALSE,FALSE,NA,NA,NA
"1224","Rosa","Rosa californica",NA,NA,"Subshrub","Rapid","No","Short","None","None",1.171624714,0.667826087,TRUE,FALSE,3.34e+11,3992.190048,5.819999933
"1225","Rosa","Rosa gymnocarpa",NA,NA,"Subshrub","Moderate","No","Long","None","None",1.171624714,0.667826087,TRUE,FALSE,NA,NA,NA
"1226","Rosa","Rosa minutifolia",NA,NA,NA,NA,NA,NA,NA,NA,1.171624714,0.667826087,TRUE,FALSE,10900649391,723.7700195,2.480000019
"1227","Rosa","Rosa nutkana",NA,NA,"Subshrub","Rapid","No","Moderate","None","None",1.171624714,0.667826087,TRUE,FALSE,NA,NA,NA
"1228","Rosa","Rosa nutkana subsp. nutkana",NA,NA,NA,NA,NA,NA,NA,NA,1.171624714,0.667826087,TRUE,FALSE,NA,NA,NA
"1229","Rosa","Rosa woodsii",18.419309001174,18.1387269144157,"Subshrub","Rapid","No","Long","None","None",1.171624714,0.667826087,TRUE,FALSE,NA,NA,NA
"1230","Rosa","Rosa woodsii subsp. ultramontana",NA,NA,NA,NA,NA,NA,NA,NA,1.171624714,0.667826087,TRUE,FALSE,NA,NA,NA
"1231","Rubus","Rubus glaucifolius",NA,NA,NA,NA,NA,NA,NA,NA,0.06483085,0.181850534,TRUE,FALSE,1.29e+11,3838.26001,5.719999552
"1232","Rubus","Rubus leucodermis",NA,NA,"Subshrub, Vine","Rapid","No","Short","None","None",0.06483085,0.181850534,TRUE,FALSE,NA,NA,NA
"1233","Rubus","Rubus parviflorus",NA,NA,"Subshrub","Rapid","No","Moderate","None","None",0.06483085,0.181850534,TRUE,TRUE,NA,NA,NA
"1234","Rubus","Rubus spectabilis",NA,NA,"Vine, Subshrub","Moderate","No","Moderate","None","None",0.06483085,0.181850534,TRUE,TRUE,NA,NA,NA
"1235","Rubus","Rubus ursinus",NA,NA,"Subshrub","Rapid","No","Short","None","None",0.06483085,0.181850534,TRUE,FALSE,NA,NA,NA
"1236","Rudbeckia","Rudbeckia californica",NA,NA,NA,NA,NA,NA,NA,NA,0,0,TRUE,FALSE,76552002535,2787.54995,5.719999552
"1237","Rudbeckia","Rudbeckia occidentalis",NA,NA,NA,NA,NA,NA,NA,NA,0,0,TRUE,FALSE,6.74e+11,4570.639923,7.460000396
"1238","Rumex","Rumex occidentalis",NA,NA,NA,NA,NA,NA,NA,NA,0.593395253,0.450980392,TRUE,FALSE,NA,NA,NA
"1239","Rumex","Rumex salicifolius",NA,NA,NA,NA,NA,NA,NA,NA,0.593395253,0.450980392,TRUE,FALSE,NA,NA,NA
"1240","Salicornia","Salicornia pacifica",NA,NA,NA,NA,NA,NA,NA,NA,0.790513834,0.086956522,FALSE,FALSE,16812948556,4837.559967,2.820000172
"1241","Salicornia","Salicornia pacifica",NA,NA,NA,NA,NA,NA,NA,NA,0,0,FALSE,FALSE,16812948556,4837.559967,2.820000172
"1242","Salix","Salix bebbiana",NA,NA,"Tree, Shrub","Moderate","No","Moderate","None","None",0.594652598,0.627358491,TRUE,FALSE,NA,NA,NA
"1243","Salix","Salix boothii",NA,NA,"Shrub","Rapid","No","Moderate","None","None",0.594652598,0.627358491,TRUE,FALSE,NA,NA,NA
"1244","Salix","Salix breweri",NA,NA,NA,NA,NA,NA,NA,NA,0.594652598,0.627358491,TRUE,FALSE,44053656679,2134.409958,5.24000001
"1245","Salix","Salix delnortensis",NA,NA,NA,NA,NA,NA,NA,NA,0.594652598,0.627358491,TRUE,FALSE,27329622936,4284.919769,4.179999828
"1246","Salix","Salix drummondiana",NA,NA,"Shrub","Rapid","No","Long","None","None",0.594652598,0.627358491,TRUE,FALSE,NA,NA,NA
"1247","Salix","Salix eastwoodiae",NA,NA,NA,NA,NA,NA,NA,NA,0.594652598,0.627358491,TRUE,FALSE,4.28e+11,3978.389893,5.920000315
"1248","Salix","Salix exigua",NA,NA,"Tree, Shrub","Rapid","No","Moderate","None","None",0.594652598,0.627358491,TRUE,FALSE,NA,NA,NA
"1249","Salix","Salix exigua var. exigua",NA,NA,NA,NA,NA,NA,NA,NA,0.594652598,0.627358491,TRUE,FALSE,NA,NA,NA
"1250","Salix","Salix exigua var. hindsiana",NA,NA,NA,NA,NA,NA,NA,NA,0.594652598,0.627358491,TRUE,FALSE,NA,NA,NA
"1251","Salix","Salix geyeriana",NA,NA,"Tree, Shrub","Rapid","No","Moderate","None","None",0.594652598,0.627358491,TRUE,FALSE,NA,NA,NA
"1252","Salix","Salix gooddingii",NA,NA,"Tree","Rapid","No","Moderate","None","None",0.594652598,0.627358491,TRUE,FALSE,1.02e+12,2835.949951,7.460000396
"1253","Salix","Salix hookeriana",NA,NA,"Tree, Shrub","Moderate","No","Moderate","None","None",0.594652598,0.627358491,TRUE,FALSE,NA,NA,NA
"1254","Salix","Salix laevigata",NA,NA,NA,NA,NA,NA,NA,NA,0.594652598,0.627358491,TRUE,FALSE,7e+11,3978.389893,7.460000396
"1255","Salix","Salix lasiandra",NA,NA,"Tree, Shrub","Moderate","No","Moderate","None","None",0.594652598,0.627358491,TRUE,FALSE,NA,NA,NA
"1256","Salix","Salix lasiandra var. lasiandra",NA,NA,NA,NA,NA,NA,NA,NA,0.594652598,0.627358491,TRUE,FALSE,NA,NA,NA
"1257","Salix","Salix lasiolepis",NA,NA,"Tree, Shrub","Moderate","No","Moderate","None","None",0.594652598,0.627358491,TRUE,FALSE,1.37e+12,4505.009766,7.460000396
"1258","Salix","Salix lemmonii",NA,NA,"Shrub","Rapid","No","Long","None","None",0.594652598,0.627358491,TRUE,FALSE,NA,NA,NA
"1259","Salix","Salix ligulifolia",NA,NA,"Shrub, Tree","Moderate","No","Moderate","None","None",0.594652598,0.627358491,TRUE,FALSE,5.67e+11,2759.65995,7.360000014
"1260","Salix","Salix lutea",NA,NA,"Tree, Shrub","Rapid","No","Moderate","None","None",0.594652598,0.627358491,TRUE,FALSE,NA,NA,NA
"1261","Salix","Salix melanopsis",NA,NA,NA,NA,NA,NA,NA,NA,0.594652598,0.627358491,TRUE,FALSE,NA,NA,NA
"1262","Salix","Salix orestera",NA,NA,"Shrub","Rapid","No","Moderate","None","None",0.594652598,0.627358491,TRUE,FALSE,3.55e+11,3871.26001,5.920000315
"1263","Salix","Salix petrophila",NA,NA,NA,NA,NA,NA,NA,NA,0.594652598,0.627358491,TRUE,FALSE,NA,NA,NA
"1264","Salix","Salix planifolia",NA,NA,"Tree, Subshrub, Shrub","Rapid","No","Moderate","None","None",0.594652598,0.627358491,TRUE,FALSE,NA,NA,NA
"1265","Salix","Salix prolixa",NA,NA,"Tree, Shrub","Moderate","No","Short","None","None",0.594652598,0.627358491,TRUE,FALSE,NA,NA,NA
"1266","Salix","Salix scouleriana",NA,NA,"Tree, Shrub","Rapid","No","Moderate","None","None",0.594652598,0.627358491,TRUE,FALSE,NA,NA,NA
"1267","Salix","Salix sitchensis",NA,NA,"Tree, Shrub","Rapid","No","Moderate","None","None",0.594652598,0.627358491,TRUE,FALSE,NA,NA,NA
"1268","Salix","Salix tracyi",NA,NA,NA,NA,NA,NA,NA,NA,0.594652598,0.627358491,TRUE,FALSE,4244083284,3315.369934,1.230000019
"1269","Salvia","Salvia apiana",NA,NA,NA,NA,NA,NA,NA,NA,0.101577118,0.043678161,TRUE,FALSE,NA,NA,NA
"1270","Salvia","Salvia brandegeei",NA,NA,NA,NA,NA,NA,NA,NA,0.101577118,0.043678161,TRUE,FALSE,7083976828,987.9699707,2.550000191
"1271","Salvia","Salvia carduacea",NA,NA,NA,NA,NA,NA,NA,NA,0.101577118,0.043678161,TRUE,FALSE,1.99e+11,1489.249985,5.719999552
"1272","Salvia","Salvia cedrosensis",NA,NA,NA,NA,NA,NA,NA,NA,0.101577118,0.043678161,TRUE,FALSE,NA,NA,NA
"1273","Salvia","Salvia clevelandii",NA,NA,NA,NA,NA,NA,NA,NA,0.101577118,0.043678161,TRUE,FALSE,40076222618,1109.970016,4.559999466
"1274","Salvia","Salvia columbariae",NA,NA,NA,NA,NA,NA,NA,NA,0.101577118,0.043678161,TRUE,FALSE,6.11e+11,2835.949951,7.460000396
"1275","Salvia","Salvia dorrii",NA,NA,"Subshrub, Shrub","Moderate","No","Short","None","None",0.101577118,0.043678161,TRUE,FALSE,9.1e+11,3871.26001,7.460000396
"1276","Salvia","Salvia leucophylla",NA,NA,NA,NA,NA,NA,NA,NA,0.101577118,0.043678161,TRUE,FALSE,1.59e+11,1451.900009,4.559999466
"1277","Salvia","Salvia mellifera",NA,NA,NA,NA,NA,NA,NA,NA,0.101577118,0.043678161,TRUE,FALSE,1.79e+11,1451.900009,5.719999552
"1278","Salvia","Salvia mohavensis",NA,NA,NA,NA,NA,NA,NA,NA,0.101577118,0.043678161,TRUE,FALSE,2.22e+11,1134.089951,5.82000041
"1279","Salvia","Salvia munzii",NA,NA,NA,NA,NA,NA,NA,NA,0.101577118,0.043678161,TRUE,FALSE,10900649391,723.7700195,2.480000019
"1280","Salvia","Salvia pachyphylla",NA,NA,NA,NA,NA,NA,NA,NA,0.101577118,0.043678161,TRUE,FALSE,2.36e+11,1396.719971,7.259999633
"1281","Salvia","Salvia sonomensis",NA,NA,NA,NA,NA,NA,NA,NA,0.101577118,0.043678161,TRUE,FALSE,1.11e+11,3838.26001,5.319999933
"1282","Salvia","Salvia spathacea",NA,NA,NA,NA,NA,NA,NA,NA,0.101577118,0.043678161,TRUE,FALSE,65461520702,1410.219971,4.999999523
"1283","Sambucus","Sambucus mexicana",NA,NA,NA,NA,NA,NA,NA,NA,0,0,TRUE,FALSE,NA,NA,NA
"1284","Sambucus","Sambucus nigra",62.9273933024481,20.1065989886707,NA,NA,NA,NA,NA,NA,0,0,TRUE,TRUE,NA,NA,NA
"1285","Sambucus","Sambucus racemosa",70.6313047816068,18.7802391985963,"Shrub, Tree","Moderate","No","Moderate","None","None",0,0,TRUE,TRUE,NA,NA,NA
"1286","Sambucus","Sambucus racemosa var. melanocarpa",NA,NA,NA,NA,NA,NA,NA,NA,0,0,TRUE,FALSE,NA,NA,NA
"1287","Schoenoplectus","Schoenoplectus acutus",NA,NA,NA,NA,NA,NA,NA,NA,3.03030303,0.166666667,TRUE,FALSE,NA,NA,NA
"1288","Schoenoplectus","Schoenoplectus americanus",NA,NA,NA,NA,NA,NA,NA,NA,3.03030303,0.166666667,TRUE,FALSE,NA,NA,NA
"1289","Schoenoplectus","Schoenoplectus californicus",NA,NA,"Graminoid","Moderate","No","Long","None","None",3.03030303,0.166666667,TRUE,FALSE,NA,NA,NA
"1290","Scirpus","Scirpus microcarpus",52.8360082061515,7.3171197161693,"Graminoid","Rapid","No","Long","None","None",0.158702169,0.08411215,FALSE,FALSE,NA,NA,NA
"1291","Scrophularia","Scrophularia atrata",NA,NA,NA,NA,NA,NA,NA,NA,0,0,FALSE,FALSE,15632588753,1007.899963,2.899999619
"1292","Scrophularia","Scrophularia californica",NA,NA,NA,NA,NA,NA,NA,NA,0,0,FALSE,FALSE,3.49e+11,3978.389893,5.819999933
"1293","Sedum","Sedum pentandrum",NA,NA,NA,NA,NA,NA,NA,NA,0,0,TRUE,FALSE,32419998428,1482.909988,5.299999475
"1294","Sedum","Sedum pentandrum",NA,NA,NA,NA,NA,NA,NA,NA,0,0,TRUE,FALSE,32419998428,1482.909988,5.299999475
"1295","Sedum","Sedum pentandrum",NA,NA,NA,NA,NA,NA,NA,NA,0,0,TRUE,FALSE,32419998428,1482.909988,5.299999475
"1296","Sedum","Sedum divergens",NA,NA,NA,NA,NA,NA,NA,NA,0,0,TRUE,FALSE,NA,NA,NA
"1297","Sedum","Sedum divergens",NA,NA,NA,NA,NA,NA,NA,NA,0,0,TRUE,FALSE,NA,NA,NA
"1298","Sedum","Sedum divergens",NA,NA,NA,NA,NA,NA,NA,NA,0,0,TRUE,FALSE,NA,NA,NA
"1299","Sedum","Sedum oreganum",NA,NA,NA,NA,NA,NA,NA,NA,0,0,TRUE,FALSE,NA,NA,NA
"1300","Sedum","Sedum oreganum",NA,NA,NA,NA,NA,NA,NA,NA,0,0,TRUE,FALSE,NA,NA,NA
"1301","Sedum","Sedum oreganum",NA,NA,NA,NA,NA,NA,NA,NA,0,0,TRUE,FALSE,NA,NA,NA
"1302","Sedum","Sedum spathulifolium",NA,NA,NA,NA,NA,NA,NA,NA,0,0,TRUE,FALSE,NA,NA,NA
"1303","Sedum","Sedum spathulifolium",NA,NA,NA,NA,NA,NA,NA,NA,0,0,TRUE,FALSE,NA,NA,NA
"1304","Sedum","Sedum spathulifolium",NA,NA,NA,NA,NA,NA,NA,NA,0,0,TRUE,FALSE,NA,NA,NA
"1305","Sedum","Sedum spathulifolium var. spathulifolium",NA,NA,NA,NA,NA,NA,NA,NA,0,0,TRUE,FALSE,NA,NA,NA
"1306","Sedum","Sedum spathulifolium var. spathulifolium",NA,NA,NA,NA,NA,NA,NA,NA,0,0,TRUE,FALSE,NA,NA,NA
"1307","Sedum","Sedum spathulifolium var. spathulifolium",NA,NA,NA,NA,NA,NA,NA,NA,0,0,TRUE,FALSE,NA,NA,NA
"1308","Senecio","Senecio flaccidus",NA,NA,NA,NA,NA,NA,NA,NA,0.087336245,0.1,TRUE,FALSE,1.39e+12,2835.949951,7.460000396
"1309","Senegalia","Senegalia greggii",NA,NA,NA,NA,NA,NA,NA,NA,NA,NA,TRUE,FALSE,6.79e+11,3963.709892,7.460000396
"1310","Senna","Senna armata",NA,NA,NA,NA,NA,NA,NA,NA,0,0,TRUE,FALSE,1.95e+11,1282.420044,5.619999647
"1311","Sequoia","Sequoia sempervirens",NA,NA,"Tree","Rapid","No","Long","None","None",NA,NA,FALSE,FALSE,NA,NA,NA
"1312","Sequoiadendron","Sequoiadendron giganteum",NA,NA,"Tree","Slow","No","Long","None","None",NA,NA,FALSE,FALSE,NA,NA,NA
"1313","Shepherdia","Shepherdia argentea",NA,NA,"Tree, Shrub","Rapid","No","Moderate","Medium","None",0,0,FALSE,FALSE,NA,NA,NA
"1314","Sidalcea","Sidalcea calycosa",NA,NA,NA,NA,NA,NA,NA,NA,0,0,FALSE,FALSE,81757002851,2695.029953,5.529999971
"1315","Sidalcea","Sidalcea calycosa subsp. rhizomata",NA,NA,NA,NA,NA,NA,NA,NA,0,0,FALSE,FALSE,NA,NA,NA
"1316","Sidalcea","Sidalcea hickmanii",NA,NA,NA,NA,NA,NA,NA,NA,0,0,FALSE,FALSE,84616644031,1822.35997,4.489999771
"1317","Sidalcea","Sidalcea hickmanii subsp. anomala",NA,NA,NA,NA,NA,NA,NA,NA,0,0,FALSE,FALSE,NA,NA,NA
"1318","Sidalcea","Sidalcea malviflora",NA,NA,NA,NA,NA,NA,NA,NA,0,0,FALSE,FALSE,NA,NA,NA
"1319","Sidalcea","Sidalcea sparsifolia",NA,NA,NA,NA,NA,NA,NA,NA,0,0,FALSE,FALSE,1.33e+11,1233.060043,4.559999466
"1320","Silene","Silene laciniata",NA,NA,NA,NA,NA,NA,NA,NA,0.007905138,0.010869565,TRUE,FALSE,5.13e+11,1233.060043,7.399999976
"1321","Silene","Silene laciniata subsp. californica",NA,NA,NA,NA,NA,NA,NA,NA,0.007905138,0.010869565,TRUE,FALSE,2.28e+11,4456.609764,5.719999552
"1322","Simmondsia","Simmondsia chinensis",NA,NA,"Shrub","Moderate","No","Long","None","None",NA,NA,FALSE,FALSE,2.64e+11,1400.460014,5.159999847
"1323","Sisyrinchium","Sisyrinchium bellum",NA,NA,NA,NA,NA,NA,NA,NA,0,0,TRUE,FALSE,4.42e+11,4625.669922,5.819999933
"1324","Sisyrinchium","Sisyrinchium californicum",NA,NA,NA,NA,NA,NA,NA,NA,0,0,TRUE,FALSE,NA,NA,NA
"1325","Solanum","Solanum hindsianum",NA,NA,NA,NA,NA,NA,NA,NA,0,0,TRUE,FALSE,23794796847,738.9799805,4.169999599
"1326","Solanum","Solanum hindsianum",NA,NA,NA,NA,NA,NA,NA,NA,0.055096419,0.033057851,TRUE,FALSE,23794796847,738.9799805,4.169999599
"1327","Solanum","Solanum umbelliferum",NA,NA,NA,NA,NA,NA,NA,NA,0,0,TRUE,FALSE,2.61e+11,3852.150009,5.719999552
"1328","Solanum","Solanum umbelliferum",NA,NA,NA,NA,NA,NA,NA,NA,0.055096419,0.033057851,TRUE,FALSE,2.61e+11,3852.150009,5.719999552
"1329","Solanum","Solanum umbelliferum var. incanum",NA,NA,NA,NA,NA,NA,NA,NA,0,0,TRUE,FALSE,NA,NA,NA
"1330","Solanum","Solanum umbelliferum var. incanum",NA,NA,NA,NA,NA,NA,NA,NA,0.055096419,0.033057851,TRUE,FALSE,NA,NA,NA
"1331","Solanum","Solanum umbelliferum var. xanti",NA,NA,NA,NA,NA,NA,NA,NA,0,0,TRUE,FALSE,5.05e+11,3978.389893,7.399999976
"1332","Solanum","Solanum umbelliferum var. xanti",NA,NA,NA,NA,NA,NA,NA,NA,0.055096419,0.033057851,TRUE,FALSE,5.05e+11,3978.389893,7.399999976
"1333","Solidago","Solidago lepida",NA,NA,NA,NA,NA,NA,NA,NA,0.124223602,0.042857143,TRUE,FALSE,NA,NA,NA
"1334","Solidago","Solidago velutina",16.5611762848246,12.4287664991507,NA,NA,NA,NA,NA,NA,0.124223602,0.042857143,TRUE,FALSE,1.28e+12,3871.26001,7.460000396
"1335","Solidago","Solidago velutina subsp. californica",NA,NA,NA,NA,NA,NA,NA,NA,0.124223602,0.042857143,TRUE,FALSE,4.11e+11,4505.009766,5.819999933
"1336","Sphaeralcea","Sphaeralcea ambigua",NA,NA,"Subshrub, Forb/herb","Rapid","No","Short","None","None",0.333333333,0.04,FALSE,FALSE,6.52e+11,1662,7.460000396
"1337","Sphaeralcea","Sphaeralcea angustifolia",NA,NA,NA,NA,NA,NA,NA,NA,0.333333333,0.04,FALSE,FALSE,NA,NA,NA
"1338","Sphaeralcea","Sphaeralcea fulva",NA,NA,NA,NA,NA,NA,NA,NA,0.333333333,0.04,FALSE,FALSE,NA,NA,NA
"1339","Sphaeralcea","Sphaeralcea grossulariifolia",NA,NA,"Subshrub, Forb/herb","Moderate","No","Moderate","None","None",0.333333333,0.04,FALSE,FALSE,9.31e+11,3382.909973,7.460000396
"1340","Sphaeralcea","Sphaeralcea munroana",NA,NA,"Subshrub, Forb/herb","Moderate","No","Moderate","None","None",0.333333333,0.04,FALSE,FALSE,NA,NA,NA
"1341","Spiraea","Spiraea douglasii",NA,NA,"Shrub","Moderate","No","Long","None","None",1.008403361,0.171428571,TRUE,TRUE,NA,NA,NA
"1342","Spiraea","Spiraea splendens",NA,NA,NA,NA,NA,NA,NA,NA,1.008403361,0.171428571,TRUE,FALSE,NA,NA,NA
"1343","Sporobolus","Sporobolus airoides",NA,NA,"Graminoid","Moderate","No","Moderate","None","None",0,0,TRUE,FALSE,22462208515,871.3300171,3.199999809
"1344","Sporobolus","Sporobolus airoides",NA,NA,"Graminoid","Moderate","No","Moderate","None","None",0,0,TRUE,FALSE,22462208515,871.3300171,3.199999809
"1345","Sporobolus","Sporobolus airoides",NA,NA,"Graminoid","Moderate","No","Moderate","None","None",1.086956522,0.125,TRUE,FALSE,22462208515,871.3300171,3.199999809
"1346","Sporobolus","Sporobolus airoides",NA,NA,"Graminoid","Moderate","No","Moderate","None","None",0,0,TRUE,FALSE,22462208515,871.3300171,3.199999809
"1347","Sporobolus","Sporobolus cryptandrus",NA,NA,"Graminoid","Moderate","No","Short","None","None",0,0,TRUE,FALSE,NA,NA,NA
"1348","Sporobolus","Sporobolus cryptandrus",NA,NA,"Graminoid","Moderate","No","Short","None","None",0,0,TRUE,FALSE,NA,NA,NA
"1349","Sporobolus","Sporobolus cryptandrus",NA,NA,"Graminoid","Moderate","No","Short","None","None",1.086956522,0.125,TRUE,FALSE,NA,NA,NA
"1350","Sporobolus","Sporobolus cryptandrus",NA,NA,"Graminoid","Moderate","No","Short","None","None",0,0,TRUE,FALSE,NA,NA,NA
"1351","Sporobolus","Sporobolus wrightii",NA,NA,"Graminoid","Moderate","No","Moderate","None","None",0,0,TRUE,FALSE,NA,NA,NA
"1352","Sporobolus","Sporobolus wrightii",NA,NA,"Graminoid","Moderate","No","Moderate","None","None",0,0,TRUE,FALSE,NA,NA,NA
"1353","Sporobolus","Sporobolus wrightii",NA,NA,"Graminoid","Moderate","No","Moderate","None","None",1.086956522,0.125,TRUE,FALSE,NA,NA,NA
"1354","Sporobolus","Sporobolus wrightii",NA,NA,"Graminoid","Moderate","No","Moderate","None","None",0,0,TRUE,FALSE,NA,NA,NA
"1355","Stachys","Stachys ajugoides",NA,NA,NA,NA,NA,NA,NA,NA,0.052246604,0.022727273,TRUE,FALSE,1.27e+11,3945.389893,5.719999552
"1356","Stachys","Stachys albens",NA,NA,NA,NA,NA,NA,NA,NA,0.052246604,0.022727273,TRUE,FALSE,3.49e+11,2835.949951,5.920000315
"1357","Stachys","Stachys bullata",NA,NA,NA,NA,NA,NA,NA,NA,0.052246604,0.022727273,TRUE,FALSE,98321824824,3945.389893,4.559999466
"1358","Stachys","Stachys rigida subsp. quercetorum",NA,NA,NA,NA,NA,NA,NA,NA,0.052246604,0.022727273,TRUE,FALSE,NA,NA,NA
"1359","Stanleya","Stanleya pinnata",NA,NA,NA,NA,NA,NA,NA,NA,0,0,FALSE,FALSE,1.52e+12,2042.909912,7.460000396
"1360","Stephanomeria","Stephanomeria pauciflora",NA,NA,NA,NA,NA,NA,NA,NA,0.432900433,0.045454545,FALSE,FALSE,1.36e+12,1662,7.460000396
"1361","Nassella","Nassella cernua",NA,NA,"Graminoid","Rapid","No","Moderate","None","None",0,0,TRUE,FALSE,NA,NA,NA
"1362","Hesperostipa","Hesperostipa comata",4.77920904044993,0,NA,NA,NA,NA,NA,NA,NA,NA,FALSE,FALSE,NA,NA,NA
"1363","Eriocoma","Eriocoma coronata",NA,NA,NA,NA,NA,NA,NA,NA,NA,NA,FALSE,FALSE,1.49e+11,1424.10997,4.559999466
"1364","Nassella","Nassella lepida",NA,NA,"Graminoid","Rapid","No","Moderate","None","None",0,0,TRUE,FALSE,2e+11,3959.279892,5.719999552
"1365","Nassella","Nassella pulchra",NA,NA,"Graminoid","Rapid","No","Short","None","None",0,0,TRUE,FALSE,2.02e+11,3954.219894,5.719999552
"1366","Pappostipa","Pappostipa speciosa",NA,NA,"Graminoid","Moderate","No","Moderate","None","None",NA,NA,FALSE,FALSE,9.02e+11,1662,7.460000396
"1367","Streptanthus","Streptanthus glandulosus subsp. albidus",NA,NA,NA,NA,NA,NA,NA,NA,0,0,FALSE,FALSE,15610344499,1101.690033,4.269999981
"1368","Streptanthus","Streptanthus glandulosus subsp. albidus",NA,NA,NA,NA,NA,NA,NA,NA,0,0,FALSE,FALSE,15610344499,1101.690033,4.269999981
"1369","Streptanthus","Streptanthus glandulosus subsp. albidus",NA,NA,NA,NA,NA,NA,NA,NA,0,0,FALSE,FALSE,15610344499,1101.690033,4.269999981
"1370","Strombocarpa","Strombocarpa pubescens",NA,NA,"Tree, Shrub","Rapid","No","Moderate","Low","None",NA,NA,TRUE,FALSE,NA,NA,NA
"1371","Blechnum","Blechnum spicant",69.4036803852257,30.5963196147743,"Forb/herb","Moderate","No","Long","None","None",0,0,TRUE,FALSE,NA,NA,NA
"1372","Blechnum","Blechnum spicant",69.4036803852257,30.5963196147743,"Forb/herb","Moderate","No","Long","None","None",0,0,TRUE,FALSE,NA,NA,NA
"1373","Blechnum","Blechnum spicant",69.4036803852257,30.5963196147743,"Forb/herb","Moderate","No","Long","None","None",33.33333333,0.833333333,TRUE,FALSE,NA,NA,NA
"1374","Stuckenia","Stuckenia pectinata",2.44749664021203,97.552503359788,NA,NA,NA,NA,NA,NA,NA,NA,TRUE,TRUE,NA,NA,NA
"1375","Styrax","Styrax redivivus",NA,NA,NA,NA,NA,NA,NA,NA,NA,NA,FALSE,FALSE,1.91e+11,2816.839951,5.719999552
"1376","Suaeda","Suaeda taxifolia",NA,NA,NA,NA,NA,NA,NA,NA,0.158730159,0.027777778,FALSE,FALSE,43869173005,1219.170044,4.559999466
"1377","Symphoricarpos","Symphoricarpos albus",25.4053305795427,24.9392972551319,"Subshrub, Shrub","Moderate","No","Long","None","Slight",0.833333333,0.0625,TRUE,TRUE,NA,NA,NA
"1378","Symphoricarpos","Symphoricarpos albus var. laevigatus",NA,NA,NA,NA,NA,NA,NA,NA,0.833333333,0.0625,TRUE,FALSE,NA,NA,NA
"1379","Symphoricarpos","Symphoricarpos mollis",NA,NA,NA,NA,NA,NA,NA,NA,0.833333333,0.0625,TRUE,FALSE,3.25e+11,3959.279892,5.819999933
"1380","Symphyotrichum","Symphyotrichum ascendens",15.9862464266895,10.9223784552361,NA,NA,NA,NA,NA,NA,0,0,TRUE,FALSE,NA,NA,NA
"1381","Symphyotrichum","Symphyotrichum bracteolatum",NA,NA,NA,NA,NA,NA,NA,NA,0,0,TRUE,FALSE,NA,NA,NA
"1382","Symphyotrichum","Symphyotrichum chilense",NA,NA,"Forb/herb","Slow","No","Moderate","None","None",0,0,TRUE,FALSE,NA,NA,NA
"1383","Symphyotrichum","Symphyotrichum chilense",NA,NA,"Forb/herb","Moderate","No","Long","None","None",0,0,TRUE,FALSE,NA,NA,NA
"1384","Symphyotrichum","Symphyotrichum foliaceum",NA,NA,NA,NA,NA,NA,NA,NA,0,0,TRUE,FALSE,NA,NA,NA
"1385","Symphyotrichum","Symphyotrichum foliaceum var. apricum",NA,NA,NA,NA,NA,NA,NA,NA,0,0,TRUE,FALSE,NA,NA,NA
"1386","Tellima","Tellima grandiflora",NA,NA,NA,NA,NA,NA,NA,NA,NA,NA,FALSE,FALSE,NA,NA,NA
"1387","Thalictrum","Thalictrum fendleri",53.7810196145095,13.207341839228,NA,NA,NA,NA,NA,NA,0,0,FALSE,FALSE,1.8e+12,4011.300049,7.460000396
"1388","Thalictrum","Thalictrum polycarpum",NA,NA,NA,NA,NA,NA,NA,NA,0,0,FALSE,FALSE,NA,NA,NA
"1389","Thermopsis","Thermopsis macrophylla",NA,NA,NA,NA,NA,NA,NA,NA,0,0,FALSE,FALSE,9690094811,3728.76001,3.78000021
"1390","Tiarella","Tiarella trifoliata",NA,NA,NA,NA,NA,NA,NA,NA,NA,NA,FALSE,FALSE,NA,NA,NA
"1391","Tolmiea","Tolmiea menziesii",NA,NA,NA,NA,NA,NA,NA,NA,NA,NA,FALSE,FALSE,NA,NA,NA
"1392","Torreya","Torreya californica",NA,NA,NA,NA,NA,NA,NA,NA,NA,NA,FALSE,FALSE,1.37e+11,4384.509766,5.529999971
"1393","Toxicodendron","Toxicodendron diversilobum",NA,NA,NA,NA,NA,NA,NA,NA,0,0,TRUE,FALSE,NA,NA,NA
"1394","Toxicoscordion","Toxicoscordion exaltatum",NA,NA,NA,NA,NA,NA,NA,NA,NA,NA,FALSE,FALSE,71288498428,2787.54995,5.719999552
"1395","Trichostema","Trichostema lanatum",NA,NA,NA,NA,NA,NA,NA,NA,0,0,FALSE,FALSE,74630282413,1306.500046,4.559999466
"1396","Trifolium","Trifolium albopurpureum",NA,NA,NA,NA,NA,NA,NA,NA,0.00911965,0.011673152,TRUE,FALSE,4.32e+11,5450.050156,5.859999895
"1397","Trifolium","Trifolium ciliolatum",NA,NA,NA,NA,NA,NA,NA,NA,0.00911965,0.011673152,TRUE,FALSE,3.58e+11,3986.799911,5.719999552
"1398","Trifolium","Trifolium fucatum",NA,NA,NA,NA,NA,NA,NA,NA,0.00911965,0.011673152,TRUE,FALSE,NA,NA,NA
"1399","Trifolium","Trifolium gracilentum",NA,NA,NA,NA,NA,NA,NA,NA,0.00911965,0.011673152,TRUE,FALSE,NA,NA,NA
"1400","Trifolium","Trifolium obtusiflorum",NA,NA,NA,NA,NA,NA,NA,NA,0.00911965,0.011673152,TRUE,FALSE,3.1e+11,3959.279892,5.719999552
"1401","Trifolium","Trifolium willdenovii",NA,NA,NA,NA,NA,NA,NA,NA,0.00911965,0.011673152,TRUE,FALSE,NA,NA,NA
"1402","Trifolium","Trifolium wormskioldii",NA,NA,"Forb/herb","Moderate","No","Moderate","Medium","None",0.00911965,0.011673152,TRUE,FALSE,NA,NA,NA
"1403","Triglochin","Triglochin maritima",NA,NA,NA,NA,NA,NA,NA,NA,0,0,TRUE,FALSE,97671043406,5416.959961,5.029999733
"1404","Trillium","Trillium albidum",NA,NA,NA,NA,NA,NA,NA,NA,0,0,FALSE,FALSE,1.53e+11,3791.210052,4.630000114
"1405","Trillium","Trillium chloropetalum",NA,NA,NA,NA,NA,NA,NA,NA,0,0,FALSE,FALSE,84072999967,3758.299896,4.599999905
"1406","Trillium","Trillium ovatum",NA,NA,NA,NA,NA,NA,NA,NA,0,0,FALSE,FALSE,NA,NA,NA
"1407","Triteleia","Triteleia grandiflora",NA,NA,"Forb/herb","Moderate","No","Short","None","None",1.098901099,0.071428571,FALSE,FALSE,NA,NA,NA
"1408","Triteleia","Triteleia hyacinthina",NA,NA,NA,NA,NA,NA,NA,NA,1.098901099,0.071428571,FALSE,FALSE,NA,NA,NA
"1409","Triteleia","Triteleia ixioides",NA,NA,NA,NA,NA,NA,NA,NA,1.098901099,0.071428571,FALSE,FALSE,2.41e+11,3871.26001,5.719999552
"1410","Triteleia","Triteleia ixioides subsp. ixioides",NA,NA,NA,NA,NA,NA,NA,NA,1.098901099,0.071428571,FALSE,FALSE,NA,NA,NA
"1411","Triteleia","Triteleia laxa",NA,NA,NA,NA,NA,NA,NA,NA,1.098901099,0.071428571,FALSE,FALSE,NA,NA,NA
"1412","Triteleia","Triteleia peduncularis",NA,NA,NA,NA,NA,NA,NA,NA,1.098901099,0.071428571,FALSE,FALSE,58571926619,3778.529892,5.24000001
"1413","Tsuga","Tsuga mertensiana",NA,NA,"Tree","Slow","No","Long","None","None",0,0,FALSE,FALSE,NA,NA,NA
"1414","Typha","Typha domingensis",NA,NA,NA,NA,NA,NA,NA,NA,5.072463768,0.583333333,TRUE,TRUE,NA,NA,NA
"1415","Typha","Typha latifolia",86.3031150125924,3.44909738727564,"Forb/herb","Rapid","No","Moderate","None","None",5.072463768,0.583333333,TRUE,TRUE,NA,NA,NA
"1416","Umbellularia","Umbellularia californica",NA,NA,"Tree, Shrub","Moderate","Yes","Long","None","Slight",NA,NA,FALSE,FALSE,NA,NA,NA
"1417","Vaccinium","Vaccinium ovatum",NA,NA,"Subshrub, Shrub","Slow","No","Long","None","None",0.340136054,0.081632653,FALSE,FALSE,NA,NA,NA
"1418","Vancouveria","Vancouveria hexandra",NA,NA,NA,NA,NA,NA,NA,NA,0,0,FALSE,FALSE,1.66e+11,5279.549957,4.630000114
"1419","Vancouveria","Vancouveria planipetala",NA,NA,NA,NA,NA,NA,NA,NA,0,0,FALSE,FALSE,83506894632,4276.029755,3.849999905
"1420","Venegasia","Venegasia carpesioides",NA,NA,NA,NA,NA,NA,NA,NA,NA,NA,FALSE,FALSE,71033691418,1306.500046,4.559999466
"1421","Verbena","Verbena gooddingii",NA,NA,NA,NA,NA,NA,NA,NA,NA,NA,TRUE,FALSE,4.81e+11,1134.089951,7.460000396
"1422","Verbena","Verbena lasiostachys",NA,NA,NA,NA,NA,NA,NA,NA,NA,NA,TRUE,FALSE,NA,NA,NA
"1423","Verbena","Verbena lilacina",NA,NA,NA,NA,NA,NA,NA,NA,NA,NA,TRUE,FALSE,NA,NA,NA
"1424","Viola","Viola adunca",NA,NA,NA,NA,NA,NA,NA,NA,NA,NA,TRUE,FALSE,NA,NA,NA
"1425","Viola","Viola macloskeyi",NA,NA,"Forb/herb","Moderate","No","Short","None","None",NA,NA,TRUE,FALSE,NA,NA,NA
"1426","Viola","Viola pedunculata",NA,NA,NA,NA,NA,NA,NA,NA,NA,NA,TRUE,FALSE,1.86e+11,2264.700058,5.719999552
"1427","Viola","Viola sempervirens",NA,NA,NA,NA,NA,NA,NA,NA,NA,NA,TRUE,FALSE,NA,NA,NA
"1428","Vitis","Vitis californica",NA,NA,NA,NA,NA,NA,NA,NA,NA,NA,TRUE,FALSE,3.06e+11,4485.899765,5.719999552
"1429","Vitis","Vitis girdiana",NA,NA,NA,NA,NA,NA,NA,NA,NA,NA,TRUE,FALSE,1.49e+11,1282.420044,4.559999466
"1430","Washingtonia","Washingtonia filifera",NA,NA,NA,NA,NA,NA,NA,NA,NA,NA,TRUE,TRUE,NA,NA,NA
"1431","Whipplea","Whipplea modesta",NA,NA,NA,NA,NA,NA,NA,NA,NA,NA,FALSE,FALSE,1.78e+11,4610.719849,4.900000572
"1432","Woodwardia","Woodwardia fimbriata",NA,NA,NA,NA,NA,NA,NA,NA,0,0,FALSE,FALSE,NA,NA,NA
"1433","Wyethia","Wyethia angustifolia",NA,NA,NA,NA,NA,NA,NA,NA,2.380952381,0.166666667,FALSE,FALSE,2.96e+11,4393.399765,5.719999552
"1434","Wyethia","Wyethia mollis",NA,NA,"Forb/herb","Slow","No","Long","None","None",2.380952381,0.166666667,FALSE,FALSE,2.52e+11,3824.220009,5.920000315
"1435","Xerophyllum","Xerophyllum tenax",NA,NA,"Forb/herb","Rapid","No","Short","None","None",NA,NA,FALSE,FALSE,NA,NA,NA
"1436","Xylococcus","Xylococcus bicolor",NA,NA,NA,NA,NA,NA,NA,NA,NA,NA,FALSE,FALSE,40076222618,1109.970016,4.559999466
"1437","Yucca","Yucca baccata",NA,NA,"Subshrub, Forb/herb, Shrub","Moderate","No","Short","None","None",0.833333333,0.0625,TRUE,FALSE,7.75e+11,1383.979965,7.460000396
"1438","Yucca","Yucca brevifolia",NA,NA,"Tree, Shrub","Moderate","No","Long","None","None",0.833333333,0.0625,TRUE,FALSE,3.38e+11,1662,5.82000041
"1439","Yucca","Yucca schidigera",NA,NA,NA,NA,NA,NA,NA,NA,0.833333333,0.0625,TRUE,FALSE,2.11e+11,1138.519951,5.82000041
"1440","Abies","Abies amabilis",NA,NA,"Tree","Slow","No","Long","None","None",0.362318841,0.041666667,TRUE,TRUE,NA,NA,NA
"1441","Abies","Abies grandis",NA,NA,"Tree","Moderate","No","Long","None","None",0.362318841,0.041666667,TRUE,TRUE,NA,NA,NA
"1442","Abies","Abies lasiocarpa",NA,NA,"Tree","Slow","No","Long","None","None",0.362318841,0.041666667,TRUE,FALSE,NA,NA,NA
"1443","Abies","Abies magnifica",NA,NA,"Tree","Slow","No","Long","None","None",0.362318841,0.041666667,TRUE,FALSE,NA,NA,NA
"1444","Abies","Abies procera",NA,NA,"Tree","Rapid","No","Long","None","None",0.362318841,0.041666667,TRUE,TRUE,NA,NA,NA
"1445","Abronia","Abronia latifolia",NA,NA,NA,NA,NA,NA,NA,NA,4.166666667,0.3125,FALSE,FALSE,NA,NA,NA
"1446","Acer","Acer glabrum",NA,NA,"Shrub, Tree","Rapid","No","Moderate","None","None",0.185013876,0.042553191,TRUE,FALSE,NA,NA,NA
"1447","Acer","Acer rubrum",NA,NA,"Tree","Rapid","No","Short","None","Slight",0.185013876,0.042553191,TRUE,TRUE,NA,NA,NA
"1448","Achlys","Achlys triphylla",NA,NA,NA,NA,NA,NA,NA,NA,0,0,FALSE,FALSE,NA,NA,NA
"1449","Eriocoma","Eriocoma hymenoides",NA,NA,"Graminoid","Moderate","No","Short","None","None",NA,NA,FALSE,FALSE,NA,NA,NA
"1450","Eriocoma","Eriocoma lemmonii",NA,NA,NA,NA,NA,NA,NA,NA,NA,NA,FALSE,FALSE,NA,NA,NA
"1451","Eriocoma","Eriocoma lettermanii",NA,NA,"Graminoid","Slow","No","Moderate","None","None",NA,NA,FALSE,FALSE,1.25e+12,4005.909912,7.460000396
"1452","Eriocoma","Eriocoma nelsonii",NA,NA,NA,NA,NA,NA,NA,NA,NA,NA,FALSE,FALSE,NA,NA,NA
"1453","Eriocoma","Eriocoma occidentalis",NA,NA,NA,NA,NA,NA,NA,NA,NA,NA,FALSE,FALSE,NA,NA,NA
"1454","Aconitum","Aconitum columbianum",NA,NA,"Forb/herb","Moderate","No","Moderate","None","Moderate",0.653594771,0.055555556,TRUE,FALSE,NA,NA,NA
"1455","Adenocaulon","Adenocaulon bicolor",NA,NA,NA,NA,NA,NA,NA,NA,NA,NA,FALSE,FALSE,NA,NA,NA
"1456","Ageratina","Ageratina occidentalis",NA,NA,NA,NA,NA,NA,NA,NA,0,0,TRUE,FALSE,7.14e+11,4505.009766,5.920000315
"1457","Agoseris","Agoseris aurantiaca",NA,NA,"Subshrub, Forb/herb","Rapid","No","Short","None",NA,3.03030303,0.166666667,FALSE,FALSE,NA,NA,NA
"1458","Agoseris","Agoseris glauca",34.4362581388999,61.0019869824086,"Forb/herb, Subshrub, Shrub","Rapid","No","Short","None","None",3.03030303,0.166666667,FALSE,FALSE,NA,NA,NA
"1459","Agoseris","Agoseris heterophylla",NA,NA,NA,NA,NA,NA,NA,NA,3.03030303,0.166666667,FALSE,FALSE,NA,NA,NA
"1460","Agoseris","Agoseris retrorsa",NA,NA,NA,NA,NA,NA,NA,NA,3.03030303,0.166666667,FALSE,FALSE,5.53e+11,4485.899765,7.360000014
"1461","Agrimonia","Agrimonia gryposepala",14.2314598507664,12.8427490730588,"Forb/herb","Moderate","No","Moderate","None","None",0.653594771,0.055555556,TRUE,FALSE,NA,NA,NA
"1462","Agrostis","Agrostis hallii",NA,NA,NA,NA,NA,NA,NA,NA,0.293040293,0.152380952,TRUE,FALSE,1.2e+11,4382.439758,4.579999924
"1463","Agrostis","Agrostis perennans",NA,NA,"Graminoid","Moderate","No","Short","None","None",0.293040293,0.152380952,TRUE,FALSE,NA,NA,NA
"1464","Alisma","Alisma subcordatum",NA,NA,"Forb/herb","Moderate","No","Moderate","None","None",0.526315789,0.05,TRUE,FALSE,NA,NA,NA
"1465","Alisma","Alisma triviale",NA,NA,NA,NA,NA,NA,NA,NA,0.526315789,0.05,TRUE,FALSE,NA,NA,NA
"1466","Allium","Allium acuminatum",NA,NA,"Forb/herb","Rapid","No","Short","None","None",0,0,TRUE,FALSE,NA,NA,NA
"1467","Allium","Allium campanulatum",NA,NA,NA,NA,NA,NA,NA,NA,0,0,TRUE,FALSE,4.78e+11,3986.799911,5.819999933
"1468","Allium","Allium cernuum",NA,NA,NA,NA,NA,NA,NA,NA,0,0,TRUE,FALSE,5884751828,648.0299683,1.240000248
"1469","Allium","Allium fimbriatum",NA,NA,NA,NA,NA,NA,NA,NA,0,0,TRUE,FALSE,2.03e+11,1661.939941,5.719999552
"1470","Allium","Allium validum",NA,NA,"Forb/herb","Moderate","No","Short","None","None",0,0,TRUE,FALSE,NA,NA,NA
"1471","Alnus","Alnus alnobetula subsp. alnobetula",32.8729506418469,26.7694576533221,NA,NA,NA,NA,NA,NA,0.865800866,0.090909091,TRUE,FALSE,NA,NA,NA
"1472","Alopecurus","Alopecurus aequalis",22.6824645080168,69.7758156424679,"Graminoid","Moderate","No","Short","None","None",0.634249471,0.136363636,TRUE,FALSE,NA,NA,NA
"1473","Amaranthus","Amaranthus retroflexus",52.1419219996987,24.1667544451231,NA,NA,NA,NA,NA,NA,0.380734818,0.194174757,TRUE,TRUE,NA,NA,NA
"1474","Ambrosia","Ambrosia acanthicarpa",NA,NA,NA,NA,NA,NA,NA,NA,0.158562368,0.034090909,TRUE,FALSE,NA,NA,NA
"1475","Ambrosia","Ambrosia acanthicarpa",NA,NA,NA,NA,NA,NA,NA,NA,50,0.25,TRUE,FALSE,NA,NA,NA
"1476","Amelanchier","Amelanchier utahensis",NA,NA,"Tree, Shrub","Rapid","No","Long","None","None",1.169590643,0.105263158,TRUE,FALSE,1.74e+12,4005.909912,7.460000396
"1477","Amelanchier","Amelanchier utahensis",NA,NA,"Shrub, Tree","Slow","No","Long","None","None",1.169590643,0.105263158,TRUE,FALSE,1.74e+12,4005.909912,7.460000396
"1478","Ammannia","Ammannia coccinea",34.4706118453257,57.7555386741445,"Subshrub, Forb/herb","Moderate","No",NA,"None","None",0,0,TRUE,TRUE,NA,NA,NA
"1479","Calamagrostis","Calamagrostis breviligulata",NA,NA,"Graminoid","Rapid","No","Moderate","None","None",5,0.1,TRUE,TRUE,NA,NA,NA
"1480","Calamagrostis","Calamagrostis breviligulata",NA,NA,"Graminoid","Rapid","No","Moderate","None","None",1.341463415,0.268292683,TRUE,TRUE,NA,NA,NA
"1481","Calamagrostis","Calamagrostis breviligulata",NA,NA,"Graminoid","Rapid","No","Moderate","None","None",0,0,TRUE,TRUE,NA,NA,NA
"1482","Amsinckia","Amsinckia menziesii",NA,NA,NA,NA,NA,NA,NA,NA,0.246305419,0.034482759,TRUE,TRUE,NA,NA,NA
"1483","Amsinckia","Amsinckia tessellata",NA,NA,NA,NA,NA,NA,NA,NA,0.246305419,0.034482759,TRUE,TRUE,NA,NA,NA
"1484","Andropogon","Andropogon glomeratus",NA,NA,"Graminoid","Moderate","No","Moderate","None","None",0.735294118,0.058823529,TRUE,FALSE,NA,NA,NA
"1485","Andropogon","Andropogon virginicus",15.83655276819,6.65678591454627,"Graminoid","Slow","No","Moderate","None","None",0.735294118,0.058823529,TRUE,TRUE,NA,NA,NA
"1486","Anemone","Anemone multifida",NA,NA,"Forb/herb","Rapid","No","Short","None","None",0.289855072,0.065217391,TRUE,FALSE,NA,NA,NA
"1487","Angelica","Angelica arguta",NA,NA,"Forb/herb","Rapid","No","Moderate","None","None",0,0,TRUE,FALSE,NA,NA,NA
"1488","Angelica","Angelica genuflexa",NA,NA,NA,NA,NA,NA,NA,NA,0,0,TRUE,FALSE,NA,NA,NA
"1489","Angelica","Angelica lucida",NA,NA,NA,NA,NA,NA,NA,NA,0,0,TRUE,FALSE,NA,NA,NA
"1490","Anisocoma","Anisocoma acaulis",NA,NA,NA,NA,NA,NA,NA,NA,NA,NA,FALSE,FALSE,4.21e+11,3871.26001,7.460000396
"1491","Antennaria","Antennaria luzuloides",NA,NA,"Subshrub, Forb/herb","Slow","No","Long","None","None",0.354609929,0.083333333,FALSE,FALSE,NA,NA,NA
"1492","Antennaria","Antennaria media",NA,NA,NA,NA,NA,NA,NA,NA,0.354609929,0.083333333,FALSE,FALSE,NA,NA,NA
"1493","Antennaria","Antennaria microphylla",NA,NA,"Forb/herb","Slow","No","Short","None","None",0.354609929,0.083333333,FALSE,FALSE,NA,NA,NA
"1494","Antennaria","Antennaria racemosa",NA,NA,NA,NA,NA,NA,NA,NA,0.354609929,0.083333333,FALSE,FALSE,NA,NA,NA
"1495","Antennaria","Antennaria rosea",NA,NA,NA,NA,NA,NA,NA,NA,0.354609929,0.083333333,FALSE,FALSE,NA,NA,NA
"1496","Apocynum","Apocynum androsaemifolium",45.5802823535564,13.654343868617,NA,NA,NA,NA,NA,NA,11.11111111,0.444444444,TRUE,FALSE,NA,NA,NA
"1497","Apocynum","Apocynum androsaemifolium",45.5802823535564,13.654343868617,NA,NA,NA,NA,NA,NA,0,0,TRUE,FALSE,NA,NA,NA
"1498","Turritis","Turritis glabra",55.59322888965,36.950049441073,NA,NA,NA,NA,NA,NA,NA,NA,TRUE,TRUE,NA,NA,NA
"1499","Arabis","Arabis hirsuta",4.14224038037133,95.8577596196287,NA,NA,NA,NA,NA,NA,0.035267149,0.018691589,TRUE,FALSE,NA,NA,NA
"1500","Boechera","Boechera holboellii",NA,NA,"Forb/herb","Moderate","No","Short","None","None",0.534759358,0.088235294,FALSE,FALSE,NA,NA,NA
"1501","Boechera","Boechera lyallii",NA,NA,NA,NA,NA,NA,NA,NA,0.534759358,0.088235294,FALSE,FALSE,14355492103,1264.39003,2.609999657
"1502","Arctostaphylos","Arctostaphylos canescens",NA,NA,NA,NA,NA,NA,NA,NA,0.372960373,0.121212121,FALSE,FALSE,1.22e+11,4490.329765,4.019999981
"1503","Eremogone","Eremogone capillaris",NA,NA,NA,NA,NA,NA,NA,NA,0,0,FALSE,FALSE,NA,NA,NA
"1504","Argentina","Argentina anserina",NA,NA,"Forb/herb","Rapid","No","Short","None","None",0,0,FALSE,FALSE,NA,NA,NA
"1505","Argentina","Argentina anserina subsp. groenlandica",NA,NA,NA,NA,NA,NA,NA,NA,0,0,FALSE,FALSE,NA,NA,NA
"1506","Arnica","Arnica lanceolata subsp. prima",NA,NA,"Forb/herb","Moderate","No","Short","None","None",0.158730159,0.027777778,TRUE,FALSE,NA,NA,NA
"1507","Arnica","Arnica cordifolia",NA,NA,"Forb/herb","Rapid","No","Short","None","None",0.158730159,0.027777778,TRUE,FALSE,NA,NA,NA
"1508","Arnica","Arnica latifolia",NA,NA,"Forb/herb","Moderate","No","Moderate","None","None",0.158730159,0.027777778,TRUE,FALSE,NA,NA,NA
"1509","Arnica","Arnica longifolia",NA,NA,"Forb/herb","Moderate","No","Moderate","None","None",0.158730159,0.027777778,TRUE,FALSE,NA,NA,NA
"1510","Arnica","Arnica mollis",NA,NA,"Forb/herb","Slow","No","Moderate","None","None",0.158730159,0.027777778,TRUE,FALSE,NA,NA,NA
"1511","Artemisia","Artemisia campestris",22.2892404237198,47.2977114908992,NA,NA,NA,NA,NA,NA,0.064350064,0.047297297,TRUE,FALSE,NA,NA,NA
"1512","Artemisia","Artemisia cana",NA,NA,"Subshrub, Shrub","Moderate","No","Long","None","None",0.064350064,0.047297297,TRUE,FALSE,NA,NA,NA
"1513","Artemisia","Artemisia stelleriana",NA,NA,NA,NA,NA,NA,NA,NA,0.064350064,0.047297297,TRUE,FALSE,NA,NA,NA
"1514","Artemisia","Artemisia tilesii",NA,NA,"Subshrub, Forb/herb","Moderate","Yes","Short","None","Moderate",0.064350064,0.047297297,TRUE,FALSE,NA,NA,NA
"1515","Asclepias","Asclepias californica",NA,NA,NA,NA,NA,NA,NA,NA,0.037023325,0.013513514,TRUE,FALSE,2.43e+11,2302.699951,5.719999552
"1516","Asclepias","Asclepias vestita",NA,NA,NA,NA,NA,NA,NA,NA,0.037023325,0.013513514,TRUE,FALSE,2.31e+11,1841.469971,5.719999552
"1517","Astragalus","Astragalus douglasii",NA,NA,NA,NA,NA,NA,NA,NA,0,0,TRUE,FALSE,1.93e+11,1493.679985,5.719999552
"1518","Astragalus","Astragalus nuttallii",NA,NA,NA,NA,NA,NA,NA,NA,0,0,TRUE,FALSE,1.5e+11,2302.699951,4.489999771
"1519","Astragalus","Astragalus purshii",NA,NA,"Forb/herb","Moderate","No","Moderate","Medium","Slight",0,0,TRUE,FALSE,NA,NA,NA
"1520","Astragalus","Astragalus whitneyi",NA,NA,NA,NA,NA,NA,NA,NA,0,0,TRUE,FALSE,5.4e+11,3978.389893,5.819999933
"1521","Atriplex","Atriplex argentea",NA,NA,NA,NA,NA,NA,NA,NA,0.158940397,0.119205298,TRUE,FALSE,NA,NA,NA
"1522","Atriplex","Atriplex argentea",NA,NA,NA,NA,NA,NA,NA,NA,0,0,TRUE,FALSE,NA,NA,NA
"1523","Atriplex","Atriplex subspicata",NA,NA,NA,NA,NA,NA,NA,NA,0.158940397,0.119205298,TRUE,FALSE,5.57e+11,1786.129974,7.460000396
"1524","Atriplex","Atriplex subspicata",NA,NA,NA,NA,NA,NA,NA,NA,0,0,TRUE,FALSE,5.57e+11,1786.129974,7.460000396
"1525","Baccharis","Baccharis douglasii",NA,NA,NA,NA,NA,NA,NA,NA,0,0,TRUE,FALSE,1.91e+11,4485.899765,5.719999552
"1526","Balsamorhiza","Balsamorhiza careyana",NA,NA,"Forb/herb","Moderate","No","Moderate","None","None",7.272727273,0.363636364,TRUE,FALSE,1.36e+11,4513.249924,4.640000343
"1527","Balsamorhiza","Balsamorhiza deltoidea",NA,NA,NA,NA,NA,NA,NA,NA,7.272727273,0.363636364,TRUE,FALSE,NA,NA,NA
"1528","Balsamorhiza","Balsamorhiza sagittata",NA,NA,"Forb/herb","Moderate","No","Long","None","None",7.272727273,0.363636364,TRUE,TRUE,NA,NA,NA
"1529","Barbarea","Barbarea orthoceras",NA,NA,NA,NA,NA,NA,NA,NA,0,0,TRUE,FALSE,NA,NA,NA
"1530","Beckmannia","Beckmannia syzigachne",NA,NA,"Graminoid","Moderate","No",NA,"None","None",0,0,FALSE,FALSE,NA,NA,NA
"1531","Betula","Betula glandulosa",NA,NA,NA,NA,NA,NA,NA,NA,2.645502646,0.357142857,TRUE,FALSE,NA,NA,NA
"1532","Betula","Betula pumila",NA,NA,"Shrub","Moderate","No","Short","None","None",2.645502646,0.357142857,TRUE,FALSE,NA,NA,NA
"1533","Bidens","Bidens cernua",25.9323314221986,46.6238937871372,"Forb/herb","Rapid","No",NA,"None","None",0.324569945,0.126582278,TRUE,TRUE,NA,NA,NA
"1534","Bidens","Bidens cernua",25.9323314221986,46.6238937871372,"Forb/herb","Rapid","No",NA,"None","None",0,0,TRUE,TRUE,NA,NA,NA
"1535","Bidens","Bidens frondosa",45.5265389662891,48.856882619548,"Forb/herb","Rapid","No",NA,"None","None",0.324569945,0.126582278,TRUE,TRUE,NA,NA,NA
"1536","Bidens","Bidens frondosa",45.5265389662891,48.856882619548,"Forb/herb","Rapid","No",NA,"None","None",0,0,TRUE,TRUE,NA,NA,NA
"1537","Bolboschoenus","Bolboschoenus fluviatilis",NA,NA,NA,NA,NA,NA,NA,NA,NA,NA,FALSE,FALSE,NA,NA,NA
"1538","Boltonia","Boltonia asteroides",NA,NA,"Forb/herb","Rapid","No","Moderate","None","None",NA,NA,FALSE,FALSE,NA,NA,NA
"1539","Botrychium","Botrychium virginianum",NA,NA,"Forb/herb","Moderate","No","Moderate","None","None",0,0,FALSE,FALSE,NA,NA,NA
"1540","Brasenia","Brasenia schreberi",NA,NA,NA,NA,NA,NA,NA,NA,NA,NA,FALSE,FALSE,NA,NA,NA
"1541","Brickellia","Brickellia grandiflora",NA,NA,NA,NA,NA,NA,NA,NA,0.362318841,0.041666667,FALSE,FALSE,NA,NA,NA
"1542","Brickellia","Brickellia grandiflora",NA,NA,NA,NA,NA,NA,NA,NA,0,0,FALSE,FALSE,NA,NA,NA
"1543","Brodiaea","Brodiaea coronaria",NA,NA,NA,NA,NA,NA,NA,NA,1.098901099,0.071428571,FALSE,FALSE,NA,NA,NA
"1544","Brodiaea","Brodiaea terrestris",NA,NA,NA,NA,NA,NA,NA,NA,1.098901099,0.071428571,FALSE,FALSE,2.12e+11,4485.899765,4.999999523
"1545","Bromus","Bromus ciliatus",11.8284280341066,39.3724144525734,"Graminoid","Moderate","No","Long","None","None",0,0,TRUE,TRUE,NA,NA,NA
"1546","Bromus","Bromus ciliatus",11.8284280341066,39.3724144525734,"Graminoid","Moderate","No","Long","None","None",0,0,TRUE,TRUE,NA,NA,NA
"1547","Bromus","Bromus ciliatus",11.8284280341066,39.3724144525734,"Graminoid","Moderate","No","Long","None","None",0.031735957,0.02173913,TRUE,TRUE,NA,NA,NA
"1548","Bromus","Bromus ciliatus",11.8284280341066,39.3724144525734,"Graminoid","Moderate","No","Long","None","None",0,0,TRUE,TRUE,NA,NA,NA
"1549","Bromus","Bromus marginatus",NA,NA,"Graminoid","Rapid","No","Short","None","None",0,0,TRUE,FALSE,NA,NA,NA
"1550","Bromus","Bromus marginatus",NA,NA,"Graminoid","Rapid","No","Short","None","None",0,0,TRUE,FALSE,NA,NA,NA
"1551","Bromus","Bromus marginatus",NA,NA,"Graminoid","Rapid","No","Short","None","None",0.031735957,0.02173913,TRUE,FALSE,NA,NA,NA
"1552","Bromus","Bromus marginatus",NA,NA,"Graminoid","Rapid","No","Short","None","None",0,0,TRUE,FALSE,NA,NA,NA
"1553","Bromus","Bromus sitchensis",NA,NA,"Graminoid","Moderate","No","Long","None","None",0,0,TRUE,FALSE,NA,NA,NA
"1554","Bromus","Bromus sitchensis",NA,NA,"Graminoid","Moderate","No","Long","None","None",0,0,TRUE,FALSE,NA,NA,NA
"1555","Bromus","Bromus sitchensis",NA,NA,"Graminoid","Moderate","No","Long","None","None",0.031735957,0.02173913,TRUE,FALSE,NA,NA,NA
"1556","Bromus","Bromus sitchensis",NA,NA,"Graminoid","Moderate","No","Long","None","None",0,0,TRUE,FALSE,NA,NA,NA
"1557","Bromus","Bromus vulgaris",NA,NA,"Graminoid","Moderate","No","Moderate","None","None",0,0,TRUE,FALSE,NA,NA,NA
"1558","Bromus","Bromus vulgaris",NA,NA,"Graminoid","Moderate","No","Moderate","None","None",0,0,TRUE,FALSE,NA,NA,NA
"1559","Bromus","Bromus vulgaris",NA,NA,"Graminoid","Moderate","No","Moderate","None","None",0.031735957,0.02173913,TRUE,FALSE,NA,NA,NA
"1560","Bromus","Bromus vulgaris",NA,NA,"Graminoid","Moderate","No","Moderate","None","None",0,0,TRUE,FALSE,NA,NA,NA
"1561","Cacaliopsis","Cacaliopsis nardosmia",NA,NA,NA,NA,NA,NA,NA,NA,NA,NA,FALSE,FALSE,NA,NA,NA
"1562","Cakile","Cakile edentula",NA,NA,NA,NA,NA,NA,NA,NA,0,0,TRUE,TRUE,NA,NA,NA
"1563","Calamagrostis","Calamagrostis canadensis",NA,NA,"Graminoid","Moderate","No","Long","None","None",5,0.1,TRUE,FALSE,NA,NA,NA
"1564","Calamagrostis","Calamagrostis canadensis",NA,NA,"Graminoid","Moderate","No","Long","None","None",1.341463415,0.268292683,TRUE,FALSE,NA,NA,NA
"1565","Calamagrostis","Calamagrostis canadensis",NA,NA,"Graminoid","Moderate","No","Long","None","None",0,0,TRUE,FALSE,NA,NA,NA
"1566","Calamagrostis","Calamagrostis rubescens",NA,NA,"Graminoid","Slow","No","Moderate","None","None",5,0.1,TRUE,FALSE,NA,NA,NA
"1567","Calamagrostis","Calamagrostis rubescens",NA,NA,"Graminoid","Slow","No","Moderate","None","None",1.341463415,0.268292683,TRUE,FALSE,NA,NA,NA
"1568","Calamagrostis","Calamagrostis rubescens",NA,NA,"Graminoid","Slow","No","Moderate","None","None",0,0,TRUE,FALSE,NA,NA,NA
"1569","Calamagrostis","Calamagrostis stricta",NA,NA,"Graminoid","Moderate","No","Long","None","None",5,0.1,TRUE,FALSE,NA,NA,NA
"1570","Calamagrostis","Calamagrostis stricta",NA,NA,"Graminoid","Moderate","No","Long","None","None",1.341463415,0.268292683,TRUE,FALSE,NA,NA,NA
"1571","Calamagrostis","Calamagrostis stricta",NA,NA,"Graminoid","Moderate","No","Long","None","None",0,0,TRUE,FALSE,NA,NA,NA
"1572","Callitropsis","Callitropsis nootkatensis",NA,NA,NA,NA,NA,NA,NA,NA,NA,NA,FALSE,FALSE,NA,NA,NA
"1573","Calochortus","Calochortus invenustus",NA,NA,NA,NA,NA,NA,NA,NA,0.134680135,0.036363636,FALSE,FALSE,2.02e+11,1662,5.719999552
"1574","Calochortus","Calochortus luteus",NA,NA,NA,NA,NA,NA,NA,NA,0.134680135,0.036363636,FALSE,FALSE,2.09e+11,3978.389893,5.719999552
"1575","Calochortus","Calochortus superbus",NA,NA,NA,NA,NA,NA,NA,NA,0.134680135,0.036363636,FALSE,FALSE,1.49e+11,2802.949951,5.719999552
"1576","Calochortus","Calochortus tolmiei",NA,NA,NA,NA,NA,NA,NA,NA,0.134680135,0.036363636,FALSE,FALSE,1.95e+11,4338.499771,4.640000343
"1577","Caltha","Caltha palustris",59.125983434063,40.874016565937,"Forb/herb","Slow","No","Moderate","None","None",NA,NA,FALSE,FALSE,NA,NA,NA
"1578","Camassia","Camassia leichtlinii",NA,NA,NA,NA,NA,NA,NA,NA,0,0,FALSE,FALSE,NA,NA,NA
"1579","Eulobus","Eulobus californicus",NA,NA,NA,NA,NA,NA,NA,NA,NA,NA,FALSE,FALSE,3.76e+11,1471.01001,5.75999999
"1580","Cardamine","Cardamine angulata",NA,NA,NA,NA,NA,NA,NA,NA,0.16722408,0.076086957,TRUE,FALSE,NA,NA,NA
"1581","Cardamine","Cardamine californica",NA,NA,NA,NA,NA,NA,NA,NA,0.16722408,0.076086957,TRUE,FALSE,3.69e+11,4485.899765,5.819999933
"1582","Carex","Carex aperta",NA,NA,"Graminoid","Moderate","No","Long","None","None",0.024607728,0.104582844,TRUE,FALSE,NA,NA,NA
"1583","Carex","Carex aperta",NA,NA,"Graminoid","Moderate","No","Long","None","None",0,0,TRUE,FALSE,NA,NA,NA
"1584","Carex","Carex aperta",NA,NA,"Graminoid","Moderate","No","Long","None","None",0,0,TRUE,FALSE,NA,NA,NA
"1585","Carex","Carex aquatilis",31.1412583201709,3.56698940443715,"Graminoid","Moderate","No","Long","None","None",0.024607728,0.104582844,TRUE,FALSE,NA,NA,NA
"1586","Carex","Carex aquatilis",31.1412583201709,3.56698940443715,"Graminoid","Moderate","No","Long","None","None",0,0,TRUE,FALSE,NA,NA,NA
"1587","Carex","Carex aquatilis",31.1412583201709,3.56698940443715,"Graminoid","Moderate","No","Long","None","None",0,0,TRUE,FALSE,NA,NA,NA
"1588","Carex","Carex atherodes",NA,NA,"Graminoid","Moderate","No","Long","None","None",0.024607728,0.104582844,TRUE,FALSE,NA,NA,NA
"1589","Carex","Carex atherodes",NA,NA,"Graminoid","Moderate","No","Long","None","None",0,0,TRUE,FALSE,NA,NA,NA
"1590","Carex","Carex atherodes",NA,NA,"Graminoid","Moderate","No","Long","None","None",0,0,TRUE,FALSE,NA,NA,NA
"1591","Carex","Carex buxbaumii",51.331763271685,5.84157438556795,NA,NA,NA,NA,NA,NA,0.024607728,0.104582844,TRUE,FALSE,NA,NA,NA
"1592","Carex","Carex buxbaumii",51.331763271685,5.84157438556795,NA,NA,NA,NA,NA,NA,0,0,TRUE,FALSE,NA,NA,NA
"1593","Carex","Carex buxbaumii",51.331763271685,5.84157438556795,NA,NA,NA,NA,NA,NA,0,0,TRUE,FALSE,NA,NA,NA
"1594","Carex","Carex canescens",NA,NA,"Graminoid","Slow","No","Long","None","None",0.024607728,0.104582844,TRUE,FALSE,NA,NA,NA
"1595","Carex","Carex canescens",NA,NA,"Graminoid","Slow","No","Long","None","None",0,0,TRUE,FALSE,NA,NA,NA
"1596","Carex","Carex canescens",NA,NA,"Graminoid","Slow","No","Long","None","None",0,0,TRUE,FALSE,NA,NA,NA
"1597","Carex","Carex crawfordii",NA,NA,NA,NA,NA,NA,NA,NA,0.024607728,0.104582844,TRUE,FALSE,NA,NA,NA
"1598","Carex","Carex crawfordii",NA,NA,NA,NA,NA,NA,NA,NA,0,0,TRUE,FALSE,NA,NA,NA
"1599","Carex","Carex crawfordii",NA,NA,NA,NA,NA,NA,NA,NA,0,0,TRUE,FALSE,NA,NA,NA
"1600","Carex","Carex deweyana",NA,NA,"Graminoid","Moderate","No","Long","None","None",0.024607728,0.104582844,TRUE,FALSE,NA,NA,NA
"1601","Carex","Carex deweyana",NA,NA,"Graminoid","Moderate","No","Long","None","None",0,0,TRUE,FALSE,NA,NA,NA
"1602","Carex","Carex deweyana",NA,NA,"Graminoid","Moderate","No","Long","None","None",0,0,TRUE,FALSE,NA,NA,NA
"1603","Carex","Carex disperma",NA,NA,"Graminoid","Moderate","No","Moderate","None","None",0.024607728,0.104582844,TRUE,FALSE,NA,NA,NA
"1604","Carex","Carex disperma",NA,NA,"Graminoid","Moderate","No","Moderate","None","None",0,0,TRUE,FALSE,NA,NA,NA
"1605","Carex","Carex disperma",NA,NA,"Graminoid","Moderate","No","Moderate","None","None",0,0,TRUE,FALSE,NA,NA,NA
"1606","Carex","Carex echinata",5.55013836031251,11.3082555092151,"Graminoid","Slow","No","Moderate","None","None",0.024607728,0.104582844,TRUE,FALSE,NA,NA,NA
"1607","Carex","Carex echinata",5.55013836031251,11.3082555092151,"Graminoid","Slow","No","Moderate","None","None",0,0,TRUE,FALSE,NA,NA,NA
"1608","Carex","Carex echinata",5.55013836031251,11.3082555092151,"Graminoid","Slow","No","Moderate","None","None",0,0,TRUE,FALSE,NA,NA,NA
"1609","Carex","Carex filifolia",NA,NA,"Graminoid","Slow","No","Long","None","None",0.024607728,0.104582844,TRUE,FALSE,NA,NA,NA
"1610","Carex","Carex filifolia",NA,NA,"Graminoid","Slow","No","Long","None","None",0,0,TRUE,FALSE,NA,NA,NA
"1611","Carex","Carex filifolia",NA,NA,"Graminoid","Slow","No","Long","None","None",0,0,TRUE,FALSE,NA,NA,NA
"1612","Carex","Carex hendersonii",NA,NA,"Graminoid","Moderate","No","Moderate","None","None",0.024607728,0.104582844,TRUE,FALSE,NA,NA,NA
"1613","Carex","Carex hendersonii",NA,NA,"Graminoid","Moderate","No","Moderate","None","None",0,0,TRUE,FALSE,NA,NA,NA
"1614","Carex","Carex hendersonii",NA,NA,"Graminoid","Moderate","No","Moderate","None","None",0,0,TRUE,FALSE,NA,NA,NA
"1615","Carex","Carex inops",NA,NA,NA,NA,NA,NA,NA,NA,0.024607728,0.104582844,TRUE,FALSE,NA,NA,NA
"1616","Carex","Carex inops",NA,NA,NA,NA,NA,NA,NA,NA,0,0,TRUE,FALSE,NA,NA,NA
"1617","Carex","Carex inops",NA,NA,NA,NA,NA,NA,NA,NA,0,0,TRUE,FALSE,NA,NA,NA
"1618","Carex","Carex lenticularis",NA,NA,"Graminoid","Moderate","No","Long","None","None",0.024607728,0.104582844,TRUE,FALSE,NA,NA,NA
"1619","Carex","Carex lenticularis",NA,NA,"Graminoid","Moderate","No","Long","None","None",0,0,TRUE,FALSE,NA,NA,NA
"1620","Carex","Carex lenticularis",NA,NA,"Graminoid","Moderate","No","Long","None","None",0,0,TRUE,FALSE,NA,NA,NA
"1621","Carex","Carex leptalea",NA,NA,"Graminoid","Moderate","No","Moderate","None","None",0.024607728,0.104582844,TRUE,FALSE,NA,NA,NA
"1622","Carex","Carex leptalea",NA,NA,"Graminoid","Moderate","No","Moderate","None","None",0,0,TRUE,FALSE,NA,NA,NA
"1623","Carex","Carex leptalea",NA,NA,"Graminoid","Moderate","No","Moderate","None","None",0,0,TRUE,FALSE,NA,NA,NA
"1624","Carex","Carex praticola",NA,NA,NA,NA,NA,NA,NA,NA,0.024607728,0.104582844,TRUE,FALSE,69050089029,1201.210007,3.550000191
"1625","Carex","Carex praticola",NA,NA,NA,NA,NA,NA,NA,NA,0,0,TRUE,FALSE,69050089029,1201.210007,3.550000191
"1626","Carex","Carex praticola",NA,NA,NA,NA,NA,NA,NA,NA,0,0,TRUE,FALSE,69050089029,1201.210007,3.550000191
"1627","Carex","Carex retrorsa",NA,NA,NA,NA,NA,NA,NA,NA,0.024607728,0.104582844,TRUE,FALSE,NA,NA,NA
"1628","Carex","Carex retrorsa",NA,NA,NA,NA,NA,NA,NA,NA,0,0,TRUE,FALSE,NA,NA,NA
"1629","Carex","Carex retrorsa",NA,NA,NA,NA,NA,NA,NA,NA,0,0,TRUE,FALSE,NA,NA,NA
"1630","Carex","Carex rostrata",38.9515560180995,21.305594707962,"Graminoid","Moderate","No","Moderate","None","None",0.024607728,0.104582844,TRUE,FALSE,NA,NA,NA
"1631","Carex","Carex rostrata",38.9515560180995,21.305594707962,"Graminoid","Moderate","No","Moderate","None","None",0,0,TRUE,FALSE,NA,NA,NA
"1632","Carex","Carex rostrata",38.9515560180995,21.305594707962,"Graminoid","Moderate","No","Moderate","None","None",0,0,TRUE,FALSE,NA,NA,NA
"1633","Carex","Carex scoparia",NA,NA,"Graminoid","Moderate","No","Long","None","None",0.024607728,0.104582844,TRUE,FALSE,NA,NA,NA
"1634","Carex","Carex scoparia",NA,NA,"Graminoid","Moderate","No","Long","None","None",0,0,TRUE,FALSE,NA,NA,NA
"1635","Carex","Carex scoparia",NA,NA,"Graminoid","Moderate","No","Long","None","None",0,0,TRUE,FALSE,NA,NA,NA
"1636","Carex","Carex scopulorum",NA,NA,"Graminoid","Moderate","No","Moderate","None","None",0.024607728,0.104582844,TRUE,FALSE,NA,NA,NA
"1637","Carex","Carex scopulorum",NA,NA,"Graminoid","Moderate","No","Moderate","None","None",0,0,TRUE,FALSE,NA,NA,NA
"1638","Carex","Carex scopulorum",NA,NA,"Graminoid","Moderate","No","Moderate","None","None",0,0,TRUE,FALSE,NA,NA,NA
"1639","Carex","Carex stipata",NA,NA,"Graminoid","Slow","No","Moderate","None","None",0.024607728,0.104582844,TRUE,FALSE,NA,NA,NA
"1640","Carex","Carex stipata",NA,NA,"Graminoid","Slow","No","Moderate","None","None",0,0,TRUE,FALSE,NA,NA,NA
"1641","Carex","Carex stipata",NA,NA,"Graminoid","Slow","No","Moderate","None","None",0,0,TRUE,FALSE,NA,NA,NA
"1642","Carex","Carex tribuloides",NA,NA,"Graminoid","Slow","No","Moderate","None","None",0.024607728,0.104582844,TRUE,FALSE,NA,NA,NA
"1643","Carex","Carex tribuloides",NA,NA,"Graminoid","Slow","No","Moderate","None","None",0,0,TRUE,FALSE,NA,NA,NA
"1644","Carex","Carex tribuloides",NA,NA,"Graminoid","Slow","No","Moderate","None","None",0,0,TRUE,FALSE,NA,NA,NA
"1645","Carex","Carex oederi var. oederi",19.6383542655378,22.811107417058,"Graminoid","Moderate","No","Moderate","None","None",0.024607728,0.104582844,TRUE,FALSE,NA,NA,NA
"1646","Carex","Carex oederi var. oederi",19.6383542655378,22.811107417058,"Graminoid","Moderate","No","Moderate","None","None",0,0,TRUE,FALSE,NA,NA,NA
"1647","Carex","Carex oederi var. oederi",19.6383542655378,22.811107417058,"Graminoid","Moderate","No","Moderate","None","None",0,0,TRUE,FALSE,NA,NA,NA
"1648","Carex","Carex vulpinoidea",17.2299893017503,22.7554865644681,"Graminoid","Moderate","No","Long","None","None",0.024607728,0.104582844,TRUE,TRUE,NA,NA,NA
"1649","Carex","Carex vulpinoidea",17.2299893017503,22.7554865644681,"Graminoid","Moderate","No","Long","None","None",0,0,TRUE,TRUE,NA,NA,NA
"1650","Carex","Carex vulpinoidea",17.2299893017503,22.7554865644681,"Graminoid","Moderate","No","Long","None","None",0,0,TRUE,TRUE,NA,NA,NA
"1651","Carex","Carex vulpinoidea",16.9317725872949,30.0856666371167,"Graminoid","Moderate","No","Long","None","None",0.024607728,0.104582844,TRUE,TRUE,NA,NA,NA
"1652","Carex","Carex vulpinoidea",16.9317725872949,30.0856666371167,"Graminoid","Moderate","No","Long","None","None",0,0,TRUE,TRUE,NA,NA,NA
"1653","Carex","Carex vulpinoidea",16.9317725872949,30.0856666371167,"Graminoid","Moderate","No","Long","None","None",0,0,TRUE,TRUE,NA,NA,NA
"1654","Castilleja","Castilleja angustifolia",NA,NA,"Subshrub, Forb/herb","Moderate","No","Moderate","None","None",0.385964912,0.144736842,FALSE,FALSE,1.25e+12,4015.060059,7.460000396
"1655","Castilleja","Castilleja applegatei",NA,NA,"Subshrub, Forb/herb","Slow","No","Moderate","None","None",0.385964912,0.144736842,FALSE,FALSE,1.25e+12,4505.009766,5.920000315
"1656","Castilleja","Castilleja foliolosa",NA,NA,NA,NA,NA,NA,NA,NA,0.385964912,0.144736842,FALSE,FALSE,2.48e+11,3959.279892,5.719999552
"1657","Castilleja","Castilleja hispida",NA,NA,"Subshrub, Forb/herb","Rapid","No","Short","None","None",0.385964912,0.144736842,FALSE,FALSE,NA,NA,NA
"1658","Castilleja","Castilleja miniata",NA,NA,NA,NA,NA,NA,NA,NA,0.385964912,0.144736842,FALSE,FALSE,NA,NA,NA
"1659","Castilleja","Castilleja parviflora",NA,NA,NA,NA,NA,NA,NA,NA,0.385964912,0.144736842,FALSE,FALSE,NA,NA,NA
"1660","Castilleja","Castilleja tenuis",NA,NA,NA,NA,NA,NA,NA,NA,0.385964912,0.144736842,FALSE,FALSE,NA,NA,NA
"1661","Catalpa","Catalpa bignonioides",NA,NA,"Tree","Rapid","No","Long","None","None",0,0,TRUE,FALSE,NA,NA,NA
"1662","Ceanothus","Ceanothus incanus",NA,NA,NA,NA,NA,NA,NA,NA,0.653120464,0.169811321,FALSE,FALSE,53632715893,3758.299896,4
"1663","Ceanothus","Ceanothus palmeri",NA,NA,NA,NA,NA,NA,NA,NA,0.653120464,0.169811321,FALSE,FALSE,93320148509,1690.740036,4.559999466
"1664","Ceanothus","Ceanothus parryi",NA,NA,NA,NA,NA,NA,NA,NA,0.653120464,0.169811321,FALSE,FALSE,31573045248,3643.249878,3.380000114
"1665","Ceanothus","Ceanothus purpureus",NA,NA,NA,NA,NA,NA,NA,NA,0.653120464,0.169811321,FALSE,FALSE,8147932915,1514.129974,2.900000095
"1666","Ceanothus","Ceanothus sanguineus",NA,NA,"Shrub","Slow","No","Moderate","Low","None",0.653120464,0.169811321,FALSE,FALSE,NA,NA,NA
"1667","Centromadia","Centromadia pungens",NA,NA,NA,NA,NA,NA,NA,NA,NA,NA,FALSE,FALSE,NA,NA,NA
"1668","Cerastium","Cerastium arvense",3.51729599985024,54.8777238988839,NA,NA,NA,NA,NA,NA,0.153508772,0.072916667,TRUE,TRUE,NA,NA,NA
"1669","Ceratophyllum","Ceratophyllum demersum",23.8812717190573,76.1187282809427,"Forb/herb","Rapid","No","Moderate","None","None",0,0,TRUE,TRUE,NA,NA,NA
"1670","Cercis","Cercis orbiculata",NA,NA,NA,NA,NA,NA,NA,NA,NA,NA,FALSE,FALSE,4.75e+11,3945.389893,7.460000396
"1671","Chaenactis","Chaenactis douglasii",NA,NA,"Forb/herb","Moderate","No","Short","None","None",0.865800866,0.090909091,FALSE,FALSE,NA,NA,NA
"1672","Chaenactis","Chaenactis stevioides",NA,NA,NA,NA,NA,NA,NA,NA,0.865800866,0.090909091,FALSE,FALSE,NA,NA,NA
"1673","Chamaecyparis","Chamaecyparis lawsoniana",NA,NA,"Tree","Moderate","No","Long","None","None",5,0.1,TRUE,TRUE,NA,NA,NA
"1674","Epilobium","Epilobium angustifolium",39.1210750909054,30.1890211204146,"Forb/herb","Rapid","No","Moderate","None","None",0,0,TRUE,FALSE,NA,NA,NA
"1675","Epilobium","Epilobium angustifolium",39.1210750909054,30.1890211204146,"Forb/herb","Rapid","No","Moderate","None","None",0.834575261,0.504918033,TRUE,FALSE,NA,NA,NA
"1676","Epilobium","Epilobium angustifolium",34.6426294023371,48.2528614417038,"Forb/herb","Rapid","No","Moderate","None","None",0,0,TRUE,FALSE,NA,NA,NA
"1677","Epilobium","Epilobium angustifolium",34.6426294023371,48.2528614417038,"Forb/herb","Rapid","No","Moderate","None","None",0.834575261,0.504918033,TRUE,FALSE,NA,NA,NA
"1678","Chenopodium","Chenopodium album",NA,NA,NA,NA,NA,NA,NA,NA,0.021905805,0.018072289,TRUE,TRUE,NA,NA,NA
"1679","Chenopodium","Chenopodium berlandieri",NA,NA,NA,NA,NA,NA,NA,NA,0.021905805,0.018072289,TRUE,TRUE,NA,NA,NA
"1680","Chimaphila","Chimaphila umbellata",NA,NA,"Subshrub","Slow","No","Long","None","None",0,0,FALSE,FALSE,NA,NA,NA
"1681","Chrysolepis","Chrysolepis sempervirens",NA,NA,"Shrub","Slow","No","Moderate","None","None",0,0,FALSE,FALSE,3.44e+11,4005.909912,5.819999933
"1682","Chrysothamnus","Chrysothamnus viscidiflorus",NA,NA,"Shrub","Moderate","No","Short","None","None",0.925925926,0.125,FALSE,FALSE,NA,NA,NA
"1683","Cicuta","Cicuta douglasii",NA,NA,"Forb/herb","Rapid","No","Short","None","Severe",0,0,FALSE,FALSE,NA,NA,NA
"1684","Cicuta","Cicuta maculata",NA,NA,NA,NA,NA,NA,NA,NA,0,0,FALSE,FALSE,NA,NA,NA
"1685","Circaea","Circaea alpina",22.9472418399603,70.3989226763447,"Forb/herb","Moderate","No","Moderate","None","None",20,0.5,FALSE,FALSE,NA,NA,NA
"1686","Cirsium","Cirsium douglasii",NA,NA,NA,NA,NA,NA,NA,NA,0.245630609,0.178082192,TRUE,FALSE,2.09e+11,3892.039886,5.099999905
"1687","Cistanthe","Cistanthe umbellata",NA,NA,NA,NA,NA,NA,NA,NA,NA,NA,FALSE,FALSE,NA,NA,NA
"1688","Clarkia","Clarkia gracilis",NA,NA,"Forb/herb","Rapid","No",NA,"None","None",0.769230769,0.15,FALSE,FALSE,2.49e+11,5086.09996,5.099999905
"1689","Clarkia","Clarkia pulchella",NA,NA,"Forb/herb","Rapid","No",NA,"None","None",0.769230769,0.15,FALSE,FALSE,NA,NA,NA
"1690","Clarkia","Clarkia rhomboidea",NA,NA,NA,NA,NA,NA,NA,NA,0.769230769,0.15,FALSE,FALSE,NA,NA,NA
"1691","Claytonia","Claytonia lanceolata",NA,NA,NA,NA,NA,NA,NA,NA,1.13960114,0.148148148,TRUE,FALSE,NA,NA,NA
"1692","Clinopodium","Clinopodium vulgare",NA,NA,NA,NA,NA,NA,NA,NA,0,0,TRUE,TRUE,NA,NA,NA
"1693","Clintonia","Clintonia andrewsiana",NA,NA,NA,NA,NA,NA,NA,NA,0,0,FALSE,FALSE,44037848773,4276.029755,3.849999905
"1694","Collinsia","Collinsia grandiflora",NA,NA,NA,NA,NA,NA,NA,NA,1.754385965,0.157894737,FALSE,FALSE,NA,NA,NA
"1695","Collinsia","Collinsia parviflora",NA,NA,"Forb/herb","Rapid","No",NA,"None","None",1.754385965,0.157894737,FALSE,FALSE,NA,NA,NA
"1696","Collomia","Collomia grandiflora",NA,NA,NA,NA,NA,NA,NA,NA,0,0,TRUE,FALSE,NA,NA,NA
"1697","Comandra","Comandra umbellata",NA,NA,NA,NA,NA,NA,NA,NA,NA,NA,FALSE,FALSE,NA,NA,NA
"1698","Comarum","Comarum palustre",32.0849257555208,26.5089400934212,NA,NA,NA,NA,NA,NA,NA,NA,FALSE,FALSE,NA,NA,NA
"1699","Erigeron","Erigeron canadensis",9.98092326076252,47.7391826761411,"Forb/herb","Rapid","No",NA,"None","None",1.086956522,0.125,TRUE,TRUE,NA,NA,NA
"1700","Erigeron","Erigeron canadensis",9.98092326076252,47.7391826761411,"Forb/herb","Rapid","No",NA,"None","None",0.073664825,0.066298343,TRUE,TRUE,NA,NA,NA
"1701","Erigeron","Erigeron canadensis",9.98092326076252,47.7391826761411,"Forb/herb","Rapid","No",NA,"None","None",0,0,TRUE,TRUE,NA,NA,NA
"1702","Erigeron","Erigeron canadensis",19.3110603083901,37.3753902320763,"Forb/herb","Rapid","No",NA,"None","None",1.086956522,0.125,TRUE,TRUE,NA,NA,NA
"1703","Erigeron","Erigeron canadensis",19.3110603083901,37.3753902320763,"Forb/herb","Rapid","No",NA,"None","None",0.073664825,0.066298343,TRUE,TRUE,NA,NA,NA
"1704","Erigeron","Erigeron canadensis",19.3110603083901,37.3753902320763,"Forb/herb","Rapid","No",NA,"None","None",0,0,TRUE,TRUE,NA,NA,NA
"1705","Coreopsis","Coreopsis lanceolata",NA,NA,"Forb/herb","Moderate","No","Moderate","None","None",0,0,TRUE,TRUE,NA,NA,NA
"1706","Coreopsis","Coreopsis tinctoria",52.4372501572991,47.5627498427009,"Forb/herb","Rapid","No","Short","None","None",0,0,TRUE,TRUE,NA,NA,NA
"1707","Cornus","Cornus unalaschkensis",NA,NA,NA,NA,NA,NA,NA,NA,1.322751323,0.178571429,TRUE,FALSE,NA,NA,NA
"1708","Corydalis","Corydalis caseana",NA,NA,"Forb/herb","Moderate","No","Moderate","None","Moderate",0,0,FALSE,FALSE,2.27e+11,4328.700058,4.949999571
"1709","Corydalis","Corydalis scouleri",NA,NA,NA,NA,NA,NA,NA,NA,0,0,FALSE,FALSE,NA,NA,NA
"1710","Crataegus","Crataegus suksdorfii",NA,NA,NA,NA,NA,NA,NA,NA,0.737704918,0.221311475,TRUE,FALSE,NA,NA,NA
"1711","Crepis","Crepis acuminata",NA,NA,"Forb/herb","Moderate","No","Short","None","None",0.101405186,0.059322034,TRUE,FALSE,1.64e+12,4015.060059,7.460000396
"1712","Crepis","Crepis occidentalis",NA,NA,"Forb/herb","Moderate","No","Moderate","None","None",0.101405186,0.059322034,TRUE,FALSE,NA,NA,NA
"1713","Crepis","Crepis runcinata",NA,NA,"Forb/herb","Moderate","No","Short","None","None",0.101405186,0.059322034,TRUE,FALSE,NA,NA,NA
"1714","Croton","Croton setigerus",NA,NA,NA,NA,NA,NA,NA,NA,0,0,TRUE,FALSE,NA,NA,NA
"1715","Cryptantha","Cryptantha clevelandii",NA,NA,NA,NA,NA,NA,NA,NA,0.012498438,0.007874016,FALSE,FALSE,80690568866,1817.299973,4.559999466
"1716","Cryptantha","Cryptantha muricata",NA,NA,NA,NA,NA,NA,NA,NA,0.012498438,0.007874016,FALSE,FALSE,4.43e+11,2835.949951,5.859999895
"1717","Cuscuta","Cuscuta pentagona",NA,NA,NA,NA,NA,NA,NA,NA,0,0,TRUE,TRUE,NA,NA,NA
"1718","Cycladenia","Cycladenia humilis",NA,NA,NA,NA,NA,NA,NA,NA,NA,NA,FALSE,FALSE,3.19e+11,3978.389893,7.460000396
"1719","Cynoglossum","Cynoglossum grande",NA,NA,NA,NA,NA,NA,NA,NA,0.333333333,0.04,TRUE,FALSE,2.59e+11,4642.839844,5.529999971
"1720","Cyperus","Cyperus acuminatus",NA,NA,"Graminoid","Rapid","No","Short","None","None",0,0,TRUE,FALSE,NA,NA,NA
"1721","Cyperus","Cyperus acuminatus",NA,NA,"Graminoid","Rapid","No","Short","None","None",0,0,TRUE,FALSE,NA,NA,NA
"1722","Cyperus","Cyperus acuminatus",NA,NA,"Graminoid","Rapid","No","Short","None","None",0,0,TRUE,FALSE,NA,NA,NA
"1723","Cyperus","Cyperus acuminatus",NA,NA,"Graminoid","Rapid","No","Short","None","None",0,0,TRUE,FALSE,NA,NA,NA
"1724","Cyperus","Cyperus acuminatus",NA,NA,"Graminoid","Rapid","No","Short","None","None",0,0,TRUE,FALSE,NA,NA,NA
"1725","Cyperus","Cyperus acuminatus",NA,NA,"Graminoid","Rapid","No","Short","None","None",0,0,TRUE,FALSE,NA,NA,NA
"1726","Cyperus","Cyperus acuminatus",NA,NA,"Graminoid","Rapid","No","Short","None","None",0,0,TRUE,FALSE,NA,NA,NA
"1727","Cyperus","Cyperus erythrorhizos",NA,NA,"Graminoid","Rapid","No","Short","None","None",0,0,TRUE,FALSE,NA,NA,NA
"1728","Cyperus","Cyperus erythrorhizos",NA,NA,"Graminoid","Rapid","No","Short","None","None",0,0,TRUE,FALSE,NA,NA,NA
"1729","Cyperus","Cyperus erythrorhizos",NA,NA,"Graminoid","Rapid","No","Short","None","None",0,0,TRUE,FALSE,NA,NA,NA
"1730","Cyperus","Cyperus erythrorhizos",NA,NA,"Graminoid","Rapid","No","Short","None","None",0,0,TRUE,FALSE,NA,NA,NA
"1731","Cyperus","Cyperus erythrorhizos",NA,NA,"Graminoid","Rapid","No","Short","None","None",0,0,TRUE,FALSE,NA,NA,NA
"1732","Cyperus","Cyperus erythrorhizos",NA,NA,"Graminoid","Rapid","No","Short","None","None",0,0,TRUE,FALSE,NA,NA,NA
"1733","Cyperus","Cyperus erythrorhizos",NA,NA,"Graminoid","Rapid","No","Short","None","None",0,0,TRUE,FALSE,NA,NA,NA
"1734","Cyperus","Cyperus strigosus",NA,NA,"Graminoid","Moderate","No","Long","None","None",0,0,TRUE,TRUE,NA,NA,NA
"1735","Cyperus","Cyperus strigosus",NA,NA,"Graminoid","Moderate","No","Long","None","None",0,0,TRUE,TRUE,NA,NA,NA
"1736","Cyperus","Cyperus strigosus",NA,NA,"Graminoid","Moderate","No","Long","None","None",0,0,TRUE,TRUE,NA,NA,NA
"1737","Cyperus","Cyperus strigosus",NA,NA,"Graminoid","Moderate","No","Long","None","None",0,0,TRUE,TRUE,NA,NA,NA
"1738","Cyperus","Cyperus strigosus",NA,NA,"Graminoid","Moderate","No","Long","None","None",0,0,TRUE,TRUE,NA,NA,NA
"1739","Cyperus","Cyperus strigosus",NA,NA,"Graminoid","Moderate","No","Long","None","None",0,0,TRUE,TRUE,NA,NA,NA
"1740","Cyperus","Cyperus strigosus",NA,NA,"Graminoid","Moderate","No","Long","None","None",0,0,TRUE,TRUE,NA,NA,NA
"1741","Cystopteris","Cystopteris fragilis",31.1180047026309,68.8819952973691,NA,NA,NA,NA,NA,NA,NA,NA,FALSE,FALSE,NA,NA,NA
"1742","Danthonia","Danthonia intermedia",NA,NA,"Graminoid","Moderate","No","Short","None","None",0.793650794,0.138888889,FALSE,FALSE,NA,NA,NA
"1743","Danthonia","Danthonia spicata",18.6351431474918,4.1714060178243,NA,NA,NA,NA,NA,NA,0.793650794,0.138888889,FALSE,FALSE,NA,NA,NA
"1744","Danthonia","Danthonia unispicata",NA,NA,"Graminoid","Rapid","No","Short","None","None",0.793650794,0.138888889,FALSE,FALSE,NA,NA,NA
"1745","Daucus","Daucus pusillus",NA,NA,NA,NA,NA,NA,NA,NA,0,0,TRUE,FALSE,NA,NA,NA
"1746","Daucus","Daucus pusillus",NA,NA,NA,NA,NA,NA,NA,NA,0,0,TRUE,FALSE,NA,NA,NA
"1747","Delphinium","Delphinium californicum",NA,NA,NA,NA,NA,NA,NA,NA,0.910973085,0.314285714,TRUE,FALSE,54305091718,1718.899963,5.299999475
"1748","Delphinium","Delphinium depauperatum",NA,NA,NA,NA,NA,NA,NA,NA,0.910973085,0.314285714,TRUE,FALSE,NA,NA,NA
"1749","Delphinium","Delphinium glaucum",NA,NA,"Forb/herb","Rapid","No","Short","None","Severe",0.910973085,0.314285714,TRUE,FALSE,NA,NA,NA
"1750","Delphinium","Delphinium menziesii",NA,NA,NA,NA,NA,NA,NA,NA,0.910973085,0.314285714,TRUE,FALSE,NA,NA,NA
"1751","Delphinium","Delphinium nuttallianum",NA,NA,NA,NA,NA,NA,NA,NA,0.910973085,0.314285714,TRUE,FALSE,NA,NA,NA
"1752","Delphinium","Delphinium nuttallii",NA,NA,NA,NA,NA,NA,NA,NA,0.910973085,0.314285714,TRUE,FALSE,98676718376,5311.359955,4.010000229
"1753","Delphinium","Delphinium trolliifolium",NA,NA,NA,NA,NA,NA,NA,NA,0.910973085,0.314285714,TRUE,FALSE,87548307338,4200.559937,3.309999943
"1754","Deschampsia","Deschampsia cespitosa subsp. cespitosa",NA,NA,"Graminoid","Moderate","No","Long","None","None",0,0,TRUE,TRUE,NA,NA,NA
"1755","Deschampsia","Deschampsia danthonioides",NA,NA,"Graminoid","Moderate","No",NA,"None","None",0,0,TRUE,FALSE,NA,NA,NA
"1756","Descurainia","Descurainia pinnata",NA,NA,NA,NA,NA,NA,NA,NA,0,0,TRUE,TRUE,NA,NA,NA
"1757","Dicentra","Dicentra cucullaria",NA,NA,NA,NA,NA,NA,NA,NA,0,0,FALSE,FALSE,NA,NA,NA
"1758","Dichanthelium","Dichanthelium acuminatum",NA,NA,NA,NA,NA,NA,NA,NA,0,0,TRUE,TRUE,NA,NA,NA
"1759","Dichelostemma","Dichelostemma congestum",NA,NA,NA,NA,NA,NA,NA,NA,20,0.4,FALSE,FALSE,NA,NA,NA
"1760","Dichelostemma","Dichelostemma volubile",NA,NA,NA,NA,NA,NA,NA,NA,20,0.4,FALSE,FALSE,1.23e+11,2787.54995,5.719999552
"1761","Diospyros","Diospyros virginiana",12.7725681874267,6.59006641102892,"Tree","Slow","No","Long","None","None",100,0.5,TRUE,FALSE,NA,NA,NA
"1762","Primula","Primula latiloba",NA,NA,NA,NA,NA,NA,NA,NA,0,0,TRUE,FALSE,NA,NA,NA
"1763","Primula","Primula latiloba",NA,NA,NA,NA,NA,NA,NA,NA,0.784313725,0.196078431,TRUE,FALSE,NA,NA,NA
"1764","Primula","Primula jeffreyi",NA,NA,NA,NA,NA,NA,NA,NA,0,0,TRUE,FALSE,NA,NA,NA
"1765","Primula","Primula jeffreyi",NA,NA,NA,NA,NA,NA,NA,NA,0.784313725,0.196078431,TRUE,FALSE,NA,NA,NA
"1766","Primula","Primula pauciflora var. pauciflora",NA,NA,"Forb/herb",NA,"No","Moderate","None","None",0,0,TRUE,FALSE,NA,NA,NA
"1767","Primula","Primula pauciflora var. pauciflora",NA,NA,"Forb/herb",NA,"No","Moderate","None","None",0.784313725,0.196078431,TRUE,FALSE,NA,NA,NA
"1768","Downingia","Downingia elegans",NA,NA,NA,NA,NA,NA,NA,NA,0.653594771,0.055555556,FALSE,FALSE,NA,NA,NA
"1769","Downingia","Downingia yina",NA,NA,NA,NA,NA,NA,NA,NA,0.653594771,0.055555556,FALSE,FALSE,2.73e+11,5339.429962,5.130000114
"1770","Draperia","Draperia systyla",NA,NA,NA,NA,NA,NA,NA,NA,NA,NA,FALSE,FALSE,1.17e+11,3857.889893,5.529999971
"1771","Drosera","Drosera rotundifolia",3.65702923493707,96.3429707650629,NA,NA,NA,NA,NA,NA,1,0.12,FALSE,FALSE,NA,NA,NA
"1772","Dryas","Dryas drummondii",NA,NA,"Shrub, Forb/herb, Subshrub","Slow","No","Short","Low","None",NA,NA,FALSE,FALSE,NA,NA,NA
"1773","Dulichium","Dulichium arundinaceum",NA,NA,"Graminoid","Moderate","No","Moderate","None","None",NA,NA,FALSE,FALSE,NA,NA,NA
"1774","Echinocystis","Echinocystis lobata",NA,NA,NA,NA,NA,NA,NA,NA,NA,NA,TRUE,TRUE,NA,NA,NA
"1775","Ehrendorferia","Ehrendorferia chrysantha",NA,NA,NA,NA,NA,NA,NA,NA,NA,NA,FALSE,FALSE,2.23e+11,2283.589951,5.719999552
"1776","Eleocharis","Eleocharis acicularis",0,100,"Graminoid","Moderate","No","Moderate","None","None",0.057110223,0.029126214,TRUE,TRUE,NA,NA,NA
"1777","Eleocharis","Eleocharis obtusa",23.0912456441301,38.039429953929,"Graminoid","Moderate","No","Short","None","None",0.057110223,0.029126214,TRUE,TRUE,NA,NA,NA
"1778","Eleocharis","Eleocharis ovata",9.85847209234607,37.7567950496463,"Graminoid","Moderate","No",NA,"None","None",0.057110223,0.029126214,TRUE,FALSE,NA,NA,NA
"1779","Eleocharis","Eleocharis palustris",NA,NA,"Graminoid","Moderate","No","Moderate","None","None",0.057110223,0.029126214,TRUE,FALSE,NA,NA,NA
"1780","Eleocharis","Eleocharis parvula",NA,NA,"Graminoid","Moderate","No","Moderate","None","None",0.057110223,0.029126214,TRUE,FALSE,NA,NA,NA
"1781","Eleocharis","Eleocharis quadrangulata",NA,NA,"Graminoid","Moderate","No","Moderate","None","None",0.057110223,0.029126214,TRUE,FALSE,NA,NA,NA
"1782","Eleocharis","Eleocharis rostellata",NA,NA,"Graminoid","Moderate","No","Moderate","None","None",0.057110223,0.029126214,TRUE,FALSE,NA,NA,NA
"1783","Elodea","Elodea canadensis",2.40025675648591,52.2028210116051,"Forb/herb","Rapid","No","Long","None","None",0,0,TRUE,TRUE,957377695,161.0700684,1.789999962
"1784","Elymus","Elymus canadensis",28.0838666061886,21.8880635879848,"Graminoid","Rapid","No","Short","None","None",1.797814208,0.539344262,TRUE,FALSE,NA,NA,NA
"1785","Elymus","Elymus canadensis",28.0838666061886,21.8880635879848,"Graminoid","Rapid","No","Short","None","None",3.846153846,0.25,TRUE,FALSE,NA,NA,NA
"1786","Elymus","Elymus canadensis",28.0838666061886,21.8880635879848,"Graminoid","Rapid","No","Short","None","None",200,1,TRUE,FALSE,NA,NA,NA
"1787","Emmenanthe","Emmenanthe penduliflora",NA,NA,NA,NA,NA,NA,NA,NA,NA,NA,FALSE,FALSE,4.77e+11,2835.949951,5.920000315
"1788","Empetrum","Empetrum nigrum",0,0,"Subshrub, Shrub","Slow","No","Moderate","None","None",0,0,FALSE,FALSE,NA,NA,NA
"1789","Epilobium","Epilobium ciliatum",19.3089130857331,80.6910869142669,NA,NA,NA,NA,NA,NA,0,0,TRUE,TRUE,NA,NA,NA
"1790","Epilobium","Epilobium ciliatum",19.3089130857331,80.6910869142669,NA,NA,NA,NA,NA,NA,0.834575261,0.504918033,TRUE,TRUE,NA,NA,NA
"1791","Epilobium","Epilobium densiflorum",NA,NA,NA,NA,NA,NA,NA,NA,0,0,TRUE,FALSE,NA,NA,NA
"1792","Epilobium","Epilobium densiflorum",NA,NA,NA,NA,NA,NA,NA,NA,0.834575261,0.504918033,TRUE,FALSE,NA,NA,NA
"1793","Epilobium","Epilobium minutum",NA,NA,NA,NA,NA,NA,NA,NA,0,0,TRUE,FALSE,NA,NA,NA
"1794","Epilobium","Epilobium minutum",NA,NA,NA,NA,NA,NA,NA,NA,0.834575261,0.504918033,TRUE,FALSE,NA,NA,NA
"1795","Equisetum","Equisetum fluviatile",15.770139848662,0,"Forb/herb","Rapid","No","Long","None","None",2.70531401,0.608695652,TRUE,FALSE,NA,NA,NA
"1796","Equisetum","Equisetum laevigatum",NA,NA,"Forb/herb","Rapid","No","Moderate","None","Moderate",2.70531401,0.608695652,TRUE,FALSE,NA,NA,NA
"1797","Eragrostis","Eragrostis hypnoides",NA,NA,"Graminoid","Slow","No",NA,"None","None",0,0,TRUE,FALSE,NA,NA,NA
"1798","Eragrostis","Eragrostis pectinacea",21.4881811734823,30.5096299650623,NA,NA,NA,NA,NA,NA,0,0,TRUE,TRUE,NA,NA,NA
"1799","Ericameria","Ericameria arborescens",NA,NA,NA,NA,NA,NA,NA,NA,1.307189542,0.111111111,FALSE,FALSE,1.95e+11,4456.609764,5.719999552
"1800","Ericameria","Ericameria bloomeri",NA,NA,NA,NA,NA,NA,NA,NA,1.307189542,0.111111111,FALSE,FALSE,NA,NA,NA
"1801","Erigeron","Erigeron annuus",41.2664472364883,45.7879127017362,NA,NA,NA,NA,NA,NA,1.086956522,0.125,TRUE,TRUE,NA,NA,NA
"1802","Erigeron","Erigeron annuus",41.2664472364883,45.7879127017362,NA,NA,NA,NA,NA,NA,0.073664825,0.066298343,TRUE,TRUE,NA,NA,NA
"1803","Erigeron","Erigeron annuus",41.2664472364883,45.7879127017362,NA,NA,NA,NA,NA,NA,0,0,TRUE,TRUE,NA,NA,NA
"1804","Erigeron","Erigeron compositus",NA,NA,"Forb/herb","Moderate","No","Moderate","None","None",1.086956522,0.125,TRUE,FALSE,NA,NA,NA
"1805","Erigeron","Erigeron compositus",NA,NA,"Forb/herb","Moderate","No","Moderate","None","None",0.073664825,0.066298343,TRUE,FALSE,NA,NA,NA
"1806","Erigeron","Erigeron compositus",NA,NA,"Forb/herb","Moderate","No","Moderate","None","None",0,0,TRUE,FALSE,NA,NA,NA
"1807","Erigeron","Erigeron corymbosus",NA,NA,NA,NA,NA,NA,NA,NA,1.086956522,0.125,TRUE,FALSE,NA,NA,NA
"1808","Erigeron","Erigeron corymbosus",NA,NA,NA,NA,NA,NA,NA,NA,0.073664825,0.066298343,TRUE,FALSE,NA,NA,NA
"1809","Erigeron","Erigeron corymbosus",NA,NA,NA,NA,NA,NA,NA,NA,0,0,TRUE,FALSE,NA,NA,NA
"1810","Erigeron","Erigeron peregrinus",NA,NA,"Forb/herb","Moderate","No","Moderate","None","None",1.086956522,0.125,TRUE,FALSE,NA,NA,NA
"1811","Erigeron","Erigeron peregrinus",NA,NA,"Forb/herb","Moderate","No","Moderate","None","None",0.073664825,0.066298343,TRUE,FALSE,NA,NA,NA
"1812","Erigeron","Erigeron peregrinus",NA,NA,"Forb/herb","Moderate","No","Moderate","None","None",0,0,TRUE,FALSE,NA,NA,NA
"1813","Erigeron","Erigeron philadelphicus",NA,NA,"Forb/herb","Moderate","No","Short","None","None",1.086956522,0.125,TRUE,TRUE,NA,NA,NA
"1814","Erigeron","Erigeron philadelphicus",NA,NA,"Forb/herb","Moderate","No","Short","None","None",0.073664825,0.066298343,TRUE,TRUE,NA,NA,NA
"1815","Erigeron","Erigeron philadelphicus",NA,NA,"Forb/herb","Moderate","No","Short","None","None",0,0,TRUE,TRUE,NA,NA,NA
"1816","Erigeron","Erigeron speciosus",22.8497828046859,37.1120200611711,NA,NA,NA,NA,NA,NA,1.086956522,0.125,TRUE,FALSE,NA,NA,NA
"1817","Erigeron","Erigeron speciosus",22.8497828046859,37.1120200611711,NA,NA,NA,NA,NA,NA,0.073664825,0.066298343,TRUE,FALSE,NA,NA,NA
"1818","Erigeron","Erigeron speciosus",22.8497828046859,37.1120200611711,NA,NA,NA,NA,NA,NA,0,0,TRUE,FALSE,NA,NA,NA
"1819","Erigeron","Erigeron strigosus",13.419990593443,42.1095856640795,"Forb/herb","Moderate","No","Short","None","None",1.086956522,0.125,TRUE,TRUE,NA,NA,NA
"1820","Erigeron","Erigeron strigosus",13.419990593443,42.1095856640795,"Forb/herb","Moderate","No","Short","None","None",0.073664825,0.066298343,TRUE,TRUE,NA,NA,NA
"1821","Erigeron","Erigeron strigosus",13.419990593443,42.1095856640795,"Forb/herb","Moderate","No","Short","None","None",0,0,TRUE,TRUE,NA,NA,NA
"1822","Erigeron","Erigeron subtrinervis",NA,NA,NA,NA,NA,NA,NA,NA,1.086956522,0.125,TRUE,FALSE,6.38e+11,5860.950233,7.460000396
"1823","Erigeron","Erigeron subtrinervis",NA,NA,NA,NA,NA,NA,NA,NA,0.073664825,0.066298343,TRUE,FALSE,6.38e+11,5860.950233,7.460000396
"1824","Erigeron","Erigeron subtrinervis",NA,NA,NA,NA,NA,NA,NA,NA,0,0,TRUE,FALSE,6.38e+11,5860.950233,7.460000396
"1825","Eriodictyon","Eriodictyon tomentosum",NA,NA,NA,NA,NA,NA,NA,NA,0,0,FALSE,FALSE,64222656916,1422.610008,4.459999561
"1826","Eriogonum","Eriogonum baileyi",NA,NA,NA,NA,NA,NA,NA,NA,0.016457654,0.020242915,FALSE,FALSE,6.35e+11,3871.26001,5.080000401
"1827","Eriogonum","Eriogonum compositum",NA,NA,NA,NA,NA,NA,NA,NA,0.016457654,0.020242915,FALSE,FALSE,4.11e+11,4394.479767,4.450000286
"1828","Eriogonum","Eriogonum elatum",NA,NA,"Subshrub, Forb/herb","Moderate","No","Moderate","None","None",0.016457654,0.020242915,FALSE,FALSE,5.49e+11,3958.869911,5.080000401
"1829","Eriogonum","Eriogonum heermannii",NA,NA,NA,NA,NA,NA,NA,NA,0.016457654,0.020242915,FALSE,FALSE,6.45e+11,1662,7.460000396
"1830","Eriogonum","Eriogonum ovalifolium",NA,NA,NA,NA,NA,NA,NA,NA,0.016457654,0.020242915,FALSE,FALSE,NA,NA,NA
"1831","Eriogonum","Eriogonum strictum",NA,NA,"Subshrub, Forb/herb","Slow","No","Long","None","None",0.016457654,0.020242915,FALSE,FALSE,NA,NA,NA
"1832","Eriophorum","Eriophorum angustifolium",30.3503566978025,6.24782573062138,"Graminoid","Moderate","No","Long","None","None",0.307692308,0.038461538,FALSE,FALSE,NA,NA,NA
"1833","Eriophyllum","Eriophyllum stoechadifolium",NA,NA,NA,NA,NA,NA,NA,NA,0.833333333,0.0625,FALSE,FALSE,80327622817,4409.539764,4.999999523
"1834","Eryngium","Eryngium vaseyi",NA,NA,NA,NA,NA,NA,NA,NA,0.235294118,0.058823529,TRUE,FALSE,1.2e+11,2802.949951,5.719999552
"1835","Erythronium","Erythronium grandiflorum",NA,NA,NA,NA,NA,NA,NA,NA,0,0,FALSE,FALSE,NA,NA,NA
"1836","Erythronium","Erythronium oregonum",NA,NA,NA,NA,NA,NA,NA,NA,0,0,FALSE,FALSE,NA,NA,NA
"1837","Eucephalus","Eucephalus ledophyllus",NA,NA,NA,NA,NA,NA,NA,NA,NA,NA,FALSE,FALSE,1.56e+11,4311.740051,4.630000114
"1838","Festuca","Festuca brachyphylla",NA,NA,NA,NA,NA,NA,NA,NA,0,0,TRUE,FALSE,NA,NA,NA
"1839","Festuca","Festuca brachyphylla",NA,NA,NA,NA,NA,NA,NA,NA,0.051848673,0.061181435,TRUE,FALSE,NA,NA,NA
"1840","Festuca","Festuca brachyphylla",NA,NA,NA,NA,NA,NA,NA,NA,0,0,TRUE,FALSE,NA,NA,NA
"1841","Festuca","Festuca brachyphylla",NA,NA,NA,NA,NA,NA,NA,NA,0.525525526,0.094594595,TRUE,FALSE,NA,NA,NA
"1842","Festuca","Festuca campestris",NA,NA,"Graminoid","Slow","Yes","Moderate","None","None",0,0,TRUE,FALSE,NA,NA,NA
"1843","Festuca","Festuca campestris",NA,NA,"Graminoid","Slow","Yes","Moderate","None","None",0.051848673,0.061181435,TRUE,FALSE,NA,NA,NA
"1844","Festuca","Festuca campestris",NA,NA,"Graminoid","Slow","Yes","Moderate","None","None",0,0,TRUE,FALSE,NA,NA,NA
"1845","Festuca","Festuca campestris",NA,NA,"Graminoid","Slow","Yes","Moderate","None","None",0.525525526,0.094594595,TRUE,FALSE,NA,NA,NA
"1846","Festuca","Festuca subulata",NA,NA,"Graminoid","Moderate","No","Long","None","None",0,0,TRUE,FALSE,NA,NA,NA
"1847","Festuca","Festuca subulata",NA,NA,"Graminoid","Moderate","No","Long","None","None",0.051848673,0.061181435,TRUE,FALSE,NA,NA,NA
"1848","Festuca","Festuca subulata",NA,NA,"Graminoid","Moderate","No","Long","None","None",0,0,TRUE,FALSE,NA,NA,NA
"1849","Festuca","Festuca subulata",NA,NA,"Graminoid","Moderate","No","Long","None","None",0.525525526,0.094594595,TRUE,FALSE,NA,NA,NA
"1850","Festuca","Festuca viridula",NA,NA,"Graminoid","Moderate","No","Moderate","None","None",0,0,TRUE,FALSE,NA,NA,NA
"1851","Festuca","Festuca viridula",NA,NA,"Graminoid","Moderate","No","Moderate","None","None",0.051848673,0.061181435,TRUE,FALSE,NA,NA,NA
"1852","Festuca","Festuca viridula",NA,NA,"Graminoid","Moderate","No","Moderate","None","None",0,0,TRUE,FALSE,NA,NA,NA
"1853","Festuca","Festuca viridula",NA,NA,"Graminoid","Moderate","No","Moderate","None","None",0.525525526,0.094594595,TRUE,FALSE,NA,NA,NA
"1854","Fragaria","Fragaria virginiana",27.382811369132,10.8211514540394,NA,NA,NA,NA,NA,NA,0,0,TRUE,FALSE,NA,NA,NA
"1855","Frasera","Frasera speciosa",NA,NA,NA,NA,NA,NA,NA,NA,0,0,FALSE,FALSE,1.55e+12,4505.009766,7.460000396
"1856","Fritillaria","Fritillaria agrestis",NA,NA,NA,NA,NA,NA,NA,NA,0.096618357,0.02173913,FALSE,FALSE,1.04e+11,2254.29995,5.719999552
"1857","Fritillaria","Fritillaria atropurpurea",NA,NA,NA,NA,NA,NA,NA,NA,0.096618357,0.02173913,FALSE,FALSE,1.54e+12,4005.909912,7.460000396
"1858","Fritillaria","Fritillaria pudica",NA,NA,"Forb/herb","Rapid","No","Short","None","None",0.096618357,0.02173913,FALSE,FALSE,NA,NA,NA
"1859","Fritillaria","Fritillaria recurva",NA,NA,NA,NA,NA,NA,NA,NA,0.096618357,0.02173913,FALSE,FALSE,1.59e+11,4362.689758,4.679999828
"1860","Gaillardia","Gaillardia aristata",NA,NA,"Forb/herb","Moderate","No","Moderate","None","None",0,0,TRUE,FALSE,NA,NA,NA
"1861","Galium","Galium aparine",13.6882900834695,86.3117099165305,"Forb/herb, Vine","Rapid","No",NA,"None","None",0.081892896,0.106870229,TRUE,TRUE,NA,NA,NA
"1862","Galium","Galium boreale",5.37932358600989,43.964788832376,"Forb/herb, Subshrub","Moderate","No","Moderate","None","None",0.081892896,0.106870229,TRUE,TRUE,NA,NA,NA
"1863","Galium","Galium oreganum",NA,NA,"Forb/herb","Rapid","No","Short","None","None",0.081892896,0.106870229,TRUE,FALSE,1.86e+11,5808.670227,4.630000114
"1864","Galium","Galium trifidum",NA,NA,"Vine, Forb/herb","Moderate","No","Short","None","None",0.081892896,0.106870229,TRUE,FALSE,NA,NA,NA
"1865","Garrya","Garrya fremontii",NA,NA,NA,NA,NA,NA,NA,NA,0,0,FALSE,FALSE,2.85e+11,4480.839767,5.819999933
"1866","Gentiana","Gentiana calycosa",NA,NA,"Forb/herb","Rapid","No","Short","None","None",0.519480519,0.142857143,FALSE,FALSE,NA,NA,NA
"1867","Gentiana","Gentiana sceptrum",NA,NA,NA,NA,NA,NA,NA,NA,0.519480519,0.142857143,FALSE,FALSE,NA,NA,NA
"1868","Geranium","Geranium carolinianum",NA,NA,NA,NA,NA,NA,NA,NA,0.057830211,0.037878788,TRUE,TRUE,NA,NA,NA
"1869","Geranium","Geranium oreganum",NA,NA,"Forb/herb","Rapid","No","Short","None","None",0.057830211,0.037878788,TRUE,FALSE,NA,NA,NA
"1870","Geranium","Geranium richardsonii",54.10675899048,31.0325964082277,"Forb/herb","Moderate","No","Short","None","None",0.057830211,0.037878788,TRUE,FALSE,NA,NA,NA
"1871","Geranium","Geranium viscosissimum",NA,NA,"Forb/herb","Rapid","No","Short","None","None",0.057830211,0.037878788,TRUE,FALSE,NA,NA,NA
"1872","Geum","Geum macrophyllum",11.5175584474458,25.5904332020787,"Forb/herb","Moderate","No","Moderate","None","None",0.674763833,0.128205128,TRUE,FALSE,NA,NA,NA
"1873","Geum","Geum triflorum",NA,NA,"Forb/herb","Moderate","No","Short","None","None",0.674763833,0.128205128,TRUE,FALSE,NA,NA,NA
"1874","Glyceria","Glyceria borealis",NA,NA,"Graminoid","Moderate","No","Moderate","None","None",0.332225914,0.069767442,TRUE,FALSE,NA,NA,NA
"1875","Glyceria","Glyceria canadensis",NA,NA,"Graminoid","Moderate","No","Moderate","None","None",0.332225914,0.069767442,TRUE,FALSE,NA,NA,NA
"1876","Glyceria","Glyceria striata",NA,NA,"Graminoid","Moderate","No","Short","None","None",0.332225914,0.069767442,TRUE,FALSE,NA,NA,NA
"1877","Glycyrrhiza","Glycyrrhiza lepidota",NA,NA,"Forb/herb","Moderate","No","Moderate","Low","None",0,0,FALSE,FALSE,NA,NA,NA
"1878","Goodyera","Goodyera oblongifolia",NA,NA,NA,NA,NA,NA,NA,NA,0,0,FALSE,FALSE,NA,NA,NA
"1879","Grindelia","Grindelia integrifolia",NA,NA,NA,NA,NA,NA,NA,NA,4.093567251,0.368421053,TRUE,FALSE,59161959333,5529.880249,2.849999905
"1880","Grindelia","Grindelia squarrosa",NA,NA,NA,NA,NA,NA,NA,NA,4.093567251,0.368421053,TRUE,TRUE,NA,NA,NA
"1881","Helenium","Helenium amarum",NA,NA,NA,NA,NA,NA,NA,NA,0,0,TRUE,TRUE,NA,NA,NA
"1882","Helianthella","Helianthella californica",NA,NA,NA,NA,NA,NA,NA,NA,15,0.3,FALSE,FALSE,2.45e+11,3838.26001,5.819999933
"1883","Helianthus","Helianthus bolanderi",NA,NA,NA,NA,NA,NA,NA,NA,1.647058824,0.411764706,TRUE,TRUE,NA,NA,NA
"1884","Helianthus","Helianthus tuberosus",71.7430137594783,28.2569862405217,"Forb/herb","Rapid","No","Moderate","None","None",1.647058824,0.411764706,TRUE,TRUE,NA,NA,NA
"1885","Heliotropium","Heliotropium curassavicum",NA,NA,"Forb/herb, Subshrub","Moderate","No","Moderate","None","None",0,0,TRUE,TRUE,NA,NA,NA
"1886","Hesperochiron","Hesperochiron pumilus",NA,NA,NA,NA,NA,NA,NA,NA,0,0,FALSE,FALSE,NA,NA,NA
"1887","Heuchera","Heuchera chlorantha",NA,NA,NA,NA,NA,NA,NA,NA,3.296703297,0.214285714,FALSE,FALSE,NA,NA,NA
"1888","Heuchera","Heuchera grossulariifolia",NA,NA,NA,NA,NA,NA,NA,NA,3.296703297,0.214285714,FALSE,FALSE,2.74e+11,3525.910004,4.550000191
"1889","Hieracium","Hieracium albiflorum",NA,NA,"Forb/herb","Moderate","No","Moderate","None","None",0.95317248,1.320143885,TRUE,FALSE,NA,NA,NA
"1890","Hieracium","Hieracium scouleri",NA,NA,"Forb/herb","Moderate","No","Moderate","None","None",0.95317248,1.320143885,TRUE,FALSE,5.49e+11,5357.219955,4.700000286
"1891","Hippuris","Hippuris vulgaris",1.93501642464627,98.0649835753537,"Forb/herb","Rapid","No","Long","None","None",0,0,TRUE,TRUE,NA,NA,NA
"1892","Hordeum","Hordeum jubatum",NA,NA,NA,NA,NA,NA,NA,NA,0,0,TRUE,TRUE,NA,NA,NA
"1893","Hordeum","Hordeum jubatum",NA,NA,NA,NA,NA,NA,NA,NA,0.808080808,0.177777778,TRUE,TRUE,NA,NA,NA
"1894","Horkelia","Horkelia congesta",NA,NA,NA,NA,NA,NA,NA,NA,0,0,FALSE,FALSE,53427414551,3580.799927,2.349999905
"1895","Horkelia","Horkelia fusca",NA,NA,NA,NA,NA,NA,NA,NA,0,0,FALSE,FALSE,5.33e+11,3950.569916,5.819999933
"1896","Hydrophyllum","Hydrophyllum capitatum",NA,NA,"Forb/herb","Rapid","No","Moderate","None","None",0,0,FALSE,FALSE,NA,NA,NA
"1897","Hydrophyllum","Hydrophyllum occidentale",NA,NA,"Forb/herb","Moderate","No","Short","None","None",0,0,FALSE,FALSE,4.79e+11,3962.900047,7.360000014
"1898","Hydrophyllum","Hydrophyllum tenuipes",NA,NA,NA,NA,NA,NA,NA,NA,0,0,FALSE,FALSE,NA,NA,NA
"1899","Hypericum","Hypericum anagalloides",NA,NA,"Forb/herb","Rapid","No","Short","None","None",0.129032258,0.08,TRUE,FALSE,NA,NA,NA
"1900","Hypericum","Hypericum anagalloides",NA,NA,"Forb/herb","Rapid","No","Short","None","None",0,0,TRUE,FALSE,NA,NA,NA
"1901","Hypericum","Hypericum ellipticum",NA,NA,NA,NA,NA,NA,NA,NA,0.129032258,0.08,TRUE,FALSE,NA,NA,NA
"1902","Hypericum","Hypericum ellipticum",NA,NA,NA,NA,NA,NA,NA,NA,0,0,TRUE,FALSE,NA,NA,NA
"1903","Iliamna","Iliamna rivularis",NA,NA,"Forb/herb, Subshrub","Moderate","No","Long","None","None",0,0,FALSE,FALSE,NA,NA,NA
"1904","Impatiens","Impatiens capensis",31.4936099469635,46.7001291606708,"Forb/herb","Rapid","No",NA,"None","None",0,0,TRUE,TRUE,NA,NA,NA
"1905","Impatiens","Impatiens noli-tangere",33.4922966148617,66.5077033851383,NA,NA,NA,NA,NA,NA,0,0,TRUE,FALSE,NA,NA,NA
"1906","Ipomopsis","Ipomopsis aggregata",45.3469688509311,54.6530311490689,NA,NA,NA,NA,NA,NA,1.098901099,0.071428571,FALSE,FALSE,NA,NA,NA
"1907","Iris","Iris bracteata",NA,NA,"Forb/herb","Moderate","No","Moderate","None","None",0.233100233,0.08974359,TRUE,FALSE,18276287583,4079.89978,2.349999905
"1908","Juncus","Juncus acuminatus",NA,NA,"Graminoid","Moderate","No","Moderate","None","None",0.116788321,0.16,TRUE,FALSE,NA,NA,NA
"1909","Juncus","Juncus arcticus",NA,NA,NA,NA,NA,NA,NA,NA,0.116788321,0.16,TRUE,FALSE,NA,NA,NA
"1910","Juncus","Juncus articulatus",15.802202244208,19.251237209841,"Graminoid","Moderate","No","Moderate","None","None",0.116788321,0.16,TRUE,TRUE,NA,NA,NA
"1911","Juncus","Juncus bolanderi",NA,NA,NA,NA,NA,NA,NA,NA,0.116788321,0.16,TRUE,FALSE,NA,NA,NA
"1912","Juncus","Juncus canadensis",NA,NA,"Graminoid","Rapid","No","Long","None","None",0.116788321,0.16,TRUE,FALSE,NA,NA,NA
"1913","Juncus","Juncus confusus",NA,NA,"Graminoid","Moderate","No","Moderate","None","None",0.116788321,0.16,TRUE,FALSE,NA,NA,NA
"1914","Juncus","Juncus drummondii",NA,NA,"Graminoid","Slow","No","Long","None","None",0.116788321,0.16,TRUE,FALSE,NA,NA,NA
"1915","Juncus","Juncus dudleyi",NA,NA,NA,NA,NA,NA,NA,NA,0.116788321,0.16,TRUE,FALSE,NA,NA,NA
"1916","Juncus","Juncus ensifolius",NA,NA,"Graminoid","Moderate","No","Moderate","None","None",0.116788321,0.16,TRUE,FALSE,NA,NA,NA
"1917","Juncus","Juncus filiformis",23.0277402731902,0.175995805688194,NA,NA,NA,NA,NA,NA,0.116788321,0.16,TRUE,FALSE,NA,NA,NA
"1918","Juncus","Juncus gerardii",NA,NA,NA,NA,NA,NA,NA,NA,0.116788321,0.16,TRUE,TRUE,NA,NA,NA
"1919","Juncus","Juncus longistylis",NA,NA,"Graminoid","Moderate","No","Moderate","None","None",0.116788321,0.16,TRUE,FALSE,NA,NA,NA
"1920","Juncus","Juncus marginatus",NA,NA,"Graminoid","Moderate","No","Long","None","None",0.116788321,0.16,TRUE,FALSE,NA,NA,NA
"1921","Juncus","Juncus mertensianus",NA,NA,"Graminoid","Moderate","No","Moderate","None","None",0.116788321,0.16,TRUE,FALSE,81130468827,1134.089951,4.559999466
"1922","Juncus","Juncus orthophyllus",NA,NA,NA,NA,NA,NA,NA,NA,0.116788321,0.16,TRUE,FALSE,6.69e+11,5449.959961,5.819999933
"1923","Juniperus","Juniperus occidentalis",NA,NA,"Tree","Slow","Yes","Long","None","Slight",0.793650794,0.107142857,TRUE,TRUE,NA,NA,NA
"1924","Juniperus","Juniperus scopulorum",NA,NA,"Tree, Shrub","Slow","No","Long","None","None",0.793650794,0.107142857,TRUE,FALSE,NA,NA,NA
"1925","Juniperus","Juniperus virginiana",4.91716618948917,0,"Tree","Slow","Yes","Moderate","None","Slight",0.793650794,0.107142857,TRUE,TRUE,NA,NA,NA
"1926","Kalmia","Kalmia microphylla",NA,NA,"Subshrub, Shrub","Slow","No","Long","None","None",0,0,FALSE,FALSE,NA,NA,NA
"1927","Lactuca","Lactuca biennis",NA,NA,NA,NA,NA,NA,NA,NA,0.092506938,0.021276596,TRUE,FALSE,NA,NA,NA
"1928","Lactuca","Lactuca canadensis",43.4843272436338,43.9166846934234,NA,NA,NA,NA,NA,NA,0.092506938,0.021276596,TRUE,FALSE,NA,NA,NA
"1929","Larix","Larix occidentalis",NA,NA,"Tree","Rapid","No","Long","None","None",3.571428571,0.125,TRUE,FALSE,NA,NA,NA
"1930","Lathyrus","Lathyrus japonicus",NA,NA,"Vine, Forb/herb","Moderate","No","Short","Medium","None",0.024996875,0.015748031,TRUE,FALSE,NA,NA,NA
"1931","Lathyrus","Lathyrus jepsonii",NA,NA,NA,NA,NA,NA,NA,NA,0.024996875,0.015748031,TRUE,FALSE,1.86e+11,3857.889893,5.529999971
"1932","Lathyrus","Lathyrus lanszwertii",NA,NA,NA,NA,NA,NA,NA,NA,0.024996875,0.015748031,TRUE,FALSE,1.35e+12,4440.310059,7.460000396
"1933","Lathyrus","Lathyrus littoralis",NA,NA,"Forb/herb, Vine","Moderate","No","Long","Medium","Slight",0.024996875,0.015748031,TRUE,FALSE,NA,NA,NA
"1934","Lathyrus","Lathyrus nevadensis",NA,NA,NA,NA,NA,NA,NA,NA,0.024996875,0.015748031,TRUE,FALSE,NA,NA,NA
"1935","Lathyrus","Lathyrus palustris",44.1497793921647,54.7395206249007,NA,NA,NA,NA,NA,NA,0.024996875,0.015748031,TRUE,FALSE,NA,NA,NA
"1936","Layia","Layia chrysanthemoides",NA,NA,NA,NA,NA,NA,NA,NA,0,0,FALSE,FALSE,74344560520,2667.659958,5.24000001
"1937","Rhododendron","Rhododendron columbianum",NA,NA,"Shrub","Slow","No","Long","None","None",0,0,TRUE,FALSE,NA,NA,NA
"1938","Rhododendron","Rhododendron groenlandicum",7.97817574988921,13.4986014560224,"Shrub","Slow","Yes","Moderate","None","None",0,0,TRUE,FALSE,NA,NA,NA
"1939","Leersia","Leersia oryzoides",NA,NA,"Graminoid","Moderate","No","Moderate","None","None",0,0,TRUE,FALSE,NA,NA,NA
"1940","Lemna","Lemna minor",0,100,"Forb/herb","Rapid","No","Short","None","None",0,0,TRUE,TRUE,NA,NA,NA
"1941","Lemna","Lemna trisulca",0,100,"Forb/herb","Rapid","No","Short","None","None",0,0,TRUE,FALSE,NA,NA,NA
"1942","Lepidium","Lepidium lasiocarpum",NA,NA,NA,NA,NA,NA,NA,NA,3.571428571,0.125,TRUE,FALSE,NA,NA,NA
"1943","Lepidium","Lepidium lasiocarpum",NA,NA,NA,NA,NA,NA,NA,NA,0.014992504,0.00862069,TRUE,FALSE,NA,NA,NA
"1944","Leucothoe","Leucothoe davisiae",NA,NA,NA,NA,NA,NA,NA,NA,0,0,FALSE,FALSE,1.19e+11,4384.509766,5.529999971
"1945","Leymus","Leymus mollis",NA,NA,"Graminoid","Rapid","No","Long","None","None",4.285714286,0.3,TRUE,FALSE,NA,NA,NA
"1946","Lomatium","Lomatium dissectum",NA,NA,"Forb/herb","Rapid","No","Short","None","None",0,0,FALSE,FALSE,1.83e+11,5297.339966,4.900000572
"1947","Ligusticum","Ligusticum grayi",NA,NA,NA,NA,NA,NA,NA,NA,0,0,FALSE,FALSE,6.15e+11,4449.669769,5.819999933
"1948","Lilium","Lilium bolanderi",NA,NA,NA,NA,NA,NA,NA,NA,1.505376344,0.225806452,TRUE,FALSE,43779748273,4284.919769,4.179999828
"1949","Lilium","Lilium columbianum",NA,NA,NA,NA,NA,NA,NA,NA,1.505376344,0.225806452,TRUE,FALSE,NA,NA,NA
"1950","Lilium","Lilium washingtonianum",NA,NA,NA,NA,NA,NA,NA,NA,1.505376344,0.225806452,TRUE,FALSE,2.14e+11,3885.409912,5.590000391
"1951","Limnanthes","Limnanthes alba",NA,NA,NA,NA,NA,NA,NA,NA,0,0,FALSE,FALSE,89468515282,3143.309891,5.299999475
"1952","Linnaea","Linnaea borealis",5.68321840855743,52.2212869304338,NA,NA,NA,NA,NA,NA,NA,NA,FALSE,FALSE,NA,NA,NA
"1953","Lithophragma","Lithophragma affine",NA,NA,NA,NA,NA,NA,NA,NA,0,0,FALSE,FALSE,2.8e+11,3986.799911,5.719999552
"1954","Lithophragma","Lithophragma glabrum",NA,NA,NA,NA,NA,NA,NA,NA,0,0,FALSE,FALSE,NA,NA,NA
"1955","Lithophragma","Lithophragma heterophyllum",NA,NA,NA,NA,NA,NA,NA,NA,0,0,FALSE,FALSE,2.44e+11,3992.190048,5.719999552
"1956","Lithophragma","Lithophragma parviflorum",NA,NA,NA,NA,NA,NA,NA,NA,0,0,FALSE,FALSE,NA,NA,NA
"1957","Lomatium","Lomatium columbianum",NA,NA,NA,NA,NA,NA,NA,NA,0,0,FALSE,FALSE,39175593616,4497.099915,4.579999924
"1958","Lomatium","Lomatium grayi",NA,NA,NA,NA,NA,NA,NA,NA,0,0,FALSE,FALSE,NA,NA,NA
"1959","Lomatium","Lomatium macrocarpum",NA,NA,"Forb/herb","Moderate","No","Short","None","None",0,0,FALSE,FALSE,NA,NA,NA
"1960","Lomatium","Lomatium martindalei",NA,NA,NA,NA,NA,NA,NA,NA,0,0,FALSE,FALSE,NA,NA,NA
"1961","Lomatium","Lomatium nudicaule",NA,NA,NA,NA,NA,NA,NA,NA,0,0,FALSE,FALSE,NA,NA,NA
"1962","Lomatium","Lomatium triternatum",NA,NA,"Forb/herb","Moderate","No","Moderate","None","None",0,0,FALSE,FALSE,NA,NA,NA
"1963","Lomatium","Lomatium utriculatum",NA,NA,NA,NA,NA,NA,NA,NA,0,0,FALSE,FALSE,NA,NA,NA
"1964","Lonicera","Lonicera ciliosa",NA,NA,NA,NA,NA,NA,NA,NA,0.175336061,0.050847458,TRUE,FALSE,NA,NA,NA
"1965","Lonicera","Lonicera conjugialis",NA,NA,NA,NA,NA,NA,NA,NA,0.175336061,0.050847458,TRUE,FALSE,2.84e+11,4363.920059,5.819999933
"1966","Lonicera","Lonicera utahensis",NA,NA,"Shrub","Rapid","No","Moderate","None","Slight",0.175336061,0.050847458,TRUE,FALSE,NA,NA,NA
"1967","Acmispon","Acmispon tomentosus var. tomentosus",NA,NA,NA,NA,NA,NA,NA,NA,NA,NA,FALSE,FALSE,1.55e+11,2283.589951,4.559999466
"1968","Acmispon","Acmispon parviflorus",NA,NA,NA,NA,NA,NA,NA,NA,NA,NA,FALSE,FALSE,NA,NA,NA
"1969","Hosackia","Hosackia pinnata",NA,NA,NA,NA,NA,NA,NA,NA,NA,NA,FALSE,FALSE,NA,NA,NA
"1970","Acmispon","Acmispon glaber subsp. glaber",NA,NA,NA,NA,NA,NA,NA,NA,NA,NA,FALSE,FALSE,2.71e+11,3963.709892,5.719999552
"1971","Acmispon","Acmispon americanus var. americanus",NA,NA,NA,NA,NA,NA,NA,NA,NA,NA,FALSE,FALSE,NA,NA,NA
"1972","Ludwigia","Ludwigia palustris",13.0240113612867,63.0262660060144,"Forb/herb","Rapid","No","Short","None","None",0.476190476,0.047619048,TRUE,TRUE,NA,NA,NA
"1973","Luetkea","Luetkea pectinata",NA,NA,NA,NA,NA,NA,NA,NA,NA,NA,FALSE,FALSE,NA,NA,NA
"1974","Lupinus","Lupinus arbustus",NA,NA,NA,NA,NA,NA,NA,NA,0.043459365,0.025423729,TRUE,FALSE,NA,NA,NA
"1975","Lupinus","Lupinus arcticus",NA,NA,"Forb/herb",NA,"No","Short","Low","Severe",0.043459365,0.025423729,TRUE,FALSE,NA,NA,NA
"1976","Lupinus","Lupinus aridus",NA,NA,NA,NA,NA,NA,NA,NA,0.043459365,0.025423729,TRUE,FALSE,8.58e+11,3958.869911,7.460000396
"1977","Lupinus","Lupinus caudatus",NA,NA,"Forb/herb","Rapid","No","Short","Low","Severe",0.043459365,0.025423729,TRUE,FALSE,1.34e+12,3871.26001,7.460000396
"1978","Lupinus","Lupinus lepidus",NA,NA,"Forb/herb","Rapid","No","Short","Low","Severe",0.043459365,0.025423729,TRUE,FALSE,NA,NA,NA
"1979","Lupinus","Lupinus leucophyllus",NA,NA,NA,NA,NA,NA,NA,NA,0.043459365,0.025423729,TRUE,FALSE,NA,NA,NA
"1980","Lupinus","Lupinus littoralis",NA,NA,NA,NA,NA,NA,NA,NA,0.043459365,0.025423729,TRUE,FALSE,NA,NA,NA
"1981","Lupinus","Lupinus luteolus",NA,NA,"Forb/herb","Rapid","No",NA,"Medium","Slight",0.043459365,0.025423729,TRUE,FALSE,1.23e+11,4362.509766,4.599999905
"1982","Lupinus","Lupinus polycarpus",NA,NA,NA,NA,NA,NA,NA,NA,0.043459365,0.025423729,TRUE,FALSE,NA,NA,NA
"1983","Lupinus","Lupinus sericeus",NA,NA,"Subshrub, Forb/herb","Rapid","No","Short","Low","Severe",0.043459365,0.025423729,TRUE,FALSE,NA,NA,NA
"1984","Lupinus","Lupinus sulphureus",NA,NA,"Forb/herb","Rapid","No","Short","Low","Slight",0.043459365,0.025423729,TRUE,FALSE,NA,NA,NA
"1985","Luzula","Luzula comosa",NA,NA,NA,NA,NA,NA,NA,NA,0.085251492,0.028985507,TRUE,FALSE,NA,NA,NA
"1986","Luzula","Luzula parviflora",NA,NA,"Graminoid","Moderate","No","Moderate","None","None",0.085251492,0.028985507,TRUE,FALSE,NA,NA,NA
"1987","Luzula","Luzula spicata",NA,NA,"Graminoid","Moderate","No","Moderate","None","None",0.085251492,0.028985507,TRUE,FALSE,NA,NA,NA
"1988","Lycopus","Lycopus americanus",16.8677331218893,51.0005358396803,"Forb/herb","Moderate","No","Long","None","None",0,0,TRUE,FALSE,NA,NA,NA
"1989","Lycopus","Lycopus asper",NA,NA,"Forb/herb","Moderate","No","Moderate","None","None",0,0,TRUE,FALSE,NA,NA,NA
"1990","Lycopus","Lycopus uniflorus",NA,NA,NA,NA,NA,NA,NA,NA,0,0,TRUE,FALSE,NA,NA,NA
"1991","Lysimachia","Lysimachia ciliata",NA,NA,NA,NA,NA,NA,NA,NA,0,0,TRUE,FALSE,NA,NA,NA
"1992","Lysimachia","Lysimachia ciliata",NA,NA,NA,NA,NA,NA,NA,NA,0.150829563,0.038461538,TRUE,FALSE,NA,NA,NA
"1993","Lysimachia","Lysimachia ciliata",NA,NA,NA,NA,NA,NA,NA,NA,0,0,TRUE,FALSE,NA,NA,NA
"1994","Lysimachia","Lysimachia terrestris",NA,NA,NA,NA,NA,NA,NA,NA,0,0,TRUE,FALSE,NA,NA,NA
"1995","Lysimachia","Lysimachia terrestris",NA,NA,NA,NA,NA,NA,NA,NA,0.150829563,0.038461538,TRUE,FALSE,NA,NA,NA
"1996","Lysimachia","Lysimachia terrestris",NA,NA,NA,NA,NA,NA,NA,NA,0,0,TRUE,FALSE,NA,NA,NA
"1997","Dieteria","Dieteria canescens",9.50785861388567,8.88483846546539,NA,NA,NA,NA,NA,NA,NA,NA,FALSE,FALSE,NA,NA,NA
"1998","Madia","Madia glomerata",NA,NA,NA,NA,NA,NA,NA,NA,0.793650794,0.107142857,FALSE,FALSE,NA,NA,NA
"1999","Madia","Madia gracilis",NA,NA,NA,NA,NA,NA,NA,NA,0.793650794,0.107142857,FALSE,FALSE,NA,NA,NA
"2000","Maianthemum","Maianthemum racemosum",NA,NA,NA,NA,NA,NA,NA,NA,0,0,FALSE,FALSE,NA,NA,NA
"2001","Maianthemum","Maianthemum racemosum",NA,NA,NA,NA,NA,NA,NA,NA,0,0,FALSE,FALSE,NA,NA,NA
"2002","Malvella","Malvella leprosa",NA,NA,NA,NA,NA,NA,NA,NA,0,0,FALSE,FALSE,NA,NA,NA
"2003","Marah","Marah oreganus",NA,NA,NA,NA,NA,NA,NA,NA,20,0.4,FALSE,FALSE,NA,NA,NA
"2004","Melica","Melica bulbosa",NA,NA,"Graminoid","Moderate","No","Moderate","None","None",0,0,FALSE,FALSE,NA,NA,NA
"2005","Melica","Melica spectabilis",NA,NA,"Graminoid","Moderate","No","Moderate","None","None",0,0,FALSE,FALSE,NA,NA,NA
"2006","Melica","Melica subulata",NA,NA,"Graminoid","Moderate","No","Moderate","None","None",0,0,FALSE,FALSE,NA,NA,NA
"2007","Mentha","Mentha x piperita",NA,NA,NA,NA,NA,NA,NA,NA,4.444444444,0.777777778,TRUE,TRUE,NA,NA,NA
"2008","Mentha","Mentha arvensis",20.4039530880944,72.2458657213155,"Forb/herb","Moderate","No","Short","None","None",4.444444444,0.777777778,TRUE,FALSE,NA,NA,NA
"2009","Mentha","Mentha arvensis",31.4730106190271,26.6966466209567,"Forb/herb","Moderate","No","Short","None","None",4.444444444,0.777777778,TRUE,FALSE,NA,NA,NA
"2010","Mentzelia","Mentzelia laevicaulis",NA,NA,NA,NA,NA,NA,NA,NA,0.153609831,0.047619048,FALSE,FALSE,NA,NA,NA
"2011","Menyanthes","Menyanthes trifoliata",50.8590241531203,36.2777544741885,"Forb/herb","Moderate","No","Moderate","None","None",NA,NA,FALSE,FALSE,NA,NA,NA
"2012","Rhododendron","Rhododendron menziesii",NA,NA,NA,NA,NA,NA,NA,NA,0,0,TRUE,FALSE,NA,NA,NA
"2013","Mertensia","Mertensia ciliata",NA,NA,"Forb/herb","Moderate","No","Moderate","None","None",4.210526316,0.4,FALSE,FALSE,1.21e+12,3257.349892,7.460000396
"2014","Mertensia","Mertensia paniculata",NA,NA,NA,NA,NA,NA,NA,NA,4.210526316,0.4,FALSE,FALSE,NA,NA,NA
"2015","Mertensia","Mertensia platyphylla",NA,NA,NA,NA,NA,NA,NA,NA,4.210526316,0.4,FALSE,FALSE,1.36e+11,5808.670227,4.579999924
"2016","Microseris","Microseris laciniata",NA,NA,NA,NA,NA,NA,NA,NA,2.857142857,0.2,FALSE,FALSE,2.5e+11,5363.609955,4.679999828
"2017","Microseris","Microseris laciniata",NA,NA,NA,NA,NA,NA,NA,NA,0,0,FALSE,FALSE,2.5e+11,5363.609955,4.679999828
"2018","Erythranthe","Erythranthe nudata",NA,NA,"Forb/herb","Moderate","No","Short","None","None",NA,NA,TRUE,FALSE,14273905160,1800.529968,2.679999828
"2019","Erythranthe","Erythranthe floribunda",NA,NA,NA,NA,NA,NA,NA,NA,NA,NA,TRUE,FALSE,NA,NA,NA
"2020","Diplacus","Diplacus fremontii",NA,NA,NA,NA,NA,NA,NA,NA,NA,NA,FALSE,FALSE,1.61e+11,1451.900009,4.559999466
"2021","Diplacus","Diplacus fremontii",NA,NA,NA,NA,NA,NA,NA,NA,NA,NA,FALSE,FALSE,36076223959,1350.51001,4.150000095
"2022","Mimulus","Mimulus ringens",22.2844319877229,60.5747726324261,NA,NA,NA,NA,NA,NA,0.12343502,0.065420561,FALSE,FALSE,NA,NA,NA
"2023","Mitella","Mitella ovalis",NA,NA,NA,NA,NA,NA,NA,NA,1.818181818,0.090909091,FALSE,FALSE,NA,NA,NA
"2024","Mitella","Mitella stauropetala",NA,NA,NA,NA,NA,NA,NA,NA,1.818181818,0.090909091,FALSE,FALSE,5.47e+11,3356.689972,7.460000396
"2025","Monarda","Monarda didyma",NA,NA,"Forb/herb",NA,NA,NA,NA,NA,0,0,TRUE,FALSE,NA,NA,NA
"2026","Monardella","Monardella odoratissima subsp. glauca",NA,NA,NA,NA,NA,NA,NA,NA,4.086021505,0.612903226,FALSE,FALSE,9.02e+11,3978.389893,7.460000396
"2027","Monardella","Monardella odoratissima",NA,NA,NA,NA,NA,NA,NA,NA,4.086021505,0.612903226,FALSE,FALSE,NA,NA,NA
"2028","Monardella","Monardella viridis",NA,NA,NA,NA,NA,NA,NA,NA,4.086021505,0.612903226,FALSE,FALSE,73867864606,1822.35997,4.559999466
"2029","Monolopia","Monolopia lanceolata",NA,NA,NA,NA,NA,NA,NA,NA,0,0,FALSE,FALSE,1.31e+11,1446.840012,5.719999552
"2030","Monotropa","Monotropa uniflora",NA,NA,NA,NA,NA,NA,NA,NA,0,0,FALSE,FALSE,NA,NA,NA
"2031","Montia","Montia linearis",NA,NA,NA,NA,NA,NA,NA,NA,0,0,TRUE,FALSE,NA,NA,NA
"2032","Montia","Montia parvifolia",NA,NA,NA,NA,NA,NA,NA,NA,0,0,TRUE,FALSE,NA,NA,NA
"2033","Muhlenbergia","Muhlenbergia asperifolia",NA,NA,"Graminoid","Moderate","No","Moderate","None","None",0,0,TRUE,FALSE,NA,NA,NA
"2034","Muhlenbergia","Muhlenbergia asperifolia",NA,NA,"Graminoid","Moderate","No","Moderate","None","None",0.052882073,0.016129032,TRUE,FALSE,NA,NA,NA
"2035","Muhlenbergia","Muhlenbergia glomerata",NA,NA,"Graminoid","Moderate","No","Short","None","None",0,0,TRUE,FALSE,NA,NA,NA
"2036","Muhlenbergia","Muhlenbergia glomerata",NA,NA,"Graminoid","Moderate","No","Short","None","None",0.052882073,0.016129032,TRUE,FALSE,NA,NA,NA
"2037","Muhlenbergia","Muhlenbergia mexicana",NA,NA,"Graminoid","Moderate","No","Short","None","None",0,0,TRUE,FALSE,NA,NA,NA
"2038","Muhlenbergia","Muhlenbergia mexicana",NA,NA,"Graminoid","Moderate","No","Short","None","None",0.052882073,0.016129032,TRUE,FALSE,NA,NA,NA
"2039","Muhlenbergia","Muhlenbergia richardsonis",NA,NA,"Graminoid","Rapid","No","Short","None","None",0,0,TRUE,FALSE,NA,NA,NA
"2040","Muhlenbergia","Muhlenbergia richardsonis",NA,NA,"Graminoid","Rapid","No","Short","None","None",0.052882073,0.016129032,TRUE,FALSE,NA,NA,NA
"2041","Myosotis","Myosotis laxa",13.4615537997092,86.5384462002908,NA,NA,NA,NA,NA,NA,0.03417635,0.012987013,TRUE,FALSE,NA,NA,NA
"2042","Myrica","Myrica gale",7.99946009419519,9.20558483270741,"Shrub","Moderate","No","Moderate","Low","None",0,0,TRUE,FALSE,NA,NA,NA
"2043","Najas","Najas flexilis",NA,NA,"Forb/herb","Rapid","No",NA,"None","None",0,0,TRUE,FALSE,NA,NA,NA
"2044","Najas","Najas guadalupensis",NA,NA,"Forb/herb","Moderate","No",NA,"None","None",0,0,TRUE,TRUE,NA,NA,NA
"2045","Navarretia","Navarretia squarrosa",NA,NA,NA,NA,NA,NA,NA,NA,0,0,FALSE,FALSE,NA,NA,NA
"2046","Nicotiana","Nicotiana attenuata",NA,NA,NA,NA,NA,NA,NA,NA,0.793650794,0.107142857,TRUE,FALSE,NA,NA,NA
"2047","Nothochelone","Nothochelone nemorosa",NA,NA,NA,NA,NA,NA,NA,NA,NA,NA,FALSE,FALSE,NA,NA,NA
"2048","Nuphar","Nuphar lutea",88.7657095994104,1.62022783066432,NA,NA,NA,NA,NA,NA,10,0.2,TRUE,TRUE,NA,NA,NA
"2049","Nymphaea","Nymphaea odorata",87.3588773725273,6.32459971179093,NA,NA,NA,NA,NA,NA,0,0,TRUE,FALSE,NA,NA,NA
"2050","Oenanthe","Oenanthe sarmentosa",NA,NA,NA,NA,NA,NA,NA,NA,0,0,TRUE,TRUE,NA,NA,NA
"2051","Oenothera","Oenothera biennis",37.4179162786226,18.2259624468505,"Forb/herb","Rapid","No","Short","None","None",0,0,TRUE,TRUE,NA,NA,NA
"2052","Oenothera","Oenothera biennis",37.4179162786226,18.2259624468505,"Forb/herb","Rapid","No","Short","None","None",0.102145046,0.04494382,TRUE,TRUE,NA,NA,NA
"2053","Oenothera","Oenothera biennis",58.2483686230737,11.8561989725893,"Forb/herb","Rapid","No","Short","None","None",0,0,TRUE,TRUE,NA,NA,NA
"2054","Oenothera","Oenothera biennis",58.2483686230737,11.8561989725893,"Forb/herb","Rapid","No","Short","None","None",0.102145046,0.04494382,TRUE,TRUE,NA,NA,NA
"2055","Oenothera","Oenothera pallida",NA,NA,"Forb/herb","Moderate","No","Long","None","None",0,0,TRUE,FALSE,NA,NA,NA
"2056","Oenothera","Oenothera pallida",NA,NA,"Forb/herb","Moderate","No","Long","None","None",0.102145046,0.04494382,TRUE,FALSE,NA,NA,NA
"2057","Oenothera","Oenothera speciosa",NA,NA,NA,NA,NA,NA,NA,NA,0,0,TRUE,FALSE,NA,NA,NA
"2058","Oenothera","Oenothera speciosa",NA,NA,NA,NA,NA,NA,NA,NA,0.102145046,0.04494382,TRUE,FALSE,NA,NA,NA
"2059","Oenothera","Oenothera villosa",NA,NA,NA,NA,NA,NA,NA,NA,0,0,TRUE,TRUE,NA,NA,NA
"2060","Oenothera","Oenothera villosa",NA,NA,NA,NA,NA,NA,NA,NA,0.102145046,0.04494382,TRUE,TRUE,NA,NA,NA
"2061","Olsynium","Olsynium douglasii",NA,NA,NA,NA,NA,NA,NA,NA,NA,NA,FALSE,FALSE,NA,NA,NA
"2062","Oplopanax","Oplopanax horridus",NA,NA,NA,NA,NA,NA,NA,NA,NA,NA,FALSE,FALSE,NA,NA,NA
"2063","Opuntia","Opuntia fragilis",NA,NA,NA,NA,NA,NA,NA,NA,1.333333333,0.333333333,TRUE,FALSE,NA,NA,NA
"2064","Oreostemma","Oreostemma alpigenum",NA,NA,NA,NA,NA,NA,NA,NA,NA,NA,FALSE,FALSE,7.62e+11,4763.339844,5.920000315
"2065","Orobanche","Orobanche uniflora",NA,NA,NA,NA,NA,NA,NA,NA,0,0,TRUE,FALSE,NA,NA,NA
"2066","Osmorhiza","Osmorhiza occidentalis",NA,NA,"Forb/herb","Slow","No","Moderate","None","Moderate",0,0,FALSE,FALSE,NA,NA,NA
"2067","Oxalis","Oxalis suksdorfii",NA,NA,NA,NA,NA,NA,NA,NA,0,0,TRUE,FALSE,83919845626,4592.92984,3.900000095
"2068","Oxyria","Oxyria digyna",22.097156370388,77.902843629612,"Forb/herb","Moderate","No","Moderate","None","None",NA,NA,FALSE,FALSE,NA,NA,NA
"2069","Packera","Packera cana",NA,NA,"Forb/herb, Subshrub","Moderate","No","Moderate","None","Moderate",NA,NA,FALSE,FALSE,NA,NA,NA
"2070","Paeonia","Paeonia brownii",NA,NA,"Forb/herb","Moderate","No","Moderate","None","None",0,0,FALSE,FALSE,6.66e+11,3958.869911,5.920000315
"2071","Panicum","Panicum capillare",31.1402319820087,22.5611973147201,NA,NA,NA,NA,NA,NA,0.051264525,0.019480519,TRUE,TRUE,NA,NA,NA
"2072","Panicum","Panicum dichotomiflorum",61.2847249750135,24.1531073733581,"Graminoid","Rapid","No",NA,"None","None",0.051264525,0.019480519,TRUE,TRUE,NA,NA,NA
"2073","Coleataenia","Coleataenia rigidula",NA,NA,"Graminoid","Moderate","No","Long","None","None",NA,NA,FALSE,FALSE,NA,NA,NA
"2074","Parnassia","Parnassia fimbriata",NA,NA,"Forb/herb","Moderate","No","Moderate","None","None",1.818181818,0.090909091,FALSE,FALSE,NA,NA,NA
"2075","Paspalum","Paspalum distichum",NA,NA,"Graminoid","Rapid","No","Short","None","None",0,0,TRUE,TRUE,NA,NA,NA
"2076","Paxistima","Paxistima myrsinites",NA,NA,NA,NA,NA,NA,NA,NA,NA,NA,FALSE,FALSE,NA,NA,NA
"2077","Pedicularis","Pedicularis bracteosa",NA,NA,NA,NA,NA,NA,NA,NA,0,0,FALSE,FALSE,NA,NA,NA
"2078","Pedicularis","Pedicularis densiflora",NA,NA,NA,NA,NA,NA,NA,NA,0,0,FALSE,FALSE,3.27e+11,3986.799911,5.719999552
"2079","Pedicularis","Pedicularis groenlandica",NA,NA,"Forb/herb","Moderate","No","Short","None","None",0,0,FALSE,FALSE,NA,NA,NA
"2080","Peltandra","Peltandra virginica",NA,NA,"Forb/herb","Slow","No","Moderate","None","None",NA,NA,FALSE,FALSE,NA,NA,NA
"2081","Penstemon","Penstemon anguineus",NA,NA,NA,NA,NA,NA,NA,NA,0.081371694,0.075268817,TRUE,FALSE,1.01e+11,4284.919769,4.179999828
"2082","Penstemon","Penstemon attenuatus",NA,NA,NA,NA,NA,NA,NA,NA,0.081371694,0.075268817,TRUE,FALSE,5.26e+11,4667.789841,4.320000648
"2083","Penstemon","Penstemon barrettiae",NA,NA,NA,NA,NA,NA,NA,NA,0.081371694,0.075268817,TRUE,FALSE,17778277241,4269.900055,2.610000134
"2084","Penstemon","Penstemon cardwellii",NA,NA,NA,NA,NA,NA,NA,NA,0.081371694,0.075268817,TRUE,FALSE,90425617746,4485.649918,4.480000496
"2085","Penstemon","Penstemon davidsonii",NA,NA,NA,NA,NA,NA,NA,NA,0.081371694,0.075268817,TRUE,FALSE,NA,NA,NA
"2086","Penstemon","Penstemon deustus",NA,NA,"Subshrub, Forb/herb","Moderate","No","Long","None","None",0.081371694,0.075268817,TRUE,FALSE,9.01e+11,4463.349762,5.920000315
"2087","Penstemon","Penstemon fruticosus",NA,NA,"Subshrub","Moderate","No","Long","None","None",0.081371694,0.075268817,TRUE,FALSE,NA,NA,NA
"2088","Penstemon","Penstemon laetus",NA,NA,"Subshrub, Forb/herb","Moderate","No","Long","None","None",0.081371694,0.075268817,TRUE,FALSE,2.44e+11,4456.609764,5.819999933
"2089","Penstemon","Penstemon ovatus",NA,NA,NA,NA,NA,NA,NA,NA,0.081371694,0.075268817,TRUE,FALSE,NA,NA,NA
"2090","Penstemon","Penstemon purpusii",NA,NA,NA,NA,NA,NA,NA,NA,0.081371694,0.075268817,TRUE,FALSE,53611535467,3601.179901,3.260000229
"2091","Penstemon","Penstemon rattanii",NA,NA,NA,NA,NA,NA,NA,NA,0.081371694,0.075268817,TRUE,FALSE,72847919685,4180.609772,3.849999905
"2092","Penstemon","Penstemon richardsonii",NA,NA,NA,NA,NA,NA,NA,NA,0.081371694,0.075268817,TRUE,FALSE,NA,NA,NA
"2093","Penstemon","Penstemon roezlii",NA,NA,NA,NA,NA,NA,NA,NA,0.081371694,0.075268817,TRUE,FALSE,2.31e+11,4005.909912,5.819999933
"2094","Penstemon","Penstemon rupicola",NA,NA,NA,NA,NA,NA,NA,NA,0.081371694,0.075268817,TRUE,FALSE,NA,NA,NA
"2095","Penstemon","Penstemon serrulatus",NA,NA,NA,NA,NA,NA,NA,NA,0.081371694,0.075268817,TRUE,FALSE,NA,NA,NA
"2096","Penthorum","Penthorum sedoides",15.1461212407955,56.6160729717797,"Forb/herb","Slow","No","Moderate","None","None",NA,NA,FALSE,FALSE,NA,NA,NA
"2097","Perideridia","Perideridia bolanderi",NA,NA,NA,NA,NA,NA,NA,NA,0,0,FALSE,FALSE,6.66e+11,3958.869911,5.920000315
"2098","Perideridia","Perideridia californica",NA,NA,NA,NA,NA,NA,NA,NA,0,0,FALSE,FALSE,46148062708,1539.429993,5.299999475
"2099","Perideridia","Perideridia gairdneri",NA,NA,"Forb/herb","Moderate","No","Moderate","None","None",0,0,FALSE,FALSE,NA,NA,NA
"2100","Perideridia","Perideridia oregana",NA,NA,NA,NA,NA,NA,NA,NA,0,0,FALSE,FALSE,2.6e+11,4393.399765,5.130000114
"2101","Perideridia","Perideridia parishii",NA,NA,"Forb/herb","Moderate","No","Moderate","None","None",0,0,FALSE,FALSE,4.71e+11,3978.389893,7.360000014
"2102","Petasites","Petasites frigidus",NA,NA,NA,NA,NA,NA,NA,NA,1.169590643,0.105263158,TRUE,FALSE,NA,NA,NA
"2103","Phacelia","Phacelia cicutaria",NA,NA,NA,NA,NA,NA,NA,NA,0.03740835,0.030487805,TRUE,FALSE,2.79e+11,2835.949951,5.719999552
"2104","Phacelia","Phacelia distans",NA,NA,NA,NA,NA,NA,NA,NA,0.03740835,0.030487805,TRUE,FALSE,10900649391,723.7700195,2.480000019
"2105","Phacelia","Phacelia fremontii",NA,NA,NA,NA,NA,NA,NA,NA,0.03740835,0.030487805,TRUE,FALSE,3.94e+11,1662,5.920000315
"2106","Phacelia","Phacelia hastata",NA,NA,"Forb/herb","Moderate","No","Moderate","None","None",0.03740835,0.030487805,TRUE,FALSE,NA,NA,NA
"2107","Phacelia","Phacelia heterophylla",NA,NA,NA,NA,NA,NA,NA,NA,0.03740835,0.030487805,TRUE,FALSE,1.4e+12,5937.240234,7.460000396
"2108","Phacelia","Phacelia sericea",NA,NA,NA,NA,NA,NA,NA,NA,0.03740835,0.030487805,TRUE,FALSE,NA,NA,NA
"2109","Phalaris","Phalaris californica",NA,NA,NA,NA,NA,NA,NA,NA,0,0,TRUE,FALSE,75039841631,4382.439758,4.549999714
"2110","Phleum","Phleum alpinum",9.71763090256626,24.6299559044279,"Graminoid","Slow","No","Moderate","None","None",0,0,TRUE,TRUE,NA,NA,NA
"2111","Phleum","Phleum alpinum",20.5693577846169,22.1974262624001,"Graminoid","Slow","No","Moderate","None","None",0,0,TRUE,TRUE,NA,NA,NA
"2112","Phlox","Phlox austromontana",NA,NA,NA,NA,NA,NA,NA,NA,0.408163265,0.1,FALSE,FALSE,1.24e+12,4005.909912,7.460000396
"2113","Phlox","Phlox hoodii",NA,NA,NA,NA,NA,NA,NA,NA,0.408163265,0.1,FALSE,FALSE,NA,NA,NA
"2114","Phlox","Phlox longifolia",NA,NA,"Subshrub, Forb/herb","Slow","No","Long","None","None",0.408163265,0.1,FALSE,FALSE,4.65e+11,2835.949951,7.460000396
"2115","Phoenicaulis","Phoenicaulis cheiranthoides",NA,NA,NA,NA,NA,NA,NA,NA,NA,NA,FALSE,FALSE,6.63e+11,4505.009766,5.920000315
"2116","Phragmites","Phragmites australis",NA,NA,"Subshrub, Shrub, Graminoid","Rapid","No","Long","Low","None",NA,NA,TRUE,TRUE,NA,NA,NA
"2117","Phryma","Phryma leptostachya",NA,NA,NA,NA,NA,NA,NA,NA,NA,NA,FALSE,FALSE,NA,NA,NA
"2118","Phyla","Phyla lanceolata",NA,NA,NA,NA,NA,NA,NA,NA,NA,NA,TRUE,FALSE,NA,NA,NA
"2119","Phyllodoce","Phyllodoce empetriformis",NA,NA,NA,NA,NA,NA,NA,NA,0,0,TRUE,TRUE,NA,NA,NA
"2120","Physalis","Physalis longifolia",NA,NA,NA,NA,NA,NA,NA,NA,0,0,TRUE,FALSE,NA,NA,NA
"2121","Physocarpus","Physocarpus malvaceus",NA,NA,"Shrub","Rapid","No","Long","None","None",0,0,TRUE,FALSE,NA,NA,NA
"2122","Physostegia","Physostegia parviflora",NA,NA,NA,NA,NA,NA,NA,NA,33.33333333,0.333333333,FALSE,FALSE,NA,NA,NA
"2123","Phytolacca","Phytolacca americana",56.7549928233175,43.2450071766825,"Forb/herb","Rapid","No","Moderate","None","Slight",0,0,TRUE,TRUE,NA,NA,NA
"2124","Picea","Picea breweriana",NA,NA,"Tree","Slow","No","Long","None","None",0,0,TRUE,FALSE,65925958397,4284.919769,4.179999828
"2125","Picea","Picea engelmannii",NA,NA,"Tree","Slow","No","Long","None","None",0,0,TRUE,FALSE,NA,NA,NA
"2126","Pinus","Pinus albicaulis",NA,NA,"Tree","Slow","No","Long","None","None",0.216216216,0.08,TRUE,FALSE,NA,NA,NA
"2127","Pinus","Pinus monticola",NA,NA,"Tree","Rapid","No","Long","None","None",0.216216216,0.08,TRUE,TRUE,NA,NA,NA
"2128","Plagiobothrys","Plagiobothrys figuratus",NA,NA,NA,NA,NA,NA,NA,NA,0,0,FALSE,FALSE,NA,NA,NA
"2129","Plagiobothrys","Plagiobothrys nothofulvus",NA,NA,NA,NA,NA,NA,NA,NA,0,0,FALSE,FALSE,4.44e+11,4606.559921,5.819999933
"2130","Plantago","Plantago maritima",NA,NA,NA,NA,NA,NA,NA,NA,0,0,TRUE,FALSE,NA,NA,NA
"2131","Plantago","Plantago maritima",NA,NA,NA,NA,NA,NA,NA,NA,0.131967086,0.074561404,TRUE,FALSE,NA,NA,NA
"2132","Plantago","Plantago patagonica",NA,NA,"Forb/herb","Moderate","No",NA,"None","None",0,0,TRUE,FALSE,NA,NA,NA
"2133","Plantago","Plantago patagonica",NA,NA,"Forb/herb","Moderate","No",NA,"None","None",0.131967086,0.074561404,TRUE,FALSE,NA,NA,NA
"2134","Valeriana","Valeriana ciliosa",NA,NA,NA,NA,NA,NA,NA,NA,NA,NA,TRUE,FALSE,4.19e+11,3995.950058,5.859999895
"2135","Valeriana","Valeriana congesta",NA,NA,NA,NA,NA,NA,NA,NA,NA,NA,TRUE,FALSE,NA,NA,NA
"2136","Poa","Poa glauca",9.25888992044682,43.3865073584796,"Graminoid","Moderate","No","Short","None","None",0,0,TRUE,FALSE,NA,NA,NA
"2137","Poa","Poa glauca",9.25888992044682,43.3865073584796,"Graminoid","Moderate","No","Short","None","None",0.116245278,0.107526882,TRUE,FALSE,NA,NA,NA
"2138","Poa","Poa nervosa",NA,NA,"Graminoid","Slow","No","Moderate","None","None",0,0,TRUE,FALSE,NA,NA,NA
"2139","Poa","Poa nervosa",NA,NA,"Graminoid","Slow","No","Moderate","None","None",0.116245278,0.107526882,TRUE,FALSE,NA,NA,NA
"2140","Poa","Poa palustris",12.9926845771974,37.3890892093577,"Graminoid","Moderate","No","Moderate","None","None",0,0,TRUE,TRUE,NA,NA,NA
"2141","Poa","Poa palustris",12.9926845771974,37.3890892093577,"Graminoid","Moderate","No","Moderate","None","None",0.116245278,0.107526882,TRUE,TRUE,NA,NA,NA
"2142","Polemonium","Polemonium occidentale",NA,NA,"Forb/herb","Moderate","No","Moderate","None","None",0,0,FALSE,FALSE,NA,NA,NA
"2143","Polemonium","Polemonium pulcherrimum",NA,NA,NA,NA,NA,NA,NA,NA,0,0,FALSE,FALSE,NA,NA,NA
"2144","Bistorta","Bistorta officinalis subsp. officinalis",NA,NA,"Forb/herb","Moderate","No","Moderate","None","None",0,0,FALSE,FALSE,NA,NA,NA
"2145","Persicaria","Persicaria hydropiperoides",NA,NA,"Forb/herb","Slow","No","Moderate","None","None",1.814516129,0.28125,TRUE,TRUE,NA,NA,NA
"2146","Persicaria","Persicaria lapathifolia",40.1679694651301,11.9104447487178,NA,NA,NA,NA,NA,NA,1.814516129,0.28125,TRUE,TRUE,NA,NA,NA
"2147","Persicaria","Persicaria pensylvanica",NA,NA,"Forb/herb","Moderate","No",NA,"None","None",1.814516129,0.28125,TRUE,TRUE,NA,NA,NA
"2148","Persicaria","Persicaria nepalensis",NA,NA,"Forb/herb","Moderate","No","Short","None","None",1.814516129,0.28125,TRUE,TRUE,NA,NA,NA
"2149","Persicaria","Persicaria strigosa",NA,NA,"Vine, Forb/herb","Rapid","No","Moderate","None","None",1.814516129,0.28125,TRUE,FALSE,NA,NA,NA
"2150","Polypodium","Polypodium glycyrrhiza",NA,NA,NA,NA,NA,NA,NA,NA,6.666666667,0.5,FALSE,FALSE,NA,NA,NA
"2151","Pontederia","Pontederia cordata",NA,NA,"Forb/herb","Moderate","No","Moderate","None","None",0,0,TRUE,TRUE,NA,NA,NA
"2152","Populus","Populus deltoides subsp. monilifera",NA,NA,"Tree","Rapid","No","Short","None","None",2.43902439,0.5,TRUE,FALSE,NA,NA,NA
"2153","Populus","Populus balsamifera",NA,NA,"Tree","Rapid","No","Moderate","None","None",2.43902439,0.5,TRUE,FALSE,NA,NA,NA
"2154","Potamogeton","Potamogeton amplifolius",NA,NA,"Forb/herb","Rapid","No","Short","None","None",0.610483042,0.424285714,TRUE,FALSE,NA,NA,NA
"2155","Potamogeton","Potamogeton natans",47.2686605924129,43.6351507076825,"Forb/herb","Rapid","No","Short","None","None",0.610483042,0.424285714,TRUE,TRUE,NA,NA,NA
"2156","Potamogeton","Potamogeton nodosus",51.4060447444032,35.1230721602903,"Forb/herb","Rapid","No","Short","None","None",0.610483042,0.424285714,TRUE,TRUE,NA,NA,NA
"2157","Potamogeton","Potamogeton robbinsii",NA,NA,"Forb/herb","Rapid","No","Short","None","None",0.610483042,0.424285714,TRUE,FALSE,NA,NA,NA
"2158","Potentilla","Potentilla arguta",NA,NA,"Forb/herb, Subshrub","Moderate","No","Short","None","None",0.163203816,0.145251397,TRUE,FALSE,NA,NA,NA
"2159","Potentilla","Potentilla drummondii",NA,NA,NA,NA,NA,NA,NA,NA,0.163203816,0.145251397,TRUE,FALSE,NA,NA,NA
"2160","Potentilla","Potentilla flabellifolia",NA,NA,NA,NA,NA,NA,NA,NA,0.163203816,0.145251397,TRUE,FALSE,NA,NA,NA
"2161","Potentilla","Potentilla norvegica",32.1712984283504,24.2921323234376,NA,NA,NA,NA,NA,NA,0.163203816,0.145251397,TRUE,TRUE,NA,NA,NA
"2162","Potentilla","Potentilla villosa",NA,NA,NA,NA,NA,NA,NA,NA,0.163203816,0.145251397,TRUE,FALSE,NA,NA,NA
"2163","Proboscidea","Proboscidea louisianica",NA,NA,NA,NA,NA,NA,NA,NA,0,0,FALSE,FALSE,NA,NA,NA
"2164","Neltuma","Neltuma glandulosa",NA,NA,NA,NA,NA,NA,NA,NA,NA,NA,TRUE,TRUE,NA,NA,NA
"2165","Prunus","Prunus angustifolia",NA,NA,"Tree, Shrub","Moderate","No","Long","None","Slight",0.240891298,0.097560976,TRUE,FALSE,NA,NA,NA
"2166","Prunus","Prunus emarginata",NA,NA,"Tree, Shrub","Moderate","No","Long","None","None",0.240891298,0.097560976,TRUE,FALSE,NA,NA,NA
"2167","Prunus","Prunus subcordata",NA,NA,"Tree, Shrub","Moderate","No","Moderate","None","Slight",0.240891298,0.097560976,TRUE,FALSE,2.84e+11,4577.26992,5.819999933
"2168","Pseudognaphalium","Pseudognaphalium biolettii",NA,NA,NA,NA,NA,NA,NA,NA,NA,NA,TRUE,FALSE,1.91e+11,1489.249985,5.719999552
"2169","Pseudognaphalium","Pseudognaphalium stramineum",NA,NA,NA,NA,NA,NA,NA,NA,NA,NA,TRUE,FALSE,NA,NA,NA
"2170","Pseudoroegneria","Pseudoroegneria spicata",NA,NA,"Graminoid","Moderate","No","Moderate","None","None",NA,NA,FALSE,FALSE,NA,NA,NA
"2171","Puccinellia","Puccinellia nuttalliana",NA,NA,"Graminoid","Slow","No","Short","None","None",0.522648084,0.107142857,TRUE,TRUE,NA,NA,NA
"2172","Pyrola","Pyrola asarifolia",NA,NA,NA,NA,NA,NA,NA,NA,0,0,FALSE,FALSE,NA,NA,NA
"2173","Pyrola","Pyrola picta",NA,NA,NA,NA,NA,NA,NA,NA,0,0,FALSE,FALSE,NA,NA,NA
"2174","Quercus","Quercus x alvordiana",NA,NA,NA,NA,NA,NA,NA,NA,1.865203762,0.811363636,TRUE,FALSE,NA,NA,NA
"2175","Quercus","Quercus sadleriana",NA,NA,NA,NA,NA,NA,NA,NA,1.865203762,0.811363636,TRUE,FALSE,92219863511,4284.919769,4.179999828
"2176","Quercus","Quercus vacciniifolia",NA,NA,"Shrub","Slow","No","Long","None","None",1.865203762,0.811363636,TRUE,FALSE,2.17e+11,4428.619766,5.819999933
"2177","Ranunculus","Ranunculus alismifolius",NA,NA,"Forb/herb","Moderate","No","Long","None","Moderate",2.222222222,0.1,TRUE,FALSE,NA,NA,NA
"2178","Ranunculus","Ranunculus alismifolius",NA,NA,"Forb/herb","Moderate","No","Long","None","Moderate",0.044003432,0.066225166,TRUE,FALSE,NA,NA,NA
"2179","Ranunculus","Ranunculus aquatilis",11.1060121065508,88.8939878934492,NA,NA,NA,NA,NA,NA,2.222222222,0.1,TRUE,TRUE,NA,NA,NA
"2180","Ranunculus","Ranunculus aquatilis",11.1060121065508,88.8939878934492,NA,NA,NA,NA,NA,NA,0.044003432,0.066225166,TRUE,TRUE,NA,NA,NA
"2181","Ranunculus","Ranunculus flammula",32.1684012839182,59.5810391253378,"Forb/herb","Moderate","No","Short","None","None",2.222222222,0.1,TRUE,FALSE,NA,NA,NA
"2182","Ranunculus","Ranunculus flammula",32.1684012839182,59.5810391253378,"Forb/herb","Moderate","No","Short","None","None",0.044003432,0.066225166,TRUE,FALSE,NA,NA,NA
"2183","Ranunculus","Ranunculus longirostris",NA,NA,"Forb/herb","Moderate","No","Short","None","None",2.222222222,0.1,TRUE,FALSE,NA,NA,NA
"2184","Ranunculus","Ranunculus longirostris",NA,NA,"Forb/herb","Moderate","No","Short","None","None",0.044003432,0.066225166,TRUE,FALSE,NA,NA,NA
"2185","Ranunculus","Ranunculus macounii",NA,NA,"Forb/herb","Moderate","No","Short","None","Moderate",2.222222222,0.1,TRUE,FALSE,NA,NA,NA
"2186","Ranunculus","Ranunculus macounii",NA,NA,"Forb/herb","Moderate","No","Short","None","Moderate",0.044003432,0.066225166,TRUE,FALSE,NA,NA,NA
"2187","Ranunculus","Ranunculus occidentalis",NA,NA,NA,NA,NA,NA,NA,NA,2.222222222,0.1,TRUE,FALSE,NA,NA,NA
"2188","Ranunculus","Ranunculus occidentalis",NA,NA,NA,NA,NA,NA,NA,NA,0.044003432,0.066225166,TRUE,FALSE,NA,NA,NA
"2189","Ranunculus","Ranunculus orthorhynchus",NA,NA,NA,NA,NA,NA,NA,NA,2.222222222,0.1,TRUE,FALSE,NA,NA,NA
"2190","Ranunculus","Ranunculus orthorhynchus",NA,NA,NA,NA,NA,NA,NA,NA,0.044003432,0.066225166,TRUE,FALSE,NA,NA,NA
"2191","Ranunculus","Ranunculus pensylvanicus",NA,NA,"Forb/herb","Moderate","No","Short","None","None",2.222222222,0.1,TRUE,FALSE,NA,NA,NA
"2192","Ranunculus","Ranunculus pensylvanicus",NA,NA,"Forb/herb","Moderate","No","Short","None","None",0.044003432,0.066225166,TRUE,FALSE,NA,NA,NA
"2193","Ranunculus","Ranunculus sceleratus",46.315871443033,53.684128556967,"Forb/herb","Rapid","No","Short","None","None",2.222222222,0.1,TRUE,TRUE,NA,NA,NA
"2194","Ranunculus","Ranunculus sceleratus",46.315871443033,53.684128556967,"Forb/herb","Rapid","No","Short","None","None",0.044003432,0.066225166,TRUE,TRUE,NA,NA,NA
"2195","Ranunculus","Ranunculus uncinatus",NA,NA,NA,NA,NA,NA,NA,NA,2.222222222,0.1,TRUE,FALSE,NA,NA,NA
"2196","Ranunculus","Ranunculus uncinatus",NA,NA,NA,NA,NA,NA,NA,NA,0.044003432,0.066225166,TRUE,FALSE,NA,NA,NA
"2197","Ratibida","Ratibida columnifera",NA,NA,"Forb/herb","Moderate","No","Moderate","None","None",0,0,FALSE,FALSE,NA,NA,NA
"2198","Rhododendron","Rhododendron albiflorum",NA,NA,"Shrub","Moderate","No","Moderate","None","Severe",0,0,TRUE,FALSE,NA,NA,NA
"2199","Rhus","Rhus glabra",44.6234083682146,10.1031114893918,"Tree, Shrub","Moderate","No","Short","None","None",1.470588235,0.117647059,TRUE,FALSE,NA,NA,NA
"2200","Ribes","Ribes acerifolium",NA,NA,NA,NA,NA,NA,NA,NA,0.088157508,0.036144578,TRUE,FALSE,NA,NA,NA
"2201","Ribes","Ribes bracteosum",NA,NA,NA,NA,NA,NA,NA,NA,0.088157508,0.036144578,TRUE,FALSE,NA,NA,NA
"2202","Ribes","Ribes inerme",NA,NA,"Shrub","Moderate","No","Long","None","None",0.088157508,0.036144578,TRUE,FALSE,NA,NA,NA
"2203","Ribes","Ribes lacustre",NA,NA,"Shrub","Rapid","No","Short","None","None",0.088157508,0.036144578,TRUE,FALSE,NA,NA,NA
"2204","Ribes","Ribes laxiflorum",NA,NA,NA,NA,NA,NA,NA,NA,0.088157508,0.036144578,TRUE,FALSE,NA,NA,NA
"2205","Ribes","Ribes lobbii",NA,NA,NA,NA,NA,NA,NA,NA,0.088157508,0.036144578,TRUE,FALSE,NA,NA,NA
"2206","Ribes","Ribes montigenum",NA,NA,"Shrub","Rapid","No","Moderate","None","None",0.088157508,0.036144578,TRUE,FALSE,NA,NA,NA
"2207","Ribes","Ribes triste",NA,NA,"Shrub","Moderate","No","Short","None","None",0.088157508,0.036144578,TRUE,FALSE,NA,NA,NA
"2208","Ribes","Ribes viscosissimum",NA,NA,"Shrub","Moderate","No","Short","None","None",0.088157508,0.036144578,TRUE,FALSE,NA,NA,NA
"2209","Robinia","Robinia pseudoacacia",47.8789345162566,10.7132389058306,"Tree","Rapid","No","Short","Medium","None",0,0,TRUE,TRUE,NA,NA,NA
"2210","Rosa","Rosa pisocarpa",NA,NA,"Subshrub","Rapid","No","Short","None","None",1.171624714,0.667826087,TRUE,FALSE,NA,NA,NA
"2211","Rubus","Rubus hispidus",NA,NA,"Subshrub","Moderate","No","Moderate","None","None",0.06483085,0.181850534,TRUE,FALSE,4126292294,709.1500244,1.119999886
"2212","Rubus","Rubus hispidus",NA,NA,"Subshrub","Moderate","No","Moderate","None","None",0.06483085,0.181850534,TRUE,FALSE,1680419589,292.4000244,0.630000114
"2213","Rubus","Rubus hispidus",NA,NA,"Subshrub","Moderate","No","Moderate","None","None",0.06483085,0.181850534,TRUE,FALSE,1680419589,292.4000244,0.630000114
"2214","Rubus","Rubus pedatus",NA,NA,NA,NA,NA,NA,NA,NA,0.06483085,0.181850534,TRUE,FALSE,NA,NA,NA
"2215","Rubus","Rubus vitifolius",NA,NA,NA,NA,NA,NA,NA,NA,0.06483085,0.181850534,TRUE,FALSE,NA,NA,NA
"2216","Rudbeckia","Rudbeckia hirta",12.2252164740583,18.52780366885,"Forb/herb","Rapid","No","Short","None","None",0,0,TRUE,TRUE,NA,NA,NA
"2217","Rumex","Rumex aquaticus",80.4689658875654,19.5310341124346,NA,NA,NA,NA,NA,NA,0.593395253,0.450980392,TRUE,TRUE,NA,NA,NA
"2218","Rupertia","Rupertia physodes",NA,NA,NA,NA,NA,NA,NA,NA,0,0,FALSE,FALSE,NA,NA,NA
"2219","Sagittaria","Sagittaria cuneata",NA,NA,"Forb/herb","Moderate","No","Moderate","None","None",0,0,TRUE,FALSE,NA,NA,NA
"2220","Sagittaria","Sagittaria latifolia",NA,NA,"Forb/herb","Moderate","No","Moderate","None","None",0,0,TRUE,TRUE,NA,NA,NA
"2221","Sairocarpus","Sairocarpus multiflorus",NA,NA,NA,NA,NA,NA,NA,NA,NA,NA,FALSE,FALSE,1.36e+11,1642.889999,5.719999552
"2222","Salix","Salix lucida",NA,NA,"Shrub, Tree","Rapid","No","Moderate","None","None",0.594652598,0.627358491,TRUE,FALSE,NA,NA,NA
"2223","Salix","Salix pedicellaris",NA,NA,NA,NA,NA,NA,NA,NA,0.594652598,0.627358491,TRUE,FALSE,NA,NA,NA
"2224","Salix","Salix sessilifolia",NA,NA,"Shrub, Tree","Rapid","No","Long","None","None",0.594652598,0.627358491,TRUE,FALSE,NA,NA,NA
"2225","Sanguisorba","Sanguisorba annua",NA,NA,NA,NA,NA,NA,NA,NA,0,0,FALSE,FALSE,NA,NA,NA
"2226","Sanicula","Sanicula bipinnatifida",NA,NA,NA,NA,NA,NA,NA,NA,0,0,FALSE,FALSE,NA,NA,NA
"2227","Sanicula","Sanicula crassicaulis",NA,NA,NA,NA,NA,NA,NA,NA,0,0,FALSE,FALSE,NA,NA,NA
"2228","Saxifraga","Saxifraga bronchialis",NA,NA,NA,NA,NA,NA,NA,NA,0.086902545,0.077777778,TRUE,FALSE,NA,NA,NA
"2229","Lithophragma","Lithophragma cymbalaria",NA,NA,NA,NA,NA,NA,NA,NA,0,0,FALSE,FALSE,3.49e+11,4485.899765,5.719999552
"2230","Lithophragma","Lithophragma cymbalaria",NA,NA,NA,NA,NA,NA,NA,NA,0,0,FALSE,FALSE,68652470191,1297.670044,5.719999552
"2231","Micranthes","Micranthes integrifolia",NA,NA,NA,NA,NA,NA,NA,NA,NA,NA,FALSE,FALSE,NA,NA,NA
"2232","Micranthes","Micranthes odontoloma",NA,NA,NA,NA,NA,NA,NA,NA,NA,NA,FALSE,FALSE,NA,NA,NA
"2233","Micranthes","Micranthes oregana",NA,NA,NA,NA,NA,NA,NA,NA,NA,NA,FALSE,FALSE,NA,NA,NA
"2234","Schoenoplectus","Schoenoplectus pungens",NA,NA,NA,NA,NA,NA,NA,NA,3.03030303,0.166666667,TRUE,FALSE,NA,NA,NA
"2235","Schoenoplectus","Schoenoplectus tabernaemontani",NA,NA,"Graminoid","Rapid","No","Long","None","None",3.03030303,0.166666667,TRUE,FALSE,NA,NA,NA
"2236","Scirpus","Scirpus cyperinus",NA,NA,"Graminoid","Moderate","No","Long","None","None",0.158702169,0.08411215,FALSE,FALSE,NA,NA,NA
"2237","Scirpus","Scirpus pallidus",NA,NA,"Graminoid","Rapid","No","Long","None","None",0.158702169,0.08411215,FALSE,FALSE,NA,NA,NA
"2238","Scirpus","Scirpus pendulus",NA,NA,"Graminoid","Moderate","No","Long","None","None",0.158702169,0.08411215,FALSE,FALSE,NA,NA,NA
"2239","Scrophularia","Scrophularia lanceolata",42.3094407637561,36.8180007653045,NA,NA,NA,NA,NA,NA,0,0,FALSE,FALSE,NA,NA,NA
"2240","Scutellaria","Scutellaria galericulata",14.7237502452294,61.9644833927927,NA,NA,NA,NA,NA,NA,0.354609929,0.083333333,FALSE,FALSE,NA,NA,NA
"2241","Scutellaria","Scutellaria lateriflora",13.7264481237083,46.6893582302634,NA,NA,NA,NA,NA,NA,0.354609929,0.083333333,FALSE,FALSE,NA,NA,NA
"2242","Sedum","Sedum lanceolatum",NA,NA,NA,NA,NA,NA,NA,NA,0,0,TRUE,FALSE,NA,NA,NA
"2243","Sedum","Sedum lanceolatum",NA,NA,NA,NA,NA,NA,NA,NA,0,0,TRUE,FALSE,NA,NA,NA
"2244","Sedum","Sedum lanceolatum",NA,NA,NA,NA,NA,NA,NA,NA,0,0,TRUE,FALSE,NA,NA,NA
"2245","Sedum","Sedum obtusatum",NA,NA,NA,NA,NA,NA,NA,NA,0,0,TRUE,FALSE,1.77e+11,4431.859764,5.630000353
"2246","Sedum","Sedum obtusatum",NA,NA,NA,NA,NA,NA,NA,NA,0,0,TRUE,FALSE,1.77e+11,4431.859764,5.630000353
"2247","Sedum","Sedum obtusatum",NA,NA,NA,NA,NA,NA,NA,NA,0,0,TRUE,FALSE,1.77e+11,4431.859764,5.630000353
"2248","Sedum","Sedum oregonense",NA,NA,NA,NA,NA,NA,NA,NA,0,0,TRUE,FALSE,1.04e+11,4340.929764,4.179999828
"2249","Sedum","Sedum oregonense",NA,NA,NA,NA,NA,NA,NA,NA,0,0,TRUE,FALSE,1.04e+11,4340.929764,4.179999828
"2250","Sedum","Sedum oregonense",NA,NA,NA,NA,NA,NA,NA,NA,0,0,TRUE,FALSE,1.04e+11,4340.929764,4.179999828
"2251","Sedum","Sedum stenopetalum",NA,NA,NA,NA,NA,NA,NA,NA,0,0,TRUE,FALSE,NA,NA,NA
"2252","Sedum","Sedum stenopetalum",NA,NA,NA,NA,NA,NA,NA,NA,0,0,TRUE,FALSE,NA,NA,NA
"2253","Sedum","Sedum stenopetalum",NA,NA,NA,NA,NA,NA,NA,NA,0,0,TRUE,FALSE,NA,NA,NA
"2254","Senecio","Senecio integerrimus",NA,NA,"Forb/herb","Moderate","No","Moderate","None","Moderate",0.087336245,0.1,TRUE,FALSE,NA,NA,NA
"2255","Senecio","Senecio triangularis",NA,NA,"Subshrub, Forb/herb","Moderate","No","Long","None","None",0.087336245,0.1,TRUE,FALSE,NA,NA,NA
"2256","Shepherdia","Shepherdia canadensis",NA,NA,"Shrub","Rapid","No","Moderate","Medium","None",0,0,FALSE,FALSE,NA,NA,NA
"2257","Sidalcea","Sidalcea campestris",NA,NA,NA,NA,NA,NA,NA,NA,0,0,FALSE,FALSE,39620712216,3181.090027,2.680000305
"2258","Sidalcea","Sidalcea cusickii",NA,NA,NA,NA,NA,NA,NA,NA,0,0,FALSE,FALSE,48705057677,3589.950073,2.800000191
"2259","Sidalcea","Sidalcea hendersonii",NA,NA,NA,NA,NA,NA,NA,NA,0,0,FALSE,FALSE,NA,NA,NA
"2260","Sidalcea","Sidalcea hirtipes",NA,NA,NA,NA,NA,NA,NA,NA,0,0,FALSE,FALSE,16071098850,3697.839905,2.519999981
"2261","Sidalcea","Sidalcea oregana",NA,NA,"Subshrub, Forb/herb","Moderate","No","Moderate","None","None",0,0,FALSE,FALSE,NA,NA,NA
"2262","Silene","Silene acaulis",0,72.6569324286634,NA,NA,NA,NA,NA,NA,0.007905138,0.010869565,TRUE,FALSE,NA,NA,NA
"2263","Silene","Silene antirrhina",NA,NA,NA,NA,NA,NA,NA,NA,0.007905138,0.010869565,TRUE,FALSE,NA,NA,NA
"2264","Silene","Silene hookeri",NA,NA,NA,NA,NA,NA,NA,NA,0.007905138,0.010869565,TRUE,FALSE,1.24e+11,4284.919769,4.630000114
"2265","Silene","Silene scouleri",NA,NA,NA,NA,NA,NA,NA,NA,0.007905138,0.010869565,TRUE,FALSE,NA,NA,NA
"2266","Sisyrinchium","Sisyrinchium idahoense",NA,NA,"Forb/herb","Moderate","No","Moderate","None","None",0,0,TRUE,FALSE,NA,NA,NA
"2267","Sium","Sium suave",NA,NA,NA,NA,NA,NA,NA,NA,0,0,FALSE,FALSE,NA,NA,NA
"2268","Solanum","Solanum americanum",NA,NA,NA,NA,NA,NA,NA,NA,0,0,TRUE,TRUE,NA,NA,NA
"2269","Solanum","Solanum americanum",NA,NA,NA,NA,NA,NA,NA,NA,0.055096419,0.033057851,TRUE,TRUE,NA,NA,NA
"2270","Solanum","Solanum douglasii",NA,NA,NA,NA,NA,NA,NA,NA,0,0,TRUE,FALSE,NA,NA,NA
"2271","Solanum","Solanum douglasii",NA,NA,NA,NA,NA,NA,NA,NA,0.055096419,0.033057851,TRUE,FALSE,NA,NA,NA
"2272","Solidago","Solidago altissima",NA,NA,NA,NA,NA,NA,NA,NA,0.124223602,0.042857143,TRUE,TRUE,NA,NA,NA
"2273","Solidago","Solidago canadensis",36.7313797145692,23.051601982159,"Forb/herb","Rapid","No","Long","None","None",0.124223602,0.042857143,TRUE,TRUE,NA,NA,NA
"2274","Solidago","Solidago gigantea",31.8069238569522,14.1206013673544,"Forb/herb","Moderate","No","Moderate","None","None",0.124223602,0.042857143,TRUE,TRUE,NA,NA,NA
"2275","Solidago","Solidago missouriensis",NA,NA,"Forb/herb","Moderate","No","Short","None","None",0.124223602,0.042857143,TRUE,FALSE,NA,NA,NA
"2276","Solidago","Solidago multiradiata",NA,NA,"Subshrub, Forb/herb",NA,"No","Short","None",NA,0.124223602,0.042857143,TRUE,FALSE,NA,NA,NA
"2277","Solidago","Solidago spectabilis",NA,NA,NA,NA,NA,NA,NA,NA,0.124223602,0.042857143,TRUE,FALSE,6.46e+11,2835.949951,7.460000396
"2278","Sorbus","Sorbus californica",NA,NA,NA,NA,NA,NA,NA,NA,0.721954832,0.263513514,TRUE,FALSE,1.89e+11,3978.389893,5.819999933
"2279","Sorbus","Sorbus scopulina",NA,NA,"Tree, Shrub","Moderate","No","Moderate","None","None",0.721954832,0.263513514,TRUE,FALSE,2.05e+11,1092.069977,7.259999633
"2280","Sorbus","Sorbus sitchensis",NA,NA,NA,NA,NA,NA,NA,NA,0.721954832,0.263513514,TRUE,FALSE,NA,NA,NA
"2281","Sparganium","Sparganium emersum",51.1384797778726,48.8615202221274,NA,NA,NA,NA,NA,NA,2.53968254,0.444444444,TRUE,FALSE,NA,NA,NA
"2282","Sparganium","Sparganium eurycarpum",NA,NA,"Forb/herb","Moderate","No","Moderate","None","None",2.53968254,0.444444444,TRUE,FALSE,NA,NA,NA
"2283","Spiraea","Spiraea tomentosa",4.96325512966923,10.0812086897413,"Shrub","Moderate","No","Moderate","None","None",1.008403361,0.171428571,TRUE,TRUE,NA,NA,NA
"2284","Spiranthes","Spiranthes romanzoffiana",NA,NA,"Forb/herb","Moderate","No","Short","None","None",0.56980057,0.074074074,FALSE,FALSE,NA,NA,NA
"2285","Stachys","Stachys chamissonis",NA,NA,NA,NA,NA,NA,NA,NA,0.052246604,0.022727273,TRUE,FALSE,NA,NA,NA
"2286","Stachys","Stachys pycnantha",NA,NA,NA,NA,NA,NA,NA,NA,0.052246604,0.022727273,TRUE,FALSE,1.12e+11,2811.779953,4.990000248
"2287","Stachys","Stachys rigida",NA,NA,NA,NA,NA,NA,NA,NA,0.052246604,0.022727273,TRUE,FALSE,4.9e+11,5918.130234,5.819999933
"2288","Stenotaphrum","Stenotaphrum secundatum",NA,NA,"Graminoid","Rapid","No","Long","None","None",NA,NA,TRUE,TRUE,NA,NA,NA
"2289","Symphoricarpos","Symphoricarpos oreophilus",NA,NA,"Shrub","Moderate","No","Long","None","None",0.833333333,0.0625,TRUE,TRUE,NA,NA,NA
"2290","Symphyotrichum","Symphyotrichum hallii",NA,NA,NA,NA,NA,NA,NA,NA,0,0,TRUE,FALSE,80895155619,3810.409912,3.730000019
"2291","Symphyotrichum","Symphyotrichum lanceolatum",10.9343743479064,24.5764319456319,NA,NA,NA,NA,NA,NA,0,0,TRUE,TRUE,NA,NA,NA
"2292","Symphyotrichum","Symphyotrichum spathulatum",NA,NA,NA,NA,NA,NA,NA,NA,0,0,TRUE,FALSE,NA,NA,NA
"2293","Symphyotrichum","Symphyotrichum subspicatum",NA,NA,"Forb/herb","Rapid","No","Short","None","None",0,0,TRUE,FALSE,NA,NA,NA
"2294","Veronica","Veronica regina-nivalis",NA,NA,NA,NA,NA,NA,NA,NA,0,0,TRUE,FALSE,1.48e+11,5229.869965,4.630000114
"2295","Veronica","Veronica regina-nivalis",NA,NA,NA,NA,NA,NA,NA,NA,0,0,TRUE,FALSE,1.48e+11,5229.869965,4.630000114
"2296","Veronica","Veronica regina-nivalis",NA,NA,NA,NA,NA,NA,NA,NA,14.28571429,0.428571429,TRUE,FALSE,1.48e+11,5229.869965,4.630000114
"2297","Veronica","Veronica regina-nivalis",NA,NA,NA,NA,NA,NA,NA,NA,0,0,TRUE,FALSE,1.48e+11,5229.869965,4.630000114
"2298","Veronica","Veronica regina-nivalis",NA,NA,NA,NA,NA,NA,NA,NA,0.045444217,0.036809816,TRUE,FALSE,1.48e+11,5229.869965,4.630000114
"2299","Tanacetum","Tanacetum bipinnatum subsp. bipinnatum",15.7225997856671,40.1542560254111,NA,NA,NA,NA,NA,NA,0,0,TRUE,TRUE,80219582003,5089.809967,3.309999943
"2300","Taxus","Taxus brevifolia",NA,NA,"Tree","Slow","No","Long","None","Moderate",0,0,FALSE,FALSE,NA,NA,NA
"2301","Thalictrum","Thalictrum occidentale",NA,NA,NA,NA,NA,NA,NA,NA,0,0,FALSE,FALSE,NA,NA,NA
"2302","Thermopsis","Thermopsis gracilis",NA,NA,NA,NA,NA,NA,NA,NA,0,0,FALSE,FALSE,NA,NA,NA
"2303","Thermopsis","Thermopsis montana",NA,NA,NA,NA,NA,NA,NA,NA,0,0,FALSE,FALSE,NA,NA,NA
"2304","Thuja","Thuja plicata",NA,NA,"Tree","Slow","No","Long","None","None",NA,NA,FALSE,FALSE,NA,NA,NA
"2305","Torreyochloa","Torreyochloa pallida",NA,NA,NA,NA,NA,NA,NA,NA,0,0,FALSE,FALSE,NA,NA,NA
"2306","Hypericum","Hypericum fraseri",NA,NA,NA,NA,NA,NA,NA,NA,0.129032258,0.08,TRUE,FALSE,NA,NA,NA
"2307","Hypericum","Hypericum fraseri",NA,NA,NA,NA,NA,NA,NA,NA,0,0,TRUE,FALSE,NA,NA,NA
"2308","Trichostema","Trichostema lanceolatum",NA,NA,NA,NA,NA,NA,NA,NA,0,0,FALSE,FALSE,3.68e+11,3986.799911,5.719999552
"2309","Trifolium","Trifolium bifidum",NA,NA,NA,NA,NA,NA,NA,NA,0.00911965,0.011673152,TRUE,FALSE,2.3e+11,4472.009766,5.299999475
"2310","Trifolium","Trifolium longipes",13.0963345864208,47.8103887392549,"Forb/herb","Rapid","No","Short","Medium","None",0.00911965,0.011673152,TRUE,FALSE,1.45e+12,5918.130234,7.460000396
"2311","Trifolium","Trifolium microcephalum",NA,NA,NA,NA,NA,NA,NA,NA,0.00911965,0.011673152,TRUE,FALSE,NA,NA,NA
"2312","Trifolium","Trifolium oliganthum",NA,NA,NA,NA,NA,NA,NA,NA,0.00911965,0.011673152,TRUE,FALSE,NA,NA,NA
"2313","Trifolium","Trifolium variegatum",NA,NA,NA,NA,NA,NA,NA,NA,0.00911965,0.011673152,TRUE,FALSE,NA,NA,NA
"2314","Triodanis","Triodanis perfoliata",7.99427818216123,81.7843608221273,NA,NA,NA,NA,NA,NA,0,0,TRUE,TRUE,NA,NA,NA
"2315","Triphysaria","Triphysaria eriantha",NA,NA,NA,NA,NA,NA,NA,NA,20,0.4,FALSE,FALSE,2.4e+11,4472.009766,5.719999552
"2316","Graphephorum","Graphephorum canescens",NA,NA,"Graminoid","Moderate","No","Moderate","None","None",NA,NA,FALSE,FALSE,NA,NA,NA
"2317","Koeleria","Koeleria spicata",NA,NA,"Graminoid","Moderate","No","Short","None","None",1.470588235,0.117647059,FALSE,FALSE,NA,NA,NA
"2318","Trollius","Trollius laxus",NA,NA,NA,NA,NA,NA,NA,NA,100,0.5,FALSE,FALSE,NA,NA,NA
"2319","Tsuga","Tsuga heterophylla",NA,NA,"Tree","Slow","No","Long","None","None",0,0,FALSE,FALSE,NA,NA,NA
"2320","Urtica","Urtica dioica",NA,NA,NA,NA,NA,NA,NA,NA,0,0,TRUE,TRUE,NA,NA,NA
"2321","Utricularia","Utricularia macrorhiza",NA,NA,NA,NA,NA,NA,NA,NA,0.096618357,0.02173913,TRUE,FALSE,NA,NA,NA
"2322","Vaccinium","Vaccinium alaskaense",NA,NA,NA,NA,NA,NA,NA,NA,0.340136054,0.081632653,FALSE,FALSE,NA,NA,NA
"2323","Vaccinium","Vaccinium corymbosum",34.6523984670267,2.3110014048423,"Shrub","Moderate","No","Moderate","None","None",0.340136054,0.081632653,FALSE,FALSE,6195751089,588.4700928,3.090000153
"2324","Vaccinium","Vaccinium corymbosum",34.6523984670267,2.3110014048423,"Shrub","Moderate","No","Moderate","None","None",0.340136054,0.081632653,FALSE,FALSE,3.28e+11,715.249939,3.409999847
"2325","Vaccinium","Vaccinium corymbosum",34.6523984670267,2.3110014048423,"Shrub","Moderate","No","Moderate","None","None",0.340136054,0.081632653,FALSE,FALSE,6195751089,588.4700928,3.090000153
"2326","Vaccinium","Vaccinium corymbosum",34.6523984670267,2.3110014048423,"Shrub","Moderate","No","Moderate","None","None",0.340136054,0.081632653,FALSE,FALSE,3.28e+11,715.249939,3.409999847
"2327","Vaccinium","Vaccinium deliciosum",NA,NA,NA,NA,NA,NA,NA,NA,0.340136054,0.081632653,FALSE,FALSE,NA,NA,NA
"2328","Vaccinium","Vaccinium macrocarpon",NA,NA,NA,NA,NA,NA,NA,NA,0.340136054,0.081632653,FALSE,FALSE,NA,NA,NA
"2329","Vaccinium","Vaccinium membranaceum",NA,NA,"Shrub","Moderate","No","Long","None","None",0.340136054,0.081632653,FALSE,FALSE,NA,NA,NA
"2330","Vaccinium","Vaccinium myrtillus",13.1518218099889,43.2914333251273,NA,NA,NA,NA,NA,NA,0.340136054,0.081632653,FALSE,FALSE,NA,NA,NA
"2331","Vaccinium","Vaccinium ovalifolium",NA,NA,"Shrub","Moderate","No","Moderate","None","None",0.340136054,0.081632653,FALSE,FALSE,NA,NA,NA
"2332","Vaccinium","Vaccinium oxycoccos",0,4.82136525199717,NA,NA,NA,NA,NA,NA,0.340136054,0.081632653,FALSE,FALSE,NA,NA,NA
"2333","Vaccinium","Vaccinium parvifolium",NA,NA,"Shrub","Slow","No","Moderate","None","None",0.340136054,0.081632653,FALSE,FALSE,NA,NA,NA
"2334","Vaccinium","Vaccinium scoparium",NA,NA,"Subshrub, Shrub","Rapid","No","Moderate","None","None",0.340136054,0.081632653,FALSE,FALSE,NA,NA,NA
"2335","Vaccinium","Vaccinium uliginosum",NA,NA,"Subshrub, Shrub","Moderate","No","Moderate","None","None",0.340136054,0.081632653,FALSE,FALSE,NA,NA,NA
"2336","Vallisneria","Vallisneria americana",68.4390606967572,31.5609393032428,"Forb/herb","Rapid","No","Short","None","None",0,0,TRUE,TRUE,NA,NA,NA
"2337","Veratrum","Veratrum californicum",NA,NA,"Forb/herb","Rapid","No","Moderate","None","Severe",0,0,FALSE,FALSE,1.34e+12,5937.240234,7.460000396
"2338","Veratrum","Veratrum viride",NA,NA,NA,NA,NA,NA,NA,NA,0,0,FALSE,FALSE,NA,NA,NA
"2339","Verbena","Verbena bracteata",14.5405938378048,40.6228695916249,NA,NA,NA,NA,NA,NA,NA,NA,TRUE,TRUE,NA,NA,NA
"2340","Verbena","Verbena hastata",26.3204209749658,20.7650156383046,NA,NA,NA,NA,NA,NA,NA,NA,TRUE,FALSE,NA,NA,NA
"2341","Veronica","Veronica americana",NA,NA,"Forb/herb","Rapid","No","Short","None","None",0,0,TRUE,FALSE,NA,NA,NA
"2342","Veronica","Veronica americana",NA,NA,"Forb/herb","Rapid","No","Short","None","None",0,0,TRUE,FALSE,NA,NA,NA
"2343","Veronica","Veronica americana",NA,NA,"Forb/herb","Rapid","No","Short","None","None",14.28571429,0.428571429,TRUE,FALSE,NA,NA,NA
"2344","Veronica","Veronica americana",NA,NA,"Forb/herb","Rapid","No","Short","None","None",0,0,TRUE,FALSE,NA,NA,NA
"2345","Veronica","Veronica americana",NA,NA,"Forb/herb","Rapid","No","Short","None","None",0.045444217,0.036809816,TRUE,FALSE,NA,NA,NA
"2346","Veronica","Veronica wormskjoldii",NA,NA,"Forb/herb","Moderate","No","Moderate","None","None",0,0,TRUE,FALSE,NA,NA,NA
"2347","Veronica","Veronica wormskjoldii",NA,NA,"Forb/herb","Moderate","No","Moderate","None","None",0,0,TRUE,FALSE,NA,NA,NA
"2348","Veronica","Veronica wormskjoldii",NA,NA,"Forb/herb","Moderate","No","Moderate","None","None",14.28571429,0.428571429,TRUE,FALSE,NA,NA,NA
"2349","Veronica","Veronica wormskjoldii",NA,NA,"Forb/herb","Moderate","No","Moderate","None","None",0,0,TRUE,FALSE,NA,NA,NA
"2350","Veronica","Veronica wormskjoldii",NA,NA,"Forb/herb","Moderate","No","Moderate","None","None",0.045444217,0.036809816,TRUE,FALSE,NA,NA,NA
"2351","Viburnum","Viburnum edule",NA,NA,"Shrub","Rapid","No","Short","None","Slight",0.333333333,0.04,TRUE,FALSE,NA,NA,NA
"2352","Viburnum","Viburnum ellipticum",NA,NA,NA,NA,NA,NA,NA,NA,0.333333333,0.04,TRUE,FALSE,1.7e+11,4394.479767,4.900000572
"2353","Viburnum","Viburnum opulus",38.6764491800389,29.2813255967347,"Tree, Shrub","Slow","No","Moderate","None","None",0.333333333,0.04,TRUE,TRUE,NA,NA,NA
"2354","Vicia","Vicia americana",23.3361201146867,57.8387382731543,"Forb/herb, Vine","Moderate","No","Moderate","Low","None",0,0,TRUE,FALSE,NA,NA,NA
"2355","Vicia","Vicia americana",23.3361201146867,57.8387382731543,"Forb/herb, Vine","Moderate","No","Moderate","Low","None",0,0,TRUE,FALSE,NA,NA,NA
"2356","Vicia","Vicia ludoviciana",NA,NA,NA,NA,NA,NA,NA,NA,0,0,TRUE,FALSE,1.32e+12,2816.839951,7.399999976
"2357","Vicia","Vicia ludoviciana",NA,NA,NA,NA,NA,NA,NA,NA,0,0,TRUE,FALSE,1.32e+12,2816.839951,7.399999976
"2358","Viola","Viola canadensis",25.919417926574,57.4532655783781,NA,NA,NA,NA,NA,NA,NA,NA,TRUE,FALSE,NA,NA,NA
"2359","Viola","Viola douglasii",NA,NA,NA,NA,NA,NA,NA,NA,NA,NA,TRUE,FALSE,2.86e+11,3986.799911,5.719999552
"2360","Viola","Viola glabella",NA,NA,NA,NA,NA,NA,NA,NA,NA,NA,TRUE,FALSE,17475792515,3205.389893,2.360000134
"2361","Viola","Viola howellii",NA,NA,NA,NA,NA,NA,NA,NA,NA,NA,TRUE,FALSE,NA,NA,NA
"2362","Viola","Viola lanceolata",NA,NA,NA,NA,NA,NA,NA,NA,NA,NA,TRUE,FALSE,NA,NA,NA
"2363","Viola","Viola lobata",NA,NA,NA,NA,NA,NA,NA,NA,NA,NA,TRUE,FALSE,2.08e+11,4472.009766,5.719999552
"2364","Viola","Viola nephrophylla",NA,NA,NA,NA,NA,NA,NA,NA,NA,NA,TRUE,FALSE,NA,NA,NA
"2365","Viola","Viola ocellata",NA,NA,NA,NA,NA,NA,NA,NA,NA,NA,TRUE,FALSE,1.04e+11,4276.029755,3.849999905
"2366","Viola","Viola orbiculata",NA,NA,NA,NA,NA,NA,NA,NA,NA,NA,TRUE,FALSE,NA,NA,NA
"2367","Viola","Viola palustris",22.1415223680321,74.3020700410356,NA,NA,NA,NA,NA,NA,NA,NA,TRUE,FALSE,NA,NA,NA
"2368","Viola","Viola praemorsa",NA,NA,NA,NA,NA,NA,NA,NA,NA,NA,TRUE,FALSE,NA,NA,NA
"2369","Viola","Viola purpurea",NA,NA,NA,NA,NA,NA,NA,NA,NA,NA,TRUE,FALSE,NA,NA,NA
"2370","Viola","Viola renifolia",NA,NA,NA,NA,NA,NA,NA,NA,NA,NA,TRUE,FALSE,NA,NA,NA
"2371","Viola","Viola sheltonii",NA,NA,NA,NA,NA,NA,NA,NA,NA,NA,TRUE,FALSE,3.24e+11,4485.899765,5.819999933
"2372","Vitis","Vitis riparia",69.0368064102148,21.1432904660209,"Vine","Moderate","No","Long","None","None",NA,NA,TRUE,TRUE,NA,NA,NA
"2373","Wyethia","Wyethia helenioides",NA,NA,NA,NA,NA,NA,NA,NA,2.380952381,0.166666667,FALSE,FALSE,1.22e+11,2715.449951,5.410000086
"2374","Anticlea","Anticlea elegans",NA,NA,NA,NA,NA,NA,NA,NA,NA,NA,FALSE,FALSE,NA,NA,NA
"2375","Toxicoscordion","Toxicoscordion fremontii",NA,NA,NA,NA,NA,NA,NA,NA,NA,NA,FALSE,FALSE,2.52e+11,4485.899765,5.719999552
"2376","Toxicoscordion","Toxicoscordion paniculatum",NA,NA,"Forb/herb","Moderate","No","Moderate","None","Severe",NA,NA,FALSE,FALSE,1.31e+12,4005.909912,7.460000396
"2377","Toxicoscordion","Toxicoscordion venenosum",NA,NA,NA,NA,NA,NA,NA,NA,NA,NA,FALSE,FALSE,NA,NA,NA
"2378","Zizia","Zizia aptera",NA,NA,NA,NA,NA,NA,NA,NA,0,0,FALSE,FALSE,NA,NA,NA
"2379","Acer","Acer saccharinum",NA,NA,"Tree","Rapid","No","Moderate","None","None",0.185013876,0.042553191,TRUE,FALSE,NA,NA,NA
"2380","Amelanchier","Amelanchier laevis",NA,NA,"Tree, Shrub","Moderate","No","Short","None","None",1.169590643,0.105263158,TRUE,FALSE,NA,NA,NA
"2381","Androsace","Androsace septentrionalis",2.49388184079204,97.506118159208,NA,NA,NA,NA,NA,NA,0,0,FALSE,FALSE,NA,NA,NA
"2382","Astragalus","Astragalus alpinus",12.2291083582071,73.8718929993794,NA,NA,NA,NA,NA,NA,0,0,TRUE,FALSE,NA,NA,NA
"2383","Betula","Betula papyrifera",NA,NA,"Tree","Rapid","No","Moderate","None","None",2.645502646,0.357142857,TRUE,FALSE,NA,NA,NA
"2384","Carex","Carex bebbii",NA,NA,"Graminoid","Moderate","No","Long","None","None",0.024607728,0.104582844,TRUE,FALSE,NA,NA,NA
"2385","Carex","Carex bebbii",NA,NA,"Graminoid","Moderate","No","Long","None","None",0,0,TRUE,FALSE,NA,NA,NA
"2386","Carex","Carex bebbii",NA,NA,"Graminoid","Moderate","No","Long","None","None",0,0,TRUE,FALSE,NA,NA,NA
"2387","Carex","Carex projecta",NA,NA,"Graminoid","Slow","No","Moderate","None","None",0.024607728,0.104582844,TRUE,FALSE,NA,NA,NA
"2388","Carex","Carex projecta",NA,NA,"Graminoid","Slow","No","Moderate","None","None",0,0,TRUE,FALSE,NA,NA,NA
"2389","Carex","Carex projecta",NA,NA,"Graminoid","Slow","No","Moderate","None","None",0,0,TRUE,FALSE,NA,NA,NA
"2390","Cornus","Cornus canadensis",NA,NA,"Subshrub, Shrub, Forb/herb","Slow","No","Long","None","None",1.322751323,0.178571429,TRUE,FALSE,NA,NA,NA
"2391","Crepis","Crepis atribarba",NA,NA,NA,NA,NA,NA,NA,NA,0.101405186,0.059322034,TRUE,FALSE,NA,NA,NA
"2392","Cyperus","Cyperus odoratus",NA,NA,"Graminoid","Moderate","No","Short","None","None",0,0,TRUE,TRUE,NA,NA,NA
"2393","Cyperus","Cyperus odoratus",NA,NA,"Graminoid","Moderate","No","Short","None","None",0,0,TRUE,TRUE,NA,NA,NA
"2394","Cyperus","Cyperus odoratus",NA,NA,"Graminoid","Moderate","No","Short","None","None",0,0,TRUE,TRUE,NA,NA,NA
"2395","Cyperus","Cyperus odoratus",NA,NA,"Graminoid","Moderate","No","Short","None","None",0,0,TRUE,TRUE,NA,NA,NA
"2396","Cyperus","Cyperus odoratus",NA,NA,"Graminoid","Moderate","No","Short","None","None",0,0,TRUE,TRUE,NA,NA,NA
"2397","Cyperus","Cyperus odoratus",NA,NA,"Graminoid","Moderate","No","Short","None","None",0,0,TRUE,TRUE,NA,NA,NA
"2398","Cyperus","Cyperus odoratus",NA,NA,"Graminoid","Moderate","No","Short","None","None",0,0,TRUE,TRUE,NA,NA,NA
"2399","Cyperus","Cyperus schweinitzii",NA,NA,NA,NA,NA,NA,NA,NA,0,0,TRUE,FALSE,NA,NA,NA
"2400","Cyperus","Cyperus schweinitzii",NA,NA,NA,NA,NA,NA,NA,NA,0,0,TRUE,FALSE,NA,NA,NA
"2401","Cyperus","Cyperus schweinitzii",NA,NA,NA,NA,NA,NA,NA,NA,0,0,TRUE,FALSE,NA,NA,NA
"2402","Cyperus","Cyperus schweinitzii",NA,NA,NA,NA,NA,NA,NA,NA,0,0,TRUE,FALSE,NA,NA,NA
"2403","Cyperus","Cyperus schweinitzii",NA,NA,NA,NA,NA,NA,NA,NA,0,0,TRUE,FALSE,NA,NA,NA
"2404","Cyperus","Cyperus schweinitzii",NA,NA,NA,NA,NA,NA,NA,NA,0,0,TRUE,FALSE,NA,NA,NA
"2405","Cyperus","Cyperus schweinitzii",NA,NA,NA,NA,NA,NA,NA,NA,0,0,TRUE,FALSE,NA,NA,NA
"2406","Dryas","Dryas octopetala",7.46664326379202,11.9062717228528,"Subshrub, Shrub, Forb/herb","Rapid","No","Short","Medium","None",NA,NA,FALSE,FALSE,NA,NA,NA
"2407","Echinochloa","Echinochloa muricata",NA,NA,NA,NA,NA,NA,NA,NA,0,0,TRUE,FALSE,NA,NA,NA
"2408","Elymus","Elymus lanceolatus",NA,NA,NA,NA,NA,NA,NA,NA,1.797814208,0.539344262,TRUE,FALSE,NA,NA,NA
"2409","Elymus","Elymus lanceolatus",NA,NA,NA,NA,NA,NA,NA,NA,3.846153846,0.25,TRUE,FALSE,NA,NA,NA
"2410","Elymus","Elymus lanceolatus",NA,NA,NA,NA,NA,NA,NA,NA,200,1,TRUE,FALSE,NA,NA,NA
"2411","Eriogonum","Eriogonum sphaerocephalum",NA,NA,"Subshrub, Shrub","Slow","No","Long","None","None",0.016457654,0.020242915,FALSE,FALSE,4.32e+11,3941.579926,4.5
"2412","Eucephalus","Eucephalus engelmannii",NA,NA,"Forb/herb, Subshrub","Moderate","No","Long","None","None",NA,NA,FALSE,FALSE,NA,NA,NA
"2413","Eurybia","Eurybia conspicua",NA,NA,NA,NA,NA,NA,NA,NA,NA,NA,FALSE,FALSE,NA,NA,NA
"2414","Eutrochium","Eutrochium maculatum",44.8732648616788,17.707786565339,NA,NA,NA,NA,NA,NA,NA,NA,FALSE,FALSE,NA,NA,NA
"2415","Helianthella","Helianthella uniflora",NA,NA,"Forb/herb","Rapid","No","Short","None","None",15,0.3,FALSE,FALSE,NA,NA,NA
"2416","Hieracium","Hieracium umbellatum",35.2281898540719,59.9098571034059,NA,NA,NA,NA,NA,NA,0.95317248,1.320143885,TRUE,FALSE,NA,NA,NA
"2417","Hypericum","Hypericum mutilum",NA,NA,"Forb/herb","Moderate","No","Short","None","None",0.129032258,0.08,TRUE,FALSE,NA,NA,NA
"2418","Hypericum","Hypericum mutilum",NA,NA,"Forb/herb","Moderate","No","Short","None","None",0,0,TRUE,FALSE,NA,NA,NA
"2419","Larix","Larix lyallii",NA,NA,"Tree","Slow","No","Long","None","None",3.571428571,0.125,TRUE,FALSE,NA,NA,NA
"2420","Lithospermum","Lithospermum ruderale",NA,NA,"Forb/herb","Moderate","No","Long","None","None",0,0,FALSE,FALSE,NA,NA,NA
"2421","Lithospermum","Lithospermum ruderale",NA,NA,"Forb/herb","Moderate","No","Long","None","None",0,0,FALSE,FALSE,NA,NA,NA
"2422","Lomatium","Lomatium ambiguum",NA,NA,NA,NA,NA,NA,NA,NA,0,0,FALSE,FALSE,NA,NA,NA
"2423","Lupinus","Lupinus argenteus",60.4133804377295,39.5866195622705,"Subshrub, Forb/herb","Rapid","No","Short","Low","Severe",0.043459365,0.025423729,TRUE,FALSE,NA,NA,NA
"2424","Lysimachia","Lysimachia thyrsiflora",32.49269835075,52.3142806008767,"Forb/herb","Moderate","No","Moderate","None","None",0,0,TRUE,FALSE,NA,NA,NA
"2425","Lysimachia","Lysimachia thyrsiflora",32.49269835075,52.3142806008767,"Forb/herb","Moderate","No","Moderate","None","None",0.150829563,0.038461538,TRUE,FALSE,NA,NA,NA
"2426","Lysimachia","Lysimachia thyrsiflora",32.49269835075,52.3142806008767,"Forb/herb","Moderate","No","Moderate","None","None",0,0,TRUE,FALSE,NA,NA,NA
"2427","Elymus","Elymus smithii",22.2707989970304,10.4998274463289,"Graminoid","Moderate","No","Long","None","None",1.797814208,0.539344262,TRUE,FALSE,NA,NA,NA
"2428","Elymus","Elymus smithii",22.2707989970304,10.4998274463289,"Graminoid","Moderate","No","Long","None","None",3.846153846,0.25,TRUE,FALSE,NA,NA,NA
"2429","Elymus","Elymus smithii",22.2707989970304,10.4998274463289,"Graminoid","Moderate","No","Long","None","None",200,1,TRUE,FALSE,NA,NA,NA
"2430","Poa","Poa alpina",15.1803211247709,6.66870125715058,"Graminoid","Moderate","No","Long","None","None",0,0,TRUE,FALSE,NA,NA,NA
"2431","Poa","Poa alpina",15.1803211247709,6.66870125715058,"Graminoid","Moderate","No","Long","None","None",0.116245278,0.107526882,TRUE,FALSE,NA,NA,NA
"2432","Prunus","Prunus serotina",39.5434237731856,10.7126102127677,"Tree, Shrub","Rapid","No","Moderate","None","Severe",0.240891298,0.097560976,TRUE,TRUE,NA,NA,NA
"2433","Ranunculus","Ranunculus glaberrimus",NA,NA,"Forb/herb","Moderate","No","Short","None","Moderate",2.222222222,0.1,TRUE,FALSE,NA,NA,NA
"2434","Ranunculus","Ranunculus glaberrimus",NA,NA,"Forb/herb","Moderate","No","Short","None","Moderate",0.044003432,0.066225166,TRUE,FALSE,NA,NA,NA
"2435","Ribes","Ribes hudsonianum",NA,NA,"Shrub","Moderate","No","Moderate","None","None",0.088157508,0.036144578,TRUE,FALSE,NA,NA,NA
"2436","Rubus","Rubus idaeus",52.3119469913397,23.3688724078387,"Subshrub","Moderate","No","Short","None","Slight",0.06483085,0.181850534,TRUE,TRUE,NA,NA,NA
"2437","Salix","Salix brachycarpa",NA,NA,"Shrub",NA,"No","Short","None","Slight",0.594652598,0.627358491,TRUE,FALSE,NA,NA,NA
"2438","Sarracenia","Sarracenia purpurea",65.4242948989449,18.9253471718207,NA,NA,NA,NA,NA,NA,0,0,TRUE,TRUE,NA,NA,NA
"2439","Scrophularia","Scrophularia nodosa",44.9414473096603,55.0585526903397,NA,NA,NA,NA,NA,NA,0,0,FALSE,FALSE,NA,NA,NA
"2440","Symphoricarpos","Symphoricarpos occidentalis",NA,NA,"Shrub","Moderate","No","Moderate","None","None",0.833333333,0.0625,TRUE,FALSE,NA,NA,NA
"2441","Symphyotrichum","Symphyotrichum novae-angliae",18.0206681285341,35.4392824568113,NA,NA,NA,NA,NA,NA,0,0,TRUE,TRUE,NA,NA,NA
"2442","Allium","Allium schoenoprasum",NA,NA,NA,NA,NA,NA,NA,NA,0,0,TRUE,FALSE,NA,NA,NA
"2443","Asclepias","Asclepias syriaca",63.4352529856617,19.2448831007367,NA,NA,NA,NA,NA,NA,0.037023325,0.013513514,TRUE,TRUE,NA,NA,NA
"2444","Primula","Primula conjugens",NA,NA,NA,NA,NA,NA,NA,NA,0,0,TRUE,FALSE,NA,NA,NA
"2445","Primula","Primula conjugens",NA,NA,NA,NA,NA,NA,NA,NA,0.784313725,0.196078431,TRUE,FALSE,NA,NA,NA
"2446","Lepidium","Lepidium montanum",NA,NA,"Subshrub, Forb/herb","Rapid","No","Short","None","None",3.571428571,0.125,TRUE,FALSE,NA,NA,NA
"2447","Lepidium","Lepidium montanum",NA,NA,"Subshrub, Forb/herb","Rapid","No","Short","None","None",0.014992504,0.00862069,TRUE,FALSE,NA,NA,NA
"2448","Lomatium","Lomatium cous",NA,NA,"Forb/herb","Rapid","No","Short","None","None",0,0,FALSE,FALSE,NA,NA,NA
"2449","Epilobium","Epilobium subdentatum",NA,NA,"Forb/herb, Subshrub","Rapid","No","Short","None","None",0,0,TRUE,FALSE,NA,NA,NA
"2450","Epilobium","Epilobium subdentatum",NA,NA,"Forb/herb, Subshrub","Rapid","No","Short","None","None",0.834575261,0.504918033,TRUE,FALSE,NA,NA,NA
"2451","Penstemon","Penstemon subserratus",NA,NA,NA,NA,NA,NA,NA,NA,0.081371694,0.075268817,TRUE,FALSE,40957484734,4311.740051,3.980000019
"2452","Physalis","Physalis heterophylla",51.5807476288778,41.553458237128,NA,NA,NA,NA,NA,NA,0,0,TRUE,FALSE,NA,NA,NA
"2453","Poa","Poa fendleriana",7.82258252887373,0,"Graminoid","Moderate","No","Moderate","None","None",0,0,TRUE,FALSE,NA,NA,NA
"2454","Poa","Poa fendleriana",7.82258252887373,0,"Graminoid","Moderate","No","Moderate","None","None",0.116245278,0.107526882,TRUE,FALSE,NA,NA,NA
"2455","Senecio","Senecio serra",NA,NA,NA,NA,NA,NA,NA,NA,0.087336245,0.1,TRUE,FALSE,1.07e+12,4440.310059,7.460000396
"2456","Valeriana","Valeriana edulis",NA,NA,NA,NA,NA,NA,NA,NA,NA,NA,TRUE,FALSE,NA,NA,NA
"2457","Eriocoma","Eriocoma thurberiana",NA,NA,"Graminoid","Moderate","No","Moderate","None","None",NA,NA,FALSE,FALSE,7.13e+11,3871.26001,5.920000315
"2458","Allium","Allium douglasii",NA,NA,"Forb/herb","Rapid","No","Short","None","None",0,0,TRUE,FALSE,1.14e+11,3428.190002,3.980000019
"2459","Allium","Allium geyeri",NA,NA,NA,NA,NA,NA,NA,NA,0,0,TRUE,FALSE,NA,NA,NA
"2460","Allium","Allium tolmiei",NA,NA,"Forb/herb","Rapid","No","Short","None","None",0,0,TRUE,FALSE,3.55e+11,3218.039886,4.46999979
"2461","Aquilegia","Aquilegia flavescens",NA,NA,NA,NA,NA,NA,NA,NA,0.740055504,0.170212766,FALSE,FALSE,NA,NA,NA
"2462","Eremogone","Eremogone kingii",NA,NA,"Subshrub, Forb/herb","Moderate","No","Short","None","None",0,0,FALSE,FALSE,8.6e+11,4005.909912,7.460000396
"2463","Aristida","Aristida dichotoma",4.04112932614997,17.9164027164366,NA,NA,NA,NA,NA,NA,0,0,TRUE,FALSE,NA,NA,NA
"2464","Artemisia","Artemisia nova",NA,NA,"Subshrub, Shrub","Moderate","No","Long","None","None",0.064350064,0.047297297,TRUE,FALSE,1.24e+12,3871.26001,7.460000396
"2465","Artemisia","Artemisia tripartita",NA,NA,"Shrub","Slow","No","Moderate","None","None",0.064350064,0.047297297,TRUE,FALSE,NA,NA,NA
"2466","Astragalus","Astragalus canadensis",36.5172636479842,23.2999251802638,"Forb/herb","Moderate","No","Short","Low","Slight",0,0,TRUE,FALSE,NA,NA,NA
"2467","Astragalus","Astragalus filipes",NA,NA,"Forb/herb","Moderate","No","Moderate","Medium","Slight",0,0,TRUE,FALSE,NA,NA,NA
"2468","Atriplex","Atriplex falcata",NA,NA,"Subshrub, Shrub","Slow","No","Long","None","Slight",0.158940397,0.119205298,TRUE,FALSE,3.73e+11,1719.059967,4.46999979
"2469","Atriplex","Atriplex falcata",NA,NA,"Subshrub, Shrub","Slow","No","Long","None","Slight",0,0,TRUE,FALSE,3.73e+11,1719.059967,4.46999979
"2470","Bacopa","Bacopa rotundifolia",NA,NA,"Forb/herb","Slow","No","Moderate","None","None",0,0,TRUE,FALSE,NA,NA,NA
"2471","Balsamorhiza","Balsamorhiza serrata",NA,NA,"Forb/herb","Moderate","No","Short","None","None",7.272727273,0.363636364,TRUE,FALSE,2e+11,3087.379974,4.46999979
"2472","Bassia","Bassia americana",NA,NA,NA,NA,NA,NA,NA,NA,3.571428571,0.125,TRUE,FALSE,8.81e+11,1774.089966,7.460000396
"2473","Callirhoe","Callirhoe involucrata",NA,NA,"Forb/herb","Moderate","No","Moderate","None","None",0,0,FALSE,FALSE,NA,NA,NA
"2474","Calochortus","Calochortus leichtlinii",NA,NA,NA,NA,NA,NA,NA,NA,0.134680135,0.036363636,FALSE,FALSE,1.48e+11,2762.79995,5.819999933
"2475","Calochortus","Calochortus lyallii",NA,NA,NA,NA,NA,NA,NA,NA,0.134680135,0.036363636,FALSE,FALSE,NA,NA,NA
"2476","Calochortus","Calochortus macrocarpus",NA,NA,"Forb/herb","Moderate","No","Moderate","None","None",0.134680135,0.036363636,FALSE,FALSE,NA,NA,NA
"2477","Castilleja","Castilleja linariifolia",NA,NA,NA,NA,NA,NA,NA,NA,0.385964912,0.144736842,FALSE,FALSE,1.73e+12,4005.909912,7.460000396
"2478","Ceanothus","Ceanothus flexilis",NA,NA,NA,NA,NA,NA,NA,NA,0.653120464,0.169811321,FALSE,FALSE,NA,NA,NA
"2479","Ceanothus","Ceanothus parvifolius",NA,NA,NA,NA,NA,NA,NA,NA,0.653120464,0.169811321,FALSE,FALSE,62421548424,2715.449951,5.529999971
"2480","Celtis","Celtis laevigata",NA,NA,"Tree, Shrub","Moderate","Yes","Moderate","None","None",0,0,TRUE,FALSE,NA,NA,NA
"2481","Chamaebatia","Chamaebatia foliolosa",NA,NA,NA,NA,NA,NA,NA,NA,0,0,FALSE,FALSE,1e+11,2787.54995,5.719999552
"2482","Cirsium","Cirsium undulatum",NA,NA,NA,NA,NA,NA,NA,NA,0.245630609,0.178082192,TRUE,FALSE,NA,NA,NA
"2483","Clarkia","Clarkia williamsonii",NA,NA,NA,NA,NA,NA,NA,NA,0.769230769,0.15,FALSE,FALSE,90676243694,2787.54995,5.719999552
"2484","Clematis","Clematis columbiana",NA,NA,NA,NA,NA,NA,NA,NA,0,0,TRUE,FALSE,9.34e+11,3335.42997,7.460000396
"2485","Clematis","Clematis occidentalis",NA,NA,NA,NA,NA,NA,NA,NA,0,0,TRUE,FALSE,NA,NA,NA
"2486","Cleome","Cleome foliosa var. lutea",NA,NA,"Forb/herb","Rapid","No",NA,"None","None",0,0,TRUE,FALSE,1.2e+12,3411.719971,7.460000396
"2487","Cleome","Cleome foliosa var. lutea",NA,NA,"Forb/herb","Rapid","No",NA,"None","None",0,0,TRUE,FALSE,1.2e+12,3411.719971,7.460000396
"2488","Cleome","Cleome usambarica",NA,NA,"Forb/herb","Rapid","No",NA,"None","None",0,0,TRUE,FALSE,NA,NA,NA
"2489","Cleome","Cleome usambarica",NA,NA,"Forb/herb","Rapid","No",NA,"None","None",0,0,TRUE,FALSE,NA,NA,NA
"2490","Coreopsis","Coreopsis grandiflora",NA,NA,NA,NA,NA,NA,NA,NA,0,0,TRUE,TRUE,NA,NA,NA
"2491","Delphinium","Delphinium occidentale",NA,NA,NA,NA,NA,NA,NA,NA,0.910973085,0.314285714,TRUE,FALSE,NA,NA,NA
"2492","Erigeron","Erigeron divergens",7.24585019420714,62.7857986740055,NA,NA,NA,NA,NA,NA,1.086956522,0.125,TRUE,FALSE,NA,NA,NA
"2493","Erigeron","Erigeron divergens",7.24585019420714,62.7857986740055,NA,NA,NA,NA,NA,NA,0.073664825,0.066298343,TRUE,FALSE,NA,NA,NA
"2494","Erigeron","Erigeron divergens",7.24585019420714,62.7857986740055,NA,NA,NA,NA,NA,NA,0,0,TRUE,FALSE,NA,NA,NA
"2495","Erigeron","Erigeron linearis",NA,NA,"Forb/herb","Moderate","No","Moderate","None","None",1.086956522,0.125,TRUE,FALSE,NA,NA,NA
"2496","Erigeron","Erigeron linearis",NA,NA,"Forb/herb","Moderate","No","Moderate","None","None",0.073664825,0.066298343,TRUE,FALSE,NA,NA,NA
"2497","Erigeron","Erigeron linearis",NA,NA,"Forb/herb","Moderate","No","Moderate","None","None",0,0,TRUE,FALSE,NA,NA,NA
"2498","Erigeron","Erigeron poliospermus",NA,NA,NA,NA,NA,NA,NA,NA,1.086956522,0.125,TRUE,FALSE,NA,NA,NA
"2499","Erigeron","Erigeron poliospermus",NA,NA,NA,NA,NA,NA,NA,NA,0.073664825,0.066298343,TRUE,FALSE,NA,NA,NA
"2500","Erigeron","Erigeron poliospermus",NA,NA,NA,NA,NA,NA,NA,NA,0,0,TRUE,FALSE,NA,NA,NA
"2501","Erigeron","Erigeron pumilus",NA,NA,NA,NA,NA,NA,NA,NA,1.086956522,0.125,TRUE,FALSE,NA,NA,NA
"2502","Erigeron","Erigeron pumilus",NA,NA,NA,NA,NA,NA,NA,NA,0.073664825,0.066298343,TRUE,FALSE,NA,NA,NA
"2503","Erigeron","Erigeron pumilus",NA,NA,NA,NA,NA,NA,NA,NA,0,0,TRUE,FALSE,NA,NA,NA
"2504","Eriogonum","Eriogonum caespitosum",NA,NA,NA,NA,NA,NA,NA,NA,0.016457654,0.020242915,FALSE,FALSE,7.22e+11,2835.949951,5.82000041
"2505","Eriogonum","Eriogonum douglasii",NA,NA,NA,NA,NA,NA,NA,NA,0.016457654,0.020242915,FALSE,FALSE,1.47e+11,3784.910004,4.46999979
"2506","Eriogonum","Eriogonum heracleoides",NA,NA,NA,NA,NA,NA,NA,NA,0.016457654,0.020242915,FALSE,FALSE,NA,NA,NA
"2507","Eriogonum","Eriogonum niveum",NA,NA,"Subshrub, Forb/herb","Slow","No","Long","None","None",0.016457654,0.020242915,FALSE,FALSE,NA,NA,NA
"2508","Eriogonum","Eriogonum thymoides",NA,NA,"Subshrub, Forb/herb","Slow","No","Long","None","None",0.016457654,0.020242915,FALSE,FALSE,1.2e+11,3299.299973,3.579999924
"2509","Pelecyphora","Pelecyphora vivipara",NA,NA,NA,NA,NA,NA,NA,NA,NA,NA,FALSE,FALSE,NA,NA,NA
"2510","Gleditsia","Gleditsia triacanthos",61.8160211569174,13.5601833119294,"Shrub, Tree","Rapid","No","Moderate","None","None",NA,NA,TRUE,TRUE,NA,NA,NA
"2511","Grayia","Grayia spinosa",NA,NA,"Subshrub, Shrub","Slow","No","Long","None","None",0,0,FALSE,FALSE,1.2e+12,3411.719971,7.460000396
"2512","Helianthus","Helianthus nuttallii",NA,NA,"Forb/herb","Moderate","No","Moderate","None",NA,1.647058824,0.411764706,TRUE,FALSE,NA,NA,NA
"2513","Helianthus","Helianthus petiolaris",NA,NA,NA,NA,NA,NA,NA,NA,1.647058824,0.411764706,TRUE,TRUE,NA,NA,NA
"2514","Hesperochiron","Hesperochiron californicus",NA,NA,NA,NA,NA,NA,NA,NA,0,0,FALSE,FALSE,6.76e+11,4005.909912,5.920000315
"2515","Hibiscus","Hibiscus lasiocarpos",NA,NA,NA,NA,NA,NA,NA,NA,0,0,TRUE,FALSE,1.66e+11,2106.070053,4.839999676
"2516","Hymenopappus","Hymenopappus filifolius",NA,NA,NA,NA,NA,NA,NA,NA,0,0,FALSE,FALSE,NA,NA,NA
"2517","Juncus","Juncus nodosus",NA,NA,"Graminoid","Moderate","No","Long","None","None",0.116788321,0.16,TRUE,FALSE,NA,NA,NA
"2518","Juniperus","Juniperus osteosperma",NA,NA,"Tree","Slow","Yes","Long","None","None",0.793650794,0.107142857,TRUE,FALSE,1.15e+12,2835.949951,7.460000396
"2519","Disakisperma","Disakisperma dubium",NA,NA,"Graminoid","Rapid","No","Short","None","None",NA,NA,FALSE,FALSE,NA,NA,NA
"2520","Leucocrinum","Leucocrinum montanum",NA,NA,NA,NA,NA,NA,NA,NA,NA,NA,FALSE,FALSE,9.69e+11,3958.869911,7.460000396
"2521","Leymus","Leymus cinereus",NA,NA,"Graminoid","Moderate","No","Long","None","None",4.285714286,0.3,TRUE,FALSE,NA,NA,NA
"2522","Lomatium","Lomatium bicolor",NA,NA,NA,NA,NA,NA,NA,NA,0,0,FALSE,FALSE,5.77e+11,3950.569916,7.360000014
"2523","Lomatium","Lomatium canbyi",NA,NA,"Forb/herb","Moderate","No","Short","None","None",0,0,FALSE,FALSE,2.91e+11,3784.910004,4.46999979
"2524","Lomatium","Lomatium foeniculaceum",NA,NA,NA,NA,NA,NA,NA,NA,0,0,FALSE,FALSE,NA,NA,NA
"2525","Lupinus","Lupinus breweri",NA,NA,NA,NA,NA,NA,NA,NA,0.043459365,0.025423729,TRUE,FALSE,2.5e+11,3871.26001,5.819999933
"2526","Lupinus","Lupinus croceus",NA,NA,NA,NA,NA,NA,NA,NA,0.043459365,0.025423729,TRUE,FALSE,34274428419,3651.170013,4
"2527","Lupinus","Lupinus grayi",NA,NA,NA,NA,NA,NA,NA,NA,0.043459365,0.025423729,TRUE,FALSE,1.33e+11,3822.860008,5.719999552
"2528","Lupinus","Lupinus stiversii",NA,NA,NA,NA,NA,NA,NA,NA,0.043459365,0.025423729,TRUE,FALSE,1.52e+11,2816.839951,5.719999552
"2529","Lysimachia","Lysimachia hybrida",NA,NA,NA,NA,NA,NA,NA,NA,0,0,TRUE,FALSE,NA,NA,NA
"2530","Lysimachia","Lysimachia hybrida",NA,NA,NA,NA,NA,NA,NA,NA,0.150829563,0.038461538,TRUE,FALSE,NA,NA,NA
"2531","Lysimachia","Lysimachia hybrida",NA,NA,NA,NA,NA,NA,NA,NA,0,0,TRUE,FALSE,NA,NA,NA
"2532","Maclura","Maclura pomifera",NA,NA,"Tree, Shrub","Moderate","No","Long","None","None",NA,NA,FALSE,FALSE,NA,NA,NA
"2533","Mentzelia","Mentzelia albicaulis",NA,NA,NA,NA,NA,NA,NA,NA,0.153609831,0.047619048,FALSE,FALSE,NA,NA,NA
"2534","Monardella","Monardella breweri subsp. lanceolata",NA,NA,NA,NA,NA,NA,NA,NA,4.086021505,0.612903226,FALSE,FALSE,2.67e+11,2835.949951,5.819999933
"2535","Muhlenbergia","Muhlenbergia montana",6.78203231977898,0,"Graminoid","Moderate","No","Moderate","None","None",0,0,TRUE,FALSE,7.02e+11,3794.970009,7.460000396
"2536","Muhlenbergia","Muhlenbergia montana",6.78203231977898,0,"Graminoid","Moderate","No","Moderate","None","None",0.052882073,0.016129032,TRUE,FALSE,7.02e+11,3794.970009,7.460000396
"2537","Muhlenbergia","Muhlenbergia racemosa",NA,NA,"Graminoid","Moderate","No","Short","None","None",0,0,TRUE,FALSE,NA,NA,NA
"2538","Muhlenbergia","Muhlenbergia racemosa",NA,NA,"Graminoid","Moderate","No","Short","None","None",0.052882073,0.016129032,TRUE,FALSE,NA,NA,NA
"2539","Nitrophila","Nitrophila occidentalis",NA,NA,"Forb/herb","Moderate","No","Long","None","None",0,0,FALSE,FALSE,5.85e+11,3871.26001,5.920000315
"2540","Oenothera","Oenothera flava",NA,NA,"Forb/herb","Moderate","No","Short","None","None",0,0,TRUE,FALSE,NA,NA,NA
"2541","Oenothera","Oenothera flava",NA,NA,"Forb/herb","Moderate","No","Short","None","None",0.102145046,0.04494382,TRUE,FALSE,NA,NA,NA
"2542","Packera","Packera paupercula",11.9676150345676,88.0323849654324,NA,NA,NA,NA,NA,NA,NA,NA,FALSE,FALSE,NA,NA,NA
"2543","Parthenocissus","Parthenocissus vitacea",NA,NA,NA,NA,NA,NA,NA,NA,NA,NA,TRUE,TRUE,NA,NA,NA
"2544","Penstemon","Penstemon acuminatus",NA,NA,"Forb/herb","Moderate","No","Moderate","None","None",0.081371694,0.075268817,TRUE,FALSE,4.14e+11,3364.67997,5.080000401
"2545","Penstemon","Penstemon confertus",NA,NA,"Subshrub, Forb/herb","Rapid","No","Moderate","None","None",0.081371694,0.075268817,TRUE,FALSE,NA,NA,NA
"2546","Penstemon","Penstemon eriantherus",NA,NA,NA,NA,NA,NA,NA,NA,0.081371694,0.075268817,TRUE,FALSE,NA,NA,NA
"2547","Penstemon","Penstemon gairdneri",NA,NA,"Subshrub, Forb/herb","Moderate","No","Long","None","None",0.081371694,0.075268817,TRUE,FALSE,2.5e+11,3301.189972,4.240000248
"2548","Penstemon","Penstemon glandulosus",NA,NA,NA,NA,NA,NA,NA,NA,0.081371694,0.075268817,TRUE,FALSE,1.3e+11,3293.469971,3.520000458
"2549","Penstemon","Penstemon heterodoxus",NA,NA,NA,NA,NA,NA,NA,NA,0.081371694,0.075268817,TRUE,FALSE,1.79e+11,3871.26001,5.819999933
"2550","Penstemon","Penstemon humilis",NA,NA,NA,NA,NA,NA,NA,NA,0.081371694,0.075268817,TRUE,FALSE,9.28e+11,3824.220009,7.460000396
"2551","Penstemon","Penstemon venustus",NA,NA,"Subshrub, Shrub, Forb/herb","Rapid","No","Short","None","None",0.081371694,0.075268817,TRUE,FALSE,NA,NA,NA
"2552","Peraphyllum","Peraphyllum ramosissimum",NA,NA,NA,NA,NA,NA,NA,NA,NA,NA,FALSE,FALSE,5.55e+11,2835.949951,7.460000396
"2553","Phyllodoce","Phyllodoce breweri",NA,NA,"Subshrub, Shrub","Slow","No","Moderate","None","Slight",0,0,TRUE,FALSE,2.21e+11,2835.949951,5.819999933
"2554","Poa","Poa leibergii",NA,NA,"Graminoid","Slow","No","Moderate","None","None",0,0,TRUE,FALSE,1.53e+11,3463,4.240000248
"2555","Poa","Poa leibergii",NA,NA,"Graminoid","Slow","No","Moderate","None","None",0.116245278,0.107526882,TRUE,FALSE,1.53e+11,3463,4.240000248
"2556","Prunus","Prunus pumila",NA,NA,"Shrub","Slow","No","Long","None","None",0.240891298,0.097560976,TRUE,FALSE,NA,NA,NA
"2557","Pulsatilla","Pulsatilla patens",NA,NA,NA,NA,NA,NA,NA,NA,0,0,FALSE,FALSE,NA,NA,NA
"2558","Rhamnus","Rhamnus alnifolia",NA,NA,"Shrub","Moderate","No","Moderate","None","None",0.189393939,0.03030303,TRUE,FALSE,NA,NA,NA
"2559","Ribes","Ribes niveum",NA,NA,NA,NA,NA,NA,NA,NA,0.088157508,0.036144578,TRUE,FALSE,3.16e+11,3257.349892,5.080000401
"2560","Rubus","Rubus allegheniensis",27.9681614247859,22.8024735493672,"Subshrub","Rapid","No","Short","None","None",0.06483085,0.181850534,TRUE,FALSE,5305861751,709.1500244,1.300000191
"2561","Rubus","Rubus allegheniensis",27.9681614247859,22.8024735493672,"Subshrub","Rapid","No","Short","None","None",0.06483085,0.181850534,TRUE,FALSE,2169021987,596.0300293,2.449999809
"2562","Rubus","Rubus allegheniensis",27.9681614247859,22.8024735493672,"Subshrub","Rapid","No","Short","None","None",0.06483085,0.181850534,TRUE,FALSE,1658615872,189.1800537,1.739999771
"2563","Rubus","Rubus allegheniensis",27.9681614247859,22.8024735493672,"Subshrub","Rapid","No","Short","None","None",0.06483085,0.181850534,TRUE,FALSE,71214561998,846.1199951,3.300000191
"2564","Rumex","Rumex orbiculatus",NA,NA,NA,NA,NA,NA,NA,NA,0.593395253,0.450980392,TRUE,FALSE,6.77e+11,2574.399963,4.019999981
"2565","Rumex","Rumex venosus",NA,NA,NA,NA,NA,NA,NA,NA,0.593395253,0.450980392,TRUE,FALSE,NA,NA,NA
"2566","Salicornia","Salicornia rubra",NA,NA,"Subshrub, Forb/herb","Rapid","No",NA,"None","None",0.790513834,0.086956522,FALSE,FALSE,NA,NA,NA
"2567","Salicornia","Salicornia rubra",NA,NA,"Subshrub, Forb/herb","Rapid","No",NA,"None","None",0,0,FALSE,FALSE,NA,NA,NA
"2568","Salix","Salix amygdaloides",NA,NA,"Tree, Shrub","Rapid","No","Short","None","None",0.594652598,0.627358491,TRUE,FALSE,NA,NA,NA
"2569","Sarcobatus","Sarcobatus vermiculatus",NA,NA,"Shrub","Rapid","No","Long","None","Moderate",0,0,FALSE,FALSE,NA,NA,NA
"2570","Schoenoplectus","Schoenoplectus heterochaetus",NA,NA,"Graminoid","Moderate","No","Long","None","None",3.03030303,0.166666667,TRUE,FALSE,NA,NA,NA
"2571","Sidalcea","Sidalcea glaucescens",NA,NA,NA,NA,NA,NA,NA,NA,0,0,FALSE,FALSE,1.63e+11,3852.150009,5.819999933
"2572","Sporobolus","Sporobolus hookerianus",NA,NA,"Graminoid","Moderate","No","Long","None","None",0,0,TRUE,FALSE,NA,NA,NA
"2573","Sporobolus","Sporobolus hookerianus",NA,NA,"Graminoid","Moderate","No","Long","None","None",0,0,TRUE,FALSE,NA,NA,NA
"2574","Sporobolus","Sporobolus hookerianus",NA,NA,"Graminoid","Moderate","No","Long","None","None",1.086956522,0.125,TRUE,FALSE,NA,NA,NA
"2575","Sporobolus","Sporobolus hookerianus",NA,NA,"Graminoid","Moderate","No","Long","None","None",0,0,TRUE,FALSE,NA,NA,NA
"2576","Sphenopholis","Sphenopholis obtusata",NA,NA,"Graminoid","Moderate","No","Short","None","None",0,0,FALSE,FALSE,NA,NA,NA
"2577","Sporobolus","Sporobolus compositus",NA,NA,"Graminoid","Moderate","No","Long","None","None",0,0,TRUE,FALSE,NA,NA,NA
"2578","Sporobolus","Sporobolus compositus",NA,NA,"Graminoid","Moderate","No","Long","None","None",0,0,TRUE,FALSE,NA,NA,NA
"2579","Sporobolus","Sporobolus compositus",NA,NA,"Graminoid","Moderate","No","Long","None","None",1.086956522,0.125,TRUE,FALSE,NA,NA,NA
"2580","Sporobolus","Sporobolus compositus",NA,NA,"Graminoid","Moderate","No","Long","None","None",0,0,TRUE,FALSE,NA,NA,NA
"2581","Suaeda","Suaeda moquinii",NA,NA,NA,NA,NA,NA,NA,NA,0.158730159,0.027777778,FALSE,FALSE,NA,NA,NA
"2582","Symphoricarpos","Symphoricarpos longiflorus",NA,NA,NA,NA,NA,NA,NA,NA,0.833333333,0.0625,TRUE,FALSE,7.75e+11,2835.949951,7.460000396
"2583","Symphoricarpos","Symphoricarpos rotundifolius",NA,NA,NA,NA,NA,NA,NA,NA,0.833333333,0.0625,TRUE,FALSE,1.03e+12,2835.949951,7.460000396
"2584","Symphyotrichum","Symphyotrichum ericoides",8.85199737138765,34.4774358088733,NA,NA,NA,NA,NA,NA,0,0,TRUE,FALSE,NA,NA,NA
"2585","Tetradymia","Tetradymia canescens",NA,NA,"Subshrub, Shrub","Slow","No","Moderate","None","Severe",0,0,FALSE,FALSE,NA,NA,NA
"2586","Tetradymia","Tetradymia spinosa",NA,NA,"Subshrub, Shrub","Slow","No","Long","None","Severe",0,0,FALSE,FALSE,9.08e+11,1774.089966,7.460000396
"2587","Teucrium","Teucrium canadense",27.9105404517907,32.3506778099593,"Forb/herb","Moderate","No","Moderate","None","None",0.049603175,0.015625,TRUE,TRUE,NA,NA,NA
"2588","Townsendia","Townsendia florifer",NA,NA,NA,NA,NA,NA,NA,NA,0.790513834,0.086956522,FALSE,FALSE,5.48e+11,3364.67997,5.080000401
"2589","Trifolium","Trifolium macrocephalum",NA,NA,"Forb/herb","Rapid","No","Short","Medium","None",0.00911965,0.011673152,TRUE,FALSE,3.76e+11,3784.910004,4.5
"2590","Viola","Viola pinetorum",NA,NA,NA,NA,NA,NA,NA,NA,NA,NA,TRUE,FALSE,1.8e+11,2835.949951,5.719999552
"2591","Wyethia","Wyethia amplexicaulis",NA,NA,"Forb/herb","Moderate","No","Long","None","None",2.380952381,0.166666667,FALSE,FALSE,7.27e+11,3526.220001,5.080000401
"2592","Acamptopappus","Acamptopappus sphaerocephalus",NA,NA,NA,NA,NA,NA,NA,NA,0,0,FALSE,FALSE,4.4e+11,1282.420044,7.460000396
"2593","Boechera","Boechera perennans",NA,NA,NA,NA,NA,NA,NA,NA,0.534759358,0.088235294,FALSE,FALSE,8.13e+11,1602.079956,7.460000396
"2594","Baileya","Baileya pleniradiata",NA,NA,NA,NA,NA,NA,NA,NA,0,0,FALSE,FALSE,5.65e+11,1662,7.460000396
"2595","Batis","Batis maritima",NA,NA,"Subshrub","Moderate","No","Moderate","None","None",NA,NA,FALSE,FALSE,NA,NA,NA
"2596","Calochortus","Calochortus kennedyi",NA,NA,NA,NA,NA,NA,NA,NA,0.134680135,0.036363636,FALSE,FALSE,3.29e+11,1282.420044,7.460000396
"2597","Calochortus","Calochortus plummerae",NA,NA,NA,NA,NA,NA,NA,NA,0.134680135,0.036363636,FALSE,FALSE,87955731912,1233.060043,4.559999466
"2598","Calochortus","Calochortus striatus",NA,NA,NA,NA,NA,NA,NA,NA,0.134680135,0.036363636,FALSE,FALSE,1.64e+11,1377.60997,5.080000401
"2599","Camissoniopsis","Camissoniopsis bistorta",NA,NA,NA,NA,NA,NA,NA,NA,NA,NA,FALSE,FALSE,1.38e+11,1233.060043,4.559999466
"2600","Castilleja","Castilleja flava",NA,NA,NA,NA,NA,NA,NA,NA,0.385964912,0.144736842,FALSE,FALSE,6.76e+11,1987.569916,4.960000515
"2601","Chorizanthe","Chorizanthe staticoides",NA,NA,NA,NA,NA,NA,NA,NA,0,0,FALSE,FALSE,1.23e+11,1311.560043,4.559999466
"2602","Cirsium","Cirsium arizonicum",NA,NA,NA,NA,NA,NA,NA,NA,0.245630609,0.178082192,TRUE,FALSE,4.98e+11,1662,7.460000396
"2603","Clarkia","Clarkia cylindrica",NA,NA,NA,NA,NA,NA,NA,NA,0.769230769,0.15,FALSE,FALSE,1.03e+11,1613.599998,5.719999552
"2604","Coleogyne","Coleogyne ramosissima",NA,NA,"Shrub","Slow","No","Long","None","None",NA,NA,FALSE,FALSE,4.77e+11,1662,7.460000396
"2605","Cucurbita","Cucurbita palmata",NA,NA,NA,NA,NA,NA,NA,NA,0,0,FALSE,FALSE,NA,NA,NA
"2606","Cylindropuntia","Cylindropuntia acanthocarpa",NA,NA,NA,NA,NA,NA,NA,NA,30,0.6,TRUE,FALSE,3.07e+11,1138.519951,5.75999999
"2607","Cypripedium","Cypripedium parviflorum",NA,NA,NA,NA,NA,NA,NA,NA,0.735294118,0.058823529,FALSE,FALSE,NA,NA,NA
"2608","Dalea","Dalea searlsiae",NA,NA,NA,NA,NA,NA,NA,NA,0,0,TRUE,FALSE,4.44e+11,1513.329956,7.460000396
"2609","Munroa","Munroa pulchella",NA,NA,NA,NA,NA,NA,NA,NA,NA,NA,FALSE,FALSE,9.14e+11,1282.420044,7.460000396
"2610","Digitaria","Digitaria ciliaris",NA,NA,"Graminoid","Rapid","No",NA,"None","None",0.189393939,0.03030303,TRUE,TRUE,NA,NA,NA
"2611","Diplacus","Diplacus calycinus",NA,NA,NA,NA,NA,NA,NA,NA,NA,NA,FALSE,FALSE,48988943221,1422.610008,4.459999561
"2612","Dyssodia","Dyssodia papposa",NA,NA,NA,NA,NA,NA,NA,NA,0,0,FALSE,FALSE,NA,NA,NA
"2613","Encelia","Encelia frutescens",NA,NA,NA,NA,NA,NA,NA,NA,26.19047619,0.785714286,FALSE,FALSE,4.92e+11,1662,7.460000396
"2614","Encelia","Encelia virginensis",NA,NA,NA,NA,NA,NA,NA,NA,26.19047619,0.785714286,FALSE,FALSE,4.62e+11,1662,7.460000396
"2615","Enceliopsis","Enceliopsis covillei",NA,NA,NA,NA,NA,NA,NA,NA,0,0,FALSE,FALSE,26368508430,1282.420044,4.329999447
"2616","Ephedra","Ephedra aspera",NA,NA,NA,NA,NA,NA,NA,NA,0.735294118,0.058823529,FALSE,FALSE,5.27e+11,1282.420044,7.460000396
"2617","Ephedra","Ephedra trifurca",NA,NA,"Shrub","Moderate","No","Moderate","None","None",0.735294118,0.058823529,FALSE,FALSE,4.52e+11,1282.420044,5.75999999
"2618","Eriastrum","Eriastrum diffusum",NA,NA,NA,NA,NA,NA,NA,NA,0,0,FALSE,FALSE,7.56e+11,1396.719971,7.460000396
"2619","Eriastrum","Eriastrum sapphirinum",NA,NA,NA,NA,NA,NA,NA,NA,0,0,FALSE,FALSE,1.67e+11,1330.670044,5.719999552
"2620","Ericameria","Ericameria cooperi",NA,NA,NA,NA,NA,NA,NA,NA,1.307189542,0.111111111,FALSE,FALSE,2.64e+11,1662,5.080000401
"2621","Ericameria","Ericameria pinifolia",NA,NA,"Shrub","Slow","No","Long","None","None",1.307189542,0.111111111,FALSE,FALSE,1.06e+11,1233.060043,4.559999466
"2622","Eriogonum","Eriogonum davidsonii",NA,NA,NA,NA,NA,NA,NA,NA,0.016457654,0.020242915,FALSE,FALSE,3.95e+11,1396.719971,7.460000396
"2623","Eriogonum","Eriogonum deflexum",NA,NA,NA,NA,NA,NA,NA,NA,0.016457654,0.020242915,FALSE,FALSE,8.14e+11,1662,7.460000396
"2624","Eriogonum","Eriogonum inflatum",NA,NA,NA,NA,NA,NA,NA,NA,0.016457654,0.020242915,FALSE,FALSE,7.3e+11,1662,7.460000396
"2625","Euphorbia","Euphorbia cyathophora",NA,NA,NA,NA,NA,NA,NA,NA,0.023912004,0.024390244,TRUE,TRUE,NA,NA,NA
"2626","Fraxinus","Fraxinus anomala",NA,NA,"Tree, Shrub","Moderate","No","Moderate","None","None",0.476190476,0.047619048,TRUE,FALSE,5.11e+11,1397.25,7.460000396
"2627","Gaillardia","Gaillardia pulchella",NA,NA,"Forb/herb, Subshrub","Rapid","No","Short","None","None",0,0,TRUE,TRUE,NA,NA,NA
"2628","Geraea","Geraea canescens",NA,NA,NA,NA,NA,NA,NA,NA,50,0.25,FALSE,FALSE,3.42e+11,1282.420044,5.82000041
"2629","Gilia","Gilia leptantha",NA,NA,NA,NA,NA,NA,NA,NA,0,0,TRUE,FALSE,1.82e+11,1396.719971,4.559999466
"2630","Helianthus","Helianthus maximiliani",NA,NA,"Forb/herb","Rapid","No","Moderate","None","None",1.647058824,0.411764706,TRUE,FALSE,NA,NA,NA
"2631","Heliomeris","Heliomeris multiflora",18.4888652128268,36.5811340323179,NA,NA,NA,NA,NA,NA,0,0,FALSE,FALSE,NA,NA,NA
"2632","Deinandra","Deinandra paniculata",NA,NA,NA,NA,NA,NA,NA,NA,NA,NA,FALSE,FALSE,40076222618,1109.970016,4.559999466
"2633","Heterotheca","Heterotheca subaxillaris",NA,NA,NA,NA,NA,NA,NA,NA,0,0,TRUE,TRUE,NA,NA,NA
"2634","Holodiscus","Holodiscus dumosus",NA,NA,"Shrub","Moderate","No","Moderate","None","None",100,0.5,FALSE,FALSE,1.32e+12,2001.249908,7.460000396
"2635","Horkelia","Horkelia parryi",NA,NA,NA,NA,NA,NA,NA,NA,0,0,FALSE,FALSE,12357525394,1444.970032,3.779999971
"2636","Ipomoea","Ipomoea nil",NA,NA,NA,NA,NA,NA,NA,NA,0.101010101,0.022222222,TRUE,TRUE,NA,NA,NA
"2637","Isocoma","Isocoma acradenia",NA,NA,NA,NA,NA,NA,NA,NA,100,0.5,FALSE,FALSE,5.25e+11,1471.01001,7.460000396
"2638","Jamesia","Jamesia americana",NA,NA,"Shrub","Moderate","No","Moderate","None","None",0,0,FALSE,FALSE,4.6e+11,1662,7.460000396
"2639","Krameria","Krameria erecta",NA,NA,"Subshrub, Shrub","Slow","No","Moderate","None","None",0,0,FALSE,FALSE,5.57e+11,1282.420044,7.460000396
"2640","Leymus","Leymus salinus",NA,NA,"Graminoid","Moderate","No","Long","None","None",4.285714286,0.3,TRUE,FALSE,5.4e+11,1513.329956,7.460000396
"2641","Acmispon","Acmispon rigidus",NA,NA,NA,NA,NA,NA,NA,NA,NA,NA,FALSE,FALSE,4.83e+11,1282.420044,7.460000396
"2642","Lupinus","Lupinus concinnus",NA,NA,NA,NA,NA,NA,NA,NA,0.043459365,0.025423729,TRUE,FALSE,6.39e+11,1662,7.460000396
"2643","Lupinus","Lupinus fulcratus",NA,NA,NA,NA,NA,NA,NA,NA,0.043459365,0.025423729,TRUE,FALSE,1.17e+11,1667.870033,5.920000315
"2644","Lycium","Lycium cooperi",NA,NA,NA,NA,NA,NA,NA,NA,0,0,TRUE,FALSE,2.45e+11,1662,5.720000029
"2645","Lycium","Lycium pallidum",NA,NA,"Shrub","Moderate","No","Moderate","None","None",0,0,TRUE,FALSE,6.95e+11,1282.420044,7.460000396
"2646","Lycium","Lycium torreyi",NA,NA,NA,NA,NA,NA,NA,NA,0,0,TRUE,FALSE,3.28e+11,1415.75,5.82000041
"2647","Dieteria","Dieteria asteroides",NA,NA,NA,NA,NA,NA,NA,NA,NA,NA,FALSE,FALSE,4.1e+11,1138.519951,7.399999976
"2648","Malacothamnus","Malacothamnus davidsonii",NA,NA,NA,NA,NA,NA,NA,NA,0,0,FALSE,FALSE,27558900663,1235.200043,4.559999466
"2649","Diplacus","Diplacus bigelovii",NA,NA,NA,NA,NA,NA,NA,NA,NA,NA,FALSE,FALSE,3.05e+11,1662,5.82000041
"2650","Mirabilis","Mirabilis nyctaginea",NA,NA,NA,NA,NA,NA,NA,NA,0,0,TRUE,TRUE,NA,NA,NA
"2651","Monarda","Monarda fistulosa",26.5402293374517,33.9662736577161,"Subshrub, Forb/herb","Moderate","No","Moderate","None","None",0,0,TRUE,TRUE,NA,NA,NA
"2652","Muhlenbergia","Muhlenbergia porteri",NA,NA,"Graminoid","Moderate","No","Long","None","None",0,0,TRUE,FALSE,8.32e+11,1282.420044,7.460000396
"2653","Muhlenbergia","Muhlenbergia porteri",NA,NA,"Graminoid","Moderate","No","Long","None","None",0.052882073,0.016129032,TRUE,FALSE,8.32e+11,1282.420044,7.460000396
"2654","Muhlenbergia","Muhlenbergia schreberi",4.99859347591271,42.3018829782437,"Graminoid","Moderate","No","Short","None","None",0,0,TRUE,TRUE,NA,NA,NA
"2655","Muhlenbergia","Muhlenbergia schreberi",4.99859347591271,42.3018829782437,"Graminoid","Moderate","No","Short","None","None",0.052882073,0.016129032,TRUE,TRUE,NA,NA,NA
"2656","Nicotiana","Nicotiana obtusifolia",NA,NA,NA,NA,NA,NA,NA,NA,0.793650794,0.107142857,TRUE,FALSE,NA,NA,NA
"2657","Nymphaea","Nymphaea mexicana",NA,NA,"Forb/herb","Moderate","No","Moderate","None","None",0,0,TRUE,TRUE,NA,NA,NA
"2658","Oenothera","Oenothera californica",NA,NA,NA,NA,NA,NA,NA,NA,0,0,TRUE,FALSE,3.85e+11,1662,5.82000041
"2659","Oenothera","Oenothera californica",NA,NA,NA,NA,NA,NA,NA,NA,0.102145046,0.04494382,TRUE,FALSE,3.85e+11,1662,5.82000041
"2660","Oenothera","Oenothera laciniata",NA,NA,NA,NA,NA,NA,NA,NA,0,0,TRUE,TRUE,NA,NA,NA
"2661","Oenothera","Oenothera laciniata",NA,NA,NA,NA,NA,NA,NA,NA,0.102145046,0.04494382,TRUE,TRUE,NA,NA,NA
"2662","Oenothera","Oenothera primiveris",NA,NA,NA,NA,NA,NA,NA,NA,0,0,TRUE,FALSE,5.22e+11,1282.420044,7.460000396
"2663","Oenothera","Oenothera primiveris",NA,NA,NA,NA,NA,NA,NA,NA,0.102145046,0.04494382,TRUE,FALSE,5.22e+11,1282.420044,7.460000396
"2664","Opuntia","Opuntia basilaris",NA,NA,NA,NA,NA,NA,NA,NA,1.333333333,0.333333333,TRUE,FALSE,4.89e+11,1396.719971,7.460000396
"2665","Opuntia","Opuntia polyacantha",NA,NA,"Shrub","Rapid","No","Moderate","None","None",1.333333333,0.333333333,TRUE,FALSE,NA,NA,NA
"2666","Oxytropis","Oxytropis deflexa",NA,NA,NA,NA,NA,NA,NA,NA,0.510204082,0.12244898,FALSE,FALSE,NA,NA,NA
"2667","Parkinsonia","Parkinsonia aculeata",NA,NA,NA,NA,NA,NA,NA,NA,0,0,TRUE,TRUE,NA,NA,NA
"2668","Paspalum","Paspalum vaginatum",NA,NA,"Graminoid","Moderate","No","Moderate","None","None",0,0,TRUE,TRUE,NA,NA,NA
"2669","Penstemon","Penstemon caesius",NA,NA,NA,NA,NA,NA,NA,NA,0.081371694,0.075268817,TRUE,FALSE,1.11e+11,1451.900009,4.559999466
"2670","Penstemon","Penstemon floridus",NA,NA,NA,NA,NA,NA,NA,NA,0.081371694,0.075268817,TRUE,FALSE,1.21e+11,1662,5.080000401
"2671","Penstemon","Penstemon fruticiformis",NA,NA,NA,NA,NA,NA,NA,NA,0.081371694,0.075268817,TRUE,FALSE,1.58e+11,1396.719971,5.080000401
"2672","Penstemon","Penstemon strictus",NA,NA,"Forb/herb","Moderate","No","Moderate","None","None",0.081371694,0.075268817,TRUE,FALSE,4.93e+11,1682.770058,7.460000396
"2673","Penstemon","Penstemon subglaber",NA,NA,NA,NA,NA,NA,NA,NA,0.081371694,0.075268817,TRUE,FALSE,NA,NA,NA
"2674","Penstemon","Penstemon utahensis",NA,NA,NA,NA,NA,NA,NA,NA,0.081371694,0.075268817,TRUE,FALSE,3.77e+11,1282.420044,7.460000396
"2675","Petalonyx","Petalonyx thurberi",NA,NA,NA,NA,NA,NA,NA,NA,0,0,FALSE,FALSE,4.17e+11,1396.719971,5.82000041
"2676","Petrophytum","Petrophytum caespitosum",NA,NA,NA,NA,NA,NA,NA,NA,NA,NA,FALSE,FALSE,9.28e+11,2042.909912,7.460000396
"2677","Peucephyllum","Peucephyllum schottii",NA,NA,NA,NA,NA,NA,NA,NA,NA,NA,FALSE,FALSE,2.62e+11,1282.420044,5.82000041
"2678","Phacelia","Phacelia crenulata",NA,NA,NA,NA,NA,NA,NA,NA,0.03740835,0.030487805,TRUE,FALSE,1.07e+12,1662,7.460000396
"2679","Phacelia","Phacelia parryi",NA,NA,NA,NA,NA,NA,NA,NA,0.03740835,0.030487805,TRUE,FALSE,35320561080,1219.170044,4.559999466
"2680","Physalis","Physalis crassifolia",NA,NA,NA,NA,NA,NA,NA,NA,0,0,TRUE,FALSE,4.32e+11,1282.420044,7.460000396
"2681","Pinus","Pinus flexilis",NA,NA,"Tree","Slow","No","Long","None","None",0.216216216,0.08,TRUE,FALSE,NA,NA,NA
"2682","Plantago","Plantago ovata",NA,NA,NA,NA,NA,NA,NA,NA,0,0,TRUE,TRUE,NA,NA,NA
"2683","Plantago","Plantago ovata",NA,NA,NA,NA,NA,NA,NA,NA,0.131967086,0.074561404,TRUE,TRUE,NA,NA,NA
"2684","Hilaria","Hilaria rigida",NA,NA,"Graminoid","Moderate","No","Long","None","None",0,0,FALSE,FALSE,4.04e+11,1282.420044,7.460000396
"2685","Hilaria","Hilaria rigida",NA,NA,"Graminoid","Moderate","No","Long","None","None",0,0,FALSE,FALSE,4.04e+11,1282.420044,7.460000396
"2686","Populus","Populus angustifolia",NA,NA,"Tree","Rapid","No","Moderate","None","None",2.43902439,0.5,TRUE,FALSE,NA,NA,NA
"2687","Porophyllum","Porophyllum gracile",NA,NA,NA,NA,NA,NA,NA,NA,0,0,FALSE,FALSE,4.6e+11,1282.420044,7.460000396
"2688","Neltuma","Neltuma velutina",NA,NA,NA,NA,NA,NA,NA,NA,NA,NA,TRUE,TRUE,NA,NA,NA
"2689","Psorothamnus","Psorothamnus arborescens",NA,NA,NA,NA,NA,NA,NA,NA,0,0,FALSE,FALSE,2.41e+11,1662,7.460000396
"2690","Psorothamnus","Psorothamnus fremontii",NA,NA,NA,NA,NA,NA,NA,NA,0,0,FALSE,FALSE,3.41e+11,1282.420044,7.460000396
"2691","Psorothamnus","Psorothamnus spinosus",NA,NA,NA,NA,NA,NA,NA,NA,0,0,FALSE,FALSE,2.47e+11,1282.420044,5.75999999
"2692","Purshia","Purshia glandulosa",NA,NA,"Shrub","Slow","No","Moderate","Low","None",33.33333333,0.5,FALSE,FALSE,4.19e+11,1662,5.82000041
"2693","Purshia","Purshia stansburiana",NA,NA,"Tree, Shrub","Moderate","No","Moderate","Low","None",33.33333333,0.5,FALSE,FALSE,7.66e+11,2042.909912,7.460000396
"2694","Sairocarpus","Sairocarpus coulterianus",NA,NA,NA,NA,NA,NA,NA,NA,NA,NA,FALSE,FALSE,1.14e+11,1233.060043,4.559999466
"2695","Scutellaria","Scutellaria mexicana",NA,NA,NA,NA,NA,NA,NA,NA,0.354609929,0.083333333,FALSE,FALSE,3.95e+11,1282.420044,5.82000041
"2696","Salvia","Salvia funerea",NA,NA,NA,NA,NA,NA,NA,NA,0.101577118,0.043678161,TRUE,FALSE,82736497383,1282.420044,5.080000401
"2697","Sida","Sida rhombifolia",NA,NA,NA,NA,NA,NA,NA,NA,0,0,TRUE,TRUE,NA,NA,NA
"2698","Sidalcea","Sidalcea neomexicana",NA,NA,"Subshrub, Forb/herb","Moderate","No","Moderate","None","None",0,0,FALSE,FALSE,9.85e+11,1739.950058,7.460000396
"2699","Solanum","Solanum wallacei",NA,NA,NA,NA,NA,NA,NA,NA,0,0,TRUE,FALSE,10510671776,1038.670013,4.559999466
"2700","Solanum","Solanum wallacei",NA,NA,NA,NA,NA,NA,NA,NA,0.055096419,0.033057851,TRUE,FALSE,10510671776,1038.670013,4.559999466
"2701","Sphaeralcea","Sphaeralcea parvifolia",NA,NA,NA,NA,NA,NA,NA,NA,0.333333333,0.04,FALSE,FALSE,7.44e+11,1386.720001,7.460000396
"2702","Sporobolus","Sporobolus flexuosus",NA,NA,"Graminoid","Moderate","No","Long","None","None",0,0,TRUE,FALSE,NA,NA,NA
"2703","Sporobolus","Sporobolus flexuosus",NA,NA,"Graminoid","Moderate","No","Long","None","None",0,0,TRUE,FALSE,NA,NA,NA
"2704","Sporobolus","Sporobolus flexuosus",NA,NA,"Graminoid","Moderate","No","Long","None","None",1.086956522,0.125,TRUE,FALSE,NA,NA,NA
"2705","Sporobolus","Sporobolus flexuosus",NA,NA,"Graminoid","Moderate","No","Long","None","None",0,0,TRUE,FALSE,NA,NA,NA
"2706","Stanleya","Stanleya elata",NA,NA,NA,NA,NA,NA,NA,NA,0,0,FALSE,FALSE,1.46e+11,1282.420044,5.080000401
"2707","Symphyotrichum","Symphyotrichum laeve",39.0672286995951,27.0850566721989,NA,NA,NA,NA,NA,NA,0,0,TRUE,FALSE,NA,NA,NA
"2708","Tauschia","Tauschia arguta",NA,NA,NA,NA,NA,NA,NA,NA,0,0,FALSE,FALSE,1.14e+11,1233.060043,4.559999466
"2709","Tetradymia","Tetradymia axillaris",NA,NA,NA,NA,NA,NA,NA,NA,0,0,FALSE,FALSE,2.73e+11,1662,5.82000041
"2710","Thamnosma","Thamnosma montana",NA,NA,"Subshrub","Slow","No","Moderate","None","None",NA,NA,FALSE,FALSE,4.1e+11,1282.420044,7.460000396
"2711","Trichostema","Trichostema parishii",NA,NA,NA,NA,NA,NA,NA,NA,0,0,FALSE,FALSE,1.05e+11,1138.519951,4.559999466
"2712","Verbena","Verbena scabra",NA,NA,NA,NA,NA,NA,NA,NA,NA,NA,TRUE,FALSE,NA,NA,NA
"2713","Verbesina","Verbesina encelioides",NA,NA,"Forb/herb","Rapid","No",NA,"None","None",0,0,TRUE,TRUE,NA,NA,NA
"2714","Xylorhiza","Xylorhiza tortifolia",NA,NA,NA,NA,NA,NA,NA,NA,0,0,FALSE,FALSE,5.1e+11,1662,7.460000396
"2715","Abies","Abies bracteata",NA,NA,NA,NA,NA,NA,NA,NA,0.362318841,0.041666667,TRUE,FALSE,17048228887,1208.100037,2.549999714
"2716","Asclepias","Asclepias linaria",NA,NA,NA,NA,NA,NA,NA,NA,0.037023325,0.013513514,TRUE,FALSE,1.33e+11,860.8199768,5.159999847
"2717","Boehmeria","Boehmeria cylindrica",NA,NA,"Forb/herb","Moderate","No","Moderate","None","None",NA,NA,TRUE,FALSE,NA,NA,NA
"2718","Calochortus","Calochortus pulchellus",NA,NA,NA,NA,NA,NA,NA,NA,0.134680135,0.036363636,FALSE,FALSE,3985560669,586.8299866,3.980000019
"2719","Campsis","Campsis radicans",NA,NA,"Vine","Rapid","No","Long","None","None",NA,NA,TRUE,TRUE,NA,NA,NA
"2720","Carex","Carex cephalophora",NA,NA,"Graminoid","Moderate","No","Moderate","None","None",0.024607728,0.104582844,TRUE,FALSE,NA,NA,NA
"2721","Carex","Carex cephalophora",NA,NA,"Graminoid","Moderate","No","Moderate","None","None",0,0,TRUE,FALSE,NA,NA,NA
"2722","Carex","Carex cephalophora",NA,NA,"Graminoid","Moderate","No","Moderate","None","None",0,0,TRUE,FALSE,NA,NA,NA
"2723","Carex","Carex molesta",NA,NA,"Graminoid","Slow","No","Long","None","None",0.024607728,0.104582844,TRUE,FALSE,NA,NA,NA
"2724","Carex","Carex molesta",NA,NA,"Graminoid","Slow","No","Long","None","None",0,0,TRUE,FALSE,NA,NA,NA
"2725","Carex","Carex molesta",NA,NA,"Graminoid","Slow","No","Long","None","None",0,0,TRUE,FALSE,NA,NA,NA
"2726","Gossypium","Gossypium hirsutum",NA,NA,NA,NA,NA,NA,NA,NA,0,0,TRUE,TRUE,NA,NA,NA
"2727","Hesperocyparis","Hesperocyparis goveniana",NA,NA,NA,NA,NA,NA,NA,NA,NA,NA,TRUE,FALSE,8499616962,1101.690033,1.869999886
"2728","Hordeum","Hordeum pusillum",NA,NA,"Graminoid","Rapid","No",NA,"None","None",0,0,TRUE,FALSE,85673140549,1637.830002,4.559999466
"2729","Hordeum","Hordeum pusillum",NA,NA,"Graminoid","Rapid","No",NA,"None","None",0.808080808,0.177777778,TRUE,FALSE,85673140549,1637.830002,4.559999466
"2730","Liquidambar","Liquidambar styraciflua",NA,NA,"Tree","Rapid","No","Long","None","None",NA,NA,FALSE,FALSE,NA,NA,NA
"2731","Monarda","Monarda citriodora",NA,NA,NA,NA,NA,NA,NA,NA,0,0,TRUE,FALSE,NA,NA,NA
"2732","Monardella","Monardella undulata subsp. crispa",NA,NA,NA,NA,NA,NA,NA,NA,4.086021505,0.612903226,FALSE,FALSE,15632588753,1007.899963,2.899999619
"2733","Senecio","Senecio blochmaniae",NA,NA,NA,NA,NA,NA,NA,NA,0.087336245,0.1,TRUE,FALSE,15632588753,1007.899963,2.899999619
"2734","Vitis","Vitis aestivalis",NA,NA,"Vine","Rapid","No","Long","None","None",NA,NA,TRUE,TRUE,NA,NA,NA
"2735","Euphorbia","Euphorbia heterophylla",NA,NA,NA,NA,NA,NA,NA,NA,0.023912004,0.024390244,TRUE,TRUE,NA,NA,NA
"2736","Vachellia","Vachellia farnesiana",NA,NA,NA,NA,NA,NA,NA,NA,NA,NA,TRUE,TRUE,NA,NA,NA
"2737","Agave","Agave americana",NA,NA,"Subshrub, Forb/herb, Shrub","Slow","No","Long","None","None",0,0,TRUE,TRUE,NA,NA,NA
"2738","Aloysia","Aloysia wrightii",NA,NA,NA,NA,NA,NA,NA,NA,NA,NA,FALSE,FALSE,5.09e+11,1134.089951,7.399999976
"2739","Asclepias","Asclepias albicans",NA,NA,NA,NA,NA,NA,NA,NA,0.037023325,0.013513514,TRUE,FALSE,1.56e+11,1138.519951,5.159999847
"2740","Asclepias","Asclepias asperula",NA,NA,NA,NA,NA,NA,NA,NA,0.037023325,0.013513514,TRUE,FALSE,1.32e+12,1494.219955,7.460000396
"2741","Baccharis","Baccharis brachyphylla",NA,NA,NA,NA,NA,NA,NA,NA,0,0,TRUE,FALSE,2.73e+11,1138.519951,5.75999999
"2742","Bacopa","Bacopa monnieri",NA,NA,NA,NA,NA,NA,NA,NA,0,0,TRUE,TRUE,NA,NA,NA
"2743","Hymenothrix","Hymenothrix dissecta",69.4324716433996,30.5675283566004,NA,NA,NA,NA,NA,NA,0,0,FALSE,FALSE,8.66e+11,1495.690048,7.460000396
"2744","Bernardia","Bernardia myricifolia",NA,NA,NA,NA,NA,NA,NA,NA,NA,NA,FALSE,FALSE,3.42e+11,1403.249985,7.399999976
"2745","Bouteloua","Bouteloua aristidoides",NA,NA,NA,NA,NA,NA,NA,NA,0.284900285,0.037037037,TRUE,FALSE,NA,NA,NA
"2746","Bouteloua","Bouteloua eriopoda",NA,NA,"Graminoid","Moderate","No","Moderate","None","None",0.284900285,0.037037037,TRUE,TRUE,NA,NA,NA
"2747","Calochortus","Calochortus concolor",NA,NA,NA,NA,NA,NA,NA,NA,0.134680135,0.036363636,FALSE,FALSE,81520446442,1134.089951,4.019999504
"2748","Carnegiea","Carnegiea gigantea",NA,NA,NA,NA,NA,NA,NA,NA,NA,NA,FALSE,FALSE,2.68e+11,1138.519951,5.75999999
"2749","Cucurbita","Cucurbita digitata",NA,NA,NA,NA,NA,NA,NA,NA,0,0,FALSE,FALSE,1.58e+11,911.1699753,5.159999847
"2750","Cylindropuntia","Cylindropuntia bigelovii",NA,NA,NA,NA,NA,NA,NA,NA,30,0.6,TRUE,FALSE,2.57e+11,1134.089951,5.75999999
"2751","Datura","Datura discolor",NA,NA,NA,NA,NA,NA,NA,NA,0.432900433,0.045454545,TRUE,FALSE,1.77e+11,911.1699753,5.159999847
"2752","Digitaria","Digitaria californica",NA,NA,"Graminoid","Rapid","No","Short","None","None",0.189393939,0.03030303,TRUE,FALSE,6.69e+11,1009.450012,7.399999976
"2753","Eriodictyon","Eriodictyon angustifolium",NA,NA,NA,NA,NA,NA,NA,NA,0,0,FALSE,FALSE,3.75e+11,1134.089951,7.460000396
"2754","Eriogonum","Eriogonum foliosum",NA,NA,NA,NA,NA,NA,NA,NA,0.016457654,0.020242915,FALSE,FALSE,81520446442,1134.089951,4.019999504
"2755","Eustoma","Eustoma exaltatum",NA,NA,NA,NA,NA,NA,NA,NA,NA,NA,FALSE,FALSE,NA,NA,NA
"2756","Heteropogon","Heteropogon contortus",NA,NA,"Graminoid","Moderate","No","Moderate","None","None",NA,NA,TRUE,TRUE,NA,NA,NA
"2757","Hibiscus","Hibiscus denudatus",NA,NA,NA,NA,NA,NA,NA,NA,0,0,TRUE,FALSE,3.38e+11,1138.519951,5.480000019
"2758","Hyptis","Hyptis emoryi",NA,NA,NA,NA,NA,NA,NA,NA,0,0,TRUE,FALSE,2.8e+11,1138.519951,5.75999999
"2759","Ipomopsis","Ipomopsis arizonica",NA,NA,NA,NA,NA,NA,NA,NA,1.098901099,0.071428571,FALSE,FALSE,2.08e+11,1134.089951,7.460000396
"2760","Kallstroemia","Kallstroemia grandiflora",NA,NA,NA,NA,NA,NA,NA,NA,NA,NA,FALSE,FALSE,NA,NA,NA
"2761","Lewisia","Lewisia brachycalyx",NA,NA,NA,NA,NA,NA,NA,NA,4.093567251,0.368421053,FALSE,FALSE,2.05e+11,1134.089951,7.259999633
"2762","Lithospermum","Lithospermum incisum",NA,NA,NA,NA,NA,NA,NA,NA,0,0,FALSE,FALSE,NA,NA,NA
"2763","Lithospermum","Lithospermum incisum",NA,NA,NA,NA,NA,NA,NA,NA,0,0,FALSE,FALSE,NA,NA,NA
"2764","Xanthisma","Xanthisma spinulosum var. spinulosum",NA,NA,NA,NA,NA,NA,NA,NA,NA,NA,FALSE,FALSE,NA,NA,NA
"2765","Machaeranthera","Machaeranthera tanacetifolia",NA,NA,"Forb/herb","Rapid","No",NA,"None","None",0.246305419,0.034482759,FALSE,FALSE,NA,NA,NA
"2766","Marina","Marina parryi",NA,NA,NA,NA,NA,NA,NA,NA,0,0,FALSE,FALSE,2.84e+11,1138.519951,5.75999999
"2767","Menodora","Menodora scabra",NA,NA,"Subshrub, Forb/herb","Rapid","No","Moderate","None","None",0,0,FALSE,FALSE,7.9e+11,1150.989975,7.460000396
"2768","Monarda","Monarda pectinata",NA,NA,NA,NA,NA,NA,NA,NA,0,0,TRUE,FALSE,NA,NA,NA
"2769","Nelumbo","Nelumbo lutea",NA,NA,"Forb/herb","Moderate","No","Long","None","None",NA,NA,TRUE,FALSE,NA,NA,NA
"2770","Opuntia","Opuntia engelmannii",NA,NA,NA,NA,NA,NA,NA,NA,1.333333333,0.333333333,TRUE,TRUE,NA,NA,NA
"2771","Penstemon","Penstemon bicolor",NA,NA,NA,NA,NA,NA,NA,NA,0.081371694,0.075268817,TRUE,FALSE,1.54e+11,1134.089951,5.82000041
"2772","Penstemon","Penstemon thompsoniae",NA,NA,NA,NA,NA,NA,NA,NA,0.081371694,0.075268817,TRUE,FALSE,3.92e+11,1134.089951,7.460000396
"2773","Poliomintha","Poliomintha incana",NA,NA,NA,NA,NA,NA,NA,NA,NA,NA,FALSE,FALSE,3.16e+11,1215.540024,7.460000396
"2774","Psilostrophe","Psilostrophe cooperi",NA,NA,NA,NA,NA,NA,NA,NA,0,0,FALSE,FALSE,4.67e+11,1138.519951,7.460000396
"2775","Quercus","Quercus turbinella",NA,NA,NA,NA,NA,NA,NA,NA,1.865203762,0.811363636,TRUE,FALSE,6.84e+11,1215.540024,7.460000396
"2776","Quincula","Quincula lobata",NA,NA,NA,NA,NA,NA,NA,NA,NA,NA,FALSE,FALSE,8.65e+11,1171.35997,7.399999976
"2777","Robinia","Robinia neomexicana",NA,NA,"Tree, Shrub","Rapid","No","Moderate","Low","Moderate",0,0,TRUE,FALSE,NA,NA,NA
"2778","Senna","Senna covesii",NA,NA,NA,NA,NA,NA,NA,NA,0,0,TRUE,FALSE,3.62e+11,1138.519951,7.399999976
"2779","Tetraneuris","Tetraneuris acaulis",NA,NA,NA,NA,NA,NA,NA,NA,NA,NA,FALSE,FALSE,NA,NA,NA
"2780","Thelesperma","Thelesperma megapotamicum",NA,NA,NA,NA,NA,NA,NA,NA,0,0,FALSE,FALSE,NA,NA,NA
"2781","Thymophylla","Thymophylla pentachaeta",NA,NA,NA,NA,NA,NA,NA,NA,0,0,TRUE,FALSE,NA,NA,NA
"2782","Bahiopsis","Bahiopsis parishii",NA,NA,NA,NA,NA,NA,NA,NA,NA,NA,FALSE,FALSE,3.44e+11,1138.519951,7.399999976
"2783","Sarcomphalus","Sarcomphalus obtusifolius",NA,NA,NA,NA,NA,NA,NA,NA,NA,NA,FALSE,FALSE,6.59e+11,1239.149956,7.399999976
"2784","Artemisia","Artemisia frigida",NA,NA,"Subshrub","Rapid","No","Short","None","None",0.064350064,0.047297297,TRUE,FALSE,NA,NA,NA
"2785","Carex","Carex tenera",NA,NA,"Graminoid","Slow","No","Moderate","None","None",0.024607728,0.104582844,TRUE,FALSE,NA,NA,NA
"2786","Carex","Carex tenera",NA,NA,"Graminoid","Slow","No","Moderate","None","None",0,0,TRUE,FALSE,NA,NA,NA
"2787","Carex","Carex tenera",NA,NA,"Graminoid","Slow","No","Moderate","None","None",0,0,TRUE,FALSE,NA,NA,NA
"2788","Helianthus","Helianthus grosseserratus",37.7373553944928,28.8675357820381,"Forb/herb","Moderate","No","Moderate","None","None",1.647058824,0.411764706,TRUE,FALSE,NA,NA,NA
"2789","Ranunculus","Ranunculus abortivus",NA,NA,"Forb/herb","Moderate","No","Short","None","None",2.222222222,0.1,TRUE,FALSE,NA,NA,NA
"2790","Ranunculus","Ranunculus abortivus",NA,NA,"Forb/herb","Moderate","No","Short","None","None",0.044003432,0.066225166,TRUE,FALSE,NA,NA,NA
"2791","Scirpus","Scirpus atrovirens",NA,NA,"Graminoid","Moderate","No","Long","None","None",0.158702169,0.08411215,FALSE,FALSE,NA,NA,NA
"2792","Abronia","Abronia fragrans",NA,NA,NA,NA,NA,NA,NA,NA,4.166666667,0.3125,FALSE,FALSE,1.05e+12,1458.299957,7.460000396
"2793","Abronia","Abronia fragrans",NA,NA,NA,NA,NA,NA,NA,NA,4.166666667,0.3125,FALSE,FALSE,53380270926,755.280014,3.040000439
"2794","Acorus","Acorus calamus var. americanus",NA,NA,"Forb/herb","Moderate","No","Moderate","None","None",0,0,TRUE,FALSE,NA,NA,NA
"2795","Allium","Allium textile",NA,NA,"Forb/herb","Rapid","No","Short","None","None",0,0,TRUE,FALSE,NA,NA,NA
"2796","Antennaria","Antennaria parvifolia",5.22018823097347,19.5468182417002,NA,NA,NA,NA,NA,NA,0.354609929,0.083333333,FALSE,FALSE,NA,NA,NA
"2797","Aralia","Aralia nudicaulis",NA,NA,"Subshrub, Forb/herb","Moderate","No","Moderate","None","None",0,0,TRUE,FALSE,NA,NA,NA
"2798","Asclepias","Asclepias incarnata",36.0566855370646,35.686440041332,"Forb/herb","Moderate","No","Moderate","None","Moderate",0.037023325,0.013513514,TRUE,FALSE,NA,NA,NA
"2799","Sporobolus","Sporobolus rigidus var. rigidus",NA,NA,"Graminoid","Moderate","No","Moderate","None","None",0,0,TRUE,FALSE,NA,NA,NA
"2800","Sporobolus","Sporobolus rigidus var. rigidus",NA,NA,"Graminoid","Moderate","No","Moderate","None","None",0,0,TRUE,FALSE,NA,NA,NA
"2801","Sporobolus","Sporobolus rigidus var. rigidus",NA,NA,"Graminoid","Moderate","No","Moderate","None","None",1.086956522,0.125,TRUE,FALSE,NA,NA,NA
"2802","Sporobolus","Sporobolus rigidus var. rigidus",NA,NA,"Graminoid","Moderate","No","Moderate","None","None",0,0,TRUE,FALSE,NA,NA,NA
"2803","Calochortus","Calochortus eurycarpus",NA,NA,NA,NA,NA,NA,NA,NA,0.134680135,0.036363636,FALSE,FALSE,3.34e+11,2331.629974,4.550000191
"2804","Calochortus","Calochortus nuttallii",NA,NA,NA,NA,NA,NA,NA,NA,0.134680135,0.036363636,FALSE,FALSE,1.36e+12,2404.950104,7.460000396
"2805","Carex","Carex brevior",12.5693151800885,29.9334830861225,NA,NA,NA,NA,NA,NA,0.024607728,0.104582844,TRUE,FALSE,NA,NA,NA
"2806","Carex","Carex brevior",12.5693151800885,29.9334830861225,NA,NA,NA,NA,NA,NA,0,0,TRUE,FALSE,NA,NA,NA
"2807","Carex","Carex brevior",12.5693151800885,29.9334830861225,NA,NA,NA,NA,NA,NA,0,0,TRUE,FALSE,NA,NA,NA
"2808","Carex","Carex concinna",NA,NA,NA,NA,NA,NA,NA,NA,0.024607728,0.104582844,TRUE,FALSE,NA,NA,NA
"2809","Carex","Carex concinna",NA,NA,NA,NA,NA,NA,NA,NA,0,0,TRUE,FALSE,NA,NA,NA
"2810","Carex","Carex concinna",NA,NA,NA,NA,NA,NA,NA,NA,0,0,TRUE,FALSE,NA,NA,NA
"2811","Carex","Carex flava",12.472475699797,9.19118133187197,NA,NA,NA,NA,NA,NA,0.024607728,0.104582844,TRUE,FALSE,NA,NA,NA
"2812","Carex","Carex flava",12.472475699797,9.19118133187197,NA,NA,NA,NA,NA,NA,0,0,TRUE,FALSE,NA,NA,NA
"2813","Carex","Carex flava",12.472475699797,9.19118133187197,NA,NA,NA,NA,NA,NA,0,0,TRUE,FALSE,NA,NA,NA
"2814","Castilleja","Castilleja rhexiifolia",NA,NA,NA,NA,NA,NA,NA,NA,0.385964912,0.144736842,FALSE,FALSE,NA,NA,NA
"2815","Castilleja","Castilleja septentrionalis",NA,NA,NA,NA,NA,NA,NA,NA,0.385964912,0.144736842,FALSE,FALSE,NA,NA,NA
"2816","Clematis","Clematis hirsutissima",NA,NA,NA,NA,NA,NA,NA,NA,0,0,TRUE,FALSE,9.66e+11,2144.889931,7.460000396
"2817","Crataegus","Crataegus chrysocarpa",NA,NA,NA,NA,NA,NA,NA,NA,0.737704918,0.221311475,TRUE,FALSE,NA,NA,NA
"2818","Cyperus","Cyperus lupulinus",NA,NA,NA,NA,NA,NA,NA,NA,0,0,TRUE,TRUE,NA,NA,NA
"2819","Cyperus","Cyperus lupulinus",NA,NA,NA,NA,NA,NA,NA,NA,0,0,TRUE,TRUE,NA,NA,NA
"2820","Cyperus","Cyperus lupulinus",NA,NA,NA,NA,NA,NA,NA,NA,0,0,TRUE,TRUE,NA,NA,NA
"2821","Cyperus","Cyperus lupulinus",NA,NA,NA,NA,NA,NA,NA,NA,0,0,TRUE,TRUE,NA,NA,NA
"2822","Cyperus","Cyperus lupulinus",NA,NA,NA,NA,NA,NA,NA,NA,0,0,TRUE,TRUE,NA,NA,NA
"2823","Cyperus","Cyperus lupulinus",NA,NA,NA,NA,NA,NA,NA,NA,0,0,TRUE,TRUE,NA,NA,NA
"2824","Cyperus","Cyperus lupulinus",NA,NA,NA,NA,NA,NA,NA,NA,0,0,TRUE,TRUE,NA,NA,NA
"2825","Dryopteris","Dryopteris cristata",NA,NA,"Forb/herb","Moderate","No","Moderate","None","None",0.92506938,0.212765957,FALSE,FALSE,NA,NA,NA
"2826","Elaeagnus","Elaeagnus commutata",NA,NA,"Shrub","Rapid","No","Moderate","Medium","None",0,0,TRUE,FALSE,NA,NA,NA
"2827","Eleocharis","Eleocharis elliptica",NA,NA,NA,NA,NA,NA,NA,NA,0.057110223,0.029126214,TRUE,FALSE,NA,NA,NA
"2828","Equisetum","Equisetum sylvaticum",12.8959682947217,39.9000480203813,"Forb/herb","Rapid","No","Short","None","Moderate",2.70531401,0.608695652,TRUE,FALSE,NA,NA,NA
"2829","Erigeron","Erigeron caespitosus",NA,NA,NA,NA,NA,NA,NA,NA,1.086956522,0.125,TRUE,FALSE,NA,NA,NA
"2830","Erigeron","Erigeron caespitosus",NA,NA,NA,NA,NA,NA,NA,NA,0.073664825,0.066298343,TRUE,FALSE,NA,NA,NA
"2831","Erigeron","Erigeron caespitosus",NA,NA,NA,NA,NA,NA,NA,NA,0,0,TRUE,FALSE,NA,NA,NA
"2832","Erigeron","Erigeron grandiflorus",NA,NA,NA,NA,NA,NA,NA,NA,1.086956522,0.125,TRUE,FALSE,5.76e+11,2391.270111,7.460000396
"2833","Erigeron","Erigeron grandiflorus",NA,NA,NA,NA,NA,NA,NA,NA,0.073664825,0.066298343,TRUE,FALSE,5.76e+11,2391.270111,7.460000396
"2834","Erigeron","Erigeron grandiflorus",NA,NA,NA,NA,NA,NA,NA,NA,0,0,TRUE,FALSE,5.76e+11,2391.270111,7.460000396
"2835","Eriogonum","Eriogonum flavum",NA,NA,NA,NA,NA,NA,NA,NA,0.016457654,0.020242915,FALSE,FALSE,NA,NA,NA
"2836","Geum","Geum rivale",49.0889183150073,23.8579414183273,"Forb/herb","Moderate","No","Moderate","None","None",0.674763833,0.128205128,TRUE,FALSE,NA,NA,NA
"2837","Geum","Geum rossii",NA,NA,NA,NA,NA,NA,NA,NA,0.674763833,0.128205128,TRUE,FALSE,NA,NA,NA
"2838","Hedysarum","Hedysarum boreale",NA,NA,"Forb/herb","Moderate","No","Moderate","Medium","None",0,0,FALSE,FALSE,NA,NA,NA
"2839","Ludwigia","Ludwigia polycarpa",NA,NA,NA,NA,NA,NA,NA,NA,0.476190476,0.047619048,TRUE,FALSE,NA,NA,NA
"2840","Nassella","Nassella viridula",NA,NA,"Graminoid","Rapid","No","Moderate","None","None",0,0,TRUE,FALSE,NA,NA,NA
"2841","Panicum","Panicum virgatum",17.0355920689994,25.9039301107975,"Graminoid","Rapid","No","Long","None","None",0.051264525,0.019480519,TRUE,TRUE,NA,NA,NA
"2842","Penstemon","Penstemon albertinus",NA,NA,"Subshrub, Forb/herb","Rapid","No","Short","None","None",0.081371694,0.075268817,TRUE,FALSE,NA,NA,NA
"2843","Penstemon","Penstemon cyaneus",NA,NA,NA,NA,NA,NA,NA,NA,0.081371694,0.075268817,TRUE,FALSE,2.18e+11,1943.199905,4.020000458
"2844","Penstemon","Penstemon elegantulus",NA,NA,NA,NA,NA,NA,NA,NA,0.081371694,0.075268817,TRUE,FALSE,37577167834,1793.139923,3.130000114
"2845","Penstemon","Penstemon ellipticus",NA,NA,NA,NA,NA,NA,NA,NA,0.081371694,0.075268817,TRUE,FALSE,NA,NA,NA
"2846","Penstemon","Penstemon globosus",NA,NA,NA,NA,NA,NA,NA,NA,0.081371694,0.075268817,TRUE,FALSE,1.43e+11,1932.379913,4.320000648
"2847","Penstemon","Penstemon lyallii",NA,NA,"Subshrub, Forb/herb","Slow","No","Long","None","None",0.081371694,0.075268817,TRUE,FALSE,NA,NA,NA
"2848","Penstemon","Penstemon montanus",NA,NA,NA,NA,NA,NA,NA,NA,0.081371694,0.075268817,TRUE,FALSE,2.59e+11,2197.959915,4.250000477
"2849","Penstemon","Penstemon payettensis",NA,NA,NA,NA,NA,NA,NA,NA,0.081371694,0.075268817,TRUE,FALSE,1.37e+11,1924.659912,4.11000061
"2850","Penstemon","Penstemon pennellianus",NA,NA,NA,NA,NA,NA,NA,NA,0.081371694,0.075268817,TRUE,FALSE,33940859259,1580.38002,3.980000019
"2851","Penstemon","Penstemon wilcoxii",NA,NA,"Subshrub, Forb/herb","Moderate","No","Long","None","None",0.081371694,0.075268817,TRUE,FALSE,2.37e+11,2326.230103,3.980000496
"2852","Phlox","Phlox multiflora",NA,NA,NA,NA,NA,NA,NA,NA,0.408163265,0.1,FALSE,FALSE,5.51e+11,2331.629974,5.910000324
"2853","Picea","Picea pungens",NA,NA,"Tree","Slow","No","Long","None","None",0,0,TRUE,FALSE,NA,NA,NA
"2854","Platanus","Platanus occidentalis",NA,NA,"Tree","Rapid","No","Long","None","None",NA,NA,TRUE,FALSE,NA,NA,NA
"2855","Polemonium","Polemonium foliosissimum",NA,NA,NA,NA,NA,NA,NA,NA,0,0,FALSE,FALSE,6.94e+11,1995.869911,7.460000396
"2856","Prunus","Prunus americana",NA,NA,"Tree, Shrub","Moderate","No","Long","None","Slight",0.240891298,0.097560976,TRUE,FALSE,NA,NA,NA
"2857","Rosa","Rosa acicularis",NA,NA,"Subshrub","Rapid","No","Moderate","None","None",1.171624714,0.667826087,TRUE,FALSE,NA,NA,NA
"2858","Rubus","Rubus arcticus",NA,NA,"Subshrub, Forb/herb","Moderate","No","Short","None","Slight",0.06483085,0.181850534,TRUE,FALSE,NA,NA,NA
"2859","Rubus","Rubus pubescens",NA,NA,NA,NA,NA,NA,NA,NA,0.06483085,0.181850534,TRUE,FALSE,NA,NA,NA
"2860","Salix","Salix candida",NA,NA,"Shrub","Rapid","No","Moderate","None","None",0.594652598,0.627358491,TRUE,FALSE,NA,NA,NA
"2861","Sanicula","Sanicula marilandica",NA,NA,NA,NA,NA,NA,NA,NA,0,0,FALSE,FALSE,NA,NA,NA
"2862","Schizachyrium","Schizachyrium scoparium",15.8605937370416,25.3748056227319,"Graminoid","Moderate","No","Long","None","None",NA,NA,TRUE,TRUE,NA,NA,NA
"2863","Schizachyrium","Schizachyrium scoparium",15.8605937370416,25.3748056227319,"Graminoid","Rapid","No","Moderate","None","None",NA,NA,TRUE,TRUE,NA,NA,NA
"2864","Silene","Silene spaldingii",NA,NA,NA,NA,NA,NA,NA,NA,0.007905138,0.010869565,TRUE,FALSE,NA,NA,NA
"2865","Sisyrinchium","Sisyrinchium montanum",NA,NA,NA,NA,NA,NA,NA,NA,0,0,TRUE,TRUE,NA,NA,NA
"2866","Sporobolus","Sporobolus michauxianus",NA,NA,"Graminoid","Rapid","No","Long","None","None",0,0,TRUE,FALSE,NA,NA,NA
"2867","Sporobolus","Sporobolus michauxianus",NA,NA,"Graminoid","Rapid","No","Long","None","None",0,0,TRUE,FALSE,NA,NA,NA
"2868","Sporobolus","Sporobolus michauxianus",NA,NA,"Graminoid","Rapid","No","Long","None","None",1.086956522,0.125,TRUE,FALSE,NA,NA,NA
"2869","Sporobolus","Sporobolus michauxianus",NA,NA,"Graminoid","Rapid","No","Long","None","None",0,0,TRUE,FALSE,NA,NA,NA
"2870","Sphaeralcea","Sphaeralcea coccinea",NA,NA,"Subshrub, Forb/herb","Rapid","No","Short","None","None",0.333333333,0.04,FALSE,FALSE,NA,NA,NA
"2871","Symphyotrichum","Symphyotrichum falcatum",9.5682168019439,44.1770747012741,NA,NA,NA,NA,NA,NA,0,0,TRUE,FALSE,NA,NA,NA
"2872","Thalictrum","Thalictrum dasycarpum",NA,NA,NA,NA,NA,NA,NA,NA,0,0,FALSE,FALSE,NA,NA,NA
"2873","Vaccinium","Vaccinium myrtilloides",NA,NA,NA,NA,NA,NA,NA,NA,0.340136054,0.081632653,FALSE,FALSE,NA,NA,NA
"2874","Verbena","Verbena stricta",29.1148699487769,17.4424919317755,NA,NA,NA,NA,NA,NA,NA,NA,TRUE,FALSE,NA,NA,NA
"2875","Viola","Viola nuttallii",NA,NA,NA,NA,NA,NA,NA,NA,NA,NA,TRUE,FALSE,1.02e+12,2351.060104,4.650000572
"2876","Wyethia","Wyethia helianthoides",NA,NA,NA,NA,NA,NA,NA,NA,2.380952381,0.166666667,FALSE,FALSE,3e+11,1987.569916,4.550000191
"2877","Helianthella","Helianthella quinquenervis",53.0906272184114,35.7445256258949,NA,NA,NA,NA,NA,NA,15,0.3,FALSE,FALSE,8.61e+11,1954.359955,7.460000396
"2878","Oxytropis","Oxytropis sericea",NA,NA,NA,NA,NA,NA,NA,NA,0.510204082,0.12244898,FALSE,FALSE,1.2e+12,2391.270111,7.460000396
"2879","Scolochloa","Scolochloa festucacea",NA,NA,"Graminoid","Moderate","No","Moderate","None","None",NA,NA,TRUE,TRUE,NA,NA,NA
"2880","Acer","Acer grandidentatum",NA,NA,"Tree, Shrub","Moderate","No","Short","None","None",0.185013876,0.042553191,TRUE,FALSE,6.46e+11,1471.669952,7.460000396
"2881","Aquilegia","Aquilegia coerulea",NA,NA,NA,NA,NA,NA,NA,NA,0.740055504,0.170212766,FALSE,FALSE,8.38e+11,1962.65995,7.460000396
"2882","Astragalus","Astragalus bisulcatus",NA,NA,NA,NA,NA,NA,NA,NA,0,0,TRUE,FALSE,NA,NA,NA
"2883","Astragalus","Astragalus ceramicus",NA,NA,NA,NA,NA,NA,NA,NA,0,0,TRUE,FALSE,7.52e+11,1387.189972,7.460000396
"2884","Astragalus","Astragalus drummondii",NA,NA,NA,NA,NA,NA,NA,NA,0,0,TRUE,FALSE,NA,NA,NA
"2885","Astragalus","Astragalus utahensis",NA,NA,NA,NA,NA,NA,NA,NA,0,0,TRUE,FALSE,3.99e+11,1466.289955,5.080000401
"2886","Atriplex","Atriplex gardneri",NA,NA,"Shrub, Subshrub","Slow","No","Long","None","None",0.158940397,0.119205298,TRUE,FALSE,NA,NA,NA
"2887","Atriplex","Atriplex gardneri",NA,NA,"Shrub, Subshrub","Slow","No","Long","None","None",0,0,TRUE,FALSE,NA,NA,NA
"2888","Balsamorhiza","Balsamorhiza macrophylla",NA,NA,"Forb/herb","Moderate","No","Moderate","None","None",7.272727273,0.363636364,TRUE,FALSE,1.21e+11,1406.34996,4.250000477
"2889","Betula","Betula nana",2.44168116367362,11.9239012149012,"Shrub, Subshrub","Moderate","No","Moderate","None","None",2.645502646,0.357142857,TRUE,FALSE,NA,NA,NA
"2890","Carex","Carex crawei",NA,NA,NA,NA,NA,NA,NA,NA,0.024607728,0.104582844,TRUE,FALSE,NA,NA,NA
"2891","Carex","Carex crawei",NA,NA,NA,NA,NA,NA,NA,NA,0,0,TRUE,FALSE,NA,NA,NA
"2892","Carex","Carex crawei",NA,NA,NA,NA,NA,NA,NA,NA,0,0,TRUE,FALSE,NA,NA,NA
"2893","Erigeron","Erigeron flagellaris",5.25012018793079,36.9216264670755,NA,NA,NA,NA,NA,NA,1.086956522,0.125,TRUE,FALSE,NA,NA,NA
"2894","Erigeron","Erigeron flagellaris",5.25012018793079,36.9216264670755,NA,NA,NA,NA,NA,NA,0.073664825,0.066298343,TRUE,FALSE,NA,NA,NA
"2895","Erigeron","Erigeron flagellaris",5.25012018793079,36.9216264670755,NA,NA,NA,NA,NA,NA,0,0,TRUE,FALSE,NA,NA,NA
"2896","Erigeron","Erigeron leiomerus",NA,NA,NA,NA,NA,NA,NA,NA,1.086956522,0.125,TRUE,FALSE,5.1e+11,1962.65995,5.910000324
"2897","Erigeron","Erigeron leiomerus",NA,NA,NA,NA,NA,NA,NA,NA,0.073664825,0.066298343,TRUE,FALSE,5.1e+11,1962.65995,5.910000324
"2898","Erigeron","Erigeron leiomerus",NA,NA,NA,NA,NA,NA,NA,NA,0,0,TRUE,FALSE,5.1e+11,1962.65995,5.910000324
"2899","Erigeron","Erigeron ursinus",NA,NA,NA,NA,NA,NA,NA,NA,1.086956522,0.125,TRUE,FALSE,5.1e+11,1933.40995,7.460000396
"2900","Erigeron","Erigeron ursinus",NA,NA,NA,NA,NA,NA,NA,NA,0.073664825,0.066298343,TRUE,FALSE,5.1e+11,1933.40995,7.460000396
"2901","Erigeron","Erigeron ursinus",NA,NA,NA,NA,NA,NA,NA,NA,0,0,TRUE,FALSE,5.1e+11,1933.40995,7.460000396
"2902","Eurybia","Eurybia glauca",NA,NA,"Forb/herb","Moderate","No","Short","None","None",NA,NA,FALSE,FALSE,5.65e+11,1954.669952,7.460000396
"2903","Fraxinus","Fraxinus pennsylvanica",NA,NA,"Tree","Rapid","No","Short","None","None",0.476190476,0.047619048,TRUE,TRUE,NA,NA,NA
"2904","Hedysarum","Hedysarum alpinum",NA,NA,"Forb/herb","Rapid","No","Short","Low","None",0,0,FALSE,FALSE,NA,NA,NA
"2905","Lupinus","Lupinus argenteus var. rubricaulis",NA,NA,"Forb/herb","Slow","No","Long","Medium","Moderate",0.043459365,0.025423729,TRUE,FALSE,NA,NA,NA
"2906","Mentzelia","Mentzelia decapetala",NA,NA,"Forb/herb","Rapid","No","Short","None","None",0.153609831,0.047619048,FALSE,FALSE,NA,NA,NA
"2907","Opuntia","Opuntia macrorhiza",NA,NA,NA,NA,NA,NA,NA,NA,1.333333333,0.333333333,TRUE,FALSE,NA,NA,NA
"2908","Penstemon","Penstemon cyananthus",NA,NA,"Forb/herb","Slow","No","Long","None","None",0.081371694,0.075268817,TRUE,FALSE,1.99e+11,1954.669952,4.040000439
"2909","Penstemon","Penstemon glaber",NA,NA,"Subshrub, Forb/herb","Moderate","No","Long","None","None",0.081371694,0.075268817,TRUE,FALSE,NA,NA,NA
"2910","Penstemon","Penstemon watsonii",NA,NA,NA,NA,NA,NA,NA,NA,0.081371694,0.075268817,TRUE,FALSE,5.08e+11,1712.020058,5.82000041
"2911","Penstemon","Penstemon whippleanus",NA,NA,"Subshrub, Forb/herb","Rapid","No","Short","None","None",0.081371694,0.075268817,TRUE,FALSE,6.43e+11,1954.669952,7.460000396
"2912","Physocarpus","Physocarpus monogynus",NA,NA,NA,NA,NA,NA,NA,NA,0,0,TRUE,FALSE,NA,NA,NA
"2913","Picea","Picea glauca",NA,NA,"Tree","Slow","No","Moderate","None","None",0,0,TRUE,TRUE,NA,NA,NA
"2914","Hymenoxys","Hymenoxys grandiflora",NA,NA,NA,NA,NA,NA,NA,NA,0.735294118,0.058823529,FALSE,FALSE,3.03e+11,1933.40995,7.460000396
"2915","Andropogon","Andropogon gerardii",24.326085354122,23.6561142877039,"Graminoid","Moderate","No","Long","None","None",0.735294118,0.058823529,TRUE,TRUE,NA,NA,NA
"2916","Aquilegia","Aquilegia chrysantha",NA,NA,NA,NA,NA,NA,NA,NA,0.740055504,0.170212766,FALSE,FALSE,NA,NA,NA
"2917","Aquilegia","Aquilegia elegantula",NA,NA,NA,NA,NA,NA,NA,NA,0.740055504,0.170212766,FALSE,FALSE,4e+11,1525.789955,7.460000396
"2918","Aralia","Aralia racemosa",NA,NA,NA,NA,NA,NA,NA,NA,0,0,TRUE,FALSE,NA,NA,NA
"2919","Eremogone","Eremogone hookeri",NA,NA,NA,NA,NA,NA,NA,NA,0,0,FALSE,FALSE,6e+11,1587.450043,4.960000515
"2920","Artemisia","Artemisia filifolia",NA,NA,NA,NA,NA,NA,NA,NA,0.064350064,0.047297297,TRUE,FALSE,NA,NA,NA
"2921","Asclepias","Asclepias subverticillata",NA,NA,NA,NA,NA,NA,NA,NA,0.037023325,0.013513514,TRUE,FALSE,NA,NA,NA
"2922","Asclepias","Asclepias tuberosa",30.7470181485143,41.0787868852442,"Forb/herb","Slow","No","Moderate","None","None",0.037023325,0.013513514,TRUE,TRUE,NA,NA,NA
"2923","Astragalus","Astragalus amphioxys",NA,NA,NA,NA,NA,NA,NA,NA,0,0,TRUE,FALSE,5.61e+11,1471.669952,7.460000396
"2924","Astragalus","Astragalus desperatus",NA,NA,NA,NA,NA,NA,NA,NA,0,0,TRUE,FALSE,2.2e+11,1082.029945,7.460000396
"2925","Astragalus","Astragalus mollissimus",NA,NA,NA,NA,NA,NA,NA,NA,0,0,TRUE,FALSE,1.19e+12,1207.990021,7.460000396
"2926","Muhlenbergia","Muhlenbergia tricholepis",2.30155150344744,0,"Graminoid","Moderate","No","Moderate","None",NA,0,0,TRUE,FALSE,6.92e+11,1698.430061,7.460000396
"2927","Muhlenbergia","Muhlenbergia tricholepis",2.30155150344744,0,"Graminoid","Moderate","No","Moderate","None",NA,0.052882073,0.016129032,TRUE,FALSE,6.92e+11,1698.430061,7.460000396
"2928","Bouteloua","Bouteloua dactyloides",NA,NA,NA,NA,NA,NA,NA,NA,0.284900285,0.037037037,TRUE,TRUE,NA,NA,NA
"2929","Bouteloua","Bouteloua hirsuta",12.7326071057373,16.7317312404232,"Graminoid","Moderate","No","Long","None","None",0.284900285,0.037037037,TRUE,FALSE,1.72e+12,1457.339973,7.399999976
"2930","Castilleja","Castilleja scabrida",NA,NA,NA,NA,NA,NA,NA,NA,0.385964912,0.144736842,FALSE,FALSE,3.48e+11,1350.209999,7.460000396
"2931","Catalpa","Catalpa speciosa",NA,NA,"Tree","Rapid","No","Long","Low","None",0,0,TRUE,TRUE,NA,NA,NA
"2932","Ceanothus","Ceanothus fendleri",5.72501958997717,17.988219202033,NA,NA,NA,NA,NA,NA,0.653120464,0.169811321,FALSE,FALSE,6.74e+11,1698.430061,7.460000396
"2933","Celtis","Celtis occidentalis",NA,NA,"Tree, Shrub","Rapid","No","Moderate","None","None",0,0,TRUE,TRUE,NA,NA,NA
"2934","Corydalis","Corydalis curvisiliqua",NA,NA,NA,NA,NA,NA,NA,NA,0,0,FALSE,FALSE,9.99e+11,1342.459969,7.460000396
"2935","Crataegus","Crataegus succulenta",NA,NA,NA,NA,NA,NA,NA,NA,0.737704918,0.221311475,TRUE,FALSE,NA,NA,NA
"2936","Croton","Croton texensis",NA,NA,NA,NA,NA,NA,NA,NA,0,0,TRUE,FALSE,NA,NA,NA
"2937","Cylindropuntia","Cylindropuntia whipplei",NA,NA,NA,NA,NA,NA,NA,NA,30,0.6,TRUE,FALSE,4.24e+11,1361.429962,7.460000396
"2938","Cymopterus","Cymopterus purpureus",NA,NA,NA,NA,NA,NA,NA,NA,0,0,FALSE,FALSE,4.32e+11,1342.459969,7.460000396
"2939","Delphinium","Delphinium barbeyi",NA,NA,NA,NA,NA,NA,NA,NA,0.910973085,0.314285714,TRUE,FALSE,3.62e+11,1682.770058,7.460000396
"2940","Desmanthus","Desmanthus illinoensis",8.63069808202002,19.0207417284656,"Subshrub, Forb/herb","Moderate","No","Long","Low","None",0,0,FALSE,FALSE,NA,NA,NA
"2941","Dimorphocarpa","Dimorphocarpa wislizeni",NA,NA,NA,NA,NA,NA,NA,NA,NA,NA,FALSE,FALSE,6.4e+11,1205.840027,7.460000396
"2942","Echinocereus","Echinocereus coccineus",NA,NA,NA,NA,NA,NA,NA,NA,0,0,FALSE,FALSE,9.65e+11,1375.160011,7.460000396
"2943","Ephedra","Ephedra torreyana",NA,NA,"Shrub, Subshrub","Slow","No","Long","None","None",0.735294118,0.058823529,FALSE,FALSE,6.77e+11,1355.589996,7.460000396
"2944","Erigeron","Erigeron formosissimus",14.4701078669024,33.3288309744667,NA,NA,NA,NA,NA,NA,1.086956522,0.125,TRUE,FALSE,6.64e+11,1682.770058,7.460000396
"2945","Erigeron","Erigeron formosissimus",14.4701078669024,33.3288309744667,NA,NA,NA,NA,NA,NA,0.073664825,0.066298343,TRUE,FALSE,6.64e+11,1682.770058,7.460000396
"2946","Erigeron","Erigeron formosissimus",14.4701078669024,33.3288309744667,NA,NA,NA,NA,NA,NA,0,0,TRUE,FALSE,6.64e+11,1682.770058,7.460000396
"2947","Eriogonum","Eriogonum corymbosum",NA,NA,NA,NA,NA,NA,NA,NA,0.016457654,0.020242915,FALSE,FALSE,4.09e+11,1373.480011,7.460000396
"2948","Eriogonum","Eriogonum jamesii",NA,NA,NA,NA,NA,NA,NA,NA,0.016457654,0.020242915,FALSE,FALSE,8.31e+11,1454.170052,7.460000396
"2949","Eriogonum","Eriogonum racemosum",29.6294893675692,0,NA,NA,NA,NA,NA,NA,0.016457654,0.020242915,FALSE,FALSE,6.45e+11,1560.419952,7.460000396
"2950","Festuca","Festuca thurberi",NA,NA,"Graminoid","Moderate","Yes","Moderate","None","None",0,0,TRUE,FALSE,NA,NA,NA
"2951","Festuca","Festuca thurberi",NA,NA,"Graminoid","Moderate","Yes","Moderate","None","None",0.051848673,0.061181435,TRUE,FALSE,NA,NA,NA
"2952","Festuca","Festuca thurberi",NA,NA,"Graminoid","Moderate","Yes","Moderate","None","None",0,0,TRUE,FALSE,NA,NA,NA
"2953","Festuca","Festuca thurberi",NA,NA,"Graminoid","Moderate","Yes","Moderate","None","None",0.525525526,0.094594595,TRUE,FALSE,NA,NA,NA
"2954","Gaillardia","Gaillardia pinnatifida",NA,NA,NA,NA,NA,NA,NA,NA,0,0,TRUE,FALSE,21069604549,877.8400269,3.780000687
"2955","Gaillardia","Gaillardia pinnatifida",NA,NA,NA,NA,NA,NA,NA,NA,0,0,TRUE,FALSE,9.52e+11,1355.589996,7.460000396
"2956","Gentiana","Gentiana parryi",NA,NA,NA,NA,NA,NA,NA,NA,0.519480519,0.142857143,FALSE,FALSE,2.64e+11,1682.770058,7.460000396
"2957","Geranium","Geranium caespitosum",39.0865803674185,9.27113898527384,NA,NA,NA,NA,NA,NA,0.057830211,0.037878788,TRUE,FALSE,1.01e+12,1555.039955,7.460000396
"2958","Geranium","Geranium caespitosum",39.0865803674185,9.27113898527384,NA,NA,NA,NA,NA,NA,0.057830211,0.037878788,TRUE,FALSE,39580409738,1062.709976,4.690000296
"2959","Helianthus","Helianthus pumilus",NA,NA,NA,NA,NA,NA,NA,NA,1.647058824,0.411764706,TRUE,FALSE,NA,NA,NA
"2960","Hibiscus","Hibiscus moscheutos",NA,NA,"Subshrub, Forb/herb","Rapid","No","Moderate","None","None",0,0,TRUE,FALSE,NA,NA,NA
"2961","Ipomopsis","Ipomopsis longiflora",NA,NA,NA,NA,NA,NA,NA,NA,1.098901099,0.071428571,FALSE,FALSE,9.02e+11,1217.660042,7.460000396
"2962","Juglans","Juglans major",NA,NA,"Tree","Slow","Yes","Long","None","Slight",0,0,TRUE,FALSE,4.35e+11,1081.490051,7.399999976
"2963","Juglans","Juglans nigra",NA,NA,"Tree","Rapid","Yes","Moderate","None","Slight",0,0,TRUE,TRUE,NA,NA,NA
"2964","Ligusticum","Ligusticum porteri",NA,NA,NA,NA,NA,NA,NA,NA,0,0,FALSE,FALSE,6.87e+11,1704.03006,7.460000396
"2965","Lithospermum","Lithospermum multiflorum",13.8916101480824,20.1951580832122,NA,NA,NA,NA,NA,NA,0,0,FALSE,FALSE,6.24e+11,1525.789955,7.460000396
"2966","Lithospermum","Lithospermum multiflorum",13.8916101480824,20.1951580832122,NA,NA,NA,NA,NA,NA,0,0,FALSE,FALSE,6.24e+11,1525.789955,7.460000396
"2967","Dieteria","Dieteria bigelovii",NA,NA,"Forb/herb","Rapid","No","Short","None","None",NA,NA,FALSE,FALSE,5.71e+11,1698.430061,7.460000396
"2968","Muhlenbergia","Muhlenbergia pungens",NA,NA,"Graminoid","Moderate","No","Long","None","None",0,0,TRUE,FALSE,6.15e+11,1368.809967,7.460000396
"2969","Muhlenbergia","Muhlenbergia pungens",NA,NA,"Graminoid","Moderate","No","Long","None","None",0.052882073,0.016129032,TRUE,FALSE,6.15e+11,1368.809967,7.460000396
"2970","Muhlenbergia","Muhlenbergia wrightii",7.26501112332073,18.3023833960272,"Graminoid","Moderate","No","Moderate","None","None",0,0,TRUE,FALSE,5.82e+11,1698.430061,7.460000396
"2971","Muhlenbergia","Muhlenbergia wrightii",7.26501112332073,18.3023833960272,"Graminoid","Moderate","No","Moderate","None","None",0.052882073,0.016129032,TRUE,FALSE,5.82e+11,1698.430061,7.460000396
"2972","Nolina","Nolina microcarpa",NA,NA,"Subshrub, Shrub","Moderate","No","Long","None","Slight",0,0,FALSE,FALSE,3.54e+11,1049.670052,7.399999976
"2973","Oenothera","Oenothera coronopifolia",NA,NA,NA,NA,NA,NA,NA,NA,0,0,TRUE,FALSE,8.5e+11,1704.03006,7.460000396
"2974","Oenothera","Oenothera coronopifolia",NA,NA,NA,NA,NA,NA,NA,NA,0.102145046,0.04494382,TRUE,FALSE,8.5e+11,1704.03006,7.460000396
"2975","Oxytropis","Oxytropis lambertii",44.4972925378846,2.75919564950094,"Forb/herb","Moderate","No","Moderate","Low","Severe",0.510204082,0.12244898,FALSE,FALSE,NA,NA,NA
"2976","Hopia","Hopia obtusa",NA,NA,"Graminoid","Rapid","No","Long","None","None",NA,NA,FALSE,FALSE,1.11e+12,1424.120003,7.460000396
"2977","Parthenocissus","Parthenocissus quinquefolia",66.468139900144,17.9312695241001,"Vine","Rapid","No","Moderate","None","None",NA,NA,TRUE,TRUE,NA,NA,NA
"2978","Parthenocissus","Parthenocissus quinquefolia",66.2319290397405,20.7111203440123,"Vine","Rapid","No","Moderate","None","None",NA,NA,TRUE,TRUE,NA,NA,NA
"2979","Penstemon","Penstemon ambiguus",NA,NA,NA,NA,NA,NA,NA,NA,0.081371694,0.075268817,TRUE,FALSE,4.83e+11,1101.669952,7.460000396
"2980","Penstemon","Penstemon angustifolius",NA,NA,"Subshrub, Forb/herb","Rapid","No","Short","None","Moderate",0.081371694,0.075268817,TRUE,FALSE,8.42e+11,1365.92997,7.460000396
"2981","Penstemon","Penstemon barbatus",39.5471006342292,17.2002043476801,NA,NA,NA,NA,NA,NA,0.081371694,0.075268817,TRUE,FALSE,NA,NA,NA
"2982","Penstemon","Penstemon comarrhenus",NA,NA,NA,NA,NA,NA,NA,NA,0.081371694,0.075268817,TRUE,FALSE,3.35e+11,1327.319969,7.460000396
"2983","Penstemon","Penstemon linarioides",0,0,NA,NA,NA,NA,NA,NA,0.081371694,0.075268817,TRUE,FALSE,5.19e+11,1471.669952,7.460000396
"2984","Penstemon","Penstemon pachyphyllus",NA,NA,NA,NA,NA,NA,NA,NA,0.081371694,0.075268817,TRUE,FALSE,3.77e+11,1381.589973,7.460000396
"2985","Penstemon","Penstemon platyphyllus",NA,NA,NA,NA,NA,NA,NA,NA,0.081371694,0.075268817,TRUE,FALSE,38785852393,1458.299957,3.300000191
"2986","Physaria","Physaria newberryi",NA,NA,NA,NA,NA,NA,NA,NA,0,0,FALSE,FALSE,3.47e+11,1128.439972,7.460000396
"2987","Physaria","Physaria newberryi",NA,NA,NA,NA,NA,NA,NA,NA,0.378787879,0.060606061,FALSE,FALSE,3.47e+11,1128.439972,7.460000396
"2988","Physostegia","Physostegia virginiana",NA,NA,NA,NA,NA,NA,NA,NA,33.33333333,0.333333333,FALSE,FALSE,NA,NA,NA
"2989","Potentilla","Potentilla hippiana",26.7995583802434,5.05406832605833,NA,NA,NA,NA,NA,NA,0.163203816,0.145251397,TRUE,FALSE,NA,NA,NA
"2990","Cymopterus","Cymopterus lemmonii",33.8993979301048,31.9789003589813,NA,NA,NA,NA,NA,NA,0,0,FALSE,FALSE,7.26e+11,1717.400055,7.460000396
"2991","Pediomelum","Pediomelum tenuiflorum",NA,NA,NA,NA,NA,NA,NA,NA,0,0,FALSE,FALSE,1.76e+12,1512.109993,7.460000396
"2992","Pediomelum","Pediomelum tenuiflorum",NA,NA,NA,NA,NA,NA,NA,NA,0,0,FALSE,FALSE,1.76e+12,1512.109993,7.460000396
"2993","Ptelea","Ptelea trifoliata",NA,NA,"Tree, Shrub","Slow","No","Long","None","None",NA,NA,FALSE,FALSE,NA,NA,NA
"2994","Quercus","Quercus x undulata",NA,NA,NA,NA,NA,NA,NA,NA,1.865203762,0.811363636,TRUE,FALSE,NA,NA,NA
"2995","Quercus","Quercus gambelii",33.0757494498007,5.93018537710992,"Shrub, Tree","Slow","Yes","Long","None","None",1.865203762,0.811363636,TRUE,FALSE,1.02e+12,1717.400055,7.460000396
"2996","Quercus","Quercus virginiana",NA,NA,"Tree","Rapid","No","Long","None","None",1.865203762,0.811363636,TRUE,FALSE,NA,NA,NA
"2997","Rhus","Rhus typhina",67.4008903572519,9.01006724339844,NA,NA,NA,NA,NA,NA,1.470588235,0.117647059,TRUE,TRUE,NA,NA,NA
"2998","Ribes","Ribes leptanthum",NA,NA,NA,NA,NA,NA,NA,NA,0.088157508,0.036144578,TRUE,FALSE,5.55e+11,1541.449959,7.460000396
"2999","Rudbeckia","Rudbeckia triloba",NA,NA,NA,NA,NA,NA,NA,NA,0,0,TRUE,TRUE,NA,NA,NA
"3000","Salix","Salix monticola",NA,NA,"Tree, Shrub","Moderate","No","Short","None","None",0.594652598,0.627358491,TRUE,FALSE,4.08e+11,1682.770058,7.460000396
"3001","Salvia","Salvia azurea",NA,NA,"Forb/herb","Rapid","No","Moderate","None","None",0.101577118,0.043678161,TRUE,FALSE,NA,NA,NA
"3002","Scabrethia","Scabrethia scabra",NA,NA,NA,NA,NA,NA,NA,NA,NA,NA,FALSE,FALSE,4.29e+11,1381.589973,7.460000396
"3003","Senecio","Senecio atratus",NA,NA,NA,NA,NA,NA,NA,NA,0.087336245,0.1,TRUE,FALSE,2.36e+11,1682.770058,7.460000396
"3004","Sidalcea","Sidalcea candida",NA,NA,NA,NA,NA,NA,NA,NA,0,0,FALSE,FALSE,NA,NA,NA
"3005","Sorghastrum","Sorghastrum nutans",23.8121439540294,17.3079750793465,"Graminoid","Moderate","No","Long","None","None",NA,NA,TRUE,TRUE,NA,NA,NA
"3006","Sporobolus","Sporobolus giganteus",NA,NA,NA,NA,NA,NA,NA,NA,0,0,TRUE,FALSE,6.7e+11,1354.510017,7.460000396
"3007","Sporobolus","Sporobolus giganteus",NA,NA,NA,NA,NA,NA,NA,NA,0,0,TRUE,FALSE,6.7e+11,1354.510017,7.460000396
"3008","Sporobolus","Sporobolus giganteus",NA,NA,NA,NA,NA,NA,NA,NA,1.086956522,0.125,TRUE,FALSE,6.7e+11,1354.510017,7.460000396
"3009","Sporobolus","Sporobolus giganteus",NA,NA,NA,NA,NA,NA,NA,NA,0,0,TRUE,FALSE,6.7e+11,1354.510017,7.460000396
"3010","Stenotus","Stenotus armerioides",NA,NA,NA,NA,NA,NA,NA,NA,0,0,FALSE,FALSE,NA,NA,NA
"3011","Symphoricarpos","Symphoricarpos orbiculatus",NA,NA,"Shrub","Moderate","No","Moderate","None","None",0.833333333,0.0625,TRUE,TRUE,NA,NA,NA
"3012","Townsendia","Townsendia incana",NA,NA,NA,NA,NA,NA,NA,NA,0.790513834,0.086956522,FALSE,FALSE,6.17e+11,1560.419952,7.460000396
"3013","Tradescantia","Tradescantia occidentalis",NA,NA,NA,NA,NA,NA,NA,NA,0,0,TRUE,FALSE,NA,NA,NA
"3014","Vitis","Vitis arizonica",NA,NA,NA,NA,NA,NA,NA,NA,NA,NA,TRUE,FALSE,6.1e+11,1128.439972,7.460000396
"3015","Vitis","Vitis labrusca",NA,NA,NA,NA,NA,NA,NA,NA,NA,NA,TRUE,TRUE,NA,NA,NA
"3016","Yucca","Yucca angustissima",NA,NA,NA,NA,NA,NA,NA,NA,0.833333333,0.0625,TRUE,FALSE,3e+11,1109.469978,7.460000396
"3017","Yucca","Yucca elata",NA,NA,"Tree, Shrub","Moderate","No","Short","None","None",0.833333333,0.0625,TRUE,FALSE,5.38e+11,1081.490051,7.460000396
"3018","Yucca","Yucca harrimaniae",NA,NA,NA,NA,NA,NA,NA,NA,0.833333333,0.0625,TRUE,FALSE,4.33e+11,1356.049965,7.460000396
"3019","Abutilon","Abutilon incanum",NA,NA,NA,NA,NA,NA,NA,NA,0,0,TRUE,FALSE,NA,NA,NA
"3020","Acacia","Acacia constricta",NA,NA,NA,NA,NA,NA,NA,NA,0.208188758,0.136363636,TRUE,FALSE,NA,NA,NA
"3021","Agastache","Agastache pallidiflora",NA,NA,NA,NA,NA,NA,NA,NA,0,0,FALSE,FALSE,3.74e+11,1430.170044,7.259999633
"3022","Agave","Agave parryi",NA,NA,NA,NA,NA,NA,NA,NA,0,0,TRUE,FALSE,2.61e+11,1001.159943,7.399999976
"3023","Agrimonia","Agrimonia striata",NA,NA,"Forb/herb","Moderate","No","Short","None","None",0.653594771,0.055555556,TRUE,FALSE,NA,NA,NA
"3024","Andropogon","Andropogon hallii",NA,NA,"Graminoid","Moderate","No","Moderate","None","None",0.735294118,0.058823529,TRUE,FALSE,NA,NA,NA
"3025","Anemone","Anemone cylindrica",NA,NA,NA,NA,NA,NA,NA,NA,0.289855072,0.065217391,TRUE,TRUE,NA,NA,NA
"3026","Anisacanthus","Anisacanthus thurberi",NA,NA,"Shrub","Moderate","No","Long","None","None",NA,NA,FALSE,FALSE,2.47e+11,1081.490051,7.399999976
"3027","Aquilegia","Aquilegia desertorum",NA,NA,NA,NA,NA,NA,NA,NA,0.740055504,0.170212766,FALSE,FALSE,1.17e+11,1032.27005,7.179999709
"3028","Aquilegia","Aquilegia desertorum",NA,NA,NA,NA,NA,NA,NA,NA,0.740055504,0.170212766,FALSE,FALSE,1.67e+11,1025.420044,7.259999633
"3029","Argemone","Argemone pleiacantha",NA,NA,NA,NA,NA,NA,NA,NA,1.515151515,0.083333333,TRUE,FALSE,3.25e+11,1049.670052,7.399999976
"3030","Aristolochia","Aristolochia watsonii",NA,NA,NA,NA,NA,NA,NA,NA,0,0,TRUE,FALSE,2.66e+11,1009.450012,7.399999976
"3031","Asclepias","Asclepias engelmanniana",NA,NA,NA,NA,NA,NA,NA,NA,0.037023325,0.013513514,TRUE,FALSE,7.9e+11,1129.839973,7.269999862
"3032","Asclepias","Asclepias viridiflora",NA,NA,NA,NA,NA,NA,NA,NA,0.037023325,0.013513514,TRUE,FALSE,NA,NA,NA
"3033","Bouteloua","Bouteloua repens",NA,NA,NA,NA,NA,NA,NA,NA,0.284900285,0.037037037,TRUE,FALSE,NA,NA,NA
"3034","Brickellia","Brickellia eupatorioides",NA,NA,NA,NA,NA,NA,NA,NA,0.362318841,0.041666667,FALSE,FALSE,2.53e+12,2199.850006,7.399999976
"3035","Brickellia","Brickellia eupatorioides",NA,NA,NA,NA,NA,NA,NA,NA,0,0,FALSE,FALSE,2.53e+12,2199.850006,7.399999976
"3036","Calochortus","Calochortus gunnisonii",NA,NA,NA,NA,NA,NA,NA,NA,0.134680135,0.036363636,FALSE,FALSE,6.88e+11,1682.770058,7.460000396
"3037","Oenothera","Oenothera hartwegii",NA,NA,NA,NA,NA,NA,NA,NA,0,0,TRUE,FALSE,8.34e+11,1092.069977,7.399999976
"3038","Oenothera","Oenothera hartwegii",NA,NA,NA,NA,NA,NA,NA,NA,0.102145046,0.04494382,TRUE,FALSE,8.34e+11,1092.069977,7.399999976
"3039","Carex","Carex meadii",6.06258794247865,8.66699457506775,NA,NA,NA,NA,NA,NA,0.024607728,0.104582844,TRUE,FALSE,NA,NA,NA
"3040","Carex","Carex meadii",6.06258794247865,8.66699457506775,NA,NA,NA,NA,NA,NA,0,0,TRUE,FALSE,NA,NA,NA
"3041","Carex","Carex meadii",6.06258794247865,8.66699457506775,NA,NA,NA,NA,NA,NA,0,0,TRUE,FALSE,NA,NA,NA
"3042","Castilleja","Castilleja integra",11.1059500822842,29.4462206191223,NA,NA,NA,NA,NA,NA,0.385964912,0.144736842,FALSE,FALSE,6.75e+11,1454.170052,7.399999976
"3043","Cosmos","Cosmos parviflorus",27.8772735108326,72.1227264891674,NA,NA,NA,NA,NA,NA,0,0,TRUE,FALSE,NA,NA,NA
"3044","Crataegus","Crataegus erythropoda",NA,NA,"Tree, Shrub","Slow","No","Short","None","None",0.737704918,0.221311475,TRUE,FALSE,2.62e+11,1682.770058,7.259999633
"3045","Cuscuta","Cuscuta gronovii",NA,NA,NA,NA,NA,NA,NA,NA,0,0,TRUE,FALSE,NA,NA,NA
"3046","Cylindropuntia","Cylindropuntia leptocaulis",NA,NA,NA,NA,NA,NA,NA,NA,30,0.6,TRUE,TRUE,NA,NA,NA
"3047","Dalea","Dalea albiflora",NA,NA,NA,NA,NA,NA,NA,NA,0,0,TRUE,FALSE,3.16e+11,1049.670052,7.399999976
"3048","Dalea","Dalea candida",15.4216239639078,4.78840887657163,NA,NA,NA,NA,NA,NA,0,0,TRUE,FALSE,NA,NA,NA
"3049","Dalea","Dalea formosa",NA,NA,"Subshrub, Shrub","Slow","No","Long","Medium","None",0,0,TRUE,FALSE,7.77e+11,1096.689972,7.399999976
"3050","Echinocereus","Echinocereus fendleri",NA,NA,NA,NA,NA,NA,NA,NA,0,0,FALSE,FALSE,5.53e+11,1161.240021,7.399999976
"3051","Echinocereus","Echinocereus triglochidiatus",NA,NA,NA,NA,NA,NA,NA,NA,0,0,FALSE,FALSE,4.97e+11,1517.449951,7.259999633
"3052","Elymus","Elymus virginicus",NA,NA,"Graminoid","Moderate","No","Short","None","None",1.797814208,0.539344262,TRUE,FALSE,8.38e+11,1764.640015,4.170000076
"3053","Elymus","Elymus virginicus",NA,NA,"Graminoid","Moderate","No","Short","None","None",3.846153846,0.25,TRUE,FALSE,8.38e+11,1764.640015,4.170000076
"3054","Elymus","Elymus virginicus",NA,NA,"Graminoid","Moderate","No","Short","None","None",200,1,TRUE,FALSE,8.38e+11,1764.640015,4.170000076
"3055","Eragrostis","Eragrostis intermedia",NA,NA,"Graminoid","Moderate","No","Long","None","None",0,0,TRUE,FALSE,NA,NA,NA
"3056","Eragrostis","Eragrostis spectabilis",14.3230433537364,20.1483555650726,"Graminoid","Moderate","No","Moderate","None","None",0,0,TRUE,FALSE,NA,NA,NA
"3057","Fendlera","Fendlera rupicola",NA,NA,"Shrub","Moderate","No","Moderate","None","None",NA,NA,FALSE,FALSE,5.74e+11,1361.429962,7.259999633
"3058","Fendlera","Fendlera rupicola",NA,NA,"Shrub","Moderate","No","Moderate","None","None",NA,NA,FALSE,FALSE,2.22e+11,1149.77002,5.709999561
"3059","Festuca","Festuca arizonica",6.41588840655714,15.8975992701785,"Graminoid","Slow","No","Moderate","None","None",0,0,TRUE,FALSE,NA,NA,NA
"3060","Festuca","Festuca arizonica",6.41588840655714,15.8975992701785,"Graminoid","Slow","No","Moderate","None","None",0.051848673,0.061181435,TRUE,FALSE,NA,NA,NA
"3061","Festuca","Festuca arizonica",6.41588840655714,15.8975992701785,"Graminoid","Slow","No","Moderate","None","None",0,0,TRUE,FALSE,NA,NA,NA
"3062","Festuca","Festuca arizonica",6.41588840655714,15.8975992701785,"Graminoid","Slow","No","Moderate","None","None",0.525525526,0.094594595,TRUE,FALSE,NA,NA,NA
"3063","Garrya","Garrya wrightii",NA,NA,"Shrub, Tree","Moderate","No","Long","None","None",0,0,FALSE,FALSE,4.11e+11,1013.939949,7.399999976
"3064","Verbena","Verbena bipinnatifida",NA,NA,NA,NA,NA,NA,NA,NA,NA,NA,TRUE,FALSE,NA,NA,NA
"3065","Hilaria","Hilaria belangeri",NA,NA,"Graminoid","Moderate","No","Moderate","None","None",0,0,FALSE,FALSE,4.21e+11,1034.589943,7.399999976
"3066","Hilaria","Hilaria belangeri",NA,NA,"Graminoid","Moderate","No","Moderate","None","None",0,0,FALSE,FALSE,4.21e+11,1034.589943,7.399999976
"3067","Isocoma","Isocoma pluriflora",NA,NA,NA,NA,NA,NA,NA,NA,100,0.5,FALSE,FALSE,5.36e+11,1081.490051,7.399999976
"3068","Juncus","Juncus interior",NA,NA,"Graminoid","Moderate","No","Moderate","None","None",0.116788321,0.16,TRUE,FALSE,NA,NA,NA
"3069","Juniperus","Juniperus deppeana",NA,NA,NA,NA,NA,NA,NA,NA,0.793650794,0.107142857,TRUE,FALSE,3.98e+11,1036.890045,7.399999976
"3070","Juniperus","Juniperus monosperma",NA,NA,"Shrub, Tree","Slow","Yes","Long","None","None",0.793650794,0.107142857,TRUE,FALSE,NA,NA,NA
"3071","Krigia","Krigia biflora",NA,NA,NA,NA,NA,NA,NA,NA,0,0,FALSE,FALSE,NA,NA,NA
"3072","Lonicera","Lonicera arizonica",NA,NA,NA,NA,NA,NA,NA,NA,0.175336061,0.050847458,TRUE,FALSE,3.07e+11,1036.890045,7.399999976
"3073","Lupinus","Lupinus ammophilus",NA,NA,NA,NA,NA,NA,NA,NA,0.043459365,0.025423729,TRUE,FALSE,1.5e+11,1342.459969,7.179999709
"3074","Lycium","Lycium exsertum",NA,NA,NA,NA,NA,NA,NA,NA,0,0,TRUE,FALSE,1.38e+11,897.039978,5.75999999
"3075","Melampodium","Melampodium leucanthum",NA,NA,NA,NA,NA,NA,NA,NA,NA,NA,FALSE,FALSE,9.35e+11,1130.119972,7.399999976
"3076","Muhlenbergia","Muhlenbergia torreyi",NA,NA,NA,NA,NA,NA,NA,NA,0,0,TRUE,FALSE,6.04e+11,1342.459969,7.259999633
"3077","Muhlenbergia","Muhlenbergia torreyi",NA,NA,NA,NA,NA,NA,NA,NA,0.052882073,0.016129032,TRUE,FALSE,6.04e+11,1342.459969,7.259999633
"3078","Penstemon","Penstemon cobaea",NA,NA,NA,NA,NA,NA,NA,NA,0.081371694,0.075268817,TRUE,FALSE,NA,NA,NA
"3079","Penstemon","Penstemon virgatus",21.0769504709964,0,NA,NA,NA,NA,NA,NA,0.081371694,0.075268817,TRUE,FALSE,3.65e+11,1109.469978,7.259999633
"3080","Phacelia","Phacelia integrifolia",NA,NA,NA,NA,NA,NA,NA,NA,0.03740835,0.030487805,TRUE,FALSE,4.91e+11,1158.360023,7.460000396
"3081","Pinus","Pinus aristata",NA,NA,"Tree","Slow","No","Long","None","None",0.216216216,0.08,TRUE,FALSE,1.42e+11,1517.449951,7.099999785
"3082","Platanus","Platanus wrightii",NA,NA,"Tree","Slow","No","Long","None","None",NA,NA,TRUE,FALSE,2.61e+11,1013.939949,7.399999976
"3083","Hilaria","Hilaria mutica",NA,NA,"Graminoid","Rapid","No","Long","None","None",0,0,FALSE,FALSE,5.03e+11,912.3300171,5.75999999
"3084","Hilaria","Hilaria mutica",NA,NA,"Graminoid","Rapid","No","Long","None","None",0,0,FALSE,FALSE,5.03e+11,912.3300171,5.75999999
"3085","Populus","Populus deltoides",NA,NA,"Tree","Rapid","No","Short","None","None",2.43902439,0.5,TRUE,TRUE,NA,NA,NA
"3086","Potentilla","Potentilla thurberi",NA,NA,NA,NA,NA,NA,NA,NA,0.163203816,0.145251397,TRUE,FALSE,2.49e+11,1032.27005,7.259999633
"3087","Psorothamnus","Psorothamnus scoparius",NA,NA,NA,NA,NA,NA,NA,NA,0,0,FALSE,FALSE,1.92e+11,953.6300049,7.259999633
"3088","Purshia","Purshia mexicana",NA,NA,NA,NA,NA,NA,NA,NA,33.33333333,0.5,FALSE,FALSE,2.01e+11,1049.670052,7.259999633
"3089","Quercus","Quercus emoryi",NA,NA,NA,NA,NA,NA,NA,NA,1.865203762,0.811363636,TRUE,FALSE,2.78e+11,964.8500061,7.399999976
"3090","Quercus","Quercus grisea",NA,NA,NA,NA,NA,NA,NA,NA,1.865203762,0.811363636,TRUE,FALSE,5.43e+11,1096.689972,7.399999976
"3091","Ribes","Ribes pinetorum",NA,NA,NA,NA,NA,NA,NA,NA,0.088157508,0.036144578,TRUE,FALSE,2.76e+11,1032.27005,7.259999633
"3092","Rudbeckia","Rudbeckia laciniata",NA,NA,"Subshrub, Forb/herb","Rapid","No","Short","None","None",0,0,TRUE,TRUE,NA,NA,NA
"3093","Rumex","Rumex altissimus",NA,NA,NA,NA,NA,NA,NA,NA,0.593395253,0.450980392,TRUE,FALSE,NA,NA,NA
"3094","Sapindus","Sapindus saponaria",NA,NA,NA,NA,NA,NA,NA,NA,0,0,FALSE,FALSE,NA,NA,NA
"3095","Senna","Senna bauhinioides",NA,NA,NA,NA,NA,NA,NA,NA,0,0,TRUE,FALSE,NA,NA,NA
"3096","Solidago","Solidago wrightii",NA,NA,NA,NA,NA,NA,NA,NA,0.124223602,0.042857143,TRUE,FALSE,4.93e+11,1109.469978,7.399999976
"3097","Sphaeralcea","Sphaeralcea laxa",NA,NA,NA,NA,NA,NA,NA,NA,0.333333333,0.04,FALSE,FALSE,2.46e+11,1001.159943,7.399999976
"3098","Thalictrum","Thalictrum revolutum",NA,NA,NA,NA,NA,NA,NA,NA,0,0,FALSE,FALSE,NA,NA,NA
"3099","Verbena","Verbena macdougalii",NA,NA,NA,NA,NA,NA,NA,NA,NA,NA,TRUE,FALSE,3.3e+11,1436.77005,7.460000396
"3100","Yucca","Yucca baileyi",NA,NA,NA,NA,NA,NA,NA,NA,0.833333333,0.0625,TRUE,FALSE,2.35e+11,1093.809975,7.460000396
"3101","Zinnia","Zinnia grandiflora",NA,NA,NA,NA,NA,NA,NA,NA,0,0,TRUE,FALSE,8.2e+11,1109.469978,7.259999633
"3102","Andromeda","Andromeda polifolia",2.27822269704454,0,NA,NA,NA,NA,NA,NA,NA,NA,FALSE,FALSE,NA,NA,NA
"3103","Antennaria","Antennaria neglecta",NA,NA,"Forb/herb","Slow","No","Short","None","None",0.354609929,0.083333333,FALSE,FALSE,NA,NA,NA
"3104","Carex","Carex lacustris",NA,NA,"Graminoid","Rapid","No","Long","None","None",0.024607728,0.104582844,TRUE,FALSE,NA,NA,NA
"3105","Carex","Carex lacustris",NA,NA,"Graminoid","Rapid","No","Long","None","None",0,0,TRUE,FALSE,NA,NA,NA
"3106","Carex","Carex lacustris",NA,NA,"Graminoid","Rapid","No","Long","None","None",0,0,TRUE,FALSE,NA,NA,NA
"3107","Carex","Carex pallescens",31.5446660163898,40.3864163067267,NA,NA,NA,NA,NA,NA,0.024607728,0.104582844,TRUE,FALSE,NA,NA,NA
"3108","Carex","Carex pallescens",31.5446660163898,40.3864163067267,NA,NA,NA,NA,NA,NA,0,0,TRUE,FALSE,NA,NA,NA
"3109","Carex","Carex pallescens",31.5446660163898,40.3864163067267,NA,NA,NA,NA,NA,NA,0,0,TRUE,FALSE,NA,NA,NA
"3110","Echinacea","Echinacea angustifolia",NA,NA,NA,NA,NA,NA,NA,NA,0,0,TRUE,FALSE,NA,NA,NA
"3111","Euthamia","Euthamia graminifolia",12.2506577136618,20.4322837601383,NA,NA,NA,NA,NA,NA,0,0,TRUE,TRUE,NA,NA,NA
"3112","Euthamia","Euthamia graminifolia",25.9913597060218,5.29832864465165,NA,NA,NA,NA,NA,NA,0,0,TRUE,TRUE,NA,NA,NA
"3113","Gaultheria","Gaultheria hispidula",NA,NA,"Subshrub, Shrub","Slow","No","Long","None","None",2.222222222,0.1,TRUE,FALSE,NA,NA,NA
"3114","Helianthus","Helianthus laetiflorus",NA,NA,NA,NA,NA,NA,NA,NA,1.647058824,0.411764706,TRUE,FALSE,NA,NA,NA
"3115","Iris","Iris versicolor",NA,NA,NA,NA,NA,NA,NA,NA,0.233100233,0.08974359,TRUE,FALSE,NA,NA,NA
"3116","Kalmia","Kalmia polifolia",NA,NA,"Shrub","Slow","No","Long","None","None",0,0,FALSE,FALSE,NA,NA,NA
"3117","Linum","Linum perenne",1.16535774442422,77.5925684043742,NA,NA,NA,NA,NA,NA,0,0,TRUE,FALSE,NA,NA,NA
"3118","Linum","Linum perenne",1.16535774442422,77.5925684043742,NA,NA,NA,NA,NA,NA,0,0,TRUE,FALSE,NA,NA,NA
"3119","Solidago","Solidago rigida subsp. rigida",NA,NA,NA,NA,NA,NA,NA,NA,0.124223602,0.042857143,TRUE,FALSE,NA,NA,NA
"3120","Oxytropis","Oxytropis splendens",NA,NA,"Forb/herb","Moderate","No","Short","Low","None",0.510204082,0.12244898,FALSE,FALSE,NA,NA,NA
"3121","Penstemon","Penstemon albidus",NA,NA,NA,NA,NA,NA,NA,NA,0.081371694,0.075268817,TRUE,FALSE,NA,NA,NA
"3122","Penstemon","Penstemon gracilis",NA,NA,NA,NA,NA,NA,NA,NA,0.081371694,0.075268817,TRUE,FALSE,NA,NA,NA
"3123","Penstemon","Penstemon nitidus",NA,NA,NA,NA,NA,NA,NA,NA,0.081371694,0.075268817,TRUE,FALSE,NA,NA,NA
"3124","Prunus","Prunus pensylvanica",NA,NA,"Tree, Shrub","Rapid","No","Short","None","Moderate",0.240891298,0.097560976,TRUE,FALSE,NA,NA,NA
"3125","Rosa","Rosa arkansana",NA,NA,NA,NA,NA,NA,NA,NA,1.171624714,0.667826087,TRUE,FALSE,NA,NA,NA
"3126","Yucca","Yucca glauca",NA,NA,"Subshrub, Shrub, Forb/herb","Moderate","No","Short","None","None",0.833333333,0.0625,TRUE,FALSE,NA,NA,NA
"3127","Drosera","Drosera intermedia",0,87.5270931862083,NA,NA,NA,NA,NA,NA,1,0.12,FALSE,FALSE,NA,NA,NA
"3128","Erysimum","Erysimum asperum",NA,NA,NA,NA,NA,NA,NA,NA,0.054644809,0.016393443,TRUE,FALSE,NA,NA,NA
"3129","Erysimum","Erysimum asperum",NA,NA,NA,NA,NA,NA,NA,NA,0,0,TRUE,FALSE,NA,NA,NA
"3130","Mentzelia","Mentzelia nuda",NA,NA,NA,NA,NA,NA,NA,NA,0.153609831,0.047619048,FALSE,FALSE,NA,NA,NA
"3131","Potentilla","Potentilla fissa",NA,NA,NA,NA,NA,NA,NA,NA,0.163203816,0.145251397,TRUE,FALSE,NA,NA,NA
"3132","Salix","Salix discolor",NA,NA,"Tree, Shrub","Rapid","No","Long","None","None",0.594652598,0.627358491,TRUE,FALSE,NA,NA,NA
"3133","Actaea","Actaea pachypoda",NA,NA,NA,NA,NA,NA,NA,NA,16.66666667,0.25,FALSE,FALSE,NA,NA,NA
"3134","Adiantum","Adiantum pedatum",NA,NA,"Forb/herb","Moderate","No","Moderate","None","None",0.526315789,0.05,TRUE,FALSE,NA,NA,NA
"3135","Agalinis","Agalinis tenuifolia",NA,NA,NA,NA,NA,NA,NA,NA,0,0,FALSE,FALSE,NA,NA,NA
"3136","Agalinis","Agalinis tenuifolia",NA,NA,NA,NA,NA,NA,NA,NA,0,0,FALSE,FALSE,NA,NA,NA
"3137","Agalinis","Agalinis tenuifolia",NA,NA,NA,NA,NA,NA,NA,NA,0,0,FALSE,FALSE,NA,NA,NA
"3138","Agastache","Agastache foeniculum",NA,NA,NA,NA,NA,NA,NA,NA,0,0,FALSE,FALSE,NA,NA,NA
"3139","Agrostis","Agrostis hyemalis",NA,NA,"Graminoid","Moderate","No","Short","None","None",0.293040293,0.152380952,TRUE,FALSE,NA,NA,NA
"3140","Allium","Allium canadense",NA,NA,NA,NA,NA,NA,NA,NA,0,0,TRUE,FALSE,NA,NA,NA
"3141","Amorpha","Amorpha canescens",24.0387099873371,15.9456802027043,"Subshrub, Shrub","Moderate","No","Long","Medium","None",0,0,TRUE,TRUE,NA,NA,NA
"3142","Amorpha","Amorpha nana",NA,NA,NA,NA,NA,NA,NA,NA,0,0,TRUE,FALSE,NA,NA,NA
"3143","Amphicarpaea","Amphicarpaea bracteata",NA,NA,NA,NA,NA,NA,NA,NA,NA,NA,FALSE,FALSE,NA,NA,NA
"3144","Anemonastrum","Anemonastrum canadense",39.2055751876628,22.6835656063077,NA,NA,NA,NA,NA,NA,NA,NA,FALSE,FALSE,NA,NA,NA
"3145","Antennaria","Antennaria parlinii",NA,NA,NA,NA,NA,NA,NA,NA,0.354609929,0.083333333,FALSE,FALSE,NA,NA,NA
"3146","Apios","Apios americana",NA,NA,"Vine, Forb/herb","Rapid","No","Moderate","Medium","None",NA,NA,TRUE,TRUE,NA,NA,NA
"3147","Aquilegia","Aquilegia canadensis",NA,NA,NA,NA,NA,NA,NA,NA,0.740055504,0.170212766,FALSE,FALSE,NA,NA,NA
"3148","Argemone","Argemone albiflora",NA,NA,NA,NA,NA,NA,NA,NA,1.515151515,0.083333333,TRUE,FALSE,NA,NA,NA
"3149","Argemone","Argemone polyanthemos",NA,NA,"Forb/herb","Rapid","No","Long","None","Moderate",1.515151515,0.083333333,TRUE,FALSE,NA,NA,NA
"3150","Asclepias","Asclepias arenaria",NA,NA,NA,NA,NA,NA,NA,NA,0.037023325,0.013513514,TRUE,FALSE,3.17e+11,870.27005,5.349999905
"3151","Asclepias","Asclepias ovalifolia",NA,NA,NA,NA,NA,NA,NA,NA,0.037023325,0.013513514,TRUE,FALSE,NA,NA,NA
"3152","Asclepias","Asclepias stenophylla",NA,NA,NA,NA,NA,NA,NA,NA,0.037023325,0.013513514,TRUE,FALSE,4.34e+11,1174.019989,4.179999828
"3153","Asclepias","Asclepias verticillata",4.85861608367593,52.9320141921974,NA,NA,NA,NA,NA,NA,0.037023325,0.013513514,TRUE,FALSE,NA,NA,NA
"3154","Astragalus","Astragalus crassicarpus",NA,NA,NA,NA,NA,NA,NA,NA,0,0,TRUE,FALSE,NA,NA,NA
"3155","Astragalus","Astragalus missouriensis",NA,NA,NA,NA,NA,NA,NA,NA,0,0,TRUE,FALSE,NA,NA,NA
"3156","Astragalus","Astragalus plattensis",NA,NA,NA,NA,NA,NA,NA,NA,0,0,TRUE,FALSE,4.81e+11,1000.369965,3.690000057
"3157","Astragalus","Astragalus racemosus",NA,NA,NA,NA,NA,NA,NA,NA,0,0,TRUE,FALSE,NA,NA,NA
"3158","Atriplex","Atriplex aptera",NA,NA,NA,NA,NA,NA,NA,NA,0.158940397,0.119205298,TRUE,FALSE,NA,NA,NA
"3159","Atriplex","Atriplex aptera",NA,NA,NA,NA,NA,NA,NA,NA,0,0,TRUE,FALSE,NA,NA,NA
"3160","Bromus","Bromus kalmii",16.3828819198671,28.248318617569,"Graminoid","Rapid","No","Moderate","None","None",0,0,TRUE,FALSE,NA,NA,NA
"3161","Bromus","Bromus kalmii",16.3828819198671,28.248318617569,"Graminoid","Rapid","No","Moderate","None","None",0,0,TRUE,FALSE,NA,NA,NA
"3162","Bromus","Bromus kalmii",16.3828819198671,28.248318617569,"Graminoid","Rapid","No","Moderate","None","None",0.031735957,0.02173913,TRUE,FALSE,NA,NA,NA
"3163","Bromus","Bromus kalmii",16.3828819198671,28.248318617569,"Graminoid","Rapid","No","Moderate","None","None",0,0,TRUE,FALSE,NA,NA,NA
"3164","Bromus","Bromus latiglumis",NA,NA,NA,NA,NA,NA,NA,NA,0,0,TRUE,FALSE,NA,NA,NA
"3165","Bromus","Bromus latiglumis",NA,NA,NA,NA,NA,NA,NA,NA,0,0,TRUE,FALSE,NA,NA,NA
"3166","Bromus","Bromus latiglumis",NA,NA,NA,NA,NA,NA,NA,NA,0.031735957,0.02173913,TRUE,FALSE,NA,NA,NA
"3167","Bromus","Bromus latiglumis",NA,NA,NA,NA,NA,NA,NA,NA,0,0,TRUE,FALSE,NA,NA,NA
"3168","Bromus","Bromus pubescens",NA,NA,NA,NA,NA,NA,NA,NA,0,0,TRUE,FALSE,NA,NA,NA
"3169","Bromus","Bromus pubescens",NA,NA,NA,NA,NA,NA,NA,NA,0,0,TRUE,FALSE,NA,NA,NA
"3170","Bromus","Bromus pubescens",NA,NA,NA,NA,NA,NA,NA,NA,0.031735957,0.02173913,TRUE,FALSE,NA,NA,NA
"3171","Bromus","Bromus pubescens",NA,NA,NA,NA,NA,NA,NA,NA,0,0,TRUE,FALSE,NA,NA,NA
"3172","Campanulastrum","Campanulastrum americanum",NA,NA,"Forb/herb","Rapid","No",NA,"None","None",NA,NA,FALSE,FALSE,NA,NA,NA
"3173","Carex","Carex alopecoidea",NA,NA,NA,NA,NA,NA,NA,NA,0.024607728,0.104582844,TRUE,FALSE,NA,NA,NA
"3174","Carex","Carex alopecoidea",NA,NA,NA,NA,NA,NA,NA,NA,0,0,TRUE,FALSE,NA,NA,NA
"3175","Carex","Carex alopecoidea",NA,NA,NA,NA,NA,NA,NA,NA,0,0,TRUE,FALSE,NA,NA,NA
"3176","Carex","Carex blanda",NA,NA,"Graminoid","Slow","No","Moderate","None","None",0.024607728,0.104582844,TRUE,FALSE,NA,NA,NA
"3177","Carex","Carex blanda",NA,NA,"Graminoid","Slow","No","Moderate","None","None",0,0,TRUE,FALSE,NA,NA,NA
"3178","Carex","Carex blanda",NA,NA,"Graminoid","Slow","No","Moderate","None","None",0,0,TRUE,FALSE,NA,NA,NA
"3179","Carex","Carex cristatella",NA,NA,"Graminoid","Moderate","No","Long","None","None",0.024607728,0.104582844,TRUE,FALSE,NA,NA,NA
"3180","Carex","Carex cristatella",NA,NA,"Graminoid","Moderate","No","Long","None","None",0,0,TRUE,FALSE,NA,NA,NA
"3181","Carex","Carex cristatella",NA,NA,"Graminoid","Moderate","No","Long","None","None",0,0,TRUE,FALSE,NA,NA,NA
"3182","Carex","Carex eburnea",NA,NA,NA,NA,NA,NA,NA,NA,0.024607728,0.104582844,TRUE,FALSE,NA,NA,NA
"3183","Carex","Carex eburnea",NA,NA,NA,NA,NA,NA,NA,NA,0,0,TRUE,FALSE,NA,NA,NA
"3184","Carex","Carex eburnea",NA,NA,NA,NA,NA,NA,NA,NA,0,0,TRUE,FALSE,NA,NA,NA
"3185","Carex","Carex emoryi",NA,NA,NA,NA,NA,NA,NA,NA,0.024607728,0.104582844,TRUE,FALSE,NA,NA,NA
"3186","Carex","Carex emoryi",NA,NA,NA,NA,NA,NA,NA,NA,0,0,TRUE,FALSE,NA,NA,NA
"3187","Carex","Carex emoryi",NA,NA,NA,NA,NA,NA,NA,NA,0,0,TRUE,FALSE,NA,NA,NA
"3188","Carex","Carex granularis",NA,NA,"Graminoid","Slow","No","Long","None","None",0.024607728,0.104582844,TRUE,FALSE,NA,NA,NA
"3189","Carex","Carex granularis",NA,NA,"Graminoid","Slow","No","Long","None","None",0,0,TRUE,FALSE,NA,NA,NA
"3190","Carex","Carex granularis",NA,NA,"Graminoid","Slow","No","Long","None","None",0,0,TRUE,FALSE,NA,NA,NA
"3191","Carex","Carex haydenii",NA,NA,NA,NA,NA,NA,NA,NA,0.024607728,0.104582844,TRUE,FALSE,NA,NA,NA
"3192","Carex","Carex haydenii",NA,NA,NA,NA,NA,NA,NA,NA,0,0,TRUE,FALSE,NA,NA,NA
"3193","Carex","Carex haydenii",NA,NA,NA,NA,NA,NA,NA,NA,0,0,TRUE,FALSE,NA,NA,NA
"3194","Carex","Carex intumescens",NA,NA,"Graminoid","Moderate","No","Moderate","None","None",0.024607728,0.104582844,TRUE,FALSE,NA,NA,NA
"3195","Carex","Carex intumescens",NA,NA,"Graminoid","Moderate","No","Moderate","None","None",0,0,TRUE,FALSE,NA,NA,NA
"3196","Carex","Carex intumescens",NA,NA,"Graminoid","Moderate","No","Moderate","None","None",0,0,TRUE,FALSE,NA,NA,NA
"3197","Carex","Carex laxiflora",NA,NA,NA,NA,NA,NA,NA,NA,0.024607728,0.104582844,TRUE,FALSE,NA,NA,NA
"3198","Carex","Carex laxiflora",NA,NA,NA,NA,NA,NA,NA,NA,0,0,TRUE,FALSE,NA,NA,NA
"3199","Carex","Carex laxiflora",NA,NA,NA,NA,NA,NA,NA,NA,0,0,TRUE,FALSE,NA,NA,NA
"3200","Carex","Carex normalis",NA,NA,"Graminoid","Rapid","No","Long","None","None",0.024607728,0.104582844,TRUE,FALSE,NA,NA,NA
"3201","Carex","Carex normalis",NA,NA,"Graminoid","Rapid","No","Long","None","None",0,0,TRUE,FALSE,NA,NA,NA
"3202","Carex","Carex normalis",NA,NA,"Graminoid","Rapid","No","Long","None","None",0,0,TRUE,FALSE,NA,NA,NA
"3203","Carex","Carex pensylvanica",15.0432941067464,50.0258816488624,NA,NA,NA,NA,NA,NA,0.024607728,0.104582844,TRUE,FALSE,NA,NA,NA
"3204","Carex","Carex pensylvanica",15.0432941067464,50.0258816488624,NA,NA,NA,NA,NA,NA,0,0,TRUE,FALSE,NA,NA,NA
"3205","Carex","Carex pensylvanica",15.0432941067464,50.0258816488624,NA,NA,NA,NA,NA,NA,0,0,TRUE,FALSE,NA,NA,NA
"3206","Carex","Carex radiata",NA,NA,NA,NA,NA,NA,NA,NA,0.024607728,0.104582844,TRUE,FALSE,NA,NA,NA
"3207","Carex","Carex radiata",NA,NA,NA,NA,NA,NA,NA,NA,0,0,TRUE,FALSE,NA,NA,NA
"3208","Carex","Carex radiata",NA,NA,NA,NA,NA,NA,NA,NA,0,0,TRUE,FALSE,NA,NA,NA
"3209","Carex","Carex richardsonii",11.785738214851,33.8130018178397,NA,NA,NA,NA,NA,NA,0.024607728,0.104582844,TRUE,FALSE,NA,NA,NA
"3210","Carex","Carex richardsonii",11.785738214851,33.8130018178397,NA,NA,NA,NA,NA,NA,0,0,TRUE,FALSE,NA,NA,NA
"3211","Carex","Carex richardsonii",11.785738214851,33.8130018178397,NA,NA,NA,NA,NA,NA,0,0,TRUE,FALSE,NA,NA,NA
"3212","Carex","Carex rosea",NA,NA,NA,NA,NA,NA,NA,NA,0.024607728,0.104582844,TRUE,FALSE,NA,NA,NA
"3213","Carex","Carex rosea",NA,NA,NA,NA,NA,NA,NA,NA,0,0,TRUE,FALSE,NA,NA,NA
"3214","Carex","Carex rosea",NA,NA,NA,NA,NA,NA,NA,NA,0,0,TRUE,FALSE,NA,NA,NA
"3215","Carex","Carex sprengelii",NA,NA,NA,NA,NA,NA,NA,NA,0.024607728,0.104582844,TRUE,FALSE,NA,NA,NA
"3216","Carex","Carex sprengelii",NA,NA,NA,NA,NA,NA,NA,NA,0,0,TRUE,FALSE,NA,NA,NA
"3217","Carex","Carex sprengelii",NA,NA,NA,NA,NA,NA,NA,NA,0,0,TRUE,FALSE,NA,NA,NA
"3218","Carex","Carex sterilis",NA,NA,NA,NA,NA,NA,NA,NA,0.024607728,0.104582844,TRUE,FALSE,NA,NA,NA
"3219","Carex","Carex sterilis",NA,NA,NA,NA,NA,NA,NA,NA,0,0,TRUE,FALSE,NA,NA,NA
"3220","Carex","Carex sterilis",NA,NA,NA,NA,NA,NA,NA,NA,0,0,TRUE,FALSE,NA,NA,NA
"3221","Carex","Carex stricta",NA,NA,"Graminoid","Moderate","No","Long","None","None",0.024607728,0.104582844,TRUE,FALSE,NA,NA,NA
"3222","Carex","Carex stricta",NA,NA,"Graminoid","Moderate","No","Long","None","None",0,0,TRUE,FALSE,NA,NA,NA
"3223","Carex","Carex stricta",NA,NA,"Graminoid","Moderate","No","Long","None","None",0,0,TRUE,FALSE,NA,NA,NA
"3224","Castilleja","Castilleja sessiliflora",NA,NA,"Subshrub, Forb/herb","Moderate","No","Long","None","None",0.385964912,0.144736842,FALSE,FALSE,NA,NA,NA
"3225","Ceanothus","Ceanothus herbaceus",NA,NA,NA,NA,NA,NA,NA,NA,0.653120464,0.169811321,FALSE,FALSE,NA,NA,NA
"3226","Celastrus","Celastrus scandens",NA,NA,"Vine","Rapid","No","Moderate","None","None",0,0,TRUE,FALSE,NA,NA,NA
"3227","Circaea","Circaea lutetiana",42.799137661927,57.200862338073,NA,NA,NA,NA,NA,NA,20,0.5,FALSE,FALSE,NA,NA,NA
"3228","Cirsium","Cirsium flodmanii",NA,NA,NA,NA,NA,NA,NA,NA,0.245630609,0.178082192,TRUE,FALSE,NA,NA,NA
"3229","Corylus","Corylus americana",NA,NA,"Shrub","Moderate","No","Short","None","None",2.222222222,0.1,FALSE,FALSE,NA,NA,NA
"3230","Dalea","Dalea aurea",NA,NA,NA,NA,NA,NA,NA,NA,0,0,TRUE,FALSE,7.68e+11,1092.069977,7.269999862
"3231","Dalea","Dalea purpurea",4.98325917574982,11.7767797679836,NA,NA,NA,NA,NA,NA,0,0,TRUE,FALSE,NA,NA,NA
"3232","Dalea","Dalea villosa",NA,NA,NA,NA,NA,NA,NA,NA,0,0,TRUE,TRUE,NA,NA,NA
"3233","Delphinium","Delphinium carolinianum",NA,NA,NA,NA,NA,NA,NA,NA,0.910973085,0.314285714,TRUE,FALSE,NA,NA,NA
"3234","Desmodium","Desmodium canadense",27.2575938510098,25.4232292763264,NA,NA,NA,NA,NA,NA,0.128205128,0.025,TRUE,FALSE,NA,NA,NA
"3235","Primula","Primula meadia",NA,NA,"Forb/herb","Moderate","No","Short","None","None",0,0,TRUE,FALSE,NA,NA,NA
"3236","Primula","Primula meadia",NA,NA,"Forb/herb","Moderate","No","Short","None","None",0.784313725,0.196078431,TRUE,FALSE,NA,NA,NA
"3237","Echinacea","Echinacea pallida",NA,NA,"Forb/herb","Moderate","No","Long","None","None",0,0,TRUE,FALSE,NA,NA,NA
"3238","Echinocereus","Echinocereus viridiflorus",NA,NA,NA,NA,NA,NA,NA,NA,0,0,FALSE,FALSE,4.35e+11,1135.51004,5.309999943
"3239","Eleocharis","Eleocharis compressa",NA,NA,"Graminoid","Moderate","No","Long","None","None",0.057110223,0.029126214,TRUE,FALSE,NA,NA,NA
"3240","Elymus","Elymus villosus",NA,NA,NA,NA,NA,NA,NA,NA,1.797814208,0.539344262,TRUE,FALSE,NA,NA,NA
"3241","Elymus","Elymus villosus",NA,NA,NA,NA,NA,NA,NA,NA,3.846153846,0.25,TRUE,FALSE,NA,NA,NA
"3242","Elymus","Elymus villosus",NA,NA,NA,NA,NA,NA,NA,NA,200,1,TRUE,FALSE,NA,NA,NA
"3243","Enemion","Enemion biternatum",18.2273940317894,71.7976342132617,NA,NA,NA,NA,NA,NA,NA,NA,FALSE,FALSE,NA,NA,NA
"3244","Epilobium","Epilobium coloratum",11.3260752295214,45.1275850965208,"Forb/herb","Moderate","No","Moderate","None","None",0,0,TRUE,FALSE,NA,NA,NA
"3245","Epilobium","Epilobium coloratum",11.3260752295214,45.1275850965208,"Forb/herb","Moderate","No","Moderate","None","None",0.834575261,0.504918033,TRUE,FALSE,NA,NA,NA
"3246","Eriogonum","Eriogonum annuum",NA,NA,NA,NA,NA,NA,NA,NA,0.016457654,0.020242915,FALSE,FALSE,NA,NA,NA
"3247","Eriogonum","Eriogonum effusum",NA,NA,NA,NA,NA,NA,NA,NA,0.016457654,0.020242915,FALSE,FALSE,2.82e+11,1326.919968,4.9599998
"3248","Eutrochium","Eutrochium purpureum",NA,NA,NA,NA,NA,NA,NA,NA,NA,NA,FALSE,FALSE,NA,NA,NA
"3249","Festuca","Festuca subverticillata",11.6950785752779,30.6340423425724,"Graminoid","Moderate","No","Moderate","None","None",0,0,TRUE,FALSE,NA,NA,NA
"3250","Festuca","Festuca subverticillata",11.6950785752779,30.6340423425724,"Graminoid","Moderate","No","Moderate","None","None",0.051848673,0.061181435,TRUE,FALSE,NA,NA,NA
"3251","Festuca","Festuca subverticillata",11.6950785752779,30.6340423425724,"Graminoid","Moderate","No","Moderate","None","None",0,0,TRUE,FALSE,NA,NA,NA
"3252","Festuca","Festuca subverticillata",11.6950785752779,30.6340423425724,"Graminoid","Moderate","No","Moderate","None","None",0.525525526,0.094594595,TRUE,FALSE,NA,NA,NA
"3253","Oenothera","Oenothera curtiflora",NA,NA,NA,NA,NA,NA,NA,NA,0,0,TRUE,FALSE,NA,NA,NA
"3254","Oenothera","Oenothera curtiflora",NA,NA,NA,NA,NA,NA,NA,NA,0.102145046,0.04494382,TRUE,FALSE,NA,NA,NA
"3255","Gentiana","Gentiana algida",NA,NA,NA,NA,NA,NA,NA,NA,0.519480519,0.142857143,FALSE,FALSE,NA,NA,NA
"3256","Gentiana","Gentiana andrewsii",37.6821307447429,27.5187732237643,"Forb/herb","Moderate","No","Moderate","None","None",0.519480519,0.142857143,FALSE,FALSE,NA,NA,NA
"3257","Gentiana","Gentiana puberulenta",NA,NA,NA,NA,NA,NA,NA,NA,0.519480519,0.142857143,FALSE,FALSE,NA,NA,NA
"3258","Geum","Geum canadense",41.3378090561657,30.8669610768281,"Forb/herb","Moderate","No","Short","None","None",0.674763833,0.128205128,TRUE,FALSE,NA,NA,NA
"3259","Hedeoma","Hedeoma hispida",1.39212018415405,56.0275123834262,NA,NA,NA,NA,NA,NA,0,0,FALSE,FALSE,NA,NA,NA
"3260","Helianthus","Helianthus giganteus",NA,NA,NA,NA,NA,NA,NA,NA,1.647058824,0.411764706,TRUE,FALSE,NA,NA,NA
"3261","Helianthus","Helianthus pauciflorus",NA,NA,NA,NA,NA,NA,NA,NA,1.647058824,0.411764706,TRUE,TRUE,NA,NA,NA
"3262","Hesperostipa","Hesperostipa spartea",26.4977375482262,0,"Graminoid","Moderate","No","Moderate","None","None",NA,NA,FALSE,FALSE,NA,NA,NA
"3263","Heuchera","Heuchera americana",NA,NA,NA,NA,NA,NA,NA,NA,3.296703297,0.214285714,FALSE,FALSE,NA,NA,NA
"3264","Heuchera","Heuchera richardsonii",46.8529970987791,0.497577074743324,NA,NA,NA,NA,NA,NA,3.296703297,0.214285714,FALSE,FALSE,NA,NA,NA
"3265","Hieracium","Hieracium umbellatum subsp. umbellatum",NA,NA,NA,NA,NA,NA,NA,NA,0.95317248,1.320143885,TRUE,FALSE,79887426037,967.3599243,1.349999905
"3266","Hieracium","Hieracium umbellatum subsp. umbellatum",NA,NA,NA,NA,NA,NA,NA,NA,0.95317248,1.320143885,TRUE,FALSE,5.74e+11,1767.860046,4.019999504
"3267","Ipomoea","Ipomoea leptophylla",NA,NA,NA,NA,NA,NA,NA,NA,0.101010101,0.022222222,TRUE,FALSE,6.37e+11,1403.860031,4.9599998
"3268","Juniperus","Juniperus horizontalis",NA,NA,"Subshrub","Moderate","No","Moderate","None","None",0.793650794,0.107142857,TRUE,FALSE,NA,NA,NA
"3269","Lathyrus","Lathyrus venosus",NA,NA,NA,NA,NA,NA,NA,NA,0.024996875,0.015748031,TRUE,FALSE,NA,NA,NA
"3270","Liatris","Liatris ligulistylis",NA,NA,NA,NA,NA,NA,NA,NA,0,0,FALSE,FALSE,NA,NA,NA
"3271","Liatris","Liatris punctata",NA,NA,"Forb/herb","Slow","No","Moderate","None","None",0,0,FALSE,FALSE,NA,NA,NA
"3272","Lilium","Lilium philadelphicum",NA,NA,NA,NA,NA,NA,NA,NA,1.505376344,0.225806452,TRUE,FALSE,NA,NA,NA
"3273","Linum","Linum rigidum",NA,NA,NA,NA,NA,NA,NA,NA,0,0,TRUE,FALSE,NA,NA,NA
"3274","Linum","Linum rigidum",NA,NA,NA,NA,NA,NA,NA,NA,0,0,TRUE,FALSE,NA,NA,NA
"3275","Lithospermum","Lithospermum canescens",NA,NA,NA,NA,NA,NA,NA,NA,0,0,FALSE,FALSE,NA,NA,NA
"3276","Lithospermum","Lithospermum canescens",NA,NA,NA,NA,NA,NA,NA,NA,0,0,FALSE,FALSE,NA,NA,NA
"3277","Lithospermum","Lithospermum caroliniense",NA,NA,NA,NA,NA,NA,NA,NA,0,0,FALSE,FALSE,NA,NA,NA
"3278","Lithospermum","Lithospermum caroliniense",NA,NA,NA,NA,NA,NA,NA,NA,0,0,FALSE,FALSE,NA,NA,NA
"3279","Lobelia","Lobelia siphilitica",NA,NA,NA,NA,NA,NA,NA,NA,0.12195122,0.024390244,TRUE,FALSE,NA,NA,NA
"3280","Lobelia","Lobelia siphilitica",NA,NA,NA,NA,NA,NA,NA,NA,0,0,TRUE,FALSE,NA,NA,NA
"3281","Lobelia","Lobelia spicata",4.35661677094121,30.3738110705489,NA,NA,NA,NA,NA,NA,0.12195122,0.024390244,TRUE,FALSE,NA,NA,NA
"3282","Lobelia","Lobelia spicata",4.35661677094121,30.3738110705489,NA,NA,NA,NA,NA,NA,0,0,TRUE,FALSE,NA,NA,NA
"3283","Lonicera","Lonicera dioica",NA,NA,NA,NA,NA,NA,NA,NA,0.175336061,0.050847458,TRUE,FALSE,NA,NA,NA
"3284","Lythrum","Lythrum alatum",NA,NA,NA,NA,NA,NA,NA,NA,0.158730159,0.027777778,TRUE,FALSE,NA,NA,NA
"3285","Maianthemum","Maianthemum canadense",20.0079771499859,27.3311287741964,NA,NA,NA,NA,NA,NA,0,0,FALSE,FALSE,NA,NA,NA
"3286","Maianthemum","Maianthemum canadense",20.0079771499859,27.3311287741964,NA,NA,NA,NA,NA,NA,0,0,FALSE,FALSE,NA,NA,NA
"3287","Onoclea","Onoclea struthiopteris",67.797675804052,32.202324195948,NA,NA,NA,NA,NA,NA,NA,NA,TRUE,TRUE,NA,NA,NA
"3288","Mirabilis","Mirabilis hirsuta",NA,NA,NA,NA,NA,NA,NA,NA,0,0,TRUE,FALSE,NA,NA,NA
"3289","Muhlenbergia","Muhlenbergia cuspidata",NA,NA,"Graminoid","Moderate","No","Moderate","None","None",0,0,TRUE,FALSE,NA,NA,NA
"3290","Muhlenbergia","Muhlenbergia cuspidata",NA,NA,"Graminoid","Moderate","No","Moderate","None","None",0.052882073,0.016129032,TRUE,FALSE,NA,NA,NA
"3291","Solidago","Solidago ptarmicoides",NA,NA,NA,NA,NA,NA,NA,NA,0.124223602,0.042857143,TRUE,TRUE,NA,NA,NA
"3292","Onoclea","Onoclea sensibilis",52.8768368253601,31.9604663510806,NA,NA,NA,NA,NA,NA,NA,NA,TRUE,FALSE,NA,NA,NA
"3293","Lithospermum","Lithospermum caroliniense var. caroliniense",NA,NA,NA,NA,NA,NA,NA,NA,0,0,FALSE,FALSE,NA,NA,NA
"3294","Lithospermum","Lithospermum caroliniense var. caroliniense",NA,NA,NA,NA,NA,NA,NA,NA,0,0,FALSE,FALSE,NA,NA,NA
"3295","Osmorhiza","Osmorhiza longistylis",NA,NA,NA,NA,NA,NA,NA,NA,0,0,FALSE,FALSE,NA,NA,NA
"3296","Ostrya","Ostrya virginiana",19.1810656847962,27.0881272570329,"Tree, Shrub","Slow","No","Short","None","None",NA,NA,FALSE,FALSE,NA,NA,NA
"3297","Oxalis","Oxalis violacea",NA,NA,NA,NA,NA,NA,NA,NA,0,0,TRUE,FALSE,NA,NA,NA
"3298","Packera","Packera aurea",NA,NA,"Forb/herb","Moderate","No","Short","None","None",NA,NA,FALSE,FALSE,NA,NA,NA
"3299","Packera","Packera plattensis",NA,NA,NA,NA,NA,NA,NA,NA,NA,NA,FALSE,FALSE,NA,NA,NA
"3300","Pediomelum","Pediomelum argophyllum",NA,NA,NA,NA,NA,NA,NA,NA,0,0,FALSE,FALSE,NA,NA,NA
"3301","Pediomelum","Pediomelum argophyllum",NA,NA,NA,NA,NA,NA,NA,NA,0,0,FALSE,FALSE,NA,NA,NA
"3302","Penstemon","Penstemon caryi",NA,NA,NA,NA,NA,NA,NA,NA,0.081371694,0.075268817,TRUE,FALSE,20458295625,879.6500092,3.230000496
"3303","Philadelphus","Philadelphus pubescens",NA,NA,NA,NA,NA,NA,NA,NA,0,0,FALSE,FALSE,NA,NA,NA
"3304","Physalis","Physalis virginiana",NA,NA,NA,NA,NA,NA,NA,NA,0,0,TRUE,FALSE,NA,NA,NA
"3305","Physocarpus","Physocarpus opulifolius",NA,NA,"Shrub","Slow","No","Moderate","None","None",0,0,TRUE,TRUE,NA,NA,NA
"3306","Polygala","Polygala sanguinea",NA,NA,NA,NA,NA,NA,NA,NA,0.090456807,0.029850746,TRUE,FALSE,NA,NA,NA
"3307","Polygonatum","Polygonatum biflorum",NA,NA,NA,NA,NA,NA,NA,NA,3.636363636,0.181818182,FALSE,FALSE,1.04e+11,996.5399475,7.259999633
"3308","Quercus","Quercus macrocarpa",NA,NA,"Shrub, Tree","Slow","No","Long","None","None",1.865203762,0.811363636,TRUE,FALSE,NA,NA,NA
"3309","Ranunculus","Ranunculus hispidus",NA,NA,"Forb/herb","Rapid","No","Moderate","None","None",2.222222222,0.1,TRUE,FALSE,NA,NA,NA
"3310","Ranunculus","Ranunculus hispidus",NA,NA,"Forb/herb","Rapid","No","Moderate","None","None",0.044003432,0.066225166,TRUE,FALSE,NA,NA,NA
"3311","Ranunculus","Ranunculus rhomboideus",NA,NA,NA,NA,NA,NA,NA,NA,2.222222222,0.1,TRUE,FALSE,NA,NA,NA
"3312","Ranunculus","Ranunculus rhomboideus",NA,NA,NA,NA,NA,NA,NA,NA,0.044003432,0.066225166,TRUE,FALSE,NA,NA,NA
"3313","Ribes","Ribes americanum",NA,NA,"Shrub",NA,"No","Short","None","None",0.088157508,0.036144578,TRUE,FALSE,NA,NA,NA
"3314","Ribes","Ribes hirtellum",NA,NA,NA,NA,NA,NA,NA,NA,0.088157508,0.036144578,TRUE,FALSE,NA,NA,NA
"3315","Ribes","Ribes missouriense",NA,NA,NA,NA,NA,NA,NA,NA,0.088157508,0.036144578,TRUE,FALSE,NA,NA,NA
"3316","Rosa","Rosa blanda",NA,NA,NA,NA,NA,NA,NA,NA,1.171624714,0.667826087,TRUE,FALSE,NA,NA,NA
"3317","Rumex","Rumex verticillatus",NA,NA,NA,NA,NA,NA,NA,NA,0.593395253,0.450980392,TRUE,FALSE,NA,NA,NA
"3318","Salix","Salix interior",NA,NA,"Shrub, Tree","Rapid","No","Short","None","None",0.594652598,0.627358491,TRUE,FALSE,NA,NA,NA
"3319","Salix","Salix petiolaris",NA,NA,NA,NA,NA,NA,NA,NA,0.594652598,0.627358491,TRUE,FALSE,NA,NA,NA
"3320","Salix","Salix serissima",NA,NA,NA,NA,NA,NA,NA,NA,0.594652598,0.627358491,TRUE,FALSE,NA,NA,NA
"3321","Sanguinaria","Sanguinaria canadensis",NA,NA,NA,NA,NA,NA,NA,NA,NA,NA,FALSE,FALSE,NA,NA,NA
"3322","Schizachne","Schizachne purpurascens",NA,NA,NA,NA,NA,NA,NA,NA,NA,NA,FALSE,FALSE,NA,NA,NA
"3323","Silene","Silene nivea",8.49405127630835,77.1462562612675,NA,NA,NA,NA,NA,NA,0.007905138,0.010869565,TRUE,FALSE,NA,NA,NA
"3324","Smilax","Smilax herbacea",NA,NA,NA,NA,NA,NA,NA,NA,0,0,TRUE,FALSE,NA,NA,NA
"3325","Solidago","Solidago mollis",NA,NA,NA,NA,NA,NA,NA,NA,0.124223602,0.042857143,TRUE,FALSE,NA,NA,NA
"3326","Solidago","Solidago nemoralis",19.8099288327319,33.4258148154587,"Forb/herb","Rapid","No","Short","None","None",0.124223602,0.042857143,TRUE,FALSE,NA,NA,NA
"3327","Solidago","Solidago speciosa",NA,NA,NA,NA,NA,NA,NA,NA,0.124223602,0.042857143,TRUE,FALSE,NA,NA,NA
"3328","Spiraea","Spiraea alba",NA,NA,"Shrub","Moderate","No","Moderate","None","None",1.008403361,0.171428571,TRUE,TRUE,NA,NA,NA
"3329","Spiraea","Spiraea betulifolia",NA,NA,"Shrub","Moderate","No","Long","None","None",1.008403361,0.171428571,TRUE,FALSE,NA,NA,NA
"3330","Sporobolus","Sporobolus heterolepis",14.3394947872323,19.4047282021741,"Graminoid","Moderate","No","Moderate","None","None",0,0,TRUE,FALSE,NA,NA,NA
"3331","Sporobolus","Sporobolus heterolepis",14.3394947872323,19.4047282021741,"Graminoid","Moderate","No","Moderate","None","None",0,0,TRUE,FALSE,NA,NA,NA
"3332","Sporobolus","Sporobolus heterolepis",14.3394947872323,19.4047282021741,"Graminoid","Moderate","No","Moderate","None","None",1.086956522,0.125,TRUE,FALSE,NA,NA,NA
"3333","Sporobolus","Sporobolus heterolepis",14.3394947872323,19.4047282021741,"Graminoid","Moderate","No","Moderate","None","None",0,0,TRUE,FALSE,NA,NA,NA
"3334","Stachys","Stachys palustris",NA,NA,"Forb/herb","Moderate","No","Moderate","None","None",0.052246604,0.022727273,TRUE,TRUE,NA,NA,NA
"3335","Strophostyles","Strophostyles leiosperma",NA,NA,NA,NA,NA,NA,NA,NA,0,0,FALSE,FALSE,NA,NA,NA
"3336","Symphyotrichum","Symphyotrichum ciliolatum",NA,NA,NA,NA,NA,NA,NA,NA,0,0,TRUE,FALSE,NA,NA,NA
"3337","Symphyotrichum","Symphyotrichum oblongifolium",NA,NA,NA,NA,NA,NA,NA,NA,0,0,TRUE,FALSE,1.05e+12,1878.160034,4.909999847
"3338","Symphyotrichum","Symphyotrichum prenanthoides",NA,NA,"Forb/herb","Moderate","No","Short","None","None",0,0,TRUE,FALSE,NA,NA,NA
"3339","Symphyotrichum","Symphyotrichum puniceum",35.4275817521517,24.2441258990008,NA,NA,NA,NA,NA,NA,0,0,TRUE,FALSE,NA,NA,NA
"3340","Symphyotrichum","Symphyotrichum sericeum",NA,NA,NA,NA,NA,NA,NA,NA,0,0,TRUE,FALSE,NA,NA,NA
"3341","Thalictrum","Thalictrum dioicum",16.180851009914,63.2498874540052,NA,NA,NA,NA,NA,NA,0,0,FALSE,FALSE,NA,NA,NA
"3342","Thelypteris","Thelypteris palustris",62.9027248912383,34.7217299205244,NA,NA,NA,NA,NA,NA,20,0.4,FALSE,FALSE,NA,NA,NA
"3343","Thelypteris","Thelypteris palustris",62.9027248912383,34.7217299205244,NA,NA,NA,NA,NA,NA,0,0,FALSE,FALSE,NA,NA,NA
"3344","Thelypteris","Thelypteris palustris",62.9027248912383,34.7217299205244,NA,NA,NA,NA,NA,NA,0,0,FALSE,FALSE,NA,NA,NA
"3345","Thermopsis","Thermopsis rhombifolia",NA,NA,NA,NA,NA,NA,NA,NA,0,0,FALSE,FALSE,NA,NA,NA
"3346","Tilia","Tilia americana",NA,NA,"Tree","Moderate","No","Moderate","None","None",10.8974359,0.653846154,FALSE,FALSE,NA,NA,NA
"3347","Tilia","Tilia americana",NA,NA,"Tree","Moderate","No","Moderate","None","None",10.8974359,0.653846154,FALSE,FALSE,NA,NA,NA
"3348","Toxicodendron","Toxicodendron radicans",26.5513936622894,13.131776818181,NA,NA,NA,NA,NA,NA,0,0,TRUE,TRUE,NA,NA,NA
"3349","Tradescantia","Tradescantia bracteata",NA,NA,NA,NA,NA,NA,NA,NA,0,0,TRUE,FALSE,NA,NA,NA
"3350","Ulmus","Ulmus americana",NA,NA,"Tree","Rapid","No","Moderate","None","None",2.461538462,0.307692308,TRUE,TRUE,NA,NA,NA
"3351","Ulmus","Ulmus rubra",NA,NA,"Tree","Rapid","No","Moderate","None","None",2.461538462,0.307692308,TRUE,FALSE,NA,NA,NA
"3352","Vernonia","Vernonia fasciculata",NA,NA,NA,NA,NA,NA,NA,NA,0,0,FALSE,FALSE,NA,NA,NA
"3353","Vernonia","Vernonia fasciculata",NA,NA,NA,NA,NA,NA,NA,NA,0,0,FALSE,FALSE,NA,NA,NA
"3354","Viburnum","Viburnum lentago",NA,NA,"Tree, Shrub","Slow","No","Long","None","None",0.333333333,0.04,TRUE,FALSE,NA,NA,NA
"3355","Viola","Viola pedatifida",NA,NA,NA,NA,NA,NA,NA,NA,NA,NA,TRUE,FALSE,NA,NA,NA
"3356","Viola","Viola pubescens",38.1672393959882,61.8327606040118,"Forb/herb","Moderate","No","Short","None","None",NA,NA,TRUE,FALSE,NA,NA,NA
"3357","Viola","Viola sororia",44.7426188523147,55.2573811476853,"Forb/herb","Moderate","No","Short","None","None",NA,NA,TRUE,FALSE,NA,NA,NA
"3358","Vitis","Vitis vulpina",NA,NA,"Vine","Moderate","No","Long","None","None",NA,NA,TRUE,TRUE,NA,NA,NA
"3359","Zizia","Zizia aurea",53.3226138494032,14.8047994084804,NA,NA,NA,NA,NA,NA,0,0,FALSE,FALSE,NA,NA,NA
"3360","Eragrostis","Eragrostis trichodes",NA,NA,"Graminoid","Rapid","No","Short","None","None",0,0,TRUE,FALSE,NA,NA,NA
"3361","Erigeron","Erigeron elatior",NA,NA,NA,NA,NA,NA,NA,NA,1.086956522,0.125,TRUE,FALSE,2.38e+11,1682.770058,7.219999671
"3362","Erigeron","Erigeron elatior",NA,NA,NA,NA,NA,NA,NA,NA,0.073664825,0.066298343,TRUE,FALSE,2.38e+11,1682.770058,7.219999671
"3363","Erigeron","Erigeron elatior",NA,NA,NA,NA,NA,NA,NA,NA,0,0,TRUE,FALSE,2.38e+11,1682.770058,7.219999671
"3364","Erigeron","Erigeron pinnatisectus",NA,NA,NA,NA,NA,NA,NA,NA,1.086956522,0.125,TRUE,FALSE,1.46e+11,1618.770065,5.669999599
"3365","Erigeron","Erigeron pinnatisectus",NA,NA,NA,NA,NA,NA,NA,NA,0.073664825,0.066298343,TRUE,FALSE,1.46e+11,1618.770065,5.669999599
"3366","Erigeron","Erigeron pinnatisectus",NA,NA,NA,NA,NA,NA,NA,NA,0,0,TRUE,FALSE,1.46e+11,1618.770065,5.669999599
"3367","Leersia","Leersia virginica",NA,NA,"Graminoid","Moderate","No","Short","None","None",0,0,TRUE,FALSE,NA,NA,NA
"3368","Lupinus","Lupinus sericeus subsp. sericeus",NA,NA,NA,NA,NA,NA,NA,NA,0.043459365,0.025423729,TRUE,FALSE,79528728751,1474.84996,5.549999714
"3369","Lupinus","Lupinus sericeus subsp. sericeus",NA,NA,NA,NA,NA,NA,NA,NA,0.043459365,0.025423729,TRUE,FALSE,38277876652,3283.149963,3.279999733
"3370","Penstemon","Penstemon osterhoutii",NA,NA,NA,NA,NA,NA,NA,NA,0.081371694,0.075268817,TRUE,FALSE,35045288094,1631.830063,3.300000191
"3371","Penstemon","Penstemon secundiflorus",NA,NA,NA,NA,NA,NA,NA,NA,0.081371694,0.075268817,TRUE,FALSE,1.83e+11,1628.340057,4.919999838
"3372","Penstemon","Penstemon uintahensis",NA,NA,NA,NA,NA,NA,NA,NA,0.081371694,0.075268817,TRUE,FALSE,46891919236,1126.819984,7.179999709
"3373","Penstemon","Penstemon secundiflorus var. secundiflorus",NA,NA,NA,NA,NA,NA,NA,NA,0.081371694,0.075268817,TRUE,FALSE,1.15e+11,1262.799973,5.549999714
"3374","Penstemon","Penstemon virens",NA,NA,NA,NA,NA,NA,NA,NA,0.081371694,0.075268817,TRUE,FALSE,84149966293,1616.110062,3.609999657
"3375","Rubus","Rubus deliciosus",NA,NA,NA,NA,NA,NA,NA,NA,0.06483085,0.181850534,TRUE,FALSE,NA,NA,NA
"3376","Thermopsis","Thermopsis rhombifolia var. divaricarpa",NA,NA,NA,NA,NA,NA,NA,NA,0,0,FALSE,FALSE,2.09e+11,1643.760056,4.919999838
"3377","Viola","Viola labradorica",NA,NA,NA,NA,NA,NA,NA,NA,NA,NA,TRUE,FALSE,NA,NA,NA
"3378","Berberis","Berberis fendleri",NA,NA,"Shrub","Slow","No","Moderate","None","None",0.362318841,0.041666667,TRUE,FALSE,1.61e+11,1438.510048,7.179999709
"3379","Berberis","Berberis fendleri",NA,NA,"Shrub","Slow","No","Moderate","None","None",0,0,TRUE,FALSE,1.61e+11,1438.510048,7.179999709
"3380","Asclepias","Asclepias hypoleuca",NA,NA,NA,NA,NA,NA,NA,NA,0.037023325,0.013513514,TRUE,FALSE,82225329714,1025.420044,7.259999633
"3381","Brickellia","Brickellia rusbyi",NA,NA,NA,NA,NA,NA,NA,NA,0.362318841,0.041666667,FALSE,FALSE,2.04e+11,1085.219971,7.259999633
"3382","Brickellia","Brickellia rusbyi",NA,NA,NA,NA,NA,NA,NA,NA,0,0,FALSE,FALSE,2.04e+11,1085.219971,7.259999633
"3383","Bromus","Bromus anomalus",NA,NA,"Graminoid","Moderate","No","Short","None","None",0,0,TRUE,FALSE,NA,NA,NA
"3384","Bromus","Bromus anomalus",NA,NA,"Graminoid","Moderate","No","Short","None","None",0,0,TRUE,FALSE,NA,NA,NA
"3385","Bromus","Bromus anomalus",NA,NA,"Graminoid","Moderate","No","Short","None","None",0.031735957,0.02173913,TRUE,FALSE,NA,NA,NA
"3386","Bromus","Bromus anomalus",NA,NA,"Graminoid","Moderate","No","Short","None","None",0,0,TRUE,FALSE,NA,NA,NA
"3387","Oenothera","Oenothera capillifolia subsp. berlandieri",NA,NA,NA,NA,NA,NA,NA,NA,0,0,TRUE,FALSE,4.96e+11,1300.449997,5.309999943
"3388","Oenothera","Oenothera capillifolia subsp. berlandieri",NA,NA,NA,NA,NA,NA,NA,NA,0.102145046,0.04494382,TRUE,FALSE,4.96e+11,1300.449997,5.309999943
"3389","Plectocephalus","Plectocephalus americanus",NA,NA,NA,NA,NA,NA,NA,NA,NA,NA,TRUE,TRUE,NA,NA,NA
"3390","Clitoria","Clitoria mariana",NA,NA,NA,NA,NA,NA,NA,NA,NA,NA,TRUE,FALSE,NA,NA,NA
"3391","Cylindropuntia","Cylindropuntia imbricata",NA,NA,NA,NA,NA,NA,NA,NA,30,0.6,TRUE,TRUE,NA,NA,NA
"3392","Cylindropuntia","Cylindropuntia imbricata subsp. spinosior",NA,NA,NA,NA,NA,NA,NA,NA,30,0.6,TRUE,TRUE,NA,NA,NA
"3393","Dalea","Dalea jamesii",NA,NA,NA,NA,NA,NA,NA,NA,0,0,TRUE,FALSE,4.91e+11,1085.219971,5.339999676
"3394","Dalea","Dalea nana",NA,NA,NA,NA,NA,NA,NA,NA,0,0,TRUE,FALSE,6.68e+11,1404.289948,7.399999976
"3395","Delphinium","Delphinium andesicola",NA,NA,NA,NA,NA,NA,NA,NA,0.910973085,0.314285714,TRUE,FALSE,88709340000,1025.420044,7.259999633
"3396","Delphinium","Delphinium scopulorum",NA,NA,NA,NA,NA,NA,NA,NA,0.910973085,0.314285714,TRUE,FALSE,1.44e+11,996.5399475,7.259999633
"3397","Engelmannia","Engelmannia peristenia",NA,NA,"Forb/herb","Moderate","No","Moderate","None","None",NA,NA,FALSE,FALSE,NA,NA,NA
"3398","Isocoma","Isocoma tenuisecta",NA,NA,NA,NA,NA,NA,NA,NA,100,0.5,FALSE,FALSE,1.53e+11,852.4399719,5.159999847
"3399","Lonicera","Lonicera albiflora",NA,NA,NA,NA,NA,NA,NA,NA,0.175336061,0.050847458,TRUE,FALSE,2.9e+11,1035.219971,7.259999633
"3400","Mirabilis","Mirabilis longiflora",NA,NA,NA,NA,NA,NA,NA,NA,0,0,TRUE,FALSE,NA,NA,NA
"3401","Opuntia","Opuntia macrocentra",NA,NA,NA,NA,NA,NA,NA,NA,1.333333333,0.333333333,TRUE,FALSE,2.96e+11,1025.420044,7.259999633
"3402","Oreomecon","Oreomecon nudicaulis",NA,NA,NA,NA,NA,NA,NA,NA,NA,NA,TRUE,TRUE,NA,NA,NA
"3403","Penstemon","Penstemon crandallii",NA,NA,NA,NA,NA,NA,NA,NA,0.081371694,0.075268817,TRUE,FALSE,93712900148,1093.809975,7.259999633
"3404","Penstemon","Penstemon fendleri",NA,NA,NA,NA,NA,NA,NA,NA,0.081371694,0.075268817,TRUE,FALSE,4.26e+11,1287.789963,5.339999676
"3405","Penstemon","Penstemon griffinii",NA,NA,NA,NA,NA,NA,NA,NA,0.081371694,0.075268817,TRUE,FALSE,48597373396,1371.410049,4.789999723
"3406","Pinus","Pinus leiophylla",NA,NA,NA,NA,NA,NA,NA,NA,0.216216216,0.08,TRUE,FALSE,1.41e+11,1032.27005,7.259999633
"3407","Pinus","Pinus strobiformis",NA,NA,NA,NA,NA,NA,NA,NA,0.216216216,0.08,TRUE,FALSE,2.91e+11,1318.209961,7.259999633
"3408","Quercus","Quercus hypoleucoides",NA,NA,NA,NA,NA,NA,NA,NA,1.865203762,0.811363636,TRUE,FALSE,1.43e+11,1025.420044,7.259999633
"3409","Rhynchosia","Rhynchosia senna",NA,NA,NA,NA,NA,NA,NA,NA,NA,NA,FALSE,FALSE,4.72e+11,1271.370026,7.399999976
"3410","Salix","Salix taxifolia",NA,NA,"Tree",NA,"No","Short","None",NA,0.594652598,0.627358491,TRUE,FALSE,1.33e+11,856.2600098,4.92999959
"3411","Salvia","Salvia farinacea",NA,NA,NA,NA,NA,NA,NA,NA,0.101577118,0.043678161,TRUE,FALSE,NA,NA,NA
"3412","Setaria","Setaria vulpiseta",NA,NA,"Graminoid","Moderate","No","Moderate","None","None",0,0,TRUE,FALSE,68793441063,1036.890045,7.399999976
"3413","Setaria","Setaria vulpiseta",NA,NA,"Graminoid","Moderate","No","Moderate","None","None",0.128205128,0.025,TRUE,FALSE,68793441063,1036.890045,7.399999976
"3414","Stachys","Stachys coccinea",NA,NA,NA,NA,NA,NA,NA,NA,0.052246604,0.022727273,TRUE,FALSE,1.93e+11,1036.890045,7.399999976
"3415","Thelesperma","Thelesperma filifolium",NA,NA,NA,NA,NA,NA,NA,NA,0,0,FALSE,FALSE,8.13e+11,1559.100021,5.349999905
"3416","Vernonia","Vernonia noveboracensis",NA,NA,"Forb/herb","Moderate","No","Short","None","None",0,0,FALSE,FALSE,NA,NA,NA
"3417","Vernonia","Vernonia noveboracensis",NA,NA,"Forb/herb","Moderate","No","Short","None","None",0,0,FALSE,FALSE,NA,NA,NA
"3418","Viguiera","Viguiera dentata",NA,NA,NA,NA,NA,NA,NA,NA,0,0,TRUE,TRUE,NA,NA,NA
"3419","Viola","Viola missouriensis",NA,NA,NA,NA,NA,NA,NA,NA,NA,NA,TRUE,FALSE,5.75e+11,1848.990036,4.549999952
"3420","Zinnia","Zinnia acerosa",NA,NA,NA,NA,NA,NA,NA,NA,0,0,TRUE,FALSE,NA,NA,NA
"3421","Asclepias","Asclepias oenotheroides",NA,NA,NA,NA,NA,NA,NA,NA,0.037023325,0.013513514,TRUE,FALSE,NA,NA,NA
"3422","Aster","Aster alpinus",10.0610053518006,29.1503447433541,"Forb/herb","Slow","No","Long","None","None",0.154181027,0.11409396,FALSE,FALSE,NA,NA,NA
"3423","Berlandiera","Berlandiera lyrata",NA,NA,"Forb/herb","Moderate","No","Moderate","None","None",0,0,FALSE,FALSE,NA,NA,NA
"3424","Bidens","Bidens bipinnata",NA,NA,NA,NA,NA,NA,NA,NA,0.324569945,0.126582278,TRUE,TRUE,NA,NA,NA
"3425","Bidens","Bidens bipinnata",NA,NA,NA,NA,NA,NA,NA,NA,0,0,TRUE,TRUE,NA,NA,NA
"3426","Dalea","Dalea multiflora",NA,NA,NA,NA,NA,NA,NA,NA,0,0,TRUE,FALSE,3.42e+11,1217.47995,3.769999981
"3427","Dasylirion","Dasylirion wheeleri",NA,NA,"Subshrub, Shrub","Slow","No","Long","None","None",NA,NA,FALSE,FALSE,2.12e+11,852.4399719,5.480000019
"3428","Echinacea","Echinacea purpurea",NA,NA,"Forb/herb","Moderate","No","Long","None","None",0,0,TRUE,TRUE,NA,NA,NA
"3429","Echinocereus","Echinocereus reichenbachii",NA,NA,NA,NA,NA,NA,NA,NA,0,0,FALSE,FALSE,2.98e+11,804.5800171,5.019999981
"3430","Erigeron","Erigeron modestus",NA,NA,NA,NA,NA,NA,NA,NA,1.086956522,0.125,TRUE,FALSE,4.3e+11,928.0000305,5.480000019
"3431","Erigeron","Erigeron modestus",NA,NA,NA,NA,NA,NA,NA,NA,0.073664825,0.066298343,TRUE,FALSE,4.3e+11,928.0000305,5.480000019
"3432","Erigeron","Erigeron modestus",NA,NA,NA,NA,NA,NA,NA,NA,0,0,TRUE,FALSE,4.3e+11,928.0000305,5.480000019
"3433","Heliopsis","Heliopsis helianthoides",45.5903884364995,37.4466381070498,NA,NA,NA,NA,NA,NA,NA,NA,FALSE,FALSE,NA,NA,NA
"3434","Hypoxis","Hypoxis hirsuta",NA,NA,"Forb/herb","Moderate","No","Moderate","None","None",0,0,FALSE,FALSE,NA,NA,NA
"3435","Juglans","Juglans microcarpa",NA,NA,"Tree, Shrub","Slow","Yes","Long","None","Slight",0,0,TRUE,FALSE,NA,NA,NA
"3436","Juncus","Juncus brachycephalus",NA,NA,"Graminoid","Moderate","No","Moderate","None","None",0.116788321,0.16,TRUE,FALSE,NA,NA,NA
"3437","Juncus","Juncus dichotomus",NA,NA,"Graminoid","Moderate","No","Moderate","None","None",0.116788321,0.16,TRUE,FALSE,NA,NA,NA
"3438","Juncus","Juncus triglumis",NA,NA,"Graminoid","Moderate","No","Moderate","None","None",0.116788321,0.16,TRUE,FALSE,NA,NA,NA
"3439","Physaria","Physaria gordonii",NA,NA,NA,NA,NA,NA,NA,NA,0,0,FALSE,FALSE,5.63e+11,1096.689972,5.480000019
"3440","Physaria","Physaria gordonii",NA,NA,NA,NA,NA,NA,NA,NA,0.378787879,0.060606061,FALSE,FALSE,5.63e+11,1096.689972,5.480000019
"3441","Mimosa","Mimosa borealis",NA,NA,NA,NA,NA,NA,NA,NA,0,0,TRUE,FALSE,4.32e+11,987.1399689,4.700000286
"3442","Monarda","Monarda punctata",24.9199309857202,39.3188113510913,NA,NA,NA,NA,NA,NA,0,0,TRUE,TRUE,NA,NA,NA
"3443","Oenothera","Oenothera triloba",NA,NA,NA,NA,NA,NA,NA,NA,0,0,TRUE,FALSE,NA,NA,NA
"3444","Oenothera","Oenothera triloba",NA,NA,NA,NA,NA,NA,NA,NA,0.102145046,0.04494382,TRUE,FALSE,NA,NA,NA
"3445","Pedicularis","Pedicularis canadensis",NA,NA,"Subshrub, Forb/herb","Moderate","No","Moderate","None","None",0,0,FALSE,FALSE,NA,NA,NA
"3446","Penstemon","Penstemon buckleyi",NA,NA,NA,NA,NA,NA,NA,NA,0.081371694,0.075268817,TRUE,FALSE,2.01e+11,765.27005,2.879999638
"3447","Penstemon","Penstemon cardinalis",NA,NA,NA,NA,NA,NA,NA,NA,0.081371694,0.075268817,TRUE,FALSE,65927607443,758.1800079,4.669999599
"3448","Penstemon","Penstemon hallii",NA,NA,NA,NA,NA,NA,NA,NA,0.081371694,0.075268817,TRUE,FALSE,35186277612,1453.149963,3.639999866
"3449","Penstemon","Penstemon jamesii",NA,NA,NA,NA,NA,NA,NA,NA,0.081371694,0.075268817,TRUE,FALSE,2.44e+11,1024.799973,5.309999943
"3450","Quercus","Quercus mohriana",NA,NA,NA,NA,NA,NA,NA,NA,1.865203762,0.811363636,TRUE,FALSE,2.04e+11,766.210022,4.700000286
"3451","Rubus","Rubus occidentalis",30.8906940576161,26.8156176005949,"Subshrub","Rapid","No","Short","None","None",0.06483085,0.181850534,TRUE,FALSE,NA,NA,NA
"3452","Senna","Senna roemeriana",NA,NA,NA,NA,NA,NA,NA,NA,0,0,TRUE,FALSE,3.62e+11,871.6699524,5.339999676
"3453","Silphium","Silphium integrifolium",NA,NA,NA,NA,NA,NA,NA,NA,0,0,FALSE,FALSE,NA,NA,NA
"3454","Silphium","Silphium laciniatum",37.0925292109361,0,NA,NA,NA,NA,NA,NA,0,0,FALSE,FALSE,NA,NA,NA
"3455","Smilax","Smilax glauca",NA,NA,"Shrub, Vine","Rapid","No","Long","None","None",0,0,TRUE,FALSE,NA,NA,NA
"3456","Stenaria","Stenaria nigricans",0,25.3914057630029,NA,NA,NA,NA,NA,NA,NA,NA,FALSE,FALSE,1.1e+12,1506.590027,5.309999943
"3457","Sidneya","Sidneya tenuifolia var. tenuifolia",NA,NA,NA,NA,NA,NA,NA,NA,NA,NA,FALSE,FALSE,2.08e+11,798.3600159,5.019999981
"3458","Agastache","Agastache rupestris",NA,NA,NA,NA,NA,NA,NA,NA,0,0,FALSE,FALSE,1.15e+11,989.6899414,5.159999847
"3459","Agave","Agave x arizonica",NA,NA,NA,NA,NA,NA,NA,NA,0,0,TRUE,FALSE,NA,NA,NA
"3460","Agave","Agave chrysantha",NA,NA,NA,NA,NA,NA,NA,NA,0,0,TRUE,FALSE,1.23e+11,852.4399719,5.159999847
"3461","Agave","Agave murpheyi",NA,NA,NA,NA,NA,NA,NA,NA,0,0,TRUE,FALSE,71086356841,800.4999695,5.159999847
"3462","Agave","Agave toumeyana",NA,NA,NA,NA,NA,NA,NA,NA,0,0,TRUE,FALSE,83059094143,852.4399719,5.159999847
"3463","Asclepias","Asclepias brachystephana",NA,NA,NA,NA,NA,NA,NA,NA,0.037023325,0.013513514,TRUE,FALSE,2.61e+11,856.2600098,5.339999676
"3464","Picradeniopsis","Picradeniopsis absinthifolia",NA,NA,NA,NA,NA,NA,NA,NA,0,0,FALSE,FALSE,NA,NA,NA
"3465","Plectocephalus","Plectocephalus rothrockii",NA,NA,NA,NA,NA,NA,NA,NA,NA,NA,TRUE,FALSE,54268908937,739.2799988,4.92999959
"3466","Cercis","Cercis canadensis",12.4900738338499,15.5261078044929,"Tree, Shrub","Slow","No","Short","None","None",NA,NA,FALSE,FALSE,NA,NA,NA
"3467","Clematis","Clematis drummondii",NA,NA,NA,NA,NA,NA,NA,NA,0,0,TRUE,FALSE,3.34e+11,980.7099915,5.159999847
"3468","Crotalaria","Crotalaria pumila",NA,NA,NA,NA,NA,NA,NA,NA,0,0,TRUE,FALSE,NA,NA,NA
"3469","Cylindropuntia","Cylindropuntia arbuscula",NA,NA,NA,NA,NA,NA,NA,NA,30,0.6,TRUE,FALSE,1.02e+11,816.7400208,5.159999847
"3470","Dalea","Dalea wrightii",NA,NA,NA,NA,NA,NA,NA,NA,0,0,TRUE,FALSE,2.15e+11,805.2700195,5.069999933
"3471","Dodonaea","Dodonaea viscosa",NA,NA,"Tree, Shrub","Rapid","No","Moderate","None","None",2.222222222,0.1,FALSE,FALSE,NA,NA,NA
"3472","Ferocactus","Ferocactus wislizeni",NA,NA,"Tree, Shrub","Slow","No","Long","None","None",0,0,FALSE,FALSE,1.87e+11,912.3300171,5.159999847
"3473","Verbena","Verbena canadensis",NA,NA,NA,NA,NA,NA,NA,NA,NA,NA,TRUE,FALSE,NA,NA,NA
"3474","Gossypium","Gossypium thurberi",NA,NA,NA,NA,NA,NA,NA,NA,0,0,TRUE,FALSE,1.14e+11,852.4399719,5.159999847
"3475","Graptopetalum","Graptopetalum rusbyi",NA,NA,NA,NA,NA,NA,NA,NA,NA,NA,FALSE,FALSE,1.38e+11,852.4399719,5.159999847
"3476","Iva","Iva annua",NA,NA,NA,NA,NA,NA,NA,NA,0,0,FALSE,FALSE,NA,NA,NA
"3477","Acmispon","Acmispon neomexicanus",NA,NA,NA,NA,NA,NA,NA,NA,NA,NA,FALSE,FALSE,1.4e+11,1001.159943,5.159999847
"3478","Lycium","Lycium berlandieri",NA,NA,NA,NA,NA,NA,NA,NA,0,0,TRUE,FALSE,3.08e+11,1087.129944,5.480000019
"3479","Panicum","Panicum amarum",NA,NA,"Graminoid","Moderate","No","Moderate","None","None",0.051264525,0.019480519,TRUE,FALSE,NA,NA,NA
"3480","Penstemon","Penstemon pinifolius",NA,NA,NA,NA,NA,NA,NA,NA,0.081371694,0.075268817,TRUE,FALSE,82729503205,918.1499481,4.92999959
"3481","Rhus","Rhus microphylla",NA,NA,"Tree, Shrub","Moderate","No","Moderate","None","None",1.470588235,0.117647059,TRUE,FALSE,3.93e+11,1020.040039,5.339999676
"3482","Senna","Senna lindheimeriana",NA,NA,NA,NA,NA,NA,NA,NA,0,0,TRUE,FALSE,2.17e+11,784.7200165,5.339999676
"3483","Sisyrinchium","Sisyrinchium campestre",NA,NA,NA,NA,NA,NA,NA,NA,0,0,TRUE,FALSE,NA,NA,NA
"3484","Tridens","Tridens flavus",17.4987145836758,7.3277434243555,"Graminoid","Moderate","No","Short","None","None",0,0,FALSE,FALSE,NA,NA,NA
"3485","Agave","Agave x glomeruliflora",NA,NA,NA,NA,NA,NA,NA,NA,0,0,TRUE,FALSE,37726914932,391.75,1.079999447
"3486","Agave","Agave gracilipes",NA,NA,NA,NA,NA,NA,NA,NA,0,0,TRUE,FALSE,54853371703,766.210022,4.669999599
"3487","Agave","Agave lechuguilla",NA,NA,NA,NA,NA,NA,NA,NA,0,0,TRUE,FALSE,1.22e+11,606.9799957,2.619999409
"3488","Agave","Agave palmeri",NA,NA,NA,NA,NA,NA,NA,NA,0,0,TRUE,FALSE,1.09e+11,840.9699707,5.069999933
"3489","Agave","Agave schottii",NA,NA,NA,NA,NA,NA,NA,NA,0,0,TRUE,FALSE,63842957911,840.9699707,4.92999959
"3490","Aloysia","Aloysia gratissima",NA,NA,NA,NA,NA,NA,NA,NA,NA,NA,FALSE,FALSE,NA,NA,NA
"3491","Ambrosia","Ambrosia deltoidea",NA,NA,NA,NA,NA,NA,NA,NA,0.158562368,0.034090909,TRUE,FALSE,88122485147,845.0999756,5.159999847
"3492","Ambrosia","Ambrosia deltoidea",NA,NA,NA,NA,NA,NA,NA,NA,50,0.25,TRUE,FALSE,88122485147,845.0999756,5.159999847
"3493","Arbutus","Arbutus arizonica",NA,NA,"Tree","Slow","No","Long","None","None",100,0.5,FALSE,FALSE,63842957911,840.9699707,4.92999959
"3494","Arbutus","Arbutus xalapensis",NA,NA,NA,NA,NA,NA,NA,NA,100,0.5,FALSE,FALSE,1.05e+11,708.0900116,2.619999409
"3495","Bouvardia","Bouvardia ternifolia",NA,NA,NA,NA,NA,NA,NA,NA,NA,NA,FALSE,FALSE,1.24e+11,840.9699707,5.069999933
"3496","Buddleja","Buddleja sessiliflora",NA,NA,NA,NA,NA,NA,NA,NA,1.098901099,0.071428571,TRUE,FALSE,45347564636,840.9699707,4.579999447
"3497","Carex","Carex frankii",NA,NA,"Graminoid","Slow","No","Long","None","None",0.024607728,0.104582844,TRUE,FALSE,NA,NA,NA
"3498","Carex","Carex frankii",NA,NA,"Graminoid","Slow","No","Long","None","None",0,0,TRUE,FALSE,NA,NA,NA
"3499","Carex","Carex frankii",NA,NA,"Graminoid","Slow","No","Long","None","None",0,0,TRUE,FALSE,NA,NA,NA
"3500","Chamaecrista","Chamaecrista fasciculata",7.45760096401716,0,"Forb/herb","Rapid","No",NA,"Medium","Slight",0,0,TRUE,FALSE,NA,NA,NA
"3501","Chamaecrista","Chamaecrista nictitans",NA,NA,NA,NA,NA,NA,NA,NA,0,0,TRUE,FALSE,NA,NA,NA
"3502","Chasmanthium","Chasmanthium latifolium",NA,NA,"Graminoid","Moderate","No","Moderate","None","None",NA,NA,FALSE,FALSE,NA,NA,NA
"3503","Chimaphila","Chimaphila maculata",NA,NA,NA,NA,NA,NA,NA,NA,0,0,FALSE,FALSE,NA,NA,NA
"3504","Choisya","Choisya dumosa",NA,NA,"Shrub","Moderate","No","Long","None","None",NA,NA,FALSE,FALSE,1.54e+11,856.2600098,5.339999676
"3505","Cissus","Cissus trifoliata",NA,NA,NA,NA,NA,NA,NA,NA,NA,NA,TRUE,FALSE,NA,NA,NA
"3506","Cladium","Cladium mariscus",54.6128702941559,0,NA,NA,NA,NA,NA,NA,0,0,FALSE,FALSE,NA,NA,NA
"3507","Clematis","Clematis pitcheri",NA,NA,NA,NA,NA,NA,NA,NA,0,0,TRUE,FALSE,6.2e+11,1389.779984,5.019999981
"3508","Conoclinium","Conoclinium dissectum",NA,NA,NA,NA,NA,NA,NA,NA,NA,NA,FALSE,FALSE,1.54e+11,707.1300049,4.92999959
"3509","Croton","Croton monanthogynus",NA,NA,NA,NA,NA,NA,NA,NA,0,0,TRUE,FALSE,NA,NA,NA
"3510","Cylindropuntia","Cylindropuntia thurberi subsp. versicolor",NA,NA,NA,NA,NA,NA,NA,NA,30,0.6,TRUE,FALSE,56862039111,805.2700195,5.069999933
"3511","Dalea","Dalea bicolor",NA,NA,NA,NA,NA,NA,NA,NA,0,0,TRUE,FALSE,1.07e+11,867.730011,5.480000019
"3512","Dalea","Dalea frutescens",NA,NA,NA,NA,NA,NA,NA,NA,0,0,TRUE,FALSE,2.45e+11,827.720047,5.21999979
"3513","Dalea","Dalea greggii",NA,NA,NA,NA,NA,NA,NA,NA,0,0,TRUE,FALSE,55456462267,339.4000244,2.619999409
"3514","Dalea","Dalea pulchra",NA,NA,NA,NA,NA,NA,NA,NA,0,0,TRUE,FALSE,51870220609,805.2700195,4.92999959
"3515","Hexasepalum","Hexasepalum teres",NA,NA,NA,NA,NA,NA,NA,NA,NA,NA,TRUE,TRUE,NA,NA,NA
"3516","Echinocactus","Echinocactus texensis",NA,NA,NA,NA,NA,NA,NA,NA,NA,NA,FALSE,FALSE,1.68e+11,808.5300293,5.019999981
"3517","Erythrina","Erythrina flabelliformis",NA,NA,NA,NA,NA,NA,NA,NA,NA,NA,TRUE,FALSE,82894135596,856.2600098,5.480000019
"3518","Forestiera","Forestiera angustifolia",NA,NA,NA,NA,NA,NA,NA,NA,0,0,FALSE,FALSE,1.28e+11,1260.320007,3.199999809
"3519","Fraxinus","Fraxinus greggii",NA,NA,NA,NA,NA,NA,NA,NA,0.476190476,0.047619048,TRUE,FALSE,53259597945,758.1800079,4.669999599
"3520","Gaillardia","Gaillardia suavis",NA,NA,NA,NA,NA,NA,NA,NA,0,0,TRUE,FALSE,4.27e+11,1325.399963,3.710000038
"3521","Heuchera","Heuchera sanguinea",NA,NA,"Forb/herb","Moderate","No","Long","None","None",3.296703297,0.214285714,FALSE,FALSE,NA,NA,NA
"3522","Ibervillea","Ibervillea lindheimeri",NA,NA,NA,NA,NA,NA,NA,NA,NA,NA,FALSE,FALSE,2.41e+11,1229.47998,3.559999943
"3523","Dianthera","Dianthera candicans",NA,NA,NA,NA,NA,NA,NA,NA,NA,NA,FALSE,FALSE,50824359614,816.7400208,5.159999847
"3524","Koeberlinia","Koeberlinia spinosa",NA,NA,NA,NA,NA,NA,NA,NA,NA,NA,FALSE,FALSE,3.35e+11,947.9799728,5.480000019
"3525","Leucaena","Leucaena retusa",NA,NA,"Tree, Shrub","Rapid","No","Moderate","Low","None",NA,NA,TRUE,FALSE,1.04e+11,672.4299927,2.619999409
"3526","Leucophyllum","Leucophyllum minus",NA,NA,NA,NA,NA,NA,NA,NA,NA,NA,FALSE,FALSE,79012009657,391.75,2.619999409
"3527","Berberis","Berberis trifoliolata",NA,NA,NA,NA,NA,NA,NA,NA,0.362318841,0.041666667,TRUE,FALSE,2.39e+11,841.0999756,4.259999752
"3528","Berberis","Berberis trifoliolata",NA,NA,NA,NA,NA,NA,NA,NA,0,0,TRUE,FALSE,2.39e+11,841.0999756,4.259999752
"3529","Oenothera","Oenothera rhombipetala",NA,NA,NA,NA,NA,NA,NA,NA,0,0,TRUE,FALSE,NA,NA,NA
"3530","Oenothera","Oenothera rhombipetala",NA,NA,NA,NA,NA,NA,NA,NA,0.102145046,0.04494382,TRUE,FALSE,NA,NA,NA
"3531","Opuntia","Opuntia rufida",NA,NA,NA,NA,NA,NA,NA,NA,1.333333333,0.333333333,TRUE,FALSE,47711972370,391.75,1.079999447
"3532","Opuntia","Opuntia gosseliniana",NA,NA,NA,NA,NA,NA,NA,NA,1.333333333,0.333333333,TRUE,FALSE,23794796847,738.9799805,4.169999599
"3533","Opuntia","Opuntia gosseliniana",NA,NA,NA,NA,NA,NA,NA,NA,1.333333333,0.333333333,TRUE,FALSE,1.28e+11,805.2700195,4.92999959
"3534","Packera","Packera obovata",NA,NA,NA,NA,NA,NA,NA,NA,NA,NA,FALSE,FALSE,NA,NA,NA
"3535","Penstemon","Penstemon parryi",NA,NA,NA,NA,NA,NA,NA,NA,0.081371694,0.075268817,TRUE,FALSE,69185191838,805.2700195,5.069999933
"3536","Penstemon","Penstemon superbus",NA,NA,NA,NA,NA,NA,NA,NA,0.081371694,0.075268817,TRUE,TRUE,NA,NA,NA
"3537","Phacelia","Phacelia congesta",NA,NA,NA,NA,NA,NA,NA,NA,0.03740835,0.030487805,TRUE,FALSE,NA,NA,NA
"3538","Pinus","Pinus cembroides",NA,NA,"Tree","Slow","No","Long","None","None",0.216216216,0.08,TRUE,FALSE,63369442302,512.5800171,3.209999561
"3539","Pinus","Pinus engelmannii",NA,NA,NA,NA,NA,NA,NA,NA,0.216216216,0.08,TRUE,FALSE,28075423762,670.3700256,4.92999959
"3540","Plumbago","Plumbago zeylanica",NA,NA,NA,NA,NA,NA,NA,NA,NA,NA,TRUE,FALSE,NA,NA,NA
"3541","Quercus","Quercus muehlenbergii",NA,NA,"Tree","Moderate","No","Long","None","None",1.865203762,0.811363636,TRUE,FALSE,NA,NA,NA
"3542","Quercus","Quercus oblongifolia",NA,NA,NA,NA,NA,NA,NA,NA,1.865203762,0.811363636,TRUE,FALSE,NA,NA,NA
"3543","Rhus","Rhus lanceolata",NA,NA,NA,NA,NA,NA,NA,NA,1.470588235,0.117647059,TRUE,FALSE,2.04e+11,1394.999985,3.449999332
"3544","Rhus","Rhus virens",NA,NA,NA,NA,NA,NA,NA,NA,1.470588235,0.117647059,TRUE,FALSE,2.35e+11,841.0999756,5.069999933
"3545","Rivina","Rivina humilis",NA,NA,NA,NA,NA,NA,NA,NA,NA,NA,TRUE,TRUE,NA,NA,NA
"3546","Ruellia","Ruellia ciliatiflora",NA,NA,NA,NA,NA,NA,NA,NA,0,0,TRUE,TRUE,8144863664,209.5800171,0.46999979
"3547","Ruellia","Ruellia ciliatiflora",NA,NA,NA,NA,NA,NA,NA,NA,0,0,TRUE,TRUE,81585546671,548.8900146,2.210000038
"3548","Ruellia","Ruellia ciliatiflora",NA,NA,NA,NA,NA,NA,NA,NA,0,0,TRUE,TRUE,39810942199,499.4399719,2.699999809
"3549","Salix","Salix nigra",NA,NA,"Tree","Rapid","No","Short","None","None",0.594652598,0.627358491,TRUE,TRUE,NA,NA,NA
"3550","Salvia","Salvia arizonica",NA,NA,NA,NA,NA,NA,NA,NA,0.101577118,0.043678161,TRUE,FALSE,73614747058,840.9699707,4.92999959
"3551","Salvia","Salvia texana",NA,NA,NA,NA,NA,NA,NA,NA,0.101577118,0.043678161,TRUE,FALSE,2.01e+11,1001.749969,3.559999943
"3552","Senna","Senna wislizeni",NA,NA,NA,NA,NA,NA,NA,NA,0,0,TRUE,FALSE,1.13e+11,805.2700195,4.92999959
"3553","Simsia","Simsia calva",NA,NA,NA,NA,NA,NA,NA,NA,NA,NA,FALSE,FALSE,2.51e+11,951.0600433,2.819999695
"3554","Dermatophyllum","Dermatophyllum secundiflorum",NA,NA,"Tree, Shrub","Moderate","No","Long","Medium","None",NA,NA,FALSE,FALSE,1.89e+11,971.7700195,3.360000134
"3555","Spermolepis","Spermolepis divaricata",NA,NA,NA,NA,NA,NA,NA,NA,0,0,FALSE,FALSE,NA,NA,NA
"3556","Sphaeralcea","Sphaeralcea coulteri",NA,NA,NA,NA,NA,NA,NA,NA,0.333333333,0.04,FALSE,FALSE,86616625353,809.179985,5.159999847
"3557","Stenocereus","Stenocereus thurberi",NA,NA,NA,NA,NA,NA,NA,NA,NA,NA,FALSE,FALSE,61518204590,750.4499817,5.159999847
"3558","Symphyotrichum","Symphyotrichum divaricatum",NA,NA,NA,NA,NA,NA,NA,NA,0,0,TRUE,FALSE,6.33e+11,1893.300034,4.409999847
"3559","Tecoma","Tecoma stans",NA,NA,"Shrub, Tree","Rapid","No","Moderate","None","None",NA,NA,TRUE,TRUE,NA,NA,NA
"3560","Ungnadia","Ungnadia speciosa",NA,NA,NA,NA,NA,NA,NA,NA,NA,NA,FALSE,FALSE,2.17e+11,1255.789993,5.019999981
"3561","Yucca","Yucca x schottii",NA,NA,NA,NA,NA,NA,NA,NA,0.833333333,0.0625,TRUE,FALSE,NA,NA,NA
"3562","Yucca","Yucca faxoniana",NA,NA,NA,NA,NA,NA,NA,NA,0.833333333,0.0625,TRUE,FALSE,64394043265,424.9799805,2.619999409
"3563","Yucca","Yucca treculiana",NA,NA,NA,NA,NA,NA,NA,NA,0.833333333,0.0625,TRUE,FALSE,2.09e+11,798.3600159,4.669999599
"3564","Vachellia","Vachellia rigidula",NA,NA,NA,NA,NA,NA,NA,NA,NA,NA,TRUE,FALSE,1.07e+11,885.4300537,2.949999809
"3565","Agave","Agave havardiana",NA,NA,NA,NA,NA,NA,NA,NA,0,0,TRUE,FALSE,34219317059,407.0299683,2.229999542
"3566","Ageratina","Ageratina havanensis",NA,NA,NA,NA,NA,NA,NA,NA,0,0,TRUE,FALSE,50793732355,561.6599731,1.800000191
"3567","Amblyolepis","Amblyolepis setigera",NA,NA,NA,NA,NA,NA,NA,NA,NA,NA,FALSE,FALSE,NA,NA,NA
"3568","Amsonia","Amsonia ciliata",NA,NA,NA,NA,NA,NA,NA,NA,0,0,FALSE,FALSE,2.89e+11,1381.180023,3.909999847
"3569","Asclepias","Asclepias angustifolia",NA,NA,NA,NA,NA,NA,NA,NA,0.037023325,0.013513514,TRUE,FALSE,42964580895,805.2700195,4.92999959
"3570","Asclepias","Asclepias texana",NA,NA,NA,NA,NA,NA,NA,NA,0.037023325,0.013513514,TRUE,FALSE,54210267560,701.0700073,2.259999752
"3571","Borrichia","Borrichia frutescens",NA,NA,"Subshrub","Rapid","No","Moderate","None","None",NA,NA,FALSE,FALSE,1.82e+11,1430.819946,4.659999847
"3572","Buchnera","Buchnera americana",6.33340576814081,14.2808180093742,NA,NA,NA,NA,NA,NA,NA,NA,FALSE,FALSE,NA,NA,NA
"3573","Buddleja","Buddleja marrubiifolia",NA,NA,NA,NA,NA,NA,NA,NA,1.098901099,0.071428571,TRUE,FALSE,26000927309,287.5700073,1.019999504
"3574","Callirhoe","Callirhoe leiocarpa",NA,NA,NA,NA,NA,NA,NA,NA,0,0,FALSE,FALSE,1.36e+11,940.4400024,3.71999979
"3575","Carya","Carya illinoinensis",NA,NA,"Tree","Slow","No","Long","None","None",3.80952381,0.266666667,FALSE,FALSE,NA,NA,NA
"3576","Castilleja","Castilleja purpurea",NA,NA,NA,NA,NA,NA,NA,NA,0.385964912,0.144736842,FALSE,FALSE,2.37e+11,953.4899597,3.179999828
"3577","Cirsium","Cirsium texanum",NA,NA,NA,NA,NA,NA,NA,NA,0.245630609,0.178082192,TRUE,FALSE,NA,NA,NA
"3578","Colubrina","Colubrina texensis",NA,NA,NA,NA,NA,NA,NA,NA,0,0,TRUE,FALSE,1.26e+11,731.3200073,2.809999943
"3579","Condalia","Condalia hookeri",NA,NA,NA,NA,NA,NA,NA,NA,NA,NA,FALSE,FALSE,1e+11,793.2399292,2.949999809
"3580","Conoclinium","Conoclinium betonicifolium",NA,NA,NA,NA,NA,NA,NA,NA,NA,NA,FALSE,FALSE,29284335101,755.6100464,2.150000095
"3581","Coreopsis","Coreopsis basalis",NA,NA,NA,NA,NA,NA,NA,NA,0,0,TRUE,FALSE,NA,NA,NA
"3582","Crotalaria","Crotalaria sagittalis",6.10892490554162,8.60506267346907,NA,NA,NA,NA,NA,NA,0,0,TRUE,FALSE,NA,NA,NA
"3583","Croton","Croton capitatus",12.7221341202071,10.0567990699063,NA,NA,NA,NA,NA,NA,0,0,TRUE,FALSE,NA,NA,NA
"3584","Cynanchum","Cynanchum racemosum",NA,NA,NA,NA,NA,NA,NA,NA,0,0,TRUE,FALSE,1.57e+11,1229.47998,2.639999866
"3585","Cynanchum","Cynanchum racemosum",NA,NA,NA,NA,NA,NA,NA,NA,0,0,TRUE,FALSE,1.57e+11,1229.47998,2.639999866
"3586","Dalea","Dalea lasiathera",NA,NA,NA,NA,NA,NA,NA,NA,0,0,TRUE,FALSE,91138300697,637.3499756,2.199999809
"3587","Desmanthus","Desmanthus virgatus",NA,NA,"Subshrub, Forb/herb","Slow","No","Moderate","Medium","None",0,0,FALSE,FALSE,NA,NA,NA
"3588","Diospyros","Diospyros texana",NA,NA,NA,NA,NA,NA,NA,NA,100,0.5,TRUE,FALSE,1.85e+11,1242.369995,3.269999981
"3589","Dyschoriste","Dyschoriste linearis",NA,NA,NA,NA,NA,NA,NA,NA,NA,NA,FALSE,FALSE,2.63e+11,1093.219971,3.009999752
"3590","Echinochloa","Echinochloa walteri",NA,NA,"Graminoid","Moderate","No",NA,"None","None",0,0,TRUE,FALSE,NA,NA,NA
"3591","Eleocharis","Eleocharis cellulosa",NA,NA,"Graminoid","Moderate","No","Moderate","None","None",0.057110223,0.029126214,TRUE,FALSE,NA,NA,NA
"3592","Elymus","Elymus macgregorii",NA,NA,NA,NA,NA,NA,NA,NA,1.797814208,0.539344262,TRUE,FALSE,NA,NA,NA
"3593","Elymus","Elymus macgregorii",NA,NA,NA,NA,NA,NA,NA,NA,3.846153846,0.25,TRUE,FALSE,NA,NA,NA
"3594","Elymus","Elymus macgregorii",NA,NA,NA,NA,NA,NA,NA,NA,200,1,TRUE,FALSE,NA,NA,NA
"3595","Eryngium","Eryngium leavenworthii",NA,NA,NA,NA,NA,NA,NA,NA,0.235294118,0.058823529,TRUE,FALSE,NA,NA,NA
"3596","Eupatorium","Eupatorium serotinum",NA,NA,NA,NA,NA,NA,NA,NA,0,0,TRUE,FALSE,NA,NA,NA
"3597","Fraxinus","Fraxinus berlandieriana",NA,NA,NA,NA,NA,NA,NA,NA,0.476190476,0.047619048,TRUE,FALSE,NA,NA,NA
"3598","Porlieria","Porlieria angustifolia",NA,NA,NA,NA,NA,NA,NA,NA,NA,NA,FALSE,FALSE,1.3e+11,678.710022,2.210000038
"3599","Hesperaloe","Hesperaloe parviflora",NA,NA,NA,NA,NA,NA,NA,NA,NA,NA,FALSE,FALSE,21077313378,526.6799927,1.789999962
"3600","Indigofera","Indigofera miniata",NA,NA,NA,NA,NA,NA,NA,NA,0,0,TRUE,FALSE,3.64e+11,1362.460052,4.659999847
"3601","Juncus","Juncus scirpoides",NA,NA,"Graminoid","Moderate","No","Long","None","None",0.116788321,0.16,TRUE,FALSE,6.67e+11,1894.700012,4.799999952
"3602","Juniperus","Juniperus ashei",NA,NA,NA,NA,NA,NA,NA,NA,0.793650794,0.107142857,TRUE,TRUE,NA,NA,NA
"3603","Dianthera","Dianthera americana",NA,NA,"Forb/herb","Rapid","No",NA,"None","None",NA,NA,FALSE,FALSE,NA,NA,NA
"3604","Karwinskia","Karwinskia humboldtiana",NA,NA,NA,NA,NA,NA,NA,NA,NA,NA,FALSE,FALSE,86227695077,663.1199951,1.779999733
"3605","Lantana","Lantana urticoides",NA,NA,NA,NA,NA,NA,NA,NA,NA,NA,TRUE,FALSE,NA,NA,NA
"3606","Leucophyllum","Leucophyllum frutescens",NA,NA,NA,NA,NA,NA,NA,NA,NA,NA,FALSE,FALSE,NA,NA,NA
"3607","Ludwigia","Ludwigia octovalvis",NA,NA,NA,NA,NA,NA,NA,NA,0.476190476,0.047619048,TRUE,TRUE,NA,NA,NA
"3608","Lupinus","Lupinus texensis",NA,NA,NA,NA,NA,NA,NA,NA,0.043459365,0.025423729,TRUE,FALSE,NA,NA,NA
"3609","Macroptilium","Macroptilium atropurpureum",NA,NA,"Vine, Forb/herb","Rapid","No","Short","Medium","None",0,0,TRUE,TRUE,NA,NA,NA
"3610","Morus","Morus rubra",NA,NA,"Tree","Moderate","No","Moderate","None","None",0,0,TRUE,FALSE,NA,NA,NA
"3611","Nothoscordum","Nothoscordum bivalve",NA,NA,NA,NA,NA,NA,NA,NA,NA,NA,TRUE,FALSE,NA,NA,NA
"3612","Oenothera","Oenothera kunthiana",NA,NA,NA,NA,NA,NA,NA,NA,0,0,TRUE,FALSE,NA,NA,NA
"3613","Oenothera","Oenothera kunthiana",NA,NA,NA,NA,NA,NA,NA,NA,0.102145046,0.04494382,TRUE,FALSE,NA,NA,NA
"3614","Oxypolis","Oxypolis rigidior",NA,NA,NA,NA,NA,NA,NA,NA,NA,NA,FALSE,FALSE,NA,NA,NA
"3615","Passiflora","Passiflora tenuiloba",NA,NA,NA,NA,NA,NA,NA,NA,0,0,TRUE,FALSE,1.54e+11,817.8000488,2.549999714
"3616","Penstemon","Penstemon baccharifolius",NA,NA,NA,NA,NA,NA,NA,NA,0.081371694,0.075268817,TRUE,FALSE,61509224493,656.6900024,1.859999657
"3617","Penstemon","Penstemon havardii",NA,NA,NA,NA,NA,NA,NA,NA,0.081371694,0.075268817,TRUE,FALSE,31866099539,407.0299683,2.229999542
"3618","Penstemon","Penstemon triflorus",NA,NA,NA,NA,NA,NA,NA,NA,0.081371694,0.075268817,TRUE,FALSE,57159796075,593.6100159,1.829999924
"3619","Phlox","Phlox pilosa",NA,NA,NA,NA,NA,NA,NA,NA,0.408163265,0.1,FALSE,FALSE,NA,NA,NA
"3620","Physostegia","Physostegia correllii",NA,NA,NA,NA,NA,NA,NA,NA,33.33333333,0.333333333,FALSE,FALSE,20193578512,1099.659973,2.849999905
"3621","Plantago","Plantago hookeriana",NA,NA,NA,NA,NA,NA,NA,NA,0,0,TRUE,FALSE,NA,NA,NA
"3622","Plantago","Plantago hookeriana",NA,NA,NA,NA,NA,NA,NA,NA,0.131967086,0.074561404,TRUE,FALSE,NA,NA,NA
"3623","Polemonium","Polemonium pauciflorum",NA,NA,NA,NA,NA,NA,NA,NA,0,0,FALSE,FALSE,21831343038,662.2799988,4.92999959
"3624","Pyrrhopappus","Pyrrhopappus grandiflorus",NA,NA,NA,NA,NA,NA,NA,NA,0,0,FALSE,FALSE,2.63e+11,858.5199585,3.71999979
"3625","Quercus","Quercus fusiformis",NA,NA,NA,NA,NA,NA,NA,NA,1.865203762,0.811363636,TRUE,FALSE,1.59e+11,970.7399597,3.559999943
"3626","Quercus","Quercus michauxii",NA,NA,"Tree","Moderate","No","Moderate","None","None",1.865203762,0.811363636,TRUE,FALSE,6.08e+11,1738.480042,4.130000114
"3627","Rubus","Rubus flagellaris",NA,NA,"Subshrub","Rapid","No","Short","None","None",0.06483085,0.181850534,TRUE,TRUE,885617251,179.8399658,0.869999886
"3628","Rubus","Rubus flagellaris",NA,NA,"Subshrub","Rapid","No","Short","None","None",0.06483085,0.181850534,TRUE,TRUE,1.39e+11,923.5899963,5.159999847
"3629","Rubus","Rubus flagellaris",NA,NA,"Subshrub","Rapid","No","Short","None","None",0.06483085,0.181850534,TRUE,TRUE,3778130069,761.2900391,1.599999905
"3630","Rubus","Rubus flagellaris",NA,NA,"Subshrub","Rapid","No","Short","None","None",0.06483085,0.181850534,TRUE,TRUE,14841006213,469.2299805,1.920000076
"3631","Rubus","Rubus flagellaris",NA,NA,"Subshrub","Rapid","No","Short","None","None",0.06483085,0.181850534,TRUE,TRUE,11359588478,933.6399536,1.880000114
"3632","Rubus","Rubus flagellaris",NA,NA,"Subshrub","Rapid","No","Short","None","None",0.06483085,0.181850534,TRUE,TRUE,13436616989,900.9599609,2.449999809
"3633","Rubus","Rubus flagellaris",NA,NA,"Subshrub","Rapid","No","Short","None","None",0.06483085,0.181850534,TRUE,TRUE,25380233744,867.2700195,2.860000134
"3634","Rubus","Rubus flagellaris",NA,NA,"Subshrub","Rapid","No","Short","None","None",0.06483085,0.181850534,TRUE,TRUE,2338282054,225.5,1.730000019
"3635","Rubus","Rubus flagellaris",NA,NA,"Subshrub","Rapid","No","Short","None","None",0.06483085,0.181850534,TRUE,TRUE,4444452190,542.9799805,1.739999771
"3636","Rubus","Rubus flagellaris",NA,NA,"Subshrub","Rapid","No","Short","None","None",0.06483085,0.181850534,TRUE,TRUE,39850709545,1082.959961,2.75
"3637","Rubus","Rubus flagellaris",NA,NA,"Subshrub","Rapid","No","Short","None","None",0.06483085,0.181850534,TRUE,TRUE,14569872698,643.3900757,3.379999638
"3638","Rubus","Rubus flagellaris",NA,NA,"Subshrub","Rapid","No","Short","None","None",0.06483085,0.181850534,TRUE,TRUE,19897243407,607.3599854,2.289999962
"3639","Rubus","Rubus flagellaris",NA,NA,"Subshrub","Rapid","No","Short","None","None",0.06483085,0.181850534,TRUE,TRUE,23719213862,193.6899414,2.390000343
"3640","Rubus","Rubus flagellaris",NA,NA,"Subshrub","Rapid","No","Short","None","None",0.06483085,0.181850534,TRUE,TRUE,9340421638,197.25,1.970000267
"3641","Rubus","Rubus flagellaris",NA,NA,"Subshrub","Rapid","No","Short","None","None",0.06483085,0.181850534,TRUE,TRUE,2333330399,69.41998291,1.46999979
"3642","Rubus","Rubus flagellaris",NA,NA,"Subshrub","Rapid","No","Short","None","None",0.06483085,0.181850534,TRUE,TRUE,6389726620,129.9000244,1.960000038
"3643","Rubus","Rubus flagellaris",NA,NA,"Subshrub","Rapid","No","Short","None","None",0.06483085,0.181850534,TRUE,TRUE,2424543661,138.8499756,1.949999809
"3644","Rubus","Rubus flagellaris",NA,NA,"Subshrub","Rapid","No","Short","None","None",0.06483085,0.181850534,TRUE,TRUE,10662178570,568.2999878,2.319999695
"3645","Rubus","Rubus flagellaris",NA,NA,"Subshrub","Rapid","No","Short","None","None",0.06483085,0.181850534,TRUE,TRUE,33299732100,812.1799927,2.760000229
"3646","Rubus","Rubus trivialis",NA,NA,NA,NA,NA,NA,NA,NA,0.06483085,0.181850534,TRUE,FALSE,5.93e+11,1690.549988,4.529999733
"3647","Sabatia","Sabatia campestris",NA,NA,NA,NA,NA,NA,NA,NA,0,0,FALSE,FALSE,NA,NA,NA
"3648","Salvia","Salvia greggii",NA,NA,NA,NA,NA,NA,NA,NA,0.101577118,0.043678161,TRUE,FALSE,NA,NA,NA
"3649","Salvia","Salvia microphylla",NA,NA,NA,NA,NA,NA,NA,NA,0.101577118,0.043678161,TRUE,FALSE,39760967655,797.1799927,4.92999959
"3650","Salvia","Salvia regla",NA,NA,NA,NA,NA,NA,NA,NA,0.101577118,0.043678161,TRUE,FALSE,16015869871,287.5700073,1.019999504
"3651","Taxodium","Taxodium distichum",NA,NA,"Tree","Rapid","No","Long","None","None",NA,NA,FALSE,FALSE,NA,NA,NA
"3652","Tradescantia","Tradescantia ohiensis",51.2083666849033,48.7916333150967,NA,NA,NA,NA,NA,NA,0,0,TRUE,FALSE,9835488437,431.9599609,2.490000248
"3653","Leptochloa","Leptochloa pluriflora",NA,NA,NA,NA,NA,NA,NA,NA,0,0,TRUE,FALSE,73703116786,662.519989,2.210000038
"3654","Tripsacum","Tripsacum dactyloides",NA,NA,"Graminoid","Rapid","No","Long","None","None",NA,NA,TRUE,TRUE,12634205882,613.6099854,3.869999886
"3655","Vernonia","Vernonia larseniae",NA,NA,NA,NA,NA,NA,NA,NA,0,0,FALSE,FALSE,34461380238,287.5700073,1.019999504
"3656","Vernonia","Vernonia larseniae",NA,NA,NA,NA,NA,NA,NA,NA,0,0,FALSE,FALSE,34461380238,287.5700073,1.019999504
"3657","Vernonia","Vernonia lindheimeri",NA,NA,NA,NA,NA,NA,NA,NA,0,0,FALSE,FALSE,88345787667,687.9800415,2.21999979
"3658","Vernonia","Vernonia lindheimeri",NA,NA,NA,NA,NA,NA,NA,NA,0,0,FALSE,FALSE,88345787667,687.9800415,2.21999979
"3659","Viburnum","Viburnum rufidulum",NA,NA,NA,NA,NA,NA,NA,NA,0.333333333,0.04,TRUE,FALSE,NA,NA,NA
"3660","Yucca","Yucca constricta",NA,NA,NA,NA,NA,NA,NA,NA,0.833333333,0.0625,TRUE,FALSE,1.02e+11,613.5699768,2.429999828
"3661","Yucca","Yucca reverchonii",NA,NA,NA,NA,NA,NA,NA,NA,0.833333333,0.0625,TRUE,FALSE,77101088125,549.2000122,1.519999504
"3662","Yucca","Yucca thompsoniana",NA,NA,NA,NA,NA,NA,NA,NA,0.833333333,0.0625,TRUE,FALSE,61895556102,339.4000244,1.019999504
"3663","Acer","Acer saccharum subsp. floridanum",NA,NA,NA,NA,NA,NA,NA,NA,0.185013876,0.042553191,TRUE,FALSE,4.8e+11,1171.350037,4.32000041
"3664","Agastache","Agastache nepetoides",NA,NA,NA,NA,NA,NA,NA,NA,0,0,FALSE,FALSE,NA,NA,NA
"3665","Ageratina","Ageratina altissima",32.0419997463615,50.3839154816313,NA,NA,NA,NA,NA,NA,0,0,TRUE,TRUE,NA,NA,NA
"3666","Agrimonia","Agrimonia parviflora",NA,NA,"Forb/herb","Rapid","No","Short","None","None",0.653594771,0.055555556,TRUE,FALSE,NA,NA,NA
"3667","Ampelopsis","Ampelopsis cordata",NA,NA,"Vine","Moderate","No","Moderate","None","None",NA,NA,TRUE,FALSE,NA,NA,NA
"3668","Aristida","Aristida longespica",NA,NA,NA,NA,NA,NA,NA,NA,0,0,TRUE,FALSE,NA,NA,NA
"3669","Aristida","Aristida purpurascens",8.63688233672389,32.034123338142,NA,NA,NA,NA,NA,NA,0,0,TRUE,FALSE,NA,NA,NA
"3670","Asclepias","Asclepias amplexicaulis",NA,NA,NA,NA,NA,NA,NA,NA,0.037023325,0.013513514,TRUE,FALSE,1.02e+12,1850.119995,4.159999847
"3671","Asclepias","Asclepias viridis",25.5526231385742,1.95173783931419,NA,NA,NA,NA,NA,NA,0.037023325,0.013513514,TRUE,FALSE,6.34e+11,1272.369995,4.659999847
"3672","Baptisia","Baptisia alba",36.943320911153,25.0986189995425,NA,NA,NA,NA,NA,NA,6.666666667,0.166666667,FALSE,FALSE,NA,NA,NA
"3673","Baptisia","Baptisia australis",NA,NA,NA,NA,NA,NA,NA,NA,6.666666667,0.166666667,FALSE,FALSE,NA,NA,NA
"3674","Bidens","Bidens connata",26.7131327396004,73.2868672603996,"Forb/herb","Rapid","No",NA,"None","None",0.324569945,0.126582278,TRUE,TRUE,NA,NA,NA
"3675","Bidens","Bidens connata",26.7131327396004,73.2868672603996,"Forb/herb","Rapid","No",NA,"None","None",0,0,TRUE,TRUE,NA,NA,NA
"3676","Bidens","Bidens trichosperma",NA,NA,"Forb/herb","Rapid","No",NA,"None","None",0.324569945,0.126582278,TRUE,FALSE,NA,NA,NA
"3677","Bidens","Bidens trichosperma",NA,NA,"Forb/herb","Rapid","No",NA,"None","None",0,0,TRUE,FALSE,NA,NA,NA
"3678","Callirhoe","Callirhoe alcaeoides",NA,NA,NA,NA,NA,NA,NA,NA,0,0,FALSE,FALSE,NA,NA,NA
"3679","Carex","Carex annectens",NA,NA,NA,NA,NA,NA,NA,NA,0.024607728,0.104582844,TRUE,FALSE,NA,NA,NA
"3680","Carex","Carex annectens",NA,NA,NA,NA,NA,NA,NA,NA,0,0,TRUE,FALSE,NA,NA,NA
"3681","Carex","Carex annectens",NA,NA,NA,NA,NA,NA,NA,NA,0,0,TRUE,FALSE,NA,NA,NA
"3682","Carex","Carex bicknellii",14.792330151701,33.8966720149645,"Graminoid","Moderate","No","Long","None","None",0.024607728,0.104582844,TRUE,FALSE,NA,NA,NA
"3683","Carex","Carex bicknellii",14.792330151701,33.8966720149645,"Graminoid","Moderate","No","Long","None","None",0,0,TRUE,FALSE,NA,NA,NA
"3684","Carex","Carex bicknellii",14.792330151701,33.8966720149645,"Graminoid","Moderate","No","Long","None","None",0,0,TRUE,FALSE,NA,NA,NA
"3685","Carex","Carex davisii",NA,NA,NA,NA,NA,NA,NA,NA,0.024607728,0.104582844,TRUE,FALSE,NA,NA,NA
"3686","Carex","Carex davisii",NA,NA,NA,NA,NA,NA,NA,NA,0,0,TRUE,FALSE,NA,NA,NA
"3687","Carex","Carex davisii",NA,NA,NA,NA,NA,NA,NA,NA,0,0,TRUE,FALSE,NA,NA,NA
"3688","Carex","Carex grisea",NA,NA,NA,NA,NA,NA,NA,NA,0.024607728,0.104582844,TRUE,FALSE,NA,NA,NA
"3689","Carex","Carex grisea",NA,NA,NA,NA,NA,NA,NA,NA,0,0,TRUE,FALSE,NA,NA,NA
"3690","Carex","Carex grisea",NA,NA,NA,NA,NA,NA,NA,NA,0,0,TRUE,FALSE,NA,NA,NA
"3691","Carex","Carex lurida",NA,NA,"Graminoid","Moderate","No","Long","None","None",0.024607728,0.104582844,TRUE,FALSE,NA,NA,NA
"3692","Carex","Carex lurida",NA,NA,"Graminoid","Moderate","No","Long","None","None",0,0,TRUE,FALSE,NA,NA,NA
"3693","Carex","Carex lurida",NA,NA,"Graminoid","Moderate","No","Long","None","None",0,0,TRUE,FALSE,NA,NA,NA
"3694","Carex","Carex muehlenbergii",NA,NA,NA,NA,NA,NA,NA,NA,0.024607728,0.104582844,TRUE,FALSE,NA,NA,NA
"3695","Carex","Carex muehlenbergii",NA,NA,NA,NA,NA,NA,NA,NA,0,0,TRUE,FALSE,NA,NA,NA
"3696","Carex","Carex muehlenbergii",NA,NA,NA,NA,NA,NA,NA,NA,0,0,TRUE,FALSE,NA,NA,NA
"3697","Carex","Carex prairea",NA,NA,NA,NA,NA,NA,NA,NA,0.024607728,0.104582844,TRUE,FALSE,NA,NA,NA
"3698","Carex","Carex prairea",NA,NA,NA,NA,NA,NA,NA,NA,0,0,TRUE,FALSE,NA,NA,NA
"3699","Carex","Carex prairea",NA,NA,NA,NA,NA,NA,NA,NA,0,0,TRUE,FALSE,NA,NA,NA
"3700","Carex","Carex tetanica",NA,NA,NA,NA,NA,NA,NA,NA,0.024607728,0.104582844,TRUE,FALSE,NA,NA,NA
"3701","Carex","Carex tetanica",NA,NA,NA,NA,NA,NA,NA,NA,0,0,TRUE,FALSE,NA,NA,NA
"3702","Carex","Carex tetanica",NA,NA,NA,NA,NA,NA,NA,NA,0,0,TRUE,FALSE,NA,NA,NA
"3703","Carpinus","Carpinus caroliniana",NA,NA,"Tree, Shrub","Slow","No","Short","None","None",0,0,TRUE,FALSE,NA,NA,NA
"3704","Castilleja","Castilleja indivisa",NA,NA,NA,NA,NA,NA,NA,NA,0.385964912,0.144736842,FALSE,FALSE,NA,NA,NA
"3705","Ceanothus","Ceanothus americanus",NA,NA,"Subshrub, Shrub","Slow","No","Moderate","Low","None",0.653120464,0.169811321,FALSE,FALSE,NA,NA,NA
"3706","Celtis","Celtis tenuifolia",NA,NA,NA,NA,NA,NA,NA,NA,0,0,TRUE,FALSE,NA,NA,NA
"3707","Cinna","Cinna arundinacea",NA,NA,"Graminoid","Moderate","No","Long","None","None",0,0,FALSE,FALSE,NA,NA,NA
"3708","Cirsium","Cirsium altissimum",NA,NA,NA,NA,NA,NA,NA,NA,0.245630609,0.178082192,TRUE,FALSE,NA,NA,NA
"3709","Commelina","Commelina virginica",NA,NA,"Forb/herb","Moderate","No","Long","None","None",0,0,TRUE,FALSE,NA,NA,NA
"3710","Cornus","Cornus drummondii",21.091817754008,4.07953641477318,"Tree, Shrub","Rapid","No","Long","None","None",1.322751323,0.178571429,TRUE,FALSE,NA,NA,NA
"3711","Cyperus","Cyperus diandrus",NA,NA,NA,NA,NA,NA,NA,NA,0,0,TRUE,FALSE,NA,NA,NA
"3712","Cyperus","Cyperus diandrus",NA,NA,NA,NA,NA,NA,NA,NA,0,0,TRUE,FALSE,NA,NA,NA
"3713","Cyperus","Cyperus diandrus",NA,NA,NA,NA,NA,NA,NA,NA,0,0,TRUE,FALSE,NA,NA,NA
"3714","Cyperus","Cyperus diandrus",NA,NA,NA,NA,NA,NA,NA,NA,0,0,TRUE,FALSE,NA,NA,NA
"3715","Cyperus","Cyperus diandrus",NA,NA,NA,NA,NA,NA,NA,NA,0,0,TRUE,FALSE,NA,NA,NA
"3716","Cyperus","Cyperus diandrus",NA,NA,NA,NA,NA,NA,NA,NA,0,0,TRUE,FALSE,NA,NA,NA
"3717","Cyperus","Cyperus diandrus",NA,NA,NA,NA,NA,NA,NA,NA,0,0,TRUE,FALSE,NA,NA,NA
"3718","Desmodium","Desmodium canescens",NA,NA,NA,NA,NA,NA,NA,NA,0.128205128,0.025,TRUE,FALSE,NA,NA,NA
"3719","Desmodium","Desmodium illinoense",36.5814558552676,22.8167661405812,NA,NA,NA,NA,NA,NA,0.128205128,0.025,TRUE,FALSE,NA,NA,NA
"3720","Desmodium","Desmodium paniculatum",NA,NA,"Forb/herb","Moderate","No","Moderate","Low","None",0.128205128,0.025,TRUE,FALSE,NA,NA,NA
"3721","Desmodium","Desmodium sessilifolium",NA,NA,NA,NA,NA,NA,NA,NA,0.128205128,0.025,TRUE,FALSE,NA,NA,NA
"3722","Doellingeria","Doellingeria umbellata",48.6508649402298,46.9863556288143,NA,NA,NA,NA,NA,NA,NA,NA,FALSE,FALSE,NA,NA,NA
"3723","Dryopteris","Dryopteris marginalis",NA,NA,NA,NA,NA,NA,NA,NA,0.92506938,0.212765957,FALSE,FALSE,NA,NA,NA
"3724","Eupatorium","Eupatorium perfoliatum",41.3756549105707,13.417163490899,NA,NA,NA,NA,NA,NA,0,0,TRUE,FALSE,NA,NA,NA
"3725","Euphorbia","Euphorbia corollata",6.70487477606136,9.70200498963958,NA,NA,NA,NA,NA,NA,0.023912004,0.024390244,TRUE,FALSE,NA,NA,NA
"3726","Gaillardia","Gaillardia aestivalis",NA,NA,NA,NA,NA,NA,NA,NA,0,0,TRUE,FALSE,NA,NA,NA
"3727","Galium","Galium obtusum",6.34792183898428,61.110207059315,"Forb/herb","Moderate","No","Moderate","None","None",0.081892896,0.106870229,TRUE,FALSE,NA,NA,NA
"3728","Oenothera","Oenothera suffrutescens",NA,NA,NA,NA,NA,NA,NA,NA,0,0,TRUE,FALSE,NA,NA,NA
"3729","Oenothera","Oenothera suffrutescens",NA,NA,NA,NA,NA,NA,NA,NA,0.102145046,0.04494382,TRUE,FALSE,NA,NA,NA
"3730","Oenothera","Oenothera filiformis",NA,NA,NA,NA,NA,NA,NA,NA,0,0,TRUE,FALSE,NA,NA,NA
"3731","Oenothera","Oenothera filiformis",NA,NA,NA,NA,NA,NA,NA,NA,0.102145046,0.04494382,TRUE,FALSE,NA,NA,NA
"3732","Helianthus","Helianthus angustifolius",NA,NA,"Forb/herb","Moderate","No","Moderate","None","None",1.647058824,0.411764706,TRUE,FALSE,NA,NA,NA
"3733","Hibiscus","Hibiscus laevis",NA,NA,"Forb/herb","Moderate","No","Moderate","None","None",0,0,TRUE,FALSE,NA,NA,NA
"3734","Impatiens","Impatiens pallida",11.9291685326293,31.4782237508342,"Forb/herb","Rapid","No",NA,"None","None",0,0,TRUE,FALSE,NA,NA,NA
"3735","Lactuca","Lactuca floridana",NA,NA,NA,NA,NA,NA,NA,NA,0.092506938,0.021276596,TRUE,FALSE,NA,NA,NA
"3736","Lespedeza","Lespedeza capitata",16.5260146883272,20.1811858826592,"Forb/herb","Slow","No","Long","Medium","None",2.666666667,0.32,TRUE,FALSE,NA,NA,NA
"3737","Liatris","Liatris aspera",20.3208910021971,34.6718585389716,NA,NA,NA,NA,NA,NA,0,0,FALSE,FALSE,NA,NA,NA
"3738","Liatris","Liatris squarrosa",11.9301857289215,14.1268836284995,NA,NA,NA,NA,NA,NA,0,0,FALSE,FALSE,NA,NA,NA
"3739","Linum","Linum striatum",NA,NA,"Forb/herb","Moderate","No","Moderate","None","None",0,0,TRUE,FALSE,NA,NA,NA
"3740","Linum","Linum striatum",NA,NA,"Forb/herb","Moderate","No","Moderate","None","None",0,0,TRUE,FALSE,NA,NA,NA
"3741","Linum","Linum sulcatum",NA,NA,NA,NA,NA,NA,NA,NA,0,0,TRUE,FALSE,NA,NA,NA
"3742","Linum","Linum sulcatum",NA,NA,NA,NA,NA,NA,NA,NA,0,0,TRUE,FALSE,NA,NA,NA
"3743","Malus","Malus ioensis",NA,NA,"Tree, Shrub","Moderate","No","Moderate","None","None",1.098901099,0.071428571,TRUE,FALSE,NA,NA,NA
"3744","Menispermum","Menispermum canadense",NA,NA,NA,NA,NA,NA,NA,NA,NA,NA,FALSE,FALSE,NA,NA,NA
"3745","Mimosa","Mimosa quadrivalvis var. nuttallii",NA,NA,NA,NA,NA,NA,NA,NA,0,0,TRUE,FALSE,NA,NA,NA
"3746","Mimulus","Mimulus alatus",NA,NA,"Forb/herb","Rapid","No","Short","None","None",0.12343502,0.065420561,FALSE,FALSE,NA,NA,NA
"3747","Muhlenbergia","Muhlenbergia capillaris",NA,NA,"Graminoid","Moderate","No","Short","None","None",0,0,TRUE,FALSE,NA,NA,NA
"3748","Muhlenbergia","Muhlenbergia capillaris",NA,NA,"Graminoid","Moderate","No","Short","None","None",0.052882073,0.016129032,TRUE,FALSE,NA,NA,NA
"3749","Nekemias","Nekemias arborea",NA,NA,NA,NA,NA,NA,NA,NA,NA,NA,TRUE,TRUE,NA,NA,NA
"3750","Oenothera","Oenothera macrocarpa",NA,NA,NA,NA,NA,NA,NA,NA,0,0,TRUE,FALSE,NA,NA,NA
"3751","Oenothera","Oenothera macrocarpa",NA,NA,NA,NA,NA,NA,NA,NA,0.102145046,0.04494382,TRUE,FALSE,NA,NA,NA
"3752","Opuntia","Opuntia cymochila",NA,NA,NA,NA,NA,NA,NA,NA,1.333333333,0.333333333,TRUE,FALSE,6335242830,72.72000122,0.61000061
"3753","Opuntia","Opuntia humifusa",NA,NA,NA,NA,NA,NA,NA,NA,1.333333333,0.333333333,TRUE,TRUE,NA,NA,NA
"3754","Osmorhiza","Osmorhiza claytonii",NA,NA,NA,NA,NA,NA,NA,NA,0,0,FALSE,FALSE,NA,NA,NA
"3755","Paspalum","Paspalum laeve",NA,NA,"Graminoid","Moderate","No","Moderate","None","None",0,0,TRUE,FALSE,NA,NA,NA
"3756","Pedicularis","Pedicularis lanceolata",NA,NA,NA,NA,NA,NA,NA,NA,0,0,FALSE,FALSE,NA,NA,NA
"3757","Penstemon","Penstemon tubaeflorus",NA,NA,NA,NA,NA,NA,NA,NA,0.081371694,0.075268817,TRUE,FALSE,3.62e+11,1223.909973,3.710000515
"3758","Phlox","Phlox drummondii",NA,NA,NA,NA,NA,NA,NA,NA,0.408163265,0.1,FALSE,FALSE,NA,NA,NA
"3759","Pilea","Pilea pumila",NA,NA,NA,NA,NA,NA,NA,NA,0,0,TRUE,FALSE,NA,NA,NA
"3760","Polemonium","Polemonium reptans",NA,NA,NA,NA,NA,NA,NA,NA,0,0,FALSE,FALSE,NA,NA,NA
"3761","Potentilla","Potentilla simplex",16.7293259810024,32.3347512601345,NA,NA,NA,NA,NA,NA,0.163203816,0.145251397,TRUE,FALSE,NA,NA,NA
"3762","Prunus","Prunus mexicana",NA,NA,NA,NA,NA,NA,NA,NA,0.240891298,0.097560976,TRUE,FALSE,7.06e+11,1323.780029,4.359999657
"3763","Pseudognaphalium","Pseudognaphalium obtusifolium",22.4632857636981,77.5367142363019,NA,NA,NA,NA,NA,NA,NA,NA,TRUE,FALSE,NA,NA,NA
"3764","Pycnanthemum","Pycnanthemum virginianum",NA,NA,NA,NA,NA,NA,NA,NA,0,0,FALSE,FALSE,NA,NA,NA
"3765","Quercus","Quercus stellata",NA,NA,"Tree","Slow","No","Long","None","Moderate",1.865203762,0.811363636,TRUE,FALSE,1.48e+12,1859.77002,4.369999886
"3766","Rhamnus","Rhamnus lanceolata",NA,NA,NA,NA,NA,NA,NA,NA,0.189393939,0.03030303,TRUE,FALSE,4.79e+11,1133.889984,3.960000038
"3767","Ruellia","Ruellia humilis",14.7283962439114,7.32096952116743,"Forb/herb","Moderate","No","Short","None","None",0,0,TRUE,FALSE,NA,NA,NA
"3768","Salix","Salix eriocephala",NA,NA,"Tree, Shrub","Rapid","No","Long","None","None",0.594652598,0.627358491,TRUE,FALSE,NA,NA,NA
"3769","Salix","Salix humilis",NA,NA,"Shrub","Rapid","No","Moderate","None","None",0.594652598,0.627358491,TRUE,FALSE,NA,NA,NA
"3770","Salvia","Salvia engelmannii",NA,NA,NA,NA,NA,NA,NA,NA,0.101577118,0.043678161,TRUE,FALSE,55386150100,840.3399658,3.150000095
"3771","Sanicula","Sanicula canadensis",NA,NA,NA,NA,NA,NA,NA,NA,0,0,FALSE,FALSE,NA,NA,NA
"3772","Scrophularia","Scrophularia marilandica",NA,NA,NA,NA,NA,NA,NA,NA,0,0,FALSE,FALSE,NA,NA,NA
"3773","Scutellaria","Scutellaria parvula",3.41737177520506,36.6843423222528,NA,NA,NA,NA,NA,NA,0.354609929,0.083333333,FALSE,FALSE,NA,NA,NA
"3774","Sicyos","Sicyos angulatus",59.9093069865896,40.0906930134104,NA,NA,NA,NA,NA,NA,1.098901099,0.071428571,TRUE,TRUE,NA,NA,NA
"3775","Silphium","Silphium perfoliatum",NA,NA,"Forb/herb","Rapid","No",NA,"None","None",0,0,FALSE,FALSE,NA,NA,NA
"3776","Sisyrinchium","Sisyrinchium angustifolium",NA,NA,"Forb/herb","Moderate","No","Short","None","None",0,0,TRUE,TRUE,NA,NA,NA
"3777","Solanum","Solanum erianthum",NA,NA,NA,NA,NA,NA,NA,NA,0,0,TRUE,TRUE,NA,NA,NA
"3778","Solanum","Solanum erianthum",NA,NA,NA,NA,NA,NA,NA,NA,0.055096419,0.033057851,TRUE,TRUE,NA,NA,NA
"3779","Solidago","Solidago petiolaris",NA,NA,NA,NA,NA,NA,NA,NA,0.124223602,0.042857143,TRUE,FALSE,5.37e+11,1740.059998,3.909999847
"3780","Solidago","Solidago rugosa",26.0512638513281,31.6073960665996,"Forb/herb","Rapid","No","Moderate","None","None",0.124223602,0.042857143,TRUE,FALSE,NA,NA,NA
"3781","Spiranthes","Spiranthes cernua",NA,NA,"Forb/herb","Moderate","No","Short","None","None",0.56980057,0.074074074,FALSE,FALSE,22827372672,632.2600098,3.289999485
"3782","Strophostyles","Strophostyles helvola",NA,NA,NA,NA,NA,NA,NA,NA,0,0,FALSE,FALSE,NA,NA,NA
"3783","Symphyotrichum","Symphyotrichum praealtum",NA,NA,NA,NA,NA,NA,NA,NA,0,0,TRUE,FALSE,NA,NA,NA
"3784","Tephrosia","Tephrosia virginiana",55.5599991738999,17.8630578673308,NA,NA,NA,NA,NA,NA,NA,NA,TRUE,FALSE,NA,NA,NA
"3785","Tridens","Tridens strictus",NA,NA,"Graminoid","Moderate","No","Short","None","None",0,0,FALSE,FALSE,NA,NA,NA
"3786","Verbena","Verbena urticifolia",33.2042087027186,16.6766537190534,NA,NA,NA,NA,NA,NA,NA,NA,TRUE,FALSE,NA,NA,NA
"3787","Verbesina","Verbesina alternifolia",NA,NA,NA,NA,NA,NA,NA,NA,0,0,TRUE,FALSE,NA,NA,NA
"3788","Vernonia","Vernonia baldwinii",NA,NA,NA,NA,NA,NA,NA,NA,0,0,FALSE,FALSE,8.14e+11,1376.980011,3.480000019
"3789","Vernonia","Vernonia baldwinii",NA,NA,NA,NA,NA,NA,NA,NA,0,0,FALSE,FALSE,8.14e+11,1376.980011,3.480000019
"3790","Vernonia","Vernonia texana",NA,NA,NA,NA,NA,NA,NA,NA,0,0,FALSE,FALSE,1.79e+11,980.0499878,3.480000019
"3791","Vernonia","Vernonia texana",NA,NA,NA,NA,NA,NA,NA,NA,0,0,FALSE,FALSE,1.79e+11,980.0499878,3.480000019
"3792","Zanthoxylum","Zanthoxylum americanum",NA,NA,NA,NA,NA,NA,NA,NA,0,0,FALSE,FALSE,21881042101,407.0299683,2.229999542
"3793","Acaciella","Acaciella angustissima",NA,NA,NA,NA,NA,NA,NA,NA,NA,NA,TRUE,TRUE,NA,NA,NA
"3794","Amsonia","Amsonia tabernaemontana",NA,NA,NA,NA,NA,NA,NA,NA,0,0,FALSE,FALSE,NA,NA,NA
"3795","Andropogon","Andropogon ternarius",NA,NA,"Graminoid","Moderate","No","Moderate","None","None",0.735294118,0.058823529,TRUE,FALSE,7.26e+11,1631.590027,4.799999952
"3796","Antennaria","Antennaria plantaginifolia",20.4517053774402,51.7888020978739,NA,NA,NA,NA,NA,NA,0.354609929,0.083333333,FALSE,FALSE,1.21e+12,1799.140015,4.189999819
"3797","Baptisia","Baptisia bracteata",NA,NA,NA,NA,NA,NA,NA,NA,6.666666667,0.166666667,FALSE,FALSE,NA,NA,NA
"3798","Callirhoe","Callirhoe papaver",NA,NA,NA,NA,NA,NA,NA,NA,0,0,FALSE,FALSE,90569447558,677.1699829,3.779999733
"3799","Carex","Carex amphibola",NA,NA,"Graminoid","Moderate","No","Long","None","None",0.024607728,0.104582844,TRUE,FALSE,NA,NA,NA
"3800","Carex","Carex amphibola",NA,NA,"Graminoid","Moderate","No","Long","None","None",0,0,TRUE,FALSE,NA,NA,NA
"3801","Carex","Carex amphibola",NA,NA,"Graminoid","Moderate","No","Long","None","None",0,0,TRUE,FALSE,NA,NA,NA
"3802","Carex","Carex festucacea",NA,NA,NA,NA,NA,NA,NA,NA,0.024607728,0.104582844,TRUE,FALSE,NA,NA,NA
"3803","Carex","Carex festucacea",NA,NA,NA,NA,NA,NA,NA,NA,0,0,TRUE,FALSE,NA,NA,NA
"3804","Carex","Carex festucacea",NA,NA,NA,NA,NA,NA,NA,NA,0,0,TRUE,FALSE,NA,NA,NA
"3805","Carex","Carex oligocarpa",NA,NA,NA,NA,NA,NA,NA,NA,0.024607728,0.104582844,TRUE,FALSE,NA,NA,NA
"3806","Carex","Carex oligocarpa",NA,NA,NA,NA,NA,NA,NA,NA,0,0,TRUE,FALSE,NA,NA,NA
"3807","Carex","Carex oligocarpa",NA,NA,NA,NA,NA,NA,NA,NA,0,0,TRUE,FALSE,NA,NA,NA
"3808","Claytonia","Claytonia virginica",26.9606945211468,73.0393054788532,NA,NA,NA,NA,NA,NA,1.13960114,0.148148148,TRUE,FALSE,NA,NA,NA
"3809","Crataegus","Crataegus crus-galli",NA,NA,"Tree, Shrub","Moderate","No","Long","None","None",0.737704918,0.221311475,TRUE,FALSE,NA,NA,NA
"3810","Cynanchum","Cynanchum laeve",NA,NA,NA,NA,NA,NA,NA,NA,0,0,TRUE,FALSE,6.67e+11,1443.120056,3.899999619
"3811","Cynanchum","Cynanchum laeve",NA,NA,NA,NA,NA,NA,NA,NA,0,0,TRUE,FALSE,6.67e+11,1443.120056,3.899999619
"3812","Cyperus","Cyperus pseudovegetus",NA,NA,"Graminoid","Moderate","No","Moderate","None","None",0,0,TRUE,FALSE,NA,NA,NA
"3813","Cyperus","Cyperus pseudovegetus",NA,NA,"Graminoid","Moderate","No","Moderate","None","None",0,0,TRUE,FALSE,NA,NA,NA
"3814","Cyperus","Cyperus pseudovegetus",NA,NA,"Graminoid","Moderate","No","Moderate","None","None",0,0,TRUE,FALSE,NA,NA,NA
"3815","Cyperus","Cyperus pseudovegetus",NA,NA,"Graminoid","Moderate","No","Moderate","None","None",0,0,TRUE,FALSE,NA,NA,NA
"3816","Cyperus","Cyperus pseudovegetus",NA,NA,"Graminoid","Moderate","No","Moderate","None","None",0,0,TRUE,FALSE,NA,NA,NA
"3817","Cyperus","Cyperus pseudovegetus",NA,NA,"Graminoid","Moderate","No","Moderate","None","None",0,0,TRUE,FALSE,NA,NA,NA
"3818","Cyperus","Cyperus pseudovegetus",NA,NA,"Graminoid","Moderate","No","Moderate","None","None",0,0,TRUE,FALSE,NA,NA,NA
"3819","Desmodium","Desmodium cuspidatum",NA,NA,NA,NA,NA,NA,NA,NA,0.128205128,0.025,TRUE,FALSE,NA,NA,NA
"3820","Dichanthelium","Dichanthelium clandestinum",NA,NA,"Graminoid","Slow","No","Long","None","None",0,0,TRUE,FALSE,NA,NA,NA
"3821","Rudbeckia","Rudbeckia amplexicaulis",NA,NA,"Forb/herb","Rapid","No",NA,"None","None",0,0,TRUE,FALSE,2.81e+11,1227.130035,4.139999866
"3822","Echinacea","Echinacea atrorubens",NA,NA,NA,NA,NA,NA,NA,NA,0,0,TRUE,FALSE,98141280970,956.7000122,3.349999905
"3823","Elephantopus","Elephantopus carolinianus",NA,NA,"Forb/herb","Rapid","No","Moderate","None","None",0,0,TRUE,FALSE,1.04e+12,1433.940002,4.430000067
"3824","Euonymus","Euonymus atropurpureus",NA,NA,NA,NA,NA,NA,NA,NA,0,0,TRUE,FALSE,NA,NA,NA
"3825","Euonymus","Euonymus atropurpureus",NA,NA,NA,NA,NA,NA,NA,NA,0,0,TRUE,FALSE,NA,NA,NA
"3826","Eupatorium","Eupatorium altissimum",NA,NA,NA,NA,NA,NA,NA,NA,0,0,TRUE,FALSE,NA,NA,NA
"3827","Fraxinus","Fraxinus americana",27.0988791251764,19.7105442298019,"Tree","Moderate","No","Moderate","None","None",0.476190476,0.047619048,TRUE,TRUE,NA,NA,NA
"3828","Oenothera","Oenothera lindheimeri",NA,NA,NA,NA,NA,NA,NA,NA,0,0,TRUE,FALSE,37144326622,669.039978,3.419999599
"3829","Oenothera","Oenothera lindheimeri",NA,NA,NA,NA,NA,NA,NA,NA,0.102145046,0.04494382,TRUE,FALSE,37144326622,669.039978,3.419999599
"3830","Gymnocladus","Gymnocladus dioicus",NA,NA,"Tree","Slow","No","Long","Low","Severe",NA,NA,FALSE,FALSE,NA,NA,NA
"3831","Helianthus","Helianthus hirsutus",15.6302848046116,6.67315910983321,NA,NA,NA,NA,NA,NA,1.647058824,0.411764706,TRUE,FALSE,NA,NA,NA
"3832","Helianthus","Helianthus salicifolius",NA,NA,NA,NA,NA,NA,NA,NA,1.647058824,0.411764706,TRUE,FALSE,NA,NA,NA
"3833","Ipomopsis","Ipomopsis rubra",NA,NA,NA,NA,NA,NA,NA,NA,1.098901099,0.071428571,FALSE,FALSE,NA,NA,NA
"3834","Lespedeza","Lespedeza frutescens",NA,NA,NA,NA,NA,NA,NA,NA,2.666666667,0.32,TRUE,FALSE,NA,NA,NA
"3835","Lespedeza","Lespedeza violacea",NA,NA,NA,NA,NA,NA,NA,NA,2.666666667,0.32,TRUE,FALSE,NA,NA,NA
"3836","Lespedeza","Lespedeza virginica",NA,NA,NA,NA,NA,NA,NA,NA,2.666666667,0.32,TRUE,FALSE,NA,NA,NA
"3837","Ludwigia","Ludwigia alternifolia",NA,NA,NA,NA,NA,NA,NA,NA,0.476190476,0.047619048,TRUE,FALSE,NA,NA,NA
"3838","Solidago","Solidago nitida",NA,NA,NA,NA,NA,NA,NA,NA,0.124223602,0.042857143,TRUE,FALSE,1.02e+11,1084.690002,3.869999886
"3839","Phlox","Phlox paniculata",NA,NA,NA,NA,NA,NA,NA,NA,0.408163265,0.1,FALSE,FALSE,NA,NA,NA
"3840","Pluchea","Pluchea camphorata",NA,NA,NA,NA,NA,NA,NA,NA,2.222222222,0.1,TRUE,FALSE,NA,NA,NA
"3841","Polytaenia","Polytaenia nuttallii",NA,NA,NA,NA,NA,NA,NA,NA,NA,NA,FALSE,FALSE,5.91e+11,1129.120056,3.929999828
"3842","Chondrilla","Chondrilla aspera",NA,NA,NA,NA,NA,NA,NA,NA,0,0,TRUE,FALSE,NA,NA,NA
"3843","Prunus","Prunus munsoniana",NA,NA,NA,NA,NA,NA,NA,NA,0.240891298,0.097560976,TRUE,FALSE,NA,NA,NA
"3844","Quercus","Quercus marilandica",NA,NA,"Tree, Shrub","Slow","No","Long","None","None",1.865203762,0.811363636,TRUE,FALSE,NA,NA,NA
"3845","Quercus","Quercus nigra",NA,NA,"Tree","Rapid","No","Moderate","None","None",1.865203762,0.811363636,TRUE,FALSE,9.06e+11,1291.799988,4.799999952
"3846","Quercus","Quercus prinoides",NA,NA,NA,NA,NA,NA,NA,NA,1.865203762,0.811363636,TRUE,FALSE,NA,NA,NA
"3847","Rubus","Rubus argutus",NA,NA,"Subshrub","Rapid","No","Moderate","None","None",0.06483085,0.181850534,TRUE,FALSE,NA,NA,NA
"3848","Rudbeckia","Rudbeckia subtomentosa",NA,NA,NA,NA,NA,NA,NA,NA,0,0,TRUE,FALSE,NA,NA,NA
"3849","Erianthus","Erianthus giganteus",NA,NA,"Graminoid","Rapid","No","Moderate","None","None",0,0,FALSE,FALSE,5.08e+11,1421.520081,4.199999809
"3850","Salix","Salix caroliniana",NA,NA,"Tree","Rapid","No","Long","None","None",0.594652598,0.627358491,TRUE,FALSE,8.39e+11,1563.52002,4.390000105
"3851","Senna","Senna marilandica",NA,NA,"Subshrub, Forb/herb","Rapid","No","Moderate","Medium","None",0,0,TRUE,FALSE,7.89e+11,1752.090027,4.379999876
"3852","Silphium","Silphium albiflorum",NA,NA,NA,NA,NA,NA,NA,NA,0,0,FALSE,FALSE,70704541791,443.7600708,2.230000019
"3853","Silphium","Silphium asteriscus",NA,NA,NA,NA,NA,NA,NA,NA,0,0,FALSE,FALSE,NA,NA,NA
"3854","Smilax","Smilax rotundifolia",NA,NA,"Vine, Shrub","Slow","No","Moderate","None","None",0,0,TRUE,TRUE,NA,NA,NA
"3855","Solidago","Solidago ulmifolia",NA,NA,NA,NA,NA,NA,NA,NA,0.124223602,0.042857143,TRUE,FALSE,NA,NA,NA
"3856","Stylosanthes","Stylosanthes biflora",NA,NA,NA,NA,NA,NA,NA,NA,NA,NA,TRUE,FALSE,1.16e+12,1622.600037,4.430000067
"3857","Symphyotrichum","Symphyotrichum patens",8.00105244930092,8.06532123348619,NA,NA,NA,NA,NA,NA,0,0,TRUE,FALSE,1.1e+12,1520.429993,4.589999914
"3858","Tephrosia","Tephrosia onobrychoides",NA,NA,NA,NA,NA,NA,NA,NA,NA,NA,TRUE,FALSE,1.95e+11,1088.479919,4
"3859","Tradescantia","Tradescantia tharpii",NA,NA,NA,NA,NA,NA,NA,NA,0,0,TRUE,FALSE,74022976605,991.1199951,3.270000458
"3860","Verbena","Verbena simplex",NA,NA,NA,NA,NA,NA,NA,NA,NA,NA,TRUE,FALSE,NA,NA,NA
"3861","Verbesina","Verbesina virginica",NA,NA,NA,NA,NA,NA,NA,NA,0,0,TRUE,FALSE,6.99e+11,1650.73999,4.589999914
"3862","Viburnum","Viburnum prunifolium",NA,NA,"Tree, Shrub","Slow","No","Long","None","None",0.333333333,0.04,TRUE,FALSE,NA,NA,NA
"3863","Zanthoxylum","Zanthoxylum clava-herculis",NA,NA,NA,NA,NA,NA,NA,NA,0,0,FALSE,FALSE,2.98e+11,997.4099121,4.199999809
"3864","Acer","Acer saccharum",27.1308181085204,16.4286248429337,"Tree, Shrub","Slow","Yes","Long","None","None",0.185013876,0.042553191,TRUE,FALSE,NA,NA,NA
"3865","Aesculus","Aesculus glabra",NA,NA,"Tree","Rapid","No","Short","None","Severe",0,0,FALSE,FALSE,NA,NA,NA
"3866","Aesculus","Aesculus pavia",NA,NA,"Tree, Shrub","Moderate","No","Long","None","Severe",0,0,FALSE,FALSE,NA,NA,NA
"3867","Agalinis","Agalinis auriculata",NA,NA,NA,NA,NA,NA,NA,NA,0,0,FALSE,FALSE,1.57e+11,1026.419983,4.100000381
"3868","Agalinis","Agalinis auriculata",NA,NA,NA,NA,NA,NA,NA,NA,0,0,FALSE,FALSE,1.57e+11,1026.419983,4.100000381
"3869","Agalinis","Agalinis auriculata",NA,NA,NA,NA,NA,NA,NA,NA,0,0,FALSE,FALSE,1.57e+11,1026.419983,4.100000381
"3870","Agalinis","Agalinis purpurea",NA,NA,NA,NA,NA,NA,NA,NA,0,0,FALSE,FALSE,NA,NA,NA
"3871","Agalinis","Agalinis purpurea",NA,NA,NA,NA,NA,NA,NA,NA,0,0,FALSE,FALSE,NA,NA,NA
"3872","Agalinis","Agalinis purpurea",NA,NA,NA,NA,NA,NA,NA,NA,0,0,FALSE,FALSE,NA,NA,NA
"3873","Alnus","Alnus maritima",NA,NA,"Tree, Shrub","Moderate","No","Moderate","Medium","None",0.865800866,0.090909091,TRUE,FALSE,10435652608,223.6899414,3.460000038
"3874","Amelanchier","Amelanchier arborea",NA,NA,"Tree, Shrub","Slow","No","Moderate","None","None",1.169590643,0.105263158,TRUE,FALSE,NA,NA,NA
"3875","Argemone","Argemone mexicana",NA,NA,NA,NA,NA,NA,NA,NA,1.515151515,0.083333333,TRUE,TRUE,NA,NA,NA
"3876","Arisaema","Arisaema dracontium",NA,NA,NA,NA,NA,NA,NA,NA,0,0,FALSE,FALSE,NA,NA,NA
"3877","Arisaema","Arisaema triphyllum",69.117557455243,30.882442544757,"Forb/herb","Moderate","Yes","Moderate","None","Slight",0,0,FALSE,FALSE,NA,NA,NA
"3878","Aristolochia","Aristolochia tomentosa",NA,NA,NA,NA,NA,NA,NA,NA,0,0,TRUE,FALSE,NA,NA,NA
"3879","Arnoglossum","Arnoglossum atriplicifolium",NA,NA,NA,NA,NA,NA,NA,NA,NA,NA,FALSE,FALSE,1e+12,1693.72998,4.180000067
"3880","Arnoglossum","Arnoglossum plantagineum",28.9701476987068,0,NA,NA,NA,NA,NA,NA,NA,NA,FALSE,FALSE,NA,NA,NA
"3881","Arundinaria","Arundinaria gigantea",NA,NA,"Subshrub, Shrub, Graminoid","Rapid","No","Long","None","None",0,0,FALSE,FALSE,9.8e+11,1427.700012,4.109999657
"3882","Asarum","Asarum canadense",69.9289123070606,30.0710876929394,NA,NA,NA,NA,NA,NA,0,0,FALSE,FALSE,NA,NA,NA
"3883","Asclepias","Asclepias hirtella",NA,NA,NA,NA,NA,NA,NA,NA,0.037023325,0.013513514,TRUE,FALSE,NA,NA,NA
"3884","Asclepias","Asclepias sullivantii",NA,NA,NA,NA,NA,NA,NA,NA,0.037023325,0.013513514,TRUE,FALSE,NA,NA,NA
"3885","Asimina","Asimina triloba",NA,NA,"Tree, Shrub","Slow","No","Short","None","None",NA,NA,FALSE,FALSE,NA,NA,NA
"3886","Aureolaria","Aureolaria grandiflora",NA,NA,NA,NA,NA,NA,NA,NA,0,0,FALSE,FALSE,3.5e+11,1208.700012,3.440000057
"3887","Baptisia","Baptisia sphaerocarpa",NA,NA,NA,NA,NA,NA,NA,NA,6.666666667,0.166666667,FALSE,FALSE,NA,NA,NA
"3888","Berchemia","Berchemia scandens",11.0904309966508,8.43707920151162,NA,NA,NA,NA,NA,NA,NA,NA,FALSE,FALSE,NA,NA,NA
"3889","Betula","Betula nigra",NA,NA,"Tree","Rapid","No","Short","None","None",2.645502646,0.357142857,TRUE,FALSE,1.28e+12,1463.210022,4.100000381
"3890","Bidens","Bidens aristosa",NA,NA,"Forb/herb","Rapid","No",NA,"None","None",0.324569945,0.126582278,TRUE,FALSE,NA,NA,NA
"3891","Bidens","Bidens aristosa",NA,NA,"Forb/herb","Rapid","No",NA,"None","None",0,0,TRUE,FALSE,NA,NA,NA
"3892","Bidens","Bidens discoidea",NA,NA,"Forb/herb","Rapid","No",NA,"None","None",0.324569945,0.126582278,TRUE,FALSE,NA,NA,NA
"3893","Bidens","Bidens discoidea",NA,NA,"Forb/herb","Rapid","No",NA,"None","None",0,0,TRUE,FALSE,NA,NA,NA
"3894","Boltonia","Boltonia diffusa",NA,NA,NA,NA,NA,NA,NA,NA,NA,NA,FALSE,FALSE,4.1e+11,968.8099365,4.659999847
"3895","Callicarpa","Callicarpa americana",NA,NA,"Shrub","Moderate","No","Moderate","None","None",NA,NA,FALSE,FALSE,7.55e+11,1710.309998,4.799999952
"3896","Callirhoe","Callirhoe bushii",NA,NA,NA,NA,NA,NA,NA,NA,0,0,FALSE,FALSE,27555544704,493.5699463,2.570000172
"3897","Callirhoe","Callirhoe digitata",NA,NA,NA,NA,NA,NA,NA,NA,0,0,FALSE,FALSE,NA,NA,NA
"3898","Camassia","Camassia scilloides",NA,NA,"Forb/herb","Moderate","No","Moderate","None","None",0,0,FALSE,FALSE,NA,NA,NA
"3899","Cardamine","Cardamine bulbosa",NA,NA,"Forb/herb","Rapid","No","Moderate","None","None",0.16722408,0.076086957,TRUE,FALSE,NA,NA,NA
"3900","Cardamine","Cardamine concatenata",NA,NA,NA,NA,NA,NA,NA,NA,0.16722408,0.076086957,TRUE,FALSE,NA,NA,NA
"3901","Carex","Carex albicans",NA,NA,NA,NA,NA,NA,NA,NA,0.024607728,0.104582844,TRUE,FALSE,NA,NA,NA
"3902","Carex","Carex albicans",NA,NA,NA,NA,NA,NA,NA,NA,0,0,TRUE,FALSE,NA,NA,NA
"3903","Carex","Carex albicans",NA,NA,NA,NA,NA,NA,NA,NA,0,0,TRUE,FALSE,NA,NA,NA
"3904","Carex","Carex albolutescens",NA,NA,"Graminoid","Moderate","No","Long","None","None",0.024607728,0.104582844,TRUE,FALSE,5.34e+11,1360.690002,4.069999695
"3905","Carex","Carex albolutescens",NA,NA,"Graminoid","Moderate","No","Long","None","None",0,0,TRUE,FALSE,5.34e+11,1360.690002,4.069999695
"3906","Carex","Carex albolutescens",NA,NA,"Graminoid","Moderate","No","Long","None","None",0,0,TRUE,FALSE,5.34e+11,1360.690002,4.069999695
"3907","Carex","Carex bushii",NA,NA,"Graminoid","Slow","No","Moderate","None","None",0.024607728,0.104582844,TRUE,FALSE,NA,NA,NA
"3908","Carex","Carex bushii",NA,NA,"Graminoid","Slow","No","Moderate","None","None",0,0,TRUE,FALSE,NA,NA,NA
"3909","Carex","Carex bushii",NA,NA,"Graminoid","Slow","No","Moderate","None","None",0,0,TRUE,FALSE,NA,NA,NA
"3910","Carex","Carex crus-corvi",NA,NA,"Graminoid","Moderate","No","Moderate","None","None",0.024607728,0.104582844,TRUE,FALSE,NA,NA,NA
"3911","Carex","Carex crus-corvi",NA,NA,"Graminoid","Moderate","No","Moderate","None","None",0,0,TRUE,FALSE,NA,NA,NA
"3912","Carex","Carex crus-corvi",NA,NA,"Graminoid","Moderate","No","Moderate","None","None",0,0,TRUE,FALSE,NA,NA,NA
"3913","Carex","Carex flaccosperma",NA,NA,"Graminoid","Slow","No","Long","None","None",0.024607728,0.104582844,TRUE,FALSE,4.22e+11,1335.130066,4.159999847
"3914","Carex","Carex flaccosperma",NA,NA,"Graminoid","Slow","No","Long","None","None",0,0,TRUE,FALSE,4.22e+11,1335.130066,4.159999847
"3915","Carex","Carex flaccosperma",NA,NA,"Graminoid","Slow","No","Long","None","None",0,0,TRUE,FALSE,4.22e+11,1335.130066,4.159999847
"3916","Carex","Carex riparia",51.5813893834484,5.30521133383701,NA,NA,NA,NA,NA,NA,0.024607728,0.104582844,TRUE,FALSE,NA,NA,NA
"3917","Carex","Carex riparia",51.5813893834484,5.30521133383701,NA,NA,NA,NA,NA,NA,0,0,TRUE,FALSE,NA,NA,NA
"3918","Carex","Carex riparia",51.5813893834484,5.30521133383701,NA,NA,NA,NA,NA,NA,0,0,TRUE,FALSE,NA,NA,NA
"3919","Carex","Carex gracillima",NA,NA,"Graminoid","Slow","No","Long","None","None",0.024607728,0.104582844,TRUE,FALSE,NA,NA,NA
"3920","Carex","Carex gracillima",NA,NA,"Graminoid","Slow","No","Long","None","None",0,0,TRUE,FALSE,NA,NA,NA
"3921","Carex","Carex gracillima",NA,NA,"Graminoid","Slow","No","Long","None","None",0,0,TRUE,FALSE,NA,NA,NA
"3922","Carex","Carex hirsutella",NA,NA,NA,NA,NA,NA,NA,NA,0.024607728,0.104582844,TRUE,FALSE,NA,NA,NA
"3923","Carex","Carex hirsutella",NA,NA,NA,NA,NA,NA,NA,NA,0,0,TRUE,FALSE,NA,NA,NA
"3924","Carex","Carex hirsutella",NA,NA,NA,NA,NA,NA,NA,NA,0,0,TRUE,FALSE,NA,NA,NA
"3925","Carex","Carex hyalinolepis",NA,NA,"Graminoid","Slow","No","Long","None","None",0.024607728,0.104582844,TRUE,FALSE,NA,NA,NA
"3926","Carex","Carex hyalinolepis",NA,NA,"Graminoid","Slow","No","Long","None","None",0,0,TRUE,FALSE,NA,NA,NA
"3927","Carex","Carex hyalinolepis",NA,NA,"Graminoid","Slow","No","Long","None","None",0,0,TRUE,FALSE,NA,NA,NA
"3928","Carex","Carex joorii",NA,NA,"Graminoid","Moderate","No","Long","None","None",0.024607728,0.104582844,TRUE,FALSE,2.48e+11,783.6899414,3.879999638
"3929","Carex","Carex joorii",NA,NA,"Graminoid","Moderate","No","Long","None","None",0,0,TRUE,FALSE,2.48e+11,783.6899414,3.879999638
"3930","Carex","Carex joorii",NA,NA,"Graminoid","Moderate","No","Long","None","None",0,0,TRUE,FALSE,2.48e+11,783.6899414,3.879999638
"3931","Carex","Carex lupulina",NA,NA,"Graminoid","Moderate","No","Long","None","None",0.024607728,0.104582844,TRUE,FALSE,NA,NA,NA
"3932","Carex","Carex lupulina",NA,NA,"Graminoid","Moderate","No","Long","None","None",0,0,TRUE,FALSE,NA,NA,NA
"3933","Carex","Carex lupulina",NA,NA,"Graminoid","Moderate","No","Long","None","None",0,0,TRUE,FALSE,NA,NA,NA
"3934","Carex","Carex retroflexa",NA,NA,NA,NA,NA,NA,NA,NA,0.024607728,0.104582844,TRUE,FALSE,NA,NA,NA
"3935","Carex","Carex retroflexa",NA,NA,NA,NA,NA,NA,NA,NA,0,0,TRUE,FALSE,NA,NA,NA
"3936","Carex","Carex retroflexa",NA,NA,NA,NA,NA,NA,NA,NA,0,0,TRUE,FALSE,NA,NA,NA
"3937","Carex","Carex sparganioides",26.9776404902518,47.1197573670863,"Graminoid","Moderate","No","Long","None","None",0.024607728,0.104582844,TRUE,FALSE,NA,NA,NA
"3938","Carex","Carex sparganioides",26.9776404902518,47.1197573670863,"Graminoid","Moderate","No","Long","None","None",0,0,TRUE,FALSE,NA,NA,NA
"3939","Carex","Carex sparganioides",26.9776404902518,47.1197573670863,"Graminoid","Moderate","No","Long","None","None",0,0,TRUE,FALSE,NA,NA,NA
"3940","Carex","Carex umbellata",NA,NA,NA,NA,NA,NA,NA,NA,0.024607728,0.104582844,TRUE,FALSE,NA,NA,NA
"3941","Carex","Carex umbellata",NA,NA,NA,NA,NA,NA,NA,NA,0,0,TRUE,FALSE,NA,NA,NA
"3942","Carex","Carex umbellata",NA,NA,NA,NA,NA,NA,NA,NA,0,0,TRUE,FALSE,NA,NA,NA
"3943","Carya","Carya cordiformis",NA,NA,"Tree","Slow","No","Moderate","None","None",3.80952381,0.266666667,FALSE,FALSE,NA,NA,NA
"3944","Carya","Carya laciniosa",NA,NA,"Tree","Slow","No","Long","None","None",3.80952381,0.266666667,FALSE,FALSE,NA,NA,NA
"3945","Carya","Carya myristiciformis",NA,NA,"Tree","Slow","No","Moderate","None","None",3.80952381,0.266666667,FALSE,FALSE,1.02e+11,971.2999268,3.730000019
"3946","Carya","Carya ovata",NA,NA,"Tree","Slow","No","Long","None","None",3.80952381,0.266666667,FALSE,FALSE,NA,NA,NA
"3947","Carya","Carya tomentosa",NA,NA,NA,NA,NA,NA,NA,NA,3.80952381,0.266666667,FALSE,FALSE,1.39e+12,1528.679993,4.379999876
"3948","Castanea","Castanea pumila",NA,NA,"Tree, Shrub","Moderate","No","Short","None","None",0,0,TRUE,FALSE,NA,NA,NA
"3949","Castilleja","Castilleja coccinea",NA,NA,"Forb/herb","Rapid","No",NA,"None","None",0.385964912,0.144736842,FALSE,FALSE,NA,NA,NA
"3950","Chasmanthium","Chasmanthium laxum",NA,NA,"Graminoid","Moderate","No","Moderate","None","None",NA,NA,FALSE,FALSE,6.35e+11,1330.450012,4.050000191
"3951","Chasmanthium","Chasmanthium laxum",NA,NA,"Graminoid","Moderate","No","Moderate","None","None",NA,NA,FALSE,FALSE,4.8e+11,1243.330017,4.32000041
"3952","Chasmanthium","Chasmanthium laxum",NA,NA,"Graminoid","Moderate","No","Moderate","None","None",NA,NA,FALSE,FALSE,6.35e+11,1330.450012,4.050000191
"3953","Chasmanthium","Chasmanthium laxum",NA,NA,"Graminoid","Moderate","No","Moderate","None","None",NA,NA,FALSE,FALSE,4.8e+11,1243.330017,4.32000041
"3954","Chionanthus","Chionanthus virginicus",NA,NA,"Tree, Shrub","Slow","No","Short","None","None",NA,NA,FALSE,FALSE,NA,NA,NA
"3955","Cirsium","Cirsium discolor",57.0699359029142,0,NA,NA,NA,NA,NA,NA,0.245630609,0.178082192,TRUE,FALSE,NA,NA,NA
"3956","Cirsium","Cirsium horridulum",NA,NA,NA,NA,NA,NA,NA,NA,0.245630609,0.178082192,TRUE,FALSE,NA,NA,NA
"3957","Clematis","Clematis virginiana",NA,NA,"Vine","Slow","No","Long","None","None",0,0,TRUE,FALSE,NA,NA,NA
"3958","Rottboellia","Rottboellia campestris",NA,NA,"Graminoid","Moderate","No","Moderate","None","None",NA,NA,TRUE,FALSE,NA,NA,NA
"3959","Conoclinium","Conoclinium coelestinum",12.4481466866963,17.9659729873783,"Forb/herb","Moderate","No","Moderate","None","None",NA,NA,FALSE,FALSE,NA,NA,NA
"3960","Coreopsis","Coreopsis palmata",14.9569307817891,13.3923633282294,NA,NA,NA,NA,NA,NA,0,0,TRUE,FALSE,5.65e+11,1143.570007,3.349999905
"3961","Coreopsis","Coreopsis pubescens",NA,NA,NA,NA,NA,NA,NA,NA,0,0,TRUE,FALSE,NA,NA,NA
"3962","Coreopsis","Coreopsis verticillata",NA,NA,NA,NA,NA,NA,NA,NA,0,0,TRUE,FALSE,NA,NA,NA
"3963","Cornus","Cornus florida",NA,NA,"Tree, Shrub","Moderate","No","Short","None",NA,1.322751323,0.178571429,TRUE,FALSE,NA,NA,NA
"3964","Cornus","Cornus foemina",NA,NA,"Tree, Shrub","Moderate","No","Moderate","None","None",1.322751323,0.178571429,TRUE,FALSE,6.92e+11,1433.170044,4.379999876
"3965","Cornus","Cornus obliqua",NA,NA,NA,NA,NA,NA,NA,NA,1.322751323,0.178571429,TRUE,FALSE,NA,NA,NA
"3966","Cotinus","Cotinus obovatus",NA,NA,NA,NA,NA,NA,NA,NA,NA,NA,TRUE,FALSE,NA,NA,NA
"3967","Crataegus","Crataegus calpodendron",NA,NA,NA,NA,NA,NA,NA,NA,0.737704918,0.221311475,TRUE,FALSE,NA,NA,NA
"3968","Crataegus","Crataegus marshallii",NA,NA,"Tree, Shrub","Moderate","No","Moderate","None","None",0.737704918,0.221311475,TRUE,FALSE,4.78e+11,1378.899963,4.019999504
"3969","Crataegus","Crataegus mollis",NA,NA,NA,NA,NA,NA,NA,NA,0.737704918,0.221311475,TRUE,FALSE,NA,NA,NA
"3970","Crataegus","Crataegus punctata",NA,NA,NA,NA,NA,NA,NA,NA,0.737704918,0.221311475,TRUE,FALSE,NA,NA,NA
"3971","Crataegus","Crataegus spathulata",NA,NA,NA,NA,NA,NA,NA,NA,0.737704918,0.221311475,TRUE,FALSE,2.79e+11,1522.320007,4.430000067
"3972","Crataegus","Crataegus viridis",NA,NA,"Tree, Shrub","Moderate","No","Long","None","None",0.737704918,0.221311475,TRUE,FALSE,4.99e+11,1059.119995,4.159999847
"3973","Cryptotaenia","Cryptotaenia canadensis",NA,NA,NA,NA,NA,NA,NA,NA,NA,NA,FALSE,FALSE,NA,NA,NA
"3974","Cunila","Cunila origanoides",NA,NA,NA,NA,NA,NA,NA,NA,NA,NA,FALSE,FALSE,6.29e+11,1216.73999,4.32000041
"3975","Cuphea","Cuphea viscosissima",NA,NA,NA,NA,NA,NA,NA,NA,0,0,TRUE,FALSE,NA,NA,NA
"3976","Cypripedium","Cypripedium kentuckiense",NA,NA,NA,NA,NA,NA,NA,NA,0.735294118,0.058823529,FALSE,FALSE,1.04e+11,765.6300049,3.489999771
"3977","Delphinium","Delphinium tricorne",NA,NA,NA,NA,NA,NA,NA,NA,0.910973085,0.314285714,TRUE,FALSE,7.55e+11,1272.740051,4.089999914
"3978","Desmodium","Desmodium glabellum",NA,NA,NA,NA,NA,NA,NA,NA,0.128205128,0.025,TRUE,FALSE,4.84e+11,1485.600037,4.159999847
"3979","Desmodium","Desmodium perplexum",NA,NA,"Forb/herb","Rapid","No","Short","Low","None",0.128205128,0.025,TRUE,FALSE,7.47e+11,1560.73999,4.069999695
"3980","Dichanthelium","Dichanthelium aciculare",NA,NA,"Graminoid","Rapid","No","Short","None","None",0,0,TRUE,FALSE,NA,NA,NA
"3981","Dichanthelium","Dichanthelium commutatum",NA,NA,"Graminoid","Rapid","No","Short","None","None",0,0,TRUE,FALSE,1.15e+12,1511.549988,4.32000041
"3982","Dichanthelium","Dichanthelium dichotomum",NA,NA,NA,NA,NA,NA,NA,NA,0,0,TRUE,FALSE,NA,NA,NA
"3983","Dichanthelium","Dichanthelium latifolium",NA,NA,"Graminoid","Rapid","No","Short","None","None",0,0,TRUE,FALSE,NA,NA,NA
"3984","Dichanthelium","Dichanthelium scoparium",NA,NA,"Graminoid","Rapid","No","Short","None","None",0,0,TRUE,FALSE,NA,NA,NA
"3985","Echinacea","Echinacea paradoxa",NA,NA,NA,NA,NA,NA,NA,NA,0,0,TRUE,FALSE,29955842962,250.9500732,1.730000019
"3986","Elymus","Elymus hystrix",NA,NA,NA,NA,NA,NA,NA,NA,1.797814208,0.539344262,TRUE,FALSE,NA,NA,NA
"3987","Elymus","Elymus hystrix",NA,NA,NA,NA,NA,NA,NA,NA,3.846153846,0.25,TRUE,FALSE,NA,NA,NA
"3988","Elymus","Elymus hystrix",NA,NA,NA,NA,NA,NA,NA,NA,200,1,TRUE,FALSE,NA,NA,NA
"3989","Erigeron","Erigeron pulchellus",NA,NA,NA,NA,NA,NA,NA,NA,1.086956522,0.125,TRUE,FALSE,NA,NA,NA
"3990","Erigeron","Erigeron pulchellus",NA,NA,NA,NA,NA,NA,NA,NA,0.073664825,0.066298343,TRUE,FALSE,NA,NA,NA
"3991","Erigeron","Erigeron pulchellus",NA,NA,NA,NA,NA,NA,NA,NA,0,0,TRUE,FALSE,NA,NA,NA
"3992","Eryngium","Eryngium yuccifolium",23.626987355491,0,NA,NA,NA,NA,NA,NA,0.235294118,0.058823529,TRUE,FALSE,1.14e+12,1645.460022,4.799999952
"3993","Erythronium","Erythronium albidum",NA,NA,NA,NA,NA,NA,NA,NA,0,0,FALSE,FALSE,NA,NA,NA
"3994","Erythronium","Erythronium americanum",NA,NA,NA,NA,NA,NA,NA,NA,0,0,FALSE,FALSE,NA,NA,NA
"3995","Euonymus","Euonymus americanus",NA,NA,NA,NA,NA,NA,NA,NA,0,0,TRUE,FALSE,9.83e+11,1500.030029,4.180000067
"3996","Euonymus","Euonymus americanus",NA,NA,NA,NA,NA,NA,NA,NA,0,0,TRUE,FALSE,9.83e+11,1500.030029,4.180000067
"3997","Eutrochium","Eutrochium fistulosum",NA,NA,NA,NA,NA,NA,NA,NA,NA,NA,FALSE,FALSE,NA,NA,NA
"3998","Forestiera","Forestiera acuminata",NA,NA,"Shrub, Tree","Moderate","No","Long","None","None",0,0,FALSE,FALSE,3.41e+11,856.3699341,3.909999847
"3999","Fraxinus","Fraxinus albicans",NA,NA,NA,NA,NA,NA,NA,NA,0.476190476,0.047619048,TRUE,FALSE,84779201557,746.3099365,3.169999599
"4000","Fraxinus","Fraxinus quadrangulata",NA,NA,NA,NA,NA,NA,NA,NA,0.476190476,0.047619048,TRUE,FALSE,NA,NA,NA
"4001","Galearis","Galearis spectabilis",NA,NA,NA,NA,NA,NA,NA,NA,NA,NA,FALSE,FALSE,NA,NA,NA
"4002","Galium","Galium tinctorium",NA,NA,"Forb/herb","Moderate","No","Moderate","None","None",0.081892896,0.106870229,TRUE,FALSE,NA,NA,NA
"4003","Geum","Geum laciniatum",NA,NA,"Forb/herb","Rapid","No","Moderate","None","None",0.674763833,0.128205128,TRUE,FALSE,NA,NA,NA
"4004","Geum","Geum vernum",NA,NA,"Forb/herb","Moderate","No","Moderate","None","None",0.674763833,0.128205128,TRUE,FALSE,NA,NA,NA
"4005","Hedeoma","Hedeoma pulegioides",NA,NA,NA,NA,NA,NA,NA,NA,0,0,FALSE,FALSE,NA,NA,NA
"4006","Helenium","Helenium flexuosum",NA,NA,"Forb/herb","Moderate","No","Short","None","None",0,0,TRUE,FALSE,NA,NA,NA
"4007","Helianthus","Helianthus divaricatus",NA,NA,NA,NA,NA,NA,NA,NA,1.647058824,0.411764706,TRUE,FALSE,NA,NA,NA
"4008","Helianthus","Helianthus mollis",NA,NA,NA,NA,NA,NA,NA,NA,1.647058824,0.411764706,TRUE,FALSE,NA,NA,NA
"4009","Helianthus","Helianthus strumosus",NA,NA,NA,NA,NA,NA,NA,NA,1.647058824,0.411764706,TRUE,FALSE,NA,NA,NA
"4010","Hieracium","Hieracium gronovii",NA,NA,NA,NA,NA,NA,NA,NA,0.95317248,1.320143885,TRUE,FALSE,NA,NA,NA
"4011","Houstonia","Houstonia longifolia",5.32686450123907,63.2241164995692,NA,NA,NA,NA,NA,NA,0,0,FALSE,FALSE,NA,NA,NA
"4012","Houstonia","Houstonia purpurea",3.25965808648232,35.062429959055,NA,NA,NA,NA,NA,NA,0,0,FALSE,FALSE,7.95e+11,1511.419983,4.149999857
"4013","Hydrolea","Hydrolea ovata",NA,NA,NA,NA,NA,NA,NA,NA,NA,NA,FALSE,FALSE,2.06e+11,1199.889954,3.929999828
"4014","Hymenocallis","Hymenocallis liriosme",NA,NA,"Forb/herb","Rapid","No","Long","None","None",NA,NA,FALSE,FALSE,99177664454,890.9599609,4
"4015","Hypericum","Hypericum hypericoides",NA,NA,NA,NA,NA,NA,NA,NA,0.129032258,0.08,TRUE,FALSE,NA,NA,NA
"4016","Hypericum","Hypericum hypericoides",NA,NA,NA,NA,NA,NA,NA,NA,0,0,TRUE,FALSE,NA,NA,NA
"4017","Hypericum","Hypericum prolificum",NA,NA,"Shrub, Subshrub","Moderate","No","Moderate","None","None",0.129032258,0.08,TRUE,FALSE,NA,NA,NA
"4018","Hypericum","Hypericum prolificum",NA,NA,"Shrub, Subshrub","Moderate","No","Moderate","None","None",0,0,TRUE,FALSE,NA,NA,NA
"4019","Hypericum","Hypericum punctatum",NA,NA,"Forb/herb","Moderate","No","Moderate","None","None",0.129032258,0.08,TRUE,FALSE,NA,NA,NA
"4020","Hypericum","Hypericum punctatum",NA,NA,"Forb/herb","Moderate","No","Moderate","None","None",0,0,TRUE,FALSE,NA,NA,NA
"4021","Hypericum","Hypericum sphaerocarpum",NA,NA,NA,NA,NA,NA,NA,NA,0.129032258,0.08,TRUE,FALSE,NA,NA,NA
"4022","Hypericum","Hypericum sphaerocarpum",NA,NA,NA,NA,NA,NA,NA,NA,0,0,TRUE,FALSE,NA,NA,NA
"4023","Ilex","Ilex decidua",NA,NA,"Tree, Shrub","Rapid","No","Moderate","None","Slight",0,0,TRUE,FALSE,9.99e+11,1211.969971,4.159999847
"4024","Ipomoea","Ipomoea alba",NA,NA,NA,NA,NA,NA,NA,NA,0.101010101,0.022222222,TRUE,TRUE,NA,NA,NA
"4025","Ipomoea","Ipomoea pandurata",NA,NA,NA,NA,NA,NA,NA,NA,0.101010101,0.022222222,TRUE,FALSE,NA,NA,NA
"4026","Juncus","Juncus biflorus",NA,NA,"Graminoid","Rapid","No","Moderate","None","None",0.116788321,0.16,TRUE,FALSE,5.86e+11,1047.909973,4.180000067
"4027","Juncus","Juncus brachycarpus",NA,NA,"Graminoid","Moderate","No","Long","None","None",0.116788321,0.16,TRUE,FALSE,NA,NA,NA
"4028","Krigia","Krigia virginica",NA,NA,NA,NA,NA,NA,NA,NA,0,0,FALSE,FALSE,NA,NA,NA
"4029","Lespedeza","Lespedeza hirta",NA,NA,"Forb/herb","Moderate","No","Moderate","Medium","None",2.666666667,0.32,TRUE,FALSE,NA,NA,NA
"4030","Lespedeza","Lespedeza repens",NA,NA,NA,NA,NA,NA,NA,NA,2.666666667,0.32,TRUE,FALSE,1.04e+12,1520.600037,4.159999847
"4031","Liatris","Liatris elegans",NA,NA,NA,NA,NA,NA,NA,NA,0,0,FALSE,FALSE,3.26e+11,1182.439941,4.289999962
"4032","Liatris","Liatris pycnostachya",39.1545364721566,0,"Forb/herb","Slow","No","Moderate","None","None",0,0,FALSE,FALSE,NA,NA,NA
"4033","Liatris","Liatris spicata",NA,NA,"Forb/herb","Slow","No","Moderate","None","None",0,0,FALSE,FALSE,NA,NA,NA
"4034","Liatris","Liatris squarrulosa",15.2645603329426,0,"Forb/herb","Slow","No","Moderate","None","None",0,0,FALSE,FALSE,1.85e+11,1153.440063,3.289999962
"4035","Lilium","Lilium michiganense",NA,NA,NA,NA,NA,NA,NA,NA,1.505376344,0.225806452,TRUE,FALSE,NA,NA,NA
"4036","Lindera","Lindera benzoin",NA,NA,"Tree, Shrub","Slow","No","Long","None","None",NA,NA,TRUE,TRUE,NA,NA,NA
"4037","Lobelia","Lobelia appendiculata",NA,NA,NA,NA,NA,NA,NA,NA,0.12195122,0.024390244,TRUE,FALSE,NA,NA,NA
"4038","Lobelia","Lobelia appendiculata",NA,NA,NA,NA,NA,NA,NA,NA,0,0,TRUE,FALSE,NA,NA,NA
"4039","Lobelia","Lobelia puberula",NA,NA,NA,NA,NA,NA,NA,NA,0.12195122,0.024390244,TRUE,FALSE,NA,NA,NA
"4040","Lobelia","Lobelia puberula",NA,NA,NA,NA,NA,NA,NA,NA,0,0,TRUE,FALSE,NA,NA,NA
"4041","Lonicera","Lonicera flava",NA,NA,NA,NA,NA,NA,NA,NA,0.175336061,0.050847458,TRUE,FALSE,NA,NA,NA
"4042","Lonicera","Lonicera sempervirens",NA,NA,"Vine","Rapid","No","Long","None","None",0.175336061,0.050847458,TRUE,TRUE,NA,NA,NA
"4043","Lycopus","Lycopus virginicus",NA,NA,"Forb/herb","Moderate","No","Moderate","None","None",0,0,TRUE,FALSE,NA,NA,NA
"4044","Malvaviscus","Malvaviscus arboreus",NA,NA,NA,NA,NA,NA,NA,NA,NA,NA,FALSE,FALSE,NA,NA,NA
"4045","Agave","Agave virginica",17.2718927360198,0,NA,NA,NA,NA,NA,NA,0,0,TRUE,FALSE,5.28e+11,1456.880005,4.32000041
"4046","Marshallia","Marshallia caespitosa",NA,NA,NA,NA,NA,NA,NA,NA,NA,NA,FALSE,FALSE,1.27e+11,977.6500244,3.409999371
"4047","Gonolobus","Gonolobus gonocarpos",NA,NA,NA,NA,NA,NA,NA,NA,NA,NA,FALSE,FALSE,4.31e+11,1532.430054,4.109999657
"4048","Mikania","Mikania scandens",NA,NA,"Vine, Forb/herb","Rapid","No","Moderate","None","None",NA,NA,TRUE,TRUE,NA,NA,NA
"4049","Monarda","Monarda bradburiana",NA,NA,NA,NA,NA,NA,NA,NA,0,0,TRUE,FALSE,2.55e+11,678.0499878,2.940000057
"4050","Monarda","Monarda russeliana",NA,NA,NA,NA,NA,NA,NA,NA,0,0,TRUE,FALSE,48832877823,1208.700012,3.540000439
"4051","Oenothera","Oenothera fruticosa",NA,NA,"Forb/herb","Moderate","No","Moderate","None","None",0,0,TRUE,FALSE,NA,NA,NA
"4052","Oenothera","Oenothera fruticosa",NA,NA,"Forb/herb","Moderate","No","Moderate","None","None",0.102145046,0.04494382,TRUE,FALSE,NA,NA,NA
"4053","Osmunda","Osmunda regalis",84.0133896596477,3.96074403206354,"Forb/herb","Moderate","No","Long","None","None",33.33333333,0.333333333,FALSE,FALSE,NA,NA,NA
"4054","Parthenium","Parthenium integrifolium",NA,NA,NA,NA,NA,NA,NA,NA,0,0,TRUE,FALSE,9708840324,295.8099976,1.629999638
"4055","Parthenium","Parthenium integrifolium",NA,NA,NA,NA,NA,NA,NA,NA,0,0,TRUE,FALSE,1.11e+11,744.3099976,3.369999886
"4056","Paspalum","Paspalum denticulatum",NA,NA,"Graminoid","Rapid","No","Moderate","None","None",0,0,TRUE,FALSE,59126908288,1051.380005,3.799999714
"4057","Passiflora","Passiflora incarnata",NA,NA,NA,NA,NA,NA,NA,NA,0,0,TRUE,TRUE,NA,NA,NA
"4058","Passiflora","Passiflora lutea",NA,NA,"Vine, Forb/herb","Rapid","No","Moderate","None","None",0,0,TRUE,FALSE,9.25e+11,1543.950012,4.430000067
"4059","Penstemon","Penstemon arkansanus",NA,NA,NA,NA,NA,NA,NA,NA,0.081371694,0.075268817,TRUE,FALSE,89544294445,651.4500732,2.940000057
"4060","Penstemon","Penstemon digitalis",NA,NA,"Forb/herb","Moderate","No","Moderate","None","None",0.081371694,0.075268817,TRUE,FALSE,38629307676,583.3699341,2.559999943
"4061","Penstemon","Penstemon laxiflorus",NA,NA,NA,NA,NA,NA,NA,NA,0.081371694,0.075268817,TRUE,FALSE,2.49e+11,1222.239929,3.840000153
"4062","Phlox","Phlox divaricata",18.6173040120951,66.9850531519484,"Forb/herb","Rapid","No","Long","None","None",0.408163265,0.1,FALSE,FALSE,NA,NA,NA
"4063","Phlox","Phlox subulata",NA,NA,"Subshrub, Forb/herb","Rapid","No","Moderate","None","None",0.408163265,0.1,FALSE,FALSE,NA,NA,NA
"4064","Physostegia","Physostegia angustifolia",NA,NA,NA,NA,NA,NA,NA,NA,33.33333333,0.333333333,FALSE,FALSE,2.51e+11,961.2099609,3.539999962
"4065","Pinus","Pinus echinata",NA,NA,"Tree","Rapid","No","Moderate","None","None",0.216216216,0.08,TRUE,FALSE,8.75e+11,1402.080017,4.159999847
"4066","Pinus","Pinus taeda",NA,NA,"Tree","Rapid","No","Moderate","None","None",0.216216216,0.08,TRUE,TRUE,NA,NA,NA
"4067","Podophyllum","Podophyllum peltatum",NA,NA,NA,NA,NA,NA,NA,NA,NA,NA,FALSE,FALSE,NA,NA,NA
"4068","Polystichum","Polystichum acrostichoides",NA,NA,NA,NA,NA,NA,NA,NA,4.666666667,0.56,FALSE,FALSE,NA,NA,NA
"4069","Ptilimnium","Ptilimnium capillaceum",NA,NA,NA,NA,NA,NA,NA,NA,NA,NA,FALSE,FALSE,NA,NA,NA
"4070","Pycnanthemum","Pycnanthemum albescens",NA,NA,NA,NA,NA,NA,NA,NA,0,0,FALSE,FALSE,3.15e+11,1222.239929,3.779999733
"4071","Pycnanthemum","Pycnanthemum tenuifolium",2.3340459943177,17.0412361110472,NA,NA,NA,NA,NA,NA,0,0,FALSE,FALSE,NA,NA,NA
"4072","Pycnanthemum","Pycnanthemum verticillatum",NA,NA,NA,NA,NA,NA,NA,NA,0,0,FALSE,FALSE,NA,NA,NA
"4073","Quercus","Quercus alba",NA,NA,"Tree","Slow","No","Long","None","None",1.865203762,0.811363636,TRUE,FALSE,NA,NA,NA
"4074","Quercus","Quercus falcata",NA,NA,"Tree","Moderate","No","Long","None","None",1.865203762,0.811363636,TRUE,FALSE,1.02e+12,1499.330017,4.369999886
"4075","Quercus","Quercus lyrata",NA,NA,"Tree","Moderate","No","Long","None","None",1.865203762,0.811363636,TRUE,FALSE,5.78e+11,860.2299194,4.050000191
"4076","Quercus","Quercus palustris",NA,NA,"Tree","Rapid","No","Moderate","None","None",1.865203762,0.811363636,TRUE,FALSE,NA,NA,NA
"4077","Quercus","Quercus phellos",NA,NA,"Tree","Rapid","No","Long","None","None",1.865203762,0.811363636,TRUE,FALSE,NA,NA,NA
"4078","Quercus","Quercus rubra",32.718367958912,9.97192071672134,"Tree","Moderate","No","Long","None","None",1.865203762,0.811363636,TRUE,TRUE,NA,NA,NA
"4079","Quercus","Quercus shumardii",NA,NA,"Tree, Shrub","Moderate","No","Long","None","None",1.865203762,0.811363636,TRUE,FALSE,NA,NA,NA
"4080","Quercus","Quercus texana",NA,NA,"Tree, Shrub","Rapid","No","Long","None","None",1.865203762,0.811363636,TRUE,FALSE,NA,NA,NA
"4081","Quercus","Quercus velutina",NA,NA,"Tree","Moderate","No","Moderate","None","None",1.865203762,0.811363636,TRUE,FALSE,NA,NA,NA
"4082","Ranunculus","Ranunculus fascicularis",23.0779925395679,63.4800099341811,NA,NA,NA,NA,NA,NA,2.222222222,0.1,TRUE,FALSE,NA,NA,NA
"4083","Ranunculus","Ranunculus fascicularis",23.0779925395679,63.4800099341811,NA,NA,NA,NA,NA,NA,0.044003432,0.066225166,TRUE,FALSE,NA,NA,NA
"4084","Ratibida","Ratibida pinnata",40.6739672418832,15.2250050786374,"Forb/herb","Moderate","No","Moderate","None","None",0,0,FALSE,FALSE,NA,NA,NA
"4085","Rhododendron","Rhododendron viscosum",NA,NA,"Shrub","Slow","No","Moderate","None","None",0,0,TRUE,FALSE,5.67e+11,1481.540039,3.929999828
"4086","Rhododendron","Rhododendron viscosum",NA,NA,"Shrub","Slow","No","Moderate","None","None",0,0,TRUE,FALSE,2752198848,146.3299561,2.03000021
"4087","Rhus","Rhus copallinum",NA,NA,"Tree, Shrub","Moderate","No","Moderate","None","None",1.470588235,0.117647059,TRUE,FALSE,NA,NA,NA
"4088","Rhynchospora","Rhynchospora macrostachya",NA,NA,NA,NA,NA,NA,NA,NA,0,0,FALSE,FALSE,2.19e+11,872.9800415,4.159999847
"4089","Rosa","Rosa carolina",NA,NA,"Subshrub","Moderate","No","Moderate","None","None",1.171624714,0.667826087,TRUE,FALSE,NA,NA,NA
"4090","Rosa","Rosa setigera",NA,NA,"Vine, Subshrub","Rapid","No","Moderate","None","None",1.171624714,0.667826087,TRUE,FALSE,NA,NA,NA
"4091","Rudbeckia","Rudbeckia fulgida",NA,NA,NA,NA,NA,NA,NA,NA,0,0,TRUE,TRUE,NA,NA,NA
"4092","Rudbeckia","Rudbeckia grandiflora",NA,NA,NA,NA,NA,NA,NA,NA,0,0,TRUE,FALSE,NA,NA,NA
"4093","Rudbeckia","Rudbeckia missouriensis",NA,NA,NA,NA,NA,NA,NA,NA,0,0,TRUE,FALSE,1.14e+11,581.1199951,3.210000038
"4094","Ruellia","Ruellia caroliniensis",NA,NA,NA,NA,NA,NA,NA,NA,0,0,TRUE,FALSE,8.02e+11,1335.48999,4.32000041
"4095","Ruellia","Ruellia strepens",NA,NA,"Forb/herb","Moderate","No","Short","None","None",0,0,TRUE,FALSE,8.32e+11,1145.97998,4.210000038
"4096","Sabatia","Sabatia angularis",5.02103695021938,17.7322266830083,NA,NA,NA,NA,NA,NA,0,0,FALSE,FALSE,NA,NA,NA
"4097","Salvia","Salvia coccinea",NA,NA,NA,NA,NA,NA,NA,NA,0.101577118,0.043678161,TRUE,TRUE,NA,NA,NA
"4098","Salvia","Salvia lyrata",18.7506814464132,13.044972735744,NA,NA,NA,NA,NA,NA,0.101577118,0.043678161,TRUE,FALSE,1.07e+12,1807.559998,4.119999886
"4099","Sassafras","Sassafras albidum",NA,NA,"Tree, Shrub","Moderate","No","Moderate","None","None",NA,NA,FALSE,FALSE,NA,NA,NA
"4100","Scirpus","Scirpus georgianus",NA,NA,"Graminoid","Moderate","No","Moderate","None","None",0.158702169,0.08411215,FALSE,FALSE,NA,NA,NA
"4101","Scutellaria","Scutellaria ovata",NA,NA,NA,NA,NA,NA,NA,NA,0.354609929,0.083333333,FALSE,FALSE,6.89e+11,1449.420105,4.390000105
"4102","Silene","Silene stellata",NA,NA,NA,NA,NA,NA,NA,NA,0.007905138,0.010869565,TRUE,FALSE,NA,NA,NA
"4103","Silene","Silene virginica",NA,NA,NA,NA,NA,NA,NA,NA,0.007905138,0.010869565,TRUE,FALSE,NA,NA,NA
"4104","Smallanthus","Smallanthus uvedalia",NA,NA,NA,NA,NA,NA,NA,NA,NA,NA,TRUE,TRUE,7.19e+11,1609.48999,4.379999876
"4105","Solidago","Solidago arguta",NA,NA,NA,NA,NA,NA,NA,NA,0.124223602,0.042857143,TRUE,FALSE,NA,NA,NA
"4106","Solidago","Solidago caesia",NA,NA,"Forb/herb","Moderate","No","Short","None","None",0.124223602,0.042857143,TRUE,FALSE,NA,NA,NA
"4107","Solidago","Solidago juncea",33.7208164133197,16.3241299593991,NA,NA,NA,NA,NA,NA,0.124223602,0.042857143,TRUE,FALSE,NA,NA,NA
"4108","Solidago","Solidago odora",NA,NA,NA,NA,NA,NA,NA,NA,0.124223602,0.042857143,TRUE,FALSE,8.36e+11,1574.76001,4.799999952
"4109","Stachys","Stachys tenuifolia",24.3879729150352,22.0547444534078,"Forb/herb","Moderate","No","Moderate","None","None",0.052246604,0.022727273,TRUE,FALSE,NA,NA,NA
"4110","Staphylea","Staphylea trifolia",NA,NA,NA,NA,NA,NA,NA,NA,NA,NA,FALSE,FALSE,NA,NA,NA
"4111","Symphyotrichum","Symphyotrichum cordifolium",18.8719811304831,44.4564948495347,"Forb/herb","Moderate","No","Short","None","None",0,0,TRUE,FALSE,2.41e+11,1376.390076,3.170000076
"4112","Symphyotrichum","Symphyotrichum drummondii",NA,NA,NA,NA,NA,NA,NA,NA,0,0,TRUE,FALSE,5.9e+11,962.8500366,3.670000076
"4113","Symphyotrichum","Symphyotrichum dumosum",6.15813175248997,2.90547760497179,NA,NA,NA,NA,NA,NA,0,0,TRUE,FALSE,NA,NA,NA
"4114","Symphyotrichum","Symphyotrichum lateriflorum",NA,NA,"Forb/herb","Moderate","No","Short","None","None",0,0,TRUE,FALSE,NA,NA,NA
"4115","Symphyotrichum","Symphyotrichum oolentangiense",28.1121467624979,20.6325115177633,NA,NA,NA,NA,NA,NA,0,0,TRUE,FALSE,NA,NA,NA
"4116","Symphyotrichum","Symphyotrichum pilosum",21.7625642196716,41.7779558048617,NA,NA,NA,NA,NA,NA,0,0,TRUE,TRUE,NA,NA,NA
"4117","Symphyotrichum","Symphyotrichum racemosum",NA,NA,NA,NA,NA,NA,NA,NA,0,0,TRUE,FALSE,3.13e+11,900.7399902,4.069999695
"4118","Symphyotrichum","Symphyotrichum urophyllum",NA,NA,NA,NA,NA,NA,NA,NA,0,0,TRUE,FALSE,NA,NA,NA
"4119","Taenidia","Taenidia integerrima",NA,NA,NA,NA,NA,NA,NA,NA,NA,NA,FALSE,FALSE,NA,NA,NA
"4120","Anemonella","Anemonella thalictroides",NA,NA,NA,NA,NA,NA,NA,NA,NA,NA,FALSE,FALSE,NA,NA,NA
"4121","Thaspium","Thaspium barbinode",NA,NA,NA,NA,NA,NA,NA,NA,0,0,FALSE,FALSE,NA,NA,NA
"4122","Tipularia","Tipularia discolor",NA,NA,NA,NA,NA,NA,NA,NA,NA,NA,FALSE,FALSE,6.75e+11,1500.030029,3.879999638
"4123","Tradescantia","Tradescantia ernestiana",NA,NA,NA,NA,NA,NA,NA,NA,0,0,TRUE,FALSE,51777834003,639.1600342,2.580000401
"4124","Tradescantia","Tradescantia hirsuticaulis",NA,NA,NA,NA,NA,NA,NA,NA,0,0,TRUE,FALSE,96572530842,1010.800049,3.559999943
"4125","Triosteum","Triosteum perfoliatum",NA,NA,NA,NA,NA,NA,NA,NA,0,0,FALSE,FALSE,NA,NA,NA
"4126","Ulmus","Ulmus alata",NA,NA,"Tree","Moderate","No","Short","None","None",2.461538462,0.307692308,TRUE,FALSE,NA,NA,NA
"4127","Ulmus","Ulmus crassifolia",NA,NA,"Tree","Rapid","No","Short","None","None",2.461538462,0.307692308,TRUE,FALSE,2.53e+11,1124.630005,4.289999962
"4128","Vaccinium","Vaccinium arboreum",NA,NA,"Tree, Shrub","Moderate","No","Long","None","None",0.340136054,0.081632653,FALSE,FALSE,9.86e+11,1645.460022,4.799999952
"4129","Verbesina","Verbesina helianthoides",NA,NA,NA,NA,NA,NA,NA,NA,0,0,TRUE,FALSE,4.13e+11,818.3699951,3.440000057
"4130","Vernonia","Vernonia arkansana",NA,NA,NA,NA,NA,NA,NA,NA,0,0,FALSE,FALSE,NA,NA,NA
"4131","Vernonia","Vernonia arkansana",NA,NA,NA,NA,NA,NA,NA,NA,0,0,FALSE,FALSE,NA,NA,NA
"4132","Vernonia","Vernonia gigantea",NA,NA,NA,NA,NA,NA,NA,NA,0,0,FALSE,FALSE,NA,NA,NA
"4133","Vernonia","Vernonia gigantea",NA,NA,NA,NA,NA,NA,NA,NA,0,0,FALSE,FALSE,NA,NA,NA
"4134","Vernonia","Vernonia missurica",NA,NA,"Forb/herb","Moderate","No","Moderate","None","None",0,0,FALSE,FALSE,NA,NA,NA
"4135","Vernonia","Vernonia missurica",NA,NA,"Forb/herb","Moderate","No","Moderate","None","None",0,0,FALSE,FALSE,NA,NA,NA
"4136","Veronicastrum","Veronicastrum virginicum",27.9105023501392,6.68509875478232,NA,NA,NA,NA,NA,NA,NA,NA,FALSE,FALSE,NA,NA,NA
"4137","Viburnum","Viburnum acerifolium",NA,NA,"Shrub, Subshrub","Slow","No","Long","None","None",0.333333333,0.04,TRUE,FALSE,NA,NA,NA
"4138","Viola","Viola primulifolia",NA,NA,NA,NA,NA,NA,NA,NA,NA,NA,TRUE,FALSE,NA,NA,NA
"4139","Viola","Viola pedata",NA,NA,NA,NA,NA,NA,NA,NA,NA,NA,TRUE,FALSE,NA,NA,NA
"4140","Viola","Viola sagittata",38.0719171965738,26.0947671853739,NA,NA,NA,NA,NA,NA,NA,NA,TRUE,FALSE,NA,NA,NA
"4141","Vitis","Vitis palmata",NA,NA,"Vine","Moderate","No","Moderate","None","None",NA,NA,TRUE,FALSE,1.81e+11,1011.27002,3.840000153
"4142","Vitis","Vitis rotundifolia",NA,NA,"Vine","Moderate","No","Long","None","None",NA,NA,TRUE,FALSE,NA,NA,NA
"4143","Xyris","Xyris torta",NA,NA,NA,NA,NA,NA,NA,NA,NA,NA,FALSE,FALSE,3.85e+11,1577.26001,4.32000041
"4144","Yucca","Yucca pallida",NA,NA,NA,NA,NA,NA,NA,NA,0.833333333,0.0625,TRUE,FALSE,51184820167,392.1700439,2.179999828
"4145","Yucca","Yucca rupicola",NA,NA,NA,NA,NA,NA,NA,NA,0.833333333,0.0625,TRUE,FALSE,62032245748,461.2000122,2.200000286
"4146","Zizaniopsis","Zizaniopsis miliacea",NA,NA,"Graminoid","Rapid","No","Moderate","None","None",NA,NA,FALSE,FALSE,3.13e+11,1257.019928,4.319999695
"4147","Asclepias","Asclepias purpurascens",NA,NA,NA,NA,NA,NA,NA,NA,0.037023325,0.013513514,TRUE,FALSE,NA,NA,NA
"4148","Blephilia","Blephilia ciliata",8.37671852684007,17.2000740079982,NA,NA,NA,NA,NA,NA,0,0,FALSE,FALSE,NA,NA,NA
"4149","Blephilia","Blephilia hirsuta",NA,NA,NA,NA,NA,NA,NA,NA,0,0,FALSE,FALSE,NA,NA,NA
"4150","Carex","Carex grayi",NA,NA,"Graminoid","Slow","No","Long","None","None",0.024607728,0.104582844,TRUE,FALSE,NA,NA,NA
"4151","Carex","Carex grayi",NA,NA,"Graminoid","Slow","No","Long","None","None",0,0,TRUE,FALSE,NA,NA,NA
"4152","Carex","Carex grayi",NA,NA,"Graminoid","Slow","No","Long","None","None",0,0,TRUE,FALSE,NA,NA,NA
"4153","Erigenia","Erigenia bulbosa",NA,NA,NA,NA,NA,NA,NA,NA,NA,NA,FALSE,FALSE,NA,NA,NA
"4154","Gentiana","Gentiana alba",NA,NA,NA,NA,NA,NA,NA,NA,0.519480519,0.142857143,FALSE,FALSE,NA,NA,NA
"4155","Hydrophyllum","Hydrophyllum virginianum",56.4134463852969,43.5865536147031,NA,NA,NA,NA,NA,NA,0,0,FALSE,FALSE,NA,NA,NA
"4156","Lobelia","Lobelia inflata",11.5179701972487,42.6548066067278,NA,NA,NA,NA,NA,NA,0.12195122,0.024390244,TRUE,TRUE,NA,NA,NA
"4157","Lobelia","Lobelia inflata",11.5179701972487,42.6548066067278,NA,NA,NA,NA,NA,NA,0,0,TRUE,TRUE,NA,NA,NA
"4158","Penstemon","Penstemon pallidus",NA,NA,NA,NA,NA,NA,NA,NA,0.081371694,0.075268817,TRUE,FALSE,NA,NA,NA
"4159","Quercus","Quercus imbricaria",NA,NA,"Tree","Moderate","No","Moderate","None","None",1.865203762,0.811363636,TRUE,FALSE,NA,NA,NA
"4160","Yucca","Yucca filamentosa",NA,NA,NA,NA,NA,NA,NA,NA,0.833333333,0.0625,TRUE,FALSE,NA,NA,NA
"4161","Alnus","Alnus serrulata",NA,NA,"Tree, Shrub","Rapid","No","Moderate","Medium","None",0.865800866,0.090909091,TRUE,FALSE,NA,NA,NA
"4162","Amorpha","Amorpha roemeriana",NA,NA,NA,NA,NA,NA,NA,NA,0,0,TRUE,FALSE,24136983771,355.3400269,1.800000191
"4163","Angelica","Angelica venenosa",NA,NA,NA,NA,NA,NA,NA,NA,0,0,TRUE,FALSE,7.29e+11,1516.880005,4.180000067
"4164","Aralia","Aralia spinosa",NA,NA,"Tree, Shrub","Moderate","No","Moderate","None","Slight",0,0,TRUE,TRUE,NA,NA,NA
"4165","Aristolochia","Aristolochia serpentaria",NA,NA,NA,NA,NA,NA,NA,NA,0,0,TRUE,FALSE,9.61e+11,1668.48999,4.390000105
"4166","Asclepias","Asclepias obovata",NA,NA,NA,NA,NA,NA,NA,NA,0.037023325,0.013513514,TRUE,FALSE,1.18e+11,853.8099976,3.779999733
"4167","Asclepias","Asclepias variegata",NA,NA,NA,NA,NA,NA,NA,NA,0.037023325,0.013513514,TRUE,FALSE,NA,NA,NA
"4168","Baccharis","Baccharis halimifolia",NA,NA,"Tree, Shrub","Moderate","No","Moderate","None","None",0,0,TRUE,TRUE,NA,NA,NA
"4169","Baptisia","Baptisia nuttalliana",NA,NA,NA,NA,NA,NA,NA,NA,6.666666667,0.166666667,FALSE,FALSE,1.25e+11,843.1100464,3.380000591
"4170","Bignonia","Bignonia capreolata",NA,NA,NA,NA,NA,NA,NA,NA,NA,NA,FALSE,FALSE,NA,NA,NA
"4171","Brachyelytrum","Brachyelytrum erectum",NA,NA,NA,NA,NA,NA,NA,NA,0,0,FALSE,FALSE,NA,NA,NA
"4172","Carex","Carex alata",NA,NA,NA,NA,NA,NA,NA,NA,0.024607728,0.104582844,TRUE,FALSE,NA,NA,NA
"4173","Carex","Carex alata",NA,NA,NA,NA,NA,NA,NA,NA,0,0,TRUE,FALSE,NA,NA,NA
"4174","Carex","Carex alata",NA,NA,NA,NA,NA,NA,NA,NA,0,0,TRUE,FALSE,NA,NA,NA
"4175","Carex","Carex crinita",NA,NA,"Graminoid","Moderate","No","Long","None","None",0.024607728,0.104582844,TRUE,FALSE,NA,NA,NA
"4176","Carex","Carex crinita",NA,NA,"Graminoid","Moderate","No","Long","None","None",0,0,TRUE,FALSE,NA,NA,NA
"4177","Carex","Carex crinita",NA,NA,"Graminoid","Moderate","No","Long","None","None",0,0,TRUE,FALSE,NA,NA,NA
"4178","Carex","Carex lupuliformis",NA,NA,NA,NA,NA,NA,NA,NA,0.024607728,0.104582844,TRUE,FALSE,NA,NA,NA
"4179","Carex","Carex lupuliformis",NA,NA,NA,NA,NA,NA,NA,NA,0,0,TRUE,FALSE,NA,NA,NA
"4180","Carex","Carex lupuliformis",NA,NA,NA,NA,NA,NA,NA,NA,0,0,TRUE,FALSE,NA,NA,NA
"4181","Carex","Carex mesochorea",NA,NA,NA,NA,NA,NA,NA,NA,0.024607728,0.104582844,TRUE,FALSE,NA,NA,NA
"4182","Carex","Carex mesochorea",NA,NA,NA,NA,NA,NA,NA,NA,0,0,TRUE,FALSE,NA,NA,NA
"4183","Carex","Carex mesochorea",NA,NA,NA,NA,NA,NA,NA,NA,0,0,TRUE,FALSE,NA,NA,NA
"4184","Carex","Carex squarrosa",NA,NA,"Graminoid","Slow","No","Moderate","None","None",0.024607728,0.104582844,TRUE,FALSE,NA,NA,NA
"4185","Carex","Carex squarrosa",NA,NA,"Graminoid","Slow","No","Moderate","None","None",0,0,TRUE,FALSE,NA,NA,NA
"4186","Carex","Carex squarrosa",NA,NA,"Graminoid","Slow","No","Moderate","None","None",0,0,TRUE,FALSE,NA,NA,NA
"4187","Carex","Carex swanii",NA,NA,NA,NA,NA,NA,NA,NA,0.024607728,0.104582844,TRUE,FALSE,NA,NA,NA
"4188","Carex","Carex swanii",NA,NA,NA,NA,NA,NA,NA,NA,0,0,TRUE,FALSE,NA,NA,NA
"4189","Carex","Carex swanii",NA,NA,NA,NA,NA,NA,NA,NA,0,0,TRUE,FALSE,NA,NA,NA
"4190","Carex","Carex typhina",NA,NA,"Graminoid","Moderate","No","Long","None","None",0.024607728,0.104582844,TRUE,FALSE,NA,NA,NA
"4191","Carex","Carex typhina",NA,NA,"Graminoid","Moderate","No","Long","None","None",0,0,TRUE,FALSE,NA,NA,NA
"4192","Carex","Carex typhina",NA,NA,"Graminoid","Moderate","No","Long","None","None",0,0,TRUE,FALSE,NA,NA,NA
"4193","Carya","Carya aquatica",NA,NA,"Tree","Slow","No","Moderate","None","None",3.80952381,0.266666667,FALSE,FALSE,4.48e+11,905.9399414,4.069999695
"4194","Carya","Carya glabra",NA,NA,"Tree","Slow","No","Moderate","None","None",3.80952381,0.266666667,FALSE,FALSE,NA,NA,NA
"4195","Carya","Carya glabra var. odorata",NA,NA,NA,NA,NA,NA,NA,NA,3.80952381,0.266666667,FALSE,FALSE,6.64e+11,1516.880005,3.960000038
"4196","Centrosema","Centrosema virginianum",NA,NA,NA,NA,NA,NA,NA,NA,NA,NA,TRUE,FALSE,NA,NA,NA
"4197","Cladrastis","Cladrastis kentukea",NA,NA,"Tree","Moderate","No","Long","None","None",NA,NA,FALSE,FALSE,NA,NA,NA
"4198","Clematis","Clematis reticulata",NA,NA,NA,NA,NA,NA,NA,NA,0,0,TRUE,FALSE,1.8e+11,843.1100464,3.81000042
"4199","Coreopsis","Coreopsis tripteris",NA,NA,NA,NA,NA,NA,NA,NA,0,0,TRUE,FALSE,NA,NA,NA
"4200","Cyperus","Cyperus haspan",NA,NA,"Graminoid","Moderate","No","Long","None","None",0,0,TRUE,TRUE,NA,NA,NA
"4201","Cyperus","Cyperus haspan",NA,NA,"Graminoid","Moderate","No","Long","None","None",0,0,TRUE,TRUE,NA,NA,NA
"4202","Cyperus","Cyperus haspan",NA,NA,"Graminoid","Moderate","No","Long","None","None",0,0,TRUE,TRUE,NA,NA,NA
"4203","Cyperus","Cyperus haspan",NA,NA,"Graminoid","Moderate","No","Long","None","None",0,0,TRUE,TRUE,NA,NA,NA
"4204","Cyperus","Cyperus haspan",NA,NA,"Graminoid","Moderate","No","Long","None","None",0,0,TRUE,TRUE,NA,NA,NA
"4205","Cyperus","Cyperus haspan",NA,NA,"Graminoid","Moderate","No","Long","None","None",0,0,TRUE,TRUE,NA,NA,NA
"4206","Cyperus","Cyperus haspan",NA,NA,"Graminoid","Moderate","No","Long","None","None",0,0,TRUE,TRUE,NA,NA,NA
"4207","Eupatorium","Eupatorium capillifolium",NA,NA,NA,NA,NA,NA,NA,NA,0,0,TRUE,FALSE,NA,NA,NA
"4208","Eupatorium","Eupatorium rotundifolium",NA,NA,NA,NA,NA,NA,NA,NA,0,0,TRUE,FALSE,8.58e+11,1450.48999,4.32000041
"4209","Gelsemium","Gelsemium sempervirens",NA,NA,NA,NA,NA,NA,NA,NA,NA,NA,FALSE,FALSE,NA,NA,NA
"4210","Gillenia","Gillenia stipulata",NA,NA,NA,NA,NA,NA,NA,NA,NA,NA,FALSE,FALSE,4.87e+11,1605.340027,4.220000029
"4211","Glyceria","Glyceria septentrionalis",NA,NA,NA,NA,NA,NA,NA,NA,0.332225914,0.069767442,TRUE,FALSE,NA,NA,NA
"4212","Hamamelis","Hamamelis vernalis",NA,NA,NA,NA,NA,NA,NA,NA,NA,NA,FALSE,FALSE,1.53e+11,683.2199707,2.920000076
"4213","Helianthus","Helianthus debilis",NA,NA,"Forb/herb","Slow","No","Moderate","None","None",1.647058824,0.411764706,TRUE,TRUE,NA,NA,NA
"4214","Helianthus","Helianthus decapetalus",NA,NA,NA,NA,NA,NA,NA,NA,1.647058824,0.411764706,TRUE,FALSE,NA,NA,NA
"4215","Hibiscus","Hibiscus coccineus",NA,NA,NA,NA,NA,NA,NA,NA,0,0,TRUE,FALSE,59122028305,550.2399902,3.5
"4216","Hydrangea","Hydrangea arborescens",NA,NA,NA,NA,NA,NA,NA,NA,0,0,TRUE,FALSE,NA,NA,NA
"4217","Hymenocallis","Hymenocallis occidentalis",NA,NA,NA,NA,NA,NA,NA,NA,NA,NA,FALSE,FALSE,1.78e+11,1066.98999,4.289999723
"4218","Hypericum","Hypericum densiflorum",NA,NA,"Shrub","Slow","No","Moderate","None","None",0.129032258,0.08,TRUE,FALSE,NA,NA,NA
"4219","Hypericum","Hypericum densiflorum",NA,NA,"Shrub","Slow","No","Moderate","None","None",0,0,TRUE,FALSE,NA,NA,NA
"4220","Ilex","Ilex opaca",NA,NA,"Tree, Shrub","Slow","No","Moderate","None","None",0,0,TRUE,FALSE,NA,NA,NA
"4221","Ilex","Ilex verticillata",NA,NA,"Tree, Shrub","Moderate","No","Moderate","None","None",0,0,TRUE,FALSE,NA,NA,NA
"4222","Ilex","Ilex vomitoria",NA,NA,"Tree, Shrub","Slow","No","Long","None","None",0,0,TRUE,FALSE,NA,NA,NA
"4223","Iris","Iris virginica",NA,NA,"Forb/herb","Moderate","No","Moderate","None","None",0.233100233,0.08974359,TRUE,FALSE,NA,NA,NA
"4224","Kosteletzkya","Kosteletzkya virginica",NA,NA,NA,NA,NA,NA,NA,NA,NA,NA,FALSE,FALSE,2.1e+11,885.8899536,4.659999847
"4225","Leersia","Leersia lenticularis",NA,NA,"Graminoid","Moderate","No","Long","None","None",0,0,TRUE,FALSE,3.4e+11,911.4800415,4.019999504
"4226","Liatris","Liatris acidota",NA,NA,NA,NA,NA,NA,NA,NA,0,0,FALSE,FALSE,66098101897,797.1300049,3.799999714
"4227","Liatris","Liatris cylindracea",13.8999094828404,14.3657853939771,NA,NA,NA,NA,NA,NA,0,0,FALSE,FALSE,NA,NA,NA
"4228","Limonium","Limonium carolinianum",NA,NA,"Forb/herb","Moderate","No","Short","None","None",0.12642225,0.07079646,TRUE,TRUE,NA,NA,NA
"4229","Lonicera","Lonicera reticulata",NA,NA,NA,NA,NA,NA,NA,NA,0.175336061,0.050847458,TRUE,FALSE,NA,NA,NA
"4230","Lycium","Lycium carolinianum",NA,NA,"Shrub","Slow","No","Moderate","None","None",0,0,TRUE,FALSE,1.05e+11,1241.769928,4.659999847
"4231","Lysimachia","Lysimachia lanceolata",NA,NA,"Forb/herb","Moderate","No","Moderate","None","None",0,0,TRUE,FALSE,NA,NA,NA
"4232","Lysimachia","Lysimachia lanceolata",NA,NA,"Forb/herb","Moderate","No","Moderate","None","None",0.150829563,0.038461538,TRUE,FALSE,NA,NA,NA
"4233","Lysimachia","Lysimachia lanceolata",NA,NA,"Forb/herb","Moderate","No","Moderate","None","None",0,0,TRUE,FALSE,NA,NA,NA
"4234","Malpighia","Malpighia glabra",NA,NA,NA,NA,NA,NA,NA,NA,NA,NA,FALSE,FALSE,NA,NA,NA
"4235","Monarda","Monarda lindheimeri",NA,NA,NA,NA,NA,NA,NA,NA,0,0,TRUE,FALSE,25351754821,654.039978,3.289999962
"4236","Myrica","Myrica cerifera",NA,NA,"Tree, Subshrub, Shrub","Moderate","No","Long","None","None",0,0,TRUE,TRUE,NA,NA,NA
"4237","Nyssa","Nyssa sylvatica",NA,NA,"Tree","Moderate","No","Moderate","None","None",NA,NA,FALSE,FALSE,NA,NA,NA
"4238","Oenothera","Oenothera drummondii",NA,NA,NA,NA,NA,NA,NA,NA,0,0,TRUE,TRUE,NA,NA,NA
"4239","Oenothera","Oenothera drummondii",NA,NA,NA,NA,NA,NA,NA,NA,0.102145046,0.04494382,TRUE,TRUE,NA,NA,NA
"4240","Osmundastrum","Osmundastrum cinnamomeum",NA,NA,"Forb/herb","Moderate","No","Moderate","None","None",NA,NA,FALSE,FALSE,NA,NA,NA
"4241","Paspalum","Paspalum plicatulum",NA,NA,"Graminoid","Moderate","No","Moderate","None","None",0,0,TRUE,FALSE,NA,NA,NA
"4242","Penstemon","Penstemon murrayanus",NA,NA,NA,NA,NA,NA,NA,NA,0.081371694,0.075268817,TRUE,FALSE,57167289094,712.9700317,3.480000019
"4243","Phaseolus","Phaseolus polystachios",NA,NA,NA,NA,NA,NA,NA,NA,0,0,TRUE,FALSE,NA,NA,NA
"4244","Philadelphus","Philadelphus inodorus",NA,NA,NA,NA,NA,NA,NA,NA,0,0,FALSE,FALSE,1676140493,641.2700195,1.829999924
"4245","Phlox","Phlox glaberrima",NA,NA,"Forb/herb","Moderate","No","Moderate","None","None",0.408163265,0.1,FALSE,FALSE,NA,NA,NA
"4246","Physostegia","Physostegia intermedia",NA,NA,NA,NA,NA,NA,NA,NA,33.33333333,0.333333333,FALSE,FALSE,1.23e+11,1107.039978,3.650000095
"4247","Pinus","Pinus elliottii",NA,NA,"Tree","Rapid","No","Long","None","None",0.216216216,0.08,TRUE,TRUE,NA,NA,NA
"4248","Pityopsis","Pityopsis graminifolia",NA,NA,"Forb/herb","Slow","No","Moderate","None","None",NA,NA,FALSE,FALSE,7.22e+11,1548.210022,4.799999952
"4249","Planera","Planera aquatica",NA,NA,"Tree","Slow","No","Long","None","None",NA,NA,FALSE,FALSE,3.46e+11,849.9500122,3.81000042
"4250","Prunus","Prunus caroliniana",NA,NA,NA,NA,NA,NA,NA,NA,0.240891298,0.097560976,TRUE,FALSE,NA,NA,NA
"4251","Prunus","Prunus umbellata",NA,NA,NA,NA,NA,NA,NA,NA,0.240891298,0.097560976,TRUE,FALSE,3.88e+11,840.7999268,3.869999886
"4252","Quercus","Quercus incana",NA,NA,NA,NA,NA,NA,NA,NA,1.865203762,0.811363636,TRUE,FALSE,4.13e+11,885.8899536,4.529999733
"4253","Rhexia","Rhexia virginica",NA,NA,NA,NA,NA,NA,NA,NA,0,0,FALSE,FALSE,NA,NA,NA
"4254","Rhododendron","Rhododendron canescens",NA,NA,"Shrub","Slow","No","Long","None","Slight",0,0,TRUE,FALSE,4.6e+11,1121.190063,4.149999857
"4255","Rhynchospora","Rhynchospora corniculata",NA,NA,"Graminoid","Rapid","No","Moderate","None","None",0,0,FALSE,FALSE,6.51e+11,1088.479919,4.319999695
"4256","Rudbeckia","Rudbeckia maxima",NA,NA,"Forb/herb","Rapid","No","Short","None","None",0,0,TRUE,FALSE,NA,NA,NA
"4257","Sabal","Sabal minor",NA,NA,"Tree, Shrub","Slow","No","Moderate","None","None",NA,NA,FALSE,FALSE,NA,NA,NA
"4258","Erianthus","Erianthus brevibarbis",NA,NA,"Graminoid","Moderate","No","Long","None","None",0,0,FALSE,FALSE,NA,NA,NA
"4259","Saururus","Saururus cernuus",NA,NA,NA,NA,NA,NA,NA,NA,NA,NA,FALSE,FALSE,NA,NA,NA
"4260","Scutellaria","Scutellaria incana",NA,NA,NA,NA,NA,NA,NA,NA,0.354609929,0.083333333,FALSE,FALSE,6.09e+11,1428,3.659999847
"4261","Smilax","Smilax maritima",NA,NA,"Shrub, Vine","Rapid","No","Long","None","None",0,0,TRUE,FALSE,NA,NA,NA
"4262","Solidago","Solidago hispida",NA,NA,NA,NA,NA,NA,NA,NA,0.124223602,0.042857143,TRUE,FALSE,NA,NA,NA
"4263","Solidago","Solidago patula",NA,NA,"Forb/herb","Moderate","No","Short","None","None",0.124223602,0.042857143,TRUE,FALSE,NA,NA,NA
"4264","Sparganium","Sparganium americanum",NA,NA,"Forb/herb","Moderate","No","Moderate","None","None",2.53968254,0.444444444,TRUE,FALSE,NA,NA,NA
"4265","Sporobolus","Sporobolus spartinae",NA,NA,"Graminoid","Moderate","No","Long","None","None",0,0,TRUE,FALSE,1.02e+11,1239.239929,4.659999847
"4266","Sporobolus","Sporobolus spartinae",NA,NA,"Graminoid","Moderate","No","Long","None","None",0,0,TRUE,FALSE,1.02e+11,1239.239929,4.659999847
"4267","Sporobolus","Sporobolus spartinae",NA,NA,"Graminoid","Moderate","No","Long","None","None",1.086956522,0.125,TRUE,FALSE,1.02e+11,1239.239929,4.659999847
"4268","Sporobolus","Sporobolus spartinae",NA,NA,"Graminoid","Moderate","No","Long","None","None",0,0,TRUE,FALSE,1.02e+11,1239.239929,4.659999847
"4269","Spigelia","Spigelia marilandica",NA,NA,NA,NA,NA,NA,NA,NA,NA,NA,FALSE,FALSE,4.26e+11,1303.690063,4.32000041
"4270","Styrax","Styrax americanus",NA,NA,"Tree, Shrub",NA,"No",NA,"None","None",NA,NA,FALSE,FALSE,5.36e+11,1202.73999,3.899999619
"4271","Symphyotrichum","Symphyotrichum turbinellum",NA,NA,NA,NA,NA,NA,NA,NA,0,0,TRUE,FALSE,2.33e+11,797.3200073,2.940000057
"4272","Symplocos","Symplocos tinctoria",NA,NA,"Tree, Shrub","Moderate","No","Short","None",NA,NA,NA,FALSE,FALSE,NA,NA,NA
"4273","Hypericum","Hypericum virginicum",NA,NA,NA,NA,NA,NA,NA,NA,0.129032258,0.08,TRUE,FALSE,NA,NA,NA
"4274","Hypericum","Hypericum virginicum",NA,NA,NA,NA,NA,NA,NA,NA,0,0,TRUE,FALSE,NA,NA,NA
"4275","Trichostema","Trichostema dichotomum",NA,NA,NA,NA,NA,NA,NA,NA,0,0,FALSE,FALSE,NA,NA,NA
"4276","Ulmus","Ulmus serotina",NA,NA,"Tree","Rapid","No","Short","None","None",2.461538462,0.307692308,TRUE,FALSE,1.33e+11,675.1600342,3.400000572
"4277","Vaccinium","Vaccinium pallidum",NA,NA,NA,NA,NA,NA,NA,NA,0.340136054,0.081632653,FALSE,FALSE,2.59e+11,752.1900024,3.639999866
"4278","Vaccinium","Vaccinium stamineum",NA,NA,"Shrub","Moderate","No","Long","None","None",0.340136054,0.081632653,FALSE,FALSE,NA,NA,NA
"4279","Verbesina","Verbesina occidentalis",NA,NA,NA,NA,NA,NA,NA,NA,0,0,TRUE,FALSE,NA,NA,NA
"4280","Viburnum","Viburnum rafinesqueanum",NA,NA,"Shrub","Moderate","No","Moderate","None","None",0.333333333,0.04,TRUE,FALSE,NA,NA,NA
"4281","Viola","Viola striata",NA,NA,NA,NA,NA,NA,NA,NA,NA,NA,TRUE,FALSE,NA,NA,NA
"4282","Xyris","Xyris difformis",NA,NA,NA,NA,NA,NA,NA,NA,NA,NA,FALSE,FALSE,NA,NA,NA
"4283","Yucca","Yucca aloifolia",NA,NA,"Tree, Shrub","Slow","No","Short","None","Slight",0.833333333,0.0625,TRUE,TRUE,NA,NA,NA
"4284","Cornus","Cornus amomum",NA,NA,"Shrub","Moderate","No","Moderate","None","None",1.322751323,0.178571429,TRUE,FALSE,1.16e+12,1614.809998,3.96999979
"4285","Chelone","Chelone glabra",NA,NA,NA,NA,NA,NA,NA,NA,0,0,FALSE,FALSE,NA,NA,NA
"4286","Pycnanthemum","Pycnanthemum muticum",NA,NA,NA,NA,NA,NA,NA,NA,0,0,FALSE,FALSE,3.41e+11,1500.030029,3.929999828
"4287","Eurybia","Eurybia divaricata",NA,NA,NA,NA,NA,NA,NA,NA,NA,NA,FALSE,FALSE,NA,NA,NA
"4288","Solidago","Solidago flexicaulis",NA,NA,"Forb/herb","Moderate","No","Short","None","None",0.124223602,0.042857143,TRUE,FALSE,NA,NA,NA
"4289","Rosa","Rosa palustris",NA,NA,"Subshrub","Moderate","No","Long","None","None",1.171624714,0.667826087,TRUE,FALSE,NA,NA,NA
"4290","Penstemon","Penstemon hirsutus",NA,NA,NA,NA,NA,NA,NA,NA,0.081371694,0.075268817,TRUE,FALSE,NA,NA,NA
"4291","Anemone","Anemone virginiana",NA,NA,NA,NA,NA,NA,NA,NA,0.289855072,0.065217391,TRUE,FALSE,NA,NA,NA
"4292","Geranium","Geranium maculatum",51.8907312676042,41.1841860353216,NA,NA,NA,NA,NA,NA,0.057830211,0.037878788,TRUE,FALSE,NA,NA,NA
"4293","Pycnanthemum","Pycnanthemum incanum",NA,NA,NA,NA,NA,NA,NA,NA,0,0,FALSE,FALSE,NA,NA,NA
"4294","Cornus","Cornus racemosa",NA,NA,"Shrub","Moderate","No","Moderate","None","None",1.322751323,0.178571429,TRUE,FALSE,NA,NA,NA
"4295","Rosa","Rosa virginiana",NA,NA,"Subshrub","Moderate","No","Moderate","None","None",1.171624714,0.667826087,TRUE,FALSE,NA,NA,NA
"4296","Baptisia","Baptisia tinctoria",NA,NA,"Forb/herb","Moderate","No","Moderate","Low","None",6.666666667,0.166666667,FALSE,FALSE,NA,NA,NA
"4297","Sambucus","Sambucus canadensis",NA,NA,"Tree, Shrub","Rapid","No","Moderate","None","None",0,0,TRUE,TRUE,NA,NA,NA
"4298","Sedum","Sedum ternatum",NA,NA,NA,NA,NA,NA,NA,NA,0,0,TRUE,FALSE,NA,NA,NA
"4299","Sedum","Sedum ternatum",NA,NA,NA,NA,NA,NA,NA,NA,0,0,TRUE,FALSE,NA,NA,NA
"4300","Sedum","Sedum ternatum",NA,NA,NA,NA,NA,NA,NA,NA,0,0,TRUE,FALSE,NA,NA,NA
"4301","Betula","Betula lenta",NA,NA,"Tree","Moderate","No","Moderate","None","None",2.645502646,0.357142857,TRUE,FALSE,NA,NA,NA
"4302","Eupatorium","Eupatorium hyssopifolium",NA,NA,NA,NA,NA,NA,NA,NA,0,0,TRUE,FALSE,4.31e+11,1450.48999,3.439999819
"4303","Eurybia","Eurybia macrophylla",NA,NA,"Forb/herb","Moderate","No","Long","None","None",NA,NA,FALSE,FALSE,NA,NA,NA
"4304","Solidago","Solidago sempervirens",NA,NA,"Forb/herb","Moderate","No","Short","None","None",0.124223602,0.042857143,TRUE,TRUE,NA,NA,NA
"4305","Amelanchier","Amelanchier canadensis",NA,NA,"Tree, Shrub","Moderate","No","Long","None","None",1.169590643,0.105263158,TRUE,FALSE,NA,NA,NA
"4306","Iris","Iris cristata",NA,NA,NA,NA,NA,NA,NA,NA,0.233100233,0.08974359,TRUE,FALSE,NA,NA,NA
"4307","Tiarella","Tiarella cordifolia",NA,NA,NA,NA,NA,NA,NA,NA,NA,NA,FALSE,FALSE,NA,NA,NA
"4308","Rubus","Rubus odoratus",NA,NA,"Subshrub","Rapid","No","Short","None","None",0.06483085,0.181850534,TRUE,FALSE,NA,NA,NA
"4309","Solidago","Solidago bicolor",NA,NA,NA,NA,NA,NA,NA,NA,0.124223602,0.042857143,TRUE,FALSE,NA,NA,NA
"4310","Mertensia","Mertensia virginica",NA,NA,"Forb/herb","Moderate","No","Moderate","None","None",4.210526316,0.4,FALSE,FALSE,NA,NA,NA
"4311","Betula","Betula alleghaniensis",17.8616182770631,23.6415767946373,"Tree","Slow","Yes","Moderate","None","None",2.645502646,0.357142857,TRUE,FALSE,NA,NA,NA
"4312","Eutrochium","Eutrochium dubium",NA,NA,NA,NA,NA,NA,NA,NA,NA,NA,FALSE,FALSE,NA,NA,NA
"4313","Hamamelis","Hamamelis virginiana",NA,NA,"Tree, Shrub","Slow","No","Long","None","None",NA,NA,FALSE,FALSE,NA,NA,NA
"4314","Silene","Silene caroliniana",NA,NA,NA,NA,NA,NA,NA,NA,0.007905138,0.010869565,TRUE,TRUE,NA,NA,NA
"4315","Aronia","Aronia melanocarpa",NA,NA,NA,NA,NA,NA,NA,NA,41.66666667,0.625,TRUE,FALSE,NA,NA,NA
"4316","Cornus","Cornus alternifolia",NA,NA,"Tree, Shrub","Moderate","No","Moderate","None","None",1.322751323,0.178571429,TRUE,TRUE,NA,NA,NA
"4317","Phlox","Phlox maculata",NA,NA,"Forb/herb","Moderate","No","Short","None","None",0.408163265,0.1,FALSE,FALSE,NA,NA,NA
"4318","Pinus","Pinus virginiana",NA,NA,"Tree","Rapid","No","Moderate","None","None",0.216216216,0.08,TRUE,FALSE,NA,NA,NA
"4319","Solidago","Solidago rigida",53.6161306736493,7.16633893456547,"Forb/herb","Rapid","No","Moderate","None","None",0.124223602,0.042857143,TRUE,TRUE,NA,NA,NA
"4320","Chrysopsis","Chrysopsis mariana",NA,NA,NA,NA,NA,NA,NA,NA,0,0,FALSE,FALSE,6.85e+11,1476.75,4.020000219
"4321","Senna","Senna hebecarpa",NA,NA,NA,NA,NA,NA,NA,NA,0,0,TRUE,FALSE,NA,NA,NA
"4322","Vernonia","Vernonia glauca",NA,NA,NA,NA,NA,NA,NA,NA,0,0,FALSE,FALSE,NA,NA,NA
"4323","Vernonia","Vernonia glauca",NA,NA,NA,NA,NA,NA,NA,NA,0,0,FALSE,FALSE,NA,NA,NA
"4324","Gentiana","Gentiana clausa",NA,NA,"Forb/herb","Rapid","No","Moderate","None","None",0.519480519,0.142857143,FALSE,FALSE,NA,NA,NA
"4325","Rhododendron","Rhododendron periclymenoides",NA,NA,"Shrub","Moderate","No","Moderate","None","None",0,0,TRUE,FALSE,6.23e+11,1500.030029,3.110000134
"4326","Gaylussacia","Gaylussacia baccata",NA,NA,"Shrub","Slow","No","Long","None","None",0,0,FALSE,FALSE,NA,NA,NA
"4327","Aronia","Aronia arbutifolia",NA,NA,NA,NA,NA,NA,NA,NA,41.66666667,0.625,TRUE,FALSE,NA,NA,NA
"4328","Liatris","Liatris scariosa",NA,NA,NA,NA,NA,NA,NA,NA,0,0,FALSE,FALSE,3.18e+11,1618.570007,4.180000067
"4329","Asclepias","Asclepias exaltata",NA,NA,NA,NA,NA,NA,NA,NA,0.037023325,0.013513514,TRUE,FALSE,NA,NA,NA
"4330","Dennstaedtia","Dennstaedtia punctilobula",22.7144793387185,45.8128870854004,NA,NA,NA,NA,NA,NA,NA,NA,FALSE,FALSE,NA,NA,NA
"4331","Delphinium","Delphinium exaltatum",NA,NA,NA,NA,NA,NA,NA,NA,0.910973085,0.314285714,TRUE,FALSE,NA,NA,NA
"4332","Acorus","Acorus calamus",5.82805681534955,33.0318251931735,"Forb/herb","Moderate","No","Moderate","None","None",0,0,TRUE,TRUE,NA,NA,NA
"4333","Caulophyllum","Caulophyllum thalictroides",36.5030644582365,45.7667833170758,"Forb/herb","Moderate","No","Moderate","None","None",0,0,FALSE,FALSE,NA,NA,NA
"4334","Agastache","Agastache scrophulariifolia",NA,NA,NA,NA,NA,NA,NA,NA,0,0,FALSE,FALSE,NA,NA,NA
"4335","Diervilla","Diervilla lonicera",NA,NA,"Shrub","Slow","No","Long","None","None",NA,NA,FALSE,FALSE,NA,NA,NA
"4336","Jeffersonia","Jeffersonia diphylla",NA,NA,NA,NA,NA,NA,NA,NA,NA,NA,FALSE,FALSE,NA,NA,NA
"4337","Mitchella","Mitchella repens",NA,NA,NA,NA,NA,NA,NA,NA,NA,NA,FALSE,FALSE,NA,NA,NA
"4338","Prunus","Prunus maritima",NA,NA,"Shrub","Moderate","No","Long","None","None",0.240891298,0.097560976,TRUE,FALSE,56637363343,455.4899902,2.079999924
"4339","Campanula","Campanula americana",NA,NA,NA,NA,NA,NA,NA,NA,0.005569479,0.005263158,TRUE,FALSE,NA,NA,NA
"4340","Campanula","Campanula americana",NA,NA,NA,NA,NA,NA,NA,NA,0,0,TRUE,FALSE,NA,NA,NA
"4341","Carex","Carex appalachica",NA,NA,NA,NA,NA,NA,NA,NA,0.024607728,0.104582844,TRUE,FALSE,NA,NA,NA
"4342","Carex","Carex appalachica",NA,NA,NA,NA,NA,NA,NA,NA,0,0,TRUE,FALSE,NA,NA,NA
"4343","Carex","Carex appalachica",NA,NA,NA,NA,NA,NA,NA,NA,0,0,TRUE,FALSE,NA,NA,NA
"4344","Chrysogonum","Chrysogonum virginianum",NA,NA,NA,NA,NA,NA,NA,NA,NA,NA,FALSE,FALSE,NA,NA,NA
"4345","Stylophorum","Stylophorum diphyllum",NA,NA,NA,NA,NA,NA,NA,NA,NA,NA,FALSE,FALSE,NA,NA,NA
"4346","Vaccinium","Vaccinium angustifolium",11.3451194533431,48.0478445142495,"Subshrub, Shrub","Moderate","No","Moderate","None","None",0.340136054,0.081632653,FALSE,FALSE,NA,NA,NA
"4347","Lilium","Lilium superbum",NA,NA,NA,NA,NA,NA,NA,NA,1.505376344,0.225806452,TRUE,FALSE,3.85e+11,1499.820007,3.879999876
"4348","Carex","Carex plantaginea",NA,NA,NA,NA,NA,NA,NA,NA,0.024607728,0.104582844,TRUE,FALSE,NA,NA,NA
"4349","Carex","Carex plantaginea",NA,NA,NA,NA,NA,NA,NA,NA,0,0,TRUE,FALSE,NA,NA,NA
"4350","Carex","Carex plantaginea",NA,NA,NA,NA,NA,NA,NA,NA,0,0,TRUE,FALSE,NA,NA,NA
"4351","Tradescantia","Tradescantia virginiana",NA,NA,"Forb/herb","Rapid","No","Short","None","None",0,0,TRUE,FALSE,NA,NA,NA
"4352","Penstemon","Penstemon calycosus",NA,NA,NA,NA,NA,NA,NA,NA,0.081371694,0.075268817,TRUE,FALSE,NA,NA,NA
"4353","Comptonia","Comptonia peregrina",NA,NA,"Subshrub, Shrub","Slow","No","Moderate","Low","None",NA,NA,FALSE,FALSE,NA,NA,NA
"4354","Thermopsis","Thermopsis villosa",NA,NA,NA,NA,NA,NA,NA,NA,0,0,FALSE,FALSE,NA,NA,NA
"4355","Lupinus","Lupinus perennis",59.119593481953,40.880406518047,NA,NA,NA,NA,NA,NA,0.043459365,0.025423729,TRUE,TRUE,NA,NA,NA
"4356","Dicentra","Dicentra eximia",NA,NA,NA,NA,NA,NA,NA,NA,0,0,FALSE,FALSE,NA,NA,NA
"4357","Eurybia","Eurybia spectabilis",NA,NA,NA,NA,NA,NA,NA,NA,NA,NA,FALSE,FALSE,84321631803,607.4799194,2.419999599
"4358","Senna","Senna marylandica",NA,NA,NA,NA,NA,NA,NA,NA,0,0,TRUE,FALSE,NA,NA,NA
"4359","Elymus","Elymus riparius",NA,NA,"Graminoid","Moderate","No","Moderate","None","None",1.797814208,0.539344262,TRUE,FALSE,NA,NA,NA
"4360","Elymus","Elymus riparius",NA,NA,"Graminoid","Moderate","No","Moderate","None","None",3.846153846,0.25,TRUE,FALSE,NA,NA,NA
"4361","Elymus","Elymus riparius",NA,NA,"Graminoid","Moderate","No","Moderate","None","None",200,1,TRUE,FALSE,NA,NA,NA
"4362","Ionactis","Ionactis linariifolia",NA,NA,NA,NA,NA,NA,NA,NA,NA,NA,FALSE,FALSE,NA,NA,NA
"4363","Woodwardia","Woodwardia areolata",NA,NA,NA,NA,NA,NA,NA,NA,0,0,FALSE,FALSE,NA,NA,NA
"4364","Pinus","Pinus rigida",7.21480150873678,0,"Tree","Rapid","No","Moderate","None","None",0.216216216,0.08,TRUE,TRUE,NA,NA,NA
"4365","Acer","Acer pensylvanicum",NA,NA,"Tree, Shrub","Slow","Yes","Short","None","None",0.185013876,0.042553191,TRUE,FALSE,NA,NA,NA
"4366","Thalictrum","Thalictrum pubescens",NA,NA,NA,NA,NA,NA,NA,NA,0,0,FALSE,FALSE,NA,NA,NA
"4367","Typha","Typha angustifolia",65.6782708038856,0,"Forb/herb","Rapid","No","Long","None","None",5.072463768,0.583333333,TRUE,TRUE,NA,NA,NA
"4368","Gillenia","Gillenia trifoliata",NA,NA,NA,NA,NA,NA,NA,NA,NA,NA,FALSE,FALSE,NA,NA,NA
"4369","Trillium","Trillium sessile",NA,NA,NA,NA,NA,NA,NA,NA,0,0,FALSE,FALSE,5.05e+11,974.6900024,3.960000038
"4370","Carya","Carya alba",NA,NA,NA,NA,NA,NA,NA,NA,3.80952381,0.266666667,FALSE,FALSE,NA,NA,NA
"4371","Hypericum","Hypericum ascyron",NA,NA,"Forb/herb","Moderate","No","Long","None","None",0.129032258,0.08,TRUE,FALSE,NA,NA,NA
"4372","Hypericum","Hypericum ascyron",NA,NA,"Forb/herb","Moderate","No","Long","None","None",0,0,TRUE,FALSE,NA,NA,NA
"4373","Monarda","Monarda clinopodia",NA,NA,NA,NA,NA,NA,NA,NA,0,0,TRUE,FALSE,NA,NA,NA
"4374","Packera","Packera anonyma",NA,NA,NA,NA,NA,NA,NA,NA,NA,NA,FALSE,FALSE,5.26e+11,1499.330017,3.330000162
"4375","Trillium","Trillium grandiflorum",NA,NA,NA,NA,NA,NA,NA,NA,0,0,FALSE,FALSE,NA,NA,NA
"4376","Penstemon","Penstemon smallii",NA,NA,NA,NA,NA,NA,NA,NA,0.081371694,0.075268817,TRUE,FALSE,27737604487,1391.890015,1.449999809
"4377","Capnoides","Capnoides sempervirens",NA,NA,NA,NA,NA,NA,NA,NA,NA,NA,FALSE,FALSE,NA,NA,NA
"4378","Dioscorea","Dioscorea villosa",NA,NA,NA,NA,NA,NA,NA,NA,0,0,TRUE,FALSE,NA,NA,NA
"4379","Dioscorea","Dioscorea villosa",NA,NA,NA,NA,NA,NA,NA,NA,0,0,TRUE,FALSE,NA,NA,NA
"4380","Quercus","Quercus ilicifolia",NA,NA,NA,NA,NA,NA,NA,NA,1.865203762,0.811363636,TRUE,FALSE,NA,NA,NA
"4381","Viburnum","Viburnum dentatum",NA,NA,"Shrub, Tree","Moderate","No","Short","None",NA,0.333333333,0.04,TRUE,FALSE,6.65e+11,1496.299988,4.289999723
"4382","Pachysandra","Pachysandra procumbens",NA,NA,NA,NA,NA,NA,NA,NA,NA,NA,TRUE,FALSE,NA,NA,NA
"4383","Carex","Carex laxiculmis",NA,NA,NA,NA,NA,NA,NA,NA,0.024607728,0.104582844,TRUE,FALSE,NA,NA,NA
"4384","Carex","Carex laxiculmis",NA,NA,NA,NA,NA,NA,NA,NA,0,0,TRUE,FALSE,NA,NA,NA
"4385","Carex","Carex laxiculmis",NA,NA,NA,NA,NA,NA,NA,NA,0,0,TRUE,FALSE,NA,NA,NA
"4386","Uvularia","Uvularia grandiflora",39.6758370419189,54.7521008935371,NA,NA,NA,NA,NA,NA,0,0,FALSE,FALSE,NA,NA,NA
"4387","Euthamia","Euthamia caroliniana",NA,NA,NA,NA,NA,NA,NA,NA,0,0,TRUE,FALSE,NA,NA,NA
"4388","Salix","Salix sericea",NA,NA,"Shrub, Tree","Rapid","No","Moderate","None","None",0.594652598,0.627358491,TRUE,FALSE,NA,NA,NA
"4389","Quercus","Quercus coccinea",NA,NA,"Tree","Rapid","No","Long","None","None",1.865203762,0.811363636,TRUE,FALSE,8.57e+11,1618.570007,4.189999819
"4390","Goodyera","Goodyera pubescens",NA,NA,NA,NA,NA,NA,NA,NA,0,0,FALSE,FALSE,NA,NA,NA
"4391","Micranthes","Micranthes pensylvanica",NA,NA,NA,NA,NA,NA,NA,NA,NA,NA,FALSE,FALSE,NA,NA,NA
"4392","Rhododendron","Rhododendron arborescens",NA,NA,"Shrub","Moderate","No","Long","None","None",0,0,TRUE,FALSE,1.86e+11,1413.890015,3.109999895
"4393","Actaea","Actaea racemosa",NA,NA,NA,NA,NA,NA,NA,NA,16.66666667,0.25,FALSE,FALSE,NA,NA,NA
"4394","Trillium","Trillium luteum",NA,NA,NA,NA,NA,NA,NA,NA,0,0,FALSE,FALSE,NA,NA,NA
"4395","Asplenium","Asplenium platyneuron",NA,NA,NA,NA,NA,NA,NA,NA,0.648148148,0.259259259,FALSE,FALSE,NA,NA,NA
"4396","Asplenium","Asplenium platyneuron",NA,NA,NA,NA,NA,NA,NA,NA,6.666666667,0.166666667,FALSE,FALSE,NA,NA,NA
"4397","Asplenium","Asplenium platyneuron",NA,NA,NA,NA,NA,NA,NA,NA,300,1.5,FALSE,FALSE,NA,NA,NA
"4398","Mitella","Mitella diphylla",46.902061707761,53.097938292239,NA,NA,NA,NA,NA,NA,1.818181818,0.090909091,FALSE,FALSE,NA,NA,NA
"4399","Picea","Picea rubens",NA,NA,"Tree","Moderate","No","Long","None","None",0,0,TRUE,FALSE,NA,NA,NA
"4400","Houstonia","Houstonia caerulea",NA,NA,NA,NA,NA,NA,NA,NA,0,0,FALSE,FALSE,NA,NA,NA
"4401","Magnolia","Magnolia virginiana",NA,NA,"Tree, Shrub","Moderate","No","Moderate","None","None",0,0,FALSE,FALSE,NA,NA,NA
"4402","Solidago","Solidago sphacelata",NA,NA,NA,NA,NA,NA,NA,NA,0.124223602,0.042857143,TRUE,FALSE,1.51e+11,1274.070068,2.430000305
"4403","Hepatica","Hepatica acutiloba",NA,NA,NA,NA,NA,NA,NA,NA,100,0.5,FALSE,FALSE,NA,NA,NA
"4404","Magnolia","Magnolia tripetala",NA,NA,"Tree","Moderate","No","Short","None","None",0,0,FALSE,FALSE,NA,NA,NA
"4405","Heuchera","Heuchera villosa",NA,NA,NA,NA,NA,NA,NA,NA,3.296703297,0.214285714,FALSE,FALSE,2.32e+11,1450.48999,3.410000086
"4406","Rhododendron","Rhododendron prunifolium",NA,NA,NA,NA,NA,NA,NA,NA,0,0,TRUE,FALSE,10789330190,194.5900879,1.269999981
"4407","Collinsonia","Collinsonia canadensis",NA,NA,NA,NA,NA,NA,NA,NA,NA,NA,FALSE,FALSE,28733536967,840.9799805,2.369999886
"4408","Eubotrys","Eubotrys racemosa",NA,NA,NA,NA,NA,NA,NA,NA,NA,NA,FALSE,FALSE,4.43e+11,1068.579956,3.409999847
"4409","Micranthes","Micranthes virginiensis",NA,NA,NA,NA,NA,NA,NA,NA,NA,NA,FALSE,FALSE,NA,NA,NA
"4410","Uvularia","Uvularia perfoliata",NA,NA,NA,NA,NA,NA,NA,NA,0,0,FALSE,FALSE,NA,NA,NA
"4411","Chamaecyparis","Chamaecyparis thyoides",NA,NA,"Tree","Moderate","No","Long","None","None",5,0.1,TRUE,FALSE,1.72e+11,783.6899414,3.409999847
"4412","Osmunda","Osmunda claytoniana",NA,NA,"Forb/herb","Moderate","No","Long","None","None",33.33333333,0.333333333,FALSE,FALSE,NA,NA,NA
"4413","Kalmia","Kalmia angustifolia",10.0212703622219,0,NA,NA,NA,NA,NA,NA,0,0,FALSE,FALSE,NA,NA,NA
"4414","Castanea","Castanea dentata",NA,NA,"Tree","Rapid","No","Long","None","None",0,0,TRUE,FALSE,NA,NA,NA
"4415","Echinacea","Echinacea tennesseensis",NA,NA,NA,NA,NA,NA,NA,NA,0,0,TRUE,FALSE,4386997770,160.7600098,1.470000267
"4416","Iva","Iva frutescens",NA,NA,"Subshrub, Forb/herb","Moderate","No","Long","None","None",0,0,FALSE,FALSE,NA,NA,NA
"4417","Eupatorium","Eupatorium sessilifolium",NA,NA,NA,NA,NA,NA,NA,NA,0,0,TRUE,FALSE,5.81e+11,1515.059998,3.960000038
"4418","Liatris","Liatris pilosa",NA,NA,NA,NA,NA,NA,NA,NA,0,0,FALSE,FALSE,3.23e+11,1335.48999,3.409999847
"4419","Populus","Populus grandidentata",NA,NA,"Tree","Rapid","No","Short","None","None",2.43902439,0.5,TRUE,FALSE,NA,NA,NA
"4420","Scutellaria","Scutellaria integrifolia",NA,NA,NA,NA,NA,NA,NA,NA,0.354609929,0.083333333,FALSE,FALSE,7.34e+11,1369.400024,4.289999723
"4421","Solidago","Solidago puberula",NA,NA,NA,NA,NA,NA,NA,NA,0.124223602,0.042857143,TRUE,FALSE,NA,NA,NA
"4422","Clethra","Clethra alnifolia",NA,NA,"Shrub","Moderate","No","Moderate","None","None",NA,NA,FALSE,FALSE,NA,NA,NA
"4423","Larix","Larix laricina",NA,NA,"Tree","Rapid","No","Moderate","None","None",3.571428571,0.125,TRUE,FALSE,NA,NA,NA
"4424","Avenella","Avenella flexuosa",1.66393830580654,30.1825533919064,"Graminoid","Moderate","No","Short","None","None",NA,NA,FALSE,FALSE,NA,NA,NA
"4425","Asarum","Asarum arifolium",NA,NA,NA,NA,NA,NA,NA,NA,0,0,FALSE,FALSE,3.97e+11,1391.890015,3.680000067
"4426","Carex","Carex platyphylla",NA,NA,NA,NA,NA,NA,NA,NA,0.024607728,0.104582844,TRUE,FALSE,NA,NA,NA
"4427","Carex","Carex platyphylla",NA,NA,NA,NA,NA,NA,NA,NA,0,0,TRUE,FALSE,NA,NA,NA
"4428","Carex","Carex platyphylla",NA,NA,NA,NA,NA,NA,NA,NA,0,0,TRUE,FALSE,NA,NA,NA
"4429","Heuchera","Heuchera longiflora",NA,NA,NA,NA,NA,NA,NA,NA,3.296703297,0.214285714,FALSE,FALSE,51020165534,941.8300781,2.240000248
"4430","Amelanchier","Amelanchier stolonifera",NA,NA,NA,NA,NA,NA,NA,NA,1.169590643,0.105263158,TRUE,FALSE,NA,NA,NA
"4431","Dicentra","Dicentra canadensis",NA,NA,NA,NA,NA,NA,NA,NA,0,0,FALSE,FALSE,NA,NA,NA
"4432","Hydrangea","Hydrangea barbara",NA,NA,NA,NA,NA,NA,NA,NA,0,0,TRUE,FALSE,NA,NA,NA
"4433","Penstemon","Penstemon laevigatus",NA,NA,NA,NA,NA,NA,NA,NA,0.081371694,0.075268817,TRUE,FALSE,NA,NA,NA
"4434","Thalictrum","Thalictrum coriaceum",NA,NA,NA,NA,NA,NA,NA,NA,0,0,FALSE,FALSE,72466265590,1450.48999,2.860000134
"4435","Liriodendron","Liriodendron tulipifera",NA,NA,"Tree","Rapid","No","Moderate","None","None",NA,NA,FALSE,FALSE,NA,NA,NA
"4436","Pycnanthemum","Pycnanthemum flexuosum",NA,NA,NA,NA,NA,NA,NA,NA,0,0,FALSE,FALSE,NA,NA,NA
"4437","Calycanthus","Calycanthus floridus",NA,NA,NA,NA,NA,NA,NA,NA,NA,NA,FALSE,FALSE,NA,NA,NA
"4438","Juglans","Juglans cinerea",NA,NA,"Tree","Rapid","Yes","Short","None","Slight",0,0,TRUE,TRUE,NA,NA,NA
"4439","Athyrium","Athyrium asplenioides",NA,NA,NA,NA,NA,NA,NA,NA,NA,NA,FALSE,FALSE,NA,NA,NA
"4440","Silene","Silene regia",NA,NA,NA,NA,NA,NA,NA,NA,0.007905138,0.010869565,TRUE,FALSE,1.33e+11,837.2699585,3.369999886
"4441","Quercus","Quercus montana",NA,NA,NA,NA,NA,NA,NA,NA,1.865203762,0.811363636,TRUE,FALSE,7.99e+11,1516.880005,3.879999876
"4442","Waldsteinia","Waldsteinia fragarioides",NA,NA,NA,NA,NA,NA,NA,NA,0,0,FALSE,FALSE,NA,NA,NA
"4443","Crataegus","Crataegus phaenopyrum",NA,NA,"Tree, Shrub","Moderate","No","Long","None","None",0.737704918,0.221311475,TRUE,FALSE,NA,NA,NA
"4444","Meehania","Meehania cordata",NA,NA,NA,NA,NA,NA,NA,NA,NA,NA,FALSE,FALSE,1.06e+11,923.8800049,2.869999886
"4445","Lilium","Lilium canadense",NA,NA,NA,NA,NA,NA,NA,NA,1.505376344,0.225806452,TRUE,FALSE,NA,NA,NA
"4446","Cirsium","Cirsium pumilum",NA,NA,NA,NA,NA,NA,NA,NA,0.245630609,0.178082192,TRUE,FALSE,3.6e+11,1339.880066,3.050000191
"4447","Homalosorus","Homalosorus pycnocarpos",NA,NA,NA,NA,NA,NA,NA,NA,NA,NA,FALSE,FALSE,NA,NA,NA
"4448","Lonicera","Lonicera canadensis",NA,NA,NA,NA,NA,NA,NA,NA,0.175336061,0.050847458,TRUE,FALSE,NA,NA,NA
"4449","Malus","Malus coronaria",NA,NA,NA,NA,NA,NA,NA,NA,1.098901099,0.071428571,TRUE,FALSE,NA,NA,NA
"4450","Nabalus","Nabalus altissimus",NA,NA,NA,NA,NA,NA,NA,NA,NA,NA,FALSE,FALSE,NA,NA,NA
"4451","Oenothera","Oenothera gaura",NA,NA,NA,NA,NA,NA,NA,NA,0,0,TRUE,FALSE,NA,NA,NA
"4452","Oenothera","Oenothera gaura",NA,NA,NA,NA,NA,NA,NA,NA,0.102145046,0.04494382,TRUE,FALSE,NA,NA,NA
"4453","Oenothera","Oenothera perennis",2.04632564497426,25.6885870056312,NA,NA,NA,NA,NA,NA,0,0,TRUE,FALSE,NA,NA,NA
"4454","Oenothera","Oenothera perennis",2.04632564497426,25.6885870056312,NA,NA,NA,NA,NA,NA,0.102145046,0.04494382,TRUE,FALSE,NA,NA,NA
"4455","Solidago","Solidago erecta",NA,NA,NA,NA,NA,NA,NA,NA,0.124223602,0.042857143,TRUE,FALSE,4.35e+11,1499.330017,3.439999819
"4456","Solidago","Solidago uliginosa",NA,NA,NA,NA,NA,NA,NA,NA,0.124223602,0.042857143,TRUE,FALSE,NA,NA,NA
"4457","Trillium","Trillium erectum",NA,NA,NA,NA,NA,NA,NA,NA,0,0,FALSE,FALSE,NA,NA,NA
"4458","Hydrastis","Hydrastis canadensis",NA,NA,NA,NA,NA,NA,NA,NA,NA,NA,FALSE,FALSE,NA,NA,NA
"4459","Magnolia","Magnolia macrophylla",NA,NA,NA,NA,NA,NA,NA,NA,0,0,FALSE,FALSE,NA,NA,NA
"4460","Sorbus","Sorbus americana",NA,NA,"Tree, Shrub","Moderate","No","Moderate","None","None",0.721954832,0.263513514,TRUE,FALSE,NA,NA,NA
"4461","Trillium","Trillium recurvatum",NA,NA,NA,NA,NA,NA,NA,NA,0,0,FALSE,FALSE,NA,NA,NA
"4462","Acer","Acer spicatum",NA,NA,"Tree, Shrub","Moderate","No","Moderate","None","None",0.185013876,0.042553191,TRUE,FALSE,NA,NA,NA
"4463","Angelica","Angelica atropurpurea",NA,NA,NA,NA,NA,NA,NA,NA,0,0,TRUE,FALSE,NA,NA,NA
"4464","Decodon","Decodon verticillatus",NA,NA,"Subshrub, Shrub","Rapid","No","Long","None","None",NA,NA,FALSE,FALSE,NA,NA,NA
"4465","Iris","Iris fulva",NA,NA,"Forb/herb","Moderate","No","Moderate","None","None",0.233100233,0.08974359,TRUE,FALSE,NA,NA,NA
"4466","Lyonia","Lyonia ligustrina",NA,NA,"Shrub",NA,"No","Short","None",NA,0,0,FALSE,FALSE,8.21e+11,1485.600037,4.149999857
"4467","Symplocarpus","Symplocarpus foetidus",NA,NA,"Forb/herb","Moderate","No","Moderate","None","None",NA,NA,FALSE,FALSE,NA,NA,NA
"4468","Betula","Betula populifolia",15.928797622669,15.8024896754236,"Tree","Rapid","No","Short","None","None",2.645502646,0.357142857,TRUE,FALSE,NA,NA,NA
"4469","Aristolochia","Aristolochia macrophylla",NA,NA,NA,NA,NA,NA,NA,NA,0,0,TRUE,FALSE,NA,NA,NA
"4470","Quercus","Quercus bicolor",NA,NA,"Tree","Rapid","No","Long","None","None",1.865203762,0.811363636,TRUE,FALSE,NA,NA,NA
"4471","Adlumia","Adlumia fungosa",NA,NA,NA,NA,NA,NA,NA,NA,NA,NA,FALSE,FALSE,NA,NA,NA
"4472","Chamaelirium","Chamaelirium luteum",NA,NA,NA,NA,NA,NA,NA,NA,NA,NA,FALSE,FALSE,NA,NA,NA
"4473","Epigaea","Epigaea repens",NA,NA,NA,NA,NA,NA,NA,NA,NA,NA,FALSE,FALSE,NA,NA,NA
"4474","Symphyotrichum","Symphyotrichum firmum",NA,NA,NA,NA,NA,NA,NA,NA,0,0,TRUE,FALSE,NA,NA,NA
"4475","Franklinia","Franklinia alatamaha",NA,NA,"Tree, Shrub","Moderate","No","Moderate","None","None",NA,NA,FALSE,FALSE,NA,NA,NA
"4476","Filipendula","Filipendula rubra",NA,NA,NA,NA,NA,NA,NA,NA,0,0,TRUE,FALSE,NA,NA,NA
"4477","Dryopteris","Dryopteris intermedia",NA,NA,NA,NA,NA,NA,NA,NA,0.92506938,0.212765957,FALSE,FALSE,NA,NA,NA
"4478","Viola","Viola walteri",NA,NA,NA,NA,NA,NA,NA,NA,NA,NA,TRUE,FALSE,1.6e+11,1269.320007,3.639999866
"4479","Aplectrum","Aplectrum hyemale",NA,NA,NA,NA,NA,NA,NA,NA,NA,NA,FALSE,FALSE,NA,NA,NA
"4480","Asplenium","Asplenium rhizophyllum",NA,NA,NA,NA,NA,NA,NA,NA,0.648148148,0.259259259,FALSE,FALSE,NA,NA,NA
"4481","Asplenium","Asplenium rhizophyllum",NA,NA,NA,NA,NA,NA,NA,NA,6.666666667,0.166666667,FALSE,FALSE,NA,NA,NA
"4482","Asplenium","Asplenium rhizophyllum",NA,NA,NA,NA,NA,NA,NA,NA,300,1.5,FALSE,FALSE,NA,NA,NA
"4483","Clematis","Clematis viorna",NA,NA,NA,NA,NA,NA,NA,NA,0,0,TRUE,FALSE,NA,NA,NA
"4484","Hydrophyllum","Hydrophyllum canadense",NA,NA,NA,NA,NA,NA,NA,NA,0,0,FALSE,FALSE,NA,NA,NA
"4485","Juncus","Juncus roemerianus",NA,NA,"Graminoid","Moderate","No","Long","None","None",0.116788321,0.16,TRUE,FALSE,1.13e+11,885.8899536,4.659999847
"4486","Monarda","Monarda media",NA,NA,NA,NA,NA,NA,NA,NA,0,0,TRUE,FALSE,NA,NA,NA
"4487","Penstemon","Penstemon canescens",NA,NA,NA,NA,NA,NA,NA,NA,0.081371694,0.075268817,TRUE,FALSE,NA,NA,NA
"4488","Sabatia","Sabatia kennedyana",NA,NA,NA,NA,NA,NA,NA,NA,0,0,FALSE,FALSE,NA,NA,NA
"4489","Scirpus","Scirpus polyphyllus",NA,NA,NA,NA,NA,NA,NA,NA,0.158702169,0.08411215,FALSE,FALSE,5.31e+11,1506.320007,3.960000038
"4490","Myrica","Myrica pensylvanica",NA,NA,"Tree, Shrub","Moderate","No","Long","Medium","None",0,0,TRUE,FALSE,NA,NA,NA
"4491","Dryopteris","Dryopteris goldiana",NA,NA,NA,NA,NA,NA,NA,NA,0.92506938,0.212765957,FALSE,FALSE,NA,NA,NA
"4492","Trillium","Trillium cuneatum",NA,NA,NA,NA,NA,NA,NA,NA,0,0,FALSE,FALSE,NA,NA,NA
"4493","Uvularia","Uvularia sessilifolia",NA,NA,NA,NA,NA,NA,NA,NA,0,0,FALSE,FALSE,NA,NA,NA
"4494","Anthoxanthum","Anthoxanthum nitens",0.862770643896462,80.856905003203,"Graminoid","Moderate","No","Moderate","None","None",0,0,TRUE,FALSE,NA,NA,NA
"4495","Anthoxanthum","Anthoxanthum nitens",0.862770643896462,80.856905003203,"Graminoid","Moderate","No","Moderate","None","None",0,0,TRUE,FALSE,NA,NA,NA
"4496","Cardamine","Cardamine diphylla",NA,NA,NA,NA,NA,NA,NA,NA,0.16722408,0.076086957,TRUE,FALSE,NA,NA,NA
"4497","Myrica","Myrica heterophylla",NA,NA,NA,NA,NA,NA,NA,NA,0,0,TRUE,FALSE,NA,NA,NA
"4498","Phacelia","Phacelia bipinnatifida",NA,NA,NA,NA,NA,NA,NA,NA,0.03740835,0.030487805,TRUE,FALSE,2.84e+11,1456.220032,3.879999876
"4499","Phegopteris","Phegopteris hexagonoptera",NA,NA,NA,NA,NA,NA,NA,NA,0,0,FALSE,FALSE,NA,NA,NA
"4500","Sarracenia","Sarracenia flava",NA,NA,NA,NA,NA,NA,NA,NA,0,0,TRUE,FALSE,NA,NA,NA
"4501","Coreopsis","Coreopsis rosea",NA,NA,NA,NA,NA,NA,NA,NA,0,0,TRUE,FALSE,NA,NA,NA
"4502","Fagus","Fagus grandifolia",NA,NA,"Tree","Slow","No","Long","None","None",0,0,FALSE,FALSE,NA,NA,NA
"4503","Carex","Carex woodii",NA,NA,NA,NA,NA,NA,NA,NA,0.024607728,0.104582844,TRUE,FALSE,NA,NA,NA
"4504","Carex","Carex woodii",NA,NA,NA,NA,NA,NA,NA,NA,0,0,TRUE,FALSE,NA,NA,NA
"4505","Carex","Carex woodii",NA,NA,NA,NA,NA,NA,NA,NA,0,0,TRUE,FALSE,NA,NA,NA
"4506","Hylotelephium","Hylotelephium telephioides",NA,NA,NA,NA,NA,NA,NA,NA,NA,NA,TRUE,FALSE,NA,NA,NA
"4507","Sanguisorba","Sanguisorba canadensis",NA,NA,NA,NA,NA,NA,NA,NA,0,0,FALSE,FALSE,NA,NA,NA
"4508","Carex","Carex leavenworthii",NA,NA,NA,NA,NA,NA,NA,NA,0.024607728,0.104582844,TRUE,FALSE,NA,NA,NA
"4509","Carex","Carex leavenworthii",NA,NA,NA,NA,NA,NA,NA,NA,0,0,TRUE,FALSE,NA,NA,NA
"4510","Carex","Carex leavenworthii",NA,NA,NA,NA,NA,NA,NA,NA,0,0,TRUE,FALSE,NA,NA,NA
"4511","Luzula","Luzula multiflora",9.73767554840045,42.9445651231735,NA,NA,NA,NA,NA,NA,0.085251492,0.028985507,TRUE,TRUE,NA,NA,NA
"4512","Marshallia","Marshallia grandiflora",NA,NA,NA,NA,NA,NA,NA,NA,NA,NA,FALSE,FALSE,25852433131,987.6600342,1.400000095
"4513","Medeola","Medeola virginiana",NA,NA,NA,NA,NA,NA,NA,NA,NA,NA,FALSE,FALSE,NA,NA,NA
"4514","Kalmia","Kalmia latifolia",NA,NA,"Tree, Shrub","Slow","No","Long","None","None",0,0,FALSE,FALSE,NA,NA,NA
"4515","Rhododendron","Rhododendron calendulaceum",NA,NA,NA,NA,NA,NA,NA,NA,0,0,TRUE,FALSE,NA,NA,NA
"4516","Rhododendron","Rhododendron atlanticum",NA,NA,"Shrub","Moderate","No","Long","None","None",0,0,TRUE,FALSE,1.22e+11,525.9800415,3.059999943
"4517","Aesculus","Aesculus flava",NA,NA,"Tree, Shrub","Moderate","No","Long","None","Severe",0,0,FALSE,FALSE,NA,NA,NA
"4518","Helianthus","Helianthus microcephalus",NA,NA,NA,NA,NA,NA,NA,NA,1.647058824,0.411764706,TRUE,FALSE,5.07e+11,1496.299988,4.180000067
"4519","Rhododendron","Rhododendron cumberlandense",NA,NA,NA,NA,NA,NA,NA,NA,0,0,TRUE,FALSE,52663793709,1007.100037,2.180000305
"4520","Andersonglossum","Andersonglossum virginianum",NA,NA,NA,NA,NA,NA,NA,NA,NA,NA,FALSE,FALSE,NA,NA,NA
"4521","Andropogon","Andropogon gyrans",NA,NA,NA,NA,NA,NA,NA,NA,0.735294118,0.058823529,TRUE,FALSE,4.67e+11,1294.880005,4.149999619
"4522","Arabidopsis","Arabidopsis lyrata",11.084600734548,88.915399265452,NA,NA,NA,NA,NA,NA,0,0,TRUE,FALSE,NA,NA,NA
"4523","Arabidopsis","Arabidopsis lyrata",11.084600734548,88.915399265452,NA,NA,NA,NA,NA,NA,0,0,TRUE,FALSE,NA,NA,NA
"4524","Calopogon","Calopogon tuberosus",NA,NA,NA,NA,NA,NA,NA,NA,NA,NA,FALSE,FALSE,NA,NA,NA
"4525","Carex","Carex glaucodea",NA,NA,NA,NA,NA,NA,NA,NA,0.024607728,0.104582844,TRUE,FALSE,NA,NA,NA
"4526","Carex","Carex glaucodea",NA,NA,NA,NA,NA,NA,NA,NA,0,0,TRUE,FALSE,NA,NA,NA
"4527","Carex","Carex glaucodea",NA,NA,NA,NA,NA,NA,NA,NA,0,0,TRUE,FALSE,NA,NA,NA
"4528","Carex","Carex nigromarginata",NA,NA,NA,NA,NA,NA,NA,NA,0.024607728,0.104582844,TRUE,FALSE,NA,NA,NA
"4529","Carex","Carex nigromarginata",NA,NA,NA,NA,NA,NA,NA,NA,0,0,TRUE,FALSE,NA,NA,NA
"4530","Carex","Carex nigromarginata",NA,NA,NA,NA,NA,NA,NA,NA,0,0,TRUE,FALSE,NA,NA,NA
"4531","Cirsium","Cirsium muticum",NA,NA,NA,NA,NA,NA,NA,NA,0.245630609,0.178082192,TRUE,FALSE,NA,NA,NA
"4532","Clematis","Clematis crispa",NA,NA,NA,NA,NA,NA,NA,NA,0,0,TRUE,FALSE,3.82e+11,1106.559937,4.319999695
"4533","Clematis","Clematis ochroleuca",NA,NA,NA,NA,NA,NA,NA,NA,0,0,TRUE,FALSE,94662297677,1289.179993,2.369999886
"4534","Coleataenia","Coleataenia anceps",NA,NA,NA,NA,NA,NA,NA,NA,NA,NA,FALSE,FALSE,1.12e+12,1609.700012,4.109999657
"4535","Cyrilla","Cyrilla racemiflora",NA,NA,"Tree, Shrub","Moderate","No","Short","None",NA,NA,NA,FALSE,FALSE,14005135675,609.9200439,2.590000153
"4536","Dichanthelium","Dichanthelium boscii",NA,NA,NA,NA,NA,NA,NA,NA,0,0,TRUE,FALSE,9.82e+11,1499.330017,4.169999838
"4537","Doellingeria","Doellingeria infirma",NA,NA,NA,NA,NA,NA,NA,NA,NA,NA,FALSE,FALSE,3.93e+11,1484.280029,3.180000067
"4538","Elephantopus","Elephantopus tomentosus",NA,NA,NA,NA,NA,NA,NA,NA,0,0,TRUE,FALSE,NA,NA,NA
"4539","Gaylussacia","Gaylussacia frondosa",NA,NA,"Shrub","Slow","No","Long","None","None",0,0,FALSE,FALSE,3.08e+11,922.9099121,3.409999847
"4540","Gentiana","Gentiana saponaria",NA,NA,NA,NA,NA,NA,NA,NA,0.519480519,0.142857143,FALSE,FALSE,3.39e+11,1348.059998,3.659999847
"4541","Gentianopsis","Gentianopsis crinita",NA,NA,NA,NA,NA,NA,NA,NA,0,0,FALSE,FALSE,NA,NA,NA
"4542","Geum","Geum aleppicum",NA,NA,NA,NA,NA,NA,NA,NA,0.674763833,0.128205128,TRUE,FALSE,NA,NA,NA
"4543","Hackelia","Hackelia virginiana",NA,NA,NA,NA,NA,NA,NA,NA,0,0,FALSE,FALSE,NA,NA,NA
"4544","Hylodesmum","Hylodesmum nudiflorum",NA,NA,NA,NA,NA,NA,NA,NA,NA,NA,FALSE,FALSE,NA,NA,NA
"4545","Ludwigia","Ludwigia decurrens",NA,NA,"Forb/herb","Rapid","No","Short","None","None",0.476190476,0.047619048,TRUE,FALSE,NA,NA,NA
"4546","Melothria","Melothria pendula",NA,NA,NA,NA,NA,NA,NA,NA,NA,NA,TRUE,TRUE,NA,NA,NA
"4547","Neviusia","Neviusia alabamensis",NA,NA,NA,NA,NA,NA,NA,NA,NA,NA,FALSE,FALSE,37088062067,986.2700195,3.410000086
"4548","Panax","Panax quinquefolius",NA,NA,NA,NA,NA,NA,NA,NA,0,0,FALSE,FALSE,NA,NA,NA
"4549","Poa","Poa nemoralis",19.0272687298447,36.1802677296317,NA,NA,NA,NA,NA,NA,0,0,TRUE,FALSE,NA,NA,NA
"4550","Poa","Poa nemoralis",19.0272687298447,36.1802677296317,NA,NA,NA,NA,NA,NA,0.116245278,0.107526882,TRUE,FALSE,NA,NA,NA
"4551","Poa","Poa nemoralis",6.93184835250406,60.640566197774,NA,NA,NA,NA,NA,NA,0,0,TRUE,FALSE,NA,NA,NA
"4552","Poa","Poa nemoralis",6.93184835250406,60.640566197774,NA,NA,NA,NA,NA,NA,0.116245278,0.107526882,TRUE,FALSE,NA,NA,NA
"4553","Pycnanthemum","Pycnanthemum torreyi",NA,NA,NA,NA,NA,NA,NA,NA,0,0,FALSE,FALSE,68556189055,567.8399658,3.529999733
"4554","Rhynchospora","Rhynchospora capitellata",NA,NA,NA,NA,NA,NA,NA,NA,0,0,FALSE,FALSE,NA,NA,NA
"4555","Scutellaria","Scutellaria elliptica",NA,NA,NA,NA,NA,NA,NA,NA,0.354609929,0.083333333,FALSE,FALSE,6.81e+11,1511.679993,4.32000041
"4556","Sisyrinchium","Sisyrinchium atlanticum",NA,NA,NA,NA,NA,NA,NA,NA,0,0,TRUE,FALSE,NA,NA,NA
"4557","Strophostyles","Strophostyles umbellata",NA,NA,NA,NA,NA,NA,NA,NA,0,0,FALSE,FALSE,6.02e+11,1410.97998,4.019999504
"4558","Symphyotrichum","Symphyotrichum undulatum",NA,NA,NA,NA,NA,NA,NA,NA,0,0,TRUE,FALSE,NA,NA,NA
"4559","Triosteum","Triosteum aurantiacum",NA,NA,NA,NA,NA,NA,NA,NA,0,0,FALSE,FALSE,NA,NA,NA
"4560","Valeriana","Valeriana pauciflora",NA,NA,NA,NA,NA,NA,NA,NA,NA,NA,TRUE,FALSE,2e+11,771.3899536,3.490000248
"4561","Zephyranthes","Zephyranthes atamasco",NA,NA,NA,NA,NA,NA,NA,NA,NA,NA,TRUE,FALSE,2.45e+11,1170.25,3.409999847
"4562","Pinus","Pinus resinosa",NA,NA,"Tree","Rapid","No","Moderate","None","None",0.216216216,0.08,TRUE,FALSE,NA,NA,NA
"4563","Carex","Carex texensis",NA,NA,NA,NA,NA,NA,NA,NA,0.024607728,0.104582844,TRUE,FALSE,NA,NA,NA
"4564","Carex","Carex texensis",NA,NA,NA,NA,NA,NA,NA,NA,0,0,TRUE,FALSE,NA,NA,NA
"4565","Carex","Carex texensis",NA,NA,NA,NA,NA,NA,NA,NA,0,0,TRUE,FALSE,NA,NA,NA
"4566","Chamaedaphne","Chamaedaphne calyculata",8.2790363164303,1.05744063747169,"Shrub","Moderate","No","Moderate","None","None",NA,NA,FALSE,FALSE,NA,NA,NA
"4567","Eleocharis","Eleocharis geniculata",NA,NA,NA,NA,NA,NA,NA,NA,0.057110223,0.029126214,TRUE,FALSE,NA,NA,NA
"4568","Sorbus","Sorbus decora",NA,NA,"Tree, Shrub","Slow","No","Short","None","Slight",0.721954832,0.263513514,TRUE,FALSE,NA,NA,NA
"4569","Aconitum","Aconitum uncinatum",NA,NA,NA,NA,NA,NA,NA,NA,0.653594771,0.055555556,TRUE,FALSE,NA,NA,NA
"4570","Aesculus","Aesculus sylvatica",NA,NA,"Tree, Shrub","Moderate","No","Long","None","Severe",0,0,FALSE,FALSE,1.35e+11,1203.320007,2.239999771
"4571","Carex","Carex jamesii",NA,NA,NA,NA,NA,NA,NA,NA,0.024607728,0.104582844,TRUE,FALSE,NA,NA,NA
"4572","Carex","Carex jamesii",NA,NA,NA,NA,NA,NA,NA,NA,0,0,TRUE,FALSE,NA,NA,NA
"4573","Carex","Carex jamesii",NA,NA,NA,NA,NA,NA,NA,NA,0,0,TRUE,FALSE,NA,NA,NA
"4574","Carex","Carex shortiana",NA,NA,"Graminoid","Moderate","No","Long","None","None",0.024607728,0.104582844,TRUE,FALSE,NA,NA,NA
"4575","Carex","Carex shortiana",NA,NA,"Graminoid","Moderate","No","Long","None","None",0,0,TRUE,FALSE,NA,NA,NA
"4576","Carex","Carex shortiana",NA,NA,"Graminoid","Moderate","No","Long","None","None",0,0,TRUE,FALSE,NA,NA,NA
"4577","Diarrhena","Diarrhena obovata",NA,NA,NA,NA,NA,NA,NA,NA,NA,NA,FALSE,FALSE,NA,NA,NA
"4578","Dryopteris","Dryopteris celsa",NA,NA,NA,NA,NA,NA,NA,NA,0.92506938,0.212765957,FALSE,FALSE,1.11e+11,1326.420105,3.859999895
"4579","Eragrostis","Eragrostis elliottii",NA,NA,NA,NA,NA,NA,NA,NA,0,0,TRUE,FALSE,NA,NA,NA
"4580","Geranium","Geranium robertianum",22.235726635586,68.2444265965664,NA,NA,NA,NA,NA,NA,0.057830211,0.037878788,TRUE,TRUE,NA,NA,NA
"4581","Ilex","Ilex mucronata",NA,NA,NA,NA,NA,NA,NA,NA,0,0,TRUE,FALSE,NA,NA,NA
"4582","Iris","Iris verna",NA,NA,NA,NA,NA,NA,NA,NA,0.233100233,0.08974359,TRUE,FALSE,3.13e+11,1476.75,3.839999914
"4583","Juncus","Juncus greenei",NA,NA,NA,NA,NA,NA,NA,NA,0.116788321,0.16,TRUE,FALSE,NA,NA,NA
"4584","Laportea","Laportea canadensis",NA,NA,NA,NA,NA,NA,NA,NA,NA,NA,FALSE,FALSE,NA,NA,NA
"4585","Malus","Malus angustifolia",NA,NA,NA,NA,NA,NA,NA,NA,1.098901099,0.071428571,TRUE,FALSE,3.92e+11,1476.75,4.149999857
"4586","Matelea","Matelea obliqua",NA,NA,NA,NA,NA,NA,NA,NA,0,0,FALSE,FALSE,1.52e+11,1248.27002,3.619999886
"4587","Orontium","Orontium aquaticum",NA,NA,NA,NA,NA,NA,NA,NA,NA,NA,FALSE,FALSE,NA,NA,NA
"4588","Robinia","Robinia hispida",NA,NA,NA,NA,NA,NA,NA,NA,0,0,TRUE,FALSE,NA,NA,NA
"4589","Sedum","Sedum glaucophyllum",NA,NA,NA,NA,NA,NA,NA,NA,0,0,TRUE,FALSE,61499489178,1384.330017,2.449999809
"4590","Sedum","Sedum glaucophyllum",NA,NA,NA,NA,NA,NA,NA,NA,0,0,TRUE,FALSE,61499489178,1384.330017,2.449999809
"4591","Sedum","Sedum glaucophyllum",NA,NA,NA,NA,NA,NA,NA,NA,0,0,TRUE,FALSE,61499489178,1384.330017,2.449999809
"4592","Sedum","Sedum pulchellum",NA,NA,NA,NA,NA,NA,NA,NA,0,0,TRUE,FALSE,2.63e+11,1447.690063,4.409999609
"4593","Sedum","Sedum pulchellum",NA,NA,NA,NA,NA,NA,NA,NA,0,0,TRUE,FALSE,2.63e+11,1447.690063,4.409999609
"4594","Sedum","Sedum pulchellum",NA,NA,NA,NA,NA,NA,NA,NA,0,0,TRUE,FALSE,2.63e+11,1447.690063,4.409999609
"4595","Sericocarpus","Sericocarpus asteroides",NA,NA,NA,NA,NA,NA,NA,NA,NA,NA,FALSE,FALSE,NA,NA,NA
"4596","Solidago","Solidago ohioensis",NA,NA,NA,NA,NA,NA,NA,NA,0.124223602,0.042857143,TRUE,FALSE,NA,NA,NA
"4597","Solidago","Solidago riddellii",NA,NA,NA,NA,NA,NA,NA,NA,0.124223602,0.042857143,TRUE,FALSE,NA,NA,NA
"4598","Spiranthes","Spiranthes odorata",NA,NA,NA,NA,NA,NA,NA,NA,0.56980057,0.074074074,FALSE,FALSE,1.67e+11,945.7300415,4.279999733
"4599","Liatris","Liatris microcephala",NA,NA,NA,NA,NA,NA,NA,NA,0,0,FALSE,FALSE,58275564691,1208.810059,2.310000181
"4600","Thelypteris","Thelypteris noveboracensis",NA,NA,"Forb/herb","Moderate","No","Moderate","None","None",20,0.4,FALSE,FALSE,NA,NA,NA
"4601","Thelypteris","Thelypteris noveboracensis",NA,NA,"Forb/herb","Moderate","No","Moderate","None","None",0,0,FALSE,FALSE,NA,NA,NA
"4602","Thelypteris","Thelypteris noveboracensis",NA,NA,"Forb/herb","Moderate","No","Moderate","None","None",0,0,FALSE,FALSE,NA,NA,NA
"4603","Rhododendron","Rhododendron vaseyi",NA,NA,NA,NA,NA,NA,NA,NA,0,0,TRUE,FALSE,NA,NA,NA
"4604","Carex","Carex socialis",NA,NA,NA,NA,NA,NA,NA,NA,0.024607728,0.104582844,TRUE,FALSE,51768350027,605.4400024,3.110000134
"4605","Carex","Carex socialis",NA,NA,NA,NA,NA,NA,NA,NA,0,0,TRUE,FALSE,51768350027,605.4400024,3.110000134
"4606","Carex","Carex socialis",NA,NA,NA,NA,NA,NA,NA,NA,0,0,TRUE,FALSE,51768350027,605.4400024,3.110000134
"4607","Sibbaldiopsis","Sibbaldiopsis tridentata",NA,NA,NA,NA,NA,NA,NA,NA,NA,NA,FALSE,FALSE,NA,NA,NA
"4608","Cornus","Cornus rugosa",35.7516320769905,15.6653552009298,"Tree, Shrub","Moderate","No","Moderate","None","None",1.322751323,0.178571429,TRUE,FALSE,NA,NA,NA
"4609","Luzula","Luzula acuminata",NA,NA,NA,NA,NA,NA,NA,NA,0.085251492,0.028985507,TRUE,FALSE,NA,NA,NA
"4610","Magnolia","Magnolia ashei",NA,NA,NA,NA,NA,NA,NA,NA,0,0,FALSE,FALSE,20375036271,362.3900146,2.720000267
"4611","Persicaria","Persicaria virginiana",NA,NA,NA,NA,NA,NA,NA,NA,1.814516129,0.28125,TRUE,TRUE,NA,NA,NA
"4612","Polygonatum","Polygonatum pubescens",NA,NA,NA,NA,NA,NA,NA,NA,3.636363636,0.181818182,FALSE,FALSE,NA,NA,NA
"4613","Stewartia","Stewartia malacodendron",NA,NA,NA,NA,NA,NA,NA,NA,NA,NA,FALSE,FALSE,1.71e+11,1339.179993,3.409999847
"4614","Woodwardia","Woodwardia virginica",NA,NA,NA,NA,NA,NA,NA,NA,0,0,FALSE,FALSE,NA,NA,NA
"4615","Carex","Carex muskingumensis",NA,NA,"Graminoid","Slow","No","Moderate","None","None",0.024607728,0.104582844,TRUE,FALSE,NA,NA,NA
"4616","Carex","Carex muskingumensis",NA,NA,"Graminoid","Slow","No","Moderate","None","None",0,0,TRUE,FALSE,NA,NA,NA
"4617","Carex","Carex muskingumensis",NA,NA,"Graminoid","Slow","No","Moderate","None","None",0,0,TRUE,FALSE,NA,NA,NA
"4618","Picea","Picea mariana",NA,NA,"Tree","Slow","No","Moderate","None","None",0,0,TRUE,FALSE,NA,NA,NA
"4619","Clethra","Clethra acuminata",NA,NA,NA,NA,NA,NA,NA,NA,NA,NA,FALSE,FALSE,93072488460,1430.890015,2.860000134
"4620","Helianthus","Helianthus occidentalis",37.4051100157016,19.0595117661124,NA,NA,NA,NA,NA,NA,1.647058824,0.411764706,TRUE,FALSE,NA,NA,NA
"4621","Hepatica","Hepatica americana",NA,NA,NA,NA,NA,NA,NA,NA,100,0.5,FALSE,FALSE,NA,NA,NA
"4622","Iris","Iris prismatica",NA,NA,NA,NA,NA,NA,NA,NA,0.233100233,0.08974359,TRUE,FALSE,NA,NA,NA
"4623","Taxus","Taxus canadensis",NA,NA,"Shrub","Moderate","No","Long","None","Moderate",0,0,FALSE,FALSE,NA,NA,NA
"4624","Abildgaardia","Abildgaardia ovata",NA,NA,NA,NA,NA,NA,NA,NA,NA,NA,FALSE,FALSE,NA,NA,NA
"4625","Ageratina","Ageratina aromatica",NA,NA,NA,NA,NA,NA,NA,NA,0,0,TRUE,FALSE,4.6e+11,1450.48999,3.680000067
"4626","Aletris","Aletris farinosa",NA,NA,NA,NA,NA,NA,NA,NA,NA,NA,FALSE,FALSE,NA,NA,NA
"4627","Antennaria","Antennaria virginica",NA,NA,NA,NA,NA,NA,NA,NA,0.354609929,0.083333333,FALSE,FALSE,64136933968,952.710022,2.550000191
"4628","Aralia","Aralia hispida",37.8764732164437,13.1494074770718,NA,NA,NA,NA,NA,NA,0,0,TRUE,FALSE,NA,NA,NA
"4629","Arnoglossum","Arnoglossum reniforme",NA,NA,NA,NA,NA,NA,NA,NA,NA,NA,FALSE,FALSE,3.34e+11,1429.140015,3.659999847
"4630","Arundinaria","Arundinaria tecta",NA,NA,NA,NA,NA,NA,NA,NA,0,0,FALSE,FALSE,NA,NA,NA
"4631","Aureolaria","Aureolaria flava",NA,NA,NA,NA,NA,NA,NA,NA,0,0,FALSE,FALSE,NA,NA,NA
"4632","Boechera","Boechera stricta",NA,NA,NA,NA,NA,NA,NA,NA,0.534759358,0.088235294,FALSE,FALSE,NA,NA,NA
"4633","Boltonia","Boltonia decurrens",NA,NA,NA,NA,NA,NA,NA,NA,NA,NA,FALSE,FALSE,26908765297,374.7999878,2.420000076
"4634","Borodinia","Borodinia laevigata",NA,NA,NA,NA,NA,NA,NA,NA,NA,NA,FALSE,FALSE,NA,NA,NA
"4635","Bulbostylis","Bulbostylis capillaris",NA,NA,NA,NA,NA,NA,NA,NA,0,0,FALSE,FALSE,NA,NA,NA
"4636","Calla","Calla palustris",64.7591695902081,35.2408304097919,NA,NA,NA,NA,NA,NA,NA,NA,FALSE,FALSE,NA,NA,NA
"4637","Carex","Carex aggregata",NA,NA,NA,NA,NA,NA,NA,NA,0.024607728,0.104582844,TRUE,FALSE,NA,NA,NA
"4638","Carex","Carex aggregata",NA,NA,NA,NA,NA,NA,NA,NA,0,0,TRUE,FALSE,NA,NA,NA
"4639","Carex","Carex aggregata",NA,NA,NA,NA,NA,NA,NA,NA,0,0,TRUE,FALSE,NA,NA,NA
"4640","Carex","Carex arctata",NA,NA,NA,NA,NA,NA,NA,NA,0.024607728,0.104582844,TRUE,FALSE,NA,NA,NA
"4641","Carex","Carex arctata",NA,NA,NA,NA,NA,NA,NA,NA,0,0,TRUE,FALSE,NA,NA,NA
"4642","Carex","Carex arctata",NA,NA,NA,NA,NA,NA,NA,NA,0,0,TRUE,FALSE,NA,NA,NA
"4643","Carex","Carex argyrantha",NA,NA,NA,NA,NA,NA,NA,NA,0.024607728,0.104582844,TRUE,FALSE,NA,NA,NA
"4644","Carex","Carex argyrantha",NA,NA,NA,NA,NA,NA,NA,NA,0,0,TRUE,FALSE,NA,NA,NA
"4645","Carex","Carex argyrantha",NA,NA,NA,NA,NA,NA,NA,NA,0,0,TRUE,FALSE,NA,NA,NA
"4646","Carex","Carex careyana",NA,NA,NA,NA,NA,NA,NA,NA,0.024607728,0.104582844,TRUE,FALSE,NA,NA,NA
"4647","Carex","Carex careyana",NA,NA,NA,NA,NA,NA,NA,NA,0,0,TRUE,FALSE,NA,NA,NA
"4648","Carex","Carex careyana",NA,NA,NA,NA,NA,NA,NA,NA,0,0,TRUE,FALSE,NA,NA,NA
"4649","Carex","Carex digitalis",NA,NA,NA,NA,NA,NA,NA,NA,0.024607728,0.104582844,TRUE,FALSE,NA,NA,NA
"4650","Carex","Carex digitalis",NA,NA,NA,NA,NA,NA,NA,NA,0,0,TRUE,FALSE,NA,NA,NA
"4651","Carex","Carex digitalis",NA,NA,NA,NA,NA,NA,NA,NA,0,0,TRUE,FALSE,NA,NA,NA
"4652","Carex","Carex folliculata",NA,NA,NA,NA,NA,NA,NA,NA,0.024607728,0.104582844,TRUE,FALSE,NA,NA,NA
"4653","Carex","Carex folliculata",NA,NA,NA,NA,NA,NA,NA,NA,0,0,TRUE,FALSE,NA,NA,NA
"4654","Carex","Carex folliculata",NA,NA,NA,NA,NA,NA,NA,NA,0,0,TRUE,FALSE,NA,NA,NA
"4655","Carex","Carex willdenowii",NA,NA,NA,NA,NA,NA,NA,NA,0.024607728,0.104582844,TRUE,FALSE,NA,NA,NA
"4656","Carex","Carex willdenowii",NA,NA,NA,NA,NA,NA,NA,NA,0,0,TRUE,FALSE,NA,NA,NA
"4657","Carex","Carex willdenowii",NA,NA,NA,NA,NA,NA,NA,NA,0,0,TRUE,FALSE,NA,NA,NA
"4658","Cartrema","Cartrema americana",NA,NA,NA,NA,NA,NA,NA,NA,NA,NA,FALSE,FALSE,2.26e+11,652.2399902,3.409999847
"4659","Cerastium","Cerastium velutinum",NA,NA,NA,NA,NA,NA,NA,NA,0.153508772,0.072916667,TRUE,FALSE,NA,NA,NA
"4660","Clintonia","Clintonia borealis",NA,NA,"Forb/herb","Moderate","No","Short","None","None",0,0,FALSE,FALSE,NA,NA,NA
"4661","Cocculus","Cocculus carolinus",NA,NA,NA,NA,NA,NA,NA,NA,NA,NA,FALSE,FALSE,9.2e+11,1881.619995,4.449999571
"4662","Coleataenia","Coleataenia pulchra",NA,NA,NA,NA,NA,NA,NA,NA,NA,NA,FALSE,FALSE,NA,NA,NA
"4663","Collinsia","Collinsia verna",NA,NA,NA,NA,NA,NA,NA,NA,1.754385965,0.157894737,FALSE,FALSE,NA,NA,NA
"4664","Commelina","Commelina erecta",NA,NA,NA,NA,NA,NA,NA,NA,0,0,TRUE,FALSE,NA,NA,NA
"4665","Coreopsis","Coreopsis leavenworthii",NA,NA,NA,NA,NA,NA,NA,NA,0,0,TRUE,FALSE,1.13e+11,770.6800537,3.869999886
"4666","Coreopsis","Coreopsis major",NA,NA,NA,NA,NA,NA,NA,NA,0,0,TRUE,FALSE,NA,NA,NA
"4667","Corydalis","Corydalis flavula",NA,NA,"Forb/herb","Rapid","No",NA,"None","Slight",0,0,FALSE,FALSE,NA,NA,NA
"4668","Cyperus","Cyperus echinatus",NA,NA,NA,NA,NA,NA,NA,NA,0,0,TRUE,FALSE,NA,NA,NA
"4669","Cyperus","Cyperus echinatus",NA,NA,NA,NA,NA,NA,NA,NA,0,0,TRUE,FALSE,NA,NA,NA
"4670","Cyperus","Cyperus echinatus",NA,NA,NA,NA,NA,NA,NA,NA,0,0,TRUE,FALSE,NA,NA,NA
"4671","Cyperus","Cyperus echinatus",NA,NA,NA,NA,NA,NA,NA,NA,0,0,TRUE,FALSE,NA,NA,NA
"4672","Cyperus","Cyperus echinatus",NA,NA,NA,NA,NA,NA,NA,NA,0,0,TRUE,FALSE,NA,NA,NA
"4673","Cyperus","Cyperus echinatus",NA,NA,NA,NA,NA,NA,NA,NA,0,0,TRUE,FALSE,NA,NA,NA
"4674","Cyperus","Cyperus echinatus",NA,NA,NA,NA,NA,NA,NA,NA,0,0,TRUE,FALSE,NA,NA,NA
"4675","Desmodium","Desmodium ciliare",7.85925087842971,9.48818472395277,NA,NA,NA,NA,NA,NA,0.128205128,0.025,TRUE,FALSE,NA,NA,NA
"4676","Desmodium","Desmodium marilandicum",NA,NA,NA,NA,NA,NA,NA,NA,0.128205128,0.025,TRUE,FALSE,NA,NA,NA
"4677","Dichanthelium","Dichanthelium depauperatum",NA,NA,NA,NA,NA,NA,NA,NA,0,0,TRUE,FALSE,NA,NA,NA
"4678","Dichanthelium","Dichanthelium laxiflorum",NA,NA,NA,NA,NA,NA,NA,NA,0,0,TRUE,FALSE,8.36e+11,1367.75,4.279999733
"4679","Eragrostis","Eragrostis hirsuta",NA,NA,NA,NA,NA,NA,NA,NA,0,0,TRUE,FALSE,NA,NA,NA
"4680","Erechtites","Erechtites hieraciifolius",NA,NA,NA,NA,NA,NA,NA,NA,0,0,TRUE,TRUE,NA,NA,NA
"4681","Eupatorium","Eupatorium godfreyanum",NA,NA,NA,NA,NA,NA,NA,NA,0,0,TRUE,FALSE,84566455813,933.6399536,2.360000134
"4682","Eupatorium","Eupatorium pilosum",NA,NA,NA,NA,NA,NA,NA,NA,0,0,TRUE,FALSE,3.41e+11,1450.48999,3.460000038
"4683","Galax","Galax urceolata",NA,NA,NA,NA,NA,NA,NA,NA,NA,NA,FALSE,FALSE,NA,NA,NA
"4684","Gentiana","Gentiana villosa",NA,NA,NA,NA,NA,NA,NA,NA,0.519480519,0.142857143,FALSE,FALSE,2.6e+11,1450.48999,3.460000038
"4685","Geum","Geum virginianum",NA,NA,NA,NA,NA,NA,NA,NA,0.674763833,0.128205128,TRUE,FALSE,NA,NA,NA
"4686","Hasteola","Hasteola suaveolens",NA,NA,NA,NA,NA,NA,NA,NA,NA,NA,FALSE,FALSE,NA,NA,NA
"4687","Hieracium","Hieracium scabrum",7.902506342052,18.5404120609694,NA,NA,NA,NA,NA,NA,0.95317248,1.320143885,TRUE,FALSE,NA,NA,NA
"4688","Hydrocotyle","Hydrocotyle umbellata",NA,NA,NA,NA,NA,NA,NA,NA,0,0,TRUE,TRUE,NA,NA,NA
"4689","Hydrophyllum","Hydrophyllum macrophyllum",NA,NA,NA,NA,NA,NA,NA,NA,0,0,FALSE,FALSE,2.17e+11,1319.880066,3.960000038
"4690","Hypericum","Hypericum majus",NA,NA,NA,NA,NA,NA,NA,NA,0.129032258,0.08,TRUE,FALSE,NA,NA,NA
"4691","Hypericum","Hypericum majus",NA,NA,NA,NA,NA,NA,NA,NA,0,0,TRUE,FALSE,NA,NA,NA
"4692","Ilex","Ilex collina",NA,NA,NA,NA,NA,NA,NA,NA,0,0,TRUE,FALSE,12735383534,845.3599854,1.880000114
"4693","Juncus","Juncus coriaceus",NA,NA,NA,NA,NA,NA,NA,NA,0.116788321,0.16,TRUE,FALSE,5e+11,1334.97998,4.289999723
"4694","Juncus","Juncus gymnocarpus",NA,NA,NA,NA,NA,NA,NA,NA,0.116788321,0.16,TRUE,FALSE,43604057072,1279.910034,3.170000076
"4695","Kosteletzkya","Kosteletzkya pentacarpos",NA,NA,NA,NA,NA,NA,NA,NA,NA,NA,FALSE,FALSE,NA,NA,NA
"4696","Krigia","Krigia dandelion",NA,NA,NA,NA,NA,NA,NA,NA,0,0,FALSE,FALSE,NA,NA,NA
"4697","Lespedeza","Lespedeza angustifolia",NA,NA,NA,NA,NA,NA,NA,NA,2.666666667,0.32,TRUE,FALSE,1.75e+11,941.6799927,3.359999657
"4698","Lespedeza","Lespedeza procumbens",NA,NA,NA,NA,NA,NA,NA,NA,2.666666667,0.32,TRUE,FALSE,8.8e+11,1549.630005,4.159999847
"4699","Ludwigia","Ludwigia maritima",NA,NA,NA,NA,NA,NA,NA,NA,0.476190476,0.047619048,TRUE,FALSE,1.9e+11,758.6099243,3.869999886
"4700","Luzula","Luzula echinata",NA,NA,NA,NA,NA,NA,NA,NA,0.085251492,0.028985507,TRUE,FALSE,6.67e+11,1496.299988,3.960000038
"4701","Lyonia","Lyonia lucida",NA,NA,"Shrub","Moderate","No","Long","None","None",0,0,FALSE,FALSE,3.44e+11,758.6099243,3.869999886
"4702","Lysimachia","Lysimachia borealis",NA,NA,NA,NA,NA,NA,NA,NA,0,0,TRUE,FALSE,NA,NA,NA
"4703","Lysimachia","Lysimachia borealis",NA,NA,NA,NA,NA,NA,NA,NA,0.150829563,0.038461538,TRUE,FALSE,NA,NA,NA
"4704","Lysimachia","Lysimachia borealis",NA,NA,NA,NA,NA,NA,NA,NA,0,0,TRUE,FALSE,NA,NA,NA
"4705","Magnolia","Magnolia fraseri",NA,NA,"Tree","Rapid","No","Moderate","None","None",0,0,FALSE,FALSE,NA,NA,NA
"4706","Melica","Melica mutica",NA,NA,NA,NA,NA,NA,NA,NA,0,0,FALSE,FALSE,6.17e+11,1745.089996,4.430000067
"4707","Minuartia","Minuartia michauxii",NA,NA,NA,NA,NA,NA,NA,NA,0,0,FALSE,FALSE,NA,NA,NA
"4708","Muhlenbergia","Muhlenbergia sobolifera",NA,NA,NA,NA,NA,NA,NA,NA,0,0,TRUE,FALSE,NA,NA,NA
"4709","Muhlenbergia","Muhlenbergia sobolifera",NA,NA,NA,NA,NA,NA,NA,NA,0.052882073,0.016129032,TRUE,FALSE,NA,NA,NA
"4710","Nabalus","Nabalus trifoliolatus",NA,NA,NA,NA,NA,NA,NA,NA,NA,NA,FALSE,FALSE,4646744231,865.0800171,2.110000134
"4711","Nuphar","Nuphar variegata",NA,NA,NA,NA,NA,NA,NA,NA,10,0.2,TRUE,FALSE,NA,NA,NA
"4712","Nuttallanthus","Nuttallanthus canadensis",NA,NA,NA,NA,NA,NA,NA,NA,NA,NA,FALSE,FALSE,NA,NA,NA
"4713","Nyssa","Nyssa ogeche",NA,NA,"Tree","Rapid","No","Short","None","None",NA,NA,FALSE,FALSE,78585126130,594.2099609,3.170000076
"4714","Oclemena","Oclemena acuminata",8.38605418763504,22.9888387063826,NA,NA,NA,NA,NA,NA,NA,NA,FALSE,FALSE,NA,NA,NA
"4715","Oenothera","Oenothera pilosella",NA,NA,"Forb/herb","Moderate","No","Moderate","Low","None",0,0,TRUE,FALSE,NA,NA,NA
"4716","Oenothera","Oenothera pilosella",NA,NA,"Forb/herb","Moderate","No","Moderate","Low","None",0.102145046,0.04494382,TRUE,FALSE,NA,NA,NA
"4717","Orbexilum","Orbexilum pedunculatum",NA,NA,NA,NA,NA,NA,NA,NA,NA,NA,FALSE,FALSE,6.7e+11,1414.429993,4.289999723
"4718","Osmunda","Osmunda spectabilis",NA,NA,"Forb/herb","Rapid","No","Moderate","None","None",33.33333333,0.333333333,FALSE,FALSE,NA,NA,NA
"4719","Oxalis","Oxalis stricta",23.2121147473457,76.7878852526543,NA,NA,NA,NA,NA,NA,0,0,TRUE,TRUE,NA,NA,NA
"4720","Paspalum","Paspalum floridanum",4.47357969167977,22.256890316597,NA,NA,NA,NA,NA,NA,0,0,TRUE,FALSE,NA,NA,NA
"4721","Phemeranthus","Phemeranthus teretifolius",NA,NA,NA,NA,NA,NA,NA,NA,0,0,FALSE,FALSE,1.59e+11,1315.890015,2.640000105
"4722","Platanthera","Platanthera ciliaris",NA,NA,NA,NA,NA,NA,NA,NA,0,0,FALSE,FALSE,NA,NA,NA
"4723","Platanthera","Platanthera ciliaris",NA,NA,NA,NA,NA,NA,NA,NA,1.333333333,0.16,FALSE,FALSE,NA,NA,NA
"4724","Platanthera","Platanthera flava",NA,NA,NA,NA,NA,NA,NA,NA,0,0,FALSE,FALSE,NA,NA,NA
"4725","Platanthera","Platanthera flava",NA,NA,NA,NA,NA,NA,NA,NA,1.333333333,0.16,FALSE,FALSE,NA,NA,NA
"4726","Polygonum","Polygonum virginianum",NA,NA,NA,NA,NA,NA,NA,NA,0.02920774,0.024096386,TRUE,FALSE,NA,NA,NA
"4727","Potentilla","Potentilla canadensis",NA,NA,NA,NA,NA,NA,NA,NA,0.163203816,0.145251397,TRUE,FALSE,NA,NA,NA
"4728","Primula","Primula fassettii",NA,NA,NA,NA,NA,NA,NA,NA,0,0,TRUE,FALSE,57983452536,715.4200439,3.380000114
"4729","Primula","Primula fassettii",NA,NA,NA,NA,NA,NA,NA,NA,0.784313725,0.196078431,TRUE,FALSE,57983452536,715.4200439,3.380000114
"4730","Prunus","Prunus alleghaniensis",NA,NA,NA,NA,NA,NA,NA,NA,0.240891298,0.097560976,TRUE,FALSE,NA,NA,NA
"4731","Quercus","Quercus geminata",NA,NA,NA,NA,NA,NA,NA,NA,1.865203762,0.811363636,TRUE,FALSE,1.73e+11,754.3599243,3.5
"4732","Rhexia","Rhexia mariana",NA,NA,NA,NA,NA,NA,NA,NA,0,0,FALSE,FALSE,9.24e+11,1807.559998,4.799999952
"4733","Ribes","Ribes cynosbati",NA,NA,NA,NA,NA,NA,NA,NA,0.088157508,0.036144578,TRUE,FALSE,NA,NA,NA
"4734","Rubus","Rubus canadensis",NA,NA,NA,NA,NA,NA,NA,NA,0.06483085,0.181850534,TRUE,FALSE,NA,NA,NA
"4735","Rubus","Rubus pensilvanicus",13.6430473042632,19.4548895719326,NA,NA,NA,NA,NA,NA,0.06483085,0.181850534,TRUE,FALSE,6581147672,210.5700073,1.869999886
"4736","Rubus","Rubus pensilvanicus",13.6430473042632,19.4548895719326,NA,NA,NA,NA,NA,NA,0.06483085,0.181850534,TRUE,FALSE,8347168038,709.1500244,1.300000191
"4737","Rubus","Rubus pensilvanicus",13.6430473042632,19.4548895719326,NA,NA,NA,NA,NA,NA,0.06483085,0.181850534,TRUE,FALSE,9087277019,884.2700195,1.78000021
"4738","Rubus","Rubus pensilvanicus",13.6430473042632,19.4548895719326,NA,NA,NA,NA,NA,NA,0.06483085,0.181850534,TRUE,FALSE,1508194692,331.3000488,2.449999809
"4739","Rubus","Rubus pensilvanicus",13.6430473042632,19.4548895719326,NA,NA,NA,NA,NA,NA,0.06483085,0.181850534,TRUE,FALSE,18475655539,865.1999512,2.909999847
"4740","Rubus","Rubus pensilvanicus",13.6430473042632,19.4548895719326,NA,NA,NA,NA,NA,NA,0.06483085,0.181850534,TRUE,FALSE,447475055,126.0699463,0.699999809
"4741","Rubus","Rubus pensilvanicus",13.6430473042632,19.4548895719326,NA,NA,NA,NA,NA,NA,0.06483085,0.181850534,TRUE,FALSE,10880062698,884.2700195,2.449999809
"4742","Rubus","Rubus pensilvanicus",13.6430473042632,19.4548895719326,NA,NA,NA,NA,NA,NA,0.06483085,0.181850534,TRUE,FALSE,2152713608,519.1799316,1.940000057
"4743","Rubus","Rubus pensilvanicus",13.6430473042632,19.4548895719326,NA,NA,NA,NA,NA,NA,0.06483085,0.181850534,TRUE,FALSE,5056253880,187.1700439,2.21999979
"4744","Rubus","Rubus pensilvanicus",13.6430473042632,19.4548895719326,NA,NA,NA,NA,NA,NA,0.06483085,0.181850534,TRUE,FALSE,44418758986,283.1799316,3.210000038
"4745","Rubus","Rubus pensilvanicus",13.6430473042632,19.4548895719326,NA,NA,NA,NA,NA,NA,0.06483085,0.181850534,TRUE,FALSE,48016915481,208.7199707,2.760000229
"4746","Rubus","Rubus pensilvanicus",13.6430473042632,19.4548895719326,NA,NA,NA,NA,NA,NA,0.06483085,0.181850534,TRUE,FALSE,2058178956,85.69006348,1.830000401
"4747","Ruellia","Ruellia purshiana",NA,NA,NA,NA,NA,NA,NA,NA,0,0,TRUE,FALSE,50373216590,745.4299316,2.289999962
"4748","Sabatia","Sabatia stellaris",NA,NA,NA,NA,NA,NA,NA,NA,0,0,FALSE,FALSE,1.69e+11,783.5799561,3.869999886
"4749","Sagittaria","Sagittaria rigida",NA,NA,NA,NA,NA,NA,NA,NA,0,0,TRUE,FALSE,NA,NA,NA
"4750","Salix","Salix cordata",NA,NA,NA,NA,NA,NA,NA,NA,0.594652598,0.627358491,TRUE,FALSE,NA,NA,NA
"4751","Sambucus","Sambucus cerulea",NA,NA,"Tree, Shrub","Rapid","No","Moderate","None","Moderate",0,0,TRUE,FALSE,NA,NA,NA
"4752","Schizachyrium","Schizachyrium littorale",NA,NA,NA,NA,NA,NA,NA,NA,NA,NA,TRUE,FALSE,26491075783,1114.730042,4.289999962
"4753","Schoenoplectiella","Schoenoplectiella smithii",NA,NA,NA,NA,NA,NA,NA,NA,NA,NA,FALSE,FALSE,NA,NA,NA
"4754","Scirpus","Scirpus atrocinctus",38.357109324739,4.2763271390665,NA,NA,NA,NA,NA,NA,0.158702169,0.08411215,FALSE,FALSE,NA,NA,NA
"4755","Scrophularia","Scrophularia macrantha",NA,NA,NA,NA,NA,NA,NA,NA,0,0,FALSE,FALSE,28768621242,562.6800232,3.089999676
"4756","Sedum","Sedum nevii",NA,NA,NA,NA,NA,NA,NA,NA,0,0,TRUE,FALSE,13788716460,434.4199219,1.25
"4757","Sedum","Sedum nevii",NA,NA,NA,NA,NA,NA,NA,NA,0,0,TRUE,FALSE,13788716460,434.4199219,1.25
"4758","Sedum","Sedum nevii",NA,NA,NA,NA,NA,NA,NA,NA,0,0,TRUE,FALSE,13788716460,434.4199219,1.25
"4759","Sericocarpus","Sericocarpus linifolius",NA,NA,NA,NA,NA,NA,NA,NA,NA,NA,FALSE,FALSE,4.51e+11,1450.48999,3.409999847
"4760","Solidago","Solidago pinetorum",NA,NA,NA,NA,NA,NA,NA,NA,0.124223602,0.042857143,TRUE,FALSE,NA,NA,NA
"4761","Solidago","Solidago roanensis",NA,NA,NA,NA,NA,NA,NA,NA,0.124223602,0.042857143,TRUE,FALSE,1.08e+11,1499.330017,2.799999952
"4762","Solidago","Solidago simplex",NA,NA,NA,NA,NA,NA,NA,NA,0.124223602,0.042857143,TRUE,FALSE,NA,NA,NA
"4763","Solidago","Solidago squarrosa",NA,NA,NA,NA,NA,NA,NA,NA,0.124223602,0.042857143,TRUE,FALSE,NA,NA,NA
"4764","Sophora","Sophora tomentosa",NA,NA,NA,NA,NA,NA,NA,NA,0,0,FALSE,FALSE,NA,NA,NA
"4765","Sporobolus","Sporobolus cynosuroides",NA,NA,"Graminoid","Moderate","No","Long","None","None",0,0,TRUE,FALSE,NA,NA,NA
"4766","Sporobolus","Sporobolus cynosuroides",NA,NA,"Graminoid","Moderate","No","Long","None","None",0,0,TRUE,FALSE,NA,NA,NA
"4767","Sporobolus","Sporobolus cynosuroides",NA,NA,"Graminoid","Moderate","No","Long","None","None",1.086956522,0.125,TRUE,FALSE,NA,NA,NA
"4768","Sporobolus","Sporobolus cynosuroides",NA,NA,"Graminoid","Moderate","No","Long","None","None",0,0,TRUE,FALSE,NA,NA,NA
"4769","Sporobolus","Sporobolus neglectus",NA,NA,NA,NA,NA,NA,NA,NA,0,0,TRUE,TRUE,NA,NA,NA
"4770","Sporobolus","Sporobolus neglectus",NA,NA,NA,NA,NA,NA,NA,NA,0,0,TRUE,TRUE,NA,NA,NA
"4771","Sporobolus","Sporobolus neglectus",NA,NA,NA,NA,NA,NA,NA,NA,1.086956522,0.125,TRUE,TRUE,NA,NA,NA
"4772","Sporobolus","Sporobolus neglectus",NA,NA,NA,NA,NA,NA,NA,NA,0,0,TRUE,TRUE,NA,NA,NA
"4773","Sporobolus","Sporobolus pumilus",NA,NA,"Graminoid","Moderate","No","Long","None","None",0,0,TRUE,TRUE,NA,NA,NA
"4774","Sporobolus","Sporobolus pumilus",NA,NA,"Graminoid","Moderate","No","Long","None","None",0,0,TRUE,TRUE,NA,NA,NA
"4775","Sporobolus","Sporobolus pumilus",NA,NA,"Graminoid","Moderate","No","Long","None","None",1.086956522,0.125,TRUE,TRUE,NA,NA,NA
"4776","Sporobolus","Sporobolus pumilus",NA,NA,"Graminoid","Moderate","No","Long","None","None",0,0,TRUE,TRUE,NA,NA,NA
"4777","Stachys","Stachys aspera",NA,NA,NA,NA,NA,NA,NA,NA,0.052246604,0.022727273,TRUE,FALSE,1.15e+11,657.9899292,3.909999847
"4778","Stachys","Stachys hispida",NA,NA,NA,NA,NA,NA,NA,NA,0.052246604,0.022727273,TRUE,FALSE,NA,NA,NA
"4779","Stellaria","Stellaria pubera",NA,NA,NA,NA,NA,NA,NA,NA,0.0683527,0.025974026,TRUE,FALSE,NA,NA,NA
"4780","Streptopus","Streptopus amplexifolius",NA,NA,NA,NA,NA,NA,NA,NA,100,0.5,FALSE,FALSE,NA,NA,NA
"4781","Streptopus","Streptopus lanceolatus",NA,NA,NA,NA,NA,NA,NA,NA,100,0.5,FALSE,FALSE,NA,NA,NA
"4782","Symphyotrichum","Symphyotrichum tenuifolium",NA,NA,NA,NA,NA,NA,NA,NA,0,0,TRUE,FALSE,1.23e+11,885.8899536,4.529999733
"4783","Trichophorum","Trichophorum planifolium",NA,NA,NA,NA,NA,NA,NA,NA,0,0,FALSE,FALSE,NA,NA,NA
"4784","Trichostema","Trichostema brachiatum",NA,NA,NA,NA,NA,NA,NA,NA,0,0,FALSE,FALSE,NA,NA,NA
"4785","Uniola","Uniola paniculata",NA,NA,"Graminoid","Slow","No","Long","None","None",NA,NA,FALSE,FALSE,NA,NA,NA
"4786","Vaccinium","Vaccinium formosum",NA,NA,NA,NA,NA,NA,NA,NA,0.340136054,0.081632653,FALSE,FALSE,NA,NA,NA
"4787","Viburnum","Viburnum lantanoides",NA,NA,"Shrub","Slow","No","Long","None","None",0.333333333,0.04,TRUE,FALSE,NA,NA,NA
"4788","Viburnum","Viburnum recognitum",NA,NA,NA,NA,NA,NA,NA,NA,0.333333333,0.04,TRUE,TRUE,NA,NA,NA
"4789","Viola","Viola hastata",NA,NA,NA,NA,NA,NA,NA,NA,NA,NA,TRUE,FALSE,NA,NA,NA
"4790","Xyris","Xyris caroliniana",NA,NA,NA,NA,NA,NA,NA,NA,NA,NA,FALSE,FALSE,NA,NA,NA
"4791","Silphium","Silphium terebinthinaceum",51.0630892425697,0,NA,NA,NA,NA,NA,NA,0,0,FALSE,FALSE,NA,NA,NA
"4792","Oxydendrum","Oxydendrum arboreum",NA,NA,"Shrub, Tree","Slow","No","Moderate","None","None",NA,NA,FALSE,FALSE,NA,NA,NA
"4793","Dirca","Dirca palustris",NA,NA,NA,NA,NA,NA,NA,NA,NA,NA,FALSE,FALSE,NA,NA,NA
"4794","Hydrangea","Hydrangea radiata",NA,NA,NA,NA,NA,NA,NA,NA,0,0,TRUE,FALSE,28775991415,1391.890015,1.659999847
"4795","Phlox","Phlox carolina",NA,NA,NA,NA,NA,NA,NA,NA,0.408163265,0.1,FALSE,FALSE,1.84e+11,1450.48999,3.680000067
"4796","Amianthium","Amianthium muscaetoxicum",NA,NA,NA,NA,NA,NA,NA,NA,NA,NA,FALSE,FALSE,NA,NA,NA
"4797","Ampelaster","Ampelaster carolinianus",NA,NA,NA,NA,NA,NA,NA,NA,NA,NA,FALSE,FALSE,NA,NA,NA
"4798","Antennaria","Antennaria solitaria",NA,NA,NA,NA,NA,NA,NA,NA,0.354609929,0.083333333,FALSE,FALSE,NA,NA,NA
"4799","Asarum","Asarum virginicum",NA,NA,NA,NA,NA,NA,NA,NA,0,0,FALSE,FALSE,1.6e+11,1335.48999,3.059999943
"4800","Cardamine","Cardamine maxima",NA,NA,NA,NA,NA,NA,NA,NA,0.16722408,0.076086957,TRUE,FALSE,NA,NA,NA
"4801","Drymocallis","Drymocallis arguta",NA,NA,NA,NA,NA,NA,NA,NA,NA,NA,FALSE,FALSE,NA,NA,NA
"4802","Dryopteris","Dryopteris ludoviciana",NA,NA,NA,NA,NA,NA,NA,NA,0.92506938,0.212765957,FALSE,FALSE,1.32e+11,618.9700928,3.119999886
"4803","Eryngium","Eryngium aquaticum",NA,NA,NA,NA,NA,NA,NA,NA,0.235294118,0.058823529,TRUE,FALSE,NA,NA,NA
"4804","Erythronium","Erythronium rostratum",NA,NA,NA,NA,NA,NA,NA,NA,0,0,FALSE,FALSE,1.29e+11,711.5400391,3.059999943
"4805","Frangula","Frangula caroliniana",NA,NA,"Shrub, Tree","Moderate","No","Short","None",NA,0,0,TRUE,FALSE,NA,NA,NA
"4806","Gelsemium","Gelsemium rankinii",NA,NA,NA,NA,NA,NA,NA,NA,NA,NA,FALSE,FALSE,90895437844,583.8898926,3.170000076
"4807","Hydrophyllum","Hydrophyllum appendiculatum",NA,NA,NA,NA,NA,NA,NA,NA,0,0,FALSE,FALSE,NA,NA,NA
"4808","Lysimachia","Lysimachia quadrifolia",NA,NA,NA,NA,NA,NA,NA,NA,0,0,TRUE,FALSE,NA,NA,NA
"4809","Lysimachia","Lysimachia quadrifolia",NA,NA,NA,NA,NA,NA,NA,NA,0.150829563,0.038461538,TRUE,FALSE,NA,NA,NA
"4810","Lysimachia","Lysimachia quadrifolia",NA,NA,NA,NA,NA,NA,NA,NA,0,0,TRUE,FALSE,NA,NA,NA
"4811","Napaea","Napaea dioica",NA,NA,NA,NA,NA,NA,NA,NA,NA,NA,FALSE,FALSE,NA,NA,NA
"4812","Panax","Panax trifolius",NA,NA,NA,NA,NA,NA,NA,NA,0,0,FALSE,FALSE,NA,NA,NA
"4813","Rhododendron","Rhododendron alabamense",NA,NA,NA,NA,NA,NA,NA,NA,0,0,TRUE,FALSE,67231580821,520.9299316,3.230000257
"4814","Rhynchospora","Rhynchospora colorata",NA,NA,NA,NA,NA,NA,NA,NA,0,0,FALSE,FALSE,NA,NA,NA
"4815","Sarracenia","Sarracenia leucophylla",NA,NA,NA,NA,NA,NA,NA,NA,0,0,TRUE,FALSE,NA,NA,NA
"4816","Scutellaria","Scutellaria serrata",NA,NA,NA,NA,NA,NA,NA,NA,0.354609929,0.083333333,FALSE,FALSE,1.28e+11,1450.48999,2.889999866
"4817","Sisyrinchium","Sisyrinchium albidum",9.93324789545709,18.5801086019367,NA,NA,NA,NA,NA,NA,0,0,TRUE,FALSE,NA,NA,NA
"4818","Symphyotrichum","Symphyotrichum shortii",NA,NA,NA,NA,NA,NA,NA,NA,0,0,TRUE,FALSE,NA,NA,NA
"4819","Thalia","Thalia dealbata",NA,NA,NA,NA,NA,NA,NA,NA,NA,NA,FALSE,FALSE,NA,NA,NA
"4820","Trillium","Trillium cernuum",54.4039360287219,45.5960639712781,NA,NA,NA,NA,NA,NA,0,0,FALSE,FALSE,NA,NA,NA
"4821","Trillium","Trillium flexipes",60.4816515787206,39.5183484212794,NA,NA,NA,NA,NA,NA,0,0,FALSE,FALSE,NA,NA,NA
"4822","Vaccinium","Vaccinium darrowii",NA,NA,NA,NA,NA,NA,NA,NA,0.340136054,0.081632653,FALSE,FALSE,1.5e+11,652.2399902,3.170000076
"4823","Viola","Viola palmata",NA,NA,NA,NA,NA,NA,NA,NA,NA,NA,TRUE,FALSE,6.35e+11,1381.299988,3.779999733
"4824","Viola","Viola rostrata",NA,NA,NA,NA,NA,NA,NA,NA,NA,NA,TRUE,FALSE,NA,NA,NA
"4825","Zenobia","Zenobia pulverulenta",NA,NA,"Shrub","Moderate","No","Moderate","None","None",NA,NA,FALSE,FALSE,65474557129,409.4200439,3.059999943
"4826","Carex","Carex cherokeensis",25.3235231720563,42.1980334516037,NA,NA,NA,NA,NA,NA,0.024607728,0.104582844,TRUE,FALSE,NA,NA,NA
"4827","Carex","Carex cherokeensis",25.3235231720563,42.1980334516037,NA,NA,NA,NA,NA,NA,0,0,TRUE,FALSE,NA,NA,NA
"4828","Carex","Carex cherokeensis",25.3235231720563,42.1980334516037,NA,NA,NA,NA,NA,NA,0,0,TRUE,FALSE,NA,NA,NA
"4829","Astilbe","Astilbe biternata",NA,NA,NA,NA,NA,NA,NA,NA,100,0.5,FALSE,FALSE,75221696622,1391.97998,2.240000248
"4830","Rhododendron","Rhododendron austrinum",NA,NA,NA,NA,NA,NA,NA,NA,0,0,TRUE,FALSE,67714785118,554.7199707,3.170000076
"4831","Agarista","Agarista populifolia",NA,NA,NA,NA,NA,NA,NA,NA,NA,NA,FALSE,FALSE,NA,NA,NA
"4832","Anemone","Anemone quinquefolia",38.2640560637132,61.7359439362868,NA,NA,NA,NA,NA,NA,0.289855072,0.065217391,TRUE,FALSE,NA,NA,NA
"4833","Claytonia","Claytonia caroliniana",NA,NA,NA,NA,NA,NA,NA,NA,1.13960114,0.148148148,TRUE,FALSE,NA,NA,NA
"4834","Equisetum","Equisetum scirpoides",NA,NA,NA,NA,NA,NA,NA,NA,2.70531401,0.608695652,TRUE,FALSE,NA,NA,NA
"4835","Gaylussacia","Gaylussacia brachycera",NA,NA,NA,NA,NA,NA,NA,NA,0,0,FALSE,FALSE,28168961364,979.1199951,2.46999979
"4836","Nyssa","Nyssa aquatica",NA,NA,"Tree","Moderate","No","Long","None","None",NA,NA,FALSE,FALSE,3.8e+11,732.6399536,3.879999638
"4837","Phlox","Phlox stolonifera",NA,NA,NA,NA,NA,NA,NA,NA,0.408163265,0.1,FALSE,FALSE,NA,NA,NA
"4838","Pinus","Pinus pungens",NA,NA,"Tree",NA,"No","Long","None","None",0.216216216,0.08,TRUE,FALSE,NA,NA,NA
"4839","Rhododendron","Rhododendron flammeum",NA,NA,NA,NA,NA,NA,NA,NA,0,0,TRUE,FALSE,14468603717,558.2600098,1.75
"4840","Tradescantia","Tradescantia subaspera",NA,NA,NA,NA,NA,NA,NA,NA,0,0,TRUE,FALSE,NA,NA,NA
"4841","Trillium","Trillium viridescens",NA,NA,NA,NA,NA,NA,NA,NA,0,0,FALSE,FALSE,72232142653,650.8599854,3.210000038
"4842","Viola","Viola cucullata",NA,NA,NA,NA,NA,NA,NA,NA,NA,NA,TRUE,TRUE,NA,NA,NA
"4843","Allium","Allium stellatum",NA,NA,NA,NA,NA,NA,NA,NA,0,0,TRUE,FALSE,NA,NA,NA
"4844","Asplenium","Asplenium trichomanes",NA,NA,NA,NA,NA,NA,NA,NA,0.648148148,0.259259259,FALSE,FALSE,NA,NA,NA
"4845","Asplenium","Asplenium trichomanes",NA,NA,NA,NA,NA,NA,NA,NA,6.666666667,0.166666667,FALSE,FALSE,NA,NA,NA
"4846","Asplenium","Asplenium trichomanes",NA,NA,NA,NA,NA,NA,NA,NA,300,1.5,FALSE,FALSE,NA,NA,NA
"4847","Dryopteris","Dryopteris clintoniana",NA,NA,NA,NA,NA,NA,NA,NA,0.92506938,0.212765957,FALSE,FALSE,NA,NA,NA
"4848","Rhododendron","Rhododendron carolinianum",NA,NA,NA,NA,NA,NA,NA,NA,0,0,TRUE,FALSE,NA,NA,NA
"4849","Talinum","Talinum calycinum",NA,NA,NA,NA,NA,NA,NA,NA,0,0,TRUE,FALSE,NA,NA,NA
"4850","Trillium","Trillium pusillum",NA,NA,NA,NA,NA,NA,NA,NA,0,0,FALSE,FALSE,82344815532,900.4700317,3.25
"4851","Trillium","Trillium sulcatum",NA,NA,NA,NA,NA,NA,NA,NA,0,0,FALSE,FALSE,78741229895,928.4699707,3.080000162
"4852","Solidago","Solidago shortii",NA,NA,NA,NA,NA,NA,NA,NA,0.124223602,0.042857143,TRUE,FALSE,3907847581,98.2199707,2.220000267
"4853","Dryopteris","Dryopteris carthusiana",73.4480926541415,17.0540243477744,NA,NA,NA,NA,NA,NA,0.92506938,0.212765957,FALSE,FALSE,NA,NA,NA
"4854","Pinus","Pinus palustris",NA,NA,"Tree","Rapid","No","Moderate","None","None",0.216216216,0.08,TRUE,FALSE,NA,NA,NA
"4855","Callisia","Callisia rosea",NA,NA,NA,NA,NA,NA,NA,NA,NA,NA,TRUE,FALSE,NA,NA,NA
"4856","Carex","Carex bromoides",NA,NA,NA,NA,NA,NA,NA,NA,0.024607728,0.104582844,TRUE,FALSE,NA,NA,NA
"4857","Carex","Carex bromoides",NA,NA,NA,NA,NA,NA,NA,NA,0,0,TRUE,FALSE,NA,NA,NA
"4858","Carex","Carex bromoides",NA,NA,NA,NA,NA,NA,NA,NA,0,0,TRUE,FALSE,NA,NA,NA
"4859","Achillea","Achillea alpina",NA,NA,NA,NA,NA,NA,NA,NA,0.790960452,0.233333333,TRUE,FALSE,NA,NA,NA
"4860","Agastache","Agastache cana",NA,NA,NA,NA,NA,NA,NA,NA,0,0,FALSE,FALSE,52892704953,819.8799744,3.089999676
"4861","Amsonia","Amsonia rigida",NA,NA,NA,NA,NA,NA,NA,NA,0,0,FALSE,FALSE,12152425204,404.4500732,2.340000153
"4862","Anisacanthus","Anisacanthus quadrifidus",NA,NA,NA,NA,NA,NA,NA,NA,NA,NA,FALSE,FALSE,18713023687,413.2600403,1.829999924
"4863","Asarum","Asarum shuttleworthii",NA,NA,NA,NA,NA,NA,NA,NA,0,0,FALSE,FALSE,78088422605,1391.890015,3.439999819
"4864","Asclepias","Asclepias quadrifolia",NA,NA,NA,NA,NA,NA,NA,NA,0.037023325,0.013513514,TRUE,FALSE,NA,NA,NA
"4865","Asplenium","Asplenium resiliens",NA,NA,NA,NA,NA,NA,NA,NA,0.648148148,0.259259259,FALSE,FALSE,7.37e+11,2129.450012,7.259999633
"4866","Asplenium","Asplenium resiliens",NA,NA,NA,NA,NA,NA,NA,NA,6.666666667,0.166666667,FALSE,FALSE,7.37e+11,2129.450012,7.259999633
"4867","Asplenium","Asplenium resiliens",NA,NA,NA,NA,NA,NA,NA,NA,300,1.5,FALSE,FALSE,7.37e+11,2129.450012,7.259999633
"4868","Camassia","Camassia cusickii",NA,NA,NA,NA,NA,NA,NA,NA,0,0,FALSE,FALSE,33164122470,1580.38002,3.980000019
"4869","Carex","Carex fraseriana",NA,NA,NA,NA,NA,NA,NA,NA,0.024607728,0.104582844,TRUE,FALSE,49456853621,1385.160034,2.909999847
"4870","Carex","Carex fraseriana",NA,NA,NA,NA,NA,NA,NA,NA,0,0,TRUE,FALSE,49456853621,1385.160034,2.909999847
"4871","Carex","Carex fraseriana",NA,NA,NA,NA,NA,NA,NA,NA,0,0,TRUE,FALSE,49456853621,1385.160034,2.909999847
"4872","Carex","Carex gravida",NA,NA,NA,NA,NA,NA,NA,NA,0.024607728,0.104582844,TRUE,FALSE,NA,NA,NA
"4873","Carex","Carex gravida",NA,NA,NA,NA,NA,NA,NA,NA,0,0,TRUE,FALSE,NA,NA,NA
"4874","Carex","Carex gravida",NA,NA,NA,NA,NA,NA,NA,NA,0,0,TRUE,FALSE,NA,NA,NA
"4875","Carex","Carex pseudocyperus",34.1626640631785,31.6181617910334,NA,NA,NA,NA,NA,NA,0.024607728,0.104582844,TRUE,FALSE,NA,NA,NA
"4876","Carex","Carex pseudocyperus",34.1626640631785,31.6181617910334,NA,NA,NA,NA,NA,NA,0,0,TRUE,FALSE,NA,NA,NA
"4877","Carex","Carex pseudocyperus",34.1626640631785,31.6181617910334,NA,NA,NA,NA,NA,NA,0,0,TRUE,FALSE,NA,NA,NA
"4878","Carex","Carex sartwellii",13.3187160566895,29.2677770879802,NA,NA,NA,NA,NA,NA,0.024607728,0.104582844,TRUE,FALSE,NA,NA,NA
"4879","Carex","Carex sartwellii",13.3187160566895,29.2677770879802,NA,NA,NA,NA,NA,NA,0,0,TRUE,FALSE,NA,NA,NA
"4880","Carex","Carex sartwellii",13.3187160566895,29.2677770879802,NA,NA,NA,NA,NA,NA,0,0,TRUE,FALSE,NA,NA,NA
"4881","Carex","Carex trichocarpa",NA,NA,"Graminoid","Rapid","No","Long","None","None",0.024607728,0.104582844,TRUE,FALSE,NA,NA,NA
"4882","Carex","Carex trichocarpa",NA,NA,"Graminoid","Rapid","No","Long","None","None",0,0,TRUE,FALSE,NA,NA,NA
"4883","Carex","Carex trichocarpa",NA,NA,"Graminoid","Rapid","No","Long","None","None",0,0,TRUE,FALSE,NA,NA,NA
"4884","Clintonia","Clintonia umbellulata",NA,NA,NA,NA,NA,NA,NA,NA,0,0,FALSE,FALSE,2.01e+11,1516.880005,3.039999962
"4885","Clusia","Clusia rosea",NA,NA,NA,NA,NA,NA,NA,NA,NA,NA,TRUE,TRUE,NA,NA,NA
"4886","Convallaria","Convallaria montana",NA,NA,NA,NA,NA,NA,NA,NA,NA,NA,FALSE,FALSE,NA,NA,NA
"4887","Coptis","Coptis trifolia",NA,NA,NA,NA,NA,NA,NA,NA,NA,NA,FALSE,FALSE,NA,NA,NA
"4888","Coreopsis","Coreopsis gladiata",NA,NA,NA,NA,NA,NA,NA,NA,0,0,TRUE,FALSE,NA,NA,NA
"4889","Cypripedium","Cypripedium reginae",NA,NA,NA,NA,NA,NA,NA,NA,0.735294118,0.058823529,FALSE,FALSE,NA,NA,NA
"4890","Diarrhena","Diarrhena americana",NA,NA,NA,NA,NA,NA,NA,NA,NA,NA,FALSE,FALSE,1.7e+11,1209.850037,3.839999914
"4891","Dioscorea","Dioscorea quaternata",NA,NA,NA,NA,NA,NA,NA,NA,0,0,TRUE,FALSE,2.86e+11,952.710022,3.659999847
"4892","Dioscorea","Dioscorea quaternata",NA,NA,NA,NA,NA,NA,NA,NA,0,0,TRUE,FALSE,2.86e+11,952.710022,3.659999847
"4893","Eleocharis","Eleocharis erythropoda",NA,NA,NA,NA,NA,NA,NA,NA,0.057110223,0.029126214,TRUE,FALSE,NA,NA,NA
"4894","Eleocharis","Eleocharis exigua",NA,NA,NA,NA,NA,NA,NA,NA,0.057110223,0.029126214,TRUE,FALSE,NA,NA,NA
"4895","Eriogonum","Eriogonum allenii",NA,NA,NA,NA,NA,NA,NA,NA,0.016457654,0.020242915,FALSE,FALSE,22062445445,796.1000366,1.539999962
"4896","Euonymus","Euonymus obovatus",NA,NA,NA,NA,NA,NA,NA,NA,0,0,TRUE,FALSE,NA,NA,NA
"4897","Euonymus","Euonymus obovatus",NA,NA,NA,NA,NA,NA,NA,NA,0,0,TRUE,FALSE,NA,NA,NA
"4898","Fraxinus","Fraxinus nigra",NA,NA,"Tree","Slow","No","Moderate","None","None",0.476190476,0.047619048,TRUE,FALSE,NA,NA,NA
"4899","Gordonia","Gordonia lasianthus",NA,NA,"Tree, Shrub","Slow","No","Moderate","None","None",NA,NA,FALSE,FALSE,1.98e+11,747.9400024,3.409999847
"4900","Gymnocarpium","Gymnocarpium dryopteris",33.0915831759813,56.4102653558767,NA,NA,NA,NA,NA,NA,NA,NA,FALSE,FALSE,NA,NA,NA
"4901","Hamamelis","Hamamelis ovalis",NA,NA,NA,NA,NA,NA,NA,NA,NA,NA,FALSE,FALSE,13798307765,249.7399902,2
"4902","Heuchera","Heuchera parviflora",NA,NA,NA,NA,NA,NA,NA,NA,3.296703297,0.214285714,FALSE,FALSE,1.43e+11,1391.97998,3.21999979
"4903","Hydrocharis","Hydrocharis spongia",NA,NA,"Forb/herb","Moderate","No","Short","None","None",NA,NA,TRUE,FALSE,NA,NA,NA
"4904","Hydrocotyle","Hydrocotyle verticillata",NA,NA,NA,NA,NA,NA,NA,NA,0,0,TRUE,TRUE,NA,NA,NA
"4905","Iliamna","Iliamna remota",NA,NA,NA,NA,NA,NA,NA,NA,0,0,FALSE,FALSE,NA,NA,NA
"4906","Iris","Iris hexagona",NA,NA,NA,NA,NA,NA,NA,NA,0.233100233,0.08974359,TRUE,FALSE,NA,NA,NA
"4907","Lepidium","Lepidium virginicum",9.1824812274268,61.4902508671886,NA,NA,NA,NA,NA,NA,3.571428571,0.125,TRUE,TRUE,NA,NA,NA
"4908","Lepidium","Lepidium virginicum",9.1824812274268,61.4902508671886,NA,NA,NA,NA,NA,NA,0.014992504,0.00862069,TRUE,TRUE,NA,NA,NA
"4909","Lewisia","Lewisia nevadensis",NA,NA,NA,NA,NA,NA,NA,NA,4.093567251,0.368421053,FALSE,FALSE,6.01e+11,4763.339844,7.360000014
"4910","Lewisia","Lewisia pygmaea",NA,NA,NA,NA,NA,NA,NA,NA,4.093567251,0.368421053,FALSE,FALSE,77231003002,1662,5.719999552
"4911","Lindernia","Lindernia grandiflora",NA,NA,NA,NA,NA,NA,NA,NA,0,0,TRUE,FALSE,67936471599,615.4400024,3.119999886
"4912","Mecardonia","Mecardonia procumbens",NA,NA,NA,NA,NA,NA,NA,NA,NA,NA,TRUE,TRUE,NA,NA,NA
"4913","Mimosa","Mimosa strigillosa",NA,NA,NA,NA,NA,NA,NA,NA,0,0,TRUE,FALSE,1.87e+11,1069.73999,4.659999847
"4914","Myosotis","Myosotis alpestris",20.5898924007387,54.7155561669148,NA,NA,NA,NA,NA,NA,0.03417635,0.012987013,TRUE,FALSE,NA,NA,NA
"4915","Nemopanthus","Nemopanthus mucronatus",NA,NA,NA,NA,NA,NA,NA,NA,NA,NA,FALSE,FALSE,NA,NA,NA
"4916","Nemophila","Nemophila aphylla",NA,NA,NA,NA,NA,NA,NA,NA,0,0,FALSE,FALSE,1.34e+11,693.1799927,4.020000219
"4917","Oenothera","Oenothera humifusa",NA,NA,NA,NA,NA,NA,NA,NA,0,0,TRUE,FALSE,NA,NA,NA
"4918","Oenothera","Oenothera humifusa",NA,NA,NA,NA,NA,NA,NA,NA,0.102145046,0.04494382,TRUE,FALSE,NA,NA,NA
"4919","Oplismenus","Oplismenus hirtellus",NA,NA,NA,NA,NA,NA,NA,NA,0,0,TRUE,FALSE,NA,NA,NA
"4920","Pediomelum","Pediomelum subacaule",NA,NA,NA,NA,NA,NA,NA,NA,0,0,FALSE,FALSE,17923416337,492.7999268,2.580000162
"4921","Pediomelum","Pediomelum subacaule",NA,NA,NA,NA,NA,NA,NA,NA,0,0,FALSE,FALSE,17923416337,492.7999268,2.580000162
"4922","Phemeranthus","Phemeranthus calcaricus",NA,NA,NA,NA,NA,NA,NA,NA,0,0,FALSE,FALSE,17042187029,713.9099121,3.339999676
"4923","Phlox","Phlox amoena",NA,NA,NA,NA,NA,NA,NA,NA,0.408163265,0.1,FALSE,FALSE,2e+11,1294.640015,3.680000067
"4924","Phlox","Phlox buckleyi",NA,NA,NA,NA,NA,NA,NA,NA,0.408163265,0.1,FALSE,FALSE,23328884448,706.6500244,1.610000134
"4925","Physostegia","Physostegia leptophylla",NA,NA,NA,NA,NA,NA,NA,NA,33.33333333,0.333333333,FALSE,FALSE,51470336331,516.4200439,3.359999657
"4926","Pieris","Pieris phillyreifolia",NA,NA,NA,NA,NA,NA,NA,NA,NA,NA,FALSE,FALSE,74549734253,606.5899658,3.170000076
"4927","Portulaca","Portulaca pilosa",NA,NA,NA,NA,NA,NA,NA,NA,0,0,TRUE,FALSE,NA,NA,NA
"4928","Portulaca","Portulaca umbraticola",NA,NA,NA,NA,NA,NA,NA,NA,0,0,TRUE,FALSE,NA,NA,NA
"4929","Quercus","Quercus laurifolia",NA,NA,"Tree","Rapid","No","Short","None","None",1.865203762,0.811363636,TRUE,FALSE,NA,NA,NA
"4930","Quercus","Quercus pagoda",NA,NA,"Tree","Moderate","No","Moderate","None","None",1.865203762,0.811363636,TRUE,FALSE,3.37e+11,715.249939,3.879999638
"4931","Rhododendron","Rhododendron tomentosum",NA,NA,"Shrub",NA,"No","Short","None","Slight",0,0,TRUE,FALSE,NA,NA,NA
"4932","Salix","Salix myricoides",NA,NA,NA,NA,NA,NA,NA,NA,0.594652598,0.627358491,TRUE,FALSE,NA,NA,NA
"4933","Salix","Salix pyrifolia",NA,NA,NA,NA,NA,NA,NA,NA,0.594652598,0.627358491,TRUE,FALSE,NA,NA,NA
"4934","Sedum","Sedum borschii",NA,NA,NA,NA,NA,NA,NA,NA,0,0,TRUE,FALSE,68926007463,1920.82991,3.269999504
"4935","Sedum","Sedum borschii",NA,NA,NA,NA,NA,NA,NA,NA,0,0,TRUE,FALSE,68926007463,1920.82991,3.269999504
"4936","Sedum","Sedum borschii",NA,NA,NA,NA,NA,NA,NA,NA,0,0,TRUE,FALSE,68926007463,1920.82991,3.269999504
"4937","Sisyrinchium","Sisyrinchium nashii",NA,NA,NA,NA,NA,NA,NA,NA,0,0,TRUE,FALSE,1.66e+11,1246.470093,4.00999999
"4938","Solidago","Solidago drummondii",NA,NA,NA,NA,NA,NA,NA,NA,0.124223602,0.042857143,TRUE,FALSE,NA,NA,NA
"4939","Sporobolus","Sporobolus rigidus",NA,NA,NA,NA,NA,NA,NA,NA,0,0,TRUE,FALSE,NA,NA,NA
"4940","Sporobolus","Sporobolus rigidus",NA,NA,NA,NA,NA,NA,NA,NA,0,0,TRUE,FALSE,NA,NA,NA
"4941","Sporobolus","Sporobolus rigidus",NA,NA,NA,NA,NA,NA,NA,NA,1.086956522,0.125,TRUE,FALSE,NA,NA,NA
"4942","Sporobolus","Sporobolus rigidus",NA,NA,NA,NA,NA,NA,NA,NA,0,0,TRUE,FALSE,NA,NA,NA
"4943","Stenanthium","Stenanthium gramineum",NA,NA,NA,NA,NA,NA,NA,NA,NA,NA,FALSE,FALSE,NA,NA,NA
"4944","Thalia","Thalia geniculata",NA,NA,NA,NA,NA,NA,NA,NA,NA,NA,FALSE,FALSE,NA,NA,NA
"4945","Trillium","Trillium simile",NA,NA,NA,NA,NA,NA,NA,NA,0,0,FALSE,FALSE,7921357050,1146.780029,1.429999828
"4946","Veratrum","Veratrum virginicum",NA,NA,NA,NA,NA,NA,NA,NA,0,0,FALSE,FALSE,3.52e+11,1391.450012,4.069999695
"4947","Viola","Viola rotundifolia",NA,NA,NA,NA,NA,NA,NA,NA,NA,NA,TRUE,FALSE,NA,NA,NA
"4948","Gaultheria","Gaultheria procumbens",NA,NA,"Subshrub, Shrub","Slow","No","Long","None","None",2.222222222,0.1,TRUE,FALSE,NA,NA,NA
"4949","Amelanchier","Amelanchier nantucketensis",NA,NA,NA,NA,NA,NA,NA,NA,1.169590643,0.105263158,TRUE,FALSE,14932228516,480.0300293,2.329999924
"4950","Asclepias","Asclepias perennis",NA,NA,NA,NA,NA,NA,NA,NA,0.037023325,0.013513514,TRUE,FALSE,3.56e+11,738.9700317,3.920000076
"4951","Echinacea","Echinacea simulata",NA,NA,NA,NA,NA,NA,NA,NA,0,0,TRUE,FALSE,NA,NA,NA
"4952","Gomphrena","Gomphrena haageana",NA,NA,NA,NA,NA,NA,NA,NA,0,0,TRUE,FALSE,13509722339,646.3600006,1.489999771
"4953","Hesperocyparis","Hesperocyparis glabra",NA,NA,NA,NA,NA,NA,NA,NA,NA,NA,TRUE,FALSE,1.05e+11,964.8500061,7.399999976
"4954","Milium","Milium effusum",34.2511739660438,49.628196116618,NA,NA,NA,NA,NA,NA,0,0,FALSE,FALSE,NA,NA,NA
"4955","Muhlenbergia","Muhlenbergia lindheimeri",NA,NA,NA,NA,NA,NA,NA,NA,0,0,TRUE,FALSE,60687520409,571.25,2.200000286
"4956","Muhlenbergia","Muhlenbergia lindheimeri",NA,NA,NA,NA,NA,NA,NA,NA,0.052882073,0.016129032,TRUE,FALSE,60687520409,571.25,2.200000286
"4957","Phlox","Phlox amplifolia",NA,NA,NA,NA,NA,NA,NA,NA,0.408163265,0.1,FALSE,FALSE,NA,NA,NA
"4958","Pieris","Pieris floribunda",NA,NA,NA,NA,NA,NA,NA,NA,NA,NA,FALSE,FALSE,NA,NA,NA
"4959","Polemonium","Polemonium carneum",NA,NA,NA,NA,NA,NA,NA,NA,0,0,FALSE,FALSE,1.87e+11,5340.590149,4.630000114
"4960","Prosartes","Prosartes lanuginosa",NA,NA,NA,NA,NA,NA,NA,NA,NA,NA,FALSE,FALSE,NA,NA,NA
"4961","Pycnanthemum","Pycnanthemum curvipes",NA,NA,NA,NA,NA,NA,NA,NA,0,0,FALSE,FALSE,8893926033,419.7600098,1.510000229
"4962","Silphium","Silphium mohrii",NA,NA,NA,NA,NA,NA,NA,NA,0,0,FALSE,FALSE,15815832016,492.7999268,2.310000181
"4963","Itea","Itea virginica",NA,NA,"Shrub","Slow","No","Short","None","None",NA,NA,FALSE,FALSE,7.46e+11,1294.640015,4.289999723
"4964","Amsonia","Amsonia illustris",NA,NA,NA,NA,NA,NA,NA,NA,0,0,FALSE,FALSE,1.05e+11,533.8900146,3.339999676
"4965","Actaea","Actaea rubifolia",NA,NA,NA,NA,NA,NA,NA,NA,16.66666667,0.25,FALSE,FALSE,29362715086,810.3499756,3.119999886
"4966","Magnolia","Magnolia grandiflora",NA,NA,"Tree","Moderate","No","Long","None","None",0,0,FALSE,FALSE,NA,NA,NA
"4967","Melampodium","Melampodium divaricatum",NA,NA,NA,NA,NA,NA,NA,NA,NA,NA,FALSE,FALSE,NA,NA,NA
"4968","Pinus","Pinus longaeva",NA,NA,NA,NA,NA,NA,NA,NA,0.216216216,0.08,TRUE,FALSE,3.6e+11,1662,7.460000396
"4969","Pistia","Pistia stratiotes",NA,NA,NA,NA,NA,NA,NA,NA,0,0,TRUE,TRUE,NA,NA,NA
"4970","Polystichum","Polystichum braunii",NA,NA,NA,NA,NA,NA,NA,NA,4.666666667,0.56,FALSE,FALSE,NA,NA,NA
"4971","Prosartes","Prosartes maculata",NA,NA,NA,NA,NA,NA,NA,NA,NA,NA,FALSE,FALSE,61453417666,1202.710022,3.109999895
"4972","Thymophylla","Thymophylla tenuiloba",NA,NA,NA,NA,NA,NA,NA,NA,0,0,TRUE,TRUE,NA,NA,NA
"4973","Tsuga","Tsuga caroliniana",NA,NA,"Tree","Slow","No","Moderate","None","None",0,0,FALSE,FALSE,NA,NA,NA
"4974","Diervilla","Diervilla sessilifolia",NA,NA,NA,NA,NA,NA,NA,NA,NA,NA,FALSE,FALSE,33476015175,1391.890015,1.440000057
"4975","Coreopsis","Coreopsis palustris",NA,NA,NA,NA,NA,NA,NA,NA,0,0,TRUE,FALSE,5807852003,280.8400879,2.570000172
"4976","Duranta","Duranta erecta",NA,NA,NA,NA,NA,NA,NA,NA,NA,NA,TRUE,TRUE,NA,NA,NA
"4977","Eustoma","Eustoma russellianum",NA,NA,NA,NA,NA,NA,NA,NA,NA,NA,FALSE,FALSE,NA,NA,NA
"4978","Halesia","Halesia diptera",NA,NA,"Tree, Shrub","Moderate","No",NA,"None",NA,NA,NA,FALSE,FALSE,NA,NA,NA
"4979","Paxistima","Paxistima canbyi",NA,NA,NA,NA,NA,NA,NA,NA,NA,NA,FALSE,FALSE,NA,NA,NA
"4980","Clematis","Clematis texensis",NA,NA,NA,NA,NA,NA,NA,NA,0,0,TRUE,FALSE,14896153823,260.1699829,1.800000191
"4981","Arabis","Arabis caucasica",40.3072740855268,24.4012414352371,NA,NA,NA,NA,NA,NA,0.035267149,0.018691589,TRUE,FALSE,NA,NA,NA
"4982","Oenothera","Oenothera tetragona",NA,NA,NA,NA,NA,NA,NA,NA,0,0,TRUE,FALSE,NA,NA,NA
"4983","Oenothera","Oenothera tetragona",NA,NA,NA,NA,NA,NA,NA,NA,0.102145046,0.04494382,TRUE,FALSE,NA,NA,NA
"4984","Potentilla","Potentilla neumanniana",NA,NA,NA,NA,NA,NA,NA,NA,0.163203816,0.145251397,TRUE,FALSE,NA,NA,NA
"4985","Rudbeckia","Rudbeckia speciosa",NA,NA,NA,NA,NA,NA,NA,NA,0,0,TRUE,FALSE,NA,NA,NA
"4986","Asplenium","Asplenium scolopendrium",NA,NA,NA,NA,NA,NA,NA,NA,0.648148148,0.259259259,FALSE,FALSE,NA,NA,NA
"4987","Asplenium","Asplenium scolopendrium",NA,NA,NA,NA,NA,NA,NA,NA,6.666666667,0.166666667,FALSE,FALSE,NA,NA,NA
"4988","Asplenium","Asplenium scolopendrium",NA,NA,NA,NA,NA,NA,NA,NA,300,1.5,FALSE,FALSE,NA,NA,NA
"4989","Leucothoe","Leucothoe catesbaei",NA,NA,NA,NA,NA,NA,NA,NA,0,0,FALSE,FALSE,NA,NA,NA
"4990","Polemonium","Polemonium boreale",NA,NA,NA,NA,NA,NA,NA,NA,0,0,FALSE,FALSE,NA,NA,NA
"4991","Talinum","Talinum paniculatum",NA,NA,NA,NA,NA,NA,NA,NA,0,0,TRUE,TRUE,NA,NA,NA
"4992","Xanthorhiza","Xanthorhiza simplicissima",NA,NA,NA,NA,NA,NA,NA,NA,NA,NA,FALSE,FALSE,NA,NA,NA
"4993","Hypericum","Hypericum frondosum",NA,NA,NA,NA,NA,NA,NA,NA,0.129032258,0.08,TRUE,FALSE,NA,NA,NA
"4994","Hypericum","Hypericum frondosum",NA,NA,NA,NA,NA,NA,NA,NA,0,0,TRUE,FALSE,NA,NA,NA
"4995","Illicium","Illicium floridanum",NA,NA,NA,NA,NA,NA,NA,NA,NA,NA,FALSE,FALSE,1.11e+11,528.3200684,3.170000076
"4996","Rhododendron","Rhododendron canadense",NA,NA,"Shrub","Moderate","Yes","Long","None","Slight",0,0,TRUE,FALSE,NA,NA,NA
"4997","Carex","Carex glaucescens",NA,NA,"Graminoid","Moderate","No","Long","None","None",0.024607728,0.104582844,TRUE,FALSE,3.17e+11,783.6899414,4.020000219
"4998","Carex","Carex glaucescens",NA,NA,"Graminoid","Moderate","No","Long","None","None",0,0,TRUE,FALSE,3.17e+11,783.6899414,4.020000219
"4999","Carex","Carex glaucescens",NA,NA,"Graminoid","Moderate","No","Long","None","None",0,0,TRUE,FALSE,3.17e+11,783.6899414,4.020000219
"5000","Vernonia","Vernonia angustifolia",NA,NA,NA,NA,NA,NA,NA,NA,0,0,FALSE,FALSE,2.52e+11,806.5699463,3.170000076
"5001","Vernonia","Vernonia angustifolia",NA,NA,NA,NA,NA,NA,NA,NA,0,0,FALSE,FALSE,2.52e+11,806.5699463,3.170000076
"5002","Rhododendron","Rhododendron maximum",NA,NA,"Tree, Shrub","Slow","Yes","Long","None","Moderate",0,0,TRUE,TRUE,NA,NA,NA
"5003","Vernonia","Vernonia lettermannii",NA,NA,NA,NA,NA,NA,NA,NA,0,0,FALSE,FALSE,16946799346,498.2199707,2.260000229
"5004","Vernonia","Vernonia lettermannii",NA,NA,NA,NA,NA,NA,NA,NA,0,0,FALSE,FALSE,16946799346,498.2199707,2.260000229
"5005","Dichondra","Dichondra argentea",NA,NA,NA,NA,NA,NA,NA,NA,0,0,TRUE,FALSE,72167454969,722.0999908,4.92999959
"5006","Illicium","Illicium parviflorum",NA,NA,NA,NA,NA,NA,NA,NA,NA,NA,FALSE,FALSE,18632524541,205.0200195,2.609999657
"5007","Rudbeckia","Rudbeckia nitida",NA,NA,"Forb/herb","Rapid","No","Short","None","None",0,0,TRUE,FALSE,25557908583,465.1600342,3.119999886
"5008","Magnolia","Magnolia acuminata",NA,NA,"Tree","Rapid","No","Moderate","None","None",0,0,FALSE,FALSE,NA,NA,NA
"5009","Aster","Aster dumosus",NA,NA,NA,NA,NA,NA,NA,NA,0.154181027,0.11409396,FALSE,FALSE,NA,NA,NA
"5010","Chelone","Chelone lyonii",NA,NA,NA,NA,NA,NA,NA,NA,0,0,FALSE,FALSE,NA,NA,NA
"5011","Aquilegia","Aquilegia caerulea",NA,NA,NA,NA,NA,NA,NA,NA,0.740055504,0.170212766,FALSE,FALSE,NA,NA,NA
"5012","Muhlenbergia","Muhlenbergia reverchonii",NA,NA,NA,NA,NA,NA,NA,NA,0,0,TRUE,FALSE,55894422515,495.8499756,2.419999599
"5013","Muhlenbergia","Muhlenbergia reverchonii",NA,NA,NA,NA,NA,NA,NA,NA,0.052882073,0.016129032,TRUE,FALSE,55894422515,495.8499756,2.419999599
"5014","Halesia","Halesia carolina",NA,NA,"Shrub, Tree","Moderate","No","Moderate","None","None",NA,NA,FALSE,FALSE,1.28e+11,1511.679993,2.800000191
"5015","Amsonia","Amsonia hubrichtii",NA,NA,NA,NA,NA,NA,NA,NA,0,0,FALSE,FALSE,18862905868,557.210083,2.470000267
"5016","Hypericum","Hypericum kalmianum",NA,NA,NA,NA,NA,NA,NA,NA,0.129032258,0.08,TRUE,FALSE,NA,NA,NA
"5017","Hypericum","Hypericum kalmianum",NA,NA,NA,NA,NA,NA,NA,NA,0,0,TRUE,FALSE,NA,NA,NA
"5018","Aesculus","Aesculus parviflora",NA,NA,NA,NA,NA,NA,NA,NA,0,0,FALSE,FALSE,NA,NA,NA
"5019","Coreopsis","Coreopsis auriculata",NA,NA,NA,NA,NA,NA,NA,NA,0,0,TRUE,FALSE,NA,NA,NA
"5020","Bidens","Bidens ferulifolia",NA,NA,NA,NA,NA,NA,NA,NA,0.324569945,0.126582278,TRUE,FALSE,NA,NA,NA
"5021","Bidens","Bidens ferulifolia",NA,NA,NA,NA,NA,NA,NA,NA,0,0,TRUE,FALSE,NA,NA,NA
"5022","Lonicera","Lonicera caerulea",NA,NA,NA,NA,NA,NA,NA,NA,0.175336061,0.050847458,TRUE,FALSE,NA,NA,NA
"5023","Viburnum","Viburnum cassinoides",NA,NA,"Tree, Shrub","Slow","No","Long","None","None",0.333333333,0.04,TRUE,FALSE,NA,NA,NA
"5024","Sanguisorba","Sanguisorba officinalis",25.4939652031144,32.9275821540739,NA,NA,NA,NA,NA,NA,0,0,FALSE,FALSE,NA,NA,NA
"5025","Pinus","Pinus banksiana",NA,NA,"Tree","Rapid","No","Short","None","None",0.216216216,0.08,TRUE,TRUE,NA,NA,NA
"5026","Chelone","Chelone obliqua",NA,NA,NA,NA,NA,NA,NA,NA,0,0,FALSE,FALSE,NA,NA,NA
"5027","Abies","Abies fraseri",NA,NA,"Tree","Moderate","No","Moderate","None","None",0.362318841,0.041666667,TRUE,FALSE,NA,NA,NA
"5028","Quercus","Quercus ellipsoidalis",NA,NA,NA,NA,NA,NA,NA,NA,1.865203762,0.811363636,TRUE,FALSE,NA,NA,NA
"5029","Amelanchier","Amelanchier sanguinea",NA,NA,"Tree, Shrub","Moderate","No","Moderate","None","None",1.169590643,0.105263158,TRUE,FALSE,NA,NA,NA
"5030","Diervilla","Diervilla rivularis",NA,NA,NA,NA,NA,NA,NA,NA,NA,NA,FALSE,FALSE,7342750792,667.6199951,1.409999847
"5031","Leucothoe","Leucothoe fontanesiana",NA,NA,"Shrub","Moderate","No","Moderate","None","None",0,0,FALSE,FALSE,NA,NA,NA
"5032","Abies","Abies balsamea",NA,NA,"Tree","Slow","No","Short","None","None",0.362318841,0.041666667,TRUE,FALSE,NA,NA,NA
"5033","Rhododendron","Rhododendron prinophyllum",NA,NA,NA,NA,NA,NA,NA,NA,0,0,TRUE,FALSE,3.84e+11,1134.830017,3.800000191
"5034","Ilex","Ilex glabra",NA,NA,"Shrub","Slow","No","Long","None","None",0,0,TRUE,FALSE,NA,NA,NA
"5035","Nassella","Nassella tenuissima",NA,NA,NA,NA,NA,NA,NA,NA,0,0,TRUE,TRUE,NA,NA,NA
"5036","Wisteria","Wisteria frutescens",NA,NA,"Vine","Rapid","No","Long","Medium","None",0,0,TRUE,FALSE,NA,NA,NA
"5037","Leucothoe","Leucothoe axillaris",NA,NA,"Shrub","Slow","No","Long","None","None",0,0,FALSE,FALSE,NA,NA,NA
"5038","Stokesia","Stokesia laevis",NA,NA,NA,NA,NA,NA,NA,NA,NA,NA,FALSE,FALSE,NA,NA,NA
"5039","Tsuga","Tsuga canadensis",NA,NA,"Tree","Slow","No","Long","None","None",0,0,FALSE,FALSE,NA,NA,NA
"5040","Pinus","Pinus strobus",7.18087451195874,0,"Tree","Rapid","No","Moderate","None","None",0.216216216,0.08,TRUE,TRUE,NA,NA,NA
"5041","Fothergilla","Fothergilla gardenii",NA,NA,"Shrub","Moderate","No","Moderate","None","None",NA,NA,FALSE,FALSE,88813143372,628.7000732,2.820000172
"5042","Rhododendron","Rhododendron catawbiense",NA,NA,NA,NA,NA,NA,NA,NA,0,0,TRUE,FALSE,NA,NA,NA
"5043","Hydrangea","Hydrangea quercifolia",NA,NA,"Shrub","Rapid","No","Moderate","None","None",0,0,TRUE,FALSE,NA,NA,NA
"5044","Thuja","Thuja occidentalis",NA,NA,"Tree","Slow","No","Long","None","None",NA,NA,FALSE,FALSE,NA,NA,NA
"5045","Abelia","Abelia x grandiflora",NA,NA,"Shrub","Rapid","No","Long","None","None",NA,NA,FALSE,FALSE,NA,NA,NA
"5046","Acacia","Acacia koa",NA,NA,"Tree","Moderate","No","Long","High","None",0.208188758,0.136363636,TRUE,FALSE,NA,NA,NA
"5047","Acacia","Acacia longifolia",NA,NA,"Tree, Shrub","Rapid","No","Short","Medium","None",0.208188758,0.136363636,TRUE,TRUE,NA,NA,NA
"5048","Acer","Acer tataricum subsp. ginnala",NA,NA,"Tree, Shrub","Rapid","No","Moderate","None","None",0.185013876,0.042553191,TRUE,TRUE,NA,NA,NA
"5049","Acer","Acer glabrum var. douglasii",NA,NA,"Shrub, Tree","Moderate","No","Moderate","None","None",0.185013876,0.042553191,TRUE,FALSE,NA,NA,NA
"5050","Acer","Acer platanoides",48.7565445832724,15.9300652834832,"Tree","Slow","No","Moderate","None","None",0.185013876,0.042553191,TRUE,TRUE,NA,NA,NA
"5051","Achillea","Achillea millefolium subsp. millefolium",NA,NA,"Forb/herb","Moderate","No","Moderate","None","Slight",0.790960452,0.233333333,TRUE,FALSE,NA,NA,NA
"5052","Agropyron","Agropyron cristatum",NA,NA,"Graminoid","Moderate","No","Long","None","None",5.627705628,0.590909091,TRUE,TRUE,NA,NA,NA
"5053","Agropyron","Agropyron desertorum",12.1183060741693,0,"Graminoid","Moderate","No","Long","None","None",5.627705628,0.590909091,TRUE,FALSE,NA,NA,NA
"5054","Agropyron","Agropyron fragile",NA,NA,"Graminoid","Rapid","No","Long","None","None",5.627705628,0.590909091,TRUE,FALSE,NA,NA,NA
"5055","Agrostis","Agrostis canina",4.46065234878862,53.7855255763682,"Graminoid","Moderate","No","Short","None","None",0.293040293,0.152380952,TRUE,FALSE,NA,NA,NA
"5056","Agrostis","Agrostis capillaris",5.89903322199891,41.2695218941011,"Graminoid","Moderate","No","Short","None","None",0.293040293,0.152380952,TRUE,TRUE,NA,NA,NA
"5057","Agrostis","Agrostis capillaris",11.5477770033786,39.1223553496131,"Graminoid","Moderate","No","Short","None","None",0.293040293,0.152380952,TRUE,TRUE,NA,NA,NA
"5058","Agrostis","Agrostis gigantea",12.744412018355,51.9512674922139,"Graminoid","Rapid","No","Short","None","None",0.293040293,0.152380952,TRUE,TRUE,NA,NA,NA
"5059","Agrostis","Agrostis stolonifera",11.3991449407094,41.8949915259175,"Graminoid","Moderate","No","Short","None","None",0.293040293,0.152380952,TRUE,TRUE,NA,NA,NA
"5060","Ailanthus","Ailanthus altissima",74.9211411869737,3.75722416129069,"Tree","Rapid","Yes","Short","None","Moderate",NA,NA,TRUE,TRUE,NA,NA,NA
"5061","Ajuga","Ajuga reptans",23.8475713791197,59.2868642849924,"Forb/herb","Rapid","No","Moderate","None","None",3.80952381,0.266666667,FALSE,FALSE,NA,NA,NA
"5062","Albizia","Albizia julibrissin",61.8160211569174,13.5601833119294,"Tree, Shrub","Rapid","No","Short","Medium","None",0,0,TRUE,TRUE,NA,NA,NA
"5063","Alisma","Alisma plantago-aquatica",71.183569686651,28.816430313349,"Forb/herb","Moderate","No","Moderate","None","None",0.526315789,0.05,TRUE,TRUE,NA,NA,NA
"5064","Alnus","Alnus glutinosa",25.4206234392573,11.899084354499,"Tree","Rapid","No","Moderate","High","None",0.865800866,0.090909091,TRUE,TRUE,NA,NA,NA
"5065","Alnus","Alnus incana subsp. rugosa",NA,NA,"Tree, Shrub","Moderate","No","Long","Low","None",0.865800866,0.090909091,TRUE,TRUE,NA,NA,NA
"5066","Alnus","Alnus alnobetula subsp. crispa",NA,NA,"Tree, Shrub","Moderate","No","Moderate","Low","None",0.865800866,0.090909091,TRUE,FALSE,NA,NA,NA
"5067","Alnus","Alnus alnobetula subsp. sinuata",NA,NA,"Shrub, Tree","Slow","No","Long","Low","None",0.865800866,0.090909091,TRUE,FALSE,NA,NA,NA
"5068","Alopecurus","Alopecurus arundinaceus",NA,NA,"Graminoid","Rapid","No","Moderate","None","None",0.634249471,0.136363636,TRUE,TRUE,NA,NA,NA
"5069","Alopecurus","Alopecurus geniculatus",13.0921763082718,59.566882676356,"Graminoid","Moderate","No","Short","None","None",0.634249471,0.136363636,TRUE,TRUE,NA,NA,NA
"5070","Alopecurus","Alopecurus pratensis",11.8808161732682,29.3401618927945,"Graminoid","Rapid","No","Long","None","None",0.634249471,0.136363636,TRUE,TRUE,NA,NA,NA
"5071","Amelanchier","Amelanchier alnifolia var. semiintegrifolia",NA,NA,"Tree, Shrub","Moderate","No","Long","None","None",1.169590643,0.105263158,TRUE,FALSE,NA,NA,NA
"5072","Calamagrostis","Calamagrostis arenaria",NA,NA,"Graminoid","Moderate","No","Moderate","None","None",5,0.1,TRUE,TRUE,NA,NA,NA
"5073","Calamagrostis","Calamagrostis arenaria",NA,NA,"Graminoid","Moderate","No","Moderate","None","None",1.341463415,0.268292683,TRUE,TRUE,NA,NA,NA
"5074","Calamagrostis","Calamagrostis arenaria",NA,NA,"Graminoid","Moderate","No","Moderate","None","None",0,0,TRUE,TRUE,NA,NA,NA
"5075","Amorpha","Amorpha glabra",NA,NA,"Shrub","Moderate","No","Long","Medium","Slight",0,0,TRUE,FALSE,47589721085,1391.890015,2.389999866
"5076","Ananas","Ananas comosus",NA,NA,"Forb/herb","Slow","No","Moderate","None","None",NA,NA,FALSE,FALSE,NA,NA,NA
"5077","Andira","Andira inermis",NA,NA,"Tree","Rapid","No","Long","Medium","Moderate",NA,NA,FALSE,FALSE,NA,NA,NA
"5078","Annona","Annona muricata",NA,NA,"Tree","Moderate","No","Short","None","None",NA,NA,TRUE,FALSE,NA,NA,NA
"5079","Annona","Annona reticulata",NA,NA,"Tree",NA,"No","Short","None","None",NA,NA,TRUE,FALSE,NA,NA,NA
"5080","Annona","Annona squamosa",NA,NA,"Tree",NA,"No","Short","None","Slight",NA,NA,TRUE,TRUE,NA,NA,NA
"5081","Arachis","Arachis glabrata var. hagenbeckii",NA,NA,"Forb/herb","Rapid","No","Long","Medium","None",NA,NA,FALSE,FALSE,NA,NA,NA
"5082","Arctagrostis","Arctagrostis latifolia",NA,NA,"Graminoid","Slow","No","Long","None","None",NA,NA,FALSE,FALSE,NA,NA,NA
"5083","Argemone","Argemone pinnatisecta",NA,NA,"Forb/herb","Moderate","No","Short","None","None",1.515151515,0.083333333,TRUE,FALSE,NA,NA,NA
"5084","Aristida","Aristida longiseta",NA,NA,"Graminoid","Rapid","No","Moderate","None","None",0,0,TRUE,FALSE,NA,NA,NA
"5085","Artemisia","Artemisia tridentata subsp. tridentata",NA,NA,"Tree, Shrub","Slow","No","Moderate","None","None",0.064350064,0.047297297,TRUE,FALSE,NA,NA,NA
"5086","Artocarpus","Artocarpus altilis",NA,NA,"Tree","Rapid","No","Long","None","None",NA,NA,TRUE,TRUE,NA,NA,NA
"5087","Arundo","Arundo donax",NA,NA,"Subshrub, Shrub, Graminoid","Rapid","No","Moderate","None","None",0,0,TRUE,TRUE,NA,NA,NA
"5088","Astragalus","Astragalus cicer",40.6167001728834,40.494099368489,"Forb/herb","Rapid","No","Moderate","High","Slight",0,0,TRUE,TRUE,NA,NA,NA
"5089","Astragalus","Astragalus mollissimus var. mollissimus",NA,NA,"Forb/herb","Moderate","No","Moderate","Medium","Moderate",0,0,TRUE,FALSE,NA,NA,NA
"5090","Atriplex","Atriplex x aptera",NA,NA,"Subshrub, Shrub","Slow","No","Long","None","Slight",0.158940397,0.119205298,TRUE,FALSE,NA,NA,NA
"5091","Atriplex","Atriplex x aptera",NA,NA,"Subshrub, Shrub","Slow","No","Long","None","Slight",0,0,TRUE,FALSE,NA,NA,NA
"5092","Atriplex","Atriplex nummularia",NA,NA,"Shrub","Slow","No","Long","None","None",0.158940397,0.119205298,TRUE,TRUE,NA,NA,NA
"5093","Atriplex","Atriplex nummularia",NA,NA,"Shrub","Slow","No","Long","None","None",0,0,TRUE,TRUE,NA,NA,NA
"5094","Atriplex","Atriplex semibaccata",NA,NA,"Subshrub, Shrub, Forb/herb","Slow","No","Moderate","None","Slight",0.158940397,0.119205298,TRUE,FALSE,NA,NA,NA
"5095","Atriplex","Atriplex semibaccata",NA,NA,"Subshrub, Shrub, Forb/herb","Slow","No","Moderate","None","Slight",0,0,TRUE,FALSE,NA,NA,NA
"5096","Avena","Avena sativa",57.2045737399849,31.3523049883813,"Graminoid","Rapid","No",NA,"None","None",0.600600601,0.108108108,TRUE,TRUE,NA,NA,NA
"5097","Avicennia","Avicennia germinans",NA,NA,"Tree, Shrub","Rapid","Yes","Long","None","Slight",NA,NA,TRUE,FALSE,NA,NA,NA
"5098","Bambusa","Bambusa vulgaris",NA,NA,"Tree, Subshrub, Graminoid","Rapid","No","Long","None","None",NA,NA,TRUE,TRUE,NA,NA,NA
"5099","Berberis","Berberis thunbergii",NA,NA,"Shrub","Moderate","No","Moderate","None","None",0.362318841,0.041666667,TRUE,TRUE,NA,NA,NA
"5100","Berberis","Berberis thunbergii",NA,NA,"Shrub","Moderate","No","Moderate","None","None",0,0,TRUE,TRUE,NA,NA,NA
"5101","Betula","Betula pendula",17.0379914878566,9.78144278899076,"Tree","Rapid","No","Short","None","None",2.645502646,0.357142857,TRUE,TRUE,NA,NA,NA
"5102","Bothriochloa","Bothriochloa bladhii",NA,NA,"Graminoid","Rapid","No","Moderate","None","None",0,0,TRUE,TRUE,NA,NA,NA
"5103","Bothriochloa","Bothriochloa ischaemum",9.36834124621703,40.2887657361653,"Graminoid","Rapid","No","Moderate","None","None",0,0,TRUE,TRUE,NA,NA,NA
"5104","Bothriochloa","Bothriochloa ischaemum",9.36834124621703,40.2887657361653,"Graminoid","Rapid","No","Moderate","None","None",0,0,TRUE,TRUE,NA,NA,NA
"5105","Bothriochloa","Bothriochloa pertusa",NA,NA,"Graminoid","Rapid","No","Moderate","None","None",0,0,TRUE,TRUE,NA,NA,NA
"5106","Bothriochloa","Bothriochloa saccharoides",NA,NA,"Graminoid","Moderate","No","Short","None","None",0,0,TRUE,TRUE,NA,NA,NA
"5107","Brassica","Brassica juncea",NA,NA,"Forb/herb","Rapid","No","Short","None","None",0.12987013,0.035714286,TRUE,TRUE,NA,NA,NA
"5108","Brassica","Brassica napus",57.9861072758633,41.7514843275743,"Forb/herb","Rapid","No",NA,"None","None",0.12987013,0.035714286,TRUE,TRUE,NA,NA,NA
"5109","Brassica","Brassica rapa",57.4771125690088,42.5228874309912,"Forb/herb","Rapid","No",NA,"None","None",0.12987013,0.035714286,TRUE,TRUE,NA,NA,NA
"5110","Bromelia","Bromelia pinguin",NA,NA,"Forb/herb","Moderate","No","Short","None","Slight",NA,NA,TRUE,TRUE,NA,NA,NA
"5111","Bromus","Bromus biebersteinii",NA,NA,"Graminoid","Rapid","No","Moderate","None","None",0,0,TRUE,FALSE,NA,NA,NA
"5112","Bromus","Bromus biebersteinii",NA,NA,"Graminoid","Rapid","No","Moderate","None","None",0,0,TRUE,FALSE,NA,NA,NA
"5113","Bromus","Bromus biebersteinii",NA,NA,"Graminoid","Rapid","No","Moderate","None","None",0.031735957,0.02173913,TRUE,FALSE,NA,NA,NA
"5114","Bromus","Bromus biebersteinii",NA,NA,"Graminoid","Rapid","No","Moderate","None","None",0,0,TRUE,FALSE,NA,NA,NA
"5115","Bromus","Bromus catharticus",31.2962389971686,23.331074486546,"Graminoid","Rapid","No","Short","None","None",0,0,TRUE,TRUE,NA,NA,NA
"5116","Bromus","Bromus catharticus",31.2962389971686,23.331074486546,"Graminoid","Rapid","No","Short","None","None",0,0,TRUE,TRUE,NA,NA,NA
"5117","Bromus","Bromus catharticus",31.2962389971686,23.331074486546,"Graminoid","Rapid","No","Short","None","None",0.031735957,0.02173913,TRUE,TRUE,NA,NA,NA
"5118","Bromus","Bromus catharticus",31.2962389971686,23.331074486546,"Graminoid","Rapid","No","Short","None","None",0,0,TRUE,TRUE,NA,NA,NA
"5119","Bromus","Bromus hordeaceus subsp. hordeaceus",17.4044979577843,35.5661681210217,"Graminoid","Rapid","No",NA,"None","None",0,0,TRUE,TRUE,NA,NA,NA
"5120","Bromus","Bromus hordeaceus subsp. hordeaceus",17.4044979577843,35.5661681210217,"Graminoid","Rapid","No",NA,"None","None",0,0,TRUE,TRUE,NA,NA,NA
"5121","Bromus","Bromus hordeaceus subsp. hordeaceus",17.4044979577843,35.5661681210217,"Graminoid","Rapid","No",NA,"None","None",0.031735957,0.02173913,TRUE,TRUE,NA,NA,NA
"5122","Bromus","Bromus hordeaceus subsp. hordeaceus",17.4044979577843,35.5661681210217,"Graminoid","Rapid","No",NA,"None","None",0,0,TRUE,TRUE,NA,NA,NA
"5123","Bromus","Bromus inermis",37.2757916055596,23.9262475210369,"Graminoid","Rapid","No","Long","None","None",0,0,TRUE,TRUE,NA,NA,NA
"5124","Bromus","Bromus inermis",37.2757916055596,23.9262475210369,"Graminoid","Rapid","No","Long","None","None",0,0,TRUE,TRUE,NA,NA,NA
"5125","Bromus","Bromus inermis",37.2757916055596,23.9262475210369,"Graminoid","Rapid","No","Long","None","None",0.031735957,0.02173913,TRUE,TRUE,NA,NA,NA
"5126","Bromus","Bromus inermis",37.2757916055596,23.9262475210369,"Graminoid","Rapid","No","Long","None","None",0,0,TRUE,TRUE,NA,NA,NA
"5127","Bromus","Bromus rubens",NA,NA,"Graminoid","Rapid","No",NA,"None","None",0,0,TRUE,TRUE,NA,NA,NA
"5128","Bromus","Bromus rubens",NA,NA,"Graminoid","Rapid","No",NA,"None","None",0,0,TRUE,TRUE,NA,NA,NA
"5129","Bromus","Bromus rubens",NA,NA,"Graminoid","Rapid","No",NA,"None","None",0.031735957,0.02173913,TRUE,TRUE,NA,NA,NA
"5130","Bromus","Bromus rubens",NA,NA,"Graminoid","Rapid","No",NA,"None","None",0,0,TRUE,TRUE,NA,NA,NA
"5131","Terminalia","Terminalia buceras",NA,NA,"Tree","Rapid","No",NA,"None","Moderate",0,0,TRUE,FALSE,NA,NA,NA
"5132","Cabomba","Cabomba caroliniana",NA,NA,"Forb/herb","Rapid","No","Moderate","None","None",NA,NA,TRUE,TRUE,NA,NA,NA
"5133","Erythrostemon","Erythrostemon gilliesii",NA,NA,"Tree, Shrub, Vine","Slow","No","Long","Low","None",NA,NA,TRUE,TRUE,NA,NA,NA
"5134","Cajanus","Cajanus cajan",NA,NA,"Subshrub, Shrub","Moderate","No","Short","Medium","None",NA,NA,FALSE,FALSE,NA,NA,NA
"5135","Cinnagrostis","Cinnagrostis coarctata",NA,NA,"Graminoid","Moderate","No","Long","None","None",NA,NA,FALSE,FALSE,NA,NA,NA
"5136","Calamagrostis","Calamagrostis inexpansa",NA,NA,"Graminoid","Moderate","No","Long","None","None",5,0.1,TRUE,FALSE,NA,NA,NA
"5137","Calamagrostis","Calamagrostis inexpansa",NA,NA,"Graminoid","Moderate","No","Long","None","None",1.341463415,0.268292683,TRUE,FALSE,NA,NA,NA
"5138","Calamagrostis","Calamagrostis inexpansa",NA,NA,"Graminoid","Moderate","No","Long","None","None",0,0,TRUE,FALSE,NA,NA,NA
"5139","Calophyllum","Calophyllum brasiliense var. antillanum",NA,NA,"Tree, Shrub","Slow","No","Moderate","None","None",NA,NA,TRUE,FALSE,NA,NA,NA
"5140","Calophyllum","Calophyllum inophyllum",NA,NA,"Tree","Slow","No","Moderate","None","Slight",NA,NA,TRUE,TRUE,NA,NA,NA
"5141","Canella","Canella winterana",NA,NA,"Tree, Shrub",NA,"No",NA,"None","None",NA,NA,FALSE,FALSE,NA,NA,NA
"5142","Caragana","Caragana arborescens",19.6635082551839,27.7420800421968,"Tree, Shrub","Rapid","No","Moderate","Medium","None",0,0,TRUE,TRUE,NA,NA,NA
"5143","Carex","Carex abscondita",NA,NA,"Graminoid","Slow","No","Long","None","None",0.024607728,0.104582844,TRUE,FALSE,2.76e+11,1377.390076,3.930000067
"5144","Carex","Carex abscondita",NA,NA,"Graminoid","Slow","No","Long","None","None",0,0,TRUE,FALSE,2.76e+11,1377.390076,3.930000067
"5145","Carex","Carex abscondita",NA,NA,"Graminoid","Slow","No","Long","None","None",0,0,TRUE,FALSE,2.76e+11,1377.390076,3.930000067
"5146","Carex","Carex atlantica",NA,NA,"Graminoid","Moderate","No","Long","None","None",0.024607728,0.104582844,TRUE,FALSE,NA,NA,NA
"5147","Carex","Carex atlantica",NA,NA,"Graminoid","Moderate","No","Long","None","None",0,0,TRUE,FALSE,NA,NA,NA
"5148","Carex","Carex atlantica",NA,NA,"Graminoid","Moderate","No","Long","None","None",0,0,TRUE,FALSE,NA,NA,NA
"5149","Carex","Carex baileyi",NA,NA,"Graminoid","Moderate","No","Moderate","None","None",0.024607728,0.104582844,TRUE,FALSE,NA,NA,NA
"5150","Carex","Carex baileyi",NA,NA,"Graminoid","Moderate","No","Moderate","None","None",0,0,TRUE,FALSE,NA,NA,NA
"5151","Carex","Carex baileyi",NA,NA,"Graminoid","Moderate","No","Moderate","None","None",0,0,TRUE,FALSE,NA,NA,NA
"5152","Carex","Carex debilis",NA,NA,"Graminoid","Moderate","No","Long","None","None",0.024607728,0.104582844,TRUE,FALSE,NA,NA,NA
"5153","Carex","Carex debilis",NA,NA,"Graminoid","Moderate","No","Long","None","None",0,0,TRUE,FALSE,NA,NA,NA
"5154","Carex","Carex debilis",NA,NA,"Graminoid","Moderate","No","Long","None","None",0,0,TRUE,FALSE,NA,NA,NA
"5155","Carex","Carex kobomugi",NA,NA,"Graminoid","Slow","No","Moderate","None","None",0.024607728,0.104582844,TRUE,TRUE,NA,NA,NA
"5156","Carex","Carex kobomugi",NA,NA,"Graminoid","Slow","No","Moderate","None","None",0,0,TRUE,TRUE,NA,NA,NA
"5157","Carex","Carex kobomugi",NA,NA,"Graminoid","Slow","No","Moderate","None","None",0,0,TRUE,TRUE,NA,NA,NA
"5158","Carex","Carex prasina",NA,NA,"Graminoid","Moderate","No","Moderate","None","None",0.024607728,0.104582844,TRUE,FALSE,NA,NA,NA
"5159","Carex","Carex prasina",NA,NA,"Graminoid","Moderate","No","Moderate","None","None",0,0,TRUE,FALSE,NA,NA,NA
"5160","Carex","Carex prasina",NA,NA,"Graminoid","Moderate","No","Moderate","None","None",0,0,TRUE,FALSE,NA,NA,NA
"5161","Carex","Carex torta",NA,NA,"Graminoid","Slow","No","Long","None","None",0.024607728,0.104582844,TRUE,FALSE,NA,NA,NA
"5162","Carex","Carex torta",NA,NA,"Graminoid","Slow","No","Long","None","None",0,0,TRUE,FALSE,NA,NA,NA
"5163","Carex","Carex torta",NA,NA,"Graminoid","Slow","No","Long","None","None",0,0,TRUE,FALSE,NA,NA,NA
"5164","Carica","Carica papaya",NA,NA,"Tree, Shrub","Rapid","No","Short","None","None",NA,NA,TRUE,TRUE,NA,NA,NA
"5165","Carphephorus","Carphephorus paniculatus",NA,NA,"Forb/herb","Rapid","No","Moderate","None","None",NA,NA,FALSE,FALSE,2.1e+11,747.9400024,3.119999886
"5166","Castanea","Castanea mollissima",NA,NA,"Tree","Rapid","No","Short","None","None",0,0,TRUE,FALSE,NA,NA,NA
"5167","Casuarina","Casuarina cunninghamiana",NA,NA,"Tree","Rapid","No","Short","Low","None",0,0,TRUE,TRUE,NA,NA,NA
"5168","Casuarina","Casuarina equisetifolia",NA,NA,"Tree","Rapid","No","Short","Low","None",0,0,TRUE,TRUE,NA,NA,NA
"5169","Casuarina","Casuarina glauca",NA,NA,"Tree","Rapid","No","Short","Low","None",0,0,TRUE,TRUE,NA,NA,NA
"5170","Ceanothus","Ceanothus x flexilis",NA,NA,"Shrub","Moderate","No","Long","None","Slight",0.653120464,0.169811321,FALSE,FALSE,NA,NA,NA
"5171","Cedrus","Cedrus deodara",0.882664920408475,0,"Tree","Rapid","No","Long","None","None",0,0,TRUE,TRUE,NA,NA,NA
"5172","Celastrus","Celastrus orbiculatus",NA,NA,"Vine","Rapid","No","Moderate","None","None",0,0,TRUE,TRUE,NA,NA,NA
"5173","Cercis","Cercis canadensis subsp. texensis",NA,NA,"Tree, Shrub","Rapid","No","Short","None","None",NA,NA,FALSE,FALSE,NA,NA,NA
"5174","Chaenomeles","Chaenomeles japonica",NA,NA,"Shrub","Rapid","No","Moderate","None","None",0,0,FALSE,FALSE,NA,NA,NA
"5175","Chloris","Chloris gayana",NA,NA,"Graminoid","Moderate","No","Moderate","None","None",0.432900433,0.045454545,TRUE,TRUE,NA,NA,NA
"5176","Cibotium","Cibotium chamissoi",NA,NA,"Tree","Slow","No","Short","None","None",NA,NA,FALSE,FALSE,NA,NA,NA
"5177","Cibotium","Cibotium glaucum",NA,NA,"Tree","Slow","No","Short","None","None",NA,NA,FALSE,FALSE,NA,NA,NA
"5178","Cichorium","Cichorium intybus",36.5511914750405,21.7701147055726,"Forb/herb","Rapid","No","Short","None","None",0,0,TRUE,TRUE,NA,NA,NA
"5179","Citrus","Citrus x aurantium fo. aurantium",NA,NA,"Tree, Shrub","Moderate","No","Moderate","None","None",0,0,TRUE,FALSE,NA,NA,NA
"5180","Cladium","Cladium mariscus subsp. jamaicense",NA,NA,"Graminoid","Moderate","No","Moderate","None","None",0,0,FALSE,FALSE,NA,NA,NA
"5181","Coccoloba","Coccoloba diversifolia",NA,NA,"Tree, Shrub","Moderate","No",NA,"None","None",NA,NA,FALSE,FALSE,NA,NA,NA
"5182","Coccoloba","Coccoloba uvifera",NA,NA,"Tree, Shrub","Slow","No","Long","None","None",NA,NA,FALSE,FALSE,NA,NA,NA
"5183","Cocos","Cocos nucifera",NA,NA,"Tree","Moderate","No","Moderate","None","None",NA,NA,TRUE,TRUE,NA,NA,NA
"5184","Coffea","Coffea arabica",18.2804325962417,21.1877245121246,"Tree, Shrub","Moderate","No","Moderate","None","None",NA,NA,TRUE,TRUE,NA,NA,NA
"5185","Colutea","Colutea arborescens",33.7180003756708,23.7199760558195,"Tree, Shrub","Rapid","No","Long","Medium","None",0,0,FALSE,FALSE,NA,NA,NA
"5186","Convallaria","Convallaria majalis",44.8965882958708,40.995014049602,"Forb/herb","Slow","No","Moderate","None","None",NA,NA,FALSE,FALSE,NA,NA,NA
"5187","Cordyline","Cordyline fruticosa",NA,NA,"Tree, Shrub, Subshrub","Moderate","No","Long","None","None",NA,NA,TRUE,TRUE,NA,NA,NA
"5188","Cornus","Cornus mas",21.6721860324296,27.8897975571595,"Tree, Shrub","Slow","No","Moderate","None","None",1.322751323,0.178571429,TRUE,FALSE,NA,NA,NA
"5189","Cortaderia","Cortaderia selloana",NA,NA,"Graminoid","Rapid","No","Moderate","None","None",0,0,TRUE,TRUE,NA,NA,NA
"5190","Cotoneaster","Cotoneaster acutifolius",NA,NA,"Shrub","Moderate","No","Long","None","None",0.150557061,0.06097561,TRUE,FALSE,NA,NA,NA
"5191","Cotoneaster","Cotoneaster apiculatus",NA,NA,"Subshrub, Shrub","Rapid","No","Moderate","None","None",0.150557061,0.06097561,TRUE,FALSE,NA,NA,NA
"5192","Cotoneaster","Cotoneaster horizontalis",1.66484794945902,5.66709719996918,"Shrub","Rapid","No","Moderate","None","None",0.150557061,0.06097561,TRUE,TRUE,NA,NA,NA
"5193","Cotoneaster","Cotoneaster integerrimus",16.946607396957,14.8786282126001,NA,"Moderate","No","Moderate","None","None",0.150557061,0.06097561,TRUE,FALSE,NA,NA,NA
"5194","Cotoneaster","Cotoneaster salicifolius",NA,NA,NA,"Rapid","No","Moderate","None","None",0.150557061,0.06097561,TRUE,TRUE,NA,NA,NA
"5195","Crataegus","Crataegus holmesiana",NA,NA,"Tree","Moderate","No","Long","None","None",0.737704918,0.221311475,TRUE,FALSE,NA,NA,NA
"5196","Crataegus","Crataegus aestivalis",NA,NA,"Tree, Shrub","Slow","No","Moderate","None","None",0.737704918,0.221311475,TRUE,FALSE,65919367248,639.8299561,3.409999847
"5197","Crescentia","Crescentia cujete",NA,NA,"Tree, Shrub","Slow","No",NA,"None","Moderate",NA,NA,FALSE,FALSE,NA,NA,NA
"5198","Crotalaria","Crotalaria juncea",NA,NA,"Forb/herb","Rapid","No",NA,"High","None",0,0,TRUE,FALSE,NA,NA,NA
"5199","Crotalaria","Crotalaria spectabilis",NA,NA,"Forb/herb","Rapid","No",NA,"Medium","Moderate",0,0,TRUE,TRUE,NA,NA,NA
"5200","Cryptomeria","Cryptomeria japonica",NA,NA,"Tree","Rapid","No","Moderate","None","None",NA,NA,TRUE,TRUE,NA,NA,NA
"5201","Cydonia","Cydonia oblonga",NA,NA,"Tree, Shrub","Slow","No","Moderate","None","None",NA,NA,FALSE,FALSE,NA,NA,NA
"5202","Cynodon","Cynodon dactylon",11.9685864399168,46.5126834254544,"Graminoid","Rapid","Yes","Long","None","None",0,0,TRUE,TRUE,NA,NA,NA
"5203","Cyperus","Cyperus esculentus",NA,NA,"Graminoid","Rapid","No","Short","None","None",0,0,TRUE,TRUE,NA,NA,NA
"5204","Cyperus","Cyperus esculentus",NA,NA,"Graminoid","Rapid","No","Short","None","None",0,0,TRUE,TRUE,NA,NA,NA
"5205","Cyperus","Cyperus esculentus",NA,NA,"Graminoid","Rapid","No","Short","None","None",0,0,TRUE,TRUE,NA,NA,NA
"5206","Cyperus","Cyperus esculentus",NA,NA,"Graminoid","Rapid","No","Short","None","None",0,0,TRUE,TRUE,NA,NA,NA
"5207","Cyperus","Cyperus esculentus",NA,NA,"Graminoid","Rapid","No","Short","None","None",0,0,TRUE,TRUE,NA,NA,NA
"5208","Cyperus","Cyperus esculentus",NA,NA,"Graminoid","Rapid","No","Short","None","None",0,0,TRUE,TRUE,NA,NA,NA
"5209","Cyperus","Cyperus esculentus",NA,NA,"Graminoid","Rapid","No","Short","None","None",0,0,TRUE,TRUE,NA,NA,NA
"5210","Cytisus","Cytisus scoparius",0,15.5004740379004,"Shrub","Rapid","No","Moderate","High","None",0.189393939,0.03030303,TRUE,TRUE,NA,NA,NA
"5211","Dactylis","Dactylis glomerata",NA,NA,"Graminoid","Moderate","No","Moderate","None","None",0,0,TRUE,TRUE,NA,NA,NA
"5212","Dalea","Dalea candida var. candida",NA,NA,"Subshrub, Forb/herb","Moderate","No","Short","High","Slight",0,0,TRUE,FALSE,NA,NA,NA
"5213","Dalea","Dalea purpurea var. purpurea",NA,NA,"Forb/herb, Subshrub","Moderate","No","Moderate","Low","None",0,0,TRUE,FALSE,NA,NA,NA
"5214","Delonix","Delonix regia",NA,NA,"Tree","Rapid","No","Moderate","Low","None",NA,NA,TRUE,TRUE,NA,NA,NA
"5215","Grona","Grona heterophylla",NA,NA,"Forb/herb, Vine","Rapid","No","Short","Low","None",NA,NA,FALSE,FALSE,NA,NA,NA
"5216","Grona","Grona heterophylla",NA,NA,"Forb/herb",NA,"No","Short","Low","Slight",NA,NA,FALSE,FALSE,NA,NA,NA
"5217","Desmodium","Desmodium incanum",NA,NA,"Forb/herb, Subshrub","Moderate","No","Short","Low","Slight",0.128205128,0.025,TRUE,FALSE,NA,NA,NA
"5218","Desmodium","Desmodium intortum",NA,NA,"Vine, Forb/herb","Moderate","No","Long","High","None",0.128205128,0.025,TRUE,FALSE,NA,NA,NA
"5219","Deutzia","Deutzia gracilis",NA,NA,"Shrub","Moderate","No","Moderate","None","None",NA,NA,TRUE,FALSE,NA,NA,NA
"5220","Dichanthium","Dichanthium annulatum",NA,NA,"Graminoid","Rapid","No","Moderate","None","None",0,0,TRUE,TRUE,NA,NA,NA
"5221","Dichanthium","Dichanthium aristatum",NA,NA,"Graminoid","Rapid","No","Moderate","None","None",0,0,TRUE,FALSE,NA,NA,NA
"5222","Digitaria","Digitaria eriantha",NA,NA,"Graminoid","Rapid","No","Long","None","None",0.189393939,0.03030303,TRUE,TRUE,NA,NA,NA
"5223","Dracaena","Dracaena fragrans",NA,NA,"Tree, Shrub","Slow","No","Short","None","Moderate",0,0,TRUE,FALSE,NA,NA,NA
"5224","Echinochloa","Echinochloa colona",NA,NA,"Graminoid","Moderate","No",NA,"None","None",0,0,TRUE,TRUE,NA,NA,NA
"5225","Echinochloa","Echinochloa colonum subsp. edulis",NA,NA,"Graminoid","Rapid","No",NA,"None","None",0,0,TRUE,FALSE,NA,NA,NA
"5226","Elaeagnus","Elaeagnus angustifolia",NA,NA,"Tree, Shrub","Rapid","No","Long","High","None",0,0,TRUE,TRUE,NA,NA,NA
"5227","Elaeagnus","Elaeagnus umbellata",NA,NA,"Shrub","Rapid","No","Short","Medium","None",0,0,TRUE,TRUE,NA,NA,NA
"5228","Eleocharis","Eleocharis equisetoides",NA,NA,"Graminoid","Moderate","No","Long","None","None",0.057110223,0.029126214,TRUE,FALSE,NA,NA,NA
"5229","Elymus","Elymus lanceolatus subsp. lanceolatus",NA,NA,"Graminoid","Moderate","No","Moderate","None","None",1.797814208,0.539344262,TRUE,FALSE,NA,NA,NA
"5230","Elymus","Elymus lanceolatus subsp. lanceolatus",NA,NA,"Graminoid","Moderate","No","Moderate","None","None",3.846153846,0.25,TRUE,FALSE,NA,NA,NA
"5231","Elymus","Elymus lanceolatus subsp. lanceolatus",NA,NA,"Graminoid","Moderate","No","Moderate","None","None",200,1,TRUE,FALSE,NA,NA,NA
"5232","Eragrostis","Eragrostis curvula",NA,NA,"Graminoid","Rapid","No","Short","None","None",0,0,TRUE,TRUE,NA,NA,NA
"5233","Eragrostis","Eragrostis lehmanniana",NA,NA,"Graminoid","Rapid","No","Moderate","None","None",0,0,TRUE,TRUE,NA,NA,NA
"5234","Eragrostis","Eragrostis superba",NA,NA,"Graminoid","Rapid","No","Short","None","None",0,0,TRUE,FALSE,NA,NA,NA
"5235","Eremochloa","Eremochloa ophiuroides",NA,NA,"Graminoid","Rapid","No","Long","None","None",0,0,TRUE,TRUE,NA,NA,NA
"5236","Eriocaulon","Eriocaulon decangulare",NA,NA,"Forb/herb","Moderate","No","Moderate","None","None",0,0,FALSE,FALSE,NA,NA,NA
"5237","Erythrina","Erythrina sandwicensis",NA,NA,"Tree","Moderate","No","Long","High","Slight",NA,NA,TRUE,FALSE,NA,NA,NA
"5238","Erythrina","Erythrina variegata",NA,NA,"Tree","Rapid","No","Long","Low",NA,NA,NA,TRUE,TRUE,NA,NA,NA
"5239","Eucalyptus","Eucalyptus camaldulensis",NA,NA,"Tree","Rapid","Yes","Long","None","None",0.037789325,0.02739726,TRUE,TRUE,NA,NA,NA
"5240","Eucalyptus","Eucalyptus globulus",NA,NA,"Tree","Rapid","Yes","Long","None","None",0.037789325,0.02739726,TRUE,TRUE,NA,NA,NA
"5241","Eucalyptus","Eucalyptus grandis",NA,NA,"Tree","Rapid","Yes","Long","None","None",0.037789325,0.02739726,TRUE,TRUE,NA,NA,NA
"5242","Eucalyptus","Eucalyptus leucoxylon",NA,NA,NA,"Rapid","Yes","Long","None","None",0.037789325,0.02739726,TRUE,FALSE,NA,NA,NA
"5243","Corymbia","Corymbia maculata",NA,NA,NA,"Rapid","No","Long","None","None",NA,NA,TRUE,TRUE,NA,NA,NA
"5244","Eucalyptus","Eucalyptus robusta",NA,NA,"Tree","Rapid","Yes","Long","None","None",0.037789325,0.02739726,TRUE,TRUE,NA,NA,NA
"5245","Eucalyptus","Eucalyptus saligna",NA,NA,"Tree","Rapid","Yes","Long","None","None",0.037789325,0.02739726,TRUE,TRUE,NA,NA,NA
"5246","Euonymus","Euonymus fortunei",NA,NA,"Shrub","Rapid","No","Moderate","None","None",0,0,TRUE,TRUE,NA,NA,NA
"5247","Euonymus","Euonymus fortunei",NA,NA,"Shrub","Rapid","No","Moderate","None","None",0,0,TRUE,TRUE,NA,NA,NA
"5248","Euonymus","Euonymus fortunei var. fortunei",29.1047551356769,0,NA,"Rapid","No","Moderate","None","None",0,0,TRUE,FALSE,NA,NA,NA
"5249","Euonymus","Euonymus fortunei var. fortunei",29.1047551356769,0,NA,"Rapid","No","Moderate","None","None",0,0,TRUE,FALSE,NA,NA,NA
"5250","Fagopyrum","Fagopyrum tataricum",NA,NA,"Forb/herb","Rapid","No",NA,"None","None",0,0,TRUE,FALSE,NA,NA,NA
"5251","Festuca","Festuca heteromalla",NA,NA,"Graminoid","Moderate","No","Moderate","None","None",0,0,TRUE,FALSE,NA,NA,NA
"5252","Festuca","Festuca heteromalla",NA,NA,"Graminoid","Moderate","No","Moderate","None","None",0.051848673,0.061181435,TRUE,FALSE,NA,NA,NA
"5253","Festuca","Festuca heteromalla",NA,NA,"Graminoid","Moderate","No","Moderate","None","None",0,0,TRUE,FALSE,NA,NA,NA
"5254","Festuca","Festuca heteromalla",NA,NA,"Graminoid","Moderate","No","Moderate","None","None",0.525525526,0.094594595,TRUE,FALSE,NA,NA,NA
"5255","Festuca","Festuca ovina",1.91255900780003,24.7654662253308,"Graminoid","Moderate","No","Long","None","None",0,0,TRUE,TRUE,NA,NA,NA
"5256","Festuca","Festuca ovina",1.91255900780003,24.7654662253308,"Graminoid","Moderate","No","Long","None","None",0.051848673,0.061181435,TRUE,TRUE,NA,NA,NA
"5257","Festuca","Festuca ovina",1.91255900780003,24.7654662253308,"Graminoid","Moderate","No","Long","None","None",0,0,TRUE,TRUE,NA,NA,NA
"5258","Festuca","Festuca ovina",1.91255900780003,24.7654662253308,"Graminoid","Moderate","No","Long","None","None",0.525525526,0.094594595,TRUE,TRUE,NA,NA,NA
"5259","Forestiera","Forestiera pubescens var. pubescens",NA,NA,"Shrub","Moderate","No","Moderate","None","None",0,0,FALSE,FALSE,NA,NA,NA
"5260","Forsythia","Forsythia x intermedia",NA,NA,"Shrub","Rapid","No","Long","None","None",0,0,TRUE,TRUE,NA,NA,NA
"5261","Forsythia","Forsythia suspensa",NA,NA,"Shrub","Rapid","No","Moderate","None","None",0,0,TRUE,FALSE,NA,NA,NA
"5262","Frangula","Frangula alnus",13.7796662732413,18.8230121793006,"Tree, Shrub","Rapid","No","Moderate","None","None",0,0,TRUE,TRUE,NA,NA,NA
"5263","Frangula","Frangula alnus",17.1771395588209,26.89290643585,"Tree, Shrub","Rapid","No","Moderate","None","None",0,0,TRUE,TRUE,NA,NA,NA
"5264","Frangula","Frangula californica subsp. californica",NA,NA,"Shrub, Tree","Rapid","No","Long","None","None",0,0,TRUE,FALSE,NA,NA,NA
"5265","Fraxinus","Fraxinus caroliniana",NA,NA,"Tree, Shrub","Moderate","No","Moderate","None","None",0.476190476,0.047619048,TRUE,FALSE,3.38e+11,783.5799561,3.879999638
"5266","Fraxinus","Fraxinus profunda",NA,NA,"Tree","Rapid","No","Long","None","None",0.476190476,0.047619048,TRUE,FALSE,NA,NA,NA
"5267","Geranium","Geranium erianthum",NA,NA,"Forb/herb","Moderate","No","Short","None","None",0.057830211,0.037878788,TRUE,FALSE,NA,NA,NA
"5268","Ginkgo","Ginkgo biloba",33.5941758306067,50.957386156082,"Tree","Slow","No","Long","None","None",NA,NA,FALSE,FALSE,NA,NA,NA
"5269","Gliricidia","Gliricidia sepium",NA,NA,"Tree","Rapid","No","Long","High","Moderate",NA,NA,TRUE,TRUE,NA,NA,NA
"5270","Glyceria","Glyceria melicaria",NA,NA,"Graminoid","Moderate","No","Moderate","None","None",0.332225914,0.069767442,TRUE,FALSE,NA,NA,NA
"5271","Glyceria","Glyceria obtusa",NA,NA,"Graminoid","Rapid","No","Short","None","None",0.332225914,0.069767442,TRUE,FALSE,NA,NA,NA
"5272","Glycine","Glycine max",NA,NA,"Forb/herb","Rapid","No",NA,"Medium","None",0,0,FALSE,FALSE,NA,NA,NA
"5273","Gossypium","Gossypium tomentosum",NA,NA,"Shrub","Moderate","No","Long","None","None",0,0,TRUE,FALSE,NA,NA,NA
"5274","Grevillea","Grevillea robusta",NA,NA,"Tree","Rapid","No","Moderate","None","Slight",0.853485064,0.157894737,TRUE,TRUE,NA,NA,NA
"5275","Guaiacum","Guaiacum officinale",NA,NA,"Tree","Slow","No",NA,"None",NA,NA,NA,FALSE,FALSE,NA,NA,NA
"5276","Hedera","Hedera helix",36.0754176340392,50.9255547452019,"Vine","Moderate","No","Long","None","None",0,0,TRUE,TRUE,NA,NA,NA
"5277","Heliopsis","Heliopsis helianthoides var. scabra",NA,NA,"Forb/herb","Moderate","No","Short","None","None",NA,NA,FALSE,FALSE,NA,NA,NA
"5278","Hemarthria","Hemarthria altissima",NA,NA,"Graminoid","Moderate","No","Moderate","None","None",NA,NA,TRUE,TRUE,NA,NA,NA
"5279","Hesperostipa","Hesperostipa comata subsp. comata",NA,NA,"Graminoid","Moderate","No","Moderate","None","None",NA,NA,FALSE,FALSE,NA,NA,NA
"5280","Hippophae","Hippophae rhamnoides",6.35799613988667,10.839540985042,"Shrub, Tree","Rapid","No","Moderate","Medium","None",NA,NA,TRUE,TRUE,NA,NA,NA
"5281","Holcus","Holcus lanatus",20.0595842076552,51.1252873027841,"Graminoid","Moderate","No","Short","None","None",1.470588235,0.117647059,TRUE,TRUE,NA,NA,NA
"5282","Hordeum","Hordeum vulgare",52.098844309813,41.1656254738084,"Graminoid","Rapid","No",NA,"None","None",0,0,TRUE,TRUE,NA,NA,NA
"5283","Hordeum","Hordeum vulgare",52.098844309813,41.1656254738084,"Graminoid","Rapid","No",NA,"None","None",0.808080808,0.177777778,TRUE,TRUE,NA,NA,NA
"5284","Hudsonia","Hudsonia tomentosa",NA,NA,"Subshrub, Shrub","Slow","No","Long","None","None",0,0,FALSE,FALSE,NA,NA,NA
"5285","Hydrangea","Hydrangea macrophylla",NA,NA,NA,"Rapid","No","Moderate","None","None",0,0,TRUE,TRUE,NA,NA,NA
"5286","Hymenaea","Hymenaea courbaril",48.9113225510719,13.3109478898247,"Tree","Slow","No","Short","Low","None",NA,NA,FALSE,FALSE,NA,NA,NA
"5287","Hypericum","Hypericum calycinum",NA,NA,"Subshrub, Shrub","Rapid","No","Moderate","None","None",0.129032258,0.08,TRUE,FALSE,NA,NA,NA
"5288","Hypericum","Hypericum calycinum",NA,NA,"Subshrub, Shrub","Rapid","No","Moderate","None","None",0,0,TRUE,FALSE,NA,NA,NA
"5289","Hypericum","Hypericum galioides",NA,NA,"Subshrub","Moderate","No","Short","None","None",0.129032258,0.08,TRUE,FALSE,2.62e+11,715.249939,3.599999905
"5290","Hypericum","Hypericum galioides",NA,NA,"Subshrub","Moderate","No","Short","None","None",0,0,TRUE,FALSE,2.62e+11,715.249939,3.599999905
"5291","Iberis","Iberis sempervirens",24.7421287244796,9.1910335518618,"Subshrub, Forb/herb","Moderate","No","Moderate","None","None",0,0,FALSE,FALSE,NA,NA,NA
"5292","Ilex","Ilex amelanchier",NA,NA,"Shrub, Tree","Slow","No","Long","None","Slight",0,0,TRUE,FALSE,64144525383,635.1199951,3.170000076
"5293","Ilex","Ilex cassine",NA,NA,"Tree, Shrub","Moderate","No","Short","None","Slight",0,0,TRUE,FALSE,NA,NA,NA
"5294","Ilex","Ilex coriacea",NA,NA,"Tree, Shrub","Moderate","No","Moderate","None","None",0,0,TRUE,FALSE,2.6e+11,715.249939,3.839999676
"5295","Ilex","Ilex cornuta",NA,NA,"Shrub, Tree","Moderate","No","Moderate","None","None",0,0,TRUE,FALSE,NA,NA,NA
"5296","Ilex","Ilex crenata",NA,NA,"Tree, Shrub","Slow","No","Long","None","None",0,0,TRUE,FALSE,NA,NA,NA
"5297","Ipomoea","Ipomoea pes-caprae",NA,NA,"Vine, Forb/herb","Moderate","No","Long","None","None",0.101010101,0.022222222,TRUE,FALSE,NA,NA,NA
"5298","Ipomopsis","Ipomopsis aggregata subsp. aggregata",NA,NA,"Forb/herb","Rapid","No","Moderate","None","None",1.098901099,0.071428571,FALSE,FALSE,NA,NA,NA
"5299","Jacquemontia","Jacquemontia sandwicensis",NA,NA,"Forb/herb, Vine","Moderate","No","Moderate","None","None",0,0,TRUE,FALSE,NA,NA,NA
"5300","Juglans","Juglans regia",73.1595908304465,5.39511905760099,"Tree","Rapid","Yes","Moderate","None","None",0,0,TRUE,TRUE,NA,NA,NA
"5301","Juniperus","Juniperus chinensis",NA,NA,"Tree, Shrub","Rapid","No","Moderate","None","None",0.793650794,0.107142857,TRUE,FALSE,NA,NA,NA
"5302","Juniperus","Juniperus rigida var. conferta",NA,NA,"Shrub","Rapid","No","Moderate","None","None",0.793650794,0.107142857,TRUE,FALSE,NA,NA,NA
"5303","Juniperus","Juniperus virginiana var. silicicola",NA,NA,"Tree","Slow","No","Long","None","None",0.793650794,0.107142857,TRUE,FALSE,NA,NA,NA
"5304","Koelreuteria","Koelreuteria paniculata",NA,NA,"Tree","Slow","No","Moderate","None","None",NA,NA,TRUE,TRUE,NA,NA,NA
"5305","Kummerowia","Kummerowia stipulacea",NA,NA,"Forb/herb","Rapid","No",NA,"Medium","Slight",NA,NA,TRUE,FALSE,NA,NA,NA
"5306","Kummerowia","Kummerowia striata",NA,NA,"Forb/herb","Rapid","No",NA,"Medium","None",NA,NA,TRUE,TRUE,NA,NA,NA
"5307","Lablab","Lablab purpureus",NA,NA,"Vine, Forb/herb","Rapid","No","Short","Medium","Slight",NA,NA,TRUE,TRUE,NA,NA,NA
"5308","Lachnanthes","Lachnanthes caroliana",NA,NA,"Forb/herb","Moderate","No","Long","None","None",NA,NA,FALSE,FALSE,NA,NA,NA
"5309","Lagerstroemia","Lagerstroemia indica",NA,NA,"Tree, Shrub","Moderate","No","Moderate","None","None",NA,NA,TRUE,TRUE,NA,NA,NA
"5310","Larix","Larix decidua",0,0.84387358710705,"Tree","Moderate","No","Long","None","None",3.571428571,0.125,TRUE,TRUE,NA,NA,NA
"5311","Larix","Larix kaempferi",NA,NA,"Tree","Rapid","No","Long","None","None",3.571428571,0.125,TRUE,TRUE,NA,NA,NA
"5312","Lathyrus","Lathyrus latifolius",NA,NA,"Forb/herb, Vine","Moderate","No","Long","Medium","Moderate",0.024996875,0.015748031,TRUE,TRUE,NA,NA,NA
"5313","Lathyrus","Lathyrus sylvestris",41.2493098558339,36.7184681196371,"Vine, Forb/herb","Moderate","No","Long","High","Moderate",0.024996875,0.015748031,TRUE,TRUE,NA,NA,NA
"5314","Lespedeza","Lespedeza bicolor",NA,NA,"Forb/herb, Subshrub","Rapid","No","Short","Medium","None",2.666666667,0.32,TRUE,TRUE,NA,NA,NA
"5315","Lespedeza","Lespedeza thunbergii",NA,NA,"Subshrub","Moderate","No","Moderate","Medium","None",2.666666667,0.32,TRUE,FALSE,NA,NA,NA
"5316","Leucaena","Leucaena leucocephala",NA,NA,"Tree, Shrub","Rapid","Yes","Moderate","High","Moderate",NA,NA,TRUE,TRUE,NA,NA,NA
"5317","Leymus","Leymus angustus",NA,NA,"Graminoid","Rapid","No","Long","None","None",4.285714286,0.3,TRUE,FALSE,NA,NA,NA
"5318","Leymus","Leymus arenarius",NA,NA,"Graminoid","Rapid","No","Long","None","None",4.285714286,0.3,TRUE,FALSE,NA,NA,NA
"5319","Leymus","Leymus racemosus",NA,NA,"Graminoid","Rapid","No","Moderate","None","None",4.285714286,0.3,TRUE,TRUE,NA,NA,NA
"5320","Citharexylum","Citharexylum ligustrifolium",NA,NA,"Shrub","Moderate","No","Moderate","None","None",NA,NA,TRUE,FALSE,NA,NA,NA
"5321","Ligustrum","Ligustrum japonicum",NA,NA,"Tree, Shrub","Rapid","No","Moderate","None","Slight",0,0,TRUE,TRUE,NA,NA,NA
"5322","Ligustrum","Ligustrum ovalifolium",31.9713382728088,14.5496550444775,"Tree, Shrub","Rapid","No","Moderate","None","None",0,0,TRUE,TRUE,NA,NA,NA
"5323","Ligustrum","Ligustrum vulgare",11.7606454868243,11.1742431614512,"Shrub","Rapid","No","Moderate","None","None",0,0,TRUE,TRUE,NA,NA,NA
"5324","Lippia","Lippia micromera",NA,NA,"Shrub",NA,"No","Short","None",NA,NA,NA,FALSE,FALSE,NA,NA,NA
"5325","Liriope","Liriope muscari",NA,NA,"Forb/herb","Moderate","No","Moderate","None","None",NA,NA,TRUE,TRUE,NA,NA,NA
"5326","Lolium","Lolium perenne",21.6827638622325,78.3172361377675,"Graminoid","Rapid","No","Moderate","None","None",5.538461538,0.692307692,TRUE,TRUE,NA,NA,NA
"5327","Lolium","Lolium multiflorum",NA,NA,"Graminoid","Rapid","No","Short","None","None",5.538461538,0.692307692,TRUE,TRUE,NA,NA,NA
"5328","Lolium","Lolium rigidum",8.70764354032431,46.3306693688537,"Graminoid","Rapid","No",NA,"None","None",5.538461538,0.692307692,TRUE,TRUE,NA,NA,NA
"5329","Lonicera","Lonicera japonica",34.0336166524074,14.6610566583056,"Vine","Rapid","No","Moderate","None","None",0.175336061,0.050847458,TRUE,TRUE,NA,NA,NA
"5330","Lonicera","Lonicera maackii",NA,NA,"Shrub","Moderate","No","Moderate","None","None",0.175336061,0.050847458,TRUE,TRUE,NA,NA,NA
"5331","Lonicera","Lonicera tatarica",NA,NA,"Shrub","Rapid","No","Moderate","None","None",0.175336061,0.050847458,TRUE,TRUE,NA,NA,NA
"5332","Lotus","Lotus corniculatus",NA,NA,"Forb/herb","Moderate","No","Moderate","Medium","None",0,0,TRUE,TRUE,NA,NA,NA
"5333","Lotus","Lotus corniculatus",NA,NA,"Forb/herb","Moderate","No","Moderate","Medium","None",0.1143903,0.053191489,TRUE,TRUE,NA,NA,NA
"5334","Lotus","Lotus corniculatus",NA,NA,"Forb/herb","Moderate","No","Moderate","Medium","None",0,0,TRUE,TRUE,NA,NA,NA
"5335","Lotus","Lotus pedunculatus",23.8289794911755,27.8570809075336,"Forb/herb","Moderate","No","Short","Medium","None",0,0,TRUE,TRUE,NA,NA,NA
"5336","Lotus","Lotus pedunculatus",23.8289794911755,27.8570809075336,"Forb/herb","Moderate","No","Short","Medium","None",0.1143903,0.053191489,TRUE,TRUE,NA,NA,NA
"5337","Lotus","Lotus pedunculatus",23.8289794911755,27.8570809075336,"Forb/herb","Moderate","No","Short","Medium","None",0,0,TRUE,TRUE,NA,NA,NA
"5338","Lotus","Lotus tenuis",24.6216537089922,75.3783462910078,"Forb/herb","Moderate","No","Short","Medium","None",0,0,TRUE,FALSE,NA,NA,NA
"5339","Lotus","Lotus tenuis",24.6216537089922,75.3783462910078,"Forb/herb","Moderate","No","Short","Medium","None",0.1143903,0.053191489,TRUE,FALSE,NA,NA,NA
"5340","Lotus","Lotus tenuis",24.6216537089922,75.3783462910078,"Forb/herb","Moderate","No","Short","Medium","None",0,0,TRUE,FALSE,NA,NA,NA
"5341","Lupinus","Lupinus nootkatensis",NA,NA,"Forb/herb","Rapid","No","Short","Low","Slight",0.043459365,0.025423729,TRUE,TRUE,NA,NA,NA
"5342","Lycium","Lycium sandwicense",NA,NA,"Shrub","Moderate","No","Short","None",NA,0,0,TRUE,FALSE,NA,NA,NA
"5343","Magnolia","Magnolia x soulangeana",NA,NA,"Shrub, Tree","Moderate","No","Long","None","None",0,0,FALSE,FALSE,NA,NA,NA
"5344","Magnolia","Magnolia stellata",NA,NA,"Tree","Moderate","No","Long","None","None",0,0,FALSE,FALSE,NA,NA,NA
"5345","Malus","Malus floribunda",NA,NA,"Shrub, Tree","Moderate","No","Moderate","None","None",1.098901099,0.071428571,TRUE,FALSE,NA,NA,NA
"5346","Malus","Malus mandshurica",NA,NA,NA,"Moderate","No","Long","None","None",1.098901099,0.071428571,TRUE,FALSE,NA,NA,NA
"5347","Malus","Malus sargentii",NA,NA,"Shrub","Moderate","No","Moderate","None","None",1.098901099,0.071428571,TRUE,FALSE,NA,NA,NA
"5348","Malus","Malus sylvestris",27.2116888099263,4.50580996837517,"Tree, Shrub","Moderate","No","Moderate","None","None",1.098901099,0.071428571,TRUE,FALSE,NA,NA,NA
"5349","Mammea","Mammea americana",NA,NA,"Tree","Rapid","No","Short","None","Slight",NA,NA,TRUE,TRUE,NA,NA,NA
"5350","Mangifera","Mangifera indica",NA,NA,"Tree","Moderate","No","Long","None","Slight",NA,NA,TRUE,TRUE,NA,NA,NA
"5351","Manihot","Manihot esculenta",NA,NA,"Subshrub, Shrub, Forb/herb, Tree","Rapid","No","Short","None","Slight",NA,NA,TRUE,FALSE,NA,NA,NA
"5352","Manilkara","Manilkara zapota",NA,NA,"Tree","Slow","No","Short","None","None",NA,NA,TRUE,TRUE,NA,NA,NA
"5353","Medicago","Medicago lupulina",16.1067396629938,54.2618843670433,"Forb/herb","Moderate","No","Short","Medium","None",0,0,TRUE,TRUE,NA,NA,NA
"5354","Medicago","Medicago polymorpha",21.6940057383133,54.3560044117014,"Forb/herb","Moderate","No","Short","High","None",0,0,TRUE,TRUE,NA,NA,NA
"5355","Medicago","Medicago sativa",14.8660092754884,39.9688107039836,"Forb/herb","Rapid","Yes","Long","High","None",0,0,TRUE,TRUE,NA,NA,NA
"5356","Melia","Melia azedarach",NA,NA,"Shrub, Tree","Rapid","Yes","Moderate","None","Slight",NA,NA,TRUE,TRUE,NA,NA,NA
"5357","Melicoccus","Melicoccus bijugatus",NA,NA,"Tree","Moderate","No","Long","None","None",NA,NA,TRUE,TRUE,NA,NA,NA
"5358","Melilotus","Melilotus officinalis",NA,NA,"Forb/herb","Rapid","Yes","Short","Medium","Moderate",0,0,TRUE,TRUE,NA,NA,NA
"5359","Metasequoia","Metasequoia glyptostroboides",NA,NA,"Tree","Rapid","No","Long","None","None",NA,NA,FALSE,FALSE,NA,NA,NA
"5360","Metrosideros","Metrosideros polymorpha",NA,NA,"Tree, Shrub","Slow","No","Moderate","None","None",0,0,TRUE,TRUE,NA,NA,NA
"5361","Miscanthus","Miscanthus sinensis",NA,NA,"Graminoid","Moderate","No","Moderate","None","None",0,0,TRUE,TRUE,NA,NA,NA
"5362","Monarda","Monarda fistulosa var. fistulosa",NA,NA,"Subshrub, Forb/herb","Moderate","No","Moderate","None","None",0,0,TRUE,FALSE,NA,NA,NA
"5363","Myrica","Myrica caroliniensis",NA,NA,"Shrub, Tree","Moderate","No","Long","None","None",0,0,TRUE,FALSE,3.12e+11,1109,3.879999638
"5364","Myrica","Myrica inodora",NA,NA,"Tree, Shrub","Moderate","No","Moderate","None","None",0,0,TRUE,FALSE,46629848125,521.2099609,3.170000076
"5365","Morinda","Morinda citrifolia",NA,NA,"Shrub, Tree","Moderate","No","Long","High","None",0,0,TRUE,TRUE,NA,NA,NA
"5366","Morus","Morus alba",49.5462612081646,10.7832843385378,"Tree, Shrub","Moderate","No","Moderate","None","None",0,0,TRUE,TRUE,NA,NA,NA
"5367","Myosotis","Myosotis scorpioides",33.6104844288714,66.3895155711286,"Forb/herb","Moderate","No","Short","None","None",0.03417635,0.012987013,TRUE,TRUE,NA,NA,NA
"5368","Nandina","Nandina domestica",NA,NA,"Shrub","Rapid","No","Moderate","None","None",NA,NA,TRUE,TRUE,NA,NA,NA
"5369","Neonotonia","Neonotonia wightii",NA,NA,"Vine, Forb/herb","Moderate","No","Long","High","None",NA,NA,TRUE,TRUE,NA,NA,NA
"5370","Nerium","Nerium oleander",35.5043075954431,0,"Tree, Shrub","Rapid","No","Moderate","None","Moderate",NA,NA,TRUE,TRUE,NA,NA,NA
"5371","Nuphar","Nuphar polysepala",NA,NA,"Forb/herb","Rapid","No","Short","None","None",10,0.2,TRUE,FALSE,NA,NA,NA
"5372","Nyssa","Nyssa biflora",NA,NA,"Tree","Moderate","No","Moderate","None","None",NA,NA,FALSE,FALSE,3.62e+11,758.6099243,3.75
"5373","Olsynium","Olsynium douglasii var. douglasii",NA,NA,"Forb/herb","Moderate","No","Moderate","None","None",NA,NA,FALSE,FALSE,NA,NA,NA
"5374","Onobrychis","Onobrychis viciifolia",30.9714944694459,30.5935803893778,"Forb/herb","Moderate","No","Moderate","Medium","None",0,0,TRUE,FALSE,NA,NA,NA
"5375","Opuntia","Opuntia ficus-indica",NA,NA,"Tree, Shrub","Slow","No","Moderate","None","None",1.333333333,0.333333333,TRUE,TRUE,NA,NA,NA
"5376","Osteomeles","Osteomeles anthyllidifolia",NA,NA,"Shrub","Slow","No","Long","None","None",NA,NA,FALSE,FALSE,NA,NA,NA
"5377","Pachysandra","Pachysandra terminalis",NA,NA,"Forb/herb, Subshrub","Slow","No","Moderate","None","None",NA,NA,TRUE,TRUE,NA,NA,NA
"5378","Panicum","Panicum antidotale",NA,NA,"Graminoid","Rapid","No","Moderate","None","None",0.051264525,0.019480519,TRUE,FALSE,NA,NA,NA
"5379","Panicum","Panicum coloratum",NA,NA,"Graminoid","Rapid","No","Moderate","None","Slight",0.051264525,0.019480519,TRUE,TRUE,NA,NA,NA
"5380","Panicum","Panicum hemitomon",NA,NA,"Graminoid","Rapid","No","Moderate","None","None",0.051264525,0.019480519,TRUE,FALSE,2.26e+11,860.2299194,4.149999619
"5381","Panicum","Panicum miliaceum",NA,NA,"Graminoid","Rapid","No",NA,"None","None",0.051264525,0.019480519,TRUE,TRUE,NA,NA,NA
"5382","Parthenocissus","Parthenocissus tricuspidata",55.1481084096199,13.4424454918111,"Vine","Rapid","No","Long","None","None",NA,NA,TRUE,TRUE,NA,NA,NA
"5383","Paspalum","Paspalum dilatatum",33.6765858918701,40.2643061046354,"Graminoid","Moderate","No","Moderate","None","Slight",0,0,TRUE,TRUE,NA,NA,NA
"5384","Paspalum","Paspalum lepton",NA,NA,"Graminoid","Rapid","No","Moderate","None","None",0,0,TRUE,FALSE,NA,NA,NA
"5385","Paspalum","Paspalum saurae",NA,NA,"Graminoid","Rapid","No","Moderate","None","None",0,0,TRUE,FALSE,NA,NA,NA
"5386","Paulownia","Paulownia tomentosa",84.1648934747371,13.170891834797,"Tree","Rapid","No","Moderate","None","None",NA,NA,TRUE,TRUE,NA,NA,NA
"5387","Cenchrus","Cenchrus setosus subsp. setosus",NA,NA,"Graminoid","Moderate","No","Moderate","None","None",0,0,TRUE,TRUE,NA,NA,NA
"5388","Cenchrus","Cenchrus setosus subsp. setosus",NA,NA,"Graminoid","Moderate","No","Moderate","None","None",0,0,TRUE,TRUE,NA,NA,NA
"5389","Cenchrus","Cenchrus ciliaris",16.4706044805207,16.1575075390174,"Graminoid","Rapid","No","Long","None","None",0,0,TRUE,TRUE,NA,NA,NA
"5390","Cenchrus","Cenchrus ciliaris",16.4706044805207,16.1575075390174,"Graminoid","Rapid","No","Long","None","None",0,0,TRUE,TRUE,NA,NA,NA
"5391","Cenchrus","Cenchrus flaccidus",NA,NA,"Graminoid","Rapid","No","Moderate","None","None",0,0,TRUE,FALSE,NA,NA,NA
"5392","Cenchrus","Cenchrus flaccidus",NA,NA,"Graminoid","Rapid","No","Moderate","None","None",0,0,TRUE,FALSE,NA,NA,NA
"5393","Cenchrus","Cenchrus americanus",23.8612636917754,35.7489652537562,"Graminoid","Rapid","No","Short","None","None",0,0,TRUE,TRUE,NA,NA,NA
"5394","Cenchrus","Cenchrus americanus",23.8612636917754,35.7489652537562,"Graminoid","Rapid","No","Short","None","None",0,0,TRUE,TRUE,NA,NA,NA
"5395","Cenchrus","Cenchrus purpureus",NA,NA,"Graminoid","Rapid","No","Long","None","None",0,0,TRUE,TRUE,NA,NA,NA
"5396","Cenchrus","Cenchrus purpureus",NA,NA,"Graminoid","Rapid","No","Long","None","None",0,0,TRUE,TRUE,NA,NA,NA
"5397","Cenchrus","Cenchrus setaceus",NA,NA,"Graminoid","Moderate","No","Moderate","None","None",0,0,TRUE,TRUE,NA,NA,NA
"5398","Cenchrus","Cenchrus setaceus",NA,NA,"Graminoid","Moderate","No","Moderate","None","None",0,0,TRUE,TRUE,NA,NA,NA
"5399","Penstemon","Penstemon hartwegii",NA,NA,NA,"Rapid","No","Short","None","None",0.081371694,0.075268817,TRUE,FALSE,NA,NA,NA
"5400","Penstemon","Penstemon heterophyllus var. purdyi",NA,NA,"Subshrub, Forb/herb","Moderate","No","Long","None","None",0.081371694,0.075268817,TRUE,FALSE,NA,NA,NA
"5401","Persea","Persea borbonia",NA,NA,"Tree, Shrub","Moderate","No","Moderate","None","None",NA,NA,TRUE,FALSE,3.53e+11,1113.479919,4.659999847
"5402","Phalaris","Phalaris aquatica",NA,NA,"Graminoid","Rapid","No","Long","None","None",0,0,TRUE,TRUE,NA,NA,NA
"5403","Philadelphus","Philadelphus coronarius",NA,NA,"Shrub","Moderate","No","Long","None","None",0,0,FALSE,FALSE,NA,NA,NA
"5404","Phleum","Phleum pratense",26.8610668354108,42.190620449502,"Graminoid","Rapid","Yes","Moderate","None","None",0,0,TRUE,TRUE,NA,NA,NA
"5405","Phyllostachys","Phyllostachys aurea",NA,NA,"Graminoid, Shrub, Vine","Rapid","No","Long","None","None",0,0,TRUE,TRUE,NA,NA,NA
"5406","Picea","Picea abies",0,0,"Tree","Slow","No","Moderate","None","None",0,0,TRUE,TRUE,NA,NA,NA
"5407","Pieris","Pieris japonica",NA,NA,NA,"Slow","No","Moderate","None","None",NA,NA,FALSE,FALSE,NA,NA,NA
"5408","Pinus","Pinus canariensis",NA,NA,NA,"Slow","No","Long","None","None",0.216216216,0.08,TRUE,TRUE,NA,NA,NA
"5409","Pinus","Pinus glabra",NA,NA,"Tree","Rapid","No","Moderate","None","None",0.216216216,0.08,TRUE,TRUE,NA,NA,NA
"5410","Pinus","Pinus mugo",2.12806022919589,0,"Tree, Shrub","Slow","No","Long","None","None",0.216216216,0.08,TRUE,TRUE,NA,NA,NA
"5411","Pinus","Pinus nigra",NA,NA,"Tree","Moderate","No","Long","None","None",0.216216216,0.08,TRUE,TRUE,NA,NA,NA
"5412","Pinus","Pinus serotina",NA,NA,"Tree","Moderate","No","Moderate","None","None",0.216216216,0.08,TRUE,FALSE,NA,NA,NA
"5413","Pinus","Pinus sylvestris",2.62855610957239,0,"Tree","Rapid","No","Moderate","None","None",0.216216216,0.08,TRUE,TRUE,NA,NA,NA
"5414","Pittosporum","Pittosporum tobira",NA,NA,"Tree, Shrub","Moderate","No","Moderate","None","None",2.333333333,0.28,TRUE,TRUE,NA,NA,NA
"5415","Pittosporum","Pittosporum viridiflorum",NA,NA,"Tree","Moderate","No","Moderate","None","None",2.333333333,0.28,TRUE,TRUE,NA,NA,NA
"5416","Plantago","Plantago major",40.5764192029752,43.560447175725,"Forb/herb","Moderate","No","Short","None","None",0,0,TRUE,TRUE,NA,NA,NA
"5417","Plantago","Plantago major",40.5764192029752,43.560447175725,"Forb/herb","Moderate","No","Short","None","None",0.131967086,0.074561404,TRUE,TRUE,NA,NA,NA
"5418","Platycladus","Platycladus orientalis",0,0,"Tree, Shrub","Rapid","No","Moderate","None","None",NA,NA,FALSE,FALSE,NA,NA,NA
"5419","Poa","Poa annua",8.17784198457564,88.3980868997521,"Graminoid","Rapid","No",NA,"None","None",0,0,TRUE,TRUE,NA,NA,NA
"5420","Poa","Poa annua",8.17784198457564,88.3980868997521,"Graminoid","Rapid","No",NA,"None","None",0.116245278,0.107526882,TRUE,TRUE,NA,NA,NA
"5421","Poa","Poa bulbosa",0,60.35536041143,"Graminoid","Moderate","No","Long","None","None",0,0,TRUE,TRUE,NA,NA,NA
"5422","Poa","Poa bulbosa",0,60.35536041143,"Graminoid","Moderate","No","Long","None","None",0.116245278,0.107526882,TRUE,TRUE,NA,NA,NA
"5423","Poa","Poa compressa",11.4262079618448,28.4769780366577,"Graminoid","Moderate","No","Moderate","None","None",0,0,TRUE,TRUE,NA,NA,NA
"5424","Poa","Poa compressa",11.4262079618448,28.4769780366577,"Graminoid","Moderate","No","Moderate","None","None",0.116245278,0.107526882,TRUE,TRUE,NA,NA,NA
"5425","Arctopoa","Arctopoa eminens",NA,NA,"Graminoid","Moderate","No","Short","None","None",NA,NA,FALSE,FALSE,NA,NA,NA
"5426","Poa","Poa glauca subsp. glauca",NA,NA,"Graminoid","Slow","No","Moderate","None","None",0,0,TRUE,FALSE,NA,NA,NA
"5427","Poa","Poa glauca subsp. glauca",NA,NA,"Graminoid","Slow","No","Moderate","None","None",0.116245278,0.107526882,TRUE,FALSE,NA,NA,NA
"5428","Poa","Poa pratensis",12.3623904402586,87.6376095597414,"Graminoid","Rapid","No","Long","None","None",0,0,TRUE,TRUE,NA,NA,NA
"5429","Poa","Poa pratensis",12.3623904402586,87.6376095597414,"Graminoid","Rapid","No","Long","None","None",0.116245278,0.107526882,TRUE,TRUE,NA,NA,NA
"5430","Poa","Poa trivialis",32.2197461057248,32.1898938743808,"Graminoid","Moderate","No","Moderate","None","None",0,0,TRUE,TRUE,NA,NA,NA
"5431","Poa","Poa trivialis",32.2197461057248,32.1898938743808,"Graminoid","Moderate","No","Moderate","None","None",0.116245278,0.107526882,TRUE,TRUE,NA,NA,NA
"5432","Polemonium","Polemonium acutiflorum",NA,NA,"Forb/herb","Rapid","No","Short","None",NA,0,0,FALSE,FALSE,NA,NA,NA
"5433","Bistorta","Bistorta officinalis",45.3938819220692,24.4774531903194,"Forb/herb","Moderate","No","Moderate","None","None",0,0,FALSE,FALSE,NA,NA,NA
"5434","Bistorta","Bistorta officinalis",62.1099729670998,33.3301461978366,"Forb/herb","Moderate","No","Moderate","None","None",0,0,FALSE,FALSE,NA,NA,NA
"5435","Persicaria","Persicaria hydropiper",22.6045711759501,77.3954288240499,"Forb/herb","Rapid","No",NA,"None","None",1.814516129,0.28125,TRUE,TRUE,NA,NA,NA
"5436","Persicaria","Persicaria hydropiper",33.4496130872072,44.430117253967,"Forb/herb","Rapid","No",NA,"None","None",1.814516129,0.28125,TRUE,TRUE,NA,NA,NA
"5437","Persicaria","Persicaria maculosa",18.5282705033059,26.426556769025,"Forb/herb","Rapid","No","Short","None","None",1.814516129,0.28125,TRUE,TRUE,NA,NA,NA
"5438","Polypogon","Polypogon monspeliensis",NA,NA,"Graminoid","Rapid","No",NA,"None","None",1.960784314,0.166666667,TRUE,TRUE,NA,NA,NA
"5439","Populus","Populus x canadensis",NA,NA,"Tree","Rapid","No","Short","None","None",2.43902439,0.5,TRUE,TRUE,NA,NA,NA
"5440","Populus","Populus alba",39.6709033136119,7.57128526802827,"Tree","Rapid","No","Moderate","None","None",2.43902439,0.5,TRUE,TRUE,NA,NA,NA
"5441","Populus","Populus tristis",NA,NA,"Tree","Rapid","No","Moderate","None","None",2.43902439,0.5,TRUE,FALSE,NA,NA,NA
"5442","Populus","Populus nigra",41.8886170430606,4.10784693137022,"Tree","Rapid","No","Short","None","None",2.43902439,0.5,TRUE,TRUE,NA,NA,NA
"5443","Prestoea","Prestoea acuminata var. montana",NA,NA,"Tree",NA,"No",NA,"None",NA,NA,NA,FALSE,FALSE,NA,NA,NA
"5444","Prunus","Prunus fruticosa",NA,NA,"Shrub","Moderate","No","Long","None","None",0.240891298,0.097560976,TRUE,FALSE,NA,NA,NA
"5445","Prunus","Prunus pumila var. besseyi",NA,NA,"Shrub","Moderate","No","Moderate","None","None",0.240891298,0.097560976,TRUE,FALSE,NA,NA,NA
"5446","Prunus","Prunus serotina var. rufula",NA,NA,"Tree, Shrub","Rapid","No","Long","None","Severe",0.240891298,0.097560976,TRUE,FALSE,NA,NA,NA
"5447","Prunus","Prunus tenella",NA,NA,NA,"Moderate","No","Moderate","None","None",0.240891298,0.097560976,TRUE,FALSE,NA,NA,NA
"5448","Prunus","Prunus tomentosa",NA,NA,"Tree, Shrub","Moderate","No","Long","None","None",0.240891298,0.097560976,TRUE,TRUE,NA,NA,NA
"5449","Psathyrostachys","Psathyrostachys juncea",NA,NA,"Graminoid","Rapid","No","Moderate","None","None",NA,NA,TRUE,TRUE,NA,NA,NA
"5450","Pseudotsuga","Pseudotsuga menziesii var. glauca",NA,NA,"Tree","Moderate","No","Long","None","None",0,0,TRUE,FALSE,NA,NA,NA
"5451","Psidium","Psidium guajava",NA,NA,"Tree, Shrub","Moderate","No","Long","None","None",0,0,TRUE,TRUE,NA,NA,NA
"5452","Punica","Punica granatum",NA,NA,"Tree, Shrub","Slow","No","Moderate","None","None",NA,NA,FALSE,FALSE,NA,NA,NA
"5453","Pyracantha","Pyracantha coccinea",NA,NA,"Shrub","Rapid","No","Moderate","None","None",0,0,TRUE,TRUE,NA,NA,NA
"5454","Pyrus","Pyrus calleryana",NA,NA,"Tree","Moderate","No","Long","None","Severe",0.952380952,0.066666667,TRUE,TRUE,NA,NA,NA
"5455","Pyrus","Pyrus communis",NA,NA,"Tree","Rapid","No","Short","None","None",0.952380952,0.066666667,TRUE,FALSE,NA,NA,NA
"5456","Pyrus","Pyrus ussuriensis",NA,NA,NA,"Slow","No","Moderate","None","None",0.952380952,0.066666667,TRUE,FALSE,NA,NA,NA
"5457","Quercus","Quercus acutissima",NA,NA,"Tree","Rapid","No","Long","None","None",1.865203762,0.811363636,TRUE,TRUE,NA,NA,NA
"5458","Ranunculus","Ranunculus repens",46.1780830231749,47.8650390739997,"Forb/herb","Rapid","No","Short","None","Moderate",2.222222222,0.1,TRUE,TRUE,NA,NA,NA
"5459","Ranunculus","Ranunculus repens",46.1780830231749,47.8650390739997,"Forb/herb","Rapid","No","Short","None","Moderate",0.044003432,0.066225166,TRUE,TRUE,NA,NA,NA
"5460","Rhus","Rhus aromatica var. serotina",NA,NA,"Shrub","Slow","No","Long","None","None",1.470588235,0.117647059,TRUE,FALSE,NA,NA,NA
"5461","Robinia","Robinia hispida var. fertilis",NA,NA,"Tree, Shrub","Rapid","No","Moderate","High","None",0,0,TRUE,FALSE,NA,NA,NA
"5462","Rosa","Rosa rugosa",48.5661630304928,3.13450164556235,"Subshrub","Moderate","No","Long","None","None",1.171624714,0.667826087,TRUE,TRUE,NA,NA,NA
"5463","Rosa","Rosa lucieae",NA,NA,"Vine, Subshrub","Rapid","No","Moderate","None","None",1.171624714,0.667826087,TRUE,FALSE,NA,NA,NA
"5464","Rosmarinus","Rosmarinus officinalis",3.55144520564402,0,"Shrub, Subshrub","Moderate","No","Long","None","None",0,0,TRUE,TRUE,NA,NA,NA
"5465","Roystonea","Roystonea borinquena",NA,NA,"Tree","Moderate","No","Short","None","None",NA,NA,TRUE,FALSE,NA,NA,NA
"5466","Rubus","Rubus chamaemorus",36.8634860140944,19.1258710498727,"Subshrub, Forb/herb","Rapid","No","Short","None","None",0.06483085,0.181850534,TRUE,FALSE,NA,NA,NA
"5467","Rumex","Rumex arcticus",NA,NA,"Forb/herb","Moderate","No","Short","None","Slight",0.593395253,0.450980392,TRUE,FALSE,NA,NA,NA
"5468","Sabal","Sabal causiarum",NA,NA,"Tree","Slow","No","Short","None","None",NA,NA,FALSE,FALSE,NA,NA,NA
"5469","Saccharum","Saccharum officinarum",68.8947532442507,7.69741031488092,"Graminoid","Rapid","No","Moderate","None","None",0,0,TRUE,TRUE,NA,NA,NA
"5470","Tripidium","Tripidium ravennae",NA,NA,"Graminoid","Rapid","No","Short","None","None",NA,NA,FALSE,FALSE,NA,NA,NA
"5471","Salix","Salix x cottetii",NA,NA,NA,"Rapid","No","Moderate","None","None",0.594652598,0.627358491,TRUE,FALSE,NA,NA,NA
"5472","Salix","Salix x pendulina nothof. tristis",NA,NA,"Tree","Rapid","No","Short","None","None",0.594652598,0.627358491,TRUE,FALSE,NA,NA,NA
"5473","Salix","Salix alaxensis",NA,NA,"Tree, Shrub","Rapid","No","Moderate","None","None",0.594652598,0.627358491,TRUE,FALSE,NA,NA,NA
"5474","Salix","Salix alba",25.3378541342213,11.3115323931969,"Tree","Rapid","Yes","Moderate","None","None",0.594652598,0.627358491,TRUE,TRUE,NA,NA,NA
"5475","Salix","Salix niphoclada",NA,NA,"Shrub","Moderate","No","Moderate","None","None",0.594652598,0.627358491,TRUE,FALSE,NA,NA,NA
"5476","Salix","Salix pentandra",23.2975880817133,18.4637092446169,"Tree","Rapid","No","Long","None","None",0.594652598,0.627358491,TRUE,FALSE,NA,NA,NA
"5477","Salix","Salix purpurea",17.7203658821553,10.7691402991573,"Tree, Shrub","Rapid","No","Long","None","None",0.594652598,0.627358491,TRUE,FALSE,NA,NA,NA
"5478","Sanguisorba","Sanguisorba minor",NA,NA,"Forb/herb","Moderate","No","Short","None","None",0,0,FALSE,FALSE,NA,NA,NA
"5479","Sapindus","Sapindus drummondii",NA,NA,"Tree, Shrub","Moderate","No","Long","None","Moderate",0,0,FALSE,FALSE,NA,NA,NA
"5480","Scaevola","Scaevola sericea",NA,NA,"Shrub","Moderate","No","Long","None","None",0.833333333,0.0625,TRUE,TRUE,NA,NA,NA
"5481","Schoenoplectus","Schoenoplectus acutus var. acutus",NA,NA,"Graminoid","Moderate","No","Long","None","None",3.03030303,0.166666667,TRUE,FALSE,NA,NA,NA
"5482","Schoenoplectus","Schoenoplectus pungens var. pungens",NA,NA,"Graminoid","Moderate","No","Long","None","None",3.03030303,0.166666667,TRUE,TRUE,NA,NA,NA
"5483","Secale","Secale cereale",NA,NA,"Graminoid","Rapid","Yes",NA,"None","None",0,0,TRUE,TRUE,NA,NA,NA
"5484","Serenoa","Serenoa repens",NA,NA,"Tree, Shrub","Slow","No","Long","None","None",NA,NA,FALSE,FALSE,1.72e+11,1143.519958,4.659999847
"5485","Sesbania","Sesbania grandiflora",NA,NA,"Shrub, Tree","Rapid","No","Moderate","Medium","None",0,0,TRUE,FALSE,NA,NA,NA
"5486","Sesbania","Sesbania tomentosa",NA,NA,"Shrub","Moderate","No","Moderate","Medium","None",0,0,TRUE,FALSE,NA,NA,NA
"5487","Setaria","Setaria italica",53.3751700930042,30.3341825993699,"Graminoid","Rapid","No",NA,"None","None",0,0,TRUE,TRUE,NA,NA,NA
"5488","Setaria","Setaria italica",53.3751700930042,30.3341825993699,"Graminoid","Rapid","No",NA,"None","None",0.128205128,0.025,TRUE,TRUE,NA,NA,NA
"5489","Setaria","Setaria pumila",33.9299149757909,44.7915142052377,"Graminoid","Rapid","No",NA,"None","None",0,0,TRUE,TRUE,NA,NA,NA
"5490","Setaria","Setaria pumila",33.9299149757909,44.7915142052377,"Graminoid","Rapid","No",NA,"None","None",0.128205128,0.025,TRUE,TRUE,NA,NA,NA
"5491","Smilax","Smilax walteri",NA,NA,"Shrub, Vine","Rapid","No","Long","None","None",0,0,TRUE,FALSE,2.82e+11,753.8599243,3.75
"5492","Solanum","Solanum lycopersicum",NA,NA,"Forb/herb","Rapid","No","Short","None","Slight",0,0,TRUE,TRUE,NA,NA,NA
"5493","Solanum","Solanum lycopersicum",NA,NA,"Forb/herb","Rapid","No","Short","None","Slight",0.055096419,0.033057851,TRUE,TRUE,NA,NA,NA
"5494","Solanum","Solanum melongena",NA,NA,"Subshrub, Forb/herb","Rapid","No","Short","None","Slight",0,0,TRUE,TRUE,NA,NA,NA
"5495","Solanum","Solanum melongena",NA,NA,"Subshrub, Forb/herb","Rapid","No","Short","None","Slight",0.055096419,0.033057851,TRUE,TRUE,NA,NA,NA
"5496","Sophora","Sophora chrysophylla",NA,NA,"Tree, Shrub","Moderate","No","Long","Medium","None",0,0,FALSE,FALSE,NA,NA,NA
"5497","Sorbus","Sorbus aucuparia",53.0060489573427,7.706057270434,"Tree, Shrub","Rapid","No","Moderate","None","None",0.721954832,0.263513514,TRUE,TRUE,NA,NA,NA
"5498","Sorbus","Sorbus occidentalis",NA,NA,"Tree, Shrub","Slow","No","Moderate","None","None",0.721954832,0.263513514,TRUE,FALSE,NA,NA,NA
"5499","Sorghum","Sorghum bicolor",58.417332539865,15.0989913717651,"Graminoid","Rapid","No",NA,"None","Moderate",0,0,TRUE,TRUE,NA,NA,NA
"5500","Sorghum","Sorghum bicolor subsp. bicolor",NA,NA,"Graminoid","Rapid","Yes",NA,"None","Moderate",0,0,TRUE,FALSE,NA,NA,NA
"5501","Sorghum","Sorghum x drummondii",NA,NA,"Graminoid","Rapid","Yes",NA,"None","Slight",0,0,TRUE,TRUE,NA,NA,NA
"5502","Sorghum","Sorghum halepense",56.8574809942667,24.1606774944901,"Graminoid","Rapid","Yes","Long","None","Slight",0,0,TRUE,TRUE,NA,NA,NA
"5503","Sporobolus","Sporobolus alterniflorus",NA,NA,"Graminoid","Moderate","No","Moderate","None","None",0,0,TRUE,TRUE,NA,NA,NA
"5504","Sporobolus","Sporobolus alterniflorus",NA,NA,"Graminoid","Moderate","No","Moderate","None","None",0,0,TRUE,TRUE,NA,NA,NA
"5505","Sporobolus","Sporobolus alterniflorus",NA,NA,"Graminoid","Moderate","No","Moderate","None","None",1.086956522,0.125,TRUE,TRUE,NA,NA,NA
"5506","Sporobolus","Sporobolus alterniflorus",NA,NA,"Graminoid","Moderate","No","Moderate","None","None",0,0,TRUE,TRUE,NA,NA,NA
"5507","Sporobolus","Sporobolus bakeri",NA,NA,"Graminoid","Moderate","No","Moderate","None","None",0,0,TRUE,FALSE,88092258322,660.1700439,3.510000229
"5508","Sporobolus","Sporobolus bakeri",NA,NA,"Graminoid","Moderate","No","Moderate","None","None",0,0,TRUE,FALSE,88092258322,660.1700439,3.510000229
"5509","Sporobolus","Sporobolus bakeri",NA,NA,"Graminoid","Moderate","No","Moderate","None","None",1.086956522,0.125,TRUE,FALSE,88092258322,660.1700439,3.510000229
"5510","Sporobolus","Sporobolus bakeri",NA,NA,"Graminoid","Moderate","No","Moderate","None","None",0,0,TRUE,FALSE,88092258322,660.1700439,3.510000229
"5511","Spiraea","Spiraea japonica",NA,NA,"Shrub","Moderate","No","Moderate","None","None",1.008403361,0.171428571,TRUE,TRUE,NA,NA,NA
"5512","Spiraea","Spiraea prunifolia",NA,NA,"Shrub","Rapid","No","Long","None","None",1.008403361,0.171428571,TRUE,FALSE,NA,NA,NA
"5513","Spiraea","Spiraea trilobata",NA,NA,"Shrub","Moderate","No","Moderate","None","None",1.008403361,0.171428571,TRUE,TRUE,NA,NA,NA
"5514","Spondias","Spondias mombin",72.2417917638546,6.42255514151416,"Tree","Moderate","No",NA,"None","None",NA,NA,FALSE,FALSE,NA,NA,NA
"5515","Sporobolus","Sporobolus virginicus",12.3684744461843,20.1829621897126,"Graminoid","Moderate","No","Long","None","None",0,0,TRUE,FALSE,NA,NA,NA
"5516","Sporobolus","Sporobolus virginicus",12.3684744461843,20.1829621897126,"Graminoid","Moderate","No","Long","None","None",0,0,TRUE,FALSE,NA,NA,NA
"5517","Sporobolus","Sporobolus virginicus",12.3684744461843,20.1829621897126,"Graminoid","Moderate","No","Long","None","None",1.086956522,0.125,TRUE,FALSE,NA,NA,NA
"5518","Sporobolus","Sporobolus virginicus",12.3684744461843,20.1829621897126,"Graminoid","Moderate","No","Long","None","None",0,0,TRUE,FALSE,NA,NA,NA
"5519","Swietenia","Swietenia macrophylla",NA,NA,"Tree","Rapid","No","Long","None","None",NA,NA,FALSE,FALSE,NA,NA,NA
"5520","Swietenia","Swietenia mahagoni",NA,NA,"Tree","Rapid","No","Short","None","None",NA,NA,FALSE,FALSE,NA,NA,NA
"5521","Symphyotrichum","Symphyotrichum foliaceum var. foliaceum",NA,NA,"Forb/herb","Moderate","No","Short","None","None",0,0,TRUE,FALSE,NA,NA,NA
"5522","Symphyotrichum","Symphyotrichum laeve var. laeve",NA,NA,"Forb/herb","Moderate","No","Short","None","None",0,0,TRUE,FALSE,NA,NA,NA
"5523","Symphyotrichum","Symphyotrichum novi-belgii var. novi-belgii",NA,NA,"Forb/herb","Moderate","No","Short","None","None",0,0,TRUE,FALSE,NA,NA,NA
"5524","Symphyotrichum","Symphyotrichum puniceum var. puniceum",NA,NA,"Subshrub, Forb/herb","Slow","No","Moderate","None","None",0,0,TRUE,FALSE,NA,NA,NA
"5525","Syringa","Syringa villosa",NA,NA,"Shrub","Moderate","No","Moderate","None","None",0,0,TRUE,FALSE,NA,NA,NA
"5526","Syringa","Syringa vulgaris",36.8346363496855,12.336085963941,"Shrub","Moderate","No","Moderate","None","None",0,0,TRUE,TRUE,NA,NA,NA
"5527","Tamarindus","Tamarindus indica",NA,NA,"Tree","Moderate","No","Moderate","None","Slight",NA,NA,TRUE,TRUE,NA,NA,NA
"5528","Taraxacum","Taraxacum officinale",57.7770374303352,41.6512907588193,"Forb/herb","Rapid","No","Short","None","None",0.007936036,0.012578616,TRUE,TRUE,NA,NA,NA
"5529","Taxodium","Taxodium distichum var. imbricarium",NA,NA,"Tree","Slow","No","Long","None","None",NA,NA,FALSE,FALSE,2.05e+11,783.5799561,3.869999886
"5530","Taxus","Taxus x media",NA,NA,"Shrub, Tree","Slow","No","Long","None","Severe",0,0,FALSE,FALSE,NA,NA,NA
"5531","Taxus","Taxus baccata",1.70475053616744,0,"Tree, Shrub","Slow","No","Long","None","Severe",0,0,FALSE,FALSE,NA,NA,NA
"5532","Taxus","Taxus cuspidata",NA,NA,"Tree","Slow","No","Moderate","None","Moderate",0,0,FALSE,FALSE,NA,NA,NA
"5533","Terminalia","Terminalia catappa",NA,NA,"Tree, Shrub","Moderate","No","Long","None","None",0,0,TRUE,TRUE,NA,NA,NA
"5534","Thespesia","Thespesia populnea",NA,NA,"Tree, Shrub","Rapid","No","Long","None","None",NA,NA,TRUE,TRUE,NA,NA,NA
"5535","Thinopyrum","Thinopyrum intermedium",NA,NA,"Graminoid","Moderate","No","Moderate","None","None",NA,NA,TRUE,TRUE,NA,NA,NA
"5536","Thinopyrum","Thinopyrum obtusiflorum",NA,NA,"Graminoid","Moderate","No","Long","None","None",NA,NA,TRUE,FALSE,NA,NA,NA
"5537","Tilia","Tilia cordata",40.7809876384978,14.5756632511977,"Tree","Moderate","No","Moderate","None","None",10.8974359,0.653846154,FALSE,FALSE,NA,NA,NA
"5538","Torreya","Torreya taxifolia",NA,NA,"Tree","Moderate","No","Moderate","None","None",NA,NA,FALSE,FALSE,NA,NA,NA
"5539","Trachelospermum","Trachelospermum jasminoides",NA,NA,"Vine","Rapid","No","Long","None","None",NA,NA,TRUE,TRUE,NA,NA,NA
"5540","Trifolium","Trifolium fragiferum",22.6415181063651,47.4839042245745,"Forb/herb","Moderate","No","Moderate","High","Slight",0.00911965,0.011673152,TRUE,FALSE,NA,NA,NA
"5541","Trifolium","Trifolium hirtum",NA,NA,"Forb/herb","Rapid","No",NA,"Low","None",0.00911965,0.011673152,TRUE,TRUE,NA,NA,NA
"5542","Trifolium","Trifolium hybridum",45.4495767580109,28.7868374061396,"Forb/herb","Rapid","No","Short","High","Slight",0.00911965,0.011673152,TRUE,TRUE,NA,NA,NA
"5543","Trifolium","Trifolium incarnatum",36.862020307349,50.6788544540087,"Forb/herb","Rapid","No",NA,"Medium","None",0.00911965,0.011673152,TRUE,TRUE,NA,NA,NA
"5544","Trifolium","Trifolium nigrescens",NA,NA,"Forb/herb","Moderate","No",NA,"Low","None",0.00911965,0.011673152,TRUE,TRUE,NA,NA,NA
"5545","Trifolium","Trifolium pratense",NA,NA,"Forb/herb","Rapid","No","Short","Medium","Slight",0.00911965,0.011673152,TRUE,TRUE,NA,NA,NA
"5546","Trifolium","Trifolium repens",NA,NA,"Forb/herb","Moderate","No","Long","High","None",0.00911965,0.011673152,TRUE,TRUE,NA,NA,NA
"5547","Trifolium","Trifolium subterraneum",NA,NA,"Forb/herb","Rapid","No",NA,"Medium","None",0.00911965,0.011673152,TRUE,TRUE,NA,NA,NA
"5548","Trifolium","Trifolium vesiculosum",NA,NA,"Forb/herb","Rapid","No",NA,"High","Slight",0.00911965,0.011673152,TRUE,FALSE,NA,NA,NA
"5549","Triticum","Triticum aestivum",39.2800523816278,37.9092231640062,"Graminoid","Rapid","No",NA,"None","None",1.923076923,0.115384615,FALSE,FALSE,NA,NA,NA
"5550","Ulmus","Ulmus parvifolia",NA,NA,"Tree","Rapid","No","Moderate","None","None",2.461538462,0.307692308,TRUE,FALSE,NA,NA,NA
"5551","Ulmus","Ulmus pumila",NA,NA,"Tree, Shrub","Rapid","No","Short","None","None",2.461538462,0.307692308,TRUE,TRUE,NA,NA,NA
"5552","Urochloa","Urochloa brizantha",NA,NA,"Graminoid","Rapid","No","Moderate","None","None",0,0,TRUE,TRUE,NA,NA,NA
"5553","Megathyrsus","Megathyrsus maximus",NA,NA,"Graminoid","Rapid","No","Short","None","None",NA,NA,TRUE,TRUE,NA,NA,NA
"5554","Urochloa","Urochloa mutica",NA,NA,"Graminoid","Rapid","No","Long","None","None",0,0,TRUE,TRUE,NA,NA,NA
"5555","Urochloa","Urochloa ramosa",NA,NA,"Graminoid","Rapid","No","Short","None","None",0,0,TRUE,FALSE,NA,NA,NA
"5556","Vaccinium","Vaccinium vitis-idaea",3.35870266348847,0,"Shrub, Subshrub","Moderate","No","Short","None","None",0.340136054,0.081632653,FALSE,FALSE,NA,NA,NA
"5557","Chrysopogon","Chrysopogon zizanioides",NA,NA,"Graminoid","Rapid","No","Long","None","None",NA,NA,TRUE,TRUE,NA,NA,NA
"5558","Viburnum","Viburnum trilobum",NA,NA,"Shrub, Tree","Slow","No","Long","None","None",0.333333333,0.04,TRUE,FALSE,NA,NA,NA
"5559","Vicia","Vicia cracca",22.0202863438098,41.0128577032107,"Vine, Forb/herb","Moderate","No","Moderate","Medium","None",0,0,TRUE,TRUE,NA,NA,NA
"5560","Vicia","Vicia cracca",22.0202863438098,41.0128577032107,"Vine, Forb/herb","Moderate","No","Moderate","Medium","None",0,0,TRUE,TRUE,NA,NA,NA
"5561","Vicia","Vicia lutea",NA,NA,"Forb/herb, Vine","Moderate","No",NA,"High","None",0,0,TRUE,FALSE,NA,NA,NA
"5562","Vicia","Vicia lutea",NA,NA,"Forb/herb, Vine","Moderate","No",NA,"High","None",0,0,TRUE,FALSE,NA,NA,NA
"5563","Vicia","Vicia villosa",12.8265277940166,47.4403956903143,"Forb/herb, Vine","Rapid","No","Short","Medium","Slight",0,0,TRUE,TRUE,NA,NA,NA
"5564","Vicia","Vicia villosa",12.8265277940166,47.4403956903143,"Forb/herb, Vine","Rapid","No","Short","Medium","Slight",0,0,TRUE,TRUE,NA,NA,NA
"5565","Vicia","Vicia villosa subsp. varia",NA,NA,"Forb/herb, Vine","Rapid","No","Short","High","None",0,0,TRUE,FALSE,NA,NA,NA
"5566","Vicia","Vicia villosa subsp. varia",NA,NA,"Forb/herb, Vine","Rapid","No","Short","High","None",0,0,TRUE,FALSE,NA,NA,NA
"5567","Vigna","Vigna radiata",NA,NA,"Forb/herb","Rapid","No",NA,"Medium","None",0,0,FALSE,FALSE,NA,NA,NA
"5568","Vigna","Vigna unguiculata",NA,NA,"Vine, Forb/herb","Rapid","No",NA,"High","None",0,0,FALSE,FALSE,NA,NA,NA
"5569","Vinca","Vinca minor",16.083092554544,48.5650867833918,"Forb/herb, Vine","Moderate","No","Long","None","Moderate",0,0,TRUE,TRUE,NA,NA,NA
"5570","Vitex","Vitex trifolia var. trifolia",NA,NA,"Tree, Shrub","Rapid","No","Short","None",NA,NA,NA,TRUE,FALSE,NA,NA,NA
"5571","Festuca","Festuca myuros",9.42055610263229,47.7958675502844,"Graminoid","Rapid","No",NA,"None","None",0,0,TRUE,TRUE,NA,NA,NA
"5572","Festuca","Festuca myuros",9.42055610263229,47.7958675502844,"Graminoid","Rapid","No",NA,"None","None",0.051848673,0.061181435,TRUE,TRUE,NA,NA,NA
"5573","Festuca","Festuca myuros",9.42055610263229,47.7958675502844,"Graminoid","Rapid","No",NA,"None","None",0,0,TRUE,TRUE,NA,NA,NA
"5574","Festuca","Festuca myuros",9.42055610263229,47.7958675502844,"Graminoid","Rapid","No",NA,"None","None",0.525525526,0.094594595,TRUE,TRUE,NA,NA,NA
"5575","Zea","Zea mays",82.9726287601512,8.41292113405405,"Graminoid","Rapid","No",NA,"None","None",NA,NA,FALSE,FALSE,NA,NA,NA
"5576","Zelkova","Zelkova serrata",NA,NA,"Tree","Slow","No","Long","None","None",NA,NA,FALSE,FALSE,NA,NA,NA
"5577","Zizania","Zizania aquatica",NA,NA,"Graminoid","Rapid","No",NA,"None","None",0,0,TRUE,FALSE,NA,NA,NA
"5578","Zoysia","Zoysia japonica",NA,NA,"Graminoid","Moderate","No","Moderate","None","None",NA,NA,TRUE,FALSE,NA,NA,NA
"5579","Zoysia","Zoysia matrella",NA,NA,"Graminoid","Moderate","No","Moderate","None","None",NA,NA,TRUE,TRUE,NA,NA,NA
