"AcceptedName","Habit","NativeStatus","n_nurseries","StatesSold","NativeRange","StatesRegulated","P_conventional","P_native","Rank"
"Monarda fistulosa","Forb/herb","EFNative",89,"ME, MA, PA, MD, NH, RI, NJ, VA, CT, DE, NY, VT, OH","CO, ID, MT, OR, WA, WY, IL, IA, KS, MN, MO, ND, NE, OK, SD, WI, CT, IN, ME, MA, MI, NH, NJ, NY, OH, PA, RI, VT, WV, AZ, NM, TX, AL, AR, FL, GA, KY, LA, MD, MS, NC, TN, VA",NA,0.140625,0.63855421686747,1
"Lobelia siphilitica","Forb/herb","EFNative",106,"MA, MD, PA, NY, NH, RI, NJ, ME, VA, OH, CT, VT, DE, WV","CO, WY, IL, IA, KS, MN, MO, ND, NE, OK, SD, WI, CT, IN, ME, MA, MI, NH, NJ, NY, OH, PA, RI, VT, WV, TX, AL, AR, DE, GA, KY, LA, MD, MS, NC, SC, TN, VA",NA,0.1953125,0.674698795180723,2
"Eupatorium perfoliatum","Forb/herb","EFNative",62,"ME, MA, PA, MD, NH, RI, OH, VA, CT, DE, VT, NJ","IL, IA, KS, MN, MO, ND, NE, OK, SD, WI, CT, IN, ME, MA, MI, NH, NJ, NY, OH, PA, RI, VT, WV, TX, AL, AR, DE, FL, GA, KY, LA, MD, MS, NC, SC, TN, VA",NA,0.0703125,0.530120481927711,3
"Asclepias incarnata","Forb/herb","EFNative",129,"MA, MD, KY, PA, VT, OH, NY, NH, RI, CT, ME, NJ, VA, DE, WV","CO, ID, MT, WY, IL, IA, KS, MN, MO, ND, NE, OK, SD, WI, CT, IN, ME, MA, MI, NH, NJ, NY, OH, PA, RI, VT, WV, NV, UT, NM, TX, AL, AR, DE, FL, GA, KY, LA, MD, NC, SC, TN, VA",NA,0.2734375,0.710843373493976,4
"Aquilegia canadensis","Forb/herb","EFNative",102,"MA, NY, MD, NH, PA, RI, CT, ME, NJ, VA, VT, DE, WV, OH","IL, IA, KS, MN, MO, ND, NE, OK, SD, WI, CT, IN, ME, MA, MI, NH, NJ, NY, OH, PA, RI, VT, WV, TX, AL, AR, DE, FL, GA, KY, MD, MS, NC, SC, TN, VA",NA,0.1953125,0.626506024096386,5
"Vernonia noveboracensis","Forb/herb","EFNative",81,"MA, MD, NH, NJ, PA, RI, VA, CT, ME, VT, NY, DE, OH, WV","CT, MA, NJ, NY, PA, RI, WV, AL, DE, FL, GA, MD, NC, SC, TN, VA",NA,0.13671875,0.55421686746988,6
"Cephalanthus occidentalis","Shrub","EFNative",123,"MA, OH, MD, KY, PA, NH, NJ, RI, NY, VA, CT, ME, DE, VT","IL, MN, MO, NE, OK, WI, CT, IN, ME, MA, NH, NJ, NY, PA, RI, VT, AZ, CA, UT, NM, TX, AL, AR, FL, GA, KY, LA, MD, NC, SC, TN, VA",NA,0.26171875,0.674698795180723,7
"Zizia aurea","Forb/herb","EFNative",62,"MA, MD, NH, PA, RI, VA, CT, ME, DE, NJ, VT, NY, OH, WV","MT, IL, IA, KS, MN, MO, ND, NE, OK, SD, WI, CT, IN, ME, MA, MI, NH, NJ, NY, OH, PA, RI, VT, WV, TX, AL, AR, DE, FL, GA, KY, LA, MD, MS, NC, SC, TN, VA",NA,0.08203125,0.493975903614458,8
"Rudbeckia laciniata","Forb/herb","EFNative",71,"PA, MD, RI, MA, CT, VA, ME, DE, NY, NH, NJ, VT, OH","CO, MT, WY, IL, IA, KS, MN, MO, ND, NE, OK, SD, WI, CT, IN, ME, MA, MI, NH, NY, OH, PA, VT, WV, AZ, NM, TX, AL, AR, DE, FL, GA, KY, LA, MD, NC, SC, TN, VA",NA,0.109375,0.518072289156627,9
"Lobelia cardinalis","Forb/herb","EFNative",137,"DE, MA, MD, PA, NY, NH, RI, CT, ME, NJ, VA, OH, VT, WV","CO, IL, IA, KS, MN, MO, NE, OK, WI, CT, IN, ME, MA, MI, NH, NJ, NY, OH, PA, RI, VT, WV, AZ, CA, NV, UT, NM, TX, AL, AR, DE, FL, GA, KY, LA, MD, MS, NC, SC, TN, VA",NA,0.3046875,0.710843373493976,10
"Verbena hastata","Forb/herb","EFNative",60,"ME, MA, PA, MD, RI, OH, VA, CT, DE, NJ, NY, VT, NH","CO, ID, MT, OR, WA, WY, IL, IA, KS, MN, MO, ND, NE, OK, WI, CT, IN, ME, MA, MI, NH, NJ, NY, OH, PA, RI, VT, WV, AZ, CA, UT, NM, TX, AL, DE, FL, GA, KY, LA, MD, MS, NC, SC, TN, VA",NA,0.08203125,0.469879518072289,11
"Conoclinium coelestinum","Forb/herb","EFNative",69,"MA, PA, MD, RI, VA, NJ, CT, NY, DE, WV, ME, VT","IL, KS, MO, NE, OK, IN, MI, NJ, NY, OH, PA, WV, TX, AL, AR, DE, FL, GA, KY, LA, MD, MS, NC, SC, TN, VA",NA,0.109375,0.493975903614458,12
"Monarda punctata","Forb/herb","EFNative",61,"MA, MD, NH, RI, PA, VA, CT, DE, ME, VT, NJ","IL, IA, KS, MN, MO, OK, WI, CT, IN, MA, MI, NJ, NY, PA, VT, NM, TX, AL, AR, FL, GA, KY, LA, MD, MS, NC, SC, TN, VA",NA,0.0859375,0.469879518072289,13
"Asclepias syriaca","Forb/herb","EFNative",63,"MA, PA, MD, RI, OH, NJ, DE, VA, CT, ME, VT","MT, IL, IA, KS, MN, MO, ND, NE, OK, SD, WI, CT, IN, ME, MA, MI, NH, NJ, NY, OH, PA, RI, VT, WV, TX, AL, AR, DE, GA, KY, LA, MD, MS, NC, SC, TN, VA",NA,0.09375,0.469879518072289,14
"Lindera benzoin","Shrub","EFNative",100,"OH, MD, PA, NH, NJ, MA, RI, CT, VA, ME, DE, NY, VT","IL, KS, MO, OK, CT, IN, ME, MA, MI, NH, NJ, NY, OH, PA, RI, VT, WV, TX, AL, AR, DE, FL, GA, KY, LA, MD, MS, NC, SC, TN, VA",NA,0.203125,0.578313253012048,15
"Solidago caesia","Forb/herb","EFNative",47,"ME, MA, DE, PA, MD, NH, RI, NJ, VA, CT, OH, VT, WV","IL, MO, OK, WI, CT, IN, ME, MA, MI, NH, NJ, NY, OH, PA, RI, VT, WV, TX, AL, AR, DE, FL, GA, KY, LA, MD, MS, NC, SC, TN, VA",NA,0.046875,0.421686746987952,16
"Cornus amomum","Shrub","EFNative",65,"ME, MA, MD, NJ, VA, CT, PA, DE, RI, OH, VT","IL, IA, MO, CT, IN, ME, MA, MI, NH, NJ, NY, OH, PA, RI, VT, WV, AL, DE, FL, GA, KY, MD, MS, NC, SC, TN, VA",NA,0.1015625,0.469879518072289,17
"Pycnanthemum tenuifolium","Forb/herb","EFNative",54,"MA, PA, MD, NH, RI, CT, VA, NJ, DE, WV, NY, VT, ME, OH","IL, IA, KS, MN, MO, NE, OK, WI, CT, IN, ME, MA, MI, NH, NJ, NY, OH, PA, RI, VT, WV, TX, AL, AR, DE, GA, KY, LA, MD, MS, NC, SC, TN, VA",NA,0.0703125,0.433734939759036,18
"Chelone glabra","Forb/herb","EFNative",91,"MA, PA, NY, MD, NH, RI, NJ, VA, OH, CT, ME, VT, DE, WV","IL, IA, MN, MO, WI, CT, IN, ME, MA, MI, NH, NJ, NY, OH, PA, RI, VT, WV, AL, AR, DE, GA, KY, MD, MS, NC, SC, TN, VA",NA,0.1796875,0.542168674698795,19
"Corylus americana","Shrub","EFNative",63,"MD, NH, MA, PA, CT, OH, NJ, VA, DE, VT, ME, RI","IL, IA, KS, MN, MO, ND, NE, OK, SD, WI, CT, IN, ME, MA, MI, NH, NJ, NY, OH, PA, RI, VT, WV, AL, AR, DE, GA, KY, LA, MD, MS, NC, SC, TN, VA",NA,0.09765625,0.457831325301205,20
"Symphyotrichum cordifolium","Forb/herb","EFNative",59,"ME, MA, PA, MD, NH, RI, OH, NJ, VA, CT, DE, VT","IL, IA, MN, MO, NE, OK, SD, WI, CT, IN, ME, MA, MI, NH, NJ, NY, OH, PA, RI, VT, WV, AL, AR, GA, KY, MD, NC, SC, TN, VA",NA,0.0859375,0.44578313253012,21
"Packera aurea","Forb/herb","EFNative",51,"MA, OH, PA, MD, VA, CT, DE, VT, ME, WV, NJ, RI, NH","IL, IA, MN, MO, ND, OK, SD, WI, CT, IN, ME, MA, MI, NH, NJ, NY, OH, PA, RI, VT, WV, AL, AR, FL, GA, KY, MD, MS, NC, SC, TN, VA",NA,0.0625,0.421686746987952,22
"Pycnanthemum muticum","Forb/herb","EFNative",84,"MA, PA, NY, MD, NH, RI, VA, CT, OH, NJ, VT, DE, ME, WV","IL, MO, CT, MA, MI, NH, NJ, NY, OH, PA, RI, VT, WV, TX, AL, AR, DE, FL, GA, KY, MD, NC, TN",NA,0.16015625,0.518072289156627,23
"Pycnanthemum virginianum","Forb/herb","EFNative",48,"ME, MA, VA, PA, MD, NH, RI, DE, NJ, OH, VT","IL, IA, KS, MN, MO, ND, NE, OK, SD, WI, CT, IN, ME, MA, MI, NH, NJ, NY, OH, PA, RI, VT, WV, AL, AR, DE, GA, KY, MD, TN, VA",NA,0.0546875,0.409638554216867,24
"Solidago speciosa","Forb/herb","EFNative",37,"MA, PA, NH, RI, MD, VA, CT, NJ, VT, ME, OH","MN, WI, CT, MA, NJ, NY, OH, RI, VT, WV, AL, DE, GA, KY, MD, NC, SC, TN, VA",NA,0.0234375,0.373493975903614,25
"Symphyotrichum laeve","Forb/herb","EFNative",66,"ME, MA, OH, MD, NH, RI, PA, CT, NJ, VA, DE, VT, WV, NY","CO, ID, MT, OR, WA, WY, IL, IA, KS, MN, MO, ND, NE, SD, WI, CT, IN, ME, MA, MI, NH, NJ, NY, OH, PA, RI, VT, WV, CA, NV, UT, NM, TX, AL, AR, DE, FL, GA, KY, LA, MD, MS, NC, SC, TN, VA",NA,0.109375,0.457831325301205,26
"Penstemon digitalis","Forb/herb","EFNative",103,"ME, MA, PA, NY, MD, NH, RI, NJ, VA, CT, VT, DE, WV, OH","IL, IA, KS, MN, MO, NE, OK, WI, IN, MI, OH, TX, AL, AR, KY, LA, MS, TN",NA,0.21875,0.566265060240964,27
"Mimulus ringens","Forb/herb","EFNative",38,"MA, PA, NH, MD, VA, CT, VT, RI, NJ, ME","IL, IA, KS, MN, MO, ND, NE, OK, SD, WI, CT, IN, ME, MA, MI, NH, NJ, NY, OH, PA, RI, VT, WV, TX, AL, AR, DE, GA, KY, LA, MD, MS, NC, SC, TN, VA",NA,0.02734375,0.373493975903614,28
"Eurybia divaricata","Forb/herb","EFNative",36,"PA, MD, NJ, MA, VA, CT, RI, NH, ME","CT, ME, MA, MI, NH, NJ, NY, OH, PA, RI, VT, WV, AL, DE, GA, KY, MD, NC, SC, TN, VA",NA,0.0234375,0.36144578313253,29
"Solidago flexicaulis","Forb/herb","EFNative",36,"ME, MA, PA, MD, VA, CT, OH, WV, NJ, RI, NH","IL, IA, KS, MN, MO, ND, NE, SD, WI, CT, IN, ME, MA, MI, NH, NJ, NY, OH, PA, VT, WV, AL, AR, DE, GA, KY, MD, NC, TN, VA",NA,0.0234375,0.36144578313253,30
"Baptisia australis","Forb/herb","EFNative",94,"MA, KY, VT, PA, MD, NH, OH, RI, ME, NJ, VA, CT, DE, WV, NY","CO, IA, KS, MO, OK, IN, NY, OH, PA, VT, WV, AZ, NM, TX, AL, AR, DE, GA, KY, MD, TN, VA",NA,0.1953125,0.530120481927711,31
"Eragrostis spectabilis","Grass","EFNative",71,"OH, PA, VA, CT, MA, MD, ME, RI, DE, NJ, NY, VT","CO, WY, IL, IA, KS, MN, MO, ND, NE, OK, SD, WI, CT, IN, ME, MA, MI, NH, NJ, NY, OH, PA, RI, VT, WV, AZ, NM, TX, AL, AR, FL, GA, KY, LA, MD, MS, NC, SC, TN, VA",NA,0.12890625,0.457831325301205,32
"Euthamia graminifolia","Forb/herb","EFNative",39,"MA, PA, RI, MD, VA, NJ, CT, WV, ME, NH","CO, WY, IA, MN, ND, SD, WI, ME, MI, NH, NY, PA, VT, WV, NM, MD, NC, SC, VA",NA,0.03515625,0.36144578313253,33
"Rosa palustris","Shrub","EFNative",52,"MA, MD, PA, NH, NJ, RI, VA, CT, DE, ME, NY, VT, OH","IL, IA, MO, WI, CT, IN, ME, MA, MI, NH, NJ, NY, OH, PA, RI, VT, WV, AL, AR, DE, FL, GA, KY, MD, MS, NC, SC, TN, VA",NA,0.07421875,0.397590361445783,34
"Asclepias tuberosa","Forb/herb","EFNative",134,"MA, KY, VA, VT, PA, OH, NY, MD, NH, RI, CT, NJ, DE, ME, WV","CO, IL, IA, KS, MN, MO, NE, OK, SD, WI, CT, IN, ME, MA, MI, NH, NJ, NY, OH, PA, RI, VT, WV, AZ, CA, UT, NM, TX, AL, AR, DE, FL, GA, KY, LA, MD, MS, NC, SC, TN, VA",NA,0.31640625,0.63855421686747,35
"Solidago nemoralis","Forb/herb","EFNative",37,"MA, PA, RI, MD, NJ, VA, CT, ME, NH","CO, MT, WY, IL, IA, KS, MN, MO, ND, NE, OK, SD, WI, CT, IN, ME, MA, MI, NH, NJ, NY, OH, PA, RI, VT, WV, NM, TX, AL, AR, DE, FL, GA, KY, LA, MD, MS, NC, SC, TN",NA,0.03125,0.349397590361446,36
"Ceanothus americanus","Shrub","EFNative",70,"MA, MD, NH, NJ, PA, RI, CT, OH, VA, ME, DE, VT, NY","IL, IA, KS, MN, MO, NE, OK, WI, CT, IN, ME, MA, MI, NH, NJ, NY, OH, PA, RI, VT, WV, TX, AL, AR, DE, FL, GA, KY, LA, MD, MS, NC, SC, TN, VA",NA,0.12890625,0.44578313253012,37
"Allium cernuum","Forb/herb","EFNative",62,"MA, PA, MD, NH, RI, NJ, VA, CT, DE, OH, VT, ME, WV","CO, ID, MT, OR, WA, WY, IL, IA, MN, MO, NE, SD, WI, IN, MI, NY, OH, PA, WV, AZ, UT, NM, TX, AL, AR, GA, KY, MD, NC, SC, TN, VA",NA,0.10546875,0.421686746987952,38
"Prunus serotina","Shrub","EFNative",46,"MD, MA, NJ, PA, VA, CT, DE, OH, ME, RI","CO, WA, IL, IA, KS, MN, MO, NE, OK, WI, CT, IN, ME, MA, MI, NH, NJ, NY, OH, PA, RI, VT, WV, AZ, NM, TX, AL, AR, DE, FL, GA, KY, LA, MD, MS, NC, SC, TN, VA",NA,0.05859375,0.373493975903614,39
"Fragaria virginiana","Forb/herb","EFNative",38,"MA, PA, MD, VA, CT, OH, ME, VT, NH, RI, NJ","AK, CO, ID, MT, OR, WA, WY, IL, IA, KS, MN, MO, ND, NE, OK, SD, WI, CT, IN, ME, MA, MI, NH, NJ, NY, OH, PA, RI, VT, WV, AZ, CA, NV, UT, NM, TX, AL, AR, DE, FL, GA, KY, LA, MD, MS, NC, SC, TN, VA",NA,0.03515625,0.349397590361446,40
"Hypericum prolificum","Shrub","EFNative",30,"MD, NH, PA, VA, CT, NJ, MA, VT","IL, IA, MN, MO, OK, WI, CT, IN, ME, MA, MI, NH, NJ, NY, OH, PA, RI, VT, WV, TX, AL, AR, DE, FL, GA, KY, LA, MD, MS, NC, SC, TN, VA",NA,0.01171875,0.325301204819277,41
"Eutrochium fistulosum","Forb/herb","EFNative",26,"PA, NJ, MD, VA, ME, CT, MA, NH, RI","IL, MO, OK, CT, IN, ME, MA, MI, NH, NJ, NY, OH, PA, RI, WV, TX, AL, AR, DE, FL, GA, KY, LA, MD, MS, NC, SC, TN, VA",NA,0,0.313253012048193,42
"Asimina triloba","Shrub","EFNative",93,"OH, MD, KY, NY, NJ, PA, MA, RI, CT, VA, ME, DE, WV, NH, VT","IL, IA, KS, MO, NE, OK, WI, IN, MI, NJ, NY, OH, PA, WV, TX, AL, AR, DE, FL, GA, KY, LA, MD, MS, NC, SC, TN, VA",NA,0.19921875,0.506024096385542,43
"Penstemon hirsutus","Forb/herb","EFNative",40,"ME, MA, NH, RI, MD, PA, VA, CT, DE, OH, NJ, VT","IL, WI, CT, IN, ME, MA, MI, NJ, NY, OH, PA, RI, VT, WV, DE, KY, MD, TN, VA",NA,0.04296875,0.349397590361446,44
"Anemone virginiana","Forb/herb","EFNative",37,"MA, PA, MD, VA, NJ, CT, DE, VT, WV, ME, RI, NH","CO, WY, IL, IA, KS, MN, MO, ND, NE, OK, SD, WI, CT, IN, ME, MA, MI, NH, NJ, NY, OH, PA, RI, VT, WV, AL, AR, DE, GA, KY, LA, MD, MS, NC, SC, TN, VA",NA,0.03515625,0.337349397590361,45
"Geranium maculatum","Forb/herb","EFNative",82,"MA, PA, NY, MD, NH, RI, NJ, VA, OH, CT, ME, WV, DE, VT","IL, IA, KS, MN, MO, ND, NE, OK, SD, WI, CT, IN, ME, MA, MI, NH, NJ, NY, OH, PA, RI, VT, WV, AL, AR, DE, FL, GA, KY, LA, MD, MS, NC, SC, TN, VA",NA,0.16796875,0.469879518072289,46
"Iris versicolor","Forb/herb","EFNative",111,"ME, MD, OH, NY, NH, PA, RI, MA, CT, NJ, VA, VT, DE","MN, WI, CT, ME, MA, MI, NH, NJ, NY, OH, PA, RI, VT, MD, VA",NA,0.25390625,0.55421686746988,47
"Clematis virginiana","Vine","EFNative",42,"MD, NH, PA, MA, RI, VA, CT, ME, NY, NJ, VT, OH","IL, IA, KS, MN, MO, ND, NE, OK, SD, WI, CT, IN, ME, MA, MI, NH, NJ, NY, OH, PA, RI, VT, WV, TX, AL, AR, DE, FL, GA, KY, LA, MD, MS, NC, SC, TN, VA",NA,0.05078125,0.349397590361446,48
"Viola sororia","Forb/herb","EFNative",34,"MA, NH, PA, MD, NJ, VA, CT, ME, WV, VT","CO, MT, IL, IA, KS, MN, MO, ND, NE, OK, SD, WI, CT, IN, ME, MA, MI, NH, NJ, NY, OH, PA, RI, VT, WV, UT, NM, TX, AL, AR, DE, FL, GA, KY, LA, MD, MS, NC, SC, TN, VA",NA,0.02734375,0.325301204819277,49
"Pycnanthemum incanum","Forb/herb","EFNative",30,"PA, RI, MD, VA, NJ, MA, OH","IL, CT, IN, MA, NJ, NY, OH, PA, VT, WV, AL, FL, KY, MD, NC, SC, TN, VA",NA,0.015625,0.313253012048193,50
"Schizachyrium scoparium","Grass","EFNative",117,"DE, OH, MA, NY, MD, NJ, PA, VA, CT, ME, RI, VT, NH, WV, KY","CO, ID, MT, WA, WY, IL, IA, KS, MN, MO, ND, NE, OK, SD, WI, CT, IN, MA, MI, NH, NJ, NY, OH, PA, RI, VT, WV, CA, UT, NM, TX, AL, AR, DE, FL, GA, KY, LA, MD, MS, NC, SC, TN, VA",NA,0.2734375,0.566265060240964,51
"Cornus racemosa","Shrub","EFNative",68,"MA, OH, MD, CT, NJ, PA, VA, ME, DE, RI, VT, NY, NH","IL, IA, MN, MO, NE, SD, WI, CT, IN, ME, MA, MI, NH, NJ, NY, OH, PA, RI, VT, WV, TX, KY, MD, NC, VA",NA,0.12890625,0.421686746987952,52
"Veronicastrum virginicum","Forb/herb","EFNative",81,"MA, PA, NY, MD, NH, RI, NJ, VA, CT, ME, VT, DE, OH, WV","IL, IA, KS, MN, MO, ND, NE, OK, SD, WI, CT, IN, ME, MA, MI, NJ, NY, OH, PA, VT, WV, TX, AL, AR, DE, FL, GA, KY, LA, MD, MS, NC, SC, TN, VA",NA,0.16796875,0.457831325301205,53
"Diospyros virginiana","Tree","EFNative",77,"OH, MD, PA, MA, RI, CT, NJ, VA, ME, DE, WV, NY, VT","IL, IA, KS, MO, OK, CT, IN, NJ, NY, OH, PA, WV, TX, AL, AR, DE, FL, GA, KY, LA, MD, MS, NC, SC, TN, VA",NA,0.15625,0.44578313253012,54
"Viburnum prunifolium","Shrub","EFNative",59,"OH, MD, KY, NJ, PA, VA, CT, DE, VT, ME, NH, RI","IL, IA, KS, MO, OK, WI, CT, IN, MI, NJ, NY, OH, PA, WV, TX, AL, AR, DE, GA, KY, LA, MD, MS, NC, SC, TN, VA",NA,0.10546875,0.385542168674699,55
"Coreopsis lanceolata","Forb/herb","EFNative",39,"MA, PA, MD, NH, NJ, CT, VA, NY, VT, ME, OH","IL, KS, MN, MO, OK, WI, IN, MI, NJ, NY, OH, PA, VT, WV, NM, TX, AL, AR, FL, GA, KY, LA, MD, MS, NC, SC, TN, VA",NA,0.046875,0.325301204819277,56
"Helenium autumnale","Forb/herb","EFNative",68,"MA, OH, PA, MD, NH, RI, NJ, VA, CT, ME, DE, VT","CO, ID, MT, OR, WA, WY, IL, IA, KS, MN, MO, ND, NE, OK, WI, IN, MA, MI, NJ, NY, OH, PA, WV, AZ, CA, NV, UT, NM, TX, AL, AR, DE, FL, GA, KY, LA, MD, MS, NC, SC, TN, VA",NA,0.1328125,0.409638554216867,57
"Spiraea tomentosa","Shrub","EFNative",48,"MA, MD, NH, NJ, RI, PA, CT, DE, VA, VT, OH, ME, NY","IL, KS, MN, MO, WI, CT, IN, ME, MA, MI, NH, NJ, NY, OH, PA, RI, VT, WV, AL, AR, DE, GA, KY, LA, MD, MS, NC, SC, TN, VA",NA,0.07421875,0.349397590361446,58
"Salvia lyrata","Forb/herb","EFNative",40,"MA, PA, MD, RI, VA, CT, DE, NJ, ME, OH","IL, KS, MO, CT, NJ, NY, TX, AL, FL, KY, MD, SC, TN",NA,0.05078125,0.325301204819277,59
"Rosa virginiana","Shrub","EFNative",45,"MA, MD, PA, NH, RI, NJ, VA, CT, ME, DE, VT, OH, NY","MO, CT, ME, MA, MI, NH, NJ, NY, PA, RI, VT, DE, KY, MD, TN, VA",NA,0.06640625,0.337349397590361,60
"Elymus hystrix","Grass","EFNative",29,"PA, MD, VA, NJ","IL, IA, KS, MN, MO, ND, NE, SD, WI, CT, IN, ME, MA, MI, NH, NJ, NY, OH, PA, RI, VT, WV, AL, KY, MD, NC, TN",NA,0.01953125,0.289156626506024,61
"Eutrochium purpureum","Forb/herb","EFNative",66,"MA, PA, OH, NH, RI, MD, NJ, VA, ME, DE, VT, NY","IL, IA, KS, MN, MO, NE, OK, WI, CT, IN, MA, MI, NH, NJ, NY, OH, PA, RI, VT, WV, AL, AR, DE, FL, GA, KY, LA, MD, MS, NC, SC, TN, VA",NA,0.12890625,0.397590361445783,62
"Doellingeria umbellata","Forb/herb","EFNative",62,"ME, MA, PA, MD, RI, OH, NJ, VA, CT, DE, VT, NH, WV, NY","IL, IA, MN, ND, NE, WI, CT, IN, ME, MA, MI, NH, NJ, NY, OH, PA, RI, VT, WV, AL, DE, GA, KY, MD, MS, NC, SC, TN, VA",NA,0.1171875,0.385542168674699,63
"Heliopsis helianthoides","Forb/herb","EFNative",87,"MA, OH, NY, MD, PA, RI, NJ, VA, CT, ME, DE, NH, VT","CO, IL, IA, KS, MN, MO, ND, NE, OK, SD, WI, CT, IN, ME, MA, MI, NH, NJ, NY, OH, PA, RI, VT, WV, NM, TX, AL, AR, DE, GA, KY, LA, MD, MS, NC, SC, TN, VA",NA,0.19140625,0.457831325301205,64
"Baptisia tinctoria","Forb/herb","EFNative",38,"MA, VT, PA, MD, NH, RI, NJ, VA, CT, DE, ME","IL, MN, WI, IN, ME, MA, MI, NY, OH, PA, VT, WV, GA, KY, LA, MD, NC, TN, VA",NA,0.046875,0.313253012048193,65
"Viburnum lentago","Shrub","EFNative",63,"MA, OH, MD, NJ, RI, PA, VT, VA, ME, CT, DE, NH","MT, WY, IL, IA, MN, MO, ND, NE, SD, WI, CT, IN, ME, MA, MI, NH, NJ, NY, OH, PA, RI, VT, WV, GA, MD, VA",NA,0.12109375,0.385542168674699,66
"Eryngium yuccifolium","Forb/herb","EFNative",59,"MA, PA, MD, RI, OH, NJ, VA, CT, VT, DE, WV, ME, NH","IL, IA, KS, MN, MO, NE, OK, WI, CT, IN, MI, NJ, OH, TX, AL, AR, FL, GA, KY, LA, MD, MS, NC, SC, TN, VA",NA,0.109375,0.373493975903614,67
"Platanus occidentalis","Tree","EFNative",76,"OH, MD, NY, RI, KY, PA, VA, CT, NJ, VT, DE, MA, ME","IL, IA, KS, MO, NE, OK, WI, CT, IN, ME, MA, MI, NH, NJ, NY, OH, PA, RI, VT, WV, TX, AL, AR, DE, FL, GA, KY, LA, MD, MS, NC, SC, TN, VA",NA,0.16015625,0.421686746987952,68
"Sorghastrum nutans","Grass","EFNative",60,"MA, PA, MD, NH, RI, NJ, VA, CT, NY, DE, OH, ME, VT","CO, MT, WY, IL, IA, KS, MN, MO, ND, NE, OK, SD, WI, CT, IN, ME, MA, MI, NH, NJ, NY, OH, PA, RI, VT, WV, AZ, UT, NM, TX, AL, AR, DE, FL, GA, KY, LA, MD, MS, NC, SC, TN, VA",NA,0.11328125,0.373493975903614,69
"Asclepias verticillata","Forb/herb","EFNative",44,"MA, PA, NH, RI, MD, OH, NJ, VA, CT, DE, VT, WV","MT, WY, IL, IA, KS, MN, MO, ND, NE, OK, SD, WI, CT, IN, MA, MI, NJ, NY, OH, PA, RI, VT, WV, AZ, NM, TX, AL, AR, DE, FL, GA, KY, LA, MD, MS, NC, SC, TN, VA",NA,0.06640625,0.325301204819277,70
"Carex vulpinoidea","Grass","EFNative",40,"MA, PA, NY, MD, VA, VT, DE, ME, NJ, RI, OH","CO, ID, MT, OR, WA, WY, IL, IA, KS, MN, MO, ND, NE, OK, SD, WI, CT, IN, ME, MA, MI, NH, NJ, NY, OH, PA, RI, VT, WV, AZ, CA, NM, TX, AL, AR, DE, FL, GA, KY, LA, MD, MS, NC, SC, TN, VA",NA,0.0546875,0.313253012048193,71
"Solidago odora","Forb/herb","EFNative",40,"MA, DE, MD, NH, RI, PA, VA, ME, NJ, NY, CT","MO, OK, CT, MA, NH, NJ, NY, OH, PA, RI, VT, WV, TX, AL, AR, DE, FL, GA, KY, LA, MD, MS, NC, SC, TN, VA",NA,0.0546875,0.313253012048193,72
"Sambucus canadensis","Shrub","EFNative",85,"MA, DE, MD, NY, NH, NJ, RI, PA, VA, ME, OH, VT, WV, CT","MT, WY, IL, IA, KS, MN, MO, ND, NE, OK, SD, WI, CT, IN, ME, MA, MI, NH, NJ, NY, OH, PA, RI, VT, WV, AZ, CA, NM, TX, AL, AR, DE, FL, GA, KY, LA, MD, MS, NC, SC, TN, VA",NA,0.1875,0.44578313253012,73
"Sedum ternatum","Forb/herb","EFNative",57,"MD, NY, RI, PA, NJ, VA, CT, ME, DE, VT, WV, NH, OH, MA","IL, IA, MO, CT, IN, ME, MA, MI, NJ, NY, OH, PA, RI, VT, WV, AL, AR, DE, GA, KY, MD, MS, NC, SC, TN, VA",NA,0.10546875,0.36144578313253,74
"Rosa carolina","Shrub","EFNative",37,"MD, MA, RI, PA, NJ, VA, CT, VT, NY, ME","IL, IA, KS, MO, NE, OK, WI, CT, IN, ME, MA, MI, NH, NJ, NY, OH, PA, RI, VT, WV, TX, AL, AR, DE, FL, GA, KY, LA, MD, MS, NC, SC, TN, VA",NA,0.046875,0.301204819277108,75
"Salix nigra","Tree","EFNative",33,"MD, NJ, MA, VA, CT, PA, ME, OH","IL, IA, KS, MN, MO, NE, OK, WI, CT, IN, ME, MA, MI, NH, NJ, NY, OH, PA, RI, VT, NM, TX, AL, AR, DE, FL, GA, KY, LA, MD, MS, NC, SC, TN, VA",NA,0.03515625,0.289156626506024,76
"Eutrochium maculatum","Forb/herb","EFNative",75,"OH, KY, PA, MD, NH, MA, RI, NJ, VA, CT, ME, DE, VT, NY","CO, ID, WA, WY, IL, IA, KS, MN, MO, ND, NE, SD, WI, CT, IN, ME, MA, MI, NH, NJ, NY, OH, PA, VT, WV, AZ, UT, NM, MD, NC, VA",NA,0.16015625,0.409638554216867,77
"Prunus americana","Shrub","EFNative",31,"MD, VT, PA, ME, VA, DE, MA, NJ, OH, RI","CO, ID, MT, OR, WA, WY, IL, KS, MN, MO, ND, NE, OK, SD, WI, CT, IN, ME, MA, MI, NH, NJ, NY, OH, PA, RI, VT, WV, UT, NM, AL, AR, DE, FL, GA, KY, LA, MD, MS, NC, SC, TN, VA",NA,0.03125,0.27710843373494,78
"Carex stricta","Grass","EFNative",40,"VA, MA, PA, DE, RI, MD, NH, NY, NJ, CT, VT, OH","IL, IA, KS, MN, MO, ND, NE, SD, WI, CT, IN, ME, MA, MI, NH, NJ, NY, OH, RI, VT, WV, NM, TX, AL, DE, KY, MD, MS, NC, TN, VA",NA,0.05859375,0.301204819277108,79
"Alnus serrulata","Shrub","EFNative",29,"MA, MD, PA, NJ, VA, DE","IL, MO, OK, CT, IN, ME, MA, NH, NJ, NY, OH, PA, RI, VT, WV, TX, AL, AR, DE, FL, GA, KY, LA, MD, MS, NC, SC, TN, VA",NA,0.02734375,0.265060240963855,80
"Betula lenta","Tree","EFNative",29,"MA, MD, PA, NJ, VA, NH, ME","CT, ME, MA, NH, NJ, NY, OH, PA, RI, VT, WV, AL, GA, KY, MD, MS, NC, SC, TN, VA",NA,0.02734375,0.265060240963855,81
"Eupatorium hyssopifolium","Forb/herb","EFNative",29,"MD, RI, PA, VA, NJ, CT, DE, MA, ME, VT","IL, MO, WI, CT, MA, NJ, NY, OH, PA, RI, WV, TX, AL, AR, DE, FL, GA, KY, LA, MD, MS, NC, SC, TN, VA",NA,0.02734375,0.265060240963855,82
"Rudbeckia triloba","Forb/herb","EFNative",62,"MA, OH, NY, MD, RI, PA, VA, CT, VT, ME, DE, NJ","CO, IL, IA, KS, MN, MO, NE, OK, WI, CT, IN, MA, MI, NJ, NY, OH, PA, VT, WV, UT, TX, AL, AR, DE, FL, GA, KY, LA, MD, MS, NC, TN, VA",NA,0.125,0.36144578313253,83
"Antennaria plantaginifolia","Forb/herb","EFNative",30,"MA, MD, NH, VA, RI, PA, CT, DE, WV, VT, OH, NJ","IL, IA, MN, MO, OK, WI, CT, IN, ME, MA, NH, NJ, NY, PA, RI, VT, WV, AL, AR, DE, FL, GA, KY, MD, MS, NC, SC, TN, VA",NA,0.03125,0.265060240963855,84
"Physostegia virginiana","Forb/herb","EFNative",75,"MA, DE, OH, NY, MD, NH, PA, ME, VA, CT, VT, NJ, RI, WV","IL, IA, KS, MN, MO, ND, NE, OK, SD, WI, CT, IN, ME, MI, NH, NY, OH, PA, RI, VT, WV, NM, TX, AL, AR, FL, GA, KY, LA, MD, NC, SC, TN, VA",NA,0.1640625,0.397590361445783,85
"Echinacea purpurea","Forb/herb","EFNative",137,"OH, MA, MD, KY, PA, NY, NH, RI, CT, NJ, ME, VA, VT, DE, WV","CO, IL, IA, KS, MO, OK, WI, IN, MI, NY, OH, PA, TX, AL, AR, FL, GA, KY, LA, MS, NC, SC, TN, VA",NA,0.34765625,0.578313253012048,86
"Eurybia macrophylla","Forb/herb","EFNative",39,"ME, MA, PA, MD, NJ, CT, NY, DE, RI, VT, WV, VA, NH","IL, IA, MN, MO, WI, CT, IN, ME, MA, MI, NH, NJ, NY, OH, PA, RI, VT, WV, DE, GA, KY, MD, NC, TN, VA",NA,0.05859375,0.289156626506024,87
"Solidago sempervirens","Forb/herb","EFNative",32,"ME, MA, MD, RI, PA, NJ, VA, CT, DE, NH","CT, ME, MA, NH, NJ, NY, PA, RI, DE, MD, VA","WI",0.0390625,0.265060240963855,88
"Liatris spicata","Forb/herb","EFNative",122,"DE, MA, KY, OH, PA, NY, MD, NH, RI, NJ, VA, ME, CT, VT, WV","CO, IL, IA, KS, MO, NE, OK, WI, CT, IN, MA, MI, NJ, NY, OH, PA, WV, TX, AL, AR, DE, FL, GA, KY, LA, MD, MS, NC, SC, TN, VA",NA,0.3046875,0.530120481927711,89
"Solidago juncea","Forb/herb","EFNative",24,"MA, RI, MD, PA, VA, CT, ME, NJ","IL, MN, MO, WI, CT, IN, ME, MA, MI, NH, NJ, NY, OH, PA, RI, VT, WV, AL, AR, DE, GA, KY, LA, MD, MS, NC, SC, TN, VA",NA,0.015625,0.240963855421687,90
"Solidago rugosa","Forb/herb","EFNative",69,"MA, MD, KY, PA, NY, RI, CT, NJ, VA, DE, ME, OH, WV, VT, NH","IL, MO, OK, WI, CT, IN, ME, MA, MI, NJ, NY, OH, PA, RI, VT, WV, TX, AL, AR, DE, FL, GA, KY, LA, MD, MS, NC, SC, TN, VA",NA,0.1484375,0.373493975903614,91
"Symphyotrichum lateriflorum","Forb/herb","EFNative",41,"MA, PA, MD, NH, RI, CT, VA, NY, DE, ME, VT, OH, NJ","IL, IA, KS, MN, MO, NE, OK, SD, WI, CT, IN, ME, MA, MI, NH, NJ, NY, OH, PA, RI, VT, WV, TX, AL, AR, DE, FL, GA, KY, LA, MD, MS, NC, SC, TN, VA",NA,0.06640625,0.289156626506024,92
"Monarda didyma","Forb/herb","EFNative",119,"MA, PA, OH, NY, MD, NH, RI, NJ, ME, VA, CT, DE, WV, VT","CT, ME, MA, MI, NH, NJ, NY, OH, PA, VT, WV, AL, GA, KY, MD, MS, NC, TN, VA",NA,0.296875,0.518072289156627,93
"Carex lurida","Grass","EFNative",21,"VA, NJ, MA, MD, CT, PA, OH","IL, MN, MO, OK, WI, CT, IN, ME, MA, MI, NH, NJ, NY, OH, PA, RI, VT, WV, TX, AL, AR, FL, GA, KY, LA, MD, MS, NC, SC, TN, VA",NA,0.0078125,0.228915662650602,94
"Symphyotrichum oblongifolium","Forb/herb","EFNative",66,"PA, NY, MD, RI, NJ, MA, VA, DE, ME, CT, WV, NH, VT, OH","CO, MT, WY, IL, IA, KS, MN, MO, ND, NE, OK, SD, WI, IN, OH, PA, WV, NM, TX, AL, AR, KY, MD, MS, NC, TN, VA",NA,0.140625,0.36144578313253,95
"Carex pensylvanica","Grass","EFNative",95,"PA, DE, VA, MD, VT, NH, MA, NJ, OH, RI, NY, ME, CT, WV","IL, IA, MN, MO, SD, WI, CT, IN, ME, MA, MI, NH, NJ, NY, OH, PA, RI, VT, WV, AL, AR, DE, GA, KY, MD, NC, TN, VA",NA,0.2265625,0.44578313253012,96
"Helianthus divaricatus","Forb/herb","EFNative",26,"PA, MD, RI, VA, DE, OH, NJ, ME","IL, IA, MO, OK, WI, CT, IN, ME, MA, MI, NH, NJ, NY, OH, PA, RI, VT, WV, AL, AR, DE, FL, GA, KY, LA, MD, MS, NC, SC, TN, VA",NA,0.0234375,0.240963855421687,97
"Dryopteris marginalis","Forb/herb","EFNative",71,"OH, NY, MD, PA, MA, RI, NJ, ME, CT, DE, VA, VT, NH, WV","IL, IA, KS, MN, MO, OK, WI, CT, IN, ME, MA, MI, NH, NJ, NY, OH, PA, RI, VT, WV, AL, AR, DE, GA, KY, MD, MS, NC, SC, TN, VA",NA,0.15625,0.373493975903614,98
"Rudbeckia hirta","Forb/herb","EFNative",67,"MA, OH, PA, MD, NH, RI, VA, CT, VT, NY, ME, NJ, DE","CO, ID, OR, WA, WY, IL, IA, KS, MN, MO, ND, NE, OK, SD, WI, CT, IN, ME, MA, MI, NH, NJ, NY, OH, PA, RI, VT, WV, CA, UT, NM, TX, AL, AR, DE, FL, GA, KY, LA, MD, MS, NC, SC, TN, VA",NA,0.14453125,0.36144578313253,99
"Heuchera americana","Forb/herb","EFNative",63,"MA, PA, MD, NY, NJ, VA, VT, ME, DE, OH, WV, NH, CT, RI","IL, MO, OK, CT, IN, MI, NJ, NY, OH, PA, WV, AL, AR, DE, GA, KY, LA, MD, MS, NC, SC, TN, VA",NA,0.1328125,0.349397590361446,100
"Amelanchier canadensis","Shrub","EFNative",108,"MA, OH, MD, NH, NJ, PA, CT, RI, NY, ME, VA, VT, WV, DE","CT, ME, MA, NH, NJ, NY, PA, RI, VT, AL, DE, GA, MD, NC, SC, TN, VA",NA,0.265625,0.481927710843373,101
"Andropogon virginicus","Grass","EFNative",35,"MD, PA, WV, VA, DE, VT, NJ, MA, CT","IL, IA, KS, MO, OK, CT, IN, MA, MI, NJ, NY, OH, PA, RI, WV, TX, AL, AR, DE, FL, GA, KY, LA, MD, MS, NC, SC, TN, VA","HI",0.05078125,0.265060240963855,102
"Oenothera fruticosa","Forb/herb","EFNative",40,"DE, OH, MD, RI, PA, VA, CT, VT, ME, NJ, NH, NY","IL, MO, OK, CT, IN, MA, NJ, NY, OH, PA, WV, AL, AR, DE, FL, GA, KY, LA, MD, MS, NC, SC, TN, VA",NA,0.06640625,0.27710843373494,103
"Euonymus americanus","Forb/herb","EFNative",28,"MD, PA, CT, VA, DE, NJ","IL, MO, OK, IN, NJ, NY, OH, PA, WV, TX, AL, AR, DE, FL, GA, KY, LA, MD, MS, NC, SC, TN, VA",NA,0.03125,0.240963855421687,104
"Onoclea sensibilis","Forb/herb","EFNative",65,"NY, MD, MA, RI, PA, VT, NJ, ME, VA, CT, DE, OH, NH","CO, WY, IL, IA, KS, MN, MO, ND, NE, OK, SD, WI, CT, IN, ME, MA, MI, NH, NJ, NY, OH, PA, RI, VT, WV, TX, AL, AR, DE, FL, GA, KY, LA, MD, MS, NC, SC, TN, VA",NA,0.140625,0.349397590361446,105
"Iris cristata","Forb/herb","EFNative",66,"NY, MD, NH, RI, PA, CT, DE, VA, MA, OH, ME, VT, WV, NJ","IL, IA, MO, OK, IN, NY, OH, PA, WV, AL, AR, GA, KY, MD, MS, NC, SC, TN, VA",NA,0.14453125,0.349397590361446,106
"Tiarella cordifolia","Forb/herb","EFNative",91,"MA, OH, PA, MD, NH, RI, CT, DE, NJ, VA, ME, VT, NY, WV","GA, MD, NC, SC, VA",NA,0.21875,0.421686746987952,107
"Arisaema triphyllum","Forb/herb","EFNative",38,"MA, MD, RI, PA, NJ, VA, CT, ME, DE, VT, WV, OH, NH","IL, IA, KS, MN, MO, ND, NE, OK, SD, WI, CT, IN, ME, MA, MI, NH, NJ, NY, OH, PA, RI, VT, WV, TX, AL, AR, DE, FL, GA, KY, LA, MD, MS, NC, SC, TN, VA",NA,0.0625,0.265060240963855,108
"Ageratina altissima","Forb/herb","EFNative",48,"ME, MA, NY, MD, CT, VA, PA, NJ, DE, VT, OH, NH, RI","IL, IA, KS, MN, MO, ND, NE, OK, SD, WI, CT, IN, ME, MA, MI, NH, NJ, NY, OH, PA, RI, VT, WV, TX, AL, AR, DE, FL, GA, KY, LA, MD, MS, NC, SC, TN, VA",NA,0.09375,0.289156626506024,109
"Phlox divaricata","Forb/herb","EFNative",81,"MA, OH, PA, NY, MD, NH, RI, CT, NJ, VA, ME, VT, DE, WV","IL, IA, KS, MN, MO, NE, OK, SD, WI, CT, IN, MI, NJ, NY, OH, PA, VT, WV, TX, AL, AR, DE, FL, GA, KY, LA, MD, MS, NC, SC, TN, VA",NA,0.19140625,0.385542168674699,110
"Elymus virginicus","Grass","EFNative",20,"RI, MA, MD, VA, PA, NJ","CO, WY, IL, IA, KS, MN, MO, ND, NE, OK, SD, WI, CT, IN, ME, MA, MI, NH, NJ, NY, OH, PA, RI, VT, WV, AZ, NM, TX, AL, AR, DE, FL, GA, KY, LA, MD, MS, NC, SC, TN, VA",NA,0.01171875,0.204819277108434,111
"Coreopsis tripteris","Forb/herb","EFNative",37,"MA, MD, PA, RI, VA, NJ, CT, DE, ME, VT, NY, NH, OH","IL, IA, KS, MO, OK, WI, CT, IN, MA, MI, OH, PA, RI, VT, WV, TX, AL, AR, FL, GA, KY, LA, MD, MS, NC, SC, TN, VA",NA,0.0625,0.253012048192771,112
"Viburnum acerifolium","Shrub","EFNative",33,"MD, NJ, MA, RI, PA, CT, OH, VA, NY, DE","IL, WI, CT, IN, ME, MA, MI, NH, NJ, NY, OH, PA, RI, VT, WV, TX, AL, AR, DE, FL, GA, KY, LA, MD, MS, NC, SC, TN, VA",NA,0.05078125,0.240963855421687,113
"Rubus odoratus","Shrub","EFNative",29,"MA, PA, RI, CT, DE, ME, VA, VT, OH, NJ","MT, WA, IL, MO, WI, CT, IN, ME, MA, MI, NH, NJ, NY, OH, PA, RI, VT, WV, AL, DE, GA, KY, MD, NC, TN, VA",NA,0.0390625,0.228915662650602,114
"Carex crinita","Grass","EFNative",21,"MA, PA, VA, CT, MD, NJ","IL, MN, MO, NE, OK, WI, CT, IN, ME, MA, MI, NH, NJ, NY, OH, PA, RI, VT, WV, TX, AL, AR, DE, GA, KY, LA, MD, MS, NC, SC, TN, VA",NA,0.015625,0.204819277108434,115
"Solidago bicolor","Forb/herb","EFNative",21,"MA, PA, RI, MD, VA, CT, NJ, ME, NH","IL, MO, WI, CT, IN, ME, MA, MI, NH, NJ, NY, OH, PA, RI, AL, AR, DE, GA, KY, MD, MS, NC",NA,0.015625,0.204819277108434,116
"Rhus copallinum","Shrub","EFNative",30,"MD, NY, PA, MA, OH, VA, CT, DE, NJ, VT","IL, IA, KS, MO, NE, OK, WI, CT, IN, ME, MA, MI, NH, NJ, NY, OH, PA, RI, VT, WV, TX, AL, AR, DE, FL, GA, KY, LA, MD, MS, NC, SC, TN, VA",NA,0.04296875,0.228915662650602,117
"Helianthus angustifolius","Forb/herb","EFNative",26,"NY, MD, PA, NJ, VA, VT","IA, MO, OK, IN, NJ, NY, OH, PA, WV, TX, AL, AR, FL, GA, KY, LA, MD, MS, NC, SC, TN, VA",NA,0.03125,0.216867469879518,118
"Tridens flavus","Grass","EFNative",18,"MA, PA, RI, MD, VA, CT, NJ","IL, IA, KS, MN, MO, NE, OK, WI, CT, IN, MA, MI, NH, NJ, NY, OH, PA, RI, VT, WV, NM, TX, AL, AR, DE, FL, GA, KY, LA, MD, MS, NC, SC, TN, VA",NA,0.0078125,0.192771084337349,119
"Maianthemum racemosum","Forb/herb","EFNative",35,"MD, RI, PA, VA, CT, DE, OH, ME, VT, NJ, WV, NH, MA","AK, CO, ID, MT, OR, WA, WY, IL, IA, KS, MN, MO, ND, NE, OK, SD, WI, CT, IN, ME, MA, MI, NH, NJ, NY, OH, PA, RI, VT, WV, AZ, CA, NV, UT, NM, TX, AL, AR, DE, FL, GA, KY, LA, MD, MS, NC, SC, TN, VA",NA,0.05859375,0.240963855421687,120
"Ratibida pinnata","Forb/herb","EFNative",35,"MA, OH, NH, PA, MD, ME, VT, NY, NJ, VA, CT","IL, IA, KS, MN, MO, NE, OK, SD, WI, IN, MA, MI, NY, OH, VT, AL, AR, FL, GA, KY, LA, MS, TN",NA,0.05859375,0.240963855421687,121
"Sanguinaria canadensis","Forb/herb","EFNative",35,"PA, MD, ME, VA, CT, DE, MA, RI, VT, OH, WV, NJ","IL, IA, KS, MN, MO, ND, NE, OK, SD, WI, CT, IN, ME, MA, MI, NH, NJ, NY, OH, PA, RI, VT, WV, TX, AL, AR, DE, FL, GA, KY, LA, MD, NC, SC, TN, VA",NA,0.05859375,0.240963855421687,122
"Dicentra cucullaria","Forb/herb","EFNative",27,"RI, MA, NY, PA, MD, CT, ME, DE, VA, VT, OH, WV","ID, OR, WA, IL, IA, KS, MN, MO, ND, NE, OK, SD, WI, CT, IN, ME, MA, MI, NH, NJ, NY, OH, PA, RI, VT, WV, AL, AR, DE, GA, KY, MD, NC, SC, TN, VA",NA,0.03515625,0.216867469879518,123
"Mertensia virginica","Forb/herb","EFNative",64,"MA, DE, NY, MD, RI, PA, CT, ME, NJ, VA, WV, OH, VT, NH","IL, IA, KS, MN, MO, WI, IN, ME, MA, MI, NJ, NY, OH, PA, VT, WV, AL, AR, DE, GA, KY, MD, MS, NC, SC, TN, VA",NA,0.14453125,0.325301204819277,124
"Echinacea pallida","Forb/herb","EFNative",44,"MA, MD, NH, RI, PA, CT, NJ, VA, DE, VT, OH, ME, NY","IL, IA, KS, MO, NE, OK, WI, CT, IN, ME, MA, MI, NY, RI, TX, AL, AR, GA, LA, NC, TN, VA",NA,0.0859375,0.265060240963855,125
"Betula alleghaniensis","Tree","EFNative",32,"MD, PA, OH, VT, CT, ME, NJ, NH, MA, VA","IL, IA, MN, WI, CT, IN, ME, MA, MI, NH, NJ, NY, OH, PA, RI, VT, WV, AL, GA, KY, MD, NC, SC, TN, VA",NA,0.05078125,0.228915662650602,126
"Eutrochium dubium","Forb/herb","EFNative",77,"ME, MA, OH, NY, MD, RI, PA, NJ, VA, CT, VT, DE, WV, NH","CT, ME, MA, NH, NJ, NY, PA, RI, VT, DE, MD, NC, SC, VA",NA,0.18359375,0.36144578313253,127
"Hamamelis virginiana","Shrub","EFNative",110,"OH, MD, MA, NY, NH, NJ, PA, RI, VA, CT, ME, VT, DE","IL, IA, MN, MO, OK, WI, CT, IN, ME, MA, MI, NH, NJ, NY, OH, PA, RI, VT, WV, TX, AL, AR, DE, FL, GA, KY, LA, MD, MS, NC, SC, TN, VA",NA,0.28125,0.457831325301205,128
"Quercus alba","Tree","EFNative",90,"OH, MD, KY, NJ, MA, PA, VA, RI, NY, VT, CT, ME, DE","IL, IA, KS, MN, MO, NE, OK, WI, CT, IN, ME, MA, MI, NH, NJ, NY, OH, PA, RI, VT, WV, TX, AL, AR, DE, FL, GA, KY, LA, MD, MS, NC, SC, TN, VA",NA,0.22265625,0.397590361445783,129
"Silene caroliniana","Forb/herb","EFNative",37,"ME, NY, MD, MA, PA, VA, CT, VT, DE, OH, WV, NJ, NH","KS, MO, CT, MA, NH, NJ, NY, OH, PA, RI, WV, AL, DE, GA, KY, MD, NC, SC, TN, VA",NA,0.06640625,0.240963855421687,130
"Rhus glabra","Shrub","EFNative",29,"OH, MD, MA, VA, CT, DE, PA, NJ, ME","CO, ID, MT, OR, WA, WY, IL, IA, KS, MN, MO, ND, NE, OK, SD, WI, CT, IN, ME, MA, MI, NH, NJ, NY, OH, PA, RI, VT, WV, AZ, CA, NV, UT, NM, TX, AL, AR, DE, FL, GA, KY, LA, MD, MS, NC, SC, TN, VA",NA,0.04296875,0.216867469879518,131
"Juncus tenuis","Grass","EFNative",25,"MD, RI, MA, PA, VA, CT, NJ, WV","CO, ID, MT, OR, WA, WY, IL, IA, KS, MN, MO, ND, NE, OK, SD, WI, CT, IN, ME, MA, MI, NH, NJ, NY, OH, PA, RI, VT, WV, AZ, CA, NV, UT, NM, TX, AL, AR, DE, FL, GA, KY, LA, MD, MS, NC, SC, TN, VA",NA,0.03125,0.204819277108434,132
"Blephilia ciliata","Forb/herb","EFNative",21,"MA, NH, RI, PA, NJ, VA, MD","IL, KS, MO, OK, WI, CT, IN, MA, MI, NY, OH, PA, VT, AL, AR, GA, KY, MD, MS, NC, TN, VA",NA,0.01953125,0.192771084337349,133
"Asarum canadense","Forb/herb","EFNative",66,"NY, MD, PA, RI, MA, CT, ME, NJ, NH, VA, DE, VT, WV, OH","IL, IA, KS, MN, MO, ND, NE, OK, SD, WI, CT, IN, ME, MA, MI, NH, NJ, NY, OH, PA, VT, WV, AL, AR, DE, GA, KY, MD, MS, NC, SC, TN, VA",NA,0.15234375,0.325301204819277,134
"Agastache foeniculum","Forb/herb","EFNative",58,"MA, VT, PA, OH, MD, NH, RI, NJ, VA, CT, ME, DE, WV","CO, ID, MT, WA, WY, IL, IA, MN, ND, NE, SD, WI",NA,0.12890625,0.301204819277108,135
"Aronia melanocarpa","Shrub","EFNative",132,"OH, MA, MD, KY, NY, NJ, PA, VA, RI, CT, ME, VT, DE, NH","IL, IA, MN, MO, WI, CT, IN, ME, MA, MI, NH, NJ, NY, OH, PA, RI, VT, WV, AL, AR, DE, FL, GA, KY, MD, NC, SC, TN, VA",NA,0.34765625,0.518072289156627,136
"Callicarpa americana","Shrub","EFNative",34,"MD, NJ, VA, PA, DE, OH","MO, OK, TX, AL, AR, FL, GA, KY, LA, MD, MS, NC, SC, TN, VA",NA,0.05859375,0.228915662650602,137
"Lonicera sempervirens","Vine","EFNative",79,"MD, OH, NY, NH, NJ, PA, MA, RI, CT, VA, ME, DE, VT, WV","IA, KS, MO, OK, CT, IN, ME, MA, MI, NH, NJ, NY, OH, PA, RI, VT, WV, TX, AL, AR, DE, FL, GA, KY, LA, MD, MS, NC, SC, TN, VA",NA,0.19140625,0.36144578313253,138
"Scutellaria incana","Forb/herb","EFNative",30,"NJ, PA, MA, VT, NH, VA, DE, OH, RI","IL, IA, KS, MO, WI, IN, MI, NJ, NY, OH, PA, WV, AL, AR, FL, GA, KY, LA, MD, MS, NC, SC, TN, VA",NA,0.046875,0.216867469879518,139
"Cornus alternifolia","Shrub","EFNative",75,"OH, MD, NJ, RI, MA, PA, VA, CT, ME, VT, DE, NH, NY","IL, IA, MN, MO, WI, CT, IN, ME, MA, MI, NH, NJ, NY, OH, PA, RI, VT, WV, AL, AR, DE, FL, GA, KY, MD, MS, NC, SC, TN, VA",NA,0.1796875,0.349397590361446,140
"Baccharis halimifolia","Shrub","EFNative",26,"MD, PA, MA, RI, NJ, VA, DE, ME","OK, CT, MA, NJ, NY, PA, RI, TX, AL, AR, DE, FL, GA, LA, MD, MS, SC, VA","CA",0.03515625,0.204819277108434,141
"Erigeron pulchellus","Forb/herb","EFNative",22,"PA, MD, VA, CT, VT, DE, OH, WV, ME, RI, MA","IL, IA, KS, MN, MO, OK, WI, CT, IN, ME, MA, MI, NH, NJ, NY, OH, PA, RI, VT, WV, TX, AL, AR, DE, FL, GA, KY, LA, MD, MS, NC, SC, TN, VA",NA,0.0234375,0.192771084337349,142
"Sisyrinchium angustifolium","Forb/herb","EFNative",80,"MA, OH, ME, NY, MD, RI, PA, NJ, VA, CT, VT, DE, WV, NH","CO, IL, IA, KS, MN, MO, NE, OK, WI, CT, IN, ME, MA, MI, NH, NJ, NY, OH, PA, RI, VT, WV, TX, AL, AR, DE, FL, GA, KY, LA, MD, MS, NC, SC, TN, VA",NA,0.1953125,0.36144578313253,143
"Phlox maculata","Forb/herb","EFNative",19,"MA, NH, MD, PA, CT, NJ, ME, DE, VA","IL, IA, MN, CT, IN, ME, MI, NJ, NY, OH, PA, VT, WV, AL, DE, GA, KY, MD, MS, NC, SC, TN, VA",NA,0.015625,0.180722891566265,144
"Chasmanthium latifolium","Grass","EFNative",101,"MA, OH, KY, PA, NY, MD, RI, CT, ME, NJ, VA, DE, VT, NH, WV","IL, KS, MO, NE, OK, WI, IN, MI, NJ, OH, PA, WV, AZ, NM, TX, AL, AR, DE, FL, GA, KY, LA, MD, MS, NC, SC, TN, VA",NA,0.2578125,0.421686746987952,145
"Panicum virgatum","Grass","EFNative",146,"OH, MA, MD, KY, ME, NY, PA, RI, NJ, CT, VA, VT, DE, NH, WV","CO, MT, WY, IL, IA, KS, MN, MO, ND, NE, OK, SD, WI, CT, IN, MA, MI, NH, NJ, NY, OH, PA, RI, VT, WV, AZ, NV, UT, NM, TX, AL, AR, DE, FL, GA, KY, LA, MD, MS, NC, SC, TN, VA",NA,0.390625,0.55421686746988,146
"Sassafras albidum","Shrub","EFNative",44,"OH, MD, KY, MA, PA, CT, NJ, VA, DE, NY, NH, ME","IL, IA, KS, MO, OK, WI, CT, IN, ME, MA, MI, NH, NJ, NY, OH, PA, RI, VT, WV, TX, AL, AR, DE, FL, GA, KY, LA, MD, MS, NC, SC, TN, VA",NA,0.08984375,0.253012048192771,147
"Sporobolus heterolepis","Grass","EFNative",81,"MA, PA, OH, KY, VT, NH, MD, DE, NJ, ME, VA, NY, CT, WV, RI","CO, MT, WY, IL, IA, KS, MN, MO, ND, NE, OK, SD, WI, CT, IN, MA, MI, NY, OH, PA, NM, AR, GA, KY, MD, NC, TN, VA",NA,0.19921875,0.36144578313253,148
"Pinus virginiana","Tree","EFNative",28,"MD, NJ, VA, OH, DE, PA, MA, RI","IN, NJ, NY, OH, PA, WV, AL, DE, GA, KY, MD, MS, NC, SC, TN, VA",NA,0.04296875,0.204819277108434,149
"Solidago rigida","Forb/herb","EFNative",24,"MA, PA, MD, VA, DE, NH, NJ","CO, MT, WY, IL, IA, KS, MN, MO, ND, NE, OK, SD, WI, CT, IN, MA, MI, NJ, NY, OH, PA, RI, WV, NM, TX, AL, AR, DE, GA, KY, LA, MD, MS, NC, SC, TN, VA",NA,0.03125,0.192771084337349,150
"Helenium flexuosum","Forb/herb","EFNative",20,"MA, PA, MD, NJ, VA, CT, RI, DE, OH","IL, MO, OK, WI, IN, MA, MI, NJ, OH, PA, WV, TX, AL, AR, FL, GA, KY, LA, MD, MS, NC, SC, TN, VA",NA,0.01953125,0.180722891566265,151
"Chrysopsis mariana","Forb/herb","EFNative",16,"RI, MD, VA, NJ, PA","NJ, NY, OH, PA, RI, WV, TX, AL, DE, FL, GA, KY, LA, MD, MS, NC, SC, TN, VA",NA,0.0078125,0.168674698795181,152
"Vaccinium corymbosum","Shrub","EFNative",102,"MA, DE, OH, ME, MD, KY, NY, CT, NH, NJ, RI, PA, VA, VT","IL, MO, OK, CT, IN, ME, MA, MI, NH, NJ, NY, OH, PA, RI, VT, WV, TX, AL, DE, FL, GA, KY, LA, MD, MS, NC, SC, TN, VA",NA,0.26171875,0.421686746987952,153
"Anemonastrum canadense","Forb/herb","EFNative",41,"NY, MD, NH, PA, MA, RI, NJ, CT, ME, DE, VT, VA, OH","CO, MT, WY, IL, IA, KS, MN, MO, ND, NE, SD, WI, CT, IN, ME, MA, MI, NH, NJ, NY, OH, PA, RI, VT, WV, NM, KY, MD, TN, VA",NA,0.08203125,0.240963855421687,154
"Parthenium integrifolium","Forb/herb","EFNative",30,"MA, NY, PA, RI, CT, MD, VA, NJ, VT, OH, NH","IL, IA, KS, MN, MO, OK, WI, CT, IN, MA, MI, NY, OH, PA, WV, TX, AL, AR, GA, KY, LA, MD, MS, NC, SC, TN, VA",NA,0.05078125,0.204819277108434,155
"Carex rosea","Grass","EFNative",26,"RI, NJ, MD, VA, PA, KY, WV, DE, MA","WY, IL, IA, KS, MN, MO, NE, OK, SD, WI, CT, IN, ME, MA, MI, NH, NJ, NY, OH, PA, RI, VT, WV, NM, TX, AL, AR, DE, FL, GA, KY, MD, NC, SC, TN, VA",NA,0.0390625,0.192771084337349,156
"Senna hebecarpa","Forb/herb","EFNative",26,"ME, VT, CT, NY, PA, VA, OH, DE, MA, MD, NH, NJ","IL, WI, NY, VT, AL, KY, MD, NC, TN",NA,0.0390625,0.192771084337349,157
"Silphium perfoliatum","Forb/herb","EFNative",26,"MA, MD, PA, VA, ME, DE, OH, NJ, VT, NH","IL, IA, KS, MN, MO, ND, NE, OK, SD, WI, CT, IN, MA, MI, NJ, NY, OH, PA, VT, WV, TX, AL, AR, KY, LA, MS, NC, TN, VA","CT, ME, NY",0.0390625,0.192771084337349,158
"Vernonia glauca","Forb/herb","EFNative",26,"MA, MD, RI, PA, VA, NJ, DE, CT, VT","MA, NJ, PA, AL, DE, GA, MD, NC, SC, VA",NA,0.0390625,0.192771084337349,159
"Juncus effusus","Grass","EFNative",71,"MD, MA, NY, RI, VA, CT, NJ, PA, DE, ME, NH, VT, OH","AK, ID, MT, OR, WA, IL, IA, KS, MN, MO, NE, OK, WI, CT, IN, ME, MA, MI, NH, NJ, NY, OH, PA, RI, VT, WV, AZ, CA, TX, AL, AR, DE, FL, GA, KY, LA, MD, MS, NC, SC, TN, VA",NA,0.171875,0.325301204819277,160
"Carya glabra","Tree","EFNative",22,"MD, PA, VA, CT, DE, NJ","IL, IA, KS, MO, WI, CT, IN, MA, MI, NH, NJ, NY, OH, PA, RI, VT, WV, TX, AL, AR, DE, FL, GA, KY, LA, MD, MS, NC, SC, TN, VA",NA,0.02734375,0.180722891566265,161
"Pontederia cordata","Forb/herb","EFNative",22,"MA, MD, CT, PA, VA, ME, NJ","IL, IA, KS, MN, MO, NE, OK, SD, WI, CT, IN, ME, MA, MI, NH, NJ, NY, OH, PA, RI, VT, WV, TX, AL, AR, DE, FL, GA, KY, LA, MD, MS, NC, SC, TN",NA,0.02734375,0.180722891566265,162
"Helianthus decapetalus","Forb/herb","EFNative",18,"PA, MD, CT, VT, NJ, NH, VA","IL, IA, MO, OK, WI, CT, IN, ME, MA, MI, NH, NJ, NY, OH, PA, RI, VT, WV, AL, AR, DE, GA, KY, LA, MD, MS, NC, SC, TN, VA",NA,0.015625,0.168674698795181,163
"Gentiana clausa","Forb/herb","EFNative",14,"VA, NJ, MA, MD, PA, RI, CT","CT, ME, MA, NH, NJ, NY, OH, PA, RI, VT, WV, MD, NC, TN, VA",NA,0.00390625,0.156626506024096,164
"Boltonia asteroides","Forb/herb","EFNative",35,"MA, MD, NH, RI, CT, PA, ME, DE, VT, NJ, OH, VA","ID, OR, IL, IA, KS, MN, MO, ND, NE, OK, SD, WI, CT, IN, ME, MA, MI, NJ, NY, OH, PA, RI, VT, TX, AL, AR, DE, FL, GA, KY, LA, MD, MS, NC, SC, TN, VA",NA,0.06640625,0.216867469879518,165
"Rhododendron periclymenoides","Shrub","EFNative",31,"MD, NJ, PA, CT, ME, VA, DE, NH, MA, VT, NY","IL, CT, MA, NJ, NY, OH, PA, RI, VT, WV, AL, DE, GA, KY, MD, NC, SC, TN, VA",NA,0.0546875,0.204819277108434,166
"Campanula rotundifolia","Forb/herb","EFNative",27,"MA, MD, NH, PA, CT, DE, ME, NJ, VT, VA, RI, OH","ME, NH, VT, MA, CT, NY, NJ, PA, MD, WV, VA, NC, TN, OH, IN, MI, IL, MN, WI, IA, ND, SD, NE, CO, WY, NM, TX, AZ, CA, WA, OR, MO, ID, UT",NA,0.04296875,0.192771084337349,167
"Adiantum pedatum","Forb/herb","EFNative",64,"MD, MA, RI, PA, CT, DE, ME, VA, NJ, VT, NH, WV, OH","AK, IL, IA, KS, MN, MO, NE, OK, SD, WI, CT, IN, ME, MA, MI, NH, NJ, NY, OH, PA, RI, VT, WV, AL, AR, DE, GA, KY, LA, MD, MS, NC, SC, TN, VA",NA,0.15234375,0.301204819277108,168
"Chamaecrista fasciculata","Forb/herb","EFNative",15,"MA, RI, MD, VA, PA, DE, VT","IL, KS, MN, MO, OK, SD, WI, MA, NY, PA, RI, NM, TX, AL, FL, KY, MD, MS, SC, TN, VA",NA,0.0078125,0.156626506024096,169
"Caltha palustris","Forb/herb","EFNative",44,"MA, NH, RI, PA, OH, MD, VA, CT, ME, DE, VT, NJ, WV","AK, OR, WA, IL, IA, MN, MO, ND, NE, SD, WI, CT, IN, ME, MA, MI, NH, NJ, NY, OH, PA, RI, VT, WV, DE, KY, MD, NC, SC, TN, VA",NA,0.09375,0.240963855421687,170
"Salix discolor","Shrub","EFNative",65,"MA, MD, PA, NH, NJ, RI, NY, VT, OH, VA, ME, CT, WV, DE","CO, ID, MT, WY, IL, IA, MN, MO, ND, SD, WI, CT, IN, ME, MA, MI, NH, NJ, NY, OH, PA, RI, VT, WV, DE, KY, MD, NC",NA,0.15625,0.301204819277108,171
"Erythronium americanum","Forb/herb","EFNative",16,"PA, CT, ME, VA, OH, RI, VT, WV","IL, IA, MN, MO, WI, CT, IN, ME, MA, MI, NH, NJ, NY, OH, PA, RI, VT, WV, AL, DE, GA, KY, MD, MS, NC, SC, TN, VA",NA,0.01171875,0.156626506024096,172
"Hypericum punctatum","Forb/herb","EFNative",12,"MA, PA, MD, VA, NJ, RI","IL, IA, KS, MN, MO, NE, OK, WI, CT, IN, ME, MA, MI, NH, NJ, NY, OH, PA, RI, VT, WV, TX, AL, AR, DE, FL, GA, KY, LA, MD, MS, NC, SC, TN, VA",NA,0,0.144578313253012,173
"Cornus sericea","Shrub","EFNative",139,"OH, MA, MD, KY, NY, ME, NH, NJ, PA, CT, RI, VA, VT, DE","AK, CO, ID, MT, OR, WA, WY, IL, IA, KS, MN, ND, NE, SD, WI, CT, ME, MA, MI, NH, NJ, NY, OH, PA, RI, VT, WV, AZ, CA, NV, UT, NM, DE, KY, MD, VA",NA,0.375,0.518072289156627,174
"Gaylussacia baccata","Shrub","EFNative",21,"MD, PA, ME, VA, VT, NH, RI, NJ","IL, IA, MN, MO, WI, CT, IN, ME, MA, MI, NH, NJ, NY, OH, PA, RI, VT, WV, AL, AR, DE, GA, KY, MD, NC, SC, TN, VA",NA,0.02734375,0.168674698795181,175
"Aronia arbutifolia","Shrub","EFNative",115,"OH, MA, MD, KY, PA, NY, NJ, RI, CT, VA, ME, DE, VT, NH","KS, OK, CT, ME, MA, MI, NH, NJ, NY, OH, PA, RI, WV, TX, AL, AR, DE, FL, GA, KY, LA, MD, MS, NC, SC, TN, VA",NA,0.3046875,0.44578313253012,176
"Silene virginica","Forb/herb","EFNative",17,"MD, PA, CT, VA, OH, NJ, WV","IL, IA, KS, MO, OK, WI, IN, MI, NY, OH, PA, WV, AL, AR, DE, GA, KY, LA, MS, NC, SC, TN, VA",NA,0.015625,0.156626506024096,177
"Desmodium canadense","Forb/herb","EFNative",13,"MA, NH, NJ, CT, PA, VA, VT","IL, KS, MN, ND, NE, OK, SD, WI, IN, ME, MI, NH, NY, OH, PA, VT, WV, TX, MD, VA",NA,0.00390625,0.144578313253012,178
"Symphyotrichum puniceum","Forb/herb","EFNative",13,"NJ, MD, VA, PA, MA, VT","IL, IA, MN, MO, ND, NE, SD, WI, CT, IN, ME, MI, NH, NJ, NY, OH, PA, RI, VT, WV, TX, AL, DE, GA, LA, MD, MS, NC, SC, TN, VA",NA,0.00390625,0.144578313253012,179
"Verbesina alternifolia","Forb/herb","EFNative",13,"MA, MD, VA, PA, NJ","IL, IA, KS, MO, NE, OK, WI, IN, MI, NJ, NY, OH, PA, RI, WV, TX, AL, AR, DE, FL, GA, KY, LA, MD, MS, NC, SC, TN, VA",NA,0.00390625,0.144578313253012,180
"Symphyotrichum ericoides","Forb/herb","EFNative",46,"MA, MD, RI, PA, CT, NJ, VA, DE, WV, VT, NH, ME, OH","CO, ID, MT, OR, WA, WY, IL, IA, KS, MN, MO, ND, NE, OK, SD, WI, CT, IN, ME, MA, MI, NJ, NY, OH, PA, RI, VT, WV, AZ, UT, NM, TX, AR, DE, MD, MS, VA",NA,0.1015625,0.240963855421687,181
"Liatris scariosa","Forb/herb","EFNative",26,"NH, RI, PA, MD, MA, NJ, VA, VT, ME, CT","IL, MO, WI, CT, IN, ME, MA, MI, NH, NJ, NY, OH, PA, RI, WV, AR, MD, NC, TN, VA",NA,0.04296875,0.180722891566265,182
"Amorpha fruticosa","Shrub","EFNative",14,"MA, MD, PA, NJ, VA","CO, ID, OR, WA, WY, IL, MN, ND, WI, PA, VT, AZ, CA, UT, NM, TX, AL, FL, KY, MD, TN","CT, ME, OR, WA",0.0078125,0.144578313253012,183
"Liatris squarrosa","Forb/herb","EFNative",14,"PA, RI, MD, VA, NJ","IL, MO, IN, MI, OH, WV, AL, DE, FL, GA, KY, LA, MD, NC, SC, TN, VA",NA,0.0078125,0.144578313253012,184
"Symphoricarpos orbiculatus","Shrub","EFNative",14,"MD, PA, VA, NJ","IL, IA, KS, MN, MO, NE, OK, SD, WI, CT, IN, MA, MI, NJ, OH, PA, RI, VT, WV, UT, TX, AL, AR, DE, FL, GA, KY, LA, MD, MS, NC, SC, TN, VA",NA,0.0078125,0.144578313253012,185
"Quercus michauxii","Tree","EFNative",35,"OH, MD, NJ, PA, VA, DE, MA, NY","IL, MO, IN, NJ, PA, TX, AL, AR, DE, FL, GA, KY, LA, MD, MS, NC, SC, TN, VA",NA,0.0703125,0.204819277108434,186
"Ruellia humilis","Forb/herb","EFNative",31,"PA, VT, VA, WV, MD, RI, MA, NJ, OH, ME, CT","IL, IA, KS, MN, MO, NE, OK, WI, IN, MI, OH, PA, WV, TX, AL, AR, FL, GA, KY, LA, MD, MS, NC, TN, VA",NA,0.05859375,0.192771084337349,187
"Polemonium reptans","Forb/herb","EFNative",72,"MA, OH, ME, NY, MD, NH, RI, PA, CT, NJ, VA, VT, DE, WV","IL, IA, KS, MN, MO, OK, SD, WI, CT, IN, MA, MI, NH, NJ, NY, OH, PA, RI, VT, WV, AL, AR, DE, GA, KY, MD, MS, NC, TN, VA",NA,0.1796875,0.313253012048193,188
"Gentiana andrewsii","Forb/herb","EFNative",19,"MA, MD, PA, VA, CT, VT, OH, WV, NJ","CO, IL, IA, KS, MN, MO, ND, NE, SD, WI, CT, IN, MA, MI, NH, NJ, NY, OH, PA, RI, VT, WV, DE, KY, MD, VA",NA,0.0234375,0.156626506024096,189
"Morus rubra","Tree","EFNative",19,"VT, PA, CT, VA, MD, OH, MA","IL, IA, KS, MN, MO, NE, OK, WI, CT, IN, MA, MI, NJ, NY, OH, PA, RI, VT, WV, TX, AL, AR, FL, GA, KY, LA, MD, MS, NC, SC, TN, VA",NA,0.0234375,0.156626506024096,190
"Saururus cernuus","Forb/herb","EFNative",19,"PA, MD, MA, VA, NJ","IL, KS, MO, OK, WI, IN, ME, MI, NJ, NY, OH, PA, RI, WV, TX, AL, AR, DE, FL, GA, KY, LA, MD, MS, NC, SC, TN, VA",NA,0.0234375,0.156626506024096,191
"Claytonia virginica","Forb/herb","EFNative",15,"PA, VA, CT, DE, OH, WV, NJ","IL, IA, KS, MN, MO, NE, OK, WI, CT, IN, MA, MI, NH, NJ, NY, OH, PA, RI, VT, WV, TX, AL, AR, DE, GA, KY, LA, MD, MS, NC, TN, VA",NA,0.01171875,0.144578313253012,192
"Scutellaria lateriflora","Forb/herb","EFNative",11,"MA, NH, MD, PA, VT, ME, VA, NJ","CO, ID, OR, WA, IL, IA, KS, MN, MO, ND, NE, OK, SD, WI, CT, IN, MA, MI, NH, NJ, NY, OH, PA, RI, VT, WV, AZ, CA, NM, TX, AL, AR, DE, FL, GA, KY, LA, MD, MS, NC, SC, TN, VA",NA,0,0.132530120481928,193
"Polystichum acrostichoides","Forb/herb","EFNative",105,"DE, OH, VA, MD, ME, NY, PA, MA, RI, NJ, CT, VT, NH, WV","IL, IA, KS, MN, MO, OK, WI, CT, IN, ME, MA, MI, NH, NJ, NY, OH, PA, RI, VT, WV, TX, AL, AR, DE, FL, GA, KY, LA, MD, MS, NC, SC, TN, VA",NA,0.27734375,0.409638554216867,194
"Aralia racemosa","Forb/herb","EFNative",24,"MA, PA, MD, CT, ME, OH, VT, VA, NH, RI, NJ","IL, IA, KS, MN, MO, NE, SD, WI, CT, IN, ME, MA, MI, NH, NJ, NY, OH, PA, RI, VT, WV, AL, AR, DE, GA, KY, MD, MS, NC, SC, TN, VA",NA,0.0390625,0.168674698795181,195
"Anaphalis margaritacea","Forb/herb","EFNative",12,"ME, MA, NH, RI, CT, PA, VT, NJ, OH, VA","AK, CO, ID, MT, OR, WA, WY, IL, IA, MN, NE, SD, WI, CT, IN, ME, MA, MI, NH, NJ, NY, OH, PA, RI, VT, WV, AZ, CA, NV, UT, NM, TX, AR, DE, KY, MD, NC, TN, VA",NA,0.00390625,0.132530120481928,196
"Asclepias exaltata","Forb/herb","EFNative",12,"MA, NH, VA, PA, OH, NJ","IL, IA, MN, WI, CT, IN, ME, MA, MI, NH, NJ, NY, OH, PA, RI, VT, WV, AL, DE, GA, KY, MD, MS, NC, SC, TN, VA",NA,0.00390625,0.132530120481928,197
"Staphylea trifolia","Shrub","EFNative",12,"PA, VA, CT, ME, MA, NJ","IL, MN, NE, OK, WI, NJ, NY, PA, VT, WV, AL, AR, FL, GA, KY, LA, MD, MS, NC, SC, TN, VA",NA,0.00390625,0.132530120481928,198
"Viola striata","Forb/herb","EFNative",12,"MA, PA, MD, VA, NJ","IL, IA, MO, OK, WI, CT, IN, MA, MI, NH, NJ, NY, OH, PA, WV, AL, AR, DE, GA, KY, MD, NC, SC, TN, VA",NA,0.00390625,0.132530120481928,199
"Dennstaedtia punctilobula","Forb/herb","EFNative",53,"NY, MA, RI, MD, CT, ME, PA, DE, VA, VT, NH, WV, NJ","IL, MO, WI, CT, IN, ME, MA, MI, NH, NJ, NY, OH, PA, RI, VT, WV, AL, AR, DE, GA, KY, MD, NC, SC, TN, VA",NA,0.125,0.253012048192771,200
"Osmundastrum cinnamomeum","Forb/herb","EFNative",82,"NY, MD, MA, RI, PA, NJ, VA, CT, VT, DE, OH, ME, NH, WV","IL, IA, MN, MO, OK, WI, CT, IN, ME, MA, MI, NH, NJ, NY, OH, PA, RI, VT, WV, TX, AL, AR, DE, FL, GA, KY, LA, MD, MS, NC, SC, TN, VA",NA,0.2109375,0.337349397590361,201
"Celtis occidentalis","Shrub","EFNative",78,"OH, MD, NJ, PA, MA, NY, VA, CT, VT, DE, NH, ME","CO, WY, IL, IA, KS, MN, MO, ND, NE, OK, SD, WI, CT, IN, ME, MA, MI, NH, NJ, NY, OH, PA, RI, VT, WV, NM, TX, AL, AR, DE, GA, KY, MD, MS, NC, SC, TN, VA",NA,0.19921875,0.325301204819277,202
"Bouteloua curtipendula","Grass","EFNative",29,"MA, PA, MD, NY, DE, WV, NJ, OH, VA, ME, CT","CO, ID, MT, OR, WA, WY, IL, IA, KS, MN, MO, ND, NE, OK, SD, WI, CT, IN, ME, MA, MI, NJ, NY, OH, PA, WV, AZ, CA, UT, NM, TX, AL, AR, DE, FL, GA, KY, LA, MD, MS, NC, SC, TN, VA",NA,0.0546875,0.180722891566265,203
"Carya ovata","Tree","EFNative",29,"OH, MD, PA, MA, VA, NJ, CT, DE, ME","IL, IA, KS, MN, MO, NE, OK, WI, CT, IN, ME, MA, MI, NH, NJ, NY, OH, PA, RI, VT, WV, TX, AL, AR, DE, GA, KY, LA, MD, MS, NC, SC, TN, VA",NA,0.0546875,0.180722891566265,204
"Delphinium exaltatum","Forb/herb","EFNative",25,"MA, MD, NH, RI, PA, DE, VA, VT, ME, OH","MN, NE, OH, PA, AL, KY, MD, NC, TN, VA",NA,0.04296875,0.168674698795181,205
"Carex grayi","Grass","EFNative",17,"NJ, CT, MA, MD, WV, DE, VA, OH, PA","IL, IA, KS, MN, MO, OK, WI, CT, IN, MA, MI, NY, OH, PA, VT, AL, AR, DE, FL, GA, KY, MD, MS, NC, SC, TN, VA",NA,0.01953125,0.144578313253012,206
"Prunella vulgaris","Forb/herb","EFNative",17,"MA, RI, VA, MD, NJ, PA","AK, CO, ID, MT, OR, WA, WY, IL, IA, KS, MN, MO, ND, NE, OK, SD, WI, CT, IN, ME, MA, MI, NH, NJ, NY, OH, PA, RI, VT, WV, AZ, CA, NV, UT, NM, TX, AL, AR, DE, FL, GA, KY, LA, MD, MS, NC, SC, TN, VA",NA,0.01953125,0.144578313253012,207
"Sagittaria latifolia","Forb/herb","EFNative",17,"MA, MD, NJ, VA, CT, PA","CO, IL, IA, KS, MN, MO, ND, NE, OK, SD, WI, CT, IN, ME, MA, MI, NH, NJ, NY, OH, PA, RI, VT, WV, CA, NM, TX, AL, AR, DE, FL, GA, KY, LA, MD, MS, NC, SC, TN, VA",NA,0.01953125,0.144578313253012,208
"Scirpus cyperinus","Grass","EFNative",17,"RI, PA, MD, MA, NJ, VA","ID, MT, OR, WA, IL, IA, MN, MO, OK, SD, WI, CT, IN, ME, MA, MI, NH, NJ, NY, OH, PA, RI, VT, WV, TX, AL, AR, DE, FL, GA, KY, LA, MD, MS, NC, SC, TN, VA",NA,0.01953125,0.144578313253012,209
"Viola pedata","Forb/herb","EFNative",17,"MA, RI, PA, VA, NH, NY, WV","IL, IA, KS, MN, MO, NE, OK, WI, CT, IN, MA, MI, NH, NJ, NY, OH, PA, RI, WV, TX, AL, AR, DE, GA, KY, LA, MD, MS, NC, SC, TN, VA",NA,0.01953125,0.144578313253012,210
"Amelanchier arborea","Shrub","EFNative",13,"MD, PA, MA, VA, OH, NJ","IL, IA, KS, MN, MO, NE, OK, WI, CT, IN, ME, MA, MI, NH, NJ, NY, OH, PA, RI, VT, WV, TX, AL, AR, DE, FL, GA, KY, LA, MD, MS, NC, SC, TN, VA",NA,0.0078125,0.132530120481928,211
"Antennaria neglecta","Forb/herb","EFNative",13,"RI, PA, MD, VA, CT","CO, MT, WY, IL, IA, KS, MN, MO, ND, NE, OK, SD, WI, CT, IN, ME, MA, MI, NH, NJ, NY, OH, PA, RI, VT, WV, AR, DE, KY, MD, VA",NA,0.0078125,0.132530120481928,212
"Rhododendron viscosum","Shrub","EFNative",54,"MD, KY, NH, NJ, MA, PA, CT, ME, RI, OH, DE, VA, VT","OK, CT, ME, MA, NH, NJ, NY, PA, RI, VT, TX, AL, AR, DE, FL, GA, LA, MD, MS, NC, SC, TN, VA",NA,0.12890625,0.253012048192771,213
"Andropogon gerardii","Grass","EFNative",83,"MA, OH, MD, KY, NH, RI, PA, CT, NJ, VA, DE, ME, VT, NY, WV","CO, MT, WY, IL, IA, KS, MN, MO, ND, NE, OK, SD, WI, CT, IN, ME, MA, MI, NH, NJ, NY, OH, PA, RI, VT, WV, AZ, UT, NM, TX, AL, AR, DE, FL, GA, KY, LA, MD, MS, NC, SC, TN, VA",NA,0.21484375,0.337349397590361,214
"Acorus calamus","Forb/herb","EFNative",30,"MA, MD, PA, OH, RI, CT, DE, VA, ME, NJ","AK, ID, MT, WA, IL, IA, KS, MN, ND, NE, SD, WI, CT, IN, ME, MA, MI, NH, NJ, NY, OH, PA, RI, VT, VA",NA,0.05859375,0.180722891566265,215
"Zizia aptera","Forb/herb","EFNative",22,"MA, NY, MD, RI, PA, VA, NJ, NH","CO, ID, MT, OR, WA, WY, IL, IA, MN, MO, ND, OK, SD, WI, CT, IN, MI, NJ, NY, OH, PA, RI, WV, NV, UT, AL, AR, DE, FL, GA, KY, MD, MS, NC, SC, TN, VA",NA,0.03515625,0.156626506024096,216
"Caulophyllum thalictroides","Forb/herb","EFNative",18,"RI, PA, CT, DE, VA, OH, NH, WV, NJ","IL, IA, KS, MN, MO, ND, NE, SD, WI, CT, IN, ME, MA, MI, NH, NJ, NY, OH, PA, VT, WV, AL, AR, DE, GA, KY, MD, NC, SC, TN, VA",NA,0.0234375,0.144578313253012,217
"Asclepias purpurascens","Forb/herb","EFNative",14,"PA, VA, DE, RI, VT, NJ","IL, IA, KS, MN, MO, NE, OK, SD, WI, CT, IN, ME, MA, MI, NH, NJ, NY, OH, PA, RI, WV, TX, AR, DE, GA, KY, LA, MD, MS, NC, TN, VA",NA,0.01171875,0.132530120481928,218
"Carpinus caroliniana","Shrub","EFNative",108,"OH, MD, KY, NJ, MA, PA, VT, VA, CT, RI, NY, DE, ME, NH","IL, IA, KS, MN, MO, OK, WI, CT, IN, ME, MA, MI, NH, NJ, NY, OH, PA, RI, VT, WV, TX, AL, AR, DE, FL, GA, KY, LA, MD, MS, NC, SC, TN, VA",NA,0.2890625,0.409638554216867,219
"Agastache scrophulariifolia","Forb/herb","EFNative",10,"MA, PA, NH, NJ, VA","IL, IA, KS, MN, MO, SD, WI, CT, IN, MA, NJ, NY, VT, KY, MD, NC, TN",NA,0,0.120481927710843,220
"Diervilla lonicera","Shrub","EFNative",43,"MA, OH, PA, NH, NJ, ME, CT, VA, VT, MD","IL, IA, MN, ND, WI, CT, IN, ME, MA, MI, NH, NJ, NY, OH, PA, RI, VT, WV, DE, GA, MD, NC, TN, VA",NA,0.09765625,0.216867469879518,221
"Jeffersonia diphylla","Forb/herb","EFNative",23,"RI, PA, CT, VA, ME, DE, VT, NH, OH, WV","IL, IA, MN, WI, IN, MI, NY, OH, PA, WV, AL, GA, KY, MD, NC, TN, VA",NA,0.0390625,0.156626506024096,222
"Mitchella repens","Forb/herb","EFNative",19,"NJ, RI, MD, CT, PA, DE, VA, WV","IL, MN, MO, WI, CT, ME, MA, MI, NH, NY, OH, RI, VT, TX, AL, FL, KY, LA, MD, NC, SC, TN, VA",NA,0.02734375,0.144578313253012,223
"Prunus maritima","Shrub","EFNative",60,"MD, NJ, PA, MA, RI, CT, ME, VA, DE, VT, NH, OH, NY","CT, ME, MA, NH, NJ, NY, PA, RI, DE, MD, VA",NA,0.1484375,0.265060240963855,224
"Campanula americana","Forb/herb","EFNative",11,"MA, PA, NH, RI, OH, VA","IL, IA, KS, MN, MO, NE, OK, SD, WI, IN, MI, NJ, NY, OH, PA, VT, WV, AL, AR, FL, GA, KY, LA, MD, MS, NC, SC, TN, VA",NA,0.00390625,0.120481927710843,225
"Ludwigia alternifolia","Forb/herb","EFNative",11,"MA, PA, MD, VA, NJ","IL, IA, KS, MO, NE, OK, WI, CT, IN, MA, MI, NH, NJ, NY, OH, PA, RI, VT, WV, TX, AL, AR, DE, FL, GA, KY, LA, MD, MS, NC, SC, TN, VA",NA,0.00390625,0.120481927710843,226
"Carex appalachica","Grass","EFNative",48,"PA, NY, MD, CT, WV, OH, VA, ME, NJ, NH, DE, MA, VT","CT, ME, MA, NH, NJ, NY, OH, PA, VT, WV, AL, GA, KY, MD, NC, SC, TN, VA",NA,0.11328125,0.228915662650602,227
"Chrysogonum virginianum","Forb/herb","EFNative",40,"PA, NY, MD, VA, CT, DE, WV, NJ, NH, RI, VT, MA, OH","NY, OH, PA, WV, KY, MD, NC, SC, VA",NA,0.08984375,0.204819277108434,228
"Stylophorum diphyllum","Forb/herb","EFNative",40,"OH, MD, PA, VT, CT, NJ, ME, DE, VA, WV, RI, MA, NH","IL, MO, WI, IN, MI, OH, PA, WV, AL, AR, KY, TN, VA",NA,0.08984375,0.204819277108434,229
"Vaccinium angustifolium","Shrub","EFNative",65,"MD, NY, NJ, MA, RI, PA, ME, OH, CT, DE, VT, NH, WV, VA","IL, IA, MN, WI, CT, IN, ME, MA, MI, NH, NJ, NY, OH, PA, RI, VT, WV, DE, MD, NC, TN, VA",NA,0.1640625,0.27710843373494,230
"Peltandra virginica","Forb/herb","EFNative",16,"NJ, MD, MA, CT, PA, VA, WV","IL, IA, KS, MN, MO, OK, WI, CT, IN, ME, MA, MI, NH, NJ, NY, OH, PA, RI, VT, WV, TX, AL, AR, DE, FL, GA, KY, LA, MD, MS, NC, SC, TN, VA",NA,0.01953125,0.132530120481928,231
"Rudbeckia fulgida","Forb/herb","EFNative",106,"OH, MA, MD, KY, VT, PA, NH, RI, NJ, VA, CT, ME, DE, WV","IL, MO, OK, WI, CT, IN, MA, MI, NJ, NY, OH, PA, WV, TX, AL, AR, DE, FL, GA, KY, MD, MS, NC, SC, TN, VA",NA,0.28515625,0.397590361445783,232
"Podophyllum peltatum","Forb/herb","EFNative",45,"NY, RI, PA, ME, MD, NJ, MA, CT, DE, VT, VA, WV, OH, NH","IL, IA, KS, MN, MO, NE, OK, WI, CT, IN, MA, MI, NH, NJ, NY, OH, PA, RI, VT, WV, TX, AL, AR, DE, FL, GA, KY, LA, MD, MS, NC, SC, TN, VA",NA,0.10546875,0.216867469879518,233
"Primula meadia","Forb/herb","EFNative",25,"MA, DE, RI, PA, MD, ME, VA, NJ, CT, VT, WV, OH, NH","IL, IA, KS, MN, MO, NE, OK, WI, IN, MI, NJ, NY, OH, PA, WV, TX, AL, AR, FL, GA, KY, LA, MD, MS, NC, SC, TN, VA",NA,0.046875,0.156626506024096,234
"Lilium superbum","Forb/herb","EFNative",17,"RI, PA, CT, DE, VA, WV, NJ","IL, MO, CT, IN, MA, NH, NJ, NY, OH, PA, RI, WV, AL, AR, DE, FL, GA, KY, LA, MD, MS, NC, SC, TN, VA",NA,0.0234375,0.132530120481928,235
"Packera obovata","Forb/herb","EFNative",17,"MD, CT, PA, DE, VT, WV, MA, NJ, RI, VA","IL, KS, MO, OK, CT, IN, MA, MI, NH, NJ, NY, OH, PA, RI, VT, WV, NM, TX, AL, AR, FL, GA, KY, LA, MD, MS, NC, SC, TN, VA",NA,0.0234375,0.132530120481928,236
"Danthonia spicata","Grass","EFNative",13,"MA, MD, VA, NJ, PA, RI, WV","AK, CO, ID, MT, OR, WA, WY, IL, IA, KS, MN, MO, ND, NE, OK, SD, WI, CT, IN, ME, MA, MI, NH, NJ, NY, OH, PA, RI, VT, WV, AZ, NM, TX, AL, AR, DE, FL, GA, KY, LA, MD, MS, NC, SC, TN, VA",NA,0.01171875,0.120481927710843,237
"Apocynum cannabinum","Forb/herb","EFNative",9,"MD, MA, VA, CT, PA, RI, NJ","CO, OR, WA, WY, IL, IA, MN, MO, ND, NE, OK, SD, WI, CT, IN, ME, MA, MI, NH, NY, OH, PA, RI, VT, WV, AZ, CA, NV, UT, NM, TX, AL, AR, DE, FL, GA, KY, LA, MD, MS, NC, SC, VA",NA,0,0.108433734939759,238
"Quercus marilandica","Shrub","EFNative",9,"VA, PA, NJ, OH","IL, IA, KS, MO, NE, OK, IN, NJ, NY, OH, PA, WV, TX, AL, AR, DE, FL, GA, KY, LA, MD, MS, NC, SC, TN, VA",NA,0,0.108433734939759,239
"Carex plantaginea","Grass","EFNative",30,"MD, VA, PA, OH, NJ, CT, DE, ME, WV, MA, NH","IA, MN, WI, CT, IN, ME, MA, MI, NH, NJ, NY, OH, PA, VT, WV, AL, GA, KY, MD, NC, SC, TN, VA",NA,0.0625,0.168674698795181,240
"Acer negundo","Tree","EFNative",22,"MD, NJ, PA, CT, OH, ME, DE, VA, MA","CO, ID, MT, OR, WA, WY, IL, IA, KS, MN, MO, ND, NE, OK, SD, CT, IN, ME, MA, MI, NJ, NY, OH, RI, VT, AZ, CA, NV, UT, NM, TX, AL, AR, KY, LA, MD, MS, NC, TN, VA",NA,0.0390625,0.144578313253012,241
"Equisetum hyemale","Forb/herb","EFNative",18,"MD, PA, MA, OH, VA, NJ, CT","AL, AZ, AR, CA, CO, CT, DE, FL, GA, ID, IL, IN, IA, KS, KY, LA, ME, MD, MA, MI, MN, MS, MO, MT, NE, NV, NH, NJ, NM, NY, NC, ND, OH, OK, OR, PA, RI, SC, SD, TN, TX, UT, VT, VA, WA, WV, WI, WY",NA,0.02734375,0.132530120481928,242
"Kosteletzkya virginica","Forb/herb","EFNative",10,"MD, VA, DE","NJ, NY, PA, TX, AL, DE, FL, GA, LA, MD, MS, NC, SC, VA",NA,0.00390625,0.108433734939759,243
"Parthenocissus quinquefolia","Vine","EFNative",51,"DE, MD, NY, NJ, OH, MA, RI, PA, CT, VA, VT, ME, NH","IL, IA, KS, MN, MO, NE, OK, SD, WI, CT, IN, ME, MA, MI, NH, NJ, NY, OH, PA, RI, VT, WV, TX, AL, AR, DE, FL, GA, KY, LA, MD, MS, NC, SC, TN, VA",NA,0.125,0.228915662650602,244
"Polygonatum biflorum","Forb/herb","EFNative",43,"DE, MD, RI, PA, NJ, ME, MA, VA, CT, VT, OH, NH, WV","WY, IL, IA, KS, MN, MO, ND, NE, OK, SD, WI, CT, IN, ME, MA, MI, NH, NJ, NY, OH, PA, RI, VT, WV, AZ, NM, TX, AL, AR, DE, FL, GA, KY, LA, MD, MS, NC, SC, TN, VA",NA,0.1015625,0.204819277108434,245
"Actaea pachypoda","Forb/herb","EFNative",27,"MD, RI, MA, PA, CT, NJ, DE, VA, VT, ME, OH, WV","IL, IA, KS, MN, MO, NE, OK, WI, CT, IN, ME, MA, MI, NH, NJ, NY, OH, PA, RI, VT, WV, AL, AR, DE, FL, GA, KY, LA, MD, MS, NC, SC, TN, VA",NA,0.0546875,0.156626506024096,246
"Tradescantia virginiana","Forb/herb","EFNative",23,"MA, PA, VA, CT, ME, OH, MD, NJ, WV","IL, IA, MO, WI, CT, IN, ME, MA, MI, NH, NJ, NY, OH, PA, RI, VT, WV, AL, AR, DE, GA, KY, LA, MD, MS, NC, SC, TN, VA",NA,0.04296875,0.144578313253012,247
"Carex flaccosperma","Grass","EFNative",19,"VA, MD, RI, DE, NJ, PA, ME, CT","KS, MO, OK, TX, AL, AR, FL, GA, KY, LA, MS, NC, SC, TN, VA",NA,0.03125,0.132530120481928,248
"Penstemon calycosus","Forb/herb","EFNative",15,"WV, VA, MD, PA, NJ, NH, OH, MA, RI","IL, MN, MO, CT, IN, ME, MA, MI, NJ, OH, PA, RI, VT, AL, GA, KY, MD, NC, SC, TN, VA",NA,0.01953125,0.120481927710843,249
"Andropogon glomeratus","Grass","EFNative",11,"MD, PA, VA, NJ","IL, MA, NJ, NY, OH, PA, RI, WV, AZ, CA, NV, UT, AL, DE, FL, GA, KY, LA, MD, MS, NC, SC, TN, VA",NA,0.0078125,0.108433734939759,250
"Teucrium canadense","Forb/herb","EFNative",11,"MA, MD, VA, CT, PA, VT, NJ, OH","CO, MT, OR, WA, WY, IL, IA, KS, MN, MO, ND, NE, OK, SD, WI, CT, ME, MA, NH, NJ, NY, OH, PA, RI, VT, AZ, NM, TX, AL, AR, FL, GA, KY, MD, MS, TN, VA",NA,0.0078125,0.108433734939759,251
"Comptonia peregrina","Shrub","EFNative",56,"MD, KY, MA, RI, PA, CT, ME, NJ, DE, VA, VT, OH, NH, WV","IL, MN, WI, CT, IN, ME, MA, MI, NH, NJ, NY, OH, PA, RI, VT, WV, DE, GA, KY, MD, NC, SC, TN, VA",NA,0.140625,0.240963855421687,252
"Thermopsis villosa","Forb/herb","EFNative",32,"MA, MD, PA, RI, NJ, VT, ME, DE, VA, NH","AL, GA, KY, NC, TN, VA",NA,0.0703125,0.168674698795181,253
"Lupinus perennis","Forb/herb","EFNative",28,"MA, ME, NH, PA, VT, DE, CT, RI, NY, VA","IL, IA, MN, ND, WI, CT, IN, MA, MI, NY, PA, RI, VT, WV, AL, FL, GA, KY, MD, MS, NC, VA",NA,0.05859375,0.156626506024096,254
"Spiraea alba","Shrub","EFNative",16,"MA, MD, PA, CT, DE, VA, VT, NH, RI","IL, IA, MN, MO, ND, SD, WI, CT, IN, ME, MA, MI, NH, NJ, NY, OH, PA, RI, VT, WV, DE, KY, MD, NC, TN, VA",NA,0.0234375,0.120481927710843,255
"Thalictrum dioicum","Forb/herb","EFNative",16,"MA, VA, CT, PA, DE, RI, ME, NJ, NH","IL, IA, KS, MN, MO, ND, NE, SD, WI, CT, IN, ME, MA, MI, NH, NJ, NY, OH, PA, RI, VT, WV, AL, AR, DE, GA, KY, LA, MD, MS, NC, SC, TN, VA",NA,0.0234375,0.120481927710843,256
"Ptelea trifoliata","Shrub","EFNative",12,"CT, PA, VA, MD, OH","CO, IL, IA, KS, MN, MO, NE, OK, WI, CT, IN, ME, MA, MI, NH, NJ, NY, OH, PA, RI, VT, WV, AZ, UT, NM, TX, AL, AR, DE, FL, GA, KY, LA, MD, MS, NC, SC, TN, VA",NA,0.01171875,0.108433734939759,257
"Agastache nepetoides","Forb/herb","EFNative",8,"PA, VA, NJ","IL, IA, KS, MN, MO, NE, OK, SD, WI, CT, IN, MA, VT, TX, AL, AR, GA, KY, MD, TN",NA,0,0.0963855421686747,258
"Alisma subcordatum","Forb/herb","EFNative",8,"PA, MD, CT, MA, VA","CO, IL, IA, KS, MN, MO, ND, NE, OK, SD, WI, CT, IN, ME, MA, MI, NH, NJ, NY, OH, PA, RI, VT, WV, NM, TX, AL, AR, DE, GA, KY, LA, MD, MS, NC, SC, TN, VA",NA,0,0.0963855421686747,259
"Dicentra eximia","Forb/herb","EFNative",53,"OH, NY, MD, RI, PA, MA, CT, VT, ME, DE, NJ, NH, WV, VA","NJ, NY, PA, WV, KY, MD, NC, TN, VA",NA,0.1328125,0.228915662650602,260
"Quercus velutina","Tree","EFNative",29,"OH, MD, MA, NY, PA, VA, NJ, DE, ME","IL, IA, KS, MN, MO, NE, OK, WI, CT, IN, ME, MA, MI, NH, NJ, NY, OH, PA, RI, VT, WV, TX, AL, AR, DE, FL, GA, KY, LA, MD, MS, NC, SC, TN, VA",NA,0.0625,0.156626506024096,261
"Myrica cerifera","Shrub","EFNative",25,"MD, VA, DE, PA","OK, NJ, TX, AL, AR, DE, FL, GA, LA, MD, MS, NC, SC, VA",NA,0.05078125,0.144578313253012,262
"Carex radiata","Grass","EFNative",17,"PA, MA, VA, KY, DE, MD, NJ","IL, IA, KS, MN, MO, ND, NE, OK, SD, WI, CT, IN, ME, MA, MI, NH, NJ, NY, OH, PA, VT, WV, AL, AR, DE, KY, LA, MD, MS, NC, SC, TN, VA",NA,0.02734375,0.120481927710843,263
"Eurybia spectabilis","Forb/herb","EFNative",13,"PA, MD, VA, NJ, MA, NH","CT, MA, NJ, NY, PA, RI, AL, DE, GA, MD, NC, SC, VA",NA,0.015625,0.108433734939759,264
"Senna marylandica","Forb/herb","EFNative",13,"MD, RI, PA, VA, NJ","IL, WI, NY, TX, AL, FL, KY, MD, TN",NA,0.015625,0.108433734939759,265
"Elymus riparius","Grass","EFNative",9,"MA, NJ, PA, VA, MD","IL, IA, MN, MO, WI, CT, IN, ME, MA, NH, NJ, NY, OH, PA, RI, VT, WV, AR, DE, FL, GA, KY, MD, MS, NC, SC, TN, VA",NA,0.00390625,0.0963855421686747,266
"Ionactis linariifolia","Forb/herb","EFNative",9,"ME, MA, MD, CT, PA, NH, NJ","IL, IA, KS, MO, OK, WI, CT, IN, ME, MA, NH, NJ, NY, OH, PA, RI, VT, WV, TX, AL, AR, DE, FL, GA, KY, LA, MD, MS, NC, SC, TN, VA",NA,0.00390625,0.0963855421686747,267
"Oenothera biennis","Forb/herb","EFNative",9,"VA, MD, PA, NJ","ID, MT, OR, WA, IL, IA, KS, MN, MO, ND, NE, OK, SD, WI, CT, IN, ME, MA, MI, NH, NJ, NY, OH, PA, RI, VT, WV, CA, NV, TX, AL, AR, DE, FL, GA, KY, LA, MD, MS, NC, SC, TN, VA",NA,0.00390625,0.0963855421686747,268
"Woodwardia areolata","Forb/herb","EFNative",9,"MD, PA, DE, VA","IL, MO, OK, CT, IN, ME, MA, MI, NH, NJ, NY, OH, PA, RI, WV, TX, AL, AR, DE, FL, GA, KY, LA, MD, MS, NC, SC, TN, VA",NA,0.00390625,0.0963855421686747,269
"Pinus rigida","Tree","EFNative",26,"MD, NJ, MA, CT, PA, ME, NH, VA","CT, ME, MA, NH, NJ, NY, OH, PA, RI, VT, WV, GA, KY, MD, NC, SC, TN, VA",NA,0.0546875,0.144578313253012,270
"Anemonella thalictroides","Forb/herb","EFNative",22,"RI, PA, CT, VA, ME, DE, OH, VT, NH, WV, NJ","IL, IA, KS, MN, MO, OK, WI, CT, IN, ME, MA, MI, NH, NJ, NY, OH, PA, RI, VT, WV, AL, AR, DE, FL, GA, KY, LA, MD, MS, NC, SC, TN, VA",NA,0.04296875,0.132530120481928,271
"Acer pensylvanicum","Shrub","EFNative",18,"PA, CT, MD, DE, VA, ME, MA, NY","MN, WI, IN, NY, OH, VT, GA, KY, MD, TN",NA,0.03125,0.120481927710843,272
"Baptisia alba","Forb/herb","EFNative",18,"MA, MD, PA, DE, VT, VA","IL, IA, KS, MN, MO, OK, WI, IN, MI, NY, OH, TX, AL, AR, FL, GA, KY, LA, MS, NC, SC, TN",NA,0.03125,0.120481927710843,273
"Thalictrum pubescens","Forb/herb","EFNative",14,"MA, VA, CT, ME, PA, RI, NJ, NH","IL, CT, IN, ME, MA, MI, NH, NJ, NY, OH, PA, RI, VT, WV, AL, AR, DE, GA, KY, MD, MS, NC, SC, TN, VA",NA,0.01953125,0.108433734939759,274
"Apios americana","Forb/herb","EFNative",10,"MD, VA, DE, PA, WV, NJ","CO, IL, IA, KS, MN, MO, NE, OK, WI, CT, IN, ME, MA, MI, NH, NJ, NY, OH, PA, RI, VT, WV, TX, AL, AR, DE, FL, GA, KY, LA, MD, MS, NC, SC, TN, VA",NA,0.0078125,0.0963855421686747,275
"Calamagrostis canadensis","Grass","EFNative",10,"MA, MD, PA, VA, NJ","AK, CO, ID, MT, OR, WA, WY, IL, IA, KS, MN, MO, ND, NE, SD, WI, CT, IN, ME, MA, MI, NH, NJ, NY, OH, PA, RI, VT, WV, AZ, CA, NV, UT, NM, DE, GA, KY, MD, NC, TN, VA",NA,0.0078125,0.0963855421686747,276
"Carex comosa","Grass","EFNative",10,"NJ, MD, MA, PA, VA","ID, IL, IA, MN, WI, CT, IN, ME, MA, MI, NJ, NY, OH, PA, VT, CA, TX, AL, AR, MD, MS, NC, SC, TN, VA",NA,0.0078125,0.0963855421686747,277
"Epilobium angustifolium","Forb/herb","EFNative",10,"MA, PA, NH, RI, VT, VA, ME","AK, CO, ID, MT, OR, WA, WY, IL, IA, MN, ND, NE, SD, WI, CT, IN, ME, MA, MI, NH, NJ, NY, OH, PA, RI, VT, WV, AZ, CA, NV, UT, NM, AR, DE, MD, NC, TN, VA",NA,0.0078125,0.0963855421686747,278
"Typha angustifolia","Forb/herb","EFNative",10,"MD, MA, VA, NJ","CO, OR, WA, WY, IL, IA, KS, MN, MO, ND, NE, OK, SD, WI, CT, IN, ME, MA, MI, NH, NJ, NY, OH, PA, RI, VT, WV, CA, NV, NM, AR, DE, KY, MD, MS, NC, SC, TN, VA","IN, OH, WA, WI",0.0078125,0.0963855421686747,279
"Verbena stricta","Forb/herb","EFNative",10,"MA, MD, PA, VA, VT, ME","CO, MT, WA, WY, IL, IA, KS, MN, MO, ND, NE, OK, SD, WI, CT, IN, MA, MI, NJ, NY, OH, PA, VT, WV, AZ, NV, UT, NM, TX, AL, AR, DE, GA, KY, MS, NC, TN",NA,0.0078125,0.0963855421686747,280
"Gillenia trifoliata","Forb/herb","EFNative",47,"MA, NY, RI, PA, CT, MD, VT, DE, VA, ME, OH, NJ, WV","IL, MO, IN, MA, MI, NJ, NY, OH, PA, RI, WV, AL, AR, DE, GA, KY, MD, NC, SC, TN, VA",NA,0.1171875,0.204819277108434,281
"Monarda bradburiana","Forb/herb","EFNative",35,"MA, PA, MD, RI, ME, DE, VA, VT, WV, NJ, NY, CT, OH","IL, KS, MO, NE, OK, IN, TX, AL, AR, KY, TN",NA,0.08203125,0.168674698795181,282
"Rubus occidentalis","Shrub","EFNative",27,"MD, PA, NY, CT, ME, VT, VA, MA, OH, NJ","IL, IA, KS, MN, MO, ND, NE, OK, SD, WI, CT, IN, ME, MA, MI, NH, NJ, NY, OH, PA, RI, VT, WV, AL, AR, DE, GA, KY, MD, MS, NC, SC, TN, VA",NA,0.05859375,0.144578313253012,283
"Nyssa sylvatica","Tree","EFNative",121,"OH, MD, KY, NY, NJ, VA, MA, PA, CT, RI, DE, VT, ME, NH","IL, KS, MO, OK, WI, CT, ME, MA, MI, NH, NJ, NY, OH, PA, RI, VT, TX, AL, AR, FL, GA, KY, LA, MD, MS, NC, SC, TN, VA",NA,0.3359375,0.421686746987952,284
"Silphium laciniatum","Forb/herb","EFNative",15,"PA, CT, MD, RI, OH, NJ, VA, VT","IL, IA, KS, MN, MO, NE, OK, SD, WI, IN, MI, NY, OH, PA, NM, TX, AL, AR, KY, LA, MS, TN",NA,0.0234375,0.108433734939759,285
"Amelanchier laevis","Shrub","EFNative",60,"OH, MD, NJ, MA, RI, PA, NY, VT, VA, ME, DE, NH","IL, IA, MN, WI, CT, IN, ME, MA, MI, NH, NJ, NY, OH, PA, RI, VT, WV, AL, DE, GA, KY, MD, SC, TN, VA",NA,0.15625,0.240963855421687,286
"Solidago canadensis","Forb/herb","EFNative",11,"PA, MD, ME, DE, MA, NJ, VA","AK, CO, ID, MT, WA, WY, IL, IA, KS, MN, MO, ND, NE, OK, SD, WI, CT, IN, ME, MA, MI, NH, NJ, NY, OH, PA, RI, VT, WV, AZ, CA, NV, UT, NM, TX, AL, AR, DE, FL, GA, KY, LA, MD, MS, NC, SC, TN, VA",NA,0.01171875,0.0963855421686747,287
"Trillium sessile","Forb/herb","EFNative",11,"PA, CT, VA, OH, WV","IL, KS, MO, OK, IN, MI, NY, OH, PA, WV, AL, AR, KY, MD, NC, TN, VA",NA,0.01171875,0.0963855421686747,288
"Carya alba","Tree","EFNative",7,"MD, VA, PA, MA, NJ","IL, IA, KS, MO, OK, CT, IN, MA, NJ, NY, OH, PA, RI, WV, TX, AL, AR, DE, FL, GA, KY, LA, MD, MS, NC, SC, TN, VA",NA,0,0.0843373493975904,289
"Cirsium discolor","Forb/herb","EFNative",7,"MA, NH, VA, RI, NJ","IL, IA, KS, MN, MO, NE, SD, WI, CT, IN, ME, MA, MI, NH, NY, OH, PA, RI, VT, WV, AL, AR, DE, GA, KY, LA, MD, NC, SC, TN, VA",NA,0,0.0843373493975904,290
"Dichanthelium clandestinum","Grass","EFNative",7,"MD, VA, NJ, PA","IL, IA, KS, MO, OK, WI, CT, IN, ME, MA, MI, NH, NJ, NY, OH, PA, RI, VT, WV, TX, AL, AR, DE, FL, GA, KY, LA, MD, MS, NC, SC, TN, VA",NA,0,0.0843373493975904,291
"Eupatorium serotinum","Forb/herb","EFNative",7,"MD, VA, NJ","IL, IA, KS, MN, MO, NE, OK, WI, CT, IN, MA, MI, NJ, NY, OH, PA, RI, WV, TX, AL, AR, DE, FL, GA, KY, LA, MD, MS, NC, SC, TN, VA",NA,0,0.0843373493975904,292
"Hypericum ascyron","Forb/herb","EFNative",7,"MA, NH, MD, PA, NJ","IL, IA, KS, MN, MO, WI, CT, IN, ME, MA, MI, NH, NY, OH, PA, VT, MD",NA,0,0.0843373493975904,293
"Monarda clinopodia","Forb/herb","EFNative",7,"PA, MD, VA","IL, CT, IN, NJ, NY, OH, PA, WV, AL, DE, KY, MD, NC, TN, VA",NA,0,0.0843373493975904,294
"Packera anonyma","Forb/herb","EFNative",7,"PA, MD, VA, NJ","NY, OH, PA, WV, AL, AR, FL, GA, KY, LA, MD, MS, NC, SC, TN, VA",NA,0,0.0843373493975904,295
"Rubus allegheniensis","Shrub","EFNative",7,"MD, CT, PA, OH, NJ, VA","MT, IL, IA, KS, MN, MO, NE, OK, WI, CT, IN, ME, MA, MI, NH, NJ, NY, OH, RI, VT, WV, AL, AR, DE, GA, KY, MD, NC, SC, TN, VA",NA,0,0.0843373493975904,296
"Ruellia caroliniensis","Forb/herb","EFNative",7,"PA, MD, VA","OK, IN, NJ, OH, PA, WV, TX, AL, DE, FL, GA, LA, MD, MS, NC, SC, TN, VA",NA,0,0.0843373493975904,297
"Prunus virginiana","Shrub","EFNative",48,"OH, MD, KY, NJ, PA, MA, NY, ME, CT, VT, NH, VA","CO, ID, MT, OR, WA, WY, IL, IA, KS, MN, MO, ND, NE, OK, SD, WI, CT, IN, ME, MA, MI, NH, NY, OH, PA, RI, VT, WV, AZ, CA, NV, UT, NM, TX, AR, DE, GA, KY, MD, NC, TN, VA",NA,0.12109375,0.204819277108434,298
"Trillium grandiflorum","Forb/herb","EFNative",20,"MA, RI, MD, CT, DE, PA, VA, ME, VT, OH, WV","IL, IA, MN, WI, CT, IN, ME, MA, MI, NH, NJ, NY, OH, PA, VT, WV, AL, DE, GA, KY, MD, NC, SC, TN, VA",NA,0.0390625,0.120481927710843,299
"Ostrya virginiana","Shrub","EFNative",65,"OH, MD, NY, NJ, MA, PA, VT, RI, VA, CT, ME, DE, NH","WY, IL, IA, KS, MN, MO, ND, NE, OK, SD, WI, CT, IN, ME, MA, MI, NH, NJ, NY, OH, PA, RI, VT, WV, TX, AL, AR, DE, FL, GA, KY, LA, MD, MS, NC, SC, TN, VA",NA,0.171875,0.253012048192771,300
"Liatris aspera","Forb/herb","EFNative",16,"VA, VT, PA, NH, MD, DE, NJ, MA, RI","IL, IA, KS, MN, MO, ND, NE, OK, SD, WI, IN, MI, OH, WV, TX, AL, AR, FL, GA, KY, LA, MS, NC, SC, TN, VA",NA,0.02734375,0.108433734939759,301
"Penstemon smallii","Forb/herb","EFNative",16,"NJ, VA, MD, MA, PA, DE, WV","AL, GA, NC, SC, TN",NA,0.02734375,0.108433734939759,302
"Capnoides sempervirens","Forb/herb","EFNative",8,"MA, PA, ME, VA","AK, MT, IL, IA, MN, WI, CT, IN, ME, MA, MI, NH, NJ, NY, OH, PA, RI, VT, WV, GA, KY, MD, NC, SC, TN, VA",NA,0.00390625,0.0843373493975904,303
"Carex lupulina","Grass","EFNative",8,"PA, VA, MA, MD, NJ","IL, IA, KS, MN, MO, NE, OK, WI, CT, IN, ME, MA, MI, NH, NJ, NY, OH, PA, RI, VT, WV, TX, AL, AR, DE, FL, GA, KY, LA, MD, MS, NC, TN, VA",NA,0.00390625,0.0843373493975904,304
"Clinopodium vulgare","Forb/herb","EFNative",8,"PA, VA, MD, NJ","AZ, AR, CO, CT, DE, IL, IN, IA, KS, KY, ME, MD, MA, MI, MN, NH, NJ, NM, NY, NC, OH, OR, PA, RI, TN, UT, VT, VA, WA, WV, WI",NA,0.00390625,0.0843373493975904,305
"Dioscorea villosa","Forb/herb","EFNative",8,"MA, PA, VA, DE, NJ","IL, IA, KS, MN, MO, NE, OK, WI, CT, IN, MA, MI, NJ, NY, OH, PA, RI, VT, WV, TX, AL, AR, DE, FL, GA, KY, LA, MD, MS, NC, SC, TN, VA",NA,0.00390625,0.0843373493975904,306
"Helianthus giganteus","Forb/herb","EFNative",8,"MD, PA, VA, ME","IL, IA, KS, MN, WI, CT, IN, ME, MA, MI, NJ, NY, OH, PA, VT, WV, DE, GA, KY, MD, MS, NC, SC, TN, VA",NA,0.00390625,0.0843373493975904,307
"Quercus ilicifolia","Shrub","EFNative",8,"MA, PA, CT, ME","CT, ME, MA, NH, NJ, NY, PA, RI, VT, WV, DE, KY, MD, NC, VA",NA,0.00390625,0.0843373493975904,308
"Rhexia virginica","Forb/herb","EFNative",8,"MA, PA, VA, WV, NJ","IL, IA, MO, OK, WI, CT, IN, ME, MA, MI, NH, NJ, NY, OH, PA, RI, VT, WV, TX, AL, AR, DE, FL, GA, KY, LA, MD, MS, NC, SC, TN, VA",NA,0.00390625,0.0843373493975904,309
"Viburnum dentatum","Shrub","EFNative",139,"OH, MD, KY, NY, NJ, PA, MA, RI, CT, ME, VT, VA, NH, DE","IL, IA, MO, CT, IN, ME, NJ, OH, PA, WV, DE, KY, MD, TN, VA",NA,0.390625,0.469879518072289,310
"Pachysandra procumbens","Forb/herb","EFNative",41,"MD, MA, RI, PA, OH, ME, DE, VA, CT, VT, WV, NH","WV, AL, FL, GA, KY, LA, MS, NC, SC, TN",NA,0.1015625,0.180722891566265,311
"Carex laxiculmis","Grass","EFNative",33,"NY, MD, CT, NJ, VA, PA, MA, VT, DE, ME, WV, OH","IL, IA, MN, MO, WI, CT, IN, ME, MA, MI, NH, NJ, NY, OH, PA, RI, VT, WV, AL, AR, DE, GA, KY, MD, NC, SC, TN, VA",NA,0.078125,0.156626506024096,312
"Uvularia grandiflora","Forb/herb","EFNative",21,"PA, CT, MD, DE, VA, VT, ME, OH, NH, WV","IL, IA, KS, MN, MO, ND, OK, SD, WI, CT, IN, MA, MI, NH, NY, OH, PA, VT, WV, AL, AR, GA, KY, MD, MS, NC, TN, VA",NA,0.04296875,0.120481927710843,313
"Bignonia capreolata","Vine","EFNative",17,"PA, CT, VA, DE, MD, NJ","IL, MO, OK, IN, OH, WV, TX, AL, AR, FL, GA, KY, LA, MD, MS, NC, SC, TN, VA",NA,0.03125,0.108433734939759,314
"Liatris ligulistylis","Forb/herb","EFNative",13,"MA, MD, OH, CT, PA, ME, VA, NJ","CO, MT, WY, IA, MN, ND, SD, WI, NM",NA,0.01953125,0.0963855421686747,315
"Carex blanda","Grass","EFNative",9,"PA, NJ, VA, NH, MD","CO, WY, IL, IA, KS, MN, MO, ND, NE, OK, SD, WI, CT, IN, ME, MA, MI, NH, NJ, NY, OH, PA, RI, VT, WV, NM, TX, AL, AR, DE, FL, GA, KY, LA, MD, MS, NC, SC, TN, VA",NA,0.0078125,0.0843373493975904,316
"Carex stipata","Grass","EFNative",9,"NJ, VA, PA, MA, CT, MD, RI","AK, CO, ID, MT, OR, WA, WY, IL, IA, KS, MN, MO, ND, NE, OK, SD, WI, CT, IN, ME, MA, MI, NH, NJ, NY, OH, PA, RI, VT, WV, AZ, CA, UT, NM, TX, AL, DE, FL, GA, KY, MD, NC, SC, TN, VA",NA,0.0078125,0.0843373493975904,317
"Euonymus atropurpureus","Shrub","EFNative",9,"PA, MD, DE, OH","MT, IL, IA, KS, MN, MO, ND, NE, OK, SD, WI, CT, IN, ME, MA, MI, NH, NJ, NY, OH, PA, RI, WV, TX, AL, AR, DE, FL, GA, KY, LA, MD, MS, NC, SC, TN, VA",NA,0.0078125,0.0843373493975904,318
"Eupatorium rotundifolium","Forb/herb","EFNative",9,"MD, VA, ME, PA, NH","MO, OK, CT, IN, MA, NH, NJ, NY, OH, PA, RI, WV, TX, AL, AR, DE, FL, GA, KY, LA, MD, MS, NC, SC, TN, VA",NA,0.0078125,0.0843373493975904,319
"Euthamia caroliniana","Forb/herb","EFNative",9,"PA, MD, NJ, VA","CT, MA, NH, NJ, NY, PA, RI, WV, AL, DE, FL, GA, LA, MD, MS, NC, SC, VA",NA,0.0078125,0.0843373493975904,320
"Helianthus maximiliani","Forb/herb","EFNative",9,"MA, MD, PA, VT, VA, ME, NJ","CO, ID, WA, WY, IL, IA, KS, MN, MO, ND, NE, OK, SD, WI, CT, IN, ME, MA, MI, NJ, NY, OH, PA, WV, CA, UT, TX, AL, AR, DE, KY, MD, MS, NC, SC, TN, VA",NA,0.0078125,0.0843373493975904,321
"Hydrophyllum virginianum","Forb/herb","EFNative",9,"PA, MD, VA, WV, NJ","IA, KS, MN, MO, ND, NE, OK, SD, WI, CT, IN, MA, MI, NH, NJ, NY, OH, PA, VT, WV, AR, DE, KY, MD, NC, TN, VA",NA,0.0078125,0.0843373493975904,322
"Nymphaea odorata","Forb/herb","EFNative",9,"PA, ME, VA, MA, MD, NJ","IL, IA, KS, MN, MO, NE, OK, WI, CT, IN, ME, MA, MI, NH, NJ, NY, OH, PA, RI, VT, WV, TX, AL, AR, DE, FL, GA, KY, LA, MD, MS, NC, SC, TN, VA","WA",0.0078125,0.0843373493975904,323
"Salix sericea","Shrub","EFNative",9,"MA, CT, PA, VA, MD","IL, IA, MN, MO, WI, CT, IN, ME, MA, MI, NH, NJ, NY, OH, PA, RI, VT, WV, AL, AR, DE, GA, KY, MD, NC, SC, TN, VA",NA,0.0078125,0.0843373493975904,324
"Typha latifolia","Forb/herb","EFNative",9,"RI, MD, MA, NJ, VA","AK, CO, ID, MT, OR, WA, WY, IL, IA, KS, MN, MO, ND, NE, OK, SD, WI, CT, IN, ME, MA, MI, NH, NJ, NY, OH, PA, RI, VT, WV, AZ, CA, NV, UT, NM, TX, AL, AR, DE, FL, GA, KY, LA, MD, MS, NC, SC, TN, VA",NA,0.0078125,0.0843373493975904,325
"Cornus florida","Shrub","EFNative",144,"OH, MD, KY, MA, PA, NY, NJ, VA, RI, CT, NH, VT, DE, WV, ME","IL, KS, MO, OK, CT, IN, ME, MA, MI, NH, NJ, NY, OH, PA, RI, VT, WV, TX, AL, AR, DE, FL, GA, KY, LA, MD, MS, NC, SC, TN, VA",NA,0.40625,0.481927710843373,326
"Osmunda regalis","Forb/herb","EFNative",71,"DE, NY, MD, OH, MA, RI, PA, NJ, VA, CT, ME, VT, NH, WV","AL, AR, CT, DE, FL, GA, IL, IN, IA, KS, KY, LA, ME, MD, MA, MI, MN, MS, MO, NH, NJ, NY, NC, OH, OK, PA, RI, SC, TN, TX, VT, VA, WV, WI",NA,0.19140625,0.265060240963855,327
"Quercus coccinea","Tree","EFNative",71,"OH, MD, PA, NJ, MA, VA, NY, CT, DE, RI, NH, ME","IL, MO, WI, CT, IN, ME, MA, MI, NH, NJ, NY, OH, PA, RI, VT, WV, AL, AR, DE, GA, KY, MD, MS, NC, SC, TN, VA",NA,0.19140625,0.265060240963855,328
"Iris virginica","Forb/herb","EFNative",14,"PA, MD, DE, VA, NY, WV","IL, IA, KS, MN, MO, NE, OK, WI, IN, MI, NY, OH, PA, WV, TX, AL, AR, FL, GA, KY, LA, MD, MS, NC, SC, TN, VA",NA,0.0234375,0.0963855421686747,329
"Elephantopus carolinianus","Forb/herb","EFNative",10,"VA, MD, DE, PA, NJ, WV","IL, KS, MO, OK, IN, NJ, OH, PA, WV, TX, AL, AR, DE, FL, GA, KY, LA, MD, MS, NC, SC, TN, VA",NA,0.01171875,0.0843373493975904,330
"Goodyera pubescens","Forb/herb","EFNative",10,"RI, PA, DE, VA, WV","IL, IA, MN, MO, OK, WI, CT, IN, ME, MA, MI, NH, NJ, NY, OH, PA, RI, VT, WV, AL, AR, DE, FL, GA, KY, MD, NC, SC, TN, VA",NA,0.01171875,0.0843373493975904,331
"Lysimachia ciliata","Forb/herb","EFNative",10,"RI, VA, CT, PA, VT, MA, NJ","CO, ID, MT, OR, WA, WY, IL, IA, KS, MN, MO, ND, NE, OK, SD, WI, CT, IN, ME, MA, MI, NH, NJ, NY, OH, PA, RI, VT, WV, UT, NM, AL, AR, DE, FL, GA, KY, MD, MS, NC, SC, TN, VA",NA,0.01171875,0.0843373493975904,332
"Carex intumescens","Grass","EFNative",6,"NJ, MD, CT, VA, MA","IL, IA, MN, MO, OK, SD, WI, CT, IN, ME, MA, MI, NH, NJ, NY, OH, PA, RI, VT, WV, TX, AL, AR, DE, FL, GA, KY, LA, MD, MS, NC, SC, TN, VA",NA,0,0.072289156626506,333
"Carex squarrosa","Grass","EFNative",6,"NJ, PA, VA, MD","IL, IA, KS, MN, MO, NE, OK, CT, IN, MA, MI, NJ, NY, OH, PA, WV, AL, AR, DE, GA, KY, LA, MD, MS, NC, SC, TN, VA",NA,0,0.072289156626506,334
"Impatiens capensis","Forb/herb","EFNative",6,"MA, PA, VA","CO, ID, IL, IA, KS, MN, MO, ND, NE, OK, SD, WI, CT, IN, ME, MA, MI, NH, NJ, NY, OH, PA, RI, VT, WV, TX, AL, AR, DE, FL, GA, KY, LA, MD, MS, NC, SC, TN, VA","WA",0,0.072289156626506,335
"Lobelia spicata","Forb/herb","EFNative",6,"CT, PA, RI, NJ, VA","MT, IL, IA, KS, MN, MO, ND, NE, OK, SD, WI, CT, IN, ME, MA, MI, NH, NJ, NY, OH, PA, RI, VT, WV, TX, AL, AR, DE, GA, KY, LA, MD, MS, NC, SC, TN, VA",NA,0,0.072289156626506,336
"Menispermum canadense","Vine","EFNative",6,"VA, PA, NJ","IL, IA, KS, MN, MO, ND, NE, OK, SD, WI, CT, IN, MA, MI, NH, NJ, NY, OH, PA, RI, VT, WV, TX, AL, AR, DE, FL, GA, KY, MD, MS, NC, SC, TN, VA",NA,0,0.072289156626506,337
"Micranthes pensylvanica","Forb/herb","EFNative",6,"PA, MA, NJ, VA","IL, IA, MN, MO, WI, CT, IN, ME, MA, MI, NH, NJ, NY, OH, PA, RI, VT, WV, DE, MD, NC, TN, VA",NA,0,0.072289156626506,338
"Pinus echinata","Tree","EFNative",6,"PA, VA, NJ","IL, MO, OK, CT, NJ, NY, OH, PA, WV, TX, AL, AR, DE, FL, GA, KY, LA, MD, MS, NC, SC, TN, VA",NA,0,0.072289156626506,339
"Silene stellata","Forb/herb","EFNative",6,"NH, PA, MD, VA","IL, IA, KS, MN, MO, NE, OK, SD, WI, CT, IN, MI, NJ, NY, OH, PA, RI, VT, WV, TX, AL, AR, DE, GA, KY, LA, MD, MS, NC, SC, TN, VA",NA,0,0.072289156626506,340
"Symphyotrichum patens","Forb/herb","EFNative",6,"VA, CT, PA, RI, NJ","IL, KS, MO, OK, CT, IN, ME, MA, NH, NJ, NY, OH, PA, RI, WV, TX, AL, AR, DE, FL, GA, KY, LA, MD, MS, NC, SC, TN, VA",NA,0,0.072289156626506,341
"Symphyotrichum prenanthoides","Forb/herb","EFNative",6,"PA, MD, VA, NJ","IL, IA, MN, WI, CT, IN, MA, MI, NJ, NY, OH, PA, WV, DE, KY, MD, NC, VA",NA,0,0.072289156626506,342
"Carex amphibola","Grass","EFNative",27,"RI, DE, ME, MD, VA, MA, PA, CT, NJ, VT","IL, MO, OK, CT, IN, MA, MI, NJ, NY, OH, PA, WV, TX, AL, AR, DE, GA, KY, LA, MD, MS, NC, SC, TN, VA",NA,0.0625,0.132530120481928,343
"Rhododendron arborescens","Shrub","EFNative",27,"NY, PA, CT, ME, MA, NJ, DE, MD, VA, VT, NH","PA, WV, AL, GA, KY, MD, NC, SC, TN, VA",NA,0.0625,0.132530120481928,344
"Pinus taeda","Tree","EFNative",23,"MD, VA, DE, PA","OK, TX, AL, AR, DE, FL, GA, KY, LA, MD, MS, NC, SC, TN, VA",NA,0.05078125,0.120481927710843,345
"Actaea racemosa","Forb/herb","EFNative",68,"MA, NY, MD, NJ, RI, PA, CT, VA, ME, DE, VT, OH, WV, NH","IL, MO, CT, IN, MA, NJ, NY, OH, PA, WV, AL, AR, DE, GA, KY, MD, NC, SC, TN, VA",NA,0.18359375,0.253012048192771,346
"Trillium luteum","Forb/herb","EFNative",19,"DE, PA, ME, VA, CT, OH, WV","AL, GA, KY, NC, TN",NA,0.0390625,0.108433734939759,347
"Asplenium platyneuron","Forb/herb","EFNative",15,"MD, NY, PA, VA, CT, WV","CO, IL, IA, KS, MN, MO, NE, OK, WI, CT, IN, ME, MA, MI, NH, NJ, NY, OH, PA, RI, VT, WV, AZ, NM, TX, AL, AR, DE, FL, GA, KY, LA, MD, MS, NC, SC, TN, VA",NA,0.02734375,0.0963855421686747,348
"Mitella diphylla","Forb/herb","EFNative",11,"PA, DE, NH, MA, VA, WV, NJ","IL, IA, MN, MO, WI, CT, IN, MA, MI, NH, NJ, NY, OH, PA, VT, WV, AL, AR, DE, GA, KY, MD, MS, NC, SC, TN, VA",NA,0.015625,0.0843373493975904,349
"Picea rubens","Tree","EFNative",11,"MA, ME, PA, VT","CT, ME, MA, NH, NJ, NY, PA, VT, WV, MD, NC, TN, VA",NA,0.015625,0.0843373493975904,350
"Silphium asteriscus","Forb/herb","EFNative",11,"RI, PA, MD, VA, NJ","IL, MO, OK, IN, NY, OH, PA, WV, TX, AL, AR, FL, GA, KY, LA, MD, MS, NC, SC, TN, VA",NA,0.015625,0.0843373493975904,351
"Astragalus canadensis","Forb/herb","EFNative",7,"MA, CT, PA, VA","CO, ID, MT, OR, WA, WY, IL, IA, KS, MN, MO, ND, NE, OK, SD, WI, CT, IN, MI, NJ, NY, OH, PA, VT, WV, CA, NV, UT, NM, TX, AL, AR, GA, KY, LA, MD, MS, NC, SC, TN, VA",NA,0.00390625,0.072289156626506,352
"Cinna arundinacea","Grass","EFNative",7,"MD, MA, VA, PA","MT, IL, IA, KS, MN, MO, ND, NE, OK, SD, WI, CT, IN, ME, MA, MI, NH, NJ, NY, OH, PA, RI, VT, WV, TX, AL, AR, DE, GA, KY, LA, MD, MS, NC, SC, TN, VA",NA,0.00390625,0.072289156626506,353
"Eupatorium altissimum","Forb/herb","EFNative",7,"MD, ME, VA, NJ, PA","IL, IA, KS, MN, MO, NE, OK, WI, CT, IN, MA, MI, NJ, NY, OH, PA, WV, TX, AL, AR, FL, GA, KY, LA, MD, MS, NC, SC, TN, VA",NA,0.00390625,0.072289156626506,354
"Houstonia caerulea","Forb/herb","EFNative",7,"VA, CT, DE, PA, RI, NJ","IA, MO, WI, CT, NH, NY, VT, AL, AR, KY, LA, MD, MS, TN, VA",NA,0.00390625,0.072289156626506,355
"Hypoxis hirsuta","Forb/herb","EFNative",7,"PA, MD, CT, WV","CO, IL, IA, KS, MN, MO, ND, NE, OK, SD, WI, CT, IN, ME, MA, MI, NH, NJ, NY, OH, PA, RI, VT, WV, NM, TX, AL, AR, DE, GA, KY, LA, MD, MS, NC, SC, TN, VA",NA,0.00390625,0.072289156626506,356
"Ilex opaca","Shrub","EFNative",85,"OH, MD, KY, NJ, PA, MA, VA, CT, RI, NY, DE, NH","IL, MO, OK, CT, IN, MA, NJ, NY, OH, PA, RI, WV, TX, AL, AR, DE, FL, GA, KY, LA, MD, MS, NC, SC, TN, VA",NA,0.234375,0.301204819277108,357
"Magnolia virginiana","Shrub","EFNative",122,"OH, MD, KY, NY, NJ, MA, PA, VA, CT, RI, ME, DE, NH, VT","MA, NJ, NY, PA, TX, AL, AR, DE, FL, GA, LA, MD, MS, NC, SC, TN, VA",NA,0.34375,0.409638554216867,358
"Solidago sphacelata","Forb/herb","EFNative",24,"VA, PA, MD, ME, DE, RI, NY, WV, NJ","IL, IN, OH, WV, AL, GA, KY, MS, NC, TN, VA",NA,0.0546875,0.120481927710843,359
"Hepatica acutiloba","Forb/herb","EFNative",16,"RI, PA, DE, VA, VT, ME, CT, OH, WV","IL, IA, MN, MO, WI, CT, IN, ME, MA, MI, NH, NY, OH, PA, VT, WV, AL, AR, GA, KY, MD, NC, SC, TN, VA",NA,0.03125,0.0963855421686747,360
"Magnolia tripetala","Tree","EFNative",16,"PA, OH, MD, DE, VA, CT, ME, VT","OK, IN, NY, OH, PA, WV, AL, AR, FL, GA, KY, MD, MS, NC, SC, TN, VA",NA,0.03125,0.0963855421686747,361
"Heuchera villosa","Forb/herb","EFNative",61,"NY, MD, PA, ME, NJ, VT, DE, CT, VA, NH, WV, OH, RI","MO, IN, NY, OH, PA, WV, AL, AR, GA, KY, MS, NC, SC, TN, VA",NA,0.1640625,0.228915662650602,362
"Rhododendron prunifolium","Shrub","EFNative",12,"PA, VA, MD, NH, CT, NJ, DE","AL, GA",NA,0.01953125,0.0843373493975904,363
"Tilia americana","Tree","EFNative",57,"OH, MD, NJ, MA, PA, NY, VA, ME, DE, VT, NH","IL, IA, KS, MN, MO, ND, NE, OK, SD, WI, CT, IN, ME, MA, MI, NH, NJ, NY, OH, PA, RI, VT, WV, TX, AL, AR, DE, FL, GA, KY, LA, MD, MS, NC, SC, TN, VA",NA,0.15234375,0.216867469879518,364
"Aralia spinosa","Shrub","EFNative",8,"MD, OH, VA, PA","IL, MO, OK, IN, NJ, OH, PA, WV, TX, AL, AR, DE, FL, GA, KY, LA, MD, MS, NC, SC, TN, VA",NA,0.0078125,0.072289156626506,365
"Arisaema dracontium","Forb/herb","EFNative",8,"MA, DE, VA, NJ, WV","IL, IA, KS, MN, MO, NE, OK, WI, CT, IN, ME, MA, MI, NJ, NY, OH, PA, VT, WV, TX, AL, AR, DE, FL, GA, KY, LA, MD, MS, NC, SC, TN, VA",NA,0.0078125,0.072289156626506,366
"Castanea pumila","Shrub","EFNative",8,"PA, VA, MD","MO, OK, IN, MA, NJ, NY, OH, PA, WV, TX, AL, AR, DE, FL, GA, KY, LA, MD, MS, NC, SC, TN, VA",NA,0.0078125,0.072289156626506,367
"Collinsonia canadensis","Forb/herb","EFNative",8,"VA, CT, PA, RI, WV, NJ","IL, KS, MO, WI, CT, MA, MI, NH, NJ, NY, OH, PA, RI, VT, WV, AL, AR, DE, FL, GA, KY, LA, MD, MS, NC, SC, TN, VA",NA,0.0078125,0.072289156626506,368
"Eubotrys racemosa","Shrub","EFNative",8,"MD, CT, PA, VA, MA","CT, MA, NJ, NY, PA, RI, TX, AL, DE, FL, GA, LA, MD, MS, NC, SC, TN, VA",NA,0.0078125,0.072289156626506,369
"Helianthus tuberosus","Forb/herb","EFNative",8,"PA, MD, ME, VA, OH, NH","CO, ID, WA, WY, IL, IA, KS, MN, MO, ND, NE, OK, SD, WI, CT, IN, ME, MA, MI, NH, NJ, NY, OH, PA, RI, VT, WV, UT, TX, AL, AR, DE, FL, GA, KY, LA, MD, MS, NC, SC, TN, VA",NA,0.0078125,0.072289156626506,370
"Micranthes virginiensis","Forb/herb","EFNative",8,"MD, VA, PA, NJ, NH, WV","IL, MN, MO, CT, IN, ME, MA, MI, NH, NJ, NY, OH, PA, RI, VT, WV, AL, AR, GA, KY, LA, MD, MS, NC, SC, TN, VA",NA,0.0078125,0.072289156626506,371
"Uvularia perfoliata","Forb/herb","EFNative",8,"PA, VA, RI, VT, WV","CT, ME, MA, NH, NJ, NY, OH, PA, RI, VT, WV, TX, AL, AR, DE, FL, GA, KY, LA, MD, MS, NC, SC, TN, VA",NA,0.0078125,0.072289156626506,372
"Chamaecyparis thyoides","Tree","EFNative",45,"OH, MD, MA, PA, ME, VA, CT, NJ, DE, NH, VT","CT, ME, MA, NH, NJ, NY, RI, AL, DE, FL, GA, MD, MS, NC, SC, VA",NA,0.1171875,0.180722891566265,373
"Callirhoe involucrata","Forb/herb","EFNative",29,"MD, PA, NJ, VA, OH, DE, ME, VT, NH","CO, IA, KS, MN, MO, NE, OK, NM, TX, AR",NA,0.0703125,0.132530120481928,374
"Osmunda claytoniana","Forb/herb","EFNative",29,"PA, MA, VA, MD, CT, DE, VT, ME, OH, NH, NJ, RI, WV","IL, IA, MN, MO, WI, CT, IN, ME, MA, MI, NH, NJ, NY, OH, PA, RI, VT, WV, AL, AR, DE, GA, KY, MD, MS, NC, SC, TN, VA",NA,0.0703125,0.132530120481928,375
"Kalmia angustifolia","Shrub","EFNative",21,"MD, NJ, PA, CT, ME, MA, DE, NH, VA","CT, ME, MA, MI, NH, NJ, NY, PA, RI, VT, WV, DE, GA, MD, NC, SC, TN, VA",NA,0.046875,0.108433734939759,376
"Baptisia sphaerocarpa","Forb/herb","EFNative",17,"MD, VA, PA, MA, OH, ME, NJ","MO, OK, NM, TX, AR, LA",NA,0.03515625,0.0963855421686747,377
"Populus deltoides","Tree","EFNative",17,"MD, MA, CT, OH, PA, VA, NH, ME","CO, ID, MT, OR, WA, WY, IL, IA, KS, MN, MO, ND, NE, OK, SD, WI, CT, IN, MA, MI, NH, NJ, NY, OH, PA, VT, WV, AZ, UT, NM, TX, AL, AR, DE, FL, GA, KY, LA, MD, MS, NC, SC, TN, VA",NA,0.03515625,0.0963855421686747,378
"Castanea dentata","Tree","EFNative",13,"PA, MD, MA, ME, VT, VA, OH","IL, MO, WI, CT, IN, ME, MA, MI, NH, NJ, NY, OH, PA, RI, VT, WV, AL, DE, FL, GA, KY, LA, MD, MS, NC, SC, TN, VA",NA,0.0234375,0.0843373493975904,379
"Echinacea tennesseensis","Forb/herb","EFNative",13,"NJ, MA, VA, PA, WV, MD, ME","TN",NA,0.0234375,0.0843373493975904,380
"Iva frutescens","Forb/herb","EFNative",13,"MD, MA, NJ, VA, NH, ME","CT, ME, MA, NH, NJ, NY, PA, RI, TX, AL, DE, FL, GA, LA, MD, MS, NC, SC, VA",NA,0.0234375,0.0843373493975904,381
"Lysimachia lanceolata","Forb/herb","EFNative",13,"PA, NJ, VA, CT, OH, NH","IL, IA, MO, ND, OK, WI, IN, MI, NJ, OH, PA, VT, WV, TX, AL, AR, DE, FL, GA, KY, LA, MD, MS, NC, SC, TN, VA",NA,0.0234375,0.0843373493975904,382
"Panicum amarum","Grass","EFNative",13,"RI, MD, DE, VA, MA, ME, NJ","CT, MA, NJ, NY, PA, RI, WV, NM, TX, AL, DE, FL, GA, LA, MD, MS, NC, SC, VA",NA,0.0234375,0.0843373493975904,383
"Arnoglossum atriplicifolium","Forb/herb","EFNative",9,"PA, VA, OH, VT","IL, KS, MN, MO, NE, OK, WI, IN, MI, NJ, NY, OH, PA, WV, AL, AR, DE, FL, GA, KY, MD, MS, NC, SC, TN, VA",NA,0.01171875,0.072289156626506,384
"Quercus falcata","Tree","EFNative",9,"MD, DE, VA, PA","IL, MO, OK, IN, NJ, NY, OH, PA, WV, TX, AL, AR, DE, FL, GA, KY, LA, MD, MS, NC, SC, TN, VA",NA,0.01171875,0.072289156626506,385
"Scirpus atrovirens","Grass","EFNative",9,"ME, MD, CT, PA, MA, NJ","MT, IL, IA, KS, MN, MO, ND, NE, OK, SD, WI, CT, IN, ME, MA, MI, NH, NJ, NY, OH, PA, RI, VT, WV, AZ, TX, AL, DE, GA, KY, LA, MD, MS, NC, SC, TN, VA",NA,0.01171875,0.072289156626506,386
"Celtis tenuifolia","Shrub","EFNative",5,"VA, PA","IL, KS, MO, OK, IN, MI, NJ, OH, PA, WV, TX, AL, AR, DE, FL, GA, KY, LA, MD, MS, NC, SC, TN, VA",NA,0,0.0602409638554217,387
"Chasmanthium laxum","Grass","EFNative",5,"PA, MD, VA","MO, OK, NY, PA, TX, AL, AR, DE, FL, GA, KY, LA, MD, MS, NC, SC, TN, VA",NA,0,0.0602409638554217,388
"Eupatorium sessilifolium","Forb/herb","EFNative",5,"VA, MA, PA, NJ","IL, IA, KS, MN, MO, WI, CT, IN, MA, MI, NH, NJ, NY, OH, PA, RI, VT, WV, AL, AR, DE, GA, KY, MD, MS, NC, SC, TN, VA",NA,0,0.0602409638554217,389
"Hypericum hypericoides","Shrub","EFNative",5,"MD, VA","IL, KS, MO, OK, IN, MA, NJ, NY, OH, PA, WV, TX, AL, AR, DE, FL, GA, KY, LA, MD, MS, NC, SC, TN, VA",NA,0,0.0602409638554217,390
"Juncus canadensis","Grass","EFNative",5,"MA, VA, MD","IL, IA, MN, MO, NE, SD, WI, CT, IN, ME, MA, MI, NH, NJ, NY, OH, PA, RI, VT, WV, AL, AR, DE, FL, GA, KY, LA, MD, MS, NC, SC, TN, VA",NA,0,0.0602409638554217,391
"Juncus gerardii","Grass","EFNative",5,"MD, NJ","CO, MT, OR, WA, IL, KS, MN, MO, ND, WI, CT, IN, ME, MA, MI, NH, NJ, NY, OH, PA, RI, VT, UT, DE, KY, MD, VA",NA,0,0.0602409638554217,392
"Lespedeza virginica","Forb/herb","EFNative",5,"VA, MD, MA","IL, IA, KS, MN, MO, OK, WI, CT, IN, MA, NY, PA, RI, WV, TX, AL, AR, FL, GA, KY, LA, MD, NC, SC, TN, VA",NA,0,0.0602409638554217,393
"Liatris pilosa","Forb/herb","EFNative",5,"VA, NJ","NJ, PA, DE, MD, NC, SC, VA",NA,0,0.0602409638554217,394
"Lobelia inflata","Forb/herb","EFNative",5,"PA, MD, VA, NJ","IL, IA, KS, MN, MO, NE, OK, WI, CT, IN, ME, MA, MI, NH, NJ, NY, OH, PA, RI, VT, WV, AL, AR, DE, GA, KY, LA, MD, MS, NC, SC, TN, VA",NA,0,0.0602409638554217,395
"Lobelia puberula","Forb/herb","EFNative",5,"MD, VA","IL, MO, OK, IN, NJ, OH, PA, WV, TX, AL, AR, DE, FL, GA, KY, LA, MD, MS, NC, SC, TN, VA",NA,0,0.0602409638554217,396
"Lonicera dioica","Vine","EFNative",5,"CT, PA, VA, NJ","WY, IL, IA, KS, MN, MO, ND, NE, OK, SD, WI, CT, IN, ME, MA, MI, NH, NJ, NY, OH, PA, RI, VT, WV, AR, GA, KY, MD, NC, TN, VA",NA,0,0.0602409638554217,397
"Populus grandidentata","Tree","EFNative",5,"MD, PA","IL, IA, MN, MO, WI, CT, IN, ME, MA, MI, NH, NJ, NY, OH, PA, RI, VT, WV, DE, KY, MD, NC, TN, VA",NA,0,0.0602409638554217,398
"Ruellia strepens","Forb/herb","EFNative",5,"PA, MD, VA, NJ","IL, IA, KS, MO, NE, OK, IN, MI, NJ, OH, PA, WV, TX, AL, AR, DE, FL, GA, KY, LA, MD, MS, NC, SC, TN, VA",NA,0,0.0602409638554217,399
"Scutellaria integrifolia","Forb/herb","EFNative",5,"VA, CT, PA","CT, MA, NY, OH, TX, AL, FL, GA, KY, TN",NA,0,0.0602409638554217,400
"Solidago puberula","Forb/herb","EFNative",5,"MD, PA, MA, NJ, ME","CT, ME, MA, NH, NJ, NY, OH, PA, RI, VT, WV, AL, DE, FL, GA, KY, LA, MD, MS, NC, SC, TN, VA",NA,0,0.0602409638554217,401
"Clethra alnifolia","Shrub","EFNative",144,"MA, OH, MD, KY, NY, NH, NJ, PA, RI, CT, ME, VA, DE, VT","CT, ME, MA, NH, NJ, NY, PA, RI, WV, TX, AL, DE, FL, GA, LA, MD, MS, NC, SC, TN, VA",NA,0.41015625,0.469879518072289,402
"Physocarpus opulifolius","Shrub","EFNative",136,"OH, MA, MD, KY, PA, NY, NJ, RI, CT, ME, VT, VA, NH, DE, WV","IL, IA, KS, MN, ND, NE, OK, SD, WI, CT, IN, ME, MA, MI, NH, NJ, NY, OH, PA, RI, VT, WV, AZ, AL, DE, FL, GA, KY, MD, MS, NC, SC, TN, VA",NA,0.38671875,0.44578313253012,403
"Larix laricina","Tree","EFNative",26,"NJ, CT, MD, NY, OH, PA, VT, ME, NH, MA","AK, IL, MN, WI, CT, IN, ME, MA, MI, NH, NJ, NY, OH, PA, RI, VT, WV, MD",NA,0.0625,0.120481927710843,404
"Avenella flexuosa","Grass","EFNative",22,"KY, PA, MD, RI, NJ, DE, VT, VA, WV, MA","IL, MN, MO, ND, OK, WI, CT, IN, ME, MA, MI, NH, NJ, NY, OH, PA, VT, WV, TX, AL, AR, DE, FL, GA, KY, LA, MD, MS, NC, SC, TN, VA",NA,0.05078125,0.108433734939759,405
"Andropogon ternarius","Grass","EFNative",14,"NJ, VA, PA, ME, DE, MD, WV, CT","IL, KS, MO, OK, IN, NJ, TX, AL, AR, DE, FL, GA, KY, LA, MD, MS, NC, SC, TN, VA",NA,0.02734375,0.0843373493975904,406
"Symphoricarpos albus","Shrub","EFNative",14,"MD, PA, ME, VT, MA, OH, VA","AK, CO, ID, MT, OR, WA, WY, IL, IA, MN, MO, ND, NE, SD, WI, CT, IN, ME, MA, MI, NH, NJ, NY, OH, PA, RI, VT, WV, CA, UT, NM, DE, KY, MD, NC, VA",NA,0.02734375,0.0843373493975904,407
"Asarum arifolium","Forb/herb","EFNative",10,"RI, PA, VA, WV","AL, FL, GA, KY, LA, MS, NC, SC, TN, VA",NA,0.015625,0.072289156626506,408
"Carex platyphylla","Grass","EFNative",10,"MA, MD, NJ, PA, RI, VA, DE","WI, CT, IN, ME, MA, MI, NH, NJ, NY, OH, PA, RI, VT, WV, DE, KY, MD, NC, TN, VA",NA,0.015625,0.072289156626506,409
"Carya cordiformis","Tree","EFNative",10,"OH, MD, VA, PA, MA, ME","IL, IA, KS, MN, MO, NE, OK, WI, CT, IN, ME, MA, MI, NH, NJ, NY, OH, PA, RI, VT, WV, TX, AL, AR, DE, FL, GA, KY, LA, MD, MS, NC, SC, TN, VA",NA,0.015625,0.072289156626506,410
"Heuchera longiflora","Forb/herb","EFNative",10,"PA, OH, VA, VT, NJ","WV, AL, KY, NC, TN, VA",NA,0.015625,0.072289156626506,411
"Vernonia gigantea","Forb/herb","EFNative",10,"MA, PA, RI, CT, VA, VT","IL, KS, MO, NE, OK, IN, MI, NY, OH, PA, WV, TX, AL, AR, FL, GA, KY, LA, MD, MS, NC, SC, TN, VA",NA,0.015625,0.072289156626506,412
"Amelanchier stolonifera","Shrub","EFNative",6,"MD, NJ, PA, ME","IL, IA, MN, ND, WI, CT, ME, MA, MI, NH, NJ, NY, OH, PA, RI, VT, WV, AL, GA, MD, NC, SC, VA",NA,0.00390625,0.0602409638554217,413
"Aralia nudicaulis","Forb/herb","EFNative",6,"CT, PA, MA, VA, NJ","CO, ID, MT, WA, WY, IL, IA, MN, MO, ND, NE, SD, WI, CT, IN, ME, MA, MI, NH, NJ, NY, OH, PA, RI, VT, WV, DE, GA, KY, MD, NC, SC, TN, VA",NA,0.00390625,0.0602409638554217,414
"Blephilia hirsuta","Forb/herb","EFNative",6,"MD, PA, VA","IL, KS, MN, MO, NE, OK, WI, CT, IN, MA, MI, NY, OH, PA, VT, TX, AL, AR, GA, KY, MD, NC, TN, VA",NA,0.00390625,0.0602409638554217,415
"Corylus cornuta","Shrub","EFNative",6,"PA, CT, VT, MA","CO, ID, MT, OR, WA, WY, IL, IA, MN, ND, SD, WI, CT, ME, MA, MI, NH, NJ, NY, OH, PA, RI, VT, WV, CA, AL, GA, KY, MD, NC, SC, TN, VA",NA,0.00390625,0.0602409638554217,416
"Delphinium tricorne","Forb/herb","EFNative",6,"PA, VA, OH, WV","IL, IA, KS, MN, MO, NE, OK, IN, OH, PA, WV, AL, AR, GA, KY, MD, MS, NC, SC, TN, VA",NA,0.00390625,0.0602409638554217,417
"Dicentra canadensis","Forb/herb","EFNative",6,"PA, MD, VA, WV","IL, IA, MN, MO, WI, CT, IN, ME, MA, MI, NH, NJ, NY, OH, PA, VT, WV, KY, MD, NC, TN, VA",NA,0.00390625,0.0602409638554217,418
"Distichlis spicata","Grass","EFNative",6,"MA, MD, NJ","CO, ID, MT, OR, WA, WY, IL, IA, KS, MN, MO, ND, NE, OK, SD, WI, CT, ME, MA, NH, NJ, NY, OH, PA, RI, AZ, CA, NV, UT, NM, TX, AL, DE, FL, GA, LA, MD, MS, NC, SC, VA",NA,0.00390625,0.0602409638554217,419
"Eleocharis obtusa","Grass","EFNative",6,"MD, PA, NJ, VA","CO, ID, OR, WA, WY, IL, IA, MN, MO, NE, OK, SD, WI, CT, IN, ME, MA, MI, NH, NJ, NY, OH, PA, RI, VT, WV, CA, NV, NM, TX, AL, AR, DE, FL, GA, KY, LA, MD, MS, NC, SC, TN, VA",NA,0.00390625,0.0602409638554217,420
"Glyceria striata","Grass","EFNative",6,"MD, VA, PA, MA, NJ","AK, CO, ID, MT, OR, WA, WY, IL, IA, KS, MN, MO, ND, NE, OK, SD, WI, CT, IN, ME, MA, MI, NH, NJ, NY, OH, PA, RI, VT, WV, AZ, CA, NV, UT, NM, TX, AL, AR, DE, FL, GA, KY, LA, MD, MS, NC, SC, TN, VA",NA,0.00390625,0.0602409638554217,421
"Hydrangea barbara","Vine","EFNative",6,"VA, PA, OH","AL, AR, DE, FL, GA, KY, LA, MS, NC, SC, TN, VA",NA,0.00390625,0.0602409638554217,422
"Hypericum densiflorum","Shrub","EFNative",6,"MD, PA, VA","MA, NJ, NY, PA, WV, AL, DE, GA, KY, LA, MD, NC, SC, TN, VA",NA,0.00390625,0.0602409638554217,423
"Lespedeza capitata","Forb/herb","EFNative",6,"PA, MD, VA, CT","IL, IA, KS, MN, NE, OK, WI, IN, MA, MI, NY, PA, VT, WV, AL, AR, FL, GA, KY, LA, MD, MS, NC, SC, TN, VA",NA,0.00390625,0.0602409638554217,424
"Penstemon laevigatus","Forb/herb","EFNative",6,"VA, NJ, MD","CT, MA, NJ, OH, PA, WV, AL, DE, FL, GA, KY, LA, MD, MS, NC, SC, TN, VA",NA,0.00390625,0.0602409638554217,425
"Thalictrum coriaceum","Forb/herb","EFNative",6,"PA, MA, NJ, VA","PA, WV, KY, MD, NC, TN, VA",NA,0.00390625,0.0602409638554217,426
"Liriodendron tulipifera","Tree","EFNative",121,"OH, DE, MA, MD, KY, NY, NJ, RI, PA, VA, CT, VT, NH, ME","IL, MO, CT, IN, MA, MI, NJ, NY, OH, PA, RI, VT, WV, AL, AR, DE, FL, GA, KY, LA, MD, MS, NC, SC, TN, VA",NA,0.34375,0.397590361445783,427
"Gelsemium sempervirens","Shrub","EFNative",19,"MD, PA, RI, CT, VA","TX, AL, AR, FL, GA, LA, MS, NC, SC, TN, VA",NA,0.04296875,0.0963855421686747,428
"Pycnanthemum flexuosum","Forb/herb","EFNative",19,"RI, MD, VA, PA, DE, NJ, MA","AL, FL, GA, MS, NC, SC, VA",NA,0.04296875,0.0963855421686747,429
"Calycanthus floridus","Shrub","EFNative",64,"OH, MD, NJ, PA, CT, ME, MA, VA, DE, VT, NY, NH","PA, WV, AL, FL, GA, KY, MS, NC, SC, TN, VA",NA,0.17578125,0.228915662650602,430
"Juglans cinerea","Tree","EFNative",15,"MD, VA, PA, VT, ME, OH","IL, IA, MN, MO, WI, CT, IN, ME, MA, MI, NH, NJ, NY, OH, PA, RI, VT, WV, AL, AR, DE, GA, KY, MD, MS, NC, SC, TN, VA",NA,0.03125,0.0843373493975904,431
"Athyrium asplenioides","Forb/herb","EFNative",11,"MA, NJ, MD, VA, DE, PA","IL, KS, MO, OK, CT, IN, MA, NJ, NY, OH, PA, RI, WV, TX, AL, AR, DE, FL, GA, KY, LA, MD, MS, NC, SC, TN, VA",NA,0.01953125,0.072289156626506,432
"Silene regia","Forb/herb","EFNative",11,"MA, MD, PA, OH, NJ, VA, VT","IL, KS, MO, IN, OH, AL, AR, GA, KY, TN",NA,0.01953125,0.072289156626506,433
"Carex scoparia","Grass","EFNative",7,"NJ, MA, MD, PA","CO, ID, MT, OR, WA, IL, IA, KS, MN, MO, NE, OK, SD, WI, CT, IN, ME, MA, MI, NH, NJ, NY, OH, PA, RI, VT, WV, AZ, CA, NM, AL, AR, DE, GA, KY, MD, MS, NC, SC, TN, VA",NA,0.0078125,0.0602409638554217,434
"Quercus montana","Tree","EFNative",7,"PA, NY, VA, MD","IL, MO, CT, IN, ME, MA, MI, NH, NJ, NY, OH, PA, RI, VT, WV, AL, DE, GA, KY, MD, MS, NC, SC, TN, VA",NA,0.0078125,0.0602409638554217,435
"Scrophularia marilandica","Forb/herb","EFNative",7,"PA, NH, RI, NJ, VA","IL, IA, KS, MN, MO, NE, OK, SD, WI, CT, IN, ME, MA, MI, NH, NJ, NY, OH, PA, RI, VT, WV, TX, AL, AR, DE, FL, GA, KY, LA, MD, MS, NC, SC, TN, VA",NA,0.0078125,0.0602409638554217,436
"Thalictrum dasycarpum","Forb/herb","EFNative",7,"MA, PA, RI, OH, NJ","CO, ID, MT, WY, IL, IA, KS, MN, MO, ND, NE, OK, SD, WI, IN, MI, NY, OH, PA, AZ, UT, NM, TX, AL, AR, KY, LA, MS, TN",NA,0.0078125,0.0602409638554217,437
"Waldsteinia fragarioides","Forb/herb","EFNative",28,"DE, MA, RI, PA, MD, ME, VA, NH, WV, NJ, NY, CT, OH","IL, MN, MO, WI, CT, IN, ME, MA, MI, NH, NJ, NY, OH, PA, VT, WV, AL, GA, KY, MD, NC, SC, TN, VA",NA,0.0703125,0.120481927710843,438
"Crataegus phaenopyrum","Shrub","EFNative",20,"MD, NJ, MA, NY, ME, PA, OH, VA","MT, WA, IL, IN, MI, OH, PA, WV, AL, AR, DE, FL, GA, KY, LA, MD, MS, NC, SC, TN, VA",NA,0.046875,0.0963855421686747,439
"Meehania cordata","Forb/herb","EFNative",20,"DE, NY, RI, PA, VA, MD, ME, NH, MA, WV","PA, KY, NC, TN, VA",NA,0.046875,0.0963855421686747,440
"Rhododendron canescens","Shrub","EFNative",12,"VA, PA, NJ, DE, MD, NH, MA","IL, OK, TX, AL, AR, FL, GA, KY, LA, MS, NC, SC, TN",NA,0.0234375,0.072289156626506,441
"Symphyotrichum oolentangiense","Forb/herb","EFNative",12,"MA, MD, NJ, PA, VA, VT","IL, IA, KS, MN, MO, NE, OK, SD, WI, IN, MI, NY, OH, PA, TX, AL, AR, FL, GA, KY, LA, MS, TN",NA,0.0234375,0.072289156626506,442
"Thelypteris palustris","Forb/herb","EFNative",12,"MD, MA, PA, DE, VA, OH","IL, IA, KS, MN, MO, ND, NE, OK, SD, WI, CT, IN, ME, MA, MI, NH, NJ, NY, OH, PA, RI, VT, WV, TX, AL, AR, DE, FL, GA, KY, LA, MD, MS, NC, SC, TN, VA",NA,0.0234375,0.072289156626506,443
"Carex bicknellii","Grass","EFNative",8,"PA, MD, MA, WV, NJ","IL, IA, KS, MN, MO, ND, NE, SD, WI, CT, IN, ME, MA, MI, NJ, NY, OH, PA, RI, VT, AR, DE, SC",NA,0.01171875,0.0602409638554217,444
"Elymus canadensis","Grass","EFNative",8,"MA, MD, PA, VA, NJ","AK, CO, ID, MT, OR, WA, WY, IL, IA, KS, MN, MO, ND, NE, OK, SD, WI, CT, IN, ME, MA, MI, NH, NJ, NY, OH, PA, RI, VT, WV, AZ, CA, NV, UT, NM, TX, AL, AR, DE, GA, KY, MD, NC, SC, TN, VA",NA,0.01171875,0.0602409638554217,445
"Gillenia stipulata","Forb/herb","EFNative",8,"MA, PA, WV, NJ","IL, KS, MO, OK, IN, MI, NY, OH, PA, WV, TX, AL, AR, GA, KY, LA, MD, MS, NC, TN, VA",NA,0.01171875,0.0602409638554217,446
"Lilium canadense","Forb/herb","EFNative",8,"RI, PA, CT, VA, VT","CT, ME, MA, NH, NJ, NY, OH, PA, RI, VT, WV, AL, DE, GA, KY, MD, NC, SC, TN, VA",NA,0.01171875,0.0602409638554217,447
"Solidago ulmifolia","Forb/herb","EFNative",8,"ME, PA, VA, WV, NJ","IL, IA, KS, MN, MO, NE, OK, WI, CT, IN, ME, MA, MI, NH, NJ, NY, OH, PA, WV, TX, AL, AR, DE, FL, GA, KY, LA, MD, MS, SC, TN, VA",NA,0.01171875,0.0602409638554217,448
"Agalinis purpurea","Forb/herb","EFNative",4,"PA, VA","IL, IA, KS, MN, MO, NE, WI, CT, IN, ME, MA, MI, NH, NJ, NY, OH, PA, RI, VT, WV, TX, AL, AR, DE, FL, GA, KY, LA, MD, MS, NC, SC, TN, VA",NA,0,0.0481927710843374,449
"Agrimonia parviflora","Forb/herb","EFNative",4,"MD, VA, NJ","IL, IA, KS, MO, ND, NE, OK, SD, WI, CT, IN, MA, MI, NJ, NY, OH, PA, WV, NM, TX, AL, AR, DE, GA, KY, LA, MD, MS, NC, SC, TN, VA",NA,0,0.0481927710843374,450
"Amphicarpaea bracteata","Forb/herb","EFNative",4,"PA, CT","IL, IA, KS, MN, MO, ND, NE, OK, SD, WI, CT, IN, ME, MA, MI, NH, NJ, NY, OH, PA, RI, VT, WV, TX, AL, AR, DE, FL, GA, KY, LA, MD, MS, NC, SC, TN, VA",NA,0,0.0481927710843374,451
"Cirsium pumilum","Forb/herb","EFNative",4,"PA, MA, VA, MD","IL, IA, MN, WI, CT, IN, ME, MA, MI, NH, NJ, NY, OH, PA, RI, VT, WV, DE, MD, NC, SC, VA",NA,0,0.0481927710843374,452
"Cunila origanoides","Forb/herb","EFNative",4,"VA, PA, NJ","IL, KS, MO, OK, IN, NJ, NY, OH, PA, WV, TX, AL, AR, DE, FL, GA, KY, MD, NC, SC, TN, VA",NA,0,0.0481927710843374,453
"Cuphea viscosissima","Forb/herb","EFNative",4,"PA, MD, NJ","IL, IA, KS, MO, NE, OK, CT, IN, MA, NH, NJ, NY, OH, PA, VT, WV, TX, AL, AR, DE, FL, GA, KY, LA, MD, MS, NC, SC, TN, VA",NA,0,0.0481927710843374,454
"Geum canadense","Forb/herb","EFNative",4,"PA, VA, NJ, MA","MT, WY, IL, IA, KS, MN, MO, ND, NE, OK, SD, WI, CT, IN, ME, MA, MI, NH, NJ, NY, OH, PA, RI, VT, WV, TX, AL, AR, DE, GA, KY, LA, MD, MS, NC, SC, TN, VA",NA,0,0.0481927710843374,455
"Glyceria canadensis","Grass","EFNative",4,"MD, MA, NJ","OR, WA, IL, MN, WI, CT, IN, ME, MA, MI, NH, NJ, NY, OH, PA, RI, VT, WV, DE, MD, NC, TN, VA",NA,0,0.0481927710843374,456
"Homalosorus pycnocarpos","Forb/herb","EFNative",4,"PA, VA","IL, IA, KS, MN, MO, WI, CT, IN, MA, MI, NH, NJ, NY, OH, PA, VT, WV, AL, AR, DE, GA, KY, LA, MD, MS, NC, SC, TN, VA",NA,0,0.0481927710843374,457
"Lonicera canadensis","Shrub","EFNative",4,"CT, PA","IL, IA, MN, WI, CT, IN, ME, MA, MI, NH, NJ, NY, OH, PA, VT, WV, GA, MD, NC, TN, VA",NA,0,0.0481927710843374,458
"Malus coronaria","Shrub","EFNative",4,"MD, VA, PA","IL, KS, MO, WI, IN, MI, NJ, NY, OH, PA, WV, AL, AR, DE, GA, KY, LA, MD, NC, SC, TN, VA",NA,0,0.0481927710843374,459
"Nabalus altissimus","Forb/herb","EFNative",4,"MA, PA, VA","IL, MO, OK, CT, IN, ME, MA, MI, NH, NJ, NY, OH, PA, RI, VT, WV, TX, AL, AR, DE, GA, KY, LA, MD, NC, SC, TN, VA",NA,0,0.0481927710843374,460
"Oenothera gaura","Forb/herb","EFNative",4,"VA, PA, NJ","IL, IA, MN, WI, CT, IN, MA, MI, NJ, NY, OH, PA, VT, WV, DE, KY, MD, NC, TN, VA",NA,0,0.0481927710843374,461
"Oenothera perennis","Forb/herb","EFNative",4,"PA, CT","IL, IA, MN, MO, NE, WI, CT, IN, ME, MA, MI, NH, NY, OH, PA, RI, VT, WV, DE, KY, MD, NC, SC, TN, VA",NA,0,0.0481927710843374,462
"Osmorhiza claytonii","Forb/herb","EFNative",4,"VA, PA","IL, IA, KS, MN, MO, ND, NE, SD, WI, CT, IN, ME, MA, MI, NH, NJ, NY, OH, PA, RI, VT, WV, AL, AR, DE, GA, KY, MD, NC, SC, TN, VA",NA,0,0.0481927710843374,463
"Potentilla simplex","Forb/herb","EFNative",4,"PA, VA","IL, IA, KS, MN, MO, NE, OK, WI, CT, IN, ME, MA, MI, NH, NJ, NY, OH, PA, RI, VT, WV, TX, AL, AR, DE, GA, KY, LA, MD, MS, NC, SC, TN, VA",NA,0,0.0481927710843374,464
"Pseudognaphalium obtusifolium","Forb/herb","EFNative",4,"MA, PA","IL, IA, KS, MN, MO, NE, OK, WI, CT, IN, ME, MA, MI, NH, NY, OH, PA, RI, VT, WV, TX, AL, AR, DE, FL, GA, KY, LA, MD, NC, SC, TN, VA",NA,0,0.0481927710843374,465
"Quercus stellata","Tree","EFNative",4,"PA, VA","IL, IA, KS, MO, OK, CT, IN, MA, NJ, NY, OH, PA, RI, WV, TX, AL, AR, DE, FL, GA, KY, LA, MD, MS, NC, SC, TN, VA",NA,0,0.0481927710843374,466
"Salix exigua","Shrub","EFNative",4,"MA, PA","CO, ID, MT, OR, WA, WY, NE, OK, AZ, CA, NV, UT, NM, TX, KY, TN",NA,0,0.0481927710843374,467
"Schoenoplectus tabernaemontani","Grass","EFNative",4,"MD, PA, NJ","AK, CO, ID, MT, OR, WA, WY, IL, IA, KS, MN, MO, ND, NE, OK, SD, WI, CT, IN, ME, MA, MI, NH, NJ, NY, OH, PA, RI, VT, WV, AZ, CA, NV, UT, NM, TX, AL, AR, DE, FL, GA, KY, LA, MD, MS, NC, SC, TN, VA",NA,0,0.0481927710843374,468
"Solidago altissima","Forb/herb","EFNative",4,"VA, NJ","CO, MT, WY, IL, IA, KS, MN, MO, ND, NE, OK, SD, WI, CT, IN, ME, MA, MI, NH, NJ, NY, OH, PA, RI, VT, WV, AZ, CA, UT, NM, TX, AL, AR, DE, FL, GA, KY, LA, MD, MS, SC, TN, VA",NA,0,0.0481927710843374,469
"Solidago erecta","Forb/herb","EFNative",4,"MD, VA","CT, IN, MA, NJ, NY, OH, PA, WV, AL, DE, GA, KY, MD, MS, NC, SC, TN, VA",NA,0,0.0481927710843374,470
"Solidago uliginosa","Forb/herb","EFNative",4,"PA, MD, CT, MA","IL, MN, WI, CT, IN, ME, MI, NH, NY, PA, VT, WV, AL, DE, GA, MD, NC, TN, VA",NA,0,0.0481927710843374,471
"Tephrosia virginiana","Forb/herb","EFNative",4,"CT, PA, VA","IL, IA, KS, MN, MO, OK, WI, CT, IN, ME, MA, MI, NJ, NY, OH, PA, WV, TX, AL, AR, FL, GA, KY, LA, MD, MS, NC, SC, TN, VA",NA,0,0.0481927710843374,472
"Tripsacum dactyloides","Grass","EFNative",4,"MD, VA, PA","IL, IA, KS, MO, NE, OK, CT, IN, MA, MI, NJ, NY, OH, PA, RI, WV, TX, AL, AR, DE, FL, GA, KY, LA, MD, MS, NC, SC, TN, VA",NA,0,0.0481927710843374,473
"Viola lanceolata","Forb/herb","EFNative",4,"PA, CT, VA, NJ","IL, IA, MN, MO, NE, OK, WI, CT, IN, ME, MA, MI, NH, NJ, NY, OH, PA, RI, VT, WV, TX, AL, AR, DE, FL, GA, KY, MD, NC, SC, TN, VA",NA,0,0.0481927710843374,474
"Viola sagittata","Forb/herb","EFNative",4,"VA, CT, PA","IL, IA, KS, MN, MO, OK, WI, CT, IN, ME, MA, MI, NJ, NY, OH, PA, RI, WV, TX, AL, AR, DE, GA, KY, LA, MD, MS, NC, SC, TN, VA",NA,0,0.0481927710843374,475
"Zanthoxylum americanum","Shrub","EFNative",4,"PA, MA","IL, IA, KS, MN, MO, ND, NE, OK, SD, WI, CT, IN, ME, MA, MI, NH, NJ, NY, OH, PA, RI, VT, WV, TX, AL, AR, DE, FL, GA, KY, LA, MD, NC, SC, TN, VA",NA,0,0.0481927710843374,476
"Robinia pseudoacacia","Tree","EFNative",33,"OH, MD, MA, NJ, PA, VA, ME, VT, NY","IL, PA, VT, AL, GA, KY, MD, TN","MA, ME, MN, NY, WI",0.0859375,0.132530120481928,477
"Trillium erectum","Forb/herb","EFNative",17,"RI, CT, ME, DE, PA, VA, OH, VT, WV","IL, CT, IN, ME, MA, MI, NH, NJ, NY, OH, PA, RI, VT, WV, DE, GA, KY, MD, NC, SC, TN, VA",NA,0.0390625,0.0843373493975904,478
"Hydrastis canadensis","Forb/herb","EFNative",13,"PA, MA, CT, VA, VT, WV","IL, IA, MN, MO, WI, CT, IN, MA, MI, NJ, NY, OH, PA, VT, WV, AL, AR, DE, GA, KY, MD, MS, NC, TN, VA",NA,0.02734375,0.072289156626506,479
"Magnolia macrophylla","Tree","EFNative",13,"KY, CT, PA, DE, VA, OH, MD, ME","OH, AL, AR, GA, KY, LA, MS, NC, SC, TN, VA",NA,0.02734375,0.072289156626506,480
"Camassia scilloides","Forb/herb","EFNative",9,"MD, PA, DE, VT, VA, WV, OH","IL, IA, KS, MO, OK, WI, IN, MI, OH, PA, WV, TX, AL, AR, GA, KY, LA, MD, MS, SC, TN, VA",NA,0.015625,0.0602409638554217,481
"Sorbus americana","Shrub","EFNative",9,"CT, PA, MD, ME","IL, MN, WI, CT, ME, MA, MI, NH, NJ, NY, PA, RI, VT, WV, GA, MD, NC, SC, TN, VA",NA,0.015625,0.0602409638554217,482
"Trillium recurvatum","Forb/herb","EFNative",9,"ME, PA, CT, VA, OH, WV","IL, IA, MO, WI, IN, MI, NY, OH, TX, AL, AR, KY, LA, MS, TN",NA,0.015625,0.0602409638554217,483
"Viola pubescens","Forb/herb","EFNative",9,"RI, MD, VA, PA, WV","WY, IL, IA, KS, MN, MO, ND, NE, OK, SD, WI, CT, IN, ME, MA, MI, NH, NJ, NY, OH, PA, RI, VT, WV, TX, AL, AR, DE, KY, LA, MD, NC, TN, VA",NA,0.015625,0.0602409638554217,484
"Acer spicatum","Shrub","EFNative",5,"MD, CT, PA, ME","IL, IA, MN, WI, IN, MI, NY, OH, PA, VT, GA, KY, MD, TN",NA,0.00390625,0.0481927710843374,485
"Angelica atropurpurea","Forb/herb","EFNative",5,"MA, CT, PA, RI, NJ","IL, IA, MN, WI, CT, IN, ME, MA, MI, NH, NJ, NY, OH, PA, RI, VT, WV, DE, KY, MD, NC, TN",NA,0.00390625,0.0481927710843374,486
"Decodon verticillatus","Shrub","EFNative",5,"CT, PA, VA, MD","IL, IA, MN, MO, WI, CT, IN, ME, MA, MI, NH, NJ, NY, OH, PA, RI, VT, WV, TX, AL, AR, DE, FL, GA, KY, LA, MD, MS, NC, SC, TN, VA",NA,0.00390625,0.0481927710843374,487
"Iris fulva","Forb/herb","EFNative",5,"PA, MA, MD","IL, MO, AL, AR, KY, LA, MS, TN",NA,0.00390625,0.0481927710843374,488
"Leersia oryzoides","Grass","EFNative",5,"MD, MA, PA","CO, ID, MT, OR, WA, WY, IL, IA, KS, MN, MO, ND, NE, OK, SD, WI, CT, IN, ME, MA, MI, NH, NJ, NY, OH, PA, RI, VT, WV, AZ, CA, NV, UT, NM, TX, AL, AR, DE, FL, GA, KY, LA, MD, MS, NC, SC, TN, VA",NA,0.00390625,0.0481927710843374,489
"Lyonia ligustrina","Shrub","EFNative",5,"CT, ME, MA, VA","OK, CT, ME, MA, NH, NJ, NY, OH, PA, RI, VT, WV, TX, AL, AR, DE, FL, GA, KY, LA, MD, MS, NC, SC, TN, VA",NA,0.00390625,0.0481927710843374,490
"Oxalis violacea","Forb/herb","EFNative",5,"DE, VA, PA","IL, IA, KS, MN, MO, ND, NE, OK, SD, WI, CT, IN, MA, MI, NJ, NY, OH, PA, RI, VT, WV, TX, AL, AR, DE, FL, GA, KY, LA, MD, MS, NC, SC, TN, VA",NA,0.00390625,0.0481927710843374,491
"Penthorum sedoides","Forb/herb","EFNative",5,"MD, PA, NJ, VA","IL, IA, KS, MN, MO, ND, NE, OK, SD, WI, CT, IN, ME, MA, MI, NH, NJ, NY, OH, PA, RI, VT, WV, TX, AL, AR, DE, FL, GA, KY, LA, MD, MS, NC, SC, TN, VA",NA,0.00390625,0.0481927710843374,492
"Solidago gigantea","Forb/herb","EFNative",5,"MD, MA, PA, ME, NJ","CO, ID, MT, OR, WA, WY, IL, IA, KS, MN, MO, ND, NE, OK, SD, WI, CT, IN, ME, MA, MI, NH, NJ, NY, OH, PA, RI, VT, WV, NV, TX, AL, AR, DE, FL, GA, KY, LA, MD, MS, NC, SC, TN, VA",NA,0.00390625,0.0481927710843374,493
"Symplocarpus foetidus","Forb/herb","EFNative",5,"CT, PA, VA, WV","IL, IA, MN, WI, CT, IN, ME, MA, MI, NH, NJ, NY, OH, PA, RI, VT, WV, DE, KY, MD, NC, TN, VA",NA,0.00390625,0.0481927710843374,494
"Betula populifolia","Tree","EFNative",46,"MD, NY, NJ, MA, PA, RI, VT, OH, CT, ME, DE, NH, VA","IL, CT, IN, ME, MA, NH, NJ, NY, OH, PA, RI, VT, DE, MD, NC, SC, VA",NA,0.125,0.168674698795181,495
"Aristolochia macrophylla","Vine","EFNative",30,"OH, NY, PA, MA, ME, DE, VA, VT, NH, NJ","NY, PA, VT, WV, GA, KY, MD, NC, SC, TN, VA",NA,0.078125,0.120481927710843,496
"Echinacea paradoxa","Forb/herb","EFNative",26,"MD, MA, DE, VT, VA, CT, PA, RI, ME, OH","MO, OK, TX, AR",NA,0.06640625,0.108433734939759,497
"Phlox glaberrima","Forb/herb","EFNative",22,"PA, CT, OH, MD, DE, VA, NJ, VT, NH, WV","IL, MO, OK, WI, IN, OH, WV, AL, AR, FL, GA, KY, LA, MD, MS, NC, SC, TN, VA",NA,0.0546875,0.0963855421686747,498
"Phlox paniculata","Forb/herb","EFNative",116,"DE, KY, MA, OH, PA, NY, MD, NH, RI, CT, NJ, VA, ME, VT, WV","WA, IL, IA, KS, MN, MO, NE, OK, CT, IN, ME, MA, MI, NH, NJ, OH, PA, RI, VT, WV, UT, AL, AR, DE, GA, KY, LA, MD, MS, NC, SC, TN, VA",NA,0.33203125,0.373493975903614,499
"Quercus lyrata","Tree","EFNative",18,"OH, MD, VA, DE, PA, MA","IL, MO, OK, IN, NJ, TX, AL, AR, DE, FL, GA, KY, LA, MD, MS, NC, SC, TN, VA",NA,0.04296875,0.0843373493975904,500
"Alnus incana","Shrub","EFNative",14,"MA, MD, CT, PA, NJ, ME","AK, CO, ID, MT, OR, WA, WY, IL, IA, MN, ND, WI, CT, IN, ME, MA, MI, NH, NJ, NY, OH, PA, RI, VT, WV, AZ, CA, NV, UT, NM, MD, VA",NA,0.03125,0.072289156626506,501
"Calamagrostis breviligulata","Grass","EFNative",14,"NJ, ME, MA, MD, RI, VA","OR, WA, IL, MN, WI, CT, IN, ME, MA, MI, NH, NY, OH, PA, RI, VT, CA, DE, MD, NC, SC, VA",NA,0.03125,0.072289156626506,502
"Ratibida columnifera","Forb/herb","EFNative",14,"MA, NY, MD, PA, VT, OH","CO, MT, WY, IL, IA, KS, MN, MO, ND, NE, OK, SD, WI, IN, MA, NJ, AZ, UT, NM, TX, AR, LA, NC, TN",NA,0.03125,0.072289156626506,503
"Quercus bicolor","Tree","EFNative",104,"OH, MA, MD, KY, NJ, PA, VA, NY, VT, CT, ME, DE, RI, NH","IL, IA, KS, MN, MO, WI, CT, IN, ME, MA, MI, NH, NJ, NY, OH, PA, RI, VT, WV, AL, DE, KY, MD, NC, TN, VA",NA,0.296875,0.337349397590361,504
"Acer saccharinum","Tree","EFNative",6,"NJ, MD, VA, PA, NH","IL, KS, MN, OK, WI, NY, VT, AL, FL, KY, MD, TN",NA,0.0078125,0.0481927710843374,505
"Adlumia fungosa","Forb/herb","EFNative",6,"MA, PA, DE, RI","MN, WI, CT, IN, ME, MA, MI, NH, NJ, NY, OH, PA, RI, VT, WV, DE, KY, MD, NC, TN, VA",NA,0.0078125,0.0481927710843374,506
"Chamaelirium luteum","Forb/herb","EFNative",6,"DE, VA, PA, WV","IL, CT, IN, MA, MI, NJ, NY, OH, PA, WV, AL, AR, DE, FL, GA, KY, LA, MD, MS, NC, SC, TN, VA",NA,0.0078125,0.0481927710843374,507
"Epigaea repens","Shrub","EFNative",6,"VA, RI, VT, NH","IL, IA, MN, WI, CT, IN, ME, MA, MI, NH, NJ, NY, OH, PA, RI, VT, WV, AL, DE, FL, GA, KY, MD, MS, NC, SC, TN, VA",NA,0.0078125,0.0481927710843374,508
"Penstemon pallidus","Forb/herb","EFNative",6,"VA, MD, PA","IL, IA, KS, MN, MO, WI, CT, IN, ME, MA, MI, NH, NJ, NY, OH, PA, RI, VT, WV, AL, AR, GA, KY, MD, NC, TN, VA",NA,0.0078125,0.0481927710843374,509
"Scutellaria ovata","Forb/herb","EFNative",6,"DE, PA, VA","IL, IA, KS, MN, MO, OK, WI, IN, OH, WV, TX, AL, AR, GA, KY, LA, MD, MS, NC, SC, TN, VA",NA,0.0078125,0.0481927710843374,510
"Sporobolus michauxianus","Grass","EFNative",6,"MD, CT, PA, NJ","CO, ID, MT, OR, WA, WY, IL, IA, KS, MN, MO, ND, NE, OK, SD, WI, CT, IN, ME, MA, MI, NH, NJ, NY, OH, PA, RI, VT, WV, UT, NM, TX, AR, DE, KY, LA, MD, NC, TN, VA",NA,0.0078125,0.0481927710843374,511
"Symphyotrichum firmum","Forb/herb","EFNative",6,"MD, NJ, VA","IA, MN, MO, NE, MI, NY",NA,0.0078125,0.0481927710843374,512
"Trichostema dichotomum","Forb/herb","EFNative",6,"NY, VA, PA","IL, CT, IN, ME, MA, MI, NH, NJ, NY, OH, PA, RI, VT, WV, TX, AL, AR, DE, GA, KY, LA, MD, MS, NC, SC, TN, VA",NA,0.0078125,0.0481927710843374,513
"Juglans nigra","Tree","EFNative",47,"OH, MD, NJ, ME, VA, CT, VT, PA, DE, NY, MA, NH","IL, IA, KS, MN, MO, NE, OK, SD, WI, CT, IN, MA, MI, NJ, NY, OH, PA, RI, WV, TX, AL, AR, DE, FL, GA, KY, LA, MD, MS, NC, SC, TN, VA",NA,0.12890625,0.168674698795181,514
"Franklinia alatamaha","Shrub","EFNative",39,"KY, NJ, PA, MA, CT, ME, OH, MD, DE, VA, NH","GA",NA,0.10546875,0.144578313253012,515
"Filipendula rubra","Forb/herb","EFNative",35,"MA, OH, NY, RI, MD, PA, CT, ME, DE, VT, VA, NJ, NH","IL, IA, MN, MO, WI, IN, MI, OH, PA, VT, KY, MD, MS, NC, VA",NA,0.09375,0.132530120481928,516
"Populus tremuloides","Tree","EFNative",27,"OH, KY, NY, PA, MD, ME, VT, NH, MA","AK, CO, ID, MT, OR, WA, WY, IL, IA, MN, MO, ND, NE, SD, WI, CT, IN, ME, MA, MI, NH, NJ, NY, OH, PA, RI, VT, WV, AZ, CA, NV, UT, NM, TX, DE, MD, NC, VA",NA,0.0703125,0.108433734939759,517
"Pycnanthemum verticillatum","Forb/herb","EFNative",15,"VT, RI, MD, PA, DE, NH, OH, MA, ME, CT, VA","IL, IA, KS, MO, NE, OK, CT, MA, MI, NJ, NY, OH, PA, RI, VT, WV, TX, AL, AR, GA, KY, MD, NC, TN, VA",NA,0.03515625,0.072289156626506,518
"Muhlenbergia capillaris","Grass","EFNative",60,"MA, MD, VA, DE, PA, VT, NJ, CT, NY, OH, ME, KY, NH, RI","IL, KS, MO, OK, CT, IN, MA, NJ, NY, OH, PA, WV, TX, AL, AR, DE, FL, GA, KY, LA, MD, MS, NC, SC, TN, VA",NA,0.16796875,0.204819277108434,519
"Carex albicans","Grass","EFNative",11,"PA, VA, NY, MD, DE, NJ","IL, IA, KS, MN, MO, NE, OK, WI, CT, IN, ME, MA, MI, NH, NJ, NY, OH, PA, RI, VT, WV, TX, AL, AR, DE, FL, GA, KY, LA, MD, MS, NC, SC, TN, VA",NA,0.0234375,0.0602409638554217,520
"Dryopteris intermedia","Forb/herb","EFNative",11,"NY, PA, VA, MD, WV, NH","IL, IA, MN, MO, WI, CT, IN, ME, MA, MI, NH, NJ, NY, OH, PA, RI, VT, WV, AL, DE, GA, KY, MD, NC, SC, TN, VA",NA,0.0234375,0.0602409638554217,521
"Viola walteri","Forb/herb","EFNative",11,"RI, PA, DE, NY, VA, NH","OH, WV, TX, AL, AR, FL, GA, KY, LA, MS, NC, SC, TN, VA",NA,0.0234375,0.0602409638554217,522
"Aplectrum hyemale","Forb/herb","EFNative",7,"DE, VA, CT, PA, WV","IL, IA, KS, MN, MO, OK, WI, CT, IN, MA, MI, NJ, NY, OH, PA, VT, WV, AL, AR, DE, GA, KY, MD, NC, SC, TN, VA",NA,0.01171875,0.0481927710843374,523
"Helianthus mollis","Forb/herb","EFNative",7,"PA, ME, VA, OH, NJ, VT","IL, IA, KS, MO, NE, OK, WI, CT, IN, ME, MA, MI, NJ, NY, OH, PA, RI, WV, TX, AL, AR, DE, GA, KY, LA, MD, MS, NC, SC, TN, VA",NA,0.01171875,0.0481927710843374,524
"Aristida purpurascens","Grass","EFNative",3,"VA, PA","IL, KS, MO, NE, OK, WI, CT, IN, MA, MI, NJ, NY, OH, PA, RI, WV, TX, AL, AR, DE, FL, GA, KY, LA, MD, MS, NC, SC, TN, VA",NA,0,0.036144578313253,525
"Asclepias amplexicaulis","Forb/herb","EFNative",3,"VA, PA","IL, IA, KS, MN, MO, NE, OK, WI, CT, IN, MA, MI, NH, NJ, NY, OH, PA, RI, VT, WV, TX, AL, AR, DE, FL, GA, KY, LA, MD, MS, NC, SC, TN, VA",NA,0,0.036144578313253,526
"Asclepias variegata","Forb/herb","EFNative",3,"PA, VA, RI","IL, MO, OK, CT, IN, NJ, NY, OH, PA, WV, TX, AL, AR, DE, FL, GA, KY, LA, MD, MS, NC, SC, TN, VA",NA,0,0.036144578313253,527
"Asclepias viridiflora","Forb/herb","EFNative",3,"MD, VA, PA","CO, MT, WY, IL, IA, KS, MN, MO, ND, NE, OK, SD, WI, CT, IN, MI, NJ, NY, OH, PA, WV, AZ, NM, TX, AL, AR, DE, FL, GA, KY, LA, MD, MS, NC, SC, TN, VA",NA,0,0.036144578313253,528
"Asplenium rhizophyllum","Forb/herb","EFNative",3,"PA, MD, VA","IL, IA, KS, MN, MO, OK, WI, CT, IN, ME, MA, MI, NH, NJ, NY, OH, PA, RI, VT, WV, AL, AR, DE, GA, KY, MD, MS, NC, SC, TN, VA",NA,0,0.036144578313253,529
"Bidens cernua","Forb/herb","EFNative",3,"PA, VT, NJ","AK, CO, ID, MT, OR, WA, WY, IL, IA, KS, MN, MO, NE, OK, SD, WI, CT, IN, ME, MA, MI, NH, NJ, NY, OH, PA, RI, VT, WV, AZ, CA, NV, UT, NM, TX, AL, AR, DE, GA, KY, LA, MD, NC, TN, VA",NA,0,0.036144578313253,530
"Chimaphila maculata","Shrub","EFNative",3,"PA, VA","IL, CT, IN, ME, MA, MI, NH, NJ, NY, OH, PA, RI, VT, WV, AZ, AL, DE, FL, GA, KY, MD, MS, NC, SC, TN, VA",NA,0,0.036144578313253,531
"Clematis viorna","Vine","EFNative",3,"VA, PA","IL, MO, IN, OH, PA, WV, AL, AR, DE, GA, KY, MD, MS, NC, SC, TN, VA",NA,0,0.036144578313253,532
"Commelina virginica","Forb/herb","EFNative",3,"VA, PA","IL, KS, MO, OK, IN, NJ, OH, PA, WV, TX, AL, AR, DE, FL, GA, KY, LA, MD, MS, NC, SC, TN, VA",NA,0,0.036144578313253,533
"Crataegus mollis","Shrub","EFNative",3,"PA, MD","IL, IA, KS, MN, MO, ND, NE, OK, SD, WI, IN, MI, OH, TX, AL, AR, KY, LA, MS, TN",NA,0,0.036144578313253,534
"Cryptotaenia canadensis","Forb/herb","EFNative",3,"MA, MD","IL, IA, KS, MN, MO, ND, NE, OK, SD, WI, CT, IN, ME, MA, MI, NH, NJ, NY, OH, PA, RI, VT, WV, TX, AL, AR, DE, FL, GA, KY, LA, MD, MS, NC, SC, TN, VA",NA,0,0.036144578313253,535
"Epilobium coloratum","Forb/herb","EFNative",3,"MA, VA","IL, IA, KS, MN, MO, ND, NE, OK, SD, WI, CT, IN, ME, MA, MI, NH, NJ, NY, OH, PA, RI, VT, WV, TX, AL, AR, DE, GA, KY, LA, MD, NC, SC, TN, VA",NA,0,0.036144578313253,536
"Hydrophyllum canadense","Forb/herb","EFNative",3,"PA, MD","IL, IA, MO, WI, IN, MA, MI, NJ, NY, OH, PA, VT, WV, AL, GA, KY, MD, NC, SC, TN, VA",NA,0,0.036144578313253,537
"Juncus roemerianus","Grass","EFNative",3,"VA, MD","TX, AL, DE, FL, GA, LA, MD, MS, NC, SC, VA",NA,0,0.036144578313253,538
"Lespedeza hirta","Forb/herb","EFNative",3,"PA, VA, CT","IL, MO, OK, CT, IN, ME, MA, MI, NY, OH, PA, RI, VT, WV, TX, AL, AR, FL, GA, KY, LA, MD, MS, NC, SC, TN, VA",NA,0,0.036144578313253,539
"Lilium philadelphicum","Forb/herb","EFNative",3,"PA, VA","CO, MT, WY, IL, IA, MN, MO, ND, NE, SD, WI, CT, IN, ME, MA, MI, NH, NJ, NY, OH, PA, RI, VT, WV, NM, TX, DE, GA, KY, MD, NC, SC, TN, VA",NA,0,0.036144578313253,540
"Mimulus alatus","Forb/herb","EFNative",3,"MA, MD, NJ","IL, IA, KS, MO, NE, OK, CT, IN, MA, MI, NJ, NY, OH, PA, WV, TX, AL, AR, DE, FL, GA, KY, LA, MD, MS, NC, SC, TN, VA",NA,0,0.036144578313253,541
"Monarda media","Forb/herb","EFNative",3,"NH, PA, NJ","IL, IN, ME, MA, NY, OH, PA, DE, GA, KY, MD, NC, VA",NA,0,0.036144578313253,542
"Penstemon canescens","Forb/herb","EFNative",3,"VA, NJ","IL, IN, OH, PA, WV, AL, GA, KY, MD, NC, SC, TN, VA",NA,0,0.036144578313253,543
"Phaseolus polystachios","Forb/herb","EFNative",3,"VA, PA","IL, IA, MO, OK, CT, IN, ME, MI, NJ, NY, OH, PA, WV, TX, AL, AR, DE, FL, GA, KY, LA, MD, MS, NC, SC, TN, VA",NA,0,0.036144578313253,544
"Pluchea odorata","Shrub","EFNative",3,"MD, PA, VA","IL, KS, OK, CT, IN, ME, MA, MI, NJ, NY, PA, RI, AZ, CA, NV, UT, NM, TX, AL, AR, DE, FL, GA, LA, MD, MS, NC, SC, VA",NA,0,0.036144578313253,545
"Quercus prinoides","Tree","EFNative",3,"PA, VA, MA","IL, IA, MO, OK, CT, IN, MA, MI, NH, NJ, NY, OH, PA, RI, VT, WV, AL, AR, GA, KY, MD, NC, SC, TN, VA",NA,0,0.036144578313253,546
"Ribes americanum","Shrub","EFNative",3,"CT, MA, PA","CO, MT, WY, IL, IA, MN, MO, ND, NE, SD, WI, CT, IN, ME, MA, MI, NH, NJ, NY, OH, PA, RI, VT, WV, NM, DE, KY, MD, TN, VA",NA,0,0.036144578313253,547
"Sabatia kennedyana","Forb/herb","EFNative",3,"PA, VA","MA, RI, NC, SC, VA",NA,0,0.036144578313253,548
"Salix bebbiana","Shrub","EFNative",3,"MA, ME","AK, CO, ID, MT, OR, WA, WY, IL, IA, MN, ND, NE, SD, WI, CT, IN, ME, MA, MI, NH, NJ, NY, OH, PA, RI, VT, AZ, CA, NV, UT, NM, MD",NA,0,0.036144578313253,549
"Salix humilis","Shrub","EFNative",3,"MA, RI, PA","IL, IA, KS, MN, MO, ND, NE, OK, SD, WI, CT, IN, ME, MA, MI, NH, NJ, NY, OH, PA, RI, VT, WV, TX, AL, AR, DE, FL, GA, KY, LA, MD, MS, NC, SC, TN, VA",NA,0,0.036144578313253,550
"Schoenoplectus pungens","Grass","EFNative",3,"PA, MA","CO, ID, MT, OR, WA, WY, IL, IA, KS, MN, MO, ND, NE, OK, WI, CT, IN, ME, MA, MI, NH, NJ, NY, OH, PA, RI, VT, WV, AZ, CA, NV, UT, NM, TX, AL, AR, DE, FL, GA, KY, LA, MD, MS, NC, SC, TN, VA",NA,0,0.036144578313253,551
"Scirpus georgianus","Grass","EFNative",3,"MD, VA, NJ","IL, IA, KS, MN, MO, NE, WI, CT, IN, ME, MA, NH, NJ, NY, OH, PA, RI, VT, WV, TX, AL, AR, GA, KY, LA, MD, NC, SC, TN, VA",NA,0,0.036144578313253,552
"Scirpus polyphyllus","Grass","EFNative",3,"MD, PA","IL, MO, CT, IN, MA, NH, NJ, NY, OH, PA, VT, WV, AL, AR, DE, GA, KY, MD, MS, NC, SC, TN, VA",NA,0,0.036144578313253,553
"Symphyotrichum lanceolatum","Forb/herb","EFNative",3,"VA, PA, NJ","CO, ID, MT, OR, WA, WY, IL, IA, KS, MN, MO, ND, NE, OK, SD, WI, CT, IN, ME, MA, MI, NH, NJ, NY, OH, PA, RI, VT, WV, AZ, CA, NV, UT, NM, TX, AL, AR, FL, GA, KY, LA, MD, MS, NC, SC, TN, VA",NA,0,0.036144578313253,554
"Symphyotrichum pilosum","Forb/herb","EFNative",3,"MD, VA, MA","IL, IA, KS, MN, MO, NE, OK, SD, WI, CT, IN, ME, MA, MI, NH, NJ, NY, OH, PA, RI, VT, WV, AL, AR, DE, FL, GA, KY, MD, MS, NC, SC, TN, VA",NA,0,0.036144578313253,555
"Symphyotrichum racemosum","Forb/herb","EFNative",3,"VA, CT, MA","IL, IA, MO, OK, WI, CT, IN, ME, MA, NJ, NY, OH, PA, RI, VT, WV, TX, AL, AR, DE, FL, GA, KY, LA, MD, NC, SC, TN, VA",NA,0,0.036144578313253,556
"Triodanis perfoliata","Forb/herb","EFNative",3,"MA, PA, NJ","CO, ID, MT, OR, WA, WY, IL, IA, KS, MN, MO, ND, NE, OK, SD, WI, CT, IN, ME, MA, MI, NH, NJ, NY, OH, PA, RI, VT, WV, AZ, CA, NV, UT, NM, TX, AL, AR, DE, FL, GA, KY, LA, MD, MS, NC, SC, TN, VA",NA,0,0.036144578313253,557
"Verbesina occidentalis","Forb/herb","EFNative",3,"MD, VA","IL, MO, OK, OH, WV, TX, AL, DE, FL, GA, KY, MD, MS, NC, SC, TN, VA",NA,0,0.036144578313253,558
"Myrica pensylvanica","Shrub","EFNative",122,"OH, MA, MD, KY, PA, NH, NJ, RI, CT, ME, NY, VA, DE","CT, ME, MA, NH, NJ, NY, OH, PA, RI, VT, AL, DE, MD, NC, VA",NA,0.3515625,0.385542168674699,559
"Aruncus dioicus","Forb/herb","EFNative",73,"MA, ME, NY, MD, PA, RI, OH, NJ, VA, VT, DE, NH, CT, WV","AK, OR, WA, IL, IA, MO, OK, IN, OH, PA, WV, CA, AL, AR, GA, KY, MD, MS, NC, SC, TN, VA",NA,0.20703125,0.240963855421687,560
"Dryopteris goldiana","Forb/herb","EFNative",20,"MD, RI, NJ, CT, PA, DE, OH, NH, VA, MA, ME","IL, IA, MN, MO, WI, CT, IN, ME, MA, MI, NH, NJ, NY, OH, PA, RI, VT, WV, AL, AR, DE, GA, KY, MD, NC, SC, TN, VA",NA,0.05078125,0.0843373493975904,561
"Salvia azurea","Forb/herb","EFNative",12,"MA, OH, RI, MD, PA, DE, VT, ME","CO, IL, KS, MO, NE, OK, AZ, NM, TX, AL, AR, FL, GA, KY, LA, MS, SC, TN",NA,0.02734375,0.0602409638554217,562
"Maianthemum canadense","Forb/herb","EFNative",8,"RI, MA, CT, PA, DE, VA, WV","MT, WY, IL, IA, MN, ND, NE, SD, WI, CT, IN, ME, MA, MI, NH, NJ, NY, OH, PA, RI, VT, WV, DE, GA, KY, MD, NC, SC, TN, VA",NA,0.015625,0.0481927710843374,563
"Trillium cuneatum","Forb/herb","EFNative",8,"VA, RI, PA, VT, WV","AL, GA, KY, MS, NC, SC, TN",NA,0.015625,0.0481927710843374,564
"Uvularia sessilifolia","Forb/herb","EFNative",8,"ME, VA, CT, RI, WV, NH","IL, IA, MN, MO, ND, OK, WI, CT, IN, ME, MA, MI, NH, NJ, NY, OH, PA, RI, VT, WV, TX, AL, AR, DE, FL, GA, KY, LA, MD, MS, NC, SC, TN, VA",NA,0.015625,0.0481927710843374,565
"Vernonia fasciculata","Forb/herb","EFNative",8,"MA, NH, MD, PA, ME, VT, VA","CO, IL, IA, KS, MN, MO, ND, NE, OK, SD, WI, IN, MA, OH, KY",NA,0.015625,0.0481927710843374,566
"Ilex verticillata","Shrub","EFNative",151,"OH, MD, KY, CT, NH, NJ, PA, MA, RI, ME, NY, VT, VA, DE","IL, IA, MN, MO, WI, CT, IN, ME, MA, MI, NH, NJ, NY, OH, PA, RI, VT, WV, TX, AL, AR, DE, FL, GA, KY, LA, MD, MS, NC, SC, TN, VA",NA,0.4375,0.469879518072289,567
"Anthoxanthum nitens","Grass","EFNative",4,"MA, PA, OH, ME","AK, CO, ID, MT, OR, WA, WY, IL, IA, MN, ND, NE, SD, WI, CT, IN, ME, MA, MI, NH, NJ, NY, OH, PA, RI, VT, WV, AZ, CA, NV, UT, NM, DE, MD, NC",NA,0.00390625,0.036144578313253,568
"Bromus pubescens","Grass","EFNative",4,"MA, NJ, VA, PA","CO, WY, IL, IA, KS, MN, MO, ND, NE, OK, SD, WI, CT, IN, ME, MA, MI, NH, NJ, NY, OH, PA, RI, VT, WV, TX, AL, AR, DE, FL, GA, KY, LA, MD, MS, NC, SC, TN, VA",NA,0.00390625,0.036144578313253,569
"Cardamine diphylla","Forb/herb","EFNative",4,"WV, PA, VA","MN, WI, CT, IN, ME, MA, MI, NH, NJ, NY, OH, PA, VT, WV, AL, AR, GA, KY, MD, NC, SC, TN, VA",NA,0.00390625,0.036144578313253,570
"Carex frankii","Grass","EFNative",4,"VA, PA, MD","IL, IA, KS, MO, NE, OK, IN, MI, NJ, NY, OH, PA, WV, NM, AL, AR, DE, GA, KY, MD, NC, SC, TN, VA",NA,0.00390625,0.036144578313253,571
"Carex swanii","Grass","EFNative",4,"VA, PA, NJ","IL, KS, MO, WI, CT, IN, ME, MA, MI, NH, NJ, NY, OH, PA, RI, VT, WV, AL, AR, DE, GA, KY, MD, MS, NC, TN, VA",NA,0.00390625,0.036144578313253,572
"Carex typhina","Grass","EFNative",4,"VA, MD, PA, NJ","IL, IA, MN, MO, OK, WI, CT, IN, ME, MA, MI, NJ, NY, OH, PA, VT, WV, TX, AL, AR, DE, GA, KY, LA, MD, MS, NC, SC, TN, VA",NA,0.00390625,0.036144578313253,573
"Dulichium arundinaceum","Grass","EFNative",4,"MA, PA, MD","ID, MT, OR, WA, WY, IL, IA, MN, MO, NE, OK, WI, CT, IN, ME, MA, MI, NH, NJ, NY, OH, PA, RI, VT, WV, CA, TX, AL, AR, DE, FL, GA, KY, LA, MD, MS, NC, SC, TN, VA",NA,0.00390625,0.036144578313253,574
"Gentiana alba","Forb/herb","EFNative",4,"PA","IL, IA, KS, MN, MO, NE, OK, WI, IN, MI, OH, PA, WV, AR, KY, MD, NC",NA,0.00390625,0.036144578313253,575
"Geum rivale","Forb/herb","EFNative",4,"CT, NJ, ME","CO, MT, WA, WY, IL, MN, ND, SD, WI, MA, MI, NH, NJ, NY, OH, PA, RI, VT, WV, NM, MD",NA,0.00390625,0.036144578313253,576
"Myrica heterophylla","Shrub","EFNative",4,"CT, ME, MA, NH","NJ, NY, PA, TX, AL, AR, FL, GA, LA, MD, MS, NC, SC, VA",NA,0.00390625,0.036144578313253,577
"Phacelia bipinnatifida","Forb/herb","EFNative",4,"DE, PA, NJ","IL, IA, MO, IN, NJ, OH, PA, WV, AL, AR, GA, KY, MD, MS, NC, SC, TN, VA",NA,0.00390625,0.036144578313253,578
"Phegopteris hexagonoptera","Forb/herb","EFNative",4,"VA, MA","IL, IA, KS, MN, MO, OK, WI, CT, IN, ME, MA, MI, NH, NJ, NY, OH, PA, RI, VT, WV, TX, AL, AR, DE, FL, GA, KY, LA, MD, MS, NC, SC, TN, VA",NA,0.00390625,0.036144578313253,579
"Sabatia angularis","Forb/herb","EFNative",4,"MD, VA, PA","IL, KS, MO, OK, WI, CT, IN, MA, MI, NJ, NY, OH, PA, WV, TX, AL, AR, DE, FL, GA, KY, LA, MD, MS, NC, SC, TN, VA",NA,0.00390625,0.036144578313253,580
"Salix lucida","Shrub","EFNative",4,"MD, CT, MA","WA, WY, IL, IA, MN, ND, SD, WI, CT, IN, ME, MA, MI, NH, NJ, NY, OH, PA, RI, VT, WV, UT, TX, DE, MD, SC, TN",NA,0.00390625,0.036144578313253,581
"Salix petiolaris","Shrub","EFNative",4,"MA, PA, OH","CO, IL, IA, MN, ND, NE, SD, WI, CT, IN, ME, MA, MI, NH, NJ, NY, OH, PA, VT",NA,0.00390625,0.036144578313253,582
"Sarracenia flava","Forb/herb","EFNative",4,"PA, VA","AL, FL, GA, NC, SC, VA",NA,0.00390625,0.036144578313253,583
"Sium suave","Forb/herb","EFNative",4,"MD, CT, PA, MA","AK, CO, ID, MT, OR, WA, WY, IL, IA, KS, MN, MO, ND, NE, SD, WI, CT, IN, ME, MA, MI, NH, NJ, NY, OH, PA, RI, VT, WV, AZ, CA, NV, UT, NM, TX, AL, AR, DE, FL, GA, KY, LA, MD, MS, NC, SC, TN, VA",NA,0.00390625,0.036144578313253,584
"Sparganium americanum","Forb/herb","EFNative",4,"MD, MA, ME","IL, IA, KS, MN, MO, OK, WI, CT, IN, ME, MA, MI, NH, NJ, NY, OH, PA, RI, VT, WV, TX, AL, AR, DE, FL, GA, KY, LA, MD, MS, NC, SC, TN, VA",NA,0.00390625,0.036144578313253,585
"Sparganium eurycarpum","Forb/herb","EFNative",4,"PA, NJ, MD","CO, ID, MT, OR, WA, WY, IL, IA, KS, MN, MO, ND, NE, OK, SD, WI, CT, IN, ME, MA, MI, NH, NJ, NY, OH, PA, RI, VT, WV, AZ, CA, NV, UT, NM, DE, KY, MD, VA",NA,0.00390625,0.036144578313253,586
"Ulmus rubra","Tree","EFNative",4,"MD, VA, PA","IL, IA, KS, MN, MO, ND, NE, OK, SD, WI, CT, IN, ME, MA, MI, NH, NJ, NY, OH, PA, VT, WV, TX, AL, AR, DE, FL, GA, KY, LA, MD, MS, NC, SC, TN, VA",NA,0.00390625,0.036144578313253,587
"Coreopsis rosea","Forb/herb","EFNative",37,"OH, NY, MD, PA, RI, NJ, MA, CT, ME, DE, VA, VT","MA, NJ, NY, PA, RI, DE, MD, SC",NA,0.1015625,0.132530120481928,588
"Rudbeckia maxima","Forb/herb","EFNative",33,"MD, RI, CT, NJ, MA, PA, NY, DE, VA, OH, NH, ME, VT","OK, TX, AR, LA, SC",NA,0.08984375,0.120481927710843,589
"Fagus grandifolia","Tree","EFNative",74,"OH, MD, KY, NJ, MA, NY, PA, RI, VA, NH, DE, VT, ME","IL, MO, OK, WI, CT, IN, ME, MA, MI, NH, NJ, NY, OH, PA, RI, VT, WV, TX, AL, AR, DE, FL, GA, KY, LA, MD, MS, NC, SC, TN, VA",NA,0.2109375,0.240963855421687,590
"Rhus typhina","Shrub","EFNative",74,"MA, OH, MD, KY, NY, NJ, CT, ME, VA, DE, PA, RI, VT, NH","IL, IA, MN, MO, WI, CT, IN, ME, MA, MI, NH, NJ, NY, OH, PA, RI, VT, WV, AL, DE, GA, KY, MD, MS, NC, SC, TN, VA",NA,0.2109375,0.240963855421687,591
"Vaccinium macrocarpon","Shrub","EFNative",25,"NY, MA, RI, PA, ME, MD, CT, DE, VT, NH","IL, MN, WI, CT, IN, ME, MA, MI, NH, NJ, NY, OH, PA, RI, VT, WV, DE, MD, NC, TN, VA",NA,0.06640625,0.0963855421686747,592
"Dalea purpurea","Forb/herb","EFNative",21,"MA, NY, MD, RI, OH, NJ, PA, VT, VA, ME","CO, ID, MT, WY, IL, KS, MN, ND, OK, WI, IN, MI, AZ, NM, TX, AL, GA, KY, LA, TN",NA,0.0546875,0.0843373493975904,593
"Carex woodii","Grass","EFNative",9,"MD, PA, VA, WV, NJ","IL, IA, MN, WI, IN, MI, NY, OH, PA, WV, GA, KY, MD, NC, SC, TN, VA",NA,0.01953125,0.0481927710843374,594
"Fraxinus pennsylvanica","Tree","EFNative",9,"NJ, VA, PA, MA","CO, MT, WY, IL, IA, KS, MN, MO, ND, NE, OK, SD, WI, CT, IN, ME, MA, MI, NH, NJ, NY, OH, PA, RI, VT, WV, UT, TX, AL, AR, DE, FL, GA, KY, LA, MD, MS, NC, SC, TN, VA",NA,0.01953125,0.0481927710843374,595
"Hylotelephium telephioides","Forb/herb","EFNative",9,"MD, PA, ME, WV, NH, MA, VA","IL, MN, IN, MI, OH, PA, WV, KY, MD, NC, SC, VA",NA,0.01953125,0.0481927710843374,596
"Sanguisorba canadensis","Forb/herb","EFNative",9,"MA, PA, ME, VT, NH, NJ","IL, CT, IN, ME, MA, MI, NH, NJ, NY, OH, PA, RI, VT, WV, DE, GA, KY, MD, NC, SC, TN, VA",NA,0.01953125,0.0481927710843374,597
"Asclepias sullivantii","Forb/herb","EFNative",5,"MA, PA, OH, VT","IL, IA, KS, MN, MO, ND, NE, OK, SD, WI, IN, MI, OH, AR",NA,0.0078125,0.036144578313253,598
"Carex leavenworthii","Grass","EFNative",5,"MD, NJ, PA","IL, IA, KS, MO, NE, OK, SD, IN, MI, NJ, NY, OH, PA, WV, TX, AL, AR, FL, GA, KY, LA, MD, MS, NC, SC, TN, VA",NA,0.0078125,0.036144578313253,599
"Carex sprengelii","Grass","EFNative",5,"NJ, PA, MD, CT, MA","CO, MT, WY, IL, IA, MN, MO, ND, NE, SD, WI, CT, IN, ME, MA, MI, NH, NJ, NY, PA, VT, NM, DE",NA,0.0078125,0.036144578313253,600
"Coreopsis tinctoria","Forb/herb","EFNative",5,"MD, PA, NH, VA","CO, ID, MT, OR, WA, WY, IL, IA, KS, MN, MO, ND, NE, OK, SD, WI, CT, IN, ME, MA, MI, NH, NJ, NY, OH, PA, RI, VT, WV, AZ, CA, NM, TX, AL, AR, DE, FL, GA, KY, LA, MD, MS, NC, SC, TN, VA",NA,0.0078125,0.036144578313253,601
"Luzula multiflora","Grass","EFNative",5,"VA, CT, PA, WV","AK, MT, OR, IL, IA, MN, ND, SD, WI, CT, IN, ME, MA, MI, NH, NJ, NY, OH, PA, VT, WV, DE, KY, MD, TN, VA",NA,0.0078125,0.036144578313253,602
"Marshallia grandiflora","Forb/herb","EFNative",5,"DE, PA, WV, VA","NC",NA,0.0078125,0.036144578313253,603
"Medeola virginiana","Forb/herb","EFNative",5,"RI, PA, VA, WV","IL, MO, WI, CT, IN, ME, MA, MI, NH, NJ, NY, OH, PA, RI, VT, WV, AL, DE, FL, GA, KY, LA, MD, MS, NC, SC, TN, VA",NA,0.0078125,0.036144578313253,604
"Pteridium aquilinum","Forb/herb","EFNative",5,"MD, PA, ME, VA, MA","AL, AZ, AR, CA, CO, CT, DE, FL, GA, ID, IL, IN, IA, KS, KY, LA, ME, MD, MA, MI, MN, MS, MO, MT, NV, NH, NJ, NM, NY, NC, ND, OH, OK, OR, PA, RI, SC, SD, TN, TX, UT, VT, VA, WA, WV, WI, WY",NA,0.0078125,0.036144578313253,605
"Rudbeckia subtomentosa","Forb/herb","EFNative",42,"KY, NY, MD, NH, RI, CT, PA, VA, ME, DE, VT, OH, WV, NJ","IL, IA, KS, MN, MO, OK, WI, CT, IN, MA, MI, NY, TX, AR, KY, LA, MS, NC, TN",NA,0.1171875,0.144578313253012,606
"Kalmia latifolia","Shrub","EFNative",83,"DE, NY, ME, CT, NJ, MA, RI, MD, PA, VA, OH, NH, VT","CT, IN, ME, MA, NH, NJ, NY, OH, PA, RI, VT, WV, AL, DE, FL, GA, KY, LA, MD, MS, NC, SC, TN, VA",NA,0.23828125,0.265060240963855,607
"Rhododendron calendulaceum","Shrub","EFNative",30,"PA, CT, ME, OH, NJ, DE, NY, MA, VA, MD, NH, VT","NY, OH, PA, WV, AL, GA, KY, MD, NC, SC, TN, VA",NA,0.08203125,0.108433734939759,608
"Rhododendron atlanticum","Shrub","EFNative",26,"NY, PA, CT, VA, NH, NJ, DE, MD, MA, ME, VT","PA, DE, GA, MD, NC, SC, VA",NA,0.0703125,0.0963855421686747,609
"Amsonia tabernaemontana","Forb/herb","EFNative",71,"MA, KY, NY, MD, NH, RI, PA, CT, ME, NJ, VA, OH, DE, VT, WV","IL, IA, KS, MO, OK, IN, PA, NV, TX, AL, AR, DE, GA, KY, LA, NC, SC, TN, VA",NA,0.203125,0.228915662650602,610
"Liatris pycnostachya","Forb/herb","EFNative",18,"MA, RI, MD, OH, PA, DE, ME, VA, NJ, VT","IL, IA, KS, MN, MO, ND, NE, OK, SD, WI, IN, MA, MI, NJ, NY, OH, PA, TX, AR, KY, LA, MS",NA,0.046875,0.072289156626506,611
"Rhus aromatica","Shrub","EFNative",112,"OH, MD, KY, NY, NJ, PA, MA, RI, CT, ME, VA, DE, VT, NH","IL, IA, KS, MN, MO, NE, OK, SD, WI, CT, IN, MA, MI, NH, NJ, NY, OH, PA, VT, WV, TX, AL, AR, FL, GA, KY, LA, MD, MS, NC, SC, TN, VA",NA,0.32421875,0.349397590361446,612
"Aesculus flava","Shrub","EFNative",14,"OH, VT, NJ, DE, PA, MD","IL, IN, NJ, OH, PA, WV, AL, GA, KY, MD, NC, SC, TN, VA",NA,0.03515625,0.0602409638554217,613
"Amorpha canescens","Shrub","EFNative",10,"MA, NJ, VA, PA, DE","CO, MT, WY, IL, IA, KS, MN, MO, ND, NE, OK, SD, WI, IN, MI, AZ, NM, TX, AR, MS",NA,0.0234375,0.0481927710843374,614
"Allium canadense","Forb/herb","EFNative",6,"RI, PA, VA, NJ","IL, IA, KS, MN, MO, NE, OK, SD, WI, CT, IN, ME, MA, MI, NH, NJ, NY, OH, PA, RI, VT, WV, TX, AL, AR, DE, FL, GA, KY, LA, MD, MS, NC, SC, TN, VA","MI",0.01171875,0.036144578313253,615
"Carex lacustris","Grass","EFNative",6,"MA, MD, ME, PA","ID, MT, IL, IA, MN, MO, ND, NE, SD, WI, CT, IN, ME, MA, MI, NH, NJ, NY, OH, PA, RI, VT, WV, AL, DE, KY, MD, VA",NA,0.01171875,0.036144578313253,616
"Eleocharis palustris","Grass","EFNative",6,"MD, PA, MA, ME, VA","AK, CO, ID, MT, OR, WA, WY, IL, IA, KS, MN, MO, ND, NE, OK, SD, WI, CT, IN, ME, MA, MI, NH, NJ, NY, OH, PA, RI, VT, WV, AZ, CA, NV, UT, NM, TX, AL, AR, DE, KY, LA, MD, MS, NC, SC, TN, VA",NA,0.01171875,0.036144578313253,617
"Gaillardia pulchella","Forb/herb","EFNative",6,"MA, WV, VT, VA","CO, KS, MO, NE, OK, SD, AZ, NM, TX",NA,0.01171875,0.036144578313253,618
"Helianthus microcephalus","Forb/herb","EFNative",6,"MD, PA, NJ, VA","IL, IA, MN, CT, IN, MI, NJ, OH, PA, WV, AL, AR, FL, GA, KY, LA, MD, MS, NC, SC, TN, VA",NA,0.01171875,0.036144578313253,619
"Rhododendron cumberlandense","Shrub","EFNative",6,"PA, MD, VT","AL, GA, KY, NC, TN, VA",NA,0.01171875,0.036144578313253,620
"Silphium integrifolium","Forb/herb","EFNative",6,"MD, MA, PA, VA","WY, IL, IA, KS, MO, NE, OK, SD, WI, IN, MI, NM, TX, AL, AR, KY, LA, MS, TN",NA,0.01171875,0.036144578313253,621
"Andersonglossum virginianum","Forb/herb","EFNative",2,"PA, VA","IL, MO, OK, CT, IN, MI, NJ, NY, OH, PA, VT, WV, TX, AL, AR, DE, FL, GA, KY, LA, MD, MS, NC, SC, TN, VA",NA,0,0.0240963855421687,622
"Andropogon gyrans","Grass","EFNative",2,"VA","IL, MO, OK, IN, NJ, OH, PA, WV, TX, AL, AR, DE, FL, GA, KY, LA, MD, MS, NC, SC, TN, VA",NA,0,0.0240963855421687,623
"Arabidopsis lyrata","Forb/herb","EFNative",2,"MD, PA","AK, WA, IL, IA, MN, MO, WI, CT, IN, MA, MI, NJ, NY, OH, PA, VT, WV, AL, DE, GA, KY, MD, MS, NC, TN, VA",NA,0,0.0240963855421687,624
"Aristolochia serpentaria","Forb/herb","EFNative",2,"VA","IL, IA, KS, MO, OK, CT, IN, MI, NJ, NY, OH, PA, WV, TX, AL, AR, DE, FL, GA, KY, LA, MD, MS, NC, SC, TN, VA",NA,0,0.0240963855421687,625
"Bidens frondosa","Forb/herb","EFNative",2,"MD","AK, CO, ID, OR, WA, WY, IL, IA, KS, MN, MO, ND, NE, OK, SD, WI, CT, IN, ME, MA, MI, NH, NJ, NY, OH, PA, RI, VT, WV, AZ, CA, NV, UT, NM, TX, AL, AR, DE, FL, GA, KY, LA, MD, MS, NC, SC, TN, VA",NA,0,0.0240963855421687,626
"Bolboschoenus robustus","Grass","EFNative",2,"VA, MD","CT, ME, MA, NH, NJ, NY, PA, RI, CA, TX, AL, AR, DE, FL, GA, LA, MD, MS, NC, SC, VA",NA,0,0.0240963855421687,627
"Calopogon tuberosus","Forb/herb","EFNative",2,"PA","IL, IA, MN, MO, OK, WI, CT, IN, ME, MA, MI, NH, NJ, NY, OH, PA, RI, VT, WV, TX, AL, AR, DE, FL, GA, KY, LA, MD, MS, NC, SC, TN, VA",NA,0,0.0240963855421687,628
"Carex cephalophora","Grass","EFNative",2,"RI, MA","IL, IA, KS, MN, MO, NE, OK, WI, CT, IN, ME, MA, MI, NH, NJ, NY, OH, PA, RI, VT, WV, TX, AL, AR, DE, FL, GA, KY, LA, MD, NC, SC, TN, VA",NA,0,0.0240963855421687,629
"Carex glaucodea","Grass","EFNative",2,"MD, VA","IL, MO, OK, CT, IN, MA, NH, NJ, NY, OH, PA, VT, WV, TX, AL, AR, DE, KY, LA, MD, MS, NC, SC, TN, VA",NA,0,0.0240963855421687,630
"Carex muehlenbergii","Grass","EFNative",2,"CT, VA","IL, IA, KS, MN, MO, NE, OK, WI, CT, IN, ME, MA, MI, NH, NJ, NY, OH, PA, RI, VT, WV, TX, AL, AR, DE, FL, GA, KY, LA, MD, MS, NC, SC, TN, VA",NA,0,0.0240963855421687,631
"Carex nigromarginata","Grass","EFNative",2,"VA","IL, MO, CT, IN, MA, NJ, NY, OH, PA, RI, WV, TX, AL, AR, DE, GA, KY, MD, MS, NC, SC, TN, VA",NA,0,0.0240963855421687,632
"Cirsium muticum","Forb/herb","EFNative",2,"MA","IL, IA, MN, MO, ND, OK, WI, CT, IN, ME, MA, MI, NH, NJ, NY, OH, PA, RI, VT, WV, TX, AL, AR, DE, FL, GA, KY, LA, MD, NC, SC, TN, VA",NA,0,0.0240963855421687,633
"Clematis crispa","Vine","EFNative",2,"VA","IL, MO, OK, TX, AL, AR, FL, GA, KY, LA, MS, NC, SC, TN, VA",NA,0,0.0240963855421687,634
"Clematis occidentalis","Vine","EFNative",2,"PA, VA","CO, ID, MT, OR, WA, WY, IL, IA, MN, WI, CT, ME, MA, MI, NH, NJ, NY, PA, RI, VT, WV, UT, NM, DE, MD, NC, VA",NA,0,0.0240963855421687,635
"Clematis ochroleuca","Forb/herb","EFNative",2,"VA","NJ, NY, GA, MD, NC, SC, VA",NA,0,0.0240963855421687,636
"Clitoria mariana","Forb/herb","EFNative",2,"VA","IL, IA, KS, NE, OK, SD, WI, IN, ME, NJ, NY, WV, AZ, TX, AL, AR, DE, FL, GA, KY, LA, MD, MS, NC, TN, VA",NA,0,0.0240963855421687,637
"Coleataenia anceps","Grass","EFNative",2,"VA, MD","IL, IA, KS, MO, OK, IN, NJ, NY, OH, PA, WV, TX, AL, AR, DE, FL, GA, KY, LA, MD, MS, NC, SC, TN, VA",NA,0,0.0240963855421687,638
"Cyrilla racemiflora","Shrub","EFNative",2,"VA","TX, AL, DE, FL, GA, LA, MS, NC, SC, VA",NA,0,0.0240963855421687,639
"Cystopteris fragilis","Forb/herb","EFNative",2,"PA, VA","AK, CO, ID, MT, OR, WA, WY, IL, IA, KS, MN, ND, NE, SD, WI, CT, ME, MA, MI, NH, NY, OH, PA, VT, AZ, CA, NV, UT, NM, TX, NC, VA",NA,0,0.0240963855421687,640
"Desmodium paniculatum","Forb/herb","EFNative",2,"VA, MA","IL, MN, OK, IN, ME, MA, NY, OH, PA, VT, WV, TX, AL, AR, DE, FL, GA, KY, LA, MD, MS, NC, SC, TN, VA",NA,0,0.0240963855421687,641
"Dichanthelium acuminatum","Grass","EFNative",2,"VA, MD","CT, MA, NH, NJ, NY, PA, RI, VT, WV, TX, AL, AR, DE, FL, GA, LA, MD, MS, NC, SC, VA",NA,0,0.0240963855421687,642
"Dichanthelium boscii","Grass","EFNative",2,"PA, VA","IL, KS, MO, OK, CT, IN, MA, NJ, NY, OH, PA, RI, WV, TX, AL, AR, DE, FL, GA, KY, LA, MD, MS, NC, SC, TN, VA",NA,0,0.0240963855421687,643
"Doellingeria infirma","Forb/herb","EFNative",2,"MD, VA","CT, MA, NJ, NY, OH, PA, RI, WV, AL, DE, FL, GA, KY, MD, NC, SC, TN, VA",NA,0,0.0240963855421687,644
"Elephantopus tomentosus","Forb/herb","EFNative",2,"VA","OK, TX, AL, AR, FL, GA, KY, LA, MD, MS, NC, SC, TN, VA",NA,0,0.0240963855421687,645
"Erianthus giganteus","Grass","EFNative",2,"VA, MD","IL, MO, OK, NJ, NY, PA, TX, AL, AR, DE, FL, GA, KY, LA, MD, MS, NC, SC, TN, VA",NA,0,0.0240963855421687,646
"Gaylussacia frondosa","Shrub","EFNative",2,"PA, VA","CT, MA, NH, NJ, NY, PA, RI, DE, GA, MD, NC, SC, VA",NA,0,0.0240963855421687,647
"Gentiana saponaria","Forb/herb","EFNative",2,"VA","IL, OK, WI, IN, MI, NJ, NY, OH, PA, WV, TX, AL, AR, DE, FL, GA, KY, LA, MD, MS, NC, SC, TN, VA",NA,0,0.0240963855421687,648
"Gentianopsis crinita","Forb/herb","EFNative",2,"MA, PA","IL, IA, MN, ND, WI, CT, IN, ME, MA, MI, NH, NJ, NY, OH, PA, RI, VT, WV, DE, GA, MD, NC, TN, VA",NA,0,0.0240963855421687,649
"Geum aleppicum","Forb/herb","EFNative",2,"MA, NJ","AK, CO, ID, MT, OR, WA, WY, IL, IA, MN, ND, NE, SD, WI, CT, IN, ME, MA, MI, NH, NY, OH, PA, RI, VT, WV, AZ, CA, UT, NM, MD, NC, TN, VA",NA,0,0.0240963855421687,650
"Hackelia virginiana","Forb/herb","EFNative",2,"NJ, MA","IA, KS, MN, MO, ND, NE, OK, SD, WI, CT, IN, ME, MA, MI, NH, NJ, NY, OH, PA, RI, VT, WV, TX, AL, AR, DE, GA, KY, LA, MD, MS, NC, SC, TN, VA",NA,0,0.0240963855421687,651
"Hieracium gronovii","Forb/herb","EFNative",2,"VA, PA","IL, KS, MN, MO, OK, CT, IN, ME, MA, MI, NJ, NY, OH, PA, RI, WV, TX, AL, AR, DE, FL, GA, KY, LA, MD, MS, NC, SC, TN, VA",NA,0,0.0240963855421687,652
"Hylodesmum nudiflorum","Forb/herb","EFNative",2,"VA, MA","IL, IA, MN, MO, OK, WI, IN, MI, NH, NY, OH, PA, VT, WV, TX, AL, AR, DE, FL, GA, KY, LA, MD, MS, NC, SC, TN, VA",NA,0,0.0240963855421687,653
"Ipomoea pandurata","Forb/herb","EFNative",2,"PA","IL, KS, MO, OK, CT, IN, MI, NJ, NY, OH, PA, WV, TX, AL, AR, DE, FL, GA, KY, LA, MD, MS, NC, SC, TN, VA",NA,0,0.0240963855421687,654
"Krigia virginica","Forb/herb","EFNative",2,"PA, CT","IL, IA, MN, MO, OK, WI, CT, IN, ME, MA, MI, NH, NJ, NY, OH, PA, RI, VT, WV, TX, AL, AR, DE, FL, GA, KY, LA, MD, MS, NC, SC, TN, VA",NA,0,0.0240963855421687,655
"Lespedeza violacea","Forb/herb","EFNative",2,"MD, PA","IL, IA, KS, MN, MO, NE, OK, WI, IN, ME, MI, NY, OH, PA, VT, WV, TX, AL, AR, GA, KY, LA, MD, MS, NC, SC, TN, VA",NA,0,0.0240963855421687,656
"Ludwigia decurrens","Forb/herb","EFNative",2,"PA, VA","IL, MO, OK, WI, IN, OH, PA, WV, TX, AL, AR, FL, GA, KY, LA, MD, MS, NC, SC, TN, VA","CA",0,0.0240963855421687,657
"Lycopus uniflorus","Forb/herb","EFNative",2,"VA, NJ","AK, CO, ID, MT, WY, IL, IA, KS, MN, MO, ND, NE, CT, ME, MI, NH, NY, RI, VT, CA, AR, KY, MD, NC, TN, VA",NA,0,0.0240963855421687,658
"Lycopus virginicus","Forb/herb","EFNative",2,"NJ, VA","ID, IL, KS, MN, MO, NE, OK, WI, CT, IN, ME, MA, MI, NJ, NY, OH, PA, RI, VT, TX, AL, AR, DE, FL, GA, KY, LA, MD, MS, NC, SC, TN, VA",NA,0,0.0240963855421687,659
"Melothria pendula","Forb/herb","EFNative",2,"VA","IL, KS, MO, OK, IN, PA, TX, AL, AR, DE, FL, GA, KY, LA, MD, MS, NC, SC, TN, VA",NA,0,0.0240963855421687,660
"Neviusia alabamensis","Shrub","EFNative",2,"PA, NJ","AL, AR, GA, KY, MS, TN",NA,0,0.0240963855421687,661
"Nuphar lutea","Forb/herb","EFNative",2,"NJ, MD","AL, AZ, AR, CA, CO, CT, DE, FL, GA, ID, IL, IN, IA, KS, KY, LA, ME, MD, MA, MI, MN, MS, MO, MT, NE, NV, NH, NJ, NM, NY, NC, ND, OH, OK, OR, PA, RI, SC, SD, TN, TX, UT, VT, VA, WA, WV, WI, WY",NA,0,0.0240963855421687,662
"Osmorhiza longistylis","Forb/herb","EFNative",2,"PA, VA","CO, MT, WY, IL, IA, KS, MN, MO, ND, NE, OK, SD, WI, CT, IN, ME, MA, MI, NH, NJ, NY, OH, PA, RI, VT, WV, NM, TX, AL, AR, DE, GA, KY, MD, MS, NC, SC, TN, VA",NA,0,0.0240963855421687,663
"Panax quinquefolius","Forb/herb","EFNative",2,"PA, OH","IL, IA, KS, MN, MO, NE, OK, SD, WI, CT, IN, ME, MA, MI, NH, NJ, NY, OH, PA, VT, WV, AL, AR, DE, FL, GA, KY, LA, MD, MS, NC, SC, TN, VA","All",0,0.0240963855421687,664
"Pedicularis canadensis","Forb/herb","EFNative",2,"MA, PA","CO, IL, IA, KS, MN, MO, ND, NE, OK, SD, WI, CT, IN, ME, MA, MI, NH, NY, OH, PA, RI, VT, WV, NM, TX, AL, AR, DE, FL, GA, KY, LA, MD, MS, NC, SC, TN, VA",NA,0,0.0240963855421687,665
"Poa nemoralis","Grass","EFNative",2,"NJ, MD","AK, CO, ID, MT, OR, WA, WY, IL, IA, MN, MO, ND, NE, SD, WI, CT, IN, ME, MA, MI, NH, NJ, NY, OH, PA, RI, VT, AZ, CA, NV, UT, TX, DE, MD, NC, TN, VA",NA,0,0.0240963855421687,666
"Prunus pensylvanica","Shrub","EFNative",2,"MD, PA","CO, MT, WY, IL, IA, MN, ND, SD, WI, CT, IN, ME, MA, MI, NH, NJ, NY, OH, PA, RI, VT, WV, GA, MD, NC, TN, VA",NA,0,0.0240963855421687,667
"Pycnanthemum torreyi","Forb/herb","EFNative",2,"VA","IL, KS, MO, CT, NJ, NY, PA, WV, DE, GA, MD, NC, SC, TN",NA,0,0.0240963855421687,668
"Rhynchospora capitellata","Grass","EFNative",2,"VA, PA","OR, IL, KS, MN, MO, WI, CT, IN, ME, MA, MI, NH, NJ, NY, OH, PA, RI, VT, WV, CA, TX, AL, AR, DE, GA, KY, MD, MS, NC, TN, VA",NA,0,0.0240963855421687,669
"Rubus flagellaris","Shrub","EFNative",2,"PA, NJ","IL, IA, KS, MN, MO, NE, OK, WI, CT, IN, ME, MI, NH, NJ, NY, OH, PA, RI, VT, WV, AZ, NM, TX, AL, AR, DE, FL, GA, KY, LA, MD, MS, NC, SC, TN, VA",NA,0,0.0240963855421687,670
"Salix amygdaloides","Shrub","EFNative",2,"PA","CO, ID, MT, OR, WA, WY, IL, IA, KS, MN, MO, ND, NE, OK, SD, WI, IN, MI, NY, OH, PA, VT, AZ, NV, UT, NM, TX, KY",NA,0,0.0240963855421687,671
"Scutellaria elliptica","Forb/herb","EFNative",2,"PA, VA","IL, MO, IN, MI, NY, OH, PA, WV, TX, AL, FL, GA, KY, LA, MD, MS, NC, TN, VA",NA,0,0.0240963855421687,672
"Sisyrinchium atlanticum","Forb/herb","EFNative",2,"RI, PA","IL, MO, WI, CT, IN, ME, MA, MI, NH, NJ, NY, OH, PA, RI, VT, WV, AL, AR, DE, FL, GA, KY, LA, MD, MS, NC, SC, TN, VA",NA,0,0.0240963855421687,673
"Solidago arguta","Forb/herb","EFNative",2,"PA, MA","IL, KS, MO, OK, CT, ME, MA, NH, NJ, NY, OH, PA, VT, WV, TX, AL, AR, DE, FL, GA, KY, LA, MD, MS, NC, SC, TN, VA",NA,0,0.0240963855421687,674
"Strophostyles umbellata","Forb/herb","EFNative",2,"MD, VA","IL, KS, OK, NJ, NY, PA, VT, TX, AL, DE, FL, GA, KY, LA, MD, MS, NC, SC, TN, VA",NA,0,0.0240963855421687,675
"Symphyotrichum dumosum","Forb/herb","EFNative",2,"PA, VA","IL, IA, MO, OK, WI, CT, IN, ME, MA, MI, NH, NJ, NY, OH, PA, RI, WV, TX, AL, AR, DE, FL, GA, KY, LA, MD, MS, NC, SC, TN, VA",NA,0,0.0240963855421687,676
"Symphyotrichum undulatum","Forb/herb","EFNative",2,"VA","IL, CT, IN, ME, MA, NH, NJ, NY, OH, PA, RI, VT, WV, AL, DE, FL, GA, KY, LA, MD, MS, NC, SC, TN, VA",NA,0,0.0240963855421687,677
"Triosteum aurantiacum","Forb/herb","EFNative",2,"PA, OH","IL, IA, KS, MN, MO, NE, OK, WI, CT, IN, ME, MA, MI, NH, NJ, NY, OH, PA, RI, VT, WV, AR, DE, GA, KY, MD, NC, SC, TN, VA",NA,0,0.0240963855421687,678
"Valeriana pauciflora","Forb/herb","EFNative",2,"PA","IL, IN, OH, PA, WV, AL, KY, MD, TN, VA",NA,0,0.0240963855421687,679
"Verbena urticifolia","Forb/herb","EFNative",2,"VA, NJ","IL, IA, KS, MN, MO, ND, NE, OK, SD, WI, CT, IN, ME, MA, MI, NH, NJ, NY, OH, PA, RI, VT, WV, AZ, TX, AL, AR, DE, FL, GA, KY, LA, MD, MS, NC, SC, TN, VA",NA,0,0.0240963855421687,680
"Zephyranthes atamasco","Forb/herb","EFNative",2,"VA","AL, FL, GA, MD, MS, NC, SC, VA",NA,0,0.0240963855421687,681
"Spigelia marilandica","Forb/herb","EFNative",43,"MA, NY, RI, PA, ME, OH, VA, DE, NJ, WV, CT, MD, VT, NH","IL, MO, OK, IN, TX, AL, AR, FL, GA, KY, LA, MS, NC, SC, TN, VA",NA,0.12109375,0.144578313253012,682
"Quercus muehlenbergii","Tree","EFNative",39,"VA, NJ, OH, PA, KY, NY, MD, VT","IL, IA, KS, MN, MO, NE, OK, WI, CT, IN, MA, MI, NJ, NY, OH, PA, VT, WV, NM, TX, AL, AR, FL, GA, KY, LA, MD, MS, NC, SC, TN, VA",NA,0.109375,0.132530120481928,683
"Pinus resinosa","Tree","EFNative",15,"DE, PA, MA, MD, ME, OH, CT","IL, MN, WI, CT, ME, MA, MI, NH, NJ, NY, PA, VT, WV",NA,0.0390625,0.0602409638554217,684
"Carya illinoinensis","Tree","EFNative",11,"OH, PA, MD, VA","IL, IA, KS, MO, OK, IN, TX, AR, KY, LA, MS, TN",NA,0.02734375,0.0481927710843374,685
"Deschampsia cespitosa","Grass","EFNative",56,"OH, NY, MD, PA, RI, NJ, ME, VT, VA, DE, CT, NH, WV, MA","AK, CO, ID, MT, OR, WA, WY, IL, MN, ND, SD, WI, CT, IN, ME, MA, MI, NH, NJ, NY, OH, PA, RI, VT, WV, AZ, CA, NV, UT, NM, KY, MD, NC, VA",NA,0.16015625,0.180722891566265,686
"Cardamine concatenata","Forb/herb","EFNative",7,"MA, PA, WV, CT, VA","IL, IA, KS, MN, MO, NE, OK, WI, CT, IN, ME, MA, MI, NH, NJ, NY, OH, PA, VT, WV, TX, AL, AR, DE, FL, GA, KY, LA, MD, MS, NC, SC, TN, VA",NA,0.015625,0.036144578313253,687
"Carex texensis","Grass","EFNative",7,"VA, MA, PA, NJ, MD, WV","IL, KS, MO, NE, TX, AL, AR, FL, GA, KY, LA, MD, MS, NC, SC, TN, VA",NA,0.015625,0.036144578313253,688
"Chamaedaphne calyculata","Shrub","EFNative",7,"MA, CT, DE, ME, PA, NH","AK, IL, IA, MN, WI, CT, IN, ME, MA, MI, NH, NJ, NY, OH, PA, RI, VT, DE, GA, MD, NC, SC",NA,0.015625,0.036144578313253,689
"Eleocharis geniculata","Grass","EFNative",7,"VA, NJ, MD, PA","IL, NE, OK, IN, MI, NJ, OH, PA, AZ, CA, NV, NM, TX, AL, FL, GA, LA",NA,0.015625,0.036144578313253,690
"Sorbus decora","Shrub","EFNative",7,"NY, ME, PA, MA, NJ","IL, IA, MN, WI, CT, IN, ME, MA, MI, NH, NY, OH, PA, VT",NA,0.015625,0.036144578313253,691
"Aconitum uncinatum","Forb/herb","EFNative",3,"MA, DE, VA","IL, IN, OH, PA, WV, AL, GA, KY, MD, NC, SC, TN, VA",NA,0.00390625,0.0240963855421687,692
"Aesculus sylvatica","Shrub","EFNative",3,"VA, PA","AL, GA, NC, SC, TN, VA",NA,0.00390625,0.0240963855421687,693
"Antennaria parlinii","Forb/herb","EFNative",3,"PA, VA, MD","IL, IA, KS, MN, MO, NE, OK, SD, WI, CT, IN, ME, MA, MI, NH, NJ, NY, OH, PA, RI, VT, WV, TX, AL, AR, DE, GA, KY, LA, MD, MS, NC, SC, TN, VA",NA,0.00390625,0.0240963855421687,694
"Aristolochia tomentosa","Vine","EFNative",3,"NJ, ME, VA","IL, KS, MO, OK, IN, NY, TX, AL, AR, FL, GA, KY, LA, MS, NC, TN",NA,0.00390625,0.0240963855421687,695
"Asclepias viridis","Forb/herb","EFNative",3,"RI, OH, VA","IL, KS, MO, NE, OK, IN, OH, WV, TX, AL, AR, FL, GA, KY, LA, MS, SC, TN",NA,0.00390625,0.0240963855421687,696
"Bromus kalmii","Grass","EFNative",3,"MA, PA","IL, IA, MN, ND, SD, WI, CT, IN, ME, MA, MI, NH, NJ, NY, OH, PA, VT, WV, MD, VA",NA,0.00390625,0.0240963855421687,697
"Carex annectens","Grass","EFNative",3,"CT, MD, PA","IL, IA, KS, MN, MO, NE, OK, WI, CT, IN, ME, MA, MI, NH, NJ, NY, OH, PA, RI, VT, WV, AL, AR, DE, KY, LA, MD, MS, NC, SC, TN, VA",NA,0.00390625,0.0240963855421687,698
"Carex jamesii","Grass","EFNative",3,"VA, PA","IL, IA, KS, MN, MO, NE, OK, WI, IN, MI, NJ, NY, OH, PA, WV, TX, AL, AR, KY, MD, MS, NC, SC, TN, VA",NA,0.00390625,0.0240963855421687,699
"Carex shortiana","Grass","EFNative",3,"PA, NJ, VA","IL, IA, KS, MO, OK, IN, NY, OH, PA, WV, AR, KY, MD, TN, VA",NA,0.00390625,0.0240963855421687,700
"Cornus drummondii","Shrub","EFNative",3,"VT, OH","IL, IA, KS, MO, NE, OK, SD, WI, IN, MI, NY, OH, PA, TX, AL, AR, GA, KY, LA, MS, TN",NA,0.00390625,0.0240963855421687,701
"Dasiphora fruticosa","Shrub","EFNative",3,"CT, MA, MD","AK, CO, ID, MT, OR, WA, WY, IL, IA, MN, ND, SD, WI, CT, IN, ME, MA, MI, NH, NJ, NY, OH, PA, RI, VT, AZ, CA, NV, UT, NM",NA,0.00390625,0.0240963855421687,702
"Diarrhena obovata","Grass","EFNative",3,"PA, NJ","IL, MN, WI, NY, PA, WV, KY, TN, VA",NA,0.00390625,0.0240963855421687,703
"Dryopteris celsa","Forb/herb","EFNative",3,"ME, VA","IL, MO, IN, MI, NJ, NY, PA, WV, AL, AR, DE, GA, KY, LA, MD, MS, NC, SC, TN, VA",NA,0.00390625,0.0240963855421687,704
"Eragrostis elliottii","Grass","EFNative",3,"MA, PA, MD","MO, OK, TX, AL, AR, FL, GA, LA, MS, NC, SC",NA,0.00390625,0.0240963855421687,705
"Erigeron philadelphicus","Forb/herb","EFNative",3,"VA, PA","CO, ID, MT, OR, WA, WY, IL, IA, KS, MN, MO, ND, NE, OK, SD, WI, CT, IN, ME, MA, MI, NH, NJ, NY, OH, PA, RI, VT, WV, CA, NV, NM, TX, AL, AR, DE, FL, GA, KY, LA, MD, MS, NC, SC, TN, VA",NA,0.00390625,0.0240963855421687,706
"Geranium robertianum","Forb/herb","EFNative",3,"CT, VA","MT, OR, WA, MN, MO, WI, CT, IN, ME, MA, MI, NH, NJ, OH, PA, RI, VT, WV, CA, DE, MD, VA","OR, WA",0.00390625,0.0240963855421687,707
"Houstonia longifolia","Forb/herb","EFNative",3,"RI, PA, WV","IL, MN, MO, OK, WI, IN, NY, VT, TX, AL, AR, FL, GA, KY, MD, MS, TN, VA",NA,0.00390625,0.0240963855421687,708
"Ilex mucronata","Shrub","EFNative",3,"NH, MA, ME","IL, MN, WI, CT, IN, ME, MA, MI, NH, NJ, NY, OH, PA, RI, VT, WV, MD",NA,0.00390625,0.0240963855421687,709
"Iris verna","Forb/herb","EFNative",3,"VA, WV","MO, OH, PA, WV, AL, AR, FL, GA, KY, MD, NC, SC, TN, VA",NA,0.00390625,0.0240963855421687,710
"Juncus greenei","Grass","EFNative",3,"RI, PA, MA","IL, IA, MN, WI, CT, IN, ME, MA, MI, NH, NJ, NY, OH, PA, RI, VT",NA,0.00390625,0.0240963855421687,711
"Krigia biflora","Forb/herb","EFNative",3,"PA, NJ","CO, IL, IA, KS, MN, MO, OK, WI, CT, IN, MA, MI, NJ, NY, OH, PA, RI, WV, AZ, NM, AL, AR, DE, GA, KY, MD, MS, NC, TN, VA",NA,0.00390625,0.0240963855421687,712
"Laportea canadensis","Forb/herb","EFNative",3,"ME, NJ","IL, IA, KS, MN, MO, ND, NE, OK, SD, WI, CT, IN, ME, MA, MI, NH, NJ, NY, OH, PA, RI, VT, WV, AL, AR, DE, FL, GA, KY, LA, MD, MS, NC, SC, TN, VA",NA,0.00390625,0.0240963855421687,713
"Liatris cylindracea","Forb/herb","EFNative",3,"MD, PA","IL, IA, KS, MN, MO, OK, WI, IN, MI, NY, OH, AL, AR, GA, KY, TN",NA,0.00390625,0.0240963855421687,714
"Malus angustifolia","Shrub","EFNative",3,"MD, DE, PA","IL, MO, NJ, OH, PA, WV, AL, AR, DE, FL, GA, KY, LA, MD, MS, NC, SC, TN, VA",NA,0.00390625,0.0240963855421687,715
"Matelea obliqua","Forb/herb","EFNative",3,"VA, NY","IL, MO, IN, OH, PA, WV, AL, GA, KY, MD, MS, NC, TN, VA",NA,0.00390625,0.0240963855421687,716
"Orontium aquaticum","Forb/herb","EFNative",3,"PA, MA, MD","CT, MA, NJ, NY, PA, RI, WV, TX, AL, DE, FL, GA, KY, LA, MD, MS, NC, SC, TN, VA",NA,0.00390625,0.0240963855421687,717
"Poa palustris","Grass","EFNative",3,"MD, PA, MA","AK, CO, MT, OR, WA, WY, IL, IA, MN, MO, ND, NE, SD, WI, CT, IN, ME, MA, MI, NH, NJ, NY, OH, PA, RI, VT, WV, AZ, CA, NV, UT, NM, DE, MD, MS, NC, SC, TN, VA",NA,0.00390625,0.0240963855421687,718
"Robinia hispida","Shrub","EFNative",3,"PA, VA","NJ, NY, PA, VT, AL, GA, KY, MD, NC, SC, TN, VA","WI",0.00390625,0.0240963855421687,719
"Rudbeckia grandiflora","Forb/herb","EFNative",3,"MD, NJ, PA","IL, KS, MO, OK, OH, TX, AR, GA, KY, LA, MS",NA,0.00390625,0.0240963855421687,720
"Sedum glaucophyllum","Forb/herb","EFNative",3,"MD, VA, NJ","WV, MD, NC, VA",NA,0.00390625,0.0240963855421687,721
"Sedum pulchellum","Forb/herb","EFNative",3,"MA, VA","IL, KS, MO, OK, OH, TX, AL, AR, GA, KY, MS, TN",NA,0.00390625,0.0240963855421687,722
"Sericocarpus asteroides","Forb/herb","EFNative",3,"VA, MA, NH","CT, ME, MA, NH, NJ, NY, OH, PA, RI, VT, WV, AL, DE, FL, GA, KY, LA, MD, MS, NC, SC, TN, VA",NA,0.00390625,0.0240963855421687,723
"Solidago ohioensis","Forb/herb","EFNative",3,"MD, PA","IL, WI, IN, MI, NY",NA,0.00390625,0.0240963855421687,724
"Solidago patula","Forb/herb","EFNative",3,"MA, PA","IL, IA, MO, OK, WI, CT, IN, MA, MI, NH, NJ, NY, OH, PA, VT, WV, TX, AL, AR, DE, FL, GA, KY, LA, MD, MS, NC, SC, TN, VA",NA,0.00390625,0.0240963855421687,725
"Solidago riddellii","Forb/herb","EFNative",3,"PA, NJ, OH","IL, MN, MO, WI, IN, MI, OH",NA,0.00390625,0.0240963855421687,726
"Spiranthes cernua","Forb/herb","EFNative",3,"MD, NH, VA","IL, MN, MO, OK, CT, ME, MA, NH, NJ, NY, OH, PA, RI, VT, WV, TX, AL, AR, FL, GA, KY, LA, MD, MS, NC, SC, TN, VA",NA,0.00390625,0.0240963855421687,727
"Spiranthes odorata","Forb/herb","EFNative",3,"OH, DE, PA","OK, TX, AL, AR, FL, GA, KY, LA, MD, MS, NC, SC, TN, VA",NA,0.00390625,0.0240963855421687,728
"Symphyotrichum praealtum","Forb/herb","EFNative",3,"PA, VA, MD","IL, IA, KS, MN, MO, NE, OK, SD, WI, CT, IN, ME, MA, MI, NH, NJ, NY, OH, PA, RI, WV, TX, AL, AR, DE, FL, KY, LA, MD, MS, TN, VA",NA,0.00390625,0.0240963855421687,729
"Taenidia integerrima","Forb/herb","EFNative",3,"PA, VA","IL, IA, KS, MN, MO, OK, SD, WI, CT, IN, MI, NJ, NY, OH, PA, RI, VT, WV, TX, AL, AR, DE, GA, KY, LA, MD, MS, NC, SC, TN, VA",NA,0.00390625,0.0240963855421687,730
"Tipularia discolor","Forb/herb","EFNative",3,"WV, VA","IL, MO, OK, IN, MA, MI, NJ, NY, OH, PA, WV, TX, AL, AR, DE, FL, GA, KY, LA, MD, MS, NC, SC, TN, VA",NA,0.00390625,0.0240963855421687,731
"Tradescantia bracteata","Forb/herb","EFNative",3,"MA, NJ","MT, WY, IL, IA, KS, MN, MO, ND, NE, OK, SD, WI, IN, MA, MI, OH, VT, AR, LA, MS",NA,0.00390625,0.0240963855421687,732
"Tradescantia ohiensis","Forb/herb","EFNative",3,"MD, PA, OH","IL, IA, KS, MN, MO, NE, OK, WI, CT, IN, ME, MA, MI, NH, NJ, NY, OH, PA, RI, VT, WV, TX, AL, AR, DE, FL, GA, KY, LA, MD, MS, NC, SC, TN, VA",NA,0.00390625,0.0240963855421687,733
"Vaccinium pallidum","Shrub","EFNative",3,"MA, VA, NJ","IL, KS, MO, OK, WI, CT, IN, ME, MA, MI, NH, NJ, NY, OH, PA, RI, VT, WV, AL, AR, DE, GA, KY, MD, MS, NC, SC, TN, VA",NA,0.00390625,0.0240963855421687,734
"Vaccinium stamineum","Shrub","EFNative",3,"VA, DE, PA","IL, KS, MO, OK, CT, IN, MA, NJ, NY, OH, PA, RI, VT, WV, TX, AL, AR, DE, FL, GA, KY, LA, MD, MS, NC, SC, TN, VA",NA,0.00390625,0.0240963855421687,735
"Viola pedatifida","Forb/herb","EFNative",3,"MA, PA, VA","CO, MT, WY, IL, IA, KS, MN, MO, ND, NE, OK, SD, WI, IN, MI, OH, AZ, NM, AR, VA",NA,0.00390625,0.0240963855421687,736
"Aesculus pavia","Shrub","EFNative",48,"OH, PA, VA, CT, MD, MA, ME, NJ, DE, NH","IL, MO, OK, WV, TX, AL, AR, FL, GA, KY, LA, MS, NC, SC, TN, VA",NA,0.13671875,0.156626506024096,737
"Achillea millefolium","Forb/herb","EFNative",89,"MA, KY, OH, MD, PA, RI, CT, NJ, VA, ME, WV, NY, DE, VT, NH","AK, CO, ID, MT, OR, WA, WY, IL, IA, KS, MN, MO, ND, NE, OK, SD, WI, CT, IN, ME, MA, MI, NH, NJ, NY, OH, PA, RI, VT, WV, AZ, CA, NV, UT, NM, TX, AL, AR, DE, FL, GA, KY, LA, MD, MS, NC, SC, TN, VA",NA,0.2578125,0.27710843373494,738
"Liatris microcephala","Forb/herb","EFNative",32,"PA, NJ, MD, VA, OH, VT, DE, MA, RI, ME, WV","AL, GA, KY, NC, SC, TN",NA,0.08984375,0.108433734939759,739
"Thelypteris noveboracensis","Forb/herb","EFNative",32,"NY, MD, DE, PA, ME, NH, VA, MA, CT, VT, NJ","IL, OK, CT, IN, ME, MA, MI, NH, NJ, NY, OH, PA, RI, VT, WV, AL, AR, DE, GA, KY, LA, MD, MS, NC, SC, TN, VA",NA,0.08984375,0.108433734939759,740
"Cotinus obovatus","Shrub","EFNative",16,"NY, CT, MD, PA, DE, VT, ME, MA, VA","MO, OK, TX, AL, AR, GA, KY, LA, TN",NA,0.04296875,0.0602409638554217,741
"Geum triflorum","Forb/herb","EFNative",16,"PA, MD, VT, OH, NJ, ME, VA, NH, WV","CO, ID, MT, OR, WA, WY, IL, IA, MN, ND, SD, WI, MI, NY, AZ, CA, NV, UT, NM",NA,0.04296875,0.0602409638554217,742
"Rhododendron vaseyi","Shrub","EFNative",16,"MA, ME, NJ, DE, PA, NH, NY","NC",NA,0.04296875,0.0602409638554217,743
"Betula nigra","Tree","EFNative",159,"OH, MD, KY, PA, NY, NJ, RI, MA, VA, CT, ME, VT, NH, DE","IL, IA, KS, MN, MO, OK, WI, CT, IN, MA, NJ, NY, OH, PA, WV, TX, AL, AR, DE, FL, GA, KY, LA, MD, MS, NC, SC, TN, VA",NA,0.46484375,0.481927710843373,744
"Carex socialis","Grass","EFNative",12,"MA, PA, MD, NJ, WV, OH, DE","IL, MO, OK, IN, TX, AL, AR, GA, KY, MS, NC, SC, TN",NA,0.03125,0.0481927710843374,745
"Carex brevior","Grass","EFNative",8,"PA, NJ, OH, NH, VA, MD, MA","CO, ID, MT, WA, WY, IL, IA, KS, MN, MO, ND, NE, OK, SD, WI, CT, IN, ME, MA, MI, NH, NJ, NY, OH, PA, RI, VT, WV, AZ, NM, TX, AL, AR, DE, KY, MD, MS, TN, VA",NA,0.01953125,0.036144578313253,746
"Celastrus scandens","Vine","EFNative",8,"KY, PA, VT, NH, VA","MT, WY, IL, IA, KS, MN, MO, ND, NE, OK, SD, WI, CT, IN, ME, MA, MI, NH, NJ, NY, OH, PA, RI, VT, WV, TX, AL, AR, DE, GA, KY, LA, MD, MS, NC, SC, TN, VA",NA,0.01953125,0.036144578313253,747
"Fraxinus americana","Tree","EFNative",8,"MD, NJ, PA, ME, MA","IL, IA, KS, MN, MO, NE, OK, WI, CT, IN, ME, MA, MI, NH, NJ, NY, OH, PA, RI, VT, WV, TX, AL, AR, DE, FL, GA, KY, LA, MD, MS, NC, SC, TN, VA",NA,0.01953125,0.036144578313253,748
"Sibbaldiopsis tridentata","Forb/herb","EFNative",8,"MA, DE, ME, PA, RI, NH","IL, IA, MN, ND, WI, CT, ME, MA, MI, NH, NJ, NY, PA, RI, VT, WV, GA, NC, TN, VA",NA,0.01953125,0.036144578313253,749
"Actaea rubra","Forb/herb","EFNative",4,"CT, ME, VA","AK, CO, ID, MT, OR, WA, WY, IL, IA, MN, ND, NE, SD, WI, CT, IN, ME, MA, MI, NH, NJ, NY, OH, PA, RI, VT, AZ, CA, NV, UT, NM",NA,0.0078125,0.0240963855421687,750
"Carex hystericina","Grass","EFNative",4,"MD, PA, OH","CO, MT, WY, IL, IA, KS, MN, MO, NE, SD, WI, CT, IN, ME, MA, MI, NJ, NY, OH, PA, VT, WV, AZ, UT, NM, TX, AR, MD, TN, VA",NA,0.0078125,0.0240963855421687,751
"Carex tribuloides","Grass","EFNative",4,"MD, PA, OH","IL, IA, KS, MN, MO, NE, OK, WI, CT, IN, ME, MA, MI, NH, NJ, NY, OH, PA, RI, VT, WV, TX, AL, AR, DE, FL, GA, KY, LA, MD, MS, NC, SC, TN, VA",NA,0.0078125,0.0240963855421687,752
"Celtis laevigata","Shrub","EFNative",4,"OH, MD, DE, PA","IL, KS, MO, OK, IN, WV, NM, TX, AL, AR, FL, GA, KY, LA, MD, MS, NC, SC, TN, VA",NA,0.0078125,0.0240963855421687,753
"Cornus rugosa","Shrub","EFNative",4,"MA, PA, ME","IL, IA, MN, WI, CT, IN, ME, MA, MI, NH, NJ, NY, OH, PA, RI, VT, WV, DE, MD, TN, VA",NA,0.0078125,0.0240963855421687,754
"Luzula acuminata","Grass","EFNative",4,"NJ, MA, WV","IL, IA, MN, MO, SD, WI, CT, IN, ME, MA, MI, NH, NJ, NY, OH, PA, RI, VT, WV, AL, AR, FL, GA, KY, LA, MD, NC, SC, TN, VA",NA,0.0078125,0.0240963855421687,755
"Magnolia ashei","Shrub","EFNative",4,"DE, CT, PA","FL",NA,0.0078125,0.0240963855421687,756
"Mentha arvensis","Forb/herb","EFNative",4,"PA, CT, NJ, VA","AZ, AR, CA, CO, CT, DE, GA, ID, IL, IN, IA, KS, KY, ME, MD, MA, MI, MN, MO, MT, NE, NV, NH, NJ, NM, NY, NC, ND, OH, OR, PA, RI, SD, TN, TX, UT, VT, VA, WA, WV, WI, WY",NA,0.0078125,0.0240963855421687,757
"Menyanthes trifoliata","Forb/herb","EFNative",4,"MA, VA","AK, CO, ID, MT, OR, WA, WY, IA, MN, MO, ND, NE, SD, WI, CT, IN, ME, MA, MI, NH, NJ, NY, OH, PA, RI, VT, WV, AZ, CA, NV, UT, NM, DE, MD, NC, VA",NA,0.0078125,0.0240963855421687,758
"Persicaria virginiana","Forb/herb","EFNative",4,"VA, RI, VT","IL, IA, KS, MN, MO, NE, OK, WI, CT, IN, MA, MI, NH, NJ, NY, OH, PA, RI, VT, WV, TX, AL, AR, DE, FL, GA, KY, LA, MD, MS, NC, SC, TN, VA",NA,0.0078125,0.0240963855421687,759
"Polygonatum pubescens","Forb/herb","EFNative",4,"MA, CT, NH, NJ","IL, IA, MN, WI, CT, IN, ME, MA, MI, NH, NJ, NY, OH, PA, RI, VT, WV, AL, DE, GA, KY, MD, NC, TN, VA",NA,0.0078125,0.0240963855421687,760
"Prunus angustifolia","Shrub","EFNative",4,"MD, PA, VA","CO, IL, KS, MO, NE, OK, IN, NJ, PA, WV, NM, TX, AL, AR, DE, FL, GA, KY, LA, MD, MS, NC, SC, TN, VA",NA,0.0078125,0.0240963855421687,761
"Stewartia malacodendron","Shrub","EFNative",4,"DE, PA, VA","TX, AL, AR, FL, GA, LA, MS, NC, SC, VA",NA,0.0078125,0.0240963855421687,762
"Viola canadensis","Forb/herb","EFNative",4,"ME, PA, OH, WV","CO, ID, WY, IL, MN, WI, CT, IN, ME, MA, MI, NH, NJ, NY, OH, PA, RI, VT, WV, AZ, UT, NM, AL, AR, GA, KY, MD, NC, SC, TN, VA",NA,0.0078125,0.0240963855421687,763
"Woodwardia virginica","Forb/herb","EFNative",4,"MD, DE, VA","IL, CT, IN, ME, MA, MI, NH, NJ, NY, OH, PA, RI, VT, WV, TX, AL, AR, DE, FL, GA, KY, LA, MD, MS, NC, SC, TN, VA",NA,0.0078125,0.0240963855421687,764
"Carex muskingumensis","Grass","EFNative",21,"MD, ME, OH, DE, RI, VA, PA, MA, VT, NJ, WV","IL, IA, KS, MN, MO, OK, WI, IN, MI, OH, AR, KY, TN",NA,0.05859375,0.072289156626506,765
"Picea mariana","Tree","EFNative",21,"NY, MD, MA, OH, CT, NJ, PA, VT, ME","AK, IL, MN, WI, CT, ME, MA, MI, NH, NJ, NY, PA, RI, VT",NA,0.05859375,0.072289156626506,766
"Carex eburnea","Grass","EFNative",13,"VA, ME, CT, WV, VT, RI, PA, MD","AK, MT, WY, IL, IA, MN, MO, ND, NE, SD, WI, CT, IN, ME, MA, MI, NH, NJ, NY, OH, PA, VT, WV, TX, AL, AR, KY, NC, SC, TN, VA",NA,0.03515625,0.0481927710843374,767
"Prunus pumila","Shrub","EFNative",13,"PA, NY, MA, VT, NJ, ME, CT","CO, MT, OR, WY, IL, IA, KS, MN, ND, NE, SD, WI, IN, ME, MA, MI, NH, NJ, NY, OH, PA, VT, UT, TN, VA",NA,0.03515625,0.0481927710843374,768
"Asclepias speciosa","Forb/herb","EFNative",5,"RI, VA, PA, OH, VT","CO, ID, MT, OR, WA, WY, IL, IA, KS, MN, ND, NE, OK, SD, WI, MI, AZ, CA, NV, UT, NM, TX",NA,0.01171875,0.0240963855421687,769
"Clethra acuminata","Shrub","EFNative",5,"CT, DE, PA","PA, WV, AL, GA, KY, NC, SC, TN, VA",NA,0.01171875,0.0240963855421687,770
"Helianthus occidentalis","Forb/herb","EFNative",5,"MD, PA, NJ, VA, MA","IL, IA, KS, MN, MO, WI, IN, MA, MI, NJ, OH, PA, WV, TX, AR, FL, GA, KY, MD, NC, SC, TN, VA",NA,0.01171875,0.0240963855421687,771
"Helianthus strumosus","Forb/herb","EFNative",5,"VA, ME, PA, NJ","IL, IA, KS, MN, MO, ND, OK, WI, CT, IN, ME, MA, MI, NH, NJ, NY, OH, PA, RI, VT, WV, TX, AL, AR, DE, FL, GA, KY, LA, MD, MS, NC, SC, TN, VA",NA,0.01171875,0.0240963855421687,772
"Hepatica americana","Forb/herb","EFNative",5,"PA, RI, VT, WV, VA","IL, IA, MN, MO, WI, CT, IN, ME, MA, MI, NH, NJ, NY, OH, PA, RI, VT, WV, AL, AR, DE, FL, GA, KY, MD, MS, NC, SC, TN, VA",NA,0.01171875,0.0240963855421687,773
"Iris prismatica","Forb/herb","EFNative",5,"RI, DE, MA, NJ","CT, ME, MA, NH, NJ, NY, RI, AL, DE, GA, KY, MD, NC, SC, TN, VA",NA,0.01171875,0.0240963855421687,774
"Lythrum alatum","Forb/herb","EFNative",5,"PA, RI, NJ","CO, WY, IL, IA, KS, MN, MO, ND, NE, OK, SD, WI, CT, IN, ME, MA, MI, NH, NJ, NY, OH, PA, RI, VT, WV, TX, AL, AR, FL, GA, KY, LA, MD, MS, NC, SC, TN, VA",NA,0.01171875,0.0240963855421687,775
"Taxus canadensis","Shrub","EFNative",5,"CT, PA, ME, MA","IL, IA, MN, WI, CT, IN, ME, MA, MI, NH, NJ, NY, OH, PA, RI, VT, WV, KY, MD, TN, VA",NA,0.01171875,0.0240963855421687,776
"Abildgaardia ovata","Grass","EFNative",1,"NJ","FL",NA,0,0.0120481927710843,777
"Acer glabrum","Shrub","EFNonNative",1,"VA","AK, CO, ID, MT, OR, WA, WY, NE, SD, AZ, CA, NV, UT, NM",NA,0,0.0120481927710843,778
"Ageratina aromatica","Forb/herb","EFNative",1,"VA","CT, MA, NJ, NY, OH, PA, RI, WV, AL, DE, FL, GA, KY, LA, MD, MS, NC, SC, TN, VA",NA,0,0.0120481927710843,779
"Agrimonia gryposepala","Forb/herb","EFNative",1,"VA","CO, MT, OR, WY, IL, IA, KS, MN, MO, ND, NE, SD, WI, CT, IN, ME, MA, MI, NH, NJ, NY, OH, PA, RI, VT, WV, AZ, CA, NM, AL, AR, DE, GA, KY, MD, NC, TN, VA",NA,0,0.0120481927710843,780
"Agrimonia striata","Forb/herb","EFNative",1,"NJ","CO, MT, WY, IL, IA, MN, ND, OK, SD, WI, CT, ME, MA, MI, NH, NJ, NY, OH, PA, RI, VT, WV, AZ, CA, NV, NM, DE, GA, KY, MD",NA,0,0.0120481927710843,781
"Agrostis perennans","Grass","EFNative",1,"MD","OR, WA, IL, IA, KS, MN, MO, ND, NE, OK, SD, WI, CT, IN, ME, MA, MI, NH, NJ, NY, OH, PA, RI, VT, WV, CA, TX, AL, AR, DE, FL, GA, KY, LA, MD, MS, NC, SC, TN, VA",NA,0,0.0120481927710843,782
"Aletris farinosa","Forb/herb","EFNative",1,"VA","IL, OK, WI, CT, IN, ME, MA, MI, NH, NJ, NY, PA, RI, WV, TX, AL, AR, DE, FL, GA, KY, LA, MD, MS, NC, SC, TN, VA",NA,0,0.0120481927710843,783
"Amorpha nana","Shrub","EFNative",1,"MA","CO, ID, IA, KS, MN, ND, NE, OK, SD, NM",NA,0,0.0120481927710843,784
"Angelica venenosa","Forb/herb","EFNative",1,"VA","IL, MN, MO, OK, CT, IN, MA, MI, NJ, NY, OH, PA, WV, AL, AR, DE, FL, GA, KY, LA, MD, MS, NC, SC, TN, VA",NA,0,0.0120481927710843,785
"Antennaria virginica","Forb/herb","EFNative",1,"MD","OH, PA, WV, MD, VA",NA,0,0.0120481927710843,786
"Apocynum androsaemifolium","Forb/herb","EFNative",1,"MA","CO, ID, MT, OR, WA, WY, IL, IA, MN, MO, ND, NE, SD, WI, CT, IN, ME, MA, MI, NH, NJ, NY, OH, PA, RI, VT, AZ, CA, NV, UT, NM, TX, AL, AR, DE, KY, MD, NC, VA",NA,0,0.0120481927710843,787
"Aralia hispida","Forb/herb","EFNative",1,"VA","IL, MN, WI, CT, IN, ME, MA, MI, NH, NJ, NY, OH, PA, RI, VT, WV, MD, NC, VA",NA,0,0.0120481927710843,788
"Arnoglossum reniforme","Forb/herb","EFNative",1,"MA","IL, IA, MN, MO, OK, WI, IN, NJ, OH, PA, WV, AL, AR, DE, GA, KY, MD, MS, NC, TN, VA",NA,0,0.0120481927710843,789
"Arundinaria tecta","Grass","EFNative",1,"VA","NJ, NY, AL, DE, FL, GA, LA, MD, MS, NC, SC, TN, VA",NA,0,0.0120481927710843,790
"Aureolaria flava","Forb/herb","EFNative",1,"VA","IL, MO, WI, CT, IN, ME, MA, MI, NH, NJ, NY, OH, PA, RI, VT, WV, TX, AL, AR, DE, FL, GA, KY, LA, MD, MS, NC, SC, TN, VA",NA,0,0.0120481927710843,791
"Bidens aristosa","Forb/herb","EFNative",1,"VA","IL, MN, MO, WI, IN, MI, TX, AL, AR, KY, LA, MD, NC, SC, TN, VA",NA,0,0.0120481927710843,792
"Bidens bipinnata","Forb/herb","EFNative",1,"MD","IL, IA, KS, MO, NE, OK, CT, IN, NJ, NY, OH, PA, RI, WV, AZ, NM, TX, AL, AR, FL, GA, KY, LA, MD, MS, NC, SC, TN, VA",NA,0,0.0120481927710843,793
"Boechera stricta","Forb/herb","EFNative",1,"PA","AK, CO, ID, MT, OR, WA, WY, IA, MN, ND, WI, ME, MA, MI, NH, NY, OH, RI, VT, AZ, CA, NV, UT, NM",NA,0,0.0120481927710843,794
"Boltonia decurrens","Forb/herb","EFNative",1,"NJ","IL, MO",NA,0,0.0120481927710843,795
"Borodinia laevigata","Forb/herb","EFNative",1,"MD","IL, IA, KS, MN, MO, OK, SD, WI, CT, IN, MA, MI, NH, NJ, NY, OH, PA, VT, WV, AL, AR, DE, GA, KY, MD, NC, SC, TN, VA",NA,0,0.0120481927710843,796
"Borrichia frutescens","Shrub","EFNative",1,"VA","TX, AL, FL, GA, LA, MD, MS, NC, SC, VA",NA,0,0.0120481927710843,797
"Brachyelytrum erectum","Grass","EFNative",1,"VA","IL, IA, KS, MN, MO, NE, OK, WI, CT, IN, MA, MI, NJ, NY, OH, PA, RI, VT, WV, TX, AL, AR, DE, FL, GA, KY, LA, MD, MS, NC, SC, TN, VA",NA,0,0.0120481927710843,798
"Bulbostylis capillaris","Grass","EFNative",1,"PA","IL, IA, KS, MN, MO, NE, OK, WI, CT, IN, ME, MA, MI, NH, NJ, NY, OH, PA, RI, VT, WV, AZ, CA, NM, TX, AL, AR, DE, FL, GA, KY, LA, MD, MS, NC, SC, TN, VA",NA,0,0.0120481927710843,799
"Calla palustris","Forb/herb","EFNative",1,"CT","AK, IL, MN, ND, WI, CT, IN, ME, MA, MI, NH, NJ, NY, OH, PA, RI, VT, WV, MD",NA,0,0.0120481927710843,800
"Carex aggregata","Grass","EFNative",1,"VA","IL, IA, MN, MO, NE, OK, SD, WI, IN, NJ, NY, OH, PA, WV, AL, DE, KY, MD, NC, SC, TN, VA",NA,0,0.0120481927710843,801
"Carex arctata","Grass","EFNative",1,"CT","MN, WI, CT, IN, ME, MA, MI, NH, NY, OH, PA, RI, VT, MD",NA,0,0.0120481927710843,802
"Carex argyrantha","Grass","EFNative",1,"NJ","CT, ME, MA, MI, NH, NJ, NY, OH, PA, RI, VT, WV, DE, MD, NC, TN, VA",NA,0,0.0120481927710843,803
"Carex careyana","Grass","EFNative",1,"PA","IL, IA, MN, MO, WI, IN, MI, NY, OH, PA, WV, AL, AR, GA, KY, MD, TN, VA",NA,0,0.0120481927710843,804
"Carex digitalis","Grass","EFNative",1,"VA","IL, MO, OK, WI, CT, IN, ME, MA, MI, NH, NJ, NY, OH, PA, RI, VT, WV, TX, AL, AR, DE, FL, GA, KY, LA, MD, MS, NC, SC, TN, VA",NA,0,0.0120481927710843,805
"Carex disperma","Grass","EFNative",1,"CT","AK, CO, ID, MT, OR, WA, WY, IL, MN, ND, SD, WI, CT, IN, ME, MA, MI, NH, NJ, NY, OH, PA, VT, AZ, CA, NV, UT, NM",NA,0,0.0120481927710843,806
"Carex folliculata","Grass","EFNative",1,"VA","WI, CT, IN, ME, MA, MI, NH, NJ, NY, OH, PA, RI, VT, WV, DE, GA, MD, NC, SC, TN, VA",NA,0,0.0120481927710843,807
"Carex hirsutella","Grass","EFNative",1,"PA","IL, IA, KS, MO, OK, WI, CT, IN, ME, MA, MI, NJ, NY, OH, PA, VT, WV, TX, AL, AR, DE, GA, KY, MD, MS, NC, SC, TN, VA",NA,0,0.0120481927710843,808
"Carex joorii","Grass","EFNative",1,"VA","MO, TX, AL, AR, FL, GA, KY, LA, MD, MS, NC, SC, TN, VA",NA,0,0.0120481927710843,809
"Carex laxiflora","Grass","EFNative",1,"MA","IL, MO, OK, WI, CT, IN, ME, MA, MI, NH, NJ, NY, OH, PA, RI, VT, WV, TX, AL, AR, DE, FL, GA, KY, MD, MS, NC, SC, TN, VA",NA,0,0.0120481927710843,810
"Carex willdenowii","Grass","EFNative",1,"VA","IL, MO, CT, IN, MA, MI, NJ, NY, OH, PA, VT, WV, TX, AL, AR, DE, KY, MD, NC, SC, TN, VA",NA,0,0.0120481927710843,811
"Cartrema americana","Shrub","EFNative",1,"VA","AL, FL, GA, LA, MS, NC, SC, VA",NA,0,0.0120481927710843,812
"Ceanothus herbaceus","Shrub","EFNative",1,"MA","CO, MT, IL, IA, KS, MN, MO, ND, NE, OK, SD, WI, IN, MA, MI, NH, NY, OH, VT, WV, NM, TX, AR, KY, LA, TN, VA",NA,0,0.0120481927710843,813
"Cerastium arvense","Forb/herb","EFNative",1,"PA","ME, NH, VT, MA, CT, RI, NY, NJ, PA, MD, DE, WV, VA, KY, TN, GA, MS, OH, IN, MI, IL, MN, WI, IA, ND, SD, NE, CO, WY, NM, NV, AZ, CA, WA, OR, MO, ID, UT",NA,0,0.0120481927710843,814
"Cerastium velutinum","Forb/herb","EFNative",1,"MD","IL, IA, MN, MO, IN, MA, MI, NJ, NY, OH, PA, WV, DE, KY, MD, TN, VA",NA,0,0.0120481927710843,815
"Cercis occidentalis","Shrub","EFNonNative",1,"MD","OR, AZ, CA, NV, UT",NA,0,0.0120481927710843,816
"Chamaecrista nictitans","Forb/herb","EFNative",1,"VA","IL, OK, MA, NY, PA, VT, WV, AZ, NM, TX, AL, FL, KY, MD, SC, TN",NA,0,0.0120481927710843,817
"Circaea lutetiana","Forb/herb","EFNative",1,"VA","AL, AR, CT, DE, GA, IL, IN, IA, KS, KY, LA, ME, MD, MA, MI, MN, MS, MO, NE, NH, NJ, NY, NC, ND, OH, OK, PA, RI, SC, SD, TN, VT, VA, WV, WI, WY",NA,0,0.0120481927710843,818
"Cirsium horridulum","Forb/herb","EFNative",1,"VA","OK, CT, ME, MA, NH, NJ, NY, PA, RI, TX, AL, AR, DE, FL, GA, LA, MD, MS, NC, SC, TN, VA",NA,0,0.0120481927710843,819
"Clintonia borealis","Forb/herb","EFNative",1,"CT","IL, MN, WI, CT, IN, ME, MA, MI, NH, NJ, NY, OH, PA, RI, VT, WV, GA, MD, NC, TN, VA",NA,0,0.0120481927710843,820
"Cocculus carolinus","Vine","EFNative",1,"VA","KS, MO, OK, IN, TX, AL, AR, DE, FL, GA, KY, LA, MS, NC, SC, TN, VA",NA,0,0.0120481927710843,821
"Coleataenia pulchra","Grass","EFNative",1,"VA","IL, MO, CT, IN, NJ, NY, OH, PA, RI, WV, TX, AL, AR, DE, GA, KY, LA, MD, MS, NC, SC, TN, VA",NA,0,0.0120481927710843,822
"Collinsia verna","Forb/herb","EFNative",1,"PA","IL, IA, KS, MO, OK, WI, IN, MI, NY, OH, PA, WV, TX, AL, AR, KY, TN, VA",NA,0,0.0120481927710843,823
"Commelina erecta","Forb/herb","EFNative",1,"VA","CO, WY, IL, IA, KS, MN, MO, NE, OK, SD, WI, IN, MI, NJ, NY, PA, RI, WV, AZ, NM, TX, AL, AR, DE, FL, GA, KY, LA, MD, MS, NC, SC, TN, VA",NA,0,0.0120481927710843,824
"Coreopsis leavenworthii","Forb/herb","EFNative",1,"VA","FL",NA,0,0.0120481927710843,825
"Coreopsis major","Forb/herb","EFNative",1,"VA","IN, MA, NY, OH, PA, WV, AL, FL, GA, KY, LA, MS, NC, SC, TN, VA",NA,0,0.0120481927710843,826
"Corydalis flavula","Forb/herb","EFNative",1,"PA","IL, IA, KS, MO, NE, OK, IN, MI, NJ, NY, OH, PA, WV, AL, AR, DE, FL, KY, LA, MD, MS, NC, SC, TN, VA",NA,0,0.0120481927710843,827
"Crataegus marshallii","Shrub","EFNative",1,"VA","IL, MO, OK, TX, AL, AR, FL, GA, KY, LA, MS, NC, SC, TN, VA",NA,0,0.0120481927710843,828
"Cyperus echinatus","Grass","EFNative",1,"MD","IL, KS, MO, OK, WI, IN, NJ, NY, OH, PA, RI, WV, NM, TX, AL, AR, DE, FL, GA, KY, LA, MD, MS, NC, SC, TN, VA",NA,0,0.0120481927710843,829
"Desmodium ciliare","Forb/herb","EFNative",1,"VA","IL, MO, OK, IN, ME, NY, PA, WV, TX, AL, FL, GA, KY, MD, MS, NC, SC, TN",NA,0,0.0120481927710843,830
"Desmodium glabellum","Forb/herb","EFNative",1,"MD","IL, IA, KS, MO, OK, ME, TX, AL, AR, DE, FL, GA, KY, LA, MD, MS, NC, SC, TN, VA",NA,0,0.0120481927710843,831
"Desmodium marilandicum","Forb/herb","EFNative",1,"VA","IL, MO, OK, CT, IN, ME, MA, NY, PA, RI, WV, TX, AL, AR, FL, GA, KY, LA, MD, MS, NC, SC, TN, VA",NA,0,0.0120481927710843,832
"Desmodium perplexum","Forb/herb","EFNative",1,"VA","IL, IA, MO, OK, WI, IN, MA, NY, OH, PA, VT, WV, AL, MD, NC, SC, TN",NA,0,0.0120481927710843,833
"Dichanthelium depauperatum","Grass","EFNative",1,"PA","CO, WY, IL, IA, KS, MN, MO, NE, OK, WI, CT, IN, ME, MA, MI, NH, NJ, NY, OH, PA, RI, VT, WV, TX, AL, AR, DE, GA, KY, LA, MD, MS, NC, SC, TN, VA",NA,0,0.0120481927710843,834
"Dichanthelium dichotomum","Grass","EFNative",1,"VA","IL, IA, MN, MO, OK, WI, CT, IN, ME, MA, MI, NH, NJ, NY, OH, PA, RI, VT, WV, TX, AL, AR, DE, FL, GA, KY, LA, MD, MS, NC, SC, TN, VA",NA,0,0.0120481927710843,835
"Dichanthelium latifolium","Grass","EFNative",1,"PA","IL, IA, KS, MN, MO, NE, OK, WI, CT, IN, ME, MA, MI, NH, NJ, NY, OH, PA, RI, VT, WV, TX, AL, AR, DE, GA, KY, MD, MS, NC, SC, TN, VA",NA,0,0.0120481927710843,836
"Dichanthelium laxiflorum","Grass","EFNative",1,"VA","IL, MO, OK, IN, OH, PA, RI, WV, TX, AL, AR, FL, GA, KY, LA, MD, MS, NC, SC, TN, VA",NA,0,0.0120481927710843,837
"Dichanthelium scoparium","Grass","EFNative",1,"VA","IL, KS, MO, OK, CT, IN, MA, MI, NJ, NY, PA, RI, TX, AL, AR, DE, FL, GA, KY, LA, MD, MS, NC, SC, TN, VA",NA,0,0.0120481927710843,838
"Eragrostis hirsuta","Grass","EFNative",1,"VA","IL, MO, OK, MA, NJ, OH, WV, TX, AL, AR, DE, FL, GA, KY, LA, MD, MS, NC, SC, TN, VA",NA,0,0.0120481927710843,839
"Erechtites hieraciifolius","Forb/herb","EFNative",1,"NJ","IL, IA, KS, MN, MO, NE, OK, SD, WI, CT, IN, ME, MA, MI, NH, NJ, NY, OH, PA, RI, VT, WV, TX, AL, AR, DE, FL, GA, KY, LA, MD, MS, NC, SC, TN, VA",NA,0,0.0120481927710843,840
"Erianthus brevibarbis","Grass","EFNative",1,"MD","IL, OK, TX, AL, AR, LA, MD, MS, NC, TN",NA,0,0.0120481927710843,841
"Eupatorium godfreyanum","Forb/herb","EFNative",1,"VA","NJ, OH, WV, KY, MD, NC, VA",NA,0,0.0120481927710843,842
"Eupatorium pilosum","Forb/herb","EFNative",1,"VA","CT, MA, NJ, NY, PA, RI, WV, AL, DE, FL, GA, KY, LA, MD, MS, NC, SC, TN, VA",NA,0,0.0120481927710843,843
"Fraxinus quadrangulata","Tree","EFNative",1,"PA","IL, IA, KS, MN, MO, OK, WI, IN, MI, OH, WV, AL, AR, GA, KY, MS, TN, VA",NA,0,0.0120481927710843,844
"Galax urceolata","Forb/herb","EFNative",1,"VA","OH, WV, AL, GA, KY, MD, NC, SC, TN, VA",NA,0,0.0120481927710843,845
"Gentiana villosa","Forb/herb","EFNative",1,"PA","IN, NJ, OH, PA, WV, AL, DE, FL, GA, KY, LA, MD, MS, NC, SC, TN, VA",NA,0,0.0120481927710843,846
"Geranium carolinianum","Forb/herb","EFNative",1,"VA","CO, ID, MT, OR, WA, WY, IL, IA, KS, MN, MO, ND, NE, OK, SD, WI, CT, IN, ME, MA, MI, NH, NJ, NY, OH, PA, RI, VT, WV, AZ, CA, NV, UT, NM, TX, AL, AR, DE, FL, GA, KY, LA, MD, MS, NC, SC, TN, VA",NA,0,0.0120481927710843,847
"Geum laciniatum","Forb/herb","EFNative",1,"MA","IL, IA, KS, MN, MO, NE, SD, WI, CT, IN, ME, MA, MI, NH, NJ, NY, OH, PA, RI, VT, WV, DE, KY, MD, NC, TN, VA",NA,0,0.0120481927710843,848
"Geum vernum","Forb/herb","EFNative",1,"NJ","IL, IA, KS, MO, NE, OK, WI, IN, MA, MI, NJ, NY, OH, PA, VT, WV, AL, AR, DE, GA, KY, MD, NC, TN, VA",NA,0,0.0120481927710843,849
"Geum virginianum","Forb/herb","EFNative",1,"VA","IL, MO, OK, WI, CT, IN, MA, MI, NJ, NY, OH, PA, RI, VT, WV, AL, AR, DE, GA, KY, MD, NC, SC, TN, VA",NA,0,0.0120481927710843,850
"Glyceria grandis","Grass","EFNative",1,"MD","AK, CO, ID, MT, OR, WA, WY, IL, IA, MN, ND, NE, SD, WI, CT, IN, ME, MA, MI, NH, NJ, NY, OH, PA, RI, VT, WV, AZ, CA, NV, UT, NM, DE, MD, MS, NC, TN, VA",NA,0,0.0120481927710843,851
"Glycyrrhiza lepidota","Forb/herb","EFNative",1,"MA","CO, ID, MT, OR, WA, WY, IL, IA, KS, MN, MO, ND, NE, OK, SD, WI, CT, IN, ME, MA, NY, PA, RI, AZ, CA, NV, UT, NM, TX, AR, VA","WY",0,0.0120481927710843,852
"Hasteola suaveolens","Forb/herb","EFNative",1,"PA","IL, IA, MN, MO, WI, CT, IN, MA, NJ, NY, OH, PA, RI, WV, KY, MD, NC, TN, VA",NA,0,0.0120481927710843,853
"Heracleum maximum","Forb/herb","EFNative",1,"CT","AK, CO, ID, MT, OR, WA, WY, IL, IA, KS, MN, MO, ND, NE, SD, WI, CT, IN, ME, MA, MI, NH, NJ, NY, OH, PA, RI, VT, WV, AZ, CA, NV, UT, NM, DE, GA, KY, MD, NC, TN, VA",NA,0,0.0120481927710843,854
"Heterotheca villosa","Forb/herb","EFNative",1,"PA","CO, MT, WY, KS, ND, NE, SD, MI",NA,0,0.0120481927710843,855
"Hieracium scabrum","Forb/herb","EFNative",1,"PA","IL, IA, MN, MO, OK, WI, CT, IN, ME, MA, MI, NH, NJ, NY, OH, PA, RI, VT, WV, AR, DE, GA, KY, MD, NC, SC, TN, VA",NA,0,0.0120481927710843,856
"Hieracium umbellatum","Forb/herb","EFNative",1,"NJ","AK, CO, ID, MT, OR, WA, WY, IL, IA, MN, MO, ND, NE, SD, WI, CT, IN, ME, MA, MI, NH, NJ, NY, OH, PA, RI, VT, WV",NA,0,0.0120481927710843,857
"Houstonia purpurea","Forb/herb","EFNative",1,"VA","IL, MO, OK, IN, OH, PA, VT, WV, TX, AL, AR, DE, GA, KY, LA, MD, MS, NC, SC, TN, VA",NA,0,0.0120481927710843,858
"Hydrocotyle umbellata","Forb/herb","EFNative",1,"VA","OR, IL, MN, OK, CT, IN, MA, MI, NJ, NY, OH, PA, RI, CA, TX, AL, AR, DE, FL, GA, LA, MD, MS, NC, SC, VA",NA,0,0.0120481927710843,859
"Hydrophyllum macrophyllum","Forb/herb","EFNative",1,"VA","IL, IN, OH, PA, WV, AL, AR, GA, KY, MD, MS, NC, TN, VA",NA,0,0.0120481927710843,860
"Hypericum majus","Forb/herb","EFNative",1,"MA","CO, ID, MT, OR, WA, IL, IA, KS, MN, MO, ND, NE, OK, SD, WI, CT, IN, ME, MA, MI, NH, NJ, NY, OH, PA, RI, VT, DE",NA,0,0.0120481927710843,861
"Hypericum mutilum","Forb/herb","EFNative",1,"NJ","IL, IA, KS, MN, MO, NE, OK, WI, CT, IN, ME, MA, MI, NH, NJ, NY, OH, PA, RI, VT, WV, NM, TX, AL, AR, DE, FL, GA, KY, LA, MD, MS, NC, SC, TN, VA",NA,0,0.0120481927710843,862
"Ilex collina","Shrub","EFNative",1,"PA","WV, NC, TN, VA",NA,0,0.0120481927710843,863
"Impatiens pallida","Forb/herb","EFNative",1,"VA","IL, IA, KS, MN, MO, ND, NE, OK, SD, WI, CT, IN, ME, MA, MI, NH, NJ, NY, OH, PA, RI, VT, WV, AL, AR, DE, GA, KY, MD, NC, SC, TN, VA",NA,0,0.0120481927710843,864
"Juncus biflorus","Grass","EFNative",1,"VA","IL, KS, MO, MA, NJ, NY, OH, PA, AZ, TX, AL, AR, FL, MD, MS, NC, SC, TN, VA",NA,0,0.0120481927710843,865
"Juncus coriaceus","Grass","EFNative",1,"VA","OK, NJ, NY, TX, AL, AR, DE, FL, GA, KY, LA, MD, MS, NC, SC, TN, VA",NA,0,0.0120481927710843,866
"Juncus gymnocarpus","Grass","EFNative",1,"PA","PA, AL, FL, MS, NC, SC, TN",NA,0,0.0120481927710843,867
"Juncus marginatus","Grass","EFNative",1,"MD","CO, OR, IL, IA, KS, MN, MO, NE, OK, SD, WI, CT, IN, ME, MA, MI, NH, NJ, NY, OH, PA, RI, VT, WV, AZ, CA, NM, TX, AL, AR, DE, FL, GA, KY, LA, MD, MS, NC, SC, TN, VA",NA,0,0.0120481927710843,868
"Kosteletzkya pentacarpos","Forb/herb","EFNative",1,"MD","NJ, NY, PA, TX, AL, DE, FL, GA, LA, MD, MS, NC, SC, VA",NA,0,0.0120481927710843,869
"Krigia dandelion","Forb/herb","EFNative",1,"MD","IL, KS, MO, OK, IN, NJ, OH, WV, TX, AL, AR, DE, FL, GA, KY, LA, MD, MS, NC, SC, TN, VA",NA,0,0.0120481927710843,870
"Lactuca biennis","Forb/herb","EFNative",1,"VA","AK, CO, ID, MT, OR, WA, WY, IL, IA, MN, ND, SD, WI, CT, IN, ME, MA, MI, NH, NJ, NY, OH, PA, RI, VT, WV, CA, UT, NM, DE, KY, MD, NC, TN, VA",NA,0,0.0120481927710843,871
"Lactuca canadensis","Forb/herb","EFNative",1,"VA","CO, ID, MT, OR, WA, WY, IL, IA, KS, MN, MO, ND, NE, OK, SD, WI, CT, IN, ME, MA, MI, NH, NJ, NY, OH, PA, RI, VT, WV, AZ, CA, NV, UT, NM, TX, AL, AR, DE, FL, GA, KY, LA, MD, MS, NC, SC, TN, VA",NA,0,0.0120481927710843,872
"Lactuca floridana","Forb/herb","EFNative",1,"PA","IL, IA, KS, MN, MO, NE, OK, SD, WI, IN, MA, MI, NJ, NY, OH, PA, WV, TX, AL, AR, DE, FL, GA, KY, LA, MD, MS, NC, SC, TN, VA",NA,0,0.0120481927710843,873
"Leersia virginica","Grass","EFNative",1,"VA","WY, IL, IA, KS, MN, MO, ND, NE, OK, SD, WI, CT, IN, ME, MA, MI, NH, NJ, NY, OH, PA, RI, VT, WV, TX, AL, AR, DE, FL, GA, KY, LA, MD, MS, NC, SC, TN, VA",NA,0,0.0120481927710843,874
"Lespedeza angustifolia","Forb/herb","EFNative",1,"PA","ME, MA, NJ, NY, AL, FL, GA, MD, NC, SC, TN, VA",NA,0,0.0120481927710843,875
"Lespedeza procumbens","Forb/herb","EFNative",1,"VA","IL, MO, OK, WI, IN, NY, PA, VT, WV, TX, AL, AR, FL, GA, KY, LA, MD, MS, NC, SC, TN, VA",NA,0,0.0120481927710843,876
"Lespedeza repens","Forb/herb","EFNative",1,"VA","IL, KS, MO, OK, WI, CT, IN, NJ, NY, WV, TX, AL, AR, DE, KY, LA, MD, MS, NC, SC, TN, VA",NA,0,0.0120481927710843,877
"Liatris punctata","Forb/herb","EFNative",1,"VA","CO, MT, WY, IL, IA, KS, MN, MO, ND, NE, OK, SD, WI, MI, OH, NM, TX, AR, LA",NA,0,0.0120481927710843,878
"Ludwigia maritima","Forb/herb","EFNative",1,"VA","AL, FL, GA, LA, MS, NC, SC",NA,0,0.0120481927710843,879
"Luzula echinata","Grass","EFNative",1,"VA","IL, IA, KS, MO, OK, CT, IN, MA, NJ, NY, OH, PA, RI, WV, TX, AL, AR, DE, FL, GA, KY, LA, MD, NC, SC, TN, VA",NA,0,0.0120481927710843,880
"Lyonia lucida","Shrub","EFNative",1,"VA","AL, FL, GA, LA, MS, NC, SC, VA",NA,0,0.0120481927710843,881
"Lysimachia borealis","Forb/herb","EFNative",1,"MA","IL, MN, WI, CT, IN, ME, MA, MI, NH, NJ, NY, OH, PA, RI, VT, WV, KY, MD, NC, TN, VA",NA,0,0.0120481927710843,882
"Lysimachia terrestris","Forb/herb","EFNative",1,"PA","IL, IA, MN, OK, WI, CT, IN, ME, MA, MI, NH, NJ, NY, OH, PA, RI, VT, WV, DE, GA, KY, MD, NC, SC, TN, VA",NA,0,0.0120481927710843,883
"Magnolia fraseri","Tree","EFNative",1,"PA","WV, TX, AL, FL, GA, KY, LA, MS, NC, SC, TN, VA",NA,0,0.0120481927710843,884
"Melica mutica","Grass","EFNative",1,"VA","IL, IA, OK, IN, NJ, WV, TX, AL, AR, FL, GA, KY, LA, MD, MS, NC, SC, TN, VA",NA,0,0.0120481927710843,885
"Mikania scandens","Forb/herb","EFNative",1,"PA","IL, MO, OK, CT, IN, ME, MA, MI, NH, NJ, NY, PA, RI, TX, AL, AR, DE, FL, GA, KY, LA, MD, MS, NC, SC, TN, VA","HI",0,0.0120481927710843,886
"Minuartia michauxii","Forb/herb","EFNative",1,"PA","IL, IA, KS, MN, MO, NE, OK, SD, WI, CT, IN, MA, MI, NH, NJ, NY, OH, PA, RI, VT, WV, NM, TX, AL, AR, DE, KY, MD, VA",NA,0,0.0120481927710843,887
"Muhlenbergia sobolifera","Grass","EFNative",1,"CT","IL, IA, KS, MN, MO, NE, OK, WI, CT, IN, ME, MA, NH, NJ, NY, OH, PA, RI, VT, WV, TX, AL, AR, DE, GA, KY, MD, MS, NC, TN, VA",NA,0,0.0120481927710843,888
"Nabalus trifoliolatus","Forb/herb","EFNative",1,"MA","CT, IN, ME, MA, MI, NH, NJ, NY, OH, PA, RI, VT, WV, GA, KY, MD, NC, SC, TN, VA",NA,0,0.0120481927710843,889
"Nassella viridula","Grass","EFNative",1,"MD","CO, ID, MT, WY, IL, IA, KS, MN, ND, NE, SD, WI, AZ, CA, UT, NM",NA,0,0.0120481927710843,890
"Nuphar variegata","Forb/herb","EFNative",1,"CT","ID, MT, IL, IA, MN, ND, NE, SD, WI, CT, IN, ME, MA, MI, NH, NJ, NY, OH, PA, RI, VT, DE, MD",NA,0,0.0120481927710843,891
"Nuttallanthus canadensis","Forb/herb","EFNative",1,"PA","MT, WA, IL, IA, KS, MN, MO, ND, NE, OK, SD, WI, CT, IN, ME, MA, MI, NH, NJ, NY, OH, PA, RI, VT, WV, CA, TX, AL, AR, DE, FL, GA, LA, MD, MS, NC, SC, TN, VA",NA,0,0.0120481927710843,892
"Nyssa ogeche","Tree","EFNative",1,"PA","AL, FL, GA, SC",NA,0,0.0120481927710843,893
"Oclemena acuminata","Forb/herb","EFNative",1,"PA","CT, ME, MA, NH, NJ, NY, OH, PA, RI, VT, WV, GA, KY, MD, NC, TN, VA",NA,0,0.0120481927710843,894
"Oenothera filiformis","Forb/herb","EFNative",1,"MA","CO, IL, IA, KS, MO, NE, OK, WI, IN, MI, OH, TX, AL, AR, KY, LA, MS, TN",NA,0,0.0120481927710843,895
"Oenothera pilosella","Forb/herb","EFNative",1,"VT","IL, IA, MO, OK, WI, IN, MI, NY, OH, PA, WV, AL, AR, KY, LA, MS, TN, VA",NA,0,0.0120481927710843,896
"Orbexilum pedunculatum","Forb/herb","EFNative",1,"VA","IL, KS, MO, OK, IN, OH, TX, AL, FL, GA, KY, LA, MS, NC, SC, TN, VA",NA,0,0.0120481927710843,897
"Osmunda spectabilis","Forb/herb","EFNative",1,"VA","IL, IA, KS, MN, MO, OK, WI, CT, IN, ME, MA, MI, NH, NJ, NY, OH, PA, RI, VT, WV, TX, AL, AR, DE, FL, GA, KY, LA, MD, MS, NC, SC, TN, VA",NA,0,0.0120481927710843,898
"Oxalis stricta","Forb/herb","EFNative",1,"NJ","CO, ID, IL, IA, KS, MN, MO, ND, NE, OK, SD, WI, CT, IN, ME, MA, MI, NH, NJ, NY, OH, PA, RI, VT, WV, AL, AR, DE, GA, KY, LA, MD, MS, NC, SC, TN, VA",NA,0,0.0120481927710843,899
"Paspalum floridanum","Grass","EFNative",1,"VA","IL, KS, MO, OK, IN, NJ, OH, PA, TX, AL, AR, DE, FL, GA, KY, LA, MD, MS, NC, SC, TN, VA",NA,0,0.0120481927710843,900
"Paspalum laeve","Grass","EFNative",1,"VA","IL, KS, MO, OK, CT, IN, MA, MI, NJ, NY, OH, PA, WV, TX, AL, AR, DE, FL, GA, KY, LA, MD, MS, NC, SC, TN, VA",NA,0,0.0120481927710843,901
"Persicaria amphibia","Forb/herb","EFNative",1,"MD","AK, CO, ID, MT, OR, WY, IL, IA, KS, MN, MO, ND, NE, OK, SD, WI, CT, IN, ME, MA, MI, NH, NJ, NY, OH, PA, RI, VT, WV, AZ, CA, NV, UT, NM, TX, AL, AR, DE, KY, LA, MD, MS, NC, SC, TN, VA",NA,0,0.0120481927710843,902
"Phemeranthus teretifolius","Forb/herb","EFNative",1,"NJ","PA, WV, AL, DE, GA, KY, MD, NC, SC, TN, VA",NA,0,0.0120481927710843,903
"Phryma leptostachya","Forb/herb","EFNative",1,"VA","WY, IL, IA, KS, MN, MO, ND, NE, OK, SD, WI, CT, IN, ME, MA, MI, NH, NJ, NY, OH, PA, RI, VT, WV, TX, AL, AR, DE, FL, GA, KY, LA, MD, MS, NC, SC, TN, VA",NA,0,0.0120481927710843,904
"Pityopsis graminifolia","Forb/herb","EFNative",1,"MD","OH, WV, TX, AL, AR, DE, FL, GA, KY, LA, MD, MS, NC, SC, TN, VA",NA,0,0.0120481927710843,905
"Platanthera ciliaris","Forb/herb","EFNative",1,"VA","IL, MO, OK, WI, CT, IN, MA, MI, NJ, NY, OH, PA, RI, WV, TX, AL, AR, DE, FL, GA, KY, LA, MD, MS, NC, SC, TN, VA",NA,0,0.0120481927710843,906
"Platanthera flava","Forb/herb","EFNative",1,"VA","IL, IA, MN, MO, OK, WI, CT, IN, ME, MA, MI, NH, NJ, NY, OH, PA, RI, VT, WV, TX, AL, AR, DE, FL, GA, KY, LA, MD, MS, NC, SC, TN, VA",NA,0,0.0120481927710843,907
"Polygonum virginianum","Forb/herb","EFNative",1,"NJ","IL, IA, KS, MN, MO, NE, OK, WI, CT, IN, MA, MI, NH, NJ, NY, OH, PA, RI, VT, WV, TX, AL, AR, DE, FL, GA, KY, LA, MD, MS, NC, SC, TN, VA",NA,0,0.0120481927710843,908
"Potamogeton nodosus","Forb/herb","EFNative",1,"MA","CO, ID, MT, OR, WA, WY, IL, IA, KS, MN, MO, ND, NE, OK, SD, WI, CT, IN, ME, MA, MI, NH, NJ, NY, OH, PA, RI, VT, WV, AZ, CA, NV, UT, NM, TX, AR, DE, FL, GA, KY, LA, MD, MS, NC, SC, TN, VA",NA,0,0.0120481927710843,909
"Potentilla arguta","Forb/herb","EFNative",1,"PA","CO, MT, WY, IL, IA, KS, MN, MO, ND, NE, SD, WI, IN, ME, MA, NH, NJ, NY, OH, PA, VT, WV, NM, AR, MD, TN, VA",NA,0,0.0120481927710843,910
"Potentilla canadensis","Forb/herb","EFNative",1,"VA","MO, CT, ME, MA, NH, NJ, NY, OH, PA, RI, VT, WV, AL, DE, KY, MD, NC, SC, TN, VA",NA,0,0.0120481927710843,911
"Primula fassettii","Forb/herb","EFNative",1,"VA","IL, IA, MN, MO, WI, PA",NA,0,0.0120481927710843,912
"Prunus alleghaniensis","Shrub","EFNative",1,"PA","CT, MA, MI, PA, WV, TX, AL, AR, FL, GA, LA, MD, MS, NC, SC, TN, VA",NA,0,0.0120481927710843,913
"Prunus caroliniana","Shrub","EFNative",1,"VA","TX, AL, AR, FL, GA, LA, MS, NC, SC",NA,0,0.0120481927710843,914
"Quercus geminata","Shrub","EFNative",1,"VA","AL, FL, GA, LA, MS, NC, SC",NA,0,0.0120481927710843,915
"Ranunculus hispidus","Forb/herb","EFNative",1,"NJ","IL, IA, KS, MN, MO, ND, OK, SD, WI, CT, IN, ME, MA, MI, NH, NJ, NY, OH, PA, RI, VT, WV, AL, AR, DE, GA, KY, MD, MS, NC, SC, TN, VA",NA,0,0.0120481927710843,916
"Rhexia mariana","Forb/herb","EFNative",1,"MD","IL, KS, MO, OK, IN, MA, MI, NJ, NY, PA, WV, TX, AL, AR, DE, FL, GA, KY, LA, MD, MS, NC, SC, TN, VA",NA,0,0.0120481927710843,917
"Ribes cynosbati","Shrub","EFNative",1,"NJ","IL, IA, MN, MO, ND, OK, SD, WI, CT, IN, ME, MA, MI, NH, NJ, NY, OH, VT, WV, AL, AR, GA, KY, MD, NC, TN, VA",NA,0,0.0120481927710843,918
"Ribes missouriense","Shrub","EFNative",1,"NJ","IL, IA, KS, MN, MO, ND, NE, OK, SD, WI, CT, IN, NJ, NY, OH, PA, WV, AR, KY, MD, TN, VA",NA,0,0.0120481927710843,919
"Rubus argutus","Shrub","EFNative",1,"VA","IL, MO, OK, CT, IN, ME, MA, NJ, OH, PA, RI, WV, TX, AL, AR, DE, FL, GA, KY, LA, MD, MS, NC, SC, TN, VA","HI",0,0.0120481927710843,920
"Rubus canadensis","Shrub","EFNative",1,"PA","IL, MN, WI, CT, ME, MA, MI, NH, NJ, NY, OH, PA, RI, VT, WV, AL, GA, KY, MD, NC, SC, TN, VA",NA,0,0.0120481927710843,921
"Rubus hispidus","Shrub","EFNative",1,"MA","IL, MN, WI, CT, IN, ME, MI, NH, NJ, NY, OH, PA, RI, VT, WV, AL, DE, GA, KY, MD, MS, NC, SC, TN",NA,0,0.0120481927710843,922
"Rubus pensilvanicus","Shrub","EFNative",1,"NJ","IL, IA, KS, MN, MO, NE, OK, WI, CT, IN, ME, MA, MI, NH, NJ, NY, OH, PA, RI, VT, WV, TX, AL, AR, DE, FL, GA, KY, LA, MD, MS, NC, SC, TN, VA",NA,0,0.0120481927710843,923
"Ruellia purshiana","Forb/herb","EFNative",1,"NJ","WV, AL, GA, LA, MD, NC, SC, TN, VA",NA,0,0.0120481927710843,924
"Rumex altissimus","Forb/herb","EFNative",1,"MA","CO, WY, IL, IA, KS, MN, MO, NE, OK, SD, WI, CT, IN, ME, MA, MI, NH, NJ, NY, OH, PA, RI, VT, WV, AZ, NM, TX, AL, AR, DE, FL, GA, KY, LA, MD, MS, NC, SC, TN, VA",NA,0,0.0120481927710843,925
"Sabatia stellaris","Forb/herb","EFNative",1,"VA","CT, MA, NJ, NY, RI, AL, DE, FL, GA, LA, MD, MS, NC, SC, VA",NA,0,0.0120481927710843,926
"Sagittaria rigida","Forb/herb","EFNative",1,"PA","ID, WA, IL, IA, KS, MN, MO, NE, WI, CT, IN, ME, MA, MI, NH, NJ, NY, OH, PA, RI, VT, WV, CA, AR, DE, KY, MD, TN, VA",NA,0,0.0120481927710843,927
"Salix cordata","Shrub","EFNative",1,"PA","IL, WI, IN, MI, NY, PA",NA,0,0.0120481927710843,928
"Salix eriocephala","Shrub","EFNative",1,"CT","IL, IA, KS, MN, MO, ND, NE, SD, WI, CT, IN, ME, MA, MI, NH, NJ, NY, OH, PA, RI, VT, WV, AL, AR, DE, FL, GA, KY, MD, TN, VA",NA,0,0.0120481927710843,929
"Salix interior","Shrub","EFNative",1,"PA","AK, CO, MT, WY, IL, IA, KS, MN, MO, ND, NE, OK, SD, WI, CT, IN, ME, MI, NJ, NY, OH, PA, VT, WV, NM, TX, AR, DE, KY, LA, MD, MS, TN, VA",NA,0,0.0120481927710843,930
"Sambucus cerulea","Shrub","EFNonNative",1,"NJ","CO, ID, MT, OR, WA, WY, OK, AZ, CA, NV, UT, NM, TX",NA,0,0.0120481927710843,931
"Schizachyrium littorale","Grass","EFNative",1,"PA","IL, CT, IN, MA, NJ, NY, OH, PA, TX, AL, DE, FL, GA, LA, MD, MS, NC, VA",NA,0,0.0120481927710843,932
"Schoenoplectiella smithii","Grass","EFNative",1,"PA","IL, MN, WI, CT, IN, ME, MA, MI, NH, NJ, NY, OH, PA, RI, VT, DE, MD, NC, VA",NA,0,0.0120481927710843,933
"Schoenoplectus acutus","Grass","EFNative",1,"MA","AK, CO, ID, MT, OR, WA, WY, IL, IA, KS, MN, MO, ND, NE, OK, SD, WI, CT, IN, ME, MA, MI, NH, NJ, NY, OH, PA, RI, VT, WV, AZ, CA, NV, UT, NM, TX, AL, AR, DE, KY, MD, NC, VA",NA,0,0.0120481927710843,934
"Schoenoplectus americanus","Grass","EFNative",1,"MA","AK, CO, ID, OR, WA, WY, IL, KS, MO, OK, CT, ME, MA, MI, NH, NJ, NY, RI, VT, AZ, CA, NV, UT, NM, TX, AL, DE, FL, GA, LA, MD, MS, NC, SC, VA",NA,0,0.0120481927710843,935
"Scirpus atrocinctus","Grass","EFNative",1,"NJ","MT, WA, WY, IL, IA, MN, SD, WI, CT, ME, MA, MI, NH, NJ, NY, PA, RI, VT, WV",NA,0,0.0120481927710843,936
"Scrophularia lanceolata","Forb/herb","EFNative",1,"NH","CO, ID, MT, OR, WA, WY, IL, IA, KS, MN, MO, ND, NE, OK, SD, WI, CT, IN, ME, MA, MI, NH, NJ, NY, OH, PA, RI, VT, WV, CA, NV, UT, NM, DE, MD, TN, VA",NA,0,0.0120481927710843,937
"Scrophularia macrantha","Forb/herb","EFNonNative",1,"PA","NM",NA,0,0.0120481927710843,938
"Scutellaria galericulata","Forb/herb","EFNative",1,"NJ","AK, CO, ID, MT, OR, WA, WY, IL, IA, KS, MN, MO, ND, NE, OK, SD, WI, CT, IN, ME, MA, MI, NH, NJ, NY, OH, PA, RI, VT, WV, AZ, CA, NM, TX, DE, FL, GA, MD, NC",NA,0,0.0120481927710843,939
"Sedum nevii","Forb/herb","EFNative",1,"PA","AL, GA, TN",NA,0,0.0120481927710843,940
"Sericocarpus linifolius","Forb/herb","EFNative",1,"VA","CT, IN, MA, NH, NJ, NY, OH, PA, RI, WV, AL, DE, GA, KY, LA, MD, MS, NC, SC, TN, VA",NA,0,0.0120481927710843,941
"Sicyos angulatus","Forb/herb","EFNative",1,"NJ","IL, IA, KS, MN, MO, ND, NE, OK, SD, WI, CT, IN, ME, MA, MI, NH, NJ, NY, OH, PA, RI, VT, WV, TX, AL, AR, KY, LA, MD, MS, NC, SC, TN, VA","DE, IN",0,0.0120481927710843,942
"Silene antirrhina","Forb/herb","EFNative",1,"PA","CO, ID, MT, OR, WA, WY, IL, IA, KS, MN, MO, ND, NE, OK, SD, WI, CT, IN, ME, MA, MI, NH, NJ, NY, OH, PA, RI, VT, WV, AZ, CA, NV, UT, NM, TX, AL, AR, DE, FL, GA, KY, LA, MD, MS, NC, SC, TN, VA",NA,0,0.0120481927710843,943
"Silene nivea","Forb/herb","EFNative",1,"VA","IL, IA, MN, MO, WI, IN, MA, OH, PA, VT, WV, KY, MD",NA,0,0.0120481927710843,944
"Sisyrinchium montanum","Forb/herb","EFNative",1,"CT","CO, ID, MT, WY, IL, KS, MN, ND, NE, SD, WI, CT, IN, ME, MA, MI, NH, NJ, NY, PA, RI, VT, NM",NA,0,0.0120481927710843,945
"Smallanthus uvedalia","Forb/herb","EFNative",1,"VA","IL, KS, MO, OK, IN, MI, NJ, NY, OH, PA, WV, TX, AL, AR, DE, FL, GA, KY, LA, MD, MS, NC, SC, TN, VA",NA,0,0.0120481927710843,946
"Smilax rotundifolia","Shrub","EFNative",1,"NJ","IL, KS, MO, OK, CT, IN, ME, MA, MI, NH, NJ, NY, OH, PA, RI, WV, TX, AL, AR, DE, FL, GA, KY, LA, MD, MS, NC, SC, TN, VA",NA,0,0.0120481927710843,947
"Solidago hispida","Forb/herb","EFNative",1,"PA","IL, IA, MN, MO, OK, SD, WI, CT, IN, ME, MA, MI, NH, NJ, NY, OH, PA, RI, VT, WV, AL, AR, DE, GA, KY, LA, MD, NC, SC, TN, VA",NA,0,0.0120481927710843,948
"Solidago pinetorum","Forb/herb","EFNative",1,"VA","NC, SC, VA",NA,0,0.0120481927710843,949
"Solidago roanensis","Forb/herb","EFNative",1,"VA","WV, AL, GA, MD, NC, SC, TN, VA",NA,0,0.0120481927710843,950
"Solidago simplex","Forb/herb","EFNative",1,"PA","AK, CO, ID, MT, OR, WA, WY, MN, ND, SD, WI, IN, ME, MA, MI, NH, NY, PA, VT, WV, AZ, UT, NM, TX, MD, VA",NA,0,0.0120481927710843,951
"Solidago squarrosa","Forb/herb","EFNative",1,"VA","CT, IN, ME, MA, NH, NJ, NY, OH, PA, RI, VT, WV, DE, KY, MD, NC, VA",NA,0,0.0120481927710843,952
"Sophora tomentosa","Shrub","EFNative",1,"MD","TX, FL",NA,0,0.0120481927710843,953
"Sporobolus airoides","Grass","EFNative",1,"NJ","CO, ID, MT, OR, WA, WY, KS, MO, ND, NE, OK, SD, NY, AZ, CA, NV, UT, NM, TX, AR, SC",NA,0,0.0120481927710843,954
"Sporobolus cynosuroides","Grass","EFNative",1,"VA","CT, MA, NJ, NY, PA, RI, TX, AL, DE, FL, GA, LA, MD, MS, NC, SC, VA",NA,0,0.0120481927710843,955
"Sporobolus neglectus","Grass","EFNative",1,"PA","CO, MT, WA, WY, IL, IA, KS, MN, MO, ND, NE, OK, SD, WI, CT, IN, ME, MA, MI, NH, NJ, NY, OH, PA, VT, WV, AZ, CA, NM, TX, AL, AR, KY, LA, MD, TN, VA",NA,0,0.0120481927710843,956
"Sporobolus pumilus","Grass","EFNative",1,"MD","CT, ME, MA, MI, NH, NJ, NY, PA, RI, TX, AL, DE, FL, GA, LA, MD, MS, NC, SC, VA",NA,0,0.0120481927710843,957
"Stachys aspera","Forb/herb","EFNative",1,"VA","IL, IA, MN, MO, IN, NJ, FL, GA, KY, LA, MD, NC, SC, TN, VA",NA,0,0.0120481927710843,958
"Stachys hispida","Forb/herb","EFNative",1,"VA","IL, IA, MO, ND, WI, IN, ME, NY, OH, VT, GA, KY, MD, TN",NA,0,0.0120481927710843,959
"Stellaria pubera","Forb/herb","EFNative",1,"VA","IL, NE, IN, OH, PA, WV, AL, FL, GA, KY, MD, NC, SC, TN, VA",NA,0,0.0120481927710843,960
"Streptopus amplexifolius","Forb/herb","EFNative",1,"VA","AK, CO, ID, MT, OR, WA, WY, MN, SD, WI, CT, ME, MA, MI, NH, NY, PA, VT, WV, AZ, CA, UT, NM, NC, TN, VA",NA,0,0.0120481927710843,961
"Streptopus lanceolatus","Forb/herb","EFNative",1,"VA","AK, MT, OR, WA, IA, MN, WI, CT, ME, MA, MI, NH, NJ, NY, OH, PA, RI, VT, WV, KY, MD, NC, TN, VA",NA,0,0.0120481927710843,962
"Stuckenia pectinata","Forb/herb","EFNative",1,"MA","AK, CO, ID, MT, OR, WA, WY, IL, IA, KS, MN, MO, ND, NE, OK, SD, WI, CT, IN, ME, MA, MI, NH, NJ, NY, OH, PA, RI, VT, WV, AZ, CA, NV, UT, NM, TX, AL, AR, FL, KY, LA, MD, NC, TN, VA",NA,0,0.0120481927710843,963
"Symphyotrichum tenuifolium","Forb/herb","EFNative",1,"VA","CT, ME, MA, NH, NJ, NY, RI, TX, AL, DE, FL, GA, LA, MD, MS, NC, SC, VA",NA,0,0.0120481927710843,964
"Symphyotrichum urophyllum","Forb/herb","EFNative",1,"PA","IL, IA, KS, MN, MO, ND, NE, OK, WI, IN, ME, MA, MI, NJ, NY, OH, PA, VT, WV, AL, AR, FL, GA, KY, MD, MS, NC, SC, TN, VA",NA,0,0.0120481927710843,965
"Thalictrum revolutum","Forb/herb","EFNative",1,"PA","IL, CT, IN, ME, MA, MI, NH, NJ, NY, OH, PA, RI, VT, WV, AL, AR, DE, GA, KY, MD, MS, NC, SC, TN, VA",NA,0,0.0120481927710843,966
"Thaspium barbinode","Forb/herb","EFNative",1,"VA","IL, IA, KS, MN, MO, OK, WI, IN, MI, NJ, NY, OH, PA, WV, TX, AL, AR, DE, FL, GA, KY, LA, MD, MS, NC, SC, TN, VA",NA,0,0.0120481927710843,967
"Trichophorum planifolium","Grass","EFNative",1,"VA","IL, MO, CT, ME, MA, NH, NJ, NY, OH, PA, RI, VT, WV, DE, KY, MD, VA",NA,0,0.0120481927710843,968
"Trichostema brachiatum","Forb/herb","EFNative",1,"PA","IL, IA, KS, MN, MO, NE, OK, SD, WI, CT, IN, MA, MI, NJ, NY, OH, PA, VT, WV, AZ, NM, TX, AL, AR, FL, GA, KY, MD, NC, TN, VA",NA,0,0.0120481927710843,969
"Turritis glabra","Forb/herb","EFNative",1,"PA","AK, CO, ID, MT, OR, WA, WY, IL, IA, MN, MO, ND, NE, SD, WI, CT, IN, ME, MA, MI, NH, NJ, NY, OH, PA, WV, AZ, CA, NV, UT, NM, DE, KY, MD, NC, TN, VA",NA,0,0.0120481927710843,970
"Uniola paniculata","Grass","EFNative",1,"VA","TX, AL, DE, FL, GA, LA, MD, MS, NC, SC, VA",NA,0,0.0120481927710843,971
"Vaccinium arboreum","Shrub","EFNative",1,"VA","IL, KS, MO, OK, IN, TX, AL, AR, FL, GA, KY, LA, MS, NC, SC, TN, VA",NA,0,0.0120481927710843,972
"Vaccinium formosum","Shrub","EFNative",1,"VA","NJ, AL, FL, GA, MD, NC, SC, VA",NA,0,0.0120481927710843,973
"Vallisneria americana","Forb/herb","EFNative",1,"MA","OR, WA, IL, IA, MN, MO, SD, WI, CT, IN, ME, MA, MI, NH, NJ, NY, OH, PA, RI, VT, WV, NV, NM, TX, AL, DE, FL, GA, KY, LA, MD, MS, NC, SC, TN, VA",NA,0,0.0120481927710843,974
"Verbena simplex","Forb/herb","EFNative",1,"PA","IL, IA, KS, MN, MO, NE, OK, WI, CT, IN, MA, MI, NH, NJ, NY, OH, PA, VT, WV, AL, AR, DE, GA, KY, MD, MS, NC, SC, TN, VA",NA,0,0.0120481927710843,975
"Viburnum lantanoides","Shrub","EFNative",1,"CT","CT, ME, MA, NH, NJ, NY, OH, PA, RI, VT, WV, GA, KY, MD, NC, TN, VA",NA,0,0.0120481927710843,976
"Viburnum recognitum","Shrub","EFNative",1,"VT","IL, MO, WI, CT, IN, ME, MA, MI, NH, NJ, NY, OH, PA, RI, VT, WV, TX, AL, AR, DE, FL, GA, LA, MD, MS, NC, SC, TN, VA",NA,0,0.0120481927710843,977
"Viola hastata","Forb/herb","EFNative",1,"VA","NY, OH, PA, WV, AL, GA, KY, MD, NC, SC, TN, VA",NA,0,0.0120481927710843,978
"Viola macloskeyi","Forb/herb","EFNative",1,"PA","CO, ID, MT, OR, WA, WY, IL, IA, MN, MO, ND, SD, WI, CT, IN, ME, MA, MI, NH, NJ, NY, OH, PA, RI, VT, WV, AZ, CA, NV, DE, GA, MD, NC, SC, TN, VA",NA,0,0.0120481927710843,979
"Viola primulifolia","Forb/herb","EFNative",1,"VA","OR, IL, MN, OK, WI, CT, IN, ME, MA, MI, NH, NJ, NY, OH, PA, RI, VT, WV, CA, TX, AL, AR, DE, FL, GA, KY, LA, MD, MS, NC, SC, TN, VA",NA,0,0.0120481927710843,980
"Xyris caroliniana","Forb/herb","EFNative",1,"PA","NJ, TX, AL, FL, GA, LA, MS, NC, SC, VA",NA,0,0.0120481927710843,981
"Quercus rubra","Tree","EFNative",116,"OH, MA, MD, KY, PA, NJ, CT, RI, NY, VT, VA, ME, DE","IL, IA, KS, MN, MO, NE, OK, WI, CT, IN, ME, MA, MI, NH, NJ, NY, OH, PA, RI, VT, WV, AL, AR, DE, GA, KY, LA, MD, MS, NC, SC, TN, VA",NA,0.33984375,0.349397590361446,982
"Silphium terebinthinaceum","Forb/herb","EFNative",14,"NY, PA, MD, DE, OH, NJ, VA, MA, VT, CT","IL, IA, MO, NE, WI, IN, MI, NY, OH, AL, AR, GA, KY, MS, NC, SC, TN, VA",NA,0.0390625,0.0481927710843374,983
"Oxydendrum arboreum","Shrub","EFNative",59,"DE, KY, NJ, PA, CT, OH, ME, RI, MA, MD, VA, VT, NH","IN, NJ, NY, OH, PA, WV, AL, FL, GA, KY, LA, MD, MS, NC, SC, TN, VA",NA,0.171875,0.180722891566265,984
"Quercus phellos","Tree","EFNative",55,"OH, MD, NJ, KY, VA, PA, DE, WV, MA","IL, MO, OK, NJ, NY, PA, TX, AL, AR, DE, FL, GA, KY, LA, MD, MS, NC, SC, TN, VA",NA,0.16015625,0.168674698795181,985
"Dirca palustris","Shrub","EFNative",6,"PA, CT, DE, VT, OH","IL, IA, MN, MO, OK, WI, CT, IN, ME, MA, MI, NH, NJ, NY, OH, PA, RI, VT, WV, AL, DE, FL, GA, KY, LA, MD, MS, NC, SC, TN, VA",NA,0.015625,0.0240963855421687,986
"Hydrangea radiata","Shrub","EFNative",6,"PA, CT, VA, ME, MA","GA, NC, SC, TN",NA,0.015625,0.0240963855421687,987
"Linum lewisii","Forb/herb","EFNative",6,"MA, ME, VT, PA","AK, CO, ID, MT, OR, WA, WY, KS, MN, ND, NE, OK, SD, AZ, CA, NV, UT, NM, TX, AR",NA,0.015625,0.0240963855421687,988
"Maianthemum stellatum","Forb/herb","EFNative",6,"VA, PA, DE, NJ, ME, NH","AK, CO, ID, MT, OR, WA, WY, IL, IA, KS, MN, MO, ND, NE, OK, SD, WI, CT, IN, ME, MA, MI, NH, NJ, NY, OH, PA, RI, VT, WV, AZ, CA, NV, UT, NM, DE, KY, MD, TN, VA",NA,0.015625,0.0240963855421687,989
"Phlox carolina","Forb/herb","EFNative",6,"NJ, PA, DE, MD, VA","IL, MO, OK, IN, TX, AL, AR, FL, GA, LA, MD, MS, NC, SC, VA",NA,0.015625,0.0240963855421687,990
"Phlox pilosa","Forb/herb","EFNative",6,"PA, NY, NJ, WV, VA","IL, IA, KS, MN, MO, ND, NE, OK, SD, WI, CT, IN, MI, NJ, NY, OH, PA, WV, TX, AL, AR, DE, FL, GA, KY, LA, MD, MS, NC, SC, TN, VA",NA,0.015625,0.0240963855421687,991
"Quercus nigra","Tree","EFNative",6,"VA, MD, DE","MO, OK, NJ, TX, AL, AR, DE, FL, GA, KY, LA, MD, MS, NC, SC, TN, VA",NA,0.015625,0.0240963855421687,992
"Rudbeckia missouriensis","Forb/herb","EFNative",6,"PA, VA, MD","IL, MO, OK, TX, AR, KY, LA",NA,0.015625,0.0240963855421687,993
"Viburnum opulus","Shrub","EFNative",100,"OH, MA, MD, NY, NH, NJ, PA, RI, VT, VA, ME, CT, DE","CT, ID, IL, IN, IA, KY, ME, MD, MA, MI, MN, MO, MT, NE, NH, NJ, NM, NY, ND, OH, PA, RI, SD, TN, VT, VA, WA, WV, WI, WY",NA,0.29296875,0.301204819277108,994
"Amianthium muscaetoxicum","Forb/herb","EFNative",2,"VA, WV","MO, OK, NJ, NY, PA, WV, AL, AR, DE, FL, GA, KY, LA, MD, MS, NC, SC, TN, VA",NA,0.00390625,0.0120481927710843,995
"Ampelaster carolinianus","Shrub","EFNative",2,"DE, VA","FL, GA, NC, SC",NA,0.00390625,0.0120481927710843,996
"Antennaria solitaria","Forb/herb","EFNative",2,"VA, WV","IN, OH, PA, WV, AL, AR, GA, KY, LA, MD, MS, NC, SC, TN, VA",NA,0.00390625,0.0120481927710843,997
"Asarum virginicum","Forb/herb","EFNative",2,"VA, WV","WV, KY, MD, NC, TN, VA",NA,0.00390625,0.0120481927710843,998
"Bolboschoenus fluviatilis","Grass","EFNative",2,"PA, MD","CO, ID, MT, OR, WA, IL, IA, KS, MN, MO, ND, NE, OK, SD, WI, CT, IN, ME, MA, MI, NH, NJ, NY, OH, PA, VT, WV, AZ, CA, UT, NM, AL, DE, KY, MD, TN, VA",NA,0.00390625,0.0120481927710843,999
"Brickellia eupatorioides","Forb/herb","EFNative",2,"PA","CO, MT, IL, IA, KS, MN, MO, ND, NE, OK, SD, WI, IN, MI, NJ, OH, PA, WV, AZ, UT, NM, TX, AL, AR, FL, GA, KY, LA, MD, MS, NC, SC, TN, VA",NA,0.00390625,0.0120481927710843,1000
"Bromus ciliatus","Grass","EFNative",2,"MA, PA","AK, CO, ID, MT, OR, WA, WY, IL, IA, MN, ND, NE, SD, WI, CT, IN, ME, MA, NH, NY, OH, PA, RI, VT, WV, AZ, CA, UT, NM, TX, AL, MD, NC, TN, VA",NA,0.00390625,0.0120481927710843,1001
"Cardamine maxima","Forb/herb","EFNative",2,"RI, PA","WI, CT, ME, MA, MI, NJ, NY, OH, PA, VT",NA,0.00390625,0.0120481927710843,1002
"Carex bebbii","Grass","EFNative",2,"PA","AK, CO, ID, MT, OR, WA, WY, IL, IA, MN, ND, NE, SD, WI, CT, IN, ME, MA, MI, NH, NJ, NY, OH, PA, VT, AZ, UT, NM",NA,0.00390625,0.0120481927710843,1003
"Carex bushii","Grass","EFNative",2,"PA","IL, KS, MN, MO, NE, OK, CT, IN, ME, MA, MI, NJ, NY, OH, PA, RI, VT, WV, TX, AL, AR, DE, GA, KY, MD, MS, NC, TN, VA",NA,0.00390625,0.0120481927710843,1004
"Carex praegracilis","Grass","EFNative",2,"PA, MD","AK, CO, ID, MT, OR, WA, WY, IL, IA, KS, MN, MO, ND, NE, SD, WI, IN, ME, MI, NY, OH, PA, VT, AZ, CA, NV, UT, NM, KY, VA",NA,0.00390625,0.0120481927710843,1005
"Carex prairea","Grass","EFNative",2,"PA, MD","MT, IL, IA, MN, ND, NE, SD, WI, CT, IN, ME, MA, MI, NJ, NY, OH, PA, VT, WV, VA",NA,0.00390625,0.0120481927710843,1006
"Ceratophyllum demersum","Forb/herb","EFNative",2,"MA, MD","AK, CO, ID, MT, OR, WA, WY, IL, IA, KS, MN, MO, ND, NE, OK, SD, WI, CT, IN, ME, MA, MI, NH, NJ, NY, OH, PA, RI, VT, WV, AZ, CA, NV, UT, NM, TX, AL, AR, DE, FL, GA, KY, LA, MD, MS, NC, SC, TN, VA",NA,0.00390625,0.0120481927710843,1007
"Cicuta maculata","Forb/herb","EFNative",2,"PA","AK, CO, ID, MT, OR, WA, WY, IL, IA, KS, MN, MO, ND, NE, OK, SD, WI, CT, IN, ME, MA, MI, NH, NJ, NY, OH, PA, RI, VT, WV, AZ, CA, NV, UT, NM, TX, AL, AR, DE, FL, GA, KY, LA, MD, MS, NC, SC, TN, VA","NV",0.00390625,0.0120481927710843,1008
"Desmanthus illinoensis","Forb/herb","EFNative",2,"MA, ME","CO, IL, IA, KS, MN, MO, ND, NE, OK, SD, WI, IN, NJ, OH, PA, WV, NV, UT, NM, TX, AL, AR, DE, FL, GA, KY, MS, SC, TN, VA",NA,0.00390625,0.0120481927710843,1009
"Drymocallis arguta","Forb/herb","EFNative",2,"MA, PA","CO, MT, WY, IL, IA, KS, MN, MO, ND, NE, SD, WI, IN, ME, MA, NH, NJ, NY, OH, PA, VT, WV, NM, AR, MD, TN, VA",NA,0.00390625,0.0120481927710843,1010
"Dryopteris ludoviciana","Forb/herb","EFNative",2,"PA, ME","TX, AL, AR, FL, GA, KY, LA, MS, NC, SC",NA,0.00390625,0.0120481927710843,1011
"Elymus villosus","Grass","EFNative",2,"MD, PA","WY, IL, IA, KS, MN, MO, ND, NE, OK, SD, WI, CT, IN, MA, MI, NJ, NY, OH, PA, RI, VT, WV, NM, TX, AL, AR, DE, GA, KY, MD, MS, NC, SC, TN, VA",NA,0.00390625,0.0120481927710843,1012
"Enemion biternatum","Forb/herb","EFNative",2,"PA, WV","IL, IA, KS, MN, MO, OK, SD, WI, IN, MI, NY, OH, WV, TX, AL, AR, FL, KY, MS, NC, SC, TN, VA",NA,0.00390625,0.0120481927710843,1013
"Eryngium aquaticum","Forb/herb","EFNative",2,"PA, DE","MN, CT, NJ, PA, DE, FL, GA, MD, MS, NC, SC, VA",NA,0.00390625,0.0120481927710843,1014
"Erythronium rostratum","Forb/herb","EFNative",2,"CT, PA","KS, MO, OK, OH, TX, AL, AR, KY, LA, MS, TN",NA,0.00390625,0.0120481927710843,1015
"Frangula caroliniana","Shrub","EFNative",2,"OH, PA","IL, MO, OK, IN, OH, TX, AL, AR, FL, GA, KY, LA, MD, MS, NC, SC, TN, VA",NA,0.00390625,0.0120481927710843,1016
"Gelsemium rankinii","Vine","EFNative",2,"VA","AL, FL, GA, LA, MS, NC, SC",NA,0.00390625,0.0120481927710843,1017
"Hordeum jubatum","Grass","EFNative",2,"PA, NJ","AK, CO, ID, MT, OR, WA, WY, IL, IA, KS, MN, MO, ND, NE, OK, SD, WI, CT, IN, ME, MA, MI, NH, NJ, NY, OH, PA, RI, VT, WV, AZ, CA, NV, UT, NM, TX, AR, DE, KY, MD, NC, SC, TN, VA",NA,0.00390625,0.0120481927710843,1018
"Hydrophyllum appendiculatum","Forb/herb","EFNative",2,"DE, PA","IL, IA, KS, MN, MO, NE, WI, IN, MI, OH, PA, WV, AL, AR, KY, MS, NC, TN",NA,0.00390625,0.0120481927710843,1019
"Ilex decidua","Shrub","EFNative",2,"OH, VA","IL, KS, MO, OK, IN, TX, AL, AR, FL, GA, KY, LA, MD, MS, NC, SC, TN, VA",NA,0.00390625,0.0120481927710843,1020
"Juncus dudleyi","Grass","EFNative",2,"PA, VA","CO, ID, MT, OR, WA, WY, IL, IA, KS, MN, MO, ND, NE, OK, SD, WI, CT, IN, ME, MA, MI, NH, NJ, NY, OH, PA, RI, VT, WV, AZ, CA, NV, UT, NM, TX, AR, DE, KY, LA, MD, MS, TN, VA",NA,0.00390625,0.0120481927710843,1021
"Juncus torreyi","Grass","EFNative",2,"PA, MD","CO, ID, MT, OR, WA, WY, IL, IA, KS, MN, MO, ND, NE, OK, SD, WI, IN, ME, MI, NJ, NY, OH, PA, VT, WV, AZ, CA, NV, UT, NM, TX, AL, AR, GA, KY, LA, MD, MS, TN, VA",NA,0.00390625,0.0120481927710843,1022
"Koeleria macrantha","Grass","EFNative",2,"NJ, PA","AK, CO, MT, OR, WA, WY, IL, IA, KS, MN, MO, ND, NE, OK, SD, WI, IN, ME, NY, OH, PA, VT, AZ, CA, NV, UT, NM, TX, AL, AR, DE, KY, LA, MD, MS",NA,0.00390625,0.0120481927710843,1023
"Lycopus americanus","Forb/herb","EFNative",2,"PA, NJ","CO, ID, MT, OR, WA, WY, IL, IA, KS, MN, MO, ND, NE, OK, SD, WI, CT, IN, ME, MA, MI, NH, NJ, NY, OH, PA, RI, VT, WV, AZ, CA, NV, UT, NM, TX, AL, AR, DE, FL, GA, KY, LA, MD, MS, NC, SC, TN, VA",NA,0.00390625,0.0120481927710843,1024
"Lysimachia quadrifolia","Forb/herb","EFNative",2,"PA, MA","IL, MN, OK, WI, CT, IN, ME, MA, MI, NH, NJ, NY, OH, PA, RI, VT, WV, AL, DE, GA, KY, MD, NC, SC, TN, VA",NA,0.00390625,0.0120481927710843,1025
"Napaea dioica","Forb/herb","EFNative",2,"PA, RI","IL, IA, MN, WI, IN, OH, VT, MD",NA,0.00390625,0.0120481927710843,1026
"Packera paupercula","Forb/herb","EFNative",2,"PA, NJ","AK, CO, ID, MT, WA, WY, IL, IA, MN, MO, ND, SD, WI, IN, ME, MA, MI, NH, NJ, NY, OH, PA, VT, WV, UT, AL, AR, GA, KY, MD, NC, TN, VA",NA,0.00390625,0.0120481927710843,1027
"Panax trifolius","Forb/herb","EFNative",2,"VA, WV","MN, WI, CT, IN, ME, MA, MI, NH, NJ, NY, OH, PA, RI, VT, WV, DE, GA, KY, MD, NC, TN, VA",NA,0.00390625,0.0120481927710843,1028
"Penstemon tubaeflorus","Forb/herb","EFNative",2,"NJ, VA","IL, IA, KS, MO, NE, WI, IN, NH, OH, PA, TX, AR, KY, LA, MS, TN",NA,0.00390625,0.0120481927710843,1029
"Quercus fusiformis","Shrub","EFNonNative",2,"PA","OK, TX",NA,0.00390625,0.0120481927710843,1030
"Rhododendron alabamense","Shrub","EFNative",2,"DE, PA","AL, FL, GA, MS, TN",NA,0.00390625,0.0120481927710843,1031
"Rhynchospora colorata","Grass","EFNative",2,"MA, VA","TX, AL, AR, FL, GA, LA, MS, NC, SC, VA",NA,0.00390625,0.0120481927710843,1032
"Rosa blanda","Shrub","EFNative",2,"ME, MA","CO, IL, IA, MN, MO, ND, NE, SD, WI, IN, ME, MA, MI, NH, NY, OH, PA, RI, VT, WV, MD",NA,0.00390625,0.0120481927710843,1033
"Salix caroliniana","Tree","EFNative",2,"MD, OH","IL, KS, MO, OK, IN, OH, PA, WV, TX, AL, AR, FL, GA, KY, LA, MD, MS, NC, SC, TN, VA",NA,0.00390625,0.0120481927710843,1034
"Sarracenia leucophylla","Forb/herb","EFNative",2,"VA, PA","AL, FL, GA, MS",NA,0.00390625,0.0120481927710843,1035
"Sarracenia purpurea","Forb/herb","EFNative",2,"VA, CT","AK, IL, IA, MN, WI, CT, IN, ME, MA, MI, NH, NJ, NY, OH, PA, RI, VT, WV, DE, GA, MD, NC, SC, VA",NA,0.00390625,0.0120481927710843,1036
"Scirpus pendulus","Grass","EFNative",2,"CT, PA","CO, OR, IL, IA, KS, MN, MO, NE, OK, SD, WI, CT, IN, ME, MA, MI, NH, NJ, NY, OH, PA, VT, WV, AZ, CA, NM, TX, AL, AR, DE, FL, GA, KY, MD, MS, NC, SC, TN, VA",NA,0.00390625,0.0120481927710843,1037
"Scutellaria parvula","Forb/herb","EFNative",2,"PA, VA","IL, IA, KS, MN, MO, ND, NE, OK, SD, WI, CT, IN, ME, MA, MI, NJ, NY, OH, PA, VT, TX, AL, AR, DE, FL, GA, KY, LA, MD, MS, NC, SC, TN, VA",NA,0.00390625,0.0120481927710843,1038
"Scutellaria serrata","Forb/herb","EFNative",2,"PA","IL, NY, OH, PA, WV, AL, KY, MD, NC, SC, TN, VA",NA,0.00390625,0.0120481927710843,1039
"Sisyrinchium albidum","Forb/herb","EFNative",2,"MA, PA","IL, MO, OK, WI, IN, ME, MI, NY, OH, PA, TX, AL, AR, FL, GA, KY, LA, NC, SC, TN, VA",NA,0.00390625,0.0120481927710843,1040
"Symphyotrichum sericeum","Grass","EFNative",2,"PA, MA","IA, KS, MN, MO, ND, NE, OK, SD, WI, IN, MI, OH, TX, AR, GA, TN",NA,0.00390625,0.0120481927710843,1041
"Symphyotrichum shortii","Forb/herb","EFNative",2,"MA, PA","IL, IA, MN, WI, IN, MI, PA, WV, AL, AR, FL, GA, KY, MD, MS, NC, TN, VA",NA,0.00390625,0.0120481927710843,1042
"Thalia dealbata","Forb/herb","EFNative",2,"MA, VA","IL, MO, OK, TX, AL, AR, GA, LA, MS, SC",NA,0.00390625,0.0120481927710843,1043
"Trillium cernuum","Forb/herb","EFNative",2,"PA, ME","IL, IA, MN, ND, SD, WI, CT, IN, ME, MA, MI, NH, NJ, NY, OH, PA, RI, VT, WV, DE, MD, VA",NA,0.00390625,0.0120481927710843,1044
"Trillium flexipes","Forb/herb","EFNative",2,"PA, VT","IL, IA, MN, MO, SD, WI, IN, MI, NY, OH, PA, WV, AL, DE, KY, MD, TN, VA",NA,0.00390625,0.0120481927710843,1045
"Urtica dioica","Forb/herb","EFNative",2,"ME","AL, AZ, CA, CO, CT, DE, FL, GA, ID, IL, IN, IA, KS, KY, LA, ME, MD, MA, MI, MN, MS, MO, MT, NE, NV, NH, NJ, NM, NY, NC, ND, OH, OK, OR, PA, RI, SC, SD, TN, TX, UT, VT, VA, WA, WV, WI, WY",NA,0.00390625,0.0120481927710843,1046
"Vaccinium darrowii","Shrub","EFNative",2,"ME, DE","AL, FL, GA, LA, MS",NA,0.00390625,0.0120481927710843,1047
"Viola palmata","Forb/herb","EFNative",2,"WV, NJ","IL, IA, KS, MO, ND, NE, OK, CT, IN, ME, MA, MI, NJ, NY, OH, PA, RI, VT, WV, NM, TX, AL, AR, DE, FL, GA, KY, LA, MD, MS, NC, SC, TN, VA",NA,0.00390625,0.0120481927710843,1048
"Viola rostrata","Forb/herb","EFNative",2,"WV, VA","WI, CT, IN, MA, MI, NJ, NY, OH, PA, VT, WV, AL, GA, KY, MD, NC, SC, TN, VA",NA,0.00390625,0.0120481927710843,1049
"Zenobia pulverulenta","Shrub","EFNative",2,"DE, PA","GA, NC, SC, VA",NA,0.00390625,0.0120481927710843,1050
"Carex cherokeensis","Grass","EFNative",15,"MD, PA, NY, VA, NJ, ME","MO, OK, TX, AL, AR, FL, GA, KY, LA, MS, NC, SC, TN, VA",NA,0.04296875,0.0481927710843374,1051
"Maclura pomifera","Shrub","EFNative",15,"OH, KY, MD, NY, ME, PA, NJ, VA","OK, TX, AR",NA,0.04296875,0.0481927710843374,1052
"Astilbe biternata","Forb/herb","EFNative",7,"ME, DE, VA, NH, WV","WV, AL, GA, KY, NC, SC, TN, VA",NA,0.01953125,0.0240963855421687,1053
"Rhododendron austrinum","Shrub","EFNative",7,"OH, NJ, DE, PA, VA","AL, FL, GA, MS",NA,0.01953125,0.0240963855421687,1054
"Styrax americanus","Shrub","EFNative",7,"MD, ME, VA, PA","IL, MO, OK, IN, OH, TX, AL, AR, FL, GA, KY, LA, MS, NC, SC, TN, VA",NA,0.01953125,0.0240963855421687,1055
"Agarista populifolia","Shrub","EFNative",3,"DE, MD, PA","AL, FL, GA, SC",NA,0.0078125,0.0120481927710843,1056
"Anemone quinquefolia","Forb/herb","EFNative",3,"RI, PA, VA","IL, IA, MN, MO, ND, SD, WI, CT, IN, ME, MA, MI, NH, NJ, NY, OH, PA, RI, VT, WV, AL, DE, GA, KY, MD, MS, NC, SC, TN, VA",NA,0.0078125,0.0120481927710843,1057
"Boehmeria cylindrica","Forb/herb","EFNative",3,"ME, PA, NJ","IL, IA, KS, MN, MO, NE, OK, SD, WI, CT, IN, ME, MA, MI, NH, NJ, NY, OH, PA, RI, VT, WV, AZ, UT, NM, TX, AL, AR, DE, FL, GA, KY, LA, MD, MS, NC, SC, TN, VA","CA",0.0078125,0.0120481927710843,1058
"Callirhoe bushii","Forb/herb","EFNative",3,"MA, PA, VA","IA, KS, MO, OK, AR",NA,0.0078125,0.0120481927710843,1059
"Claytonia caroliniana","Forb/herb","EFNative",3,"ME, PA, WV","IA, MN, WI, CT, IN, ME, MA, MI, NH, NY, OH, PA, VT, WV, GA, KY, MD, NC, TN, VA",NA,0.0078125,0.0120481927710843,1060
"Cornus obliqua","Shrub","EFNative",3,"MD, VA","IL, IA, KS, MN, MO, ND, NE, OK, SD, WI, CT, IN, ME, MA, MI, NH, NJ, NY, OH, PA, RI, VT, WV, AR, KY, MD, TN, VA",NA,0.0078125,0.0120481927710843,1061
"Dryopteris cristata","Forb/herb","EFNative",3,"VA, ME, PA","ID, MT, WA, IL, IA, MN, MO, ND, NE, WI, CT, IN, ME, MA, MI, NH, NJ, NY, OH, PA, RI, VT, WV, AL, DE, GA, MD, NC, TN, VA",NA,0.0078125,0.0120481927710843,1062
"Elymus glaucus","Grass","EFNative",3,"OH, MD, NJ","AK, CO, ID, MT, OR, WA, WY, IL, MO, ND, OK, SD, WI, MI, AZ, CA, NV, UT, NM, TX, AR",NA,0.0078125,0.0120481927710843,1063
"Equisetum scirpoides","Forb/herb","EFNative",3,"PA, MA, MD","AK, ID, MT, WA, WY, IL, IA, MN, ND, SD, WI, CT, ME, MA, MI, NH, NY, VT",NA,0.0078125,0.0120481927710843,1064
"Festuca rubra","Grass","EFNative",3,"MD, PA, ME","AK, ID, MT, OR, WA, WY, IL, IA, MN, MO, ND, NE, WI, CT, IN, ME, MA, NH, NJ, NY, OH, PA, RI, VT, WV, AZ, CA, NV, UT, NM, TX, AL, DE, GA, KY, MD, NC, SC, TN, VA",NA,0.0078125,0.0120481927710843,1065
"Gaylussacia brachycera","Shrub","EFNative",3,"RI, ME, PA","PA, WV, DE, KY, MD, NC, TN, VA",NA,0.0078125,0.0120481927710843,1066
"Nyssa aquatica","Tree","EFNative",3,"VA, DE","IL, MO, TX, AL, AR, FL, GA, KY, LA, MS, NC, SC, TN, VA",NA,0.0078125,0.0120481927710843,1067
"Penstemon strictus","Forb/herb","EFNonNative",3,"VA, MD","CO, WY, AZ, UT, NM",NA,0.0078125,0.0120481927710843,1068
"Phlox stolonifera","Forb/herb","EFNative",3,"PA, OH, NY","ME, OH, PA, VT, WV, GA, KY, MD, NC, SC, TN, VA",NA,0.0078125,0.0120481927710843,1069
"Pinus pungens","Tree","EFNative",3,"OH, PA","PA, WV, GA, MD, NC, SC, TN, VA",NA,0.0078125,0.0120481927710843,1070
"Quercus virginiana","Tree","EFNative",3,"MD, VA","TX, AL, FL, GA, LA, MS, NC, SC, VA",NA,0.0078125,0.0120481927710843,1071
"Rhododendron flammeum","Shrub","EFNative",3,"PA, DE, MD","GA, SC",NA,0.0078125,0.0120481927710843,1072
"Rosa setigera","Shrub","EFNative",3,"PA, MA, VA","IL, IA, KS, MO, NE, OK, WI, CT, IN, ME, MA, MI, NH, NJ, NY, OH, PA, VT, WV, TX, AL, AR, DE, FL, GA, KY, LA, MD, MS, NC, SC, TN, VA",NA,0.0078125,0.0120481927710843,1073
"Sedum divergens","Forb/herb","EFNonNative",3,"ME, WV, MD","AK, OR, WA, CA",NA,0.0078125,0.0120481927710843,1074
"Tradescantia subaspera","Forb/herb","EFNative",3,"MD, PA, WV","IL, MO, IN, NY, OH, PA, WV, AL, AR, FL, GA, KY, LA, MS, NC, SC, TN, VA",NA,0.0078125,0.0120481927710843,1075
"Trillium viridescens","Forb/herb","EFNative",3,"PA, CT, ME","KS, MO, OK, TX, AR",NA,0.0078125,0.0120481927710843,1076
"Viola cucullata","Forb/herb","EFNative",3,"OH, VA, WV","IL, IA, MN, MO, WI, CT, IN, ME, MA, MI, NH, NJ, NY, OH, PA, RI, VT, WV, AL, AR, DE, GA, KY, MD, MS, NC, SC, TN, VA",NA,0.0078125,0.0120481927710843,1077
"Quercus imbricaria","Tree","EFNative",28,"OH, MD, NJ, MA, KY, PA, VA, NY, VT","IL, IA, KS, MO, IN, MI, NJ, NY, OH, PA, WV, TX, AL, AR, DE, KY, LA, MD, NC, TN, VA",NA,0.08203125,0.0843373493975904,1078
"Coreopsis verticillata","Forb/herb","EFNative",110,"OH, KY, MA, NY, MD, PA, RI, DE, VA, NJ, CT, ME, VT, WV, NH","CT, MA, NJ, NY, OH, WV, AL, AR, GA, KY, MD, MS, NC, SC, TN, VA",NA,0.32421875,0.325301204819277,1079
"Allium stellatum","Forb/herb","EFNative",4,"MA, MD, PA, WV","IL, IA, KS, MN, MO, ND, NE, OK, SD, WI, MI, TX, AR, KY, TN",NA,0.01171875,0.0120481927710843,1080
"Asplenium trichomanes","Forb/herb","EFNative",4,"MD, DE, MA, VA","AK, CO, ID, MT, OR, WA, WY, IL, KS, MN, MO, OK, SD, WI, CT, IN, ME, MA, MI, NH, NJ, NY, OH, PA, RI, VT, WV, AZ, CA, UT, NM, TX, AL, AR, DE, FL, GA, KY, LA, MD, MS, NC, SC, TN, VA",NA,0.01171875,0.0120481927710843,1081
"Coreopsis palmata","Forb/herb","EFNative",4,"MA, PA, MD","IL, IA, KS, MN, MO, NE, OK, SD, WI, IN, MI, AR, LA",NA,0.01171875,0.0120481927710843,1082
"Dryopteris clintoniana","Forb/herb","EFNative",4,"PA, MA, DE, CT","IL, WI, CT, IN, ME, MA, MI, NH, NJ, NY, OH, PA, RI, VT, DE, MD",NA,0.01171875,0.0120481927710843,1083
"Erythronium albidum","Forb/herb","EFNative",4,"ME, CT, PA, WV","IL, IA, KS, MN, MO, NE, OK, SD, WI, IN, MI, NJ, NY, OH, PA, WV, TX, AL, AR, GA, KY, LA, MD, MS, TN, VA",NA,0.01171875,0.0120481927710843,1084
"Fragaria vesca","Forb/herb","EFNative",4,"CT, ME, VA","CO, ID, MT, OR, WA, WY, IL, IA, MN, ND, NE, SD, WI, CT, IN, ME, MA, MI, NH, NY, OH, PA, VT, WV, AZ, CA, UT, NM, TX, MS, NC, VA",NA,0.01171875,0.0120481927710843,1085
"Hesperaloe parviflora","Forb/herb","EFNonNative",4,"KY, PA, OH, MD","TX",NA,0.01171875,0.0120481927710843,1086
"Rhododendron carolinianum","Shrub","EFNative",4,"PA, MA, ME, MD","AL, GA, NC, SC, TN",NA,0.01171875,0.0120481927710843,1087
"Talinum calycinum","Forb/herb","EFNative",4,"MD, PA, VA","CO, IL, KS, MO, NE, OK, NM, TX, AR, LA",NA,0.01171875,0.0120481927710843,1088
"Trillium pusillum","Forb/herb","EFNative",4,"NH, CT, PA, WV","MO, OK, WV, AL, AR, KY, MD, MS, NC, SC, TN, VA",NA,0.01171875,0.0120481927710843,1089
"Trillium sulcatum","Forb/herb","EFNative",4,"VA, VT, CT, WV","WV, AL, GA, KY, NC, TN, VA",NA,0.01171875,0.0120481927710843,1090
"Vernonia missurica","Forb/herb","EFNative",4,"PA, VT, MA, CT","IL, IA, KS, MO, OK, IN, MI, TX, AL, AR, GA, KY, LA, MS, TN",NA,0.01171875,0.0120481927710843,1091
"Quercus shumardii","Shrub","EFNative",41,"OH, MD, KY, NJ, PA, VA, NY, DE, MA","IL, KS, MO, NE, OK, IN, MI, NY, OH, PA, WV, TX, AL, AR, FL, GA, KY, LA, MD, MS, NC, SC, TN, VA",NA,0.12109375,0.120481927710843,1092
"Solidago shortii","Forb/herb","EFNative",21,"NY, MD, PA, DE, VT, ME, NJ, OH, VA","IN, KY",NA,0.0625,0.0602409638554217,1093
"Dryopteris carthusiana","Forb/herb","EFNative",9,"MA, ME, PA, VA, NY","ID, MT, OR, WA, IL, IA, MN, MO, ND, NE, SD, WI, CT, IN, ME, MA, MI, NH, NJ, NY, OH, PA, RI, VT, WV, AL, AR, DE, GA, KY, MD, NC, SC, TN, VA",NA,0.02734375,0.0240963855421687,1094
"Ilex vomitoria","Shrub","EFNative",9,"VA, PA, MD","OK, TX, AL, AR, FL, GA, LA, MS, NC, SC, VA",NA,0.02734375,0.0240963855421687,1095
"Oenothera speciosa","Forb/herb","EFNative",9,"NJ, PA, DE, VA, ME, MA","IA, KS, MO, NE, OK, IN, NM, TX, AR, LA",NA,0.02734375,0.0240963855421687,1096
"Pinus palustris","Tree","EFNative",9,"OH, ME, MD, PA, VA","TX, AL, AR, FL, GA, LA, MS, NC, SC, VA",NA,0.02734375,0.0240963855421687,1097
"Callisia rosea","Forb/herb","EFNative",5,"MD, DE, NJ, PA, NH","AL, FL, GA, MD, NC, SC, VA",NA,0.015625,0.0120481927710843,1098
"Carex bromoides","Grass","EFNative",5,"MD, PA, NJ","IL, MN, MO, WI, CT, IN, ME, MA, MI, NH, NJ, NY, OH, PA, RI, VT, WV, TX, AL, AR, DE, FL, GA, KY, LA, MD, MS, NC, SC, TN, VA",NA,0.015625,0.0120481927710843,1099
"Echinacea angustifolia","Forb/herb","EFNative",5,"MA, MD, PA, VA","CO, MT, WY, IA, KS, MN, MO, ND, NE, OK, SD, NM, TX, LA",NA,0.015625,0.0120481927710843,1100
"Penstemon cobaea","Forb/herb","EFNative",5,"PA, VT, MD","IA, KS, MO, NE, OK, TX, AR",NA,0.015625,0.0120481927710843,1101
"Abies grandis","Tree","EFNonNative",1,"PA","ID, MT, OR, WA, CA",NA,0.00390625,0,1102
"Abies magnifica","Tree","EFNonNative",1,"CT","OR, CA, NV",NA,0.00390625,0,1103
"Acer macrophyllum","Tree","EFNonNative",1,"CT","AK, OR, WA, CA",NA,0.00390625,0,1104
"Achillea alpina","Forb/herb","EFNative",1,"PA","AK, MT, MN, ND",NA,0.00390625,0,1105
"Agastache cana","Forb/herb","EFNonNative",1,"VT","NM, TX",NA,0.00390625,0,1106
"Allium amplectens","Forb/herb","EFNonNative",1,"MD","OR, WA, CA",NA,0.00390625,0,1107
"Alnus maritima","Shrub","EFNative",1,"ME","OK, DE, GA, MD",NA,0.00390625,0,1108
"Amsonia rigida","Forb/herb","EFNative",1,"RI","AL, FL, GA, LA, MS",NA,0.00390625,0,1109
"Anisacanthus quadrifidus","Shrub","EFNonNative",1,"VA","TX",NA,0.00390625,0,1110
"Antennaria microphylla","Forb/herb","EFNative",1,"NJ","AK, CO, ID, MT, OR, WA, WY, MN, ND, NE, SD, AZ, CA, NV, UT, NM",NA,0.00390625,0,1111
"Arnoglossum plantagineum","Forb/herb","EFNative",1,"PA","IL, IA, KS, MN, MO, NE, OK, SD, WI, IN, MI, OH, TX, AL, AR, KY, LA, MS, TN",NA,0.00390625,0,1112
"Asarum caudatum","Forb/herb","EFNonNative",1,"WV","ID, MT, OR, WA, CA",NA,0.00390625,0,1113
"Asarum shuttleworthii","Forb/herb","EFNative",1,"WV","NY, GA, NC, SC, TN, VA",NA,0.00390625,0,1114
"Asclepias linaria","Forb/herb","EFNonNative",1,"PA","AZ, CA, NM",NA,0.00390625,0,1115
"Asclepias quadrifolia","Forb/herb","EFNative",1,"WV","IL, IA, KS, MN, MO, OK, CT, IN, MA, NH, NJ, NY, OH, PA, RI, VT, WV, AL, AR, DE, GA, KY, MD, MS, NC, SC, TN, VA",NA,0.00390625,0,1116
"Asplenium resiliens","Forb/herb","EFNative",1,"WV","CO, IL, KS, MO, OK, IN, OH, PA, WV, AZ, NV, UT, NM, TX, AL, AR, DE, FL, GA, KY, LA, MD, MS, NC, SC, TN, VA",NA,0.00390625,0,1117
"Baccharis sarothroides","Shrub","EFNonNative",1,"MD","AZ, CA, NM, TX",NA,0.00390625,0,1118
"Baptisia bracteata","Forb/herb","EFNative",1,"PA","IL, IA, KS, MN, MO, OK, WI, TX, AL, AR, GA, KY, LA, MS, NC, SC, TN",NA,0.00390625,0,1119
"Berberis repens","Shrub","EFNative",1,"CT","CO, ID, MT, OR, WA, WY, MN, ND, NE, SD, AZ, CA, NV, UT, NM, TX",NA,0.00390625,0,1120
"Berlandiera lyrata","Forb/herb","EFNonNative",1,"VA","CO, KS, OK, AZ, NM, TX",NA,0.00390625,0,1121
"Bolboschoenus maritimus","Grass","EFNative",1,"PA","AK, CO, ID, MT, OR, WA, WY, IL, IA, KS, MN, MO, ND, NE, OK, SD, CT, ME, MA, MI, NH, NJ, NY, OH, RI, AZ, CA, NV, UT, NM, TX, LA, VA",NA,0.00390625,0,1122
"Callirhoe alcaeoides","Forb/herb","EFNative",1,"VA","CO, ID, IL, IA, KS, MO, NE, OK, SD, WI, IN, NM, TX, AL, AR, KY, TN",NA,0.00390625,0,1123
"Callirhoe digitata","Forb/herb","EFNative",1,"RI","KS, MO, OK, AL, AR",NA,0.00390625,0,1124
"Calycanthus occidentalis","Shrub","EFNonNative",1,"DE","CA",NA,0.00390625,0,1125
"Camassia cusickii","Forb/herb","EFNonNative",1,"VT","ID, OR",NA,0.00390625,0,1126
"Carex aquatilis","Grass","EFNative",1,"PA","AK, CO, ID, MT, OR, WA, WY, IL, IA, KS, MN, MO, ND, NE, SD, WI, CT, IN, ME, MA, MI, NJ, NY, OH, PA, VT, AZ, CA, NV, UT, NM, VA",NA,0.00390625,0,1127
"Carex buxbaumii","Grass","EFNative",1,"PA","AK, CO, ID, MT, OR, WA, WY, IL, IA, KS, MN, MO, ND, NE, SD, WI, CT, IN, ME, MA, MI, NH, NY, OH, PA, RI, VT, WV, AZ, UT, NM, AR, DE, KY, MD, NC, SC, TN, VA",NA,0.00390625,0,1128
"Carex cristatella","Grass","EFNative",1,"PA","IL, IA, KS, MN, MO, ND, NE, SD, WI, CT, IN, MA, MI, NH, NJ, NY, OH, PA, VT, WV, AL, DE, KY, MD, TN, VA",NA,0.00390625,0,1129
"Carex davisii","Grass","EFNative",1,"PA","IL, IA, KS, MN, MO, NE, OK, WI, CT, IN, MA, MI, NJ, NY, OH, PA, VT, WV, TX, AR, DE, KY, MD, TN",NA,0.00390625,0,1130
"Carex fraseriana","Grass","EFNative",1,"WV","PA, WV, GA, KY, MD, NC, SC, TN, VA",NA,0.00390625,0,1131
"Carex gracillima","Grass","EFNative",1,"PA","IL, IA, MN, MO, ND, WI, CT, IN, ME, MA, MI, NH, NJ, NY, OH, PA, RI, VT, WV, AL, AR, DE, GA, KY, MD, NC, SC, TN, VA",NA,0.00390625,0,1132
"Carex gravida","Grass","EFNative",1,"PA","CO, MT, WY, IL, IA, KS, MN, MO, ND, NE, OK, SD, WI, IN, MI, NY, OH, PA, NM, TX, AR, KY, TN, VA",NA,0.00390625,0,1133
"Carex grisea","Grass","EFNative",1,"PA","IL, IA, KS, MN, MO, NE, OK, SD, WI, CT, ME, MA, MI, NH, NJ, NY, OH, PA, VT, WV, TX, AR, DE, KY, MD, MS, TN, VA",NA,0.00390625,0,1134
"Carex molesta","Grass","EFNative",1,"PA","CO, IL, IA, KS, MN, MO, ND, NE, OK, WI, CT, IN, MA, MI, NH, NY, OH, PA, VT, WV, AL, AR, KY, MD, MS, TN, VA",NA,0.00390625,0,1135
"Carex normalis","Grass","EFNative",1,"PA","IL, IA, KS, MN, MO, SD, WI, CT, IN, ME, MA, MI, NH, NJ, NY, OH, PA, RI, VT, WV, AL, AR, DE, GA, KY, MD, NC, SC, TN, VA",NA,0.00390625,0,1136
"Carex pseudocyperus","Grass","EFNative",1,"MA","MN, SD, WI, CT, ME, MA, MI, NY, OH, PA, VT",NA,0.00390625,0,1137
"Carex retrorsa","Grass","EFNative",1,"PA","CO, ID, MT, OR, WA, WY, IL, IA, MN, WI, CT, IN, ME, MA, MI, NY, PA, VT, UT",NA,0.00390625,0,1138
"Carex riparia","Grass","EFNative",1,"PA","ID, MT, IL, IA, MN, MO, ND, NE, SD, WI, CT, IN, ME, MA, MI, NH, NJ, NY, OH, PA, RI, VT, WV, AL, DE, KY, MD, VA",NA,0.00390625,0,1139
"Carex sartwellii","Grass","EFNative",1,"PA","CO, ID, MT, WY, IL, IA, MN, MO, ND, NE, SD, WI, IN, MI, NY, OH, PA, UT, AR, MD",NA,0.00390625,0,1140
"Carex sparganioides","Grass","EFNative",1,"PA","IL, IA, KS, MN, MO, NE, SD, WI, CT, ME, MA, MI, NH, NJ, NY, OH, PA, VT, WV, AR, DE, GA, KY, MD, TN, VA",NA,0.00390625,0,1141
"Carex trichocarpa","Grass","EFNative",1,"PA","OR, IL, IA, MN, MO, WI, CT, IN, MA, MI, NJ, NY, OH, PA, VT, WV, DE, MD, NC, TN, VA",NA,0.00390625,0,1142
"Carex utriculata","Grass","EFNative",1,"PA","AK, CO, ID, MT, OR, WA, WY, IL, MN, SD, WI, CT, IN, ME, MA, MI, NH, NY, OH, PA, VT, WV, AZ, CA, NV, UT, NM, MD, TN, VA",NA,0.00390625,0,1143
"Clarkia amoena","Forb/herb","EFNonNative",1,"VT","OR, WA, CA",NA,0.00390625,0,1144
"Claytonia sibirica","Forb/herb","EFNonNative",1,"WV","AK, ID, MT, OR, WA, CA",NA,0.00390625,0,1145
"Clematis pitcheri","Vine","EFNative",1,"RI","IL, IA, KS, MO, NE, OK, IN, NM, TX, AL, AR, KY, TN",NA,0.00390625,0,1146
"Clintonia umbellulata","Forb/herb","EFNative",1,"WV","NY, OH, PA, WV, GA, KY, MD, NC, SC, TN, VA",NA,0.00390625,0,1147
"Clusia rosea","Shrub","EFNative",1,"MA","FL",NA,0.00390625,0,1148
"Convallaria montana","Forb/herb","EFNative",1,"WV","WV, GA, KY, NC, TN, VA",NA,0.00390625,0,1149
"Coptis trifolia","Forb/herb","EFNative",1,"RI","AK, MN, WI, CT, IN, ME, MA, MI, NH, NJ, NY, OH, PA, RI, VT, WV, MD",NA,0.00390625,0,1150
"Coreopsis gladiata","Forb/herb","EFNative",1,"PA","TX, AL, AR, FL, GA, LA, MS, NC, SC, VA",NA,0.00390625,0,1151
"Cypripedium reginae","Forb/herb","EFNative",1,"VT","IL, IA, MN, MO, ND, WI, CT, IN, ME, MA, MI, NH, NJ, NY, OH, PA, VT, WV, AR, KY, MD, NC, TN, VA",NA,0.00390625,0,1152
"Dalea candida","Forb/herb","EFNative",1,"PA","CO, MT, WY, IL, IA, KS, MN, MO, ND, NE, OK, SD, WI, IN, AZ, UT, NM, TX, AL, AR, KY, LA, MS, TN",NA,0.00390625,0,1153
"Diarrhena americana","Grass","EFNative",1,"PA","IL, IA, KS, MN, MO, NE, OK, SD, WI, IN, MI, OH, WV, TX, AL, AR, GA, KY, NC, TN, VA",NA,0.00390625,0,1154
"Dioscorea quaternata","Forb/herb","EFNative",1,"WV","IL, IA, KS, MN, MO, NE, OK, WI, CT, IN, MA, MI, NJ, NY, OH, PA, RI, VT, WV, TX, AL, AR, DE, FL, GA, KY, LA, MD, MS, NC, SC, TN, VA",NA,0.00390625,0,1155
"Diplacus aurantiacus","Shrub","EFNonNative",1,"PA","OR, CA",NA,0.00390625,0,1156
"Eleocharis erythropoda","Grass","EFNative",1,"PA","AK, CO, ID, MT, OR, WA, WY, IL, IA, KS, MN, MO, ND, NE, OK, SD, WI, CT, IN, ME, MA, MI, NH, NJ, NY, OH, PA, RI, VT, WV, AZ, UT, NM, TX, AL, AR, DE, GA, KY, LA, MD, MS, NC, TN, VA",NA,0.00390625,0,1157
"Eleocharis exigua","Grass","EFNative",1,"VA","OK, MI, AZ, CA, TX, FL, LA, VA",NA,0.00390625,0,1158
"Elymus smithii","Grass","EFNative",1,"PA","AK, CO, ID, MT, OR, WA, WY, IL, IA, KS, MN, MO, ND, NE, OK, SD, WI, IN, MA, MI, NH, NY, OH, AZ, CA, NV, UT, NM, TX, GA, KY, TN",NA,0.00390625,0,1159
"Engelmannia peristenia","Forb/herb","EFNative",1,"PA","CO, KS, MO, NE, OK, SD, AZ, NM, TX, AR",NA,0.00390625,0,1160
"Erigenia bulbosa","Forb/herb","EFNative",1,"WV","IL, KS, MO, OK, WI, IN, MI, NY, OH, PA, WV, AL, AR, GA, KY, MD, MS, NC, TN, VA",NA,0.00390625,0,1161
"Erigeron speciosus","Forb/herb","EFNonNative",1,"RI","CO, ID, MT, OR, WA, WY, SD, AZ, NV, UT, NM",NA,0.00390625,0,1162
"Eriogonum allenii","Forb/herb","EFNative",1,"VA","WV, VA",NA,0.00390625,0,1163
"Eryngium leavenworthii","Forb/herb","EFNative",1,"MD","KS, MO, OK, WI, TX, AR",NA,0.00390625,0,1164
"Euonymus obovatus","Shrub","EFNative",1,"OH","IL, MO, IN, MI, NY, OH, PA, WV, AR, GA, KY, NC, SC, TN",NA,0.00390625,0,1165
"Festuca idahoensis","Grass","EFNonNative",1,"MA","CO, ID, MT, OR, WA, WY, SD, AZ, CA, NV, UT, NM",NA,0.00390625,0,1166
"Festuca subverticillata","Grass","EFNative",1,"WV","IL, IA, KS, MN, MO, ND, NE, OK, SD, WI, CT, IN, ME, MI, NH, NJ, NY, OH, PA, RI, VT, WV, TX, AL, AR, DE, FL, GA, KY, LA, MD, MS, NC, SC, TN, VA",NA,0.00390625,0,1167
"Fraxinus nigra","Tree","EFNative",1,"ME","IL, IA, MN, ND, WI, CT, IN, ME, MA, MI, NH, NJ, NY, OH, PA, RI, VT, WV, DE, MD",NA,0.00390625,0,1168
"Gordonia lasianthus","Shrub","EFNative",1,"CT","AL, FL, GA, MS, NC, SC",NA,0.00390625,0,1169
"Gymnocarpium dryopteris","Forb/herb","EFNative",1,"CT","AK, CO, ID, MT, OR, WA, WY, IL, IA, MN, ND, SD, WI, CT, ME, MA, MI, NH, NJ, NY, OH, PA, RI, VT, WV, AZ, UT, NM, MD",NA,0.00390625,0,1170
"Hamamelis ovalis","Shrub","EFNative",1,"OH","AL, MS",NA,0.00390625,0,1171
"Helenium amarum","Forb/herb","EFNative",1,"PA","KS, MO, OK, IN, MI, PA, CA, TX, AL, AR, FL, GA, LA, MS, NC, SC, TN, VA",NA,0.00390625,0,1172
"Helianthus pauciflorus","Forb/herb","EFNative",1,"PA","CO, MT, WY, IL, IA, KS, MN, MO, ND, NE, OK, SD, WI, CT, IN, ME, MA, MI, NH, NJ, PA, RI, VT, NM, TX, AR, GA, KY, VA",NA,0.00390625,0,1173
"Heuchera parviflora","Forb/herb","EFNative",1,"PA","WV, KY, NC, TN, VA",NA,0.00390625,0,1174
"Hippuris vulgaris","Forb/herb","EFNative",1,"MA","AK, CO, MT, OR, WA, WY, IL, MN, ND, NE, SD, WI, IN, ME, MA, MI, NH, NY, VT, AZ, CA, NV, UT, NM",NA,0.00390625,0,1175
"Hydrocharis spongia","Forb/herb","EFNative",1,"MA","IL, MO, OK, NY, TX, AL, AR, DE, FL, GA, KY, LA, MD, MS, NC, SC, TN, VA","CA",0.00390625,0,1176
"Hydrocotyle verticillata","Forb/herb","EFNative",1,"MA","OR, MO, OK, CT, MA, NJ, NY, RI, AZ, CA, NV, NM, TX, AL, AR, DE, FL, GA, LA, MD, MS, NC, SC, VA",NA,0.00390625,0,1177
"Hypericum sphaerocarpum","Forb/herb","EFNative",1,"PA","IL, IA, KS, MN, MO, NE, OK, WI, IN, MI, OH, PA, TX, AL, AR, GA, KY, LA, MS, TN",NA,0.00390625,0,1178
"Iliamna remota","Forb/herb","EFNative",1,"RI","IL, IN, VA",NA,0.00390625,0,1179
"Ipomopsis rubra","Forb/herb","EFNative",1,"MD","IA, KS, MO, OK, IN, MA, MI, NJ, OH, TX, AL, AR, DE, FL, GA, LA, MD, MS, NC, SC, VA",NA,0.00390625,0,1180
"Iris hexagona","Forb/herb","EFNative",1,"CT","FL, SC",NA,0.00390625,0,1181
"Juncus interior","Grass","EFNative",1,"PA","CO, MT, WY, IL, IA, KS, MN, MO, ND, NE, OK, SD, WI, IN, OH, AZ, UT, NM, TX, AL, AR, KY, MS, TN",NA,0.00390625,0,1182
"Lepidium virginicum","Forb/herb","EFNative",1,"PA","CO, ID, MT, OR, WA, WY, IL, IA, KS, MN, MO, NE, OK, WI, CT, IN, ME, MA, MI, NH, NJ, NY, OH, PA, RI, VT, WV, AZ, CA, NV, UT, NM, TX, AL, AR, DE, FL, GA, KY, LA, MD, MS, NC, SC, TN, VA",NA,0.00390625,0,1183
"Leucophyllum frutescens","Shrub","EFNonNative",1,"PA","TX",NA,0.00390625,0,1184
"Lewisia nevadensis","Forb/herb","EFNonNative",1,"CT","CO, ID, OR, WA, AZ, CA, NV, UT, NM",NA,0.00390625,0,1185
"Lewisia pygmaea","Forb/herb","EFNonNative",1,"CT","CO, ID, MT, OR, WA, WY, AZ, CA, NV, UT, NM",NA,0.00390625,0,1186
"Lilium michiganense","Forb/herb","EFNative",1,"PA","IL, IA, KS, MN, MO, NE, OK, SD, WI, IN, MI, NY, OH, AL, AR, KY, TN",NA,0.00390625,0,1187
"Lindernia grandiflora","Forb/herb","EFNative",1,"VA","FL, GA",NA,0.00390625,0,1188
"Maianthemum dilatatum","Forb/herb","EFNonNative",1,"CT","AK, ID, OR, WA, CA",NA,0.00390625,0,1189
"Malus ioensis","Shrub","EFNative",1,"OH","IL, IA, KS, MN, MO, NE, OK, SD, WI, IN, MI, OH, TX, AR, KY, LA",NA,0.00390625,0,1190
"Mecardonia procumbens","Forb/herb","EFNative",1,"PA","NM, TX, FL",NA,0.00390625,0,1191
"Mimosa strigillosa","Forb/herb","EFNative",1,"ME","AZ, TX, AL, AR, FL, GA, MS",NA,0.00390625,0,1192
"Monardella macrantha","Forb/herb","EFNonNative",1,"PA","CA",NA,0.00390625,0,1193
"Muhlenbergia dumosa","Grass","EFNonNative",1,"RI","AZ",NA,0.00390625,0,1194
"Muhlenbergia mexicana","Grass","EFNative",1,"PA","CO, ID, MT, OR, WA, WY, IL, IA, KS, MN, MO, ND, NE, OK, SD, WI, CT, IN, ME, MA, MI, NH, NJ, NY, OH, PA, RI, VT, WV, AZ, CA, NV, UT, NM, TX, AL, AR, DE, KY, MD, NC, TN, VA",NA,0.00390625,0,1195
"Myosotis alpestris","Forb/herb","EFNonNative",1,"VT","WA, OR, ID, MT, WY, CO",NA,0.00390625,0,1196
"Nemopanthus mucronatus","Shrub","EFNative",1,"ME","IL, MN, WI, CT, IN, ME, MA, MI, NH, NJ, NY, OH, PA, RI, VT, WV, MD",NA,0.00390625,0,1197
"Nemophila aphylla","Forb/herb","EFNative",1,"WV","IL, OK, WV, TX, AL, AR, DE, FL, GA, KY, LA, MD, MS, NC, SC, TN, VA",NA,0.00390625,0,1198
"Nemophila menziesii","Forb/herb","EFNonNative",1,"VT","OR, WY, CA, NV",NA,0.00390625,0,1199
"Nothoscordum bivalve","Forb/herb","EFNative",1,"WV","IL, KS, MO, OK, IN, OH, AZ, NM, TX, AL, AR, FL, GA, KY, LA, MS, NC, SC, TN, VA",NA,0.00390625,0,1200
"Oenothera humifusa","Forb/herb","EFNative",1,"NH","NJ, PA, AL, DE, FL, GA, LA, MD, MS, NC, SC, VA",NA,0.00390625,0,1201
"Oplismenus hirtellus","Grass","EFNative",1,"PA","FL","NY, PA, VA, WI",0.00390625,0,1202
"Packera plattensis","Forb/herb","EFNative",1,"PA","CO, MT, WY, IL, IA, KS, MN, MO, ND, NE, OK, SD, WI, IN, MI, OH, PA, NM, TX, AR, GA, LA, MS, TN, VA",NA,0.00390625,0,1203
"Pediomelum subacaule","Forb/herb","EFNative",1,"WV","AL, GA, TN",NA,0.00390625,0,1204
"Penstemon heterophyllus","Forb/herb","EFNonNative",1,"ME","CA",NA,0.00390625,0,1205
"Penstemon newberryi","Forb/herb","EFNonNative",1,"MA","OR, CA, NV",NA,0.00390625,0,1206
"Phacelia tanacetifolia","Forb/herb","EFNative",1,"MA","OR, KS, ME, MA, MI, AZ, CA, NV",NA,0.00390625,0,1207
"Phemeranthus calcaricus","Forb/herb","EFNative",1,"WV","CO, IL, NE, NM, TX, AL, AR, KY, TN",NA,0.00390625,0,1208
"Phlox amoena","Forb/herb","EFNative",1,"WV","AL, FL, GA, KY, MS, NC, SC, TN",NA,0.00390625,0,1209
"Phlox buckleyi","Forb/herb","EFNative",1,"VA","WV, VA",NA,0.00390625,0,1210
"Phlox douglasii","Forb/herb","EFNonNative",1,"VT","OR, WA, CA",NA,0.00390625,0,1211
"Physostegia leptophylla","Forb/herb","EFNative",1,"MA","AL, FL, GA, NC, SC, VA",NA,0.00390625,0,1212
"Picea engelmannii","Tree","EFNonNative",1,"MA","CO, ID, MT, OR, WA, WY, AZ, CA, NV, UT, NM",NA,0.00390625,0,1213
"Pieris phillyreifolia","Shrub","EFNative",1,"DE","AL, FL, GA, MS, SC",NA,0.00390625,0,1214
"Pinus albicaulis","Tree","EFNonNative",1,"OH","ID, MT, OR, WA, WY, CA, NV",NA,0.00390625,0,1215
"Pinus jeffreyi","Tree","EFNonNative",1,"MA","OR, CA, NV",NA,0.00390625,0,1216
"Pinus monophylla","Tree","EFNonNative",1,"ME","CO, ID, AZ, CA, NV, UT, NM",NA,0.00390625,0,1217
"Polemonium pulcherrimum","Forb/herb","EFNonNative",1,"DE","AK, CO, ID, MT, OR, WA, WY, AZ, CA, NV, UT, NM",NA,0.00390625,0,1218
"Portulaca pilosa","Forb/herb","EFNative",1,"PA","KS, MO, OK, AZ, NM, TX, AL, AR, FL, GA, LA, MS, NC, SC, TN",NA,0.00390625,0,1219
"Portulaca umbraticola","Forb/herb","EFNative",1,"PA","MO, OK, AZ, NM, TX, AL, AR, GA, LA, MS, SC",NA,0.00390625,0,1220
"Potentilla thurberi","Forb/herb","EFNonNative",1,"OH","AZ, NM",NA,0.00390625,0,1221
"Primula jeffreyi",NA,"EFNonNative",1,"CT","AK, ID, MT, OR, WA, WY, CA",NA,0.00390625,0,1222
"Pulsatilla patens","Forb/herb","EFNative",1,"PA","WA, ID, MT, WY, UT, CO, NM, TX, ND, SD, NE, KS, IA, MN, WI, IL, MI",NA,0.00390625,0,1223
"Quercus laurifolia","Tree","EFNative",1,"VA","TX, AL, AR, FL, GA, LA, MS, NC, SC, VA",NA,0.00390625,0,1224
"Quercus pagoda","Tree","EFNative",1,"DE","IL, MO, OK, IN, TX, AL, AR, FL, GA, KY, LA, MD, MS, NC, SC, TN, VA",NA,0.00390625,0,1225
"Rhododendron tomentosum","Shrub","EFNonNative",1,"ME","AK",NA,0.00390625,0,1226
"Ribes aureum","Shrub","EFNative",1,"PA","CO, ID, MT, OR, WA, WY, IA, KS, MN, MO, ND, NE, OK, SD, WI, MI, AZ, CA, NV, UT, NM, TX, AR, TN",NA,0.00390625,0,1227
"Ribes sanguineum","Shrub","EFNonNative",1,"NJ","ID, OR, WA, CA",NA,0.00390625,0,1228
"Rosa arkansana","Shrub","EFNative",1,"NY","CO, MT, WY, IL, IA, KS, MN, MO, ND, NE, OK, SD, WI, IN, MI, OH, NM, TX, AR",NA,0.00390625,0,1229
"Rubus parviflorus","Shrub","EFNative",1,"RI","AK, CO, ID, MT, OR, WA, WY, IL, IA, MN, SD, WI, MI, AZ, CA, NV, UT, NM",NA,0.00390625,0,1230
"Rumex verticillatus","Forb/herb","EFNative",1,"PA","IL, IA, KS, MN, MO, NE, OK, SD, WI, CT, IN, MA, MI, NJ, NY, OH, PA, RI, VT, WV, TX, AL, AR, DE, FL, GA, KY, LA, MD, MS, NC, SC, TN, VA",NA,0.00390625,0,1231
"Salix myricoides","Shrub","EFNative",1,"OH","IL, WI, IN, ME, MI, OH, PA",NA,0.00390625,0,1232
"Salix pyrifolia","Shrub","EFNative",1,"OH","IL, MN, WI, ME, MI, NH, NY, VT",NA,0.00390625,0,1233
"Sedum borschii","Forb/herb","EFNonNative",1,"ME","ID, MT",NA,0.00390625,0,1234
"Sequoia sempervirens","Tree","EFNonNative",1,"OH","OR, CA",NA,0.00390625,0,1235
"Sidalcea oregana","Forb/herb","EFNonNative",1,"VT","ID, MT, OR, WA, WY, CA, NV, UT",NA,0.00390625,0,1236
"Sisyrinchium campestre","Forb/herb","EFNative",1,"PA","IL, IA, KS, MN, MO, ND, NE, OK, SD, WI, IN, MI, OH, TX, AR, LA",NA,0.00390625,0,1237
"Sisyrinchium idahoense","Forb/herb","EFNonNative",1,"PA","CO, ID, MT, OR, WA, WY, AZ, CA, NV, UT, NM",NA,0.00390625,0,1238
"Sisyrinchium nashii","Forb/herb","EFNative",1,"PA","AL, FL, GA, MS, NC, SC, TN, VA",NA,0.00390625,0,1239
"Solidago drummondii","Forb/herb","EFNative",1,"PA","IL, MO, AR",NA,0.00390625,0,1240
"Solidago ptarmicoides","Forb/herb","EFNative",1,"PA","CO, MT, WY, IL, IA, MN, MO, OK, SD, WI, CT, IN, MI, NH, NY, OH, VT, SC",NA,0.00390625,0,1241
"Sporobolus rigidus","Grass","EFNative",1,"PA","CO, ID, MT, WA, WY, IL, IA, KS, MN, MO, ND, NE, SD, WI, IN, MI, NY, OH, PA, NM",NA,0.00390625,0,1242
"Stenanthium gramineum","Forb/herb","EFNative",1,"WV","IL, MO, IN, MI, OH, PA, WV, TX, AL, AR, FL, GA, KY, LA, MD, NC, SC, TN, VA",NA,0.00390625,0,1243
"Stenaria nigricans","Forb/herb","EFNative",1,"WV","CO, IL, IA, KS, MO, NE, OK, IN, MI, OH, NM, TX, AL, AR, FL, GA, KY, LA, MS, TN",NA,0.00390625,0,1244
"Symphyotrichum drummondii","Forb/herb","EFNative",1,"PA","IL, IA, KS, MN, MO, NE, OK, WI, IN, MI, OH, PA, WV, TX, AL, AR, GA, KY, LA, MD, MS, TN",NA,0.00390625,0,1245
"Symphyotrichum turbinellum","Forb/herb","EFNative",1,"RI","IL, IA, KS, MO, NE, OK, AR, LA",NA,0.00390625,0,1246
"Taxus brevifolia","Tree","EFNonNative",1,"ME","AK, ID, MT, OR, WA, CA",NA,0.00390625,0,1247
"Thalia geniculata","Forb/herb","EFNative",1,"MA","FL, LA",NA,0.00390625,0,1248
"Thermopsis rhombifolia","Forb/herb","EFNonNative",1,"WV","CO, MT, WY, ND, NE, SD, NM",NA,0.00390625,0,1249
"Tradescantia occidentalis","Forb/herb","EFNative",1,"PA","CO, MT, WY, IA, KS, MN, ND, NE, OK, SD, WI, NJ, NY, AZ, UT, NM, TX, AR, LA",NA,0.00390625,0,1250
"Trillium simile","Forb/herb","EFNative",1,"VT","GA, NC, TN",NA,0.00390625,0,1251
"Triosteum perfoliatum","Forb/herb","EFNative",1,"RI","IL, IA, KS, MN, MO, NE, OK, WI, CT, IN, MA, MI, NJ, NY, OH, PA, RI, WV, TX, AL, AR, DE, GA, KY, LA, MD, NC, SC, TN, VA",NA,0.00390625,0,1252
"Vaccinium membranaceum","Shrub","EFNative",1,"VA","CO, ID, MT, OR, WA, WY, SD, MI, AZ, CA, UT",NA,0.00390625,0,1253
"Vancouveria hexandra","Forb/herb","EFNonNative",1,"VT","OR, WA, CA",NA,0.00390625,0,1254
"Veratrum virginicum","Forb/herb","EFNative",1,"RI","IL, IA, KS, MO, OK, IN, NJ, NY, OH, PA, WV, TX, AL, AR, DE, FL, GA, KY, LA, MD, MS, NC, SC, TN, VA",NA,0.00390625,0,1255
"Veratrum viride","Forb/herb","EFNative",1,"WV","AK, ID, MT, OR, WA, CT, ME, MA, NH, NJ, NY, OH, PA, RI, VT, WV, CA, DE, GA, MD, NC, SC, TN, VA",NA,0.00390625,0,1256
"Verbesina helianthoides","Forb/herb","EFNative",1,"MD","IL, IA, KS, MO, OK, IN, OH, TX, AL, AR, GA, KY, LA, MS, NC, TN",NA,0.00390625,0,1257
"Vernonia baldwinii","Forb/herb","EFNative",1,"PA","CO, IL, IA, KS, MO, NE, OK, MI, TX, AR, KY, LA",NA,0.00390625,0,1258
"Viola rotundifolia","Forb/herb","EFNative",1,"WV","CT, ME, MA, NH, NY, OH, PA, RI, VT, WV, DE, GA, KY, MD, NC, SC, TN, VA",NA,0.00390625,0,1259
"Zinnia grandiflora","Forb/herb","EFNonNative",1,"MD","CO, KS, OK, AZ, NM, TX",NA,0.00390625,0,1260
"Gaultheria procumbens","Shrub","EFNative",46,"NY, NJ, CT, OH, ME, MD, MA, DE, PA, RI, NH, WV, VT, VA","IL, MN, WI, CT, IN, ME, MA, MI, NH, NJ, NY, OH, PA, RI, VT, WV, AL, DE, GA, KY, MD, NC, SC, TN, VA",NA,0.13671875,0.132530120481928,1261
"Cornus canadensis","Forb/herb","EFNative",22,"ME, MD, OH, NY, DE, VT, NH, RI, VA","AK, CO, ID, MT, WA, WY, IL, IA, MN, ND, SD, WI, CT, IN, ME, MA, MI, NH, NJ, NY, OH, PA, RI, VT, WV, NM, MD, VA",NA,0.06640625,0.0602409638554217,1262
"Onoclea struthiopteris","Forb/herb","EFNative",100,"OH, MA, MD, NY, PA, RI, CT, NJ, VA, ME, DE, VT, NH","CT, IL, IN, IA, ME, MD, MA, MI, MN, MO, NE, NH, NJ, NY, ND, OH, PA, RI, SD, VT, VA, WV, WI",NA,0.296875,0.289156626506024,1263
"Abies amabilis","Tree","EFNonNative",2,"CT, MA","AK, OR, WA, CA",NA,0.0078125,0,1264
"Amelanchier nantucketensis","Shrub","EFNative",2,"ME, CT","CT, ME, MA, NH, NJ, NY, RI, MD, SC, VA",NA,0.0078125,0,1265
"Aquilegia chrysantha","Forb/herb","EFNonNative",2,"CT, VA","CO, AZ, UT, NM, TX",NA,0.0078125,0,1266
"Arnica chamissonis","Forb/herb","EFNonNative",2,"VT, ME","AK, CO, ID, MT, OR, WA, WY, AZ, CA, NV, UT, NM",NA,0.0078125,0,1267
"Asclepias perennis","Forb/herb","EFNative",2,"DE, PA","IL, MO, IN, TX, AL, AR, FL, GA, KY, LA, MS, SC, TN",NA,0.0078125,0,1268
"Bouteloua dactyloides","Grass","EFNative",2,"PA, VA","CO, MT, WY, IL, IA, KS, MN, MO, ND, NE, OK, SD, AZ, NV, UT, NM, TX, AR, GA, LA, VA",NA,0.0078125,0,1269
"Carex aurea","Grass","EFNative",2,"PA, MD","AK, CO, ID, MT, OR, WA, WY, IL, MN, ND, NE, SD, WI, CT, IN, ME, MA, MI, NH, NY, OH, RI, VT, AZ, CA, NV, UT, NM, TX",NA,0.0078125,0,1270
"Carex emoryi","Grass","EFNative",2,"PA, OH","CO, WY, IL, IA, KS, MN, MO, ND, NE, OK, SD, WI, CT, IN, MI, NJ, NY, OH, PA, WV, AZ, NM, TX, AR, DE, KY, MD, VA",NA,0.0078125,0,1271
"Chilopsis linearis","Shrub","EFNonNative",2,"CT, PA","AZ, CA, NV, UT, NM, TX",NA,0.0078125,0,1272
"Cyperus haspan","Grass","EFNative",2,"MA","TX, AL, FL, GA, LA, MD, MS, NC, SC, TN, VA",NA,0.0078125,0,1273
"Echinacea simulata","Forb/herb","EFNative",2,"PA, MD","IL, MO, AR, GA, KY, TN",NA,0.0078125,0,1274
"Eragrostis trichodes","Grass","EFNative",2,"RI, MA","CO, WY, IL, IA, KS, MN, MO, NE, OK, SD, WI, IN, MI, NY, OH, NM, TX, AL, AR, LA, MS, TN, VA",NA,0.0078125,0,1275
"Gomphrena haageana","Forb/herb","EFNonNative",2,"ME, VT","NM, TX",NA,0.0078125,0,1276
"Hesperocyparis glabra","Tree","EFNonNative",2,"DE, NY","AZ",NA,0.0078125,0,1277
"Heuchera richardsonii","Forb/herb","EFNative",2,"PA, MA","CO, MT, WY, IL, IA, KS, MN, MO, ND, NE, OK, SD, WI, IN, MI",NA,0.0078125,0,1278
"Milium effusum","Grass","EFNative",2,"RI, PA","IL, IA, MN, SD, WI, CT, IN, ME, MA, MI, NH, NJ, NY, OH, PA, VT, WV, MD, NC, TN, VA",NA,0.0078125,0,1279
"Monarda citriodora","Forb/herb","EFNative",2,"MA, NH","KS, MO, OK, AZ, UT, NM, TX, AL, AR, TN",NA,0.0078125,0,1280
"Muhlenbergia lindheimeri","Grass","EFNonNative",2,"PA, NJ","TX",NA,0.0078125,0,1281
"Phlox amplifolia","Forb/herb","EFNative",2,"OH, ME","MO, IN, AL, AR, GA, KY, MD, MS, NC, TN, VA",NA,0.0078125,0,1282
"Phytolacca americana","Forb/herb","EFNative",2,"ME, PA","OR, IL, IA, KS, MN, MO, NE, OK, WI, CT, IN, ME, MA, MI, NH, NJ, NY, OH, PA, RI, VT, WV, AZ, CA, NM, TX, AL, AR, DE, FL, GA, KY, LA, MD, MS, NC, SC, TN, VA",NA,0.0078125,0,1283
"Pieris floribunda","Shrub","EFNative",2,"MA, CT","WV, GA, NC, TN, VA",NA,0.0078125,0,1284
"Polemonium carneum","Forb/herb","EFNonNative",2,"PA","OR, WA, CA",NA,0.0078125,0,1285
"Prosartes lanuginosa","Forb/herb","EFNative",2,"WV, VT","NY, OH, PA, WV, AL, AR, GA, KY, MD, NC, SC, TN, VA",NA,0.0078125,0,1286
"Pycnanthemum curvipes","Forb/herb","EFNative",2,"PA, MA","AL, NC, TN",NA,0.0078125,0,1287
"Rubus ursinus","Shrub","EFNonNative",2,"NJ, MA","ID, MT, OR, WA, CA",NA,0.0078125,0,1288
"Rudbeckia occidentalis","Forb/herb","EFNonNative",2,"VA, VT","ID, MT, OR, WA, WY, CA, NV, UT",NA,0.0078125,0,1289
"Scolochloa festucacea","Grass","EFNative",2,"KY, CT","AK, ID, MT, OR, WY, IA, KS, MN, ND, NE, SD",NA,0.0078125,0,1290
"Sidalcea malviflora","Forb/herb","EFNonNative",2,"ME, VT","OR, CA",NA,0.0078125,0,1291
"Silphium mohrii","Forb/herb","EFNative",2,"MD, RI","AL, GA, TN",NA,0.0078125,0,1292
"Tsuga mertensiana","Tree","EFNonNative",2,"VT, MA","AK, ID, MT, OR, WA, CA, NV",NA,0.0078125,0,1293
"Taxodium distichum","Tree","EFNative",96,"OH, MD, KY, NJ, MA, NY, PA, VA, CT, DE, RI, VT, ME, NH","IL, MO, OK, IN, NY, TX, AL, AR, DE, FL, GA, KY, LA, MD, MS, NC, SC, TN, VA",NA,0.28515625,0.27710843373494,1294
"Itea virginica","Shrub","EFNative",121,"OH, MD, KY, NY, NJ, MA, VT, PA, CT, ME, RI, VA, DE, NH, WV","IL, MO, OK, IN, NJ, PA, WV, TX, AL, AR, DE, FL, GA, KY, LA, MD, MS, NC, SC, TN, VA",NA,0.359375,0.349397590361446,1295
"Aesculus glabra","Tree","EFNative",23,"OH, MD, NY, ME, PA, MA, VT, NJ","IL, IA, KS, MN, MO, NE, OK, WI, IN, ME, MI, NH, NJ, NY, OH, PA, WV, TX, AL, AR, GA, KY, MD, MS, TN",NA,0.0703125,0.0602409638554217,1296
"Myrica gale","Shrub","EFNative",19,"MA, CT, ME, DE, PA, NH, VT","AK, OR, WA, MN, WI, CT, ME, MA, MI, NH, NJ, NY, OH, PA, RI, VT, NC",NA,0.05859375,0.0481927710843374,1297
"Viola labradorica","Forb/herb","EFNative",19,"NY, ME, VT, DE, VA, NH, MA, PA, CT, NJ","CO, IL, MN, ND, WI, CT, IN, ME, MA, MI, NH, NJ, NY, OH, PA, RI, VT, WV, AL, DE, GA, KY, MD, NC, SC, TN, VA",NA,0.05859375,0.0481927710843374,1298
"Amsonia illustris","Forb/herb","EFNative",15,"MD, NJ, VA, ME, PA, DE, NH, VT, MA","IA, KS, MO, NV, TX",NA,0.046875,0.036144578313253,1299
"Camassia leichtlinii","Forb/herb","EFNonNative",7,"RI, ME, PA, VA, VT","OR, WA, CA",NA,0.0234375,0.0120481927710843,1300
"Rhododendron groenlandicum","Shrub","EFNative",7,"RI, DE, ME, NH, PA, MA","AK, ID, OR, WA, MN, WI, CT, ME, MA, MI, NH, NY, PA, VT",NA,0.0234375,0.0120481927710843,1301
"Trollius laxus","Forb/herb","EFNative",7,"PA, ME, VT, NH","CO, ID, MT, WA, WY, CT, NJ, NY, OH, PA, UT, DE",NA,0.0234375,0.0120481927710843,1302
"Actaea rubifolia","Forb/herb","EFNative",3,"DE, NH, ME","IL, IN, AL, KY, TN, VA",NA,0.01171875,0,1303
"Bouvardia ternifolia","Shrub","EFNonNative",3,"MA, NY","AZ, NM, TX",NA,0.01171875,0,1304
"Camassia quamash","Forb/herb","EFNonNative",3,"ME, NY, VT","ID, MT, OR, WA, WY, CA, NV, UT",NA,0.01171875,0,1305
"Catalpa bignonioides","Tree","EFNative",3,"OH, CT","VT, TX, AL, FL, GA, LA, MS",NA,0.01171875,0,1306
"Cornus nuttallii","Tree","EFNonNative",3,"CT, VA, VT","ID, OR, WA, CA",NA,0.01171875,0,1307
"Crataegus punctata","Shrub","EFNative",3,"OH, NH","MT, IL, IA, MN, MO, WI, CT, ME, MA, MI, NH, NJ, NY, OH, PA, RI, VT, WV, KY, NC, TN, VA",NA,0.01171875,0,1308
"Eschscholzia californica","Forb/herb","EFNonNative",3,"VT, NH","OR, WA, AZ, CA, NV, UT, NM, TX",NA,0.01171875,0,1309
"Hesperocyparis macrocarpa","Tree","EFNonNative",3,"MA, DE, ME","CA",NA,0.01171875,0,1310
"Isolepis cernua","Grass","EFNonNative",3,"NY","OR, WA, CA, TX",NA,0.01171875,0,1311
"Magnolia grandiflora","Tree","EFNative",3,"NJ, VA","TX, AL, AR, FL, GA, LA, MS, NC, SC",NA,0.01171875,0,1312
"Melampodium divaricatum","Forb/herb","EFNative",3,"VT, MA, PA","FL",NA,0.01171875,0,1313
"Penstemon pinifolius","Forb/herb","EFNonNative",3,"MD, VA, VT","AZ, NM",NA,0.01171875,0,1314
"Picea sitchensis","Tree","EFNonNative",3,"DE, MD, MA","AK, OR, WA, CA",NA,0.01171875,0,1315
"Pinus longaeva","Tree","EFNonNative",3,"MA, ME, DE","CA, NV, UT",NA,0.01171875,0,1316
"Pinus ponderosa","Tree","EFNonNative",3,"PA, VT","CO, ID, MT, OR, WA, WY, ND, NE, OK, SD, AZ, CA, NV, UT, NM, TX",NA,0.01171875,0,1317
"Pistia stratiotes","Forb/herb","EFNative",3,"MA, OH","TX, FL, LA, MS","AL, MS, OH, SC, TX, WI",0.01171875,0,1318
"Polystichum braunii","Forb/herb","EFNative",3,"NY, NJ","AK, ID, MN, WI, CT, ME, MA, MI, NH, NY, PA, VT",NA,0.01171875,0,1319
"Prosartes maculata","Forb/herb","EFNative",3,"CT, VT, WV","MI, OH, WV, AL, GA, KY, NC, TN, VA",NA,0.01171875,0,1320
"Salvia apiana","Shrub","EFNonNative",3,"MD, ME, NH","CA",NA,0.01171875,0,1321
"Sequoiadendron giganteum","Tree","EFNonNative",3,"DE, PA, MA","CA",NA,0.01171875,0,1322
"Sporobolus wrightii","Grass","EFNative",3,"NJ, PA","OK, AZ, CA, UT, NM, TX, SC",NA,0.01171875,0,1323
"Thymophylla tenuiloba","Forb/herb","EFNative",3,"MA, NJ, NH","TX, AL, FL, LA, MS, SC",NA,0.01171875,0,1324
"Tsuga caroliniana","Tree","EFNative",3,"ME, DE, MA","GA, NC, SC, TN, VA",NA,0.01171875,0,1325
"Ulmus alata","Tree","EFNative",3,"VA, OH, DE","IL, KS, MO, OK, IN, OH, TX, AL, AR, FL, GA, KY, LA, MS, NC, SC, TN, VA",NA,0.01171875,0,1326
"Vernonia arkansana","Forb/herb","EFNative",3,"RI, CT, VT","KS, MO, OK, AR",NA,0.01171875,0,1327
"Bouteloua gracilis","Grass","EFNative",36,"OH, KY, MD, PA, MA, RI, NJ, DE, CT, VT, NH, VA, ME","CO, ID, MT, WY, IL, IA, KS, MN, MO, ND, NE, OK, SD, WI, MI, OH, AZ, CA, NV, UT, NM, TX",NA,0.109375,0.0963855421686747,1328
"Catalpa speciosa","Tree","EFNative",36,"OH, MD, KY, NJ, MA, VA, VT, ME, DE, PA, NH","IL, IA, KS, MO, ND, NE, OK, SD, CT, IN, MA, MI, NH, NY, OH, PA, VT, WV, UT, NM, TX, AL, AR, GA, KY, LA, MS, NC, SC, TN, VA",NA,0.109375,0.0963855421686747,1329
"Juniperus virginiana","Tree","EFNative",122,"OH, DE, MD, KY, NJ, PA, MA, NY, VA, CT, RI, ME, VT, NH","CO, IL, IA, KS, MN, MO, ND, NE, OK, SD, WI, CT, IN, ME, MA, MI, NH, NJ, NY, OH, PA, RI, VT, WV, TX, AL, AR, DE, FL, GA, KY, LA, MD, MS, NC, SC, TN, VA",NA,0.36328125,0.349397590361446,1330
"Diervilla sessilifolia","Shrub","EFNative",20,"OH, KY, NJ, CT, PA, ME, VA, MD, MA","AL, GA, NC, SC, TN",NA,0.0625,0.0481927710843374,1331
"Coreopsis palustris","Forb/herb","EFNative",12,"MD, PA, VA, CT, OH, DE","NC",NA,0.0390625,0.0240963855421687,1332
"Liquidambar styraciflua","Tree","EFNative",106,"OH, MD, KY, NY, NJ, MA, RI, PA, VA, CT, DE, ME, NH, VT","IL, MO, OK, CT, IN, PA, WV, TX, AL, AR, FL, GA, KY, LA, MD, MS, NC, SC, TN",NA,0.31640625,0.301204819277108,1333
"Anemone cylindrica","Forb/herb","EFNative",4,"PA, VA, MA, CT","CO, ID, MT, WY, IL, IA, KS, MN, MO, ND, NE, SD, WI, CT, IN, ME, MA, MI, NH, NJ, NY, OH, PA, RI, VT, AZ, NM",NA,0.015625,0,1334
"Calocedrus decurrens","Tree","EFNonNative",4,"CT, OH, PA, MA","OR, CA",NA,0.015625,0,1335
"Duranta erecta","Shrub","EFNative",4,"PA, ME, NJ","FL",NA,0.015625,0,1336
"Eustoma russellianum","Forb/herb","EFNative",4,"MA, ME, PA, RI","CO, MT, WY, KS, NE, OK, SD, NM, TX, AR, LA",NA,0.015625,0,1337
"Halesia diptera","Shrub","EFNative",4,"NJ, VA, DE, MD","TX, AL, AR, FL, GA, LA, MS, SC",NA,0.015625,0,1338
"Paxistima canbyi","Shrub","EFNative",4,"CT, ME, DE","OH, PA, WV, KY, MD, NC, TN, VA",NA,0.015625,0,1339
"Phlox drummondii","Forb/herb","EFNative",4,"MA, VT, PA","MN, MO, OK, CT, MI, VT, TX, AL, AR, FL, GA, LA, MD, MS, NC, SC, VA",NA,0.015625,0,1340
"Picea breweriana","Tree","EFNonNative",4,"MA, MD, VT","OR, CA",NA,0.015625,0,1341
"Quercus macrocarpa","Shrub","EFNative",66,"OH, MD, KY, NJ, MA, PA, VA, NY, VT, NH, DE, ME, CT","MT, WY, IL, IA, KS, MN, MO, ND, NE, OK, SD, WI, CT, IN, ME, MA, MI, NY, OH, PA, VT, WV, TX, AL, AR, KY, LA, MD, TN, VA",NA,0.19921875,0.180722891566265,1342
"Carya laciniosa","Tree","EFNative",13,"NJ, OH, DE, PA, ME, MD","IL, IA, KS, MO, OK, IN, MI, NY, OH, PA, WV, TX, AL, AR, DE, GA, KY, MD, MS, NC, SC, TN, VA",NA,0.04296875,0.0240963855421687,1343
"Clematis texensis","Vine","EFNonNative",9,"NY, MD, PA, VT, CT","TX",NA,0.03125,0.0120481927710843,1344
"Coreopsis pubescens","Forb/herb","EFNative",9,"MA, PA, DE, MD, ME, OH","IL, KS, MO, OK, CT, MA, WV, TX, AL, AR, FL, GA, KY, LA, MS, NC, SC, TN, VA",NA,0.03125,0.0120481927710843,1345
"Campsis radicans","Vine","EFNative",54,"KY, NY, NJ, PA, MA, RI, CT, MD, ME, DE, VA, NH, OH, VT","IL, IA, KS, MO, ND, NE, OK, SD, WI, CT, IN, ME, NH, NJ, NY, OH, PA, WV, UT, TX, AL, AR, DE, FL, GA, KY, LA, MD, MS, NC, SC, TN, VA",NA,0.1640625,0.144578313253012,1346
"Agastache rupestris","Forb/herb","EFNonNative",5,"VA, DE, MA, ME","AZ, NM",NA,0.01953125,0,1347
"Amsonia ciliata","Forb/herb","EFNative",5,"ME, PA, DE, VA, VT","MO, OK, TX, AL, AR, FL, GA, NC, SC",NA,0.01953125,0,1348
"Anemone multifida","Forb/herb","EFNative",5,"VT, ME, NH","AK, CO, ID, MT, OR, WA, WY, MN, ND, NE, SD, WI, ME, MI, NY, VT, AZ, CA, NV, UT, NM",NA,0.01953125,0,1349
"Arabis blepharophylla","Forb/herb","EFNonNative",5,"PA, MA, ME, VT","CA",NA,0.01953125,0,1350
"Arabis caucasica","Forb/herb","EFNative",5,"PA, MA, ME","ME, NY, VA, KY, TN, MI, WI",NA,0.01953125,0,1351
"Ipomoea alba","Forb/herb","EFNative",5,"MA, WV, NJ, VT","FL","GA",0.01953125,0,1352
"Oenothera tetragona","Forb/herb","EFNative",5,"MA, PA, ME","IL, MO, CT, IN, ME, MA, MI, NH, NJ, NY, OH, PA, RI, WV, AL, DE, GA, KY, LA, MD, NC, SC, TN, VA",NA,0.01953125,0,1353
"Potentilla neumanniana","Forb/herb","EFNative",5,"NY, PA, MD, VA","MA, CT",NA,0.01953125,0,1354
"Rudbeckia speciosa","Forb/herb","EFNative",5,"NY, MD, NJ, PA","IL, MO, WI, CT, MA, MI, NJ, NY, OH, PA, WV, AL, AR, DE, GA, KY, VA",NA,0.01953125,0,1355
"Betula papyrifera","Tree","EFNative",42,"OH, MA, NJ, PA, RI, NY, VT, CT, ME, DE, MD, NH","AK, CO, ID, MT, OR, WA, WY, IL, IA, MN, ND, NE, SD, WI, CT, IN, ME, MA, MI, NH, NJ, NY, OH, PA, RI, VT, WV, VA",NA,0.12890625,0.108433734939759,1356
"Phalaris arundinacea","Grass","EFNative",10,"OH, PA, ME, MD","AK, CO, MT, OR, WA, WY, IL, IA, KS, MN, MO, ND, NE, OK, SD, WI, CT, IN, ME, MA, MI, NH, NJ, NY, OH, PA, RI, VT, WV, AZ, CA, NV, UT, NM, AL, AR, DE, KY, MD, NC, TN, VA","IN, MA, ME, OH, OR, WA, WI",0.03515625,0.0120481927710843,1357
"Asplenium scolopendrium","Forb/herb","EFNative",6,"DE, PA, RI, VT","MI, NJ, NY, NM, AL, MD, TN",NA,0.0234375,0,1358
"Leucothoe catesbaei","Shrub","EFNative",6,"RI, MA, CT","AL, FL, GA, LA, MS, NC, SC, VA",NA,0.0234375,0,1359
"Pinus strobiformis","Tree","EFNonNative",6,"OH, CT, NJ, PA","TX, NM, AZ, CO",NA,0.0234375,0,1360
"Polemonium boreale","Forb/herb","EFNonNative",6,"ME, PA, VT","AK",NA,0.0234375,0,1361
"Polystichum munitum","Forb/herb","EFNonNative",6,"NY, DE, MA, NJ, PA","AK, ID, MT, OR, WA, SD, CA",NA,0.0234375,0,1362
"Salvia coccinea","Forb/herb","EFNative",6,"MA, PA, NJ, VA, VT","TX, AL, FL, GA, LA, MS, SC",NA,0.0234375,0,1363
"Talinum paniculatum","Forb/herb","EFNative",6,"NY, ME, NH, PA","AZ, NM, TX, FL, GA, KY, LA, NC, SC","CA",0.0234375,0,1364
"Tsuga heterophylla","Tree","EFNonNative",6,"NJ, PA, DE, MA, CT","AK, ID, MT, OR, WA, CA",NA,0.0234375,0,1365
"Xanthorhiza simplicissima","Forb/herb","EFNative",35,"NJ, PA, RI, MA, CT, MD, VA, ME, DE, VT, NH, WV","ME, MA, NH, NY, OH, WV, TX, AL, FL, GA, KY, LA, MS, NC, SC, TN, VA",NA,0.109375,0.0843373493975904,1366
"Verbena canadensis","Forb/herb","EFNative",19,"OH, MD, VA, PA, MA, NJ","IL, IA, KS, MN, MO, NE, OK, WI, CT, IN, MI, NY, OH, PA, WV, NM, TX, AL, AR, FL, GA, KY, LA, MS, NC, SC, TN, VA",NA,0.0625,0.036144578313253,1367
"Abies lasiocarpa","Tree","EFNonNative",7,"CT, OH, MD, NJ, PA, VT","AK, CO, ID, MT, OR, WA, WY, AZ, CA, NV, NM",NA,0.02734375,0,1368
"Abies procera","Tree","EFNonNative",7,"CT, DE, MA, VT","OR, WA, CA",NA,0.02734375,0,1369
"Aquilegia formosa","Forb/herb","EFNonNative",7,"NJ, DE, OH, MA","AK, ID, MT, OR, WA, WY, CA, NV, UT",NA,0.02734375,0,1370
"Blechnum spicant","Forb/herb","EFNonNative",7,"NY, MD, NJ, DE, MA, CT","AK, ID, OR, WA, CA",NA,0.02734375,0,1371
"Heuchera sanguinea","Forb/herb","EFNonNative",7,"OH, ME, PA, DE, VA, VT, MA","AZ, NM",NA,0.02734375,0,1372
"Penstemon barbatus","Forb/herb","EFNonNative",7,"MA, MD, PA, ME, VT","CO, AZ, CA, UT, NM, TX",NA,0.02734375,0,1373
"Pinus aristata","Tree","EFNonNative",7,"DE, MD, NH, CT, ME, MA, OH","CO, AZ, NM",NA,0.02734375,0,1374
"Acer saccharum","Shrub","EFNative",130,"OH, MD, KY, PA, NJ, MA, VA, CT, RI, NY, VT, NH, ME, DE","IL, IA, KS, MN, MO, WI, IN, MI, NY, PA, VT, WV, TX, AL, AR, FL, GA, KY, LA, MD, NC, SC, TN",NA,0.390625,0.36144578313253,1375
"Hypericum frondosum","Shrub","EFNative",20,"MA, CT, VA, PA, ME, NY, OH, RI, NJ, VT","TX, AL, FL, GA, KY, LA, MS, NC, SC, TN",NA,0.06640625,0.036144578313253,1376
"Andromeda polifolia","Shrub","EFNative",12,"ME, MA, CT, NY","AK, ID, WA, IL, MN, WI, CT, IN, ME, MA, MI, NH, NJ, NY, PA, RI, VT, WV",NA,0.04296875,0.0120481927710843,1377
"Illicium floridanum","Shrub","EFNative",12,"NY, CT, VA, DE, MD, PA","AL, FL, GA, LA, MS",NA,0.04296875,0.0120481927710843,1378
"Rhododendron canadense","Shrub","EFNative",12,"NH, MA, ME, PA, VA, DE, VT, MD","CT, ME, MA, NH, NJ, NY, PA, RI, VT",NA,0.04296875,0.0120481927710843,1379
"Chionanthus virginicus","Shrub","EFNative",106,"OH, MD, NY, NJ, MA, RI, PA, VA, CT, VT, NH, ME, DE","MO, OK, MA, NJ, NY, OH, PA, WV, TX, AL, AR, DE, FL, GA, KY, LA, MD, MS, NC, SC, TN, VA",NA,0.3203125,0.289156626506024,1380
"Acer circinatum","Shrub","EFNonNative",8,"NJ, PA, NY, OH, CT, MA","AK, OR, WA, CA",NA,0.03125,0,1381
"Carex glaucescens","Grass","EFNative",8,"MD, VT, ME, VA, OH","TX, AL, FL, GA, LA, MD, MS, NC, SC, TN, VA",NA,0.03125,0,1382
"Vernonia angustifolia","Forb/herb","EFNative",8,"OH, RI, CT, ME, PA, DE, VT","AL, FL, GA, LA, MS, NC, SC",NA,0.03125,0,1383
"Rhododendron maximum","Shrub","EFNative",45,"OH, NY, NJ, PA, ME, RI, VA, MA, CT, DE, MD, NH","CT, ME, MA, NH, NJ, NY, OH, PA, RI, VT, WV, AL, DE, GA, KY, MD, NC, SC, TN, VA",NA,0.140625,0.108433734939759,1384
"Vernonia lettermannii","Forb/herb","EFNative",41,"ME, CT, VA, DE, PA, NJ, OH, MD, VT, MA, RI, NH","OK, AR",NA,0.12890625,0.0963855421686747,1385
"Lupinus polyphyllus","Forb/herb","EFNative",13,"MA, MD, ME, DE, PA, NJ","ID, MT, OR, WA, MN, WI, CT, ME, MA, NY, VT, CA, NV",NA,0.046875,0.0120481927710843,1386
"Artemisia dracunculus","Forb/herb","EFNative",9,"VT, PA, MD, ME, OH, VA","CO, ID, MT, OR, WA, WY, IL, IA, KS, MN, MO, ND, NE, OK, SD, WI, NY, VT, AZ, CA, NV, UT, NM, TX",NA,0.03515625,0,1387
"Aster alpinus","Forb/herb","EFNonNative",9,"OH, MD, RI, ME, PA, VT, NJ, NH","AK, CO, ID, WY",NA,0.03515625,0,1388
"Dichondra argentea","Forb/herb","EFNonNative",9,"ME, MD, NJ, MA, NH, PA","AZ, NM, TX",NA,0.03515625,0,1389
"Hesperocyparis arizonica","Tree","EFNonNative",9,"MD, DE, OH, NJ, VA","AZ, NM, TX",NA,0.03515625,0,1390
"Illicium parviflorum","Shrub","EFNative",9,"NY, VA, DE, MD, PA","FL",NA,0.03515625,0,1391
"Philadelphus lewisii","Shrub","EFNonNative",9,"PA, VT, MA, NH, VA, ME","ID, MT, OR, WA, CA",NA,0.03515625,0,1392
"Rudbeckia nitida","Forb/herb","EFNative",9,"NY, MD, ME, PA, MA","FL, GA",NA,0.03515625,0,1393
"Magnolia acuminata","Tree","EFNative",18,"OH, DE, PA, ME, NJ, MD, MA, VA","IL, MO, OK, IN, NJ, NY, OH, PA, WV, AL, AR, FL, GA, KY, LA, MD, MS, NC, SC, TN, VA",NA,0.0625,0.0240963855421687,1394
"Hydrangea arborescens","Shrub","EFNative",137,"OH, MA, MD, KY, PA, NY, NJ, RI, CT, ME, VA, DE, VT, NH","IL, MO, OK, IN, NJ, NY, OH, PA, VT, WV, AL, AR, DE, FL, GA, KY, LA, MD, MS, NC, SC, TN, VA",NA,0.4140625,0.373493975903614,1395
"Aster dumosus","Forb/herb","EFNative",15,"MA, VA, MD, ME, PA, DE, OH, NH","IL, IA, MO, OK, WI, CT, IN, ME, MA, MI, NH, NJ, NY, OH, PA, RI, WV, TX, AL, AR, DE, FL, GA, KY, LA, MD, MS, NC, SC, TN, VA",NA,0.0546875,0.0120481927710843,1396
"Chelone lyonii","Forb/herb","EFNative",60,"MA, KY, OH, NY, MD, RI, PA, ME, NJ, VA, DE, VT, WV, CT, NH","AL, GA, MS, NC, SC, TN",NA,0.1875,0.144578313253012,1397
"Darmera peltata","Forb/herb","EFNonNative",11,"CT, OH, ME, VT, MA","OR, CA",NA,0.04296875,0,1398
"Lewisia cotyledon","Forb/herb","EFNonNative",11,"OH, MA, CT, NJ, ME, VT, PA","OR, CA",NA,0.04296875,0,1399
"Gymnocladus dioicus","Tree","EFNative",52,"OH, KY, NJ, PA, MA, VA, NY, MD, DE, ME, VT, NH, CT","IL, MN, OK, SD, WI, CT, IN, ME, MA, MI, NJ, NY, OH, PA, WV, TX, AL, AR, DE, GA, KY, MD, MS, NC, SC, TN, VA",NA,0.1640625,0.120481927710843,1400
"Aquilegia caerulea","Forb/herb","EFNonNative",16,"PA, MA, RI, MD, VA, ME, DE, VT, NH","CO, WY, NM",NA,0.05859375,0.0120481927710843,1401
"Muhlenbergia reverchonii","Grass","EFNonNative",16,"MA, PA, VA, MD, NJ, DE, CT","OK, TX",NA,0.05859375,0.0120481927710843,1402
"Sambucus racemosa","Shrub","EFNative",49,"MA, KY, NY, OH, RI, ME, VA, CT, PA, DE, VT, MD, NJ","AK, CO, ID, MT, OR, WA, WY, IL, IA, MN, MO, ND, SD, WI, CT, IN, ME, MA, MI, NH, NJ, NY, OH, PA, RI, VT, WV, AZ, CA, NV, UT, NM, GA, KY, MD, NC, TN, VA",NA,0.15625,0.108433734939759,1403
"Ulmus americana","Tree","EFNative",94,"OH, MA, MD, KY, PA, NJ, VA, CT, RI, NY, ME, DE, VT, NH","MT, WY, IL, IA, KS, MN, MO, ND, NE, OK, SD, WI, CT, IN, ME, MA, MI, NH, NJ, NY, OH, PA, RI, VT, WV, TX, AL, AR, DE, FL, GA, KY, LA, MD, MS, NC, SC, TN, VA",NA,0.2890625,0.240963855421687,1404
"Halesia carolina","Shrub","EFNative",41,"DE, OH, MD, NJ, PA, VA, CT, VT, MA, ME, NH","IL, OK, IN, OH, WV, AL, AR, FL, GA, KY, LA, MS, NC, SC, TN, VA",NA,0.1328125,0.0843373493975904,1405
"Amsonia hubrichtii","Forb/herb","EFNative",78,"NH, OH, PA, MD, VA, RI, NJ, WV, DE, VT, MA, NY, ME, CT","OK, AR",NA,0.2421875,0.192771084337349,1406
"Hypericum kalmianum","Shrub","EFNative",29,"OH, KY, NJ, RI, ME, NY, PA, DE, CT, VT, MA","IL, MN, WI, IN, MI, NY, OH",NA,0.09765625,0.0481927710843374,1407
"Aesculus parviflora","Shrub","EFNative",70,"OH, KY, NY, NJ, PA, CT, MD, VA, ME, DE, RI, VT, MA, NH","AL, GA",NA,0.21875,0.168674698795181,1408
"Coreopsis auriculata","Forb/herb","EFNative",17,"MD, MA, VA, ME, PA, NJ, VT, NH","WV, AL, FL, GA, KY, LA, MS, NC, SC, TN, VA",NA,0.0625,0.0120481927710843,1409
"Bidens ferulifolia","Forb/herb","EFNonNative",13,"PA, ME, MA, NH, NJ, NY, MD","AZ",NA,0.05078125,0,1410
"Lonicera caerulea","Shrub","EFNonNative",13,"KY, RI, NY, OH, ME, VT, PA, NJ, NH, MA","ID, MT, OR, WA, WY, CA, NV",NA,0.05078125,0,1411
"Pinus contorta","Tree","EFNonNative",13,"CT, MA, OH, PA, DE, VT, NH","AK, CO, ID, MT, OR, WA, WY, SD, CA, NV, UT",NA,0.05078125,0,1412
"Viburnum cassinoides","Shrub","EFNative",26,"KY, NH, MA, RI, OH, VT, VA, PA, ME, DE, MD","WI, CT, IN, ME, MA, MI, NH, NJ, NY, OH, PA, RI, VT, WV, AL, DE, GA, KY, MD, NC, SC, TN, VA",NA,0.08984375,0.036144578313253,1413
"Helianthus salicifolius","Forb/herb","EFNative",22,"MD, PA, VA, DE, ME, VT, NH, NJ","KS, MO, NE, OK, TX",NA,0.078125,0.0240963855421687,1414
"Sanguisorba officinalis","Forb/herb","EFNative",18,"MA, MD, ME, PA, NJ, RI, CT, OH, VT, VA, NH","AK, OR, WA, ME, MI, PA, CA",NA,0.06640625,0.0120481927710843,1415
"Berberis aquifolium","Shrub","EFNonNative",14,"OH, NJ, ME, CT, MD, PA, MA","ID, MT, OR, WA, CA",NA,0.0546875,0,1416
"Pinus banksiana","Tree","EFNative",14,"KY, CT, OH, ME, DE, NH, VT, MA","IL, MN, MO, ND, WI, IN, ME, MA, MI, NH, NY, OH, PA, RI, VT, WV",NA,0.0546875,0,1417
"Gaillardia aristata","Forb/herb","EFNative",23,"NH, MA, MD, ME, PA, DE, NJ, VA, OH, CT, VT","CO, ID, MT, OR, WA, WY, MN, ND, SD, CT, MA, NH, UT",NA,0.08203125,0.0240963855421687,1418
"Oenothera macrocarpa","Forb/herb","EFNative",19,"OH, MD, PA, ME, VT, NY, NH, VA","IL, KS, MO, NE, OK, TX, AR, TN",NA,0.0703125,0.0120481927710843,1419
"Amelanchier alnifolia","Shrub","EFNative",15,"PA, VT, ME, MA, DE, NH","AK, CO, ID, MT, OR, WA, WY, IA, KS, MN, ND, NE, SD, NY, AZ, CA, NV, UT, NM, TX",NA,0.05859375,0,1420
"Quercus texana","Tree","EFNative",15,"VA, OH, DE, MD","IL, MO, TX, AL, AR, KY, LA, MS, TN",NA,0.05859375,0,1421
"Salvia greggii","Forb/herb","EFNonNative",15,"MA, NY, MD, PA, DE, VT, VA, OH","TX",NA,0.05859375,0,1422
"Chelone obliqua","Forb/herb","EFNative",28,"KY, MA, MD, DE, VA, OH, ME, PA, VT, CT, NJ","IL, IA, MN, MO, IN, MI, AL, AR, GA, KY, MD, MS, NC, SC, TN, VA",NA,0.09765625,0.036144578313253,1423
"Abies fraseri","Tree","EFNative",21,"NJ, NY, PA, ME, DE, RI, CT, NH, MA","NC, TN, VA",NA,0.078125,0.0120481927710843,1424
"Quercus palustris","Tree","EFNative",103,"OH, MA, MD, KY, NJ, VA, RI, CT, NY, PA, DE, WV, ME, NH, VT","IL, IA, KS, MO, OK, WI, CT, IN, MA, MI, NJ, NY, OH, PA, RI, VT, WV, AL, AR, DE, KY, MD, NC, TN, VA",NA,0.3203125,0.253012048192771,1425
"Quercus ellipsoidalis","Tree","EFNative",18,"OH, VT, MD, NJ, ME, NY, MA, CT","IL, IA, MN, WI, IN, MI, OH",NA,0.0703125,0,1426
"Salvia farinacea","Forb/herb","EFNonNative",18,"MA, RI, PA, ME, VT, VA, NJ","NM, TX",NA,0.0703125,0,1427
"Rubus idaeus","Shrub","EFNative",31,"OH, NY, NJ, PA, ME, DE, VT, MA, MD, CT, VA","AK, CO, ID, MT, OR, WA, WY, IL, IA, MN, MO, ND, NE, OK, SD, WI, CT, IN, ME, MA, MI, NH, NJ, NY, OH, PA, RI, VT, WV, AZ, CA, NV, UT, NM, DE, MD, NC, TN, VA",NA,0.109375,0.036144578313253,1428
"Amelanchier sanguinea","Shrub","EFNative",23,"OH, NY, VA, NJ, PA, ME, MD, MA","IL, IA, MN, ND, WI, CT, ME, MA, MI, NH, NJ, NY, OH, PA, VT, WV, GA, KY, MD, NC, TN, VA",NA,0.0859375,0.0120481927710843,1429
"Helianthus annuus","Forb/herb","EFNonNative",19,"MA, NJ, WV, VT, ME, MD, NY, PA","AZ, CA, NV",NA,0.07421875,0,1430
"Diervilla rivularis","Shrub","EFNative",28,"OH, KY, NY, CT, DE, MD, PA, VA, ME, MA, NH, NJ, VT","AL, GA, NC, TN",NA,0.1015625,0.0240963855421687,1431
"Phlox subulata","Forb/herb","EFNative",118,"OH, DE, KY, MA, ME, NY, MD, RI, NJ, PA, CT, VA, NH, VT, WV","IA, MN, WI, CT, IN, ME, MA, MI, NH, NJ, NY, OH, PA, RI, VT, WV, UT, AR, DE, GA, KY, LA, MD, MS, NC, TN, VA",NA,0.3671875,0.289156626506024,1432
"Dicentra formosa","Forb/herb","EFNonNative",20,"KY, MA, MD, NJ, PA, ME, DE, VT, NH","OR, WA, CA",NA,0.078125,0,1433
"Leucothoe fontanesiana","Shrub","EFNative",53,"OH, KY, NY, NJ, MA, MD, CT, PA, VA, ME, DE, RI, NH","AL, GA, NC, SC, TN, VA",NA,0.17578125,0.0963855421686747,1434
"Abies balsamea","Tree","EFNative",37,"RI, CT, MA, NY, OH, PA, VT, ME, DE, NH","IA, MN, WI, CT, ME, MA, MI, NH, NJ, NY, PA, VT, WV, MD, VA",NA,0.12890625,0.0481927710843374,1435
"Rhododendron prinophyllum","Shrub","EFNative",37,"NY, MA, NJ, OH, VA, PA, CT, ME, MD, NH, VT","IL, MO, OK, NH, NY, OH, PA, VT, WV, AL, AR, KY, MD, NC, VA",NA,0.12890625,0.0481927710843374,1436
"Ilex glabra","Shrub","EFNative",131,"OH, DE, MD, KY, NY, NJ, PA, MA, CT, RI, VA, ME, VT, NH","CT, ME, MA, NH, NJ, NY, PA, RI, TX, AL, AR, DE, FL, GA, LA, MD, MS, NC, SC, VA",NA,0.40625,0.325301204819277,1437
"Cercis canadensis","Shrub","EFNative",172,"OH, MD, PA, KY, NY, CT, NJ, MA, RI, VA, ME, DE, WV, NH, VT","IL, IA, KS, MO, NE, OK, WI, CT, IN, MA, MI, NJ, NY, OH, PA, WV, NM, TX, AL, AR, DE, FL, GA, KY, LA, MD, MS, NC, SC, TN, VA",NA,0.52734375,0.44578313253012,1438
"Chamaecyparis lawsoniana","Tree","EFNonNative",21,"OH, CT, NJ, ME, NY, PA, DE, MA, NH, VT","OR, CA",NA,0.08203125,0,1439
"Salix candida","Shrub","EFNative",21,"OH, KY, NY, CT, MA, VT, DE, ME, RI, NJ","AK, CO, ID, MT, WA, WY, IL, IA, MN, ND, SD, WI, CT, IN, ME, MA, MI, NH, NJ, NY, OH, PA, VT",NA,0.08203125,0,1440
"Oenothera lindheimeri","Forb/herb","EFNative",42,"OH, MA, NY, MD, RI, ME, VA, PA, DE, NJ, CT","TX, LA",NA,0.14453125,0.0602409638554217,1441
"Nassella tenuissima","Grass","EFNonNative",30,"NY, MD, CT, PA, NJ, DE, MA, ME, VA","CO, NM, TX",NA,0.109375,0.0240963855421687,1442
"Wisteria frutescens","Vine","EFNative",63,"OH, NY, NJ, PA, RI, CT, MA, ME, MD, VA, VT, DE, NH","IL, IA, MO, OK, CT, IN, MA, MI, NJ, NY, OH, PA, RI, WV, TX, AL, AR, DE, FL, GA, KY, LA, MD, MS, NC, SC, TN, VA",NA,0.20703125,0.120481927710843,1443
"Leucothoe axillaris","Shrub","EFNative",61,"KY, NY, NJ, MD, MA, CT, OH, ME, VA, PA, DE, RI, NH","AL, FL, GA, LA, MS, NC, SC, VA",NA,0.203125,0.108433734939759,1444
"Acer rubrum","Tree","EFNative",148,"OH, MD, KY, PA, MA, CT, NJ, VA, RI, NY, VT, NH, ME, DE","IL, MN, ND, SD, WI, IN, NJ, NY, OH, PA, VT, NM, TX, AL, AR, DE, FL, GA, KY, MD, NC, SC, TN, VA",NA,0.4609375,0.36144578313253,1445
"Spiraea betulifolia","Shrub","EFNative",26,"OH, NJ, PA, VA, NH, MA, NY, VT, ME, MD, CT","OR, ID, MT, MN, NC",NA,0.1015625,0,1446
"Cladrastis kentukea","Tree","EFNative",84,"OH, MD, KY, NJ, MA, NY, PA, VA, CT, RI, ME, DE, VT, NH","IL, MO, OK, IN, WV, AL, AR, GA, KY, MS, NC, SC, TN, VA",NA,0.2734375,0.168674698795181,1447
"Pseudotsuga menziesii","Tree","EFNonNative",27,"KY, NJ, MA, CT, OH, PA, DE, ME, VT, MD","AK, CO, ID, MT, OR, WA, WY, AZ, CA, NV, UT, NM, TX",NA,0.10546875,0,1448
"Gleditsia triacanthos","Shrub","EFNative",60,"OH, MD, KY, NJ, PA, MA, NY, VA, CT, RI, DE, ME, VT","WY, IL, IA, KS, MN, MO, ND, NE, OK, SD, WI, CT, IN, ME, MA, MI, NH, NJ, NY, OH, PA, RI, VT, WV, NV, UT, TX, AL, AR, DE, FL, GA, KY, LA, MD, MS, NC, SC, TN, VA",NA,0.203125,0.0963855421686747,1449
"Coreopsis grandiflora","Forb/herb","EFNative",41,"MA, OH, NY, MD, RI, ME, NJ, PA, VA, VT, NH, CT","IL, IA, KS, MO, OK, WI, CT, IN, ME, MI, NJ, NY, OH, PA, RI, VT, WV, NM, TX, AL, AR, FL, GA, KY, LA, MD, MS, NC, SC, TN, VA",NA,0.1484375,0.036144578313253,1450
"Stokesia laevis","Forb/herb","EFNative",41,"MA, OH, NY, MD, RI, VT, PA, VA, ME, DE, CT, NJ","AL, FL, GA, LA, MS, SC",NA,0.1484375,0.036144578313253,1451
"Heuchera micrantha","Forb/herb","EFNonNative",33,"OH, VA, MD, NJ, ME, DE, PA, NY","ID, OR, WA, CA",NA,0.125,0.0120481927710843,1452
"Juniperus communis","Shrub","EFNative",53,"DE, OH, KY, MD, NY, MA, VT, CT, ME, NJ, PA, NH, VA, RI","AK, CO, ID, MT, OR, WA, WY, IL, IA, MN, ND, NE, SD, WI, CT, IN, ME, MA, MI, NH, NJ, NY, OH, PA, RI, VT, WV, AZ, CA, NV, UT, NM, AL, GA, KY, MD, NC, SC, TN, VA",NA,0.1875,0.0602409638554217,1453
"Tsuga canadensis","Tree","EFNative",75,"OH, MD, NY, NJ, PA, CT, ME, RI, VA, DE, VT, MA, NH","MN, WI, CT, IN, ME, MA, MI, NH, NJ, NY, OH, PA, RI, VT, WV, AL, GA, KY, MD, NC, SC, TN, VA",NA,0.25390625,0.120481927710843,1454
"Hamamelis vernalis","Shrub","EFNative",48,"OH, MD, NY, NJ, MA, CT, ME, RI, DE, PA, VT, NH, VA","MO, OK, AR",NA,0.17578125,0.036144578313253,1455
"Pinus strobus","Tree","EFNative",118,"OH, MD, KY, NJ, ME, NY, RI, MA, PA, CT, VA, NH, DE, VT","IL, IA, MN, WI, CT, IN, ME, MA, MI, NH, NJ, NY, OH, PA, RI, VT, WV, AL, DE, GA, KY, MD, NC, SC, TN, VA",NA,0.3828125,0.240963855421687,1456
"Juniperus scopulorum","Shrub","EFNonNative",40,"OH, ME, MD, CT, NJ, MA, PA, VA, NY, NH, RI, VT","CO, ID, MT, OR, WA, WY, ND, NE, SD, AZ, NV, UT, NM",NA,0.15625,0,1457
"Picea pungens","Tree","EFNonNative",42,"OH, NY, RI, NJ, MA, PA, ME, MD, NH, VT","CO, ID, MT, WY, AZ, UT, NM",NA,0.1640625,0,1458
"Crataegus viridis","Shrub","EFNative",64,"OH, MD, KY, NJ, MA, PA, NY, VA, NH, ME, DE","MT, IL, KS, MO, OK, IN, WV, TX, AL, AR, FL, GA, KY, LA, MD, MS, NC, SC, TN, VA",NA,0.23046875,0.0602409638554217,1459
"Fothergilla gardenii","Shrub","EFNative",85,"OH, MD, KY, NY, NJ, MA, RI, VT, VA, PA, DE, ME, NH, CT","GA, NC, SC",NA,0.29296875,0.120481927710843,1460
"Armeria maritima","Forb/herb","EFNonNative",45,"NY, MD, MA, ME, NJ, OH, WV, PA, VT, NH, VA","AK, CO, OR, WA, CA",NA,0.17578125,0,1461
"Abies concolor","Tree","EFNonNative",48,"OH, MD, NJ, RI, MA, CT, NY, PA, ME, DE, VT, NH, VA","CO, ID, OR, WY, AZ, CA, NV, UT, NM",NA,0.1875,0,1462
"Rhododendron catawbiense","Shrub","EFNative",53,"OH, NY, NJ, MA, RI, VA, ME, DE, PA, CT, MD, VT, NH","WV, AL, GA, KY, NC, SC, TN, VA",NA,0.203125,0.0120481927710843,1463
"Sambucus nigra","Shrub","EFNative",53,"OH, DE, KY, NY, MA, RI, CT, ME, VA, PA, NJ, MD, VT, NH","AL, AZ, AR, CA, CO, CT, DE, FL, GA, ID, IL, IN, IA, KS, KY, LA, ME, MD, MA, MI, MN, MS, MO, MT, NE, NV, NH, NJ, NM, NY, NC, ND, OH, OK, OR, PA, RI, SC, SD, TN, TX, UT, VT, VA, WA, WV, WI, WY",NA,0.203125,0.0120481927710843,1464
"Pinus flexilis","Tree","EFNonNative",50,"OH, KY, NJ, PA, CT, RI, NY, MD, ME, DE, MA, NH, VT","CO, ID, MT, OR, WY, ND, NE, SD, AZ, CA, NV, UT, NM",NA,0.1953125,0,1465
"Hydrangea quercifolia","Shrub","EFNative",123,"OH, DE, MD, KY, NY, CT, NJ, MA, RI, PA, VA, NH, ME, VT","AL, FL, GA, LA, MS, SC, TN",NA,0.421875,0.180722891566265,1466
"Callitropsis nootkatensis","Tree","EFNonNative",63,"OH, KY, NY, NJ, MA, PA, CT, ME, RI, VA, DE, MD, VT, NH","AK, OR, WA, CA",NA,0.24609375,0,1467
"Thuja occidentalis","Tree","EFNative",142,"OH, MD, KY, NY, NJ, RI, MA, PA, VA, CT, ME, VT, DE, NH","IL, MN, WI, CT, IN, ME, MA, MI, NH, NJ, NY, OH, PA, RI, VT, WV, KY, MD, NC, TN, VA",NA,0.4921875,0.192771084337349,1468
"Juniperus horizontalis","Shrub","EFNative",89,"OH, KY, NY, NJ, MA, CT, ME, PA, MD, VA, DE, RI, NH, VT","AK, CO, MT, WY, IL, IA, MN, ND, SD, WI, MA, MI, NY, VT",NA,0.3359375,0.036144578313253,1469
"Thuja plicata","Tree","EFNonNative",88,"OH, KY, MD, PA, NY, NJ, RI, MA, VA, CT, ME, DE, NH, VT","AK, ID, MT, OR, WA, CA",NA,0.33984375,0.0120481927710843,1470
"Picea glauca","Tree","EFNative",119,"OH, KY, MA, MD, NY, NJ, PA, RI, CT, ME, VT, VA, NH, DE, WV","AK, ID, MT, WY, IL, MN, SD, WI, ME, MI, NH, NY, VT",NA,0.43359375,0.0963855421686747,1471
