State,Raw.Scientific.Name,Clean.Scientific.Name,Reg.Level,Accepted.Symbol,Native.Status
AK,Agropyron repens,Agropyron repens,Noxious Weeds,ELRE4,
AK,Centaurea repens,Centaurea repens,Noxious Weeds,ACRE3,
AK,Cirsium arvensis,Cirsium arvense,Noxious Weeds,CIAR4,L48(I)AK(I)CAN(I)GL(I)SPM(I)
AK,Convolvulus arvensis,Convolvulus arvensis,Noxious Weeds,COAR4,L48(I)HI(I)CAN(I)
AK,Egeria densa,Egeria densa,Aquatic Invasive Weeds,EGDE,L48(I)HI(I)PR(I)CAN(W)
AK,Elodea canadensis,Elodea canadensis,Aquatic Invasive Weeds,ELCA7,L48(N)AK(I)PR(I)CAN(N)
AK,Elodea nuttallii,Elodea nuttallii,Aquatic Invasive Weeds,ELNU2,L48(N)CAN(N)
AK,Euphorbia esula,Euphorbia esula,Noxious Weeds,EUES,L48(I)CAN(I)
AK,Galensoga parviflora,Galinsoga parviflora,Noxious Weeds,GAPA2,L48(I)HI(I)PR(I)CAN(I)
AK,Galeopsis tetrahit,Galeopsis tetrahit,Noxious Weeds,GATE2,L48(I)AK(I)CAN(I)SPM(I)
AK,Hieracium aurantiacum,Hieracium aurantiacum,Noxious Weeds,HIAU,L48(I)AK(I)CAN(I)SPM(I)
AK,Hydrilla verticillata,Hydrilla verticillata,Aquatic Invasive Weeds,HYVE3,L48(I)
AK,Latuca puichella,Lactuca pulchella,Noxious Weeds,LATAP,
AK,Lepidium draba,Lepidium draba,Noxious Weeds,CADR,
AK,Lythrum salicaria,Lythrum salicaria,Noxious Weeds,LYSA2,L48(I)CAN(I)SPM(I)
AK,Myriophyllum spicatum,Myriophyllum spicatum,Aquatic Invasive Weeds,MYSP2,L48(I)AK(I)CAN(I)
AK,Rorippa austriaca,Rorippa austriaca,Noxious Weeds,ROAU,L48(I)CAN(I)
AK,Solanum carolinense,Solanum carolinense,Noxious Weeds,SOCA3,L48(N)CAN(I)
AK,Sonchus arvensis,Sonchus arvensis,Noxious Weeds,SOAR2,L48(I)AK(I)CAN(I)SPM(I)
AL,Alliaria petiolata,Alliaria petiolata,Class A Noxious Weeds,ALPE4,L48(I)AK(I)CAN(I)
AL,Althernanthera philoxeroides,Alternanthera philoxeroides,Class C Noxious Weeds,ALPH,L48(I)PR(I)
AL,Cardiospermum halicacabum,Cardiospermum halicacabum,Class C Noxious Weeds,CAHA13,L48(I)HI(I)PR(N)VI(N)
AL,Dioscorea bulbifera,Dioscorea bulbifera,Class A Noxious Weeds,DIBU,L48(I)HI(I)PR(I)
AL,Egeria densa,Egeria densa,Class C Noxious Weeds,EGDE,L48(I)HI(I)PR(I)CAN(W)
AL,Eichornia crassipes,Eichhornia crassipes,Class C Noxious Weeds,EICR,L48(I)HI(I)PR(I)VI(I)CAN(W)
AL,Fatoua villosa,Fatoua villosa,Class C Noxious Weeds,FAVI,L48(I)HI(I)PR(I)
AL,Lygodium japonicum,Lygodium japonicum,Class B Noxious Weeds,LYJA,L48(I)HI(I)PR(I)
AL,Lygodium microphyllum,Lygodium microphyllum,Class A Noxious Weeds,LYMI,L48(I)
AL,Lythrum salicaria,Lythrum salicaria,Class B Noxious Weeds,LYSA2,L48(I)CAN(I)SPM(I)
AL,Microstegium vimineum,Microstegium vimineum,Class C Noxious Weeds,MIVI,L48(I)PR(I)
AL,Myriophyllum aquaticum,Myriophyllum aquaticum,Class C Noxious Weeds,MYAQ2,L48(I)HI(I)CAN(I)
AL,Myriophyllum spicatum,Myriophyllum spicatum,Class C Noxious Weeds,MYSP2,L48(I)AK(I)CAN(I)
AL,Najas minor,Najas minor,Class C Noxious Weeds,NAMI,L48(I)CAN(I)
AL,Ornithogalum umbellatum,Ornithogalum umbellatum,Class C Noxious Weeds,ORUM,L48(I)CAN(I)
AL,Paederia foetida,Paederia foetida,Class B Noxious Weeds,PAFO3,L48(I)HI(I)
AL,Panicum repens,Panicum repens,Class C Noxious Weeds,PARE3,L48(I)HI(I)
AL,Phragmites australis,Phragmites australis,Class C Noxious Weeds,PHAU7,"L48(I,N)HI(I)CAN(N)"
AL,Phyllanthus tenellus,Phyllanthus tenellus,Class C Noxious Weeds,PHTE5,L48(I)HI(I)PR(I)
AL,Phyllanthus urinaria,Phyllanthus urinaria,Class C Noxious Weeds,PHUR,L48(I)PR(I)
AL,Pistia stratiotes,Pistia stratiotes,Class C Noxious Weeds,PIST2,L48(N)HI(I)PR(N)VI(N)
AL,Polugonum perfoliatum,Polygonum perfoliatum,Class A Noxious Weeds,POPE10,L48(I)
AL,Polygonum cuspidatum,Polygonum cuspidatum,Class C Noxious Weeds,POCU6,L48(I)AK(I)CAN(I)SPM(I)
AL,Potamogeton crispus,Potamogeton crispus,Class C Noxious Weeds,POCR3,L48(I)CAN(I)
AL,Rosa multiflora,Rosa multiflora,Class C Noxious Weeds,ROMU,L48(I)CAN(I)
AL,Stratiotes aloides,Stratiotes aloides,Class C Noxious Weeds,STAL6,
AL,Trapa natans,Trapa natans,Class C Noxious Weeds,TRNA,L48(I)CAN(I)
AL,Tussilago farfara,Tussilago farfara,Class A Noxious Weeds,TUFA,L48(I)CAN(I)SPM(I)
All,Panax quinquefolius,Panax quinquefolius,Regulated,PAQU,L48(N)CAN(N)
AR,Imperata cylindrida,Imperata cylindrica,Noxious Weeds,IMCY,L48(I)
AR,Lythrum salicaria,Lythrum salicaria,Noxious Weeds,LYSA2,L48(I)CAN(I)SPM(I)
AR,Pontederia crassipes,Pteris crassipes,Noxious Weeds,PTAR,
AR,Salvinia molesta,Salvinia molesta,Noxious Weeds,SAMO5,L48(I)HI(I)
AZ,Acroptilon repens,Acroptilon repens,Class B Noxious Weeds,ACRE3,L48(I)CAN(I)
AZ,Aegilops cylindrica,Aegilops cylindrica,Class B Noxious Weeds,AECY,L48(I)
AZ,Alhagi maurorum,Alhagi maurorum,Class B Noxious Weeds,ALMA12,L48(I)
AZ,Arundo donax,Arundo donax,Class B Noxious Weeds,ARDO4,L48(I)HI(I)PR(I)VI(I)
AZ,Asphodelus fistulosus,Asphodelus fistulosus,Class B Noxious Weeds,ASFI2,L48(I)
AZ,Brassica nigra,Brassica nigra,Class B Noxious Weeds,BRNI,L48(I)HI(I)CAN(I)
AZ,Brassica tournefortii,Brassica tournefortii,Class B Noxious Weeds,BRTO,L48(I)
AZ,Cardaria draba,Cardaria draba,Class A Noxious Weeds,CADR,L48(I)CAN(I)
AZ,Carduus acanthoides,Carduus acanthoides,Class A Noxious Weeds,CAAC,L48(I)CAN(I)
AZ,Carduus nutans,Carduus nutans,Class B Noxious Weeds,CANU4,L48(I)CAN(I)
AZ,Carrichtera annua,Carrichtera annua,Class A Noxious Weeds,,
AZ,Cenchrus ciliaris,Cenchrus ciliaris,Class C Noxious Weeds,PECI,
AZ,Cenchrus echinatus,Cenchrus echinatus,Class A Noxious Weeds,CEEC,L48(N)HI(I)PR(N)VI(N)
AZ,Cenchrus spinifex,Cenchrus spinifex,Class B Noxious Weeds,CESP4,L48(N)PR(N)VI(N)
AZ,Centaurea calcitrapa,Centaurea calcitrapa,Class A Noxious Weeds,CECA2,L48(I)CAN(I)
AZ,Centaurea diffusa,Centaurea diffusa,Class B Noxious Weeds,CEDI3,L48(I)CAN(I)
AZ,Centaurea melitensis,Centaurea melitensis,Class B Noxious Weeds,CEME2,L48(I)HI(I)CAN(I)
AZ,Centaurea stoebe subsp. micranthos,Centaurea stoebe,Class A Noxious Weeds,CEST8,L48(I)HI(I)CAN(I)
AZ,Chondrilla juncea,Chondrilla juncea,Class A Noxious Weeds,CHJU,L48(I)CAN(I)
AZ,Cirsium arvense,Cirsium arvense,Class A Noxious Weeds,CIAR4,L48(I)AK(I)CAN(I)GL(I)SPM(I)
AZ,Cirsium vulgare,Cirsium vulgare,Class B Noxious Weeds,CIVU,L48(I)AK(I)HI(I)CAN(I)SPM(I)
AZ,Convolvulus arvensis,Convolvulus arvensis,Class C Noxious Weeds,COAR4,L48(I)HI(I)CAN(I)
AZ,Cucumis melo,Cucumis melo,Class A Noxious Weeds,CUME,L48(I)PR(I)CAN(W)
AZ,Eichhornia crassipes,Eichhornia crassipes,Class A Noxious Weeds,EICR,L48(I)HI(I)PR(I)VI(I)CAN(W)
AZ,Elaeagnus angustifolia,Elaeagnus angustifolia,Class B Noxious Weeds,ELAN,L48(I)CAN(I)
AZ,Euphorbia esula,Euphorbia esula,Class A Noxious Weeds,EUES,L48(I)CAN(I)
AZ,Euryops subcarnosus,Euryops subcarnosus,Class A Noxious Weeds,EUSUV,L48(I)
AZ,Halogeton glomeratus,Halogeton glomeratus,Class B Noxious Weeds,HAGL,L48(I)
AZ,Hydrilla verticillata,Hydrilla verticillata,Class A Noxious Weeds,HYVE3,L48(I)
AZ,Ipomoea hederacea,Ipomoea hederacea,Class C Noxious Weeds,IPHE,L48(I)CAN(I)
AZ,Ipomoea hederacea,Ipomoea hederacea,Class C Noxious Weeds,IPNI,L48(N)PR(N)VI(N)
AZ,Ipomoea hederacea,Ipomoea hederacea,Class C Noxious Weeds,IPHE,L48(I)CAN(I)
AZ,Ipomoea hederacea,Ipomoea hederacea,Class C Noxious Weeds,IPNI,L48(N)PR(N)VI(N)
AZ,Ipomoea purpurea,Ipomoea purpurea,Class C Noxious Weeds,IPPU2,L48(I)HI(I)PR(I)CAN(I)
AZ,Ipomoea tricolor,Ipomoea tricolor,Class C Noxious Weeds,IPTR3,L48(I)PR(N)VI(I)
AZ,Ipomoea triloba,Ipomoea triloba,Class C Noxious Weeds,IPBA2,"HI(I)L48(I)NAV(I)PB(I)PR(I,I?)VI(I,I?)"
AZ,Ipomoea triloba,Ipomoea triloba,Class C Noxious Weeds,IPTR2,L48(I)HI(I)PR(N)VI(N)
AZ,Ipomoea triloba,Ipomoea triloba,Class C Noxious Weeds,IPBA2,"HI(I)L48(I)NAV(I)PB(I)PR(I,I?)VI(I,I?)"
AZ,Ipomoea triloba,Ipomoea triloba,Class C Noxious Weeds,IPTR2,L48(I)HI(I)PR(N)VI(N)
AZ,Ipomoea x leucantha,Ipomoea x leucantha,Class C Noxious Weeds,IPLE4,L48(N)HI(I?)
AZ,Isatis tinctoria,Isatis tinctoria,Class A Noxious Weeds,ISTI,L48(I)CAN(W)
AZ,Kochia scoparia,Kochia scoparia,Class C Noxious Weeds,BASC5,CAN(I)L48(I)
AZ,Linaria dalmatica,Linaria dalmatica,Class B Noxious Weeds,LIDA,L48(I)CAN(I)
AZ,Lythrum salicaria,Lythrum salicaria,Class A Noxious Weeds,LYSA2,L48(I)CAN(I)SPM(I)
AZ,Melinis repens,Melinis repens,Class B Noxious Weeds,MERE9,L48(I)HI(I)PR(I)VI(I)
AZ,Oncosiphon piluliferum,Oncosiphon piluliferum,Class B Noxious Weeds,ONPI,L48(I)
AZ,Orobanche ramosa,Orobanche ramosa,Class B Noxious Weeds,ORRA,L48(I)
AZ,Peganum harmala,Peganum harmala,Class A Noxious Weeds,PEHA,L48(I)
AZ,Pennisetum setaceum,Pennisetum setaceum,Class C Noxious Weeds,PESE3,L48(I)HI(I)
AZ,Salvinia molesta,Salvinia molesta,Class A Noxious Weeds,SAMO5,L48(I)HI(I)
AZ,Sinapis arvensis,Sinapis arvensis,Class A Noxious Weeds,SIAR4,L48(I)AK(I)HI(I)VI(I)CAN(I)GL(I)SPM(I)
AZ,Sorghum halepense,Sorghum halepense,Class C Noxious Weeds,SOHA,L48(I)HI(I)PR(I)CAN(I)
AZ,Tribulus terrestris,Tribulus terrestris,Class C Noxious Weeds,TRTE,L48(I)HI(I)CAN(W)
CA,Acacia paradoxa,Acacia paradoxa,Noxious Weed,ACPA8,L48(I)
CA,Acaena anserinifolia,Acaena anserinifolia,Noxious Weed,ACNO7,
CA,Acaena novae-zelandieae,Acaena novae-zelandiae,Noxious Weed,ACNO7,L48(I)
CA,Acaena pallida,Acaena pallida,Noxious Weed,ACPA14,L48(I)
CA,Achnatherum brachychaetum,Achnatherum brachychaetum,Noxious Weed,ACBR5,L48(I)
CA,Acroptilon repens,Acroptilon repens,Noxious Weed,ACRE3,L48(I)CAN(I)
CA,Aegilops cylindrica,Aegilops cylindrica,Noxious Weed,AECY,L48(I)
CA,Aegilops geniculata,Aegilops geniculata,Noxious Weed,AEGE,L48(I)
CA,Aegilops ovata,Aegilops ovata,Noxious Weed,AEOV2,
CA,Aegilops triuncialis,Aegilops triuncialis,Noxious Weed,AETR,L48(I)
CA,Aeschynomene spp.,Aeschynomene aspera,Noxious Weed,AEAS,
CA,Ageratum conyzoides,Ageratum conyzoides,C,AGCO,L48(I)HI(I)PR(N)VI(N)
CA,Ailanthus altissima,Ailanthus altissima,C,AIAL,L48(I)HI(I)CAN(I)
CA,Alhagi maurorum,Alhagi maurorum,Noxious Weed,ALMA12,L48(I)
CA,Allium paniculatum,Allium paniculatum,Noxious Weed,ALPA20,L48(I)
CA,Allium vineale,Allium vineale,Noxious Weed,ALVI,L48(I)AK(I)CAN(I)
CA,Alternanthera philoxeroides,Alternanthera philoxeroides,A,ALPH,L48(I)PR(I)
CA,Alternanthera sessilis,Alternanthera sessilis,Noxious Weed,ALSE4,L48(I)HI(I)PR(N)VI(N)
CA,Ambrosia trifida,Ambrosia trifida,B,AMTR,L48(N)CAN(N)
CA,Amelichloa brachychaeta,Nassella brachychaeta,Noxious Weed,ACBR5,
CA,Araujia sericifera,Araujia sericifera,Noxious Weed,ARSE8,L48(I)
CA,Arctotheca calendula,Arctotheca calendula,A,ARCA45,L48(I)
CA,Arundo donax,Arundo donax,Noxious Weed,ARDO4,L48(I)HI(I)PR(I)VI(I)
CA,Asclepias physocarpa,Asclepias physocarpa,C,ASPH2,HI(I)
CA,Asphodelus fistulosus,Asphodelus fistulosus,Noxious Weed,ASFI2,L48(I)
CA,Atriplex amnicola,Atriplex amnicola,Noxious Weed,ATAM3,L48(I)
CA,Baccharis halimifolia,Baccharis halimifolia,A,BAHA,L48(N)
CA,Berteroa incana,Berteroa incana,Noxious Weed,BEIN2,L48(I)AK(I)CAN(I)
CA,Boehmeria cylindrica,Boehmeria cylindrica,C,BOCY,L48(N)PR(N)CAN(N)
CA,Brachypodium sylvaticum,Brachypodium sylvaticum,Noxious Weed,BRSY,L48(I)
CA,Brassica tournefortii,Brassica tournefortii,C,BRTO,L48(I)
CA,Bromus tectorum,Bromus tectorum,C,BRTE,L48(I)AK(I)HI(I)CAN(I)GL(I)
CA,Butomus umbellatus,Butomus umbellatus,B,BUUM,L48(I)CAN(I)
CA,Cabomba caroliniana,Cabomba caroliniana,Noxious Weed,CACA,L48(N)CAN(N)
CA,Carduus acanthoides,Carduus acanthoides,Noxious Weed,CAAC,L48(I)CAN(I)
CA,Carduus crispus,Carduus crispus,Noxious Weed,CACR2,L48(I)CAN(I)
CA,Carduus nutans,Carduus nutans,Noxious Weed,CANU4,L48(I)CAN(I)
CA,Carduus pycnocephalus,Carduus pycnocephalus,Noxious Weed,CAPY2,L48(I)HI(I)
CA,Carduus tenuiflorus,Carduus tenuiflorus,Noxious Weed,CATE2,L48(I)
CA,Carrichtera annua,Carrichtera annua,A,,
CA,Carthamus creticus,Carthamus baeticus,Noxious Weed,CALAC3,
CA,Carthamus lanatus,Carthamus lanatus,Noxious Weed,CALA20,L48(I)CAN(I)
CA,Carthamus leucocaulos,Carthamus leucocaulos,Noxious Weed,CALE52,L48(I)
CA,Carthamus oxyacantha,Carthamus oxyacantha,B,CAOX6,
CA,Cenchrus clandestinus,Cenchrus clandestinus,C,PECL2,
CA,Cenchrus echinatus,Cenchrus echinatus,B,CEEC,L48(N)HI(I)PR(N)VI(N)
CA,Cenchrus incertus,Cenchrus incertus,Noxious Weed,CEIN4,
CA,Cenchrus longispinus,Cenchrus longispinus,B,CELO3,L48(N)CAN(N)
CA,Cenchrus spinifex,Cenchrus spinifex,B,CESP4,L48(N)PR(N)VI(N)
CA,Centaurea calcitrapa,Centaurea calcitrapa,Noxious Weed,CECA2,L48(I)CAN(I)
CA,Centaurea diffusa,Centaurea diffusa,Noxious Weed,CEDI3,L48(I)CAN(I)
CA,Centaurea iberica,Centaurea iberica,Noxious Weed,CEIB,L48(I)
CA,Centaurea jacea,Centaurea jacea,Noxious Weed,CEJA,L48(I)CAN(I)GL(I)
CA,Centaurea melitensis,Centaurea melitensis,Noxious Weed,CEME2,L48(I)HI(I)CAN(I)
CA,Centaurea nigra,Centaurea nigra,Noxious Weed,CENI2,L48(I)CAN(I)SPM(I)
CA,Centaurea nigrescens,Centaurea nigrescens,Noxious Weed,CENI3,L48(I)CAN(I)
CA,Centaurea pratensis,Centaurea pratensis,Noxious Weed,CEPR2,
CA,Centaurea solstitialis,Centaurea solstitialis,Noxious Weed,CESO3,L48(I)CAN(I)
CA,Centaurea stoebe,Centaurea stoebe,Noxious Weed,CEST8,L48(I)HI(I)CAN(I)
CA,Centaurea sulphurea,Centaurea sulphurea,Noxious Weed,CESU,L48(I)
CA,Centaurea virgata subsp. squarrosa,Centaurea virgata,Noxious Weed,CEVI,L48(I)
CA,Centaurea x moncktonii,Centaurea x moncktonii,Noxious Weed,CEMO6,L48(I)CAN(I)
CA,Ceratopteris thalictroides,Ceratopteris thalictroides,,CETH2,
CA,Chondrilla juncea,Chondrilla juncea,Noxious Weed,CHJU,L48(I)CAN(I)
CA,Chorispora tenella,Chorispora tenella,Noxious Weed,CHTE2,L48(I)CAN(W)
CA,Chrysanthemoides monilifera,Chrysanthemoides monilifera,A,,
CA,Cirsium arvense,Cirsium arvense,Noxious Weed,CIAR4,L48(I)AK(I)CAN(I)GL(I)SPM(I)
CA,Cirsium japonicum,Cirsium japonicum,Noxious Weed,CIJA2,Not in PFA
CA,Cirsium ochrocentrum,Cirsium ochrocentrum,C,CIOC2,L48(N)
CA,Cirsium undulatum,Cirsium undulatum,Noxious Weed,CIUN,CAN(N)L48(N)
CA,Cirsium vulgare,Cirsium vulgare,Noxious Weed,CIVU,L48(I)AK(I)HI(I)CAN(I)SPM(I)
CA,Clematis vitalba,Clematis vitalba,A,CLVI6,L48(I)CAN(I)
CA,Coincya monensis,Coincya monensis,Noxious Weed,COMO9,L48(I)
CA,Convolvulus arvensis,Convolvulus arvensis,C,COAR4,L48(I)HI(I)CAN(I)
CA,Coronopus squamatus,Coronopus squamatus,Noxious Weed,COSQ,L48(I)CAN(I)
CA,Cortaderia jubata,Cortaderia jubata,Noxious Weed,COJU2,L48(I)HI(I)
CA,Crepis pulchra,Crepis pulchra,C,CRPU3,L48(I)CAN(I)
CA,Crupina vulgaris,Crupina vulgaris,A,CRVU2,L48(I)
CA,Cucumis melo var. dudaim,Cucumis melo var. dudaim,Noxious Weed,CUME,CAN(W)L48(I)PB(I)PR(I)
CA,Cucumis myriocarpus,Cucumis myriocarpus,Noxious Weed,CUMY,L48(I)
CA,Cuscuta spp. (California native species),Cuscuta spp.,Noxious Weed,NA,
CA,Cuscuta spp. (introduced species),Cuscuta spp.,Noxious Weed,NA,
CA,Cynara cardunculus,Cynara cardunculus,Noxious Weed,CYCA,L48(I)
CA,Cyperus esculentus,Cyperus esculentus,Noxious Weed,CYES,"L48(I,N)HI(I)PR(I)VI(I)CAN(I)"
CA,Cyperus rotundus,Cyperus rotundus,Noxious Weed,CYRO,L48(I)HI(I)PR(I)VI(I)
CA,Cytisus scoparius,Cytisus scoparius,Noxious Weed,CYSC4,L48(I)AK(I)HI(I)CAN(I)
CA,Cytisus striatus,Cytisus striatus,B,CYST7,L48(I)
CA,Delairea odorata,Delairea odorata,Noxious Weed,DEOD,L48(I)HI(I)
CA,Dinebra chinensis,Dicliptera chinensis,Noxious Weed,DICH2,HI(I)
CA,Diodia virginiana,Diodia virginiana,C,DIVI3,L48(N)
CA,Dittrichia graveolens,Dittrichia graveolens,Noxious Weed,DIGR3,L48(I)
CA,Dittrichia viscosa,Dittrichia viscosa,A,DIVI6,L48(I)
CA,Drymaria cordata,Drymaria cordata,C,DRCO2,L48(N)HI(I)PR(N)VI(N)
CA,Echium plantagineum,Echium plantagineum,A,ECPL,L48(I)CAN(I)
CA,Egeria najas,Egeria najas,Noxious Weed,,
CA,Elymus repens,Elymus repens,Noxious Weed,ELRE4,L48(I)AK(I)CAN(I)GL(I)SPM(I)
CA,Enchylaena tomentosa,Enchylaena tomentosa,A,ENTO3,L48(I)
CA,Erica lusitanica,Erica lusitanica,B,ERLU6,L48(I)
CA,Euphorbia cyathophora,Euphorbia cyathophora,C,EUCY,L48(N)HI(I)PR(N)VI(N)
CA,Euphorbia dendroides,Euphorbia dendroides,B,EUDE10,L48(I)
CA,Euphorbia esula,Euphorbia esula,Noxious Weed,EUES,CAN(I)L48(I)
CA,Euphorbia graminea,Euphorbia graminea,Noxious Weed,EUGR6,L48(I)HI(I)
CA,Euphorbia helioscopia,Euphorbia helioscopia,B,EUHE2,L48(I)CAN(I)SPM(I)
CA,Euphorbia hirta,Euphorbia hirta,C,CHHI3,
CA,Euphorbia hypericifolia,Euphorbia hypericifolia,A,CHHY2,
CA,Euphorbia myrsinites,Euphorbia myrsinites,A,EUMY2,L48(I)CAN(I)
CA,Euphorbia oblongata,Euphorbia oblongata,Noxious Weed,EUOB4,L48(I)
CA,Euphorbia serrata,Euphorbia serrata,Noxious Weed,EUSE12,L48(I)
CA,Euphorbia terracina,Euphorbia terracina,Noxious Weed,EUTE10,L48(I)
CA,Euphorbia virgata,Euphorbia virgata,Noxious Weed,EUESU,
CA,Fallopia spp.,Fallopia spp.,A,NA,
CA,Fatoua villosa,Fatoua villosa,Noxious Weed,FAVI,L48(I)HI(I)PR(I)
CA,Fumaria muralis,Fumaria muralis,C,,
CA,Galega officinalis,Galega officinalis,A,GAOF,L48(I)CAN(I)
CA,Genista monspessulana,Genista monspessulana,C,GEMO2,L48(I)
CA,Gymnocoronis spilanthoides,Gymnocoronis spilanthoides,A,,
CA,Gypsophila paniculata,Gypsophila paniculata,B,GYPA,L48(I)CAN(I)
CA,Halimodendron halodendron,Halimodendron halodendron,A,HAHA8,L48(I)CAN(I)
CA,Halogeton glomeratus,Halogeton glomeratus,B,HAGL,L48(I)
CA,Helianthus ciliaris,Helianthus ciliaris,Noxious Weed,HECI,L48(N)
CA,Heracleum mantegazzianum,Heracleum mantegazzianum,A,HEMA17,L48(I)CAN(I)
CA,Heteranthera reniformis,Heteranthera reniformis,A,HERE,L48(N)PR(N)
CA,Heteropogon contortus,Heteropogon contortus,Noxious Weed,HECO10,L48(N)HI(N)PR(N)VI(N)
CA,Hieracium aurantiacum,Hieracium aurantiacum,B,HIAU,L48(I)AK(I)CAN(I)SPM(I)
CA,Hydrilla verticillata,Hydrilla verticillata,A,HYVE3,L48(I)
CA,Hydrocharis morsus-ranae,Hydrocharis morsus-ranae,A,HYMO6,L48(I)CAN(I)
CA,Hygrophila polysperma,Hygrophila polysperma,A,HYPO3,L48(I)
CA,Hyoscyamus niger,Hyoscyamus niger,Noxious Weed,HYNI,L48(I)CAN(I)
CA,Hypericum canariense,Hypericum canariense,B,HYCA11,L48(I)HI(I)
CA,Hypericum perforatum,Hypericum perforatum,C,HYPE,L48(I)HI(I)CAN(I)SPM(I)
CA,Ipomoea aquatica,Ipomoea aquatica,C,IPAQ,L48(I)HI(I)PR(I)
CA,Iris pseudacorus,Iris pseudacorus,B,IRPS,L48(I)CAN(I)
CA,Isatis tinctoria,Isatis tinctoria,Noxious Weed,ISTI,L48(I)CAN(W)
CA,Koenigia polystachya,Ixia polystachya,Noxious Weed,IXPO,L48(I)
CA,Lagarosiphon major,Lagarosiphon major,Noxious Weed,LAMA15,
CA,Laportea aestuans,Laportea aestuans,C,LAAE,L48(I)PR(N)VI(N)
CA,Lepidium appelianum,Lepidium appelianum,Noxious Weed,CAPU6,
CA,Lepidium chalapensis,Lepidium chalapensis,Noxious Weed,,
CA,Lepidium chalepense,Lepidium repens,Noxious Weed,CACH42,
CA,Lepidium coronopus,Lepidium coronopus,B,,
CA,Lepidium draba,Lepidium draba,Noxious Weed,CADR,
CA,Lepidium latifolium,Lepidium latifolium,Noxious Weed,LELA2,L48(I)CAN(I)
CA,Leptochloa chinensis,Leptochloa chinensis,Noxious Weed,LECH2,
CA,Limnobium laevigatum,Limnobium laevigatum,A,LILA7,L48(I)PR(N)
CA,Limnobium spongia,Limnobium spongia,Noxious Weed,LISP2,L48(N)
CA,Limnophila indica,Limnophila indica,B,LIIN5,L48(I)
CA,Limnophila sessiliflora,Limnophila sessiliflora,A,LISE3,L48(I)
CA,Limonium duriusculum,Limonium duriusculum,B,,
CA,Limonium ramosissimum,Limonium ramosissimum,B,LIRA2,L48(I)
CA,Linaria dalmatica,Linaria dalmatica,Noxious Weed,LIDA,L48(I)CAN(I)
CA,Ludwigia decurrens,Ludwigia decurrens,A,LUDE4,L48(N)PR(N)
CA,Ludwigia hexapetala,Ludwigia hexapetala,C,LUGRH,
CA,Ludwigia peruviana,Ludwigia peruviana,A,LUPE6,L48(I)PR(I)
CA,Lythrum salicaria,Lythrum salicaria,Noxious Weed,LYSA2,L48(I)CAN(I)SPM(I)
CA,Mantisalca salmantica,Mantisalca salmantica,A,MASA5,L48(I)
CA,Mercurialis ambigua,Mercurialis annua,Noxious Weed,MEAN,L48(I)CAN(I)
CA,Misopates orontium,Misopates orontium,C,MIOR,L48(I)AK(I)HI(I)CAN(I)
CA,Monochoria vaginalis,Monochoria vaginalis,A,MOVA,L48(I)HI(I)
CA,Muhlenbergia schreberi,Muhlenbergia schreberi,Noxious Weed,MUSC,L48(N)CAN(N)
CA,Myosoton aquaticum,Myosoton aquaticum,C,MYAQ,L48(I)CAN(I)
CA,Myriophyllum aquaticum,Myriophyllum aquaticum,C,MYAQ2,L48(I)HI(I)CAN(I)
CA,Nothoscordum gracile,Nothoscordum gracile,Noxious Weed,NOBO,
CA,Nothoscordum gracile,Nothoscordum gracile,Noxious Weed,NOGR3,L48(I)
CA,Nothoscordum gracile,Nothoscordum gracile,Noxious Weed,NOBO,
CA,Nothoscordum gracile,Nothoscordum gracile,Noxious Weed,NOGR3,L48(I)
CA,Nymphaea mexicana,Nymphaea mexicana,C,NYME,L48(N)CAN(I)
CA,Nymphoides peltata,Nymphoides peltata,A,NYPE,L48(I)CAN(I)
CA,Oenothera sinuosa,Oenothera sinuosa,Noxious Weed,OESI3,L48(N)
CA,Oenothera xenogaura,Oenothera xerogaura,Noxious Weed,OEXE,L48(N)
CA,Ononis alopecuroides,Ononis alopecuroides,Noxious Weed,ONAL5,L48(I)
CA,Onopordum spp.,Onopordum spp.,Noxious Weed,NA,
CA,Orobanche ramosa,Orobanche ramosa,A,ORRA,L48(I)
CA,Oryza rufipogon,Oryza rufipogon,Noxious Weed,ORRU,L48(I)
CA,Panicum antidotale,Panicum antidotale,C,PAAN4,L48(I)HI(I)
CA,Parthenium hysterophorus,Parthenium hysterophorus,A,PAHY,L48(I)HI(I)PR(I)VI(I)
CA,Peganum harmala,Peganum harmala,Noxious Weed,PEHA,L48(I)
CA,Pennisetum clandestinum,Pennisetum clandestinum,C,PECL2,L48(I)HI(I)PR(I)VI(I)
CA,Persicaria wallichii,Persicaria wallichii,Noxious Weed,POPO5,
CA,Phragmites australis subsp. altissimus,Phragmites australis,C,PHAU7,"L48(I,N)HI(I)CAN(N)"
CA,Phyllanthus tenellus,Phyllanthus tenellus,C,PHTE5,L48(I)HI(I)PR(I)
CA,Phyllanthus urinaria,Phyllanthus urinaria,C,PHUR,L48(I)PR(I)
CA,Physalis longifolia,Physalis longifolia,Noxious Weed,PHLO4,L48(N)CAN(N)
CA,Physalis virginiana var. sonorae,Physalis virginiana var. sonorae,Noxious Weed,PHVIS3,
CA,Physalis viscosa,Physalis viscosa,Noxious Weed,PHVI17,L48(N)
CA,Phytolacca heterotepala,Phytolacca heterotepala,A,PHHE21,L48(I)
CA,Pilosella aurantiaca,Pilosella aurantiaca,B,,
CA,Potentilla recta,Potentilla recta,Noxious Weed,PORE5,L48(I)CAN(I)
CA,Prosopis strombulifera,Prosopis strombulifera,Noxious Weed,PRST3,L48(I)
CA,Retama monosperma,Retama monosperma,Noxious Weed,REMO2,L48(I)
CA,Reynoutria japonica,Reynoutria japonica,A,POCU6,
CA,Reynoutria sachalinensis,Reynoutria sachalinensis,A,POSA4,
CA,Reynoutria x bohemica,Reynoutria x bohemica,A,POBO10,
CA,Rhagadiolus stellatus,Rhagadiolus stellatus,B,RHST3,L48(I)
CA,Rorippa austriaca,Rorippa austriaca,Noxious Weed,ROAU,L48(I)CAN(I)
CA,Rorippa sylvestris,Rorippa sylvestris,Noxious Weed,ROSY,L48(I)AK(I)CAN(I)GL(I)
CA,Saccharum ravennae,Saccharum ravennae,Noxious Weed,SARA3,L48(I)
CA,Salpichroa origanifolia,Salpichroa origanifolia,C,SAOR4,L48(I)CAN(W)
CA,Salsola collina,Salsola collina,A,SACO8,L48(I)CAN(I)
CA,Salsola damascena,Salsola damascena,Noxious Weed,SAVE6,
CA,Salsola gobicola,Salsola gobicola,B,,
CA,Salsola paulsenii,Salsola paulsenii,Noxious Weed,SAPA8,L48(I)
CA,Salsola tragus,Salsola tragus,C,SATR12,L48(I)HI(I)CAN(I)
CA,Salvia aethiopis,Salvia aethiopis,Noxious Weed,SAAE,L48(I)
CA,Salvia virgata,Salvia virgata,Noxious Weed,SASU11,
CA,Salvia virgata,Salvia virgata,Noxious Weed,SAVI18,L48(I)
CA,Salvia virgata,Salvia virgata,Noxious Weed,SASU11,
CA,Salvia virgata,Salvia virgata,Noxious Weed,SAVI18,L48(I)
CA,Salvinia auriculata s.l.,Salvinia auriculata,Noxious Weed,SAAU,PR(I)
CA,Salvinia auriculata s.l.,Salvinia auriculata,Noxious Weed,SAMI7,
CA,Scolymus hispanicus,Scolymus hispanicus,Noxious Weed,SCHI,L48(I)
CA,Senecio jacobaea,Senecio jacobaea,Noxious Weed,SEJA,L48(I)CAN(I)SPM(I)
CA,Senecio linearifolius,Senecio linearifolius,Noxious Weed,SELI,L48(I)
CA,Senecio squalidus,Senecio squalidus,Noxious Weed,SESQ,L48(I)CAN(N)
CA,Sesbania punicea,Sesbania punicea,Noxious Weed,SEPU7,L48(I)
CA,Setaria faberi,Setaria faberi,Noxious Weed,SEFA,L48(I)CAN(I)
CA,Solanum cardiophyllum,Solanum cardiophyllum,C,SOCA19,L48(I)
CA,Solanum carolinense,Solanum carolinense,Noxious Weed,SOCA3,L48(N)CAN(I)
CA,Solanum dimidiatum,Solanum dimidiatum,Noxious Weed,SODI,L48(N)
CA,Solanum elaeagnifolium,Solanum elaeagnifolium,Noxious Weed,SOEL,L48(N)HI(I)PR(N)
CA,Solanum lanceolatum,Solanum lanceolatum,Noxious Weed,SOLA,L48(I)
CA,Solanum marginatum,Solanum marginatum,B,SOMA,L48(I)
CA,Solanum torvum,Solanum torvum,C,SOTO4,L48(I)HI(I)PR(I)VI(I)
CA,Sonchus arvensis,Sonchus arvensis,Noxious Weed,SOAR2,L48(I)AK(I)CAN(I)SPM(I)
CA,Sorghum halepense,Sorghum halepense,Noxious Weed,SOHA,L48(I)HI(I)PR(I)CAN(I)
CA,Spartina alterniflora,Spartina alterniflora,Noxious Weed,SPAL,L48(N)CAN(N)
CA,Spartina anglica,Spartina anglica,Noxious Weed,SPAN5,L48(I)CAN(I)
CA,Spartina densiflora,Spartina densiflora,Noxious Weed,SPDE2,L48(I)CAN(I)
CA,Spartina patens,Spartina patens,Noxious Weed,SPPA,L48(N)PR(N)VI(N)CAN(N)
CA,Spartium junceum,Spartium junceum,Noxious Weed,SPJU2,L48(I)HI(I)
CA,Sphaerophysa salsula,Sphaerophysa salsula,Noxious Weed,SPSA3,L48(I)CAN(I)
CA,Stipa brachychaeta,Stipa brachychaeta,Noxious Weed,ACBR5,
CA,Striga spp. (witchweed),Striga spp.,A,NA,
CA,Symphytum x uplandicum,Symphytum x uplandicum,Noxious Weed,SYUP,L48(I)CAN(N)
CA,Taeniatherum caput-medusae,Taeniatherum caput-medusae,Noxious Weed,TACA8,L48(I)
CA,Tagetes minuta,Tagetes minuta,Noxious Weed,TAMI3,L48(I)HI(I)CAN(I)
CA,Talinum paniculatum,Talinum paniculatum,C,TAPA2,L48(N)HI(I)PR(N)VI(N)
CA,Tamarix aphylla,Tamarix aphylla,B,TAAP,L48(I)PR(I)
CA,Tamarix chinensis,Tamarix chinensis,Noxious Weed,TACH2,L48(I)
CA,Tamarix gallica,Tamarix gallica,Noxious Weed,TAGA,L48(I)PR(I)
CA,Tamarix parviflora,Tamarix parviflora,Noxious Weed,TAPA4,L48(I)
CA,Tamarix ramosissima,Tamarix ramosissima,Noxious Weed,TARA,L48(I)
CA,Tribolium obliterum,Tribolium obliterum,Noxious Weed,TROB6,L48(I)
CA,Tribulus terrestris,Tribulus terrestris,Noxious Weed,TRTE,L48(I)HI(I)CAN(W)
CA,Tripidium ravennae,Tripidium ravennae,Noxious Weed,SARA3,
CA,Ulex europaeus,Ulex europaeus,Noxious Weed,ULEU,L48(I)HI(I)CAN(I)
CA,Vachellia nilotica,Vachellia nilotica,A,VANI4,PR(I)VI(I)
CA,Viscum album,Viscum album,A,VIAL2,L48(I)
CA,Volutaria tubuliflora,Volutaria tubuliflora,A,,
CA,Youngia japonica,Youngia japonica,B,YOJA,L48(I)HI(I)PR(I)VI(I)
CA,Zizania latifolia,Zizania latifolia,A,ZILA3,HI(I)
CA,Zostera japonica,Zostera japonica,Noxious Weed,NAJA5,
CA,Zygophyllum fabago,Zygophyllum fabago,Noxious Weed,ZYFA,L48(I)
CO,Abultilon theophrasti,Abutilon theophrasti,List C Noxious Weeds,ABTH,L48(I)CAN(I)
CO,Acroptilon repens,Acroptilon repens,List B Noxious Weeds,ACRE3,L48(I)CAN(I)
CO,Aegiops cylindrical,Aegilops cylindrica,List B Noxious Weeds,AECY,L48(I)
CO,Alhagi pseudalhagi,Alhagi pseudalhagi,List A Noxious Weeds,ALMA12,
CO,Anthemis arvensis,Anthemis arvensis,List B Noxious Weeds,ANAR6,L48(I)HI(I)CAN(I)
CO,Anthemis cotula,Anthemis cotula,List B Noxious Weeds,ANCO2,L48(I)AK(I)HI(I)CAN(I)
CO,Arctium minus,Arctium minus,List C Noxious Weeds,ARMI2,L48(I)CAN(I)SPM(I)
CO,Artemisia absinthium,Artemisia absinthium,List B Noxious Weeds,ARAB3,L48(I)CAN(I)
CO,Arundo donax,Arundo donax,List A Noxious Weeds,ARDO4,L48(I)HI(I)PR(I)VI(I)
CO,Brassica elongata,Brassica elongata,List A Noxious Weeds,BREL2,L48(I)
CO,Bromus tectorum,Bromus tectorum,List C Noxious Weeds,BRTE,L48(I)AK(I)HI(I)CAN(I)GL(I)
CO,Butomus umbellatus,Butomus umbellatus,List A Noxious Weeds,BUUM,L48(I)CAN(I)
CO,Cardaria draba,Cardaria draba,List B Noxious Weeds,CADR,L48(I)CAN(I)
CO,Carduus acanthoides,Carduus acanthoides,List B Noxious Weeds,CAAC,L48(I)CAN(I)
CO,Carduus nutans,Carduus nutans,List B Noxious Weeds,CANU4,L48(I)CAN(I)
CO,Carum carvi,Carum carvi,List B Noxious Weeds,CACA19,L48(I)CAN(I)GL(I)SPM(I)
CO,Centaurea diffusa,Centaurea diffusa,List B Noxious Weeds,CEDI3,L48(I)CAN(I)
CO,Centaurea maculosa,Centaurea maculosa,List B Noxious Weeds,CESTM,
CO,Centaurea pratensis,Centaurea pratensis,List A Noxious Weeds,CENI3,
CO,Centaurea solstitialis,Centaurea solstitialis,List A Noxious Weeds,CESO3,L48(I)CAN(I)
CO,Centaurea virgata,Centaurea virgata,List A Noxious Weeds,CEVI,L48(I)
CO,Centaurea x psammongena,Centaurea x psammogena,List B Noxious Weeds,CEPS,CAN(I)NA(I)
CO,Chondrilla juncea,Chondrilla juncea,List A Noxious Weeds,CHJU,L48(I)CAN(I)
CO,Chyrsanthemum leucanthemum,Chrysanthemum leucanthemum,List B Noxious Weeds,LEVU,
CO,Cichorium intybus,Cichorium intybus,List C Noxious Weeds,CIIN,L48(I)CAN(I)SPM(I)
CO,Circium arvense,Cirsium arvense,List B Noxious Weeds,CIAR4,L48(I)AK(I)CAN(I)GL(I)SPM(I)
CO,Cirsium vulgare,Cirsium vulgare,List B Noxious Weeds,CIVU,L48(I)AK(I)HI(I)CAN(I)SPM(I)
CO,Clematis orientalis,Clematis orientalis,List B Noxious Weeds,CLOR,L48(I)CAN(I)
CO,Conium maculatum,Conium maculatum,List C Noxious Weeds,COMA2,L48(I)CAN(I)
CO,Convolvulus arvensis,Convolvulus arvensis,List C Noxious Weeds,COAR4,L48(I)HI(I)CAN(I)
CO,Crupina vulgaris,Crupina vulgaris,List A Noxious Weeds,CRVU2,L48(I)
CO,Cynoglossum officinale,Cynoglossum officinale,List B Noxious Weeds,CYOF,L48(I)CAN(I)
CO,Cyperus esculentus,Cyperus esculentus,List B Noxious Weeds,CYES,"L48(I,N)HI(I)PR(I)VI(I)CAN(I)"
CO,Dipsacus fullonum,Dipsacus fullonum,List B Noxious Weeds,DIFU2,L48(I)CAN(I)
CO,Dipsacus laciniatus,Dipsacus laciniatus,List B Noxious Weeds,DILA4,L48(I)CAN(I)
CO,Elaeagnus angustifolia,Elaeagnus angustifolia,List B Noxious Weeds,ELAN,L48(I)CAN(I)
CO,Elymus repens,Elymus repens,List C Noxious Weeds,ELRE4,L48(I)AK(I)CAN(I)GL(I)SPM(I)
CO,Elytrigia repens,Elytrigia repens,List B Noxious Weeds,ELRE4,
CO,Epilobium hirsutum,Epilobium hirsutum,List A Noxious Weeds,EPHI,L48(I)CAN(I)
CO,Erodium cicutarium,Erodium cicutarium,List C Noxious Weeds,ERCI6,L48(I)AK(I)HI(I)CAN(I)GL(I)
CO,Euphorbia cyparissias,Euphorbia cyparissias,List A Noxious Weeds,EUCY2,L48(I)CAN(I)
CO,Euphorbia esula,Euphorbia esula,List B Noxious Weeds,EUES,L48(I)CAN(I)
CO,Euphorbia myrsinites,Euphorbia myrsinites,List A Noxious Weeds,EUMY2,L48(I)CAN(I)
CO,Halogeton glomeratus,Halogeton glomeratus,List C Noxious Weeds,HAGL,L48(I)
CO,Hesperis matronalis,Hesperis matronalis,List B Noxious Weeds,HEMA3,L48(I)AK(I)CAN(I)
CO,Hibiscus trionum,Hibiscus trionum,List B Noxious Weeds,HITR,L48(I)CAN(I)
CO,Hieracium aurantiacum,Hieracium aurantiacum,List A Noxious Weeds,HIAU,L48(I)AK(I)CAN(I)SPM(I)
CO,Hydrilla verticillata,Hydrilla verticillata,List A Noxious Weeds,HYVE3,L48(I)
CO,Hyoscyamus niger,Hyoscyamus niger,List B Noxious Weeds,HYNI,L48(I)CAN(I)
CO,Hypericum perforatum,Hypericum perforatum,List C Noxious Weeds,HYPE,L48(I)HI(I)CAN(I)SPM(I)
CO,Isatis tinctoria,Isatis tinctoria,List A Noxious Weeds,ISTI,L48(I)CAN(W)
CO,Lepidium latifolium,Lepidium latifolium,List B Noxious Weeds,LELA2,L48(I)CAN(I)
CO,Linaria dalmatica,Linaria dalmatica,List B Noxious Weeds,LIDA,L48(I)CAN(I)
CO,Linaria genistifolia,Linaria genistifolia,List B Noxious Weeds,LIGE,L48(I)
CO,Linaria vulgaris,Linaria vulgaris,List B Noxious Weeds,LIVU2,L48(I)AK(I)CAN(I)GL(I)SPM(I)
CO,Linaria vulgaris x dalmatica,Linaria vulgaris x dalmatica,List B Noxious Weeds,,
CO,Lythrum salicaria,Lythrum salicaria,List A Noxious Weeds,LYSA2,L48(I)CAN(I)SPM(I)
CO,Marticaria perforata,Matricaria perforata,List B Noxious Weeds,TRPE21,
CO,Myriophyllum aquaticum,Myriophyllum aquaticum,List A Noxious Weeds,MYAQ2,L48(I)HI(I)CAN(I)
CO,Myriophyllum spicatum,Myriophyllum spicatum,List B Noxious Weeds,MYSP2,L48(I)AK(I)CAN(I)
CO,Onopordum acanthium,Onopordum acanthium,List B Noxious Weeds,ONAC,L48(I)CAN(W)
CO,O. tauricum,Onopordum tauricum,List B Noxious Weeds,ONTA,L48(I)
CO,Panicum miliaceum,Panicum miliaceum,List C Noxious Weeds,PAMI2,L48(I)HI(I)PR(I)VI(I)CAN(I)
CO,Peganum harmala,Peganum harmala,List A Noxious Weeds,PEHA,L48(I)
CO,Poa bulbosa,Poa bulbosa,List C Noxious Weeds,POBU,L48(I)
CO,Polygonum cuspidatum,Polygonum cuspidatum,List A Noxious Weeds,POCU6,L48(I)AK(I)CAN(I)SPM(I)
CO,Polygonum sachalinense,Polygonum sachalinense,List A Noxious Weeds,POSA4,L48(I)AK(I)CAN(I)
CO,Polygonum x bohemicum,Polygonum x bohemicum,List A Noxious Weeds,POBO10,CAN(I)NA(I)
CO,Potentilla recta,Potentilla recta,List B Noxious Weeds,PORE5,L48(I)CAN(I)
CO,Salvia aethiopis,Salvia aethiopis,List A Noxious Weeds,SAAE,L48(I)
CO,Salvinia molesta,Salvinia molesta,List A Noxious Weeds,SAMO5,L48(I)HI(I)
CO,Saponaria officinalis,Saponaria officinalis,List B Noxious Weeds,SAOF4,L48(I)CAN(I)
CO,Senecio jacobaea,Senecio jacobaea,List A Noxious Weeds,SEJA,L48(I)CAN(I)SPM(I)
CO,Sonchus arvensis,Sonchus arvensis,List C Noxious Weeds,SOAR2,L48(I)AK(I)CAN(I)SPM(I)
CO,Sorghum halepense,Sorghum halepense,List C Noxious Weeds,SOHA,L48(I)HI(I)PR(I)CAN(I)
CO,Taeniatherum caput-medusae,Taeniatherum caput-medusae,List A Noxious Weeds,TACA8,L48(I)
CO,Tamarix chinensis,Tamarix chinensis,List B Noxious Weeds,TACH2,L48(I)
CO,Tamarix parviflora,Tamarix parviflora,List B Noxious Weeds,TAPA4,L48(I)
CO,Tamarix ramosissima,Tamarix ramosissima,List B Noxious Weeds,TARA,L48(I)
CO,Tanacetum vulgare,Tanacetum vulgare,List B Noxious Weeds,TAVU,L48(I)AK(I)HI(I)CAN(I)SPM(I)
CO,Tribulus terrestris,Tribulus terrestris,List C Noxious Weeds,TRTE,L48(I)HI(I)CAN(W)
CO,Verbascum blattaria,Verbascum blattaria,List B Noxious Weeds,VEBL,L48(I)HI(I)CAN(I)
CO,Verbascum thapsus,Verbascum thapsus,List C Noxious Weeds,VETH,L48(I)AK(I)HI(I)CAN(I)
CT,Acer pseudoplatanus,Acer pseudoplatanus,Noxious Weeds,ACPS,L48(I)CAN(I)
CT,Aegopodium podagraia,Aegopodium podagraria,Noxious Weeds,AEPO,L48(I)CAN(I)SPM(I)
CT,Ailanthus altissima,Ailanthus altissima,Noxious Weeds,AIAL,L48(I)HI(I)CAN(I)
CT,Alliaria petiolata,Alliaria petiolata,Noxious Weeds,ALPE4,L48(I)AK(I)CAN(I)
CT,Amorpha fruticosa,Amorpha fruticosa,Noxious Weeds,AMFR,L48(N)CAN(N)
CT,Anthraxon hispidus,Arthraxon hispidus,Noxious Weeds,ARHI3,L48(I)HI(I)
CT,Berberis vulgaris,Berberis vulgaris,Noxious Weeds,BEVU,L48(I)CAN(I)
CT,Bromus tectorum,Bromus tectorum,Noxious Weeds,BRTE,L48(I)AK(I)HI(I)CAN(I)GL(I)
CT,Butomus umbellatus,Butomus umbellatus,Noxious Weeds,BUUM,L48(I)CAN(I)
CT,Cabomba caroliniana,Cabomba caroliniana,Noxious Weeds,CACA,L48(N)CAN(N)
CT,Callitriche stagnalis,Callitriche stagnalis,Noxious Weeds,CAST,L48(I)CAN(I)SPM(I)
CT,Cardamine impatiens,Cardamine impatiens,Noxious Weeds,CAIM,L48(I)CAN(I)
CT,Carex kobomugi,Carex kobomugi,Noxious Weeds,CAKO2,L48(I)
CT,Celastrus orbiculatus,Celastrus orbiculatus,Noxious Weeds,CEOR7,L48(I)CAN(I)
CT,Centaurea biebersteinii,Centaurea biebersteinii,Noxious Weeds,CESTM,
CT,Cirsium arvense,Cirsium arvense,Noxious Weeds,CIAR4,L48(I)AK(I)CAN(I)GL(I)SPM(I)
CT,Cynanchum louiseae,Cynanchum louiseae,Noxious Weeds,CYLO11,L48(I)CAN(I)
CT,Cynanchum rossicum,Cynanchum rossicum,Noxious Weeds,CYRO8,L48(I)CAN(I)
CT,Datura stramonium,Datura stramonium,Noxious Weeds,DAST,L48(I)HI(I)PR(I)VI(I)CAN(I)
CT,Egeria densa,Egeria densa,Noxious Weeds,EGDE,L48(I)HI(I)PR(I)CAN(W)
CT,Elaeagnus umbellata,Elaeagnus umbellata,Noxious Weeds,ELUM,L48(I)HI(I)CAN(I)
CT,Eleagnus angustifolia,Elaeagnus angustifolia,Noxious Weeds,ELAN,L48(I)CAN(I)
CT,Elsholtzia ciliata,Elsholtzia ciliata,Noxious Weeds,ELCI,L48(I)CAN(I)
CT,Euphorbia cyparissias,Euphorbia cyparissias,Noxious Weeds,EUCY2,L48(I)CAN(I)
CT,Euphorbia esula,Euphorbia esula,Noxious Weeds,EUES,L48(I)CAN(I)
CT,Froelichia gracilis,Froelichia gracilis,Noxious Weeds,FRGR3,L48(N)CAN(I)
CT,Glechoma hederacea,Glechoma hederacea,Noxious Weeds,GLHE2,L48(I)AK(I)CAN(I)
CT,Glyceria maxima,Glyceria maxima,Noxious Weeds,GLMA3,L48(I)CAN(I)
CT,Heracleum mantegazzianum,Heracleum mantegazzianum,Noxious Weeds,HEMA17,L48(I)CAN(I)
CT,Hesperis matronalis,Hesperis matronalis,Noxious Weeds,HEMA3,L48(I)AK(I)CAN(I)
CT,Humulus japonicus,Humulus japonicus,Noxious Weeds,HUJA,L48(I)CAN(I)
CT,Hydrilla verticillata,Hydrilla verticillata,Noxious Weeds,HYVE3,L48(I)
CT,Impatiens glandulifera,Impatiens glandulifera,Noxious Weeds,IMGL,L48(I)CAN(I)
CT,Iris pseudacorus,Iris pseudacorus,Noxious Weeds,IRPS,L48(I)CAN(I)
CT,Kochia scoparia,Kochia scoparia,Noxious Weeds,BASC5,
CT,Lepidium latifolium,Lepidium latifolium,Noxious Weeds,LELA2,L48(I)CAN(I)
CT,Ligustrum obtusifolium,Ligustrum obtusifolium,Noxious Weeds,LIOB,L48(I)
CT,Lonicera japonica,Lonicera japonica,Noxious Weeds,LOJA,L48(I)HI(I)PR(I)CAN(I)
CT,Lonicera maackii,Lonicera maackii,Noxious Weeds,LOMA6,L48(I)CAN(I)
CT,Lonicera morrowii,Lonicera morrowii,Noxious Weeds,LOMO2,L48(I)CAN(I)
CT,Lonicera tatarica,Lonicera tatarica,Noxious Weeds,LOTA,L48(I)AK(I)CAN(I)
CT,Lonicera x bella,Lonicera x bella,Noxious Weeds,LOBE,L48(I)CAN(I)
CT,Lonicera xylosteum,Lonicera xylosteum,Noxious Weeds,LOXY,L48(I)CAN(I)
CT,Lychnis flos-cuculi,Lychnis flos-cuculi,Noxious Weeds,LYFL3,L48(I)CAN(I)
CT,Lysimachia vulgaris,Lysimachia vulgaris,Noxious Weeds,LYVU,L48(I)CAN(I)
CT,Lythrum salicaria,Lythrum salicaria,Noxious Weeds,LYSA2,L48(I)CAN(I)SPM(I)
CT,Marsilea quadrifolia,Marsilea quadrifolia,Noxious Weeds,MAQU,L48(I)CAN(N)
CT,Microstegium vimineum,Microstegium vimineum,Noxious Weeds,MIVI,L48(I)PR(I)
CT,Myosotis scorpiodes,Myosotis scorpioides,Noxious Weeds,MYSC,L48(I)AK(I)CAN(I)SPM(I)
CT,Myriophyllum aquaticum,Myriophyllum aquaticum,Noxious Weeds,MYAQ2,L48(I)HI(I)CAN(I)
CT,Myriophyllum heterophyllum,Myriophyllum heterophyllum,Noxious Weeds,MYHE2,L48(N)CAN(N)
CT,Myriophyllum spicatum,Myriophyllum spicatum,Noxious Weeds,MYSP2,L48(I)AK(I)CAN(I)
CT,Najas minor,Najas minor,Noxious Weeds,NAMI,L48(I)CAN(I)
CT,Nelumbo lutea,Nelumbo lutea,Noxious Weeds,NELU,L48(N)CAN(N)
CT,Nymphoides peltata,Nymphoides peltata,Noxious Weeds,NYPE,L48(I)CAN(I)
CT,Onopordum acanthium,Onopordum acanthium,Noxious Weeds,ONAC,L48(I)CAN(W)
CT,Paulownia tomentosa,Paulownia tomentosa,Noxious Weeds,PATO2,L48(I)
CT,Phragmites australis,Phragmites australis,Noxious Weeds,PHAU7,"L48(I,N)HI(I)CAN(N)"
CT,Poa compressa,Poa compressa,Noxious Weeds,POCO,L48(I)AK(I)HI(I)CAN(I)SPM(I)
CT,Polygonum caespitosum,Polygonum caespitosum,Noxious Weeds,POCE4,
CT,Polygonum cuspidatum,Polygonum cuspidatum,Noxious Weeds,POCU6,L48(I)AK(I)CAN(I)SPM(I)
CT,Polygonum perfoliatum,Polygonum perfoliatum,Noxious Weeds,POPE10,L48(I)
CT,Polygonum sachelinense,Polygonum sachalinense,Noxious Weeds,POSA4,L48(I)AK(I)CAN(I)
CT,Populus alba,Populus alba,Noxious Weeds,POAL7,L48(I)CAN(I)
CT,Potamogeton crispus,Potamogeton crispus,Noxious Weeds,POCR3,L48(I)CAN(I)
CT,Pueraria montana,Pueraria montana,Noxious Weeds,PUMO,L48(I)HI(I)
CT,Ranunculus ficaria,Ranunculus ficaria,Noxious Weeds,RAFI,L48(I)CAN(I)
CT,Rhamnus cathartica,Rhamnus cathartica,Noxious Weeds,RHCA3,L48(I)CAN(I)
CT,Rorippa microphylla,Rorippa microphylla,Noxious Weeds,NAMI2,
CT,Rorippa nasturtium-aquaticum,Rorippa nasturtium-aquaticum,Noxious Weeds,NAOF,
CT,Rosa multiflora,Rosa multiflora,Noxious Weeds,ROMU,L48(I)CAN(I)
CT,Rubus phoenicolasius,Rubus phoenicolasius,Noxious Weeds,RUPH,L48(I)
CT,Rumux acetosella,Rumex acetosella,Noxious Weeds,RUAC3,L48(I)AK(I)HI(I)CAN(I)GL(I)SPM(I)
CT,Salvinia molesta,Salvinia molesta,Noxious Weeds,SAMO5,L48(I)HI(I)
CT,Senecio jacobaea,Senecio jacobaea,Noxious Weeds,SEJA,L48(I)CAN(I)SPM(I)
CT,Silphium perfoliatum,Silphium perfoliatum,Noxious Weeds,SIPE2,L48(N)CAN(N)
CT,Solanum dulcamara,Solanum dulcamara,Noxious Weeds,SODU,L48(I)CAN(I)
CT,Trapa natans,Trapa natans,Noxious Weeds,TRNA,L48(I)CAN(I)
CT,Tussilago farfara,Tussilago farfara,Noxious Weeds,TUFA,L48(I)CAN(I)SPM(I)
CT,Valeriana officinalis,Valeriana officinalis,Noxious Weeds,VAOF,L48(I)CAN(I)
DE,Amaranthus palmeri,Amaranthus palmeri,Noxious Weeds,AMPA,L48(N)CAN(I)
DE,Ambrosia trifida,Ambrosia trifida,Noxious Weeds,AMTR,L48(N)CAN(N)
DE,Cirsium arvense,Cirsium arvense,Noxious Weeds,CIAR4,L48(I)AK(I)CAN(I)GL(I)SPM(I)
DE,Sicyos angulatus,Sicyos angulatus,Noxious Weeds,SIAN,L48(N)CAN(N)
DE,Sorghum halepense,Sorghum halepense,Noxious Weeds,SOHA,L48(I)HI(I)PR(I)CAN(I)
DE,Uruchloa texana,Urochloa texana,Noxious Weeds,URTE2,L48(N)
FL,Abrus precatorius,Abrus precatorius,Noxious Weeds,ABPR3,L48(I)HI(I)PR(I)VI(I)
FL,Aeginetia spp.,Aeginetia spp.,Noxious Weeds,NA,
FL,Ageratina adenophora,Ageratina adenophora,Noxious Weeds,AGAD2,L48(I)HI(I)
FL,Alectra spp.,Alectra aspera,Noxious Weeds,ALFL2,
FL,Alternanthera philoxeroides,Alternanthera philoxeroides,Noxious Weeds,ALPH,L48(I)PR(I)
FL,Alternanthera sessilis,Alternanthera sessilis,Noxious Weeds,ALSE4,L48(I)HI(I)PR(N)VI(N)
FL,Ardisia crenata,Ardisia crenata,Noxious Weeds,ARCR80,L48(I)HI(I)
FL,Ardisia elliptica,Ardisia elliptica,Noxious Weeds,AREL4,L48(I)HI(I)
FL,Asphodelus fistulosus,Asphodelus fistulosus,Noxious Weeds,ASFI2,L48(I)
FL,Avena sterilis,Avena sterilis,Noxious Weeds,AVST,L48(I)CAN(W)
FL,Borreria alata,Borreria alata,Noxious Weeds,SPAL3,
FL,Carthamus oxyacantha,Carthamus oxyacantha,Noxious Weeds,CAOX6,
FL,Casuarina cunninghamiana,Casuarina cunninghamiana,Noxious Weeds,CACU8,L48(I)PR(I)
FL,Casuarina equisetifolia,Casuarina equisetifolia,Noxious Weeds,CAEQ,L48(I)HI(I)PR(I)VI(I)
FL,Casuarina glauca,Casuarina glauca,Noxious Weeds,CAGL11,L48(I)HI(I)
FL,Chrysopogon aciculatus,Chrysopogon aciculatus,Noxious Weeds,CHAC,L48(I)HI(I)
FL,Colubrina asiatica,Colubrina asiatica,Noxious Weeds,COAS3,L48(I)HI(I)
FL,Commelina benghalensis,Commelina benghalensis,Noxious Weeds,COBE2,L48(I)HI(I)PR(I)
FL,Crassula helmsii,Crassula helmsii,Noxious Weeds,CRHE5,
FL,Crupina vulgaris,Crupina vulgaris,Noxious Weeds,CRVU2,L48(I)
FL,Cupaniopsis anacardioides,Cupaniopsis anacardioides,Noxious Weeds,CUAN4,L48(I)
FL,Cuscuta spp.,Cuscuta spp.,Noxious Weeds,NA,
FL,Digitaria scalarum,Digitaria scalarum,Noxious Weeds,DIAB,
FL,Digitaria velutina,Digitaria velutina,Noxious Weeds,DIVE2,L48(I)
FL,Dioscorea alata,Dioscorea alata,Noxious Weeds,DIAL2,L48(I)PR(I)VI(I)
FL,Dioscorea bulbifera,Dioscorea bulbifera,Noxious Weeds,DIBU,L48(I)HI(I)PR(I)
FL,Dolichandra unguis-cati,Dolichandra unguis-cati,Noxious Weeds,,
FL,Drymaria arenarioides,Drymaria arenarioides,Noxious Weeds,DRAR7,
FL,Eichhornia spp.,Eichhornia spp.,Noxious Weeds,NA,
FL,Emex australis,Emex australis,Noxious Weeds,EMAU,L48(I)
FL,Emex spinosa,Emex spinosa,Noxious Weeds,EMSP,L48(I)HI(I)
FL,Euphorbia prunifolia,Euphorbia prunifolia,Noxious Weeds,EUHE4,
FL,Galega officinalis,Galega officinalis,Noxious Weeds,GAOF,L48(I)CAN(I)
FL,Heracleum mantegazzianum,Heracleum mantegazzianum,Noxious Weeds,HEMA17,L48(I)CAN(I)
FL,Hydrilla verticillata,Hydrilla verticillata,Noxious Weeds,HYVE3,L48(I)
FL,Imperata brasiliensis,Imperata brasiliensis,Noxious Weeds,IMBR,L48(I)PR(I)
FL,Imperata cylindrica,Imperata cylindrica,Noxious Weeds,IMCY,L48(I)
FL,Ipomoea aquatica,Ipomoea aquatica,Noxious Weeds,IPAQ,L48(I)HI(I)PR(I)
FL,Ipomoea fistulosa,Ipomoea fistulosa,Noxious Weeds,IPCAF,
FL,Ipomoea triloba,Ipomoea triloba,Noxious Weeds,IPBA2,
FL,Ipomoea triloba,Ipomoea triloba,Noxious Weeds,IPTR2,L48(I)HI(I)PR(N)VI(N)
FL,Ipomoea triloba,Ipomoea triloba,Noxious Weeds,IPBA2,
FL,Ipomoea triloba,Ipomoea triloba,Noxious Weeds,IPTR2,L48(I)HI(I)PR(N)VI(N)
FL,Ischaemum rugosum,Ischaemum rugosum,Noxious Weeds,ISRU,L48(I)
FL,Lagarosiphon spp.,Lagarosiphon spp.,Noxious Weeds,NA,
FL,Leptochloa chinensis,Leptochloa chinensis,Noxious Weeds,LECH2,
FL,Leucaena leucocephala,Leucaena leucocephala,Noxious Weeds,LELE10,L48(I)VI(I)
FL,Ligustrum sinense,Ligustrum sinense,Noxious Weeds,LISI,L48(I)HI(I)PR(I)
FL,Limnocharis flava,Limnocharis flava,Noxious Weeds,LIFL5,
FL,Lonicera japonica,Lonicera japonica,Noxious Weeds,LOJA,L48(I)HI(I)PR(I)CAN(I)
FL,Lycium ferocissimum,Lycium ferocissimum,Noxious Weeds,LYFE4,L48(I)
FL,Lygodium japonicum,Lygodium japonicum,Noxious Weeds,LYJA,L48(I)HI(I)PR(I)
FL,Lygodium microphyllum,Lygodium microphyllum,Noxious Weeds,LYMI,L48(I)
FL,Lythrum salicaria,Lythrum salicaria,Noxious Weeds,LYSA2,L48(I)CAN(I)SPM(I)
FL,Melaleuca quinquenervia,Melaleuca quinquenervia,Noxious Weeds,MEQU,L48(I)HI(I)PR(I)
FL,Melastoma malabathricum,Melastoma malabathricum,Noxious Weeds,MEMA,L48(N)HI(I)
FL,Mikania cordata,Mikania cordata,Noxious Weeds,MICO16,
FL,Mikania micrantha,Mikania micrantha,Noxious Weeds,MIMI5,L48(I)PR(N)
FL,Mimosa invisa,Mimosa invisa,Noxious Weeds,MIDI8,
FL,Mimosa pigra,Mimosa pigra,Noxious Weeds,MIPE2,
FL,Monochoria hastata,Monochoria hastata,Noxious Weeds,MOHA2,
FL,Monochoria vaginalis,Monochoria vaginalis,Noxious Weeds,MOVA,L48(I)HI(I)
FL,Myriophyllum spicatum,Myriophyllum spicatum,Noxious Weeds,MYSP2,L48(I)AK(I)CAN(I)
FL,Nassella trichotoma,Nassella trichotoma,Noxious Weeds,NATR3,L48(I)
FL,Nechamandra alternifolia,Nechamandra alternifolia,Noxious Weeds,NEAL2,
FL,Neyraudia reynaudiana,Neyraudia reynaudiana,Noxious Weeds,NERE,L48(I)
FL,Nymphoides cristata,Nymphoides cristata,Noxious Weeds,NYCR,L48(I)
FL,Nymphoides peltata,Nymphoides peltata,Noxious Weeds,NYPE,L48(I)CAN(I)
FL,Opuntia aurantiaca,Opuntia aurantiaca,Noxious Weeds,OPAU10,
FL,Orobanche spp.,Orobanche spp.,Noxious Weeds,NA,
FL,Oryza longistaminata,Oryza longistaminata,Noxious Weeds,ORLO3,
FL,Oryza punctata,Oryza punctata,Noxious Weeds,ORPU13,
FL,Oryza rufipogon,Oryza rufipogon,Noxious Weeds,ORRU,L48(I)
FL,Paederia cruddasiana,Paederia cruddasiana,Noxious Weeds,PACR15,L48(I)
FL,Paederia foetida,Paederia foetida,Noxious Weeds,PAFO3,L48(I)HI(I)
FL,Paspalum scrobiculatum,Paspalum scrobiculatum,Noxious Weeds,PASC6,L48(I)HI(I)
FL,Pennisetum clandestinum,Pennisetum clandestinum,Noxious Weeds,PECL2,L48(I)HI(I)PR(I)VI(I)
FL,Pennisetum macrourum,Pennisetum macrourum,Noxious Weeds,PEMA80,L48(I)HI(I)
FL,Pennisetum pedicellatum,Pennisetum pedicellatum,Noxious Weeds,PEPE24,L48(I)
FL,Pennisetum polystachyon,Pennisetum polystachyon,Noxious Weeds,PEPO14,
FL,Pontederia rotundifolia,Pontederia rotundifolia,Noxious Weeds,PORO12,
FL,Prosopis spp.,Prosopis spp.,Noxious Weeds,NA,
FL,Pueraria montana,Pueraria montana,Noxious Weeds,PUMO,L48(I)HI(I)
FL,Rhodomyrtus tomentosa,Rhodomyrtus tomentosa,Noxious Weeds,RHTO10,L48(I)HI(I)
FL,Rottboellia cochinchinensis,Rottboellia cochinchinensis,Noxious Weeds,ROCO6,L48(I)PR(I)
FL,Rubus fruticosus,Rubus fruticosus,Noxious Weeds,RUFR80,
FL,Rubus molluccanus,Rubus moluccanus,Noxious Weeds,RUMO4,
FL,Saccharum spontaneum,Saccharum spontaneum,Noxious Weeds,SASP,L48(N)HI(I)PR(I)
FL,Salsola vermiculata,Salsola vermiculata,Noxious Weeds,SAVE6,L48(I)
FL,Salvinia spp.,Salvinia spp.,Noxious Weeds,NA,
FL,Sapium sebiferum,Sapium sebiferum,Noxious Weeds,TRSE6,
FL,Scaevola taccada,Scaevola taccada,Noxious Weeds,SCSET,
FL,Schinus terebinthifolius,Schinus terebinthifolius,Noxious Weeds,SCTE,L48(I)HI(I)PR(I)VI(I)
FL,Setaria pallidefusca,Setaria pallidefusca,Noxious Weeds,SEPUP3,
FL,Solanum tampicense,Solanum tampicense,Noxious Weeds,SOTA3,L48(I)
FL,Solanum torvum,Solanum torvum,Noxious Weeds,SOTO4,L48(I)HI(I)PR(I)VI(I)
FL,Solanum viarum,Solanum viarum,Noxious Weeds,SOVI2,L48(I)
FL,Sparganium erectum,Sparganium erectum,Noxious Weeds,SPER,L48(I)
FL,Stratiotes aloides,Stratiotes aloides,Noxious Weeds,STAL6,
FL,Trapa spp.,Trapa spp.,Noxious Weeds,NA,
FL,Tridax procumbens,Tridax procumbens,Noxious Weeds,TRPR5,L48(I)HI(I)PR(I)VI(I)
FL,Urochloa panicoides,Urochloa panicoides,Noxious Weeds,URPA,L48(I)
FL,Vitex rotundifolia,Vitex rotundifolia,Noxious Weeds,VIRO80,L48(I)HI(N)
FL,Vossia cuspidata,Vossia cuspidata,Noxious Weeds,VOCU,
GA,Agrostemma githago,Agrostemma githago,Restricted Noxious Weed Seed,AGGI,L48(I)AK(I)CAN(I)
GA,Allium spp.,Allium spp.,Restricted Noxious Weed Seed,NA,
GA,Amaranthus spp.,Amaranthus crispus,Restricted Noxious Weed Seed,AMCR2,L48(I)
GA,Brassica spp.,Brassica rapa,Restricted Noxious Weed Seed,BRRA,L48(I)AK(I)HI(I)CAN(I)GL(I)
GA,Bromus commutatus,Bromus commutatus,Restricted Noxious Weed Seed,BRRA2,
GA,Bromus secalinus,Bromus secalinus,Restricted Noxious Weed Seed,BRSE,L48(I)AK(I)HI(I)CAN(I)
GA,Calystegia sepium,Calystegia sepium,Prohibited Noxious Weed Seed,CASE13,"L48(I,N)AK(I)CAN(N)SPM(I)"
GA,Cardiospermum halicacabum,Cardiospermum halicacabum,Prohibited Noxious Weed Seed,CAHA13,L48(I)HI(I)PR(N)VI(N)
GA,Cenchrus spinifex,Cenchrus spinifex,Restricted Noxious Weed Seed,CESP4,L48(N)PR(N)VI(N)
GA,Centaura benedicta,Centaurea benedicta,Restricted Noxious Weed Seed,CNBE,
GA,Cirsium arvense,Cirsium arvense,Restricted Noxious Weed Seed,CIAR4,L48(I)AK(I)CAN(I)GL(I)SPM(I)
GA,Convolvulus arvensis,Convolvulus arvensis,Prohibited Noxious Weed Seed,COAR4,L48(I)HI(I)CAN(I)
GA,Crotalaria spp.,Crotalaria spp.,Prohibited Noxious Weed Seed,NA,
GA,Cuscuta spp.,Cuscuta spp.,Restricted Noxious Weed Seed,NA,
GA,Cynodon dactylon,Cynodon dactylon,Restricted Noxious Weed Seed,CYDA,L48(I)HI(I)PR(I)VI(I)CAN(W)SPM(W)
GA,Cyperus esculentus,Cyperus esculentus,Prohibited Noxious Weed Seed,CYES,"L48(I,N)HI(I)PR(I)VI(I)CAN(I)"
GA,Cyperus esculentus,Cyperus esculentus,Restricted Noxious Weed Seed,CYES,"L48(I,N)HI(I)PR(I)VI(I)CAN(I)"
GA,Cyperus rotundus,Cyperus rotundus,Prohibited Noxious Weed Seed,CYRO,L48(I)HI(I)PR(I)VI(I)
GA,Cyperus rotundus,Cyperus rotundus,Restricted Noxious Weed Seed,CYRO,L48(I)HI(I)PR(I)VI(I)
GA,Elymus repens,Elymus repens,Restricted Noxious Weed Seed,ELRE4,L48(I)AK(I)CAN(I)GL(I)SPM(I)
GA,Helianthus ciliaris,Helianthus ciliaris,Restricted Noxious Weed Seed,HECI,L48(N)
GA,Imperata cylindrica,Imperata cylindrica,Prohibited Noxious Weed Seed,IMCY,L48(I)
GA,Ipomoea alba,Ipomoea alba,Prohibited Noxious Weed Seed,IPAL,L48(N)HI(I)PR(N)VI(N)
GA,Lolium temulentum,Lolium temulentum,Restricted Noxious Weed Seed,LOTE2,L48(I)AK(I)HI(I)CAN(I)
GA,Nassella trichotoma,Nassella trichotoma,Prohibited Noxious Weed Seed,NATR3,L48(I)
GA,Oryza ruftpogon,Oryza rufipogon,Restricted Noxious Weed Seed,ORRU,L48(I)
GA,Paspalum lepton,Paspalum bertonii,Restricted Noxious Weed Seed,PABE11,
GA,Plantago aristate,Plantago aristata,Restricted Noxious Weed Seed,PLAR3,L48(N)HI(I)CAN(I)
GA,Plantago lanceolate,Plantago lanceolata,Restricted Noxious Weed Seed,PLLA,L48(I)AK(I)HI(I)PR(I)CAN(I)GL(I)SPM(I)
GA,Raphamus raphanistrum,Raphanus raphanistrum,Restricted Noxious Weed Seed,RARA2,L48(I)HI(I)CAN(I)GL(I)SPM(I)
GA,Rhaponticum repens,Panicum repens,Restricted Noxious Weed Seed,PARE3,L48(I)HI(I)
GA,Rumex acetosella,Rumex acetosella,Restricted Noxious Weed Seed,RUAC3,L48(I)AK(I)HI(I)CAN(I)GL(I)SPM(I)
GA,Rumex spp.,Rumex spp.,Restricted Noxious Weed Seed,NA,
GA,Setaria faberi,Setaria faberi,Restricted Noxious Weed Seed,SEFA,L48(I)CAN(I)
GA,Sinapis arvensis subsp. arvensis,Sinapis arvensis,Restricted Noxious Weed Seed,SIAR4,L48(I)AK(I)HI(I)VI(I)CAN(I)GL(I)SPM(I)
GA,Solanum carolinense,Solanum carolinense,Restricted Noxious Weed Seed,SOCA3,L48(N)CAN(I)
GA,Solanum elaeagnifolium,Solanum elaeagnifolium,Restricted Noxious Weed Seed,SOEL,L48(N)HI(I)PR(N)
GA,Solanum viarum,Solanum viarum,Prohibited Noxious Weed Seed,SOVI2,L48(I)
GA,Sorghum halepense,Sorghum halepense,Restricted Noxious Weed Seed,SOHA,L48(I)HI(I)PR(I)CAN(I)
GA,Sorghum x aimum,Sorghum almum,Restricted Noxious Weed Seed,SOAL,L48(I)
GA,Urochloa texana,Urochloa texana,Restricted Noxious Weed Seed,URTE2,L48(N)
GA,Xanthium spp.,Xanthium spp.,Prohibited Noxious Weed Seed,NA,
HI,Acacia mearnsii,Acacia mearnsii,Noxious Weeds,ACME80,L48(I)HI(I)
HI,Acaena novae-zelandiae,Acaena novae-zelandiae,Noxious Weeds,ACNO7,L48(I)
HI,Acroptilon repens,Acroptilon repens,Noxious Weeds,ACRE3,L48(I)CAN(I)
HI,Aeschynomene indica,Aeschynomene indica,Noxious Weeds,AEIN,L48(N)PR(N)
HI,Ageratina adenophora,Ageratina adenophora,Noxious Weeds,AGAD2,L48(I)HI(I)
HI,Ageratina riparia,Ageratina riparia,Noxious Weeds,AGRI2,HI(I)
HI,Allium vineale,Allium vineale,Noxious Weeds,ALVI,L48(I)AK(I)CAN(I)
HI,Andropogon bicornis,Andropogon bicornis,Noxious Weeds,ANBI,L48(I)PR(N)VI(N)
HI,Andropogon virginicus,Andropogon virginicus,Noxious Weeds,ANVI2,L48(N)HI(I)PR(N)CAN(N)
HI,Anredera cordifolia,Anredera cordifolia,Noxious Weeds,ANCO6,L48(I)HI(I)PR(I)
HI,Ardisia elliptica,Ardisia elliptica,Noxious Weeds,AREL4,L48(I)HI(I)
HI,Bocconia frutescens,Bocconia frutescens,Noxious Weeds,BOFR2,HI(I)PR(N)
HI,Cardaria pubescens,Cardaria pubescens,Noxious Weeds,CAPU6,L48(I)CAN(I)
HI,Cersus uruguayanus,Cereus uruguayanus,Noxious Weeds,CEHI3,
HI,Chromoleana odorata,Chromolaena odorata,Noxious Weeds,CHOD,L48(N)PR(N)VI(N)
HI,Cirsium arvense,Cirsium arvense,Noxious Weeds,CIAR4,L48(I)AK(I)CAN(I)GL(I)SPM(I)
HI,Clidemia hirta var. hirta,Clidemia hirta var. hirta,Noxious Weeds,CLHIH2,L48(N)
HI,Coccinia grandis,Coccinia grandis,Noxious Weeds,COGR9,L48(I)HI(I)VI(I)
HI,Convolvulus arvensis,Convolvulus arvensis,Noxious Weeds,COAR4,L48(I)HI(I)CAN(I)
HI,Cortaderia jubata,Cortaderia jubata,Noxious Weeds,COJU2,L48(I)HI(I)
HI,Cymbopogon refractus,Cymbopogon refractus,Noxious Weeds,CYRE,L48(I)HI(I)
HI,Cyperus esculentus,Cyperus esculentus,Noxious Weeds,CYES,"L48(I,N)HI(I)PR(I)VI(I)CAN(I)"
HI,Cytisus monspessulanus,Cytisus monspessulanus,Noxious Weeds,GEMO2,
HI,Cytisus scoparius,Cytisus scoparius,Noxious Weeds,CYSC4,L48(I)AK(I)HI(I)CAN(I)
HI,Dichrostachys nutans,Dichrostachys nutans,Noxious Weeds,DICI2,
HI,Elephantopus mollis,Elephantopus mollis,Noxious Weeds,ELMO5,L48(I)HI(I)PR(N)VI(N)
HI,Elytrigia repens,Elytrigia repens,Noxious Weeds,ELRE4,
HI,Emex spinosa,Emex spinosa,Noxious Weeds,EMSP,L48(I)HI(I)
HI,Eriocereus martinii,Eriocereus martinii,Noxious Weeds,HAMA7,
HI,Euphorbia esula,Euphorbia esula,Noxious Weeds,EUES,L48(I)CAN(I)
HI,Grevillea banksii,Grevillea banksii,Noxious Weeds,GRBA,HI(I)
HI,Halogeton glomeratus,Halogeton glomeratus,Noxious Weeds,HAGL,L48(I)
HI,Hyptis pectinata,Hyptis pectinata,Noxious Weeds,HYPE3,L48(I)HI(I)PR(N)VI(N)
HI,Hyptis suaveolens,Hyptis suaveolens,Noxious Weeds,HYSU3,HI(I)PR(N)VI(N)
HI,Imperata cylindrica,Imperata cylindrica,Noxious Weeds,IMCY,L48(I)
HI,Lagascea mollis,Lagascea mollis,Noxious Weeds,LAMO5,L48(I)PR(I)VI(I)
HI,Lepidium latifolium,Lepidium latifolium,Noxious Weeds,LELA2,L48(I)CAN(I)
HI,Malachra alceifolia,Malachra alceifolia,Noxious Weeds,MAAL4,L48(I)HI(I)PR(N)VI(N)
HI,Medinilla venosa,Medinilla venosa,Noxious Weeds,MEVE3,HI(I)
HI,Melastoma spp.,Melastoma spp.,Noxious Weeds,NA,
HI,Miconia spp.,Miconia spp.,Noxious Weeds,NA,
HI,Mikania micanthra,Mikania micrantha,Noxious Weeds,MIMI5,L48(I)PR(N)
HI,Mikania scandens,Mikania scandens,Noxious Weeds,MISC,L48(N)CAN(I)
HI,Mimosa invisa,Mimosa invisa,Noxious Weeds,MIDI8,
HI,Mimosa pigra,Mimosa pigra,Noxious Weeds,MIPE2,
HI,Miscanthus floridulus,Miscanthus floridulus,Noxious Weeds,MIFL3,L48(I)
HI,Montanoa hibiscifolia,Montanoa hibiscifolia,Noxious Weeds,MOHI,HI(I)
HI,Myrica fava,Myrica faya,Noxious Weeds,MOFA,
HI,Oxyspora paniculata,Oxyspora paniculata,Noxious Weeds,OXPA3,HI(I)
HI,Panicum repens,Panicum repens,Noxious Weeds,PARE3,L48(I)HI(I)
HI,Passiflora mollissima,Passiflora mollissima,Noxious Weeds,PATA6,
HI,Passiflora mollissima,Passiflora mollissima,Noxious Weeds,PATRM,
HI,Passiflora mollissima,Passiflora mollissima,Noxious Weeds,PATA6,
HI,Passiflora mollissima,Passiflora mollissima,Noxious Weeds,PATRM,
HI,Passiflora pulchella,Passiflora pulchella,Noxious Weeds,PABI5,
HI,Pennisetum setaceum,Pennisetum setaceum,Noxious Weeds,PESE3,L48(I)HI(I)
HI,Piper aduncum,Piper aduncum,Noxious Weeds,PIAD,L48(N)PR(N)VI(N)
HI,Pittosporum undulatum,Pittosporum undulatum,Noxious Weeds,PIUN2,L48(I)HI(I)
HI,Prosopis juliflora,Prosopis juliflora,Noxious Weeds,PRJU3,HI(I)
HI,Prosopis juliflora,Prosopis juliflora,Noxious Weeds,PRVE,
HI,Prosopis juliflora,Prosopis juliflora,Noxious Weeds,PRJU3,HI(I)
HI,Prosopis juliflora,Prosopis juliflora,Noxious Weeds,PRVE,
HI,Pueraria phaseoloides,Pueraria phaseoloides,Noxious Weeds,PUPH2,HI(I)PR(I)VI(I)
HI,Rhodomyrtus tomentosa,Rhodomyrtus tomentosa,Noxious Weeds,RHTO10,L48(I)HI(I)
HI,Rubus argutus,Rubus argutus,Noxious Weeds,RUAR2,L48(N)HI(I)
HI,Rubus ellipticus var ordatus,Rubus ellipticus var. obcordatus,Noxious Weeds,RUELO,HI(I)
HI,Rubus niveus,Rubus niveus,Noxious Weeds,RUNI4,L48(I)HI(I)
HI,Rubus seiboldii,Rubus sieboldii,Noxious Weeds,RUSI4,HI(I)
HI,Salsola kali,Salsola kali,Noxious Weeds,SAKA,L48(I)CAN(W)SPM(W)
HI,Senecio madagascariensis,Senecio madagascariensis,Noxious Weeds,SEMA15,HI(I)
HI,Solanum carolinense,Solanum carolinense,Noxious Weeds,SOCA3,L48(N)CAN(I)
HI,Solanum elaeagnifolium,Solanum elaeagnifolium,Noxious Weeds,SOEL,L48(N)HI(I)PR(N)
HI,Solanum robustum,Solanum robustum,Noxious Weeds,SORO3,HI(I)
HI,Solanum torvum,Solanum torvum,Noxious Weeds,SOTO4,L48(I)HI(I)PR(I)VI(I)
HI,Sonchus arvensis,Sonchus arvensis,Noxious Weeds,SOAR2,L48(I)AK(I)CAN(I)SPM(I)
HI,Spartium junceum,Spartium junceum,Noxious Weeds,SPJU2,L48(I)HI(I)
HI,Stipa trichotoma,Stipa trichotoma,Noxious Weeds,NATR3,
HI,Striga spp.,Striga spp.,Noxious Weeds,NA,
HI,Themeda villosa,Themeda villosa,Noxious Weeds,THVI2,HI(I)
HI,Tibouchina spp.,Tibouchina spp.,Noxious Weeds,NA,
HI,Triumfetta rhomboidea,Triumfetta rhomboidea,Noxious Weeds,TRRH,L48(I)HI(I)PR(I)VI(I)
HI,Triumfetta semitriloba,Triumfetta semitriloba,Noxious Weeds,TRSE4,L48(N)HI(I)PR(N)VI(N)
HI,Ulex europaeus,Ulex europaeus,Noxious Weeds,ULEU,L48(I)HI(I)CAN(I)
HI,Urena lobata,Urena lobata,Noxious Weeds,URLO,L48(I)HI(I)PR(N)VI(N)
HI,Verbascum thapsus,Verbascum thapsus,Noxious Weeds,VETH,L48(I)AK(I)HI(I)CAN(I)
IA,Amaranthus palmeri,Amaranthus palmeri,Class A Noxious Weed,AMPA,L48(N)CAN(I)
IA,Cirsium vulgare,Cirsium vulgare,Class B Noxious Weed,CIVU,L48(I)AK(I)HI(I)CAN(I)SPM(I)
IA,Cirsium arvense,Cirsium arvense,Class B Noxious Weed,CIAR4,L48(I)AK(I)CAN(I)GL(I)SPM(I)
IA,Carduus spp.,Carduus spp.,Class B Noxious Weed,NA,
IA,Convolvulus arvensis,Convolvulus arvensis,Class B Noxious Weed,COAR4,L48(I)HI(I)CAN(I)
IA,Euphorbia esula,Euphorbia esula,Class B Noxious Weed,EUES,L48(I)CAN(I)
IA,Rosa multiflora,Rosa multiflora,Class B Noxious Weed,ROMU,L48(I)CAN(I)
IA,Dipsacus spp.,Dipsacus spp.,Class B Noxious Weed,NA,
IA,Alliaria petiolata,Alliaria petiolata,Prohibited Invasive Plant,ALPE4,L48(I)AK(I)CAN(I)
IA,Fallopia japonica,Fallopia japonica,Prohibited Invasive Plant,POCU6,
IA,Humulus japonicus,Humulus japonicus,Prohibited Invasive Plant,HUJA,L48(I)CAN(I)
IA,Rosa multiflora,Rosa multiflora,Prohibited Invasive Plant,ROMU,L48(I)CAN(I)
IA,Celastrus orbiculatus,Celastrus orbiculatus,Prohibited Invasive Plant,CEOR7,L48(I)CAN(I)
IA,Lythrum salicaria,Lythrum salicaria,Prohibited Invasive Plant,LYSA2,L48(I)CAN(I)SPM(I)
IA,Lythrum virgatum,Lythrum virgatum,Prohibited Invasive Plant,LYVI3,L48(I)
IA,Amaranthus palmeri,Amaranthus palmeri,Prohibited Invasive Plant,AMPA,L48(N)CAN(I)
IA,Dipsacus spp.,Dipsacus spp.,Prohibited Invasive Plant,NA,
ID,Acroptilon repens,Acroptilon repens,CONTROL,ACRE3,L48(I)CAN(I)
ID,Aegilops cylindrica,Aegilops cylindrica,CONTAINMENT,AECY,L48(I)
ID,Anchusa arvensis,Anchusa arvensis,CONTROLMultiflora Rose,ANAR16,L48(I)CAN(I)
ID,Azolla pinnata,Azolla pinnata,EARLY DETECTION/RAPID RESPONSE,AZPI,L48(I)
ID,Berteroa incana,Berteroa incana,CONTAINMENT,BEIN2,L48(I)AK(I)CAN(I)
ID,Butomus umbellatus,Butomus umbellatus,CONTROL,BUUM,L48(I)CAN(I)
ID,Cardaria draba,Cardaria draba,CONTAINMENT,CADR,L48(I)CAN(I)
ID,Carduus acanthoides,Carduus acanthoides,CONTAINMENT,CAAC,L48(I)CAN(I)
ID,Carduus cinereus,Carduus cinereus,EARLY DETECTION/RAPID RESPONSE,,
ID,Carduus nutans,Carduus nutans,CONTROL,CANU4,L48(I)CAN(I)
ID,Centaurea calcitrapa,Centaurea calcitrapa,EARLY DETECTION/RAPID RESPONSE,CECA2,L48(I)CAN(I)
ID,Centaurea debeauxii,Centaurea debeauxii,CONTROL,CEDE5,
ID,Centaurea diffusa,Centaurea diffusa,CONTAINMENT,CEDI3,L48(I)CAN(I)
ID,Centaurea iberica,Centaurea iberica,EARLY DETECTION/RAPID RESPONSE,CEIB,L48(I)
ID,Centaurea solstitialis,Centaurea solstitialis,CONTAINMENT,CESO3,L48(I)CAN(I)
ID,Centaurea stoebe,Centaurea stoebe,CONTAINMENT,CEST8,L48(I)HI(I)CAN(I)
ID,Centaurea triumfetti,Centaurea triumfettii,EARLY DETECTION/RAPID RESPONSE,CEVIS2,
ID,Chondrilla juncea,Chondrilla juncea,CONTAINMENT,CHJU,L48(I)CAN(I)
ID,Cirsium arvense,Cirsium arvense,CONTAINMENT,CIAR4,L48(I)AK(I)CAN(I)GL(I)SPM(I)
ID,Cobomba caroliniana,Cabomba caroliniana,EARLY DETECTION/RAPID RESPONSE,CACA,L48(N)CAN(N)
ID,Conium maculatum,Conium maculatum,CONTAINMENT,COMA2,L48(I)CAN(I)
ID,Convolvulus arvensis,Convolvulus arvensis,CONTAINMENT,COAR4,L48(I)HI(I)CAN(I)
ID,Crupina vulgaris,Crupina vulgaris,CONTROL,CRVU2,L48(I)
ID,Cynoglossum officinale,Cynoglossum officinale,CONTAINMENT,CYOF,L48(I)CAN(I)
ID,Cytisus scoparius,Cytisus scoparius,CONTROL,CYSC4,L48(I)AK(I)HI(I)CAN(I)
ID,Echium vulgare,Echium vulgare,CONTROL,ECVU,L48(I)AK(I)CAN(W)SPM(I)
ID,Egeria densa,Egeria densa,EARLY DETECTION/RAPID RESPONSE,EGDE,L48(I)HI(I)PR(I)CAN(W)
ID,Eichhornia crassipes,Eichhornia crassipes,EARLY DETECTION/RAPID RESPONSE,EICR,L48(I)HI(I)PR(I)VI(I)CAN(W)
ID,Euphorbia esula,Euphorbia esula,CONTAINMENT,EUES,L48(I)CAN(I)
ID,Galega officinalis,Galega officinalis,EARLY DETECTION/RAPID RESPONSE,GAOF,L48(I)CAN(I)
ID,Heracleum mantegazzianum,Heracleum mantegazzianum,EARLY DETECTION/RAPID RESPONSE,HEMA17,L48(I)CAN(I)
ID,Hieracium aurantiacum,Hieracium aurantiacum,CONTROL,HIAU,L48(I)AK(I)CAN(I)SPM(I)
ID,Hieracium caespitosum,Hieracium caespitosum,CONTROL,HICA10,L48(I)CAN(I)
ID,Hieracium glomeratum,Hieracium glomeratum,EARLY DETECTION/RAPID RESPONSE,HIGL3,L48(I)
ID,Hieracium piloselloides,Hieracium piloselloides,EARLY DETECTION/RAPID RESPONSE,HIPI2,L48(I)CAN(I)
ID,Hydrcharis morsus-ranae,Hydrocharis morsus-ranae,EARLY DETECTION/RAPID RESPONSE,HYMO6,L48(I)CAN(I)
ID,Hydrilla verticillata,Hydrilla verticillata,EARLY DETECTION/RAPID RESPONSE,HYVE3,L48(I)
ID,Hyoscyamus niger,Hyoscyamus niger,CONTROL,HYNI,L48(I)CAN(I)
ID,Impatiens glandulifera,Impatiens glandulifera,EARLY DETECTION/RAPID RESPONSE,IMGL,L48(I)CAN(I)
ID,Imperata cylindrica,Imperata cylindrica,EARLY DETECTION/RAPID RESPONSE,IMCY,L48(I)
ID,Iris pseudacorus,Iris pseudacorus,CONTAINMENT,IRPS,L48(I)CAN(I)
ID,Isatis tinctoria,Isatis tinctoria,CONTROL,ISTI,L48(I)CAN(W)
ID,Lepidium latifolium,Lepidium latifolium,CONTAINMENT,LELA2,L48(I)CAN(I)
ID,Leucanthemum vulgare,Leucanthemum vulgare,CONTAINMENT,LEVU,L48(I)AK(I)HI(I)CAN(I)SPM(I)
ID,Linaria dalmatica ssp. dalmatica,Linaria dalmatica,CONTAINMENT,LIDA,L48(I)CAN(I)
ID,Linaria vulgaris,Linaria vulgaris,CONTAINMENT,LIVU2,L48(I)AK(I)CAN(I)GL(I)SPM(I)
ID,Lythrum salicaria,Lythrum salicaria,CONTAINMENT,LYSA2,L48(I)CAN(I)SPM(I)
ID,Milium vernale,Milium vernale,CONTAINMENT,MIVE3,L48(I)
ID,Myriophyllum aquaticum,Myriophyllum aquaticum,CONTROL,MYAQ2,L48(I)HI(I)CAN(I)
ID,Myriophyllum heterophyllum,Myriophyllum heterophyllum,EARLY DETECTION/RAPID RESPONSE,MYHE2,L48(N)CAN(N)
ID,Myriophyllum spicatum,Myriophyllum spicatum,CONTROL,MYSP2,L48(I)AK(I)CAN(I)
ID,Nardus stricta,Nardus stricta,CONTROL,NAST3,L48(I)CAN(I)GL(I)SPM(I)
ID,Nitellopsis obtusa,Nitellopsis obtusa,EARLY DETECTION/RAPID RESPONSE,,
ID,Nymphoides pelata,Nymphoides peltata,EARLY DETECTION/RAPID RESPONSE,NYPE,L48(I)CAN(I)
ID,Onopordum acanthium,Onopordum acanthium,CONTAINMENT,ONAC,L48(I)CAN(W)
ID,Phragmites australis,Phragmites australis,CONTROL,PHAU7,"L48(I,N)HI(I)CAN(N)"
ID,Polygonum cuspidatum,Polygonum cuspidatum,CONTROL,POCU6,L48(I)AK(I)CAN(I)SPM(I)
ID,Polygonum sachalinense,Polygonum sachalinense,CONTROL,POSA4,L48(I)AK(I)CAN(I)
ID,Polygonum x bohemicum,Polygonum x bohemicum,CONTROL,POBO10,CAN(I)NA(I)
ID,Potamogeton crispus,Potamogeton crispus,CONTAINMENT,POCR3,L48(I)CAN(I)
ID,Salvia aethiopis,Salvia aethiopis,CONTROL,SAAE,L48(I)
ID,Salvinia molesta,Salvinia molesta,EARLY DETECTION/RAPID RESPONSE,SAMO5,L48(I)HI(I)
ID,Senecio jacobaea,Senecio jacobaea,CONTAINMENT,SEJA,L48(I)CAN(I)SPM(I)
ID,Sonchus arvensis,Sonchus arvensis,CONTROL,SOAR2,L48(I)AK(I)CAN(I)SPM(I)
ID,Sorghum halepense,Sorghum halepense,CONTROL,SOHA,L48(I)HI(I)PR(I)CAN(I)
ID,Tamarix sp.,Tamarix sp.,CONTAINMENT,NA,
ID,Trapa natans,Trapa natans,EARLY DETECTION/RAPID RESPONSE,TRNA,L48(I)CAN(I)
ID,Tribulus terrestris,Tribulus terrestris,CONTAINMENT,TRTE,L48(I)HI(I)CAN(W)
ID,Zygophyllum fabago,Zygophyllum fabago,EARLY DETECTION/RAPID RESPONSE,ZYFA,L48(I)
ID,Arundo donax,Arundo donax,Energy Crops,ARDO4,L48(I)HI(I)PR(I)VI(I)
ID,Pueraria montana,Pueraria montana,Energy Crops,PUMO,L48(I)HI(I)
ID,Miscanthus giganteus,Miscanthus x giganteus,Energy Crops,MIGI2,
ID,Jatropha curcus,Jatropha curcas,Energy Crops,JACU2,L48(I)HI(I)PR(I)VI(I)
ID,Solanum sisymbriifolium,Solanum sisymbriifolium,Trap Crops,SOSI,L48(I)CAN(I)
ID,Solanum nigrus,Solanum nigrum,Trap Crops,SONI,L48(I)AK(I)HI(I)VI(I)CAN(I)
ID,Solanum nigrus,Solanum nigrum,Trap Crops,SOPT7,
IL,Ambrosia artemisiifolia,Ambrosia artemisiifolia,Noxious Weeds,AMAR2,"L48(I,N)HI(I)CAN(N)"
IL,Ambrosia trifida,Ambrosia trifida,Noxious Weeds,AMTR,L48(N)CAN(N)
IL,Azolla pinnata,Azolla pinnata,Injurious Aquatic Weeds,AZPI,L48(I)
IL,Butomus umbellatus,Butomus umbellatus,Injurious Aquatic Weeds,BUUM,L48(I)CAN(I)
IL,Carduus nutans,Carduus nutans,Noxious Weeds,CANU4,L48(I)CAN(I)
IL,Caulerpa taxifolia,Caulerpa taxifolia,Injurious Aquatic Weeds,CATA5,L48(I)
IL,Celastrus orbiculatus,Celastrus orbiculatus,Exotic Weeds,CEOR7,L48(I)CAN(I)
IL,Cirsium arvense,Cirsium arvense,Noxious Weeds,CIAR4,L48(I)AK(I)CAN(I)GL(I)SPM(I)
IL,Conium maculatum,Conium maculatum,Exotic Weeds,COMA2,L48(I)CAN(I)
IL,Dipsacus sp.,Dipsacus sp.,Exotic Weeds,NA,
IL,Egeria densa,Egeria densa,Injurious Aquatic Weeds,EGDE,L48(I)HI(I)PR(I)CAN(W)
IL,Eichhornia azurea,Eichhornia azurea,Injurious Aquatic Weeds,EIAZ2,L48(I)PR(I)
IL,Elaeagnus angustifolia,Elaeagnus angustifolia,Exotic Weeds,ELAN,L48(I)CAN(I)
IL,Elaeagnus pungens,Elaeagnus pungens,Exotic Weeds,ELPU2,L48(I)
IL,Elaeagnus umbellata,Elaeagnus umbellata,Exotic Weeds,ELUM,L48(I)HI(I)CAN(I)
IL,Fallopia japonica,Fallopia japonica,Exotic Weeds,POCU6,
IL,Fallopia sachalinensis,Fallopia sachalinensis,Exotic Weeds,POSA4,
IL,Fallopia xbohemica,Fallopia x bohemica,Exotic Weeds,POBO10,
IL,Ficaria verna,Ficaria verna,Exotic Weeds,RAFI,
IL,Heracleum mantegazzianum,Heracleum mantegazzianum,Exotic Weeds,HEMA17,L48(I)CAN(I)
IL,Hydrilla verticillata,Hydrilla verticillata,Injurious Aquatic Weeds,HYVE3,L48(I)
IL,Hydrocharis morsus-ranae,Hydrocharis morsus-ranae,Injurious Aquatic Weeds,HYMO6,L48(I)CAN(I)
IL,Hygrophilia polysperma,Hygrophila polysperma,Injurious Aquatic Weeds,HYPO3,L48(I)
IL,Ipomoea aquatic,Ipomoea aquatica,Injurious Aquatic Weeds,IPAQ,L48(I)HI(I)PR(I)
IL,Iris pseudacorus,Iris pseudacorus,Injurious Aquatic Weeds,IRPS,L48(I)CAN(I)
IL,Lagarosiphon major,Lagarosiphon major,Injurious Aquatic Weeds,LAMA15,
IL,Limnophila sessiliflora,Limnophila sessiliflora,Injurious Aquatic Weeds,LISE3,L48(I)
IL,Lonicera fragrantissima,Lonicera fragrantissima,Exotic Weeds,LOFR,L48(I)
IL,Lonicera japonica,Lonicera japonica,Exotic Weeds,LOJA,L48(I)HI(I)PR(I)CAN(I)
IL,Lonicera maackii,Lonicera maackii,Exotic Weeds,LOMA6,L48(I)CAN(I)
IL,Lonicera morrowii,Lonicera morrowii,Exotic Weeds,LOMO2,L48(I)CAN(I)
IL,Lonicera tatarica,Lonicera tatarica,Exotic Weeds,LOTA,L48(I)AK(I)CAN(I)
IL,Lythrum salicaria,Lythrum salicaria,Exotic Weeds,LYSA2,L48(I)CAN(I)SPM(I)
IL,Monochoria hastate,Monochoria hastata,Injurious Aquatic Weeds,MOHA2,
IL,Monochoria vaginalis,Monochoria vaginalis,Injurious Aquatic Weeds,MOVA,L48(I)HI(I)
IL,Myriophyllum aquaticum,Myriophyllum aquaticum,Injurious Aquatic Weeds,MYAQ2,L48(I)HI(I)CAN(I)
IL,Myriophyllum spicatum,Myriophyllum spicatum,Injurious Aquatic Weeds,MYSP2,L48(I)AK(I)CAN(I)
IL,Najas minor,Najas minor,Injurious Aquatic Weeds,NAMI,L48(I)CAN(I)
IL,Nymphoides peltata,Nymphoides peltata,Injurious Aquatic Weeds,NYPE,L48(I)CAN(I)
IL,Ottelia alismoides,Ottelia alismoides,Injurious Aquatic Weeds,OTAL,L48(I)
IL,Potamogeton crispus,Potamogeton crispus,Injurious Aquatic Weeds,POCR3,L48(I)CAN(I)
IL,Pueraria labata,Pueraria lobata,Noxious Weeds,PUMOL,
IL,Pueraria labata,Pueraria lobata,Exotic Weeds,PUMOL,
IL,Rhamnus arguta,Rhamnus arguta,Exotic Weeds,RHAR6,L48(I)
IL,Rhamnus cathartica,Rhamnus cathartica,Exotic Weeds,RHCA3,L48(I)CAN(I)
IL,Rhamnus davurica,Rhamnus davurica,Exotic Weeds,RHDA,L48(I)CAN(I)
IL,Rhamnus frangula,Rhamnus frangula,Exotic Weeds,FRAL4,
IL,Rhamnus japonica,Rhamnus japonica,Exotic Weeds,RHJA8,L48(I)
IL,Rhamnus utilis,Rhamnus utilis,Exotic Weeds,RHUT80,L48(I)
IL,Rosa multiflora,Rosa multiflora,Exotic Weeds,ROMU,L48(I)CAN(I)
IL,Sagittaria sagittifolia,Sagittaria sagittifolia,Injurious Aquatic Weeds,SASA7,
IL,Salvinia auriculata,Salvinia auriculata,Injurious Aquatic Weeds,SAAU,PR(I)
IL,Salvinia auriculata,Salvinia auriculata,Injurious Aquatic Weeds,SAMI7,
IL,Salvinia auriculata,Salvinia auriculata,Injurious Aquatic Weeds,SAAU,PR(I)
IL,Salvinia auriculata,Salvinia auriculata,Injurious Aquatic Weeds,SAMI7,
IL,Salvinia biloba,Salvinia biloba,Injurious Aquatic Weeds,SABI9,
IL,Salvinia herzogii,Salvinia herzogii,Injurious Aquatic Weeds,SAHE7,
IL,Salvinia molesta,Salvinia molesta,Injurious Aquatic Weeds,SAMO5,L48(I)HI(I)
IL,Sonchus arvense,Sonchus arvensis,Noxious Weeds,SOAR2,L48(I)AK(I)CAN(I)SPM(I)
IL,Sorghum almum,Sorghum almum,Noxious Weeds,SOAL,L48(I)
IL,Sorghum halapense,Sorghum halepense,Noxious Weeds,SOHA,L48(I)HI(I)PR(I)CAN(I)
IL,Sparganium erectum,Sparganium erectum,Injurious Aquatic Weeds,SPER,L48(I)
IL,Stratiotes aloides,Stratiotes aloides,Injurious Aquatic Weeds,STAL6,
IL,Tamarix sp.,Tamarix sp.,Exotic Weeds,NA,
IL,Trapa natans,Trapa natans,Injurious Aquatic Weeds,TRNA,L48(I)CAN(I)
IN,Allium spp.,Allium spp.,Prohibited Noxious Weeds,NA,
IN,Amaranthus hybridus,Amaranthus hybridus,Prohibited Noxious Weeds,AMHY,L48(N)HI(I)CAN(I)
IN,Amaranthus palmeri,Amaranthus palmeri,Prohibited Noxious Weeds,AMPA,L48(N)CAN(I)
IN,Amaranthus powellii,Amaranthus powellii,Prohibited Noxious Weeds,AMPO2,L48(N)CAN(N)
IN,Amaranthus retroflexus,Amaranthus retroflexus,Prohibited Noxious Weeds,AMRE,L48(N)AK(I)HI(I)CAN(I)SPM(I)
IN,Amaranthus rudis,Amaranthus rudis,Prohibited Noxious Weeds,AMTU,
IN,Amaranthus tuberculatus,Amaranthus tuberculatus,Prohibited Noxious Weeds,AMTU,L48(N)CAN(N)
IN,Cirsium arvense,Cirsium arvense,Prohibited Noxious Weeds,CIAR4,L48(I)AK(I)CAN(I)GL(I)SPM(I)
IN,Convolvulus arvensis,Convolvulus arvensis,Prohibited Noxious Weeds,COAR4,L48(I)HI(I)CAN(I)
IN,Conium maculatum,Conium maculatum,Prohibited Noxious Weeds,COMA2,L48(I)CAN(I)
IN,Conyza canadensis,Conyza canadensis,Prohibited Noxious Weeds,COCA5,L48(N)AK(I)HI(I)PR(N)VI(N)CAN(N)SPM(N)
IN,Elymus repens,Elymus repens,Prohibited Noxious Weeds,ELRE4,L48(I)AK(I)CAN(I)GL(I)SPM(I)
IN,Sicyos angulatus,Sicyos angulatus,Prohibited Noxious Weeds,SIAN,L48(N)CAN(N)
IN,Sorghum almum,Sorghum almum,Prohibited Noxious Weeds,SOAL,L48(I)
IN,Sorghum bicolor,Sorghum bicolor,Prohibited Noxious Weeds,SOBI2,L48(I)HI(I)PR(I)VI(I)CAN(I)
IN,Sorghum halepense,Sorghum halepense,Prohibited Noxious Weeds,SOHA,L48(I)HI(I)PR(I)CAN(I)
IN,Sonchus arvensis,Sonchus arvensis,Prohibited Noxious Weeds,SOAR2,L48(I)AK(I)CAN(I)SPM(I)
IN,Agrostemma githago,Agrostemma githago,Restricted Noxious Weeds,AGGI,L48(I)AK(I)CAN(I)
IN,Amaranthus spp.,Amaranthus crispus,Restricted Noxious Weeds,AMCR2,L48(I)
IN,Barbarea vulgaris,Barbarea vulgaris,Restricted Noxious Weeds,BAVU,L48(I)CAN(I)GL(I)SPM(I)
IN,Brassica arvensis,Brassica arvensis,Restricted Noxious Weeds,MOAR6,
IN,Brassica arvensis,Brassica arvensis,Restricted Noxious Weeds,SIARA,
IN,Brassica arvensis,Brassica arvensis,Restricted Noxious Weeds,MOAR6,
IN,Brassica arvensis,Brassica arvensis,Restricted Noxious Weeds,SIARA,
IN,Chrysanthemum leucanthemum,Chrysanthemum leucanthemum,Restricted Noxious Weeds,LEVU,
IN,Cuscuta spp.,Cuscuta spp.,Restricted Noxious Weeds,NA,
IN,Lepidium campestre,Lepidium campestre,Restricted Noxious Weeds,LECA5,L48(I)CAN(I)SPM(I)
IN,Plantago lanceolata,Plantago lanceolata,Restricted Noxious Weeds,PLLA,L48(I)AK(I)HI(I)PR(I)CAN(I)GL(I)SPM(I)
IN,Rumex crispus,Rumex crispus,Restricted Noxious Weeds,RUCR,L48(I)AK(I)HI(I)PR(I)CAN(I)SPM(I)
IN,Setaria faberi,Setaria faberi,Restricted Noxious Weeds,SEFA,L48(I)CAN(I)
IN,Solanum carolinense,Solanum carolinense,Restricted Noxious Weeds,SOCA3,L48(N)CAN(I)
IN,Solanum ptycanthum,Solanum ptycanthum,Restricted Noxious Weeds,SOPT7,L48(N)AK(I)HI(I)VI(I)CAN(N)
IN,Thlaspi arvense,Thlaspi arvense,Restricted Noxious Weeds,THAR5,L48(I)AK(I)CAN(I)GL(I)SPM(I)
IN,Xanthium pensylvanicum,Xanthium pensylvanicum,Restricted Noxious Weeds,XASTC,
IN,Cannabis sativa,Cannabis sativa,Regulated Plants,CASA3,L48(I)HI(I)PR(I)CAN(I)
IN,Lythrum spp.,Lythrum spp.,Regulated Plants,NA,
IN,Pueraria lobata,Pueraria lobata,Regulated Plants,PUMOL,
IN,Rosa multiflora,Rosa multiflora,Regulated Plants,ROMU,L48(I)CAN(I)
IN,Azolla pinnata,Azolla pinnata,Prohibited Invasive Aquatic Plants,AZPI,L48(I)
IN,Butomus umbellatus,Butomus umbellatus,Prohibited Invasive Aquatic Plants,BUUM,L48(I)CAN(I)
IN,Caulerpa taxifolia,Caulerpa taxifolia,Prohibited Invasive Aquatic Plants,CATA5,L48(I)
IN,Egeria densa,Egeria densa,Prohibited Invasive Aquatic Plants,EGDE,L48(I)HI(I)PR(I)CAN(W)
IN,Eichhornia azurea,Eichhornia azurea,Prohibited Invasive Aquatic Plants,EIAZ2,L48(I)PR(I)
IN,Hydrilla verticillata,Hydrilla verticillata,Prohibited Invasive Aquatic Plants,HYVE3,L48(I)
IN,Hydrocharis morsus-ranae,Hydrocharis morsus-ranae,Prohibited Invasive Aquatic Plants,HYMO6,L48(I)CAN(I)
IN,Hygrophila polysperma,Hygrophila polysperma,Prohibited Invasive Aquatic Plants,HYPO3,L48(I)
IN,Ipomoea aquatica,Ipomoea aquatica,Prohibited Invasive Aquatic Plants,IPAQ,L48(I)HI(I)PR(I)
IN,Iris pseudacorus,Iris pseudacorus,Prohibited Invasive Aquatic Plants,IRPS,L48(I)CAN(I)
IN,Lagarosiphon major,Lagarosiphon major,Prohibited Invasive Aquatic Plants,LAMA15,
IN,Limnophila sessiliflora,Limnophila sessiliflora,Prohibited Invasive Aquatic Plants,LISE3,L48(I)
IN,Monochoria hastata,Monochoria hastata,Prohibited Invasive Aquatic Plants,MOHA2,
IN,Monochoria vaginalis,Monochoria vaginalis,Prohibited Invasive Aquatic Plants,MOVA,L48(I)HI(I)
IN,Myriophyllum aquaticum,Myriophyllum aquaticum,Prohibited Invasive Aquatic Plants,MYAQ2,L48(I)HI(I)CAN(I)
IN,Myriophyllum spicatum,Myriophyllum spicatum,Prohibited Invasive Aquatic Plants,MYSP2,L48(I)AK(I)CAN(I)
IN,Najas minor,Najas minor,Prohibited Invasive Aquatic Plants,NAMI,L48(I)CAN(I)
IN,Nitellopsis obtusa,Nitellopsis obtusa,Prohibited Invasive Aquatic Plants,,
IN,Nymphoides peltata,Nymphoides peltata,Prohibited Invasive Aquatic Plants,NYPE,L48(I)CAN(I)
IN,Ottelia alismoides,Ottelia alismoides,Prohibited Invasive Aquatic Plants,OTAL,L48(I)
IN,Potamogeton crispus,Potamogeton crispus,Prohibited Invasive Aquatic Plants,POCR3,L48(I)CAN(I)
IN,Sagittaria sagittifolia,Sagittaria sagittifolia,Prohibited Invasive Aquatic Plants,SASA7,
IN,Salvinia auriculata,Salvinia auriculata,Prohibited Invasive Aquatic Plants,SAAU,PR(I)
IN,Salvinia auriculata,Salvinia auriculata,Prohibited Invasive Aquatic Plants,SAMI7,
IN,Salvinia auriculata,Salvinia auriculata,Prohibited Invasive Aquatic Plants,SAAU,PR(I)
IN,Salvinia auriculata,Salvinia auriculata,Prohibited Invasive Aquatic Plants,SAMI7,
IN,Salvinia biloba,Salvinia biloba,Prohibited Invasive Aquatic Plants,SABI9,
IN,Salvinia herzogii,Salvinia herzogii,Prohibited Invasive Aquatic Plants,SAHE7,
IN,Salvinia molesta,Salvinia molesta,Prohibited Invasive Aquatic Plants,SAMO5,L48(I)HI(I)
IN,Sparganium erectum,Sparganium erectum,Prohibited Invasive Aquatic Plants,SPER,L48(I)
IN,Stratiotes aloides,Stratiotes aloides,Prohibited Invasive Aquatic Plants,STAL6,
IN,Trapa natans,Trapa natans,Prohibited Invasive Aquatic Plants,TRNA,L48(I)CAN(I)
IN,Typha angustifolia,Typha angustifolia,Prohibited Invasive Aquatic Plants,TYAN,"L48(I,N)CAN(N)"
IN,Achyranthes japonica,Achyranthes japonica,Prohibited Invasive Terrestrial Plants,ACJA,L48(I)
IN,Ailanthus altissima,Ailanthus altissima,Prohibited Invasive Terrestrial Plants,AIAL,L48(I)HI(I)CAN(I)
IN,Alliaria petiolata,Alliaria petiolata,Prohibited Invasive Terrestrial Plants,ALPE4,L48(I)AK(I)CAN(I)
IN,Alnus glutinosa,Alnus glutinosa,Prohibited Invasive Terrestrial Plants,ALGL2,L48(I)CAN(I)
IN,Artemisia vulgaris,Artemisia vulgaris,Prohibited Invasive Terrestrial Plants,ARVU,L48(I)AK(I)HI(I)CAN(I)GL(I)
IN,Arthraxon hispidus,Arthraxon hispidus,Prohibited Invasive Terrestrial Plants,ARHI3,L48(I)HI(I)
IN,Berberis thunbergii,Berberis thunbergii,Prohibited Invasive Terrestrial Plants,BETH,L48(I)CAN(I)
IN,Carduus acanthoides,Carduus acanthoides,Prohibited Invasive Terrestrial Plants,CAAC,L48(I)CAN(I)
IN,Carduus nutans,Carduus nutans,Prohibited Invasive Terrestrial Plants,CANU4,L48(I)CAN(I)
IN,Celastrus orbiculatus,Celastrus orbiculatus,Prohibited Invasive Terrestrial Plants,CEOR7,L48(I)CAN(I)
IN,Centaurea stoebe,Centaurea stoebe,Prohibited Invasive Terrestrial Plants,CEST8,L48(I)HI(I)CAN(I)
IN,Cirsium vulgare,Cirsium vulgare,Prohibited Invasive Terrestrial Plants,CIVU,L48(I)AK(I)HI(I)CAN(I)SPM(I)
IN,Conium maculatum,Conium maculatum,Prohibited Invasive Terrestrial Plants,COMA2,L48(I)CAN(I)
IN,Convolvulus arvensis,Convolvulus arvensis,Prohibited Invasive Terrestrial Plants,COAR4,L48(I)HI(I)CAN(I)
IN,Coronilla varia,Coronilla varia,Prohibited Invasive Terrestrial Plants,SEVA4,
IN,Coronilla varia,Coronilla varia,Prohibited Invasive Terrestrial Plants,SEVA4,
IN,Coronilla varia,Coronilla varia,Prohibited Invasive Terrestrial Plants,SEVA4,
IN,Coronilla varia,Coronilla varia,Prohibited Invasive Terrestrial Plants,SEVA4,
IN,Dioscorea polystachya,Dioscorea macrostachya,Prohibited Invasive Terrestrial Plants,DIMA15,
IN,Dipsacus fullonum,Dipsacus fullonum,Prohibited Invasive Terrestrial Plants,DIFU2,L48(I)CAN(I)
IN,Dipsacus laciniatus,Dipsacus laciniatus,Prohibited Invasive Terrestrial Plants,DILA4,L48(I)CAN(I)
IN,Elaeagnus umbellata,Elaeagnus umbellata,Prohibited Invasive Terrestrial Plants,ELUM,L48(I)HI(I)CAN(I)
IN,Euonymus fortunei,Euonymus fortunei,Prohibited Invasive Terrestrial Plants,EUFO5,L48(I)CAN(I)
IN,Euphorbia virgata,Euphorbia virgata,Prohibited Invasive Terrestrial Plants,EUESU,
IN,Frangula alnus,Frangula alnus,Prohibited Invasive Terrestrial Plants,FRAL4,L48(I)CAN(I)
IN,Hesperis matronalis,Hesperis matronalis,Prohibited Invasive Terrestrial Plants,HEMA3,L48(I)AK(I)CAN(I)
IN,Humulus japonicus,Humulus japonicus,Prohibited Invasive Terrestrial Plants,HUJA,L48(I)CAN(I)
IN,Lepidium latifolium,Lepidium latifolium,Prohibited Invasive Terrestrial Plants,LELA2,L48(I)CAN(I)
IN,Lespedeza cuneata,Lespedeza cuneata,Prohibited Invasive Terrestrial Plants,LECU,L48(I)HI(I)CAN(I)
IN,Ligustrum obtusifolium,Ligustrum obtusifolium,Prohibited Invasive Terrestrial Plants,LIOB,L48(I)
IN,Lonicera japonica,Lonicera japonica,Prohibited Invasive Terrestrial Plants,LOJA,L48(I)HI(I)PR(I)CAN(I)
IN,Lonicera maackii,Lonicera maackii,Prohibited Invasive Terrestrial Plants,LOMA6,L48(I)CAN(I)
IN,Lonicera morrowii,Lonicera morrowii,Prohibited Invasive Terrestrial Plants,LOMO2,L48(I)CAN(I)
IN,Lonicera tatarica,Lonicera tatarica,Prohibited Invasive Terrestrial Plants,LOTA,L48(I)AK(I)CAN(I)
IN,Lonicera x bella,Lonicera x bella,Prohibited Invasive Terrestrial Plants,LOBE,L48(I)CAN(I)
IN,Microstegium vimineum,Microstegium vimineum,Prohibited Invasive Terrestrial Plants,MIVI,L48(I)PR(I)
IN,Morus alba,Morus alba,Prohibited Invasive Terrestrial Plants,MOAL,L48(I)HI(I)CAN(I)
IN,Phalaris arundinacea,Phalaris arundinacea,Prohibited Invasive Terrestrial Plants,PHAR3,L48(N)AK(I)CAN(N)SPM(I)
IN,Phellodendron amurense,Phellodendron amurense,Prohibited Invasive Terrestrial Plants,PHAM2,L48(I)CAN(I)
IN,Phragmites australis ssp. australis,Phragmites australis,Prohibited Invasive Terrestrial Plants,PHAU7,"L48(I,N)HI(I)CAN(N)"
IN,Polygonum perfoliatum,Polygonum perfoliatum,Prohibited Invasive Terrestrial Plants,POPE10,L48(I)
IN,Reynoutria japonica,Reynoutria japonica,Prohibited Invasive Terrestrial Plants,POCU6,
IN,Reynoutria sachalinensis,Reynoutria sachalinensis,Prohibited Invasive Terrestrial Plants,POSA4,
IN,Reynoutria x bohemica,Reynoutria x bohemica,Prohibited Invasive Terrestrial Plants,POBO10,
IN,Rhamnus cathartica,Rhamnus cathartica,Prohibited Invasive Terrestrial Plants,RHCA3,L48(I)CAN(I)
IN,Vincetoxicum nigrum,Vincetoxicum nigrum,Prohibited Invasive Terrestrial Plants,CYLO11,
KS,Ambrosia grayii,Ambrosia grayi,Category C noxious weed,AMGR5,L48(N)
KS,Carduus nutans,Carduus nutans,Category C noxious weed,CANU4,L48(I)CAN(I)
KS,Cirsium arvense,Cirsium arvense,Category B noxious weed,CIAR4,L48(I)AK(I)CAN(I)GL(I)SPM(I)
KS,Convolvulus arvensis,Convolvulus arvensis,Category C noxious weed,COAR4,L48(I)HI(I)CAN(I)
KS,Elymus repens,Elymus repens,Category A noxious weed,ELRE4,L48(I)AK(I)CAN(I)GL(I)SPM(I)
KS,Euphorbia virgata,Euphorbia virgata,Category A noxious weed,EUESU,
KS,Hoffmannseggia glauca,Hoffmannseggia glauca,Category A noxious weed,HOGL2,L48(N)
KS,Lepidium draba,Lepidium draba,Category A noxious weed,CADR,
KS,Lespedeza cuneata,Lespedeza cuneata,Category C noxious weed,LECU,L48(I)HI(I)CAN(I)
KS,Pueraria montana variety lobata,Pueraria montana var. lobata,Category A noxious weed,PUMOL,L48(I)HI(I)
KS,Rhaponticum repens,Panicum repens,Category A noxious weed,PARE3,L48(I)HI(I)
KS,Sorghum halepense,Sorghum halepense,Category C noxious weed,SOHA,L48(I)HI(I)PR(I)CAN(I)
LA,Cocos nucifera,Cocos nucifera,Regulated,CONU,L48(I)HI(I)PR(I)VI(I)
LA,Veitchia spp.,Veitchia spp.,Regulated,NA,
LA,Pritchardia spp.,Pritchardia spp.,Regulated,NA,
LA,Arikuryroba schizophylla,Arikuryroba schizophylla,Regulated,,
LA,Corypha elata,Cryptantha elata,Regulated,CREL4,L48(N)
LA,Phoenix reclinata,Phoenix reclinata,Regulated,PHRE,L48(I)
LA,Phoenix canariensis,Phoenix canariensis,Regulated,PHCA13,L48(I)
LA,Phoenix dactylifera,Phoenix dactylifera,Regulated,PHDA4,L48(I)HI(I)
LA,Phoenix sylvestris,Phoenix sylvestris,Regulated,PHSY3,
LA,Chrysalidocarpus cabadae,Chrysalidocarpus cabadae,Regulated,,
LA,Dictyosperma album,Dictyosperma album,Regulated,,
LA,Aiphanes lindeniana,Aiphanes lindeniana,Regulated,,
LA,Allagoptera arenaria,Allagoptera arenaria,Regulated,,
LA,Arenga engleri,Arenga engleri,Regulated,,
LA,Ravenea hildebrandti,Ravenea hildebrandti,Regulated,,
LA,Gaussia attenuata,Gaussia attenuata,Regulated,GAAT,PR(N)
LA,Howeia belmoreana,Howeia belmoreana,Regulated,HOBE2,
LA,Latania spp.,Latania spp.,Regulated,NA,
LA,Livistonia chinensis,Livistona chinensis,Regulated,LICH3,L48(I)HI(I)
LA,Trachycarpus fortune,Trachycarpus fortunei,Regulated,TRFO3,
LA,Hyophorbe verschaffeltii,Hyophorbe verschaffeltii,Regulated,,
LA,Caryota mitis,Caryota mitis,Regulated,CAMI36,L48(I)
LA,Borassus flabellifer,Borassus flabellifer,Regulated,BOFL2,
LA,Nannorrhops ritchiana,Nannorrhops ritchiana,Regulated,,
LA,Neodypsis decaryi,Neodypsis decaryi,Regulated,,
MA,Acer platanoides,Acer platanoides,Noxious weed,ACPL,L48(I)CAN(I)
MA,Acer pseudoplatanus,Acer pseudoplatanus,Noxious weed,ACPS,L48(I)CAN(I)
MA,Aeginetia spp.,Aeginetia spp.,Noxious weed,NA,
MA,Aegopodium podagraria,Aegopodium podagraria,Noxious weed,AEPO,L48(I)CAN(I)SPM(I)
MA,Ageratina adenophora,Ageratina adenophora,Noxious weed,AGAD2,L48(I)HI(I)
MA,Ailanthus altissima,Ailanthus altissima,Noxious weed,AIAL,L48(I)HI(I)CAN(I)
MA,Alectra spp.,Alectra aspera,Noxious weed,ALFL2,
MA,Alliaria petiolata,Alliaria petiolata,Noxious weed,ALPE4,L48(I)AK(I)CAN(I)
MA,Alternanthera sessilis,Alternanthera sessilis,Noxious weed,ALSE4,L48(I)HI(I)PR(N)VI(N)
MA,Ampelopsis brevipedunculata,Ampelopsis brevipedunculata,Noxious weed,AMBR7,L48(I)
MA,Anthriscus sylvestris,Anthriscus sylvestris,Noxious weed,ANSY,L48(I)CAN(I)GL(I)
MA,Arthraxon hispidus,Arthraxon hispidus,Noxious weed,ARHI3,L48(I)HI(I)
MA,Asphodelus fistulosus,Asphodelus fistulosus,Noxious weed,ASFI2,L48(I)
MA,Avena sterilis,Avena sterilis,Noxious weed,AVST,L48(I)CAN(W)
MA,Azolla pinnata,Azolla pinnata,Noxious weed,AZPI,L48(I)
MA,Berberis thunbergii,Berberis thunbergii,Noxious weed,BETH,L48(I)CAN(I)
MA,Berberis vulgaris,Berberis vulgaris,Noxious weed,BEVU,L48(I)CAN(I)
MA,Butomus umbellatus,Butomus umbellatus,Noxious weed,BUUM,L48(I)CAN(I)
MA,Cabomba caroliniana,Cabomba caroliniana,Noxious weed,CACA,L48(N)CAN(N)
MA,Cardamine impatiens,Cardamine impatiens,Noxious weed,CAIM,L48(I)CAN(I)
MA,Carex kobomugi,Carex kobomugi,Noxious weed,CAKO2,L48(I)
MA,Carthamus oxyacanthus,Carthamus oxyacanthus,Noxious weed,CAOX6,L48(I)
MA,C. oxycantha,Carthamus oxyacantha,Noxious weed,CAOX6,
MA,Caulerpa taxifolia,Caulerpa taxifolia,Noxious weed,CATA5,L48(I)
MA,Celastrus orbiculatus,Celastrus orbiculatus,Noxious weed,CEOR7,L48(I)CAN(I)
MA,Centaurea biebersteinii,Centaurea biebersteinii,Noxious weed,CESTM,
MA,C. stoebe ssp. micranthos,Centaurea stoebe,Noxious weed,CEST8,L48(I)HI(I)CAN(I)
MA,Chrysopogon aciculatus,Chrysopogon aciculatus,Noxious weed,CHAC,L48(I)HI(I)
MA,Commelina benghalensis,Commelina benghalensis,Noxious weed,COBE2,L48(I)HI(I)PR(I)
MA,Crupina vulgaris,Crupina vulgaris,Noxious weed,CRVU2,L48(I)
MA,Cuscuta spp. (Non-native),Cuscuta spp.,Noxious weed,NA,
MA,Cynanchum louiseae,Cynanchum louiseae,Noxious weed,CYLO11,L48(I)CAN(I)
MA,Cynanchum rossicum,Cynanchum rossicum,Noxious weed,CYRO8,L48(I)CAN(I)
MA,Cytisus scoparius,Cytisus scoparius,Noxious weed,CYSC4,L48(I)AK(I)HI(I)CAN(I)
MA,Digitaria abyssinica,Digitaria abyssinica,Noxious weed,DIAB,HI(I)
MA,D. scalarum,Digitaria scalarum,Noxious weed,DIAB,
MA,Digitaria velutina,Digitaria velutina,Noxious weed,DIVE2,L48(I)
MA,Drymaria arenarioides,Drymaria arenarioides,Noxious weed,DRAR7,
MA,Egeria densa,Egeria densa,Noxious weed,EGDE,L48(I)HI(I)PR(I)CAN(W)
MA,Elodea densa,Elodea densa,Noxious weed,EGDE,
MA,Anacharis densa,Anacharis densa,Noxious weed,EGDE,
MA,Eichhornia azurea,Eichhornia azurea,Noxious weed,EIAZ2,L48(I)PR(I)
MA,Elaeagnus umbellata,Elaeagnus umbellata,Noxious weed,ELUM,L48(I)HI(I)CAN(I)
MA,Emex australis,Emex australis,Noxious weed,EMAU,L48(I)
MA,Emex spinosa,Emex spinosa,Noxious weed,EMSP,L48(I)HI(I)
MA,Epilobium hirsutum,Epilobium hirsutum,Noxious weed,EPHI,L48(I)CAN(I)
MA,Eragrostis curvula,Eragrostis curvula,Noxious weed,ERCU2,L48(I)HI(I)PR(I)
MA,Euonymus alatus,Euonymus alatus,Noxious weed,EUAL13,L48(I)CAN(I)
MA,Euphorbia cyparissias,Euphorbia cyparissias,Noxious weed,EUCY2,L48(I)CAN(I)
MA,Euphorbia esula,Euphorbia esula,Noxious weed,EUES,L48(I)CAN(I)
MA,Fallopia japonica,Fallopia japonica,Noxious weed,POCU6,
MA,Polygonum cuspidatum,Polygonum cuspidatum,Noxious weed,POCU6,L48(I)AK(I)CAN(I)SPM(I)
MA,Reynoutria japonica,Reynoutria japonica,Noxious weed,POCU6,
MA,Festuca filiformis,Festuca filiformis,Noxious weed,FEFI,L48(I)CAN(I)SPM(I)
MA,Festuca filiformis,Festuca filiformis,Noxious weed,LEPAB,
MA,Festuca filiformis,Festuca filiformis,Noxious weed,FEFI,L48(I)CAN(I)SPM(I)
MA,Festuca filiformis,Festuca filiformis,Noxious weed,LEPAB,
MA,Ficaria verna,Ficaria verna,Noxious weed,RAFI,
MA,Ranunculus ficaria,Ranunculus ficaria,Noxious weed,RAFI,L48(I)CAN(I)
MA,Frangula alnus,Frangula alnus,Noxious weed,FRAL4,L48(I)CAN(I)
MA,Rhamnus frangula,Rhamnus frangula,Noxious weed,FRAL4,
MA,Galega officinalis,Galega officinalis,Noxious weed,GAOF,L48(I)CAN(I)
MA,Glaucium flavum,Glaucium flavum,Noxious weed,GLFL,L48(I)CAN(W)
MA,Glyceria maxima,Glyceria maxima,Noxious weed,GLMA3,L48(I)CAN(I)
MA,Heracleum mantegazzianum,Heracleum mantegazzianum,Noxious weed,HEMA17,L48(I)CAN(I)
MA,Hesperis matronalis,Hesperis matronalis,Noxious weed,HEMA3,L48(I)AK(I)CAN(I)
MA,Homeria spp.,Homeria spp.,Noxious weed,NA,
MA,Moraea spp.,Moraea spp.,Noxious weed,NA,
MA,Humulus japonicus,Humulus japonicus,Noxious weed,HUJA,L48(I)CAN(I)
MA,Hydrilla verticillata,Hydrilla verticillata,Noxious weed,HYVE3,L48(I)
MA,Hygrophila polysperma,Hygrophila polysperma,Noxious weed,HYPO3,L48(I)
MA,Imperata brasiliensis,Imperata brasiliensis,Noxious weed,IMBR,L48(I)PR(I)
MA,Ipomoea aquatica,Ipomoea aquatica,PERMIT REQUIRED,IPAQ,L48(I)HI(I)PR(I)
MA,Iris pseudacorus,Iris pseudacorus,Noxious weed,IRPS,L48(I)CAN(I)
MA,Ischaemum rugosum,Ischaemum rugosum,Noxious weed,ISRU,L48(I)
MA,Lagarosiphon major,Lagarosiphon major,Noxious Weed,LAMA15,
MA,Lepidium latifolium,Lepidium latifolium,Noxious Weed,LELA2,L48(I)CAN(I)
MA,Leptochloa chinensis,Leptochloa chinensis,Noxious Weed,LECH2,
MA,Ligustrum obtusifolium,Ligustrum obtusifolium,Noxious Weed,LIOB,L48(I)
MA,Limnophila sessiliflora,Limnophila sessiliflora,Noxious Weed,LISE3,L48(I)
MA,Lonicera japonica,Lonicera japonica,Noxious Weed,LOJA,L48(I)HI(I)PR(I)CAN(I)
MA,Lonicera maackii,Lonicera maackii,Noxious Weed,LOMA6,L48(I)CAN(I)
MA,Lonicera morrowii,Lonicera morrowii,Noxious Weed,LOMO2,L48(I)CAN(I)
MA,Lonicera tatarica,Lonicera tatarica,Noxious Weed,LOTA,L48(I)AK(I)CAN(I)
MA,Lonicera x bella,Lonicera x bella,Noxious Weed,LOBE,L48(I)CAN(I)
MA,Lycium ferrocissimum,Lycium ferrocissimum,Noxious Weed,LYFE4,
MA,Lysimachia nummularia,Lysimachia nummularia,Noxious Weed,LYNU,L48(I)CAN(I)
MA,Lythrum salicaria,Lythrum salicaria,Noxious Weed,LYSA2,L48(I)CAN(I)SPM(I)
MA,Melaleuca quinquenervia,Melaleuca quinquenervia,Noxious Weed,MEQU,L48(I)HI(I)PR(I)
MA,Melastoma malabathricum,Melastoma malabathricum,Noxious Weed,MEMA,L48(N)HI(I)
MA,Microstegium vimineum,Microstegium vimineum,Noxious Weed,MIVI,L48(I)PR(I)
MA,Mikania cordata,Mikania cordata,Noxious Weed,MICO16,
MA,Mikania micrantha,Mikania micrantha,Noxious Weed,MIMI5,L48(I)PR(N)
MA,Mimosa diplotricha,Mimosa diplotricha,Noxious Weed,MIDI8,L48(I)HI(I)PR(I)
MA,M. invisa,Mimosa invisa,Noxious Weed,MIDI8,
MA,Mimosa pigra,Mimosa pigra,Noxious Weed,MIPE2,
MA,Miscanthus sacchariflorus,Miscanthus sacchariflorus,Noxious Weed,MISA,L48(I)CAN(I)
MA,Monochoria hastata,Monochoria hastata,Noxious Weed,MOHA2,
MA,Monochoria vaginalis,Monochoria vaginalis,Noxious Weed,MOVA,L48(I)HI(I)
MA,Pontederia vaginalis,Pontederia vaginalis,Noxious Weed,MOVA,
MA,Myosotis scorpioides,Myosotis scorpioides,Noxious Weed,MYSC,L48(I)AK(I)CAN(I)SPM(I)
MA,Myriophyllum aquaticum,Myriophyllum aquaticum,Noxious Weed,MYAQ2,L48(I)HI(I)CAN(I)
MA,Myriophyllum heterophyllum,Myriophyllum heterophyllum,Noxious Weed,MYHE2,L48(N)CAN(N)
MA,Myriophyllum spicatum,Myriophyllum spicatum,Noxious Weed,MYSP2,L48(I)AK(I)CAN(I)
MA,Najas minor,Najas minor,Noxious Weed,NAMI,L48(I)CAN(I)
MA,Nassella trichotoma,Nassella trichotoma,Noxious Weed,NATR3,L48(I)
MA,Nymphoides peltata,Nymphoides peltata,Noxious Weed,NYPE,L48(I)CAN(I)
MA,Opuntia aurantiaca,Opuntia aurantiaca,Noxious Weed,OPAU10,
MA,Orobanche spp. (Non-native),Orobanche spp.,Noxious Weed,NA,
MA,Oryza longistaminata,Oryza longistaminata,Noxious Weed,ORLO3,
MA,Oryza punctata,Oryza punctata,Noxious Weed,ORPU13,
MA,Oryza rufipogon,Oryza rufipogon,Noxious Weed,ORRU,L48(I)
MA,Ottelia alismoides,Ottelia alismoides,Noxious Weed,OTAL,L48(I)
MA,Paspalum scrobiculatum,Paspalum scrobiculatum,Noxious Weed,PASC6,L48(I)HI(I)
MA,Pennisetum clandestinum,Pennisetum clandestinum,Noxious Weed,PECL2,L48(I)HI(I)PR(I)VI(I)
MA,Pennisetum macrourum,Pennisetum macrourum,Noxious Weed,PEMA80,L48(I)HI(I)
MA,Pennisetum pedicellatum,Pennisetum pedicellatum,Noxious Weed,PEPE24,L48(I)
MA,Pennisetum polystachyon,Pennisetum polystachyon,Noxious Weed,PEPO14,
MA,Phalaris arundinacea,Phalaris arundinacea,Noxious Weed,PHAR3,L48(N)AK(I)CAN(N)SPM(I)
MA,Phellodendron amurense,Phellodendron amurense,Noxious Weed,PHAM2,L48(I)CAN(I)
MA,Phragmites australis,Phragmites australis,Noxious Weed,PHAU7,"L48(I,N)HI(I)CAN(N)"
MA,Pinus thunbergii,Pinus thunbergii,Noxious Weed,PITH2,L48(I)
MA,Polygonum perfoliatum,Polygonum perfoliatum,Noxious Weed,POPE10,L48(I)
MA,Potamogeton crispus,Potamogeton crispus,Noxious Weed,POCR3,L48(I)CAN(I)
MA,Prosopis pallida,Prosopis pallida,Noxious Weed,PRPA4,L48(I)HI(I)PR(I)VI(I)
MA,Prosopis reptans,Prosopis reptans,Noxious Weed,PRRE2,L48(N)
MA,Prosopis strombulifera,Prosopis strombulifera,Noxious Weed,PRST3,L48(I)
MA,Prosopis velutina,Prosopis velutina,Noxious Weed,PRVE,L48(N)HI(I)
MA,Pueraria montana,Pueraria montana,Noxious Weed,PUMO,L48(I)HI(I)
MA,Ranunculus repens,Ranunculus repens,Noxious Weed,RARE3,L48(I)AK(I)HI(I)CAN(I)GL(I)SPM(I)
MA,Rhamnus cathartica,Rhamnus cathartica,Noxious Weed,RHCA3,L48(I)CAN(I)
MA,Robinia pseudoacacia,Robinia pseudoacacia,Noxious Weed,ROPS,L48(N)CAN(I)
MA,Rorippa amphibia,Rorippa amphibia,Noxious Weed,ROAM,L48(I)CAN(I)
MA,Rosa multiflora,Rosa multiflora,Noxious Weed,ROMU,L48(I)CAN(I)
MA,Rottboellia cochinchinensis,Rottboellia cochinchinensis,Noxious Weed,ROCO6,L48(I)PR(I)
MA,Rubus fruticosus,Rubus fruticosus,Noxious Weed,RUFR80,
MA,Rubus moluccanus,Rubus moluccanus,Noxious Weed,RUMO4,
MA,Rubus phoenicolasius,Rubus phoenicolasius,Noxious Weed,RUPH,L48(I)
MA,Saccharum spontaneum,Saccharum spontaneum,Noxious Weed,SASP,L48(N)HI(I)PR(I)
MA,Sagittaria sagittifolia,Sagittaria sagittifolia,Noxious Weed,SASA7,
MA,Salix atrocinerea,Salix atrocinerea,Noxious Weed,SAAT2,L48(I)CAN(I)
MA,Salix cinerea ssp. oleifolia,Salix cinerea,Noxious Weed,SACI,L48(I)CAN(I)
MA,Salix cinerea,Salix cinerea,Noxious Weed,SACI,L48(I)CAN(I)
MA,Salsola vermiculata,Salsola vermiculata,Noxious Weed,SAVE6,L48(I)
MA,Salvinia auriculata,Salvinia auriculata,Noxious Weed,SAAU,PR(I)
MA,Salvinia auriculata,Salvinia auriculata,Noxious Weed,SAMI7,
MA,Salvinia auriculata,Salvinia auriculata,Noxious Weed,SAAU,PR(I)
MA,Salvinia auriculata,Salvinia auriculata,Noxious Weed,SAMI7,
MA,Salvinia biloba,Salvinia biloba,Noxious Weed,SABI9,
MA,Salvinia herzogii,Salvinia herzogii,Noxious Weed,SAHE7,
MA,Salvinia molesta,Salvinia molesta,Noxious Weed,SAMO5,L48(I)HI(I)
MA,Senecio jacobaea,Senecio jacobaea,Noxious Weed,SEJA,L48(I)CAN(I)SPM(I)
MA,Setaria pallidifusca,Setaria pallidifusca,Noxious Weed,SEPUP3,
MA,Solanum tampicense,Solanum tampicense,Noxious Weed,SOTA3,L48(I)
MA,Solanum torvum,Solanum torvum,Noxious Weed,SOTO4,L48(I)HI(I)PR(I)VI(I)
MA,Solanum viarum,Solanum viarum,Noxious Weed,SOVI2,L48(I)
MA,Sparganium erectum,Sparganium erectum,Noxious Weed,SPER,L48(I)
MA,Spermacoce alata,Spermacoce alata,Noxious Weed,SPAL3,
MA,Striga spp.,Striga spp.,Noxious Weed,NA,
MA,Trapa natans,Trapa natans,Noxious Weed,TRNA,L48(I)CAN(I)
MA,Tridax procumbens,Tridax procumbens,Noxious Weed,TRPR5,L48(I)HI(I)PR(I)VI(I)
MA,Tussilago farfara,Tussilago farfara,Noxious Weed,TUFA,L48(I)CAN(I)SPM(I)
MA,Urochloa panicoides,Urochloa panicoides,Noxious Weed,URPA,L48(I)
MD,Amaranthus palmeri,Amaranthus palmeri,Noxious weed,AMPA,L48(N)CAN(I)
MD,Amaranthus tuberculatus,Amaranthus tuberculatus,Noxious weed,AMTU,L48(N)CAN(N)
MD,A. rudis,Amaranthus rudis,Noxious weed,AMTU,
MD,Carduus spp.,Carduus spp.,Noxious weed,NA,
MD,Cirsium spp.,Cirsium spp.,Noxious weed,NA,
MD,Corydalis incisa,Corydalis incisa,Noxious weed,COIN21,L48(I)
MD,Euonymus fortunei,Euonymus fortunei,Noxious weed,EUFO5,L48(I)CAN(I)
MD,Ficaria verna,Ficaria verna,Noxious weed,RAFI,
MD,Geranium lucidum,Geranium lucidum,Noxious weed,GELU,L48(I)
MD,Iris pseudacorus,Iris pseudacorus,Noxious weed,IRPS,L48(I)CAN(I)
MD,Lonicera maackii,Lonicera maackii,Noxious weed,LOMA6,L48(I)CAN(I)
MD,Sorghum bicolor,Sorghum bicolor,Noxious weed,SOBI2,L48(I)HI(I)PR(I)VI(I)CAN(I)
MD,Sorghum halapense,Sorghum halepense,Noxious weed,SOHA,L48(I)HI(I)PR(I)CAN(I)
ME,Acer ginnala,Acer ginnala,Prohibited,ACGI,L48(I)CAN(I)
ME,Acer platanoides,Acer platanoides,Prohibited,ACPL,L48(I)CAN(I)
ME,Aegopodium podagraria,Aegopodium podagraria,Prohibited,AEPO,L48(I)CAN(I)SPM(I)
ME,Ailanthus altissima,Ailanthus altissima,Prohibited,AIAL,L48(I)HI(I)CAN(I)
ME,Alliaria petiolate,Alliaria petiolata,Prohibited,ALPE4,L48(I)AK(I)CAN(I)
ME,Alnus glutinosa,Alnus glutinosa,Prohibited,ALGL2,L48(I)CAN(I)
ME,Amorpha fruticose,Amorpha fruticosa,Prohibited,AMFR,L48(N)CAN(N)
ME,Ampelopsis glandulosa,Trapeliopsis granulosa,Prohibited,TRGR14,NA(N)
ME,Angelica sylvestris,Angelica sylvestris,Prohibited,ANSY2,CAN(I)NA(I)
ME,Anthriscus sylvestris,Anthriscus sylvestris,Prohibited,ANSY,L48(I)CAN(I)GL(I)
ME,Aralia elata,Aralia elata,Prohibited,AREL8,L48(I)CAN(I)
ME,Artemisia vulgaris,Artemisia vulgaris,Prohibited,ARVU,L48(I)AK(I)HI(I)CAN(I)GL(I)
ME,Berberis thunbergia,Berberis thunbergii,Prohibited,BETH,L48(I)CAN(I)
ME,Berberis vulgaris,Berberis vulgaris,Prohibited,BEVU,L48(I)CAN(I)
ME,Butomus umbellatus,Butomus umbellatus,Prohibited,BUUM,L48(I)CAN(I)
ME,Cabomba caroliniana,Cabomba caroliniana,Aquatic noxious weed,CACA,L48(N)CAN(N)
ME,Celastrus orbiculatus,Celastrus orbiculatus,Prohibited,CEOR7,L48(I)CAN(I)
ME,Egeria densa,Egeria densa,Aquatic noxious weed,EGDE,L48(I)HI(I)PR(I)CAN(W)
ME,Elaeagnus angustifolia,Elaeagnus angustifolia,Prohibited,ELAN,L48(I)CAN(I)
ME,Elaeagnus umbellata,Elaeagnus umbellata,Prohibited,ELUM,L48(I)HI(I)CAN(I)
ME,Euonymus alatus,Euonymus alatus,Prohibited,EUAL13,L48(I)CAN(I)
ME,Euonymus fortunei,Euonymus fortunei,Prohibited,EUFO5,L48(I)CAN(I)
ME,Euphorbia cyparissias,Euphorbia cyparissias,Prohibited,EUCY2,L48(I)CAN(I)
ME,Fallopia baldschuanica,Fallopia baldschuanica,Prohibited,POBA3,
ME,Fallopia japonica,Fallopia japonica,Prohibited,POCU6,
ME,Festuca filiformis,Festuca filiformis,Prohibited,FEFI,L48(I)CAN(I)SPM(I)
ME,Festuca filiformis,Festuca filiformis,Prohibited,LEPAB,
ME,Festuca filiformis,Festuca filiformis,Prohibited,FEFI,L48(I)CAN(I)SPM(I)
ME,Festuca filiformis,Festuca filiformis,Prohibited,LEPAB,
ME,Ficaria verna,Ficaria verna,Prohibited,RAFI,
ME,Frangula alnus,Frangula alnus,Prohibited,FRAL4,L48(I)CAN(I)
ME,Glaucium flavum,Glaucium flavum,Prohibited,GLFL,L48(I)CAN(W)
ME,Glechoma hederacea,Glechoma hederacea,Prohibited,GLHE2,L48(I)AK(I)CAN(I)
ME,Glyceria maxima,Glyceria maxima,Prohibited,GLMA3,L48(I)CAN(I)
ME,Hesperius matronalis,Hesperis matronalis,Prohibited,HEMA3,L48(I)AK(I)CAN(I)
ME,Hippophae rhamnoides,Hippophae rhamnoides,Prohibited,HIRH80,CAN(I)NA(I)
ME,Hydrilla verticillata,Hydrilla verticillata,Aquatic noxious weed,HYVE3,L48(I)
ME,Hydrocharis morsus-ranae,Hydrocharis morsus-ranae,Aquatic noxious weed,HYMO6,L48(I)CAN(I)
ME,Impatiens glandulifera,Impatiens glandulifera,Prohibited,IMGL,L48(I)CAN(I)
ME,Iris pseudacorus,Iris pseudacorus,Prohibited,IRPS,L48(I)CAN(I)
ME,Ligustrum obtusifolium,Ligustrum obtusifolium,Prohibited,LIOB,L48(I)
ME,Ligustrum vulgare,Ligustrum vulgare,Prohibited,LIVU,L48(I)CAN(I)
ME,Lonicera japonica,Lonicera japonica,Prohibited,LOJA,L48(I)HI(I)PR(I)CAN(I)
ME,Lonicera maackii,Lonicera maackii,Prohibited,LOMA6,L48(I)CAN(I)
ME,Lonicera morrowii,Lonicera morrowii,Prohibited,LOMO2,L48(I)CAN(I)
ME,Lonicera tatarica,Lonicera tatarica,Prohibited,LOTA,L48(I)AK(I)CAN(I)
ME,Lonicera xylosteum,Lonicera xylosteum,Prohibited,LOXY,L48(I)CAN(I)
ME,Lythrum salicaria,Lythrum salicaria,Prohibited,LYSA2,L48(I)CAN(I)SPM(I)
ME,Lythrum virgatum,Lythrum virgatum,Prohibited,LYVI3,L48(I)
ME,Microstegium vimineum,Microstegium vimineum,Prohibited,MIVI,L48(I)PR(I)
ME,Miscanthus sacchariflorus,Miscanthus sacchariflorus,Prohibited,MISA,L48(I)CAN(I)
ME,Myriophyllum aquaticum,Myriophyllum aquaticum,Aquatic noxious weed,MYAQ2,L48(I)HI(I)CAN(I)
ME,Myriophyllum heterophyllum,Myriophyllum heterophyllum,Aquatic noxious weed,MYHE2,L48(N)CAN(N)
ME,Myriophyllum spicatum,Myriophyllum spicatum,Aquatic noxious weed,MYSP2,L48(I)AK(I)CAN(I)
ME,Najas minor,Najas minor,Aquatic noxious weed,NAMI,L48(I)CAN(I)
ME,Nymphoides peltata,Nymphoides peltata,Aquatic noxious weed,NYPE,L48(I)CAN(I)
ME,Paulownia tomentosa,Paulownia tomentosa,Prohibited,PATO2,L48(I)
ME,Persicaria perfoliate,Persicaria perfoliata,Prohibited,POPE10,
ME,Petasites japonicus,Petasites japonicus,Prohibited,PEJA3,L48(I)HI(I)CAN(I)
ME,Phalaris arundinacea,Phalaris arundinacea,Prohibited,PHAR3,L48(N)AK(I)CAN(N)SPM(I)
ME,Phellodendron amurense,Phellodendron amurense,Prohibited,PHAM2,L48(I)CAN(I)
ME,Photinia villosa,Photinia villosa,Prohibited,PHVI81,L48(I)
ME,Phragmites australis,Phragmites australis,Prohibited,PHAU7,"L48(I,N)HI(I)CAN(N)"
ME,Phyllostachys aurea,Phyllostachys aurea,Prohibited,PHAU8,L48(I)
ME,Phyllostachys aureosulcata,Phyllostachys aureosulcata,Prohibited,PHAU80,L48(I)
ME,Populus alba,Populus alba,Prohibited,POAL7,L48(I)CAN(I)
ME,Potamogeton crispus,Potamogeton crispus,Aquatic noxious weed,POCR3,L48(I)CAN(I)
ME,Pyrus calleryana,Pyrus calleryana,Prohibited,PYCA80,L48(I)
ME,Ranunculus repens,Ranunculus repens,Prohibited,RARE3,L48(I)AK(I)HI(I)CAN(I)GL(I)SPM(I)
ME,Robinia pseudoacacia,Robinia pseudoacacia,Prohibited,ROPS,L48(N)CAN(I)
ME,Rosa multiflora,Rosa multiflora,Prohibited,ROMU,L48(I)CAN(I)
ME,Rubus phoenicolasius,Rubus phoenicolasius,Prohibited,RUPH,L48(I)
ME,Silphium perfoliatum,Silphium perfoliatum,Prohibited,SIPE2,L48(N)CAN(N)
ME,Sorbus aucuparia,Sorbus aucuparia,Prohibited,SOAU,L48(I)AK(I)CAN(I)SPM(I)
ME,Tussilago farfara,Tussilago farfara,Prohibited,TUFA,L48(I)CAN(I)SPM(I)
ME,Valeriana officinalis,Valeriana officinalis,Prohibited,VAOF,L48(I)CAN(I)
MI,Cabomba caroliniana,Cabomba caroliniana,Prohibited,CACA,L48(N)CAN(N)
MI,Cylindrospermopsis raciborskii,Cylindrospermopsis raciborskii,Prohibited,,
MI,Egeria densa,Egeria densa,Prohibited,EGDE,L48(I)HI(I)PR(I)CAN(W)
MI,Fallopia japonica,Fallopia japonica,Prohibited,POCU6,
MI,Heracleum mantegazzianum,Heracleum mantegazzianum,Prohibited,HEMA17,L48(I)CAN(I)
MI,Hydrilla verticillata,Hydrilla verticillata,Prohibited,HYVE3,L48(I)
MI,Hydrocharis morsus-ranae,Hydrocharis morsus-ranae,Prohibited,HYMO6,L48(I)CAN(I)
MI,Lagarosiphon major,Lagarosiphon major,Prohibited,LAMA15,
MI,Myriophyllum aquaticum,Myriophyllum aquaticum,Prohibited,MYAQ2,L48(I)HI(I)CAN(I)
MI,Nitellopsis obtusa,Nitellopsis obtusa,Prohibited,,
MI,Nymphoides peltata,Nymphoides peltata,Prohibited,NYPE,L48(I)CAN(I)
MI,Salvinia molesta,Salvinia molesta,Prohibited,SAMO5,L48(I)HI(I)
MI,Stratiotes aloides,Stratiotes aloides,Prohibited,STAL6,
MI,Trapa natans,Trapa natans,Prohibited,TRNA,L48(I)CAN(I)
MI,Butomus umbellatus,Butomus umbellatus,Restricted,BUUM,L48(I)CAN(I)
MI,Elaeagnus umbellata,Elaeagnus umbellata,Restricted,ELUM,L48(I)HI(I)CAN(I)
MI,Lythrum salicaria,Lythrum salicaria,Restricted,LYSA2,L48(I)CAN(I)SPM(I)
MI,Myriophyllum spicatum,Myriophyllum spicatum,Restricted,MYSP2,L48(I)AK(I)CAN(I)
MI,Phragmites australis,Phragmites australis,Restricted,PHAU7,"L48(I,N)HI(I)CAN(N)"
MI,Potamogeton crispus,Potamogeton crispus,Restricted,POCR3,L48(I)CAN(I)
MI,Agropyron repens,Agropyron repens,Prohibited Noxious Weed Seed,ELRE4,
MI,Cardaria draba,Cardaria draba,Prohibited Noxious Weed Seed,CADR,L48(I)CAN(I)
MI,Carduus acanthoides,Carduus acanthoides,Prohibited Noxious Weed Seed,CAAC,L48(I)CAN(I)
MI,Carduus nutans,Carduus nutans,Prohibited Noxious Weed Seed,CANU4,L48(I)CAN(I)
MI,Centaurea maculosa,Centaurea maculosa,Prohibited Noxious Weed Seed,CESTM,
MI,Centaurea picris,Centaurea picris,Prohibited Noxious Weed Seed,ACRE3,
MI,Cirsium arvense,Cirsium arvense,Prohibited Noxious Weed Seed,CIAR4,L48(I)AK(I)CAN(I)GL(I)SPM(I)
MI,Cirsium vulgare,Cirsium vulgare,Prohibited Noxious Weed Seed,CIVU,L48(I)AK(I)HI(I)CAN(I)SPM(I)
MI,Convolvulus arvensis,Convolvulus arvensis,Prohibited Noxious Weed Seed,COAR4,L48(I)HI(I)CAN(I)
MI,Convolvulus sepium,Convolvulus sepium,Prohibited Noxious Weed Seed,CASES,
MI,Cuscuta spp,Cuscuta spp,Prohibited Noxious Weed Seed,NA,
MI,Cyperus esculentus,Cyperus esculentus,Prohibited Noxious Weed Seed,CYES,"L48(I,N)HI(I)PR(I)VI(I)CAN(I)"
MI,Euphorbia esula,Euphorbia esula,Prohibited Noxious Weed Seed,EUES,L48(I)CAN(I)
MI,Ipomea sp.,Ipomea sp.,Prohibited Noxious Weed Seed,NA,
MI,Nasella trichoma,Nassella trichotoma,Prohibited Noxious Weed Seed,NATR3,L48(I)
MI,Solanum carolinense,Solanum carolinense,Prohibited Noxious Weed Seed,SOCA3,L48(N)CAN(I)
MI,Sonchus arvensis,Sonchus arvensis,Prohibited Noxious Weed Seed,SOAR2,L48(I)AK(I)CAN(I)SPM(I)
MI,Sorghum halapense,Sorghum halepense,Prohibited Noxious Weed Seed,SOHA,L48(I)HI(I)PR(I)CAN(I)
MI,Tribulus terrestris,Tribulus terrestris,Prohibited Noxious Weed Seed,TRTE,L48(I)HI(I)CAN(W)
MI,Abutilon theophrasti,Abutilon theophrasti,Restricted Noxious Weed Seed,ABTH,L48(I)CAN(I)
MI,Allium canadense,Allium canadense,Restricted Noxious Weed Seed,ALCA3,L48(N)CAN(N)
MI,Allium vineale,Allium vineale,Restricted Noxious Weed Seed,ALVI,L48(I)AK(I)CAN(I)
MI,Avena fatua,Avena fatua,Restricted Noxious Weed Seed,AVFA,L48(I)AK(I)HI(I)CAN(I)
MI,Barbarea vulgaris,Barbarea vulgaris,Restricted Noxious Weed Seed,BAVU,L48(I)CAN(I)GL(I)SPM(I)
MI,Berteroa incana,Berteroa incana,Restricted Noxious Weed Seed,BEIN2,L48(I)AK(I)CAN(I)
MI,Brassica juncea,Brassica juncea,Restricted Noxious Weed Seed,BRJU,L48(I)AK(I)HI(I)PR(I)VI(I)CAN(I)
MI,Brassica nigra,Brassica nigra,Restricted Noxious Weed Seed,BRNI,L48(I)HI(I)CAN(I)
MI,Datura stramonium,Datura stramonium,Restricted Noxious Weed Seed,DAST,L48(I)HI(I)PR(I)VI(I)CAN(I)
MI,Daucus carota,Daucus carota,Restricted Noxious Weed Seed,DACA6,L48(I)PR(I)CAN(I)SPM(I)
MI,Plantago lanceolata,Plantago lanceolata,Restricted Noxious Weed Seed,PLLA,L48(I)AK(I)HI(I)PR(I)CAN(I)GL(I)SPM(I)
MI,Raphanus raphanistrum,Raphanus raphanistrum,Restricted Noxious Weed Seed,RARA2,L48(I)HI(I)CAN(I)GL(I)SPM(I)
MI,Rumex crispus,Rumex crispus,Restricted Noxious Weed Seed,RUCR,L48(I)AK(I)HI(I)PR(I)CAN(I)SPM(I)
MI,Seteria faberii,Setaria faberi,Restricted Noxious Weed Seed,SEFA,L48(I)CAN(I)
MI,Sinapis arvensis,Sinapis arvensis,Restricted Noxious Weed Seed,SIAR4,L48(I)AK(I)HI(I)VI(I)CAN(I)GL(I)SPM(I)
MI,Solanum dulcamara,Solanum dulcamara,Restricted Noxious Weed Seed,SODU,L48(I)CAN(I)
MI,Solanum eleagnifolium,Solanum elaeagnifolium,Restricted Noxious Weed Seed,SOEL,L48(N)HI(I)PR(N)
MI,Solanum nigrum,Solanum nigrum,Restricted Noxious Weed Seed,SONI,L48(I)AK(I)HI(I)VI(I)CAN(I)
MI,Solanum nigrum,Solanum nigrum,Restricted Noxious Weed Seed,SOPT7,
MI,Solanum nigrum,Solanum nigrum,Restricted Noxious Weed Seed,SONI,L48(I)AK(I)HI(I)VI(I)CAN(I)
MI,Solanum nigrum,Solanum nigrum,Restricted Noxious Weed Seed,SOPT7,
MI,Solanum ptycanthum,Solanum ptycanthum,Restricted Noxious Weed Seed,SOPT7,L48(N)AK(I)HI(I)VI(I)CAN(N)
MI,Solanum sarrachoides,Solanum sarrachoides,Restricted Noxious Weed Seed,SOPH,
MI,Thlapsis arvense,Thlaspi arvense,Restricted Noxious Weed Seed,THAR5,L48(I)AK(I)CAN(I)GL(I)SPM(I)
MI,Xanthium strumarium,Xanthium strumarium,Restricted Noxious Weed Seed,XAST,L48(N)HI(I)PR(N)VI(N)CAN(N)
MN,Berberis vulgaris,Berberis vulgaris,Prohibited Control,BEVU,L48(I)CAN(I)
MN,Cardamine impatiens,Cardamine impatiens,Prohibited Control,CAIM,L48(I)CAN(I)
MN,Carduus acanthoides,Carduus acanthoides,Prohibited Control,CAAC,L48(I)CAN(I)
MN,Celastrus orbiculatus,Celastrus orbiculatus,Prohibited Control,CEOR7,L48(I)CAN(I)
MN,Centaurea x moncktonii,Centaurea x moncktonii,Prohibited Control,CEMO6,L48(I)CAN(I)
MN,Centurea stoebe ssp. micranthos,Centaurea stoebe,Prohibited Control,CEST8,L48(I)HI(I)CAN(I)
MN,Cirsium arvense,Cirsium arvense,Prohibited Control,CIAR4,L48(I)AK(I)CAN(I)GL(I)SPM(I)
MN,Conium maculatum,Conium maculatum,Prohibited Control,COMA2,L48(I)CAN(I)
MN,Euphorbia esula,Euphorbia esula,Prohibited Control,EUES,L48(I)CAN(I)
MN,Lythrum salicaria,Lythrum salicaria,Prohibited Control,LYSA2,L48(I)CAN(I)SPM(I)
MN,Phragmites australis ssp. australis,Phragmites australis,Prohibited Control,PHAU7,"L48(I,N)HI(I)CAN(N)"
MN,Polygonum cuspidatum,Polygonum cuspidatum,Prohibited Control,POCU6,L48(I)AK(I)CAN(I)SPM(I)
MN,Polygonum sachalinese,Polygonum sachalinense,Prohibited Control,POSA4,L48(I)AK(I)CAN(I)
MN,Polygonum x bohemicum,Polygonum x bohemicum,Prohibited Control,POBO10,CAN(I)NA(I)
MN,Tanacetum vulgare,Tanacetum vulgare,Prohibited Control,TAVU,L48(I)AK(I)HI(I)CAN(I)SPM(I)
MN,Pastinaca sativa,Pastinaca sativa,Prohibited Control,PASA2,L48(I)AK(I)CAN(W)SPM(W)
MN,Ailanthus altissima,Ailanthus altissima,Prohibited Eradicate,AIAL,L48(I)HI(I)CAN(I)
MN,Amaranthus palmeri,Amaranthus palmeri,Prohibited Eradicate,AMPA,L48(N)CAN(I)
MN,Centaurea diffusa,Centaurea diffusa,Prohibited Eradicate,CEDI3,L48(I)CAN(I)
MN,Centaurea jacea,Centaurea jacea,Prohibited Eradicate,CEJA,L48(I)CAN(I)GL(I)
MN,Centaurea solstitialis,Centaurea solstitialis,Prohibited Eradicate,CESO3,L48(I)CAN(I)
MN,Cyanchum rossicum,Cynanchum rossicum,Prohibited Eradicate,CYRO8,L48(I)CAN(I)
MN,Cynanchum louiseae,Cynanchum louiseae,Prohibited Eradicate,CYLO11,L48(I)CAN(I)
MN,Digitalis lanata,Digitalis lanata,Prohibited Eradicate,DILA3,L48(I)CAN(I)
MN,Dipsacus fullonum,Dipsacus fullonum,Prohibited Eradicate,DIFU2,L48(I)CAN(I)
MN,Dipsacus laciniatus,Dipsacus laciniatus,Prohibited Eradicate,DILA4,L48(I)CAN(I)
MN,Heracleum mantegazzianum,Heracleum mantegazzianum,Prohibited Eradicate,HEMA17,L48(I)CAN(I)
MN,Humulus japonicus,Humulus japonicus,Prohibited Eradicate,HUJA,L48(I)CAN(I)
MN,Linaria dalmatica,Linaria dalmatica,Prohibited Eradicate,LIDA,L48(I)CAN(I)
MN,Lonicera japonica,Lonicera japonica,Prohibited Eradicate,LOJA,L48(I)HI(I)PR(I)CAN(I)
MN,Sorghum halpense,Sorghum halepense,Prohibited Eradicate,SOHA,L48(I)HI(I)PR(I)CAN(I)
MN,Thiadiantha dubia,Thladiantha dubia,Prohibited Eradicate,THDU,L48(I)CAN(I)
MN,Amaranthus palmeri,Amaranthus palmeri,Prohibited Noxious Weed Seeds,AMPA,L48(N)CAN(I)
MN,Cannabis sativa,Cannabis sativa,Prohibited Noxious Weed Seeds,CASA3,L48(I)HI(I)PR(I)CAN(I)
MN,Carduus acanthoides,Carduus acanthoides,Prohibited Noxious Weed Seeds,CAAC,L48(I)CAN(I)
MN,Carduus nutans,Carduus nutans,Prohibited Noxious Weed Seeds,CANU4,L48(I)CAN(I)
MN,Centaurea repens,Centaurea repens,Prohibited Noxious Weed Seeds,ACRE3,
MN,Cirsium arvense,Cirsium arvense,Prohibited Noxious Weed Seeds,CIAR4,L48(I)AK(I)CAN(I)GL(I)SPM(I)
MN,Cirsium vulgare,Cirsium vulgare,Prohibited Noxious Weed Seeds,CIVU,L48(I)AK(I)HI(I)CAN(I)SPM(I)
MN,Convolvulus arvensis,Convolvulus arvensis,Prohibited Noxious Weed Seeds,COAR4,L48(I)HI(I)CAN(I)
MN,Euphorbia esula,Euphorbia esula,Prohibited Noxious Weed Seeds,EUES,L48(I)CAN(I)
MN,Lepidium draba,Lepidium draba,Prohibited Noxious Weed Seeds,CADR,
MN,Sonchus arvensis,Sonchus arvensis,Prohibited Noxious Weed Seeds,SOAR2,L48(I)AK(I)CAN(I)SPM(I)
MN,Agropyron repens,Agropyron repens,Restricted Noxious Weed Seeds,ELRE4,
MN,Berteroa incana,Berteroa incana,Restricted Noxious Weed Seeds,BEIN2,L48(I)AK(I)CAN(I)
MN,Brassica arvensis,Brassica arvensis,Restricted Noxious Weed Seeds,MOAR6,
MN,Brassica arvensis,Brassica arvensis,Restricted Noxious Weed Seeds,SIARA,
MN,Brassica arvensis,Brassica arvensis,Restricted Noxious Weed Seeds,MOAR6,
MN,Brassica arvensis,Brassica arvensis,Restricted Noxious Weed Seeds,SIARA,
MN,Cuscuta spp,Cuscuta spp,Restricted Noxious Weed Seeds,NA,
MN,Plantago lanceolata,Plantago lanceolata,Restricted Noxious Weed Seeds,PLLA,L48(I)AK(I)HI(I)PR(I)CAN(I)GL(I)SPM(I)
MN,Raphanus raphanistrum,Raphanus raphanistrum,Restricted Noxious Weed Seeds,RARA2,L48(I)HI(I)CAN(I)GL(I)SPM(I)
MN,Setaria faberi,Setaria faberi,Restricted Noxious Weed Seeds,SEFA,L48(I)CAN(I)
MN,Solanum carolinense,Solanum carolinense,Restricted Noxious Weed Seeds,SOCA3,L48(N)CAN(I)
MN,Solanum ptycanthum,Solanum ptycanthum,Restricted Noxious Weed Seeds,SOPT7,L48(N)AK(I)HI(I)VI(I)CAN(N)
MN,Thlaspi arvense,Thlaspi arvense,Restricted Noxious Weed Seeds,THAR5,L48(I)AK(I)CAN(I)GL(I)SPM(I)
MN,Lonicera maackii (Rupr.) Herder,Lonicera maackii,Restricted Noxious Weeds,LOMA6,L48(I)CAN(I)
MN,Miscanthus sacchariflorus (Maxim.) Franch,Miscanthus sacchariflorus,Restricted Noxious Weeds,MISA,L48(I)CAN(I)
MN,Lonicera x bella,Lonicera x bella,Restricted Noxious Weeds,LOBE,L48(I)CAN(I)
MN,Robinia pseudoacacia,Robinia pseudoacacia,Restricted Noxious Weeds,ROPS,L48(N)CAN(I)
MN,Rhamnus cathartica,Rhamnus cathartica,Restricted Noxious Weeds,RHCA3,L48(I)CAN(I)
MN,Securigera varia (L.) Lassen,Securigera varia,Restricted Noxious Weeds,SEVA4,L48(I)HI(I)CAN(I)
MN,Alnus glutinosa (L.) Gaertn.,Alnus glutinosa,Restricted Noxious Weeds,ALGL2,L48(I)CAN(I)
MN,Alliaria petiolata (M. Bieb.) Cavara & Grande,Alliaria petiolata,Restricted Noxious Weeds,ALPE4,L48(I)AK(I)CAN(I)
MN,Frangula alnus,Frangula alnus,Restricted Noxious Weeds,FRAL4,L48(I)CAN(I)
MN,Berberis thunbergii DC.,Berberis thunbergii,Restricted Noxious Weeds,BETH,L48(I)CAN(I)
MN,Ficaria verna,Ficaria verna,Restricted Noxious Weeds,RAFI,
MN,Lonicera morrowii A. Gray,Lonicera morrowii,Restricted Noxious Weeds,LOMO2,L48(I)CAN(I)
MN,Rosa multiflora,Rosa multiflora,Restricted Noxious Weeds,ROMU,L48(I)CAN(I)
MN,Ampelopsis brevipedunculata (Maxim.) Trautv.,Ampelopsis brevipedunculata,Restricted Noxious Weeds,AMBR7,L48(I)
MN,Tamarix ramosissima,Tamarix ramosissima,Restricted Noxious Weeds,TARA,L48(I)
MN,Caragana arborescens,Caragana arborescens,Restricted Noxious Weeds,CAAR18,L48(I)AK(I)CAN(I)
MN,Lonicera tatarica,Lonicera tatarica,Restricted Noxious Weeds,LOTA,L48(I)AK(I)CAN(I)
MN,Daucus carota,Daucus carota,Restricted Noxious Weeds,DACA6,L48(I)PR(I)CAN(I)SPM(I)
MN,Euonymus alatus,Euonymus alatus,Restricted Noxious Weeds,EUAL13,L48(I)CAN(I)
MO,Cannabis sativa,Cannabis sativa,Noxious Weed,CASA3,L48(I)HI(I)PR(I)CAN(I)
MO,Carduus nutans,Carduus nutans,Noxious Weed,CANU4,L48(I)CAN(I)
MO,Cirsium arvense,Cirsium arvense,Noxious Weed,CIAR4,L48(I)AK(I)CAN(I)GL(I)SPM(I)
MO,Convolvulus arvensis,Convolvulus arvensis,Noxious Weed,COAR4,L48(I)HI(I)CAN(I)
MO,Dipsacus fullonum,Dipsacus fullonum,Noxious Weed,DIFU2,L48(I)CAN(I)
MO,Dipsacus laciniatus,Dipsacus laciniatus,Noxious Weed,DILA4,L48(I)CAN(I)
MO,Lythrum salicaria,Lythrum salicaria,Noxious Weed,LYSA2,L48(I)CAN(I)SPM(I)
MO,Onopordum acanthium,Onopordum acanthium,Noxious Weed,ONAC,L48(I)CAN(W)
MO,Pueraria lobata,Pueraria lobata,Noxious Weed,PUMOL,
MO,Rosa multiflora,Rosa multiflora,Noxious Weed,ROMU,L48(I)CAN(I)
MO,Centaurea stoebe ssp. micranthos,Centaurea stoebe,Noxious Weed,CEST8,L48(I)HI(I)CAN(I)
MO,Sorghum halepense,Sorghum halepense,County Option Noxious Weed,SOHA,L48(I)HI(I)PR(I)CAN(I)
MS,Commelina benghalensis,Commelina benghalensis,Noxious weed,COBE2,L48(I)HI(I)PR(I)
MS,Egeria densa,Egeria densa,Prohibited aquatic plant,EGDE,L48(I)HI(I)PR(I)CAN(W)
MS,Eichhornia azurea,Eichhornia azurea,Prohibited aquatic plant,EIAZ2,L48(I)PR(I)
MS,Eichhornia crassipes,Eichhornia crassipes,Prohibited aquatic plant,EICR,L48(I)HI(I)PR(I)VI(I)CAN(W)
MS,Hydrilla verticillata,Hydrilla verticillata,Noxious weed,HYVE3,L48(I)
MS,Imperata braziliensis,Imperata brasiliensis,Noxious weed,IMBR,L48(I)PR(I)
MS,Imperata cylindrica,Imperata cylindrica,Noxious weed,IMCY,L48(I)
MS,Melaleuca quinquenervia,Melaleuca quinquenervia,Prohibited aquatic plant,MEQU,L48(I)HI(I)PR(I)
MS,Myriophyllum spicatum,Myriophyllum spicatum,Prohibited aquatic plant,MYSP2,L48(I)AK(I)CAN(I)
MS,Pistia stratiotes,Pistia stratiotes,Prohibited aquatic plant,PIST2,L48(N)HI(I)PR(N)VI(N)
MS,Pueraria montana var. lobata,Pueraria montana var. lobata,Noxious weed,PUMOL,L48(I)HI(I)
MS,Rottboellia cochinchinensis,Rottboellia cochinchinensis,Noxious weed,ROCO6,L48(I)PR(I)
MS,Salvinia molesta,Salvinia molesta,Noxious weed,SAMO5,L48(I)HI(I)
MS,Sapium sebiferum,Sapium sebiferum,Noxious weed,TRSE6,
MS,Solanum viarum,Solanum viarum,Noxious weed,SOVI2,L48(I)
MT,Acroptilon repens,Acroptilon repens,Priority 2B - Noxious weed,ACRE3,L48(I)CAN(I)
MT,Rhaponticum repens,Panicum repens,Priority 2B - Noxious weed,PARE3,L48(I)HI(I)
MT,Berteroa incana,Berteroa incana,Priority 2B - Noxious weed,BEIN2,L48(I)AK(I)CAN(I)
MT,Butomus umbellatus,Butomus umbellatus,Priority 2A - Noxious weed,BUUM,L48(I)CAN(I)
MT,Cardaria draba,Cardaria draba,Priority 2B - Noxious weed,CADR,L48(I)CAN(I)
MT,Lepidium draba,Lepidium draba,Priority 2B - Noxious weed,CADR,
MT,Centaurea diffusa,Centaurea diffusa,Priority 2B - Noxious weed,CEDI3,L48(I)CAN(I)
MT,Centaurea solstitialis,Centaurea solstitialis,Priority 1A - Noxious weed,CESO3,L48(I)CAN(I)
MT,Centaurea stoebe,Centaurea stoebe,Priority 2B - Noxious weed,CEST8,L48(I)HI(I)CAN(I)
MT,C. maculosa,Centaurea maculosa,Priority 2B - Noxious weed,CESTM,
MT,Chondrilla juncea,Chondrilla juncea,Priority 1B - Noxious weed,CHJU,L48(I)CAN(I)
MT,Cirsium arvense,Cirsium arvense,Priority 2B - Noxious weed,CIAR4,L48(I)AK(I)CAN(I)GL(I)SPM(I)
MT,Convolvulus arvensis,Convolvulus arvensis,Priority 2B - Noxious weed,COAR4,L48(I)HI(I)CAN(I)
MT,Cynoglossum officinale,Cynoglossum officinale,Priority 2B - Noxious weed,CYOF,L48(I)CAN(I)
MT,Cytisus scoparius,Cytisus scoparius,Priority 1B - Noxious weed,CYSC4,L48(I)AK(I)HI(I)CAN(I)
MT,Echium vulgare,Echium vulgare,Priority 1B - Noxious weed,ECVU,L48(I)AK(I)CAN(W)SPM(I)
MT,Euphorbia esula,Euphorbia esula,Priority 2B - Noxious weed,EUES,L48(I)CAN(I)
MT,Fallopia japonica,Fallopia japonica,Priority 1B - Noxious weed,POCU6,
MT,F. sachalinensis,Fallopia sachalinensis,Priority 1B - Noxious weed,POSA4,
MT,F. √ó bohemica,Fallopia x bohemica,Priority 1B - Noxious weed,POBO10,
MT,Hieracium aurantiacum,Hieracium aurantiacum,Priority 2A - Noxious weed,HIAU,L48(I)AK(I)CAN(I)SPM(I)
MT,Pilosella aurantiaca,Pilosella aurantiaca,Priority 2A - Noxious weed,,
MT,Hieracium caespitosum,Hieracium caespitosum,Priority 2A - Noxious weed,HICA10,L48(I)CAN(I)
MT,H. praealturm,Hieracium praealtum,Priority 2A - Noxious weed,HIPR3,L48(I)CAN(I)
MT,H. floridundum,Hieracium x floribundum,Priority 2A - Noxious weed,HIFL3,L48(I)CAN(I)SPM(I)
MT,Hypericum perforatum,Hypericum perforatum,Priority 2B - Noxious weed,HYPE,L48(I)HI(I)CAN(I)SPM(I)
MT,Iris pseudacorus,Iris pseudacorus,Priority 2A - Noxious weed,IRPS,L48(I)CAN(I)
MT,Isatis tinctoria,Isatis tinctoria,Priority 1A - Noxious weed,ISTI,L48(I)CAN(W)
MT,Lepidium latifolium,Lepidium latifolium,Priority 2A - Noxious weed,LELA2,L48(I)CAN(I)
MT,Leucanthemum vulgare,Leucanthemum vulgare,Priority 2B - Noxious weed,LEVU,L48(I)AK(I)HI(I)CAN(I)SPM(I)
MT,Linaria dalmatica,Linaria dalmatica,Priority 2B - Noxious weed,LIDA,L48(I)CAN(I)
MT,Linaria vulgaris,Linaria vulgaris,Priority 2B - Noxious weed,LIVU2,L48(I)AK(I)CAN(I)GL(I)SPM(I)
MT,Lythrum salicaria,Lythrum salicaria,Priority 1B - Noxious weed,LYSA2,L48(I)CAN(I)SPM(I)
MT,Myriophyllum spicatum,Myriophyllum spicatum,Priority 2A - Noxious weed,MYSP2,L48(I)AK(I)CAN(I)
MT,Myriophyllum spicatum x Myriophyllum,Myriophyllum spicatum x Myriophyllum,Priority 2A - Noxious weed,,
MT,Phragmites australis ssp. australis,Phragmites australis,Priority 1A - Noxious weed,PHAU7,"L48(I,N)HI(I)CAN(N)"
MT,Pilosella caespitosa,Poa caespitosa,Priority 2A - Noxious weed,POCI8,
MT,Polygonum cuspidatum,Polygonum cuspidatum,Priority 1B - Noxious weed,POCU6,L48(I)AK(I)CAN(I)SPM(I)
MT,P. sachalinense,Polygonum sachalinense,Priority 1B - Noxious weed,POSA4,L48(I)AK(I)CAN(I)
MT,P. √ó bohemicum,Polygonum x bohemicum,Priority 1B - Noxious weed,POBO10,CAN(I)NA(I)
MT,Potamogeton crispus,Potamogeton crispus,Priority 2B - Noxious weed,POCR3,L48(I)CAN(I)
MT,Potentilla recta,Potentilla recta,Priority 2B - Noxious weed,PORE5,L48(I)CAN(I)
MT,Ranunculus acris,Ranunculus acris,Priority 2A - Noxious weed,RAAC3,"L48(I,N)AK(I)CAN(I)GL(N?)SPM(I)"
MT,Reynoutria japonica,Reynoutria japonica,Priority 1B - Noxious weed,POCU6,
MT,R. sachalinensis,Reynoutria sachalinensis,Priority 1B - Noxious weed,POSA4,
MT,R. √ó bohemica,Reynoutria x bohemica,Priority 1B - Noxious weed,POBO10,
MT,Rhamnus cathartica,Rhamnus cathartica,Priority 2A - Noxious weed,RHCA3,L48(I)CAN(I)
MT,Senecio jacobaea,Senecio jacobaea,Priority 2A - Noxious weed,SEJA,L48(I)CAN(I)SPM(I)
MT,Jacobaea vulgaris,Jacobaea vulgaris,Priority 2A - Noxious weed,SEJA,
MT,Myriophyllum spicatum,Myriophyllum spicatum,Priority 2A - Noxious weed,MYSP2,L48(I)AK(I)CAN(I)
MT,Taeniatherum caput-medusae,Taeniatherum caput-medusae,Priority 1A - Noxious weed,TACA8,L48(I)
MT,Tamarix spp.,Tamarix spp.,Priority 2B - Noxious weed,NA,
MT,Tanacetum vulgare,Tanacetum vulgare,Priority 2B - Noxious weed,TAVU,L48(I)AK(I)HI(I)CAN(I)SPM(I)
MT,Ventenata dubia,Ventenata dubia,Priority 2A - Noxious weed,VEDU,L48(I)CAN(I)
NC,Crassula helmsii,Crassula helmsii,Class A Noxious Weed,CRHE5,
NC,Lagarosiphon spp,Lagarosiphon spp,Class A Noxious Weed,NA,
NC,Polygonum perfoliatum,Polygonum perfoliatum,Class A Noxious Weed,POPE10,L48(I)
NC,Salvinia spp (all except S. minima),Salvinia spp,Class A Noxious Weed,NA,
NC,Trapa spp,Trapa spp,Class A Noxious Weed,NA,
NC,Carduus acanthoides,Carduus acanthoides,Class B Noxious Weed,CAAC,L48(I)CAN(I)
NC,Carduus nutans,Carduus nutans,Class B Noxious Weed,CANU4,L48(I)CAN(I)
NC,Cayratia japonica,Cayratia japonica,Class B Noxious Weed,CAJA7,L48(I)
NC,Cirsium arvense,Cirsium arvense,Class B Noxious Weed,CIAR4,L48(I)AK(I)CAN(I)GL(I)SPM(I)
NC,Ludwigia hexapetala,Ludwigia hexapetala,Class B Noxious Weed,LUGRH,
NC,Lythrum spp.,Lythrum spp.,Class B Noxious Weed,NA,
NC,Myriophyllum spicatum,Myriophyllum spicatum,Class B Noxious Weed,MYSP2,L48(I)AK(I)CAN(I)
NC,Rorippa sylvestris,Rorippa sylvestris,Class B Noxious Weed,ROSY,L48(I)AK(I)CAN(I)GL(I)
NC,Stachys floridana,Stachys floridana,Class B Noxious Weed,STFL4,L48(N)
NC,Tribulus terrestris,Tribulus terrestris,Class B Noxious Weed,TRTE,L48(I)HI(I)CAN(W)
NC,Vitex rotundifolia,Vitex rotundifolia,Class B Noxious Weed,VIRO80,L48(I)HI(N)
NC,Celastrus orbiculatus,Celastrus orbiculatus,Class C Noxious Weed,CEOR7,L48(I)CAN(I)
NC,Crassula helmsii,Crassula helmsii,Noxious Aquatic Weed,CRHE5,
NC,Lagarosiphon spp. (all species),Lagarosiphon spp.,Noxious Aquatic Weed,NA,
NC,Salvinia spp. (all except S. minima),Salvinia spp.,Noxious Aquatic Weed,NA,
NC,Trapa spp. (all species),Trapa spp.,Noxious Aquatic Weed,NA,
NC,Ludwigia uruguayensis,Ludwigia uruguayensis,Noxious Aquatic Weed,LUGRG2,
NC,Lythrum salicaria,Lythrum salicaria,Noxious Aquatic Weed,LYSA2,L48(I)CAN(I)SPM(I)
NC,Phragmites australis,Phragmites australis,Noxious Aquatic Weed,PHAU7,"L48(I,N)HI(I)CAN(N)"
NC,Alternanthera philoxeroides,Alternanthera philoxeroides,Noxious Aquatic Weed,ALPH,L48(I)PR(I)
NC,Egeria densa,Egeria densa,Noxious Aquatic Weed,EGDE,L48(I)HI(I)PR(I)CAN(W)
NC,Myriophyllum spicatum,Myriophyllum spicatum,Noxious Aquatic Weed,MYSP2,L48(I)AK(I)CAN(I)
NC,Najas minor,Najas minor,Noxious Aquatic Weed,NAMI,L48(I)CAN(I)
ND,Centaurea repens,Centaurea repens,Noxious Weed,ACRE3,
ND,Artemisia absinthium,Artemisia absinthium,Noxious Weed,ARAB3,L48(I)CAN(I)
ND,Cirsium arvense,Cirsium arvense,Noxious Weed,CIAR4,L48(I)AK(I)CAN(I)GL(I)SPM(I)
ND,Euphorbia esula,Euphorbia esula,Noxious Weed,EUES,L48(I)CAN(I)
ND,Carduus nutans,Carduus nutans,Noxious Weed,CANU4,L48(I)CAN(I)
ND,Centaurea diffusa,Centaurea diffusa,Noxious Weed,CEDI3,L48(I)CAN(I)
ND,Centaurea maculosa,Centaurea maculosa,Noxious Weed,CESTM,
ND,Linaria genistifolia ssp. dalmatica,Linaria genistifolia,Noxious Weed,LIGE,L48(I)
ND,Linaria vulgaris,Linaria vulgaris,Noxious Weed,LIVU2,L48(I)AK(I)CAN(I)GL(I)SPM(I)
ND,Lythrum salicaria,Lythrum salicaria,Noxious Weed,LYSA2,L48(I)CAN(I)SPM(I)
ND,Lythrum virgatum,Lythrum virgatum,Noxious Weed,LYVI3,L48(I)
ND,Tamarix spp.,Tamarix spp.,Noxious Weed,NA,
ND,Amaranthus palmeri,Amaranthus palmeri,Noxious Weed,AMPA,L48(N)CAN(I)
ND,Cynoglossum officinale,Cynoglossum officinale,Noxious Weed,CYOF,L48(I)CAN(I)
NE,Carduus acanthoides,Carduus acanthoides,Noxious weed,CAAC,L48(I)CAN(I)
NE,Carduus nutans,Carduus nutans,Noxious weed,CANU4,L48(I)CAN(I)
NE,Centaurea diffusa,Centaurea diffusa,Noxious weed,CEDI3,L48(I)CAN(I)
NE,Centaurea maculosa,Centaurea maculosa,Noxious weed,CESTM,
NE,Cirsium arvense,Cirsium arvense,Noxious weed,CIAR4,L48(I)AK(I)CAN(I)GL(I)SPM(I)
NE,Euphorbia esula,Euphorbia esula,Noxious weed,EUES,L48(I)CAN(I)
NE,Fallopia japonica,Fallopia japonica,Noxious weed,POCU6,
NE,Fallopia sachalinenis,Fallopia sachalinensis,Noxious weed,POSA4,
NE,Lespedeza cuneata,Lespedeza cuneata,Noxious weed,LECU,L48(I)HI(I)CAN(I)
NE,Lythrum salicaria,Lythrum salicaria,Noxious weed,LYSA2,L48(I)CAN(I)SPM(I)
NE,Phragmites australis var. australis,Phragmites australis ssp. australis,Noxious weed,PHAUA7,L48(I)CAN(I)
NE,Tamarix ramosissima,Tamarix ramosissima,Noxious weed,TARA,L48(I)
NE,Didymosphenia geminate,Didymosphenia geminate,Aquatic invasive species,,
NE,Egeria densa,Egeria densa,Aquatic invasive species,EGDE,L48(I)HI(I)PR(I)CAN(W)
NE,Hydrilla verticillata,Hydrilla verticillata,Aquatic invasive species,HYVE3,L48(I)
NE,Najas minor,Najas minor,Aquatic invasive species,NAMI,L48(I)CAN(I)
NE,Myriophyllum spicatum,Myriophyllum spicatum,Aquatic invasive species,MYSP2,L48(I)AK(I)CAN(I)
NH,Butomous umbellate,Butomus umbellatus,Noxious Weed,BUUM,L48(I)CAN(I)
NH,Cabomba caroliniana,Cabomba caroliniana,Noxious Weed,CACA,L48(N)CAN(N)
NH,Cabomba sp.,Cabomba sp.,Noxious Weed,NA,
NH,Crassula helmsii,Crassula helmsii,Noxious Weed,CRHE5,
NH,Egeria densa,Egeria densa,Noxious Weed,EGDE,L48(I)HI(I)PR(I)CAN(W)
NH,Epilobium hirsutum,Epilobium hirsutum,Noxious Weed,EPHI,L48(I)CAN(I)
NH,Glyceria maxima,Glyceria maxima,Noxious Weed,GLMA3,L48(I)CAN(I)
NH,Hydrilla verticillata,Hydrilla verticillata,Noxious Weed,HYVE3,L48(I)
NH,Hydrocharis morsus-ranae,Hydrocharis morsus-ranae,Noxious Weed,HYMO6,L48(I)CAN(I)
NH,Hygrophila polysperma,Hygrophila polysperma,Noxious Weed,HYPO3,L48(I)
NH,Ipomoea aquatica,Ipomoea aquatica,Noxious Weed,IPAQ,L48(I)HI(I)PR(I)
NH,Iris pseudocarus,Iris pseudacorus,Noxious Weed,IRPS,L48(I)CAN(I)
NH,Lagarosiphon major,Lagarosiphon major,Noxious Weed,LAMA15,
NH,Limnophila sessiliflora,Limnophila sessiliflora,Noxious Weed,LISE3,L48(I)
NH,Lythrum salicaria,Lythrum salicaria,Noxious Weed,LYSA2,L48(I)CAN(I)SPM(I)
NH,Lythrum virgatum,Lythrum virgatum,Noxious Weed,LYVI3,L48(I)
NH,Lythrum alatum,Lythrum alatum,Noxious Weed,LYAL4,CAN(N)L48(N)
NH,Marsilea quadrifolia,Marsilea quadrifolia,Noxious Weed,MAQU,L48(I)CAN(N)
NH,Myosotis scorpiodies,Myosotis scorpioides,Noxious Weed,MYSC,L48(I)AK(I)CAN(I)SPM(I)
NH,Myriophyllum aquaticum,Myriophyllum aquaticum,Noxious Weed,MYAQ2,L48(I)HI(I)CAN(I)
NH,M. heterophyllum,Myriophyllum heterophyllum,Noxious Weed,MYHE2,L48(N)CAN(N)
NH,M. spicatum,Myriophyllum spicatum,Noxious Weed,MYSP2,L48(I)AK(I)CAN(I)
NH,Najas minor,Najas minor,Noxious Weed,NAMI,L48(I)CAN(I)
NH,Nymphoides peltata,Nymphoides peltata,Noxious Weed,NYPE,L48(I)CAN(I)
NH,Phragmites australis,Phragmites australis,Noxious Weed,PHAU7,"L48(I,N)HI(I)CAN(N)"
NH,P. communis,Phragmites communis,Noxious Weed,PHAU7,
NH,Potomogeton crispus,Potamogeton crispus,Noxious Weed,POCR3,L48(I)CAN(I)
NH,Sagittaria japonica,Sagina japonica,Noxious Weed,SAJA2,L48(I)CAN(I)
NH,Sagittaria sagittifolia,Sagittaria sagittifolia,Noxious Weed,SASA7,
NH,Salvinia molesta,Salvinia molesta,Noxious Weed,SAMO5,L48(I)HI(I)
NH,Trapa sp.,Trapa sp.,Noxious Weed,NA,
NH,Typha gracilis,Pohlia gracilis,Noxious Weed,POFI11,
NH,Typha laxmanii,Typha laxmanii,Noxious Weed,,
NH,Typha minima,Typha minima,Noxious Weed,,
NH,Acer platanoides,Acer platanoides,Noxious Weed,ACPL,L48(I)CAN(I)
NH,Ailanthus altissima,Ailanthus altissima,Noxious Weed,AIAL,L48(I)HI(I)CAN(I)
NH,Alliaria petiolata,Alliaria petiolata,Noxious Weed,ALPE4,L48(I)AK(I)CAN(I)
NH,Alnus glutinosa,Alnus glutinosa,Noxious Weed,ALGL2,L48(I)CAN(I)
NH,Berberis thunbergii,Berberis thunbergii,Noxious Weed,BETH,L48(I)CAN(I)
NH,Berberis vulgaris,Berberis vulgaris,Noxious Weed,BEVU,L48(I)CAN(I)
NH,Celastrus orbiculatus,Celastrus orbiculatus,Noxious Weed,CEOR7,L48(I)CAN(I)
NH,Centaurea stoebessp. micranthos,Centaurea stoebe ssp. micranthos,Noxious Weed,CESTM,L48(I)HI(I)CAN(I)
NH,Cynanchum louiseae,Cynanchum louiseae,Noxious Weed,CYLO11,L48(I)CAN(I)
NH,Cynanchum rossicum,Cynanchum rossicum,Noxious Weed,CYRO8,L48(I)CAN(I)
NH,Elaeagnus umbellata,Elaeagnus umbellata,Noxious Weed,ELUM,L48(I)HI(I)CAN(I)
NH,Euonymus alatus,Euonymus alatus,Noxious Weed,EUAL13,L48(I)CAN(I)
NH,Frangula alnus,Frangula alnus,Noxious Weed,FRAL4,L48(I)CAN(I)
NH,Glyceria maxima,Glyceria maxima,Noxious Weed,GLMA3,L48(I)CAN(I)
NH,Heracleum mantegazzianum,Heracleum mantegazzianum,Noxious Weed,HEMA17,L48(I)CAN(I)
NH,Hesperis matronalis,Hesperis matronalis,Noxious Weed,HEMA3,L48(I)AK(I)CAN(I)
NH,Impatiens glandulifera,Impatiens glandulifera,Noxious Weed,IMGL,L48(I)CAN(I)
NH,Iris pseudacorus,Iris pseudacorus,Noxious Weed,IRPS,L48(I)CAN(I)
NH,Lepidium latifolium,Lepidium latifolium,Noxious Weed,LELA2,L48(I)CAN(I)
NH,Ligustrum obtusifolium,Ligustrum obtusifolium,Noxious Weed,LIOB,L48(I)
NH,Ligustrum vulgare,Ligustrum vulgare,Noxious Weed,LIVU,L48(I)CAN(I)
NH,Lonicera japonica,Lonicera japonica,Noxious Weed,LOJA,L48(I)HI(I)PR(I)CAN(I)
NH,Lonicera maackii,Lonicera maackii,Noxious Weed,LOMA6,L48(I)CAN(I)
NH,Lonicera morrowii,Lonicera morrowii,Noxious Weed,LOMO2,L48(I)CAN(I)
NH,Lonicera tatarica,Lonicera tatarica,Noxious Weed,LOTA,L48(I)AK(I)CAN(I)
NH,Lonicera x bella,Lonicera x bella,Noxious Weed,LOBE,L48(I)CAN(I)
NH,Lysimachia nummularia,Lysimachia nummularia,Noxious Weed,LYNU,L48(I)CAN(I)
NH,Microstegium vimineum,Microstegium vimineum,Noxious Weed,MIVI,L48(I)PR(I)
NH,Persicaria perfoliata,Persicaria perfoliata,Noxious Weed,POPE10,
NH,Pueraria montana,Pueraria montana,Noxious Weed,PUMO,L48(I)HI(I)
NH,Reynoutria japonica,Reynoutria japonica,Noxious Weed,POCU6,
NH,Reynoutria sachalinensis,Reynoutria sachalinensis,Noxious Weed,POSA4,
NH,Reynoutria √ó bohemica,Reynoutria x bohemica,Noxious Weed,POBO10,
NH,Rhamnus cathartica,Rhamnus cathartica,Noxious Weed,RHCA3,L48(I)CAN(I)
NH,Rosa multiflora,Rosa multiflora,Noxious Weed,ROMU,L48(I)CAN(I)
NM,Acroptilon repens,Acroptilon repens,Class B Weed,ACRE3,L48(I)CAN(I)
NM,Aegilops cylindrica,Aegilops cylindrica,Class C Weed,AECY,L48(I)
NM,Alhagi pseudalhagi,Alhagi pseudalhagi,Class A Weed,ALMA12,
NM,Asphodelus fistulosus,Asphodelus fistulosus,Class A Weed,ASFI2,L48(I)
NM,Cardaria draba,Cardaria draba,Class A Weed,CADR,L48(I)CAN(I)
NM,Carduus nutans,Carduus nutans,Class B Weed,CANU4,L48(I)CAN(I)
NM,Centaruea solstitialis,Centaurea solstitialis,Class A Weed,CESO3,L48(I)CAN(I)
NM,Centaurea calcitrapa,Centaurea calcitrapa,Class A Weed,CECA2,L48(I)CAN(I)
NM,Centaurea diffusa,Centaurea diffusa,Class A Weed,CEDI3,L48(I)CAN(I)
NM,Centaurea maculosa,Centaurea maculosa,Class A Weed,CESTM,
NM,Centaurea melitensis,Centaurea melitensis,Class B Weed,CEME2,L48(I)HI(I)CAN(I)
NM,Cichorium intybus,Cichorium intybus,Class B Weed,CIIN,L48(I)CAN(I)SPM(I)
NM,Cirsium arvense,Cirsium arvense,Class A Weed,CIAR4,L48(I)AK(I)CAN(I)GL(I)SPM(I)
NM,Cirsium vulgare,Cirsium vulgare,Class B Weed,CIVU,L48(I)AK(I)HI(I)CAN(I)SPM(I)
NM,Conium macultaum,Conium maculatum,Class B Weed,COMA2,L48(I)CAN(I)
NM,Convolvulus arvensis,Convolvulus arvensis,Class C Weed,COAR4,L48(I)HI(I)CAN(I)
NM,Depsacus fullonum,Dipsacus fullonum,Class B Weed,DIFU2,L48(I)CAN(I)
NM,Drymaria arenarioides,Drymaria arenarioides,Class A Weed,DRAR7,
NM,Elaeagnus angustifolia,Elaeagnus angustifolia,Class C Weed,ELAN,L48(I)CAN(I)
NM,Euphorbia esula,Euphorbia esula,Class A Weed,EUES,L48(I)CAN(I)
NM,Halogeton glomeratus,Halogeton glomeratus,Class B Weed,HAGL,L48(I)
NM,Hydrilla verticillata,Hydrilla verticillata,Class A Weed,HYVE3,L48(I)
NM,Hyoscyamus niger,Hyoscyamus niger,Class A Weed,HYNI,L48(I)CAN(I)
NM,Isatis tinctoria,Isatis tinctoria,Class A Weed,ISTI,L48(I)CAN(W)
NM,Lepidium latifolium,Lepidium latifolium,Class A Weed,LELA2,L48(I)CAN(I)
NM,Lepidium latifolium,Lepidium latifolium,Class B Weed,LELA2,L48(I)CAN(I)
NM,Leucanthemum vulgare,Leucanthemum vulgare,Class A Weed,LEVU,L48(I)AK(I)HI(I)CAN(I)SPM(I)
NM,Linaria genisitifolia ssp. Dalmatica,Linaria genistifolia,Class A Weed,LIGE,L48(I)
NM,Linaria vulgaris,Linaria vulgaris,Class A Weed,LIVU2,L48(I)AK(I)CAN(I)GL(I)SPM(I)
NM,Lythrum salicaria,Lythrum salicaria,Class A Weed,LYSA2,L48(I)CAN(I)SPM(I)
NM,Myriophyllum aquaticum,Myriophyllum aquaticum,Class A Weed,MYAQ2,L48(I)HI(I)CAN(I)
NM,Myriophyllum spicatum,Myriophyllum spicatum,Class A Weed,MYSP2,L48(I)AK(I)CAN(I)
NM,Onopordum acanthium,Onopordum acanthium,Class A Weed,ONAC,L48(I)CAN(W)
NM,Peganum harmala,Peganum harmala,Class B Weed,PEHA,L48(I)
NM,Saccharum ravennae,Saccharum ravennae,Class A Weed,SARA3,L48(I)
NM,Salvinia molesta,Salvinia molesta,Class A Weed,SAMO5,L48(I)HI(I)
NM,Tamarix sp.,Tamarix sp.,Class C Weed,NA,
NV,Peganum harmala,Peganum harmala,Category A,PEHA,L48(I)
NV,Rorippa austriaca,Rorippa austriaca,Category A,ROAU,L48(I)CAN(I)
NV,Sphaerophysa salsula,Sphaerophysa salsula,Category A,SPSA3,L48(I)CAN(I)
NV,Hysocyamus niger,Hyoscyamus niger,Category A,HYNI,L48(I)CAN(I)
NV,Alhagi pseudalhagi,Alhagi pseudalhagi,Category A,ALMA12,
NV,Crupina vulgaris,Crupina vulgaris,Category A,CRVU2,L48(I)
NV,Linaria dalmatica,Linaria dalmatica,Category A,LIDA,L48(I)CAN(I)
NV,Isatis tinctoria,Isatis tinctoria,Category A,ISTI,L48(I)CAN(W)
NV,Myriophyllum spicatum,Myriophyllum spicatum,Category A,MYSP2,L48(I)AK(I)CAN(I)
NV,Arundo donax,Arundo donax,Category A,ARDO4,L48(I)HI(I)PR(I)VI(I)
NV,Salvinia molesta,Salvinia molesta,Category A,SAMO5,L48(I)HI(I)
NV,Galega officinalis,Galega officinalis,Category A,GAOF,L48(I)CAN(I)
NV,Pennisetum setaceum,Pennisetum setaceum,Category A,PESE3,L48(I)HI(I)
NV,Cynoglossum officinale,Cynoglossum officinale,Category A,CYOF,L48(I)CAN(I)
NV,Hydrilla verticillata,Hydrilla verticillata,Category A,HYVE3,L48(I)
NV,Centaurea iberica,Centaurea iberica,Category A,CEIB,L48(I)
NV,Hypericum perforatum,Hypericum perforatum,Category A,HYPE,L48(I)HI(I)CAN(I)SPM(I)
NV,Centaurea melitensis,Centaurea melitensis,Category A,CEME2,L48(I)HI(I)CAN(I)
NV,Anthemis cotula,Anthemis cotula,Category A,ANCO2,L48(I)AK(I)HI(I)CAN(I)
NV,Salvia aethiopis,Salvia aethiopis,Category A,SAAE,L48(I)
NV,Lythrum salicaria,Lythrum salicaria,Category A,LYSA2,L48(I)CAN(I)SPM(I)
NV,Lythrum virgatum,Lythrum virgatum,Category A,LYVI3,L48(I)
NV,Centaurea calcitrapa,Centaurea calcitrapa,Category A,CECA2,L48(I)CAN(I)
NV,Chondrilla juncea,Chondrilla juncea,Category A,CHJU,L48(I)CAN(I)
NV,Sonchus arvensis,Sonchus arvensis,Category A,SOAR2,L48(I)AK(I)CAN(I)SPM(I)
NV,Centaurea maculosa,Centaurea maculosa,Category A,CESTM,
NV,Centaurea virgata,Centaurea virgata,Category A,CEVI,L48(I)
NV,Potentilla recta,Potentilla recta,Category A,PORE5,L48(I)CAN(I)
NV,Zygophyllum fabago,Zygophyllum fabago,Category A,ZYFA,L48(I)
NV,Centaurea solstitialis,Centaurea solstitialis,Category A,CESO3,L48(I)CAN(I)
NV,Linaria vulgaris,Linaria vulgaris,Category A,LIVU2,L48(I)AK(I)CAN(I)GL(I)SPM(I)
NV,Solanum carolinense,Solanum carolinense,Category B,SOCA3,L48(N)CAN(I)
NV,Centaurea diffusa,Centaurea diffusa,Category B,CEDI3,L48(I)CAN(I)
NV,Euphorbia esula,Euphorbia esula,Category B,EUES,L48(I)CAN(I)
NV,Taeniatherum caput-medusae,Taeniatherum caput-medusae,Category B,TACA8,L48(I)
NV,Carduus nutans,Carduus nutans,Category B,CANU4,L48(I)CAN(I)
NV,Acroptilon repens,Acroptilon repens,Category B,ACRE3,L48(I)CAN(I)
NV,Brassica tournefortii,Brassica tournefortii,Category B,BRTO,L48(I)
NV,Onopordum acanthium,Onopordum acanthium,Category B,ONAC,L48(I)CAN(W)
NV,Solanum elaeagnifolium,Solanum elaeagnifolium,Category B,SOEL,L48(N)HI(I)PR(N)
NV,Cirsium arvense,Cirsium arvense,Category C,CIAR4,L48(I)AK(I)CAN(I)GL(I)SPM(I)
NV,Cardaria draba,Cardaria draba,Category C,CADR,L48(I)CAN(I)
NV,Sorghum halepense,Sorghum halepense,Category C,SOHA,L48(I)HI(I)PR(I)CAN(I)
NV,Lepidium latifolium,Lepidium latifolium,Category C,LELA2,L48(I)CAN(I)
NV,Conium maculatum,Conium maculatum,Category C,COMA2,L48(I)CAN(I)
NV,Tribulus terrestris,Tribulus terrestris,Category C,TRTE,L48(I)HI(I)CAN(W)
NV,Tamarix spp.,Tamarix spp.,Category C,NA,
NV,Cicuta maculata,Cicuta maculata,Category C,CIMA2,L48(N)AK(N)CAN(N)
NY,Acer platanoides,Acer platanoides,Regulated Plants,ACPL,L48(I)CAN(I)
NY,Acer pseudoplatanus,Acer pseudoplatanus,Prohibited Plants,ACPS,L48(I)CAN(I)
NY,Achyranthes japonica,Achyranthes japonica,Prohibited Plants,ACJA,L48(I)
NY,Alliaria petiolata,Alliaria petiolata,Prohibited Plants,ALPE4,L48(I)AK(I)CAN(I)
NY,Ampelopsis brevipedunculata,Ampelopsis brevipedunculata,Prohibited Plants,AMBR7,L48(I)
NY,Anthriscus sylvestris,Anthriscus sylvestris,Prohibited Plants,ANSY,L48(I)CAN(I)GL(I)
NY,Aralia elata,Aralia elata,Prohibited Plants,AREL8,L48(I)CAN(I)
NY,Artemisia vulgaris,Artemisia vulgaris,Prohibited Plants,ARVU,L48(I)AK(I)HI(I)CAN(I)GL(I)
NY,Arthraxon hispidus,Arthraxon hispidus,Prohibited Plants,ARHI3,L48(I)HI(I)
NY,Berberis thunbergii,Berberis thunbergii,Prohibited Plants,BETH,L48(I)CAN(I)
NY,Brachypodium sylvaticum,Brachypodium sylvaticum,Prohibited Plants,BRSY,L48(I)
NY,Cabomba caroliniana,Cabomba caroliniana,Prohibited Plants,CACA,L48(N)CAN(N)
NY,Cardamine impatiens,Cardamine impatiens,Prohibited Plants,CAIM,L48(I)CAN(I)
NY,Celastrus orbiculatus,Celastrus orbiculatus,Prohibited Plants,CEOR7,L48(I)CAN(I)
NY,Centaurea stoebe,Centaurea stoebe,Prohibited Plants,CEST8,L48(I)HI(I)CAN(I)
NY,Cirsium arvense,Cirsium arvense,Prohibited Plants,CIAR4,L48(I)AK(I)CAN(I)GL(I)SPM(I)
NY,Clematis terniflora,Clematis terniflora,Regulated Plants,CLTE4,L48(I)CAN(I)
NY,Cynanchum louiseae,Cynanchum louiseae,Prohibited Plants,CYLO11,L48(I)CAN(I)
NY,Cynanchum rossicum,Cynanchum rossicum,Prohibited Plants,CYRO8,L48(I)CAN(I)
NY,Dioscorea batatas,Dioscorea batatas,Prohibited Plants,DIOP,
NY,Dioscorea polystachya,Dioscorea macrostachya,Prohibited Plants,DIMA15,
NY,Dipsacus laciniatus,Dipsacus laciniatus,Prohibited Plants,DILA4,L48(I)CAN(I)
NY,Egeria densa,Egeria densa,Prohibited Plants,EGDE,L48(I)HI(I)PR(I)CAN(W)
NY,Elaeagnus umbellata,Elaeagnus umbellata,Prohibited Plants,ELUM,L48(I)HI(I)CAN(I)
NY,Euonymus alatus,Euonymus alatus,Regulated Plants,EUAL13,L48(I)CAN(I)
NY,Euonymus fortunei,Euonymus fortunei,Regulated Plants,EUFO5,L48(I)CAN(I)
NY,Euphorbia cyparissias,Euphorbia cyparissias,Prohibited Plants,EUCY2,L48(I)CAN(I)
NY,Euphorbia esula,Euphorbia esula,Prohibited Plants,EUES,L48(I)CAN(I)
NY,Fallopia sachalinensis,Fallopia sachalinensis,Prohibited Plants,POSA4,
NY,Ficaria verna,Ficaria verna,Prohibited Plants,RAFI,
NY,Frangula alnus,Frangula alnus,Prohibited Plants,FRAL4,L48(I)CAN(I)
NY,Glyceria maxima,Glyceria maxima,Prohibited Plants,GLMA3,L48(I)CAN(I)
NY,Heracleum mantegazzianum,Heracleum mantegazzianum,Prohibited Plants,HEMA17,L48(I)CAN(I)
NY,Humulus japonicus,Humulus japonicus,Prohibited Plants,HUJA,L48(I)CAN(I)
NY,Hydrilla verticillata,Hydrilla verticillata,Prohibited Plants,HYVE3,L48(I)
NY,Hydrocharis morsus-ranae,Hydrocharis morsus-ranae,Prohibited Plants,HYMO6,L48(I)CAN(I)
NY,Imperata cylindrica,Imperata cylindrica,Prohibited Plants,IMCY,L48(I)
NY,Iris pseudacorus,Iris pseudacorus,Prohibited Plants,IRPS,L48(I)CAN(I)
NY,Lepidium latifolium,Lepidium latifolium,Prohibited Plants,LELA2,L48(I)CAN(I)
NY,Lespedeza cuneata,Lespedeza cuneata,Prohibited Plants,LECU,L48(I)HI(I)CAN(I)
NY,Ligustrum obtusifolium,Ligustrum obtusifolium,Prohibited Plants,LIOB,L48(I)
NY,Lonicera japonica,Lonicera japonica,Prohibited Plants,LOJA,L48(I)HI(I)PR(I)CAN(I)
NY,Lonicera maackii,Lonicera maackii,Prohibited Plants,LOMA6,L48(I)CAN(I)
NY,Lonicera morrowii,Lonicera morrowii,Prohibited Plants,LOMO2,L48(I)CAN(I)
NY,Lonicera tatarica,Lonicera tatarica,Prohibited Plants,LOTA,L48(I)AK(I)CAN(I)
NY,Ludwigia hexapetala,Ludwigia hexapetala,Prohibited Plants,LUGRH,
NY,Ludwigia peploides,Ludwigia peploides,Prohibited Plants,LUPE5,"L48(I,N)PR(N)"
NY,Lysimachia vulgaris,Lysimachia vulgaris,Prohibited Plants,LYVU,L48(I)CAN(I)
NY,Lythrum salicaria,Lythrum salicaria,Prohibited Plants,LYSA2,L48(I)CAN(I)SPM(I)
NY,Microstegium vimineum,Microstegium vimineum,Prohibited Plants,MIVI,L48(I)PR(I)
NY,Miscanthus sinensis,Miscanthus sinensis,Regulated Plants,MISI,L48(I)CAN(I)
NY,Murdannia keisak,Murdannia keisak,Prohibited Plants,MUKE,L48(I)
NY,Myriophyllum aquaticum,Myriophyllum aquaticum,Prohibited Plants,MYAQ2,L48(I)HI(I)CAN(I)
NY,Myriophyllum heterophyllum,Myriophyllum heterophyllum,Prohibited Plants,MYHE2,L48(N)CAN(N)
NY,Myriophyllum spicatum,Myriophyllum spicatum,Prohibited Plants,MYSP2,L48(I)AK(I)CAN(I)
NY,Nymphoides peltata,Nymphoides peltata,Prohibited Plants,NYPE,L48(I)CAN(I)
NY,Oplismenus hirtellus,Oplismenus hirtellus,Prohibited Plants,OPHI,"L48(I,N)HI(I)PR(N)VI(N)"
NY,Persicaria perfoliata,Persicaria perfoliata,Prohibited Plants,POPE10,
NY,Phellodendron amurense,Phellodendron amurense,Prohibited Plants,PHAM2,L48(I)CAN(I)
NY,Phragmites australis,Phragmites australis,Prohibited Plants,PHAU7,"L48(I,N)HI(I)CAN(N)"
NY,Phyllostachys aurea,Phyllostachys aurea,Prohibited Plants,PHAU8,L48(I)
NY,Phyllostachys aureosulcata,Phyllostachys aureosulcata,Prohibited Plants,PHAU80,L48(I)
NY,Polygonum cuspidatum,Polygonum cuspidatum,Prohibited Plants,POCU6,L48(I)AK(I)CAN(I)SPM(I)
NY,Polygonum perfoliatum,Polygonum perfoliatum,Prohibited Plants,POPE10,L48(I)
NY,Polygonum sachalinensis,Polygonum sachalinense,Prohibited Plants,POSA4,L48(I)AK(I)CAN(I)
NY,Potamogeton crispus,Potamogeton crispus,Prohibited Plants,POCR3,L48(I)CAN(I)
NY,Pueraria montana,Pueraria montana,Prohibited Plants,PUMO,L48(I)HI(I)
NY,Reynoutria japonica,Reynoutria japonica,Prohibited Plants,POCU6,
NY,Reynoutria sachalinensis,Reynoutria sachalinensis,Prohibited Plants,POSA4,
NY,Rhamnus cathartica,Rhamnus cathartica,Prohibited Plants,RHCA3,L48(I)CAN(I)
NY,Robinia pseudoacacia,Robinia pseudoacacia,Regulated Plants,ROPS,L48(N)CAN(I)
NY,Rosa multiflora,Rosa multiflora,Prohibited Plants,ROMU,L48(I)CAN(I)
NY,Rubus phoenicolasius,Rubus phoenicolasius,Prohibited Plants,RUPH,L48(I)
NY,Salix atrocinerea,Salix atrocinerea,Prohibited Plants,SAAT2,L48(I)CAN(I)
NY,Silphium perfoliatum,Silphium perfoliatum,Prohibited Plants,SIPE2,L48(N)CAN(N)
NY,Trapa natans,Trapa natans,Prohibited Plants,TRNA,L48(I)CAN(I)
NY,Vitex rotundifolia,Vitex rotundifolia,Prohibited Plants,VIRO80,L48(I)HI(N)
OH,Ailanthus altissima,Ailanthus altissima,Prohibited,AIAL,L48(I)HI(I)CAN(I)
OH,Alliaria petiolata,Alliaria petiolata,Prohibited,ALPE4,L48(I)AK(I)CAN(I)
OH,Ampelopsis brevipedunculata,Ampelopsis brevipedunculata,Prohibited,AMBR7,L48(I)
OH,Azolla pinnata,Azolla pinnata,Prohibited,AZPI,L48(I)
OH,Berberis vulgaris,Berberis vulgaris,Prohibited,BEVU,L48(I)CAN(I)
OH,Butomus umbellatus,Butomus umbellatus,Prohibited,BUUM,L48(I)CAN(I)
OH,Celastrus orbiculatus,Celastrus orbiculatus,Prohibited,CEOR7,L48(I)CAN(I)
OH,Centaurea stoebe ssp. micranthos,Centaurea stoebe,Prohibited,CEST8,L48(I)HI(I)CAN(I)
OH,Dipsacus fullonum,Dipsacus fullonum,Prohibited,DIFU2,L48(I)CAN(I)
OH,Dipsacus laciniatus,Dipsacus laciniatus,Prohibited,DILA4,L48(I)CAN(I)
OH,Egeria densa,Egeria densa,Prohibited,EGDE,L48(I)HI(I)PR(I)CAN(W)
OH,Eichhornia azurea,Eichhornia azurea,Prohibited,EIAZ2,L48(I)PR(I)
OH,Elaeagnus angustifolia,Elaeagnus angustifolia,Prohibited,ELAN,L48(I)CAN(I)
OH,Elaeagnus umbellata,Elaeagnus umbellata,Prohibited,ELUM,L48(I)HI(I)CAN(I)
OH,Epilobium hirsutum,Epilobium hirsutum,Prohibited,EPHI,L48(I)CAN(I)
OH,Fallopia japonica,Fallopia japonica,Prohibited,POCU6,
OH,Ficaria verna,Ficaria verna,Prohibited,RAFI,
OH,Heracleum mantegazzianum,Heracleum mantegazzianum,Prohibited,HEMA17,L48(I)CAN(I)
OH,Hesperis matronalis,Hesperis matronalis,Prohibited,HEMA3,L48(I)AK(I)CAN(I)
OH,Hydrilla verticillata,Hydrilla verticillata,Prohibited,HYVE3,L48(I)
OH,Hydrocharis morsus-ranae,Hydrocharis morsus-ranae,Prohibited,HYMO6,L48(I)CAN(I)
OH,Hygrophila polysperma,Hygrophila polysperma,Prohibited,HYPO3,L48(I)
OH,Iris pseudacorus,Iris pseudacorus,Prohibited,IRPS,L48(I)CAN(I)
OH,Lagarosiphon major,Lagarosiphon major,Prohibited,LAMA15,
OH,Ligustrum vulgare,Ligustrum vulgare,Prohibited,LIVU,L48(I)CAN(I)
OH,Limnophila sessiliflora,Limnophila sessiliflora,Prohibited,LISE3,L48(I)
OH,Lonicera japonica,Lonicera japonica,Prohibited,LOJA,L48(I)HI(I)PR(I)CAN(I)
OH,Lonicera maackii,Lonicera maackii,Prohibited,LOMA6,L48(I)CAN(I)
OH,Lonicera morrowii,Lonicera morrowii,Prohibited,LOMO2,L48(I)CAN(I)
OH,Lonicera tatarica,Lonicera tatarica,Prohibited,LOTA,L48(I)AK(I)CAN(I)
OH,Lythrum salicaria,Lythrum salicaria,Prohibited,LYSA2,L48(I)CAN(I)SPM(I)
OH,Lythrum virgatum,Lythrum virgatum,Prohibited,LYVI3,L48(I)
OH,Marsilea quadrifolia,Marsilea quadrifolia,Prohibited,MAQU,L48(I)CAN(N)
OH,Microstegium vimineum,Microstegium vimineum,Prohibited,MIVI,L48(I)PR(I)
OH,Monochoria hastata,Monochoria hastata,Prohibited,MOHA2,
OH,Monochoria vaginalis,Monochoria vaginalis,Prohibited,MOVA,L48(I)HI(I)
OH,Morus alba,Morus alba,Prohibited,MOAL,L48(I)HI(I)CAN(I)
OH,Myriophyllum aquaticum,Myriophyllum aquaticum,Prohibited,MYAQ2,L48(I)HI(I)CAN(I)
OH,Myriophyllum spicatum,Myriophyllum spicatum,Prohibited,MYSP2,L48(I)AK(I)CAN(I)
OH,Najas minor,Najas minor,Prohibited,NAMI,L48(I)CAN(I)
OH,Nymphoides peltata,Nymphoides peltata,Prohibited,NYPE,L48(I)CAN(I)
OH,Ottelia alismoides,Ottelia alismoides,Prohibited,OTAL,L48(I)
OH,Paulownia tomentosa,Paulownia tomentosa,Prohibited,PATO2,L48(I)
OH,Persicaria perfoliata,Persicaria perfoliata,Prohibited,POPE10,
OH,Phalaris arundinacea,Phalaris arundinacea,Prohibited,PHAR3,L48(N)AK(I)CAN(N)SPM(I)
OH,Phragmites australis ssp. australis,Phragmites australis,Prohibited,PHAU7,"L48(I,N)HI(I)CAN(N)"
OH,Pistia stratiotes,Pistia stratiotes,Prohibited,PIST2,L48(N)HI(I)PR(N)VI(N)
OH,Potamogeton crispus,Potamogeton crispus,Prohibited,POCR3,L48(I)CAN(I)
OH,Pueraria montana var. lobata,Pueraria montana var. lobata,Prohibited,PUMOL,L48(I)HI(I)
OH,Pyrus calleryana,Pyrus calleryana,Prohibited,PYCA80,L48(I)
OH,Phalaris arundinacea,Phalaris arundinacea,Prohibited,PHAR3,L48(N)AK(I)CAN(N)SPM(I)
OH,Rhamnus cathartica,Rhamnus cathartica,Prohibited,RHCA3,L48(I)CAN(I)
OH,Rosa multiflora,Rosa multiflora,Prohibited,ROMU,L48(I)CAN(I)
OH,Sagittaria sagittifolia,Sagittaria sagittifolia,Prohibited,SASA7,
OH,Salix fragilis,Salix fragilis,Prohibited,SAFR,L48(I)CAN(I)
OH,Salvinia minima,Salvinia minima,Prohibited,SAMI7,L48(I)PR(I)
OH,Salvinia molesta,Salvinia molesta,Prohibited,SAMO5,L48(I)HI(I)
OH,Sorghum bicolor,Sorghum bicolor,Noxious weed,SOBI2,L48(I)HI(I)PR(I)VI(I)CAN(I)
OH,Sorghum halepense,Sorghum halepense,Noxious weed,SOHA,L48(I)HI(I)PR(I)CAN(I)
OH,Sparganium erectum,Sparganium erectum,Prohibited,SPER,L48(I)
OH,Stratiotes aloides,Stratiotes aloides,Prohibited,STAL6,
OH,Trapa natans,Trapa natans,Prohibited,TRNA,L48(I)CAN(I)
OH,Typha angustifolia,Typha angustifolia,Prohibited,TYAN,"L48(I,N)CAN(N)"
OH,Typha x glauca,Typha x glauca,Prohibited,TYGL,L48(N)CAN(N)
OH,Ulmus pumila,Ulmus pumila,Prohibited,ULPU,L48(I)CAN(I)
OH,Vincetoxicum nigrum,Vincetoxicum nigrum,Prohibited,CYLO11,
OH,Sorghum bicolor,Sorghum bicolor,Noxious weed,SOBI2,L48(I)HI(I)PR(I)VI(I)CAN(I)
OH,Salsola kali ssp. tenuifolia,Salsola kali,Noxious weed,SAKA,L48(I)CAN(W)SPM(W)
OH,Sorghum halepense,Sorghum halepense,Noxious weed,SOHA,L48(I)HI(I)PR(I)CAN(I)
OH,Pastinaca sativa,Pastinaca sativa,Noxious weed,PASA2,L48(I)AK(I)CAN(W)SPM(W)
OH,Vitis spp. (unmaintained for two years),Vitis spp.,Noxious weed,NA,
OH,Cirsium arvense,Cirsium arvense,Noxious weed,CIAR4,L48(I)AK(I)CAN(I)GL(I)SPM(I)
OH,Conium maculatum,Conium maculatum,Noxious weed,COMA2,L48(I)CAN(I)
OH,Senecio glabellus,Senecio glabellus,Noxious weed,PAGL17,
OH,Carduus nutans,Carduus nutans,Noxious weed,CANU4,L48(I)CAN(I)
OH,Polygonum perfoliatum,Polygonum perfoliatum,Noxious weed,POPE10,L48(I)
OH,Heracleum mantegazzianum,Heracleum mantegazzianum,Noxious weed,HEMA17,L48(I)CAN(I)
OH,Nicandra physalodes,Nicandra physalodes,Noxious weed,NIPH,L48(I)HI(I)CAN(I)
OH,Conyza canadensis,Conyza canadensis,Noxious weed,COCA5,L48(N)AK(I)HI(I)PR(N)VI(N)CAN(N)SPM(N)
OH,Bassia scoparia,Bassia scoparia,Noxious weed,BASC5,L48(I)CAN(I)
OH,Amaranthus palmeri,Amaranthus palmeri,Noxious weed,AMPA,L48(N)CAN(I)
OH,Polygonum cuspidatum,Polygonum cuspidatum,Noxious weed,POCU6,L48(I)AK(I)CAN(I)SPM(I)
OH,Phyllostachys aureasculata,Phyllostachys aureosulcata,Noxious weed,PHAU80,L48(I)
OH,Convolvulus arvensis,Convolvulus arvensis,Noxious weed,COAR4,L48(I)HI(I)CAN(I)
OH,Lepidium draba sub. draba,Lepidium draba ssp. draba,Noxious weed,CADR,
OH,Lepidium appelianum,Lepidium appelianum,Noxious weed,CAPU6,
OH,Sonchus arvensis,Sonchus arvensis,Noxious weed,SOAR2,L48(I)AK(I)CAN(I)SPM(I)
OH,Acroptilon repens,Acroptilon repens,Noxious weed,ACRE3,L48(I)CAN(I)
OH,Euphorbia esula,Euphorbia esula,Noxious weed,EUES,L48(I)CAN(I)
OH,Calystegia sepium,Calystegia sepium,Noxious weed,CASE13,"L48(I,N)AK(I)CAN(N)SPM(I)"
OH,Nassella trichotoma,Nassella trichotoma,Noxious weed,NATR3,L48(I)
OH,Sorghum x almum,Sorghum almum,Noxious weed,SOAL,L48(I)
OH,Carduus nutans,Carduus nutans,Noxious weed,CANU4,L48(I)CAN(I)
OH,Bassia prostrata,Bassia prostrata,Noxious weed,BAPR5,L48(I)
OH,Amaranthus tuberculatus,Amaranthus tuberculatus,Noxious weed,AMTU,L48(N)CAN(N)
OK,Carduus nutans,Carduus nutans,Noxious Weeds,CANU4,L48(I)CAN(I)
OK,Cirsium arvense,Cirsium arvense,Noxious Weeds,CIAR4,L48(I)AK(I)CAN(I)GL(I)SPM(I)
OK,Onopordum acanthium,Onopordum acanthium,Noxious Weeds,ONAC,L48(I)CAN(W)
OR,Aegilops ovata,Aegilops ovata,"""A"" Designated Weed",AEGE,
OR,Aegilops triuncialis,Aegilops triuncialis,"""A"" Designated Weed",AETR,L48(I)
OR,Alhagi pseudalhagi,Alhagi pseudalhagi,"""A"" Designated Weed",ALMA12,
OR,Alyssum murale,Alyssum murale,"""A"" Designated Weed",ALMU,L48(I)CAN(I)
OR,Berteroa incana,Berteroa incana,"""A"" Designated Weed",BEIN2,L48(I)AK(I)CAN(I)
OR,Bryonia alba,Bryonia alba,"""A"" Designated Weed",BRAL4,L48(I)
OR,Butomus umbellatus,Butomus umbellatus,"""A"" Designated Weed",BUUM,L48(I)CAN(I)
OR,Carduus acanthoides,Carduus acanthoides,"""A"" Designated Weed",CAAC,L48(I)CAN(I)
OR,Carduus cinereus,Carduus cinereus,"""A"" Designated Weed",,
OR,Carduus crispus,Carduus crispus,"""A"" Designated Weed",CACR2,L48(I)CAN(I)
OR,Carthamus baeticus,Carthamus baeticus,"""A"" Designated Weed",CALAC3,
OR,Carthamus lanatus,Carthamus lanatus,"""A"" Designated Weed",CALA20,L48(I)CAN(I)
OR,Centaurea calcitrapa,Centaurea calcitrapa,"""A"" Designated Weed",CECA2,L48(I)CAN(I)
OR,Centaurea iberica,Centaurea iberica,"""A"" Designated Weed",CEIB,L48(I)
OR,Centaurea virgata,Centaurea virgata,"""A"" Designated Weed",CEVI,L48(I)
OR,Cuscuta japonica,Cuscuta japonica,"""A"" Designated Weed",CUJA,L48(I)
OR,Cyperus rotundus,Cyperus rotundus,"""A"" Designated Weed",CYRO,L48(I)HI(I)PR(I)VI(I)
OR,Delairea odorata,Delairea odorata,"""A"" Designated Weed",DEOD,L48(I)HI(I)
OR,Echium plantagineum,Echium plantagineum,"""A"" Designated Weed",ECPL,L48(I)CAN(I)
OR,Euphorbia oblongata,Euphorbia oblongata,"""A"" Designated Weed",EUOB4,L48(I)
OR,Galega officinalis,Galega officinalis,"""A"" Designated Weed",GAOF,L48(I)CAN(I)
OR,Heracleum mantegazzianum,Heracleum mantegazzianum,"""A"" Designated Weed",HEMA17,L48(I)CAN(I)
OR,Hieracium aurantiacum,Hieracium aurantiacum,"""A"" Designated Weed",HIAU,L48(I)AK(I)CAN(I)SPM(I)
OR,Hieracium floribundum,Hieracium x floribundum,"""A"" Designated Weed",HIFL3,L48(I)CAN(I)SPM(I)
OR,Hieracium pilosella,Hieracium pilosella,"""A"" Designated Weed",HIPI,L48(I)AK(I)CAN(I)SPM(I)
OR,Hieracium piloselloides,Hieracium piloselloides,"""A"" Designated Weed",HIPI2,L48(I)CAN(I)
OR,Hydrilla verticillata,Hydrilla verticillata,"""A"" Designated Weed",HYVE3,L48(I)
OR,Hydrocharis morsus-ranae,Hydrocharis morsus-ranae,"""A"" Designated Weed",HYMO6,L48(I)CAN(I)
OR,Limnobium laevigatum,Limnobium laevigatum,"""A"" Designated Weed",LILA7,L48(I)PR(N)
OR,Lysimachia vulgaris,Lysimachia vulgaris,"""A"" Designated Weed",LYVU,L48(I)CAN(I)
OR,Nardus stricta,Nardus stricta,"""A"" Designated Weed",NAST3,L48(I)CAN(I)GL(I)SPM(I)
OR,Nymphoides peltata,Nymphoides peltata,"""A"" Designated Weed",NYPE,L48(I)CAN(I)
OR,Onopordum tauricum,Onopordum tauricum,"""A"" Designated Weed",ONTA,L48(I)
OR,Peganum harmala,Peganum harmala,"""A"" Designated Weed",PEHA,L48(I)
OR,Pueraria lobata,Pueraria lobata,"""A"" Designated Weed",PUMOL,
OR,Saccharum ravennae,Saccharum ravennae,"""A"" Designated Weed",SARA3,L48(I)
OR,Sagittaria platyphyla,Sagittaria platyphylla,"""A"" Designated Weed",SAPL,L48(N)
OR,Solanum elaeagnifolium,Solanum elaeagnifolium,"""A"" Designated Weed",SOEL,L48(N)HI(I)PR(N)
OR,Spartina alterniflora,Spartina alterniflora,"""A"" Designated Weed",SPAL,L48(N)CAN(N)
OR,Spartina anglica,Spartina anglica,"""A"" Designated Weed",SPAN5,L48(I)CAN(I)
OR,Spartina densiflora,Spartina densiflora,"""A"" Designated Weed",SPDE2,L48(I)CAN(I)
OR,Spartina patens,Spartina patens,"""A"" Designated Weed",SPPA,L48(N)PR(N)VI(N)CAN(N)
OR,Stratiotes aloides,Stratiotes aloides,"""A"" Designated Weed",STAL6,
OR,Trapa natans,Trapa natans,"""A"" Designated Weed",TRNA,L48(I)CAN(I)
OR,Tussilago farfara,Tussilago farfara,"""A"" Designated Weed",TUFA,L48(I)CAN(I)SPM(I)
OR,Zygophyllum fabago,Zygophyllum fabago,"""A"" Designated Weed",ZYFA,L48(I)
OR,Abutilon theophrasti,Abutilon theophrasti,"""B"" Designated Weed",ABTH,L48(I)CAN(I)
OR,Acaena novae-zelandiae,Acaena novae-zelandiae,"""B"" Designated Weed",ACNO7,L48(I)
OR,Acroptilon repens,Acroptilon repens,"""B"" Designated Weed",ACRE3,L48(I)CAN(I)
OR,Adonis aestivalis,Adonis aestivalis,"""B"" Designated Weed",ADAE,L48(I)
OR,Aegilops cylindrica,Aegilops cylindrica,"""B"" Designated Weed",AECY,L48(I)
OR,Ailanthus altissima,Ailanthus altissima,"""B"" Designated Weed",AIAL,L48(I)HI(I)CAN(I)
OR,Alliaria petiolata,Alliaria petiolata,"""B"" Designated Weed",ALPE4,L48(I)AK(I)CAN(I)
OR,Ambrosia artemisiifolia,Ambrosia artemisiifolia,"""B"" Designated Weed",AMAR2,"L48(I,N)HI(I)CAN(N)"
OR,Amorpha fruticosa,Amorpha fruticosa,"""B"" Designated Weed",AMFR,L48(N)CAN(N)
OR,Anchusa officinalis,Anchusa officinalis,"""B"" Designated Weed",ANOF,L48(I)CAN(I)
OR,Arundo donax,Arundo donax,"""B"" Designated Weed",ARDO4,L48(I)HI(I)PR(I)VI(I)
OR,Brachypodium sylvaticum,Brachypodium sylvaticum,"""B"" Designated Weed",BRSY,L48(I)
OR,Buddleja davidii,Buddleja davidii,"""B"" Designated Weed",BUDA2,L48(I)HI(I)PR(I)CAN(I)
OR,Carduus nutans,Carduus nutans,"""B"" Designated Weed",CANU4,L48(I)CAN(I)
OR,Carduus pycnocephalus,Carduus pycnocephalus,"""B"" Designated Weed",CAPY2,L48(I)HI(I)
OR,Carduus tenuiflorus,Carduus tenuiflorus,"""B"" Designated Weed",CATE2,L48(I)
OR,Centaurea diffusa,Centaurea diffusa,"""B"" Designated Weed",CEDI3,L48(I)CAN(I)
OR,Centaurea pratensis,Centaurea pratensis,"""B"" Designated Weed",CENI3,
OR,Centaurea solstitialis,Centaurea solstitialis,"""B"" Designated Weed",CESO3,L48(I)CAN(I)
OR,Centaurea stoebe,Centaurea stoebe,"""B"" Designated Weed",CEST8,L48(I)HI(I)CAN(I)
OR,Chondrilla juncea,Chondrilla juncea,"""B"" Designated Weed",CHJU,L48(I)CAN(I)
OR,Cirsium arvense,Cirsium arvense,"""B"" Designated Weed",CIAR4,L48(I)AK(I)CAN(I)GL(I)SPM(I)
OR,Cirsium vulgare,Cirsium vulgare,"""B"" Designated Weed",CIVU,L48(I)AK(I)HI(I)CAN(I)SPM(I)
OR,Clematis vitalba,Clematis vitalba,"""B"" Designated Weed",CLVI6,L48(I)CAN(I)
OR,Common crupina,Common crupina,"""B"" Designated Weed",,
OR,Conium maculatum,Conium maculatum,"""B"" Designated Weed",COMA2,L48(I)CAN(I)
OR,Convolvulus arvensis,Convolvulus arvensis,"""B"" Designated Weed",COAR4,L48(I)HI(I)CAN(I)
OR,Cortaderia jubata,Cortaderia jubata,"""B"" Designated Weed",COJU2,L48(I)HI(I)
OR,Crataegis monogna,Crataegis monogna,"""B"" Designated Weed",,
OR,Crupina vulgaris,Crupina vulgaris,"""B"" Designated Weed",CRVU2,L48(I)
OR,Cuscuta approximate,Cuscuta approximata,"""B"" Designated Weed",CUAP2,L48(I)CAN(I)
OR,Cuscuta indecora,Cuscuta indecora,"""B"" Designated Weed",CUIN,L48(N)PR(N)VI(N)CAN(N)
OR,Cuscuta pentagona,Cuscuta pentagona,"""B"" Designated Weed",CUPE3,L48(N)HI(I)PR(N)CAN(N)
OR,Cynoglossum officinale,Cynoglossum officinale,"""B"" Designated Weed",CYOF,L48(I)CAN(I)
OR,Cyperus esculentus,Cyperus esculentus,"""B"" Designated Weed",CYES,"L48(I,N)HI(I)PR(I)VI(I)CAN(I)"
OR,Cytisus scoparius,Cytisus scoparius,"""B"" Designated Weed",CYSC4,L48(I)AK(I)HI(I)CAN(I)
OR,Cytisus striatus,Cytisus striatus,"""B"" Designated Weed",CYST7,L48(I)
OR,Daphne laureola,Daphne laureola,"""B"" Designated Weed",DALA11,L48(I)CAN(I)
OR,Dipsacus laciniatus,Dipsacus laciniatus,"""B"" Designated Weed",DILA4,L48(I)CAN(I)
OR,Echium pininana,Echium pininana,"""B"" Designated Weed",,
OR,Echium vulgare,Echium vulgare,"""B"" Designated Weed",,
OR,Egeria densa,Egeria densa,"""B"" Designated Weed",EGDE,L48(I)HI(I)PR(I)CAN(W)
OR,Erica lusitanica,Erica lusitanica,"""B"" Designated Weed",ERLU6,L48(I)
OR,Euphorbia esula,Euphorbia esula,"""B"" Designated Weed",EUES,L48(I)CAN(I)
OR,Euphorbia myrsinites,Euphorbia myrsinites,"""B"" Designated Weed",EUMY2,L48(I)CAN(I)
OR,Fallopia x bohemica,Fallopia x bohemica,"""B"" Designated Weed",,
OR,Fallopia japonica,Fallopia japonica,"""B"" Designated Weed",POCU6,
OR,Fallopia sachalinensis,Fallopia sachalinensis,"""B"" Designated Weed",POSA4,
OR,Genista monspessulana,Genista monspessulana,"""B"" Designated Weed",GEMO2,L48(I)
OR,Geranium lucidum,Geranium lucidum,"""B"" Designated Weed",GELU,L48(I)
OR,Geranium robertianum,Geranium robertianum,"""B"" Designated Weed",GERO,"L48(I,N)AK(I)CAN(N)SPM(N)"
OR,Halogeton glomeratus,Halogeton glomeratus,"""B"" Designated Weed",HAGL,L48(I)
OR,Hedera helix,Hedera helix,"""B"" Designated Weed",HEHE,L48(I)HI(I)CAN(I)
OR,Hedera hibernica,Hedera hibernica,"""B"" Designated Weed",HEHI12,L48(I)
OR,Hemizonia pungens,Hemizonia pungens,"""B"" Designated Weed",CEPUP6,
OR,Hypericum perforatum,Hypericum perforatum,"""B"" Designated Weed",HYPE,L48(I)HI(I)CAN(I)SPM(I)
OR,Impatiens glandulifera,Impatiens glandulifera,"""B"" Designated Weed",IMGL,L48(I)CAN(I)
OR,Iris pseudacorus,Iris pseudacorus,"""B"" Designated Weed",IRPS,L48(I)CAN(I)
OR,Isatis tinctoria,Isatis tinctoria,"""B"" Designated Weed",ISTI,L48(I)CAN(W)
OR,Jacobaea vulgaris,Jacobaea vulgaris,"""B"" Designated Weed",SEJA,
OR,Kochia scoparia,Kochia scoparia,"""B"" Designated Weed",BASC5,
OR,Lamiastrum galeobdolon,Lamiastrum galeobdolon,"""B"" Designated Weed",LAGA2,L48(I)
OR,Lathyrus latifolius,Lathyrus latifolius,"""B"" Designated Weed",LALA4,L48(I)HI(I)CAN(I)
OR,Lepidium chalepensis,Lepidium repens,"""B"" Designated Weed",CACH42,
OR,Lepidium draba,Lepidium draba,"""B"" Designated Weed",CADR,
OR,Lepidium latifolium,Lepidium latifolium,"""B"" Designated Weed",LELA2,L48(I)CAN(I)
OR,Lepidium pubescens,Lepidium pubescens,"""B"" Designated Weed",LEST2,
OR,Linaria dalmatica,Linaria dalmatica,"""B"" Designated Weed",LIDA,L48(I)CAN(I)
OR,Linaria vulgaris,Linaria vulgaris,"""B"" Designated Weed",LIVU2,L48(I)AK(I)CAN(I)GL(I)SPM(I)
OR,Ludwigia grandiflora,Ludwigia grandiflora,"""B"" Designated Weed",LUGR9,L48(I)
OR,Ludwigia hexapetala,Ludwigia hexapetala,"""B"" Designated Weed",LUGRH,
OR,Ludwigia peploides,Ludwigia peploides,"""B"" Designated Weed",LUPE5,"L48(I,N)PR(N)"
OR,Lythrum salicaria,Lythrum salicaria,"""B"" Designated Weed",LYSA2,L48(I)CAN(I)SPM(I)
OR,Myriophyllum aquaticum,Myriophyllum aquaticum,"""B"" Designated Weed",MYAQ2,L48(I)HI(I)CAN(I)
OR,Myriophyllum spicatum,Myriophyllum spicatum,"""B"" Designated Weed",MYSP2,L48(I)AK(I)CAN(I)
OR,Onopordum acanthium,Onopordum acanthium,"""B"" Designated Weed",ONAC,L48(I)CAN(W)
OR,Orabanche minor,Orobanche minor,"""B"" Designated Weed",ORMI,L48(I)
OR,Phalaris arundinacea var. picta,Phalaris arundinacea var. picta,"""B"" Designated Weed",PHAR3,
OR,Phragmities australis ssp. australis,Phragmites australis,"""B"" Designated Weed",PHAU7,"L48(I,N)HI(I)CAN(N)"
OR,Pilosella caespitosum,Pilosella caespitosum,"""B"" Designated Weed",,
OR,Polygonum polystachyum,Polygonum polystachyum,"""B"" Designated Weed",POPO5,L48(I)CAN(I)SPM(I)
OR,Potentilla recta,Potentilla recta,"""B"" Designated Weed",PORE5,L48(I)CAN(I)
OR,Ranunculus ficaria,Ranunculus ficaria,"""B"" Designated Weed",RAFI,L48(I)CAN(I)
OR,Rorippa sylvestris,Rorippa sylvestris,"""B"" Designated Weed",ROSY,L48(I)AK(I)CAN(I)GL(I)
OR,Rosa cana,Rosa cana,"""B"" Designated Weed",,
OR,Rosa rubiginosa,Rosa rubiginosa,"""B"" Designated Weed",,
OR,Rubus armeniacus,Rubus armeniacus,"""B"" Designated Weed",RUAR9,L48(I)HI(I)CAN(I)
OR,Salvia aethiopis,Salvia aethiopis,"""B"" Designated Weed",SAAE,L48(I)
OR,Senecio jacobaea,Senecio jacobaea,"""B"" Designated Weed",SEJA,L48(I)CAN(I)SPM(I)
OR,Silybum marianum,Silybum marianum,"""B"" Designated Weed",SIMA3,L48(I)CAN(I)
OR,Solanum rostratum,Solanum rostratum,"""B"" Designated Weed",SORO,L48(N)CAN(W)
OR,Sorghum halepense,Sorghum halepense,"""B"" Designated Weed",SOHA,L48(I)HI(I)PR(I)CAN(I)
OR,Spartium junceum,Spartium junceum,"""B"" Designated Weed",SPJU2,L48(I)HI(I)
OR,Sphaerophysa salsula,Sphaerophysa salsula,"""B"" Designated Weed",SPSA3,L48(I)CAN(I)
OR,Taeniatherum caput-medusae,Taeniatherum caput-medusae,"""B"" Designated Weed",TACA8,L48(I)
OR,Tamarix ramosissima,Tamarix ramosissima,"""B"" Designated Weed",TARA,L48(I)
OR,Tribulus terrestris,Tribulus terrestris,"""B"" Designated Weed",TRTE,L48(I)HI(I)CAN(W)
OR,Ulex europaeus,Ulex europaeus,"""B"" Designated Weed",ULEU,L48(I)HI(I)CAN(I)
OR,Ventenata dubia,Ventenata dubia,"""B"" Designated Weed",VEDU,L48(I)CAN(I)
OR,Xanthium spinosum,Xanthium spinosum,"""B"" Designated Weed",XASP2,L48(I)CAN(I)
PA,Amaranthus palmeri,Amaranthus palmeri,Class A Noxious Weeds,AMPA,L48(N)CAN(I)
PA,Amaranthus rudis,Amaranthus rudis,Class A Noxious Weeds,AMTU,
PA,Amaranthus tuberculatus,Amaranthus tuberculatus,Class A Noxious Weeds,AMTU,L48(N)CAN(N)
PA,Avena sterilis,Avena sterilis,Class A Noxious Weeds,AVST,L48(I)CAN(W)
PA,Carduus nutans,Carduus nutans,Class B Noxious Weeds,CANU4,L48(I)CAN(I)
PA,Cirsium arvense,Cirsium arvense,Class B Noxious Weeds,CIAR4,L48(I)AK(I)CAN(I)GL(I)SPM(I)
PA,Cirsium vulgare,Cirsium vulgare,Class B Noxious Weeds,CIVU,L48(I)AK(I)HI(I)CAN(I)SPM(I)
PA,Conium maculatum,Conium maculatum,Class B Noxious Weeds,COMA2,L48(I)CAN(I)
PA,Cuscuta spp.,Cuscuta spp.,Class A Noxious Weeds,NA,
PA,Galega officinalis,Galega officinalis,Class A Noxious Weeds,GAOF,L48(I)CAN(I)
PA,Heracleum mantegazzianum,Heracleum mantegazzianum,Class A Noxious Weeds,HEMA17,L48(I)CAN(I)
PA,Hydrilla verticillata,Hydrilla verticillata,Class A Noxious Weeds,HYVE3,L48(I)
PA,Lythrum salicaria,Lythrum salicaria,Class B Noxious Weeds,LYSA2,L48(I)CAN(I)SPM(I)
PA,Oplismenus hirtellus,Oplismenus hirtellus,Class A Noxious Weeds,OPHI,"L48(I,N)HI(I)PR(N)VI(N)"
PA,Orobanche spp.,Orobanche spp.,Class A Noxious Weeds,NA,
PA,Persicaria perfoliata,Persicaria perfoliata,Class B Noxious Weeds,POPE10,
PA,Pueraria lobata,Pueraria lobata,Class A Noxious Weeds,PUMOL,
PA,Rosa multiflora,Rosa multiflora,Class B Noxious Weeds,ROMU,L48(I)CAN(I)
PA,Sorghum bicolor,Sorghum bicolor,Class B Noxious Weeds,SOBI2,L48(I)HI(I)PR(I)VI(I)CAN(I)
PA,Sorghum halepense,Sorghum halepense,Class B Noxious Weeds,SOHA,L48(I)HI(I)PR(I)CAN(I)
PR,Acasia farnesiana,Acacia farnesiana,Noxious Weeds,ACFA,L48(N)HI(I)PR(N)VI(N)
PR,Acasia farnesiana,Acacia farnesiana,Noxious Weeds,VAFA,
PR,Albizia procera,Albizia procera,Noxious Weeds,ALPR,L48(I)PR(I)
PR,Borreria alata,Borreria alata,Noxious Weeds,SPAL3,
PR,Calotropis procera,Calotropis procera,Noxious Weeds,CAPR,L48(I)HI(I)PR(I)VI(I)
PR,Cleome viscosa,Cleome viscosa,Noxious weed,CLVI9,L48(I)PR(I)VI(I)
PR,Cuscuta sp.,Cuscuta sp.,Noxious Weeds,NA,
PR,Datura stramonium,Datura stramonium,Noxious Weeds,DAST,L48(I)HI(I)PR(I)VI(I)CAN(I)
PR,Eichornia crassipes,Eichhornia crassipes,Noxious Weeds,EICR,L48(I)HI(I)PR(I)VI(I)CAN(W)
PR,Eleusine indica,Eleusine indica,Noxious Weeds,ELIN3,L48(I)HI(I)PR(I)VI(I)CAN(I)
PR,Euphorbia heterophylla,Euphorbia heterophylla,Noxious Weeds,EUHE4,L48(N)HI(I)PR(N)VI(N)
PR,Imperata brasiliensis,Imperata brasiliensis,Noxious Weeds,IMBR,L48(I)PR(I)
PR,Imperata cylindrica,Imperata cylindrica,Noxious Weeds,IMCY,L48(I)
PR,Ipomoea sp.,Ipomoea hispida,Noxious Weeds,IPER,
PR,Ipomoea triloba,Ipomoea triloba,Noxious Weeds,IPBA2,
PR,Ipomoea triloba,Ipomoea triloba,Noxious Weeds,IPTR2,L48(I)HI(I)PR(N)VI(N)
PR,Ipomoea triloba,Ipomoea triloba,Noxious Weeds,IPBA2,
PR,Ipomoea triloba,Ipomoea triloba,Noxious Weeds,IPTR2,L48(I)HI(I)PR(N)VI(N)
PR,Jatropha gossypifolia,Jatropha gossypiifolia,Noxious Weeds,JAGO,"L48(I,N)HI(I)PR(N)VI(N)"
PR,Mimosa casta,Mimosa casta,Noxious Weeds,MICA9,PR(N)
PR,Opuntia dilleni,Opuntia dillenii,Noxious Weeds,OPDI3,L48(N)PR(N)VI(N)
PR,Orobanche sp.,Orobanche sedii,Noxious Weeds,ORUN,
PR,Parthenium hysterophorus,Parthenium hysterophorus,Noxious Weeds,PAHY,L48(I)HI(I)PR(I)VI(I)
PR,Prosopis juliflora,Prosopis juliflora,Noxious Weeds,PRJU3,HI(I)
PR,Prosopis juliflora,Prosopis juliflora,Noxious Weeds,PRVE,
PR,Prosopis juliflora,Prosopis juliflora,Noxious Weeds,PRJU3,HI(I)
PR,Prosopis juliflora,Prosopis juliflora,Noxious Weeds,PRVE,
PR,Rottboelia cochinchinensis,Rottboellia cochinchinensis,Noxious Weeds,ROCO6,L48(I)PR(I)
PR,Solanum viarum,Solanum viarum,Noxious Weeds,SOVI2,L48(I)
PR,Sorghum halepense,Sorghum halepense,Noxious Weeds,SOHA,L48(I)HI(I)PR(I)CAN(I)
PR,Xanthium strumarium,Xanthium strumarium,Noxious Weeds,XAST,L48(N)HI(I)PR(N)VI(N)CAN(N)
RI,Agropyron repens,Agropyron repens,Prohibited Noxious Weed,ELRE4,
RI,Cirsium arvense,Cirsium arvense,Prohibited Noxious Weed,CIAR4,L48(I)AK(I)CAN(I)GL(I)SPM(I)
RI,Convolvulus arvensis,Convolvulus arvensis,Prohibited Noxious Weed,COAR4,L48(I)HI(I)CAN(I)
RI,Cyperus spp,Cyperus asper,Prohibited Noxious Weed,CYMU4,
SC,Aeginetia spp.,Aeginetia spp.,Plant Pests,NA,
SC,Ageratina adenophora,Ageratina adenophora,Plant Pests,AGAD2,L48(I)HI(I)
SC,Agrostemma githago,Agrostemma githago,Plant Pests,AGGI,L48(I)AK(I)CAN(I)
SC,Alectra spp.,Alectra aspera,Plant Pests,ALFL2,
SC,Alternanthera philoxeroides (Mart.) Griscb.,Alternanthera philoxeroides,Plant Pests,ALPH,L48(I)PR(I)
SC,Alternanthera sessilis,Alternanthera sessilis,Plant Pests,ALSE4,L48(I)HI(I)PR(N)VI(N)
SC,Asphodelus fistulosus,Asphodelus fistulosus,Plant Pests,ASFI2,L48(I)
SC,Avena sterilis,Avena sterilis,Plant Pests,AVST,L48(I)CAN(W)
SC,A. ludoviciana,Avena ludoviciana,Plant Pests,AVSTL3,
SC,Azolla pinnata R. Brown,Azolla pinnata,Plant Pests,AZPI,L48(I)
SC,Calonyction muricatum,Calonyction muricatum,Plant Pests,IPTU3,
SC,Cardiospermum halicacabum,Cardiospermum halicacabum,Plant Pests,CAHA13,L48(I)HI(I)PR(N)VI(N)
SC,Carthamus cauox,Carthamus cauox,Plant Pests,,
SC,Carthamus oxyacantha,Carthamus oxyacantha,Plant Pests,CAOX6,
SC,Caulerpa taxifolia,Caulerpa taxifolia,Plant Pests,CATA5,L48(I)
SC,Centaurea repens,Centaurea repens,Plant Pests,ACRE3,
SC,Chrysopogon aciculatus,Chrysopogon aciculatus,Plant Pests,CHAC,L48(I)HI(I)
SC,Citrus reticulata var. unshu,Citrus reticulata ssp. unshiu,Plant Pests,CIREU,
SC,Cnicus benedictus,Cnicus benedictus,Plant Pests,CNBE,L48(I)CAN(I)
SC,Commelina benghalensis,Commelina benghalensis,Plant Pests,COBE2,L48(I)HI(I)PR(I)
SC,Crupina vulgaris,Crupina vulgaris,Plant Pests,CRVU2,L48(I)
SC,Cuscuta spp.,Cuscuta spp.,Plant Pests,NA,
SC,Digitaria abyssinica,Digitaria abyssinica,Plant Pests,DIAB,HI(I)
SC,Digitaria velutina,Digitaria velutina,Plant Pests,DIVE2,L48(I)
SC,Drymaria arenarioides H.B.K.,Drymaria arenarioides,Plant Pests,DRAR7,
SC,Egeria densa,Egeria densa,Plant Pests,EGDE,L48(I)HI(I)PR(I)CAN(W)
SC,Eichhornia azurea,Eichhornia azurea,Plant Pests,EIAZ2,L48(I)PR(I)
SC,Eichhornia crassipes,Eichhornia crassipes,Plant Pests,EICR,L48(I)HI(I)PR(I)VI(I)CAN(W)
SC,Elaeagnus angustifolia,Elaeagnus angustifolia,Plant Pests,ELAN,L48(I)CAN(I)
SC,Elaeagnus pungens,Elaeagnus pungens,Plant Pests,ELPU2,L48(I)
SC,Elaeagnus umbellata,Elaeagnus umbellata,Plant Pests,ELUM,L48(I)HI(I)CAN(I)
SC,Emex australis,Emex australis,Plant Pests,EMAU,L48(I)
SC,Emex spinosa,Emex spinosa,Plant Pests,EMSP,L48(I)HI(I)
SC,Euphorbia prunifolia,Euphorbia prunifolia,Plant Pests,EUHE4,
SC,Ficaria verna,Ficaria verna,Plant Pests,RAFI,
SC,Galega officinalis,Galega officinalis,Plant Pests,GAOF,L48(I)CAN(I)
SC,Helianthus ciliaris,Helianthus ciliaris,Plant Pests,HECI,L48(N)
SC,Heracleum mantegazzianum,Heracleum mantegazzianum,Plant Pests,HEMA17,L48(I)CAN(I)
SC,Hydrilla verticillata,Hydrilla verticillata,Plant Pests,HYVE3,L48(I)
SC,Hygrophila polysperma,Hygrophila polysperma,Plant Pests,HYPO3,L48(I)
SC,Imperata brasiliensis,Imperata brasiliensis,Plant Pests,IMBR,L48(I)PR(I)
SC,Imperata cylindrica,Imperata cylindrica,Plant Pests,IMCY,L48(I)
SC,Indula brittanica,Inula britannica,Plant Pests,INBR,L48(I)CAN(I)
SC,Ipomoea aquatica,Ipomoea aquatica,Plant Pests,IPAQ,L48(I)HI(I)PR(I)
SC,Ipomoea triloba,Ipomoea triloba,Plant Pests,IPBA2,
SC,Ipomoea triloba,Ipomoea triloba,Plant Pests,IPTR2,L48(I)HI(I)PR(N)VI(N)
SC,Ipomoea triloba,Ipomoea triloba,Plant Pests,IPBA2,
SC,Ipomoea triloba,Ipomoea triloba,Plant Pests,IPTR2,L48(I)HI(I)PR(N)VI(N)
SC,Ischaemum rugosum,Ischaemum rugosum,Plant Pests,ISRU,L48(I)
SC,Lagarosiphon major,Lagarosiphon major,Plant Pests,LAMA15,
SC,Leptochloa chinensis,Leptochloa chinensis,Plant Pests,LECH2,
SC,Limnophila sessiliflora,Limnophila sessiliflora,Plant Pests,LISE3,L48(I)
SC,Lolium temulentum,Lolium temulentum,Plant Pests,LOTE2,L48(I)AK(I)HI(I)CAN(I)
SC,Ludwigia hexapetala,Ludwigia hexapetala,Plant Pests,LUGRH,
SC,Ludwigia uruguayensis,Ludwigia uruguayensis,Plant Pests,LUGRG2,
SC,Lycium ferocissimum,Lycium ferocissimum,Plant Pests,LYFE4,L48(I)
SC,Lythrum salicaria,Lythrum salicaria,Plant Pests,LYSA2,L48(I)CAN(I)SPM(I)
SC,Melaleuca quinquenervia,Melaleuca quinquenervia,Plant Pests,MEQU,L48(I)HI(I)PR(I)
SC,Melastoma malabathricum,Melastoma malabathricum,Plant Pests,MEMA,L48(N)HI(I)
SC,Mikania cordata,Mikania cordata,Plant Pests,MICO16,
SC,Mikania micrantha,Mikania micrantha,Plant Pests,MIMI5,L48(I)PR(N)
SC,Mimosa invisa,Mimosa invisa,Plant Pests,MIDI8,
SC,Mimosa pigra,Mimosa pigra,Plant Pests,MIPE2,
SC,Monochoria hastata,Monochoria hastata,Plant Pests,MOHA2,
SC,Monochoria vaginalis,Monochoria vaginalis,Plant Pests,MOVA,L48(I)HI(I)
SC,Myriophyllum spicatum,Myriophyllum spicatum,Plant Pests,MYSP2,L48(I)AK(I)CAN(I)
SC,Najas minor,Najas minor,Plant Pests,NAMI,L48(I)CAN(I)
SC,Nassella trichotoma,Nassella trichotoma,Plant Pests,NATR3,L48(I)
SC,Nymphoides cristata,Nymphoides cristata,Plant Pests,NYCR,L48(I)
SC,Nymphoides peltata,Nymphoides peltata,Plant Pests,NYPE,L48(I)CAN(I)
SC,Opuntia aurantiaca,Opuntia aurantiaca,Plant Pests,OPAU10,
SC,Orobanche spp.,Orobanche spp.,Plant Pests,NA,
SC,Oryza longistaminata,Oryza longistaminata,Plant Pests,ORLO3,
SC,Oryza punctata,Oryza punctata,Plant Pests,ORPU13,
SC,Oryza rufipogon,Oryza rufipogon,Plant Pests,ORRU,L48(I)
SC,Oryza sativa,Oryza sativa,Plant Pests,ORSA,L48(I)PR(I)VI(I)
SC,Ottelia alismoides,Ottelia alismoides,Plant Pests,OTAL,L48(I)
SC,Paspalum scrobiculatum,Paspalum scrobiculatum,Plant Pests,PASC6,L48(I)HI(I)
SC,Pennisetum clandestinum,Pennisetum clandestinum,Plant Pests,PECL2,L48(I)HI(I)PR(I)VI(I)
SC,Pennisetum macrourum,Pennisetum macrourum,Plant Pests,PEMA80,L48(I)HI(I)
SC,Pennisetum pedicellatum,Pennisetum pedicellatum,Plant Pests,PEPE24,L48(I)
SC,Pennisetum polystachion,Pennisetum polystachion,Plant Pests,PEPO14,L48(I)HI(I)PR(I)
SC,Phragmites australis,Phragmites australis,Plant Pests,PHAU7,"L48(I,N)HI(I)CAN(N)"
SC,Pistia stratiotes,Pistia stratiotes,Plant Pests,PIST2,L48(N)HI(I)PR(N)VI(N)
SC,Polygonum perfoliatum,Polygonum perfoliatum,Plant Pests,POPE10,L48(I)
SC,Prosopis alpataco,Prosopis alpataco,Plant Pests,PRAL11,
SC,Prosopis argentina,Prosopis argentina,Plant Pests,PRAR6,
SC,Pyrus calleryana,Pyrus calleryana,Plant Pests,PYCA80,L48(I)
SC,Rottboellia cochinchinensis,Rottboellia cochinchinensis,Plant Pests,ROCO6,L48(I)PR(I)
SC,Rubus fruticosus,Rubus fruticosus,Plant Pests,RUFR80,
SC,Rubus moluccanus,Rubus moluccanus,Plant Pests,RUMO4,
SC,Saccharum spontaneum,Saccharum spontaneum,Plant Pests,SASP,L48(N)HI(I)PR(I)
SC,Sagittaria sagittifolia,Sagittaria sagittifolia,Plant Pests,SASA7,
SC,Salsola vermiculata,Salsola vermiculata,Plant Pests,SAVE6,L48(I)
SC,Salvinia auriculata,Salvinia auriculata,Plant Pests,SAAU,PR(I)
SC,Salvinia auriculata,Salvinia auriculata,Plant Pests,SAMI7,
SC,Salvinia auriculata,Salvinia auriculata,Plant Pests,SAAU,PR(I)
SC,Salvinia auriculata,Salvinia auriculata,Plant Pests,SAMI7,
SC,Salvinia biloba,Salvinia biloba,Plant Pests,SABI9,
SC,Salvinia herzogii,Salvinia herzogii,Plant Pests,SAHE7,
SC,Salvinia molesta,Salvinia molesta,Plant Pests,SAMO5,L48(I)HI(I)
SC,Setaria pallide-fusca,Setaria pallidefusca,Plant Pests,SEPUP3,
SC,Solanum tampicense,Solanum tampicense,Plant Pests,SOTA3,L48(I)
SC,Solanum torvum,Solanum torvum,Plant Pests,SOTO4,L48(I)HI(I)PR(I)VI(I)
SC,Solanum viarum,Solanum viarum,Plant Pests,SOVI2,L48(I)
SC,Sparganium erectum,Sparganium erectum,Plant Pests,SPER,L48(I)
SC,Spermacoce alata,Spermacoce alata,Plant Pests,SPAL3,
SC,Striga spp.,Striga spp.,Plant Pests,NA,
SC,Trapa natans,Trapa natans,Plant Pests,TRNA,L48(I)CAN(I)
SC,Tridax procumbens,Tridax procumbens,Plant Pests,TRPR5,L48(I)HI(I)PR(I)VI(I)
SC,Urochloa panicoides,Urochloa panicoides,Plant Pests,URPA,L48(I)
SD,Cirsium arvensis,Cirsium arvense,"Nonnative Plant Quarantine, Noxious Weed Seeds, State Noxious Weeds",CIAR4,L48(I)AK(I)CAN(I)GL(I)SPM(I)
SD,Crupina vulgaris,Crupina vulgaris,Nonnative Plant Quarantine,CRVU2,L48(I)
SD,Linaria dalmatica,Linaria dalmatica,"Nonnative Plant Quarantine, Local Noxious Weeds",LIDA,L48(I)CAN(I)
SD,Centaurea diffusa,Centaurea diffusa,"Nonnative Plant Quarantine, Local Noxious Weeds",CEDI3,L48(I)CAN(I)
SD,Cuscuta spp.,Cuscuta spp.,"Nonnative Plant Quarantine, Restricted Noxious Weed Seeds",NA,
SD,Myriophyllum spicatum,Myriophyllum spicatum,Nonnative Plant Quarantine,MYSP2,L48(I)AK(I)CAN(I)
SD,Convolvulus arvensis,Convolvulus arvensis,"Nonnative Plant Quarantine, Noxious Weed Seeds, Local Noxious Weeds",COAR4,L48(I)HI(I)CAN(I)
SD,Cardaria draba,Cardaria draba,Nonnative Plant Quarantine,CADR,L48(I)CAN(I)
SD,Sorghum halepense,Sorghum halepense,Nonnative Plant Quarantine,SOHA,L48(I)HI(I)PR(I)CAN(I)
SD,Euphorbia esula & E. pseudovirgata,Euphorbia esula,Nonnative Plant Quarantine,EUES,L48(I)CAN(I)
SD,Rosa multiflora,Rosa multiflora,Nonnative Plant Quarantine,ROMU,L48(I)CAN(I)
SD,Carduus nutans,Carduus nutans,"Nonnative Plant Quarantine, Restricted Noxious Weed Seeds, Local Noxious Weeds",CANU4,L48(I)CAN(I)
SD,Lepidium latifolium,Lepidium latifolium,Nonnative Plant Quarantine,LELA2,L48(I)CAN(I)
SD,Sonchus arvensis,Sonchus arvensis,"Nonnative Plant Quarantine, Noxious Weed Seeds, State Noxious Weeds",SOAR2,L48(I)AK(I)CAN(I)SPM(I)
SD,Carduus acanthoides,Carduus acanthoides,"Nonnative Plant Quarantine, Restricted Noxious Weed Seeds, Local Noxious Weeds",CAAC,L48(I)CAN(I)
SD,Lythrum salicaria,Lythrum salicaria,"Nonnative Plant Quarantine, State Noxious Weeds",LYSA2,L48(I)CAN(I)SPM(I)
SD,Lythrum virgatum,Lythrum virgatum,"Nonnative Plant Quarantine, State Noxious Weeds",LYVI3,L48(I)
SD,Chondrilla juncea,Chondrilla juncea,Nonnative Plant Quarantine,CHJU,L48(I)CAN(I)
SD,Centaurea repens,Centaurea repens,Nonnative Plant Quarantine,ACRE3,
SD,Centaurea maculosa,Centaurea maculosa,"Nonnative Plant Quarantine, Local Noxious Weeds",CESTM,
SD,Hypericum perforatum,Hypericum perforatum,"Nonnative Plant Quarantine, Local Noxious Weeds",HYPE,L48(I)HI(I)CAN(I)SPM(I)
SD,Centaurea solstitialis,Centaurea solstitialis,Nonnative Plant Quarantine,CESO3,L48(I)CAN(I)
SD,Linaria vulgaris,Linaria vulgaris,"Nonnative Plant Quarantine, Local Noxious Weeds",LIVU2,L48(I)AK(I)CAN(I)GL(I)SPM(I)
SD,Tilletia indica,Dillenia indica,Nonnative Plant Quarantine,DIIN6,PR(I)
SD,Amaranthus palmeri,Amaranthus palmeri,"Noxious Weed Seeds, Local Noxious Weeds",AMPA,L48(N)CAN(I)
SD,Solanum carolinense,Solanum carolinense,Noxious Weed Seeds,SOCA3,L48(N)CAN(I)
SD,Avena fatva,Avena fatua,Restricted Noxious Weed Seeds,AVFA,L48(I)AK(I)HI(I)CAN(I)
SD,Sinapis arvensis subsp. arvensis,Sinapis arvensis,Restricted Noxious Weed Seeds,SIAR4,L48(I)AK(I)HI(I)VI(I)CAN(I)GL(I)SPM(I)
SD,B. nigra,Sinapis nigra,Restricted Noxious Weed Seeds,BRNI,
SD,B. juncea,Sinapis juncea,Restricted Noxious Weed Seeds,BRJU,
SD,Calystegia sepium,Calystegia sepium,Restricted Noxious Weed Seeds,CASE13,"L48(I,N)AK(I)CAN(N)SPM(I)"
SD,Daucus carotasubsp. carota,Daucus carota ssp. carota,Restricted Noxious Weed Seeds,DACAC5,
SD,Thiaspi arvense,Thlaspi arvense,Restricted Noxious Weed Seeds,THAR5,L48(I)AK(I)CAN(I)GL(I)SPM(I)
SD,Poa annua,Poa annua,Restricted Noxious Weed Seeds,POAN,L48(I)AK(I)HI(I)PR(I)CAN(I)GL(I)SPM(I)
SD,Centaurea stoebesubsp. australis,Centaurea stoebessp. australis,Restricted Noxious Weed Seeds,,
SD,Setaria faberi,Setaria faberi,Restricted Noxious Weed Seeds,SEFA,L48(I)CAN(I)
SD,Elymus repens,Elymus repens,Restricted Noxious Weed Seeds,ELRE4,L48(I)AK(I)CAN(I)GL(I)SPM(I)
SD,Artemisia absinthium,Artemisia absinthium,State Noxious Weeds,ARAB3,L48(I)CAN(I)
SD,Lepidium draba,Lepidium draba,State Noxious Weeds,CADR,
SD,Euphorbia esula,Euphorbia esula,State Noxious Weeds,EUES,L48(I)CAN(I)
SD,Tamarix ramosissima,Tamarix ramosissima,State Noxious Weeds,TARA,L48(I)
SD,Hyoscyamus niger,Hyoscyamus niger,Local Noxious Weeds,HYNI,L48(I)CAN(I)
SD,Cirsium vulgare,Cirsium vulgare,Local Noxious Weeds,CIVU,L48(I)AK(I)HI(I)CAN(I)SPM(I)
SD,Cichorium intybus,Cichorium intybus,Local Noxious Weeds,CIIN,L48(I)CAN(I)SPM(I)
SD,Arctium minus,Arctium minus,Local Noxious Weeds,ARMI2,L48(I)CAN(I)SPM(I)
SD,Verbascum thapsus,Verbascum thapsus,Local Noxious Weeds,VETH,L48(I)AK(I)HI(I)CAN(I)
SD,Tanacetum vulgare,Tanacetum vulgare,Local Noxious Weeds,TAVU,L48(I)AK(I)HI(I)CAN(I)SPM(I)
SD,Butomus umbellatus,Butomus umbellatus,Local Noxious Weeds,BUUM,L48(I)CAN(I)
SD,Polygonum sachalinense,Polygonum sachalinense,Local Noxious Weeds,POSA4,L48(I)AK(I)CAN(I)
SD,Cynoglossum officinale,Cynoglossum officinale,Local Noxious Weeds,CYOF,L48(I)CAN(I)
SD,Chrysanthemum leucanthemu,Chrysanthemum leucanthemum,Local Noxious Weeds,LEVU,
SD,Phragmites australis subsp. australis,Phragmites australis,Local Noxious Weeds,PHAU7,"L48(I,N)HI(I)CAN(N)"
SD,Haplotyme M,Haplotyme,Local Noxious Weeds,,
SD,Conium maculatum,Conium maculatum,Local Noxious Weeds,COMA2,L48(I)CAN(I)
SD,Tribulus terrestris,Tribulus terrestris,Local Noxious Weeds,TRTE,L48(I)HI(I)CAN(W)
SD,Onopordum acanthium,Onopordum acanthium,Local Noxious Weeds,ONAC,L48(I)CAN(W)
SD,Marrubium vulgare,Marrubium vulgare,Local Noxious Weeds,MAVU,L48(I)AK(I)HI(I)CAN(I)
SD,Pastinaca sativa,Pastinaca sativa,Local Noxious Weeds,PASA2,L48(I)AK(I)CAN(W)SPM(W)
SD,Rhaponticum repens,Rhaponticum repens,Prohibited noxious weed seeds,,
TN,Commelina benghalensis,Commelina benghalensis,Pest Plant,COBE2,L48(I)HI(I)PR(I)
TN,Elaeagnus pungens,Elaeagnus pungens,Pest Plant,ELPU2,L48(I)
TN,Elaeagnus umbellata,Elaeagnus umbellata,Pest Plant,ELUM,L48(I)HI(I)CAN(I)
TN,Imperata cylindrica,Imperata cylindrica,Pest Plant,IMCY,L48(I)
TN,Ligustrum sinense,Ligustrum sinense,Pest Plant,LISI,L48(I)HI(I)PR(I)
TN,Ligustrum sinense,Ligustrum sinense,Prohibited,LISI,L48(I)HI(I)PR(I)
TN,Ligustrum vulgare,Ligustrum vulgare,Pest Plant,LIVU,L48(I)CAN(I)
TN,Lonicera maackii,Lonicera maackii,Pest Plant,LOMA6,L48(I)CAN(I)
TN,Lonicera morrowii,Lonicera morrowii,Pest Plant,LOMO2,L48(I)CAN(I)
TN,Lonicera x bella,Lonicera x bella,Pest Plant,LOBE,L48(I)CAN(I)
TN,Lythrum salicaria,Lythrum salicaria,Pest Plant,LYSA2,L48(I)CAN(I)SPM(I)
TN,Lythrum virgatum,Lythrum virgatum,Pest Plant,LYVI3,L48(I)
TN,Rosa multiflora,Rosa multiflora,Pest Plant,ROMU,L48(I)CAN(I)
TN,Salvinia molesta,Salvinia molesta,Pest Plant,SAMO5,L48(I)HI(I)
TX,Alhagi camelorum,Alhagi camelorum,Noxious Plants,ALMA12,
TX,Alternanthera philoxeroides,Alternanthera philoxeroides,Noxious Plants,ALPH,L48(I)PR(I)
TX,Arundo donax,Arundo donax,Noxious Plants,ARDO4,L48(I)HI(I)PR(I)VI(I)
TX,Calystegia sepium,Calystegia sepium,Noxious Plants,CASE13,"L48(I,N)AK(I)CAN(N)SPM(I)"
TX,Cardiospermum halicacabum,Cardiospermum halicacabum,Noxious Plants,CAHA13,L48(I)HI(I)PR(N)VI(N)
TX,Cuscuta japonica,Cuscuta japonica,Noxious Plants,CUJA,L48(I)
TX,Eichhornia azurea,Eichhornia azurea,Noxious Plants,EIAZ2,L48(I)PR(I)
TX,Eichhornia crassipes,Eichhornia crassipes,Noxious Plants,EICR,L48(I)HI(I)PR(I)VI(I)CAN(W)
TX,Hydrilla verticillata,Hydrilla verticillata,Noxious Plants,HYVE3,L48(I)
TX,Lagarosiphon major,Lagarosiphon major,Noxious Plants,LAMA15,
TX,Lygodium japonicum,Lygodium japonicum,Invasive Plants,LYJA,L48(I)HI(I)PR(I)
TX,Lythrum salicaria,Lythrum salicaria,Noxious Plants,LYSA2,L48(I)CAN(I)SPM(I)
TX,Melaleuca quinquenervia,Melaleuca quinquenervia,Noxious Plants,MEQU,L48(I)HI(I)PR(I)
TX,Melia azedarach,Melia azedarach,Invasive Plants,MEAZ,L48(I)HI(I)PR(I)VI(I)
TX,Myriophyllum spicatum,Myriophyllum spicatum,Noxious Plants,MYSP2,L48(I)AK(I)CAN(I)
TX,Nassella trichotoma,Nassella trichotoma,Noxious Plants,NATR3,L48(I)
TX,Orobanche ramose,Orobanche ramosa,Noxious Plants,ORRA,L48(I)
TX,Panicum repens,Panicum repens,Noxious Plants,PARE3,L48(I)HI(I)
TX,Pistia stratiotes,Pistia stratiotes,Noxious Plants,PIST2,L48(N)HI(I)PR(N)VI(N)
TX,Pueraria montana,Pueraria montana,Noxious Plants,PUMO,L48(I)HI(I)
TX,Pueraria montana,Pueraria montana,Invasive Plants,PUMO,L48(I)HI(I)
TX,Rottboellia cochinchinensis,Rottboellia cochinchinensis,Noxious Plants,ROCO6,L48(I)PR(I)
TX,Salvinia spp.,Salvinia spp.,Noxious Plants,NA,
TX,Schinus terebinthifolius,Schinus terebinthifolius,Noxious Plants,SCTE,L48(I)HI(I)PR(I)VI(I)
TX,Solanum viarum,Solanum viarum,Noxious Plants,SOVI2,L48(I)
TX,Solanum viarum,Solanum viarum,Invasive Plants,SOVI2,L48(I)
TX,Spirodela oligorrhiza,Spirodela oligorrhiza,Noxious Plants,LAPU12,
TX,Tamarix spp.,Tamarix spp.,Noxious Plants,NA,
TX,Tamarix spp.,Tamarix spp.,Invasive Plants,NA,
TX,Triadica sebifera,Triadica sebifera,Noxious Plants,TRSE6,L48(I)
TX,Triadica sebifera,Triadica sebifera,Invasive Plants,TRSE6,L48(I)
UT,Crupina vulgaris,Crupina vulgaris,Noxious Weed,CRVU2,L48(I)
UT,Peganum harmala,Peganum harmala,Noxious Weed,PEHA,L48(I)
UT,Anchusa arvensis,Anchusa arvensis,Noxious Weed,ANAR16,L48(I)CAN(I)
UT,Salvia aethiopis,Salvia aethiopis,Noxious Weed,SAAE,L48(I)
UT,Milium vernale,Milium vernale,Noxious Weed,MIVE3,L48(I)
UT,Zygophyllum fabago,Zygophyllum fabago,Noxious Weed,ZYFA,L48(I)
UT,Carduus acanthiodes,Carduus acanthoides,Noxious Weed,CAAC,L48(I)CAN(I)
UT,Centaurea melitensis,Centaurea melitensis,Noxious Weed,CEME2,L48(I)HI(I)CAN(I)
UT,Alhagi maurorum,Alhagi maurorum,Noxious Weed,ALMA12,L48(I)
UT,Alliaria petiolata,Alliaria petiolata,Noxious Weed,ALPE4,L48(I)AK(I)CAN(I)
UT,Cantaurea calcitrapa,Centaurea calcitrapa,Noxious Weed,CECA2,L48(I)CAN(I)
UT,Galega officinalis,Galega officinalis,Noxious Weed,GAOF,L48(I)CAN(I)
UT,Brassica tournefortii,Brassica tournefortii,Noxious Weed,BRTO,L48(I)
UT,Arundo donax,Arundo donax,Noxious Weed,ARDO4,L48(I)HI(I)PR(I)VI(I)
UT,Polygonum cuspidatum,Polygonum cuspidatum,Noxious Weed,POCU6,L48(I)AK(I)CAN(I)SPM(I)
UT,Echium vulgare,Echium vulgare,Noxious Weed,ECVU,L48(I)AK(I)CAN(W)SPM(I)
UT,Brassica elongate,Brassica elongata,Noxious Weed,BREL2,L48(I)
UT,Hypericum perforatum,Hypericum perforatum,Noxious Weed,HYPE,L48(I)HI(I)CAN(I)SPM(I)
UT,Leucanthemum vulgare,Leucanthemum vulgare,Noxious Weed,LEVU,L48(I)AK(I)HI(I)CAN(I)SPM(I)
UT,Scorzonera laciniata,Scorzonera laciniata,Noxious Weed,SCLA6,L48(I)
UT,Ventenata dubia,Ventenata dubia,Noxious Weed,VEDU,L48(I)CAN(I)
UT,Euphorbia esula,Euphorbia esula,Noxious Weed,EUES,L48(I)CAN(I)
UT,Taeniatherum caput-medusae,Taeniatherum caput-medusae,Noxious Weed,TACA8,L48(I)
UT,chondrilla juncea,Chondrilla juncea,Noxious Weed,CHJU,L48(I)CAN(I)
UT,Centaurea maculosa,Centaurea maculosa,Noxious Weed,CESTM,
UT,Lythrum salicaria,Lythrum salicaria,Noxious Weed,LYSA2,L48(I)CAN(I)SPM(I)
UT,Centaurea Squarrosa,Centaurea squarrosa,Noxious Weed,CEVIS2,
UT,Isatis tinctoria,Isatis tinctoria,Noxious Weed,ISTI,L48(I)CAN(W)
UT,Centaurea solstitialis,Centaurea solstitialis,Noxious Weed,CESO3,L48(I)CAN(I)
UT,Linaria vulgaris,Linaria vulgaris,Noxious Weed,LIVU2,L48(I)AK(I)CAN(I)GL(I)SPM(I)
UT,Centaurea diffusa (Lam.),Centaurea diffusa,Noxious Weed,CEDI3,L48(I)CAN(I)
UT,Hyoseyamus niger (L.),Hyoscyamus niger,Noxious Weed,HYNI,L48(I)CAN(I)
UT,Linaria dalmatica,Linaria dalmatica,Noxious Weed,LIDA,L48(I)CAN(I)
UT,Centaurea repens,Centaurea repens,Noxious Weed,ACRE3,
UT,Cynoglossum officianale,Cynoglossum officinale,Noxious Weed,CYOF,L48(I)CAN(I)
UT,Lepidium latifolium,Lepidium latifolium,Noxious Weed,LELA2,L48(I)CAN(I)
UT,phragmites australis ssp.,Phragmites australis,Noxious Weed,PHAU7,"L48(I,N)HI(I)CAN(N)"
UT,Tamarix ramosissima,Tamarix ramosissima,Noxious Weed,TARA,L48(I)
UT,Cardaria spp.,Cardaria spp.,Noxious Weed,NA,
UT,Cirsium arvense (L.) Scop.,Cirsium arvense,Noxious Weed,CIAR4,L48(I)AK(I)CAN(I)GL(I)SPM(I)
UT,Conium maculatum,Conium maculatum,Noxious Weed,COMA2,L48(I)CAN(I)
UT,Carduus nutans,Carduus nutans,Noxious Weed,CANU4,L48(I)CAN(I)
UT,Agropyron repens (L.) Beauv.,Agropyron repens,Noxious Weed,ELRE4,
UT,Aegilops cylindrica,Aegilops cylindrica,Noxious Weed,AECY,L48(I)
UT,Cynodon dactylon (L.) Pers.,Cynodon dactylon,Noxious Weed,CYDA,L48(I)HI(I)PR(I)VI(I)CAN(W)SPM(W)
UT,Sorghum halepense (L.) Pers.,Sorghum halepense,Noxious Weed,SOHA,L48(I)HI(I)PR(I)CAN(I)
UT,Sorghum almum,Sorghum almum,Noxious Weed,SOAL,L48(I)
UT,Onopordium acanthium,Onopordum acanthium,Noxious Weed,ONAC,L48(I)CAN(W)
UT,Convolvulus spp.,Convolvulus sepium,Noxious Weed,CASES,
UT,Tribulus terrestris,Tribulus terrestris,Noxious Weed,TRTE,L48(I)HI(I)CAN(W)
UT,imperata cylindrical,Imperata cylindrica,Noxious Weed,IMCY,L48(I)
UT,Euphorbia myrsinites,Euphorbia myrsinites,Noxious Weed,EUMY2,L48(I)CAN(I)
UT,Hesperis matronalis,Hesperis matronalis,Noxious Weed,HEMA3,L48(I)AK(I)CAN(I)
UT,Cytisus scoparius,Cytisus scoparius,Noxious Weed,CYSC4,L48(I)AK(I)HI(I)CAN(I)
UT,Elaeagnus angustifolia,Elaeagnus angustifolia,Noxious Weed,ELAN,L48(I)CAN(I)
VA,Ailanthus altissima,Ailanthus altissima,Tier 3 Noxious Weed,AIAL,L48(I)HI(I)CAN(I)
VA,Ampelopsis brevipedunculata,Ampelopsis brevipedunculata,Tier 3 Noxious Weed,AMBR7,L48(I)
VA,Celastrus orbiculatus,Celastrus orbiculatus,Tier 3 Noxious Weed,CEOR7,L48(I)CAN(I)
VA,Corydalis incisa,Corydalis incisa,Tier 2 Noxious Weed,COIN21,L48(I)
VA,Heracleum mantegazzianum,Heracleum mantegazzianum,Tier 1 Noxious Weed,HEMA17,L48(I)CAN(I)
VA,Hydrilla verticillata,Hydrilla verticillata,Tier 3 Noxious Weed,HYVE3,L48(I)
VA,Imperata cylindrica,Imperata cylindrica,Tier 2 Noxious Weed,IMCY,L48(I)
VA,Ipomoea aquatica,Ipomoea aquatica,Tier 2 Noxious Weed,IPAQ,L48(I)HI(I)PR(I)
VA,Lythrum salicaria,Lythrum salicaria,Tier 2 Noxious Weed,LYSA2,L48(I)CAN(I)SPM(I)
VA,Oplismenus hirtellus,Oplismenus hirtellus,Tier 2 Noxious Weed,OPHI,"L48(I,N)HI(I)PR(N)VI(N)"
VA,Persicaria perfoliata,Persicaria perfoliata,Tier 3 Noxious Weed,POPE10,
VA,Salvinia molesta,Salvinia molesta,Tier 1 Noxious Weed,SAMO5,L48(I)HI(I)
VA,Solanum viarum,Solanum viarum,Tier 1 Noxious Weed,SOVI2,L48(I)
VA,Vitex rotundifolia,Vitex rotundifolia,Tier 2 Noxious Weed,VIRO80,L48(I)HI(N)
VT,Cabomba caroliniana,Cabomba caroliniana,Class A Noxious Weed,CACA,L48(N)CAN(N)
VT,Egeria densa,Egeria densa,Class A Noxious Weed,EGDE,L48(I)HI(I)PR(I)CAN(W)
VT,Hydrilla verticillata,Hydrilla verticillata,Class A Noxious Weed,HYVE3,L48(I)
VT,Hygrophila polysperma (Roxb.) T. Anderson,Hygrophila polysperma,Class A Noxious Weed,HYPO3,L48(I)
VT,Myriophyllum aquaticum (Vell.) Verdc,Myriophyllum aquaticum,Class A Noxious Weed,MYAQ2,L48(I)HI(I)CAN(I)
VT,Myriophyllum heterophyllum,Myriophyllum heterophyllum,Class A Noxious Weed,MYHE2,L48(N)CAN(N)
VT,Salvinia auriculata,Salvinia auriculata,Class A Noxious Weed,SAAU,PR(I)
VT,Salvinia auriculata,Salvinia auriculata,Class A Noxious Weed,SAMI7,
VT,Salvinia auriculata,Salvinia auriculata,Class A Noxious Weed,SAAU,PR(I)
VT,Salvinia auriculata,Salvinia auriculata,Class A Noxious Weed,SAMI7,
VT,Salvinia biloba,Salvinia biloba,Class A Noxious Weed,SABI9,
VT,Salvinia herzogii,Salvinia herzogii,Class A Noxious Weed,SAHE7,
VT,Salvinia molesta,Salvinia molesta,Class A Noxious Weed,SAMO5,L48(I)HI(I)
VT,Vincetoxicum hirundinaria,Vincetoxicum hirundinaria,Class A Noxious Weed,CYVI3,
VT,Aegopodium podagraria L,Aegopodium podagraria,Class B Noxious Weed,AEPO,L48(I)CAN(I)SPM(I)
VT,Ailanthus altissima,Ailanthus altissima,Class B Noxious Weed,AIAL,L48(I)HI(I)CAN(I)
VT,Alliaria petiolata (A. officinalis),Alliaria petiolata,Class B Noxious Weed,ALPE4,L48(I)AK(I)CAN(I)
VT,Butomus umbellatus,Butomus umbellatus,Class B Noxious Weed,BUUM,L48(I)CAN(I)
VT,Celastrus orbiculatus,Celastrus orbiculatus,Class B Noxious Weed,CEOR7,L48(I)CAN(I)
VT,Fallopia japonica (Polygonum cuspidatum),Fallopia japonica,Class B Noxious Weed,POCU6,
VT,Hydrocharis morsus-ranae L,Hydrocharis morsus-ranae,Class B Noxious Weed,HYMO6,L48(I)CAN(I)
VT,Lonicera x bella,Lonicera x bella,Class B Noxious Weed,LOBE,L48(I)CAN(I)
VT,Lonicera japonica,Lonicera japonica,Class B Noxious Weed,LOJA,L48(I)HI(I)PR(I)CAN(I)
VT,Lonicera maackii,Lonicera maackii,Class B Noxious Weed,LOMA6,L48(I)CAN(I)
VT,Lonicera morrowii,Lonicera morrowii,Class B Noxious Weed,LOMO2,L48(I)CAN(I)
VT,Lonicera tatarica,Lonicera tatarica,Class B Noxious Weed,LOTA,L48(I)AK(I)CAN(I)
VT,Lythrum salicaria,Lythrum salicaria,Class B Noxious Weed,LYSA2,L48(I)CAN(I)SPM(I)
VT,Myriophyllum spicatum,Myriophyllum spicatum,Class B Noxious Weed,MYSP2,L48(I)AK(I)CAN(I)
VT,Nymphoides peltata (Gmel.) Ktze.,Nymphoides peltata,Class B Noxious Weed,NYPE,L48(I)CAN(I)
VT,Phragmites australis,Phragmites australis,Class B Noxious Weed,PHAU7,"L48(I,N)HI(I)CAN(N)"
VT,Potamogeton crispus L,Potamogeton crispus,Class B Noxious Weed,POCR3,L48(I)CAN(I)
VT,Rhamnus cathartica,Rhamnus cathartica,Class B Noxious Weed,RHCA3,L48(I)CAN(I)
VT,Rhamnus frangula,Rhamnus frangula,Class B Noxious Weed,FRAL4,
VT,Trapa natans L,Trapa natans,Class B Noxious Weed,TRNA,L48(I)CAN(I)
VT,Vincetoxicum nigrum L,Vincetoxicum nigrum,Class B Noxious Weed,CYLO11,
VT,Acer platanoides L,Acer platanoides,Class B Noxious Weed,ACPL,L48(I)CAN(I)
VT,Acer ginnala,Acer ginnala,Class B Noxious Weed,ACGI,L48(I)CAN(I)
VT,Berberis thunbergii DC,Berberis thunbergii,Class B Noxious Weed,BETH,L48(I)CAN(I)
VT,Berberis vulgaris L,Berberis vulgaris,Class B Noxious Weed,BEVU,L48(I)CAN(I)
VT,Iris pseudocorus L,Iris pseudacorus,Class B Noxious Weed,IRPS,L48(I)CAN(I)
VT,Najas minor,Najas minor,Class B Noxious Weed,NAMI,L48(I)CAN(I)
VT,Euonymous alatus,Euonymus alatus,Class B Noxious Weed,EUAL13,L48(I)CAN(I)
WA,Abutilon theophrasti,Abutilon theophrasti,Class B,ABTH,L48(I)CAN(I)
WA,Acroptilon repens,Acroptilon repens,Class B,ACRE3,L48(I)CAN(I)
WA,Aegilops cylindrica,Aegilops cylindrica,Class C,AECY,L48(I)
WA,Ailanthus altissima,Ailanthus altissima,Class C,AIAL,L48(I)HI(I)CAN(I)
WA,Alhagi maurorum,Alhagi maurorum,Class B,ALMA12,L48(I)
WA,Alliaria petiolata,Alliaria petiolata,Class A,ALPE4,L48(I)AK(I)CAN(I)
WA,Alopecurus myosuroides,Alopecurus myosuroides,Class C,ALMY,L48(I)CAN(I)
WA,Amorpha fruticosa,Amorpha fruticosa,Class B,AMFR,L48(N)CAN(N)
WA,Anchusa arvensis,Anchusa arvensis,Class B,ANAR16,L48(I)CAN(I)
WA,Anchusa officinalis,Anchusa officinalis,Class B,ANOF,L48(I)CAN(I)
WA,Anthriscus sylvestris,Anthriscus sylvestris,Class B,ANSY,L48(I)CAN(I)GL(I)
WA,Artemisia absinthium,Artemisia absinthium,Class C,ARAB3,L48(I)CAN(I)
WA,Arum italicum,Arum italicum,Class C,ARIT,L48(I)
WA,Berberis vulgaris,Berberis vulgaris,Class C,BEVU,L48(I)CAN(I)
WA,Berteroa incana,Berteroa incana,Class B,BEIN2,L48(I)AK(I)CAN(I)
WA,Brachypodium sylvaticum,Brachypodium sylvaticum,Class A,BRSY,L48(I)
WA,Bryonia alba,Bryonia alba,Class B,BRAL4,L48(I)
WA,Buddleja davidii,Buddleja davidii,Class B,BUDA2,L48(I)HI(I)PR(I)CAN(I)
WA,Butomus umbellatus,Butomus umbellatus,Class A,BUUM,L48(I)CAN(I)
WA,Cabomba caroliniana,Cabomba caroliniana,Class B,CACA,L48(N)CAN(N)
WA,Cardaria draba,Cardaria draba,Class C,CADR,L48(I)CAN(I)
WA,Cardaria pubescens,Cardaria pubescens,Class C,CAPU6,L48(I)CAN(I)
WA,Carduus acanthoides,Carduus acanthoides,Class B,CAAC,L48(I)CAN(I)
WA,Carduus nutans,Carduus nutans,Class B,CANU4,L48(I)CAN(I)
WA,Carduus pycnocephalus,Carduus pycnocephalus,Class A,CAPY2,L48(I)HI(I)
WA,Carduus tenuiflorus,Carduus tenuiflorus,Class A,CATE2,L48(I)
WA,Cenchrus longispinus,Cenchrus longispinus,Class C,CELO3,L48(N)CAN(N)
WA,Centaurea calcitrapa,Centaurea calcitrapa,Class A,CECA2,L48(I)CAN(I)
WA,Centaurea diffusa,Centaurea diffusa,Class B,CEDI3,L48(I)CAN(I)
WA,Centaurea jacea,Centaurea jacea,Class B,CEJA,L48(I)CAN(I)GL(I)
WA,Centaurea macrocephala,Centaurea macrocephala,Class A,CEMA9,L48(I)CAN(I)
WA,Centaurea melitensis,Centaurea melitensis,Class B,CEME2,L48(I)HI(I)CAN(I)
WA,Centaurea nigra,Centaurea nigra,Class B,CENI2,L48(I)CAN(I)SPM(I)
WA,Centaurea nigrescens,Centaurea nigrescens,Class A,CENI3,L48(I)CAN(I)
WA,Centaurea solstitialis,Centaurea solstitialis,Class B,CESO3,L48(I)CAN(I)
WA,Centaurea stoebe,Centaurea stoebe,Class B,CEST8,L48(I)HI(I)CAN(I)
WA,Centaurea x moncktonii,Centaurea x moncktonii,Class B,CEMO6,L48(I)CAN(I)
WA,Chondrilla juncea,Chondrilla juncea,Class B,CHJU,L48(I)CAN(I)
WA,Cirsium arvense,Cirsium arvense,Class C,CIAR4,L48(I)AK(I)CAN(I)GL(I)SPM(I)
WA,Cirsium vulgare,Cirsium vulgare,Class C,CIVU,L48(I)AK(I)HI(I)CAN(I)SPM(I)
WA,Clematis orientalis,Clematis orientalis,Class A,CLOR,L48(I)CAN(I)
WA,Clematis vitalba,Clematis vitalba,Class C,CLVI6,L48(I)CAN(I)
WA,Conium maculatum,Conium maculatum,Class B,COMA2,L48(I)CAN(I)
WA,Convolvulus arvensis,Convolvulus arvensis,Class C,COAR4,L48(I)HI(I)CAN(I)
WA,Cortaderia jubata,Cortaderia jubata,Class C,COJU2,L48(I)HI(I)
WA,Cortaderia selloana,Cortaderia selloana,Class C,COSE4,L48(I)
WA,Crupina vulgaris,Crupina vulgaris,Class A,CRVU2,L48(I)
WA,Cuscuta approximata,Cuscuta approximata,Class C,CUAP2,L48(I)CAN(I)
WA,Cynoglossum officinale,Cynoglossum officinale,Class B,CYOF,L48(I)CAN(I)
WA,Cyperus esculentus,Cyperus esculentus,Class B,CYES,"L48(I,N)HI(I)PR(I)VI(I)CAN(I)"
WA,Cytisus scoparius,Cytisus scoparius,Class B,CYSC4,L48(I)AK(I)HI(I)CAN(I)
WA,Daphne laureola,Daphne laureola,Class B,DALA11,L48(I)CAN(I)
WA,Daucus carota,Daucus carota,Class C,DACA6,L48(I)PR(I)CAN(I)SPM(I)
WA,Dipsacus fullonum,Dipsacus fullonum,Class C,DIFU2,L48(I)CAN(I)
WA,Echium vulgare,Echium vulgare,Class B,ECVU,L48(I)AK(I)CAN(W)SPM(I)
WA,Egeria densa,Egeria densa,Class B,EGDE,L48(I)HI(I)PR(I)CAN(W)
WA,Elaeagnus angustifolia,Elaeagnus angustifolia,Class C,ELAN,L48(I)CAN(I)
WA,Epilobium hirsutum,Epilobium hirsutum,Class B,EPHI,L48(I)CAN(I)
WA,Euphorbia esula,Euphorbia esula,Class B,EUES,L48(I)CAN(I)
WA,Euphorbia myrsinites,Euphorbia myrsinites,Class B,EUMY2,L48(I)CAN(I)
WA,Euphorbia oblongata,Euphorbia oblongata,Class A,EUOB4,L48(I)
WA,Ficaria verna,Ficaria verna,Class B,RAFI,
WA,Foeniculum vulgare,Foeniculum vulgare,Class B,FOVU,L48(I)HI(I)PR(I)VI(I)CAN(I)
WA,Galega officinalis,Galega officinalis,Class A,GAOF,L48(I)CAN(I)
WA,Genista monspessulana,Genista monspessulana,Class A,GEMO2,L48(I)
WA,Geranium lucidum,Geranium lucidum,Class B,GELU,L48(I)
WA,Geranium robertianum,Geranium robertianum,Class B,GERO,"L48(I,N)AK(I)CAN(N)SPM(N)"
WA,Glyceria maxima,Glyceria maxima,Class A,GLMA3,L48(I)CAN(I)
WA,Gypsophila paniculata,Gypsophila paniculata,Class C,GYPA,L48(I)CAN(I)
WA,Hedera helix 'Baltica',Hedera helix,Class C,HEHE,L48(I)HI(I)CAN(I)
WA,Hedera helix 'Pittsburgh',Hedera helix,Class C,HEHE,L48(I)HI(I)CAN(I)
WA,Hedera helix 'Star',Hedera helix,Class C,HEHE,L48(I)HI(I)CAN(I)
WA,Hedera hibernica 'Hibernica',Hedera hibernica,Class C,HEHI12,L48(I)
WA,Helianthus ciliaris,Helianthus ciliaris,Class A,HECI,L48(N)
WA,Hemizonia pungens,Hemizonia pungens,Class C,CEPUP6,
WA,Heracleum mantegazzianum,Heracleum mantegazzianum,Class A,HEMA17,L48(I)CAN(I)
WA,Hieracium atratum,Hieracium atratum,Class B,HIAT2,
WA,Hieracium aurantiacum,Hieracium aurantiacum,Class B,HIAU,L48(I)AK(I)CAN(I)SPM(I)
WA,Hieracium caespitosum,Hieracium caespitosum,Class B,HICA10,L48(I)CAN(I)
WA,Hieracium flagellare,Hieracium x flagellare,Class B,HIFL2,L48(I)CAN(I)
WA,Hieracium glomeratum,Hieracium glomeratum,Class B,HIGL3,L48(I)
WA,Hieracium lachenalii,Hieracium lachenalii,Class B,HILA8,L48(I)CAN(N)GL(N)
WA,Hieracium lactucella,Hieracium lactucella,Class B,HILA10,L48(I)CAN(I)
WA,Hieracium laevigatum,Hieracium laevigatum,Class B,HILA4,L48(N)
WA,Hieracium maculatum,Hieracium maculatum,Class B,HIMA3,L48(I)
WA,Hieracium murorum,Hieracium murorum,Class B,HIMU,L48(I)AK(I)CAN(I)GL(I)
WA,Hieracium pilosella,Hieracium pilosella,Class B,HIPI,L48(I)AK(I)CAN(I)SPM(I)
WA,Hieracium piloselloides,Hieracium piloselloides,Class B,HIPI2,L48(I)CAN(I)
WA,Hieracium sabaudum,Hieracium sabaudum,Class B,HISA4,L48(I)CAN(I)
WA,Hieracium x floribundum,Hieracium x floribundum,Class B,HIFL3,L48(I)CAN(I)SPM(I)
WA,Hydrilla verticillata,Hydrilla verticillata,Class A,HYVE3,L48(I)
WA,Hyoscyamus niger,Hyoscyamus niger,Class C,HYNI,L48(I)CAN(I)
WA,Hypericum perforatum,Hypericum perforatum,Class C,HYPE,L48(I)HI(I)CAN(I)SPM(I)
WA,Hypochaeris radicata,Hypochaeris radicata,Class C,HYRA3,L48(I)AK(I)HI(I)CAN(I)SPM(I)
WA,Impatiens capensis,Impatiens capensis,Class C,IMCA,L48(N)CAN(N)SPM(N)
WA,Impatiens glandulifera,Impatiens glandulifera,Class B,IMGL,L48(I)CAN(I)
WA,Impatiens parviflora,Impatiens parviflora,Class A,IMPA2,CAN(I)NA(I)
WA,Iris pseudacorus,Iris pseudacorus,Class C,IRPS,L48(I)CAN(I)
WA,Isatis tinctoria,Isatis tinctoria,Class A,ISTI,L48(I)CAN(W)
WA,Kochia scoparia,Kochia scoparia,Class B,BASC5,
WA,Lamiastrum galeobdolon,Lamiastrum galeobdolon,Class B,LAGA2,L48(I)
WA,Lepidium latifolium,Lepidium latifolium,Class B,LELA2,L48(I)CAN(I)
WA,Leucanthemum vulgare,Leucanthemum vulgare,Class C,LEVU,L48(I)AK(I)HI(I)CAN(I)SPM(I)
WA,Limnobium laevigatum,Limnobium laevigatum,Class A,LILA7,L48(I)PR(N)
WA,Linaria dalmatica ssp. dalmatica,Linaria dalmatica,Class B,LIDA,L48(I)CAN(I)
WA,Linaria vulgaris,Linaria vulgaris,Class C,LIVU2,L48(I)AK(I)CAN(I)GL(I)SPM(I)
WA,Ludwigia hexapetala,Ludwigia hexapetala,Class B,LUGRH,
WA,Ludwigia peploides,Ludwigia peploides,Class A,LUPE5,"L48(I,N)PR(N)"
WA,Lysimachia vulgaris,Lysimachia vulgaris,Class B,LYVU,L48(I)CAN(I)
WA,Lythrum salicaria,Lythrum salicaria,Class B,LYSA2,L48(I)CAN(I)SPM(I)
WA,Lythrum virgatum,Lythrum virgatum,Class B,LYVI3,L48(I)
WA,Matricaria perforata,Matricaria perforata,Class C,TRPE21,
WA,Mirabilis nyctaginea,Mirabilis nyctaginea,Class A,MINY,L48(N)CAN(N)
WA,Myriophyllum aquaticum,Myriophyllum aquaticum,Class B,MYAQ2,L48(I)HI(I)CAN(I)
WA,Myriophyllum heterophyllum,Myriophyllum heterophyllum,Class A,MYHE2,L48(N)CAN(N)
WA,Myriophyllum spicatum,Myriophyllum spicatum,Class B,MYSP2,L48(I)AK(I)CAN(I)
WA,Nymphaea odorata,Nymphaea odorata,Class C,NYOD,L48(N)AK(I)PR(N)CAN(N)
WA,Nymphoides peltata,Nymphoides peltata,Class B,NYPE,L48(I)CAN(I)
WA,Onopordum acanthium,Onopordum acanthium,Class B,ONAC,L48(I)CAN(W)
WA,Phalaris arundinacea,Phalaris arundinacea,Class C,PHAR3,L48(N)AK(I)CAN(N)SPM(I)
WA,Phragmites australis,Phragmites australis,Class B,PHAU7,"L48(I,N)HI(I)CAN(N)"
WA,Picris hieracioides,Picris hieracioides,Class B,PIHI,"L48(I,N)AK(N)HI(I)CAN(I)"
WA,Polygonum cuspidatum,Polygonum cuspidatum,Class B,POCU6,L48(I)AK(I)CAN(I)SPM(I)
WA,Polygonum polystachyum,Polygonum polystachyum,Class B,POPO5,L48(I)CAN(I)SPM(I)
WA,Polygonum sachalinense,Polygonum sachalinense,Class B,POSA4,L48(I)AK(I)CAN(I)
WA,Polygonum x bohemicum,Polygonum x bohemicum,Class B,POBO10,CAN(I)NA(I)
WA,Potamogeton crispus,Potamogeton crispus,Class C,POCR3,L48(I)CAN(I)
WA,Potentilla recta,Potentilla recta,Class B,PORE5,L48(I)CAN(I)
WA,Pueraria montana var. lobata,Pueraria montana var. lobata,Class A,PUMOL,L48(I)HI(I)
WA,Rorippa austriaca,Rorippa austriaca,Class C,ROAU,L48(I)CAN(I)
WA,Rubus armeniacus,Rubus armeniacus,Class C,RUAR9,L48(I)HI(I)CAN(I)
WA,Rubus laciniatus,Rubus laciniatus,Class C,RULA,L48(I)CAN(I)
WA,Saccharum ravennae,Saccharum ravennae,Class B,SARA3,L48(I)
WA,Sagittaria graminea,Sagittaria graminea,Class B,SAGR,L48(N)CAN(N)
WA,Salvia aethiopis,Salvia aethiopis,Class A,SAAE,L48(I)
WA,Salvia pratensis,Salvia pratensis,Class A,SAPR2,L48(I)CAN(I)
WA,Salvia sclarea,Salvia sclarea,Class A,SASC2,L48(I)CAN(W)
WA,Schoenoplectus mucronatus,Schoenoplectus mucronatus,Class A,SCMU15,
WA,Secale cereale,Secale cereale,Class C,SECE,L48(I)AK(I)CAN(W)GL(W)
WA,Senecio jacobaea,Senecio jacobaea,Class B,SEJA,L48(I)CAN(I)SPM(I)
WA,Senecio vulgaris,Senecio vulgaris,Class C,SEVU,L48(I)AK(I)HI(I)CAN(I)GL(I)SPM(I)
WA,Silene latifolia ssp. alba,Silene latifolia,Class C,SILA21,L48(I)AK(I)CAN(I)GL(I)SPM(I)
WA,Silene latifolia ssp. alba,Silene latifolia,Class C,SIVU,
WA,Silene latifolia ssp. alba,Silene latifolia,Class C,SILA21,L48(I)AK(I)CAN(I)GL(I)SPM(I)
WA,Silene latifolia ssp. alba,Silene latifolia,Class C,SIVU,
WA,Silybum marianum,Silybum marianum,Class A,SIMA3,L48(I)CAN(I)
WA,Solanum elaeagnifolium,Solanum elaeagnifolium,Class A,SOEL,L48(N)HI(I)PR(N)
WA,Solanum rostratum,Solanum rostratum,Class C,SORO,L48(N)CAN(W)
WA,Soliva sessilis,Soliva sessilis,Class C,SOSE2,L48(I)HI(I)CAN(I)
WA,Sonchus arvensis ssp. arvensis,Sonchus arvensis,Class C,SOAR2,L48(I)AK(I)CAN(I)SPM(I)
WA,Sorghum halepense,Sorghum halepense,Class A,SOHA,L48(I)HI(I)PR(I)CAN(I)
WA,Spartina alterniflora,Spartina alterniflora,Class A,SPAL,L48(N)CAN(N)
WA,Spartina anglica,Spartina anglica,Class A,SPAN5,L48(I)CAN(I)
WA,Spartina densiflora,Spartina densiflora,Class A,SPDE2,L48(I)CAN(I)
WA,Spartina patens,Spartina patens,Class A,SPPA,L48(N)PR(N)VI(N)CAN(N)
WA,Spartium junceum,Spartium junceum,Class A,SPJU2,L48(I)HI(I)
WA,Sphaerophysa salsula,Sphaerophysa salsula,Class C,SPSA3,L48(I)CAN(I)
WA,Taeniatherum caput-medusae,Taeniatherum caput-medusae,Class C,TACA8,L48(I)
WA,Tamarix ramosissima,Tamarix ramosissima,Class B,TARA,L48(I)
WA,Tanacetum vulgare,Tanacetum vulgare,Class C,TAVU,L48(I)AK(I)HI(I)CAN(I)SPM(I)
WA,Thymelaea passerina,Thymelaea passerina,Class B,THPA7,L48(I)CAN(N)
WA,Tribulus terrestris,Tribulus terrestris,Class B,TRTE,L48(I)HI(I)CAN(W)
WA,Tussilago farfara,Tussilago farfara,Class B,TUFA,L48(I)CAN(I)SPM(I)
WA,Typha angustifolia,Typha angustifolia,Class C,TYAN,"L48(I,N)CAN(N)"
WA,T. domingensis,Typha domingensis,Class C,TYDO,L48(N)HI(I)PR(N)VI(N)
WA,T. minima,Typha minima,Class C,,
WA,T. x glauca,Typha x glauca,Class C,TYGL,L48(N)CAN(N)
WA,Ulex europaeus,Ulex europaeus,Class B,ULEU,L48(I)HI(I)CAN(I)
WA,Ventenata dubia,Ventenata dubia,Class C,VEDU,L48(I)CAN(I)
WA,Xanthium spinosum,Xanthium spinosum,Class C,XASP2,L48(I)CAN(I)
WA,Zostera japonica,Zostera japonica,Class C,NAJA5,
WA,Zygophyllum fabago,Zygophyllum fabago,Class A,ZYFA,L48(I)
WI,Abutilon theophrasti,Abutilon theophrasti,Restricted Noxious Weed Seed,ABTH,L48(I)CAN(I)
WI,Acer tataricum subsp. ginnala,Acer tataricum,Restricted,ACTA80,L48(I)
WI,Achyranthes japonica,Achyranthes japonica,Prohibited,ACJA,L48(I)
WI,Aegopodium podagraria,Aegopodium podagraria,Restricted,AEPO,L48(I)CAN(I)SPM(I)
WI,Agropyron repens,Agropyron repens,Restricted Noxious Weed Seed,ELRE4,
WI,Ailanthus altissima,Ailanthus altissima,Restricted,AIAL,L48(I)HI(I)CAN(I)
WI,Akebia quinata,Akebia quinata,Prohibited,AKQU,L48(I)
WI,Alliaria petiolata,Alliaria petiolata,Restricted,ALPE4,L48(I)AK(I)CAN(I)
WI,Alnus glutinosa,Alnus glutinosa,Restricted,ALGL2,L48(I)CAN(I)
WI,Amaranthus palmeri,Amaranthus palmeri,Prohibited Noxious Weed Seed,AMPA,L48(N)CAN(I)
WI,Amaranthus tuberculatus,Amaranthus tuberculatus,Prohibited Noxious Weed Seed,AMTU,L48(N)CAN(N)
WI,Ambrosia trifida,Ambrosia trifida,Restricted Noxious Weed Seed,AMTR,L48(N)CAN(N)
WI,Ampelopsis brevipedunculata,Ampelopsis brevipedunculata,Prohibited,AMBR7,L48(I)
WI,Anthriscus sylvestris,Anthriscus sylvestris,Split-Listed,ANSY,L48(I)CAN(I)GL(I)
WI,Artemisia absinthium,Artemisia absinthium,Restricted,ARAB3,L48(I)CAN(I)
WI,Arundo donax,Arundo donax,Prohibited,ARDO4,L48(I)HI(I)PR(I)VI(I)
WI,Avena fatua,Avena fatua,Restricted Noxious Weed Seed,AVFA,L48(I)AK(I)HI(I)CAN(I)
WI,Azolla pinnata,Azolla pinnata,Prohibited,AZPI,L48(I)
WI,Berberis thunbergii,Berberis thunbergii,Restricted,BETH,L48(I)CAN(I)
WI,Berberis vulgaris,Berberis vulgaris,Prohibited,BEVU,L48(I)CAN(I)
WI,Berteroa incana,Berteroa incana,Restricted Noxious Weed Seed,BEIN2,L48(I)AK(I)CAN(I)
WI,Bunias orientalis,Bunias orientalis,Split-Listed,BUOR,L48(I)CAN(I)
WI,Butomus umbellatus,Butomus umbellatus,Restricted,BUUM,L48(I)CAN(I)
WI,Cabomba caroliniana,Cabomba caroliniana,Prohibited,CACA,L48(N)CAN(N)
WI,Campanula rapunculoides,Campanula rapunculoides,Restricted,CARA,L48(I)AK(I)CAN(I)
WI,Caragana arborescens,Caragana arborescens,Restricted,CAAR18,L48(I)AK(I)CAN(I)
WI,Cardamine impatiens,Cardamine impatiens,Prohibited,CAIM,L48(I)CAN(I)
WI,Carduus acanthoides,Carduus acanthoides,Restricted,CAAC,L48(I)CAN(I)
WI,Carduus nutans,Carduus nutans,Restricted,CANU4,L48(I)CAN(I)
WI,Celastrus loeseneri,Celastrus loeseneri,Prohibited,,
WI,Celastrus orbiculatus,Celastrus orbiculatus,Restricted,CEOR7,L48(I)CAN(I)
WI,Centaurea biebersteinii,Centaurea biebersteinii,Restricted,CESTM,
WI,Centaurea maculosa,Centaurea maculosa,Restricted,CESTM,
WI,Centaurea stoebe,Centaurea stoebe,Restricted,CEST8,L48(I)HI(I)CAN(I)
WI,Centaurea diffusa,Centaurea diffusa,Prohibited,CEDI3,L48(I)CAN(I)
WI,Centaurea jacea,Centaurea jacea,Restricted,CEJA,L48(I)CAN(I)GL(I)
WI,Centaurea maculosa,Centaurea maculosa,Prohibited Noxious Weed Seed,CESTM,
WI,Centaurea nigra,Centaurea nigra,Restricted,CENI2,L48(I)CAN(I)SPM(I)
WI,Centaurea nigrescens,Centaurea nigrescens,Restricted,CENI3,L48(I)CAN(I)
WI,Centaurea picris,Centaurea picris,Prohibited Noxious Weed Seed,ACRE3,
WI,Centaurea repens,Centaurea repens,Prohibited,ACRE3,
WI,Centaurea solstitialis,Centaurea solstitialis,Prohibited,CESO3,L48(I)CAN(I)
WI,Chelidonium majus,Chelidonium majus,Restricted,CHMA2,L48(I)CAN(I)
WI,Cirsium arvense,Cirsium arvense,Restricted,CIAR4,L48(I)AK(I)CAN(I)GL(I)SPM(I)
WI,Cirsium arvense,Cirsium arvense,Prohibited Noxious Weed Seed,CIAR4,L48(I)AK(I)CAN(I)GL(I)SPM(I)
WI,Cirsium palustre,Cirsium palustre,Split-Listed,CIPA6,L48(I)CAN(W)SPM(W)
WI,Conium maculatum,Conium maculatum,Split-Listed,COMA2,L48(I)CAN(I)
WI,Convolvulus arvensis,Convolvulus arvensis,Prohibited Noxious Weed Seed,COAR4,L48(I)HI(I)CAN(I)
WI,Coronilla varia,Coronilla varia,Restricted,SEVA4,
WI,Coronilla varia,Coronilla varia,Restricted,SEVA4,
WI,Coronilla varia,Coronilla varia,Restricted,SEVA4,
WI,Coronilla varia,Coronilla varia,Restricted,SEVA4,
WI,Crassula helmsii,Crassula helmsii,Prohibited,CRHE5,
WI,Cuscuta spp.,Cuscuta spp.,Restricted Noxious Weed Seed,NA,
WI,Cynoglossum officinale,Cynoglossum officinale,Restricted,CYOF,L48(I)CAN(I)
WI,Cytisus scoparius,Cytisus scoparius,Prohibited,CYSC4,L48(I)AK(I)HI(I)CAN(I)
WI,Digitalis lanata,Digitalis lanata,Prohibited,DILA3,L48(I)CAN(I)
WI,Dioscorea batatas,Dioscorea batatas,Prohibited,DIOP,
WI,Dioscorea polystacha,Dioscorea macrostachya,Prohibited,DIMA15,
WI,Dioscorea oppositifolia,Dioscorea oppositifolia,Prohibited,DIOP,L48(I)
WI,Dipsacus laciniatus,Dipsacus laciniatus,Restricted,DILA4,L48(I)CAN(I)
WI,Dipsacus sylvestris,Dipsacus sylvestris,Restricted,DIFU2,
WI,Dipsacus fullonum,Dipsacus fullonum,Restricted,DIFU2,L48(I)CAN(I)
WI,Egeria densa,Egeria densa,Prohibited,EGDE,L48(I)HI(I)PR(I)CAN(W)
WI,Eichhornia azurea,Eichhornia azurea,Prohibited,EIAZ2,L48(I)PR(I)
WI,Eichhornia crassipes,Eichhornia crassipes,Prohibited,EICR,L48(I)HI(I)PR(I)VI(I)CAN(W)
WI,Elaeagnus angustifolia,Elaeagnus angustifolia,Restricted,ELAN,L48(I)CAN(I)
WI,Elaeagnus umbellata,Elaeagnus umbellata,Restricted,ELUM,L48(I)HI(I)CAN(I)
WI,Epilobium hirsutum,Epilobium hirsutum,Split-Listed,EPHI,L48(I)CAN(I)
WI,Epipactis helleborine,Epipactis helleborine,Restricted,EPHE,L48(I)CAN(I)
WI,Eriochloa villosa,Eriochloa villosa,Prohibited Noxious Weed Seed,ERVI3,L48(I)
WI,Euonymus alatus,Euonymus alatus,Restricted,EUAL13,L48(I)CAN(I)
WI,Euphorbia cyparissias,Euphorbia cyparissias,Restricted,EUCY2,L48(I)CAN(I)
WI,Euphorbia esula,Euphorbia esula,Restricted,EUES,L48(I)CAN(I)
WI,Euphorbia esula,Euphorbia esula,Prohibited Noxious Weed Seed,EUES,L48(I)CAN(I)
WI,Fallopia japonica,Fallopia japonica,Restricted,POCU6,
WI,Polygonum cuspidatum,Polygonum cuspidatum,Restricted,POCU6,L48(I)AK(I)CAN(I)SPM(I)
WI,Fallopia sachalinensis,Fallopia sachalinensis,Prohibited,POSA4,
WI,Polygonum sachalinense,Polygonum sachalinense,Prohibited,POSA4,L48(I)AK(I)CAN(I)
WI,Fallopia x bohemicum,Fallopia x bohemica,Prohibited,POBO10,
WI,F. x bohemica,Fallopia x bohemica,Prohibited,POBO10,
WI,Polygonum x bohemicum,Polygonum x bohemicum,Prohibited,POBO10,CAN(I)NA(I)
WI,Filipendula ulmaria,Filipendula ulmaria,Restricted,FIUL,L48(I)CAN(I)SPM(I)
WI,Galeopsis tetrahit,Galeopsis tetrahit,Restricted,GATE2,L48(I)AK(I)CAN(I)SPM(I)
WI,Galium mollugo,Galium mollugo,Restricted,GAMO,L48(I)CAN(I)GL(I)SPM(I)
WI,Glossostigma cleistanthum,Glossostigma cleistanthum,Prohibited,GLCL3,L48(I)
WI,Glyceria maxima,Glyceria maxima,Split-Listed,GLMA3,L48(I)CAN(I)
WI,Heracleum mantegazzianum,Heracleum mantegazzianum,Prohibited,HEMA17,L48(I)CAN(I)
WI,Hesperis matronalis,Hesperis matronalis,Restricted,HEMA3,L48(I)AK(I)CAN(I)
WI,Humulus japonicus,Humulus japonicus,Split-Listed,HUJA,L48(I)CAN(I)
WI,Hydrilla verticillata,Hydrilla verticillata,Prohibited,HYVE3,L48(I)
WI,Hydrocharis morsus‚àíranae,Hydrocharis morsus-ranae,Prohibited,HYMO6,L48(I)CAN(I)
WI,Hydrocotyle ranunculoides,Hydrocotyle ranunculoides,Prohibited,HYRA,L48(N)
WI,Hygrophila polysperma,Hygrophila polysperma,Prohibited,HYPO3,L48(I)
WI,Impatiens balfourii,Impatiens balfourii,Restricted,IMBA2,L48(I)
WI,Impatiens glandulifera,Impatiens glandulifera,Prohibited,IMGL,L48(I)CAN(I)
WI,Ipomoea aquatica,Ipomoea aquatica,Prohibited,IPAQ,L48(I)HI(I)PR(I)
WI,Iris pseudacorus,Iris pseudacorus,Restricted,IRPS,L48(I)CAN(I)
WI,Knautia arvensis,Knautia arvensis,Restricted,KNAR,L48(I)CAN(I)
WI,Lagarosiphon major,Lagarosiphon major,Prohibited,LAMA15,
WI,Lepidium latifolium,Lepidium latifolium,Prohibited,LELA2,L48(I)CAN(I)
WI,Lespedeza cuneata,Lespedeza cuneata,Prohibited,LECU,L48(I)HI(I)CAN(I)
WI,Lespedeza sericea,Lespedeza sericea,Prohibited,LECU,
WI,Leymus arenarius,Leymus arenarius,Split-Listed,LEAR11,L48(I)CAN(I)GL(I)
WI,Elymus arenarius,Elymus arenarius,Split-Listed,LEAR11,
WI,Limnophila sessiliflora,Limnophila sessiliflora,Prohibited,LISE3,L48(I)
WI,Linaria dalmatica,Linaria dalmatica,Split-Listed,LIDA,L48(I)CAN(I)
WI,Lonicera japonica,Lonicera japonica,Prohibited,LOJA,L48(I)HI(I)PR(I)CAN(I)
WI,Lonicera maackii,Lonicera maackii,Split-Listed,LOMA6,L48(I)CAN(I)
WI,Lonicera morrowii,Lonicera morrowii,Restricted,LOMO2,L48(I)CAN(I)
WI,Lonicera tatarica,Lonicera tatarica,Restricted,LOTA,L48(I)AK(I)CAN(I)
WI,Lonicera x bella,Lonicera x bella,Restricted,LOBE,L48(I)CAN(I)
WI,Lysimachia nummularia ornummelaria,Lysimachia nummularia ornummelaria,Restricted,,
WI,Lysimachia vulgaris,Lysimachia vulgaris,Restricted,LYVU,L48(I)CAN(I)
WI,Lythrum salicaria,Lythrum salicaria,Restricted,LYSA2,L48(I)CAN(I)SPM(I)
WI,Lythrum virgatum,Lythrum virgatum,Prohibited,LYVI3,L48(I)
WI,Microstegium vimineum,Microstegium vimineum,Prohibited,MIVI,L48(I)PR(I)
WI,Morus alba,Morus alba,Restricted,MOAL,L48(I)HI(I)CAN(I)
WI,Myosotis scorpioides,Myosotis scorpioides,Restricted,MYSC,L48(I)AK(I)CAN(I)SPM(I)
WI,Myosotis sylvatica,Myosotis sylvatica,Restricted,MYSY,L48(I)CAN(I)
WI,M. sylvaticum,Myosotis sylvatica,Restricted,MYSY,L48(I)CAN(I)
WI,Myriophyllum aquaticum,Myriophyllum aquaticum,Prohibited,MYAQ2,L48(I)HI(I)CAN(I)
WI,Myriophyllum spicatum,Myriophyllum spicatum,Restricted,MYSP2,L48(I)AK(I)CAN(I)
WI,Najas marina,Najas marina,Restricted,NAMA,L48(N)HI(I)PR(N)CAN(N)
WI,Najas minor,Najas minor,Prohibited,NAMI,L48(I)CAN(I)
WI,Nelumbo nucifera,Nelumbo nucifera,Prohibited,NENU2,L48(I)
WI,Nymphoides peltata,Nymphoides peltata,Prohibited,NYPE,L48(I)CAN(I)
WI,Oenanthe javanica,Oenanthe javanica,Prohibited,OEJA2,L48(I)
WI,Oplismenus hirtellus ssp. undulatifolius,Oplismenus hirtellus,Prohibited,OPHI,"L48(I,N)HI(I)PR(N)VI(N)"
WI,Ottelia alismoides,Ottelia alismoides,Prohibited,OTAL,L48(I)
WI,Panicum miliaceum,Panicum miliaceum,Prohibited Noxious Weed Seed,PAMI2,L48(I)HI(I)PR(I)VI(I)CAN(I)
WI,Pastinaca sativa,Pastinaca sativa,Restricted,PASA2,L48(I)AK(I)CAN(W)SPM(W)
WI,Paulownia tomentosa,Paulownia tomentosa,Prohibited,PATO2,L48(I)
WI,Petasites hybridus,Petasites hybridus,Prohibited,PEHY,L48(I)
WI,Phalaris arundinacea var. picta,Phalaris arundinacea var. picta,Restricted,PHAR3,
WI,Phellodendron amurense,Phellodendron amurense,Prohibited,PHAM2,L48(I)CAN(I)
WI,Phragmites australis,Phragmites australis,Split-Listed,PHAU7,"L48(I,N)HI(I)CAN(N)"
WI,Pimpinella saxifraga,Pimpinella saxifraga,Restricted,PISA,L48(I)CAN(I)
WI,Pistia stratiotes,Pistia stratiotes,Prohibited,PIST2,L48(N)HI(I)PR(N)VI(N)
WI,Plantago lanceolata,Plantago lanceolata,Restricted Noxious Weed Seed,PLLA,L48(I)AK(I)HI(I)PR(I)CAN(I)GL(I)SPM(I)
WI,Polygonum perfoliatum,Polygonum perfoliatum,Prohibited Noxious Weed Seed,POPE10,L48(I)
WI,Polygonum perfoliatum,Polygonum perfoliatum,Prohibited,POPE10,L48(I)
WI,Persicaria perfoliata,Persicaria perfoliata,Prohibited,POPE10,
WI,Populus alba,Populus alba,Restricted,POAL7,L48(I)CAN(I)
WI,Potamogeton crispus,Potamogeton crispus,Restricted,POCR3,L48(I)CAN(I)
WI,Pueraria montana,Pueraria montana,Prohibited,PUMO,L48(I)HI(I)
WI,P. lobata,Pueraria lobata,Prohibited,PUMOL,
WI,Pueraria montana var. lobate,Pueraria montana var. lobata,Prohibited Noxious Weed Seed,PUMOL,L48(I)HI(I)
WI,Quercus acutissima,Quercus acutissima,Prohibited,QUAC80,L48(I)
WI,Ranunculus ficaria,Ranunculus ficaria,Prohibited,RAFI,L48(I)CAN(I)
WI,Raphanus raphanistrum,Raphanus raphanistrum,Restricted Noxious Weed Seed,RARA2,L48(I)HI(I)CAN(I)GL(I)SPM(I)
WI,Rhamnus cathartica,Rhamnus cathartica,Restricted,RHCA3,L48(I)CAN(I)
WI,Rhamnus frangula,Rhamnus frangula,Restricted,FRAL4,
WI,Frangula alnus,Frangula alnus,Restricted,FRAL4,L48(I)CAN(I)
WI,Robinia hispida,Robinia hispida,Restricted,ROHI,L48(N)CAN(I)
WI,Robinia pseudoacacia,Robinia pseudoacacia,Restricted,ROPS,L48(N)CAN(I)
WI,Rosa multiflora,Rosa multiflora,Restricted,ROMU,L48(I)CAN(I)
WI,Rubus armeniacus,Rubus armeniacus,Prohibited,RUAR9,L48(I)HI(I)CAN(I)
WI,Rubus phoenicolasius,Rubus phoenicolasius,Prohibited,RUPH,L48(I)
WI,Sagittaria sagittifolia,Sagittaria sagittifolia,Prohibited,SASA7,
WI,Salvinia herzogii,Salvinia herzogii,Prohibited,SAHE7,
WI,Salvinia molesta,Salvinia molesta,Prohibited,SAMO5,L48(I)HI(I)
WI,Silene alba,Silene alba,Restricted Noxious Weed Seed,SILAA3,
WI,Sinapis arvensis,Sinapis arvensis,Restricted Noxious Weed Seed,SIAR4,L48(I)AK(I)HI(I)VI(I)CAN(I)GL(I)SPM(I)
WI,Solidago sempervirens,Solidago sempervirens,Split-Listed,SOSE,L48(N)PR(I)CAN(N)
WI,Sonchus arvensis,Sonchus arvensis,Restricted Noxious Weed Seed,SOAR2,L48(I)AK(I)CAN(I)SPM(I)
WI,Sorghum halepense,Sorghum halepense,Prohibited,SOHA,L48(I)HI(I)PR(I)CAN(I)
WI,Stratiotes aloides,Stratiotes aloides,Prohibited,STAL6,
WI,Taeniatherum caput-medusae,Taeniatherum caput-medusae,Prohibited,TACA8,L48(I)
WI,Tanacetum vulgare,Tanacetum vulgare,Restricted,TAVU,L48(I)AK(I)HI(I)CAN(I)SPM(I)
WI,Torilis arvensis,Torilis arvensis,Prohibited,TOAR,L48(I)CAN(N)
WI,Torilis japonica,Torilis japonica,Split-Listed,TOJA,L48(I)CAN(I)
WI,Trapa natans,Trapa natans,Prohibited,TRNA,L48(I)CAN(I)
WI,Tussilago farfara,Tussilago farfara,Prohibited,TUFA,L48(I)CAN(I)SPM(I)
WI,Typha angustifolia,Typha angustifolia,Restricted,TYAN,"L48(I,N)CAN(N)"
WI,Typha domingensis,Typha domingensis,Prohibited,TYDO,L48(N)HI(I)PR(N)VI(N)
WI,Typha laxmannii,Typha laxmannii,Prohibited,,
WI,Typha x glauca,Typha x glauca,Restricted,TYGL,L48(N)CAN(N)
WI,Ulmus pumila,Ulmus pumila,Restricted,ULPU,L48(I)CAN(I)
WI,Valeriana officinalis,Valeriana officinalis,Restricted,VAOF,L48(I)CAN(I)
WI,Vincetoxicum nigrum,Vincetoxicum nigrum,Split-Listed,CYLO11,
WI,Cynanchum louiseae,Cynanchum louiseae,Split-Listed,CYLO11,L48(I)CAN(I)
WI,Vincetoxicum rossicum,Vincetoxicum rossicum,Prohibited,CYRO8,
WI,Cynanchum rossicum,Cynanchum rossicum,Prohibited,CYRO8,L48(I)CAN(I)
WI,Wisteria floribunda,Wisteria floribunda,Prohibited,WIFL,L48(I)
WI,Wisteria sinensis,Wisteria sinensis,Prohibited,WISI,L48(I)HI(I)
WV,Ailanthus altissima,Ailanthus altissima,Noxious Weed,AIAL,L48(I)HI(I)CAN(I)
WV,Berberis thunbergii,Berberis thunbergii,Noxious Weed,BETH,L48(I)CAN(I)
WV,Cannibus sativa,Cannabis sativa,Noxious Weed,CASA3,L48(I)HI(I)PR(I)CAN(I)
WV,Carduus acanthoides,Carduus acanthoides,Noxious Weed,CAAC,L48(I)CAN(I)
WV,Carduus crispus,Carduus crispus,Noxious Weed,CACR2,L48(I)CAN(I)
WV,Carduus nutans,Carduus nutans,Noxious Weed,CANU4,L48(I)CAN(I)
WV,Conium maculatum,Conium maculatum,Noxious Weed,COMA2,L48(I)CAN(I)
WV,Elaeagnus umbellate,Elaeagnus umbellata,Noxious Weed,ELUM,L48(I)HI(I)CAN(I)
WV,Lonicera morrow,Lonicera morrowii,Noxious Weed,LOMO2,L48(I)CAN(I)
WV,Lonicera tartarica,Lonicera tatarica,Noxious Weed,LOTA,L48(I)AK(I)CAN(I)
WV,Lythrum salicaaria,Lythrum salicaria,Noxious Weed,LYSA2,L48(I)CAN(I)SPM(I)
WV,Microstegium vimineum,Microstegium vimineum,Noxious Weed,MIVI,L48(I)PR(I)
WV,Papaver somniferum,Papaver somniferum,Noxious Weed,PASO2,L48(I)CAN(W)GL(W)
WV,Peuraria thunbergiana,Pueraria thunbergiana,Noxious Weed,PUMOL,
WV,Polygonum cuspidatum,Polygonum cuspidatum,Noxious Weed,POCU6,L48(I)AK(I)CAN(I)SPM(I)
WV,Polygonum perfoliatum,Polygonum perfoliatum,Noxious Weed,POPE10,L48(I)
WV,Rosa multiflora,Rosa multiflora,Noxious Weed,ROMU,L48(I)CAN(I)
WV,Sorghum halepense,Sorghum halepense,Noxious Weed,SOHA,L48(I)HI(I)PR(I)CAN(I)
WY,Aegilops cylindrical,Aegilops cylindrica,Prohibited Noxious Weed,AECY,L48(I)
WY,Alhagi maurorum,Alhagi maurorum,Prohibited Noxious Weed,ALMA12,L48(I)
WY,Amaranthus palmeri,Amaranthus palmeri,Prohibited Noxious Weed,AMPA,CAN(I)L48(N)
WY,Ambrosia psilostachya DC.,Ambrosia psilostachya,Restricted Noxious Weed,AMPS,L48(N)CAN(N)
WY,Ambrosia tomentosa,Ambrosia tomentosa,Prohibited Noxious Weed,AMTO3,L48(N)
WY,Arctium minus (Hill) Bernh.,Arctium minus,Prohibited Noxious Weed,ARMI2,L48(I)CAN(I)SPM(I)
WY,Avena fatua,Avena fatua,Restricted Noxious Weed,AVFA,L48(I)AK(I)HI(I)CAN(I)
WY,Bromus diandrus Roth var. rigidus (Roth) Sales,Bromus diandrus var. rigidus,Regulated Weed,BRDIR,CAN(I)HI(I)L48(I)
WY,Bromus japonicus,Bromus japonicus,Regulated Weed,BRAR5,CAN(I)L48(I)
WY,Bromus secalinus,Bromus secalinus,Regulated Weed,BRSE,L48(I)AK(I)HI(I)CAN(I)
WY,Bromus tectorum,Bromus tectorum,Regulated Weed,BRTE,L48(I)AK(I)HI(I)CAN(I)GL(I)
WY,Carduus acanthoides,Carduus acanthoides,Prohibited Noxious Weed,CAAC,L48(I)CAN(I)
WY,Carduus nutans,Carduus nutans,Prohibited Noxious Weed,CANU4,L48(I)CAN(I)
WY,Cenchrus incertus M. A. Curtis,Cenchrus incertus,Prohibited Noxious Weed,CESP4,L48(N)PR(N)VI(N)
WY,Cenchrus longispinus (Hack.) Fernald,Cenchrus longispinus,Prohibited Noxious Weed,CELO3,L48(N)CAN(N)
WY,Centaurea calcitrapa,Centaurea calcitrapa,Prohibited Noxious Weed,CECA2,L48(I)CAN(I)
WY,Centaurea diffusa,Centaurea diffusa,Prohibited Noxious Weed,CEDI3,L48(I)CAN(I)
WY,Centaurea nigra,Centaurea nigra,Prohibited Noxious Weed,CENI2,L48(I)CAN(I)SPM(I)
WY,Centaurea solstitialis,Centaurea solstitialis,Prohibited Noxious Weed,CESO3,L48(I)CAN(I)
WY,Centaurea squarrosa,Centaurea squarrosa,Prohibited Noxious Weed,CEVIS2,L48(I)
WY,Centaurea stoebe subsp. micranthos (Gugler) Hayek,Centaurea stoebe,Prohibited Noxious Weed,CEST8,L48(I)HI(I)CAN(I)
WY,Centaurea x moncktonii C. E. Britton,Centaurea x moncktonii,Prohibited Noxious Weed,CEMO6,L48(I)CAN(I)
WY,Chondrilla juncea,Chondrilla juncea,Prohibited Noxious Weed,CHJU,L48(I)CAN(I)
WY,Cirsium arvense (L.) Scop.,Cirsium arvense,Prohibited Noxious Weed,CIAR4,L48(I)AK(I)CAN(I)GL(I)SPM(I)
WY,Conium maculatum,Conium maculatum,Prohibited Noxious Weed,COMA2,L48(I)CAN(I)
WY,Convolvulus arvensis,Convolvulus arvensis,Prohibited Noxious Weed,COAR4,L48(I)HI(I)CAN(I)
WY,Crupina vulgaris,Crupina vulgaris,Prohibited Noxious Weed,CRVU2,L48(I)
WY,Cuscuta spp.,Cuscuta spp.,Prohibited Noxious Weed,NA,
WY,Cynoglossum officinale,Cynoglossum officinale,Prohibited Noxious Weed,CYOF,L48(I)CAN(I)
WY,Echium plantagineum,Echium plantagineum,Prohibited Noxious Weed,ECPL,L48(I)CAN(I)
WY,Echium vulgare,Echium vulgare,Prohibited Noxious Weed,ECVU,L48(I)AK(I)CAN(W)SPM(I)
WY,Elaeagnus angustifolia,Elaeagnus angustifolia,Prohibited Noxious Weed,ELAN,L48(I)CAN(I)
WY,Elymus repens,Elymus repens,Prohibited Noxious Weed,ELRE4,L48(I)AK(I)CAN(I)GL(I)SPM(I)
WY,Euphorbia esula,Euphorbia esula,Prohibited Noxious Weed,EUES,L48(I)CAN(I)
WY,Fallopia japonica (Houtt.) Ronse Decr.,Fallopia japonica,Restricted Noxious Weed,POCU6,AK(I)CAN(I)L48(I)SPM(I)
WY,Glycyrrhiza lepidota,Glycyrrhiza lepidota,Restricted Noxious Weed,GLLE3,L48(N)CAN(N)
WY,Halogeton glomeratus (M. Bieb.),Halogeton glomeratus,Prohibited Noxious Weed,HAGL,L48(I)
WY,Hibiscus trionum,Hibiscus trionum,Restricted Noxious Weed,HITR,L48(I)CAN(I)
WY,Hieracium aurantiacum,Hieracium aurantiacum,Prohibited Noxious Weed,HIAU,L48(I)AK(I)CAN(I)SPM(I)
WY,Hyoscyamus niger,Hyoscyamus niger,Prohibited Noxious Weed,HYNI,L48(I)CAN(I)
WY,Hypericum perforatum,Hypericum perforatum,Prohibited Noxious Weed,HYPE,L48(I)HI(I)CAN(I)SPM(I)
WY,Isatis tinctoria,Isatis tinctoria,Prohibited Noxious Weed,ISTI,L48(I)CAN(W)
WY,Iva axillaris,Iva axillaris,Restricted Noxious Weed,IVAX,L48(N)CAN(N)
WY,Lactuca tatarica subsp. pulchella (Pursh) Stebbins,Lactuca tatarica,Restricted Noxious Weed,LATA,L48(N)AK(N)CAN(N)
WY,Lepidium draba,Lepidium draba,Prohibited Noxious Weed,CADR,CAN(I)L48(I)
WY,Lepidium latifolium,Lepidium latifolium,Prohibited Noxious Weed,LELA2,L48(I)CAN(I)
WY,Leucanthemum vulgare,Leucanthemum vulgare,Prohibited Noxious Weed,LEVU,L48(I)AK(I)HI(I)CAN(I)SPM(I)
WY,Linaria dalmatica (L.),Linaria dalmatica,Prohibited Noxious Weed,LIDA,L48(I)CAN(I)
WY,Linaria vulgaris,Linaria vulgaris,Prohibited Noxious Weed,LIVU2,L48(I)AK(I)CAN(I)GL(I)SPM(I)
WY,Lythrum salciaria,Lythrum salicaria,Prohibited Noxious Weed,LYSA2,L48(I)CAN(I)SPM(I)
WY,Nassella trichotoma (Nees) Hack. ex Arechav.,Nassella trichotoma,Prohibited Noxious Weed,NATR3,L48(I)
WY,Onopordum acanthium,Onopordum acanthium,Prohibited Noxious Weed,ONAC,L48(I)CAN(W)
WY,Panicum milliaceumsubsp. ruderale (Kitag.) Tzvelev,Panicum miliaceum ssp. ruderale,Prohibited Noxious Weed,PAMIR,L48(I)
WY,Plantago lanceolata,Plantago lanceolata,Restricted Noxious Weed,PLLA,L48(I)AK(I)HI(I)PR(I)CAN(I)GL(I)SPM(I)
WY,Potentilla recta,Potentilla recta,Restricted Noxious Weed,PORE5,L48(I)CAN(I)
WY,Rhaponticum repens,Panicum repens,Prohibited Noxious Weed,PARE3,L48(I)HI(I)
WY,Rumex crispus,Rumex crispus,Restricted Noxious Weed,RUCR,L48(I)AK(I)HI(I)PR(I)CAN(I)SPM(I)
WY,Secale cereale subsp. cereale,Secale cereale,Regulated Weed,SECE,L48(I)AK(I)CAN(W)GL(W)
WY,Silene vulgaris (Moench) Garcke subsp. vulgaris,Silene vulgaris,Prohibited Noxious Weed,SIVU,L48(I)AK(I)CAN(I)GL(I)
WY,Sinapis arvensissubsp. arvensis,Sinapis arvensis ssp. arvensis,Restricted Noxious Weed,SIARA,L48(I)AK(I)HI(I)VI(I)CAN(I)GL(I)SPM(I)
WY,Sonchus arvensis,Sonchus arvensis,Prohibited Noxious Weed,SOAR2,L48(I)AK(I)CAN(I)SPM(I)
WY,Sphaerophysa salsula (Pall.) DC.,Sphaerophysa salsula,Prohibited Noxious Weed,SPSA3,L48(I)CAN(I)
WY,Taeniatherum caput-medusae (L.) Nevski subsp. caput-medusae,Taeniatherum caput-medusae,Prohibited Noxious Weed,TACA8,L48(I)
WY,Tamarix spp.,Tamarix spp.,Prohibited Noxious Weed,NA,
WY,Tanacetum vulgare,Tanacetum vulgare,Prohibited Noxious Weed,TAVU,L48(I)AK(I)HI(I)CAN(I)SPM(I)
WY,Tribulus terrestris,Tribulus terrestris,Prohibited Noxious Weed,TRTE,L48(I)HI(I)CAN(W)
WY,Ventenata dubia,Ventenata dubia,Regulated Weed,VEDU,L48(I)CAN(I)
